SKU,missing_rate,negative_count,zero_rate,unknown_inn
111615,0.0,0,0.75,True
102118,0.0,0,0.21666666666666667,False
419910,0.0,0,0.21666666666666667,False
295288,0.0,0,0.08333333333333333,False
447002,0.0,0,0.03333333333333333,False
426961,0.0,0,0.03333333333333333,False
136632,0.0,0,0.23333333333333334,False
83277,0.0,0,0.9666666666666667,False
156475,0.0,0,0.6166666666666667,False
355119,0.0,0,0.4666666666666667,False
188093,0.0,0,0.8,False
412521,0.0,0,0.05,False
183766,0.0,0,0.9833333333333333,False
95414,0.0,0,0.9333333333333333,False
189171,0.0,0,0.75,False
92494,0.0,0,0.2833333333333333,False
170781,0.0,0,0.0,False
265228,0.0,0,0.0,False
316951,0.0,0,0.11666666666666667,False
88289,0.0,0,0.85,False
295287,0.0,0,0.08333333333333333,False
174362,0.0,0,0.05,False
412555,0.0,0,0.0,False
159567,0.0,0,0.8166666666666667,False
75118,0.0,0,0.6833333333333333,False
231103,0.0,0,0.5166666666666667,False
149425,0.0,0,0.8166666666666667,False
137257,0.0,0,0.95,False
384032,0.0,0,0.9333333333333333,False
435144,0.0,0,0.8166666666666667,False
123875,0.0,0,0.6666666666666666,False
138747,0.0,0,0.9833333333333333,False
140727,0.0,0,0.0,False
66678,0.0,0,0.11666666666666667,False
188001,0.0,0,0.48333333333333334,False
185929,0.0,0,0.95,False
10705,0.0,0,0.016666666666666666,True
108746,0.0,0,0.9833333333333333,False
149426,0.0,0,0.8666666666666667,False
378920,0.0,0,0.6166666666666667,True
184858,0.0,0,0.45,False
184856,0.0,0,0.31666666666666665,False
161396,0.0,0,0.95,False
330895,0.0,0,0.016666666666666666,False
406440,0.0,0,0.7333333333333333,True
139412,0.0,0,0.016666666666666666,False
147057,0.0,0,0.08333333333333333,True
132997,0.0,0,0.85,False
386946,0.0,0,0.48333333333333334,False
105312,0.0,0,0.7333333333333333,False
554599,0.0,0,0.8166666666666667,True
554602,0.0,0,0.5,True
81722,0.0,0,0.18333333333333332,False
184855,0.0,0,0.3,False
177911,0.0,0,0.8333333333333334,False
30646,0.0,0,0.08333333333333333,False
326369,0.0,0,0.016666666666666666,False
47077,0.0,0,0.9833333333333333,False
39250,0.0,0,0.43333333333333335,False
105640,0.0,0,0.2833333333333333,False
134339,0.0,0,0.1,False
86272,0.0,0,0.9333333333333333,False
189169,0.0,0,0.3333333333333333,False
173999,0.0,0,0.016666666666666666,False
37688,0.0,0,0.08333333333333333,False
37686,0.0,0,0.5833333333333334,False
5438,0.0,0,0.6166666666666667,True
121394,0.0,0,0.15,False
74519,0.0,0,0.3,False
9176,0.0,0,0.7333333333333333,False
91723,0.0,0,0.16666666666666666,False
324139,0.0,0,0.1,False
502464,0.0,0,0.7,False
118088,0.0,0,0.6833333333333333,False
188966,0.0,0,0.03333333333333333,False
401846,0.0,0,0.55,False
307571,0.0,0,0.8833333333333333,False
438609,0.0,0,0.15,False
138891,0.0,0,0.11666666666666667,False
443814,0.0,0,0.8333333333333334,False
42547,0.0,0,0.8,False
69314,0.0,0,0.23333333333333334,False
389852,0.0,0,0.26666666666666666,False
317427,0.0,0,0.05,False
92373,0.0,0,0.0,False
110762,0.0,0,0.03333333333333333,False
105376,0.0,0,0.9833333333333333,False
50320,0.0,0,0.7833333333333333,False
86270,0.0,0,0.8666666666666667,False
10600,0.0,0,0.9333333333333333,False
285543,0.0,0,0.9833333333333333,False
142426,0.0,0,0.9833333333333333,False
36216,0.0,0,0.9666666666666667,False
110761,0.0,0,0.016666666666666666,False
73962,0.0,0,0.45,False
99390,0.0,0,0.8333333333333334,False
281487,0.0,0,0.3333333333333333,False
437374,0.0,0,0.7333333333333333,False
360356,0.0,0,0.05,False
410903,0.0,0,0.0,False
330891,0.0,0,0.0,False
305398,0.0,0,0.7333333333333333,False
377039,0.0,0,0.5666666666666667,False
159563,0.0,0,0.55,False
153023,0.0,0,0.9166666666666666,False
363712,0.0,0,0.8333333333333334,False
362374,0.0,0,0.03333333333333333,False
124492,0.0,0,0.9,False
90073,0.0,0,0.8,False
274909,0.0,0,0.03333333333333333,False
111056,0.0,0,0.85,False
94601,0.0,0,0.21666666666666667,False
136828,0.0,0,0.5,False
502484,0.0,0,0.7666666666666667,False
161764,0.0,0,0.9333333333333333,False
343128,0.0,0,0.9666666666666667,False
438274,0.0,0,0.9666666666666667,False
238300,0.0,0,0.0,False
295129,0.0,0,0.9333333333333333,True
66103,0.0,0,0.9833333333333333,False
71100,0.0,0,0.8833333333333333,False
189199,0.0,0,0.4,True
101737,0.0,0,0.21666666666666667,False
440758,0.0,0,0.016666666666666666,False
438610,0.0,0,0.0,False
100082,0.0,0,0.8166666666666667,False
154607,0.0,0,0.6333333333333333,False
115587,0.0,0,0.9333333333333333,False
88441,0.0,0,0.016666666666666666,False
197986,0.0,0,0.9666666666666667,False
93060,0.0,0,0.6666666666666666,False
12472,0.0,0,0.9333333333333333,False
378474,0.0,0,0.4666666666666667,False
69964,0.0,0,0.95,False
299212,0.0,0,0.9333333333333333,False
317957,0.0,0,0.016666666666666666,False
198282,0.0,0,0.9166666666666666,False
98795,0.0,0,0.8333333333333334,False
85050,0.0,0,0.9833333333333333,False
324005,0.0,0,0.8333333333333334,False
4273,0.0,0,0.3333333333333333,False
161390,0.0,0,0.7833333333333333,False
140991,0.0,0,0.7166666666666667,False
99881,0.0,0,0.0,False
80144,0.0,0,0.8666666666666667,False
485156,0.0,0,0.5833333333333334,False
134961,0.0,0,0.8166666666666667,False
112249,0.0,0,0.8,False
84145,0.0,0,0.55,False
439573,0.0,0,0.016666666666666666,False
187599,0.0,0,0.016666666666666666,False
308550,0.0,0,0.8333333333333334,False
378699,0.0,0,0.36666666666666664,False
336260,0.0,0,0.2,False
68065,0.0,0,0.26666666666666666,False
83750,0.0,0,0.8333333333333334,False
336176,0.0,0,0.6333333333333333,False
325843,0.0,0,0.13333333333333333,False
19500,0.0,0,0.4166666666666667,True
100084,0.0,0,0.9833333333333333,False
390268,0.0,0,0.55,False
121179,0.0,0,0.9,False
117831,0.0,0,0.48333333333333334,False
407127,0.0,0,0.9666666666666667,False
378703,0.0,0,0.38333333333333336,False
406471,0.0,0,0.016666666666666666,False
114223,0.0,0,0.23333333333333334,False
324135,0.0,0,0.25,False
150773,0.0,0,0.3,False
85813,0.0,0,0.9833333333333333,False
181002,0.0,0,0.9833333333333333,False
337200,0.0,0,0.06666666666666667,False
408898,0.0,0,0.8166666666666667,False
178301,0.0,0,0.5166666666666667,False
88588,0.0,0,0.9333333333333333,False
86277,0.0,0,0.35,True
171324,0.0,0,0.95,False
112248,0.0,0,0.9,False
324132,0.0,0,0.6,False
7600,0.0,0,0.5666666666666667,False
190518,0.0,0,0.0,False
74544,0.0,0,0.95,False
225761,0.0,0,0.16666666666666666,True
105528,0.0,0,0.95,False
130287,0.0,0,0.8666666666666667,False
65917,0.0,0,0.26666666666666666,False
163831,0.0,0,0.4166666666666667,True
170691,0.0,0,0.9666666666666667,False
534030,0.0,0,0.0,False
96858,0.0,0,0.7833333333333333,False
534028,0.0,0,0.11666666666666667,False
64184,0.0,0,0.18333333333333332,False
502479,0.0,0,0.11666666666666667,False
137247,0.0,0,0.5166666666666667,False
127374,0.0,0,0.8166666666666667,False
164721,0.0,0,0.9,False
57176,0.0,0,0.9666666666666667,False
287775,0.0,0,0.9833333333333333,False
30557,0.0,0,0.8166666666666667,False
317956,0.0,0,0.03333333333333333,False
83748,0.0,0,0.8666666666666667,False
246656,0.0,0,0.6,False
440481,0.0,0,0.0,False
327027,0.0,0,0.8333333333333334,False
161776,0.0,0,0.8833333333333333,False
173938,0.0,0,0.18333333333333332,False
99617,0.0,0,0.08333333333333333,False
40504,0.0,0,0.8,False
299208,0.0,0,0.7666666666666667,False
111763,0.0,0,0.9833333333333333,True
40915,0.0,0,0.8,False
440761,0.0,0,0.95,False
123533,0.0,0,0.9666666666666667,False
330553,0.0,0,0.8,False
230158,0.0,0,0.95,False
389544,0.0,0,0.8833333333333333,False
105527,0.0,0,0.9666666666666667,False
530509,0.0,0,0.6333333333333333,False
110939,0.0,0,0.9166666666666666,False
190958,0.0,0,0.9666666666666667,False
250891,0.0,0,0.43333333333333335,False
309183,0.0,0,0.9833333333333333,False
110487,0.0,0,0.08333333333333333,False
134323,0.0,0,0.85,True
9977,0.0,0,0.95,False
105524,0.0,0,0.9833333333333333,False
348835,0.0,0,0.21666666666666667,False
50730,0.0,0,0.8666666666666667,False
51878,0.0,0,0.8333333333333334,False
410517,0.0,0,0.7166666666666667,False
245043,0.0,0,0.016666666666666666,False
20985,0.0,0,0.0,True
165460,0.0,0,0.9166666666666666,True
34717,0.0,0,0.9666666666666667,False
18545,0.0,0,0.5166666666666667,False
172011,0.0,0,0.43333333333333335,False
480610,0.0,0,0.8333333333333334,True
134050,0.0,0,0.9666666666666667,False
108855,0.0,0,0.9333333333333333,False
142227,0.0,0,0.6833333333333333,False
237253,0.0,0,0.8333333333333334,False
272359,0.0,0,0.7833333333333333,True
177334,0.0,0,0.0,True
68871,0.0,0,0.0,True
90662,0.0,0,0.8166666666666667,False
7677,0.0,0,0.5,False
117312,0.0,0,0.9166666666666666,False
110768,0.0,0,0.05,False
12679,0.0,0,0.8333333333333334,False
389543,0.0,0,0.95,False
79651,0.0,0,0.1,False
450322,0.0,0,0.8166666666666667,False
128339,0.0,0,0.4166666666666667,False
12937,0.0,0,0.8333333333333334,False
316906,0.0,0,0.1,False
325018,0.0,0,0.08333333333333333,False
135613,0.0,0,0.7166666666666667,False
402054,0.0,0,0.6333333333333333,True
107875,0.0,0,0.06666666666666667,False
383035,0.0,0,0.0,False
171158,0.0,0,0.18333333333333332,False
141891,0.0,0,0.6,False
414258,0.0,0,0.0,False
306345,0.0,0,0.9333333333333333,False
20563,0.0,0,0.6833333333333333,False
164836,0.0,0,0.1,False
107710,0.0,0,0.65,False
285541,0.0,0,0.9666666666666667,False
118671,0.0,0,0.45,False
336424,0.0,0,0.26666666666666666,False
389669,0.0,0,0.03333333333333333,False
443818,0.0,0,0.8833333333333333,False
190679,0.0,0,0.7166666666666667,True
337197,0.0,0,0.03333333333333333,False
174603,0.0,0,0.8333333333333334,False
77289,0.0,0,0.7166666666666667,False
352954,0.0,0,0.21666666666666667,False
67449,0.0,0,0.5833333333333334,False
434983,0.0,0,0.15,True
134074,0.0,0,0.8666666666666667,False
169118,0.0,0,0.18333333333333332,False
70200,0.0,0,0.95,False
100012,0.0,0,0.9833333333333333,False
177752,0.0,0,0.9166666666666666,False
118324,0.0,0,0.9833333333333333,False
273081,0.0,0,0.9666666666666667,False
84177,0.0,0,0.8333333333333334,False
134632,0.0,0,0.9833333333333333,False
90615,0.0,0,0.7666666666666667,False
126274,0.0,0,0.6,False
141889,0.0,0,0.9833333333333333,False
44127,0.0,0,0.6833333333333333,False
446307,0.0,0,0.11666666666666667,False
317313,0.0,0,0.9333333333333333,False
317426,0.0,0,0.05,False
316907,0.0,0,0.15,False
390793,0.0,0,0.9666666666666667,False
17830,0.0,0,0.9333333333333333,False
363652,0.0,0,0.9,False
225952,0.0,0,0.9833333333333333,False
175338,0.0,0,0.13333333333333333,False
135101,0.0,0,0.9833333333333333,False
132334,0.0,0,0.9166666666666666,False
86137,0.0,0,0.55,False
91059,0.0,0,0.9833333333333333,False
303612,0.0,0,0.9166666666666666,False
17174,0.0,0,0.9166666666666666,True
136015,0.0,0,0.65,False
389690,0.0,0,0.9833333333333333,False
63157,0.0,0,0.0,False
102934,0.0,0,0.9833333333333333,False
19497,0.0,0,0.9666666666666667,True
20984,0.0,0,0.05,True
14351,0.0,0,0.95,False
103264,0.0,0,0.25,False
326594,0.0,0,0.1,False
230182,0.0,0,0.45,False
33457,0.0,0,0.95,False
485160,0.0,0,0.7166666666666667,False
410515,0.0,0,0.8666666666666667,False
61586,0.0,0,0.25,True
325842,0.0,0,0.0,False
94604,0.0,0,0.8166666666666667,False
111015,0.0,0,0.48333333333333334,False
20863,0.0,0,0.6,False
187931,0.0,0,0.8833333333333333,False
82431,0.0,0,0.9333333333333333,False
161530,0.0,0,0.9666666666666667,False
161579,0.0,0,0.16666666666666666,True
31588,0.0,0,0.9166666666666666,False
20943,0.0,0,0.8833333333333333,False
187998,0.0,0,0.13333333333333333,False
7771,0.0,0,0.0,False
412540,0.0,0,0.8166666666666667,True
295279,0.0,0,0.0,False
110472,0.0,0,0.25,False
61784,0.0,0,0.95,False
337437,0.0,0,0.6166666666666667,False
63732,0.0,0,0.95,False
105121,0.0,0,0.9166666666666666,False
79592,0.0,0,0.9666666666666667,False
330973,0.0,0,0.9666666666666667,False
237247,0.0,0,0.8333333333333334,False
549987,0.0,0,0.0,False
88291,0.0,0,0.7166666666666667,False
389849,0.0,0,0.26666666666666666,False
446299,0.0,0,0.05,False
39426,0.0,0,0.5333333333333333,True
174067,0.0,0,0.85,False
29984,0.0,0,0.8833333333333333,False
363781,0.0,0,0.4166666666666667,False
82135,0.0,0,0.6666666666666666,False
346265,0.0,0,0.9166666666666666,False
196186,0.0,0,0.55,False
26706,0.0,0,0.48333333333333334,False
485159,0.0,0,0.38333333333333336,False
169055,0.0,0,0.8833333333333333,True
137373,0.0,0,0.5666666666666667,False
127394,0.0,0,0.35,False
121908,0.0,0,0.9833333333333333,False
383341,0.0,0,0.6,False
135595,0.0,0,0.8833333333333333,False
317955,0.0,0,0.016666666666666666,False
192567,0.0,0,0.8,False
298018,0.0,0,0.9,False
140733,0.0,0,0.0,False
84683,0.0,0,0.9166666666666666,False
166631,0.0,0,0.8333333333333334,False
9845,0.0,0,0.9166666666666666,False
128865,0.0,0,0.95,False
446303,0.0,0,0.06666666666666667,False
173087,0.0,0,0.95,False
154467,0.0,0,0.6833333333333333,False
358441,0.0,0,0.8833333333333333,False
145005,0.0,0,0.9833333333333333,False
133177,0.0,0,0.9333333333333333,False
17903,0.0,0,0.9666666666666667,False
402583,0.0,0,0.9833333333333333,False
57175,0.0,0,0.95,False
71341,0.0,0,0.4666666666666667,False
169057,0.0,0,0.9166666666666666,True
299054,0.0,0,0.9666666666666667,False
342973,0.0,0,0.9666666666666667,False
98803,0.0,0,0.9833333333333333,False
86062,0.0,0,0.95,False
51839,0.0,0,0.9833333333333333,False
196182,0.0,0,0.3,False
287528,0.0,0,0.16666666666666666,False
126944,0.0,0,0.8333333333333334,False
95413,0.0,0,0.9333333333333333,False
175495,0.0,0,0.45,False
111856,0.0,0,0.5833333333333334,False
25510,0.0,0,0.9166666666666666,False
229378,0.0,0,0.8666666666666667,False
79590,0.0,0,0.95,False
85625,0.0,0,0.7333333333333333,False
84164,0.0,0,0.55,False
30428,0.0,0,0.4666666666666667,False
353040,0.0,0,0.7333333333333333,False
80145,0.0,0,0.9833333333333333,False
327233,0.0,0,0.8333333333333334,False
60010,0.0,0,0.8833333333333333,False
99731,0.0,0,0.8666666666666667,False
139652,0.0,0,0.05,False
164157,0.0,0,0.0,False
164767,0.0,0,0.8833333333333333,False
180407,0.0,0,0.9833333333333333,False
421640,0.0,0,0.8,False
392610,0.0,0,0.4,False
173997,0.0,0,0.9833333333333333,True
149311,0.0,0,0.03333333333333333,True
10536,0.0,0,0.08333333333333333,False
31041,0.0,0,0.5,True
169119,0.0,0,0.35,False
82895,0.0,0,0.0,False
20767,0.0,0,0.7166666666666667,False
237249,0.0,0,0.7666666666666667,False
188117,0.0,0,0.7166666666666667,False
273644,0.0,0,0.0,True
165004,0.0,0,0.016666666666666666,False
113083,0.0,0,0.21666666666666667,False
96857,0.0,0,0.85,False
100107,0.0,0,0.8166666666666667,False
108274,0.0,0,0.16666666666666666,False
60001,0.0,0,0.1,False
18409,0.0,0,0.6,False
97914,0.0,0,0.18333333333333332,True
96976,0.0,0,0.2,False
102781,0.0,0,0.16666666666666666,True
465857,0.0,0,0.5833333333333334,False
12938,0.0,0,0.9666666666666667,False
157093,0.0,0,0.7333333333333333,False
161428,0.0,0,0.85,False
97212,0.0,0,0.5833333333333334,False
98224,0.0,0,0.9333333333333333,False
317023,0.0,0,0.9,False
99470,0.0,0,0.8,False
389713,0.0,0,0.9666666666666667,False
137867,0.0,0,0.38333333333333336,False
120988,0.0,0,0.85,False
402695,0.0,0,0.5833333333333334,False
161772,0.0,0,0.9,False
373843,0.0,0,0.8,False
359504,0.0,0,0.4666666666666667,False
47803,0.0,0,0.9166666666666666,False
238295,0.0,0,0.03333333333333333,False
135591,0.0,0,0.9166666666666666,False
138311,0.0,0,0.016666666666666666,False
69574,0.0,0,0.6333333333333333,False
84251,0.0,0,0.016666666666666666,False
389576,0.0,0,0.26666666666666666,False
142203,0.0,0,0.0,True
122180,0.0,0,0.85,False
105594,0.0,0,0.0,False
308709,0.0,0,0.9,False
12471,0.0,0,0.8833333333333333,False
362144,0.0,0,0.23333333333333334,False
110836,0.0,0,0.9166666666666666,False
117830,0.0,0,0.5333333333333333,False
358578,0.0,0,0.43333333333333335,False
431126,0.0,0,0.06666666666666667,False
303615,0.0,0,0.9333333333333333,False
26888,0.0,0,0.9833333333333333,False
18799,0.0,0,0.9833333333333333,False
134015,0.0,0,0.23333333333333334,False
169117,0.0,0,0.38333333333333336,False
373826,0.0,0,0.65,False
219797,0.0,0,0.08333333333333333,False
316596,0.0,0,0.9166666666666666,False
77385,0.0,0,0.43333333333333335,False
188002,0.0,0,0.21666666666666667,False
118775,0.0,0,0.8833333333333333,False
155151,0.0,0,0.9166666666666666,False
410884,0.0,0,0.36666666666666664,False
91425,0.0,0,0.0,False
484871,0.0,0,0.0,False
360666,0.0,0,0.75,False
169132,0.0,0,0.8666666666666667,False
175493,0.0,0,0.48333333333333334,False
19911,0.0,0,0.03333333333333333,True
366326,0.0,0,0.9666666666666667,False
448034,0.0,0,0.0,True
50039,0.0,0,0.9333333333333333,False
238362,0.0,0,0.6,False
132332,0.0,0,0.8833333333333333,False
80091,0.0,0,0.7166666666666667,False
31463,0.0,0,0.3333333333333333,False
448939,0.0,0,0.31666666666666665,False
50138,0.0,0,0.35,False
77290,0.0,0,0.6333333333333333,False
245044,0.0,0,0.9666666666666667,False
134629,0.0,0,0.9,False
174110,0.0,0,0.9666666666666667,False
485161,0.0,0,0.13333333333333333,False
299776,0.0,0,0.8833333333333333,False
175339,0.0,0,0.05,False
353089,0.0,0,0.7,False
348831,0.0,0,0.5666666666666667,False
33976,0.0,0,0.9,False
159888,0.0,0,0.85,False
289674,0.0,0,0.9833333333333333,False
295283,0.0,0,0.21666666666666667,False
70828,0.0,0,0.08333333333333333,False
287544,0.0,0,0.8666666666666667,False
86242,0.0,0,0.9,False
110071,0.0,0,0.85,False
182808,0.0,0,0.9166666666666666,False
88602,0.0,0,0.95,False
113469,0.0,0,0.8666666666666667,False
84158,0.0,0,0.9666666666666667,False
48270,0.0,0,0.08333333333333333,False
82909,0.0,0,0.9333333333333333,False
192470,0.0,0,0.95,False
82850,0.0,0,0.5833333333333334,True
82222,0.0,0,0.9666666666666667,False
163859,0.0,0,0.6,False
85513,0.0,0,0.6166666666666667,False
138610,0.0,0,0.9833333333333333,False
448934,0.0,0,0.48333333333333334,False
84157,0.0,0,0.8333333333333334,False
40749,0.0,0,0.0,False
70831,0.0,0,0.9666666666666667,False
196887,0.0,0,0.9666666666666667,False
23430,0.0,0,0.9,True
421513,0.0,0,0.9833333333333333,False
51909,0.0,0,0.38333333333333336,False
111049,0.0,0,0.9666666666666667,False
240822,0.0,0,0.5666666666666667,False
83894,0.0,0,0.16666666666666666,False
153632,0.0,0,0.7,False
82851,0.0,0,0.65,True
359507,0.0,0,0.4666666666666667,False
136047,0.0,0,0.3333333333333333,False
111775,0.0,0,0.8666666666666667,False
187584,0.0,0,0.5333333333333333,False
92128,0.0,0,0.7166666666666667,False
167736,0.0,0,0.9666666666666667,False
227734,0.0,0,0.43333333333333335,False
154922,0.0,0,0.9833333333333333,False
109291,0.0,0,0.6166666666666667,False
99703,0.0,0,0.7333333333333333,False
12761,0.0,0,0.8333333333333334,False
126326,0.0,0,0.11666666666666667,False
500828,0.0,0,0.0,False
20962,0.0,0,0.95,False
406453,0.0,0,0.8333333333333334,False
88596,0.0,0,0.9333333333333333,False
187933,0.0,0,0.8833333333333333,False
62826,0.0,0,0.9833333333333333,False
161427,0.0,0,0.8666666666666667,False
192595,0.0,0,0.7833333333333333,False
8057,0.0,0,0.9833333333333333,False
90633,0.0,0,0.9666666666666667,False
274956,0.0,0,0.5166666666666667,False
328136,0.0,0,0.08333333333333333,False
51963,0.0,0,0.13333333333333333,False
169235,0.0,0,0.9166666666666666,False
44967,0.0,0,0.9833333333333333,False
156473,0.0,0,0.0,False
486220,0.0,0,0.1,False
99788,0.0,0,0.9666666666666667,False
26745,0.0,0,0.55,False
69003,0.0,0,0.95,False
105260,0.0,0,0.9666666666666667,False
402633,0.0,0,0.9,False
28581,0.0,0,0.0,False
541667,0.0,0,0.0,False
410623,0.0,0,0.016666666666666666,False
237248,0.0,0,0.8333333333333334,False
90614,0.0,0,0.8666666666666667,False
51964,0.0,0,0.18333333333333332,False
5713,0.0,0,0.9333333333333333,False
36928,0.0,0,0.9833333333333333,False
246583,0.0,0,0.9833333333333333,True
185318,0.0,0,0.8833333333333333,False
422769,0.0,0,0.0,False
92638,0.0,0,0.0,False
16581,0.0,0,0.55,False
174592,0.0,0,0.7166666666666667,False
165457,0.0,0,0.9666666666666667,True
44364,0.0,0,0.03333333333333333,False
44968,0.0,0,0.9833333333333333,False
153345,0.0,0,0.95,False
374849,0.0,0,0.38333333333333336,False
10623,0.0,0,0.6,False
113060,0.0,0,0.9833333333333333,False
138312,0.0,0,0.0,False
4651,0.0,0,0.9,False
149312,0.0,0,0.38333333333333336,True
298950,0.0,0,0.9,False
82936,0.0,0,0.9833333333333333,True
136564,0.0,0,0.016666666666666666,False
117309,0.0,0,0.9,False
52420,0.0,0,0.95,False
167960,0.0,0,0.8833333333333333,False
305377,0.0,0,0.9666666666666667,False
153364,0.0,0,0.9333333333333333,False
250607,0.0,0,0.9,False
63239,0.0,0,0.15,False
108286,0.0,0,0.8166666666666667,False
144191,0.0,0,0.4666666666666667,False
100053,0.0,0,0.8333333333333334,False
92255,0.0,0,0.7,False
336283,0.0,0,0.6,False
140275,0.0,0,0.7666666666666667,False
380082,0.0,0,0.9833333333333333,False
86345,0.0,0,0.9,True
412505,0.0,0,0.0,False
189196,0.0,0,0.6833333333333333,True
68827,0.0,0,0.9333333333333333,False
414280,0.0,0,0.9333333333333333,False
404897,0.0,0,0.6,False
264506,0.0,0,0.8333333333333334,False
13510,0.0,0,0.26666666666666666,False
6252,0.0,0,0.8,False
276856,0.0,0,0.016666666666666666,False
125337,0.0,0,0.9833333333333333,False
55995,0.0,0,0.9833333333333333,False
184465,0.0,0,0.5666666666666667,True
70803,0.0,0,0.6,False
31743,0.0,0,0.7166666666666667,True
164834,0.0,0,0.9833333333333333,False
136706,0.0,0,0.5166666666666667,False
131252,0.0,0,0.016666666666666666,False
157729,0.0,0,0.9666666666666667,False
136589,0.0,0,0.31666666666666665,False
161870,0.0,0,0.23333333333333334,False
44782,0.0,0,0.7666666666666667,False
166138,0.0,0,0.8333333333333334,False
307740,0.0,0,0.8833333333333333,False
336287,0.0,0,0.95,False
159615,0.0,0,0.7666666666666667,False
439080,0.0,0,0.0,False
35129,0.0,0,0.75,False
118270,0.0,0,0.9166666666666666,False
54737,0.0,0,0.9833333333333333,False
145686,0.0,0,0.8833333333333333,False
131129,0.0,0,0.18333333333333332,False
90664,0.0,0,0.8333333333333334,False
54284,0.0,0,0.06666666666666667,False
309758,0.0,0,0.9666666666666667,False
86131,0.0,0,0.5333333333333333,False
405017,0.0,0,0.5666666666666667,False
268111,0.0,0,0.3333333333333333,False
46374,0.0,0,0.8833333333333333,False
12466,0.0,0,0.9,False
308636,0.0,0,0.9,False
155837,0.0,0,0.9166666666666666,False
337107,0.0,0,0.11666666666666667,False
378601,0.0,0,0.75,False
90641,0.0,0,0.7166666666666667,False
118323,0.0,0,0.8833333333333333,False
4083,0.0,0,0.9666666666666667,False
35625,0.0,0,0.5166666666666667,False
100052,0.0,0,0.9,False
67307,0.0,0,0.6,False
330827,0.0,0,0.9333333333333333,False
44833,0.0,0,0.8,False
337198,0.0,0,0.06666666666666667,False
294738,0.0,0,0.03333333333333333,False
247693,0.0,0,0.2,False
379519,0.0,0,0.43333333333333335,False
329660,0.0,0,0.35,False
298425,0.0,0,0.9833333333333333,False
137248,0.0,0,0.13333333333333333,False
276859,0.0,0,0.05,False
131131,0.0,0,0.15,False
13540,0.0,0,0.95,False
189004,0.0,0,0.9333333333333333,False
449981,0.0,0,0.0,False
389675,0.0,0,0.8333333333333334,False
315837,0.0,0,0.5666666666666667,False
314723,0.0,0,0.5833333333333334,False
309721,0.0,0,0.95,False
86446,0.0,0,0.9166666666666666,False
137332,0.0,0,0.6,False
95097,0.0,0,0.7166666666666667,False
90640,0.0,0,0.8333333333333334,False
7601,0.0,0,0.55,False
149125,0.0,0,0.9666666666666667,False
363704,0.0,0,0.95,False
226051,0.0,0,0.8333333333333334,False
45090,0.0,0,0.9333333333333333,False
160791,0.0,0,0.21666666666666667,False
146542,0.0,0,0.0,False
91373,0.0,0,0.7,False
402692,0.0,0,0.5166666666666667,False
13812,0.0,0,0.95,False
112257,0.0,0,0.5666666666666667,False
194504,0.0,0,0.9833333333333333,False
194469,0.0,0,0.9333333333333333,False
313247,0.0,0,0.95,False
117833,0.0,0,0.7166666666666667,False
22059,0.0,0,0.6666666666666666,False
69549,0.0,0,0.9,False
390797,0.0,0,0.016666666666666666,False
138310,0.0,0,0.4,False
79602,0.0,0,0.9333333333333333,False
28222,0.0,0,0.6,False
106109,0.0,0,0.9,False
528335,0.0,0,0.0,True
14039,0.0,0,0.9833333333333333,False
390749,0.0,0,0.9166666666666666,False
491214,0.0,0,0.5666666666666667,False
33977,0.0,0,0.18333333333333332,False
112609,0.0,0,0.9,False
174210,0.0,0,0.16666666666666666,False
190224,0.0,0,0.9333333333333333,False
68082,0.0,0,0.75,True
382754,0.0,0,0.8666666666666667,True
360191,0.0,0,0.9166666666666666,False
90437,0.0,0,0.1,False
44847,0.0,0,0.9333333333333333,False
136024,0.0,0,0.0,False
144098,0.0,0,0.25,True
150788,0.0,0,0.43333333333333335,True
75236,0.0,0,0.7333333333333333,False
111011,0.0,0,0.31666666666666665,False
164160,0.0,0,0.0,False
485631,0.0,0,0.0,False
102769,0.0,0,0.9833333333333333,False
128676,0.0,0,0.9666666666666667,False
82807,0.0,0,0.9833333333333333,False
105525,0.0,0,0.95,False
324030,0.0,0,0.0,False
29442,0.0,0,0.8666666666666667,False
501642,0.0,0,0.0,False
188968,0.0,0,0.0,False
282131,0.0,0,0.9333333333333333,False
93919,0.0,0,0.08333333333333333,False
137438,0.0,0,0.9833333333333333,False
220261,0.0,0,0.9166666666666666,False
238340,0.0,0,0.016666666666666666,False
108273,0.0,0,0.75,False
220262,0.0,0,0.9,False
47226,0.0,0,0.38333333333333336,False
363812,0.0,0,0.7833333333333333,False
8211,0.0,0,0.95,False
104961,0.0,0,0.9333333333333333,False
100015,0.0,0,0.5,False
390745,0.0,0,0.9833333333333333,False
31736,0.0,0,0.7,False
231049,0.0,0,0.9666666666666667,False
29725,0.0,0,0.8833333333333333,False
233975,0.0,0,0.6666666666666666,False
129271,0.0,0,0.13333333333333333,False
530505,0.0,0,0.0,False
21318,0.0,0,0.8833333333333333,False
23108,0.0,0,0.9333333333333333,False
188080,0.0,0,0.95,False
67420,0.0,0,0.26666666666666666,False
13235,0.0,0,0.9666666666666667,False
174158,0.0,0,0.95,False
549288,0.0,0,0.16666666666666666,False
149112,0.0,0,0.7833333333333333,True
136708,0.0,0,0.9666666666666667,False
99988,0.0,0,0.85,False
110964,0.0,0,0.9833333333333333,False
88624,0.0,0,0.6,False
122837,0.0,0,0.26666666666666666,False
238359,0.0,0,0.4,False
407038,0.0,0,0.3333333333333333,False
90559,0.0,0,0.9333333333333333,False
265861,0.0,0,0.6666666666666666,False
486129,0.0,0,0.0,False
414282,0.0,0,0.0,False
223529,0.0,0,0.9333333333333333,False
171170,0.0,0,0.7333333333333333,False
238345,0.0,0,0.9166666666666666,False
429516,0.0,0,0.5333333333333333,False
18142,0.0,0,0.21666666666666667,False
9888,0.0,0,0.6,False
298422,0.0,0,0.9666666666666667,False
126327,0.0,0,0.75,False
85534,0.0,0,0.9333333333333333,False
75708,0.0,0,0.31666666666666665,False
200593,0.0,0,0.95,False
142201,0.0,0,0.0,False
26705,0.0,0,0.03333333333333333,False
180409,0.0,0,0.8333333333333334,False
364397,0.0,0,0.16666666666666666,False
373828,0.0,0,0.016666666666666666,False
81356,0.0,0,0.15,False
83884,0.0,0,0.95,False
12436,0.0,0,0.7,False
117386,0.0,0,0.9666666666666667,False
111451,0.0,0,0.13333333333333333,False
308706,0.0,0,0.8833333333333333,False
414421,0.0,0,0.05,False
414257,0.0,0,0.9333333333333333,False
24317,0.0,0,0.9833333333333333,False
60033,0.0,0,0.23333333333333334,False
117313,0.0,0,0.36666666666666664,False
85514,0.0,0,0.48333333333333334,False
91274,0.0,0,0.95,False
326709,0.0,0,0.95,False
6511,0.0,0,0.016666666666666666,False
21185,0.0,0,0.8833333333333333,False
77881,0.0,0,0.8833333333333333,True
181040,0.0,0,0.9166666666666666,False
166003,0.0,0,0.85,False
500969,0.0,0,0.0,False
413480,0.0,0,0.21666666666666667,False
55211,0.0,0,0.5666666666666667,False
137255,0.0,0,0.38333333333333336,False
343223,0.0,0,0.6,False
376306,0.0,0,0.9666666666666667,False
7678,0.0,0,0.6,False
3677,0.0,0,0.25,False
193460,0.0,0,0.9666666666666667,False
549986,0.0,0,0.0,False
4236,0.0,0,0.7,False
185315,0.0,0,0.9166666666666666,False
19188,0.0,0,0.6333333333333333,False
2000,0.0,0,0.9833333333333333,False
2462,0.0,0,0.23333333333333334,True
257452,0.0,0,0.0,False
62986,0.0,0,0.6333333333333333,False
83954,0.0,0,0.03333333333333333,False
90811,0.0,0,0.9333333333333333,False
6288,0.0,0,0.5833333333333334,True
66246,0.0,0,0.05,False
81562,0.0,0,0.9666666666666667,False
298952,0.0,0,0.23333333333333334,False
43792,0.0,0,0.8166666666666667,False
188308,0.0,0,0.8666666666666667,False
108606,0.0,0,0.9833333333333333,False
75711,0.0,0,0.8833333333333333,False
330840,0.0,0,0.9166666666666666,False
378511,0.0,0,0.0,False
181585,0.0,0,0.016666666666666666,True
36071,0.0,0,0.7666666666666667,True
378598,0.0,0,0.6,False
132336,0.0,0,0.8833333333333333,False
90399,0.0,0,0.9666666666666667,False
78889,0.0,0,0.95,False
12259,0.0,0,0.9,False
182803,0.0,0,0.85,False
326702,0.0,0,0.9333333333333333,False
97366,0.0,0,0.0,True
438275,0.0,0,0.16666666666666666,False
5384,0.0,0,0.8166666666666667,False
103524,0.0,0,0.8666666666666667,False
135246,0.0,0,0.8333333333333334,False
28221,0.0,0,0.6,False
50904,0.0,0,0.9,False
108555,0.0,0,0.0,False
22647,0.0,0,0.9,False
12470,0.0,0,0.9333333333333333,False
62935,0.0,0,0.8333333333333334,False
100013,0.0,0,0.9166666666666666,False
93486,0.0,0,0.7666666666666667,False
327024,0.0,0,0.6666666666666666,False
187746,0.0,0,0.9833333333333333,False
408916,0.0,0,0.9833333333333333,False
347235,0.0,0,0.95,False
137638,0.0,0,0.6,True
153614,0.0,0,0.95,False
99406,0.0,0,0.9166666666666666,False
146003,0.0,0,0.8833333333333333,False
105526,0.0,0,0.9166666666666666,False
185305,0.0,0,0.9833333333333333,False
194452,0.0,0,0.9833333333333333,False
168779,0.0,0,0.9666666666666667,True
1435,0.0,0,0.8166666666666667,False
145691,0.0,0,0.85,False
178053,0.0,0,0.9,False
13324,0.0,0,0.016666666666666666,True
157719,0.0,0,0.8,False
196748,0.0,0,0.03333333333333333,False
4991,0.0,0,0.21666666666666667,False
138407,0.0,0,0.6166666666666667,False
108582,0.0,0,0.8166666666666667,False
43711,0.0,0,0.2,False
85460,0.0,0,0.6833333333333333,False
118823,0.0,0,0.75,False
74517,0.0,0,0.2833333333333333,False
153036,0.0,0,0.6166666666666667,False
410773,0.0,0,0.7666666666666667,False
362300,0.0,0,0.5166666666666667,False
140729,0.0,0,0.0,False
156469,0.0,0,0.0,False
174066,0.0,0,0.9,False
189598,0.0,0,0.8666666666666667,False
110977,0.0,0,0.9,False
197319,0.0,0,0.9,False
18955,0.0,0,0.9166666666666666,False
75707,0.0,0,0.25,False
6077,0.0,0,0.95,False
113184,0.0,0,0.15,True
112054,0.0,0,0.85,True
77258,0.0,0,0.85,False
417247,0.0,0,0.03333333333333333,False
38426,0.0,0,0.0,False
480359,0.0,0,0.0,False
541650,0.0,0,0.0,False
112798,0.0,0,0.35,False
72108,0.0,0,0.8,False
82130,0.0,0,0.4,False
136810,0.0,0,0.43333333333333335,False
9365,0.0,0,0.5,False
439124,0.0,0,0.6,True
350381,0.0,0,0.15,False
309768,0.0,0,0.8,False
139362,0.0,0,0.18333333333333332,True
298298,0.0,0,0.0,False
8092,0.0,0,0.8833333333333333,False
103106,0.0,0,0.6333333333333333,False
287286,0.0,0,0.0,False
156646,0.0,0,0.11666666666666667,False
67306,0.0,0,0.6,False
48522,0.0,0,0.9833333333333333,False
127638,0.0,0,0.0,True
29152,0.0,0,0.9166666666666666,False
33584,0.0,0,0.9833333333333333,False
19632,0.0,0,0.016666666666666666,False
8321,0.0,0,0.65,False
289673,0.0,0,0.95,False
196172,0.0,0,0.21666666666666667,False
119440,0.0,0,0.65,False
182807,0.0,0,0.8666666666666667,False
378694,0.0,0,0.65,False
325120,0.0,0,0.03333333333333333,False
63144,0.0,0,0.16666666666666666,False
306343,0.0,0,0.9833333333333333,False
52408,0.0,0,0.75,False
50914,0.0,0,0.8333333333333334,False
412545,0.0,0,0.8833333333333333,True
105639,0.0,0,0.95,False
308563,0.0,0,0.85,False
315840,0.0,0,0.5833333333333334,False
531448,0.0,0,0.23333333333333334,False
196113,0.0,0,0.36666666666666664,False
166011,0.0,0,0.31666666666666665,False
2076,0.0,0,0.8833333333333333,False
327857,0.0,0,0.18333333333333332,False
99389,0.0,0,0.9333333333333333,False
554811,0.0,0,0.0,False
410832,0.0,0,0.9833333333333333,False
273063,0.0,0,0.03333333333333333,True
336296,0.0,0,0.06666666666666667,False
13823,0.0,0,0.8833333333333333,False
378707,0.0,0,0.25,False
97214,0.0,0,0.5666666666666667,False
52009,0.0,0,0.9,False
49347,0.0,0,0.05,False
421620,0.0,0,0.4,False
4247,0.0,0,0.06666666666666667,False
554808,0.0,0,0.23333333333333334,False
450150,0.0,0,0.85,False
80299,0.0,0,0.0,False
75267,0.0,0,0.95,False
337047,0.0,0,0.18333333333333332,False
174236,0.0,0,0.6333333333333333,False
336266,0.0,0,0.5166666666666667,False
92142,0.0,0,0.0,False
29988,0.0,0,0.8666666666666667,False
459691,0.0,0,0.6,False
124794,0.0,0,0.9833333333333333,False
65783,0.0,0,0.35,False
63158,0.0,0,0.31666666666666665,False
143881,0.0,0,0.9833333333333333,False
66126,0.0,0,0.95,False
11250,0.0,0,0.0,False
405012,0.0,0,0.7666666666666667,False
509819,0.0,0,0.95,False
94726,0.0,0,0.03333333333333333,False
150777,0.0,0,0.6166666666666667,False
112158,0.0,0,0.23333333333333334,False
229228,0.0,0,0.8833333333333333,False
178055,0.0,0,0.8166666666666667,False
315623,0.0,0,0.95,False
141583,0.0,0,0.5,False
93053,0.0,0,0.0,False
38120,0.0,0,0.85,True
444388,0.0,0,0.1,False
94709,0.0,0,0.05,True
5844,0.0,0,0.9,False
72874,0.0,0,0.5166666666666667,True
421642,0.0,0,0.75,False
500143,0.0,0,0.0,False
308699,0.0,0,0.85,False
90452,0.0,0,0.38333333333333336,False
194595,0.0,0,0.7833333333333333,False
12762,0.0,0,0.9666666666666667,False
334178,0.0,0,0.3,False
295213,0.0,0,0.9,False
325418,0.0,0,0.15,False
90064,0.0,0,0.6333333333333333,False
154592,0.0,0,0.9,False
83310,0.0,0,0.7833333333333333,False
139654,0.0,0,0.016666666666666666,False
134070,0.0,0,0.8666666666666667,False
18812,0.0,0,0.0,False
190974,0.0,0,0.9166666666666666,False
398147,0.0,0,0.8166666666666667,False
177910,0.0,0,0.18333333333333332,False
107352,0.0,0,0.9833333333333333,False
11347,0.0,0,0.21666666666666667,False
129289,0.0,0,0.7166666666666667,False
417305,0.0,0,0.06666666666666667,False
44750,0.0,0,0.0,False
287548,0.0,0,0.85,False
220263,0.0,0,0.9166666666666666,False
163572,0.0,0,0.0,False
336301,0.0,0,0.6333333333333333,False
377043,0.0,0,0.65,False
134617,0.0,0,0.95,False
488874,0.0,0,0.48333333333333334,False
326010,0.0,0,0.4,False
257453,0.0,0,0.0,False
149110,0.0,0,0.7333333333333333,True
49798,0.0,0,0.8833333333333333,False
350791,0.0,0,0.8666666666666667,False
178162,0.0,0,0.8,False
288292,0.0,0,0.6,False
449170,0.0,0,0.9833333333333333,False
412255,0.0,0,0.9833333333333333,False
390564,0.0,0,0.9833333333333333,False
112035,0.0,0,0.9833333333333333,False
541665,0.0,0,0.0,False
112562,0.0,0,0.9833333333333333,False
168774,0.0,0,0.9,True
404693,0.0,0,0.1,False
90616,0.0,0,0.7166666666666667,False
92883,0.0,0,0.43333333333333335,False
61926,0.0,0,0.8333333333333334,True
110489,0.0,0,0.05,False
25514,0.0,0,0.6666666666666666,False
330902,0.0,0,0.16666666666666666,False
421311,0.0,0,0.0,False
167739,0.0,0,0.03333333333333333,False
135957,0.0,0,0.75,False
291003,0.0,0,0.23333333333333334,False
97217,0.0,0,0.7166666666666667,False
65609,0.0,0,0.0,False
12242,0.0,0,0.9833333333333333,False
91372,0.0,0,0.9666666666666667,False
392597,0.0,0,0.7,False
189620,0.0,0,0.8833333333333333,False
327542,0.0,0,0.7,False
342485,0.0,0,0.7166666666666667,False
230054,0.0,0,0.06666666666666667,False
47002,0.0,0,0.8333333333333334,False
103163,0.0,0,0.8166666666666667,False
310402,0.0,0,0.2,False
156374,0.0,0,0.38333333333333336,False
79549,0.0,0,0.6,True
105262,0.0,0,0.9333333333333333,False
160899,0.0,0,0.9666666666666667,False
484867,0.0,0,0.05,False
93234,0.0,0,0.48333333333333334,False
25263,0.0,0,0.016666666666666666,True
35377,0.0,0,0.9,False
186886,0.0,0,0.9666666666666667,False
86244,0.0,0,0.9166666666666666,False
88593,0.0,0,0.6333333333333333,False
33886,0.0,0,0.15,False
46338,0.0,0,0.0,False
167145,0.0,0,0.9333333333333333,False
112129,0.0,0,0.6833333333333333,False
112281,0.0,0,0.6333333333333333,False
90454,0.0,0,0.3333333333333333,False
124167,0.0,0,0.0,False
87405,0.0,0,0.35,False
402397,0.0,0,0.26666666666666666,False
330801,0.0,0,0.48333333333333334,False
56653,0.0,0,0.65,False
179774,0.0,0,0.8166666666666667,False
449879,0.0,0,0.0,False
121399,0.0,0,0.15,False
118321,0.0,0,0.9166666666666666,False
99303,0.0,0,0.7666666666666667,False
111975,0.0,0,0.43333333333333335,False
305373,0.0,0,0.4666666666666667,False
21904,0.0,0,0.9833333333333333,False
390525,0.0,0,0.03333333333333333,False
503401,0.0,0,0.03333333333333333,False
64421,0.0,0,0.5333333333333333,False
113608,0.0,0,0.7666666666666667,False
325184,0.0,0,0.0,False
238339,0.0,0,0.016666666666666666,False
93716,0.0,0,0.8833333333333333,False
484522,0.0,0,0.0,False
156571,0.0,0,0.3,False
198281,0.0,0,0.7666666666666667,False
85093,0.0,0,0.7333333333333333,False
303485,0.0,0,0.8666666666666667,False
192565,0.0,0,0.8,False
74493,0.0,0,0.6833333333333333,False
82836,0.0,0,0.5166666666666667,False
179692,0.0,0,0.95,False
352912,0.0,0,0.45,False
343130,0.0,0,0.0,False
444391,0.0,0,0.11666666666666667,False
4784,0.0,0,0.9666666666666667,True
188009,0.0,0,0.5166666666666667,False
165689,0.0,0,0.8166666666666667,False
72017,0.0,0,0.8833333333333333,False
183115,0.0,0,0.43333333333333335,False
156556,0.0,0,0.8666666666666667,False
110307,0.0,0,0.48333333333333334,False
59526,0.0,0,0.45,False
171814,0.0,0,0.7666666666666667,False
66430,0.0,0,0.85,False
459441,0.0,0,0.0,False
112141,0.0,0,0.36666666666666664,False
287527,0.0,0,0.48333333333333334,False
144193,0.0,0,0.6,False
414277,0.0,0,0.4666666666666667,False
480356,0.0,0,0.4166666666666667,False
110698,0.0,0,0.5666666666666667,True
313636,0.0,0,0.7833333333333333,False
141577,0.0,0,0.5833333333333334,False
87850,0.0,0,0.016666666666666666,False
67308,0.0,0,0.15,False
98836,0.0,0,0.6333333333333333,True
127145,0.0,0,0.85,False
19499,0.0,0,0.2833333333333333,True
71572,0.0,0,0.9666666666666667,False
12217,0.0,0,0.03333333333333333,False
308561,0.0,0,0.8666666666666667,False
124142,0.0,0,0.0,False
307574,0.0,0,0.6,False
82924,0.0,0,0.21666666666666667,False
19941,0.0,0,0.4666666666666667,False
51877,0.0,0,0.8333333333333334,False
112671,0.0,0,0.5666666666666667,False
99995,0.0,0,0.9833333333333333,False
163593,0.0,0,0.38333333333333336,False
97928,0.0,0,0.9666666666666667,False
179689,0.0,0,0.0,False
429459,0.0,0,0.0,False
491216,0.0,0,0.6,False
156468,0.0,0,0.0,False
60015,0.0,0,0.31666666666666665,False
72049,0.0,0,0.25,False
63676,0.0,0,0.0,False
528407,0.0,0,0.3,False
500752,0.0,0,0.5,False
236829,0.0,0,0.9333333333333333,False
75047,0.0,0,0.6833333333333333,True
219795,0.0,0,0.8833333333333333,False
86057,0.0,0,0.11666666666666667,False
439079,0.0,0,0.0,False
183774,0.0,0,0.7666666666666667,False
171153,0.0,0,0.0,False
179773,0.0,0,0.8666666666666667,False
449881,0.0,0,0.0,False
326867,0.0,0,0.0,False
8908,0.0,0,0.03333333333333333,False
7550,0.0,0,0.31666666666666665,False
188000,0.0,0,0.08333333333333333,False
444013,0.0,0,0.016666666666666666,False
77805,0.0,0,0.5333333333333333,False
410841,0.0,0,0.0,False
181330,0.0,0,0.8333333333333334,False
161926,0.0,0,0.8833333333333333,False
30120,0.0,0,0.95,False
139317,0.0,0,0.7666666666666667,False
295264,0.0,0,0.26666666666666666,False
93050,0.0,0,0.16666666666666666,False
157655,0.0,0,0.9833333333333333,False
67309,0.0,0,0.15,False
484300,0.0,0,0.0,False
161802,0.0,0,0.5,False
52422,0.0,0,0.9166666666666666,False
50547,0.0,0,0.26666666666666666,False
2464,0.0,0,0.03333333333333333,True
138415,0.0,0,0.0,True
174231,0.0,0,0.9333333333333333,False
180398,0.0,0,0.55,False
70009,0.0,0,0.11666666666666667,False
273102,0.0,0,0.65,False
35495,0.0,0,0.9,False
138458,0.0,0,0.9,False
36860,0.0,0,0.6,False
80296,0.0,0,0.5666666666666667,False
23104,0.0,0,0.95,False
5084,0.0,0,0.9833333333333333,False
74296,0.0,0,0.8333333333333334,False
331621,0.0,0,0.7333333333333333,False
66676,0.0,0,0.06666666666666667,False
402620,0.0,0,0.9666666666666667,False
125393,0.0,0,0.85,False
482500,0.0,0,0.8833333333333333,False
434753,0.0,0,0.0,False
273104,0.0,0,0.6833333333333333,False
105261,0.0,0,0.8833333333333333,False
135090,0.0,0,0.1,False
504759,0.0,0,0.26666666666666666,False
444015,0.0,0,0.0,False
112669,0.0,0,0.6166666666666667,False
54749,0.0,0,0.1,False
235315,0.0,0,0.36666666666666664,False
33474,0.0,0,0.0,False
325086,0.0,0,0.0,False
348731,0.0,0,0.6,False
327651,0.0,0,0.3,False
200596,0.0,0,0.7,False
465854,0.0,0,0.7666666666666667,False
66667,0.0,0,0.08333333333333333,False
103256,0.0,0,0.9666666666666667,False
198122,0.0,0,0.5833333333333334,False
298416,0.0,0,0.8333333333333334,False
6465,0.0,0,0.4,False
107899,0.0,0,0.8666666666666667,False
126325,0.0,0,0.0,False
141014,0.0,0,0.6666666666666666,False
192594,0.0,0,0.85,False
130256,0.0,0,0.8333333333333334,False
111989,0.0,0,0.2833333333333333,False
336101,0.0,0,0.75,False
17040,0.0,0,0.9833333333333333,False
56593,0.0,0,0.2833333333333333,False
134634,0.0,0,0.03333333333333333,False
382756,0.0,0,0.0,True
75590,0.0,0,0.95,False
118320,0.0,0,0.9,False
378597,0.0,0,0.1,False
330794,0.0,0,0.48333333333333334,False
66755,0.0,0,0.7333333333333333,False
393193,0.0,0,0.55,False
136703,0.0,0,0.6,False
109824,0.0,0,0.0,False
258487,0.0,0,0.0,False
240897,0.0,0,0.9666666666666667,False
87851,0.0,0,0.06666666666666667,False
27913,0.0,0,0.8666666666666667,False
174196,0.0,0,0.36666666666666664,False
189013,0.0,0,0.9833333333333333,False
47426,0.0,0,0.08333333333333333,False
417296,0.0,0,0.1,False
175460,0.0,0,0.8833333333333333,False
374332,0.0,0,0.9666666666666667,False
374333,0.0,0,0.9666666666666667,False
374334,0.0,0,0.9666666666666667,False
84178,0.0,0,0.85,False
404549,0.0,0,0.05,False
79750,0.0,0,0.9833333333333333,False
232833,0.0,0,0.9,False
112673,0.0,0,0.9333333333333333,False
492733,0.0,0,0.4666666666666667,False
155794,0.0,0,0.85,False
125435,0.0,0,0.85,False
49638,0.0,0,0.9666666666666667,False
62988,0.0,0,0.8333333333333334,False
410833,0.0,0,0.0,False
327667,0.0,0,0.3,False
454214,0.0,0,0.0,False
504761,0.0,0,0.11666666666666667,False
325085,0.0,0,0.6,False
153020,0.0,0,0.3,False
401995,0.0,0,0.03333333333333333,False
40921,0.0,0,0.0,False
163050,0.0,0,0.9666666666666667,False
173937,0.0,0,0.0,False
49553,0.0,0,0.06666666666666667,False
289717,0.0,0,0.0,False
50999,0.0,0,0.03333333333333333,False
124467,0.0,0,0.6833333333333333,False
49346,0.0,0,0.016666666666666666,False
404718,0.0,0,0.0,False
179589,0.0,0,0.016666666666666666,False
89240,0.0,0,0.8333333333333334,False
219805,0.0,0,0.13333333333333333,False
22640,0.0,0,0.36666666666666664,False
99292,0.0,0,0.8833333333333333,False
315549,0.0,0,0.48333333333333334,False
389579,0.0,0,0.25,False
126562,0.0,0,0.16666666666666666,False
97215,0.0,0,0.7333333333333333,False
404668,0.0,0,0.03333333333333333,False
423334,0.0,0,0.7666666666666667,False
109721,0.0,0,0.8833333333333333,False
122835,0.0,0,0.26666666666666666,False
136054,0.0,0,0.016666666666666666,False
479345,0.0,0,0.0,False
504752,0.0,0,0.18333333333333332,False
66104,0.0,0,0.85,False
191412,0.0,0,0.85,False
295266,0.0,0,0.0,False
92572,0.0,0,0.8,True
273105,0.0,0,0.6833333333333333,False
347503,0.0,0,0.8666666666666667,False
221365,0.0,0,0.9833333333333333,False
541645,0.0,0,0.0,False
141483,0.0,0,0.4,False
109301,0.0,0,0.7333333333333333,False
90812,0.0,0,0.7833333333333333,False
169781,0.0,0,0.9166666666666666,False
40895,0.0,0,0.9666666666666667,False
164720,0.0,0,0.9,False
129272,0.0,0,0.16666666666666666,False
84144,0.0,0,0.2,False
8845,0.0,0,0.0,False
40506,0.0,0,0.18333333333333332,False
334468,0.0,0,0.9833333333333333,False
25357,0.0,0,0.25,True
326780,0.0,0,0.7333333333333333,False
446652,0.0,0,0.8,False
482502,0.0,0,0.7,False
451350,0.0,0,0.48333333333333334,True
174438,0.0,0,0.016666666666666666,False
307568,0.0,0,0.0,False
10324,0.0,0,0.95,False
110966,0.0,0,0.5,False
129431,0.0,0,0.06666666666666667,False
308546,0.0,0,0.0,False
410540,0.0,0,0.0,False
241040,0.0,0,0.9833333333333333,False
7705,0.0,0,0.5166666666666667,False
138614,0.0,0,0.48333333333333334,False
6003,0.0,0,0.08333333333333333,False
404972,0.0,0,0.7333333333333333,False
164723,0.0,0,0.9,False
161824,0.0,0,0.8833333333333333,True
132246,0.0,0,0.0,False
71312,0.0,0,0.2833333333333333,False
168784,0.0,0,0.9833333333333333,True
238338,0.0,0,0.16666666666666666,False
138417,0.0,0,0.0,True
124163,0.0,0,0.0,False
176081,0.0,0,0.5833333333333334,False
309740,0.0,0,0.26666666666666666,False
16364,0.0,0,0.0,False
42014,0.0,0,0.95,False
235200,0.0,0,0.5333333333333333,False
305399,0.0,0,0.45,False
35975,0.0,0,0.8666666666666667,False
258484,0.0,0,0.6333333333333333,False
65918,0.0,0,0.8,False
230095,0.0,0,0.9833333333333333,False
37445,0.0,0,0.0,False
273103,0.0,0,0.7,False
123549,0.0,0,0.0,False
22135,0.0,0,0.9,False
46306,0.0,0,0.0,False
66391,0.0,0,0.9833333333333333,False
166000,0.0,0,0.0,False
112578,0.0,0,0.5333333333333333,True
90617,0.0,0,0.75,False
84255,0.0,0,0.03333333333333333,False
112280,0.0,0,0.25,False
83921,0.0,0,0.2,False
40587,0.0,0,0.11666666666666667,False
105263,0.0,0,0.9166666666666666,False
142316,0.0,0,0.0,True
84151,0.0,0,0.0,False
61627,0.0,0,0.0,False
500825,0.0,0,0.03333333333333333,False
155304,0.0,0,0.8833333333333333,False
17365,0.0,0,0.016666666666666666,False
99555,0.0,0,0.45,False
49996,0.0,0,0.9833333333333333,False
134628,0.0,0,0.9166666666666666,False
336103,0.0,0,0.75,False
188060,0.0,0,0.6666666666666666,False
136128,0.0,0,0.5166666666666667,False
150781,0.0,0,0.0,True
408378,0.0,0,0.9166666666666666,False
512412,0.0,0,0.0,False
378710,0.0,0,0.16666666666666666,False
28482,0.0,0,0.6333333333333333,False
188016,0.0,0,0.5833333333333334,False
327030,0.0,0,0.85,False
97386,0.0,0,0.5833333333333334,False
169177,0.0,0,0.6333333333333333,False
112664,0.0,0,0.9166666666666666,False
129479,0.0,0,0.7333333333333333,False
90580,0.0,0,0.9833333333333333,False
9668,0.0,0,0.8666666666666667,True
54228,0.0,0,0.016666666666666666,False
112723,0.0,0,0.7166666666666667,False
463413,0.0,0,0.23333333333333334,True
501855,0.0,0,0.0,False
8251,0.0,0,0.9666666666666667,False
108553,0.0,0,0.016666666666666666,False
68843,0.0,0,0.6333333333333333,False
24301,0.0,0,0.0,True
111513,0.0,0,0.45,False
190773,0.0,0,0.0,False
66753,0.0,0,0.7833333333333333,False
97032,0.0,0,0.0,True
145001,0.0,0,0.35,False
126835,0.0,0,0.13333333333333333,False
121055,0.0,0,0.5333333333333333,False
378524,0.0,0,0.0,False
70447,0.0,0,0.06666666666666667,False
360671,0.0,0,0.7833333333333333,False
167146,0.0,0,0.7666666666666667,False
125469,0.0,0,0.0,False
144160,0.0,0,0.5,False
77768,0.0,0,0.6166666666666667,False
465856,0.0,0,0.7833333333333333,False
98225,0.0,0,0.7666666666666667,False
264542,0.0,0,0.6333333333333333,False
174198,0.0,0,0.21666666666666667,False
312841,0.0,0,0.016666666666666666,False
17599,0.0,0,0.0,False
192667,0.0,0,0.0,False
68841,0.0,0,0.5833333333333334,False
125633,0.0,0,0.6666666666666666,False
200592,0.0,0,0.9,False
25248,0.0,0,0.6333333333333333,False
309244,0.0,0,0.0,False
230147,0.0,0,0.6333333333333333,False
123538,0.0,0,0.75,False
177903,0.0,0,0.05,False
169268,0.0,0,0.5833333333333334,False
134638,0.0,0,0.8666666666666667,False
167730,0.0,0,0.016666666666666666,False
18381,0.0,0,0.8333333333333334,False
314747,0.0,0,0.5833333333333334,False
47003,0.0,0,0.8333333333333334,False
411524,0.0,0,0.8666666666666667,False
324000,0.0,0,0.0,False
174237,0.0,0,0.9666666666666667,False
501672,0.0,0,0.0,False
7115,0.0,0,0.8833333333333333,False
225767,0.0,0,0.6666666666666666,False
100087,0.0,0,0.8833333333333333,False
105131,0.0,0,0.0,False
264514,0.0,0,0.06666666666666667,False
123753,0.0,0,0.85,False
142064,0.0,0,0.75,False
410837,0.0,0,0.8166666666666667,False
63514,0.0,0,0.016666666666666666,False
126349,0.0,0,0.0,False
246707,0.0,0,0.8166666666666667,False
145330,0.0,0,0.5,False
16993,0.0,0,0.8333333333333334,False
402567,0.0,0,0.0,False
99880,0.0,0,0.0,False
87410,0.0,0,0.0,False
43699,0.0,0,0.8,False
82374,0.0,0,0.65,False
30593,0.0,0,0.1,False
379557,0.0,0,0.0,False
438586,0.0,0,0.016666666666666666,True
156570,0.0,0,0.4,False
220264,0.0,0,0.85,False
91353,0.0,0,0.6666666666666666,False
136595,0.0,0,0.11666666666666667,False
449982,0.0,0,0.0,False
58620,0.0,0,0.0,False
298414,0.0,0,0.8333333333333334,False
125177,0.0,0,0.6,False
9770,0.0,0,0.2,False
163921,0.0,0,0.0,False
124014,0.0,0,0.18333333333333332,False
169186,0.0,0,0.5833333333333334,True
189602,0.0,0,0.15,False
82158,0.0,0,0.5666666666666667,True
110940,0.0,0,0.7666666666666667,False
122785,0.0,0,0.05,False
58619,0.0,0,0.016666666666666666,False
112632,0.0,0,0.9166666666666666,False
484624,0.0,0,0.0,False
82923,0.0,0,0.0,False
193278,0.0,0,0.36666666666666664,False
180862,0.0,0,0.7166666666666667,False
56082,0.0,0,0.0,False
463519,0.0,0,0.03333333333333333,True
382759,0.0,0,0.0,True
111557,0.0,0,0.8,False
35213,0.0,0,0.7666666666666667,False
299067,0.0,0,0.06666666666666667,False
188118,0.0,0,0.23333333333333334,False
126275,0.0,0,0.0,False
9805,0.0,0,0.21666666666666667,True
393185,0.0,0,0.8833333333333333,False
99308,0.0,0,0.5833333333333334,False
404465,0.0,0,0.6,False
14011,0.0,0,0.9666666666666667,False
336347,0.0,0,0.05,False
75670,0.0,0,0.7666666666666667,False
110072,0.0,0,0.5833333333333334,False
171428,0.0,0,0.0,False
327664,0.0,0,0.3,False
111559,0.0,0,0.0,False
82973,0.0,0,0.5833333333333334,False
230221,0.0,0,0.0,True
129205,0.0,0,0.15,False
328047,0.0,0,0.0,False
221740,0.0,0,0.13333333333333333,False
144199,0.0,0,0.0,False
55406,0.0,0,0.9166666666666666,False
7581,0.0,0,0.7166666666666667,False
174197,0.0,0,0.2,False
13615,0.0,0,0.0,False
137256,0.0,0,0.2833333333333333,False
188151,0.0,0,0.65,True
16992,0.0,0,0.8833333333333333,False
311814,0.0,0,0.0,False
44915,0.0,0,0.7666666666666667,True
82455,0.0,0,0.5,False
4519,0.0,0,0.4,False
62518,0.0,0,0.13333333333333333,False
188105,0.0,0,0.9833333333333333,False
135922,0.0,0,0.48333333333333334,False
228831,0.0,0,0.6,False
453837,0.0,0,0.5,False
71385,0.0,0,0.26666666666666666,False
10223,0.0,0,0.06666666666666667,False
470410,0.0,0,0.25,True
91351,0.0,0,0.5833333333333334,False
112242,0.0,0,0.0,True
127611,0.0,0,0.06666666666666667,False
35134,0.0,0,0.0,False
16991,0.0,0,0.6833333333333333,False
520892,0.0,0,0.0,False
156572,0.0,0,0.43333333333333335,False
327327,0.0,0,0.7833333333333333,False
142142,0.0,0,0.0,False
62827,0.0,0,0.95,False
172918,0.0,0,0.4666666666666667,True
112252,0.0,0,0.8333333333333334,False
326711,0.0,0,0.7166666666666667,False
93834,0.0,0,0.9666666666666667,False
66252,0.0,0,0.6166666666666667,False
125236,0.0,0,0.0,False
98298,0.0,0,0.0,False
292571,0.0,0,0.85,False
149306,0.0,0,0.3,False
112582,0.0,0,0.75,False
11621,0.0,0,0.7333333333333333,False
154683,0.0,0,0.43333333333333335,False
395251,0.0,0,0.85,False
326849,0.0,0,0.7666666666666667,False
447996,0.0,0,0.5333333333333333,True
246710,0.0,0,0.6333333333333333,False
18954,0.0,0,0.9333333333333333,False
138406,0.0,0,0.6666666666666666,False
55031,0.0,0,0.0,False
324174,0.0,0,0.7666666666666667,False
153618,0.0,0,0.0,False
134013,0.0,0,0.3333333333333333,False
29020,0.0,0,0.0,False
164770,0.0,0,0.5333333333333333,False
63075,0.0,0,0.0,False
427577,0.0,0,0.0,False
84257,0.0,0,0.03333333333333333,False
297701,0.0,0,0.0,False
163920,0.0,0,0.65,False
530038,0.0,0,0.16666666666666666,False
153360,0.0,0,0.9333333333333333,False
134963,0.0,0,0.0,True
334179,0.0,0,0.0,False
6772,0.0,0,0.7833333333333333,False
171155,0.0,0,0.0,False
407101,0.0,0,0.6666666666666666,False
525010,0.0,0,0.0,False
107281,0.0,0,0.65,False
174155,0.0,0,0.9333333333333333,False
189006,0.0,0,0.5666666666666667,False
288321,0.0,0,0.8833333333333333,False
161117,0.0,0,0.8333333333333334,False
89964,0.0,0,0.25,False
411685,0.0,0,0.7166666666666667,True
128526,0.0,0,0.03333333333333333,False
484864,0.0,0,0.45,False
429515,0.0,0,0.0,False
109046,0.0,0,0.9,False
52416,0.0,0,0.9166666666666666,False
86105,0.0,0,0.7166666666666667,False
117530,0.0,0,0.0,False
227251,0.0,0,0.36666666666666664,False
135089,0.0,0,0.016666666666666666,False
429728,0.0,0,0.016666666666666666,False
153340,0.0,0,0.8,False
408374,0.0,0,0.0,False
18569,0.0,0,0.75,False
118289,0.0,0,0.2833333333333333,False
228839,0.0,0,0.6,False
307192,0.0,0,0.0,False
17803,0.0,0,0.0,False
62555,0.0,0,0.5666666666666667,False
121979,0.0,0,0.8333333333333334,False
66443,0.0,0,0.06666666666666667,False
292644,0.0,0,0.0,False
336696,0.0,0,0.9333333333333333,False
502008,0.0,0,0.2,False
21122,0.0,0,0.38333333333333336,False
98839,0.0,0,0.6333333333333333,True
155298,0.0,0,0.7333333333333333,False
66929,0.0,0,0.6166666666666667,False
298410,0.0,0,0.7666666666666667,False
72047,0.0,0,0.0,False
115023,0.0,0,0.65,False
491213,0.0,0,0.0,False
106026,0.0,0,0.9,False
137823,0.0,0,0.7166666666666667,False
231136,0.0,0,0.7833333333333333,False
336105,0.0,0,0.6,False
545635,0.0,0,0.0,False
150789,0.0,0,0.0,True
73446,0.0,0,0.8333333333333334,False
337103,0.0,0,0.11666666666666667,False
29403,0.0,0,0.7833333333333333,False
72048,0.0,0,0.0,False
167729,0.0,0,0.03333333333333333,False
417253,0.0,0,0.08333333333333333,False
109791,0.0,0,0.8333333333333334,False
310403,0.0,0,0.016666666666666666,False
136130,0.0,0,0.5166666666666667,False
109984,0.0,0,0.8,False
60016,0.0,0,0.0,False
451343,0.0,0,0.0,True
87499,0.0,0,0.9833333333333333,True
134976,0.0,0,0.0,True
86178,0.0,0,0.0,False
313620,0.0,0,0.9333333333333333,False
330810,0.0,0,0.8166666666666667,False
453905,0.0,0,0.85,False
124741,0.0,0,0.05,False
4200,0.0,0,0.7166666666666667,False
500398,0.0,0,0.0,False
233063,0.0,0,0.45,True
310404,0.0,0,0.13333333333333333,False
80152,0.0,0,0.0,False
107642,0.0,0,0.15,False
201845,0.0,0,0.9,False
17061,0.0,0,0.2833333333333333,False
86041,0.0,0,0.016666666666666666,False
305374,0.0,0,0.36666666666666664,False
379454,0.0,0,0.0,False
390917,0.0,0,0.0,False
84779,0.0,0,0.0,False
112055,0.0,0,0.9,True
167645,0.0,0,0.85,False
308736,0.0,0,0.9166666666666666,False
25785,0.0,0,0.23333333333333334,False
327232,0.0,0,0.6,False
290984,0.0,0,0.0,False
305397,0.0,0,0.3,False
312660,0.0,0,0.0,False
88278,0.0,0,0.0,False
7400,0.0,0,0.08333333333333333,False
112295,0.0,0,0.0,False
449164,0.0,0,0.0,False
111877,0.0,0,0.9833333333333333,False
237433,0.0,0,0.9,False
137684,0.0,0,0.6333333333333333,False
117836,0.0,0,0.016666666666666666,False
33727,0.0,0,0.4,False
83309,0.0,0,0.75,True
94625,0.0,0,0.0,False
327546,0.0,0,0.5,False
54615,0.0,0,0.0,False
257708,0.0,0,0.2833333333333333,False
111082,0.0,0,0.5833333333333334,True
379559,0.0,0,0.0,False
326609,0.0,0,0.0,False
89237,0.0,0,0.75,False
407099,0.0,0,0.8166666666666667,False
25359,0.0,0,0.1,True
298296,0.0,0,0.0,False
287289,0.0,0,0.016666666666666666,False
98223,0.0,0,0.7333333333333333,False
152411,0.0,0,0.8333333333333334,False
227610,0.0,0,0.0,False
102466,0.0,0,0.0,False
9806,0.0,0,0.23333333333333334,False
64101,0.0,0,0.7,False
427266,0.0,0,0.6666666666666666,False
134978,0.0,0,0.0,True
35135,0.0,0,0.016666666666666666,False
337231,0.0,0,0.0,False
61615,0.0,0,0.85,False
80151,0.0,0,0.0,False
13050,0.0,0,0.016666666666666666,False
74512,0.0,0,0.5833333333333334,False
325811,0.0,0,0.35,False
11455,0.0,0,0.6,False
118650,0.0,0,0.0,False
161314,0.0,0,0.1,False
410835,0.0,0,0.8166666666666667,False
71988,0.0,0,0.7666666666666667,False
18173,0.0,0,0.03333333333333333,False
125621,0.0,0,0.0,True
74268,0.0,0,0.0,True
167737,0.0,0,0.016666666666666666,False
449165,0.0,0,0.0,False
434921,0.0,0,0.016666666666666666,False
41200,0.0,0,0.05,False
99349,0.0,0,0.0,False
404739,0.0,0,0.2833333333333333,False
201849,0.0,0,0.7833333333333333,False
25786,0.0,0,0.26666666666666666,False
188957,0.0,0,0.0,False
44550,0.0,0,0.8333333333333334,False
167593,0.0,0,0.35,False
315577,0.0,0,0.5666666666666667,True
112279,0.0,0,0.31666666666666665,False
153341,0.0,0,0.0,False
38283,0.0,0,0.8666666666666667,False
439213,0.0,0,0.016666666666666666,True
134977,0.0,0,0.0,True
307038,0.0,0,0.18333333333333332,False
105624,0.0,0,0.8166666666666667,False
127293,0.0,0,0.9333333333333333,False
201846,0.0,0,0.7333333333333333,False
297634,0.0,0,0.21666666666666667,False
283701,0.0,0,0.05,False
141434,0.0,0,0.4166666666666667,False
188483,0.0,0,0.0,False
187687,0.0,0,0.03333333333333333,True
507633,0.0,0,0.0,False
110678,0.0,0,0.0,False
352776,0.0,0,0.06666666666666667,False
443798,0.0,0,0.38333333333333336,True
421619,0.0,0,0.3,False
150778,0.0,0,0.2833333333333333,False
179694,0.0,0,0.95,False
112797,0.0,0,0.0,False
316528,0.0,0,0.35,False
152423,0.0,0,0.5666666666666667,False
229223,0.0,0,0.0,False
97137,0.0,0,0.5,False
13488,0.0,0,0.03333333333333333,False
194711,0.0,0,0.0,True
156569,0.0,0,0.6,False
492731,0.0,0,0.2833333333333333,False
365036,0.0,0,0.0,False
126295,0.0,0,0.0,False
8925,0.0,0,0.0,False
230159,0.0,0,0.8833333333333333,False
94954,0.0,0,0.6833333333333333,False
31470,0.0,0,0.9,False
47424,0.0,0,0.3,False
500916,0.0,0,0.0,False
445158,0.0,0,0.03333333333333333,True
109817,0.0,0,0.0,False
378519,0.0,0,0.0,False
68730,0.0,0,0.75,False
166015,0.0,0,0.5833333333333334,False
40541,0.0,0,0.0,False
84182,0.0,0,0.9833333333333333,True
72059,0.0,0,0.8833333333333333,False
105583,0.0,0,0.0,False
141433,0.0,0,0.4166666666666667,False
511564,0.0,0,0.6333333333333333,False
79010,0.0,0,0.4,False
180863,0.0,0,0.75,False
327352,0.0,0,0.48333333333333334,False
99925,0.0,0,0.9833333333333333,False
75709,0.0,0,0.18333333333333332,False
500252,0.0,0,0.0,False
80292,0.0,0,0.8833333333333333,False
30595,0.0,0,0.06666666666666667,False
20801,0.0,0,0.8333333333333334,False
6555,0.0,0,0.5,False
76987,0.0,0,0.9333333333333333,False
427872,0.0,0,0.85,False
30123,0.0,0,0.6333333333333333,False
231080,0.0,0,0.0,False
281488,0.0,0,0.0,False
336523,0.0,0,0.0,False
107295,0.0,0,0.43333333333333335,False
39954,0.0,0,0.1,False
111512,0.0,0,0.38333333333333336,False
90401,0.0,0,0.3333333333333333,False
144196,0.0,0,0.1,False
118212,0.0,0,0.06666666666666667,False
110825,0.0,0,0.9833333333333333,False
91619,0.0,0,0.0,False
41196,0.0,0,0.45,False
400572,0.0,0,0.9333333333333333,False
511568,0.0,0,0.5666666666666667,False
129262,0.0,0,0.05,False
325909,0.0,0,0.3,False
62516,0.0,0,0.16666666666666666,False
84170,0.0,0,0.0,True
76990,0.0,0,0.95,False
435339,0.0,0,0.18333333333333332,False
430442,0.0,0,0.0,False
500984,0.0,0,0.0,False
410726,0.0,0,0.48333333333333334,False
76144,0.0,0,0.0,False
23088,0.0,0,0.0,False
45543,0.0,0,0.15,False
145639,0.0,0,0.23333333333333334,False
191631,0.0,0,0.016666666666666666,False
152407,0.0,0,0.8333333333333334,False
336535,0.0,0,0.65,False
2001,0.0,0,0.85,False
35211,0.0,0,0.8333333333333334,False
156425,0.0,0,0.2,False
309769,0.0,0,0.8,False
55334,0.0,0,0.0,False
123534,0.0,0,0.4166666666666667,False
66930,0.0,0,0.5833333333333334,False
11349,0.0,0,0.16666666666666666,False
97863,0.0,0,0.8833333333333333,True
188063,0.0,0,0.6666666666666666,False
11937,0.0,0,0.0,False
356590,0.0,0,0.43333333333333335,False
106028,0.0,0,0.8833333333333333,False
392865,0.0,0,0.13333333333333333,False
111081,0.0,0,0.55,True
121146,0.0,0,0.7666666666666667,False
181705,0.0,0,0.85,False
267000,0.0,0,0.0,False
52409,0.0,0,0.3,False
326812,0.0,0,0.16666666666666666,False
501544,0.0,0,0.0,False
202134,0.0,0,0.6,False
327859,0.0,0,0.06666666666666667,False
112749,0.0,0,0.5833333333333334,False
465855,0.0,0,0.5,False
113467,0.0,0,0.8333333333333334,False
29023,0.0,0,0.8166666666666667,False
21782,0.0,0,0.11666666666666667,False
443910,0.0,0,0.13333333333333333,True
71990,0.0,0,0.7666666666666667,False
402697,0.0,0,0.3,False
394023,0.0,0,0.0,False
444020,0.0,0,0.0,False
363677,0.0,0,0.8833333333333333,False
291004,0.0,0,0.0,False
363811,0.0,0,0.8333333333333334,False
402694,0.0,0,0.2833333333333333,False
49220,0.0,0,0.06666666666666667,False
69944,0.0,0,0.0,False
77021,0.0,0,0.21666666666666667,True
538772,0.0,0,0.9333333333333333,False
305375,0.0,0,0.36666666666666664,False
54756,0.0,0,0.0,False
226041,0.0,0,0.5833333333333334,False
121214,0.0,0,0.0,False
66460,0.0,0,0.0,False
40916,0.0,0,0.0,False
137484,0.0,0,0.03333333333333333,False
31671,0.0,0,0.0,False
154473,0.0,0,0.0,False
56055,0.0,0,0.11666666666666667,False
107895,0.0,0,0.9833333333333333,False
452117,0.0,0,0.0,False
80092,0.0,0,0.05,False
83886,0.0,0,0.0,False
5323,0.0,0,0.05,False
64586,0.0,0,0.8833333333333333,True
169185,0.0,0,0.4666666666666667,True
126348,0.0,0,0.8833333333333333,False
180413,0.0,0,0.8666666666666667,False
124335,0.0,0,0.3333333333333333,False
117834,0.0,0,0.03333333333333333,False
71438,0.0,0,0.9166666666666666,False
156414,0.0,0,0.0,False
62520,0.0,0,0.11666666666666667,False
200598,0.0,0,0.0,False
74192,0.0,0,0.85,False
520891,0.0,0,0.0,False
5421,0.0,0,0.9166666666666666,False
111780,0.0,0,0.0,False
128680,0.0,0,0.9,False
438677,0.0,0,0.6,False
74216,0.0,0,0.8833333333333333,False
292545,0.0,0,0.03333333333333333,False
3363,0.0,0,0.0,False
404570,0.0,0,0.8166666666666667,False
273017,0.0,0,0.8333333333333334,False
309239,0.0,0,0.0,False
402602,0.0,0,0.2,False
222110,0.0,0,0.6666666666666666,False
190530,0.0,0,0.016666666666666666,False
292578,0.0,0,0.0,False
117774,0.0,0,0.6333333333333333,False
80300,0.0,0,0.0,False
77371,0.0,0,0.0,False
35673,0.0,0,0.18333333333333332,False
82154,0.0,0,0.016666666666666666,False
85322,0.0,0,0.0,False
30594,0.0,0,0.03333333333333333,False
110760,0.0,0,0.4666666666666667,False
89238,0.0,0,0.5833333333333334,False
446005,0.0,0,0.7,False
88254,0.0,0,0.0,False
183767,0.0,0,0.65,False
325077,0.0,0,0.05,False
267004,0.0,0,0.45,False
379558,0.0,0,0.0,False
21807,0.0,0,0.0,False
486003,0.0,0,0.0,False
50445,0.0,0,0.6,False
183760,0.0,0,0.6333333333333333,False
30306,0.0,0,0.36666666666666664,False
94572,0.0,0,0.6666666666666666,False
167731,0.0,0,0.05,False
55033,0.0,0,0.0,False
438581,0.0,0,0.18333333333333332,False
264486,0.0,0,0.0,False
77246,0.0,0,0.0,False
45545,0.0,0,0.13333333333333333,False
149102,0.0,0,0.6333333333333333,True
288322,0.0,0,0.8166666666666667,False
45473,0.0,0,0.9666666666666667,False
178290,0.0,0,0.6333333333333333,False
141576,0.0,0,0.6333333333333333,False
55977,0.0,0,0.25,False
75677,0.0,0,0.9833333333333333,True
363648,0.0,0,0.6,False
124483,0.0,0,0.0,False
121400,0.0,0,0.15,False
196792,0.0,0,0.0,False
394479,0.0,0,0.0,False
77761,0.0,0,0.31666666666666665,False
153261,0.0,0,0.0,False
305400,0.0,0,0.21666666666666667,False
118291,0.0,0,0.18333333333333332,False
336584,0.0,0,0.8333333333333334,False
443882,0.0,0,0.0,False
40917,0.0,0,0.5833333333333334,False
307191,0.0,0,0.0,False
117835,0.0,0,0.05,False
421663,0.0,0,0.016666666666666666,False
80138,0.0,0,0.11666666666666667,False
187747,0.0,0,0.0,False
412557,0.0,0,0.0,False
88002,0.0,0,0.23333333333333334,False
275390,0.0,0,0.8333333333333334,False
115654,0.0,0,0.13333333333333333,False
407037,0.0,0,0.3333333333333333,False
506218,0.0,0,0.0,False
29989,0.0,0,0.8666666666666667,False
3760,0.0,0,0.0,False
316925,0.0,0,0.7666666666666667,False
316968,0.0,0,0.8,False
93711,0.0,0,0.7,False
84794,0.0,0,0.0,False
503913,0.0,0,0.0,False
190529,0.0,0,0.0,False
44909,0.0,0,0.9833333333333333,False
149111,0.0,0,0.5166666666666667,True
126272,0.0,0,0.3333333333333333,False
161528,0.0,0,0.9333333333333333,False
51055,0.0,0,0.65,False
189046,0.0,0,0.43333333333333335,False
427198,0.0,0,0.05,False
348794,0.0,0,0.43333333333333335,False
410772,0.0,0,0.7833333333333333,False
3526,0.0,0,0.0,False
225959,0.0,0,0.31666666666666665,False
134982,0.0,0,0.0,True
453847,0.0,0,0.0,False
54230,0.0,0,0.13333333333333333,False
379554,0.0,0,0.0,False
135088,0.0,0,0.03333333333333333,False
79499,0.0,0,0.9166666666666666,False
4946,0.0,0,0.16666666666666666,False
5444,0.0,0,0.8666666666666667,False
104972,0.0,0,0.4666666666666667,False
404973,0.0,0,0.06666666666666667,False
93705,0.0,0,0.8,False
229384,0.0,0,0.9333333333333333,False
4741,0.0,0,0.5833333333333334,True
492734,0.0,0,0.3,False
177902,0.0,0,0.7666666666666667,False
309742,0.0,0,0.0,False
138427,0.0,0,0.5666666666666667,False
438414,0.0,0,0.0,False
171224,0.0,0,0.0,False
530039,0.0,0,0.0,False
122485,0.0,0,0.0,False
38247,0.0,0,0.0,False
31095,0.0,0,0.3333333333333333,False
348706,0.0,0,0.4,False
484303,0.0,0,0.0,False
122449,0.0,0,0.016666666666666666,False
98221,0.0,0,0.03333333333333333,False
379556,0.0,0,0.0,False
230068,0.0,0,0.5833333333333334,False
49630,0.0,0,0.0,False
111991,0.0,0,0.43333333333333335,False
21329,0.0,0,0.0,False
326037,0.0,0,0.7333333333333333,False
137485,0.0,0,0.05,False
19709,0.0,0,0.0,False
373838,0.0,0,0.55,False
438269,0.0,0,0.2,False
11460,0.0,0,0.016666666666666666,False
136590,0.0,0,0.0,False
411714,0.0,0,0.7,False
77281,0.0,0,0.6333333333333333,False
68032,0.0,0,0.0,False
150774,0.0,0,0.06666666666666667,False
83566,0.0,0,0.016666666666666666,False
33087,0.0,0,0.65,False
44784,0.0,0,0.8833333333333333,False
525013,0.0,0,0.0,False
414276,0.0,0,0.5666666666666667,False
72652,0.0,0,0.45,False
91355,0.0,0,0.5666666666666667,False
411929,0.0,0,0.0,False
257445,0.0,0,0.0,False
316594,0.0,0,0.9,False
251049,0.0,0,0.21666666666666667,False
136592,0.0,0,0.25,False
129201,0.0,0,0.0,True
337144,0.0,0,0.0,False
156564,0.0,0,0.0,False
178173,0.0,0,0.03333333333333333,False
414271,0.0,0,0.5333333333333333,False
181706,0.0,0,0.85,False
438603,0.0,0,0.8333333333333334,False
494143,0.0,0,0.5166666666666667,False
348791,0.0,0,0.5333333333333333,False
8258,0.0,0,0.0,False
76573,0.0,0,0.3333333333333333,True
141444,0.0,0,0.9833333333333333,False
326016,0.0,0,0.7833333333333333,False
482505,0.0,0,0.2833333333333333,False
75906,0.0,0,0.0,False
5007,0.0,0,0.016666666666666666,False
412491,0.0,0,0.43333333333333335,False
68639,0.0,0,0.26666666666666666,False
112283,0.0,0,0.18333333333333332,True
134987,0.0,0,0.0,True
99496,0.0,0,0.0,False
446064,0.0,0,0.6166666666666667,False
113069,0.0,0,0.65,False
414359,0.0,0,0.0,False
7779,0.0,0,0.6833333333333333,False
448930,0.0,0,0.3333333333333333,False
738,0.0,0,0.0,False
411935,0.0,0,0.7833333333333333,False
394481,0.0,0,0.0,False
75228,0.0,0,0.75,False
31589,0.0,0,0.9,False
57085,0.0,0,0.6,True
87404,0.0,0,0.0,False
153289,0.0,0,0.0,True
105957,0.0,0,0.0,False
68842,0.0,0,0.6666666666666666,False
185317,0.0,0,0.8666666666666667,False
91765,0.0,0,0.0,True
500528,0.0,0,0.0,False
337071,0.0,0,0.0,False
73438,0.0,0,0.3333333333333333,True
127295,0.0,0,0.9333333333333333,False
89438,0.0,0,0.65,False
19719,0.0,0,0.0,False
500826,0.0,0,0.0,False
7953,0.0,0,0.11666666666666667,False
16471,0.0,0,0.6666666666666666,True
128430,0.0,0,0.03333333333333333,False
79251,0.0,0,0.8333333333333334,False
429513,0.0,0,0.0,False
40053,0.0,0,0.9333333333333333,False
11465,0.0,0,0.9333333333333333,False
183753,0.0,0,0.5833333333333334,False
402606,0.0,0,0.0,False
514,0.0,0,0.05,False
326778,0.0,0,0.7166666666666667,False
112640,0.0,0,0.9333333333333333,True
167666,0.0,0,0.4666666666666667,False
115025,0.0,0,0.6833333333333333,False
167153,0.0,0,0.0,False
503144,0.0,0,0.0,False
296853,0.0,0,0.05,False
119825,0.0,0,0.55,False
104442,0.0,0,0.7833333333333333,False
169152,0.0,0,0.8833333333333333,False
79284,0.0,0,0.0,False
347430,0.0,0,0.4166666666666667,False
24718,0.0,0,0.55,False
126465,0.0,0,0.6,False
273095,0.0,0,0.6833333333333333,False
23799,0.0,0,0.21666666666666667,False
54758,0.0,0,0.0,False
74443,0.0,0,0.16666666666666666,False
27968,0.0,0,0.03333333333333333,False
331622,0.0,0,0.7333333333333333,False
36862,0.0,0,0.5833333333333334,False
431343,0.0,0,0.0,False
288319,0.0,0,0.0,False
21159,0.0,0,0.26666666666666666,True
201853,0.0,0,0.9,False
435648,0.0,0,0.06666666666666667,True
33722,0.0,0,0.38333333333333336,False
112255,0.0,0,0.7666666666666667,False
448035,0.0,0,0.0,True
288290,0.0,0,0.7333333333333333,False
6293,0.0,0,0.8666666666666667,False
309184,0.0,0,0.8833333333333333,False
81880,0.0,0,0.9166666666666666,False
85691,0.0,0,0.0,False
112936,0.0,0,0.0,False
229222,0.0,0,0.6333333333333333,False
18529,0.0,0,0.6166666666666667,True
126053,0.0,0,0.0,True
187700,0.0,0,0.9166666666666666,False
70319,0.0,0,0.9,False
62553,0.0,0,0.48333333333333334,False
336522,0.0,0,0.0,False
136588,0.0,0,0.6333333333333333,False
402605,0.0,0,0.0,False
408379,0.0,0,0.6666666666666666,False
54799,0.0,0,0.6833333333333333,False
51058,0.0,0,0.2,False
540632,0.0,0,0.11666666666666667,False
174920,0.0,0,0.0,False
440855,0.0,0,0.0,False
19508,0.0,0,0.11666666666666667,True
134012,0.0,0,0.3333333333333333,False
136596,0.0,0,0.0,False
146512,0.0,0,0.7,False
283801,0.0,0,0.9,False
43898,0.0,0,0.95,True
126270,0.0,0,0.2833333333333333,False
36570,0.0,0,0.0,False
391343,0.0,0,0.0,False
82056,0.0,0,0.8333333333333334,False
144091,0.0,0,0.0,True
12266,0.0,0,0.0,False
161383,0.0,0,0.0,False
470404,0.0,0,0.0,False
51209,0.0,0,0.38333333333333336,True
131251,0.0,0,0.03333333333333333,False
174911,0.0,0,0.0,False
305462,0.0,0,0.0,False
141440,0.0,0,0.9666666666666667,False
47067,0.0,0,0.0,False
448224,0.0,0,0.2,False
32513,0.0,0,0.0,False
430436,0.0,0,0.0,False
93453,0.0,0,0.5666666666666667,False
79241,0.0,0,0.8166666666666667,False
325046,0.0,0,0.0,False
389677,0.0,0,0.7,False
404474,0.0,0,0.13333333333333333,False
136593,0.0,0,0.21666666666666667,False
48813,0.0,0,0.0,True
393218,0.0,0,0.7333333333333333,False
402195,0.0,0,0.0,False
152424,0.0,0,0.0,False
169223,0.0,0,0.85,False
174259,0.0,0,0.0,False
308565,0.0,0,0.0,False
105986,0.0,0,0.5333333333333333,False
98235,0.0,0,0.05,False
156604,0.0,0,0.7666666666666667,False
430441,0.0,0,0.0,False
485637,0.0,0,0.0,False
230055,0.0,0,0.08333333333333333,False
50549,0.0,0,0.016666666666666666,False
108192,0.0,0,0.6333333333333333,False
479899,0.0,0,0.0,False
330798,0.0,0,0.4166666666666667,False
198136,0.0,0,0.0,False
175485,0.0,0,0.8333333333333334,True
431349,0.0,0,0.0,False
407197,0.0,0,0.08333333333333333,False
3789,0.0,0,0.0,False
50166,0.0,0,0.7333333333333333,False
28762,0.0,0,0.25,False
392598,0.0,0,0.6833333333333333,False
4048,0.0,0,0.8333333333333334,False
12998,0.0,0,0.0,False
4711,0.0,0,0.6,False
309243,0.0,0,0.0,False
292549,0.0,0,0.0,False
423696,0.0,0,0.016666666666666666,False
6475,0.0,0,0.0,False
112599,0.0,0,0.7833333333333333,False
6388,0.0,0,0.4,False
28223,0.0,0,0.0,False
86088,0.0,0,0.3333333333333333,True
169533,0.0,0,0.7833333333333333,True
337069,0.0,0,0.0,False
79501,0.0,0,0.9,False
84793,0.0,0,0.0,False
389731,0.0,0,0.0,False
294671,0.0,0,0.75,False
231141,0.0,0,0.95,False
326252,0.0,0,0.0,False
504675,0.0,0,0.8,False
434914,0.0,0,0.5833333333333334,False
165994,0.0,0,0.0,False
423330,0.0,0,0.4,False
183803,0.0,0,0.7833333333333333,False
12659,0.0,0,0.0,False
75085,0.0,0,0.26666666666666666,False
327214,0.0,0,0.0,False
102896,0.0,0,0.8833333333333333,False
443817,0.0,0,0.2,False
134979,0.0,0,0.0,True
88295,0.0,0,0.0,False
389531,0.0,0,0.31666666666666665,False
129199,0.0,0,0.0,True
123624,0.0,0,0.0,False
6038,0.0,0,0.0,False
92158,0.0,0,0.0,True
188915,0.0,0,0.4166666666666667,False
378119,0.0,0,0.0,False
89505,0.0,0,0.6,False
72399,0.0,0,0.8166666666666667,False
66260,0.0,0,0.3,False
515766,0.0,0,0.0,False
82153,0.0,0,0.0,False
228824,0.0,0,0.85,False
28188,0.0,0,0.0,False
83268,0.0,0,0.6333333333333333,False
5958,0.0,0,0.0,False
29308,0.0,0,0.0,False
6936,0.0,0,0.0,False
19777,0.0,0,0.0,False
80288,0.0,0,0.0,False
317320,0.0,0,0.0,False
84674,0.0,0,0.0,False
84253,0.0,0,0.0,False
239543,0.0,0,0.2,False
92251,0.0,0,0.11666666666666667,False
23607,0.0,0,0.0,False
145423,0.0,0,0.6833333333333333,False
90342,0.0,0,0.2,False
55182,0.0,0,0.6166666666666667,False
498207,0.0,0,0.06666666666666667,False
307575,0.0,0,0.5666666666666667,False
94618,0.0,0,0.6333333333333333,False
122490,0.0,0,0.0,False
104964,0.0,0,0.11666666666666667,False
124253,0.0,0,0.4166666666666667,False
49597,0.0,0,0.9166666666666666,True
453954,0.0,0,0.0,False
449163,0.0,0,0.0,False
188068,0.0,0,0.7833333333333333,False
86056,0.0,0,0.03333333333333333,False
187186,0.0,0,0.0,False
112672,0.0,0,0.85,False
149232,0.0,0,0.0,False
32327,0.0,0,0.6833333333333333,False
290981,0.0,0,0.0,False
36799,0.0,0,0.7166666666666667,True
112250,0.0,0,0.06666666666666667,False
187610,0.0,0,0.0,False
163570,0.0,0,0.0,False
74300,0.0,0,0.0,False
550085,0.0,0,0.43333333333333335,True
438222,0.0,0,0.55,False
32345,0.0,0,0.0,False
310526,0.0,0,0.8833333333333333,False
66442,0.0,0,0.016666666666666666,False
336106,0.0,0,0.7666666666666667,False
74818,0.0,0,0.5833333333333334,False
48675,0.0,0,0.016666666666666666,False
54730,0.0,0,0.0,False
394022,0.0,0,0.0,False
79599,0.0,0,0.9,False
406975,0.0,0,0.23333333333333334,False
84778,0.0,0,0.0,False
76917,0.0,0,0.43333333333333335,False
485545,0.0,0,0.0,False
128422,0.0,0,0.0,False
31745,0.0,0,0.0,True
98565,0.0,0,0.48333333333333334,False
2010,0.0,0,0.0,False
443815,0.0,0,0.13333333333333333,False
128409,0.0,0,0.45,False
309743,0.0,0,0.06666666666666667,False
362379,0.0,0,0.0,False
442799,0.0,0,0.016666666666666666,False
111067,0.0,0,0.8333333333333334,False
410667,0.0,0,0.6833333333333333,False
19505,0.0,0,0.0,True
352934,0.0,0,0.0,False
44783,0.0,0,0.6666666666666666,False
187605,0.0,0,0.0,False
327955,0.0,0,0.0,False
344131,0.0,0,0.48333333333333334,True
4780,0.0,0,0.0,False
434862,0.0,0,0.03333333333333333,False
183750,0.0,0,0.85,False
19633,0.0,0,0.0,False
66447,0.0,0,0.03333333333333333,False
71586,0.0,0,0.05,True
70296,0.0,0,0.9833333333333333,False
402743,0.0,0,0.31666666666666665,False
407103,0.0,0,0.48333333333333334,False
503400,0.0,0,0.0,False
66668,0.0,0,0.03333333333333333,False
134423,0.0,0,0.8,False
438673,0.0,0,0.5833333333333334,False
99498,0.0,0,0.7833333333333333,False
174139,0.0,0,0.0,False
84174,0.0,0,0.7833333333333333,False
4956,0.0,0,0.7833333333333333,False
307036,0.0,0,0.2,False
21256,0.0,0,0.08333333333333333,False
155842,0.0,0,0.8333333333333334,False
44049,0.0,0,0.7833333333333333,True
70318,0.0,0,0.9,False
231078,0.0,0,0.0,False
112032,0.0,0,0.5166666666666667,False
98234,0.0,0,0.016666666666666666,False
44536,0.0,0,0.36666666666666664,False
146511,0.0,0,0.55,False
337048,0.0,0,0.75,False
306344,0.0,0,0.0,False
324247,0.0,0,0.7333333333333333,False
164904,0.0,0,0.0,False
144024,0.0,0,0.0,False
352930,0.0,0,0.6666666666666666,False
48811,0.0,0,0.0,True
5673,0.0,0,0.5,False
189077,0.0,0,0.8833333333333333,False
167109,0.0,0,0.6833333333333333,True
330609,0.0,0,0.0,False
337186,0.0,0,0.5666666666666667,False
314721,0.0,0,0.13333333333333333,False
20990,0.0,0,0.0,False
7850,0.0,0,0.45,False
141019,0.0,0,0.03333333333333333,False
38167,0.0,0,0.2,False
430437,0.0,0,0.0,False
65756,0.0,0,0.85,False
26277,0.0,0,0.7,False
429387,0.0,0,0.6333333333333333,False
139502,0.0,0,0.0,False
90344,0.0,0,0.2,False
438411,0.0,0,0.0,False
485667,0.0,0,0.0,False
431464,0.0,0,0.6333333333333333,False
14072,0.0,0,0.0,False
446735,0.0,0,0.3333333333333333,False
25498,0.0,0,0.9333333333333333,False
92275,0.0,0,0.4666666666666667,False
444021,0.0,0,0.0,False
134972,0.0,0,0.0,True
105126,0.0,0,0.0,False
480995,0.0,0,0.0,False
76763,0.0,0,0.0,False
324044,0.0,0,0.7666666666666667,False
189604,0.0,0,0.2,False
99984,0.0,0,0.0,False
105599,0.0,0,0.0,False
379555,0.0,0,0.0,False
161020,0.0,0,0.0,False
134983,0.0,0,0.0,True
90461,0.0,0,0.9833333333333333,False
26526,0.0,0,0.016666666666666666,True
142323,0.0,0,0.016666666666666666,False
414367,0.0,0,0.5833333333333334,False
42012,0.0,0,0.95,False
324028,0.0,0,0.0,False
79242,0.0,0,0.8333333333333334,False
443240,0.0,0,0.8333333333333334,False
82459,0.0,0,0.5333333333333333,False
410751,0.0,0,0.0,False
438224,0.0,0,0.5666666666666667,False
29410,0.0,0,0.0,True
446994,0.0,0,0.05,False
141020,0.0,0,0.0,False
440450,0.0,0,0.0,False
129429,0.0,0,0.8166666666666667,False
33476,0.0,0,0.0,False
462672,0.0,0,0.18333333333333332,True
406473,0.0,0,0.0,False
94727,0.0,0,0.0,False
71427,0.0,0,0.0,False
453840,0.0,0,0.0,False
512470,0.0,0,0.0,False
324042,0.0,0,0.0,False
390234,0.0,0,0.0,False
22902,0.0,0,0.9833333333333333,True
19513,0.0,0,0.0,True
443544,0.0,0,0.016666666666666666,False
93860,0.0,0,0.0,False
303464,0.0,0,0.55,False
434785,0.0,0,0.0,False
43698,0.0,0,0.6333333333333333,False
389656,0.0,0,0.7166666666666667,False
82449,0.0,0,0.8666666666666667,False
90072,0.0,0,0.0,False
410698,0.0,0,0.0,False
404632,0.0,0,0.18333333333333332,False
188176,0.0,0,0.9333333333333333,False
99350,0.0,0,0.0,False
486199,0.0,0,0.43333333333333335,False
316917,0.0,0,0.0,False
183116,0.0,0,0.0,False
28580,0.0,0,0.0,False
407199,0.0,0,0.4,False
106057,0.0,0,0.0,False
85300,0.0,0,0.9,False
110791,0.0,0,0.0,False
93054,0.0,0,0.0,False
325095,0.0,0,0.7666666666666667,False
88529,0.0,0,0.0,False
136591,0.0,0,0.25,False
126259,0.0,0,0.0,False
98237,0.0,0,0.0,False
298431,0.0,0,0.5833333333333334,False
406654,0.0,0,0.0,False
121156,0.0,0,0.6666666666666666,False
89239,0.0,0,0.5833333333333334,False
111117,0.0,0,0.8833333333333333,False
382719,0.0,0,0.2,False
438181,0.0,0,0.0,False
166679,0.0,0,0.05,False
326747,0.0,0,0.0,False
42013,0.0,0,0.95,False
294657,0.0,0,0.0,False
361941,0.0,0,0.5166666666666667,False
174238,0.0,0,0.0,False
107572,0.0,0,0.4,False
40511,0.0,0,0.0,False
352810,0.0,0,0.0,False
80070,0.0,0,0.7333333333333333,True
438105,0.0,0,0.0,False
113074,0.0,0,0.016666666666666666,False
287245,0.0,0,0.16666666666666666,False
308552,0.0,0,0.36666666666666664,False
4811,0.0,0,0.0,False
479900,0.0,0,0.0,False
289640,0.0,0,0.0,False
141640,0.0,0,0.43333333333333335,True
292552,0.0,0,0.0,False
161900,0.0,0,0.4666666666666667,False
478156,0.0,0,0.0,False
108551,0.0,0,0.18333333333333332,False
109059,0.0,0,0.48333333333333334,False
362304,0.0,0,0.16666666666666666,False
5230,0.0,0,0.0,False
48259,0.0,0,0.45,False
44832,0.0,0,0.48333333333333334,False
440858,0.0,0,0.0,False
188029,0.0,0,0.0,False
99740,0.0,0,0.0,False
59819,0.0,0,0.9333333333333333,False
38240,0.0,0,0.0,False
416643,0.0,0,0.2833333333333333,False
500827,0.0,0,0.0,False
192666,0.0,0,0.0,False
128678,0.0,0,0.9333333333333333,False
443334,0.0,0,0.05,False
147028,0.0,0,0.0,False
64261,0.0,0,0.6333333333333333,False
230328,0.0,0,0.7666666666666667,True
307582,0.0,0,0.3,False
80069,0.0,0,0.8333333333333334,True
19234,0.0,0,0.5333333333333333,False
26473,0.0,0,0.0,False
407049,0.0,0,0.31666666666666665,False
538773,0.0,0,0.0,False
111891,0.0,0,0.0,False
134635,0.0,0,0.8166666666666667,False
71342,0.0,0,0.5166666666666667,False
19512,0.0,0,0.06666666666666667,True
152466,0.0,0,0.13333333333333333,False
178716,0.0,0,0.0,False
137463,0.0,0,0.38333333333333336,False
306346,0.0,0,0.0,False
294415,0.0,0,0.6166666666666667,False
40483,0.0,0,0.9833333333333333,True
486200,0.0,0,0.45,False
79334,0.0,0,0.0,False
134988,0.0,0,0.0,True
136594,0.0,0,0.0,False
134973,0.0,0,0.0,True
6094,0.0,0,0.4,True
193463,0.0,0,0.9666666666666667,False
5404,0.0,0,0.0,False
389744,0.0,0,0.0,False
112806,0.0,0,0.0,False
39311,0.0,0,0.06666666666666667,False
88305,0.0,0,0.5333333333333333,False
11928,0.0,0,0.0,False
86179,0.0,0,0.0,False
294371,0.0,0,0.55,False
29503,0.0,0,0.55,False
122362,0.0,0,0.21666666666666667,False
240771,0.0,0,0.0,False
407105,0.0,0,0.0,False
292645,0.0,0,0.0,False
184844,0.0,0,0.0,False
7843,0.0,0,0.0,False
75794,0.0,0,0.8833333333333333,False
431339,0.0,0,0.0,False
325637,0.0,0,0.0,False
11464,0.0,0,0.9833333333333333,False
129261,0.0,0,0.03333333333333333,False
183758,0.0,0,0.8,False
108326,0.0,0,0.16666666666666666,False
486197,0.0,0,0.4,False
443772,0.0,0,0.0,False
512478,0.0,0,0.0,False
316932,0.0,0,0.0,False
486202,0.0,0,0.48333333333333334,False
145651,0.0,0,0.3333333333333333,False
84175,0.0,0,0.7833333333333333,False
280752,0.0,0,0.0,False
494144,0.0,0,0.5166666666666667,False
155789,0.0,0,0.0,False
98217,0.0,0,0.5333333333333333,False
9149,0.0,0,0.0,False
296701,0.0,0,0.5166666666666667,False
183755,0.0,0,0.8833333333333333,False
121181,0.0,0,0.2833333333333333,False
230067,0.0,0,0.6,False
3361,0.0,0,0.0,False
153595,0.0,0,0.0,False
407961,0.0,0,0.1,False
125456,0.0,0,0.0,False
109070,0.0,0,0.05,False
194713,0.0,0,0.0,True
179853,0.0,0,0.8666666666666667,False
404669,0.0,0,0.0,False
12468,0.0,0,0.0,False
404343,0.0,0,0.0,False
44708,0.0,0,0.8333333333333334,True
400571,0.0,0,0.9333333333333333,False
174064,0.0,0,0.0,True
54965,0.0,0,0.8833333333333333,True
139510,0.0,0,0.0,False
348807,0.0,0,0.0,False
95233,0.0,0,0.0,False
264570,0.0,0,0.7333333333333333,False
126300,0.0,0,0.8166666666666667,False
438220,0.0,0,0.55,False
84179,0.0,0,0.7833333333333333,False
141016,0.0,0,0.0,False
169271,0.0,0,0.23333333333333334,False
183747,0.0,0,0.8833333333333333,False
352831,0.0,0,0.0,False
503390,0.0,0,0.5833333333333334,False
178697,0.0,0,0.0,False
83308,0.0,0,0.6,True
292108,0.0,0,0.95,False
104008,0.0,0,0.11666666666666667,True
50274,0.0,0,0.7833333333333333,True
296702,0.0,0,0.016666666666666666,False
20640,0.0,0,0.4666666666666667,True
119950,0.0,0,0.2833333333333333,True
294768,0.0,0,0.03333333333333333,False
454151,0.0,0,0.0,False
127265,0.0,0,0.0,False
390239,0.0,0,0.8166666666666667,False
44085,0.0,0,0.0,False
12018,0.0,0,0.8333333333333334,False
20570,0.0,0,0.36666666666666664,False
453893,0.0,0,0.0,False
76136,0.0,0,0.7833333333333333,False
285432,0.0,0,0.0,False
331746,0.0,0,0.0,False
77392,0.0,0,0.0,False
265246,0.0,0,0.9166666666666666,False
19829,0.0,0,0.85,True
7300,0.0,0,0.0,False
234796,0.0,0,0.9,False
117663,0.0,0,0.75,False
133970,0.0,0,0.8833333333333333,False
24086,0.0,0,0.0,False
57086,0.0,0,0.6333333333333333,True
106027,0.0,0,0.0,False
378800,0.0,0,0.0,False
94725,0.0,0,0.9666666666666667,False
176038,0.0,0,0.0,False
313635,0.0,0,0.8,False
136707,0.0,0,0.0,False
161423,0.0,0,0.8333333333333334,False
415018,0.0,0,0.8333333333333334,False
309242,0.0,0,0.0,False
99586,0.0,0,0.8666666666666667,False
68840,0.0,0,0.6,False
305998,0.0,0,0.016666666666666666,False
286415,0.0,0,0.0,False
330667,0.0,0,0.6,False
79895,0.0,0,0.0,False
94552,0.0,0,0.0,False
18775,0.0,0,0.75,False
88595,0.0,0,0.0,False
105295,0.0,0,0.03333333333333333,False
438290,0.0,0,0.0,False
378825,0.0,0,0.0,False
115590,0.0,0,0.48333333333333334,False
92161,0.0,0,0.0,True
20700,0.0,0,0.0,False
144093,0.0,0,0.13333333333333333,False
174557,0.0,0,0.0,False
554822,0.0,0,0.06666666666666667,False
112793,0.0,0,0.0,False
71467,0.0,0,0.0,False
166004,0.0,0,0.0,False
7851,0.0,0,0.13333333333333333,False
434784,0.0,0,0.0,False
93405,0.0,0,0.6666666666666666,False
389723,0.0,0,0.0,False
135565,0.0,0,0.36666666666666664,False
54161,0.0,0,0.6,False
240898,0.0,0,0.9333333333333333,False
378735,0.0,0,0.16666666666666666,False
143728,0.0,0,0.7333333333333333,False
438268,0.0,0,0.8333333333333334,False
454149,0.0,0,0.35,False
223326,0.0,0,0.5333333333333333,False
100042,0.0,0,0.0,False
5816,0.0,0,0.6833333333333333,False
179601,0.0,0,0.9,False
326251,0.0,0,0.0,False
187941,0.0,0,0.0,False
136709,0.0,0,0.0,False
236990,0.0,0,0.8333333333333334,False
112581,0.0,0,0.0,False
347504,0.0,0,0.4666666666666667,False
77388,0.0,0,0.7333333333333333,False
150799,0.0,0,0.0,False
458788,0.0,0,0.0,False
190772,0.0,0,0.0,False
187944,0.0,0,0.0,False
141687,0.0,0,0.0,False
165421,0.0,0,0.6666666666666666,False
142363,0.0,0,0.1,False
408217,0.0,0,0.65,False
4941,0.0,0,0.1,False
187950,0.0,0,0.48333333333333334,False
227608,0.0,0,0.65,False
104487,0.0,0,0.0,False
149152,0.0,0,0.0,False
82902,0.0,0,0.0,True
100006,0.0,0,0.38333333333333336,False
326038,0.0,0,0.7333333333333333,False
324082,0.0,0,0.03333333333333333,False
90628,0.0,0,0.0,False
134975,0.0,0,0.0,True
189054,0.0,0,0.8166666666666667,False
77245,0.0,0,0.0,False
46381,0.0,0,0.18333333333333332,False
54162,0.0,0,0.6833333333333333,False
316595,0.0,0,0.85,False
448030,0.0,0,0.0,True
65937,0.0,0,0.0,False
22071,0.0,0,0.3,False
393195,0.0,0,0.0,False
189531,0.0,0,0.85,False
503391,0.0,0,0.5,False
167968,0.0,0,0.75,False
288307,0.0,0,0.43333333333333335,False
168705,0.0,0,0.5666666666666667,False
325015,0.0,0,0.0,False
82907,0.0,0,0.0,True
121148,0.0,0,0.0,False
378741,0.0,0,0.36666666666666664,False
23603,0.0,0,0.43333333333333335,False
288316,0.0,0,0.05,False
171307,0.0,0,0.0,False
111113,0.0,0,0.016666666666666666,False
404859,0.0,0,0.03333333333333333,False
434912,0.0,0,0.6166666666666667,False
482526,0.0,0,0.0,False
237251,0.0,0,0.0,False
29024,0.0,0,0.0,False
325921,0.0,0,0.0,False
71830,0.0,0,0.7833333333333333,False
189072,0.0,0,0.0,False
407970,0.0,0,0.75,False
142428,0.0,0,0.03333333333333333,False
79250,0.0,0,0.8333333333333334,False
111919,0.0,0,0.7333333333333333,False
5151,0.0,0,0.8166666666666667,False
94356,0.0,0,0.0,False
163567,0.0,0,0.0,False
29016,0.0,0,0.0,False
125213,0.0,0,0.8333333333333334,False
86054,0.0,0,0.0,False
71278,0.0,0,0.0,False
228869,0.0,0,0.6833333333333333,False
71373,0.0,0,0.0,False
149150,0.0,0,0.0,False
112677,0.0,0,0.0,False
226045,0.0,0,0.08333333333333333,False
166096,0.0,0,0.0,False
92238,0.0,0,0.0,False
19510,0.0,0,0.0,True
66919,0.0,0,0.0,False
18628,0.0,0,0.03333333333333333,False
44264,0.0,0,0.0,False
90623,0.0,0,0.0,False
488731,0.0,0,0.0,False
172016,0.0,0,0.6166666666666667,False
380065,0.0,0,0.8666666666666667,False
132705,0.0,0,0.0,False
90117,0.0,0,0.8833333333333333,False
44989,0.0,0,0.8166666666666667,False
157750,0.0,0,0.11666666666666667,False
188039,0.0,0,0.0,False
175507,0.0,0,0.0,True
23573,0.0,0,0.016666666666666666,False
83565,0.0,0,0.0,False
7849,0.0,0,0.7666666666666667,True
111631,0.0,0,0.45,False
74073,0.0,0,0.0,False
352826,0.0,0,0.0,False
351867,0.0,0,0.0,False
488729,0.0,0,0.0,False
402612,0.0,0,0.6333333333333333,False
427272,0.0,0,0.0,False
380067,0.0,0,0.8666666666666667,False
165999,0.0,0,0.0,False
54164,0.0,0,0.7666666666666667,False
7777,0.0,0,0.0,False
8979,0.0,0,0.0,False
4985,0.0,0,0.05,False
94355,0.0,0,0.0,False
165654,0.0,0,0.0,False
200552,0.0,0,0.8333333333333334,False
414283,0.0,0,0.9333333333333333,False
145718,0.0,0,0.0,True
49255,0.0,0,0.75,False
453981,0.0,0,0.0,False
111921,0.0,0,0.5166666666666667,False
37679,0.0,0,0.0,False
448854,0.0,0,0.0,False
444770,0.0,0,0.0,False
97900,0.0,0,0.18333333333333332,False
16472,0.0,0,0.6666666666666666,True
55032,0.0,0,0.0,False
488568,0.0,0,0.0,False
19507,0.0,0,0.0,True
137395,0.0,0,0.0,False
47577,0.0,0,0.0,False
63196,0.0,0,0.0,False
10540,0.0,0,0.0,False
183763,0.0,0,0.7666666666666667,False
326745,0.0,0,0.0,False
402699,0.0,0,0.45,False
33370,0.0,0,0.5,False
10334,0.0,0,0.0,False
79894,0.0,0,0.0,False
287269,0.0,0,0.5333333333333333,False
191071,0.0,0,0.0,False
325922,0.0,0,0.0,False
500098,0.0,0,0.0,False
50771,0.0,0,0.0,False
27499,0.0,0,0.7166666666666667,False
64365,0.0,0,0.0,False
174131,0.0,0,0.9,False
65312,0.0,0,0.0,False
134631,0.0,0,0.0,False
5826,0.0,0,0.016666666666666666,False
317925,0.0,0,0.4,False
446060,0.0,0,0.6,False
500457,0.0,0,0.016666666666666666,False
60034,0.0,0,0.0,False
107811,0.0,0,0.0,False
12708,0.0,0,0.8333333333333334,False
168702,0.0,0,0.5833333333333334,False
410836,0.0,0,0.0,False
118293,0.0,0,0.2,False
95424,0.0,0,0.016666666666666666,False
39640,0.0,0,0.95,False
104443,0.0,0,0.7833333333333333,False
453854,0.0,0,0.0,False
362341,0.0,0,0.48333333333333334,False
453852,0.0,0,0.0,False
174459,0.0,0,0.0,False
17256,0.0,0,0.0,False
491446,0.0,0,0.06666666666666667,False
78965,0.0,0,0.03333333333333333,False
9801,0.0,0,0.36666666666666664,False
265245,0.0,0,0.8333333333333334,False
412495,0.0,0,0.55,False
328699,0.0,0,0.36666666666666664,False
90116,0.0,0,0.8333333333333334,False
111917,0.0,0,0.3333333333333333,False
258471,0.0,0,0.0,False
47575,0.0,0,0.0,False
388077,0.0,0,0.0,False
325680,0.0,0,0.0,False
59772,0.0,0,0.0,False
99309,0.0,0,0.8333333333333334,False
82802,0.0,0,0.5666666666666667,True
479395,0.0,0,0.0,False
434787,0.0,0,0.13333333333333333,False
55980,0.0,0,0.7666666666666667,False
111920,0.0,0,0.5833333333333334,False
389728,0.0,0,0.0,False
141096,0.0,0,0.0,False
356881,0.0,0,0.0,False
95693,0.0,0,0.0,False
86046,0.0,0,0.05,False
141883,0.0,0,0.0,False
264545,0.0,0,0.43333333333333335,False
125992,0.0,0,0.0,False
515764,0.0,0,0.8333333333333334,False
167159,0.0,0,0.5833333333333334,False
74199,0.0,0,0.8333333333333334,False
75635,0.0,0,0.21666666666666667,False
486005,0.0,0,0.0,False
77315,0.0,0,0.26666666666666666,False
461796,0.0,0,0.5333333333333333,False
512459,0.0,0,0.0,False
404574,0.0,0,0.5333333333333333,False
77391,0.0,0,0.0,False
95229,0.0,0,0.0,False
448222,0.0,0,0.11666666666666667,False
67546,0.0,0,0.0,False
111916,0.0,0,0.4,False
235562,0.0,0,0.43333333333333335,False
79302,0.0,0,0.0,False
79249,0.0,0,0.8333333333333334,False
344924,0.0,0,0.03333333333333333,False
110792,0.0,0,0.03333333333333333,False
404620,0.0,0,0.16666666666666666,False
55279,0.0,0,0.6,True
110965,0.0,0,0.0,False
232902,0.0,0,0.5666666666666667,False
137394,0.0,0,0.0,False
189071,0.0,0,0.0,False
285597,0.0,0,0.0,False
81881,0.0,0,0.0,False
174097,0.0,0,0.0,False
23602,0.0,0,0.5666666666666667,False
404899,0.0,0,0.4,False
86043,0.0,0,0.0,False
12697,0.0,0,0.0,False
201852,0.0,0,0.9,False
88226,0.0,0,0.18333333333333332,False
133496,0.0,0,0.0,False
135996,0.0,0,0.0,False
140299,0.0,0,0.5666666666666667,True
59334,0.0,0,0.0,False
7781,0.0,0,0.0,False
141394,0.0,0,0.6333333333333333,False
183757,0.0,0,0.7666666666666667,False
298397,0.0,0,0.5333333333333333,False
227098,0.0,0,0.9,False
406653,0.0,0,0.0,False
408376,0.0,0,0.6333333333333333,False
35676,0.0,0,0.0,True
193451,0.0,0,0.2833333333333333,True
74816,0.0,0,0.65,False
153104,0.0,0,0.15,False
295220,0.0,0,0.9,False
90630,0.0,0,0.0,False
453866,0.0,0,0.0,False
440137,0.0,0,0.0,False
7852,0.0,0,0.1,False
41217,0.0,0,0.21666666666666667,True
63678,0.0,0,0.0,False
175505,0.0,0,0.0,True
51208,0.0,0,0.5833333333333334,True
81295,0.0,0,0.26666666666666666,False
18671,0.0,0,0.23333333333333334,False
315517,0.0,0,0.0,False
174014,0.0,0,0.35,True
435216,0.0,0,0.6333333333333333,False
404572,0.0,0,0.48333333333333334,False
462582,0.0,0,0.0,False
82803,0.0,0,0.5166666666666667,True
156705,0.0,0,0.0,False
440867,0.0,0,0.0,False
183768,0.0,0,0.8833333333333333,False
153085,0.0,0,0.0,False
125994,0.0,0,0.0,False
112030,0.0,0,0.48333333333333334,False
145636,0.0,0,0.0,False
123547,0.0,0,0.0,False
18565,0.0,0,0.5666666666666667,True
501548,0.0,0,0.0,False
194606,0.0,0,0.0,False
108401,0.0,0,0.8666666666666667,False
25118,0.0,0,0.0,False
447935,0.0,0,0.5833333333333334,False
71831,0.0,0,0.75,False
141628,0.0,0,0.0,False
402756,0.0,0,0.016666666666666666,False
119531,0.0,0,0.0,True
193464,0.0,0,0.0,False
66200,0.0,0,0.8333333333333334,False
43937,0.0,0,0.8333333333333334,False
305255,0.0,0,0.0,True
149162,0.0,0,0.06666666666666667,False
442675,0.0,0,0.36666666666666664,False
88009,0.0,0,0.0,True
324638,0.0,0,0.0,False
4501,0.0,0,0.0,False
174065,0.0,0,0.0,True
443543,0.0,0,0.05,False
54728,0.0,0,0.0,False
181387,0.0,0,0.0,False
90636,0.0,0,0.5833333333333334,False
380069,0.0,0,0.7833333333333333,False
324700,0.0,0,0.0,False
136619,0.0,0,0.0,False
41526,0.0,0,0.7166666666666667,False
412196,0.0,0,0.0,False
331958,0.0,0,0.5666666666666667,False
109746,0.0,0,0.6166666666666667,True
12264,0.0,0,0.08333333333333333,False
484299,0.0,0,0.0,False
13627,0.0,0,0.0,False
82450,0.0,0,0.8666666666666667,False
70314,0.0,0,0.0,True
111889,0.0,0,0.0,False
450134,0.0,0,0.0,False
406379,0.0,0,0.4666666666666667,False
3906,0.0,0,0.0,False
234798,0.0,0,0.9,False
163368,0.0,0,0.4,False
82457,0.0,0,0.5166666666666667,False
187051,0.0,0,0.05,False
190532,0.0,0,0.5333333333333333,False
167677,0.0,0,0.0,False
122911,0.0,0,0.21666666666666667,False
74047,0.0,0,0.0,False
142202,0.0,0,0.0,False
20536,0.0,0,0.0,False
87845,0.0,0,0.0,False
29031,0.0,0,0.0,False
306976,0.0,0,0.0,False
115558,0.0,0,0.5166666666666667,False
402787,0.0,0,0.0,False
166094,0.0,0,0.0,False
20639,0.0,0,0.5833333333333334,True
171845,0.0,0,0.0,False
232874,0.0,0,0.0,False
431466,0.0,0,0.5166666666666667,False
337556,0.0,0,0.0,False
155152,0.0,0,0.03333333333333333,False
153513,0.0,0,0.15,False
144094,0.0,0,0.06666666666666667,False
8021,0.0,0,0.0,False
1455,0.0,0,0.0,False
324681,0.0,0,0.7333333333333333,False
11378,0.0,0,0.0,False
381924,0.0,0,0.0,False
49626,0.0,0,0.8333333333333334,False
363653,0.0,0,0.2,False
174916,0.0,0,0.0,False
175916,0.0,0,0.0,False
460056,0.0,0,0.0,False
63391,0.0,0,0.016666666666666666,True
440136,0.0,0,0.0,False
71564,0.0,0,0.7333333333333333,False
79644,0.0,0,0.55,False
56059,0.0,0,0.05,False
181630,0.0,0,0.0,False
157738,0.0,0,0.0,False
46815,0.0,0,0.0,False
90438,0.0,0,0.0,False
19943,0.0,0,0.0,False
88618,0.0,0,0.0,False
118651,0.0,0,0.0,False
72536,0.0,0,0.38333333333333336,False
288317,0.0,0,0.0,False
109069,0.0,0,0.0,False
166095,0.0,0,0.0,False
410838,0.0,0,0.0,False
80153,0.0,0,0.0,False
117172,0.0,0,0.0,False
37678,0.0,0,0.0,False
4779,0.0,0,0.0,False
437361,0.0,0,0.0,False
331592,0.0,0,0.0,False
412294,0.0,0,0.7,False
99480,0.0,0,0.0,False
487199,0.0,0,0.8833333333333333,False
188046,0.0,0,0.11666666666666667,False
8055,0.0,0,0.8333333333333334,False
21030,0.0,0,0.0,False
425110,0.0,0,0.0,False
39557,0.0,0,0.0,False
189603,0.0,0,0.2,False
188111,0.0,0,0.0,False
149196,0.0,0,0.0,False
221948,0.0,0,0.06666666666666667,False
288318,0.0,0,0.0,False
11583,0.0,0,0.0,False
13796,0.0,0,0.06666666666666667,False
97042,0.0,0,0.8333333333333334,False
11720,0.0,0,0.18333333333333332,True
415025,0.0,0,0.8333333333333334,False
414284,0.0,0,0.0,False
265862,0.0,0,0.0,False
408938,0.0,0,0.0,False
155885,0.0,0,0.0,False
142364,0.0,0,0.0,False
348707,0.0,0,0.4,False
23724,0.0,0,0.0,False
49219,0.0,0,0.4166666666666667,False
85673,0.0,0,0.4666666666666667,False
111870,0.0,0,0.0,False
78884,0.0,0,0.0,False
145707,0.0,0,0.0,True
327251,0.0,0,0.0,False
378435,0.0,0,0.0,False
437243,0.0,0,0.0,False
122838,0.0,0,0.0,False
18364,0.0,0,0.11666666666666667,False
153086,0.0,0,0.0,False
52433,0.0,0,0.15,False
68781,0.0,0,0.0,False
49624,0.0,0,0.8333333333333334,False
458787,0.0,0,0.0,False
110084,0.0,0,0.0,False
71374,0.0,0,0.0,False
108557,0.0,0,0.0,False
143811,0.0,0,0.75,False
336404,0.0,0,0.0,False
13885,0.0,0,0.0,True
127601,0.0,0,0.7166666666666667,False
106110,0.0,0,0.8833333333333333,False
325110,0.0,0,0.26666666666666666,False
305993,0.0,0,0.0,False
121158,0.0,0,0.0,False
174357,0.0,0,0.0,False
38242,0.0,0,0.8,False
223402,0.0,0,0.75,False
431346,0.0,0,0.0,False
51094,0.0,0,0.43333333333333335,False
11894,0.0,0,0.2,False
390186,0.0,0,0.0,False
35661,0.0,0,0.0,False
188991,0.0,0,0.0,False
274580,0.0,0,0.7666666666666667,False
115559,0.0,0,0.13333333333333333,False
305281,0.0,0,0.016666666666666666,False
183761,0.0,0,0.8833333333333333,False
94619,0.0,0,0.6333333333333333,False
145702,0.0,0,0.0,False
5667,0.0,0,0.7833333333333333,False
74336,0.0,0,0.0,False
50805,0.0,0,0.9833333333333333,False
18289,0.0,0,0.0,False
77352,0.0,0,0.8333333333333334,False
64194,0.0,0,0.1,False
434586,0.0,0,0.3,False
90317,0.0,0,0.55,False
139361,0.0,0,0.5833333333333334,False
190318,0.0,0,0.95,False
4294,0.0,0,0.0,False
357919,0.0,0,0.21666666666666667,False
111884,0.0,0,0.0,False
19506,0.0,0,0.0,True
161618,0.0,0,0.05,False
30743,0.0,0,0.9833333333333333,False
64396,0.0,0,0.0,False
183749,0.0,0,0.7666666666666667,False
141018,0.0,0,0.0,False
33400,0.0,0,0.0,False
488754,0.0,0,0.4166666666666667,False
149220,0.0,0,0.43333333333333335,False
36906,0.0,0,0.0,False
66704,0.0,0,0.0,False
306006,0.0,0,0.03333333333333333,False
31746,0.0,0,0.0,True
331957,0.0,0,0.5833333333333334,False
166612,0.0,0,0.0,True
7695,0.0,0,0.0,False
66254,0.0,0,0.55,False
315817,0.0,0,0.0,False
490457,0.0,0,0.0,False
99508,0.0,0,0.0,False
152467,0.0,0,0.13333333333333333,False
99985,0.0,0,0.0,False
46345,0.0,0,0.03333333333333333,False
91617,0.0,0,0.0,False
169097,0.0,0,0.75,False
381901,0.0,0,0.5666666666666667,False
70951,0.0,0,0.0,True
55183,0.0,0,0.21666666666666667,False
373842,0.0,0,0.016666666666666666,False
287266,0.0,0,0.0,False
100050,0.0,0,0.7666666666666667,False
105124,0.0,0,0.0,False
127337,0.0,0,0.016666666666666666,False
97985,0.0,0,0.08333333333333333,False
79326,0.0,0,0.0,False
221044,0.0,0,0.9666666666666667,True
50796,0.0,0,0.05,False
442796,0.0,0,0.0,False
88281,0.0,0,0.0,False
443819,0.0,0,0.16666666666666666,False
13614,0.0,0,0.0,False
326019,0.0,0,0.7833333333333333,False
184824,0.0,0,0.8333333333333334,False
123756,0.0,0,0.0,False
171138,0.0,0,0.4666666666666667,False
438654,0.0,0,0.6166666666666667,False
136585,0.0,0,0.4166666666666667,False
110506,0.0,0,0.8,False
166742,0.0,0,0.06666666666666667,False
303883,0.0,0,0.0,False
305388,0.0,0,0.0,False
305463,0.0,0,0.0,False
5013,0.0,0,0.5166666666666667,False
512461,0.0,0,0.0,False
76892,0.0,0,0.5833333333333334,False
113597,0.0,0,0.11666666666666667,False
84800,0.0,0,0.4166666666666667,False
99771,0.0,0,0.0,False
55669,0.0,0,0.11666666666666667,False
466981,0.0,0,0.08333333333333333,False
450122,0.0,0,0.2,False
481227,0.0,0,0.5,False
358590,0.0,0,0.0,False
298392,0.0,0,0.5333333333333333,False
56265,0.0,0,0.08333333333333333,False
5226,0.0,0,0.0,False
409361,0.0,0,0.0,False
450135,0.0,0,0.0,False
100008,0.0,0,0.0,True
4356,0.0,0,0.7666666666666667,False
171151,0.0,0,0.5833333333333334,True
38415,0.0,0,0.4166666666666667,False
111779,0.0,0,0.0,False
81300,0.0,0,0.21666666666666667,False
327181,0.0,0,0.3333333333333333,False
19509,0.0,0,0.0,True
352935,0.0,0,0.0,False
22062,0.0,0,0.0,False
140829,0.0,0,0.6,False
166097,0.0,0,0.6,False
146002,0.0,0,0.0,False
63238,0.0,0,0.03333333333333333,False
33730,0.0,0,0.0,True
174510,0.0,0,0.2,False
298080,0.0,0,0.0,False
11151,0.0,0,0.0,True
412543,0.0,0,0.7833333333333333,True
404369,0.0,0,0.0,False
3485,0.0,0,0.95,False
156375,0.0,0,0.23333333333333334,False
71442,0.0,0,0.0,False
70945,0.0,0,0.0,False
66094,0.0,0,0.0,False
188288,0.0,0,0.0,False
324491,0.0,0,0.03333333333333333,False
38234,0.0,0,0.18333333333333332,False
49671,0.0,0,0.6833333333333333,False
169844,0.0,0,0.0,False
84926,0.0,0,0.0,False
169845,0.0,0,0.0,False
438526,0.0,0,0.0,False
64193,0.0,0,0.0,False
93463,0.0,0,0.26666666666666666,False
49618,0.0,0,0.5666666666666667,False
438104,0.0,0,0.0,False
94650,0.0,0,0.0,False
175950,0.0,0,0.5333333333333333,True
63549,0.0,0,0.0,False
226054,0.0,0,0.016666666666666666,False
56263,0.0,0,0.3333333333333333,False
103260,0.0,0,0.7333333333333333,True
343078,0.0,0,0.0,False
166137,0.0,0,0.0,False
487770,0.0,0,0.0,False
317929,0.0,0,0.0,False
85973,0.0,0,0.0,False
88620,0.0,0,0.0,False
429386,0.0,0,0.0,False
157744,0.0,0,0.06666666666666667,False
500925,0.0,0,0.0,False
49958,0.0,0,0.0,False
392606,0.0,0,0.0,False
294165,0.0,0,0.0,False
88280,0.0,0,0.0,False
33975,0.0,0,0.0,False
7297,0.0,0,0.0,False
199519,0.0,0,0.0,True
49223,0.0,0,0.43333333333333335,False
88594,0.0,0,0.0,False
221834,0.0,0,0.0,True
336407,0.0,0,0.016666666666666666,False
232875,0.0,0,0.0,False
160757,0.0,0,0.0,False
342011,0.0,0,0.3333333333333333,False
194011,0.0,0,0.0,False
112053,0.0,0,0.65,True
184823,0.0,0,0.8333333333333334,False
305988,0.0,0,0.0,False
136017,0.0,0,0.0,False
362150,0.0,0,0.0,False
7701,0.0,0,0.8333333333333334,False
18540,0.0,0,0.55,False
125441,0.0,0,0.5333333333333333,False
83584,0.0,0,0.5166666666666667,False
325618,0.0,0,0.0,False
89592,0.0,0,0.85,False
3904,0.0,0,0.0,False
161921,0.0,0,0.0,False
18724,0.0,0,0.0,False
134336,0.0,0,0.016666666666666666,False
12399,0.0,0,0.0,False
87846,0.0,0,0.03333333333333333,False
129303,0.0,0,0.9666666666666667,False
33850,0.0,0,0.0,True
362316,0.0,0,0.08333333333333333,False
112946,0.0,0,0.0,False
74020,0.0,0,0.13333333333333333,False
150832,0.0,0,0.0,False
174908,0.0,0,0.0,False
13834,0.0,0,0.85,False
153651,0.0,0,0.0,False
105139,0.0,0,0.0,False
412384,0.0,0,0.8333333333333334,False
141332,0.0,0,0.0,False
39658,0.0,0,0.0,False
431469,0.0,0,0.0,False
443613,0.0,0,0.6666666666666666,False
431385,0.0,0,0.0,False
187955,0.0,0,0.0,False
50795,0.0,0,0.0,False
174774,0.0,0,0.0,True
13556,0.0,0,0.0,False
295259,0.0,0,0.0,False
190968,0.0,0,0.0,False
121279,0.0,0,0.5166666666666667,False
13511,0.0,0,0.0,False
453845,0.0,0,0.0,False
13896,0.0,0,0.0,True
8320,0.0,0,0.21666666666666667,False
225958,0.0,0,0.0,False
329004,0.0,0,0.0,False
231048,0.0,0,0.03333333333333333,False
135247,0.0,0,0.2833333333333333,False
112302,0.0,0,0.0,False
78787,0.0,0,0.0,False
89625,0.0,0,0.0,False
110812,0.0,0,0.6333333333333333,False
144892,0.0,0,0.5666666666666667,False
168103,0.0,0,0.0,True
161864,0.0,0,0.0,False
168704,0.0,0,0.5666666666666667,False
56197,0.0,0,0.9833333333333333,False
238334,0.0,0,0.8833333333333333,False
294670,0.0,0,0.35,False
198172,0.0,0,0.21666666666666667,True
189095,0.0,0,0.5166666666666667,False
6310,0.0,0,0.7166666666666667,False
123546,0.0,0,0.0,False
97004,0.0,0,0.1,False
56057,0.0,0,0.1,False
26073,0.0,0,0.18333333333333332,False
85972,0.0,0,0.0,False
143725,0.0,0,0.03333333333333333,True
407217,0.0,0,0.36666666666666664,False
308545,0.0,0,0.0,False
7259,0.0,0,0.2833333333333333,False
189194,0.0,0,0.1,True
362213,0.0,0,0.2833333333333333,False
104965,0.0,0,0.0,False
389602,0.0,0,0.0,False
112602,0.0,0,0.7833333333333333,False
75266,0.0,0,0.0,False
117745,0.0,0,0.7,False
48528,0.0,0,0.05,False
289677,0.0,0,0.0,False
413761,0.0,0,0.0,False
462579,0.0,0,0.0,False
174138,0.0,0,0.0,False
107305,0.0,0,0.6333333333333333,False
7185,0.0,0,0.0,False
142182,0.0,0,0.0,False
62198,0.0,0,0.03333333333333333,False
428804,0.0,0,0.25,False
82464,0.0,0,0.6833333333333333,False
125447,0.0,0,0.38333333333333336,True
85314,0.0,0,0.0,False
59522,0.0,0,0.9,False
68709,0.0,0,0.4666666666666667,False
328135,0.0,0,0.0,False
88076,0.0,0,0.0,True
65897,0.0,0,0.0,True
84141,0.0,0,0.0,True
18564,0.0,0,0.13333333333333333,True
4888,0.0,0,0.0,False
298389,0.0,0,0.9,False
126025,0.0,0,0.0,False
86243,0.0,0,0.6,False
61588,0.0,0,0.06666666666666667,False
18627,0.0,0,0.0,False
102047,0.0,0,0.0,False
20511,0.0,0,0.0,False
127414,0.0,0,0.0,False
17149,0.0,0,0.7833333333333333,False
112617,0.0,0,0.4666666666666667,False
188871,0.0,0,0.16666666666666666,False
24185,0.0,0,0.0,False
76831,0.0,0,0.0,False
414423,0.0,0,0.0,False
193112,0.0,0,0.03333333333333333,False
444293,0.0,0,0.0,False
81734,0.0,0,0.0,False
110797,0.0,0,0.0,False
141459,0.0,0,0.0,False
356564,0.0,0,0.0,False
26074,0.0,0,0.0,False
357916,0.0,0,0.13333333333333333,False
97986,0.0,0,0.08333333333333333,False
326372,0.0,0,0.0,False
125402,0.0,0,0.0,False
117863,0.0,0,0.0,False
95378,0.0,0,0.36666666666666664,False
118455,0.0,0,0.7,False
99291,0.0,0,0.0,False
99733,0.0,0,0.0,False
153343,0.0,0,0.0,False
23604,0.0,0,0.5,False
194139,0.0,0,0.0,True
324039,0.0,0,0.1,False
378736,0.0,0,0.06666666666666667,False
123768,0.0,0,0.0,False
60090,0.0,0,0.0,False
36733,0.0,0,0.0,True
378822,0.0,0,0.0,False
9891,0.0,0,0.8166666666666667,True
12731,0.0,0,0.0,False
59815,0.0,0,0.0,False
66538,0.0,0,0.4,True
68743,0.0,0,0.0,False
84661,0.0,0,0.0,False
181388,0.0,0,0.0,False
187937,0.0,0,0.85,False
85347,0.0,0,0.23333333333333334,False
84703,0.0,0,0.0,False
110947,0.0,0,0.25,False
489492,0.0,0,0.4166666666666667,False
488773,0.0,0,0.26666666666666666,False
90574,0.0,0,0.4166666666666667,False
25038,0.0,0,0.0,False
3360,0.0,0,0.0,False
174270,0.0,0,0.0,False
12120,0.0,0,0.0,False
412489,0.0,0,0.0,False
127371,0.0,0,0.0,False
8608,0.0,0,0.0,False
99357,0.0,0,0.0,False
130424,0.0,0,0.0,False
30749,0.0,0,0.0,False
431301,0.0,0,0.03333333333333333,False
402783,0.0,0,0.38333333333333336,False
437245,0.0,0,0.0,False
501042,0.0,0,0.0,False
51057,0.0,0,0.5833333333333334,False
97876,0.0,0,0.0,False
71867,0.0,0,0.0,False
22606,0.0,0,0.5666666666666667,False
109009,0.0,0,0.0,False
84803,0.0,0,0.08333333333333333,False
83895,0.0,0,0.0,False
402196,0.0,0,0.0,False
84693,0.0,0,0.0,False
102762,0.0,0,0.0,False
440446,0.0,0,0.016666666666666666,False
13644,0.0,0,0.0,False
331028,0.0,0,0.0,False
331117,0.0,0,0.8333333333333334,False
443305,0.0,0,0.016666666666666666,False
99340,0.0,0,0.0,False
438595,0.0,0,0.8333333333333334,False
44819,0.0,0,0.7,True
31450,0.0,0,0.0,True
11072,0.0,0,0.9666666666666667,False
92583,0.0,0,0.0,False
296608,0.0,0,0.0,False
69552,0.0,0,0.1,False
19407,0.0,0,0.0,False
57190,0.0,0,0.48333333333333334,False
64211,0.0,0,0.8333333333333334,True
126231,0.0,0,0.38333333333333336,True
246742,0.0,0,0.8833333333333333,False
111502,0.0,0,0.15,False
85348,0.0,0,0.0,False
229503,0.0,0,0.0,False
331119,0.0,0,0.8333333333333334,False
79301,0.0,0,0.0,False
108285,0.0,0,0.5833333333333334,False
189055,0.0,0,0.6166666666666667,False
485305,0.0,0,0.0,False
450116,0.0,0,0.18333333333333332,False
40313,0.0,0,0.8333333333333334,False
105138,0.0,0,0.16666666666666666,False
39955,0.0,0,0.0,True
405033,0.0,0,0.0,False
137328,0.0,0,0.85,False
96870,0.0,0,0.4,False
521166,0.0,0,0.0,False
79521,0.0,0,0.2833333333333333,False
90608,0.0,0,0.6166666666666667,False
166077,0.0,0,0.0,False
145471,0.0,0,0.11666666666666667,True
516954,0.0,0,0.5,False
193452,0.0,0,0.0,True
63503,0.0,0,0.0,False
325421,0.0,0,0.0,False
30882,0.0,0,0.0,True
402784,0.0,0,0.38333333333333336,False
88613,0.0,0,0.0,True
421686,0.0,0,0.0,False
257710,0.0,0,0.0,False
160797,0.0,0,0.0,False
189048,0.0,0,0.0,False
244773,0.0,0,0.0,False
189034,0.0,0,0.03333333333333333,False
102485,0.0,0,0.0,False
485505,0.0,0,0.0,False
109047,0.0,0,0.0,False
363627,0.0,0,0.0,False
289675,0.0,0,0.45,False
406366,0.0,0,0.5166666666666667,False
77814,0.0,0,0.016666666666666666,False
10228,0.0,0,0.0,False
161490,0.0,0,0.0,False
315406,0.0,0,0.0,False
227836,0.0,0,0.21666666666666667,False
590,0.0,0,0.0,True
85510,0.0,0,0.0,False
325945,0.0,0,0.0,False
22255,0.0,0,0.7833333333333333,False
105775,0.0,0,0.6666666666666666,False
150761,0.0,0,0.4166666666666667,False
542739,0.0,0,0.0,False
283838,0.0,0,0.016666666666666666,False
88252,0.0,0,0.0,False
421676,0.0,0,0.6833333333333333,False
359495,0.0,0,0.0,False
414457,0.0,0,0.0,False
29015,0.0,0,0.0,False
307534,0.0,0,0.0,False
105959,0.0,0,0.0,False
126312,0.0,0,0.0,False
44857,0.0,0,0.0,False
106232,0.0,0,0.0,False
66707,0.0,0,0.0,False
39930,0.0,0,0.8,False
76807,0.0,0,0.55,False
189009,0.0,0,0.0,False
3362,0.0,0,0.0,False
407125,0.0,0,0.8166666666666667,False
454185,0.0,0,0.16666666666666666,False
24033,0.0,0,0.9,False
412295,0.0,0,0.7,False
427502,0.0,0,0.15,False
172088,0.0,0,0.0,False
391341,0.0,0,0.0,False
393208,0.0,0,0.0,False
49957,0.0,0,0.0,False
326911,0.0,0,0.0,False
326764,0.0,0,0.0,False
31449,0.0,0,0.6833333333333333,True
404560,0.0,0,0.0,False
68697,0.0,0,0.4666666666666667,False
41535,0.0,0,0.4,False
96627,0.0,0,0.8166666666666667,False
22136,0.0,0,0.0,False
122839,0.0,0,0.0,False
20675,0.0,0,0.0,False
59524,0.0,0,0.9,False
174096,0.0,0,0.0,False
51958,0.0,0,0.4666666666666667,False
173754,0.0,0,0.5833333333333334,False
24173,0.0,0,0.85,False
105127,0.0,0,0.0,False
99543,0.0,0,0.5166666666666667,False
97875,0.0,0,0.0,False
167160,0.0,0,0.5666666666666667,False
92272,0.0,0,0.0,False
65592,0.0,0,0.0,False
18167,0.0,0,0.0,False
93406,0.0,0,0.7,False
135249,0.0,0,0.1,False
395334,0.0,0,0.0,False
29018,0.0,0,0.0,False
338560,0.0,0,0.016666666666666666,False
98253,0.0,0,0.16666666666666666,False
124139,0.0,0,0.0,False
33374,0.0,0,0.06666666666666667,True
81876,0.0,0,0.06666666666666667,False
12124,0.0,0,0.65,False
446654,0.0,0,0.7666666666666667,False
108296,0.0,0,0.8166666666666667,False
97338,0.0,0,0.4,False
91303,0.0,0,0.6333333333333333,False
24281,0.0,0,0.8333333333333334,False
141619,0.0,0,0.0,False
20768,0.0,0,0.0,False
427271,0.0,0,0.0,False
449171,0.0,0,0.0,False
233114,0.0,0,0.06666666666666667,False
244772,0.0,0,0.0,False
165311,0.0,0,0.0,False
74041,0.0,0,0.0,False
39940,0.0,0,0.0,False
63223,0.0,0,0.0,False
90300,0.0,0,0.8333333333333334,False
144159,0.0,0,0.0,False
187751,0.0,0,0.0,False
136695,0.0,0,0.8333333333333334,False
391353,0.0,0,0.0,False
174601,0.0,0,0.8,False
188031,0.0,0,0.0,False
111832,0.0,0,0.4666666666666667,True
91302,0.0,0,0.6666666666666666,False
292990,0.0,0,0.0,False
410608,0.0,0,0.0,False
66474,0.0,0,0.26666666666666666,True
476311,0.0,0,0.15,False
135564,0.0,0,0.36666666666666664,False
294440,0.0,0,0.26666666666666666,False
124921,0.0,0,0.6,False
141447,0.0,0,0.0,False
443265,0.0,0,0.0,False
44980,0.0,0,0.0,True
175328,0.0,0,0.0,False
117876,0.0,0,0.0,False
283837,0.0,0,0.016666666666666666,False
5974,0.0,0,0.0,False
295261,0.0,0,0.0,False
86306,0.0,0,0.5666666666666667,False
107143,0.0,0,0.5666666666666667,False
128672,0.0,0,0.36666666666666664,False
56464,0.0,0,0.0,False
378927,0.0,0,0.0,False
107787,0.0,0,0.13333333333333333,False
141426,0.0,0,0.0,False
171419,0.0,0,0.0,False
94620,0.0,0,0.0,False
88022,0.0,0,0.0,False
378921,0.0,0,0.0,False
399190,0.0,0,0.0,False
161446,0.0,0,0.0,False
31479,0.0,0,0.0,False
49222,0.0,0,0.4666666666666667,False
346379,0.0,0,0.21666666666666667,False
22604,0.0,0,0.6,False
110799,0.0,0,0.5166666666666667,False
12269,0.0,0,0.0,False
326744,0.0,0,0.0,False
7551,0.0,0,0.05,False
28206,0.0,0,0.03333333333333333,False
296703,0.0,0,0.55,False
63137,0.0,0,0.0,False
189622,0.0,0,0.0,False
362314,0.0,0,0.8,False
175330,0.0,0,0.0,False
78982,0.0,0,0.0,False
27672,0.0,0,0.0,True
378122,0.0,0,0.0,False
64423,0.0,0,0.0,False
106120,0.0,0,0.0,False
163568,0.0,0,0.0,False
5839,0.0,0,0.0,False
18730,0.0,0,0.0,False
97138,0.0,0,0.0,False
4280,0.0,0,0.0,False
40422,0.0,0,0.0,False
76513,0.0,0,0.16666666666666666,False
5338,0.0,0,0.6333333333333333,False
82127,0.0,0,0.0,False
294163,0.0,0,0.0,False
165686,0.0,0,0.55,False
200600,0.0,0,0.5333333333333333,True
94648,0.0,0,0.0,False
10551,0.0,0,0.8333333333333334,False
91616,0.0,0,0.0,False
94844,0.0,0,0.7333333333333333,False
98804,0.0,0,0.0,True
126564,0.0,0,0.016666666666666666,False
98239,0.0,0,0.0,False
351869,0.0,0,0.0,False
84221,0.0,0,0.0,False
4502,0.0,0,0.0,False
10229,0.0,0,0.0,False
234007,0.0,0,0.11666666666666667,False
33027,0.0,0,0.0,False
173755,0.0,0,0.5,False
393197,0.0,0,0.0,False
404716,0.0,0,0.0,False
76255,0.0,0,0.0,False
190167,0.0,0,0.0,False
47795,0.0,0,0.0,False
406472,0.0,0,0.0,False
187725,0.0,0,0.0,False
94680,0.0,0,0.0,False
435302,0.0,0,0.0,False
298428,0.0,0,0.36666666666666664,False
47571,0.0,0,0.0,False
10636,0.0,0,0.0,False
402789,0.0,0,0.38333333333333336,False
4968,0.0,0,0.0,False
128844,0.0,0,0.0,False
117742,0.0,0,0.7,False
122356,0.0,0,0.0,True
40420,0.0,0,0.0,False
363768,0.0,0,0.0,False
13541,0.0,0,0.16666666666666666,False
5954,0.0,0,0.0,False
52434,0.0,0,0.0,False
306846,0.0,0,0.8666666666666667,False
439149,0.0,0,0.11666666666666667,False
172556,0.0,0,0.0,False
402758,0.0,0,0.0,False
294511,0.0,0,0.0,False
225477,0.0,0,0.016666666666666666,False
93439,0.0,0,0.0,False
392633,0.0,0,0.4,False
5769,0.0,0,0.5833333333333334,False
121222,0.0,0,0.0,False
138401,0.0,0,0.0,False
137998,0.0,0,0.38333333333333336,False
113042,0.0,0,0.6,False
143813,0.0,0,0.75,False
11015,0.0,0,0.0,False
235822,0.0,0,0.0,False
275043,0.0,0,0.0,False
349288,0.0,0,0.0,False
51953,0.0,0,0.5666666666666667,False
360230,0.0,0,0.75,False
47832,0.0,0,0.0,False
273096,0.0,0,0.6,False
161916,0.0,0,0.18333333333333332,False
139042,0.0,0,0.0,False
19771,0.0,0,0.0,False
43939,0.0,0,0.0,False
68035,0.0,0,0.0,False
25166,0.0,0,0.0,False
184818,0.0,0,0.0,False
55278,0.0,0,0.6166666666666667,True
287265,0.0,0,0.0,False
126545,0.0,0,0.0,False
110241,0.0,0,0.11666666666666667,False
23830,0.0,0,0.0,False
378802,0.0,0,0.0,False
85533,0.0,0,0.8333333333333334,False
520890,0.0,0,0.0,False
140732,0.0,0,0.0,False
123754,0.0,0,0.0,False
511176,0.0,0,0.0,False
19970,0.0,0,0.08333333333333333,False
174098,0.0,0,0.0,False
142340,0.0,0,0.2,False
81403,0.0,0,0.0,False
135995,0.0,0,0.0,False
276855,0.0,0,0.0,False
307055,0.0,0,0.0,False
326446,0.0,0,0.6,False
219804,0.0,0,0.0,False
84723,0.0,0,0.0,False
193826,0.0,0,0.6333333333333333,False
44858,0.0,0,0.0,False
127335,0.0,0,0.0,False
44806,0.0,0,0.9,False
169180,0.0,0,0.0,False
83727,0.0,0,0.3333333333333333,False
356891,0.0,0,0.0,False
44979,0.0,0,0.0,True
228813,0.0,0,0.6333333333333333,False
7298,0.0,0,0.0,False
122148,0.0,0,0.43333333333333335,False
2400,0.0,0,0.4,False
38431,0.0,0,0.0,False
452155,0.0,0,0.5333333333333333,True
111883,0.0,0,0.0,False
144158,0.0,0,0.35,False
52688,0.0,0,0.0,False
84583,0.0,0,0.0,False
85535,0.0,0,0.8333333333333334,False
72658,0.0,0,0.95,False
38455,0.0,0,0.0,False
716750,0.0,0,0.0,False
546948,0.0,0,0.0,False
298966,0.0,0,0.4666666666666667,False
80767,0.0,0,0.06666666666666667,False
175914,0.0,0,0.0,False
29973,0.0,0,0.0,False
130426,0.0,0,0.0,False
33849,0.0,0,0.0,True
239542,0.0,0,0.23333333333333334,False
103437,0.0,0,0.0,False
48527,0.0,0,0.016666666666666666,False
289678,0.0,0,0.0,False
80291,0.0,0,0.8833333333333333,False
307524,0.0,0,0.75,False
5412,0.0,0,0.0,False
376293,0.0,0,0.0,False
160278,0.0,0,0.0,False
200628,0.0,0,0.13333333333333333,False
184828,0.0,0,0.016666666666666666,False
123758,0.0,0,0.0,False
121220,0.0,0,0.0,False
74994,0.0,0,0.18333333333333332,False
148917,0.0,0,0.26666666666666666,False
21019,0.0,0,0.0,False
325112,0.0,0,0.0,False
79013,0.0,0,0.26666666666666666,False
153297,0.0,0,0.0,False
331960,0.0,0,0.5333333333333333,False
138846,0.0,0,0.0,False
294510,0.0,0,0.0,False
190304,0.0,0,0.0,False
41606,0.0,0,0.23333333333333334,False
498194,0.0,0,0.0,False
56297,0.0,0,0.0,False
316969,0.0,0,0.0,False
3680,0.0,0,0.0,False
102895,0.0,0,0.8833333333333333,False
274957,0.0,0,0.4666666666666667,False
111006,0.0,0,0.0,False
165656,0.0,0,0.0,False
85512,0.0,0,0.0,False
188179,0.0,0,0.4166666666666667,False
325103,0.0,0,0.0,False
183257,0.0,0,0.0,False
63074,0.0,0,0.0,False
55081,0.0,0,0.016666666666666666,False
459889,0.0,0,0.0,False
138440,0.0,0,0.0,False
70013,0.0,0,0.0,False
167494,0.0,0,0.21666666666666667,False
223399,0.0,0,0.5833333333333334,False
388127,0.0,0,0.0,False
31448,0.0,0,0.6833333333333333,True
110933,0.0,0,0.05,True
165536,0.0,0,0.0,False
167653,0.0,0,0.0,False
76418,0.0,0,0.36666666666666664,False
155040,0.0,0,0.0,False
347238,0.0,0,0.0,False
112258,0.0,0,0.016666666666666666,False
423335,0.0,0,0.0,False
164120,0.0,0,0.0,False
113087,0.0,0,0.0,False
67465,0.0,0,0.0,False
443647,0.0,0,0.0,False
3487,0.0,0,0.0,False
78985,0.0,0,0.0,False
90573,0.0,0,0.0,False
429234,0.0,0,0.6166666666666667,False
90626,0.0,0,0.0,False
410732,0.0,0,0.23333333333333334,False
124061,0.0,0,0.0,False
77496,0.0,0,0.03333333333333333,True
88795,0.0,0,0.23333333333333334,False
160276,0.0,0,0.0,False
95689,0.0,0,0.0,False
160876,0.0,0,0.0,False
356578,0.0,0,0.0,False
62196,0.0,0,0.016666666666666666,False
60013,0.0,0,0.0,False
431471,0.0,0,0.0,False
420985,0.0,0,0.016666666666666666,False
308553,0.0,0,0.8666666666666667,False
392635,0.0,0,0.38333333333333336,False
323997,0.0,0,0.0,False
138887,0.0,0,0.0,False
137445,0.0,0,0.0,False
94678,0.0,0,0.0,True
97109,0.0,0,0.35,True
406449,0.0,0,0.0,False
188041,0.0,0,0.0,False
34489,0.0,0,0.0,False
114702,0.0,0,0.0,False
289683,0.0,0,0.0,False
190981,0.0,0,0.6,False
389550,0.0,0,0.0,False
95227,0.0,0,0.0,False
48428,0.0,0,0.0,False
27652,0.0,0,0.0,False
129305,0.0,0,0.18333333333333332,False
149218,0.0,0,0.4,False
7653,0.0,0,0.016666666666666666,False
4017,0.0,0,0.45,False
40676,0.0,0,0.0,False
153591,0.0,0,0.0,False
297638,0.0,0,0.0,False
450115,0.0,0,0.18333333333333332,False
356760,0.0,0,0.0,False
298573,0.0,0,0.6666666666666666,False
198170,0.0,0,0.0,False
105993,0.0,0,0.7333333333333333,False
462580,0.0,0,0.0,False
163569,0.0,0,0.0,False
265868,0.0,0,0.6,False
34715,0.0,0,0.0,False
134545,0.0,0,0.5333333333333333,False
190527,0.0,0,0.0,False
100129,0.0,0,0.0,False
353077,0.0,0,0.8333333333333334,False
110780,0.0,0,0.0,False
85521,0.0,0,0.7166666666666667,False
127244,0.0,0,0.0,False
421524,0.0,0,0.0,False
26894,0.0,0,0.0,False
443266,0.0,0,0.0,False
187594,0.0,0,0.0,False
19948,0.0,0,0.0,False
117685,0.0,0,0.23333333333333334,False
81657,0.0,0,0.03333333333333333,False
378776,0.0,0,0.016666666666666666,False
63430,0.0,0,0.0,False
99331,0.0,0,0.0,False
74535,0.0,0,0.0,False
110802,0.0,0,0.0,False
440130,0.0,0,0.0,False
88225,0.0,0,0.26666666666666666,False
93355,0.0,0,0.0,False
155364,0.0,0,0.0,False
85677,0.0,0,0.0,False
112637,0.0,0,0.0,True
113468,0.0,0,0.75,False
174370,0.0,0,0.0,False
166088,0.0,0,0.0,False
11461,0.0,0,0.0,False
66530,0.0,0,0.08333333333333333,False
437362,0.0,0,0.0,False
112624,0.0,0,0.0,False
6461,0.0,0,0.0,False
68751,0.0,0,0.0,False
174376,0.0,0,0.5166666666666667,False
153593,0.0,0,0.0,False
315420,0.0,0,0.0,False
172014,0.0,0,0.0,False
5471,0.0,0,0.0,True
200601,0.0,0,0.36666666666666664,True
178718,0.0,0,0.0,False
84135,0.0,0,0.0,False
75029,0.0,0,0.0,False
155887,0.0,0,0.0,False
84655,0.0,0,0.0,False
85504,0.0,0,0.0,False
88004,0.0,0,0.0,False
340860,0.0,0,0.5,False
415104,0.0,0,0.0,False
56191,0.0,0,0.9833333333333333,False
90329,0.0,0,0.0,False
98849,0.0,0,0.0,False
34991,0.0,0,0.0,False
66537,0.0,0,0.0,True
230255,0.0,0,0.0,False
29469,0.0,0,0.0,False
274962,0.0,0,0.0,False
34993,0.0,0,0.0,False
6374,0.0,0,0.8,False
55161,0.0,0,0.0,False
66253,0.0,0,0.0,False
48260,0.0,0,0.5333333333333333,False
481229,0.0,0,0.4666666666666667,False
127242,0.0,0,0.0,False
90516,0.0,0,0.5666666666666667,False
380081,0.0,0,0.3,False
428842,0.0,0,0.0,True
554812,0.0,0,0.0,False
305424,0.0,0,0.0,False
45765,0.0,0,0.0,False
28480,0.0,0,0.08333333333333333,False
97071,0.0,0,0.9166666666666666,False
391371,0.0,0,0.16666666666666666,False
318108,0.0,0,0.25,False
99504,0.0,0,0.0,False
86110,0.0,0,0.0,False
450167,0.0,0,0.0,False
4239,0.0,0,0.4,False
110699,0.0,0,0.0,True
84835,0.0,0,0.5,False
190601,0.0,0,0.0,False
4958,0.0,0,0.0,False
84588,0.0,0,0.0,False
85676,0.0,0,0.0,False
303598,0.0,0,0.1,False
326824,0.0,0,0.0,False
146001,0.0,0,0.0,False
74995,0.0,0,0.15,False
153652,0.0,0,0.0,False
141882,0.0,0,0.0,False
99878,0.0,0,0.0,False
153602,0.0,0,0.7666666666666667,False
5838,0.0,0,0.0,False
123058,0.0,0,0.4166666666666667,False
99551,0.0,0,0.43333333333333335,True
150831,0.0,0,0.0,False
142291,0.0,0,0.016666666666666666,False
20992,0.0,0,0.0,False
362208,0.0,0,0.0,False
165312,0.0,0,0.0,False
362178,0.0,0,0.0,False
166169,0.0,0,0.0,False
124221,0.0,0,0.0,False
92266,0.0,0,0.11666666666666667,False
124048,0.0,0,0.5666666666666667,False
143854,0.0,0,0.0,False
12485,0.0,0,0.5666666666666667,False
328073,0.0,0,0.23333333333333334,False
5022,0.0,0,0.0,False
298426,0.0,0,0.21666666666666667,False
363838,0.0,0,0.0,False
13536,0.0,0,0.0,False
406364,0.0,0,0.8166666666666667,False
329658,0.0,0,0.0,False
265261,0.0,0,0.31666666666666665,False
67469,0.0,0,0.0,False
77370,0.0,0,0.0,False
86029,0.0,0,0.0,False
37699,0.0,0,0.0,False
99335,0.0,0,0.0,False
24034,0.0,0,0.0,False
190575,0.0,0,0.4,False
76656,0.0,0,0.8666666666666667,False
35572,0.0,0,0.0,False
91401,0.0,0,0.0,False
27887,0.0,0,0.5333333333333333,False
134730,0.0,0,0.18333333333333332,True
48495,0.0,0,0.7833333333333333,False
68780,0.0,0,0.0,False
12342,0.0,0,0.16666666666666666,False
428841,0.0,0,0.0,True
435307,0.0,0,0.0,False
139509,0.0,0,0.0,False
37453,0.0,0,0.0,False
273009,0.0,0,0.0,False
49731,0.0,0,0.8,False
99361,0.0,0,0.0,False
225910,0.0,0,0.2833333333333333,False
29029,0.0,0,0.0,False
113041,0.0,0,0.55,False
176043,0.0,0,0.8833333333333333,False
10376,0.0,0,0.0,False
143883,0.0,0,0.16666666666666666,False
145634,0.0,0,0.16666666666666666,False
420724,0.0,0,0.0,False
295322,0.0,0,0.85,False
294172,0.0,0,0.0,False
438398,0.0,0,0.0,False
37476,0.0,0,0.0,False
317952,0.0,0,0.0,False
167655,0.0,0,0.0,False
75077,0.0,0,0.0,False
95735,0.0,0,0.0,False
462583,0.0,0,0.0,False
395339,0.0,0,0.0,False
134962,0.0,0,0.0,False
91646,0.0,0,0.9666666666666667,False
168105,0.0,0,0.03333333333333333,True
175055,0.0,0,0.3333333333333333,False
85255,0.0,0,0.38333333333333336,False
166184,0.0,0,0.16666666666666666,False
28950,0.0,0,0.0,False
112270,0.0,0,0.43333333333333335,False
275042,0.0,0,0.5166666666666667,False
97920,0.0,0,0.0,True
98164,0.0,0,0.21666666666666667,False
37495,0.0,0,0.0,False
222019,0.0,0,0.8,False
59853,0.0,0,0.0,False
150736,0.0,0,0.0,False
56173,0.0,0,0.13333333333333333,True
79518,0.0,0,0.11666666666666667,False
394470,0.0,0,0.0,False
412493,0.0,0,0.0,False
3932,0.0,0,0.0,False
404756,0.0,0,0.0,False
78927,0.0,0,0.0,False
325104,0.0,0,0.0,False
5447,0.0,0,0.0,False
500458,0.0,0,0.0,False
145558,0.0,0,0.0,False
363649,0.0,0,0.0,False
82270,0.0,0,0.0,False
348764,0.0,0,0.0,False
71428,0.0,0,0.0,False
65593,0.0,0,0.0,False
66478,0.0,0,0.0,False
12013,0.0,0,0.0,False
28880,0.0,0,0.0,False
39127,0.0,0,0.0,False
293393,0.0,0,0.3333333333333333,False
50442,0.0,0,0.0,False
5456,0.0,0,0.0,False
113470,0.0,0,0.75,False
331172,0.0,0,0.0,False
14001,0.0,0,0.8166666666666667,False
467974,0.0,0,0.5,False
97903,0.0,0,0.0,False
443533,0.0,0,0.5666666666666667,False
35418,0.0,0,0.9833333333333333,False
180414,0.0,0,0.85,False
107360,0.0,0,0.0,False
142236,0.0,0,0.0,False
326579,0.0,0,0.5833333333333334,False
233756,0.0,0,0.0,False
401969,0.0,0,0.016666666666666666,False
4882,0.0,0,0.0,False
167150,0.0,0,0.0,False
379467,0.0,0,0.0,False
356780,0.0,0,0.0,False
143809,0.0,0,0.75,False
188959,0.0,0,0.0,False
38270,0.0,0,0.05,True
29443,0.0,0,0.7666666666666667,False
9070,0.0,0,0.0,False
114669,0.0,0,0.0,False
312313,0.0,0,0.11666666666666667,False
18629,0.0,0,0.0,False
223090,0.0,0,0.016666666666666666,False
20709,0.0,0,0.0,False
427569,0.0,0,0.0,False
30302,0.0,0,0.0,False
239534,0.0,0,0.5833333333333334,False
75140,0.0,0,0.0,False
12268,0.0,0,0.0,False
326086,0.0,0,0.0,False
231143,0.0,0,0.0,False
83888,0.0,0,0.0,False
251283,0.0,0,0.0,False
79591,0.0,0,0.0,False
75945,0.0,0,0.11666666666666667,False
125430,0.0,0,0.0,False
75844,0.0,0,0.0,False
55221,0.0,0,0.0,False
88694,0.0,0,0.0,False
31710,0.0,0,0.0,False
62635,0.0,0,0.9,False
431459,0.0,0,0.5166666666666667,False
27110,0.0,0,0.08333333333333333,False
309782,0.0,0,0.0,False
124249,0.0,0,0.43333333333333335,False
190602,0.0,0,0.03333333333333333,False
98279,0.0,0,0.0,False
187593,0.0,0,0.0,False
347550,0.0,0,0.25,False
97877,0.0,0,0.0,False
67585,0.0,0,0.0,True
487655,0.0,0,0.1,False
43487,0.0,0,0.0,False
376276,0.0,0,0.0,False
20473,0.0,0,0.26666666666666666,True
138766,0.0,0,0.0,False
289636,0.0,0,0.0,False
95691,0.0,0,0.0,False
452151,0.0,0,0.45,False
86307,0.0,0,0.0,False
343083,0.0,0,0.0,False
4695,0.0,0,0.0,False
317809,0.0,0,0.0,False
381904,0.0,0,0.0,False
99749,0.0,0,0.18333333333333332,False
274912,0.0,0,0.8333333333333334,False
135897,0.0,0,0.0,False
416844,0.0,0,0.0,False
126543,0.0,0,0.0,False
69941,0.0,0,0.0,False
33089,0.0,0,0.0,False
122221,0.0,0,0.0,True
75638,0.0,0,0.6666666666666666,False
190524,0.0,0,0.0,False
201898,0.0,0,0.0,False
84789,0.0,0,0.0,False
111040,0.0,0,0.85,False
141333,0.0,0,0.0,False
86470,0.0,0,0.0,False
411933,0.0,0,0.8,False
287270,0.0,0,0.0,False
12360,0.0,0,0.9333333333333333,False
130951,0.0,0,0.016666666666666666,False
366062,0.0,0,0.0,True
87911,0.0,0,0.016666666666666666,False
51972,0.0,0,0.0,True
425107,0.0,0,0.0,False
41650,0.0,0,0.0,False
303551,0.0,0,0.016666666666666666,False
417333,0.0,0,0.0,False
112033,0.0,0,0.11666666666666667,False
298017,0.0,0,0.0,False
90830,0.0,0,0.2833333333333333,True
153066,0.0,0,0.0,False
18530,0.0,0,0.0,True
124145,0.0,0,0.0,False
9369,0.0,0,0.0,False
503916,0.0,0,0.0,False
81918,0.0,0,0.0,False
443611,0.0,0,0.0,False
5071,0.0,0,0.0,False
67417,0.0,0,0.0,False
307714,0.0,0,0.0,False
81935,0.0,0,0.0,False
155299,0.0,0,0.0,False
123061,0.0,0,0.36666666666666664,False
71802,0.0,0,0.16666666666666666,False
502472,0.0,0,0.0,False
230150,0.0,0,0.0,False
81285,0.0,0,0.0,False
166735,0.0,0,0.0,False
174418,0.0,0,0.0,False
174000,0.0,0,0.5166666666666667,False
51949,0.0,0,0.5333333333333333,False
156754,0.0,0,0.0,False
54287,0.0,0,0.0,False
59335,0.0,0,0.0,False
136577,0.0,0,0.0,False
83515,0.0,0,0.0,False
175948,0.0,0,0.48333333333333334,True
112031,0.0,0,0.11666666666666667,False
8621,0.0,0,0.0,False
119439,0.0,0,0.26666666666666666,False
431309,0.0,0,0.0,False
76657,0.0,0,0.8666666666666667,False
70448,0.0,0,0.6333333333333333,False
297637,0.0,0,0.0,False
30576,0.0,0,0.0,False
27952,0.0,0,0.0,False
132362,0.0,0,0.0,False
121185,0.0,0,0.0,False
233755,0.0,0,0.0,False
35364,0.0,0,0.0,False
92178,0.0,0,0.0,True
325169,0.0,0,0.0,False
79593,0.0,0,0.0,False
81785,0.0,0,0.8666666666666667,False
482531,0.0,0,0.0,False
4696,0.0,0,0.0,False
223398,0.0,0,0.75,False
123654,0.0,0,0.5666666666666667,False
234757,0.0,0,0.0,False
407213,0.0,0,0.36666666666666664,False
317314,0.0,0,0.7833333333333333,False
10537,0.0,0,0.0,False
111046,0.0,0,0.0,False
155947,0.0,0,0.0,False
488774,0.0,0,0.03333333333333333,False
136869,0.0,0,0.0,False
438396,0.0,0,0.0,False
108308,0.0,0,0.0,False
504671,0.0,0,0.8,False
29694,0.0,0,0.0,False
36013,0.0,0,0.5833333333333334,False
4681,0.0,0,0.4166666666666667,False
407974,0.0,0,0.7666666666666667,False
90632,0.0,0,0.0,False
65599,0.0,0,0.0,False
68713,0.0,0,0.0,True
109990,0.0,0,0.0,False
112481,0.0,0,0.0,False
29028,0.0,0,0.0,False
31892,0.0,0,0.0,False
328381,0.0,0,0.5166666666666667,False
48427,0.0,0,0.0,False
165711,0.0,0,0.0,False
125425,0.0,0,0.0,False
404459,0.0,0,0.0,False
84788,0.0,0,0.0,False
62422,0.0,0,0.0,False
417334,0.0,0,0.0,False
83276,0.0,0,0.4166666666666667,False
233007,0.0,0,0.0,False
99538,0.0,0,0.5333333333333333,False
12298,0.0,0,0.0,False
64210,0.0,0,0.8166666666666667,True
82227,0.0,0,0.8833333333333333,False
29305,0.0,0,0.0,False
112959,0.0,0,0.0,False
102755,0.0,0,0.0,False
67471,0.0,0,0.0,False
431117,0.0,0,0.0,False
326617,0.0,0,0.0,False
62423,0.0,0,0.3333333333333333,False
502470,0.0,0,0.2,False
122189,0.0,0,0.0,False
309739,0.0,0,0.0,False
328218,0.0,0,0.0,False
431308,0.0,0,0.9833333333333333,False
144893,0.0,0,0.0,False
263107,0.0,0,0.1,False
6328,0.0,0,0.0,False
407963,0.0,0,0.0,False
6530,0.0,0,0.016666666666666666,False
81287,0.0,0,0.0,False
55166,0.0,0,0.0,True
560,0.0,0,0.03333333333333333,False
512,0.0,0,0.0,False
36736,0.0,0,0.0,True
84711,0.0,0,0.0,False
5723,0.0,0,0.0,False
102894,0.0,0,0.8833333333333333,False
449775,0.0,0,0.0,False
74536,0.0,0,0.0,False
429320,0.0,0,0.0,False
392620,0.0,0,0.6,False
40421,0.0,0,0.0,False
80143,0.0,0,0.0,False
5163,0.0,0,0.0,False
92263,0.0,0,0.11666666666666667,False
153262,0.0,0,0.0,False
60417,0.0,0,0.0,False
117166,0.0,0,0.0,False
378777,0.0,0,0.0,False
66470,0.0,0,0.0,True
185926,0.0,0,0.7,False
81875,0.0,0,0.03333333333333333,False
336405,0.0,0,0.0,False
161710,0.0,0,0.11666666666666667,False
6254,0.0,0,0.0,False
408902,0.0,0,0.21666666666666667,False
6423,0.0,0,0.0,False
4275,0.0,0,0.0,False
280744,0.0,0,0.0,False
140830,0.0,0,0.5,False
327234,0.0,0,0.0,False
60640,0.0,0,0.0,False
225835,0.0,0,0.0,False
325635,0.0,0,0.0,False
9368,0.0,0,0.0,False
406679,0.0,0,0.016666666666666666,False
99319,0.0,0,0.0,False
77276,0.0,0,0.0,False
146958,0.0,0,0.0,False
129887,0.0,0,0.2833333333333333,False
63432,0.0,0,0.0,False
145687,0.0,0,0.0,False
105720,0.0,0,0.5333333333333333,False
289679,0.0,0,0.0,False
99806,0.0,0,0.0,False
8964,0.0,0,0.0,True
92386,0.0,0,0.0,False
156401,0.0,0,0.13333333333333333,False
68054,0.0,0,0.0,False
161443,0.0,0,0.0,False
366063,0.0,0,0.0,True
99325,0.0,0,0.0,False
74023,0.0,0,0.0,False
72873,0.0,0,0.0,False
88497,0.0,0,0.4666666666666667,False
41539,0.0,0,0.11666666666666667,False
155291,0.0,0,0.0,False
37375,0.0,0,0.6,False
37465,0.0,0,0.0,False
223327,0.0,0,0.2833333333333333,False
81936,0.0,0,0.016666666666666666,False
178287,0.0,0,0.0,False
420846,0.0,0,0.11666666666666667,False
327706,0.0,0,0.21666666666666667,False
407972,0.0,0,0.7666666666666667,False
176052,0.0,0,0.0,False
29498,0.0,0,0.0,False
188081,0.0,0,0.1,False
81736,0.0,0,0.0,False
4371,0.0,0,0.0,False
138885,0.0,0,0.0,False
21012,0.0,0,0.0,False
400564,0.0,0,0.7833333333333333,False
387984,0.0,0,0.0,False
75845,0.0,0,0.0,False
91262,0.0,0,0.0,False
77781,0.0,0,0.55,False
124060,0.0,0,0.0,False
86140,0.0,0,0.0,False
1454,0.0,0,0.0,False
85970,0.0,0,0.0,False
95705,0.0,0,0.0,False
82084,0.0,0,0.0,False
36925,0.0,0,0.4166666666666667,False
69084,0.0,0,0.0,True
5382,0.0,0,0.0,False
427278,0.0,0,0.0,False
196820,0.0,0,0.0,False
112303,0.0,0,0.0,False
328807,0.0,0,0.0,False
311757,0.0,0,0.0,False
179378,0.0,0,0.0,False
97364,0.0,0,0.0,False
5699,0.0,0,0.0,False
11987,0.0,0,0.0,False
106049,0.0,0,0.0,False
9366,0.0,0,0.0,False
408942,0.0,0,0.0,False
343031,0.0,0,0.0,False
225914,0.0,0,0.0,False
352933,0.0,0,0.0,False
452135,0.0,0,0.55,False
8788,0.0,0,0.0,True
65903,0.0,0,0.0,False
161309,0.0,0,0.0,False
169175,0.0,0,0.6666666666666666,False
91176,0.0,0,0.0,False
342977,0.0,0,0.0,False
229233,0.0,0,0.0,False
84222,0.0,0,0.0,False
171331,0.0,0,0.0,True
373793,0.0,0,0.5,False
116938,0.0,0,0.0,False
24205,0.0,0,0.0,False
134551,0.0,0,0.2,False
141582,0.0,0,0.5,False
73965,0.0,0,0.0,False
287757,0.0,0,0.16666666666666666,False
450141,0.0,0,0.0,False
104884,0.0,0,0.016666666666666666,False
387998,0.0,0,0.0,False
177336,0.0,0,0.4,True
199325,0.0,0,0.9,False
138007,0.0,0,0.0,False
139503,0.0,0,0.0,False
268098,0.0,0,0.4666666666666667,False
443905,0.0,0,0.0,False
156993,0.0,0,0.03333333333333333,False
180996,0.0,0,0.0,True
389720,0.0,0,0.0,False
161003,0.0,0,0.0,False
122452,0.0,0,0.016666666666666666,False
44089,0.0,0,0.8,False
108577,0.0,0,0.0,False
172036,0.0,0,0.6333333333333333,False
287263,0.0,0,0.3,False
65741,0.0,0,0.0,False
54288,0.0,0,0.0,False
74960,0.0,0,0.0,False
306843,0.0,0,0.8666666666666667,False
166148,0.0,0,0.0,False
144105,0.0,0,0.0,False
31568,0.0,0,0.2,False
272961,0.0,0,0.0,False
4016,0.0,0,0.8,False
11950,0.0,0,0.26666666666666666,False
84777,0.0,0,0.0,False
484302,0.0,0,0.0,False
156332,0.0,0,0.08333333333333333,False
143995,0.0,0,0.0,False
414262,0.0,0,0.0,False
324176,0.0,0,0.0,False
251284,0.0,0,0.0,False
25647,0.0,0,0.6833333333333333,False
30879,0.0,0,0.0,True
379295,0.0,0,0.0,False
191403,0.0,0,0.0,False
132360,0.0,0,0.0,False
12289,0.0,0,0.0,False
98521,0.0,0,0.0,False
74198,0.0,0,0.8333333333333334,False
10541,0.0,0,0.0,False
86265,0.0,0,0.26666666666666666,False
431467,0.0,0,0.0,False
59714,0.0,0,0.0,False
84834,0.0,0,0.48333333333333334,False
423331,0.0,0,0.0,False
49310,0.0,0,0.55,False
93300,0.0,0,0.6333333333333333,False
71322,0.0,0,0.0,False
20766,0.0,0,0.0,False
111105,0.0,0,0.0,False
32301,0.0,0,0.3333333333333333,True
511177,0.0,0,0.0,False
187316,0.0,0,0.0,True
199529,0.0,0,0.0,False
716749,0.0,0,0.0,False
325420,0.0,0,0.0,False
113067,0.0,0,0.0,False
44499,0.0,0,0.0,False
76530,0.0,0,0.6,False
79550,0.0,0,0.48333333333333334,True
391342,0.0,0,0.0,False
127333,0.0,0,0.05,False
49136,0.0,0,0.0,False
63748,0.0,0,0.0,False
4281,0.0,0,0.5,False
155042,0.0,0,0.0,False
65977,0.0,0,0.0,False
188096,0.0,0,0.4,False
11394,0.0,0,0.0,False
154608,0.0,0,0.0,False
285409,0.0,0,0.0,False
303885,0.0,0,0.0,False
7504,0.0,0,0.0,False
421617,0.0,0,0.0,False
371467,0.0,0,0.0,False
22712,0.0,0,0.0,True
12379,0.0,0,0.0,False
132704,0.0,0,0.0,False
187749,0.0,0,0.3,False
104320,0.0,0,0.0,True
546952,0.0,0,0.0,False
86044,0.0,0,0.0,False
175342,0.0,0,0.6333333333333333,False
81658,0.0,0,0.05,False
78966,0.0,0,0.0,False
28582,0.0,0,0.0,False
346381,0.0,0,0.2,False
33375,0.0,0,0.0,False
226450,0.0,0,0.0,False
49121,0.0,0,0.0,False
378503,0.0,0,0.0,False
138346,0.0,0,0.0,False
38425,0.0,0,0.21666666666666667,False
76142,0.0,0,0.0,False
4410,0.0,0,0.25,False
100049,0.0,0,0.0,False
110766,0.0,0,0.0,False
178909,0.0,0,0.0,False
99745,0.0,0,0.3,False
174369,0.0,0,0.0,False
11721,0.0,0,0.26666666666666666,True
85253,0.0,0,0.35,False
13304,0.0,0,0.0,False
81339,0.0,0,0.0,False
306053,0.0,0,0.2833333333333333,False
66130,0.0,0,0.4166666666666667,False
427273,0.0,0,0.0,False
175343,0.0,0,0.6333333333333333,False
171137,0.0,0,0.25,False
479719,0.0,0,0.0,False
310524,0.0,0,0.0,False
135250,0.0,0,0.0,False
296843,0.0,0,0.0,False
94694,0.0,0,0.0,True
20715,0.0,0,0.0,False
38433,0.0,0,0.0,False
106158,0.0,0,0.55,False
111163,0.0,0,0.0,False
8965,0.0,0,0.0,True
36012,0.0,0,0.0,False
107812,0.0,0,0.0,False
88465,0.0,0,0.0,False
407128,0.0,0,0.0,False
83098,0.0,0,0.0,True
8230,0.0,0,0.8333333333333334,False
36926,0.0,0,0.4166666666666667,False
89659,0.0,0,0.0,False
102759,0.0,0,0.0,False
86168,0.0,0,0.0,False
41199,0.0,0,0.0,False
137996,0.0,0,0.0,False
87839,0.0,0,0.0,False
5663,0.0,0,0.0,False
232877,0.0,0,0.8333333333333334,False
6152,0.0,0,0.0,False
89250,0.0,0,0.0,False
3919,0.0,0,0.0,False
71280,0.0,0,0.0,False
75075,0.0,0,0.0,False
324191,0.0,0,0.0,False
161308,0.0,0,0.7,False
352734,0.0,0,0.13333333333333333,False
75802,0.0,0,0.8,False
117674,0.0,0,0.4,False
112060,0.0,0,0.0,False
298119,0.0,0,0.0,False
75401,0.0,0,0.3,False
75626,0.0,0,0.7333333333333333,True
189053,0.0,0,0.0,False
155276,0.0,0,0.0,False
3496,0.0,0,0.38333333333333336,False
421621,0.0,0,0.2833333333333333,False
145685,0.0,0,0.0,False
84851,0.0,0,0.0,False
144156,0.0,0,0.0,False
139018,0.0,0,0.0,False
406847,0.0,0,0.0,False
12167,0.0,0,0.05,False
30695,0.0,0,0.0,False
124047,0.0,0,0.5666666666666667,False
188045,0.0,0,0.0,False
161018,0.0,0,0.0,False
17277,0.0,0,0.03333333333333333,False
362221,0.0,0,0.0,False
293461,0.0,0,0.0,False
64420,0.0,0,0.0,True
47462,0.0,0,0.0,False
330868,0.0,0,0.0,False
486004,0.0,0,0.0,False
294407,0.0,0,0.0,False
4993,0.0,0,0.0,False
378739,0.0,0,0.11666666666666667,False
37374,0.0,0,0.7,False
1578,0.0,0,0.0,False
40852,0.0,0,0.0,False
17354,0.0,0,0.7333333333333333,True
45763,0.0,0,0.0,False
39931,0.0,0,0.0,False
108519,0.0,0,0.0,False
299601,0.0,0,0.0,False
134053,0.0,0,0.0,False
190523,0.0,0,0.0,False
303484,0.0,0,0.0,False
110945,0.0,0,0.26666666666666666,False
477118,0.0,0,0.0,False
126313,0.0,0,0.0,False
38262,0.0,0,0.0,False
93228,0.0,0,0.0,False
408943,0.0,0,0.0,False
389600,0.0,0,0.0,False
109293,0.0,0,0.0,False
111058,0.0,0,0.7833333333333333,False
5248,0.0,0,0.2,True
4080,0.0,0,0.31666666666666665,False
406963,0.0,0,0.0,False
111992,0.0,0,0.05,False
111616,0.0,0,0.03333333333333333,False
95379,0.0,0,0.0,False
352925,0.0,0,0.0,False
66534,0.0,0,0.0,True
118546,0.0,0,0.0,False
289682,0.0,0,0.0,False
111137,0.0,0,0.0,False
46423,0.0,0,0.0,True
546950,0.0,0,0.0,False
56644,0.0,0,0.0,False
136576,0.0,0,0.0,False
25736,0.0,0,0.0,False
342975,0.0,0,0.0,False
56080,0.0,0,0.0,False
56174,0.0,0,0.2833333333333333,True
102959,0.0,0,0.0,False
75902,0.0,0,0.4166666666666667,False
75846,0.0,0,0.0,False
406705,0.0,0,0.21666666666666667,False
174360,0.0,0,0.0,True
64170,0.0,0,0.0,False
77354,0.0,0,0.0,False
94737,0.0,0,0.0,False
20601,0.0,0,0.0,False
63139,0.0,0,0.0,False
144889,0.0,0,0.0,False
7610,0.0,0,0.0,False
84802,0.0,0,0.0,False
6108,0.0,0,0.16666666666666666,True
379279,0.0,0,0.0,False
13256,0.0,0,0.0,False
296609,0.0,0,0.0,False
130293,0.0,0,0.5833333333333334,False
69311,0.0,0,0.0,True
46424,0.0,0,0.0,True
124798,0.0,0,0.0,False
87844,0.0,0,0.0,False
9685,0.0,0,0.0,False
155270,0.0,0,0.31666666666666665,False
318168,0.0,0,0.0,False
161306,0.0,0,0.6333333333333333,False
295324,0.0,0,0.0,False
378258,0.0,0,0.0,False
30881,0.0,0,0.0,True
9934,0.0,0,0.0,False
399312,0.0,0,0.5166666666666667,False
268112,0.0,0,0.03333333333333333,False
4211,0.0,0,0.0,False
105129,0.0,0,0.0,False
174152,0.0,0,0.0,False
361943,0.0,0,0.0,False
171190,0.0,0,0.08333333333333333,False
99136,0.0,0,0.0,False
33063,0.0,0,0.0,True
76806,0.0,0,0.55,False
135094,0.0,0,0.0,False
353162,0.0,0,0.8666666666666667,False
378542,0.0,0,0.0,False
27653,0.0,0,0.0,False
135226,0.0,0,0.0,False
41713,0.0,0,0.0,False
86101,0.0,0,0.05,True
110064,0.0,0,0.8333333333333334,False
61941,0.0,0,0.08333333333333333,False
92188,0.0,0,0.0,False
295319,0.0,0,0.1,False
84724,0.0,0,0.0,False
153512,0.0,0,0.0,False
84804,0.0,0,0.0,False
174460,0.0,0,0.0,False
4537,0.0,0,0.0,False
86171,0.0,0,0.0,False
75122,0.0,0,0.0,False
33080,0.0,0,0.0,False
410817,0.0,0,0.0,False
17234,0.0,0,0.0,True
142346,0.0,0,0.0,False
84642,0.0,0,0.0,True
9164,0.0,0,0.0,False
171326,0.0,0,0.9833333333333333,False
324011,0.0,0,0.0,False
389528,0.0,0,0.4166666666666667,False
108315,0.0,0,0.0,False
79332,0.0,0,0.0,False
402052,0.0,0,0.0,True
247731,0.0,0,0.0,False
307743,0.0,0,0.0,False
378058,0.0,0,0.2,False
362338,0.0,0,0.0,False
45735,0.0,0,0.2,False
500232,0.0,0,0.0,False
136938,0.0,0,0.0,False
155866,0.0,0,0.0,False
142242,0.0,0,0.0,False
440129,0.0,0,0.0,False
20953,0.0,0,0.0,False
62638,0.0,0,0.0,False
5386,0.0,0,0.0,False
378797,0.0,0,0.0,False
5982,0.0,0,0.0,False
160096,0.0,0,0.0,False
118089,0.0,0,0.0,False
83978,0.0,0,0.0,False
348768,0.0,0,0.0,False
10596,0.0,0,0.0,True
95046,0.0,0,0.0,False
153617,0.0,0,0.0,False
150858,0.0,0,0.03333333333333333,False
373802,0.0,0,0.23333333333333334,False
337180,0.0,0,0.0,False
468031,0.0,0,0.0,False
169353,0.0,0,0.0,False
179040,0.0,0,0.6333333333333333,False
30445,0.0,0,0.9,False
43231,0.0,0,0.0,False
112259,0.0,0,0.0,False
76804,0.0,0,0.25,False
51962,0.0,0,0.45,False
33723,0.0,0,0.0,False
156331,0.0,0,0.05,False
97339,0.0,0,0.3333333333333333,False
153592,0.0,0,0.0,False
68742,0.0,0,0.0,False
298126,0.0,0,0.0,False
307712,0.0,0,0.18333333333333332,False
79735,0.0,0,0.3,False
423669,0.0,0,0.0,False
91304,0.0,0,0.9,False
72132,0.0,0,0.23333333333333334,True
79494,0.0,0,0.03333333333333333,False
306054,0.0,0,0.31666666666666665,False
64425,0.0,0,0.0,False
175763,0.0,0,0.0,False
109792,0.0,0,0.8333333333333334,False
91071,0.0,0,0.0,False
194010,0.0,0,0.0,False
109011,0.0,0,0.0,False
30753,0.0,0,0.0,False
112660,0.0,0,0.0,False
63392,0.0,0,0.0,False
97007,0.0,0,0.0,False
129467,0.0,0,0.0,False
118318,0.0,0,0.0,False
451329,0.0,0,0.0,False
148113,0.0,0,0.0,False
81937,0.0,0,0.0,False
188103,0.0,0,0.0,False
124849,0.0,0,0.0,False
65150,0.0,0,0.55,False
452160,0.0,0,0.4666666666666667,True
356758,0.0,0,0.0,False
233008,0.0,0,0.0,False
135964,0.0,0,0.0,False
160863,0.0,0,0.65,False
298400,0.0,0,0.0,False
336187,0.0,0,0.0,False
85443,0.0,0,0.0,False
94752,0.0,0,0.8,False
97335,0.0,0,0.45,False
68079,0.0,0,0.1,True
22107,0.0,0,0.0,True
395335,0.0,0,0.0,False
150830,0.0,0,0.0,False
7377,0.0,0,0.0,False
63517,0.0,0,0.45,True
29087,0.0,0,0.0,False
410497,0.0,0,0.0,False
179819,0.0,0,0.18333333333333332,False
5041,0.0,0,0.15,False
117678,0.0,0,0.3,False
155271,0.0,0,0.2833333333333333,False
429378,0.0,0,0.0,False
79622,0.0,0,0.0,False
32260,0.0,0,0.5833333333333334,False
289642,0.0,0,0.8166666666666667,False
75089,0.0,0,0.0,False
74048,0.0,0,0.0,False
144157,0.0,0,0.5,False
82342,0.0,0,0.0,False
6913,0.0,0,0.45,False
228407,0.0,0,0.05,False
35483,0.0,0,0.0,False
485560,0.0,0,0.0,False
90375,0.0,0,0.23333333333333334,False
143820,0.0,0,0.0,False
190531,0.0,0,0.0,False
112345,0.0,0,0.0,False
175398,0.0,0,0.6,False
139041,0.0,0,0.0,False
190317,0.0,0,0.05,False
92978,0.0,0,0.0,False
107969,0.0,0,0.0,False
314715,0.0,0,0.0,False
46354,0.0,0,0.0,False
90838,0.0,0,0.8833333333333333,False
49319,0.0,0,0.0,False
127576,0.0,0,0.0,False
500067,0.0,0,0.0,False
239530,0.0,0,0.0,False
35719,0.0,0,0.0,False
9748,0.0,0,0.03333333333333333,False
56194,0.0,0,0.9833333333333333,False
267001,0.0,0,0.0,False
49876,0.0,0,0.0,True
11724,0.0,0,0.0,True
122357,0.0,0,0.0,True
141448,0.0,0,0.0,False
310518,0.0,0,0.23333333333333334,False
129276,0.0,0,0.0,False
404903,0.0,0,0.0,False
339312,0.0,0,0.0,False
327250,0.0,0,0.0,False
294673,0.0,0,0.11666666666666667,False
99672,0.0,0,0.0,False
297666,0.0,0,0.0,False
75913,0.0,0,0.0,False
87446,0.0,0,0.5666666666666667,False
139312,0.0,0,0.26666666666666666,True
382855,0.0,0,0.0,False
44541,0.0,0,0.0,False
389686,0.0,0,0.4,False
117668,0.0,0,0.1,False
17353,0.0,0,0.7333333333333333,True
22254,0.0,0,0.45,False
38261,0.0,0,0.0,False
436942,0.0,0,0.0,False
76958,0.0,0,0.0,False
13548,0.0,0,0.0,False
327137,0.0,0,0.0,False
95736,0.0,0,0.0,False
21808,0.0,0,0.0,False
117546,0.0,0,0.3,False
110752,0.0,0,0.0,False
112028,0.0,0,0.0,False
228818,0.0,0,0.2833333333333333,False
490245,0.0,0,0.4,False
118315,0.0,0,0.0,False
5216,0.0,0,0.0,False
511999,0.0,0,0.0,False
308733,0.0,0,0.0,False
18408,0.0,0,0.0,False
77257,0.0,0,0.8166666666666667,False
110779,0.0,0,0.0,False
110750,0.0,0,0.48333333333333334,False
115638,0.0,0,0.0,False
170728,0.0,0,0.25,False
187703,0.0,0,0.0,False
112801,0.0,0,0.0,False
295326,0.0,0,0.0,False
437223,0.0,0,0.0,False
316958,0.0,0,0.0,False
390189,0.0,0,0.0,False
161559,0.0,0,0.0,False
76254,0.0,0,0.0,False
105760,0.0,0,0.8333333333333334,True
90942,0.0,0,0.0,False
79557,0.0,0,0.0,False
178910,0.0,0,0.0,False
63222,0.0,0,0.0,False
129206,0.0,0,0.0,False
265144,0.0,0,0.0,False
454010,0.0,0,0.38333333333333336,False
92879,0.0,0,0.0,False
124235,0.0,0,0.0,False
117676,0.0,0,0.11666666666666667,False
29983,0.0,0,0.0,False
406450,0.0,0,0.0,False
446858,0.0,0,0.0,False
132881,0.0,0,0.0,False
448345,0.0,0,0.0,False
7144,0.0,0,0.0,False
506813,0.0,0,0.05,False
450766,0.0,0,0.2,False
110718,0.0,0,0.2,False
111130,0.0,0,0.48333333333333334,False
336409,0.0,0,0.0,False
261589,0.0,0,0.95,False
88723,0.0,0,0.0,False
265201,0.0,0,0.0,False
98276,0.0,0,0.0,False
26580,0.0,0,0.38333333333333336,False
126321,0.0,0,0.0,False
79620,0.0,0,0.0,False
112586,0.0,0,0.0,False
441669,0.0,0,0.0,False
100099,0.0,0,0.0,False
6398,0.0,0,0.0,False
4937,0.0,0,0.0,False
38289,0.0,0,0.0,False
298421,0.0,0,0.0,False
265204,0.0,0,0.0,False
10444,0.0,0,0.0,False
392617,0.0,0,0.0,False
76345,0.0,0,0.0,False
415091,0.0,0,0.7833333333333333,False
161867,0.0,0,0.5666666666666667,False
140657,0.0,0,0.3,False
364283,0.0,0,0.0,False
70768,0.0,0,0.0,False
105518,0.0,0,0.0,False
19858,0.0,0,0.0,False
36588,0.0,0,0.6,False
363699,0.0,0,0.0,False
6802,0.0,0,0.0,False
297668,0.0,0,0.0,False
343512,0.0,0,0.0,False
360229,0.0,0,0.0,False
136070,0.0,0,0.0,False
751,0.0,0,0.016666666666666666,False
4372,0.0,0,0.0,False
358439,0.0,0,0.6166666666666667,False
439565,0.0,0,0.0,False
240891,0.0,0,0.0,False
39312,0.0,0,0.0,False
343521,0.0,0,0.0,False
32929,0.0,0,0.0,False
161019,0.0,0,0.0,False
49353,0.0,0,0.0,False
379277,0.0,0,0.0,False
408945,0.0,0,0.0,False
406706,0.0,0,0.0,False
178911,0.0,0,0.0,False
441674,0.0,0,0.3333333333333333,False
82088,0.0,0,0.0,False
22710,0.0,0,0.0,True
169099,0.0,0,0.0,False
4283,0.0,0,0.0,False
127241,0.0,0,0.0,False
501766,0.0,0,0.0,False
8888,0.0,0,0.0,False
23237,0.0,0,0.0,False
78967,0.0,0,0.0,False
91393,0.0,0,0.0,False
406451,0.0,0,0.0,False
33065,0.0,0,0.0,True
28255,0.0,0,0.0,False
93267,0.0,0,0.0,False
339398,0.0,0,0.0,False
78716,0.0,0,0.0,False
10609,0.0,0,0.0,False
240678,0.0,0,0.0,False
29411,0.0,0,0.08333333333333333,True
448194,0.0,0,0.25,False
137217,0.0,0,0.0,False
75056,0.0,0,0.05,False
164125,0.0,0,0.0,False
303553,0.0,0,0.26666666666666666,False
546522,0.0,0,0.0,False
87751,0.0,0,0.0,False
4255,0.0,0,0.0,False
1771,0.0,0,0.0,False
226800,0.0,0,0.0,False
428846,0.0,0,0.0,True
44280,0.0,0,0.8666666666666667,False
408903,0.0,0,0.1,False
133990,0.0,0,0.0,False
442798,0.0,0,0.0,False
449769,0.0,0,0.0,False
393192,0.0,0,0.0,False
127390,0.0,0,0.0,False
113080,0.0,0,0.0,False
108599,0.0,0,0.0,False
84787,0.0,0,0.0,False
84662,0.0,0,0.0,False
193466,0.0,0,0.13333333333333333,True
66541,0.0,0,0.0,True
391339,0.0,0,0.0,False
427318,0.0,0,0.0,False
293489,0.0,0,0.0,False
48603,0.0,0,0.0,False
66277,0.0,0,0.0,True
229377,0.0,0,0.0,False
169217,0.0,0,0.0,False
187973,0.0,0,0.0,False
104973,0.0,0,0.0,False
95888,0.0,0,0.0,False
64810,0.0,0,0.0,False
27888,0.0,0,0.3,False
79886,0.0,0,0.0,False
102820,0.0,0,0.0,False
161536,0.0,0,0.0,False
792580,0.0,0,0.0,False
169355,0.0,0,0.0,False
127313,0.0,0,0.0,False
121141,0.0,0,0.0,False
187740,0.0,0,0.0,False
68705,0.0,0,0.0,False
167147,0.0,0,0.0,False
379465,0.0,0,0.0,False
184849,0.0,0,0.08333333333333333,False
86100,0.0,0,0.0,True
389772,0.0,0,0.0,False
124228,0.0,0,0.0,False
176041,0.0,0,0.0,False
31894,0.0,0,0.0,False
298420,0.0,0,0.0,False
414270,0.0,0,0.55,False
71281,0.0,0,0.0,False
49143,0.0,0,0.0,True
31888,0.0,0,0.0,False
93393,0.0,0,0.0,False
82228,0.0,0,0.0,False
389739,0.0,0,0.0,False
90281,0.0,0,0.0,False
239561,0.0,0,0.0,False
107970,0.0,0,0.0,False
16973,0.0,0,0.0,False
193865,0.0,0,0.0,False
298402,0.0,0,0.0,False
91769,0.0,0,0.0,False
13060,0.0,0,0.0,False
251069,0.0,0,0.0,False
42575,0.0,0,0.0,False
66922,0.0,0,0.0,False
112590,0.0,0,0.4,False
343045,0.0,0,0.0,False
99876,0.0,0,0.15,False
66294,0.0,0,0.0,False
450121,0.0,0,0.2,False
263086,0.0,0,0.08333333333333333,False
484832,0.0,0,0.0,False
298387,0.0,0,0.5166666666666667,False
312664,0.0,0,0.0,False
86011,0.0,0,0.0,False
75016,0.0,0,0.0,False
190985,0.0,0,0.0,False
74319,0.0,0,0.0,False
55198,0.0,0,0.0,False
9751,0.0,0,0.0,False
188290,0.0,0,0.0,False
174193,0.0,0,0.48333333333333334,False
38383,0.0,0,0.0,False
7519,0.0,0,0.0,False
154920,0.0,0,0.31666666666666665,False
223344,0.0,0,0.016666666666666666,False
30298,0.0,0,0.0,False
175785,0.0,0,0.0,False
110789,0.0,0,0.0,False
112679,0.0,0,0.0,False
83882,0.0,0,0.0,False
127243,0.0,0,0.0,False
410763,0.0,0,0.0,False
92873,0.0,0,0.0,False
66473,0.0,0,0.0,True
3933,0.0,0,0.0,False
134351,0.0,0,0.0,False
8647,0.0,0,0.0,False
5439,0.0,0,0.0,False
402053,0.0,0,0.0,True
38435,0.0,0,0.0,False
99805,0.0,0,0.0,False
46325,0.0,0,0.0,False
108518,0.0,0,0.0,False
12293,0.0,0,0.0,False
346399,0.0,0,0.0,False
272941,0.0,0,0.15,False
88005,0.0,0,0.0,False
190600,0.0,0,0.0,False
65622,0.0,0,0.0,False
149219,0.0,0,0.4166666666666667,False
84849,0.0,0,0.0,True
327532,0.0,0,0.0,False
86151,0.0,0,0.0,False
343570,0.0,0,0.5,False
94612,0.0,0,0.0,False
82515,0.0,0,0.0,False
91466,0.0,0,0.7333333333333333,False
31747,0.0,0,0.0,True
118253,0.0,0,0.0,False
412382,0.0,0,0.0,False
468033,0.0,0,0.0,False
395340,0.0,0,0.0,False
327134,0.0,0,0.0,False
188804,0.0,0,0.5333333333333333,False
89601,0.0,0,0.0,False
326616,0.0,0,0.0,False
6004,0.0,0,0.0,False
85699,0.0,0,0.0,False
179130,0.0,0,0.0,False
327135,0.0,0,0.0,False
338993,0.0,0,0.03333333333333333,False
356582,0.0,0,0.0,False
60007,0.0,0,0.5666666666666667,False
449768,0.0,0,0.0,False
24035,0.0,0,0.0,False
29448,0.0,0,0.0,False
155873,0.0,0,0.0,True
72885,0.0,0,0.0,False
12127,0.0,0,0.48333333333333334,False
183081,0.0,0,0.38333333333333336,False
82086,0.0,0,0.0,False
112626,0.0,0,0.0,False
348767,0.0,0,0.0,False
86182,0.0,0,0.0,False
49225,0.0,0,0.0,False
124848,0.0,0,0.0,False
49021,0.0,0,0.0,False
66387,0.0,0,0.6333333333333333,False
317885,0.0,0,0.0,False
134725,0.0,0,0.016666666666666666,False
459870,0.0,0,0.6166666666666667,False
52057,0.0,0,0.0,False
500914,0.0,0,0.0,False
71997,0.0,0,0.0,False
105774,0.0,0,0.0,False
221396,0.0,0,0.43333333333333335,False
17179,0.0,0,0.0,False
34855,0.0,0,0.0,False
63704,0.0,0,0.0,False
296704,0.0,0,0.08333333333333333,False
450771,0.0,0,0.2,False
488263,0.0,0,0.0,False
67484,0.0,0,0.5833333333333334,False
48812,0.0,0,0.0,True
402580,0.0,0,0.0,False
19265,0.0,0,0.0,False
306847,0.0,0,0.0,False
5147,0.0,0,0.38333333333333336,True
11403,0.0,0,0.0,False
295269,0.0,0,0.0,False
327136,0.0,0,0.0,False
88727,0.0,0,0.0,False
444392,0.0,0,0.1,False
91537,0.0,0,0.0,True
91314,0.0,0,0.0,False
97167,0.0,0,0.0,False
93237,0.0,0,0.0,False
93895,0.0,0,0.0,False
5926,0.0,0,0.0,False
86184,0.0,0,0.0,False
20599,0.0,0,0.0,False
88530,0.0,0,0.0,False
188791,0.0,0,0.0,False
99762,0.0,0,0.06666666666666667,False
99452,0.0,0,0.0,False
93065,0.0,0,0.0,False
97107,0.0,0,0.21666666666666667,True
326350,0.0,0,0.0,False
50841,0.0,0,0.0,True
137686,0.0,0,0.05,False
149068,0.0,0,0.0,False
84242,0.0,0,0.0,False
41712,0.0,0,0.0,False
141626,0.0,0,0.0,False
93224,0.0,0,0.0,False
223323,0.0,0,0.0,False
280808,0.0,0,0.0,False
106032,0.0,0,0.0,False
3918,0.0,0,0.0,False
75767,0.0,0,0.8666666666666667,True
43938,0.0,0,0.0,False
508,0.0,0,0.26666666666666666,False
221395,0.0,0,0.5,False
443865,0.0,0,0.0,False
102893,0.0,0,0.8833333333333333,False
171173,0.0,0,0.0,False
54250,0.0,0,0.0,False
54808,0.0,0,0.0,False
54163,0.0,0,0.5833333333333334,False
153308,0.0,0,0.2833333333333333,False
106128,0.0,0,0.0,False
44091,0.0,0,0.0,False
104086,0.0,0,0.0,False
501764,0.0,0,0.0,False
110721,0.0,0,0.03333333333333333,False
366694,0.0,0,0.4166666666666667,False
48678,0.0,0,0.7166666666666667,True
198874,0.0,0,0.85,False
137258,0.0,0,0.016666666666666666,False
77260,0.0,0,0.0,False
39957,0.0,0,0.0,False
294672,0.0,0,0.1,False
8249,0.0,0,0.0,False
178908,0.0,0,0.0,False
51047,0.0,0,0.75,False
85715,0.0,0,0.0,False
587,0.0,0,0.0,False
49956,0.0,0,0.0,False
94454,0.0,0,0.3333333333333333,False
398134,0.0,0,0.0,False
146016,0.0,0,0.016666666666666666,False
13342,0.0,0,0.0,False
118304,0.0,0,0.0,False
6182,0.0,0,0.0,False
488203,0.0,0,0.4166666666666667,False
107840,0.0,0,0.0,False
30300,0.0,0,0.0,False
142120,0.0,0,0.0,False
112616,0.0,0,0.0,False
127542,0.0,0,0.0,False
44254,0.0,0,0.0,False
26752,0.0,0,0.0,False
356730,0.0,0,0.15,False
64116,0.0,0,0.0,False
398136,0.0,0,0.0,False
86097,0.0,0,0.5833333333333334,False
18777,0.0,0,0.0,False
13894,0.0,0,0.0,False
110667,0.0,0,0.5,False
65904,0.0,0,0.0,False
65311,0.0,0,0.0,False
161424,0.0,0,0.0,False
351789,0.0,0,0.0,False
135119,0.0,0,0.0,False
201899,0.0,0,0.0,False
69893,0.0,0,0.0,False
102758,0.0,0,0.0,False
94980,0.0,0,0.0,False
182534,0.0,0,0.0,False
494909,0.0,0,0.2,False
190972,0.0,0,0.0,False
161048,0.0,0,0.4166666666666667,False
155272,0.0,0,0.31666666666666665,False
421682,0.0,0,0.0,False
416846,0.0,0,0.08333333333333333,False
136008,0.0,0,0.0,False
27963,0.0,0,0.18333333333333332,False
108559,0.0,0,0.0,False
33667,0.0,0,0.0,False
303483,0.0,0,0.0,False
26360,0.0,0,0.16666666666666666,False
136865,0.0,0,0.0,False
84169,0.0,0,0.0,False
102008,0.0,0,0.016666666666666666,False
346335,0.0,0,0.8666666666666667,False
389549,0.0,0,0.0,False
421342,0.0,0,0.0,False
188180,0.0,0,0.016666666666666666,False
97487,0.0,0,0.2833333333333333,False
188375,0.0,0,0.0,False
48274,0.0,0,0.0,False
98166,0.0,0,0.0,False
221828,0.0,0,0.0,False
75399,0.0,0,0.3333333333333333,False
325098,0.0,0,0.5666666666666667,False
284057,0.0,0,0.0,False
316977,0.0,0,0.0,False
70942,0.0,0,0.0,False
236841,0.0,0,0.0,False
379461,0.0,0,0.0,False
234799,0.0,0,0.0,False
12093,0.0,0,0.0,False
108353,0.0,0,0.05,False
59395,0.0,0,0.0,False
326124,0.0,0,0.0,False
84984,0.0,0,0.0,False
19117,0.0,0,0.0,False
93840,0.0,0,0.0,False
127311,0.0,0,0.0,False
61605,0.0,0,0.0,False
421503,0.0,0,0.0,False
11559,0.0,0,0.21666666666666667,False
128523,0.0,0,0.0,True
35363,0.0,0,0.06666666666666667,False
92874,0.0,0,0.0,False
326822,0.0,0,0.0,False
142209,0.0,0,0.0,False
160489,0.0,0,0.06666666666666667,False
306007,0.0,0,0.0,False
44510,0.0,0,0.18333333333333332,False
406452,0.0,0,0.0,False
344933,0.0,0,0.0,False
59396,0.0,0,0.0,False
123539,0.0,0,0.0,False
43909,0.0,0,0.0,False
343050,0.0,0,0.0,False
378379,0.0,0,0.0,False
378738,0.0,0,0.13333333333333333,False
482204,0.0,0,0.0,False
12536,0.0,0,0.0,False
817,0.0,0,0.05,False
166069,0.0,0,0.0,False
280738,0.0,0,0.0,False
50392,0.0,0,0.0,False
13193,0.0,0,0.0,False
87723,0.0,0,0.0,False
167493,0.0,0,0.13333333333333333,False
62300,0.0,0,0.0,False
356759,0.0,0,0.0,False
404965,0.0,0,0.0,False
306879,0.0,0,0.0,False
188806,0.0,0,0.6166666666666667,False
75402,0.0,0,0.3,False
5261,0.0,0,0.0,False
29313,0.0,0,0.0,False
4082,0.0,0,0.13333333333333333,False
143142,0.0,0,0.0,False
327235,0.0,0,0.0,False
110225,0.0,0,0.0,False
75001,0.0,0,0.0,False
189033,0.0,0,0.0,False
75143,0.0,0,0.0,False
310399,0.0,0,0.0,False
331761,0.0,0,0.6833333333333333,False
273010,0.0,0,0.0,False
336623,0.0,0,0.0,False
137214,0.0,0,0.0,False
268118,0.0,0,0.0,False
30741,0.0,0,0.9833333333333333,False
435310,0.0,0,0.0,False
325125,0.0,0,0.1,False
285549,0.0,0,0.0,False
87755,0.0,0,0.0,False
61818,0.0,0,0.0,False
52708,0.0,0,0.0,False
187752,0.0,0,0.0,False
5436,0.0,0,0.0,True
246612,0.0,0,0.0,False
307050,0.0,0,0.0,False
30747,0.0,0,0.0,False
76706,0.0,0,0.05,False
82890,0.0,0,0.06666666666666667,False
195285,0.0,0,0.0,False
98835,0.0,0,0.0,False
113068,0.0,0,0.0,False
176074,0.0,0,0.0,False
44542,0.0,0,0.0,False
83256,0.0,0,0.0,False
111134,0.0,0,0.0,False
174426,0.0,0,0.36666666666666664,False
137211,0.0,0,0.0,False
246468,0.0,0,0.0,False
95141,0.0,0,0.0,False
60419,0.0,0,0.0,False
60241,0.0,0,0.9833333333333333,False
189208,0.0,0,0.0,False
221987,0.0,0,0.06666666666666667,False
114671,0.0,0,0.0,False
315412,0.0,0,0.0,False
79724,0.0,0,0.05,False
85615,0.0,0,0.0,False
11954,0.0,0,0.0,False
5247,0.0,0,0.31666666666666665,True
112029,0.0,0,0.0,False
49585,0.0,0,0.0,False
55220,0.0,0,0.0,False
326115,0.0,0,0.0,False
303552,0.0,0,0.26666666666666666,False
124508,0.0,0,0.0,False
18271,0.0,0,0.7333333333333333,False
230589,0.0,0,0.0,False
83971,0.0,0,0.0,False
108586,0.0,0,0.0,False
181685,0.0,0,0.0,False
136721,0.0,0,0.0,False
62775,0.0,0,0.8333333333333334,False
19913,0.0,0,0.43333333333333335,True
160280,0.0,0,0.0,False
44455,0.0,0,0.0,False
109071,0.0,0,0.0,False
62911,0.0,0,0.0,False
177337,0.0,0,0.2833333333333333,True
275714,0.0,0,0.0,False
71569,0.0,0,0.0,False
493331,0.0,0,0.0,False
110675,0.0,0,0.0,False
107843,0.0,0,0.0,False
12640,0.0,0,0.0,False
66440,0.0,0,0.0,True
523740,0.0,0,0.0,False
110073,0.0,0,0.016666666666666666,False
4812,0.0,0,0.0,False
99396,0.0,0,0.0,False
435296,0.0,0,0.0,False
44762,0.0,0,0.0,False
44526,0.0,0,0.0,False
136053,0.0,0,0.0,False
102821,0.0,0,0.0,False
591,0.0,0,0.0,True
19734,0.0,0,0.0,False
16470,0.0,0,0.6666666666666666,True
33078,0.0,0,0.0,False
82516,0.0,0,0.0,False
155273,0.0,0,0.2833333333333333,False
97213,0.0,0,0.0,False
30883,0.0,0,0.0,True
105693,0.0,0,0.0,False
67467,0.0,0,0.0,False
95140,0.0,0,0.0,False
484582,0.0,0,0.0,False
382879,0.0,0,0.0,True
165465,0.0,0,0.0,False
82619,0.0,0,0.0,True
16100,0.0,0,0.0,False
327211,0.0,0,0.0,False
13957,0.0,0,0.0,True
144890,0.0,0,0.0,False
121172,0.0,0,0.0,False
54746,0.0,0,0.0,False
184827,0.0,0,0.016666666666666666,False
183992,0.0,0,0.0,False
113040,0.0,0,0.5833333333333334,False
154582,0.0,0,0.0,False
135896,0.0,0,0.45,False
132244,0.0,0,0.0,False
316972,0.0,0,0.0,False
3774,0.0,0,0.0,False
41550,0.0,0,0.0,False
362172,0.0,0,0.0,False
76147,0.0,0,0.0,False
91177,0.0,0,0.0,False
294381,0.0,0,0.85,False
190319,0.0,0,0.0,False
61974,0.0,0,0.0,False
404462,0.0,0,0.0,False
233767,0.0,0,0.0,False
102958,0.0,0,0.0,False
163371,0.0,0,0.6,False
379476,0.0,0,0.11666666666666667,False
19264,0.0,0,0.0,False
503902,0.0,0,0.0,False
287701,0.0,0,0.0,False
442263,0.0,0,0.0,False
92903,0.0,0,0.0,False
144123,0.0,0,0.05,False
35663,0.0,0,0.0,False
494717,0.0,0,0.0,False
328921,0.0,0,0.06666666666666667,False
416663,0.0,0,0.5666666666666667,False
9866,0.0,0,0.0,False
76416,0.0,0,0.36666666666666664,False
156753,0.0,0,0.0,False
331125,0.0,0,0.26666666666666666,False
7926,0.0,0,0.31666666666666665,False
362219,0.0,0,0.0,False
26560,0.0,0,0.4,False
36132,0.0,0,0.0,False
95737,0.0,0,0.0,False
112234,0.0,0,0.0,False
84241,0.0,0,0.0,False
64152,0.0,0,0.0,False
391094,0.0,0,0.0,True
285445,0.0,0,0.0,False
148918,0.0,0,0.0,False
12816,0.0,0,0.0,False
32978,0.0,0,0.0,True
103182,0.0,0,0.0,False
72956,0.0,0,0.03333333333333333,False
68689,0.0,0,0.0,False
150841,0.0,0,0.0,False
49120,0.0,0,0.0,False
10215,0.0,0,0.0,False
179809,0.0,0,0.0,False
115592,0.0,0,0.0,False
407054,0.0,0,0.0,False
75255,0.0,0,0.0,False
14297,0.0,0,0.0,False
352761,0.0,0,0.1,False
138400,0.0,0,0.0,False
165538,0.0,0,0.0,False
66475,0.0,0,0.0,True
114481,0.0,0,0.0,False
31673,0.0,0,0.0,False
127610,0.0,0,0.0,False
66293,0.0,0,0.0,False
155061,0.0,0,0.0,False
76514,0.0,0,0.15,False
118655,0.0,0,0.0,False
324914,0.0,0,0.0,False
112474,0.0,0,0.0,False
161918,0.0,0,0.0,False
62326,0.0,0,0.0,False
20474,0.0,0,0.26666666666666666,True
76348,0.0,0,0.0,False
34998,0.0,0,0.0,False
13557,0.0,0,0.0,False
314756,0.0,0,0.0,False
49311,0.0,0,0.0,False
310144,0.0,0,0.06666666666666667,False
164893,0.0,0,0.4166666666666667,False
23540,0.0,0,0.0,False
298444,0.0,0,0.0,False
11988,0.0,0,0.0,False
12276,0.0,0,0.0,False
495069,0.0,0,0.0,False
112941,0.0,0,0.0,False
74278,0.0,0,0.7833333333333333,True
110715,0.0,0,0.31666666666666665,False
444390,0.0,0,0.016666666666666666,False
426308,0.0,0,0.3333333333333333,False
462987,0.0,0,0.03333333333333333,False
398133,0.0,0,0.0,False
70229,0.0,0,0.0,False
111048,0.0,0,0.2833333333333333,False
90831,0.0,0,0.0,True
76511,0.0,0,0.0,False
171172,0.0,0,0.0,False
95453,0.0,0,0.0,False
111865,0.0,0,0.0,False
378170,0.0,0,0.0,False
586,0.0,0,0.0,False
362177,0.0,0,0.0,False
66388,0.0,0,0.0,False
287517,0.0,0,0.0,False
21798,0.0,0,0.06666666666666667,False
28876,0.0,0,0.0,False
171230,0.0,0,0.0,False
166146,0.0,0,0.0,False
18973,0.0,0,0.0,False
185313,0.0,0,0.0,False
60035,0.0,0,0.0,False
187578,0.0,0,0.0,False
310519,0.0,0,0.23333333333333334,False
113576,0.0,0,0.0,False
91179,0.0,0,0.0,False
164996,0.0,0,0.0,False
283687,0.0,0,0.0,False
136937,0.0,0,0.0,True
81767,0.0,0,0.0,False
5301,0.0,0,0.8166666666666667,True
44490,0.0,0,0.0,False
6153,0.0,0,0.0,False
28466,0.0,0,0.0,False
76505,0.0,0,0.0,False
118666,0.0,0,0.0,False
138922,0.0,0,0.0,False
429412,0.0,0,0.0,False
85096,0.0,0,0.0,False
144149,0.0,0,0.0,False
145722,0.0,0,0.0,False
5445,0.0,0,0.0,False
115552,0.0,0,0.06666666666666667,False
443535,0.0,0,0.0,False
135585,0.0,0,0.0,False
134354,0.0,0,0.0,False
136618,0.0,0,0.0,False
301728,0.0,0,0.8333333333333334,True
44795,0.0,0,0.0,True
63171,0.0,0,0.0,False
306061,0.0,0,0.0,False
178550,0.0,0,0.0,False
90444,0.0,0,0.8333333333333334,False
346380,0.0,0,0.26666666666666666,False
55955,0.0,0,0.0,True
325383,0.0,0,0.0,False
336257,0.0,0,0.0,False
46353,0.0,0,0.0,False
40736,0.0,0,0.0,False
462589,0.0,0,0.0,False
164993,0.0,0,0.0,False
429373,0.0,0,0.0,False
96642,0.0,0,0.7,False
362173,0.0,0,0.0,False
285406,0.0,0,0.0,False
298127,0.0,0,0.0,False
295321,0.0,0,0.03333333333333333,False
85670,0.0,0,0.0,False
589,0.0,0,0.0,True
47557,0.0,0,0.0,False
86155,0.0,0,0.0,False
19773,0.0,0,0.0,False
294525,0.0,0,0.26666666666666666,True
105123,0.0,0,0.0,False
73997,0.0,0,0.2833333333333333,False
49556,0.0,0,0.0,False
44559,0.0,0,0.0,False
122873,0.0,0,0.3333333333333333,False
21010,0.0,0,0.65,False
19209,0.0,0,0.0,True
504396,0.0,0,0.0,False
234797,0.0,0,0.0,False
74537,0.0,0,0.0,False
429408,0.0,0,0.0,False
348733,0.0,0,0.0,False
13543,0.0,0,0.0,False
188964,0.0,0,0.0,False
135562,0.0,0,0.0,False
125449,0.0,0,0.0,True
174498,0.0,0,0.0,False
437351,0.0,0,0.016666666666666666,True
421615,0.0,0,0.0,False
3905,0.0,0,0.0,False
7954,0.0,0,0.0,False
450169,0.0,0,0.0,False
111076,0.0,0,0.0,False
7109,0.0,0,0.0,False
12071,0.0,0,0.26666666666666666,False
63169,0.0,0,0.4,False
112598,0.0,0,0.0,False
89593,0.0,0,0.0,False
164894,0.0,0,0.0,False
68715,0.0,0,0.0,True
289638,0.0,0,0.8166666666666667,False
292558,0.0,0,0.0,False
74250,0.0,0,0.05,False
138350,0.0,0,0.38333333333333336,False
112067,0.0,0,0.0,False
69013,0.0,0,0.0,False
103155,0.0,0,0.06666666666666667,False
75403,0.0,0,0.5166666666666667,False
98544,0.0,0,0.0,False
491742,0.0,0,0.0,False
188056,0.0,0,0.0,False
46436,0.0,0,0.0,False
61604,0.0,0,0.0,False
265880,0.0,0,0.0,False
296616,0.0,0,0.0,False
24717,0.0,0,0.0,False
44848,0.0,0,0.06666666666666667,False
143997,0.0,0,0.0,False
379427,0.0,0,0.0,False
325101,0.0,0,0.0,False
20472,0.0,0,0.6,True
74821,0.0,0,0.11666666666666667,False
450768,0.0,0,0.2,False
83612,0.0,0,0.6333333333333333,False
91587,0.0,0,0.0,False
121175,0.0,0,0.0,False
97337,0.0,0,0.3333333333333333,False
80113,0.0,0,0.0,False
85740,0.0,0,0.0,False
274955,0.0,0,0.0,False
171297,0.0,0,0.16666666666666666,False
19107,0.0,0,0.2,True
440478,0.0,0,0.0,False
429479,0.0,0,0.0,False
169788,0.0,0,0.0,False
69012,0.0,0,0.0,False
343047,0.0,0,0.0,False
54844,0.0,0,0.0,False
39969,0.0,0,0.0,False
121151,0.0,0,0.0,False
95264,0.0,0,0.0,True
45719,0.0,0,0.0,False
161803,0.0,0,0.2833333333333333,False
166093,0.0,0,0.0,False
24134,0.0,0,0.0,False
246620,0.0,0,0.0,False
107841,0.0,0,0.0,False
23168,0.0,0,0.0,False
20520,0.0,0,0.0,False
79643,0.0,0,0.06666666666666667,False
92271,0.0,0,0.1,False
390238,0.0,0,0.0,False
108600,0.0,0,0.0,False
85455,0.0,0,0.0,False
38284,0.0,0,0.0,False
409379,0.0,0,0.9666666666666667,False
103967,0.0,0,0.0,True
105985,0.0,0,0.5666666666666667,False
149187,0.0,0,0.0,False
105125,0.0,0,0.0,False
174591,0.0,0,0.0,False
175481,0.0,0,0.0,False
34808,0.0,0,0.0,False
317974,0.0,0,0.0,False
110826,0.0,0,0.0,False
124341,0.0,0,0.0,False
283686,0.0,0,0.0,False
171135,0.0,0,0.0,False
98177,0.0,0,0.0,False
46789,0.0,0,0.0,False
443675,0.0,0,0.4,False
299066,0.0,0,0.38333333333333336,False
149069,0.0,0,0.0,False
62294,0.0,0,0.0,False
12144,0.0,0,0.0,True
69881,0.0,0,0.0,False
175990,0.0,0,0.0,False
59394,0.0,0,0.0,False
174358,0.0,0,0.0,False
265205,0.0,0,0.0,False
8208,0.0,0,0.0,False
107131,0.0,0,0.0,False
143821,0.0,0,0.0,False
125654,0.0,0,0.0,False
282164,0.0,0,0.0,False
115636,0.0,0,0.0,False
439483,0.0,0,0.0,False
99863,0.0,0,0.0,False
51357,0.0,0,0.0,False
94679,0.0,0,0.0,True
4292,0.0,0,0.0,False
65733,0.0,0,0.0,False
169267,0.0,0,0.0,False
27384,0.0,0,0.0,False
46409,0.0,0,0.0,False
141496,0.0,0,0.0,False
117672,0.0,0,0.38333333333333336,False
390939,0.0,0,0.0,False
33763,0.0,0,0.0,False
484862,0.0,0,0.0,False
443537,0.0,0,0.0,False
143856,0.0,0,0.0,False
103244,0.0,0,0.0,False
171240,0.0,0,0.0,False
117687,0.0,0,0.23333333333333334,False
337113,0.0,0,0.0,False
161709,0.0,0,0.0,False
392642,0.0,0,0.0,False
88516,0.0,0,0.0,False
165428,0.0,0,0.85,False
107952,0.0,0,0.0,False
193020,0.0,0,0.0,True
221359,0.0,0,0.9,False
75876,0.0,0,0.0,False
95237,0.0,0,0.0,False
90766,0.0,0,0.2,False
68572,0.0,0,0.0,False
62296,0.0,0,0.0,False
77795,0.0,0,0.0,False
166013,0.0,0,0.0,False
298486,0.0,0,0.0,True
68080,0.0,0,0.13333333333333333,True
91455,0.0,0,0.0,False
407168,0.0,0,0.0,False
164768,0.0,0,0.9833333333333333,False
153025,0.0,0,0.0,False
105632,0.0,0,0.7666666666666667,False
41942,0.0,0,0.0,False
19856,0.0,0,0.016666666666666666,False
165989,0.0,0,0.85,False
20594,0.0,0,0.0,False
443286,0.0,0,0.0,False
129275,0.0,0,0.0,False
79719,0.0,0,0.0,False
306307,0.0,0,0.5,False
90378,0.0,0,0.0,False
50496,0.0,0,0.0,False
37690,0.0,0,0.0,False
229385,0.0,0,0.08333333333333333,False
407992,0.0,0,0.8333333333333334,False
83898,0.0,0,0.03333333333333333,False
35664,0.0,0,0.0,False
108567,0.0,0,0.0,False
62297,0.0,0,0.0,False
257709,0.0,0,0.0,False
230252,0.0,0,0.0,False
429475,0.0,0,0.0,False
82060,0.0,0,0.0,False
326235,0.0,0,0.0,False
29391,0.0,0,0.0,False
164126,0.0,0,0.0,False
61824,0.0,0,0.18333333333333332,False
77872,0.0,0,0.0,False
44527,0.0,0,0.0,False
392615,0.0,0,0.0,False
63170,0.0,0,0.0,False
411652,0.0,0,0.0,False
100086,0.0,0,0.85,False
11955,0.0,0,0.0,False
7855,0.0,0,0.0,False
6535,0.0,0,0.0,False
155277,0.0,0,0.0,False
351865,0.0,0,0.0,False
29086,0.0,0,0.0,False
6126,0.0,0,0.0,False
79497,0.0,0,0.15,False
374956,0.0,0,0.0,False
198711,0.0,0,0.0,True
28579,0.0,0,0.0,False
47822,0.0,0,0.0,False
93381,0.0,0,0.0,True
107771,0.0,0,0.0,False
7399,0.0,0,0.0,False
311797,0.0,0,0.0,False
167719,0.0,0,0.0,False
274964,0.0,0,0.0,False
48291,0.0,0,0.0,False
325377,0.0,0,0.0,False
358534,0.0,0,0.0,False
57158,0.0,0,0.0,False
69961,0.0,0,0.0,False
96998,0.0,0,0.0,False
91364,0.0,0,0.0,False
144150,0.0,0,0.0,False
99598,0.0,0,0.0,False
316960,0.0,0,0.0,False
29477,0.0,0,0.05,False
38259,0.0,0,0.0,False
112162,0.0,0,0.0,False
149395,0.0,0,0.016666666666666666,False
240675,0.0,0,0.0,False
292562,0.0,0,0.0,False
6181,0.0,0,0.0,False
13026,0.0,0,0.0,False
110062,0.0,0,0.8333333333333334,False
6379,0.0,0,0.0,False
340962,0.0,0,0.0,False
24239,0.0,0,0.0,False
120990,0.0,0,0.0,False
292561,0.0,0,0.0,False
331972,0.0,0,0.0,False
134422,0.0,0,0.26666666666666666,False
96904,0.0,0,0.03333333333333333,False
380043,0.0,0,0.0,False
127389,0.0,0,0.0,False
38378,0.0,0,0.06666666666666667,False
274911,0.0,0,0.8333333333333334,False
241086,0.0,0,0.0,False
68745,0.0,0,0.0,False
73436,0.0,0,0.0,False
19940,0.0,0,0.0,False
425105,0.0,0,0.0,False
35217,0.0,0,0.0,False
81740,0.0,0,0.0,False
108538,0.0,0,0.85,False
325111,0.0,0,0.016666666666666666,False
144395,0.0,0,0.0,False
12976,0.0,0,0.0,True
293488,0.0,0,0.0,False
141506,0.0,0,0.0,False
296588,0.0,0,0.8166666666666667,False
143909,0.0,0,0.0,False
9963,0.0,0,0.0,False
459900,0.0,0,0.0,False
352804,0.0,0,0.0,False
50446,0.0,0,0.0,False
118307,0.0,0,0.0,False
75792,0.0,0,0.0,False
5286,0.0,0,0.7666666666666667,False
171808,0.0,0,0.0,False
53309,0.0,0,0.0,False
171410,0.0,0,0.0,False
325814,0.0,0,0.0,False
112790,0.0,0,0.0,False
22053,0.0,0,0.0,False
414442,0.0,0,0.0,False
46313,0.0,0,0.15,False
427672,0.0,0,0.0,False
144126,0.0,0,0.0,False
429706,0.0,0,0.0,False
294380,0.0,0,0.85,False
153263,0.0,0,0.0,False
227101,0.0,0,0.0,False
69068,0.0,0,0.0,False
123745,0.0,0,0.0,False
331979,0.0,0,0.0,False
298009,0.0,0,0.0,False
324169,0.0,0,0.0,False
19720,0.0,0,0.0,False
115547,0.0,0,0.06666666666666667,False
167713,0.0,0,0.0,False
284024,0.0,0,0.0,False
154646,0.0,0,0.0,False
112261,0.0,0,0.0,False
189094,0.0,0,0.0,False
331974,0.0,0,0.0,False
6091,0.0,0,0.0,False
311802,0.0,0,0.0,False
20505,0.0,0,0.0,False
292350,0.0,0,0.13333333333333333,False
147085,0.0,0,0.0,False
103541,0.0,0,0.0,False
68568,0.0,0,0.0,False
115215,0.0,0,0.0,False
21623,0.0,0,0.55,False
175887,0.0,0,0.0,False
175732,0.0,0,0.0,True
6192,0.0,0,0.05,False
449655,0.0,0,0.0,False
22259,0.0,0,0.0,False
351790,0.0,0,0.0,False
98543,0.0,0,0.0,False
108403,0.0,0,0.0,False
123572,0.0,0,0.0,False
153111,0.0,0,0.0,False
450147,0.0,0,0.4666666666666667,False
36006,0.0,0,0.0,False
188374,0.0,0,0.0,False
298946,0.0,0,0.0,False
23746,0.0,0,0.0,False
150068,0.0,0,0.0,False
36191,0.0,0,0.0,False
86183,0.0,0,0.0,False
317868,0.0,0,0.0,False
36924,0.0,0,0.4166666666666667,False
480988,0.0,0,0.0,False
360627,0.0,0,0.0,False
171191,0.0,0,0.0,False
97128,0.0,0,0.0,True
47814,0.0,0,0.06666666666666667,False
297669,0.0,0,0.0,False
315519,0.0,0,0.26666666666666666,False
5979,0.0,0,0.0,False
326652,0.0,0,0.0,False
21144,0.0,0,0.0,False
30667,0.0,0,0.0,False
43832,0.0,0,0.0,True
5574,0.0,0,0.0,False
5610,0.0,0,0.0,False
234172,0.0,0,0.0,False
173007,0.0,0,0.0,True
68055,0.0,0,0.0,False
275444,0.0,0,0.0,False
193866,0.0,0,0.0,False
411817,0.0,0,0.0,False
429422,0.0,0,0.0,False
422190,0.0,0,0.0,False
137353,0.0,0,0.0,False
174564,0.0,0,0.0,False
129162,0.0,0,0.9,False
163367,0.0,0,0.0,False
112587,0.0,0,0.8333333333333334,True
306055,0.0,0,0.2833333333333333,False
22848,0.0,0,0.0,True
180403,0.0,0,0.0,False
36572,0.0,0,0.0,False
31895,0.0,0,0.0,False
115220,0.0,0,0.0,False
12358,0.0,0,0.0,False
99569,0.0,0,0.0,False
88589,0.0,0,0.0,False
268095,0.0,0,0.0,False
44381,0.0,0,0.0,False
241248,0.0,0,0.0,False
392643,0.0,0,0.0,False
28578,0.0,0,0.0,False
57465,0.0,0,0.0,False
18708,0.0,0,0.0,False
107681,0.0,0,0.0,False
28653,0.0,0,0.0,False
5472,0.0,0,0.0,False
121196,0.0,0,0.0,False
9195,0.0,0,0.016666666666666666,False
81469,0.0,0,0.0,False
185334,0.0,0,0.0,False
5192,0.0,0,0.8666666666666667,False
78968,0.0,0,0.0,False
98162,0.0,0,0.0,False
9848,0.0,0,0.0,False
79556,0.0,0,0.0,False
39629,0.0,0,0.0,False
22691,0.0,0,0.0,False
336229,0.0,0,0.0,False
314671,0.0,0,0.0,False
84719,0.0,0,0.0,False
154578,0.0,0,0.0,False
170755,0.0,0,0.0,False
60585,0.0,0,0.0,False
78925,0.0,0,0.0,False
31662,0.0,0,0.0,False
72151,0.0,0,0.0,False
64851,0.0,0,0.35,False
426659,0.0,0,0.0,False
377133,0.0,0,0.2,False
63384,0.0,0,0.0,False
100007,0.0,0,0.16666666666666666,False
143176,0.0,0,0.0,False
103439,0.0,0,0.0,False
13472,0.0,0,0.0,False
183280,0.0,0,0.0,False
110781,0.0,0,0.0,False
86111,0.0,0,0.0,False
38061,0.0,0,0.0,False
306973,0.0,0,0.0,False
3503,0.0,0,0.0,False
443337,0.0,0,0.0,False
77773,0.0,0,0.0,False
12571,0.0,0,0.0,False
98254,0.0,0,0.0,False
95263,0.0,0,0.0,True
484722,0.0,0,0.0,False
331989,0.0,0,0.0,False
178311,0.0,0,0.13333333333333333,False
165430,0.0,0,0.03333333333333333,False
292991,0.0,0,0.0,False
92433,0.0,0,0.23333333333333334,False
298117,0.0,0,0.0,False
39656,0.0,0,0.0,False
415542,0.0,0,0.0,False
175399,0.0,0,0.36666666666666664,False
40554,0.0,0,0.0,True
145221,0.0,0,0.4,False
237950,0.0,0,0.9833333333333333,False
299849,0.0,0,0.0,True
3543,0.0,0,0.0,False
180322,0.0,0,0.0,False
554814,0.0,0,0.0,False
146959,0.0,0,0.0,False
240655,0.0,0,0.0,False
2011,0.0,0,0.0,False
294658,0.0,0,0.0,False
161813,0.0,0,0.6,False
307012,0.0,0,0.0,False
63931,0.0,0,0.0,False
251134,0.0,0,0.016666666666666666,False
427253,0.0,0,0.0,False
76929,0.0,0,0.0,False
327768,0.0,0,0.0,False
35665,0.0,0,0.0,False
92582,0.0,0,0.0,False
31788,0.0,0,0.0,False
72022,0.0,0,0.0,False
17545,0.0,0,0.0,False
20600,0.0,0,0.0,False
32291,0.0,0,0.0,False
136601,0.0,0,0.0,False
5237,0.0,0,0.65,False
59635,0.0,0,0.0,False
5009,0.0,0,0.0,False
325117,0.0,0,0.0,False
336755,0.0,0,0.0,True
75400,0.0,0,0.31666666666666665,False
41660,0.0,0,0.0,False
326116,0.0,0,0.0,False
3946,0.0,0,0.0,True
74513,0.0,0,0.2,False
149210,0.0,0,0.0,False
135559,0.0,0,0.0,False
448796,0.0,0,0.0,False
10646,0.0,0,0.0,False
81561,0.0,0,0.38333333333333336,False
452041,0.0,0,0.0,False
338752,0.0,0,0.0,False
6389,0.0,0,0.0,False
172554,0.0,0,0.0,False
316648,0.0,0,0.0,False
306871,0.0,0,0.0,False
399310,0.0,0,0.48333333333333334,False
108744,0.0,0,0.0,False
126945,0.0,0,0.0,False
325116,0.0,0,0.0,False
50479,0.0,0,0.0,False
94542,0.0,0,0.0,False
330107,0.0,0,0.0,False
126320,0.0,0,0.0,False
137435,0.0,0,0.0,False
44221,0.0,0,0.0,False
377138,0.0,0,0.2,False
317326,0.0,0,0.0,False
150833,0.0,0,0.0,False
6531,0.0,0,0.0,False
51222,0.0,0,0.0,True
312781,0.0,0,0.0,False
62409,0.0,0,0.0,False
76346,0.0,0,0.0,False
10096,0.0,0,0.0,False
19736,0.0,0,0.0,False
169269,0.0,0,0.0,False
327758,0.0,0,0.0,True
49066,0.0,0,0.0,False
121034,0.0,0,0.0,False
188779,0.0,0,0.0,False
115549,0.0,0,0.06666666666666667,False
47460,0.0,0,0.0,False
86153,0.0,0,0.0,False
86070,0.0,0,0.0,False
82109,0.0,0,0.0,False
317869,0.0,0,0.0,False
75877,0.0,0,0.0,False
390237,0.0,0,0.0,False
136803,0.0,0,0.0,False
331971,0.0,0,0.0,False
292559,0.0,0,0.0,False
49819,0.0,0,0.0,True
82234,0.0,0,0.5333333333333333,False
186287,0.0,0,0.0,False
97211,0.0,0,0.0,False
106174,0.0,0,0.11666666666666667,False
440483,0.0,0,0.0,False
140652,0.0,0,0.0,False
68601,0.0,0,0.0,False
153387,0.0,0,0.0,False
6979,0.0,0,0.0,True
69943,0.0,0,0.0,False
190834,0.0,0,0.5166666666666667,False
86066,0.0,0,0.0,False
29982,0.0,0,0.0,False
97025,0.0,0,0.0,False
4918,0.0,0,0.0,False
135120,0.0,0,0.0,False
33583,0.0,0,0.0,False
80277,0.0,0,0.016666666666666666,False
449099,0.0,0,0.0,False
71519,0.0,0,0.0,False
44706,0.0,0,0.7833333333333333,False
80018,0.0,0,0.0,False
92495,0.0,0,0.0,False
52463,0.0,0,0.0,False
110790,0.0,0,0.0,False
29447,0.0,0,0.0,False
167712,0.0,0,0.0,False
107941,0.0,0,0.9833333333333333,False
78935,0.0,0,0.0,False
461467,0.0,0,0.0,False
88017,0.0,0,0.0,False
289681,0.0,0,0.0,False
390235,0.0,0,0.016666666666666666,False
5578,0.0,0,0.0,False
107839,0.0,0,0.0,False
41195,0.0,0,0.0,False
100126,0.0,0,0.0,False
12014,0.0,0,0.0,False
91585,0.0,0,0.0,False
98514,0.0,0,0.0,False
139037,0.0,0,0.0,True
449774,0.0,0,0.0,False
175466,0.0,0,0.0,False
51885,0.0,0,0.0,False
19183,0.0,0,0.0,False
472721,0.0,0,0.0,False
141038,0.0,0,0.25,False
102465,0.0,0,0.0,False
174573,0.0,0,0.0,False
47221,0.0,0,0.0,False
10125,0.0,0,0.15,False
337350,0.0,0,0.0,False
100131,0.0,0,0.0,False
185314,0.0,0,0.0,False
83112,0.0,0,0.0,False
71420,0.0,0,0.0,False
90358,0.0,0,0.4666666666666667,False
156330,0.0,0,0.016666666666666666,False
5264,0.0,0,0.23333333333333334,False
9692,0.0,0,0.0,True
84679,0.0,0,0.0,False
43886,0.0,0,0.0,False
68647,0.0,0,0.0,False
74334,0.0,0,0.0,False
4563,0.0,0,0.0,False
7191,0.0,0,0.0,False
481031,0.0,0,0.0,False
144874,0.0,0,0.0,False
26695,0.0,0,0.0,True
309754,0.0,0,0.0,False
66138,0.0,0,0.0,False
372801,0.0,0,0.0,True
111866,0.0,0,0.0,False
55390,0.0,0,0.0,False
193422,0.0,0,0.0,False
26889,0.0,0,0.0,False
70217,0.0,0,0.0,False
62311,0.0,0,0.0,False
167643,0.0,0,0.0,False
470465,0.0,0,0.0,False
110776,0.0,0,0.0,False
71788,0.0,0,0.0,False
408131,0.0,0,0.0,True
347566,0.0,0,0.0,True
92800,0.0,0,0.0,False
161313,0.0,0,0.0,False
84832,0.0,0,0.0,False
158972,0.0,0,0.0,False
441810,0.0,0,0.0,False
33047,0.0,0,0.0,False
150057,0.0,0,0.0,False
83577,0.0,0,0.0,False
387685,0.0,0,0.0,False
97361,0.0,0,0.0,False
135993,0.0,0,0.0,False
26543,0.0,0,0.5333333333333333,False
30924,0.0,0,0.0,False
112633,0.0,0,0.0,False
105137,0.0,0,0.0,False
40537,0.0,0,0.0,False
81477,0.0,0,0.0,False
128524,0.0,0,0.0,True
28872,0.0,0,0.0,False
233883,0.0,0,0.0,False
137442,0.0,0,0.0,False
12320,0.0,0,0.0,True
272986,0.0,0,0.0,False
342529,0.0,0,0.38333333333333336,False
165984,0.0,0,0.85,False
299599,0.0,0,0.0,False
284120,0.0,0,0.95,False
43913,0.0,0,0.0,False
78882,0.0,0,0.0,False
6256,0.0,0,0.1,False
70216,0.0,0,0.0,False
166605,0.0,0,0.0,False
110061,0.0,0,0.8333333333333334,False
33064,0.0,0,0.0,True
412476,0.0,0,0.0,False
347505,0.0,0,0.016666666666666666,False
301832,0.0,0,0.0,False
402745,0.0,0,0.0,False
117866,0.0,0,0.85,False
412456,0.0,0,0.0,False
317979,0.0,0,0.0,False
153603,0.0,0,0.0,False
188895,0.0,0,0.11666666666666667,False
230220,0.0,0,0.0,False
110979,0.0,0,0.26666666666666666,False
169270,0.0,0,0.0,False
150840,0.0,0,0.0,False
171152,0.0,0,0.0,True
25511,0.0,0,0.0,False
84239,0.0,0,0.0,False
2434,0.0,0,0.0,False
143722,0.0,0,0.0,False
10380,0.0,0,0.0,False
128521,0.0,0,0.0,True
94703,0.0,0,0.0,False
133663,0.0,0,0.0,False
66230,0.0,0,0.0,True
495108,0.0,0,0.0,False
295211,0.0,0,0.0,False
143910,0.0,0,0.0,False
412480,0.0,0,0.0,False
80276,0.0,0,0.03333333333333333,False
17494,0.0,0,0.0,False
67486,0.0,0,0.0,False
298940,0.0,0,0.0,False
326045,0.0,0,0.0,False
138865,0.0,0,0.6833333333333333,False
139571,0.0,0,0.0,False
9771,0.0,0,0.45,False
90538,0.0,0,0.65,False
10443,0.0,0,0.0,False
79308,0.0,0,0.0,False
80073,0.0,0,0.0,False
85089,0.0,0,0.0,False
163033,0.0,0,0.016666666666666666,False
156342,0.0,0,0.6666666666666666,False
94652,0.0,0,0.0,False
265876,0.0,0,0.5833333333333334,False
45738,0.0,0,0.0,False
328124,0.0,0,0.0,False
56590,0.0,0,0.0,False
38172,0.0,0,0.0,False
32347,0.0,0,0.0,False
74538,0.0,0,0.0,False
39970,0.0,0,0.0,False
93352,0.0,0,0.0,False
98215,0.0,0,0.1,False
174134,0.0,0,0.0,False
153381,0.0,0,0.0,False
281179,0.0,0,0.0,False
69015,0.0,0,0.0,False
110829,0.0,0,0.0,False
111504,0.0,0,0.0,True
51977,0.0,0,0.0,False
63710,0.0,0,0.0,False
309775,0.0,0,0.0,False
411999,0.0,0,0.0,False
88911,0.0,0,0.0,True
101832,0.0,0,0.0,False
149167,0.0,0,0.0,False
188845,0.0,0,0.0,False
132600,0.0,0,0.0,False
174188,0.0,0,0.3333333333333333,False
318186,0.0,0,0.0,False
47229,0.0,0,0.0,False
105916,0.0,0,0.8833333333333333,False
17434,0.0,0,0.0,False
166739,0.0,0,0.0,False
49354,0.0,0,0.0,False
412459,0.0,0,0.0,False
125623,0.0,0,0.0,True
83893,0.0,0,0.0,False
80072,0.0,0,0.0,False
81844,0.0,0,0.0,False
60164,0.0,0,0.5666666666666667,False
392869,0.0,0,0.0,False
106212,0.0,0,0.0,False
22110,0.0,0,0.0,True
4319,0.0,0,0.0,False
89953,0.0,0,0.0,False
94544,0.0,0,0.0,False
51038,0.0,0,0.13333333333333333,False
74078,0.0,0,0.0,False
138422,0.0,0,0.4666666666666667,False
77877,0.0,0,0.0,False
71998,0.0,0,0.0,False
394103,0.0,0,0.0,False
75917,0.0,0,0.0,False
135618,0.0,0,0.0,False
47785,0.0,0,0.8333333333333334,False
9693,0.0,0,0.0,False
76162,0.0,0,0.0,False
109008,0.0,0,0.0,False
153299,0.0,0,0.0,False
60243,0.0,0,0.9833333333333333,False
13558,0.0,0,0.0,False
108585,0.0,0,0.0,False
106153,0.0,0,0.0,False
316554,0.0,0,0.0,False
134319,0.0,0,0.0,False
61957,0.0,0,0.0,False
358764,0.0,0,0.0,False
374731,0.0,0,0.0,False
145405,0.0,0,0.0,False
126559,0.0,0,0.0,False
294408,0.0,0,0.0,False
77386,0.0,0,0.0,False
33354,0.0,0,0.0,False
19707,0.0,0,0.0,False
189058,0.0,0,0.0,False
363854,0.0,0,0.0,False
402545,0.0,0,0.1,False
22054,0.0,0,0.0,False
86115,0.0,0,0.0,False
136802,0.0,0,0.0,False
326121,0.0,0,0.0,False
135095,0.0,0,0.0,False
50045,0.0,0,0.0,False
62914,0.0,0,0.0,False
30305,0.0,0,0.0,False
31893,0.0,0,0.0,False
87308,0.0,0,0.0,False
141039,0.0,0,0.21666666666666667,False
316986,0.0,0,0.0,False
336303,0.0,0,0.0,False
92875,0.0,0,0.0,False
310425,0.0,0,0.0,False
63167,0.0,0,0.0,False
258500,0.0,0,0.0,False
46312,0.0,0,0.15,False
108996,0.0,0,0.0,False
412483,0.0,0,0.0,False
303580,0.0,0,0.0,False
127692,0.0,0,0.0,False
109012,0.0,0,0.0,False
44303,0.0,0,0.0,False
186842,0.0,0,0.0,False
511997,0.0,0,0.0,False
443530,0.0,0,0.0,False
377137,0.0,0,0.2,False
138886,0.0,0,0.0,False
294441,0.0,0,0.0,False
326592,0.0,0,0.0,False
404530,0.0,0,0.0,False
334273,0.0,0,0.06666666666666667,False
138006,0.0,0,0.0,False
82053,0.0,0,0.0,False
97227,0.0,0,0.0,False
124340,0.0,0,0.0,False
145586,0.0,0,0.0,False
11584,0.0,0,0.0,False
117697,0.0,0,0.0,False
324066,0.0,0,0.0,False
84831,0.0,0,0.0,False
84579,0.0,0,0.0,False
39968,0.0,0,0.0,False
65862,0.0,0,0.35,False
161391,0.0,0,0.0,False
111990,0.0,0,0.03333333333333333,False
175482,0.0,0,0.0,False
91283,0.0,0,0.0,False
95919,0.0,0,0.0,False
49875,0.0,0,0.0,True
359468,0.0,0,0.0,False
178583,0.0,0,0.0,False
70829,0.0,0,0.0,False
298419,0.0,0,0.0,False
61973,0.0,0,0.0,False
160916,0.0,0,0.0,False
407062,0.0,0,0.0,False
89409,0.0,0,0.95,False
167148,0.0,0,0.0,False
449780,0.0,0,0.0,False
13958,0.0,0,0.0,True
297649,0.0,0,0.0,False
326894,0.0,0,0.0,False
337234,0.0,0,0.0,False
138337,0.0,0,0.0,False
141581,0.0,0,0.5,False
6017,0.0,0,0.6333333333333333,True
153616,0.0,0,0.0,False
66274,0.0,0,0.0,True
5972,0.0,0,0.0,False
62910,0.0,0,0.38333333333333336,False
59487,0.0,0,0.0,True
137859,0.0,0,0.3,False
167671,0.0,0,0.0,False
316993,0.0,0,0.0,False
123910,0.0,0,0.0,False
63548,0.0,0,0.0,False
494908,0.0,0,0.2,False
189222,0.0,0,0.11666666666666667,True
63382,0.0,0,0.016666666666666666,False
99992,0.0,0,0.0,False
11150,0.0,0,0.0,True
159319,0.0,0,0.0,False
289680,0.0,0,0.0,False
166005,0.0,0,0.0,False
306844,0.0,0,0.0,False
141489,0.0,0,0.0,False
47605,0.0,0,0.0,False
6269,0.0,0,0.0,True
99971,0.0,0,0.0,False
141118,0.0,0,0.0,False
309777,0.0,0,0.0,False
11790,0.0,0,0.0,False
83513,0.0,0,0.0,False
48050,0.0,0,0.8333333333333334,False
112583,0.0,0,0.0,False
21857,0.0,0,0.0,False
68649,0.0,0,0.0,False
7417,0.0,0,0.0,False
97125,0.0,0,0.0,False
68645,0.0,0,0.0,False
171298,0.0,0,0.0,False
76546,0.0,0,0.0,False
56289,0.0,0,0.0,False
69806,0.0,0,0.0,False
138861,0.0,0,0.0,False
153298,0.0,0,0.0,False
51954,0.0,0,0.0,False
143131,0.0,0,0.0,False
156497,0.0,0,0.0,False
184833,0.0,0,0.0,False
50905,0.0,0,0.8333333333333334,False
141580,0.0,0,0.0,False
356761,0.0,0,0.0,False
166081,0.0,0,0.0,False
75801,0.0,0,0.8,False
329657,0.0,0,0.016666666666666666,False
200614,0.0,0,0.0,True
441007,0.0,0,0.0,False
38173,0.0,0,0.0,False
72659,0.0,0,0.0,False
19735,0.0,0,0.0,False
112096,0.0,0,0.0,False
97031,0.0,0,0.5,False
174419,0.0,0,0.0,False
50250,0.0,0,0.0,True
153582,0.0,0,0.0,False
190533,0.0,0,0.0,False
130412,0.0,0,0.0,False
402810,0.0,0,0.0,False
240651,0.0,0,0.0,False
185335,0.0,0,0.0,False
20471,0.0,0,0.0,False
439456,0.0,0,0.0,False
93056,0.0,0,0.0,False
84181,0.0,0,0.0,False
325113,0.0,0,0.0,False
109288,0.0,0,0.0,False
17788,0.0,0,0.0,False
202137,0.0,0,0.0,False
86264,0.0,0,0.0,False
72217,0.0,0,0.55,False
117683,0.0,0,0.3,False
352787,0.0,0,0.0,False
31154,0.0,0,0.0,False
343109,0.0,0,0.0,False
51959,0.0,0,0.0,False
121189,0.0,0,0.0,False
55954,0.0,0,0.0,True
78715,0.0,0,0.0,False
13963,0.0,0,0.0,True
316983,0.0,0,0.43333333333333335,True
60075,0.0,0,0.0,False
91178,0.0,0,0.0,False
171185,0.0,0,0.0,False
153095,0.0,0,0.1,False
12158,0.0,0,0.0,False
307051,0.0,0,0.0,False
89594,0.0,0,0.0,False
459886,0.0,0,0.0,False
56338,0.0,0,0.0,False
89591,0.0,0,0.0,False
301727,0.0,0,0.8333333333333334,True
95463,0.0,0,0.0,False
13422,0.0,0,0.0,False
105800,0.0,0,0.0,False
23582,0.0,0,0.0,False
90901,0.0,0,0.0,True
9172,0.0,0,0.0,False
51093,0.0,0,0.0,False
36255,0.0,0,0.0,False
60264,0.0,0,0.0,False
55933,0.0,0,0.0,False
443890,0.0,0,0.0,False
47977,0.0,0,0.0,False
85707,0.0,0,0.0,False
99879,0.0,0,0.0,False
155365,0.0,0,0.0,False
66071,0.0,0,0.016666666666666666,False
257430,0.0,0,0.0,False
46948,0.0,0,0.0,True
177338,0.0,0,0.16666666666666666,True
184848,0.0,0,0.0,False
166606,0.0,0,0.0,False
443893,0.0,0,0.0,False
63155,0.0,0,0.0,False
24270,0.0,0,0.0,False
141806,0.0,0,0.0,False
45768,0.0,0,0.0,False
404562,0.0,0,0.6833333333333333,False
69312,0.0,0,0.0,True
103451,0.0,0,0.0,False
165422,0.0,0,0.0,False
236987,0.0,0,0.0,False
78923,0.0,0,0.0,False
38428,0.0,0,0.0,False
466721,0.0,0,0.03333333333333333,False
20646,0.0,0,0.0,False
47222,0.0,0,0.0,False
74996,0.0,0,0.0,False
13966,0.0,0,0.0,True
82970,0.0,0,0.23333333333333334,False
121198,0.0,0,0.0,False
107644,0.0,0,0.0,False
326757,0.0,0,0.0,False
7747,0.0,0,0.0,False
50793,0.0,0,0.0,False
189050,0.0,0,0.0,False
173987,0.0,0,0.0,False
90275,0.0,0,0.0,False
181386,0.0,0,0.0,False
118531,0.0,0,0.0,False
100112,0.0,0,0.0,False
21049,0.0,0,0.0,False
429399,0.0,0,0.0,False
6059,0.0,0,0.11666666666666667,False
165467,0.0,0,0.0,False
49561,0.0,0,0.0,False
221362,0.0,0,0.9,False
74477,0.0,0,0.0,False
126050,0.0,0,0.0,False
4697,0.0,0,0.0,False
13747,0.0,0,0.0,False
96641,0.0,0,0.7,False
235559,0.0,0,0.0,False
126285,0.0,0,0.0,False
25031,0.0,0,0.0,False
379457,0.0,0,0.0,False
38443,0.0,0,0.0,False
359449,0.0,0,0.0,False
241029,0.0,0,0.0,False
68750,0.0,0,0.0,False
130998,0.0,0,0.0,False
225834,0.0,0,0.0,False
337111,0.0,0,0.0,False
61500,0.0,0,0.0,True
336701,0.0,0,0.0,False
98058,0.0,0,0.85,False
21987,0.0,0,0.0,True
142283,0.0,0,0.05,False
43903,0.0,0,0.0,False
38223,0.0,0,0.0,False
325100,0.0,0,0.0,False
135967,0.0,0,0.0,False
67483,0.0,0,0.55,False
551822,0.0,0,0.0,False
24282,0.0,0,0.0,False
449147,0.0,0,0.0,False
11372,0.0,0,0.0,False
149266,0.0,0,0.0,False
480993,0.0,0,0.0,False
134718,0.0,0,0.0,False
66439,0.0,0,0.0,True
167151,0.0,0,0.0,False
30761,0.0,0,0.0,False
149974,0.0,0,0.0,False
6050,0.0,0,0.0,False
446247,0.0,0,0.0,False
126526,0.0,0,0.0,False
20504,0.0,0,0.0,False
306049,0.0,0,0.8833333333333333,False
174217,0.0,0,0.0,False
124816,0.0,0,0.5,False
20840,0.0,0,0.0,False
181674,0.0,0,0.0,False
331257,0.0,0,0.0,False
108521,0.0,0,0.0,False
343448,0.0,0,0.0,False
5105,0.0,0,0.0,False
112036,0.0,0,0.0,False
6424,0.0,0,0.0,False
5122,0.0,0,0.15,False
143824,0.0,0,0.0,False
312912,0.0,0,0.016666666666666666,False
80019,0.0,0,0.0,False
36222,0.0,0,0.0,False
112577,0.0,0,0.0,False
149328,0.0,0,0.0,False
389653,0.0,0,0.0,False
84657,0.0,0,0.0,False
52427,0.0,0,0.0,False
176045,0.0,0,0.0,False
378423,0.0,0,0.0,False
198168,0.0,0,0.0,False
429372,0.0,0,0.0,False
64137,0.0,0,0.0,False
174052,0.0,0,0.0,False
326486,0.0,0,0.05,False
136112,0.0,0,0.0,False
127560,0.0,0,0.0,False
62626,0.0,0,0.0,False
59986,0.0,0,0.0,False
452044,0.0,0,0.0,False
294377,0.0,0,0.0,False
224460,0.0,0,0.0,False
161434,0.0,0,0.0,False
392603,0.0,0,0.0,False
182786,0.0,0,0.0,False
112644,0.0,0,0.0,False
412393,0.0,0,0.08333333333333333,False
126018,0.0,0,0.0,False
83041,0.0,0,0.0,False
30822,0.0,0,0.0,False
33051,0.0,0,0.0,False
24315,0.0,0,0.0,False
32346,0.0,0,0.0,False
145332,0.0,0,0.0,False
77787,0.0,0,0.0,False
38402,0.0,0,0.0,True
100089,0.0,0,0.08333333333333333,False
127356,0.0,0,0.0,False
132862,0.0,0,0.0,False
99593,0.0,0,0.0,False
161004,0.0,0,0.0,False
29695,0.0,0,0.0,False
121183,0.0,0,0.0,False
108363,0.0,0,0.0,False
77871,0.0,0,0.0,False
111969,0.0,0,0.0,False
226026,0.0,0,0.0,False
41555,0.0,0,0.0,False
503402,0.0,0,0.0,False
49672,0.0,0,0.0,False
357939,0.0,0,0.0,False
117752,0.0,0,0.0,False
4712,0.0,0,0.45,False
166671,0.0,0,0.0,False
36212,0.0,0,0.0,False
5458,0.0,0,0.0,False
86156,0.0,0,0.0,False
178912,0.0,0,0.0,False
412404,0.0,0,0.0,False
36133,0.0,0,0.0,False
36190,0.0,0,0.0,False
39714,0.0,0,0.0,False
84670,0.0,0,0.0,False
8307,0.0,0,0.0,False
296819,0.0,0,0.0,False
167898,0.0,0,0.9666666666666667,True
110785,0.0,0,0.0,False
91879,0.0,0,0.0,False
11986,0.0,0,0.0,False
79784,0.0,0,0.016666666666666666,False
44447,0.0,0,0.0,False
103259,0.0,0,0.4166666666666667,True
164059,0.0,0,0.0,False
389513,0.0,0,0.7,False
326735,0.0,0,0.0,False
167821,0.0,0,0.0,False
55332,0.0,0,0.0,False
60036,0.0,0,0.0,False
74075,0.0,0,0.0,False
299605,0.0,0,0.0,False
389638,0.0,0,0.0,False
287569,0.0,0,0.0,False
79331,0.0,0,0.0,False
44345,0.0,0,0.0,False
4291,0.0,0,0.0,False
317303,0.0,0,0.0,False
65739,0.0,0,0.0,False
81843,0.0,0,0.0,False
110111,0.0,0,0.0,False
103215,0.0,0,0.0,False
287745,0.0,0,0.0,False
219802,0.0,0,0.0,False
326001,0.0,0,0.0,False
402079,0.0,0,0.0,False
309774,0.0,0,0.0,False
102464,0.0,0,0.0,False
326754,0.0,0,0.0,False
21406,0.0,0,0.0,False
228895,0.0,0,0.0,False
143723,0.0,0,0.0,False
54527,0.0,0,0.0,False
75912,0.0,0,0.0,False
426310,0.0,0,0.0,False
133662,0.0,0,0.0,False
400574,0.0,0,0.0,False
19744,0.0,0,0.38333333333333336,False
7768,0.0,0,0.06666666666666667,False
77262,0.0,0,0.0,False
48143,0.0,0,0.0,False
41871,0.0,0,0.0,False
7748,0.0,0,0.016666666666666666,False
43904,0.0,0,0.0,False
85680,0.0,0,0.0,False
72023,0.0,0,0.06666666666666667,False
310117,0.0,0,0.0,False
158383,0.0,0,0.4,False
365087,0.0,0,0.75,False
4748,0.0,0,0.0,False
194137,0.0,0,0.0,False
9689,0.0,0,0.0,False
7468,0.0,0,0.0,False
43911,0.0,0,0.0,False
110827,0.0,0,0.0,False
112037,0.0,0,0.0,True
28949,0.0,0,0.0,False
27342,0.0,0,0.0,False
330834,0.0,0,0.0,False
112648,0.0,0,0.0,False
93465,0.0,0,0.0,False
312907,0.0,0,0.0,False
25378,0.0,0,0.0,False
411601,0.0,0,0.0,False
297997,0.0,0,0.0,False
170669,0.0,0,0.0,False
123403,0.0,0,0.0,False
81777,0.0,0,0.16666666666666666,False
298445,0.0,0,0.0,False
64424,0.0,0,0.0,False
51979,0.0,0,0.0,False
439151,0.0,0,0.0,False
140687,0.0,0,0.0,False
86098,0.0,0,0.6,False
90110,0.0,0,0.4166666666666667,False
57466,0.0,0,0.0,False
141088,0.0,0,0.0,False
443288,0.0,0,0.0,False
306972,0.0,0,0.0,False
6534,0.0,0,0.0,False
44029,0.0,0,0.0,False
100019,0.0,0,0.0,False
329974,0.0,0,0.0,False
199542,0.0,0,0.0,False
136620,0.0,0,0.0,False
54818,0.0,0,0.0,False
491755,0.0,0,0.0,False
292085,0.0,0,0.0,False
42595,0.0,0,0.0,False
427319,0.0,0,0.0,False
9592,0.0,0,0.0,False
50883,0.0,0,0.0,False
150564,0.0,0,0.0,False
354247,0.0,0,0.0,False
52138,0.0,0,0.0,False
406463,0.0,0,0.0,False
21483,0.0,0,0.0,False
227394,0.0,0,0.0,False
10331,0.0,0,0.0,False
258501,0.0,0,0.0,False
160195,0.0,0,0.0,False
74565,0.0,0,0.0,False
285016,0.0,0,0.0,False
94663,0.0,0,0.0,False
5385,0.0,0,0.0,False
92267,0.0,0,0.0,False
66921,0.0,0,0.6333333333333333,False
423700,0.0,0,0.016666666666666666,False
145665,0.0,0,0.0,False
74355,0.0,0,0.0,False
110800,0.0,0,0.0,False
64197,0.0,0,0.0,False
65882,0.0,0,0.0,False
411864,0.0,0,0.0,False
183994,0.0,0,0.0,False
83250,0.0,0,0.0,False
187691,0.0,0,0.0,False
84227,0.0,0,0.0,False
23541,0.0,0,0.0,False
87616,0.0,0,0.0,False
7131,0.0,0,0.08333333333333333,False
94667,0.0,0,0.0,False
106225,0.0,0,0.0,False
161435,0.0,0,0.0,False
74993,0.0,0,0.0,False
12156,0.0,0,0.0,True
334263,0.0,0,0.11666666666666667,False
174429,0.0,0,0.0,False
434749,0.0,0,0.0,False
189548,0.0,0,0.0,False
71279,0.0,0,0.0,False
445284,0.0,0,0.4,False
11992,0.0,0,0.5666666666666667,False
6023,0.0,0,0.0,False
41543,0.0,0,0.0,False
14298,0.0,0,0.0,False
334284,0.0,0,0.21666666666666667,False
29427,0.0,0,0.0,False
70039,0.0,0,0.0,False
40427,0.0,0,0.0,False
54523,0.0,0,0.0,False
316959,0.0,0,0.0,False
12574,0.0,0,0.0,False
70218,0.0,0,0.0,False
65153,0.0,0,0.0,False
78972,0.0,0,0.0,False
105283,0.0,0,0.0,False
50906,0.0,0,0.5666666666666667,False
80121,0.0,0,0.0,False
161002,0.0,0,0.0,False
184836,0.0,0,0.0,False
72121,0.0,0,0.0,False
83097,0.0,0,0.0,True
325913,0.0,0,0.21666666666666667,False
160919,0.0,0,0.0,False
287268,0.0,0,0.0,False
70203,0.0,0,0.0,False
348847,0.0,0,0.0,False
99820,0.0,0,0.0,True
448024,0.0,0,0.05,False
356920,0.0,0,0.0,False
35218,0.0,0,0.0,False
92625,0.0,0,0.8333333333333334,False
239531,0.0,0,0.0,False
298382,0.0,0,0.2833333333333333,False
13570,0.0,0,0.0,False
21462,0.0,0,0.0,False
190597,0.0,0,0.0,False
84672,0.0,0,0.0,False
184887,0.0,0,0.0,False
165534,0.0,0,0.0,False
95920,0.0,0,0.0,False
265928,0.0,0,0.15,False
77307,0.0,0,0.5166666666666667,False
169103,0.0,0,0.0,False
74476,0.0,0,0.0,False
111614,0.0,0,0.0,False
73995,0.0,0,0.3333333333333333,False
112613,0.0,0,0.0,False
7655,0.0,0,0.0,False
122182,0.0,0,0.0,True
112596,0.0,0,0.0,False
338981,0.0,0,0.0,False
326498,0.0,0,0.0,False
48410,0.0,0,0.0,False
76356,0.0,0,0.0,True
187988,0.0,0,0.016666666666666666,False
38409,0.0,0,0.5333333333333333,False
76545,0.0,0,0.0,False
359474,0.0,0,0.0,False
199313,0.0,0,0.0,False
107275,0.0,0,0.0,False
91261,0.0,0,0.0,False
134270,0.0,0,0.0,False
12905,0.0,0,0.0,False
115007,0.0,0,0.9,False
134025,0.0,0,0.0,False
92265,0.0,0,0.0,False
111104,0.0,0,0.0,False
69847,0.0,0,0.0,False
188888,0.0,0,0.016666666666666666,False
79634,0.0,0,0.03333333333333333,False
108402,0.0,0,0.0,False
25878,0.0,0,0.0,False
126045,0.0,0,0.03333333333333333,False
137999,0.0,0,0.0,False
169265,0.0,0,0.0,False
3596,0.0,0,0.0,False
7186,0.0,0,0.0,False
118282,0.0,0,0.0,False
129469,0.0,0,0.0,False
37121,0.0,0,0.0,False
546521,0.0,0,0.0,False
138479,0.0,0,0.0,False
112622,0.0,0,0.7166666666666667,False
114580,0.0,0,0.0,False
79632,0.0,0,0.2,True
81765,0.0,0,0.0,False
6865,0.0,0,0.0,True
6215,0.0,0,0.0,True
285031,0.0,0,0.1,False
84864,0.0,0,0.0,False
156492,0.0,0,0.016666666666666666,True
98250,0.0,0,0.0,False
124796,0.0,0,0.0,False
64259,0.0,0,0.0,False
176113,0.0,0,0.8833333333333333,False
247708,0.0,0,0.6,False
79718,0.0,0,0.0,False
112484,0.0,0,0.0,False
378842,0.0,0,0.0,False
124339,0.0,0,0.03333333333333333,False
114397,0.0,0,0.8666666666666667,False
85679,0.0,0,0.0,False
136728,0.0,0,0.2833333333333333,False
34278,0.0,0,0.9,False
4531,0.0,0,0.0,False
190310,0.0,0,0.0,False
88909,0.0,0,0.36666666666666664,False
171378,0.0,0,0.18333333333333332,False
40097,0.0,0,0.0,True
22940,0.0,0,0.0,False
114398,0.0,0,0.0,False
47994,0.0,0,0.016666666666666666,False
67544,0.0,0,0.0,False
80016,0.0,0,0.0,False
18153,0.0,0,0.6333333333333333,False
88615,0.0,0,0.0,False
150839,0.0,0,0.0,False
4886,0.0,0,0.0,False
43912,0.0,0,0.0,False
111746,0.0,0,0.0,False
407022,0.0,0,0.0,False
122106,0.0,0,0.0,False
166673,0.0,0,0.0,False
135615,0.0,0,0.0,False
5250,0.0,0,0.0,False
170754,0.0,0,0.0,False
98557,0.0,0,0.0,False
188057,0.0,0,0.0,False
75013,0.0,0,0.0,False
9835,0.0,0,0.0,False
314748,0.0,0,0.0,False
55168,0.0,0,0.0,False
87447,0.0,0,0.0,False
111875,0.0,0,0.0,False
3722,0.0,0,0.0,False
251140,0.0,0,0.0,False
66229,0.0,0,0.0,True
127716,0.0,0,0.0,False
44530,0.0,0,0.0,False
310426,0.0,0,0.0,False
103438,0.0,0,0.0,False
4344,0.0,0,0.0,False
138820,0.0,0,0.0,False
150567,0.0,0,0.0,False
112638,0.0,0,0.2,True
44300,0.0,0,0.0,False
156476,0.0,0,0.0,True
104482,0.0,0,0.0,False
90120,0.0,0,0.8833333333333333,False
229388,0.0,0,0.0,False
285423,0.0,0,0.0,False
402657,0.0,0,0.0,False
30118,0.0,0,0.0,False
75963,0.0,0,0.0,False
112949,0.0,0,0.0,False
469395,0.0,0,0.0,False
12733,0.0,0,0.0,False
12305,0.0,0,0.0,False
356918,0.0,0,0.0,False
358438,0.0,0,0.5333333333333333,False
8821,0.0,0,0.0,False
124222,0.0,0,0.0,False
247709,0.0,0,0.0,False
7848,0.0,0,0.0,False
325323,0.0,0,0.31666666666666665,False
22122,0.0,0,0.0,False
75131,0.0,0,0.0,False
121024,0.0,0,0.0,False
5935,0.0,0,0.0,False
402206,0.0,0,0.36666666666666664,False
21280,0.0,0,0.0,False
414259,0.0,0,0.0,False
336255,0.0,0,0.0,False
88003,0.0,0,0.8666666666666667,False
61933,0.0,0,0.0,False
273028,0.0,0,0.9,False
85301,0.0,0,0.0,False
121257,0.0,0,0.0,False
175798,0.0,0,0.0,False
137451,0.0,0,0.0,False
62640,0.0,0,0.0,False
87725,0.0,0,0.0,False
34898,0.0,0,0.0,False
51935,0.0,0,0.0,False
31086,0.0,0,0.0,False
107805,0.0,0,0.8,False
401887,0.0,0,0.0,False
325724,0.0,0,0.0,False
75654,0.0,0,0.0,False
44137,0.0,0,0.016666666666666666,False
20598,0.0,0,0.0,False
27385,0.0,0,0.0,False
141121,0.0,0,0.0,False
165658,0.0,0,0.0,False
47817,0.0,0,0.05,False
96658,0.0,0,0.7833333333333333,False
111068,0.0,0,0.0,False
74812,0.0,0,0.0,False
112629,0.0,0,0.0,False
285005,0.0,0,0.0,False
94841,0.0,0,0.0,False
111857,0.0,0,0.6333333333333333,False
51036,0.0,0,0.0,False
307581,0.0,0,0.0,False
22157,0.0,0,0.0,False
438298,0.0,0,0.0,False
5625,0.0,0,0.0,False
174420,0.0,0,0.0,False
149304,0.0,0,0.0,False
46321,0.0,0,0.0,False
74540,0.0,0,0.2,False
38447,0.0,0,0.0,False
68746,0.0,0,0.0,False
126633,0.0,0,0.0,False
79588,0.0,0,0.0,False
30432,0.0,0,0.0,False
180387,0.0,0,0.0,False
54966,0.0,0,0.9833333333333333,True
73996,0.0,0,0.26666666666666666,False
429725,0.0,0,0.31666666666666665,False
94574,0.0,0,0.0,False
26544,0.0,0,0.0,False
153459,0.0,0,0.0,False
451387,0.0,0,0.0,False
70352,0.0,0,0.0,False
50212,0.0,0,0.0,True
132919,0.0,0,0.0,False
42494,0.0,0,0.0,False
189045,0.0,0,0.0,False
50707,0.0,0,0.7666666666666667,False
89669,0.0,0,0.0,False
44021,0.0,0,0.0,False
13496,0.0,0,0.0,False
288305,0.0,0,0.0,False
111897,0.0,0,0.0,False
112643,0.0,0,0.0,False
78980,0.0,0,0.0,False
69809,0.0,0,0.0,False
443899,0.0,0,0.0,False
80015,0.0,0,0.0,False
144797,0.0,0,0.0,False
19779,0.0,0,0.0,False
393202,0.0,0,0.0,False
88628,0.0,0,0.0,False
110116,0.0,0,0.016666666666666666,False
155361,0.0,0,0.06666666666666667,False
78717,0.0,0,0.0,False
109103,0.0,0,0.0,False
75044,0.0,0,0.0,False
100080,0.0,0,0.0,False
134965,0.0,0,0.0,False
99781,0.0,0,0.0,False
236984,0.0,0,0.016666666666666666,False
236840,0.0,0,0.0,False
135817,0.0,0,0.0,False
88242,0.0,0,0.0,False
327561,0.0,0,0.0,False
174054,0.0,0,0.0,False
45787,0.0,0,0.0,False
142348,0.0,0,0.05,False
126284,0.0,0,0.0,False
17057,0.0,0,0.0,False
416078,0.0,0,0.0,False
111126,0.0,0,0.0,False
89954,0.0,0,0.0,False
21266,0.0,0,0.0,False
230587,0.0,0,0.0,False
66392,0.0,0,0.9833333333333333,False
62782,0.0,0,0.0,False
112661,0.0,0,0.0,False
6417,0.0,0,0.8333333333333334,False
326937,0.0,0,0.3333333333333333,False
127264,0.0,0,0.0,False
153386,0.0,0,0.3,False
75798,0.0,0,0.8,False
9778,0.0,0,0.0,False
193148,0.0,0,0.0,False
346388,0.0,0,0.0,False
107309,0.0,0,0.0,False
296764,0.0,0,0.75,False
85611,0.0,0,0.0,False
134964,0.0,0,0.0,False
153132,0.0,0,0.0,False
181675,0.0,0,0.0,False
51961,0.0,0,0.0,False
175483,0.0,0,0.3333333333333333,True
284991,0.0,0,0.016666666666666666,False
273098,0.0,0,0.9,False
34356,0.0,0,0.0,False
391340,0.0,0,0.0,False
68729,0.0,0,0.0,False
135958,0.0,0,0.0,False
96975,0.0,0,0.0,False
99454,0.0,0,0.0,False
1848,0.0,0,0.0,False
175796,0.0,0,0.0,False
81679,0.0,0,0.0,False
5963,0.0,0,0.0,False
153151,0.0,0,0.0,False
81773,0.0,0,0.26666666666666666,False
176073,0.0,0,0.0,False
265874,0.0,0,0.016666666666666666,False
92256,0.0,0,0.0,False
84882,0.0,0,0.0,False
238021,0.0,0,0.85,False
41608,0.0,0,0.0,True
11715,0.0,0,0.0,False
305457,0.0,0,0.0,False
18672,0.0,0,0.0,False
359472,0.0,0,0.0,False
5683,0.0,0,0.0,True
30602,0.0,0,0.0,False
331975,0.0,0,0.0,False
155265,0.0,0,0.0,False
408901,0.0,0,0.65,False
389527,0.0,0,0.21666666666666667,False
19111,0.0,0,0.0,True
102556,0.0,0,0.0,False
111968,0.0,0,0.0,False
62224,0.0,0,0.0,False
55896,0.0,0,0.0,False
63711,0.0,0,0.0,False
296589,0.0,0,0.8166666666666667,False
452049,0.0,0,0.0,False
10759,0.0,0,0.0,True
65740,0.0,0,0.0,False
21586,0.0,0,0.0,False
99700,0.0,0,0.0,False
155359,0.0,0,0.0,False
136111,0.0,0,0.0,False
299062,0.0,0,0.0,False
145727,0.0,0,0.0,False
423289,0.0,0,0.0,False
188780,0.0,0,0.0,False
61959,0.0,0,0.0,False
222190,0.0,0,0.0,False
446070,0.0,0,0.0,True
327761,0.0,0,0.0,False
62408,0.0,0,0.0,False
303599,0.0,0,0.0,False
9945,0.0,0,0.0,False
458311,0.0,0,0.0,False
100083,0.0,0,0.11666666666666667,False
347471,0.0,0,0.0,False
107849,0.0,0,0.016666666666666666,False
339878,0.0,0,0.0,False
115657,0.0,0,0.0,False
282123,0.0,0,0.0,False
138442,0.0,0,0.0,False
327418,0.0,0,0.0,False
79625,0.0,0,0.0,False
19571,0.0,0,0.0,False
167830,0.0,0,0.0,False
294720,0.0,0,0.3,False
275451,0.0,0,0.0,False
49209,0.0,0,0.0,False
105235,0.0,0,0.0,False
12255,0.0,0,0.0,False
62301,0.0,0,0.0,False
71313,0.0,0,0.0,False
44558,0.0,0,0.9166666666666666,False
27414,0.0,0,0.0,False
309776,0.0,0,0.0,False
13637,0.0,0,0.0,False
528395,0.0,0,0.0,False
4383,0.0,0,0.0,False
451454,0.0,0,0.85,False
118659,0.0,0,0.18333333333333332,False
180998,0.0,0,0.0,False
222039,0.0,0,0.0,False
22265,0.0,0,0.0,False
127649,0.0,0,0.0,False
191669,0.0,0,0.0,True
112635,0.0,0,0.8666666666666667,False
124507,0.0,0,0.0,False
314774,0.0,0,0.0,False
171142,0.0,0,0.0,False
69596,0.0,0,0.0,False
45718,0.0,0,0.0,False
7829,0.0,0,0.0,False
33762,0.0,0,0.0,False
19635,0.0,0,0.0,False
69628,0.0,0,0.0,True
251061,0.0,0,0.0,False
99972,0.0,0,0.0,False
5260,0.0,0,0.0,True
257426,0.0,0,0.8833333333333333,False
109010,0.0,0,0.0,False
83926,0.0,0,0.0,False
95482,0.0,0,0.0,False
80188,0.0,0,0.0,False
163925,0.0,0,0.0,False
7920,0.0,0,0.0,False
124229,0.0,0,0.0,False
106113,0.0,0,0.15,False
187546,0.0,0,0.0,False
65600,0.0,0,0.0,False
74845,0.0,0,0.0,False
85495,0.0,0,0.0,False
63184,0.0,0,0.0,False
85814,0.0,0,0.0,False
78953,0.0,0,0.0,False
56114,0.0,0,0.0,True
161560,0.0,0,0.0,False
51950,0.0,0,0.0,False
6234,0.0,0,0.0,False
91459,0.0,0,0.03333333333333333,False
466719,0.0,0,0.0,False
12582,0.0,0,0.0,False
111139,0.0,0,0.0,False
95425,0.0,0,0.0,False
79306,0.0,0,0.48333333333333334,False
228915,0.0,0,0.0,False
134052,0.0,0,0.0,False
158384,0.0,0,0.4,False
77331,0.0,0,0.0,False
19514,0.0,0,0.0,False
107773,0.0,0,0.0,False
55946,0.0,0,0.0,False
293398,0.0,0,0.0,False
79522,0.0,0,0.06666666666666667,True
19838,0.0,0,0.0,False
326763,0.0,0,0.0,False
226438,0.0,0,0.0,False
56430,0.0,0,0.0,False
4296,0.0,0,0.0,False
136599,0.0,0,0.0,False
317319,0.0,0,0.0,False
144492,0.0,0,0.0,False
103521,0.0,0,0.0,False
389792,0.0,0,0.4,False
429389,0.0,0,0.0,False
122675,0.0,0,0.0,False
52412,0.0,0,0.0,False
29409,0.0,0,0.05,False
43703,0.0,0,0.0,False
91404,0.0,0,0.0,False
56025,0.0,0,0.11666666666666667,False
410539,0.0,0,0.0,False
77355,0.0,0,0.0,False
84219,0.0,0,0.05,False
79697,0.0,0,0.0,False
6268,0.0,0,0.0,False
38380,0.0,0,0.0,False
325727,0.0,0,0.0,False
328698,0.0,0,0.0,False
444321,0.0,0,0.0,False
4072,0.0,0,0.0,False
77899,0.0,0,0.0,False
134356,0.0,0,0.0,False
34999,0.0,0,0.0,False
76533,0.0,0,0.0,False
291352,0.0,0,0.08333333333333333,False
324268,0.0,0,0.08333333333333333,False
134952,0.0,0,0.0,False
107279,0.0,0,0.0,False
85400,0.0,0,0.0,False
229237,0.0,0,0.0,False
14128,0.0,0,0.0,False
13961,0.0,0,0.0,True
186294,0.0,0,0.0,False
11918,0.0,0,0.0,True
6554,0.0,0,0.26666666666666666,False
129161,0.0,0,0.23333333333333334,False
55210,0.0,0,0.0,False
91265,0.0,0,0.0,True
174173,0.0,0,0.0,False
136602,0.0,0,0.0,False
282121,0.0,0,0.0,False
336131,0.0,0,0.016666666666666666,False
53308,0.0,0,0.0,False
165068,0.0,0,0.0,False
87571,0.0,0,0.0,False
145331,0.0,0,0.0,False
338982,0.0,0,0.0,False
378247,0.0,0,0.0,False
133665,0.0,0,0.0,False
337033,0.0,0,0.0,False
160901,0.0,0,0.0,False
54329,0.0,0,0.0,False
4532,0.0,0,0.0,False
395519,0.0,0,0.0,False
31953,0.0,0,0.0,False
358675,0.0,0,0.0,False
108322,0.0,0,0.0,False
125387,0.0,0,0.0,False
5299,0.0,0,0.0,False
4354,0.0,0,0.0,False
28192,0.0,0,0.0,False
4949,0.0,0,0.0,False
132599,0.0,0,0.0,False
20883,0.0,0,0.0,False
112477,0.0,0,0.0,False
462590,0.0,0,0.0,False
160829,0.0,0,0.0,False
126212,0.0,0,0.25,False
67357,0.0,0,0.0,False
91073,0.0,0,0.0,False
167826,0.0,0,0.0,False
129168,0.0,0,0.0,False
153152,0.0,0,0.0,False
52441,0.0,0,0.0,False
165713,0.0,0,0.0,False
294522,0.0,0,0.0,False
106121,0.0,0,0.0,False
38400,0.0,0,0.0,False
87837,0.0,0,0.0,False
231097,0.0,0,0.0,False
54252,0.0,0,0.0,False
289672,0.0,0,0.26666666666666666,False
241095,0.0,0,0.0,False
137861,0.0,0,0.2833333333333333,False
75273,0.0,0,0.0,False
202138,0.0,0,0.0,False
55414,0.0,0,0.0,False
62751,0.0,0,0.0,False
400575,0.0,0,0.0,False
3508,0.0,0,0.0,False
40898,0.0,0,0.0,False
85451,0.0,0,0.0,False
175936,0.0,0,0.0,False
126240,0.0,0,0.8833333333333333,False
117872,0.0,0,0.0,False
134331,0.0,0,0.0,False
112089,0.0,0,0.0,False
79844,0.0,0,0.0,False
174823,0.0,0,0.8,False
84829,0.0,0,0.0,False
177857,0.0,0,0.0,False
30771,0.0,0,0.0,False
198162,0.0,0,0.0,False
118516,0.0,0,0.0,False
21333,0.0,0,0.0,False
187533,0.0,0,0.0,False
77774,0.0,0,0.0,False
155060,0.0,0,0.0,False
49256,0.0,0,0.0,False
37509,0.0,0,0.35,True
99821,0.0,0,0.0,True
13563,0.0,0,0.0,False
171866,0.0,0,0.0,False
379546,0.0,0,0.0,False
5110,0.0,0,0.0,False
30880,0.0,0,0.0,True
91362,0.0,0,0.0,False
119626,0.0,0,0.0,False
51916,0.0,0,0.0,False
84694,0.0,0,0.0,False
9773,0.0,0,0.0,False
200595,0.0,0,0.5333333333333333,False
10398,0.0,0,0.0,False
135992,0.0,0,0.0,False
130413,0.0,0,0.0,False
412509,0.0,0,0.0,False
331186,0.0,0,0.0,False
20592,0.0,0,0.0,False
102653,0.0,0,0.0,False
82915,0.0,0,0.0,False
68599,0.0,0,0.0,False
167495,0.0,0,0.0,False
372217,0.0,0,0.0,False
165712,0.0,0,0.0,False
26470,0.0,0,0.0,False
24182,0.0,0,0.0,False
411932,0.0,0,0.0,False
349387,0.0,0,0.0,True
78876,0.0,0,0.0,False
265249,0.0,0,0.8166666666666667,False
141403,0.0,0,0.0,False
106051,0.0,0,0.0,False
50884,0.0,0,0.0,False
87746,0.0,0,0.0,False
108534,0.0,0,0.0,False
281257,0.0,0,0.0,False
43914,0.0,0,0.0,False
20321,0.0,0,0.0,False
127391,0.0,0,0.0,False
74550,0.0,0,0.0,False
47992,0.0,0,0.0,False
318169,0.0,0,0.0,False
118396,0.0,0,0.0,False
112161,0.0,0,0.0,False
28947,0.0,0,0.0,False
103523,0.0,0,0.0,False
46379,0.0,0,0.0,False
8975,0.0,0,0.0,False
136404,0.0,0,0.0,True
307711,0.0,0,0.0,False
503138,0.0,0,0.0,False
57012,0.0,0,0.0,False
402080,0.0,0,0.0,False
82443,0.0,0,0.0,False
105630,0.0,0,0.0,False
135980,0.0,0,0.0,False
459984,0.0,0,0.0,False
316617,0.0,0,0.0,False
2349,0.0,0,0.0,False
112059,0.0,0,0.0,False
294766,0.0,0,0.0,False
111879,0.0,0,0.0,False
134048,0.0,0,0.0,False
142225,0.0,0,0.0,False
110816,0.0,0,0.0,False
30755,0.0,0,0.0,False
411467,0.0,0,0.0,False
379544,0.0,0,0.0,False
402604,0.0,0,0.0,False
11064,0.0,0,0.0,False
117900,0.0,0,0.4166666666666667,False
427710,0.0,0,0.0,False
113580,0.0,0,0.0,False
143984,0.0,0,0.0,False
99288,0.0,0,0.0,False
44519,0.0,0,0.0,False
108961,0.0,0,0.0,False
38192,0.0,0,0.0,False
81708,0.0,0,0.9833333333333333,False
82204,0.0,0,0.0,False
402663,0.0,0,0.0,False
7766,0.0,0,0.0,False
72124,0.0,0,0.0,False
88251,0.0,0,0.0,False
76897,0.0,0,0.0,False
28253,0.0,0,0.0,False
111075,0.0,0,0.0,False
72634,0.0,0,0.0,False
85639,0.0,0,0.0,False
38553,0.0,0,0.0,False
63472,0.0,0,0.0,False
31155,0.0,0,0.0,False
112580,0.0,0,0.0,False
13580,0.0,0,0.0,False
36545,0.0,0,0.0,False
63491,0.0,0,0.0,False
328378,0.0,0,0.0,False
136853,0.0,0,0.0,False
177339,0.0,0,0.16666666666666666,True
459454,0.0,0,0.0,False
175861,0.0,0,0.0,False
427715,0.0,0,0.0,False
9780,0.0,0,0.0,False
127312,0.0,0,0.0,False
103148,0.0,0,0.0,False
150503,0.0,0,0.0,False
28495,0.0,0,0.0,False
124236,0.0,0,0.0,False
166672,0.0,0,0.0,False
2221,0.0,0,0.16666666666666666,False
97181,0.0,0,0.016666666666666666,True
92878,0.0,0,0.0,False
96896,0.0,0,0.0,False
10119,0.0,0,0.2833333333333333,False
328863,0.0,0,0.0,False
81522,0.0,0,0.0,False
79614,0.0,0,0.05,False
169309,0.0,0,0.0,False
12201,0.0,0,0.0,False
40064,0.0,0,0.0,False
359499,0.0,0,0.0,False
71584,0.0,0,0.0,False
265869,0.0,0,0.0,False
295320,0.0,0,0.08333333333333333,False
427670,0.0,0,0.0,False
108321,0.0,0,0.16666666666666666,False
110695,0.0,0,0.0,False
107673,0.0,0,0.0,False
493007,0.0,0,0.0,False
5604,0.0,0,0.0,False
54251,0.0,0,0.0,False
360739,0.0,0,0.0,False
40853,0.0,0,0.0,False
174417,0.0,0,0.0,False
82951,0.0,0,0.0,False
103243,0.0,0,0.0,False
267002,0.0,0,0.0,False
129471,0.0,0,0.0,False
309750,0.0,0,0.0,False
175046,0.0,0,0.0,False
63236,0.0,0,0.016666666666666666,False
340773,0.0,0,0.0,False
178579,0.0,0,0.0,False
46440,0.0,0,0.0,False
108305,0.0,0,0.0,False
79725,0.0,0,0.0,False
188827,0.0,0,0.0,False
75642,0.0,0,0.0,False
40096,0.0,0,0.0,True
13895,0.0,0,0.0,False
408383,0.0,0,0.0,False
412507,0.0,0,0.0,False
226432,0.0,0,0.0,False
111467,0.0,0,0.7,False
87722,0.0,0,0.0,False
362322,0.0,0,0.0,False
24133,0.0,0,0.0,False
190592,0.0,0,0.0,False
78796,0.0,0,0.0,False
437164,0.0,0,0.0,True
167894,0.0,0,0.0,False
310527,0.0,0,0.0,False
358332,0.0,0,0.0,False
187616,0.0,0,0.9166666666666666,False
485402,0.0,0,0.0,False
273032,0.0,0,0.0,False
472719,0.0,0,0.0,False
97001,0.0,0,0.0,False
91490,0.0,0,0.0,False
84192,0.0,0,0.0,False
165710,0.0,0,0.0,False
85402,0.0,0,0.0,False
407031,0.0,0,0.0,False
264569,0.0,0,0.7333333333333333,False
77845,0.0,0,0.0,False
429398,0.0,0,0.0,False
166020,0.0,0,0.0,False
167016,0.0,0,0.6666666666666666,False
51039,0.0,0,0.0,False
174608,0.0,0,0.0,False
71426,0.0,0,0.0,False
154916,0.0,0,0.0,False
21403,0.0,0,0.0,False
664,0.0,0,0.0,False
13967,0.0,0,0.0,True
133660,0.0,0,0.0,False
7373,0.0,0,0.0,False
340877,0.0,0,0.0,False
365097,0.0,0,0.0,False
437161,0.0,0,0.95,True
86757,0.0,0,0.0,False
20580,0.0,0,0.0,False
98159,0.0,0,0.0,False
5521,0.0,0,0.0,False
156589,0.0,0,0.0,False
44849,0.0,0,0.0,False
251081,0.0,0,0.0,False
149166,0.0,0,0.0,False
65791,0.0,0,0.0,False
185310,0.0,0,0.0,False
90393,0.0,0,0.35,False
112754,0.0,0,0.0,False
221360,0.0,0,0.0,False
127387,0.0,0,0.0,False
173922,0.0,0,0.0,False
17169,0.0,0,0.06666666666666667,False
145587,0.0,0,0.0,False
13490,0.0,0,0.0,False
165419,0.0,0,0.0,False
37680,0.0,0,0.0,False
174220,0.0,0,0.38333333333333336,False
139036,0.0,0,0.0,False
18042,0.0,0,0.25,False
298005,0.0,0,0.4,False
94977,0.0,0,0.0,False
149388,0.0,0,0.0,False
40839,0.0,0,0.0,False
4316,0.0,0,0.0,False
237439,0.0,0,0.0,False
127609,0.0,0,0.0,False
170778,0.0,0,0.0,False
78815,0.0,0,0.0,False
14114,0.0,0,0.0,False
290983,0.0,0,0.0,False
99780,0.0,0,0.0,False
126052,0.0,0,0.0,True
223405,0.0,0,0.0,False
31994,0.0,0,0.0,False
44557,0.0,0,0.0,False
346396,0.0,0,0.0,False
7467,0.0,0,0.0,False
198142,0.0,0,0.0,False
110065,0.0,0,0.0,False
117245,0.0,0,0.0,False
80191,0.0,0,0.0,False
305394,0.0,0,0.0,False
110731,0.0,0,0.0,False
112237,0.0,0,0.0,True
25034,0.0,0,0.0,False
130414,0.0,0,0.0,False
389694,0.0,0,0.0,False
454112,0.0,0,0.0,False
303574,0.0,0,0.0,False
133635,0.0,0,0.0,False
86363,0.0,0,0.0,False
122358,0.0,0,0.0,False
188752,0.0,0,0.0,False
153131,0.0,0,0.0,False
177870,0.0,0,0.0,False
33765,0.0,0,0.0,False
5956,0.0,0,0.0,False
83918,0.0,0,0.0,False
339494,0.0,0,0.0,False
112568,0.0,0,0.0,False
94671,0.0,0,0.0,False
25152,0.0,0,0.0,False
66409,0.0,0,0.0,False
316961,0.0,0,0.0,False
153461,0.0,0,0.0,False
221831,0.0,0,0.0,False
11585,0.0,0,0.0,False
309773,0.0,0,0.0,False
284058,0.0,0,0.0,False
21214,0.0,0,0.0,False
82974,0.0,0,0.38333333333333336,False
135563,0.0,0,0.0,False
80581,0.0,0,0.0,False
437167,0.0,0,0.0,True
174872,0.0,0,0.0,False
426013,0.0,0,0.0,False
52440,0.0,0,0.0,False
375231,0.0,0,0.0,False
56161,0.0,0,0.0,False
143545,0.0,0,0.06666666666666667,False
145653,0.0,0,0.0,False
141611,0.0,0,0.0,False
112502,0.0,0,0.0,False
197612,0.0,0,0.0,True
11896,0.0,0,0.0,False
110103,0.0,0,0.6666666666666666,True
41091,0.0,0,0.0,False
4310,0.0,0,0.0,False
154846,0.0,0,0.8,False
13798,0.0,0,0.0,False
41619,0.0,0,0.0,False
3903,0.0,0,0.26666666666666666,True
21796,0.0,0,0.0,False
70956,0.0,0,0.11666666666666667,False
111468,0.0,0,0.7,False
724,0.0,0,0.13333333333333333,False
420343,0.0,0,0.0,False
21624,0.0,0,0.0,False
103455,0.0,0,0.0,False
105748,0.0,0,0.0,False
79616,0.0,0,0.0,False
36254,0.0,0,0.0,False
145472,0.0,0,0.0,True
111112,0.0,0,0.0,False
66926,0.0,0,0.0,True
88123,0.0,0,0.0,False
17332,0.0,0,0.0,False
7209,0.0,0,0.0,False
389662,0.0,0,0.0,False
46781,0.0,0,0.0,False
440792,0.0,0,0.0,False
32485,0.0,0,0.0,False
157402,0.0,0,0.85,False
280882,0.0,0,0.0,False
47330,0.0,0,0.0,False
86188,0.0,0,0.0,False
234754,0.0,0,0.0,False
327104,0.0,0,0.0,False
21184,0.0,0,0.0,False
183281,0.0,0,0.0,False
11879,0.0,0,0.0,False
77310,0.0,0,0.0,False
75274,0.0,0,0.0,False
39718,0.0,0,0.0,False
82061,0.0,0,0.0,False
104456,0.0,0,0.0,False
389555,0.0,0,0.0,False
178894,0.0,0,0.0,False
144109,0.0,0,0.0,True
35632,0.0,0,0.0,False
75129,0.0,0,0.0,False
4073,0.0,0,0.0,False
89951,0.0,0,0.0,False
99379,0.0,0,0.0,False
156975,0.0,0,0.0,False
55115,0.0,0,0.0,False
27964,0.0,0,0.15,False
185911,0.0,0,0.0,False
303602,0.0,0,0.0,False
110793,0.0,0,0.0,False
411930,0.0,0,0.0,False
20731,0.0,0,0.0,False
280793,0.0,0,0.0,False
6142,0.0,0,0.0,False
6495,0.0,0,0.0,False
412546,0.0,0,0.06666666666666667,False
189547,0.0,0,0.0,False
18102,0.0,0,0.0,False
155780,0.0,0,0.0,False
55117,0.0,0,0.0,False
180405,0.0,0,0.0,False
83293,0.0,0,0.016666666666666666,False
63488,0.0,0,0.0,False
40728,0.0,0,0.0,False
61934,0.0,0,0.0,False
155262,0.0,0,0.0,False
115553,0.0,0,0.0,False
52428,0.0,0,0.0,False
240890,0.0,0,0.0,False
127568,0.0,0,0.0,False
191063,0.0,0,0.0,True
181676,0.0,0,0.0,False
257427,0.0,0,0.0,False
88817,0.0,0,0.0,False
441708,0.0,0,0.0,False
142216,0.0,0,0.0,False
189499,0.0,0,0.0,False
121949,0.0,0,0.0,False
83323,0.0,0,0.0,False
49139,0.0,0,0.0,True
4267,0.0,0,0.0,True
35341,0.0,0,0.0,False
295143,0.0,0,0.0,False
128560,0.0,0,0.0,False
69551,0.0,0,0.0,False
48679,0.0,0,0.0,False
7183,0.0,0,0.0,False
107804,0.0,0,0.8,False
175937,0.0,0,0.0,False
49577,0.0,0,0.0,False
3595,0.0,0,0.0,True
106151,0.0,0,0.0,False
421505,0.0,0,0.0,False
392864,0.0,0,0.0,False
26893,0.0,0,0.0,False
324937,0.0,0,0.0,False
92832,0.0,0,0.0,False
85469,0.0,0,0.0,False
25837,0.0,0,0.0,False
5003,0.0,0,0.0,False
36008,0.0,0,0.0,False
5239,0.0,0,0.26666666666666666,False
40425,0.0,0,0.0,False
161310,0.0,0,0.0,False
200603,0.0,0,0.0,False
78697,0.0,0,0.0,False
158387,0.0,0,0.4,False
299911,0.0,0,0.1,False
137687,0.0,0,0.0,False
261521,0.0,0,0.0,False
289658,0.0,0,0.0,False
71570,0.0,0,0.0,False
153460,0.0,0,0.0,False
188003,0.0,0,0.0,False
22052,0.0,0,0.0,False
193277,0.0,0,0.0,False
109290,0.0,0,0.0,False
180864,0.0,0,0.0,False
10532,0.0,0,0.0,False
153457,0.0,0,0.0,False
54837,0.0,0,0.0,False
56019,0.0,0,0.0,False
91315,0.0,0,0.0,False
97127,0.0,0,0.0,True
61624,0.0,0,0.8333333333333334,True
181625,0.0,0,0.0,False
150197,0.0,0,0.0,False
327774,0.0,0,0.0,False
81804,0.0,0,0.016666666666666666,False
80054,0.0,0,0.0,False
87798,0.0,0,0.0,False
63749,0.0,0,0.0,False
4899,0.0,0,0.4166666666666667,False
166220,0.0,0,0.0,False
46438,0.0,0,0.0,False
164069,0.0,0,0.0,False
72062,0.0,0,0.0,False
40744,0.0,0,0.0,False
129224,0.0,0,0.9166666666666666,False
329634,0.0,0,0.0,False
294721,0.0,0,0.2833333333333333,False
112087,0.0,0,0.5666666666666667,False
4266,0.0,0,0.06666666666666667,True
4277,0.0,0,0.0,False
297709,0.0,0,0.0,False
438652,0.0,0,0.0,False
107848,0.0,0,0.0,False
105234,0.0,0,0.0,False
3599,0.0,0,0.0,False
56331,0.0,0,0.0,False
423698,0.0,0,0.0,False
229227,0.0,0,0.0,False
62293,0.0,0,0.0,False
86074,0.0,0,0.0,False
107656,0.0,0,0.0,False
395133,0.0,0,0.0,False
21434,0.0,0,0.0,False
153096,0.0,0,0.0,False
93034,0.0,0,0.0,True
112665,0.0,0,0.0,False
60029,0.0,0,0.0,False
18274,0.0,0,0.9,False
129396,0.0,0,0.0,True
62913,0.0,0,0.0,False
21853,0.0,0,0.0,False
144493,0.0,0,0.0,False
111830,0.0,0,0.0,True
174866,0.0,0,0.0,False
296615,0.0,0,0.0,False
4235,0.0,0,0.0,False
82097,0.0,0,0.0,False
108295,0.0,0,0.0,False
13568,0.0,0,0.0,False
167783,0.0,0,0.0,False
7923,0.0,0,0.0,False
138441,0.0,0,0.0,False
41365,0.0,0,0.0,False
327422,0.0,0,0.0,False
459400,0.0,0,0.0,False
22149,0.0,0,0.0,False
74563,0.0,0,0.0,False
17412,0.0,0,0.0,False
155338,0.0,0,0.0,False
11995,0.0,0,0.0,False
38299,0.0,0,0.0,False
265877,0.0,0,0.0,False
13442,0.0,0,0.0,False
25334,0.0,0,0.0,False
21464,0.0,0,0.0,False
49961,0.0,0,0.0,False
19971,0.0,0,0.0,False
56123,0.0,0,0.0,False
13787,0.0,0,0.0,False
3969,0.0,0,0.0,False
39092,0.0,0,0.0,False
132126,0.0,0,0.0,False
7508,0.0,0,0.0,True
4298,0.0,0,0.0,False
200626,0.0,0,0.0,False
171108,0.0,0,0.0,False
412475,0.0,0,0.0,False
66282,0.0,0,0.0,False
240707,0.0,0,0.0,False
327754,0.0,0,0.0,True
43906,0.0,0,0.0,False
143814,0.0,0,0.0,False
62890,0.0,0,0.0,False
34351,0.0,0,0.016666666666666666,True
390966,0.0,0,0.0,False
337563,0.0,0,0.0,False
111283,0.0,0,0.0,False
144824,0.0,0,0.0,False
229235,0.0,0,0.0,False
113086,0.0,0,0.0,False
47230,0.0,0,0.0,False
110689,0.0,0,0.0,False
72068,0.0,0,0.0,False
133401,0.0,0,0.0,False
39638,0.0,0,0.0,False
4079,0.0,0,0.5333333333333333,False
83576,0.0,0,0.0,False
136600,0.0,0,0.0,False
47830,0.0,0,0.0,False
326585,0.0,0,0.0,True
100003,0.0,0,0.0,False
92153,0.0,0,0.0,True
87800,0.0,0,0.0,False
77847,0.0,0,0.0,False
161433,0.0,0,0.0,False
258495,0.0,0,0.0,False
21882,0.0,0,0.0,False
140706,0.0,0,0.0,False
326300,0.0,0,0.0,False
77415,0.0,0,0.016666666666666666,False
62750,0.0,0,0.0,False
75063,0.0,0,0.55,False
108540,0.0,0,0.0,True
75916,0.0,0,0.0,False
21827,0.0,0,0.0,False
34977,0.0,0,0.85,False
80122,0.0,0,0.0,False
21881,0.0,0,0.0,False
49724,0.0,0,0.0,False
143810,0.0,0,0.0,False
53324,0.0,0,0.0,False
85612,0.0,0,0.0,False
100018,0.0,0,0.0,False
2440,0.0,0,0.0,True
195297,0.0,0,0.0,False
26887,0.0,0,0.0,False
412462,0.0,0,0.0,False
5152,0.0,0,0.0,False
306042,0.0,0,0.0,False
9846,0.0,0,0.0,False
9781,0.0,0,0.0,False
389565,0.0,0,0.0,False
34400,0.0,0,0.0,False
19946,0.0,0,0.0,False
169790,0.0,0,0.0,False
175797,0.0,0,0.0,False
33003,0.0,0,0.0,False
33101,0.0,0,0.0,False
63512,0.0,0,0.0,False
91590,0.0,0,0.0,False
95481,0.0,0,0.0,False
62432,0.0,0,0.06666666666666667,True
45767,0.0,0,0.0,False
54974,0.0,0,0.0,False
66433,0.0,0,0.0,False
49309,0.0,0,0.0,False
64112,0.0,0,0.0,False
90787,0.0,0,0.0,False
51037,0.0,0,0.0,False
127613,0.0,0,0.0,False
175989,0.0,0,0.0,False
85742,0.0,0,0.0,False
112803,0.0,0,0.016666666666666666,False
181329,0.0,0,0.0,False
87528,0.0,0,0.0,False
2480,0.0,0,0.0,False
305284,0.0,0,0.0,False
121240,0.0,0,0.0,False
93569,0.0,0,0.0,False
336302,0.0,0,0.0,False
60260,0.0,0,0.0,False
157085,0.0,0,0.0,False
392696,0.0,0,0.0,True
5883,0.0,0,0.0,False
25402,0.0,0,0.0,False
83880,0.0,0,0.0,False
123651,0.0,0,0.0,False
140724,0.0,0,0.0,False
434584,0.0,0,0.05,False
40678,0.0,0,0.0,False
37494,0.0,0,0.0,False
108350,0.0,0,0.0,False
84659,0.0,0,0.0,False
113002,0.0,0,0.0,False
82123,0.0,0,0.0,False
326741,0.0,0,0.75,False
85398,0.0,0,0.0,False
122394,0.0,0,0.0,False
77283,0.0,0,0.0,False
106112,0.0,0,0.11666666666666667,False
257703,0.0,0,0.0,False
183075,0.0,0,0.0,False
174137,0.0,0,0.0,False
74990,0.0,0,0.0,False
70333,0.0,0,0.0,False
74219,0.0,0,0.0,False
462675,0.0,0,0.2833333333333333,False
72061,0.0,0,0.85,False
13135,0.0,0,0.5666666666666667,True
10242,0.0,0,0.03333333333333333,False
22207,0.0,0,0.0,False
389642,0.0,0,0.0,False
23469,0.0,0,0.0,False
308892,0.0,0,0.0,False
390853,0.0,0,0.0,False
200590,0.0,0,0.65,False
13960,0.0,0,0.0,True
2288,0.0,0,0.0,False
280859,0.0,0,0.0,False
124956,0.0,0,0.4,False
91484,0.0,0,0.0,False
30934,0.0,0,0.0,False
5118,0.0,0,0.0,False
126009,0.0,0,0.0,False
145668,0.0,0,0.0,False
77308,0.0,0,0.0,False
163035,0.0,0,0.0,False
314746,0.0,0,0.0,False
13998,0.0,0,0.0,False
26895,0.0,0,0.0,False
429239,0.0,0,0.0,False
70316,0.0,0,0.016666666666666666,False
305387,0.0,0,0.0,False
76976,0.0,0,0.0,False
39298,0.0,0,0.0,False
37044,0.0,0,0.0,False
557233,0.0,0,0.0,False
26452,0.0,0,0.0,False
79612,0.0,0,0.0,False
485390,0.0,0,0.0,False
135224,0.0,0,0.0,False
92379,0.0,0,0.0,False
165098,0.0,0,0.0,True
112645,0.0,0,0.0,False
144124,0.0,0,0.0,False
159413,0.0,0,0.0,False
83516,0.0,0,0.0,False
261522,0.0,0,0.0,False
336591,0.0,0,0.0,False
74194,0.0,0,0.0,False
36342,0.0,0,0.0,False
240656,0.0,0,0.0,False
138760,0.0,0,0.0,False
25355,0.0,0,0.016666666666666666,False
298100,0.0,0,0.0,False
143983,0.0,0,0.0,False
55623,0.0,0,0.0,False
81521,0.0,0,0.8,False
171238,0.0,0,0.0,False
557235,0.0,0,0.0,False
317889,0.0,0,0.03333333333333333,False
28796,0.0,0,0.0,True
24125,0.0,0,0.016666666666666666,False
41364,0.0,0,0.0,False
13795,0.0,0,0.0,False
75137,0.0,0,0.0,False
75766,0.0,0,0.0,True
72204,0.0,0,0.0,False
13913,0.0,0,0.0,False
61954,0.0,0,0.0,False
83124,0.0,0,0.0,False
99692,0.0,0,0.0,True
84713,0.0,0,0.0,False
102957,0.0,0,0.0,False
330018,0.0,0,0.0,False
125394,0.0,0,0.0,False
75932,0.0,0,0.0,False
5453,0.0,0,0.0,False
165659,0.0,0,0.0,False
404970,0.0,0,0.0,False
143812,0.0,0,0.0,False
55947,0.0,0,0.0,False
325115,0.0,0,0.0,False
171110,0.0,0,0.0,False
79610,0.0,0,0.03333333333333333,False
37697,0.0,0,0.05,False
440174,0.0,0,0.0,False
76377,0.0,0,0.0,True
289688,0.0,0,0.4166666666666667,False
459867,0.0,0,0.6166666666666667,False
5949,0.0,0,0.0,False
122124,0.0,0,0.0,False
13281,0.0,0,0.0,False
82487,0.0,0,0.0,False
140658,0.0,0,0.0,False
415583,0.0,0,0.0,False
7189,0.0,0,0.0,False
99594,0.0,0,0.0,False
51182,0.0,0,0.0,False
308948,0.0,0,0.0,False
84695,0.0,0,0.0,False
144460,0.0,0,0.0,True
63930,0.0,0,0.0,False
141543,0.0,0,0.0,False
402546,0.0,0,0.0,False
72011,0.0,0,0.0,False
315324,0.0,0,0.0,False
115548,0.0,0,0.0,False
362214,0.0,0,0.0,False
112132,0.0,0,0.0,False
13965,0.0,0,0.0,True
88676,0.0,0,0.0,False
28575,0.0,0,0.15,False
183330,0.0,0,0.43333333333333335,False
32493,0.0,0,0.0,False
75148,0.0,0,0.0,False
46797,0.0,0,0.0,False
237957,0.0,0,0.9833333333333333,False
487863,0.0,0,0.0,False
141461,0.0,0,0.0,False
82927,0.0,0,0.1,False
28476,0.0,0,0.0,False
346397,0.0,0,0.0,False
9236,0.0,0,0.0,False
3463,0.0,0,0.0,False
379545,0.0,0,0.0,False
129163,0.0,0,0.0,False
17478,0.0,0,0.0,False
87529,0.0,0,0.0,False
99782,0.0,0,0.0,False
145664,0.0,0,0.0,True
17056,0.0,0,0.0,False
122393,0.0,0,0.0,False
84715,0.0,0,0.0,False
438749,0.0,0,0.0,False
50625,0.0,0,0.0,False
29496,0.0,0,0.0,False
68731,0.0,0,0.0,False
92551,0.0,0,0.0,False
327086,0.0,0,0.0,False
5180,0.0,0,0.0,False
90784,0.0,0,0.0,False
83131,0.0,0,0.0,False
94551,0.0,0,0.0,False
156478,0.0,0,0.0,True
135746,0.0,0,0.0,False
47233,0.0,0,0.0,True
21332,0.0,0,0.0,False
299063,0.0,0,0.0,False
107672,0.0,0,0.0,False
75438,0.0,0,0.8666666666666667,False
4961,0.0,0,0.0,False
77416,0.0,0,0.0,False
85404,0.0,0,0.0,False
138759,0.0,0,0.0,False
19569,0.0,0,0.0,False
88541,0.0,0,0.0,False
485057,0.0,0,0.0,False
132884,0.0,0,0.0,False
87445,0.0,0,0.9333333333333333,False
273079,0.0,0,0.0,False
31212,0.0,0,0.0,False
189623,0.0,0,0.21666666666666667,False
134937,0.0,0,0.0,False
63232,0.0,0,0.0,False
27436,0.0,0,0.0,False
56604,0.0,0,0.0,False
80025,0.0,0,0.0,False
342527,0.0,0,0.0,False
56026,0.0,0,0.0,False
108640,0.0,0,0.016666666666666666,False
144125,0.0,0,0.0,False
36390,0.0,0,0.0,False
436941,0.0,0,0.0,False
297678,0.0,0,0.5333333333333333,False
9802,0.0,0,0.0,False
18392,0.0,0,0.0,False
79845,0.0,0,0.0,False
21893,0.0,0,0.0,False
48943,0.0,0,0.0,False
83292,0.0,0,0.0,False
33455,0.0,0,0.0,False
11785,0.0,0,0.0,True
289652,0.0,0,0.0,False
118142,0.0,0,0.7833333333333333,False
156357,0.0,0,0.0,False
31569,0.0,0,0.26666666666666666,False
404627,0.0,0,0.0,False
21977,0.0,0,0.0,False
289687,0.0,0,0.4166666666666667,False
174154,0.0,0,0.0,False
23751,0.0,0,0.0,False
220707,0.0,0,0.0,False
21283,0.0,0,0.0,False
81466,0.0,0,0.0,False
171381,0.0,0,0.16666666666666666,False
113273,0.0,0,0.5666666666666667,False
132861,0.0,0,0.0,False
245367,0.0,0,0.0,True
230253,0.0,0,0.0,False
274965,0.0,0,0.8333333333333334,False
64850,0.0,0,0.0,False
19110,0.0,0,0.0,True
10184,0.0,0,0.0,True
167815,0.0,0,0.0,False
189209,0.0,0,0.0,False
398127,0.0,0,0.0,False
70354,0.0,0,0.0,False
144459,0.0,0,0.0,True
107837,0.0,0,0.0,False
175860,0.0,0,0.0,False
55196,0.0,0,0.0,False
99152,0.0,0,0.0,False
46844,0.0,0,0.0,False
221363,0.0,0,0.0,False
12680,0.0,0,0.3,False
66199,0.0,0,0.3333333333333333,False
10167,0.0,0,0.0,False
20578,0.0,0,0.0,False
4658,0.0,0,0.0,True
220706,0.0,0,0.0,False
157083,0.0,0,0.0,False
62917,0.0,0,0.0,False
7656,0.0,0,0.0,False
137323,0.0,0,0.0,False
76355,0.0,0,0.0,False
187678,0.0,0,0.0,False
134333,0.0,0,0.0,False
154460,0.0,0,0.9833333333333333,False
51881,0.0,0,0.0,False
348825,0.0,0,0.0,False
106221,0.0,0,0.0,False
21061,0.0,0,0.0,False
86042,0.0,0,0.0,False
5428,0.0,0,0.43333333333333335,False
66436,0.0,0,0.0,True
6096,0.0,0,0.0,False
32495,0.0,0,0.0,False
77843,0.0,0,0.0,False
70960,0.0,0,0.0,False
328377,0.0,0,0.0,False
61936,0.0,0,0.0,False
88591,0.0,0,0.0,False
352790,0.0,0,0.0,False
123582,0.0,0,0.0,False
80281,0.0,0,0.0,False
365039,0.0,0,0.36666666666666664,False
471583,0.0,0,0.0,False
42556,0.0,0,0.0,False
12304,0.0,0,0.0,False
83125,0.0,0,0.0,False
13656,0.0,0,0.0,False
103245,0.0,0,0.0,False
80193,0.0,0,0.0,False
93568,0.0,0,0.13333333333333333,False
13368,0.0,0,0.0,False
4929,0.0,0,0.0,False
67839,0.0,0,0.0,True
118399,0.0,0,0.0,False
32955,0.0,0,0.0,False
10918,0.0,0,0.0,False
5970,0.0,0,0.0,False
183074,0.0,0,0.0,False
189056,0.0,0,0.0,False
113379,0.0,0,0.0,False
442267,0.0,0,0.6166666666666667,False
261645,0.0,0,0.0,False
157653,0.0,0,0.0,False
36343,0.0,0,0.0,False
315555,0.0,0,0.43333333333333335,False
33704,0.0,0,0.0,False
26981,0.0,0,0.0,False
112567,0.0,0,0.0,False
336607,0.0,0,0.0,False
158901,0.0,0,0.0,False
83849,0.0,0,0.1,False
8721,0.0,0,0.0,False
47457,0.0,0,0.0,False
135991,0.0,0,0.0,False
20789,0.0,0,0.0,False
40041,0.0,0,0.0,False
33463,0.0,0,0.0,False
435189,0.0,0,0.0,False
87520,0.0,0,0.0,False
274974,0.0,0,0.0,False
70825,0.0,0,0.0,False
80135,0.0,0,0.0,False
87536,0.0,0,0.0,False
11989,0.0,0,0.0,False
349481,0.0,0,0.0,False
77301,0.0,0,0.0,False
528388,0.0,0,0.0,False
37356,0.0,0,0.0,False
29397,0.0,0,0.0,False
149164,0.0,0,0.0,False
13577,0.0,0,0.0,False
37822,0.0,0,0.0,False
83848,0.0,0,0.0,False
75908,0.0,0,0.0,False
93512,0.0,0,0.0,False
7190,0.0,0,0.0,False
88107,0.0,0,0.0,False
362332,0.0,0,0.0,False
66434,0.0,0,0.0,False
98542,0.0,0,0.0,False
5913,0.0,0,0.0,False
22209,0.0,0,0.0,False
12316,0.0,0,0.85,True
166222,0.0,0,0.0,False
175196,0.0,0,0.0,False
352786,0.0,0,0.0,False
11719,0.0,0,0.0,False
111521,0.0,0,0.0,False
9196,0.0,0,0.0,False
639802,0.0,0,0.0,False
89338,0.0,0,0.0,False
404699,0.0,0,0.8833333333333333,False
19171,0.0,0,0.0,False
84160,0.0,0,0.0,False
88725,0.0,0,0.0,False
12735,0.0,0,0.0,False
329670,0.0,0,0.0,False
112160,0.0,0,0.48333333333333334,False
226439,0.0,0,0.0,False
465730,0.0,0,0.0,True
6253,0.0,0,0.0,False
309585,0.0,0,0.0,False
20576,0.0,0,0.0,False
241301,0.0,0,0.0,False
20841,0.0,0,0.0,False
190983,0.0,0,0.0,False
112654,0.0,0,0.0,False
50015,0.0,0,0.0,False
33761,0.0,0,0.0,True
102770,0.0,0,0.0,False
115212,0.0,0,0.0,False
183657,0.0,0,0.0,False
528392,0.0,0,0.0,False
54543,0.0,0,0.0,False
24278,0.0,0,0.0,False
284121,0.0,0,0.0,False
109287,0.0,0,0.0,False
13441,0.0,0,0.0,False
144468,0.0,0,0.0,False
127622,0.0,0,0.0,False
425611,0.0,0,0.0,False
316615,0.0,0,0.0,False
16998,0.0,0,0.0,True
105277,0.0,0,0.3333333333333333,False
223322,0.0,0,0.0,False
85507,0.0,0,0.0,False
265813,0.0,0,0.0,False
141544,0.0,0,0.0,False
50633,0.0,0,0.0,False
404546,0.0,0,0.6166666666666667,False
130369,0.0,0,0.0,False
6311,0.0,0,0.0,False
365035,0.0,0,0.0,False
176050,0.0,0,0.0,False
221832,0.0,0,0.0,False
74987,0.0,0,0.0,False
310407,0.0,0,0.0,False
127612,0.0,0,0.0,False
485414,0.0,0,0.0,False
194169,0.0,0,0.0,False
19942,0.0,0,0.0,False
90237,0.0,0,0.05,False
134046,0.0,0,0.0,False
389697,0.0,0,0.0,False
109796,0.0,0,0.0,False
175954,0.0,0,0.0,False
38286,0.0,0,0.0,False
63220,0.0,0,0.0,False
120977,0.0,0,0.0,False
48604,0.0,0,0.0,False
7141,0.0,0,0.0,False
28252,0.0,0,0.0,False
327403,0.0,0,0.0,False
21534,0.0,0,0.0,False
61806,0.0,0,0.8333333333333334,False
108324,0.0,0,0.0,False
106149,0.0,0,0.0,False
134665,0.0,0,0.0,False
143141,0.0,0,0.0,False
13579,0.0,0,0.0,False
30770,0.0,0,0.0,False
99494,0.0,0,0.0,False
351785,0.0,0,0.0,False
83118,0.0,0,0.0,False
145641,0.0,0,0.0,False
28888,0.0,0,0.0,False
12696,0.0,0,0.0,False
56043,0.0,0,0.0,False
490658,0.0,0,0.0,False
95135,0.0,0,0.0,False
11951,0.0,0,0.0,False
90786,0.0,0,0.0,False
36004,0.0,0,0.0,False
54614,0.0,0,0.0,False
421326,0.0,0,0.0,False
160194,0.0,0,0.0,False
28650,0.0,0,0.0,False
46439,0.0,0,0.0,False
22264,0.0,0,0.0,False
265867,0.0,0,0.0,False
24759,0.0,0,0.08333333333333333,False
223544,0.0,0,0.05,False
324938,0.0,0,0.0,False
115658,0.0,0,0.0,False
80139,0.0,0,0.0,False
424234,0.0,0,0.23333333333333334,False
49582,0.0,0,0.0,False
190976,0.0,0,0.0,False
390951,0.0,0,0.0,False
7401,0.0,0,0.0,False
307580,0.0,0,0.0,False
19634,0.0,0,0.0,False
5670,0.0,0,0.0,False
221796,0.0,0,0.0,False
29468,0.0,0,0.0,False
100171,0.0,0,0.0,False
36994,0.0,0,0.0,False
2450,0.0,0,0.0,False
410925,0.0,0,0.0,False
91292,0.0,0,0.0,False
48255,0.0,0,0.0,False
33764,0.0,0,0.0,False
330119,0.0,0,0.0,False
25232,0.0,0,0.0,False
7968,0.0,0,0.0,False
356872,0.0,0,0.0,False
407990,0.0,0,0.0,False
75669,0.0,0,0.0,False
79696,0.0,0,0.0,False
317305,0.0,0,0.0,False
298001,0.0,0,0.0,False
240893,0.0,0,0.0,False
223527,0.0,0,0.11666666666666667,False
99893,0.0,0,0.0,False
188123,0.0,0,0.0,False
484420,0.0,0,0.65,False
199541,0.0,0,0.0,False
226433,0.0,0,0.0,False
273029,0.0,0,0.0,False
66295,0.0,0,0.0,False
77870,0.0,0,0.0,False
142281,0.0,0,0.0,False
4376,0.0,0,0.016666666666666666,False
89673,0.0,0,0.0,False
86076,0.0,0,0.0,False
41765,0.0,0,0.23333333333333334,False
112527,0.0,0,0.0,False
110516,0.0,0,0.0,False
127623,0.0,0,0.0,False
149215,0.0,0,0.0,False
80027,0.0,0,0.0,False
111149,0.0,0,0.0,False
78921,0.0,0,0.0,False
348821,0.0,0,0.0,False
5075,0.0,0,0.0,False
7207,0.0,0,0.0,False
5656,0.0,0,0.0,False
76243,0.0,0,0.0,False
33029,0.0,0,0.0,False
479897,0.0,0,0.0,False
192868,0.0,0,0.0,False
295311,0.0,0,0.0,False
80053,0.0,0,0.0,False
39716,0.0,0,0.0,False
34810,0.0,0,0.0,False
69802,0.0,0,0.0,False
289656,0.0,0,0.0,False
98218,0.0,0,0.0,False
41179,0.0,0,0.0,False
134646,0.0,0,0.0,False
10986,0.0,0,0.2833333333333333,False
90111,0.0,0,0.4166666666666667,False
82156,0.0,0,0.65,False
378367,0.0,0,0.0,False
407027,0.0,0,0.0,False
194168,0.0,0,0.0,False
63215,0.0,0,0.13333333333333333,False
83257,0.0,0,0.0,False
10336,0.0,0,0.0,False
88424,0.0,0,0.0,False
118281,0.0,0,0.0,False
111995,0.0,0,0.0,False
412478,0.0,0,0.0,False
443896,0.0,0,0.0,False
111289,0.0,0,0.0,False
112572,0.0,0,0.0,False
22642,0.0,0,0.0,False
193137,0.0,0,0.0,False
404569,0.0,0,0.0,False
71518,0.0,0,0.0,False
43672,0.0,0,0.0,False
115550,0.0,0,0.0,False
410487,0.0,0,0.0,False
138418,0.0,0,0.0,False
9757,0.0,0,0.0,False
55226,0.0,0,0.0,False
164127,0.0,0,0.0,False
124534,0.0,0,0.0,False
200616,0.0,0,0.0,False
87747,0.0,0,0.0,True
295127,0.0,0,0.5666666666666667,True
106097,0.0,0,0.0,True
85672,0.0,0,0.0,False
112662,0.0,0,0.0,True
103309,0.0,0,0.0,False
46824,0.0,0,0.0,False
144096,0.0,0,0.0,False
336653,0.0,0,0.0,False
38325,0.0,0,0.0,False
96999,0.0,0,0.0,False
193885,0.0,0,0.1,False
5731,0.0,0,0.0,False
39841,0.0,0,0.0,False
71099,0.0,0,0.0,False
161486,0.0,0,0.7833333333333333,False
84876,0.0,0,0.0,False
35574,0.0,0,0.0,False
167811,0.0,0,0.0,False
106167,0.0,0,0.0,False
30303,0.0,0,0.0,False
94606,0.0,0,0.0,False
24757,0.0,0,0.0,False
443898,0.0,0,0.0,False
112591,0.0,0,0.0,False
11589,0.0,0,0.43333333333333335,False
126299,0.0,0,0.0,False
382851,0.0,0,0.0,False
373836,0.0,0,0.0,False
71421,0.0,0,0.0,False
11582,0.0,0,0.0,False
86493,0.0,0,0.0,False
147084,0.0,0,0.0,False
40651,0.0,0,0.0,False
7263,0.0,0,0.0,False
108440,0.0,0,0.0,False
4858,0.0,0,0.0,False
49926,0.0,0,0.0,False
123957,0.0,0,0.0,False
237096,0.0,0,0.0,False
134936,0.0,0,0.0,False
55212,0.0,0,0.0,False
5106,0.0,0,0.0,False
138609,0.0,0,0.0,False
7125,0.0,0,0.0,False
466601,0.0,0,0.0,False
165500,0.0,0,0.0,False
189545,0.0,0,0.0,False
99877,0.0,0,0.0,False
12028,0.0,0,0.0,False
92928,0.0,0,0.0,False
412257,0.0,0,0.0,False
282703,0.0,0,0.0,False
347236,0.0,0,0.0,False
444536,0.0,0,0.0,False
398111,0.0,0,0.0,False
153533,0.0,0,0.0,False
13544,0.0,0,0.0,False
14002,0.0,0,0.0,False
99779,0.0,0,0.0,False
128405,0.0,0,0.0,False
110753,0.0,0,0.0,False
84714,0.0,0,0.0,False
112233,0.0,0,0.0,False
129165,0.0,0,0.0,False
299058,0.0,0,0.0,False
110814,0.0,0,0.0,False
194445,0.0,0,0.0,False
98540,0.0,0,0.0,False
448549,0.0,0,0.0,False
4851,0.0,0,0.0,False
108323,0.0,0,0.11666666666666667,False
31030,0.0,0,0.0,False
167162,0.0,0,0.0,False
136612,0.0,0,0.0,False
412470,0.0,0,0.0,False
70201,0.0,0,0.0,False
110823,0.0,0,0.0,False
47414,0.0,0,0.0,False
98846,0.0,0,0.0,False
298109,0.0,0,0.9833333333333333,False
14985,0.0,0,0.0,False
113481,0.0,0,0.0,False
47804,0.0,0,0.0,False
6235,0.0,0,0.0,False
191067,0.0,0,0.0,False
20705,0.0,0,0.0,False
157401,0.0,0,0.85,False
9703,0.0,0,0.0,False
382998,0.0,0,0.0,False
27836,0.0,0,0.0,False
64114,0.0,0,0.0,False
138340,0.0,0,0.0,False
409666,0.0,0,0.5333333333333333,False
30976,0.0,0,0.0,False
347502,0.0,0,0.0,False
87801,0.0,0,0.0,False
112091,0.0,0,0.0,False
81467,0.0,0,0.0,False
82892,0.0,0,0.0,False
138829,0.0,0,0.0,False
6494,0.0,0,0.0,False
127557,0.0,0,0.0,False
18303,0.0,0,0.0,False
411973,0.0,0,0.0,False
4327,0.0,0,0.0,False
352806,0.0,0,0.0,False
66064,0.0,0,0.0,False
13794,0.0,0,0.0,False
103958,0.0,0,0.0,False
134114,0.0,0,0.0,False
9779,0.0,0,0.0,False
412468,0.0,0,0.0,False
117651,0.0,0,0.0,False
13443,0.0,0,0.0,False
12101,0.0,0,0.0,False
122431,0.0,0,0.0,False
105769,0.0,0,0.0,False
115213,0.0,0,0.0,False
141579,0.0,0,0.0,False
84193,0.0,0,0.016666666666666666,False
110787,0.0,0,0.0,False
303603,0.0,0,0.0,False
24720,0.0,0,0.0,False
71435,0.0,0,0.0,False
22718,0.0,0,0.0,False
94684,0.0,0,0.0,False
107838,0.0,0,0.0,False
23083,0.0,0,0.0,False
4847,0.0,0,0.0,False
25354,0.0,0,0.0,False
275394,0.0,0,0.0,False
190221,0.0,0,0.0,False
411651,0.0,0,0.0,False
154535,0.0,0,0.0,False
27403,0.0,0,0.0,False
408365,0.0,0,0.0,False
280890,0.0,0,0.0,False
295304,0.0,0,0.0,False
171807,0.0,0,0.0,False
133664,0.0,0,0.0,False
5923,0.0,0,0.0,False
372157,0.0,0,0.0,False
43860,0.0,0,0.0,False
21295,0.0,0,0.0,False
163873,0.0,0,0.0,False
111966,0.0,0,0.0,False
12103,0.0,0,0.0,False
239533,0.0,0,0.0,False
29401,0.0,0,0.0,False
51113,0.0,0,0.0,False
125431,0.0,0,0.0,False
90118,0.0,0,0.0,False
113482,0.0,0,0.0,False
111871,0.0,0,0.0,False
108283,0.0,0,0.0,False
7670,0.0,0,0.0,False
66435,0.0,0,0.0,False
6573,0.0,0,0.0,False
8609,0.0,0,0.0,False
7548,0.0,0,0.0,False
111097,0.0,0,0.0,False
7132,0.0,0,0.0,False
75440,0.0,0,0.0,False
9586,0.0,0,0.0,False
63552,0.0,0,0.0,False
64852,0.0,0,0.0,False
9684,0.0,0,0.0,False
141695,0.0,0,0.0,False
273078,0.0,0,0.0,False
154191,0.0,0,0.0,False
62217,0.0,0,0.0,False
299057,0.0,0,0.0,False
5272,0.0,0,0.0,False
223337,0.0,0,0.0,False
43070,0.0,0,0.0,False
84235,0.0,0,0.0,False
113590,0.0,0,0.0,False
174206,0.0,0,0.0,False
136055,0.0,0,0.0,False
196572,0.0,0,0.0,False
95127,0.0,0,0.0,False
56244,0.0,0,0.0,False
5184,0.0,0,0.0,False
453757,0.0,0,0.0,False
11625,0.0,0,0.0,False
111290,0.0,0,0.0,False
223538,0.0,0,0.0,False
31126,0.0,0,0.0,False
55203,0.0,0,0.0,False
149212,0.0,0,0.0,False
299847,0.0,0,0.0,False
51917,0.0,0,0.0,False
10183,0.0,0,0.0,True
62200,0.0,0,0.0,False
12916,0.0,0,0.0,False
4309,0.0,0,0.0,False
99595,0.0,0,0.0,False
91402,0.0,0,0.0,False
63466,0.0,0,0.0,False
17519,0.0,0,0.0,False
174337,0.0,0,0.0,False
111869,0.0,0,0.0,False
149235,0.0,0,0.0,False
149126,0.0,0,0.0,False
86134,0.0,0,0.0,False
311799,0.0,0,0.0,False
99300,0.0,0,0.0,False
153456,0.0,0,0.0,False
88690,0.0,0,0.0,False
10760,0.0,0,0.0,True
90741,0.0,0,0.0,False
105291,0.0,0,0.0,False
183279,0.0,0,0.0,False
89674,0.0,0,0.0,False
110813,0.0,0,0.0,False
326737,0.0,0,0.0,False
51912,0.0,0,0.0,False
59460,0.0,0,0.0,False
23404,0.0,0,0.0,False
13461,0.0,0,0.0,False
240712,0.0,0,0.0,False
174821,0.0,0,0.0,False
63221,0.0,0,0.0,False
84246,0.0,0,0.0,False
81770,0.0,0,0.0,False
110783,0.0,0,0.0,False
170774,0.0,0,0.0,False
198865,0.0,0,0.0,True
485359,0.0,0,0.0,False
136843,0.0,0,0.0,False
174706,0.0,0,0.0,False
63553,0.0,0,0.0,False
134720,0.0,0,0.0,False
141613,0.0,0,0.0,False
62916,0.0,0,0.0,False
144494,0.0,0,0.0,False
61307,0.0,0,0.0,False
153501,0.0,0,0.0,False
118285,0.0,0,0.0,False
11953,0.0,0,0.0,False
13025,0.0,0,0.0,False
115656,0.0,0,0.0,False
167652,0.0,0,0.6166666666666667,False
108638,0.0,0,0.0,False
41715,0.0,0,0.0,False
307537,0.0,0,0.0,False
124494,0.0,0,0.0,False
18304,0.0,0,0.0,False
121818,0.0,0,0.0,False
311723,0.0,0,0.0,False
30111,0.0,0,0.0,False
11112,0.0,0,0.0,False
443892,0.0,0,0.0,False
60633,0.0,0,0.0,False
115216,0.0,0,0.0,False
19208,0.0,0,0.0,True
73434,0.0,0,0.0,False
271306,0.0,0,0.0,False
156348,0.0,0,0.0,False
24031,0.0,0,0.0,False
111522,0.0,0,0.0,False
62919,0.0,0,0.0,False
5067,0.0,0,0.0,False
44309,0.0,0,0.0,False
6765,0.0,0,0.0,False
35678,0.0,0,0.0,False
50019,0.0,0,0.0,False
175952,0.0,0,0.0,False
421504,0.0,0,0.0,False
301732,0.0,0,0.8333333333333334,True
103964,0.0,0,0.0,True
82132,0.0,0,0.0,False
127282,0.0,0,0.0,False
227753,0.0,0,0.0,True
167152,0.0,0,0.0,False
6216,0.0,0,0.0,False
10631,0.0,0,0.0,False
99801,0.0,0,0.0,False
337041,0.0,0,0.15,False
55121,0.0,0,0.0,False
446983,0.0,0,0.0,False
84581,0.0,0,0.0,False
230392,0.0,0,0.0,False
13891,0.0,0,0.0,True
65950,0.0,0,0.1,False
94892,0.0,0,0.0,False
72100,0.0,0,0.0,False
63511,0.0,0,0.0,False
84716,0.0,0,0.0,False
112730,0.0,0,0.0,False
140327,0.0,0,0.0,False
105737,0.0,0,0.0,False
20324,0.0,0,0.0,False
133669,0.0,0,0.0,False
139572,0.0,0,0.0,False
122179,0.0,0,0.0,False
92431,0.0,0,0.2833333333333333,False
124233,0.0,0,0.0,False
22056,0.0,0,0.0,False
8881,0.0,0,0.0,False
153455,0.0,0,0.0,False
170776,0.0,0,0.0,False
39432,0.0,0,0.016666666666666666,False
92581,0.0,0,0.0,False
148698,0.0,0,0.0,False
105236,0.0,0,0.0,False
87516,0.0,0,0.0,False
76242,0.0,0,0.0,False
21880,0.0,0,0.0,False
337226,0.0,0,0.0,False
158388,0.0,0,0.4,False
66087,0.0,0,0.35,False
62795,0.0,0,0.0,False
435192,0.0,0,0.0,False
438731,0.0,0,0.0,False
170570,0.0,0,0.0,True
153276,0.0,0,0.0,False
118086,0.0,0,0.0,False
11376,0.0,0,0.0,True
100096,0.0,0,0.0,False
30026,0.0,0,0.0,False
100001,0.0,0,0.0,False
144397,0.0,0,0.0,False
61623,0.0,0,0.8333333333333334,True
28191,0.0,0,0.0,False
150688,0.0,0,0.0,False
7790,0.0,0,0.0,False
30927,0.0,0,0.0,False
8428,0.0,0,0.0,False
98219,0.0,0,0.0,False
106150,0.0,0,0.0,False
65776,0.0,0,0.0,False
107862,0.0,0,0.0,False
56132,0.0,0,0.0,False
4883,0.0,0,0.0,False
87833,0.0,0,0.0,True
86040,0.0,0,0.0,False
62933,0.0,0,0.6166666666666667,False
5061,0.0,0,0.0,False
82052,0.0,0,0.0,False
17176,0.0,0,0.0,False
21069,0.0,0,0.0,False
5112,0.0,0,0.0,False
110978,0.0,0,0.0,False
5284,0.0,0,0.0,False
72500,0.0,0,0.0,False
46912,0.0,0,0.0,False
241218,0.0,0,0.0,False
69485,0.0,0,0.0,False
36225,0.0,0,0.0,False
112942,0.0,0,0.0,False
21771,0.0,0,0.0,False
70057,0.0,0,0.0,False
22862,0.0,0,0.0,False
164118,0.0,0,0.0,False
264544,0.0,0,0.0,False
171140,0.0,0,0.0,False
91513,0.0,0,0.0,False
487294,0.0,0,0.0,False
95108,0.0,0,0.0,True
4844,0.0,0,0.0,False
492477,0.0,0,0.0,False
65724,0.0,0,0.0,False
72815,0.0,0,0.0,False
55966,0.0,0,0.0,True
295153,0.0,0,0.0,False
88525,0.0,0,0.0,False
19590,0.0,0,0.0,False
83251,0.0,0,0.0,False
31774,0.0,0,0.0,False
26609,0.0,0,0.0,False
66925,0.0,0,0.0,True
308942,0.0,0,0.0,False
197577,0.0,0,0.8333333333333334,False
94837,0.0,0,0.0,False
29446,0.0,0,0.0,False
74218,0.0,0,0.0,False
74437,0.0,0,0.0,False
90236,0.0,0,0.03333333333333333,False
99804,0.0,0,0.0,False
19568,0.0,0,0.0,False
193446,0.0,0,0.0,False
70251,0.0,0,0.0,False
327845,0.0,0,0.0,False
389778,0.0,0,0.0,False
33467,0.0,0,0.0,False
196806,0.0,0,0.0,False
411903,0.0,0,0.0,False
106238,0.0,0,0.0,False
75079,0.0,0,0.9,False
135222,0.0,0,0.0,False
60383,0.0,0,0.0,False
13630,0.0,0,0.0,False
6051,0.0,0,0.0,False
41129,0.0,0,0.0,False
284130,0.0,0,0.0,False
63227,0.0,0,0.0,False
189070,0.0,0,0.0,False
114552,0.0,0,0.0,False
35996,0.0,0,0.0,False
191598,0.0,0,0.0,False
12739,0.0,0,0.0,False
163874,0.0,0,0.0,False
22080,0.0,0,0.0,False
62990,0.0,0,0.0,False
49932,0.0,0,0.0,False
312908,0.0,0,0.0,False
21475,0.0,0,0.0,False
46851,0.0,0,0.0,False
62797,0.0,0,0.0,False
62991,0.0,0,0.0,False
31886,0.0,0,0.0,False
167646,0.0,0,0.0,False
83518,0.0,0,0.0,False
129463,0.0,0,0.0,False
166227,0.0,0,0.0,False
30935,0.0,0,0.0,False
124226,0.0,0,0.0,False
38166,0.0,0,0.0,False
34979,0.0,0,0.06666666666666667,False
30650,0.0,0,0.0,False
26920,0.0,0,0.0,False
20402,0.0,0,0.0,False
412410,0.0,0,0.0,False
98832,0.0,0,0.8666666666666667,False
17035,0.0,0,0.0,False
44026,0.0,0,0.0,False
109820,0.0,0,0.0,False
375230,0.0,0,0.0,False
349485,0.0,0,0.0,False
428179,0.0,0,0.0,False
62637,0.0,0,0.0,False
109818,0.0,0,0.0,False
194444,0.0,0,0.0,False
34976,0.0,0,0.85,False
44761,0.0,0,0.0,False
100005,0.0,0,0.0,False
12077,0.0,0,0.0,False
4854,0.0,0,0.0,False
77788,0.0,0,0.0,False
82485,0.0,0,0.0,False
105275,0.0,0,0.0,False
29453,0.0,0,0.0,False
282156,0.0,0,0.0,False
378590,0.0,0,0.0,False
57239,0.0,0,0.0,False
156644,0.0,0,0.0,False
82100,0.0,0,0.0,False
83517,0.0,0,0.0,False
40701,0.0,0,0.0,True
82375,0.0,0,0.0,False
29400,0.0,0,0.0,False
41122,0.0,0,0.0,False
5051,0.0,0,0.0,False
4863,0.0,0,0.45,False
163043,0.0,0,0.3,False
76130,0.0,0,0.0,False
21626,0.0,0,0.0,False
294813,0.0,0,0.0,False
303575,0.0,0,0.0,False
112256,0.0,0,0.0,False
136057,0.0,0,0.0,False
135202,0.0,0,0.0,False
3602,0.0,0,0.9,False
301752,0.0,0,0.0,False
32342,0.0,0,0.0,False
7188,0.0,0,0.0,False
299848,0.0,0,0.0,False
7118,0.0,0,0.0,False
124234,0.0,0,0.0,False
188137,0.0,0,0.0,False
98564,0.0,0,0.0,False
84844,0.0,0,0.0,False
26915,0.0,0,0.0,False
11722,0.0,0,0.0,True
324260,0.0,0,0.05,False
329991,0.0,0,0.0,True
107620,0.0,0,0.0,False
49878,0.0,0,0.0,False
10325,0.0,0,0.7833333333333333,False
25459,0.0,0,0.0,False
79708,0.0,0,0.0,False
25463,0.0,0,0.9,False
275417,0.0,0,0.0,False
379432,0.0,0,0.03333333333333333,False
182791,0.0,0,0.0,False
12170,0.0,0,0.0,False
123641,0.0,0,0.0,False
13432,0.0,0,0.0,False
9786,0.0,0,0.0,False
123045,0.0,0,0.0,False
13283,0.0,0,0.0,False
23422,0.0,0,0.0,False
21792,0.0,0,0.0,False
316612,0.0,0,0.0,False
12303,0.0,0,0.0,False
40063,0.0,0,0.0,False
13447,0.0,0,0.0,False
20584,0.0,0,0.0,False
122910,0.0,0,0.9333333333333333,False
274564,0.0,0,0.0,False
11581,0.0,0,0.0,False
177611,0.0,0,0.0,False
124103,0.0,0,0.0,False
77890,0.0,0,0.0,False
7583,0.0,0,0.0,False
5054,0.0,0,0.0,False
331189,0.0,0,0.0,False
10917,0.0,0,0.0,False
61616,0.0,0,0.0,False
404619,0.0,0,0.0,False
62317,0.0,0,0.0,False
41633,0.0,0,0.0,False
5060,0.0,0,0.0,False
144467,0.0,0,0.0,False
18971,0.0,0,0.0,False
19880,0.0,0,0.0,False
126466,0.0,0,0.0,False
23608,0.0,0,0.0,False
33435,0.0,0,0.0,False
17027,0.0,0,0.0,False
111511,0.0,0,0.0,False
229322,0.0,0,0.6833333333333333,False
229239,0.0,0,0.0,False
66303,0.0,0,0.0,False
9774,0.0,0,0.0,False
41556,0.0,0,0.0,False
136879,0.0,0,0.0,False
295305,0.0,0,0.0,False
66920,0.0,0,0.26666666666666666,False
187589,0.0,0,0.0,False
155362,0.0,0,0.0,False
408299,0.0,0,0.0,False
18972,0.0,0,0.0,False
197101,0.0,0,0.0,False
22266,0.0,0,0.0,False
174103,0.0,0,0.0,False
33301,0.0,0,0.0,False
112521,0.0,0,0.0,False
4747,0.0,0,0.0,False
292367,0.0,0,0.0,False
67597,0.0,0,0.0,False
86130,0.0,0,0.0,False
189616,0.0,0,0.0,False
21862,0.0,0,0.0,False
66070,0.0,0,0.03333333333333333,False
451103,0.0,0,0.0,False
172008,0.0,0,0.0,False
126357,0.0,0,0.36666666666666664,True
116958,0.0,0,0.0,False
223532,0.0,0,0.0,False
25477,0.0,0,0.0,False
395346,0.0,0,0.0,False
60450,0.0,0,0.0,False
101751,0.0,0,0.0,False
50922,0.0,0,0.0,False
9013,0.0,0,0.0,False
159320,0.0,0,0.0,False
170571,0.0,0,0.0,True
38287,0.0,0,0.0,False
200557,0.0,0,0.0,False
165309,0.0,0,0.0,False
317402,0.0,0,0.0,False
105794,0.0,0,0.0,False
121259,0.0,0,0.0,True
460028,0.0,0,0.0,False
149058,0.0,0,0.016666666666666666,False
21414,0.0,0,0.0,False
71433,0.0,0,0.0,False
13889,0.0,0,0.0,True
65967,0.0,0,0.0,False
188418,0.0,0,0.0,False
70250,0.0,0,0.0,False
79626,0.0,0,0.0,False
11725,0.0,0,0.0,True
116957,0.0,0,0.0,False
36782,0.0,0,0.0,False
61186,0.0,0,0.1,False
408932,0.0,0,0.26666666666666666,False
83850,0.0,0,0.0,False
55894,0.0,0,0.0,False
329981,0.0,0,0.0,True
153026,0.0,0,0.0,False
12729,0.0,0,0.0,False
5835,0.0,0,0.0,True
39972,0.0,0,0.0,False
485054,0.0,0,0.0,False
82935,0.0,0,0.0,False
38555,0.0,0,0.0,False
126468,0.0,0,0.0,False
124227,0.0,0,0.0,False
11895,0.0,0,0.0,False
22123,0.0,0,0.0,False
50178,0.0,0,0.0,False
444532,0.0,0,0.0,False
178878,0.0,0,0.0,False
80186,0.0,0,0.0,False
27841,0.0,0,0.0,False
63495,0.0,0,0.0,False
317977,0.0,0,0.0,False
46544,0.0,0,0.0,False
165099,0.0,0,0.0,True
127565,0.0,0,0.0,False
141382,0.0,0,0.0,False
121424,0.0,0,0.03333333333333333,False
51043,0.0,0,0.0,False
13789,0.0,0,0.0,False
145657,0.0,0,0.0,False
171103,0.0,0,0.0,False
156752,0.0,0,0.0,False
9783,0.0,0,0.0,False
5814,0.0,0,0.65,False
222136,0.0,0,0.0,False
301733,0.0,0,0.8333333333333334,True
289655,0.0,0,0.0,False
84769,0.0,0,0.0,False
82903,0.0,0,0.5,False
99359,0.0,0,0.0,False
67485,0.0,0,0.0,False
102654,0.0,0,0.0,False
44517,0.0,0,0.0,False
5050,0.0,0,0.0,False
21642,0.0,0,0.0,False
82888,0.0,0,0.0,False
33843,0.0,0,0.1,False
295142,0.0,0,0.0,False
112264,0.0,0,0.6666666666666666,False
9679,0.0,0,0.0,False
128963,0.0,0,0.0,False
69744,0.0,0,0.0,False
273097,0.0,0,0.9,False
308949,0.0,0,0.0,False
12714,0.0,0,0.0,False
65699,0.0,0,0.0,False
438399,0.0,0,0.0,False
29174,0.0,0,0.0,False
122720,0.0,0,0.0,False
47446,0.0,0,0.0,False
83575,0.0,0,0.0,False
379311,0.0,0,0.0,False
114638,0.0,0,0.0,False
190230,0.0,0,0.0,False
51049,0.0,0,0.0,False
142419,0.0,0,0.0,False
5866,0.0,0,0.0,False
65743,0.0,0,0.03333333333333333,False
60242,0.0,0,0.0,False
44348,0.0,0,0.0,False
13824,0.0,0,0.0,False
136583,0.0,0,0.0,False
372197,0.0,0,0.0,False
13138,0.0,0,0.0,False
26919,0.0,0,0.0,False
122913,0.0,0,0.0,False
7198,0.0,0,0.9666666666666667,False
111127,0.0,0,0.0,False
136597,0.0,0,0.0,False
236848,0.0,0,0.0,False
36911,0.0,0,0.0,False
29404,0.0,0,0.0,False
25028,0.0,0,0.0,False
169101,0.0,0,0.0,False
293481,0.0,0,0.0,False
137690,0.0,0,0.0,False
79698,0.0,0,0.0,False
398089,0.0,0,0.0,False
13518,0.0,0,0.0,False
136929,0.0,0,0.0,False
32043,0.0,0,0.0,False
28744,0.0,0,0.0,False
97740,0.0,0,0.0,False
6572,0.0,0,0.0,False
82448,0.0,0,0.0,False
108587,0.0,0,0.0,False
48301,0.0,0,0.0,False
24131,0.0,0,0.0,False
124138,0.0,0,0.0,False
457326,0.0,0,0.0,False
64255,0.0,0,0.0,False
50551,0.0,0,0.0,False
99351,0.0,0,0.0,False
52078,0.0,0,0.0,False
294435,0.0,0,0.0,False
136598,0.0,0,0.0,False
301753,0.0,0,0.0,False
639801,0.0,0,0.0,False
83258,0.0,0,0.0,False
26916,0.0,0,0.0,False
5912,0.0,0,0.9666666666666667,False
12636,0.0,0,0.0,False
51911,0.0,0,0.0,False
17416,0.0,0,0.0,False
19398,0.0,0,0.0,False
137824,0.0,0,0.0,False
71563,0.0,0,0.0,False
100098,0.0,0,0.0,False
137681,0.0,0,0.0,False
7048,0.0,0,0.0,False
27411,0.0,0,0.0,False
160804,0.0,0,0.0,False
138905,0.0,0,0.0,False
30986,0.0,0,0.0,False
112646,0.0,0,0.0,False
7202,0.0,0,0.0,False
189617,0.0,0,0.0,False
101789,0.0,0,0.0,False
317860,0.0,0,0.0,False
56207,0.0,0,0.0,False
20322,0.0,0,0.0,False
421325,0.0,0,0.0,False
27418,0.0,0,0.0,False
28934,0.0,0,0.0,False
123576,0.0,0,0.0,False
285116,0.0,0,0.0,False
148983,0.0,0,0.0,False
189229,0.0,0,0.0,False
92357,0.0,0,0.0,False
340277,0.0,0,0.0,False
226447,0.0,0,0.0,False
62784,0.0,0,0.0,False
126963,0.0,0,0.0,False
167977,0.0,0,0.0,False
49929,0.0,0,0.0,False
51051,0.0,0,0.0,False
337036,0.0,0,0.0,False
28894,0.0,0,0.0,False
135643,0.0,0,0.0,False
139234,0.0,0,0.0,False
91579,0.0,0,0.0,False
311761,0.0,0,0.0,False
136110,0.0,0,0.0,False
60240,0.0,0,0.0,False
118240,0.0,0,0.0,False
19800,0.0,0,0.0,False
184232,0.0,0,0.0,False
55103,0.0,0,0.0,False
18989,0.0,0,0.0,False
288312,0.0,0,0.0,False
4808,0.0,0,0.0,False
111602,0.0,0,0.0,False
60032,0.0,0,0.0,False
426951,0.0,0,0.0,False
84828,0.0,0,0.0,False
410912,0.0,0,0.0,False
20499,0.0,0,0.0,False
21070,0.0,0,0.0,False
99353,0.0,0,0.0,False
107817,0.0,0,0.0,False
191693,0.0,0,0.0,False
392600,0.0,0,0.0,False
40838,0.0,0,0.0,False
200612,0.0,0,0.0,False
12720,0.0,0,0.0,False
21839,0.0,0,0.0,False
46846,0.0,0,0.0,False
314775,0.0,0,0.0,False
412472,0.0,0,0.0,False
91512,0.0,0,0.0,False
199386,0.0,0,0.0,False
353145,0.0,0,0.0,False
324194,0.0,0,0.0,False
19787,0.0,0,0.0,False
5417,0.0,0,0.0,False
12177,0.0,0,0.0,False
103447,0.0,0,0.0,False
378169,0.0,0,0.0,False
110932,0.0,0,0.0,False
62257,0.0,0,0.0,False
427315,0.0,0,0.0,False
137358,0.0,0,0.0,False
337035,0.0,0,0.0,False
49733,0.0,0,0.0,False
435431,0.0,0,0.0,True
11147,0.0,0,0.0,True
142420,0.0,0,0.0,False
83867,0.0,0,0.0,False
165417,0.0,0,0.0,False
20549,0.0,0,0.0,False
52065,0.0,0,0.0,False
83259,0.0,0,0.0,False
79572,0.0,0,0.0,False
108174,0.0,0,0.05,False
73433,0.0,0,0.0,False
29431,0.0,0,0.0,False
426950,0.0,0,0.0,False
224751,0.0,0,0.0,False
429354,0.0,0,0.0,False
13027,0.0,0,0.0,False
486,0.0,0,0.0,False
21467,0.0,0,0.0,False
22690,0.0,0,0.0,False
94839,0.0,0,0.0,False
156643,0.0,0,0.0,False
25476,0.0,0,0.0,False
70807,0.0,0,0.0,False
165714,0.0,0,0.0,False
49896,0.0,0,0.0,False
339311,0.0,0,0.0,False
20797,0.0,0,0.0,False
59621,0.0,0,0.0,False
21420,0.0,0,0.0,False
21035,0.0,0,0.0,False
31881,0.0,0,0.0,False
409316,0.0,0,0.0,False
97136,0.0,0,0.0,False
122126,0.0,0,0.0,False
5726,0.0,0,0.0,False
7157,0.0,0,0.0,False
7368,0.0,0,0.0,False
8977,0.0,0,0.0,False
71555,0.0,0,0.0,False
112522,0.0,0,0.0,False
83956,0.0,0,0.0,False
10531,0.0,0,0.0,False
62796,0.0,0,0.0,False
4313,0.0,0,0.03333333333333333,False
10195,0.0,0,0.0,False
7944,0.0,0,0.0,False
46435,0.0,0,0.0,False
33053,0.0,0,0.0,False
20944,0.0,0,0.0,False
17034,0.0,0,0.0,False
33729,0.0,0,0.0,False
169053,0.0,0,0.0,True
351791,0.0,0,0.0,False
49995,0.0,0,0.0,False
40893,0.0,0,0.0,False
7939,0.0,0,0.0,False
155261,0.0,0,0.0,False
173923,0.0,0,0.0,False
124369,0.0,0,0.75,False
6034,0.0,0,0.0,False
22623,0.0,0,0.0,True
144495,0.0,0,0.0,False
4920,0.0,0,0.016666666666666666,False
145714,0.0,0,0.016666666666666666,False
39088,0.0,0,0.0,False
98830,0.0,0,0.0,False
227395,0.0,0,0.0,False
19489,0.0,0,0.0,False
90753,0.0,0,0.0,False
96901,0.0,0,0.0,False
40078,0.0,0,0.0,False
47005,0.0,0,0.0,False
110696,0.0,0,0.0,False
227735,0.0,0,0.0,False
8051,0.0,0,0.13333333333333333,False
121250,0.0,0,0.0,False
20318,0.0,0,0.0,False
91417,0.0,0,0.0,False
62780,0.0,0,0.0,False
188472,0.0,0,0.0,False
1479,0.0,0,0.0,False
11375,0.0,0,0.0,True
43232,0.0,0,0.0,False
137357,0.0,0,0.0,False
77311,0.0,0,0.0,False
35995,0.0,0,0.0,False
407017,0.0,0,0.0,False
6236,0.0,0,0.0,False
54533,0.0,0,0.0,False
33666,0.0,0,0.0,False
12830,0.0,0,0.0,False
439135,0.0,0,0.0,False
29176,0.0,0,0.0,False
116724,0.0,0,0.0,False
20839,0.0,0,0.0,False
134908,0.0,0,0.0,False
126635,0.0,0,0.0,False
18967,0.0,0,0.0,False
97926,0.0,0,0.0,False
41547,0.0,0,0.0,False
193427,0.0,0,0.0,False
325919,0.0,0,0.0,False
136033,0.0,0,0.0,False
62632,0.0,0,0.0,False
374962,0.0,0,0.0,True
372133,0.0,0,0.0,False
357923,0.0,0,0.0,False
62203,0.0,0,0.0,False
7201,0.0,0,0.0,True
83611,0.0,0,0.0,False
86063,0.0,0,0.0,False
36170,0.0,0,0.0,False
105937,0.0,0,0.0,False
17794,0.0,0,0.0,False
178877,0.0,0,0.0,False
44170,0.0,0,0.0,False
13838,0.0,0,0.0,False
55120,0.0,0,0.0,False
62798,0.0,0,0.0,False
33462,0.0,0,0.0,False
4295,0.0,0,0.0,False
289670,0.0,0,0.0,False
94633,0.0,0,0.0,False
111129,0.0,0,0.0,False
62646,0.0,0,0.0,False
40536,0.0,0,0.5666666666666667,False
56600,0.0,0,0.0,False
11365,0.0,0,0.0,False
82447,0.0,0,0.0,False
8241,0.0,0,0.0,False
31880,0.0,0,0.0,False
75666,0.0,0,0.0,False
29175,0.0,0,0.0,False
46942,0.0,0,0.0,False
31563,0.0,0,0.0,False
6122,0.0,0,0.0,False
135600,0.0,0,0.0,False
305283,0.0,0,0.0,False
24124,0.0,0,0.0,False
30862,0.0,0,0.0,False
424227,0.0,0,0.2833333333333333,False
112641,0.0,0,0.6333333333333333,True
21645,0.0,0,0.0,False
66446,0.0,0,0.0,False
351922,0.0,0,0.0,False
22281,0.0,0,0.0,False
93424,0.0,0,0.0,False
31365,0.0,0,0.31666666666666665,False
133666,0.0,0,0.0,False
444535,0.0,0,0.0,False
317859,0.0,0,0.0,False
64453,0.0,0,0.0,False
103105,0.0,0,0.0,False
171281,0.0,0,0.0,False
110626,0.0,0,0.0,False
90121,0.0,0,0.0,False
82216,0.0,0,0.0,False
26615,0.0,0,0.0,False
15463,0.0,0,0.0,False
3875,0.0,0,0.0,False
137689,0.0,0,0.0,False
94890,0.0,0,0.0,False
25454,0.0,0,0.0,False
429709,0.0,0,0.0,True
446925,0.0,0,0.0,False
113062,0.0,0,0.0,False
63487,0.0,0,0.0,False
11149,0.0,0,0.0,True
113380,0.0,0,0.0,False
108325,0.0,0,0.0,False
7437,0.0,0,0.0,False
26451,0.0,0,0.9,False
145621,0.0,0,0.0,False
434714,0.0,0,0.0,False
111829,0.0,0,0.0,False
32907,0.0,0,0.0,False
187246,0.0,0,0.0,False
40764,0.0,0,0.0,False
90368,0.0,0,0.0,False
62315,0.0,0,0.0,False
83260,0.0,0,0.03333333333333333,False
112612,0.0,0,0.0,False
17196,0.0,0,0.0,False
287698,0.0,0,0.0,False
65951,0.0,0,0.0,False
138004,0.0,0,0.0,False
9941,0.0,0,0.0,False
5645,0.0,0,0.0,False
18040,0.0,0,0.0,False
102007,0.0,0,0.0,False
97741,0.0,0,0.0,False
147328,0.0,0,0.0,True
174221,0.0,0,0.0,False
8911,0.0,0,0.0,False
105786,0.0,0,0.0,False
365100,0.0,0,0.0,False
32041,0.0,0,0.0,False
99348,0.0,0,0.0,False
165416,0.0,0,0.0,False
175893,0.0,0,0.0,False
88532,0.0,0,0.0,False
29158,0.0,0,0.0,False
5017,0.0,0,0.0,False
49231,0.0,0,0.0,False
29465,0.0,0,0.0,False
137469,0.0,0,0.0,False
61749,0.0,0,0.0,False
156477,0.0,0,0.0,True
30928,0.0,0,0.0,False
17032,0.0,0,0.0,False
443895,0.0,0,0.0,False
82134,0.0,0,0.0,False
19399,0.0,0,0.0,False
20674,0.0,0,0.65,False
79001,0.0,0,0.0,False
175048,0.0,0,0.0,False
54300,0.0,0,0.0,False
85989,0.0,0,0.0,False
65722,0.0,0,0.0,False
59267,0.0,0,0.0,False
138248,0.0,0,0.0,True
86136,0.0,0,0.0,False
29723,0.0,0,0.0,False
702382,0.0,0,0.0,False
50621,0.0,0,0.0,False
5074,0.0,0,0.0,False
408301,0.0,0,0.0,False
166139,0.0,0,0.0,False
66300,0.0,0,0.0,False
127385,0.0,0,0.0,False
161848,0.0,0,0.1,False
56304,0.0,0,0.0,False
54290,0.0,0,0.0,False
111002,0.0,0,0.0,False
18021,0.0,0,0.0,False
59393,0.0,0,0.0,False
138318,0.0,0,0.75,False
448198,0.0,0,0.0,False
141381,0.0,0,0.0,False
379310,0.0,0,0.0,False
35198,0.0,0,0.0,False
81771,0.0,0,0.0,False
133542,0.0,0,0.0,False
325999,0.0,0,0.0,False
191609,0.0,0,0.0,False
183065,0.0,0,0.0,False
187675,0.0,0,0.0,True
136126,0.0,0,0.0,False
97973,0.0,0,0.0,False
297692,0.0,0,0.0,False
45766,0.0,0,0.0,False
24758,0.0,0,0.0,False
699957,0.0,0,0.0,False
228802,0.0,0,0.0,False
7133,0.0,0,0.0,False
133670,0.0,0,0.0,False
5028,0.0,0,0.0,False
5080,0.0,0,0.0,False
63610,0.0,0,0.0,False
28586,0.0,0,0.0,False
128559,0.0,0,0.0,False
11071,0.0,0,0.18333333333333332,False
38059,0.0,0,0.0,False
62992,0.0,0,0.0,False
10648,0.0,0,0.0,False
110517,0.0,0,0.0,False
5320,0.0,0,0.0,True
14088,0.0,0,0.0,False
113008,0.0,0,0.0,False
36158,0.0,0,0.0,False
7921,0.0,0,0.0,False
4912,0.0,0,0.0,False
52047,0.0,0,0.0,False
7284,0.0,0,0.0,False
111831,0.0,0,0.0,True
94658,0.0,0,0.0,False
95423,0.0,0,0.0,True
9863,0.0,0,0.0,False
133818,0.0,0,0.0,False
221839,0.0,0,0.0,False
22139,0.0,0,0.0,False
143790,0.0,0,0.0,False
174364,0.0,0,0.0,False
54528,0.0,0,0.0,False
22861,0.0,0,0.0,False
47097,0.0,0,0.0,False
140653,0.0,0,0.0,False
108531,0.0,0,0.0,False
74436,0.0,0,0.0,False
56211,0.0,0,0.0,False
381950,0.0,0,0.0,False
182792,0.0,0,0.0,False
3603,0.0,0,0.0,False
147463,0.0,0,0.0,False
7280,0.0,0,0.0,False
275046,0.0,0,0.05,False
33077,0.0,0,0.0,False
17031,0.0,0,0.0,False
125480,0.0,0,0.0,False
4074,0.0,0,0.0,False
84138,0.0,0,0.0,False
129473,0.0,0,0.0,False
310102,0.0,0,0.0,False
130253,0.0,0,0.0,False
41609,0.0,0,0.0,False
350492,0.0,0,0.0,False
59754,0.0,0,0.0,False
233116,0.0,0,0.0,False
389775,0.0,0,0.0,False
125572,0.0,0,0.0,False
62786,0.0,0,0.0,False
427313,0.0,0,0.0,False
112220,0.0,0,0.0,False
29360,0.0,0,0.03333333333333333,False
62781,0.0,0,0.0,False
86161,0.0,0,0.0,False
307538,0.0,0,0.0,False
108364,0.0,0,0.0,False
102897,0.0,0,0.0,False
69824,0.0,0,0.0,False
5281,0.0,0,0.0,False
40829,0.0,0,0.0,False
4960,0.0,0,0.0,False
427674,0.0,0,0.0,False
12882,0.0,0,0.0,False
66132,0.0,0,0.0,False
123763,0.0,0,0.0,False
392861,0.0,0,0.5666666666666667,False
78874,0.0,0,0.0,False
122361,0.0,0,0.0,False
44196,0.0,0,0.0,False
48491,0.0,0,0.0,False
75105,0.0,0,0.0,False
112506,0.0,0,0.0,False
12885,0.0,0,0.0,False
128420,0.0,0,0.0,False
435435,0.0,0,0.0,True
72887,0.0,0,0.0,False
54292,0.0,0,0.0,False
5802,0.0,0,0.0,False
6763,0.0,0,0.0,False
87791,0.0,0,0.0,False
112636,0.0,0,0.0,False
99302,0.0,0,0.0,False
54736,0.0,0,0.0,False
137322,0.0,0,0.0,False
4276,0.0,0,0.0,False
177764,0.0,0,0.0,False
21760,0.0,0,0.0,False
401889,0.0,0,0.0,False
14121,0.0,0,0.0,False
12490,0.0,0,0.8666666666666667,False
33749,0.0,0,0.0,False
112653,0.0,0,0.0,False
83248,0.0,0,0.0,False
76689,0.0,0,0.0,False
282848,0.0,0,0.0,False
136835,0.0,0,0.0,False
69096,0.0,0,0.0,False
99352,0.0,0,0.0,False
127614,0.0,0,0.0,False
21595,0.0,0,0.0,False
122125,0.0,0,0.0,False
109181,0.0,0,0.0,False
327206,0.0,0,0.0,False
14104,0.0,0,0.0,False
6420,0.0,0,0.0,False
109182,0.0,0,0.0,False
107816,0.0,0,0.0,False
222179,0.0,0,0.0,False
79716,0.0,0,0.0,False
437039,0.0,0,0.0,True
48298,0.0,0,0.0,False
4043,0.0,0,0.0,False
141075,0.0,0,0.0,False
35378,0.0,0,0.0,False
12133,0.0,0,0.0,False
106217,0.0,0,0.0,False
12300,0.0,0,0.0,False
126352,0.0,0,0.0,False
88665,0.0,0,0.0,False
17190,0.0,0,0.0,False
17028,0.0,0,0.0,False
99305,0.0,0,0.0,False
3764,0.0,0,0.0,False
304166,0.0,0,0.0,False
39296,0.0,0,0.0,False
7193,0.0,0,0.0,False
193845,0.0,0,0.0,False
114335,0.0,0,0.0,False
5738,0.0,0,0.0,False
118638,0.0,0,0.0,False
4328,0.0,0,0.0,False
93031,0.0,0,0.0,False
78813,0.0,0,0.0,False
10271,0.0,0,0.0,False
149199,0.0,0,0.0,True
4954,0.0,0,0.0,False
175764,0.0,0,0.0,False
107615,0.0,0,0.0,False
94889,0.0,0,0.0,False
21327,0.0,0,0.0,False
41223,0.0,0,0.0,False
5477,0.0,0,0.0,False
167814,0.0,0,0.0,False
136698,0.0,0,0.0,False
404568,0.0,0,0.0,False
339375,0.0,0,0.0,False
37689,0.0,0,0.0,False
84698,0.0,0,0.0,False
20649,0.0,0,0.0,False
22542,0.0,0,0.0,False
41611,0.0,0,0.0,False
62634,0.0,0,0.0,False
95086,0.0,0,0.0,False
448200,0.0,0,0.0,False
98547,0.0,0,0.0,False
146200,0.0,0,0.0,False
136696,0.0,0,0.0,False
86133,0.0,0,0.0,False
76894,0.0,0,0.0,False
12491,0.0,0,0.8666666666666667,False
111509,0.0,0,0.0,False
46835,0.0,0,0.0,False
24268,0.0,0,0.0,False
196188,0.0,0,0.0,False
27533,0.0,0,0.0,False
191608,0.0,0,0.0,False
189544,0.0,0,0.0,False
44501,0.0,0,0.0,False
112610,0.0,0,0.6333333333333333,False
154576,0.0,0,0.0,False
129411,0.0,0,0.0,False
83891,0.0,0,0.0,False
10338,0.0,0,0.0,False
122164,0.0,0,0.0,False
29432,0.0,0,0.0,False
28479,0.0,0,0.0,False
112753,0.0,0,0.0,False
89868,0.0,0,0.0,False
5153,0.0,0,0.0,False
13997,0.0,0,0.0,False
460027,0.0,0,0.0,False
83936,0.0,0,0.016666666666666666,False
165709,0.0,0,0.0,False
14042,0.0,0,0.0,False
43780,0.0,0,0.0,False
8857,0.0,0,0.0,False
35586,0.0,0,0.0,False
29306,0.0,0,0.0,False
149387,0.0,0,0.0,False
5100,0.0,0,0.3,False
88666,0.0,0,0.0,False
117140,0.0,0,0.0,False
356605,0.0,0,0.0,False
444531,0.0,0,0.0,False
19784,0.0,0,0.0,False
111931,0.0,0,0.0,False
356609,0.0,0,0.0,False
13660,0.0,0,0.0,False
108532,0.0,0,0.0,False
112504,0.0,0,0.0,False
134974,0.0,0,0.0,False
5352,0.0,0,0.0,True
69125,0.0,0,0.0,False
185308,0.0,0,0.0,False
46539,0.0,0,0.0,False
61782,0.0,0,0.0,False
51938,0.0,0,0.0,False
6165,0.0,0,0.0,False
12039,0.0,0,0.0,False
99499,0.0,0,0.0,False
29495,0.0,0,0.0,False
41398,0.0,0,0.0,False
89634,0.0,0,0.0,False
29430,0.0,0,0.0,False
113009,0.0,0,0.0,False
372418,0.0,0,0.0,False
183329,0.0,0,0.0,False
7127,0.0,0,0.0,False
95459,0.0,0,0.0,False
23829,0.0,0,0.0,False
343006,0.0,0,0.0,False
54535,0.0,0,0.0,False
84137,0.0,0,0.0,False
227392,0.0,0,0.0,False
356607,0.0,0,0.0,False
52442,0.0,0,0.0,False
74479,0.0,0,0.0,False
38123,0.0,0,0.0,False
52137,0.0,0,0.0,False
347413,0.0,0,0.0,False
63609,0.0,0,0.0,False
308730,0.0,0,0.0,False
282158,0.0,0,0.0,False
59338,0.0,0,0.0,False
153057,0.0,0,0.0,False
22082,0.0,0,0.0,False
118426,0.0,0,0.0,False
38451,0.0,0,0.0,False
69099,0.0,0,0.0,False
198875,0.0,0,0.0,False
139517,0.0,0,0.0,False
7367,0.0,0,0.0,False
178546,0.0,0,0.0,False
304165,0.0,0,0.5166666666666667,False
20792,0.0,0,0.0,False
19961,0.0,0,0.0,False
43233,0.0,0,0.0,False
35742,0.0,0,0.0,False
282637,0.0,0,0.0,False
50619,0.0,0,0.0,False
7402,0.0,0,0.0,False
66400,0.0,0,0.0,False
70766,0.0,0,0.0,False
159664,0.0,0,0.0,False
18114,0.0,0,0.0,False
230189,0.0,0,0.0,False
70279,0.0,0,0.0,False
39433,0.0,0,0.0,False
47427,0.0,0,0.0,False
12049,0.0,0,0.0,False
87797,0.0,0,0.5333333333333333,False
116721,0.0,0,0.0,False
4935,0.0,0,0.0,False
25870,0.0,0,0.0,False
5136,0.0,0,0.0,False
14101,0.0,0,0.0,False
86039,0.0,0,0.0,False
25464,0.0,0,0.0,False
351589,0.0,0,0.0,False
22688,0.0,0,0.0,False
25192,0.0,0,0.0,False
88461,0.0,0,0.0,False
48825,0.0,0,0.0,False
5397,0.0,0,0.0,False
21777,0.0,0,0.0,False
275044,0.0,0,0.05,False
114480,0.0,0,0.0,False
113281,0.0,0,0.0,False
117720,0.0,0,0.0,False
78790,0.0,0,0.0,True
52128,0.0,0,0.0,False
190402,0.0,0,0.0,False
113006,0.0,0,0.0,False
17844,0.0,0,0.016666666666666666,False
69784,0.0,0,0.0,False
14098,0.0,0,0.0,False
275392,0.0,0,0.0,False
64439,0.0,0,0.0,False
136059,0.0,0,0.0,False
55932,0.0,0,0.0,False
130251,0.0,0,0.0,False
49897,0.0,0,0.0,False
178547,0.0,0,0.0,False
82223,0.0,0,0.0,False
35188,0.0,0,0.0,False
13542,0.0,0,0.0,False
19006,0.0,0,0.0,False
130981,0.0,0,0.0,False
7192,0.0,0,0.0,False
498887,0.0,0,0.0,False
169102,0.0,0,0.0,False
47981,0.0,0,0.0,False
28183,0.0,0,0.0,False
46534,0.0,0,0.0,False
36915,0.0,0,0.0,False
386661,0.0,0,0.0,False
88722,0.0,0,0.0,False
353144,0.0,0,0.0,False
56316,0.0,0,0.9333333333333333,True
62920,0.0,0,0.0,False
26901,0.0,0,0.0,False
41397,0.0,0,0.03333333333333333,False
45751,0.0,0,0.0,False
500173,0.0,0,0.0,False
114949,0.0,0,0.0,False
75045,0.0,0,0.0,False
199268,0.0,0,0.0,False
69828,0.0,0,0.0,False
77879,0.0,0,0.0,False
39107,0.0,0,0.0,False
154575,0.0,0,0.0,False
5794,0.0,0,0.8166666666666667,False
188630,0.0,0,0.0,False
36159,0.0,0,0.0,False
173404,0.0,0,0.0,False
71102,0.0,0,0.0,False
155363,0.0,0,0.0,False
13301,0.0,0,0.0,False
191526,0.0,0,0.0,False
7097,0.0,0,0.9666666666666667,False
136863,0.0,0,0.0,False
7671,0.0,0,0.0,False
56133,0.0,0,0.0,False
56332,0.0,0,0.0,False
51937,0.0,0,0.0,False
49910,0.0,0,0.0,False
21766,0.0,0,0.0,False
7096,0.0,0,0.9666666666666667,False
112601,0.0,0,0.0,False
111077,0.0,0,0.0,False
343005,0.0,0,0.0,False
439209,0.0,0,0.0,False
55968,0.0,0,0.0,False
5882,0.0,0,0.0,False
45494,0.0,0,0.0,False
4842,0.0,0,0.0,False
170732,0.0,0,0.0,False
21034,0.0,0,0.0,False
7199,0.0,0,0.0,False
408935,0.0,0,0.0,False
133996,0.0,0,0.0,False
4771,0.0,0,0.2,False
51044,0.0,0,0.0,False
40535,0.0,0,0.0,False
174363,0.0,0,0.0,False
33004,0.0,0,0.0,False
111288,0.0,0,0.0,False
13224,0.0,0,0.0,False
297691,0.0,0,0.0,False
83938,0.0,0,0.016666666666666666,False
5799,0.0,0,0.0,False
9897,0.0,0,0.0,False
110820,0.0,0,0.0,False
33728,0.0,0,0.0,False
156929,0.0,0,0.0,False
7291,0.0,0,0.0,False
161933,0.0,0,0.0,False
36220,0.0,0,0.15,False
95051,0.0,0,0.0,False
438721,0.0,0,0.0,False
69925,0.0,0,0.0,False
127606,0.0,0,0.0,False
153062,0.0,0,0.0,False
24724,0.0,0,0.016666666666666666,False
4850,0.0,0,0.0,False
83939,0.0,0,0.016666666666666666,False
75640,0.0,0,0.0,False
23086,0.0,0,0.0,False
36130,0.0,0,0.0,False
81319,0.0,0,0.0,False
29445,0.0,0,0.0,False
54976,0.0,0,0.9833333333333333,False
114619,0.0,0,0.0,False
117854,0.0,0,0.0,False
22543,0.0,0,0.0,False
190973,0.0,0,0.0,False
25561,0.0,0,0.0,False
5798,0.0,0,0.0,False
194618,0.0,0,0.0,False
137995,0.0,0,0.0,False
83937,0.0,0,0.016666666666666666,False
17193,0.0,0,0.0,False
5558,0.0,0,0.0,False
32935,0.0,0,0.0,False
220709,0.0,0,0.0,False
60076,0.0,0,0.0,False
44347,0.0,0,0.0,False
382116,0.0,0,0.0,False
98216,0.0,0,0.0,False
21325,0.0,0,0.0,False
194013,0.0,0,0.0,False
4900,0.0,0,0.0,False
13405,0.0,0,0.0,False
23601,0.0,0,0.0,False
7167,0.0,0,0.0,False
376273,0.0,0,0.8166666666666667,False
111041,0.0,0,0.13333333333333333,False
313576,0.0,0,0.2833333333333333,False
326948,0.0,0,0.1,False
323994,0.0,0,0.9,False
416842,0.0,0,0.03333333333333333,False
87593,0.0,0,0.7333333333333333,False
179662,0.0,0,0.95,False
90990,0.0,0,0.95,False
103170,0.0,0,0.4666666666666667,False
238335,0.0,0,0.9166666666666666,False
16988,0.0,0,0.8333333333333334,False
297658,0.0,0,0.9666666666666667,False
297644,0.0,0,0.45,False
108622,0.0,0,0.95,False
60265,0.0,0,0.9166666666666666,False
99752,0.0,0,0.2,False
101668,0.0,0,0.9833333333333333,False
134340,0.0,0,0.06666666666666667,False
26416,0.0,0,0.36666666666666664,True
438623,0.0,0,0.23333333333333334,False
462668,0.0,0,0.1,False
139410,0.0,0,0.18333333333333332,False
348729,0.0,0,0.2,False
189170,0.0,0,0.16666666666666666,False
10739,0.0,0,0.9,False
63578,0.0,0,0.06666666666666667,False
39249,0.0,0,0.5166666666666667,False
225912,0.0,0,0.9833333333333333,False
165664,0.0,0,0.9833333333333333,False
129864,0.0,0,0.8166666666666667,False
68066,0.0,0,0.43333333333333335,False
171325,0.0,0,0.9166666666666666,False
314725,0.0,0,0.7833333333333333,False
157720,0.0,0,0.8333333333333334,False
111854,0.0,0,0.13333333333333333,False
126358,0.0,0,0.95,True
297655,0.0,0,0.6833333333333333,False
438616,0.0,0,0.26666666666666666,False
80098,0.0,0,0.9833333333333333,False
127373,0.0,0,0.9666666666666667,False
85462,0.0,0,0.9833333333333333,False
408896,0.0,0,0.9666666666666667,False
113181,0.0,0,0.43333333333333335,True
16469,0.0,0,0.7666666666666667,True
501094,0.0,0,0.23333333333333334,False
172362,0.0,0,0.8833333333333333,False
109825,0.0,0,0.21666666666666667,False
336560,0.0,0,0.7333333333333333,False
110837,0.0,0,0.9333333333333333,False
199307,0.0,0,0.9833333333333333,False
336180,0.0,0,0.9833333333333333,False
493298,0.0,0,0.1,False
198514,0.0,0,0.9833333333333333,False
19052,0.0,0,0.95,False
297651,0.0,0,0.8833333333333333,False
377038,0.0,0,0.4166666666666667,False
161557,0.0,0,0.9833333333333333,False
161394,0.0,0,0.9333333333333333,False
420087,0.0,0,0.9166666666666666,False
431323,0.0,0,0.9666666666666667,False
121178,0.0,0,0.9333333333333333,False
196574,0.0,0,0.9666666666666667,False
112621,0.0,0,0.9833333333333333,False
50408,0.0,0,0.9833333333333333,False
135560,0.0,0,0.016666666666666666,True
132564,0.0,0,0.8333333333333334,False
66276,0.0,0,0.6666666666666666,True
94571,0.0,0,0.9666666666666667,False
187702,0.0,0,0.9833333333333333,False
125624,0.0,0,0.75,True
84233,0.0,0,0.9333333333333333,False
79597,0.0,0,0.9666666666666667,False
137324,0.0,0,0.9166666666666666,False
82094,0.0,0,0.8,False
493290,0.0,0,0.11666666666666667,False
378658,0.0,0,0.45,False
150802,0.0,0,0.3,False
294367,0.0,0,0.9166666666666666,False
114527,0.0,0,0.9833333333333333,False
99613,0.0,0,0.9333333333333333,False
378609,0.0,0,0.9833333333333333,False
125426,0.0,0,0.95,False
119420,0.0,0,0.6833333333333333,False
246646,0.0,0,0.9833333333333333,False
7599,0.0,0,0.8333333333333334,False
9128,0.0,0,0.9833333333333333,False
118811,0.0,0,0.8666666666666667,False
122160,0.0,0,0.9833333333333333,False
84173,0.0,0,0.8833333333333333,False
461046,0.0,0,0.03333333333333333,False
309793,0.0,0,0.95,False
424280,0.0,0,0.9833333333333333,True
111035,0.0,0,0.95,False
128675,0.0,0,0.9166666666666666,False
390533,0.0,0,0.3333333333333333,False
481535,0.0,0,0.4166666666666667,False
196576,0.0,0,0.9666666666666667,False
20941,0.0,0,0.016666666666666666,False
122141,0.0,0,0.95,False
263108,0.0,0,0.3,False
63071,0.0,0,0.7,False
500414,0.0,0,0.6666666666666666,False
378032,0.0,0,0.016666666666666666,False
82373,0.0,0,0.9833333333333333,False
9686,0.0,0,0.9333333333333333,False
353076,0.0,0,0.9833333333333333,False
63072,0.0,0,0.7,False
244770,0.0,0,0.95,False
56087,0.0,0,0.8666666666666667,False
112247,0.0,0,0.9666666666666667,False
194710,0.0,0,0.9666666666666667,True
7195,0.0,0,0.65,False
84142,0.0,0,0.9833333333333333,True
515529,0.0,0,0.31666666666666665,False
178165,0.0,0,0.5333333333333333,False
537735,0.0,0,0.016666666666666666,False
52008,0.0,0,0.9,False
64404,0.0,0,0.9833333333333333,True
126211,0.0,0,0.9833333333333333,False
377993,0.0,0,0.016666666666666666,False
132563,0.0,0,0.8333333333333334,False
110306,0.0,0,0.65,False
136892,0.0,0,0.9,False
127372,0.0,0,0.85,False
225837,0.0,0,0.26666666666666666,False
112144,0.0,0,0.9166666666666666,False
50493,0.0,0,0.9833333333333333,True
201848,0.0,0,0.95,False
55325,0.0,0,0.9666666666666667,False
516974,0.0,0,0.95,False
74506,0.0,0,0.8333333333333334,True
401906,0.0,0,0.5666666666666667,False
10006,0.0,0,0.9166666666666666,True
268115,0.0,0,0.9166666666666666,False
327585,0.0,0,0.9833333333333333,False
2465,0.0,0,0.3,True
100085,0.0,0,0.9833333333333333,False
330887,0.0,0,0.9833333333333333,False
336114,0.0,0,0.7,False
228420,0.0,0,0.5,False
337439,0.0,0,0.016666666666666666,False
499983,0.0,0,0.6,False
435190,0.0,0,0.95,False
529577,0.0,0,0.016666666666666666,False
228820,0.0,0,0.9666666666666667,False
444049,0.0,0,0.8333333333333334,False
56315,0.0,0,0.9,False
410839,0.0,0,0.9833333333333333,False
128681,0.0,0,0.9666666666666667,False
84190,0.0,0,0.8,True
74502,0.0,0,0.9666666666666667,False
14103,0.0,0,0.95,True
194141,0.0,0,0.9833333333333333,False
26462,0.0,0,0.9666666666666667,False
6036,0.0,0,0.55,False
83325,0.0,0,0.9,False
129370,0.0,0,0.9333333333333333,False
105637,0.0,0,0.9833333333333333,False
82937,0.0,0,0.95,True
488204,0.0,0,0.7333333333333333,False
222016,0.0,0,0.9166666666666666,False
52414,0.0,0,0.95,False
353037,0.0,0,0.9666666666666667,False
155793,0.0,0,0.9,False
74578,0.0,0,0.95,False
111996,0.0,0,0.9666666666666667,False
66095,0.0,0,0.9666666666666667,False
528394,0.0,0,0.9666666666666667,False
179737,0.0,0,0.9833333333333333,False
25515,0.0,0,0.8166666666666667,False
459495,0.0,0,0.016666666666666666,False
327325,0.0,0,0.8333333333333334,False
86061,0.0,0,0.8833333333333333,False
113058,0.0,0,0.9333333333333333,False
337043,0.0,0,0.35,False
24148,0.0,0,0.9666666666666667,False
137878,0.0,0,0.9333333333333333,False
11929,0.0,0,0.9166666666666666,True
411711,0.0,0,0.016666666666666666,False
407977,0.0,0,0.8166666666666667,True
92369,0.0,0,0.9833333333333333,False
463334,0.0,0,0.2833333333333333,False
49344,0.0,0,0.9833333333333333,False
301768,0.0,0,0.8666666666666667,True
144066,0.0,0,0.8333333333333334,False
500751,0.0,0,0.016666666666666666,False
83970,0.0,0,0.9666666666666667,False
59331,0.0,0,0.45,False
36547,0.0,0,0.95,True
69572,0.0,0,0.9833333333333333,False
12085,0.0,0,0.95,False
327077,0.0,0,0.8666666666666667,False
165687,0.0,0,0.8833333333333333,False
82667,0.0,0,0.95,False
188121,0.0,0,0.016666666666666666,False
512475,0.0,0,0.016666666666666666,False
233976,0.0,0,0.9166666666666666,False
504133,0.0,0,0.016666666666666666,False
223540,0.0,0,0.9666666666666667,False
223333,0.0,0,0.9833333333333333,False
193151,0.0,0,0.9,False
70997,0.0,0,0.6166666666666667,False
51893,0.0,0,0.6333333333333333,False
88662,0.0,0,0.9833333333333333,False
227405,0.0,0,0.95,False
78788,0.0,0,0.95,False
27502,0.0,0,0.8333333333333334,False
79595,0.0,0,0.9666666666666667,False
114222,0.0,0,0.05,False
146524,0.0,0,0.8,False
308635,0.0,0,0.9833333333333333,False
63496,0.0,0,0.9666666666666667,False
187582,0.0,0,0.9833333333333333,False
61320,0.0,0,0.9833333333333333,False
336113,0.0,0,0.6833333333333333,False
565361,0.0,0,0.016666666666666666,False
227736,0.0,0,0.36666666666666664,False
337229,0.0,0,0.7,False
77764,0.0,0,0.9833333333333333,False
111585,0.0,0,0.9833333333333333,False
541639,0.0,0,0.016666666666666666,False
223331,0.0,0,0.8833333333333333,False
17843,0.0,0,0.9166666666666666,False
20593,0.0,0,0.95,False
128421,0.0,0,0.03333333333333333,False
80089,0.0,0,0.4,False
530467,0.0,0,0.016666666666666666,False
481536,0.0,0,0.3333333333333333,False
21270,0.0,0,0.8833333333333333,False
431124,0.0,0,0.9833333333333333,False
192864,0.0,0,0.9666666666666667,False
75655,0.0,0,0.95,False
453891,0.0,0,0.3333333333333333,False
150078,0.0,0,0.016666666666666666,False
504134,0.0,0,0.016666666666666666,False
36568,0.0,0,0.016666666666666666,False
150082,0.0,0,0.016666666666666666,False
395143,0.0,0,0.9833333333333333,False
461052,0.0,0,0.016666666666666666,False
504116,0.0,0,0.9166666666666666,False
20986,0.0,0,0.26666666666666666,True
535754,0.0,0,0.9666666666666667,False
378043,0.0,0,0.016666666666666666,False
140640,0.0,0,0.3,False
541644,0.0,0,0.016666666666666666,False
537752,0.0,0,0.016666666666666666,False
535756,0.0,0,0.016666666666666666,False
537742,0.0,0,0.016666666666666666,False
391324,0.0,0,0.016666666666666666,False
9765,0.0,0,0.5833333333333334,False
155348,0.0,0,0.016666666666666666,False
97894,0.0,0,0.85,False
18787,0.0,0,0.8166666666666667,False
305503,0.0,0,0.9833333333333333,False
299240,0.0,0,0.016666666666666666,False
13469,0.0,0,0.8666666666666667,False
155346,0.0,0,0.016666666666666666,False
155341,0.0,0,0.016666666666666666,False
99159,0.0,0,0.9333333333333333,False
506201,0.0,0,0.016666666666666666,False
328728,0.0,0,0.95,False
155344,0.0,0,0.016666666666666666,False
299238,0.0,0,0.016666666666666666,False
38246,0.0,0,0.9833333333333333,False
228088,0.0,0,0.016666666666666666,False
174205,0.0,0,0.7166666666666667,False
298930,0.0,0,0.016666666666666666,False
437169,0.0,0,0.016666666666666666,True
421649,0.0,0,0.9,False
316896,0.0,0,0.23333333333333334,False
228417,0.0,0,0.43333333333333335,False
128337,0.0,0,0.85,False
502970,0.0,0,0.1,False
502967,0.0,0,0.35,False
82601,0.0,0,0.9833333333333333,True
183056,0.0,0,0.9833333333333333,False
166223,0.0,0,0.6833333333333333,False
190970,0.0,0,0.9833333333333333,False
83955,0.0,0,0.9666666666666667,False
492682,0.0,0,0.45,False
352914,0.0,0,0.6,False
63554,0.0,0,0.9333333333333333,False
404801,0.0,0,0.2833333333333333,False
172548,0.0,0,0.4166666666666667,False
99472,0.0,0,0.9666666666666667,False
112253,0.0,0,0.9166666666666666,False
77765,0.0,0,0.4166666666666667,False
163201,0.0,0,0.9833333333333333,False
443816,0.0,0,0.9333333333333333,False
1714,0.0,0,0.8666666666666667,False
236835,0.0,0,0.8666666666666667,False
108349,0.0,0,0.8,False
113043,0.0,0,0.9333333333333333,False
1555,0.0,0,0.23333333333333334,False
126323,0.0,0,0.95,False
352913,0.0,0,0.5833333333333334,False
501098,0.0,0,0.21666666666666667,False
536982,0.0,0,0.03333333333333333,False
328145,0.0,0,0.95,False
353041,0.0,0,0.8166666666666667,False
114221,0.0,0,0.18333333333333332,False
110308,0.0,0,0.21666666666666667,False
18981,0.0,0,0.9166666666666666,False
306974,0.0,0,0.5333333333333333,False
500039,0.0,0,0.55,False
27736,0.0,0,0.9333333333333333,False
49609,0.0,0,0.8833333333333333,False
511263,0.0,0,0.03333333333333333,False
147059,0.0,0,0.8666666666666667,False
6524,0.0,0,0.9833333333333333,False
404721,0.0,0,0.65,False
103546,0.0,0,0.85,False
138405,0.0,0,0.95,False
175804,0.0,0,0.1,False
327289,0.0,0,0.1,False
316616,0.0,0,0.9833333333333333,False
56120,0.0,0,0.9333333333333333,False
8232,0.0,0,0.9333333333333333,False
68081,0.0,0,0.85,True
136788,0.0,0,0.85,False
352789,0.0,0,0.9833333333333333,False
287546,0.0,0,0.9333333333333333,False
123987,0.0,0,0.9833333333333333,False
25189,0.0,0,0.9333333333333333,True
389666,0.0,0,0.85,False
22921,0.0,0,0.9666666666666667,False
324857,0.0,0,0.8,False
17148,0.0,0,0.9333333333333333,True
484523,0.0,0,0.03333333333333333,False
134317,0.0,0,0.9833333333333333,False
173705,0.0,0,0.95,False
84551,0.0,0,0.9833333333333333,False
49338,0.0,0,0.95,False
164831,0.0,0,0.9,False
378509,0.0,0,0.05,False
360330,0.0,0,0.21666666666666667,False
104975,0.0,0,0.16666666666666666,False
142372,0.0,0,0.9833333333333333,True
272950,0.0,0,0.9666666666666667,False
47572,0.0,0,0.25,False
108550,0.0,0,0.9833333333333333,False
171082,0.0,0,0.9833333333333333,True
120984,0.0,0,0.9833333333333333,False
121221,0.0,0,0.9666666666666667,False
28199,0.0,0,0.9666666666666667,False
12706,0.0,0,0.9833333333333333,False
60000,0.0,0,0.8833333333333333,False
168104,0.0,0,0.9833333333333333,True
153363,0.0,0,0.9666666666666667,False
163806,0.0,0,0.9,False
117729,0.0,0,0.9833333333333333,False
40821,0.0,0,0.7166666666666667,False
196791,0.0,0,0.5666666666666667,False
88298,0.0,0,0.9333333333333333,False
452006,0.0,0,0.03333333333333333,False
108347,0.0,0,0.95,False
4992,0.0,0,0.9833333333333333,False
544822,0.0,0,0.03333333333333333,False
344133,0.0,0,0.9666666666666667,False
54229,0.0,0,0.11666666666666667,False
42594,0.0,0,0.9166666666666666,False
295328,0.0,0,0.9666666666666667,False
71001,0.0,0,0.75,False
12760,0.0,0,0.9666666666666667,False
112501,0.0,0,0.7833333333333333,False
77333,0.0,0,0.6166666666666667,False
153531,0.0,0,0.8333333333333334,False
144108,0.0,0,0.9833333333333333,True
99473,0.0,0,0.9,False
7429,0.0,0,0.9833333333333333,False
438416,0.0,0,0.9,False
109722,0.0,0,0.9333333333333333,False
156555,0.0,0,0.9833333333333333,False
61925,0.0,0,0.9666666666666667,True
88025,0.0,0,0.9666666666666667,False
86112,0.0,0,0.9666666666666667,False
193465,0.0,0,0.9833333333333333,True
378521,0.0,0,0.21666666666666667,False
485023,0.0,0,0.8666666666666667,False
135969,0.0,0,0.9666666666666667,False
161395,0.0,0,0.8333333333333334,False
42593,0.0,0,0.9833333333333333,False
81531,0.0,0,0.9,False
331965,0.0,0,0.95,False
107597,0.0,0,0.9666666666666667,False
88600,0.0,0,0.9833333333333333,False
26437,0.0,0,0.5166666666666667,True
160503,0.0,0,0.9833333333333333,False
54231,0.0,0,0.15,False
82960,0.0,0,0.8833333333333333,False
288403,0.0,0,0.9666666666666667,False
125432,0.0,0,0.9333333333333333,False
191522,0.0,0,0.6666666666666666,False
452009,0.0,0,0.03333333333333333,False
429241,0.0,0,0.08333333333333333,False
146541,0.0,0,0.3,False
191399,0.0,0,0.9166666666666666,False
447995,0.0,0,0.9666666666666667,True
59863,0.0,0,0.95,False
54244,0.0,0,0.13333333333333333,False
512303,0.0,0,0.3,False
301765,0.0,0,0.85,True
51005,0.0,0,0.03333333333333333,False
453882,0.0,0,0.15,False
331963,0.0,0,0.95,False
134910,0.0,0,0.7833333333333333,False
22615,0.0,0,0.9833333333333333,False
197988,0.0,0,0.7666666666666667,False
386945,0.0,0,0.8666666666666667,False
40896,0.0,0,0.8,False
505292,0.0,0,0.3,False
91378,0.0,0,0.5166666666666667,True
127715,0.0,0,0.9833333333333333,False
155942,0.0,0,0.95,False
287545,0.0,0,0.9166666666666666,False
109023,0.0,0,0.9666666666666667,False
485819,0.0,0,0.03333333333333333,False
197323,0.0,0,0.9833333333333333,False
504143,0.0,0,0.03333333333333333,False
117254,0.0,0,0.95,False
43087,0.0,0,0.9666666666666667,False
500343,0.0,0,0.03333333333333333,False
105232,0.0,0,0.9833333333333333,False
21884,0.0,0,0.9333333333333333,False
307533,0.0,0,0.08333333333333333,False
120989,0.0,0,0.8833333333333333,False
500758,0.0,0,0.7,False
111586,0.0,0,0.9666666666666667,False
508946,0.0,0,0.03333333333333333,False
4915,0.0,0,0.5833333333333334,False
9613,0.0,0,0.8333333333333334,True
93818,0.0,0,0.9833333333333333,False
165688,0.0,0,0.8166666666666667,False
507619,0.0,0,0.03333333333333333,False
316933,0.0,0,0.9833333333333333,False
94627,0.0,0,0.03333333333333333,False
504527,0.0,0,0.1,False
556342,0.0,0,0.03333333333333333,False
552027,0.0,0,0.03333333333333333,False
443775,0.0,0,0.03333333333333333,False
540173,0.0,0,0.03333333333333333,False
134731,0.0,0,0.6166666666666667,False
431305,0.0,0,0.9833333333333333,False
528262,0.0,0,0.03333333333333333,False
535035,0.0,0,0.03333333333333333,False
409672,0.0,0,0.03333333333333333,False
313595,0.0,0,0.9833333333333333,False
313588,0.0,0,0.9833333333333333,False
313589,0.0,0,0.9833333333333333,False
535036,0.0,0,0.03333333333333333,False
313590,0.0,0,0.9833333333333333,False
76424,0.0,0,0.8166666666666667,False
414296,0.0,0,0.4,False
487297,0.0,0,0.03333333333333333,False
362395,0.0,0,0.03333333333333333,False
313594,0.0,0,0.9833333333333333,False
313593,0.0,0,0.9833333333333333,False
169150,0.0,0,0.03333333333333333,False
529467,0.0,0,0.03333333333333333,False
124917,0.0,0,0.6,False
265203,0.0,0,0.9,False
528387,0.0,0,0.8666666666666667,False
797708,0.0,0,0.03333333333333333,False
507609,0.0,0,0.03333333333333333,False
76425,0.0,0,0.8166666666666667,False
173926,0.0,0,0.9833333333333333,False
196744,0.0,0,0.03333333333333333,False
114985,0.0,0,0.6333333333333333,False
63738,0.0,0,0.9833333333333333,False
36787,0.0,0,0.9666666666666667,False
228415,0.0,0,0.6,False
421636,0.0,0,0.31666666666666665,False
440840,0.0,0,0.05,False
114528,0.0,0,0.9666666666666667,False
69313,0.0,0,0.7,False
128581,0.0,0,0.9833333333333333,True
104327,0.0,0,0.9,False
92194,0.0,0,0.9,False
105306,0.0,0,0.45,False
103517,0.0,0,0.95,False
356753,0.0,0,0.9666666666666667,False
537086,0.0,0,0.05,False
285542,0.0,0,0.9833333333333333,False
62985,0.0,0,0.95,False
5449,0.0,0,0.95,False
71992,0.0,0,0.8666666666666667,False
66131,0.0,0,0.9833333333333333,False
83314,0.0,0,0.21666666666666667,False
135022,0.0,0,0.9666666666666667,False
549205,0.0,0,0.5833333333333334,False
67536,0.0,0,0.9833333333333333,False
67605,0.0,0,0.9833333333333333,False
295041,0.0,0,0.9666666666666667,False
108348,0.0,0,0.95,False
188153,0.0,0,0.9666666666666667,False
410764,0.0,0,0.05,False
528323,0.0,0,0.26666666666666666,False
251078,0.0,0,0.9666666666666667,False
130911,0.0,0,0.9666666666666667,False
539090,0.0,0,0.31666666666666665,False
90066,0.0,0,0.9833333333333333,False
107880,0.0,0,0.9166666666666666,False
402585,0.0,0,0.9833333333333333,False
402646,0.0,0,0.95,False
549214,0.0,0,0.05,False
6072,0.0,0,0.9833333333333333,False
70944,0.0,0,0.9833333333333333,False
170723,0.0,0,0.9833333333333333,False
134021,0.0,0,0.95,False
292105,0.0,0,0.9833333333333333,False
27961,0.0,0,0.6333333333333333,False
130977,0.0,0,0.9666666666666667,False
410766,0.0,0,0.05,False
103515,0.0,0,0.9666666666666667,False
17790,0.0,0,0.9833333333333333,False
200554,0.0,0,0.9833333333333333,False
362364,0.0,0,0.3333333333333333,False
119423,0.0,0,0.7,False
171330,0.0,0,0.9833333333333333,True
578227,0.0,0,0.05,False
105738,0.0,0,0.9833333333333333,False
528259,0.0,0,0.3,False
352921,0.0,0,0.05,False
50316,0.0,0,0.6,False
68828,0.0,0,0.9833333333333333,False
60014,0.0,0,0.8333333333333334,False
170719,0.0,0,0.8833333333333333,False
336190,0.0,0,0.5833333333333334,False
439152,0.0,0,0.9833333333333333,False
356796,0.0,0,0.9833333333333333,False
421650,0.0,0,0.2,True
500036,0.0,0,0.05,False
105636,0.0,0,0.9833333333333333,False
92635,0.0,0,0.9833333333333333,False
503194,0.0,0,0.05,False
547091,0.0,0,0.9166666666666666,False
122163,0.0,0,0.95,False
139315,0.0,0,0.9666666666666667,False
5650,0.0,0,0.9833333333333333,False
484971,0.0,0,0.05,False
82656,0.0,0,0.9333333333333333,False
149059,0.0,0,0.85,False
273005,0.0,0,0.9833333333333333,False
31750,0.0,0,0.36666666666666664,True
36737,0.0,0,0.05,True
379286,0.0,0,0.2,False
30438,0.0,0,0.9833333333333333,False
130964,0.0,0,0.8833333333333333,False
8158,0.0,0,0.9833333333333333,False
272951,0.0,0,0.2833333333333333,False
362313,0.0,0,0.8833333333333333,False
174249,0.0,0,0.6833333333333333,False
352922,0.0,0,0.05,False
22971,0.0,0,0.8333333333333334,False
62918,0.0,0,0.95,False
68753,0.0,0,0.9666666666666667,True
524923,0.0,0,0.5333333333333333,False
342533,0.0,0,0.05,False
529941,0.0,0,0.05,False
442188,0.0,0,0.05,False
378933,0.0,0,0.06666666666666667,False
409669,0.0,0,0.05,False
429331,0.0,0,0.05,False
500032,0.0,0,0.05,False
109834,0.0,0,0.9666666666666667,False
20312,0.0,0,0.7333333333333333,False
438383,0.0,0,0.6333333333333333,False
125208,0.0,0,0.95,False
187674,0.0,0,0.7333333333333333,True
71840,0.0,0,0.9333333333333333,False
179131,0.0,0,0.9666666666666667,False
444003,0.0,0,0.6166666666666667,False
12879,0.0,0,0.9666666666666667,False
111855,0.0,0,0.06666666666666667,False
6266,0.0,0,0.31666666666666665,False
525227,0.0,0,0.05,False
578224,0.0,0,0.05,False
506811,0.0,0,0.45,False
377045,0.0,0,0.7166666666666667,False
188851,0.0,0,0.95,False
110983,0.0,0,0.95,False
565816,0.0,0,0.05,False
5146,0.0,0,0.8,True
163034,0.0,0,0.9333333333333333,False
525225,0.0,0,0.05,False
51054,0.0,0,0.05,True
501111,0.0,0,0.21666666666666667,False
37488,0.0,0,0.4166666666666667,False
86180,0.0,0,0.21666666666666667,False
316908,0.0,0,0.9333333333333333,False
501155,0.0,0,0.23333333333333334,False
171323,0.0,0,0.9833333333333333,False
95105,0.0,0,0.9666666666666667,True
86275,0.0,0,0.95,True
326683,0.0,0,0.08333333333333333,False
170666,0.0,0,0.95,False
66129,0.0,0,0.9666666666666667,False
105136,0.0,0,0.6333333333333333,False
485403,0.0,0,0.11666666666666667,False
308544,0.0,0,0.15,False
501096,0.0,0,0.2,False
199315,0.0,0,0.9333333333333333,False
161429,0.0,0,0.9833333333333333,False
327103,0.0,0,0.8833333333333333,False
26679,0.0,0,0.95,False
86013,0.0,0,0.9333333333333333,False
145654,0.0,0,0.9833333333333333,False
40593,0.0,0,0.9833333333333333,False
7969,0.0,0,0.85,False
389545,0.0,0,0.8333333333333334,False
12732,0.0,0,0.9833333333333333,False
31751,0.0,0,0.06666666666666667,True
174245,0.0,0,0.7,False
128666,0.0,0,0.95,False
568641,0.0,0,0.5666666666666667,False
5991,0.0,0,0.9833333333333333,False
501091,0.0,0,0.08333333333333333,False
169234,0.0,0,0.95,False
136847,0.0,0,0.9833333333333333,False
500633,0.0,0,0.06666666666666667,False
137374,0.0,0,0.9666666666666667,False
421654,0.0,0,0.38333333333333336,True
55034,0.0,0,0.9333333333333333,False
283702,0.0,0,0.7833333333333333,False
119830,0.0,0,0.75,False
555936,0.0,0,0.06666666666666667,False
117829,0.0,0,0.9,False
511187,0.0,0,0.48333333333333334,False
547021,0.0,0,0.06666666666666667,False
4238,0.0,0,0.9333333333333333,False
187992,0.0,0,0.7833333333333333,False
85767,0.0,0,0.9666666666666667,False
108276,0.0,0,0.7,False
174246,0.0,0,0.65,False
565738,0.0,0,0.6833333333333333,False
114646,0.0,0,0.95,False
421655,0.0,0,0.9833333333333333,True
310116,0.0,0,0.9833333333333333,False
117828,0.0,0,0.95,False
501100,0.0,0,0.21666666666666667,False
153087,0.0,0,0.08333333333333333,False
85682,0.0,0,0.9166666666666666,False
327544,0.0,0,0.9666666666666667,False
124916,0.0,0,0.7666666666666667,False
547023,0.0,0,0.06666666666666667,False
130990,0.0,0,0.9333333333333333,False
180317,0.0,0,0.8833333333333333,False
27735,0.0,0,0.9833333333333333,False
494200,0.0,0,0.9,False
177596,0.0,0,0.06666666666666667,False
352942,0.0,0,0.08333333333333333,False
555924,0.0,0,0.06666666666666667,False
26908,0.0,0,0.9833333333333333,False
6510,0.0,0,0.9833333333333333,False
56074,0.0,0,0.8833333333333333,False
130254,0.0,0,0.8333333333333334,False
60409,0.0,0,0.9833333333333333,False
391338,0.0,0,0.1,False
558750,0.0,0,0.8666666666666667,False
411912,0.0,0,0.7833333333333333,False
77769,0.0,0,0.55,False
230181,0.0,0,0.06666666666666667,False
410526,0.0,0,0.13333333333333333,False
43782,0.0,0,0.9166666666666666,False
501761,0.0,0,0.8666666666666667,False
75645,0.0,0,0.9666666666666667,False
146027,0.0,0,0.9333333333333333,False
449537,0.0,0,0.06666666666666667,False
501762,0.0,0,0.06666666666666667,False
421653,0.0,0,0.26666666666666666,True
22847,0.0,0,0.9666666666666667,False
9616,0.0,0,0.8,True
221386,0.0,0,0.7166666666666667,False
547090,0.0,0,0.06666666666666667,False
283794,0.0,0,0.06666666666666667,False
506214,0.0,0,0.06666666666666667,False
410765,0.0,0,0.06666666666666667,False
541638,0.0,0,0.06666666666666667,False
421652,0.0,0,0.23333333333333334,True
449676,0.0,0,0.6333333333333333,False
431384,0.0,0,0.06666666666666667,False
431383,0.0,0,0.06666666666666667,False
387983,0.0,0,0.5666666666666667,False
13893,0.0,0,0.9166666666666666,False
485293,0.0,0,0.43333333333333335,False
390167,0.0,0,0.06666666666666667,False
390170,0.0,0,0.06666666666666667,False
390169,0.0,0,0.06666666666666667,False
136166,0.0,0,0.06666666666666667,False
94983,0.0,0,0.7166666666666667,False
67683,0.0,0,0.08333333333333333,True
76563,0.0,0,0.06666666666666667,True
70809,0.0,0,0.9833333333333333,False
124579,0.0,0,0.5,False
37768,0.0,0,0.9833333333333333,False
122193,0.0,0,0.4666666666666667,False
82104,0.0,0,0.9833333333333333,False
91411,0.0,0,0.65,False
103514,0.0,0,0.7,False
7943,0.0,0,0.9333333333333333,False
317876,0.0,0,0.08333333333333333,False
165461,0.0,0,0.9833333333333333,True
354253,0.0,0,0.9333333333333333,False
506256,0.0,0,0.08333333333333333,False
74314,0.0,0,0.9166666666666666,False
105140,0.0,0,0.75,False
111008,0.0,0,0.9833333333333333,False
234885,0.0,0,0.25,False
139414,0.0,0,0.8666666666666667,False
64107,0.0,0,0.9,False
354252,0.0,0,0.9833333333333333,False
189203,0.0,0,0.8,True
524906,0.0,0,0.23333333333333334,False
29455,0.0,0,0.9833333333333333,False
188755,0.0,0,0.8166666666666667,False
88889,0.0,0,0.9666666666666667,True
88584,0.0,0,0.7166666666666667,False
289700,0.0,0,0.9833333333333333,False
174251,0.0,0,0.9833333333333333,False
31791,0.0,0,0.9833333333333333,False
112607,0.0,0,0.9666666666666667,False
86246,0.0,0,0.9666666666666667,False
49725,0.0,0,0.8833333333333333,False
230063,0.0,0,0.9833333333333333,False
330903,0.0,0,0.25,False
199521,0.0,0,0.9833333333333333,True
326687,0.0,0,0.08333333333333333,False
485012,0.0,0,0.9666666666666667,False
584476,0.0,0,0.08333333333333333,False
511565,0.0,0,0.9666666666666667,False
88623,0.0,0,0.7166666666666667,False
183255,0.0,0,0.7,False
306975,0.0,0,0.9666666666666667,False
511383,0.0,0,0.08333333333333333,False
130307,0.0,0,0.8,False
183752,0.0,0,0.9833333333333333,False
127334,0.0,0,0.95,False
485575,0.0,0,0.5166666666666667,False
549313,0.0,0,0.08333333333333333,False
448025,0.0,0,0.9833333333333333,False
75127,0.0,0,0.7666666666666667,False
459472,0.0,0,0.5166666666666667,False
128867,0.0,0,0.9833333333333333,False
500413,0.0,0,0.95,False
137354,0.0,0,0.9833333333333333,False
549309,0.0,0,0.08333333333333333,False
174248,0.0,0,0.9833333333333333,False
523778,0.0,0,0.7666666666666667,False
301729,0.0,0,0.9666666666666667,True
404881,0.0,0,0.08333333333333333,False
103149,0.0,0,0.9166666666666666,False
508965,0.0,0,0.35,False
110927,0.0,0,0.7833333333333333,False
195295,0.0,0,0.75,False
434923,0.0,0,0.6,False
146525,0.0,0,0.8833333333333333,False
500464,0.0,0,0.11666666666666667,False
358841,0.0,0,0.95,False
54299,0.0,0,0.9666666666666667,False
31749,0.0,0,0.15,True
230573,0.0,0,0.31666666666666665,False
142305,0.0,0,0.1,False
174250,0.0,0,0.9833333333333333,False
149233,0.0,0,0.8833333333333333,False
501430,0.0,0,0.08333333333333333,False
500624,0.0,0,0.08333333333333333,False
26276,0.0,0,0.6833333333333333,False
505338,0.0,0,0.38333333333333336,False
588842,0.0,0,0.08333333333333333,False
117696,0.0,0,0.5833333333333334,False
507818,0.0,0,0.35,False
305396,0.0,0,0.31666666666666665,False
485579,0.0,0,0.45,False
421323,0.0,0,0.08333333333333333,False
555932,0.0,0,0.08333333333333333,False
501433,0.0,0,0.08333333333333333,False
581734,0.0,0,0.08333333333333333,False
514612,0.0,0,0.4,False
431262,0.0,0,0.08333333333333333,False
303540,0.0,0,0.08333333333333333,False
299213,0.0,0,0.9,False
562812,0.0,0,0.08333333333333333,False
487785,0.0,0,0.08333333333333333,False
229238,0.0,0,0.08333333333333333,False
583730,0.0,0,0.08333333333333333,False
558747,0.0,0,0.8833333333333333,False
512055,0.0,0,0.08333333333333333,False
515712,0.0,0,0.08333333333333333,False
583729,0.0,0,0.08333333333333333,False
515721,0.0,0,0.08333333333333333,False
88806,0.0,0,0.65,False
26435,0.0,0,0.75,True
360311,0.0,0,0.9166666666666666,False
138890,0.0,0,0.9333333333333333,False
67838,0.0,0,0.7166666666666667,False
9017,0.0,0,0.9666666666666667,False
336609,0.0,0,0.15,False
377036,0.0,0,0.9833333333333333,False
6549,0.0,0,0.9833333333333333,False
492681,0.0,0,0.7,False
330836,0.0,0,0.9833333333333333,False
406669,0.0,0,0.1,False
11456,0.0,0,0.95,False
189204,0.0,0,0.9666666666666667,True
234886,0.0,0,0.38333333333333336,False
175805,0.0,0,0.1,False
412544,0.0,0,0.9833333333333333,True
4375,0.0,0,0.9833333333333333,False
172499,0.0,0,0.5333333333333333,False
446264,0.0,0,0.48333333333333334,False
404533,0.0,0,0.5333333333333333,False
102783,0.0,0,0.8,True
94720,0.0,0,0.9666666666666667,False
404536,0.0,0,0.6333333333333333,False
553354,0.0,0,0.38333333333333336,False
493301,0.0,0,0.38333333333333336,False
508950,0.0,0,0.2833333333333333,False
143864,0.0,0,0.9833333333333333,False
446251,0.0,0,0.5833333333333334,False
353039,0.0,0,0.9833333333333333,False
406666,0.0,0,0.1,False
284969,0.0,0,0.9833333333333333,False
444026,0.0,0,0.1,False
94721,0.0,0,0.8833333333333333,False
410935,0.0,0,0.8166666666666667,False
315839,0.0,0,0.9833333333333333,False
246606,0.0,0,0.3,False
524908,0.0,0,0.1,False
91618,0.0,0,0.95,False
105638,0.0,0,0.9833333333333333,False
374337,0.0,0,0.9833333333333333,False
519407,0.0,0,0.1,False
69942,0.0,0,0.85,False
133400,0.0,0,0.95,False
18774,0.0,0,0.8166666666666667,False
374336,0.0,0,0.9833333333333333,False
488266,0.0,0,0.1,False
145692,0.0,0,0.9833333333333333,False
153529,0.0,0,0.95,False
434861,0.0,0,0.15,False
530476,0.0,0,0.1,False
327580,0.0,0,0.85,False
505341,0.0,0,0.1,False
500082,0.0,0,0.1,False
77397,0.0,0,0.9833333333333333,False
512472,0.0,0,0.1,False
501743,0.0,0,0.1,False
500299,0.0,0,0.1,False
404963,0.0,0,0.1,False
485523,0.0,0,0.5666666666666667,False
100144,0.0,0,0.9166666666666666,False
523716,0.0,0,0.11666666666666667,False
429406,0.0,0,0.1,False
530477,0.0,0,0.1,False
515563,0.0,0,0.1,False
505263,0.0,0,0.1,False
275435,0.0,0,0.1,False
485275,0.0,0,0.1,False
583731,0.0,0,0.43333333333333335,False
275436,0.0,0,0.4,False
40326,0.0,0,0.11666666666666667,False
523715,0.0,0,0.3333333333333333,False
559856,0.0,0,0.1,False
506216,0.0,0,0.1,False
501756,0.0,0,0.1,False
40325,0.0,0,0.1,False
407186,0.0,0,0.1,False
552947,0.0,0,0.1,False
505289,0.0,0,0.1,False
546285,0.0,0,0.1,False
281341,0.0,0,0.11666666666666667,False
558749,0.0,0,0.9,False
558748,0.0,0,0.9,False
316598,0.0,0,0.9666666666666667,False
110068,0.0,0,0.9833333333333333,False
105538,0.0,0,0.55,False
442304,0.0,0,0.95,False
404537,0.0,0,0.6666666666666666,False
175506,0.0,0,0.9,True
404534,0.0,0,0.6333333333333333,False
284005,0.0,0,0.4666666666666667,False
127641,0.0,0,0.6833333333333333,True
324196,0.0,0,0.11666666666666667,False
94704,0.0,0,0.95,True
121202,0.0,0,0.9833333333333333,False
410519,0.0,0,0.3333333333333333,False
390263,0.0,0,0.9,False
561064,0.0,0,0.3333333333333333,False
378806,0.0,0,0.3,False
84455,0.0,0,0.7333333333333333,True
139646,0.0,0,0.9833333333333333,False
410937,0.0,0,0.8833333333333333,False
492424,0.0,0,0.4,False
562130,0.0,0,0.11666666666666667,False
99409,0.0,0,0.5,False
529599,0.0,0,0.11666666666666667,False
484893,0.0,0,0.95,False
493295,0.0,0,0.8666666666666667,False
71103,0.0,0,0.8166666666666667,False
407132,0.0,0,0.11666666666666667,False
562128,0.0,0,0.11666666666666667,False
562131,0.0,0,0.11666666666666667,False
529591,0.0,0,0.11666666666666667,False
20003,0.0,0,0.9,False
404917,0.0,0,0.13333333333333333,False
78713,0.0,0,0.4,False
27737,0.0,0,0.95,False
167647,0.0,0,0.9833333333333333,False
177948,0.0,0,0.9666666666666667,False
3772,0.0,0,0.9833333333333333,False
552606,0.0,0,0.11666666666666667,False
529602,0.0,0,0.11666666666666667,False
31435,0.0,0,0.9833333333333333,False
74248,0.0,0,0.9833333333333333,False
404961,0.0,0,0.95,False
484846,0.0,0,0.11666666666666667,False
404524,0.0,0,0.5833333333333334,False
130500,0.0,0,0.48333333333333334,True
81307,0.0,0,0.9833333333333333,False
404914,0.0,0,0.11666666666666667,False
35626,0.0,0,0.9833333333333333,False
189059,0.0,0,0.9833333333333333,False
144097,0.0,0,0.13333333333333333,True
554368,0.0,0,0.13333333333333333,False
174132,0.0,0,0.9666666666666667,False
81301,0.0,0,0.9833333333333333,False
404523,0.0,0,0.21666666666666667,False
525129,0.0,0,0.11666666666666667,False
93886,0.0,0,0.6,False
501753,0.0,0,0.11666666666666667,False
1988,0.0,0,0.43333333333333335,False
44974,0.0,0,0.9833333333333333,True
81696,0.0,0,0.9833333333333333,False
485520,0.0,0,0.6666666666666666,False
129351,0.0,0,0.9666666666666667,True
135034,0.0,0,0.9166666666666666,False
51000,0.0,0,0.9833333333333333,False
533821,0.0,0,0.11666666666666667,False
505264,0.0,0,0.13333333333333333,False
529585,0.0,0,0.11666666666666667,False
539413,0.0,0,0.11666666666666667,False
196575,0.0,0,0.35,False
104329,0.0,0,0.9833333333333333,False
6119,0.0,0,0.9,False
233820,0.0,0,0.9666666666666667,False
555931,0.0,0,0.9833333333333333,False
20645,0.0,0,0.9833333333333333,False
581733,0.0,0,0.11666666666666667,False
407240,0.0,0,0.11666666666666667,False
519411,0.0,0,0.4,False
535031,0.0,0,0.11666666666666667,False
519408,0.0,0,0.35,False
336128,0.0,0,0.2,False
109081,0.0,0,0.26666666666666666,False
539085,0.0,0,0.11666666666666667,False
519412,0.0,0,0.11666666666666667,False
552596,0.0,0,0.31666666666666665,False
519410,0.0,0,0.13333333333333333,False
519405,0.0,0,0.11666666666666667,False
378787,0.0,0,0.31666666666666665,False
553256,0.0,0,0.11666666666666667,False
562273,0.0,0,0.11666666666666667,False
407130,0.0,0,0.11666666666666667,False
552668,0.0,0,0.11666666666666667,False
553255,0.0,0,0.11666666666666667,False
562276,0.0,0,0.11666666666666667,False
446294,0.0,0,0.11666666666666667,False
562275,0.0,0,0.11666666666666667,False
552938,0.0,0,0.9666666666666667,False
562277,0.0,0,0.11666666666666667,False
36002,0.0,0,0.11666666666666667,False
579261,0.0,0,0.11666666666666667,False
589874,0.0,0,0.11666666666666667,False
560196,0.0,0,0.9666666666666667,False
258498,0.0,0,0.5,False
37687,0.0,0,0.75,False
525247,0.0,0,0.36666666666666664,False
410521,0.0,0,0.3333333333333333,False
95646,0.0,0,0.9666666666666667,False
86358,0.0,0,0.8833333333333333,False
324704,0.0,0,0.21666666666666667,False
48194,0.0,0,0.9833333333333333,True
106229,0.0,0,0.9666666666666667,False
524896,0.0,0,0.5666666666666667,False
128583,0.0,0,0.5,True
167630,0.0,0,0.9666666666666667,False
372751,0.0,0,0.9833333333333333,False
562079,0.0,0,0.13333333333333333,False
352834,0.0,0,0.65,False
314700,0.0,0,0.9833333333333333,False
390748,0.0,0,0.9833333333333333,False
327148,0.0,0,0.9833333333333333,False
404882,0.0,0,0.9666666666666667,False
111240,0.0,0,0.9666666666666667,False
391320,0.0,0,0.6,False
102709,0.0,0,0.9833333333333333,False
389685,0.0,0,0.9833333333333333,False
123653,0.0,0,0.9833333333333333,True
378124,0.0,0,0.13333333333333333,False
122493,0.0,0,0.9833333333333333,False
94914,0.0,0,0.95,False
554530,0.0,0,0.13333333333333333,False
54798,0.0,0,0.9666666666666667,True
171169,0.0,0,0.95,False
63595,0.0,0,0.9833333333333333,False
307570,0.0,0,0.9833333333333333,False
317425,0.0,0,0.21666666666666667,False
524899,0.0,0,0.8,False
485525,0.0,0,0.6666666666666666,False
328045,0.0,0,0.75,False
505337,0.0,0,0.6666666666666666,False
526818,0.0,0,0.13333333333333333,False
315838,0.0,0,0.9833333333333333,False
526956,0.0,0,0.5166666666666667,False
539091,0.0,0,0.35,False
257705,0.0,0,0.9833333333333333,False
594630,0.0,0,0.4,False
136056,0.0,0,0.9833333333333333,False
138477,0.0,0,0.95,False
135594,0.0,0,0.9833333333333333,False
169139,0.0,0,0.9833333333333333,False
183252,0.0,0,0.18333333333333332,False
86104,0.0,0,0.9,False
110305,0.0,0,0.9833333333333333,False
3762,0.0,0,0.9833333333333333,False
398148,0.0,0,0.9666666666666667,False
196883,0.0,0,0.13333333333333333,True
77882,0.0,0,0.9833333333333333,True
554776,0.0,0,0.13333333333333333,False
146956,0.0,0,0.9833333333333333,False
192809,0.0,0,0.13333333333333333,False
168102,0.0,0,0.9833333333333333,True
175889,0.0,0,0.8833333333333333,False
63138,0.0,0,0.95,False
605003,0.0,0,0.13333333333333333,False
310424,0.0,0,0.9666666666666667,False
193448,0.0,0,0.75,False
196573,0.0,0,0.36666666666666664,False
111284,0.0,0,0.9666666666666667,False
126917,0.0,0,0.9833333333333333,False
519688,0.0,0,0.3,False
186882,0.0,0,0.9833333333333333,False
317891,0.0,0,0.13333333333333333,False
594647,0.0,0,0.13333333333333333,False
31436,0.0,0,0.9833333333333333,False
602989,0.0,0,0.13333333333333333,False
352955,0.0,0,0.65,False
485646,0.0,0,0.13333333333333333,False
389584,0.0,0,0.6,False
594650,0.0,0,0.13333333333333333,False
414447,0.0,0,0.13333333333333333,False
562127,0.0,0,0.13333333333333333,False
414445,0.0,0,0.13333333333333333,False
500856,0.0,0,0.13333333333333333,False
352929,0.0,0,0.13333333333333333,False
568642,0.0,0,0.13333333333333333,False
586545,0.0,0,0.2,True
485647,0.0,0,0.13333333333333333,False
515698,0.0,0,0.13333333333333333,False
554529,0.0,0,0.13333333333333333,False
35768,0.0,0,0.9,False
87790,0.0,0,0.13333333333333333,False
614422,0.0,0,0.35,False
233180,0.0,0,0.9166666666666666,False
327744,0.0,0,0.5666666666666667,False
525254,0.0,0,0.45,False
154992,0.0,0,0.8,False
446371,0.0,0,0.21666666666666667,False
236836,0.0,0,0.8833333333333333,False
533918,0.0,0,0.8166666666666667,False
379522,0.0,0,0.55,False
344147,0.0,0,0.9333333333333333,False
153124,0.0,0,0.9333333333333333,False
524900,0.0,0,0.8166666666666667,False
285177,0.0,0,0.9833333333333333,False
316962,0.0,0,0.9333333333333333,False
173703,0.0,0,0.9666666666666667,False
4229,0.0,0,0.8166666666666667,False
88592,0.0,0,0.9666666666666667,False
88590,0.0,0,0.9833333333333333,False
3858,0.0,0,0.9833333333333333,False
124044,0.0,0,0.9333333333333333,False
90578,0.0,0,0.9833333333333333,False
600930,0.0,0,0.15,False
604706,0.0,0,0.15,False
107696,0.0,0,0.9833333333333333,False
454132,0.0,0,0.15,False
358641,0.0,0,0.9833333333333333,False
20220,0.0,0,0.18333333333333332,False
298424,0.0,0,0.7833333333333333,False
519661,0.0,0,0.5833333333333334,False
507869,0.0,0,0.4,False
116631,0.0,0,0.9833333333333333,False
601933,0.0,0,0.15,False
501768,0.0,0,0.15,False
113610,0.0,0,0.9666666666666667,False
107861,0.0,0,0.9833333333333333,False
119796,0.0,0,0.5166666666666667,False
501739,0.0,0,0.15,False
105119,0.0,0,0.9333333333333333,False
500388,0.0,0,0.6833333333333333,False
83324,0.0,0,0.9833333333333333,False
116629,0.0,0,0.95,False
52468,0.0,0,0.9833333333333333,False
603731,0.0,0,0.15,True
540922,0.0,0,0.15,False
378565,0.0,0,0.25,False
149313,0.0,0,0.9666666666666667,True
556288,0.0,0,0.15,False
45803,0.0,0,0.9166666666666666,False
117878,0.0,0,0.9833333333333333,False
347537,0.0,0,0.9833333333333333,False
530193,0.0,0,0.35,False
153362,0.0,0,0.9833333333333333,False
454204,0.0,0,0.18333333333333332,False
285135,0.0,0,0.9833333333333333,False
108148,0.0,0,0.9833333333333333,False
344148,0.0,0,0.31666666666666665,False
149170,0.0,0,0.9833333333333333,False
14000,0.0,0,0.6,False
554146,0.0,0,0.5333333333333333,False
570063,0.0,0,0.15,False
134941,0.0,0,0.9833333333333333,False
429382,0.0,0,0.15,False
317389,0.0,0,0.15,False
541162,0.0,0,0.15,False
581728,0.0,0,0.15,False
556321,0.0,0,0.15,False
317388,0.0,0,0.15,False
501700,0.0,0,0.15,False
539243,0.0,0,0.15,False
485521,0.0,0,0.6666666666666666,False
556202,0.0,0,0.15,False
529025,0.0,0,0.15,False
285568,0.0,0,0.9833333333333333,False
143751,0.0,0,0.9833333333333333,False
378750,0.0,0,0.36666666666666664,False
554528,0.0,0,0.15,False
501774,0.0,0,0.15,False
349455,0.0,0,0.31666666666666665,False
358633,0.0,0,0.9833333333333333,False
552924,0.0,0,0.15,False
378747,0.0,0,0.38333333333333336,False
539240,0.0,0,0.15,False
500488,0.0,0,0.15,False
541154,0.0,0,0.15,False
589561,0.0,0,0.15,False
500557,0.0,0,0.15,False
562282,0.0,0,0.25,False
137327,0.0,0,0.15,False
317304,0.0,0,0.23333333333333334,False
143752,0.0,0,0.9833333333333333,False
372868,0.0,0,0.15,False
165429,0.0,0,0.15,False
108539,0.0,0,0.15,False
589554,0.0,0,0.15,False
372867,0.0,0,0.15,False
159878,0.0,0,0.15,False
183800,0.0,0,0.15,False
222162,0.0,0,0.7333333333333333,True
495111,0.0,0,0.15,False
495110,0.0,0,0.15,False
556280,0.0,0,0.18333333333333332,False
47988,0.0,0,0.5,False
95658,0.0,0,0.9666666666666667,False
120986,0.0,0,0.9833333333333333,False
84881,0.0,0,0.9833333333333333,False
60930,0.0,0,0.9833333333333333,False
54529,0.0,0,0.8166666666666667,False
85983,0.0,0,0.95,False
342963,0.0,0,0.16666666666666666,False
539248,0.0,0,0.16666666666666666,False
103512,0.0,0,0.7666666666666667,False
331715,0.0,0,0.9833333333333333,False
507638,0.0,0,0.16666666666666666,False
91256,0.0,0,0.9833333333333333,False
404911,0.0,0,0.16666666666666666,False
290990,0.0,0,0.9166666666666666,False
539419,0.0,0,0.65,False
530607,0.0,0,0.16666666666666666,False
404800,0.0,0,0.16666666666666666,False
161630,0.0,0,0.3,False
452062,0.0,0,0.16666666666666666,False
417254,0.0,0,0.31666666666666665,False
35215,0.0,0,0.9833333333333333,False
570068,0.0,0,0.16666666666666666,False
95895,0.0,0,0.3,True
545303,0.0,0,0.3,False
6205,0.0,0,0.5,False
459674,0.0,0,0.7333333333333333,False
459943,0.0,0,0.16666666666666666,False
174873,0.0,0,0.4166666666666667,False
343057,0.0,0,0.2833333333333333,False
545304,0.0,0,0.31666666666666665,False
46933,0.0,0,0.9833333333333333,False
505318,0.0,0,0.16666666666666666,False
423456,0.0,0,0.16666666666666666,False
581729,0.0,0,0.16666666666666666,False
233758,0.0,0,0.9833333333333333,False
577612,0.0,0,0.9666666666666667,False
328379,0.0,0,0.8333333333333334,False
545413,0.0,0,0.16666666666666666,False
26439,0.0,0,0.4,True
160789,0.0,0,0.8166666666666667,False
454206,0.0,0,0.16666666666666666,False
88606,0.0,0,0.9833333333333333,False
505314,0.0,0,0.16666666666666666,False
317950,0.0,0,0.6666666666666666,False
97002,0.0,0,0.9833333333333333,False
586160,0.0,0,0.16666666666666666,False
360318,0.0,0,0.9166666666666666,False
530291,0.0,0,0.6,False
530290,0.0,0,0.5833333333333334,False
240706,0.0,0,0.9833333333333333,False
173708,0.0,0,0.95,False
91368,0.0,0,0.16666666666666666,False
138011,0.0,0,0.9833333333333333,False
378614,0.0,0,0.16666666666666666,False
485422,0.0,0,0.16666666666666666,False
606837,0.0,0,0.16666666666666666,False
174549,0.0,0,0.9666666666666667,False
539354,0.0,0,0.16666666666666666,False
600927,0.0,0,0.16666666666666666,False
132802,0.0,0,0.16666666666666666,False
156645,0.0,0,0.95,False
600933,0.0,0,0.16666666666666666,False
562112,0.0,0,0.4,False
600929,0.0,0,0.16666666666666666,False
570074,0.0,0,0.16666666666666666,False
175333,0.0,0,0.9833333333333333,False
553319,0.0,0,0.16666666666666666,False
545228,0.0,0,0.18333333333333332,False
175341,0.0,0,0.9833333333333333,False
343064,0.0,0,0.16666666666666666,False
175340,0.0,0,0.9833333333333333,False
504206,0.0,0,0.16666666666666666,False
342961,0.0,0,0.16666666666666666,False
602757,0.0,0,0.16666666666666666,False
317301,0.0,0,0.36666666666666664,False
317373,0.0,0,0.16666666666666666,False
601808,0.0,0,0.16666666666666666,False
230101,0.0,0,0.48333333333333334,False
317377,0.0,0,0.16666666666666666,False
620122,0.0,0,0.16666666666666666,False
285173,0.0,0,0.18333333333333332,False
622636,0.0,0,0.16666666666666666,False
593488,0.0,0,0.16666666666666666,False
586157,0.0,0,0.16666666666666666,False
542844,0.0,0,0.16666666666666666,True
599522,0.0,0,0.16666666666666666,False
285172,0.0,0,0.18333333333333332,False
504747,0.0,0,0.16666666666666666,False
504746,0.0,0,0.16666666666666666,False
622631,0.0,0,0.16666666666666666,False
620835,0.0,0,0.16666666666666666,False
502261,0.0,0,0.7833333333333333,True
502262,0.0,0,0.7666666666666667,True
620833,0.0,0,0.16666666666666666,False
620831,0.0,0,0.16666666666666666,False
502264,0.0,0,0.75,True
445164,0.0,0,0.16666666666666666,False
502265,0.0,0,0.7333333333333333,True
378911,0.0,0,0.7666666666666667,False
190514,0.0,0,0.5333333333333333,False
103173,0.0,0,0.9666666666666667,False
111153,0.0,0,0.9833333333333333,False
443257,0.0,0,0.4,False
606756,0.0,0,0.18333333333333332,False
525211,0.0,0,0.18333333333333332,False
111101,0.0,0,0.9666666666666667,False
484746,0.0,0,0.21666666666666667,False
410501,0.0,0,0.75,False
12200,0.0,0,0.9833333333333333,False
187991,0.0,0,0.7833333333333333,False
85838,0.0,0,0.9833333333333333,False
5096,0.0,0,0.95,False
529974,0.0,0,0.18333333333333332,False
311806,0.0,0,0.9833333333333333,False
149078,0.0,0,0.9833333333333333,True
410500,0.0,0,0.95,False
525215,0.0,0,0.18333333333333332,False
109784,0.0,0,0.9833333333333333,False
22170,0.0,0,0.9833333333333333,False
109364,0.0,0,0.48333333333333334,False
530474,0.0,0,0.18333333333333332,False
93249,0.0,0,0.9,False
93251,0.0,0,0.8666666666666667,False
587760,0.0,0,0.18333333333333332,False
530230,0.0,0,0.18333333333333332,False
539258,0.0,0,0.18333333333333332,False
49833,0.0,0,0.7,False
105243,0.0,0,0.9833333333333333,False
602933,0.0,0,0.18333333333333332,False
539251,0.0,0,0.18333333333333332,False
174867,0.0,0,0.4166666666666667,False
105245,0.0,0,0.9666666666666667,False
530217,0.0,0,0.18333333333333332,False
451330,0.0,0,0.9666666666666667,False
601917,0.0,0,0.18333333333333332,False
594652,0.0,0,0.18333333333333332,False
601923,0.0,0,0.18333333333333332,False
570070,0.0,0,0.6166666666666667,False
546937,0.0,0,0.18333333333333332,False
431329,0.0,0,0.18333333333333332,False
586833,0.0,0,0.18333333333333332,False
601921,0.0,0,0.18333333333333332,False
49813,0.0,0,0.9666666666666667,False
598226,0.0,0,0.18333333333333332,False
500760,0.0,0,0.18333333333333332,False
326032,0.0,0,0.3,True
124076,0.0,0,0.7833333333333333,False
31625,0.0,0,0.8166666666666667,True
586832,0.0,0,0.18333333333333332,False
530475,0.0,0,0.18333333333333332,False
606835,0.0,0,0.18333333333333332,False
514371,0.0,0,0.2,False
514370,0.0,0,0.18333333333333332,False
562146,0.0,0,0.18333333333333332,False
626189,0.0,0,0.18333333333333332,False
563702,0.0,0,0.18333333333333332,False
545411,0.0,0,0.18333333333333332,False
23413,0.0,0,0.55,True
190984,0.0,0,0.8666666666666667,False
607314,0.0,0,0.18333333333333332,False
626330,0.0,0,0.18333333333333332,False
626329,0.0,0,0.18333333333333332,False
626333,0.0,0,0.18333333333333332,False
626332,0.0,0,0.18333333333333332,False
109089,0.0,0,0.18333333333333332,False
434938,0.0,0,0.43333333333333335,False
188047,0.0,0,0.9833333333333333,False
127517,0.0,0,0.9,False
443256,0.0,0,0.38333333333333336,False
108574,0.0,0,0.5333333333333333,False
443252,0.0,0,0.38333333333333336,False
94634,0.0,0,0.9833333333333333,True
12655,0.0,0,0.2,False
450326,0.0,0,0.9833333333333333,False
98277,0.0,0,0.95,False
562228,0.0,0,0.2,False
30581,0.0,0,0.9666666666666667,False
545298,0.0,0,0.5,False
121033,0.0,0,0.9666666666666667,False
71000,0.0,0,0.9833333333333333,False
622971,0.0,0,0.2,False
622972,0.0,0,0.31666666666666665,False
539330,0.0,0,0.2,False
526955,0.0,0,0.9333333333333333,False
410498,0.0,0,0.9,False
289553,0.0,0,0.9666666666666667,False
541798,0.0,0,0.2,False
597069,0.0,0,0.7,False
539327,0.0,0,0.2,False
623331,0.0,0,0.2,False
512056,0.0,0,0.45,False
546941,0.0,0,0.2,False
545299,0.0,0,0.5,False
585892,0.0,0,0.2,False
597068,0.0,0,0.6333333333333333,False
223524,0.0,0,0.9833333333333333,False
449953,0.0,0,0.3333333333333333,False
421651,0.0,0,0.9666666666666667,True
530219,0.0,0,0.2,False
530223,0.0,0,0.2,False
552870,0.0,0,0.2,False
602722,0.0,0,0.23333333333333334,False
535711,0.0,0,0.2,False
546945,0.0,0,0.2,False
449934,0.0,0,0.2,False
587007,0.0,0,0.2,False
515714,0.0,0,0.9666666666666667,False
272208,0.0,0,0.2,False
463499,0.0,0,0.2,False
20980,0.0,0,0.9833333333333333,False
326898,0.0,0,0.2,False
500187,0.0,0,0.2,False
410503,0.0,0,0.6333333333333333,False
445146,0.0,0,0.7666666666666667,False
587159,0.0,0,0.2,True
604766,0.0,0,0.2,False
168128,0.0,0,0.8333333333333334,True
604763,0.0,0,0.2,False
530249,0.0,0,0.2,False
125392,0.0,0,0.2,False
620430,0.0,0,0.2,False
620429,0.0,0,0.2,False
620432,0.0,0,0.2,False
620428,0.0,0,0.2,False
539132,0.0,0,0.21666666666666667,False
511242,0.0,0,0.6833333333333333,False
499942,0.0,0,0.23333333333333334,True
174578,0.0,0,0.9666666666666667,False
502993,0.0,0,0.48333333333333334,False
178185,0.0,0,0.9666666666666667,False
552604,0.0,0,0.2833333333333333,False
525035,0.0,0,0.21666666666666667,False
553309,0.0,0,0.21666666666666667,False
92162,0.0,0,0.4666666666666667,True
236988,0.0,0,0.25,False
173939,0.0,0,0.9833333333333333,False
522372,0.0,0,0.21666666666666667,False
92385,0.0,0,0.9666666666666667,False
171408,0.0,0,0.3333333333333333,False
122392,0.0,0,0.9833333333333333,False
74225,0.0,0,0.36666666666666664,False
524903,0.0,0,0.6666666666666666,False
484526,0.0,0,0.21666666666666667,False
402785,0.0,0,0.5166666666666667,False
82844,0.0,0,0.9166666666666666,False
617960,0.0,0,0.21666666666666667,False
522367,0.0,0,0.21666666666666667,False
327268,0.0,0,0.2833333333333333,True
512058,0.0,0,0.21666666666666667,False
74227,0.0,0,0.36666666666666664,False
484585,0.0,0,0.85,False
427470,0.0,0,0.2833333333333333,True
327057,0.0,0,0.4166666666666667,False
530745,0.0,0,0.21666666666666667,False
326096,0.0,0,0.36666666666666664,True
406667,0.0,0,0.6666666666666666,False
56364,0.0,0,0.9833333333333333,False
530422,0.0,0,0.21666666666666667,False
553307,0.0,0,0.21666666666666667,False
579265,0.0,0,0.4166666666666667,False
90063,0.0,0,0.9166666666666666,False
595706,0.0,0,0.23333333333333334,False
586244,0.0,0,0.21666666666666667,False
602667,0.0,0,0.21666666666666667,False
552858,0.0,0,0.21666666666666667,False
622890,0.0,0,0.21666666666666667,False
431327,0.0,0,0.3,False
587183,0.0,0,0.21666666666666667,False
636192,0.0,0,0.21666666666666667,False
150578,0.0,0,0.21666666666666667,True
546637,0.0,0,0.21666666666666667,False
586246,0.0,0,0.21666666666666667,False
602692,0.0,0,0.21666666666666667,False
632957,0.0,0,0.21666666666666667,False
587181,0.0,0,0.21666666666666667,False
602688,0.0,0,0.21666666666666667,False
406670,0.0,0,0.26666666666666666,False
565527,0.0,0,0.25,False
84215,0.0,0,0.21666666666666667,False
640839,0.0,0,0.21666666666666667,False
565531,0.0,0,0.21666666666666667,False
640837,0.0,0,0.6333333333333333,False
587667,0.0,0,0.21666666666666667,False
519681,0.0,0,0.21666666666666667,False
190511,0.0,0,0.21666666666666667,False
549356,0.0,0,0.21666666666666667,False
541794,0.0,0,0.21666666666666667,False
625952,0.0,0,0.5,False
592654,0.0,0,0.21666666666666667,False
554423,0.0,0,0.25,True
640841,0.0,0,0.21666666666666667,False
640838,0.0,0,0.21666666666666667,False
602897,0.0,0,0.21666666666666667,True
190510,0.0,0,0.21666666666666667,False
568529,0.0,0,0.21666666666666667,False
539130,0.0,0,0.21666666666666667,False
602611,0.0,0,0.21666666666666667,False
606721,0.0,0,0.21666666666666667,False
500084,0.0,0,0.8,False
415093,0.0,0,0.21666666666666667,False
71422,0.0,0,0.6833333333333333,False
485537,0.0,0,0.23333333333333334,False
159564,0.0,0,0.9833333333333333,False
328213,0.0,0,0.6,False
515723,0.0,0,0.9,False
499955,0.0,0,0.23333333333333334,True
55965,0.0,0,0.9833333333333333,False
30431,0.0,0,0.95,False
94855,0.0,0,0.9833333333333333,False
501103,0.0,0,0.5,False
166652,0.0,0,0.9833333333333333,False
427474,0.0,0,0.7166666666666667,True
308543,0.0,0,0.23333333333333334,False
540924,0.0,0,0.23333333333333334,False
553261,0.0,0,0.23333333333333334,False
88133,0.0,0,0.3,False
553265,0.0,0,0.23333333333333334,False
512052,0.0,0,0.9833333333333333,False
2345,0.0,0,0.9833333333333333,False
442296,0.0,0,0.23333333333333334,False
562202,0.0,0,0.23333333333333334,False
384497,0.0,0,0.3,False
174511,0.0,0,0.9833333333333333,False
525149,0.0,0,0.23333333333333334,False
410514,0.0,0,0.9833333333333333,False
530426,0.0,0,0.45,False
431177,0.0,0,0.23333333333333334,False
315835,0.0,0,0.95,False
629955,0.0,0,0.23333333333333334,False
76436,0.0,0,0.31666666666666665,False
562193,0.0,0,0.23333333333333334,False
389564,0.0,0,0.23333333333333334,False
500331,0.0,0,0.23333333333333334,True
190889,0.0,0,0.9833333333333333,False
83574,0.0,0,0.9666666666666667,False
586813,0.0,0,0.23333333333333334,False
586774,0.0,0,0.26666666666666666,False
601919,0.0,0,0.23333333333333334,False
562195,0.0,0,0.23333333333333334,False
516958,0.0,0,0.6666666666666666,False
617962,0.0,0,0.23333333333333334,False
603724,0.0,0,0.23333333333333334,False
285008,0.0,0,0.8166666666666667,False
408891,0.0,0,0.23333333333333334,False
596012,0.0,0,0.23333333333333334,False
443687,0.0,0,0.31666666666666665,False
581724,0.0,0,0.23333333333333334,False
118818,0.0,0,0.23333333333333334,False
519417,0.0,0,0.23333333333333334,False
118817,0.0,0,0.23333333333333334,False
507747,0.0,0,0.23333333333333334,False
446273,0.0,0,0.23333333333333334,False
604732,0.0,0,0.23333333333333334,False
602993,0.0,0,0.23333333333333334,False
562329,0.0,0,0.23333333333333334,False
530248,0.0,0,0.35,False
561833,0.0,0,0.9666666666666667,False
561813,0.0,0,0.9833333333333333,False
500923,0.0,0,0.7333333333333333,False
511355,0.0,0,0.7,False
561810,0.0,0,0.9666666666666667,False
108575,0.0,0,0.4666666666666667,False
499958,0.0,0,0.26666666666666666,True
581731,0.0,0,0.8,False
108573,0.0,0,0.5,False
533771,0.0,0,0.25,False
91716,0.0,0,0.25,False
414460,0.0,0,0.9666666666666667,False
511353,0.0,0,0.7666666666666667,False
427660,0.0,0,0.7333333333333333,False
135685,0.0,0,0.25,False
404750,0.0,0,0.3333333333333333,False
18250,0.0,0,0.9666666666666667,True
188586,0.0,0,0.25,False
142211,0.0,0,0.9833333333333333,False
505075,0.0,0,0.25,False
49607,0.0,0,0.9666666666666667,False
406969,0.0,0,0.45,False
596989,0.0,0,0.5833333333333334,False
324207,0.0,0,0.25,False
505067,0.0,0,0.25,False
91714,0.0,0,0.25,False
505080,0.0,0,0.25,False
651549,0.0,0,0.25,False
525153,0.0,0,0.2833333333333333,False
268114,0.0,0,0.9833333333333333,False
586944,0.0,0,0.25,False
414458,0.0,0,0.6833333333333333,False
553263,0.0,0,0.25,False
525145,0.0,0,0.3333333333333333,False
622857,0.0,0,0.25,False
553267,0.0,0,0.25,False
586946,0.0,0,0.25,False
135687,0.0,0,0.25,False
609975,0.0,0,0.25,False
161819,0.0,0,0.8833333333333333,False
184842,0.0,0,0.25,False
597381,0.0,0,0.25,False
338979,0.0,0,0.4166666666666667,False
545261,0.0,0,0.25,False
414349,0.0,0,0.25,False
562149,0.0,0,0.25,False
623327,0.0,0,0.25,False
597014,0.0,0,0.25,False
562148,0.0,0,0.25,False
652441,0.0,0,0.25,False
154626,0.0,0,0.9833333333333333,False
594595,0.0,0,0.26666666666666666,False
110493,0.0,0,0.9666666666666667,False
111239,0.0,0,0.8333333333333334,True
90978,0.0,0,0.8666666666666667,False
553303,0.0,0,0.26666666666666666,False
630064,0.0,0,0.26666666666666666,False
525119,0.0,0,0.2833333333333333,False
597303,0.0,0,0.26666666666666666,False
525231,0.0,0,0.26666666666666666,False
553302,0.0,0,0.26666666666666666,False
240672,0.0,0,0.9833333333333333,False
587658,0.0,0,0.8166666666666667,False
439949,0.0,0,0.8833333333333333,False
72019,0.0,0,0.9833333333333333,False
587657,0.0,0,0.26666666666666666,False
501113,0.0,0,0.6833333333333333,False
562179,0.0,0,0.26666666666666666,False
501625,0.0,0,0.26666666666666666,False
163857,0.0,0,0.9833333333333333,False
545355,0.0,0,0.26666666666666666,False
156467,0.0,0,0.26666666666666666,False
128869,0.0,0,0.95,False
378245,0.0,0,0.26666666666666666,False
404747,0.0,0,0.38333333333333336,False
435531,0.0,0,0.26666666666666666,False
96912,0.0,0,0.9666666666666667,False
602110,0.0,0,0.26666666666666666,False
545351,0.0,0,0.26666666666666666,False
402790,0.0,0,0.3,False
603680,0.0,0,0.26666666666666666,False
563809,0.0,0,0.26666666666666666,False
404744,0.0,0,0.26666666666666666,False
507867,0.0,0,0.9,False
630068,0.0,0,0.26666666666666666,False
525230,0.0,0,0.26666666666666666,False
394499,0.0,0,0.5,False
519718,0.0,0,0.26666666666666666,False
707,0.0,0,0.9833333333333333,False
174471,0.0,0,0.9833333333333333,False
484496,0.0,0,0.26666666666666666,False
10538,0.0,0,0.9833333333333333,False
533769,0.0,0,0.26666666666666666,False
484881,0.0,0,0.26666666666666666,False
579167,0.0,0,0.26666666666666666,True
562087,0.0,0,0.26666666666666666,False
511339,0.0,0,0.26666666666666666,False
622856,0.0,0,0.26666666666666666,False
541966,0.0,0,0.26666666666666666,False
600037,0.0,0,0.26666666666666666,False
625892,0.0,0,0.26666666666666666,False
500756,0.0,0,0.8833333333333333,False
543374,0.0,0,0.2833333333333333,False
597278,0.0,0,0.8,False
330781,0.0,0,0.8333333333333334,False
553304,0.0,0,0.2833333333333333,False
515571,0.0,0,0.6833333333333333,False
512074,0.0,0,0.4,False
596474,0.0,0,0.2833333333333333,False
596478,0.0,0,0.2833333333333333,False
670499,0.0,0,0.3333333333333333,False
597246,0.0,0,0.2833333333333333,False
407123,0.0,0,0.3333333333333333,False
399174,0.0,0,0.5,False
639738,0.0,0,0.2833333333333333,False
328810,0.0,0,0.2833333333333333,False
614096,0.0,0,0.6833333333333333,False
509994,0.0,0,0.9833333333333333,False
519618,0.0,0,0.6,False
362198,0.0,0,0.2833333333333333,False
543376,0.0,0,0.2833333333333333,False
543377,0.0,0,0.2833333333333333,False
485655,0.0,0,0.2833333333333333,False
327176,0.0,0,0.2833333333333333,False
533782,0.0,0,0.2833333333333333,False
234006,0.0,0,0.9333333333333333,False
530268,0.0,0,0.5166666666666667,False
602652,0.0,0,0.2833333333333333,False
390895,0.0,0,0.48333333333333334,True
325187,0.0,0,0.2833333333333333,False
586492,0.0,0,0.2833333333333333,False
620168,0.0,0,0.3333333333333333,False
643744,0.0,0,0.2833333333333333,False
459305,0.0,0,0.2833333333333333,False
529906,0.0,0,0.2833333333333333,False
539379,0.0,0,0.2833333333333333,False
20588,0.0,0,0.9833333333333333,False
586850,0.0,0,0.6333333333333333,False
190599,0.0,0,0.2833333333333333,False
410528,0.0,0,0.2833333333333333,False
648247,0.0,0,0.2833333333333333,False
522353,0.0,0,0.2833333333333333,False
522296,0.0,0,0.2833333333333333,False
504137,0.0,0,0.31666666666666665,False
519746,0.0,0,0.5833333333333334,False
562211,0.0,0,0.2833333333333333,False
600038,0.0,0,0.2833333333333333,False
539401,0.0,0,0.2833333333333333,False
614386,0.0,0,0.3,False
439154,0.0,0,0.2833333333333333,False
414360,0.0,0,0.2833333333333333,False
193135,0.0,0,0.6833333333333333,False
485798,0.0,0,0.65,False
87135,0.0,0,0.9833333333333333,False
618196,0.0,0,0.31666666666666665,False
530461,0.0,0,0.3,False
352952,0.0,0,0.75,False
530431,0.0,0,0.3,False
624984,0.0,0,0.3,False
587655,0.0,0,0.3,False
519912,0.0,0,0.3,False
623334,0.0,0,0.3,False
539377,0.0,0,0.3,False
113055,0.0,0,0.9666666666666667,True
326768,0.0,0,0.6166666666666667,False
91721,0.0,0,0.31666666666666665,False
530232,0.0,0,0.3,False
586215,0.0,0,0.3,False
429719,0.0,0,0.3,False
189546,0.0,0,0.9833333333333333,False
533897,0.0,0,0.3,False
596481,0.0,0,0.3,False
539092,0.0,0,0.5166666666666667,False
543373,0.0,0,0.3,False
91722,0.0,0,0.3,False
500064,0.0,0,0.5166666666666667,False
454165,0.0,0,0.3,False
273178,0.0,0,0.3,False
486700,0.0,0,0.4666666666666667,False
263089,0.0,0,0.3,False
597075,0.0,0,0.3,False
317322,0.0,0,0.9666666666666667,False
519906,0.0,0,0.3,False
519707,0.0,0,0.3,False
565722,0.0,0,0.35,False
611625,0.0,0,0.3,False
501788,0.0,0,0.3,True
659016,0.0,0,0.3,False
42493,0.0,0,0.9833333333333333,False
511384,0.0,0,0.5,False
552957,0.0,0,0.3,False
597285,0.0,0,0.3,False
659019,0.0,0,0.3,False
117887,0.0,0,0.6166666666666667,False
639788,0.0,0,0.3,False
530421,0.0,0,0.3,False
597238,0.0,0,0.3,False
639519,0.0,0,0.36666666666666664,False
326896,0.0,0,0.3,False
627315,0.0,0,0.3,False
587118,0.0,0,0.3,False
608191,0.0,0,0.3,False
408917,0.0,0,0.3,False
182532,0.0,0,0.3,False
608192,0.0,0,0.3,False
275342,0.0,0,0.9666666666666667,False
484741,0.0,0,0.75,True
484745,0.0,0,0.8166666666666667,True
645141,0.0,0,0.3333333333333333,False
442162,0.0,0,0.75,False
62412,0.0,0,0.4166666666666667,False
553252,0.0,0,0.9166666666666666,False
620169,0.0,0,0.36666666666666664,False
538822,0.0,0,0.36666666666666664,False
623357,0.0,0,0.31666666666666665,False
600636,0.0,0,0.31666666666666665,False
598788,0.0,0,0.31666666666666665,False
586219,0.0,0,0.31666666666666665,False
625001,0.0,0,0.31666666666666665,False
530452,0.0,0,0.31666666666666665,False
530456,0.0,0,0.31666666666666665,False
326772,0.0,0,0.4166666666666667,False
530432,0.0,0,0.48333333333333334,False
316750,0.0,0,0.75,False
586562,0.0,0,0.31666666666666665,False
542896,0.0,0,0.5666666666666667,False
577675,0.0,0,0.31666666666666665,False
40909,0.0,0,0.6,False
325057,0.0,0,0.7,False
515616,0.0,0,0.4,False
533925,0.0,0,0.5666666666666667,False
670471,0.0,0,0.35,False
434706,0.0,0,0.3333333333333333,False
586535,0.0,0,0.3333333333333333,True
119425,0.0,0,0.8,False
664740,0.0,0,0.31666666666666665,False
618424,0.0,0,0.31666666666666665,False
511381,0.0,0,0.3333333333333333,False
654842,0.0,0,0.31666666666666665,False
666703,0.0,0,0.5333333333333333,False
586493,0.0,0,0.31666666666666665,False
597397,0.0,0,0.31666666666666665,False
615004,0.0,0,0.31666666666666665,False
174437,0.0,0,0.9833333333333333,False
500062,0.0,0,0.4,False
74808,0.0,0,0.31666666666666665,False
659218,0.0,0,0.31666666666666665,False
605165,0.0,0,0.31666666666666665,False
533898,0.0,0,0.31666666666666665,False
511441,0.0,0,0.6666666666666666,False
639786,0.0,0,0.31666666666666665,False
449836,0.0,0,0.31666666666666665,True
182533,0.0,0,0.31666666666666665,False
5398,0.0,0,0.31666666666666665,False
603850,0.0,0,0.31666666666666665,False
605167,0.0,0,0.31666666666666665,False
630640,0.0,0,0.31666666666666665,False
150192,0.0,0,0.31666666666666665,False
129462,0.0,0,0.31666666666666665,False
468391,0.0,0,0.95,False
127632,0.0,0,0.95,True
554601,0.0,0,0.9333333333333333,True
175909,0.0,0,0.6666666666666666,False
485381,0.0,0,0.9666666666666667,False
46421,0.0,0,0.9333333333333333,False
108963,0.0,0,0.9833333333333333,False
117532,0.0,0,0.8333333333333334,False
598740,0.0,0,0.3333333333333333,False
446993,0.0,0,0.3333333333333333,False
30579,0.0,0,0.8166666666666667,False
404901,0.0,0,0.9166666666666666,False
484587,0.0,0,0.55,False
407000,0.0,0,0.3333333333333333,False
652391,0.0,0,0.3333333333333333,False
618113,0.0,0,0.3333333333333333,False
448936,0.0,0,0.48333333333333334,False
389552,0.0,0,0.9833333333333333,False
615535,0.0,0,0.3333333333333333,False
410649,0.0,0,0.75,False
225375,0.0,0,0.9833333333333333,False
630906,0.0,0,0.8666666666666667,False
598836,0.0,0,0.3333333333333333,False
643408,0.0,0,0.3333333333333333,False
315625,0.0,0,0.36666666666666664,False
501085,0.0,0,0.3333333333333333,False
620950,0.0,0,0.3333333333333333,False
138363,0.0,0,0.4,False
505279,0.0,0,0.3333333333333333,False
425098,0.0,0,0.3333333333333333,False
325918,0.0,0,0.3333333333333333,False
136044,0.0,0,0.36666666666666664,True
410650,0.0,0,0.85,False
352796,0.0,0,0.6666666666666666,False
540210,0.0,0,0.3333333333333333,False
600846,0.0,0,0.4666666666666667,False
501086,0.0,0,0.3333333333333333,False
196811,0.0,0,0.3333333333333333,False
614190,0.0,0,0.3333333333333333,False
667835,0.0,0,0.45,False
449152,0.0,0,0.5833333333333334,False
656430,0.0,0,0.3333333333333333,False
614194,0.0,0,0.3333333333333333,False
586222,0.0,0,0.3333333333333333,False
577678,0.0,0,0.3333333333333333,False
515737,0.0,0,0.3333333333333333,False
577671,0.0,0,0.3333333333333333,False
464636,0.0,0,0.3333333333333333,False
552966,0.0,0,0.35,False
511190,0.0,0,0.3333333333333333,False
533907,0.0,0,0.3333333333333333,False
507621,0.0,0,0.3333333333333333,False
630901,0.0,0,0.3333333333333333,False
392611,0.0,0,0.3333333333333333,False
601964,0.0,0,0.48333333333333334,False
642809,0.0,0,0.3333333333333333,False
586494,0.0,0,0.3333333333333333,False
674979,0.0,0,0.3333333333333333,False
676020,0.0,0,0.3333333333333333,False
606737,0.0,0,0.3333333333333333,False
545533,0.0,0,0.48333333333333334,False
643137,0.0,0,0.3333333333333333,False
188048,0.0,0,0.9166666666666666,False
138910,0.0,0,0.95,False
586928,0.0,0,0.48333333333333334,False
153393,0.0,0,0.95,False
485535,0.0,0,0.36666666666666664,False
586842,0.0,0,0.38333333333333336,False
161655,0.0,0,0.5666666666666667,True
438567,0.0,0,0.7,False
530381,0.0,0,0.4166666666666667,False
639600,0.0,0,0.35,False
625194,0.0,0,0.35,False
485653,0.0,0,0.6333333333333333,False
171401,0.0,0,0.35,False
171402,0.0,0,0.35,False
265208,0.0,0,0.6166666666666667,True
126329,0.0,0,0.35,False
615827,0.0,0,0.35,False
408035,0.0,0,0.8,False
8834,0.0,0,0.9166666666666666,False
672702,0.0,0,0.35,False
629919,0.0,0,0.35,False
484622,0.0,0,0.6833333333333333,False
586817,0.0,0,0.35,False
553305,0.0,0,0.35,False
553399,0.0,0,0.9,False
529905,0.0,0,0.35,False
664735,0.0,0,0.38333333333333336,False
670473,0.0,0,0.36666666666666664,False
88036,0.0,0,0.85,False
603910,0.0,0,0.35,False
666809,0.0,0,0.35,False
579336,0.0,0,0.35,False
623574,0.0,0,0.35,False
488776,0.0,0,0.45,False
684229,0.0,0,0.5166666666666667,True
630203,0.0,0,0.35,False
664955,0.0,0,0.35,False
630197,0.0,0,0.35,False
630196,0.0,0,0.35,False
630199,0.0,0,0.35,False
643322,0.0,0,0.35,False
556220,0.0,0,0.4166666666666667,False
529902,0.0,0,0.35,False
618104,0.0,0,0.35,False
597174,0.0,0,0.35,False
643323,0.0,0,0.35,False
624962,0.0,0,0.43333333333333335,False
450614,0.0,0,0.38333333333333336,False
645311,0.0,0,0.35,False
506746,0.0,0,0.35,False
620945,0.0,0,0.35,False
519396,0.0,0,0.48333333333333334,False
553326,0.0,0,0.35,False
501055,0.0,0,0.35,False
530252,0.0,0,0.35,False
501648,0.0,0,0.35,False
586630,0.0,0,0.35,False
596448,0.0,0,0.35,False
645309,0.0,0,0.35,False
597234,0.0,0,0.35,False
530246,0.0,0,0.48333333333333334,False
501052,0.0,0,0.35,False
429329,0.0,0,0.35,False
625949,0.0,0,0.35,False
660131,0.0,0,0.35,False
189173,0.0,0,0.43333333333333335,True
702760,0.0,0,0.35,False
624906,0.0,0,0.36666666666666664,False
552972,0.0,0,0.36666666666666664,False
587647,0.0,0,0.36666666666666664,False
153389,0.0,0,0.9833333333333333,False
614958,0.0,0,0.36666666666666664,False
46806,0.0,0,0.9833333333333333,False
614957,0.0,0,0.36666666666666664,False
161193,0.0,0,0.9,True
664695,0.0,0,0.36666666666666664,False
406901,0.0,0,0.36666666666666664,False
587649,0.0,0,0.36666666666666664,False
330988,0.0,0,0.5333333333333333,True
485675,0.0,0,0.4,False
532166,0.0,0,0.36666666666666664,False
519639,0.0,0,0.36666666666666664,False
391361,0.0,0,0.36666666666666664,False
533846,0.0,0,0.36666666666666664,False
598749,0.0,0,0.36666666666666664,False
354287,0.0,0,0.43333333333333335,False
516865,0.0,0,0.5833333333333334,False
553459,0.0,0,0.36666666666666664,False
501064,0.0,0,0.4,False
597264,0.0,0,0.36666666666666664,False
701706,0.0,0,0.36666666666666664,False
552762,0.0,0,0.36666666666666664,False
663579,0.0,0,0.36666666666666664,False
597148,0.0,0,0.36666666666666664,False
587089,0.0,0,0.48333333333333334,False
606056,0.0,0,0.36666666666666664,False
516849,0.0,0,0.6666666666666666,False
625885,0.0,0,0.36666666666666664,False
697011,0.0,0,0.48333333333333334,False
421321,0.0,0,0.36666666666666664,False
284993,0.0,0,0.36666666666666664,False
701710,0.0,0,0.36666666666666664,False
647276,0.0,0,0.36666666666666664,False
639187,0.0,0,0.36666666666666664,False
625192,0.0,0,0.36666666666666664,False
647274,0.0,0,0.36666666666666664,False
625879,0.0,0,0.36666666666666664,False
639815,0.0,0,0.36666666666666664,False
597185,0.0,0,0.65,False
691077,0.0,0,0.36666666666666664,False
111918,0.0,0,0.36666666666666664,False
602785,0.0,0,0.36666666666666664,False
624904,0.0,0,0.36666666666666664,False
138481,0.0,0,0.36666666666666664,False
586418,0.0,0,0.36666666666666664,False
326996,0.0,0,0.36666666666666664,False
711033,0.0,0,0.4,False
598784,0.0,0,0.43333333333333335,False
519748,0.0,0,0.8333333333333334,True
530460,0.0,0,0.38333333333333336,False
603848,0.0,0,0.38333333333333336,False
438572,0.0,0,0.75,False
666678,0.0,0,0.38333333333333336,False
671174,0.0,0,0.38333333333333336,False
671175,0.0,0,0.38333333333333336,False
485315,0.0,0,0.9833333333333333,False
586629,0.0,0,0.38333333333333336,False
647437,0.0,0,0.38333333333333336,False
500183,0.0,0,0.4666666666666667,False
674968,0.0,0,0.38333333333333336,False
630562,0.0,0,0.4,False
395245,0.0,0,0.38333333333333336,False
639739,0.0,0,0.38333333333333336,False
80039,0.0,0,0.9666666666666667,False
79589,0.0,0,0.95,False
226448,0.0,0,0.9833333333333333,False
639561,0.0,0,0.38333333333333336,False
109774,0.0,0,0.9833333333333333,False
605395,0.0,0,0.38333333333333336,False
485596,0.0,0,0.4166666666666667,False
639559,0.0,0,0.38333333333333336,False
501109,0.0,0,0.38333333333333336,True
402610,0.0,0,0.6333333333333333,False
539264,0.0,0,0.38333333333333336,False
395246,0.0,0,0.4166666666666667,False
597077,0.0,0,0.4,False
545185,0.0,0,0.38333333333333336,False
325738,0.0,0,0.38333333333333336,False
657565,0.0,0,0.38333333333333336,False
283720,0.0,0,0.38333333333333336,False
485602,0.0,0,0.45,False
504115,0.0,0,0.48333333333333334,False
594653,0.0,0,0.38333333333333336,False
647277,0.0,0,0.38333333333333336,False
608183,0.0,0,0.38333333333333336,False
552631,0.0,0,0.38333333333333336,False
597149,0.0,0,0.38333333333333336,False
712192,0.0,0,0.38333333333333336,False
666674,0.0,0,0.38333333333333336,False
485538,0.0,0,0.38333333333333336,True
597008,0.0,0,0.38333333333333336,False
519640,0.0,0,0.38333333333333336,False
519424,0.0,0,0.4166666666666667,False
641139,0.0,0,0.38333333333333336,False
575857,0.0,0,0.6,False
552850,0.0,0,0.38333333333333336,False
500115,0.0,0,0.38333333333333336,False
504150,0.0,0,0.7333333333333333,False
689397,0.0,0,0.38333333333333336,False
690687,0.0,0,0.38333333333333336,False
525089,0.0,0,0.48333333333333334,False
139415,0.0,0,0.9166666666666666,False
85975,0.0,0,0.9833333333333333,False
585652,0.0,0,0.4,False
592467,0.0,0,0.9166666666666666,False
621815,0.0,0,0.4,False
711099,0.0,0,0.4,False
552603,0.0,0,0.4666666666666667,False
193431,0.0,0,0.4,False
55069,0.0,0,0.9,False
569016,0.0,0,0.5166666666666667,False
625188,0.0,0,0.4,False
191611,0.0,0,0.5833333333333334,False
193437,0.0,0,0.4,False
605971,0.0,0,0.4,False
597172,0.0,0,0.6333333333333333,False
603691,0.0,0,0.4,False
603693,0.0,0,0.4,False
630854,0.0,0,0.4,False
363839,0.0,0,0.9833333333333333,False
142218,0.0,0,0.9,False
596391,0.0,0,0.4,False
111983,0.0,0,0.5666666666666667,False
605969,0.0,0,0.4,False
712162,0.0,0,0.4,False
66268,0.0,0,0.9833333333333333,False
597354,0.0,0,0.4,False
643139,0.0,0,0.4,False
636734,0.0,0,0.4,False
106176,0.0,0,0.6333333333333333,False
702762,0.0,0,0.4,False
150806,0.0,0,0.4,False
623550,0.0,0,0.4,False
686002,0.0,0,0.4,False
597396,0.0,0,0.4,False
656243,0.0,0,0.4166666666666667,False
51951,0.0,0,0.8166666666666667,False
587161,0.0,0,0.4,False
196813,0.0,0,0.4,False
378745,0.0,0,0.95,False
614848,0.0,0,0.4,False
30168,0.0,0,0.9833333333333333,False
596396,0.0,0,0.4,False
661193,0.0,0,0.4,False
636736,0.0,0,0.4,False
600694,0.0,0,0.4,False
562219,0.0,0,0.4,False
615547,0.0,0,0.4,False
676703,0.0,0,0.4,False
600692,0.0,0,0.4,False
642343,0.0,0,0.7166666666666667,False
71014,0.0,0,0.4,False
676706,0.0,0,0.4,False
601937,0.0,0,0.4,False
693252,0.0,0,0.4,False
511246,0.0,0,0.4,False
-427318,0.0,0,0.4,False
530254,0.0,0,0.4166666666666667,False
697006,0.0,0,0.4,False
-427319,0.0,0,0.4,False
-331989,0.0,0,0.4,False
71016,0.0,0,0.4,False
17777,0.0,0,0.9666666666666667,False
540657,0.0,0,0.75,False
596521,0.0,0,0.4166666666666667,False
620211,0.0,0,0.43333333333333335,False
451396,0.0,0,0.4166666666666667,False
562106,0.0,0,0.45,False
562101,0.0,0,0.4166666666666667,False
622883,0.0,0,0.4166666666666667,False
689529,0.0,0,0.5666666666666667,False
525102,0.0,0,0.4166666666666667,False
622969,0.0,0,0.4166666666666667,False
163914,0.0,0,0.4166666666666667,False
666704,0.0,0,0.6666666666666666,False
615620,0.0,0,0.55,False
539153,0.0,0,0.4166666666666667,False
630862,0.0,0,0.4166666666666667,False
596515,0.0,0,0.4166666666666667,False
530622,0.0,0,0.4666666666666667,True
363808,0.0,0,0.8666666666666667,False
562177,0.0,0,0.4166666666666667,False
504272,0.0,0,0.4166666666666667,False
684271,0.0,0,0.4166666666666667,False
485810,0.0,0,0.4166666666666667,False
596518,0.0,0,0.4166666666666667,False
441486,0.0,0,0.6833333333333333,False
485804,0.0,0,0.55,False
17444,0.0,0,0.7666666666666667,False
434231,0.0,0,0.45,True
182539,0.0,0,0.4166666666666667,False
662935,0.0,0,0.4166666666666667,False
91371,0.0,0,0.4166666666666667,True
501643,0.0,0,0.48333333333333334,False
553502,0.0,0,0.4166666666666667,False
500091,0.0,0,0.4166666666666667,False
596975,0.0,0,0.43333333333333335,False
113366,0.0,0,0.5666666666666667,True
630864,0.0,0,0.4166666666666667,False
503034,0.0,0,0.5166666666666667,False
684701,0.0,0,0.48333333333333334,False
630863,0.0,0,0.4166666666666667,False
189019,0.0,0,0.6333333333333333,False
605013,0.0,0,0.48333333333333334,False
410725,0.0,0,0.4166666666666667,False
451392,0.0,0,0.4166666666666667,False
643358,0.0,0,0.4166666666666667,False
533931,0.0,0,0.4166666666666667,False
95429,0.0,0,0.48333333333333334,False
712934,0.0,0,0.4166666666666667,False
620921,0.0,0,0.5333333333333333,False
699439,0.0,0,0.4166666666666667,False
686004,0.0,0,0.4166666666666667,False
643140,0.0,0,0.4166666666666667,False
538775,0.0,0,0.4166666666666667,False
141032,0.0,0,0.4166666666666667,False
285007,0.0,0,0.4166666666666667,False
509817,0.0,0,0.5666666666666667,False
72696,0.0,0,0.95,False
634961,0.0,0,0.43333333333333335,False
651432,0.0,0,0.43333333333333335,False
667843,0.0,0,0.43333333333333335,False
188119,0.0,0,0.43333333333333335,False
662390,0.0,0,0.43333333333333335,False
597384,0.0,0,0.43333333333333335,False
326773,0.0,0,0.8166666666666667,False
605980,0.0,0,0.43333333333333335,False
399178,0.0,0,0.5666666666666667,False
402025,0.0,0,0.43333333333333335,False
18562,0.0,0,0.9833333333333333,False
673753,0.0,0,0.43333333333333335,False
327601,0.0,0,0.7166666666666667,False
606004,0.0,0,0.43333333333333335,False
440113,0.0,0,0.9833333333333333,False
292993,0.0,0,0.5833333333333334,False
439951,0.0,0,0.95,False
511181,0.0,0,0.6833333333333333,False
568322,0.0,0,0.43333333333333335,False
486641,0.0,0,0.45,False
679197,0.0,0,0.6333333333333333,False
745224,0.0,0,0.43333333333333335,False
434573,0.0,0,0.43333333333333335,False
407035,0.0,0,0.8833333333333333,False
622983,0.0,0,0.43333333333333335,False
581716,0.0,0,0.9833333333333333,False
679195,0.0,0,0.6333333333333333,False
587167,0.0,0,0.43333333333333335,False
651431,0.0,0,0.43333333333333335,False
598866,0.0,0,0.5333333333333333,False
706042,0.0,0,0.6666666666666666,False
562236,0.0,0,0.43333333333333335,False
684268,0.0,0,0.43333333333333335,False
622876,0.0,0,0.43333333333333335,False
519505,0.0,0,0.43333333333333335,False
662852,0.0,0,0.5166666666666667,False
618224,0.0,0,0.43333333333333335,False
649678,0.0,0,0.43333333333333335,False
662851,0.0,0,0.5166666666666667,False
175976,0.0,0,0.7666666666666667,False
605409,0.0,0,0.5666666666666667,False
586919,0.0,0,0.43333333333333335,False
586879,0.0,0,0.4666666666666667,False
539152,0.0,0,0.43333333333333335,False
530602,0.0,0,0.5833333333333334,False
600965,0.0,0,0.43333333333333335,False
662388,0.0,0,0.43333333333333335,False
486647,0.0,0,0.43333333333333335,False
402565,0.0,0,0.43333333333333335,False
623103,0.0,0,0.45,False
618209,0.0,0,0.43333333333333335,False
707813,0.0,0,0.43333333333333335,True
586881,0.0,0,0.48333333333333334,False
676324,0.0,0,0.43333333333333335,False
402566,0.0,0,0.43333333333333335,False
650512,0.0,0,0.43333333333333335,False
662938,0.0,0,0.43333333333333335,False
188413,0.0,0,0.48333333333333334,False
525105,0.0,0,0.43333333333333335,False
618220,0.0,0,0.43333333333333335,False
597403,0.0,0,0.43333333333333335,False
624980,0.0,0,0.43333333333333335,False
618218,0.0,0,0.43333333333333335,False
680584,0.0,0,0.43333333333333335,False
154004,0.0,0,0.9833333333333333,True
562014,0.0,0,0.43333333333333335,False
670382,0.0,0,0.43333333333333335,False
562239,0.0,0,0.43333333333333335,False
711190,0.0,0,0.43333333333333335,False
717499,0.0,0,0.43333333333333335,False
611642,0.0,0,0.45,False
606738,0.0,0,0.43333333333333335,False
717495,0.0,0,0.43333333333333335,False
717497,0.0,0,0.43333333333333335,False
399145,0.0,0,0.43333333333333335,False
717490,0.0,0,0.43333333333333335,False
717493,0.0,0,0.43333333333333335,False
717488,0.0,0,0.43333333333333335,False
696277,0.0,0,0.43333333333333335,False
95134,0.0,0,0.43333333333333335,False
407402,0.0,0,0.43333333333333335,False
689765,0.0,0,0.45,False
636733,0.0,0,0.45,False
553329,0.0,0,0.7333333333333333,False
110066,0.0,0,0.9833333333333333,False
519737,0.0,0,0.7833333333333333,False
515702,0.0,0,0.45,False
633025,0.0,0,0.65,False
649676,0.0,0,0.5666666666666667,False
292995,0.0,0,0.85,False
38370,0.0,0,0.7166666666666667,False
552986,0.0,0,0.6833333333333333,False
552988,0.0,0,0.6333333333333333,False
606460,0.0,0,0.9666666666666667,False
525163,0.0,0,0.45,False
716756,0.0,0,0.45,False
729458,0.0,0,0.7,False
342966,0.0,0,0.9833333333333333,False
292994,0.0,0,0.6666666666666666,False
502228,0.0,0,0.45,False
116937,0.0,0,0.45,True
552989,0.0,0,0.6166666666666667,False
525167,0.0,0,0.45,False
220711,0.0,0,0.9833333333333333,False
603696,0.0,0,0.45,False
732516,0.0,0,0.4666666666666667,False
643321,0.0,0,0.45,False
553403,0.0,0,0.8833333333333333,False
608184,0.0,0,0.45,False
552987,0.0,0,0.65,False
622974,0.0,0,0.45,False
678588,0.0,0,0.45,False
27561,0.0,0,0.95,False
175722,0.0,0,0.95,True
662333,0.0,0,0.48333333333333334,False
716751,0.0,0,0.45,False
603913,0.0,0,0.45,False
502244,0.0,0,0.45,False
525223,0.0,0,0.45,False
502239,0.0,0,0.45,False
586818,0.0,0,0.45,False
606464,0.0,0,0.9666666666666667,False
97008,0.0,0,0.45,False
643355,0.0,0,0.45,False
622980,0.0,0,0.45,False
614849,0.0,0,0.45,False
640125,0.0,0,0.7833333333333333,False
597373,0.0,0,0.45,False
706039,0.0,0,0.7,False
662328,0.0,0,0.45,False
662172,0.0,0,0.45,False
622977,0.0,0,0.45,False
675547,0.0,0,0.5,False
684691,0.0,0,0.45,False
316559,0.0,0,0.8833333333333333,False
737587,0.0,0,0.45,False
714653,0.0,0,0.45,False
668689,0.0,0,0.45,False
47227,0.0,0,0.45,False
182538,0.0,0,0.45,False
568320,0.0,0,0.45,False
447006,0.0,0,0.45,False
718960,0.0,0,0.45,True
434796,0.0,0,0.48333333333333334,False
227754,0.0,0,0.45,True
711034,0.0,0,0.45,False
-52065,0.0,0,0.45,False
-54300,0.0,0,0.45,False
84186,0.0,0,0.6833333333333333,True
723474,0.0,0,0.5166666666666667,False
63160,0.0,0,0.9333333333333333,False
325864,0.0,0,0.4666666666666667,False
525297,0.0,0,0.4666666666666667,False
608069,0.0,0,0.4666666666666667,False
670496,0.0,0,0.6333333333333333,False
557228,0.0,0,0.95,False
663242,0.0,0,0.4666666666666667,False
108307,0.0,0,0.8166666666666667,False
460991,0.0,0,0.4666666666666667,False
562096,0.0,0,0.4666666666666667,False
460997,0.0,0,0.4666666666666667,False
506257,0.0,0,0.9166666666666666,False
598929,0.0,0,0.4666666666666667,False
608066,0.0,0,0.4666666666666667,False
641189,0.0,0,0.95,False
676981,0.0,0,0.6333333333333333,False
597204,0.0,0,0.6166666666666667,False
539353,0.0,0,0.4666666666666667,False
600637,0.0,0,0.4666666666666667,False
51955,0.0,0,0.6833333333333333,False
670463,0.0,0,0.5,False
198614,0.0,0,0.4666666666666667,False
716755,0.0,0,0.5166666666666667,False
699994,0.0,0,0.6833333333333333,False
598780,0.0,0,0.4666666666666667,False
154475,0.0,0,0.4666666666666667,False
197587,0.0,0,0.4666666666666667,False
754014,0.0,0,0.4666666666666667,False
749550,0.0,0,0.4666666666666667,False
712082,0.0,0,0.4666666666666667,False
688488,0.0,0,0.55,False
117773,0.0,0,0.4666666666666667,False
427875,0.0,0,0.4666666666666667,False
635198,0.0,0,0.85,False
364280,0.0,0,0.9833333333333333,False
686644,0.0,0,0.5,False
421634,0.0,0,0.9166666666666666,False
598839,0.0,0,0.65,False
630840,0.0,0,0.95,False
678626,0.0,0,0.48333333333333334,False
586739,0.0,0,0.8333333333333334,False
653761,0.0,0,0.48333333333333334,False
404672,0.0,0,0.48333333333333334,True
341690,0.0,0,0.9833333333333333,True
356589,0.0,0,0.95,False
331735,0.0,0,0.6833333333333333,True
716896,0.0,0,0.48333333333333334,False
110968,0.0,0,0.7,False
6766,0.0,0,0.9833333333333333,False
709749,0.0,0,0.5,False
167895,0.0,0,0.6,False
676544,0.0,0,0.48333333333333334,False
608071,0.0,0,0.48333333333333334,False
728300,0.0,0,0.48333333333333334,False
402860,0.0,0,0.48333333333333334,False
614387,0.0,0,0.7,False
706026,0.0,0,0.48333333333333334,False
747964,0.0,0,0.5333333333333333,False
747965,0.0,0,0.5166666666666667,False
598807,0.0,0,0.48333333333333334,False
679184,0.0,0,0.48333333333333334,False
684665,0.0,0,0.5333333333333333,False
747963,0.0,0,0.5333333333333333,False
624964,0.0,0,0.6333333333333333,False
615030,0.0,0,0.48333333333333334,False
486178,0.0,0,0.48333333333333334,False
109823,0.0,0,0.48333333333333334,False
194156,0.0,0,0.48333333333333334,False
596761,0.0,0,0.48333333333333334,False
522271,0.0,0,0.48333333333333334,False
562095,0.0,0,0.48333333333333334,False
429336,0.0,0,0.48333333333333334,False
624878,0.0,0,0.5666666666666667,False
673643,0.0,0,0.48333333333333334,False
681925,0.0,0,0.48333333333333334,False
690686,0.0,0,0.48333333333333334,False
660135,0.0,0,0.48333333333333334,False
739610,0.0,0,0.48333333333333334,True
296815,0.0,0,0.48333333333333334,False
5015,0.0,0,0.48333333333333334,False
670365,0.0,0,0.7333333333333333,False
686642,0.0,0,0.6166666666666667,False
158251,0.0,0,0.6666666666666666,False
72181,0.0,0,0.9666666666666667,False
384460,0.0,0,0.6666666666666666,False
634993,0.0,0,0.5,False
132593,0.0,0,0.9166666666666666,True
331487,0.0,0,0.65,False
442160,0.0,0,0.95,False
608083,0.0,0,0.5,False
525298,0.0,0,0.5,False
635190,0.0,0,0.5,False
605459,0.0,0,0.5,False
577686,0.0,0,0.95,False
747688,0.0,0,0.5,False
390891,0.0,0,0.7666666666666667,True
763233,0.0,0,0.9,False
331737,0.0,0,0.7333333333333333,True
643118,0.0,0,0.5,False
605979,0.0,0,0.7333333333333333,False
597241,0.0,0,0.5,False
725961,0.0,0,0.5166666666666667,False
683213,0.0,0,0.5,False
683215,0.0,0,0.5,False
690825,0.0,0,0.5,False
630200,0.0,0,0.5,False
503021,0.0,0,0.5,False
630202,0.0,0,0.5,False
630188,0.0,0,0.9166666666666666,True
714764,0.0,0,0.5,False
187583,0.0,0,0.9666666666666667,False
421691,0.0,0,0.5,False
643720,0.0,0,0.5,False
700860,0.0,0,0.5666666666666667,False
661363,0.0,0,0.5,False
84985,0.0,0,0.5,False
608081,0.0,0,0.5,False
598919,0.0,0,0.5,False
753269,0.0,0,0.5,False
70073,0.0,0,0.7,False
309747,0.0,0,0.7666666666666667,False
745689,0.0,0,0.5,False
233111,0.0,0,0.5,False
71015,0.0,0,0.75,False
615006,0.0,0,0.5,False
437288,0.0,0,0.5,False
597186,0.0,0,0.6333333333333333,False
747968,0.0,0,0.5,False
20765,0.0,0,0.5,False
686645,0.0,0,0.6,True
504391,0.0,0,0.55,False
634830,0.0,0,0.5,False
177766,0.0,0,0.6833333333333333,False
726064,0.0,0,0.5666666666666667,False
747966,0.0,0,0.5,False
747967,0.0,0,0.5,False
670885,0.0,0,0.5,False
731357,0.0,0,0.5,False
97899,0.0,0,0.6,False
631003,0.0,0,0.5,False
97902,0.0,0,0.5,False
761200,0.0,0,0.5,False
446986,0.0,0,0.5166666666666667,False
57189,0.0,0,0.5,False
580579,0.0,0,0.5,False
371466,0.0,0,0.5,False
351573,0.0,0,0.55,False
598739,0.0,0,0.6833333333333333,False
624998,0.0,0,0.7333333333333333,False
545263,0.0,0,0.5166666666666667,False
742751,0.0,0,0.6666666666666666,False
509818,0.0,0,0.95,False
676318,0.0,0,0.6166666666666667,False
634822,0.0,0,0.5833333333333334,False
709643,0.0,0,0.6166666666666667,False
615481,0.0,0,0.5166666666666667,False
601976,0.0,0,0.55,False
791549,0.0,0,0.5666666666666667,True
601926,0.0,0,0.5166666666666667,False
642476,0.0,0,0.5166666666666667,False
642477,0.0,0,0.5166666666666667,False
615033,0.0,0,0.5166666666666667,False
586007,0.0,0,0.5166666666666667,False
605120,0.0,0,0.5166666666666667,False
700856,0.0,0,0.55,False
460985,0.0,0,0.5166666666666667,True
615488,0.0,0,0.5166666666666667,False
606191,0.0,0,0.5166666666666667,False
586682,0.0,0,0.5166666666666667,False
676314,0.0,0,0.6166666666666667,False
-411817,0.0,0,0.55,False
615485,0.0,0,0.5166666666666667,False
703346,0.0,0,0.5166666666666667,False
492691,0.0,0,0.7333333333333333,False
614873,0.0,0,0.5166666666666667,False
608077,0.0,0,0.5166666666666667,False
597113,0.0,0,0.55,False
601966,0.0,0,0.5166666666666667,False
597080,0.0,0,0.5166666666666667,False
762602,0.0,0,0.5833333333333334,False
534041,0.0,0,0.6,False
736224,0.0,0,0.5166666666666667,False
597110,0.0,0,0.5333333333333333,False
-70057,0.0,0,0.5166666666666667,False
761253,0.0,0,0.5833333333333334,False
670889,0.0,0,0.5166666666666667,False
712284,0.0,0,0.5166666666666667,False
-93424,0.0,0,0.5166666666666667,False
614863,0.0,0,0.5166666666666667,False
736229,0.0,0,0.5333333333333333,False
736234,0.0,0,0.5166666666666667,False
19020,0.0,0,0.5166666666666667,False
586548,0.0,0,0.5166666666666667,False
654699,0.0,0,0.5166666666666667,False
-702760,0.0,0,0.5166666666666667,False
736219,0.0,0,0.5166666666666667,False
736220,0.0,0,0.5166666666666667,False
723526,0.0,0,0.5166666666666667,True
643121,0.0,0,0.5166666666666667,False
460954,0.0,0,0.5166666666666667,True
586547,0.0,0,0.5166666666666667,False
633008,0.0,0,0.5166666666666667,False
633006,0.0,0,0.5166666666666667,False
725984,0.0,0,0.5166666666666667,False
736236,0.0,0,0.5166666666666667,False
648153,0.0,0,0.5166666666666667,False
676533,0.0,0,0.5166666666666667,False
745738,0.0,0,0.5166666666666667,False
606192,0.0,0,0.5166666666666667,False
635189,0.0,0,0.5166666666666667,False
676535,0.0,0,0.5166666666666667,False
530255,0.0,0,0.5166666666666667,False
552855,0.0,0,0.5166666666666667,False
606190,0.0,0,0.5166666666666667,False
745671,0.0,0,0.5166666666666667,False
648154,0.0,0,0.5166666666666667,False
540230,0.0,0,0.5166666666666667,False
776718,0.0,0,0.5166666666666667,False
741033,0.0,0,0.5166666666666667,False
530243,0.0,0,0.5166666666666667,False
773212,0.0,0,0.5333333333333333,False
-356605,0.0,0,0.5333333333333333,False
568327,0.0,0,0.75,False
451391,0.0,0,0.5333333333333333,False
562283,0.0,0,0.6333333333333333,False
624996,0.0,0,0.7166666666666667,False
443673,0.0,0,0.7333333333333333,False
748103,0.0,0,0.5333333333333333,False
709755,0.0,0,0.95,False
635208,0.0,0,0.5333333333333333,False
434971,0.0,0,0.9333333333333333,False
568325,0.0,0,0.8,False
587744,0.0,0,0.5333333333333333,False
634914,0.0,0,0.5333333333333333,False
614788,0.0,0,0.55,False
759394,0.0,0,0.5333333333333333,False
522247,0.0,0,0.6,False
614874,0.0,0,0.55,False
-20584,0.0,0,0.5333333333333333,False
-20576,0.0,0,0.5333333333333333,False
799442,0.0,0,0.5333333333333333,False
679019,0.0,0,0.5333333333333333,False
618132,0.0,0,0.5333333333333333,False
630409,0.0,0,0.5333333333333333,False
744333,0.0,0,0.5333333333333333,False
-49582,0.0,0,0.5333333333333333,False
679025,0.0,0,0.5333333333333333,False
615036,0.0,0,0.5333333333333333,False
691227,0.0,0,0.6333333333333333,True
-20549,0.0,0,0.5833333333333334,False
608079,0.0,0,0.5333333333333333,False
714765,0.0,0,0.55,False
-138004,0.0,0,0.5333333333333333,False
762608,0.0,0,0.6,False
298057,0.0,0,0.7,False
-20592,0.0,0,0.5333333333333333,False
753940,0.0,0,0.95,False
525005,0.0,0,0.6333333333333333,False
-20402,0.0,0,0.5333333333333333,False
-14101,0.0,0,0.5333333333333333,False
587148,0.0,0,0.5333333333333333,False
-139234,0.0,0,0.5333333333333333,False
618138,0.0,0,0.5333333333333333,False
-144109,0.0,0,0.5333333333333333,True
-139517,0.0,0,0.5333333333333333,False
654610,0.0,0,0.5333333333333333,False
699920,0.0,0,0.5833333333333334,False
654607,0.0,0,0.5333333333333333,False
620306,0.0,0,0.5333333333333333,False
713256,0.0,0,0.5333333333333333,False
317933,0.0,0,0.5333333333333333,False
-17028,0.0,0,0.5333333333333333,False
-155277,0.0,0,0.6,False
664684,0.0,0,0.5333333333333333,False
598753,0.0,0,0.5333333333333333,False
-84698,0.0,0,0.5333333333333333,False
611628,0.0,0,0.5333333333333333,False
568541,0.0,0,0.5333333333333333,False
779199,0.0,0,0.5333333333333333,False
-19006,0.0,0,0.5333333333333333,False
759674,0.0,0,0.5333333333333333,False
437040,0.0,0,0.5333333333333333,True
793670,0.0,0,0.5333333333333333,True
-17034,0.0,0,0.5333333333333333,False
-13997,0.0,0,0.5333333333333333,False
-14098,0.0,0,0.5333333333333333,False
-347413,0.0,0,0.5333333333333333,False
684745,0.0,0,0.5333333333333333,False
-304166,0.0,0,0.5333333333333333,False
-356609,0.0,0,0.5333333333333333,False
692234,0.0,0,0.9,False
136631,0.0,0,0.95,False
635064,0.0,0,0.6833333333333333,False
685535,0.0,0,0.7666666666666667,False
647418,0.0,0,0.6,True
814724,0.0,0,0.6333333333333333,True
814716,0.0,0,0.6,True
814677,0.0,0,0.6833333333333333,True
814656,0.0,0,0.6,True
814751,0.0,0,0.6333333333333333,True
814703,0.0,0,0.8666666666666667,True
814675,0.0,0,0.7666666666666667,True
814726,0.0,0,0.75,True
814666,0.0,0,0.5833333333333334,True
814707,0.0,0,0.8666666666666667,True
814673,0.0,0,0.6,True
814676,0.0,0,0.6333333333333333,True
814758,0.0,0,0.75,True
814910,0.0,0,0.9,True
814749,0.0,0,0.6,True
814661,0.0,0,0.6333333333333333,True
814759,0.0,0,0.6333333333333333,True
814761,0.0,0,0.6166666666666667,True
814692,0.0,0,0.7833333333333333,True
814709,0.0,0,0.6,True
814907,0.0,0,0.6833333333333333,True
814672,0.0,0,0.6166666666666667,True
814680,0.0,0,0.6833333333333333,True
814645,0.0,0,0.5833333333333334,True
814745,0.0,0,0.6,True
753280,0.0,0,0.5666666666666667,False
669296,0.0,0,0.5666666666666667,False
154925,0.0,0,0.9833333333333333,False
730585,0.0,0,0.55,False
189057,0.0,0,0.75,False
758760,0.0,0,0.55,False
657542,0.0,0,0.55,False
656710,0.0,0,0.55,False
614791,0.0,0,0.5666666666666667,False
752594,0.0,0,0.55,False
745620,0.0,0,0.55,False
486165,0.0,0,0.9333333333333333,False
614789,0.0,0,0.5666666666666667,False
500836,0.0,0,0.55,False
597103,0.0,0,0.6166666666666667,False
814713,0.0,0,0.55,False
758712,0.0,0,0.55,False
673649,0.0,0,0.55,False
325109,0.0,0,0.8666666666666667,False
750965,0.0,0,0.55,False
410813,0.0,0,0.5666666666666667,False
652392,0.0,0,0.55,False
374016,0.0,0,0.8,False
393963,0.0,0,0.55,False
654700,0.0,0,0.55,False
500835,0.0,0,0.55,False
799890,0.0,0,0.5666666666666667,False
752593,0.0,0,0.55,False
635210,0.0,0,0.55,False
515741,0.0,0,0.55,False
484561,0.0,0,0.7,False
735243,0.0,0,0.55,False
639557,0.0,0,0.55,False
586510,0.0,0,0.6,False
726178,0.0,0,0.55,False
762575,0.0,0,0.55,False
623456,0.0,0,0.5833333333333334,False
742759,0.0,0,0.55,False
634826,0.0,0,0.5833333333333334,False
716655,0.0,0,0.55,False
597181,0.0,0,0.95,False
-175342,0.0,0,0.7666666666666667,False
-303603,0.0,0,0.55,False
641191,0.0,0,0.9833333333333333,False
630407,0.0,0,0.85,False
794800,0.0,0,0.9333333333333333,False
716657,0.0,0,0.55,False
-175343,0.0,0,0.55,False
736475,0.0,0,0.55,False
747978,0.0,0,0.55,False
713371,0.0,0,0.55,False
686376,0.0,0,0.55,False
164833,0.0,0,0.55,False
164835,0.0,0,0.55,False
747979,0.0,0,0.55,False
539073,0.0,0,0.55,False
630378,0.0,0,0.55,False
597363,0.0,0,0.55,False
725968,0.0,0,0.55,False
363628,0.0,0,0.55,False
500456,0.0,0,0.6,False
649763,0.0,0,0.55,False
757852,0.0,0,0.55,False
753272,0.0,0,0.55,False
552740,0.0,0,0.55,False
598746,0.0,0,0.55,False
586005,0.0,0,0.7833333333333333,False
52410,0.0,0,0.9833333333333333,False
634987,0.0,0,0.55,False
667737,0.0,0,0.7666666666666667,True
742785,0.0,0,0.9333333333333333,False
331690,0.0,0,0.9833333333333333,False
814750,0.0,0,0.7,True
814674,0.0,0,0.75,True
814670,0.0,0,0.85,True
643707,0.0,0,0.7333333333333333,False
758719,0.0,0,0.5666666666666667,False
725970,0.0,0,0.5666666666666667,False
118652,0.0,0,0.8333333333333334,True
758717,0.0,0,0.5666666666666667,False
692702,0.0,0,0.5666666666666667,False
660707,0.0,0,0.5666666666666667,False
525280,0.0,0,0.8,False
641221,0.0,0,0.9666666666666667,False
643680,0.0,0,0.5666666666666667,False
642453,0.0,0,0.5666666666666667,False
642451,0.0,0,0.5666666666666667,False
695819,0.0,0,0.5666666666666667,False
326828,0.0,0,0.5666666666666667,False
758715,0.0,0,0.5666666666666667,False
615824,0.0,0,0.9833333333333333,False
586646,0.0,0,0.6166666666666667,False
718932,0.0,0,0.5666666666666667,True
500176,0.0,0,0.5666666666666667,False
643678,0.0,0,0.5666666666666667,False
-83891,0.0,0,0.5666666666666667,False
669890,0.0,0,0.5666666666666667,False
586392,0.0,0,0.7,False
596014,0.0,0,0.7,False
623380,0.0,0,0.5666666666666667,False
562190,0.0,0,0.5666666666666667,False
-83880,0.0,0,0.5666666666666667,False
753273,0.0,0,0.6333333333333333,False
730565,0.0,0,0.5666666666666667,True
716656,0.0,0,0.5666666666666667,False
697009,0.0,0,0.9666666666666667,False
702758,0.0,0,0.5666666666666667,False
-697567,0.0,0,0.5666666666666667,False
91356,0.0,0,0.6333333333333333,True
744608,0.0,0,0.5666666666666667,False
597265,0.0,0,0.65,False
587171,0.0,0,0.5666666666666667,False
713864,0.0,0,0.5833333333333334,False
40679,0.0,0,0.5666666666666667,False
600775,0.0,0,0.5666666666666667,False
614981,0.0,0,0.5666666666666667,False
621353,0.0,0,0.5666666666666667,False
667862,0.0,0,0.6,False
762577,0.0,0,0.5666666666666667,False
739587,0.0,0,0.5666666666666667,False
657732,0.0,0,0.5666666666666667,False
-684268,0.0,0,0.5666666666666667,False
790751,0.0,0,0.5666666666666667,False
775551,0.0,0,0.5833333333333334,False
748419,0.0,0,0.5666666666666667,False
-684271,0.0,0,0.5666666666666667,False
-303602,0.0,0,0.5666666666666667,False
348820,0.0,0,0.5666666666666667,True
643361,0.0,0,0.5666666666666667,False
163869,0.0,0,0.5666666666666667,False
662543,0.0,0,0.5666666666666667,False
-107811,0.0,0,0.5666666666666667,False
-193865,0.0,0,0.5666666666666667,False
-356760,0.0,0,0.5666666666666667,False
-17035,0.0,0,0.5666666666666667,False
-66922,0.0,0,0.5666666666666667,False
-17478,0.0,0,0.5666666666666667,False
-99879,0.0,0,0.5666666666666667,False
-193866,0.0,0,0.5666666666666667,False
-356758,0.0,0,0.5666666666666667,False
-356759,0.0,0,0.5666666666666667,False
732028,0.0,0,0.5666666666666667,True
-586007,0.0,0,0.5666666666666667,False
-99877,0.0,0,0.5666666666666667,False
-108961,0.0,0,0.5666666666666667,False
-135817,0.0,0,0.5666666666666667,False
-414262,0.0,0,0.5666666666666667,False
-110924,0.0,0,0.5666666666666667,False
-684745,0.0,0,0.5666666666666667,False
-356761,0.0,0,0.5666666666666667,False
-84227,0.0,0,0.5666666666666667,False
-110921,0.0,0,0.5666666666666667,False
-110731,0.0,0,0.5666666666666667,False
-643358,0.0,0,0.5666666666666667,False
-190310,0.0,0,0.5666666666666667,False
-156929,0.0,0,0.5666666666666667,False
-38299,0.0,0,0.5666666666666667,False
-38059,0.0,0,0.5666666666666667,False
647301,0.0,0,0.7166666666666667,True
647302,0.0,0,0.7166666666666667,True
814715,0.0,0,0.9166666666666666,True
647419,0.0,0,0.65,True
647417,0.0,0,0.6666666666666666,True
121243,0.0,0,0.9666666666666667,False
519749,0.0,0,0.9833333333333333,True
814752,0.0,0,0.7166666666666667,True
179661,0.0,0,0.9833333333333333,False
647421,0.0,0,0.7166666666666667,True
615382,0.0,0,0.9666666666666667,False
60194,0.0,0,0.9333333333333333,False
579970,0.0,0,0.6333333333333333,False
600654,0.0,0,0.6833333333333333,False
647290,0.0,0,0.7,True
443258,0.0,0,0.6666666666666666,False
691225,0.0,0,0.7833333333333333,True
586595,0.0,0,0.6,False
438244,0.0,0,0.7833333333333333,False
147583,0.0,0,0.6333333333333333,False
147582,0.0,0,0.6333333333333333,False
775520,0.0,0,0.5833333333333334,False
745750,0.0,0,0.5833333333333334,False
438607,0.0,0,0.7166666666666667,False
437249,0.0,0,0.6,False
598978,0.0,0,0.5833333333333334,False
503224,0.0,0,0.9666666666666667,False
751034,0.0,0,0.5833333333333334,False
745748,0.0,0,0.65,False
757899,0.0,0,0.5833333333333334,False
711005,0.0,0,0.5833333333333334,False
295268,0.0,0,0.5833333333333334,False
645140,0.0,0,0.7333333333333333,False
716752,0.0,0,0.5833333333333334,False
654620,0.0,0,0.5833333333333334,False
669894,0.0,0,0.5833333333333334,False
603038,0.0,0,0.5833333333333334,False
598936,0.0,0,0.6333333333333333,False
699836,0.0,0,0.5833333333333334,False
757851,0.0,0,0.5833333333333334,False
-17027,0.0,0,0.5833333333333334,False
-21467,0.0,0,0.5833333333333334,False
699833,0.0,0,0.5833333333333334,False
621352,0.0,0,0.5833333333333334,False
790750,0.0,0,0.5833333333333334,False
648148,0.0,0,0.5833333333333334,False
813369,0.0,0,0.5833333333333334,False
813371,0.0,0,0.5833333333333334,False
485271,0.0,0,0.6333333333333333,False
540293,0.0,0,0.5833333333333334,False
-17032,0.0,0,0.5833333333333334,False
742786,0.0,0,0.9,False
814714,0.0,0,0.9,True
835678,0.0,0,0.6,False
187766,0.0,0,0.6166666666666667,True
647296,0.0,0,0.7166666666666667,True
673667,0.0,0,0.6,False
699844,0.0,0,0.6,False
679201,0.0,0,0.65,False
-65776,0.0,0,0.6,False
553243,0.0,0,0.6,False
693552,0.0,0,0.6,False
802823,0.0,0,0.6,False
780856,0.0,0,0.6,False
-199313,0.0,0,0.6,False
676864,0.0,0,0.6,False
82044,0.0,0,0.9833333333333333,False
813434,0.0,0,0.6,False
677432,0.0,0,0.6833333333333333,False
785729,0.0,0,0.6,False
680597,0.0,0,0.6166666666666667,False
684527,0.0,0,0.6166666666666667,False
586644,0.0,0,0.6,False
381898,0.0,0,0.9,False
568428,0.0,0,0.6,False
568432,0.0,0,0.6,False
459393,0.0,0,0.6166666666666667,False
809838,0.0,0,0.6,False
741294,0.0,0,0.6,False
598741,0.0,0,0.6,False
406950,0.0,0,0.6666666666666666,False
431135,0.0,0,0.7333333333333333,False
378563,0.0,0,0.6833333333333333,False
667840,0.0,0,0.85,False
-61954,0.0,0,0.6666666666666666,False
712088,0.0,0,0.6,False
-138829,0.0,0,0.6,False
568430,0.0,0,0.6,False
378561,0.0,0,0.6833333333333333,False
780858,0.0,0,0.6,False
-93512,0.0,0,0.6,False
641192,0.0,0,0.9833333333333333,False
-173007,0.0,0,0.6,True
779236,0.0,0,0.6,False
793212,0.0,0,0.6,False
741296,0.0,0,0.6,False
726158,0.0,0,0.6,False
725928,0.0,0,0.6,False
660698,0.0,0,0.7,False
690795,0.0,0,0.6,False
726157,0.0,0,0.6,False
-404669,0.0,0,0.8166666666666667,False
690796,0.0,0,0.6,False
832769,0.0,0,0.6,False
-841010,0.0,0,0.6,False
667425,0.0,0,0.6333333333333333,False
786374,0.0,0,0.6,False
529028,0.0,0,0.6,False
662858,0.0,0,0.6,False
529036,0.0,0,0.6,False
729803,0.0,0,0.6,False
806214,0.0,0,0.6,False
699816,0.0,0,0.6,False
725929,0.0,0,0.6,False
-410497,0.0,0,0.6,False
743288,0.0,0,0.6,False
-79626,0.0,0,0.6,False
830894,0.0,0,0.6,False
-620950,0.0,0,0.6833333333333333,False
-191611,0.0,0,0.6,False
-127716,0.0,0,0.6,False
-141579,0.0,0,0.6,False
-110790,0.0,0,0.6833333333333333,False
-19489,0.0,0,0.6,False
-33077,0.0,0,0.6,False
-623331,0.0,0,0.7,False
362211,0.0,0,0.6,False
-86070,0.0,0,0.7166666666666667,False
363830,0.0,0,0.6666666666666666,False
-22281,0.0,0,0.6,False
-620945,0.0,0,0.6833333333333333,False
-823244,0.0,0,0.6,False
-46835,0.0,0,0.6,False
-17031,0.0,0,0.6,False
-414259,0.0,0,0.7,False
-171103,0.0,0,0.6666666666666666,False
-547090,0.0,0,0.6666666666666666,False
-229227,0.0,0,0.6666666666666666,False
-29430,0.0,0,0.8,False
-4954,0.0,0,0.6,False
-643355,0.0,0,0.6333333333333333,False
-693252,0.0,0,0.6,False
-39107,0.0,0,0.7333333333333333,False
-36159,0.0,0,0.6666666666666666,False
-29432,0.0,0,0.7166666666666667,False
-422190,0.0,0,0.6833333333333333,False
-438749,0.0,0,0.9166666666666666,False
67795,0.0,0,0.95,False
556242,0.0,0,0.9833333333333333,False
799773,0.0,0,0.6833333333333333,False
678607,0.0,0,0.6166666666666667,False
344077,0.0,0,0.7333333333333333,False
678604,0.0,0,0.6166666666666667,False
598977,0.0,0,0.75,False
56182,0.0,0,0.95,False
790752,0.0,0,0.6333333333333333,False
102710,0.0,0,0.9833333333333333,False
530173,0.0,0,0.7,False
615522,0.0,0,0.9833333333333333,False
745674,0.0,0,0.6166666666666667,False
710609,0.0,0,0.6166666666666667,False
670458,0.0,0,0.7666666666666667,False
597142,0.0,0,0.6333333333333333,False
337443,0.0,0,0.6833333333333333,False
265260,0.0,0,0.7666666666666667,False
802849,0.0,0,0.6166666666666667,False
678068,0.0,0,0.6166666666666667,True
689531,0.0,0,0.65,False
782284,0.0,0,0.6166666666666667,False
-500299,0.0,0,0.6166666666666667,False
-144096,0.0,0,0.6333333333333333,False
-338982,0.0,0,0.6666666666666666,False
785806,0.0,0,0.6166666666666667,False
85624,0.0,0,0.9,False
782282,0.0,0,0.6166666666666667,False
753236,0.0,0,0.6166666666666667,False
431170,0.0,0,0.6166666666666667,False
630529,0.0,0,0.6166666666666667,False
427287,0.0,0,0.6166666666666667,False
695734,0.0,0,0.6166666666666667,False
725954,0.0,0,0.6166666666666667,False
680599,0.0,0,0.6166666666666667,False
791534,0.0,0,0.6166666666666667,False
743233,0.0,0,0.6166666666666667,False
-105693,0.0,0,0.7833333333333333,False
777162,0.0,0,0.6166666666666667,False
-52128,0.0,0,0.6166666666666667,False
164130,0.0,0,0.65,False
636725,0.0,0,0.6166666666666667,False
809839,0.0,0,0.6166666666666667,False
-56332,0.0,0,0.6166666666666667,False
423327,0.0,0,0.6166666666666667,False
163860,0.0,0,0.6166666666666667,False
820447,0.0,0,0.6166666666666667,False
752622,0.0,0,0.6166666666666667,False
841010,0.0,0,0.6166666666666667,False
61955,0.0,0,0.6166666666666667,False
716892,0.0,0,0.6166666666666667,True
786427,0.0,0,0.6166666666666667,False
758644,0.0,0,0.6166666666666667,False
297659,0.0,0,0.6166666666666667,False
786431,0.0,0,0.6166666666666667,False
-174098,0.0,0,0.6166666666666667,False
-126526,0.0,0,0.8333333333333334,False
828773,0.0,0,0.6166666666666667,False
-670496,0.0,0,0.6166666666666667,False
828778,0.0,0,0.6166666666666667,False
-164069,0.0,0,0.8333333333333334,False
686104,0.0,0,0.6166666666666667,False
-71426,0.0,0,0.8333333333333334,False
686099,0.0,0,0.6166666666666667,False
306909,0.0,0,0.6166666666666667,False
-529941,0.0,0,0.65,False
-109089,0.0,0,0.6166666666666667,False
438632,0.0,0,0.9666666666666667,False
648145,0.0,0,0.65,False
105539,0.0,0,0.9833333333333333,False
600644,0.0,0,0.8333333333333334,False
62411,0.0,0,0.9833333333333333,False
697207,0.0,0,0.6333333333333333,False
-83518,0.0,0,0.95,False
825645,0.0,0,0.6333333333333333,False
790749,0.0,0,0.65,False
127412,0.0,0,0.7,False
102732,0.0,0,0.65,False
743232,0.0,0,0.6333333333333333,False
325108,0.0,0,0.9666666666666667,False
777164,0.0,0,0.6333333333333333,False
429356,0.0,0,0.9833333333333333,False
823246,0.0,0,0.6333333333333333,False
9177,0.0,0,0.9666666666666667,False
529032,0.0,0,0.6333333333333333,False
771244,0.0,0,0.6333333333333333,False
777166,0.0,0,0.6333333333333333,False
-22159,0.0,0,0.6333333333333333,False
676866,0.0,0,0.7,True
698741,0.0,0,0.6333333333333333,False
590733,0.0,0,0.6333333333333333,False
699573,0.0,0,0.6333333333333333,False
778851,0.0,0,0.6333333333333333,False
778846,0.0,0,0.6333333333333333,False
699813,0.0,0,0.6333333333333333,False
782276,0.0,0,0.6333333333333333,False
791529,0.0,0,0.7666666666666667,False
605159,0.0,0,0.6333333333333333,False
605166,0.0,0,0.6333333333333333,False
769484,0.0,0,0.65,False
741578,0.0,0,0.65,False
745678,0.0,0,0.6666666666666666,False
851142,0.0,0,0.65,False
410696,0.0,0,0.65,False
642468,0.0,0,0.65,False
552571,0.0,0,0.6833333333333333,False
786434,0.0,0,0.65,False
673747,0.0,0,0.65,False
696484,0.0,0,0.9833333333333333,False
448013,0.0,0,0.65,False
762604,0.0,0,0.65,False
-148698,0.0,0,0.65,False
606650,0.0,0,0.6666666666666666,False
284126,0.0,0,0.6666666666666666,False
634988,0.0,0,0.9833333333333333,False
639481,0.0,0,0.6666666666666666,False
586966,0.0,0,0.7333333333333333,True
634872,0.0,0,0.6666666666666666,False
756893,0.0,0,0.6666666666666666,False
449989,0.0,0,0.6833333333333333,False
741174,0.0,0,0.7666666666666667,False
786848,0.0,0,0.6666666666666666,False
670461,0.0,0,0.7166666666666667,False
832832,0.0,0,0.6666666666666666,False
741172,0.0,0,0.75,False
654600,0.0,0,0.7666666666666667,False
639471,0.0,0,0.6666666666666666,False
809815,0.0,0,0.6666666666666666,False
686208,0.0,0,0.6666666666666666,False
606656,0.0,0,0.6666666666666666,False
686900,0.0,0,0.6666666666666666,False
606648,0.0,0,0.7,False
828594,0.0,0,0.6666666666666666,False
529033,0.0,0,0.6666666666666666,False
284124,0.0,0,0.6666666666666666,False
793177,0.0,0,0.6666666666666666,False
793180,0.0,0,0.6666666666666666,False
844556,0.0,0,0.6666666666666666,False
726176,0.0,0,0.6666666666666666,False
729785,0.0,0,0.6666666666666666,False
786846,0.0,0,0.6666666666666666,False
793178,0.0,0,0.6666666666666666,False
742764,0.0,0,0.6666666666666666,False
729783,0.0,0,0.6833333333333333,False
786852,0.0,0,0.6666666666666666,False
832860,0.0,0,0.6666666666666666,False
828600,0.0,0,0.6666666666666666,False
786850,0.0,0,0.6666666666666666,False
844554,0.0,0,0.6666666666666666,False
-530476,0.0,0,0.6666666666666666,False
742762,0.0,0,0.6666666666666666,False
326125,0.0,0,0.6666666666666666,False
240818,0.0,0,0.7,False
240817,0.0,0,0.7833333333333333,False
778951,0.0,0,0.6666666666666666,False
761569,0.0,0,0.6666666666666666,False
739825,0.0,0,0.6666666666666666,False
221364,0.0,0,0.6833333333333333,False
221361,0.0,0,0.6833333333333333,False
697556,0.0,0,0.6666666666666666,False
712065,0.0,0,0.6666666666666666,False
605017,0.0,0,0.6666666666666666,False
187185,0.0,0,0.9666666666666667,False
814718,0.0,0,0.7,True
806197,0.0,0,0.7333333333333333,False
485452,0.0,0,0.8333333333333334,False
-488729,0.0,0,0.95,False
36917,0.0,0,0.9833333333333333,False
828601,0.0,0,0.6833333333333333,False
511362,0.0,0,0.7166666666666667,False
741168,0.0,0,0.85,False
166650,0.0,0,0.95,False
-13656,0.0,0,0.6833333333333333,False
678738,0.0,0,0.6833333333333333,False
671868,0.0,0,0.85,False
77898,0.0,0,0.7166666666666667,False
793184,0.0,0,0.6833333333333333,False
745481,0.0,0,0.6833333333333333,False
598881,0.0,0,0.7333333333333333,False
793185,0.0,0,0.6833333333333333,False
110004,0.0,0,0.6833333333333333,False
586677,0.0,0,0.6833333333333333,False
678734,0.0,0,0.6833333333333333,False
823244,0.0,0,0.9,False
830884,0.0,0,0.6833333333333333,False
529029,0.0,0,0.8,False
776824,0.0,0,0.9833333333333333,False
830885,0.0,0,0.6833333333333333,False
597292,0.0,0,0.6833333333333333,False
828596,0.0,0,0.6833333333333333,False
414459,0.0,0,0.95,False
78881,0.0,0,0.6833333333333333,False
811386,0.0,0,0.6833333333333333,False
38182,0.0,0,0.6833333333333333,False
863320,0.0,0,0.6833333333333333,False
865151,0.0,0,0.6833333333333333,False
515251,0.0,0,0.7,False
684458,0.0,0,0.7,False
739325,0.0,0,0.7,False
167166,0.0,0,0.8666666666666667,False
872331,0.0,0,0.8333333333333334,False
-38173,0.0,0,0.8166666666666667,False
739327,0.0,0,0.7,False
519734,0.0,0,0.9333333333333333,False
353042,0.0,0,0.8,False
325088,0.0,0,0.8666666666666667,False
756860,0.0,0,0.7,True
50506,0.0,0,0.9333333333333333,False
721940,0.0,0,0.7166666666666667,False
552573,0.0,0,0.7333333333333333,False
597282,0.0,0,0.7166666666666667,False
865152,0.0,0,0.7,False
776597,0.0,0,0.7,False
873915,0.0,0,0.7,False
776600,0.0,0,0.7,False
712220,0.0,0,0.7,False
712271,0.0,0,0.7,False
831492,0.0,0,0.7,False
130427,0.0,0,0.7,False
828599,0.0,0,0.7,False
445199,0.0,0,0.85,False
815505,0.0,0,0.8833333333333333,False
331003,0.0,0,0.8666666666666667,True
841018,0.0,0,0.8,False
414351,0.0,0,0.7,False
553477,0.0,0,0.7,False
586815,0.0,0,0.7,False
60050,0.0,0,0.8833333333333333,False
184835,0.0,0,0.7,False
826660,0.0,0,0.7,False
656245,0.0,0,0.7,False
757948,0.0,0,0.7,False
757947,0.0,0,0.7,False
772335,0.0,0,0.7,False
802918,0.0,0,0.7,False
797703,0.0,0,0.7,False
800266,0.0,0,0.7,False
800268,0.0,0,0.7,False
854756,0.0,0,0.7,False
863321,0.0,0,0.7,False
671967,0.0,0,0.7,False
614978,0.0,0,0.7,False
823556,0.0,0,0.7,False
828598,0.0,0,0.7,False
699578,0.0,0,0.7,False
816087,0.0,0,0.7,False
-122420,0.0,0,0.7,False
-36158,0.0,0,0.7,False
-14088,0.0,0,0.7,False
-41398,0.0,0,0.7,False
-91417,0.0,0,0.7,False
-45751,0.0,0,0.7,False
-23086,0.0,0,0.7,False
741305,0.0,0,0.7166666666666667,False
831486,0.0,0,0.7166666666666667,False
794782,0.0,0,0.9,False
95863,0.0,0,0.7666666666666667,True
530262,0.0,0,0.8666666666666667,False
460943,0.0,0,0.9666666666666667,False
741309,0.0,0,0.7166666666666667,False
735081,0.0,0,0.7166666666666667,False
823228,0.0,0,0.7166666666666667,False
449987,0.0,0,0.7833333333333333,False
522241,0.0,0,0.7166666666666667,True
824021,0.0,0,0.7166666666666667,False
681814,0.0,0,0.9833333333333333,False
726075,0.0,0,0.7166666666666667,False
865196,0.0,0,0.7166666666666667,False
603706,0.0,0,0.7333333333333333,False
814025,0.0,0,0.7166666666666667,False
815504,0.0,0,0.7166666666666667,False
712102,0.0,0,0.85,False
611604,0.0,0,0.7166666666666667,False
699589,0.0,0,0.7166666666666667,False
598935,0.0,0,0.7333333333333333,False
714014,0.0,0,0.7166666666666667,False
854838,0.0,0,0.7666666666666667,False
793181,0.0,0,0.7166666666666667,False
44839,0.0,0,0.75,False
735079,0.0,0,0.7333333333333333,False
726167,0.0,0,0.7166666666666667,False
865150,0.0,0,0.7166666666666667,False
699587,0.0,0,0.7166666666666667,False
169147,0.0,0,0.9833333333333333,False
463493,0.0,0,0.8166666666666667,False
835297,0.0,0,0.7166666666666667,False
758347,0.0,0,0.7166666666666667,False
713343,0.0,0,0.7166666666666667,False
776621,0.0,0,0.7166666666666667,False
758493,0.0,0,0.7166666666666667,False
765621,0.0,0,0.7166666666666667,False
712071,0.0,0,0.7166666666666667,False
-83867,0.0,0,0.7166666666666667,False
872150,0.0,0,0.7166666666666667,False
802789,0.0,0,0.7166666666666667,False
-166606,0.0,0,0.7166666666666667,False
-21475,0.0,0,0.7166666666666667,False
414361,0.0,0,0.7166666666666667,False
586231,0.0,0,0.9333333333333333,False
814684,0.0,0,0.75,True
141023,0.0,0,0.8833333333333333,False
118668,0.0,0,0.9666666666666667,True
227737,0.0,0,0.9833333333333333,False
482256,0.0,0,0.9166666666666666,False
702848,0.0,0,0.7333333333333333,False
668421,0.0,0,0.8166666666666667,False
660695,0.0,0,0.7333333333333333,False
519548,0.0,0,0.8166666666666667,False
265872,0.0,0,0.9833333333333333,False
97132,0.0,0,0.7333333333333333,False
741579,0.0,0,0.9833333333333333,False
598281,0.0,0,0.7666666666666667,False
668727,0.0,0,0.9833333333333333,False
519728,0.0,0,0.8666666666666667,False
771543,0.0,0,0.7333333333333333,False
620967,0.0,0,0.9333333333333333,False
581732,0.0,0,0.8666666666666667,False
783783,0.0,0,0.7333333333333333,False
500316,0.0,0,0.7333333333333333,False
118290,0.0,0,0.9833333333333333,False
826655,0.0,0,0.7333333333333333,False
865513,0.0,0,0.7333333333333333,False
31709,0.0,0,0.7666666666666667,True
741016,0.0,0,0.7333333333333333,True
813378,0.0,0,0.7333333333333333,False
862812,0.0,0,0.7333333333333333,False
791553,0.0,0,0.7333333333333333,False
783785,0.0,0,0.7333333333333333,False
325378,0.0,0,0.7333333333333333,False
778746,0.0,0,0.7333333333333333,False
779260,0.0,0,0.7333333333333333,False
402715,0.0,0,0.7333333333333333,False
763796,0.0,0,0.7333333333333333,False
97133,0.0,0,0.7333333333333333,False
185300,0.0,0,0.75,False
702851,0.0,0,0.7333333333333333,False
762607,0.0,0,0.7333333333333333,False
630833,0.0,0,0.9166666666666666,False
851712,0.0,0,0.7333333333333333,True
846508,0.0,0,0.7333333333333333,False
789064,0.0,0,0.7333333333333333,False
737083,0.0,0,0.7333333333333333,False
198615,0.0,0,0.7333333333333333,False
877818,0.0,0,0.7333333333333333,False
-165714,0.0,0,0.7666666666666667,False
126469,0.0,0,0.7333333333333333,False
789860,0.0,0,0.7833333333333333,False
630024,0.0,0,0.95,False
758495,0.0,0,0.7333333333333333,False
852187,0.0,0,0.7333333333333333,False
615486,0.0,0,0.7333333333333333,False
876751,0.0,0,0.7333333333333333,False
877780,0.0,0,0.7333333333333333,False
623458,0.0,0,0.8833333333333333,False
118669,0.0,0,0.9833333333333333,True
118657,0.0,0,0.8166666666666667,True
118686,0.0,0,0.9166666666666666,True
98805,0.0,0,0.9833333333333333,True
83879,0.0,0,0.9833333333333333,True
91767,0.0,0,0.9833333333333333,True
111242,0.0,0,0.9833333333333333,False
729787,0.0,0,0.75,False
831759,0.0,0,0.75,False
771299,0.0,0,0.75,False
623552,0.0,0,0.75,False
796963,0.0,0,0.75,False
773516,0.0,0,0.95,False
596600,0.0,0,0.9666666666666667,False
-512461,0.0,0,0.75,False
-138820,0.0,0,0.7666666666666667,False
-21283,0.0,0,0.7666666666666667,False
193462,0.0,0,0.75,False
-338981,0.0,0,0.75,False
461047,0.0,0,0.9833333333333333,False
816101,0.0,0,0.75,False
851973,0.0,0,0.75,False
854837,0.0,0,0.8,False
699977,0.0,0,0.75,False
-876158,0.0,0,0.75,False
-84670,0.0,0,0.75,False
-20318,0.0,0,0.75,False
414264,0.0,0,0.95,True
562197,0.0,0,0.75,False
823562,0.0,0,0.75,False
834525,0.0,0,0.75,False
769545,0.0,0,0.75,False
552960,0.0,0,0.75,True
768440,0.0,0,0.75,False
-161004,0.0,0,0.75,False
-191693,0.0,0,0.75,False
727488,0.0,0,0.75,False
729775,0.0,0,0.75,False
846382,0.0,0,0.75,False
778743,0.0,0,0.75,False
778745,0.0,0,0.75,False
808831,0.0,0,0.75,False
877763,0.0,0,0.75,False
860817,0.0,0,0.75,False
851975,0.0,0,0.75,False
851974,0.0,0,0.75,False
662544,0.0,0,0.75,False
882659,0.0,0,0.75,False
860816,0.0,0,0.75,False
879023,0.0,0,0.75,False
726230,0.0,0,0.75,False
-137995,0.0,0,0.75,False
814928,0.0,0,0.8833333333333333,True
758351,0.0,0,0.7666666666666667,False
697559,0.0,0,0.7666666666666667,False
799892,0.0,0,0.8833333333333333,False
389765,0.0,0,0.9666666666666667,False
831474,0.0,0,0.9,False
-167713,0.0,0,0.7666666666666667,False
647426,0.0,0,0.7666666666666667,False
410747,0.0,0,0.7666666666666667,False
852184,0.0,0,0.7666666666666667,False
530466,0.0,0,0.7833333333333333,False
802836,0.0,0,0.7666666666666667,False
802835,0.0,0,0.7666666666666667,False
676863,0.0,0,0.7666666666666667,False
780971,0.0,0,0.7666666666666667,False
684512,0.0,0,0.7666666666666667,False
862809,0.0,0,0.7666666666666667,False
783787,0.0,0,0.7666666666666667,False
137362,0.0,0,0.9666666666666667,False
762621,0.0,0,0.7666666666666667,False
554773,0.0,0,0.9833333333333333,False
-179885,0.0,0,0.7666666666666667,False
832824,0.0,0,0.7666666666666667,False
684510,0.0,0,0.7666666666666667,False
684511,0.0,0,0.7666666666666667,False
-13998,0.0,0,0.7666666666666667,False
802837,0.0,0,0.7666666666666667,False
46931,0.0,0,0.7833333333333333,False
721196,0.0,0,0.7666666666666667,False
178710,0.0,0,0.8333333333333334,False
832862,0.0,0,0.8833333333333333,False
803975,0.0,0,0.7666666666666667,False
364403,0.0,0,0.8333333333333334,False
771297,0.0,0,0.7666666666666667,False
862803,0.0,0,0.7666666666666667,False
771301,0.0,0,0.7666666666666667,False
834364,0.0,0,0.7666666666666667,False
796965,0.0,0,0.7666666666666667,False
863393,0.0,0,0.8833333333333333,False
414461,0.0,0,0.9666666666666667,False
336144,0.0,0,0.7666666666666667,False
773380,0.0,0,0.7666666666666667,False
834361,0.0,0,0.7666666666666667,False
846595,0.0,0,0.7666666666666667,False
773377,0.0,0,0.7666666666666667,False
758543,0.0,0,0.7666666666666667,True
831491,0.0,0,0.7666666666666667,False
191520,0.0,0,0.7666666666666667,False
410493,0.0,0,0.7666666666666667,False
736196,0.0,0,0.7833333333333333,False
818666,0.0,0,0.7666666666666667,False
818668,0.0,0,0.7666666666666667,False
717062,0.0,0,0.7666666666666667,False
716685,0.0,0,0.7666666666666667,False
832883,0.0,0,0.7666666666666667,False
799897,0.0,0,0.7666666666666667,False
47423,0.0,0,0.7666666666666667,False
614297,0.0,0,0.7666666666666667,False
596495,0.0,0,0.7666666666666667,False
735034,0.0,0,0.7666666666666667,False
716687,0.0,0,0.7666666666666667,False
741619,0.0,0,0.7666666666666667,False
786420,0.0,0,0.7666666666666667,False
816028,0.0,0,0.7666666666666667,False
81723,0.0,0,0.9166666666666666,False
629961,0.0,0,0.9833333333333333,False
615386,0.0,0,0.95,False
236977,0.0,0,0.95,False
586232,0.0,0,0.9833333333333333,False
596647,0.0,0,0.9,False
861372,0.0,0,0.7833333333333333,False
825572,0.0,0,0.7833333333333333,False
553375,0.0,0,0.7833333333333333,True
657051,0.0,0,0.7833333333333333,False
46926,0.0,0,0.7833333333333333,False
99713,0.0,0,0.7833333333333333,False
197585,0.0,0,0.8666666666666667,False
808836,0.0,0,0.7833333333333333,False
711019,0.0,0,0.7833333333333333,False
774081,0.0,0,0.7833333333333333,False
76893,0.0,0,0.9833333333333333,False
-84695,0.0,0,0.7833333333333333,False
819886,0.0,0,0.7833333333333333,False
64266,0.0,0,0.9833333333333333,False
706331,0.0,0,0.7833333333333333,False
774080,0.0,0,0.7833333333333333,False
844470,0.0,0,0.7833333333333333,False
825568,0.0,0,0.7833333333333333,False
706301,0.0,0,0.7833333333333333,False
835680,0.0,0,0.8,False
486168,0.0,0,0.7833333333333333,False
666166,0.0,0,0.7833333333333333,False
437248,0.0,0,0.8,False
646022,0.0,0,0.7833333333333333,False
121316,0.0,0,0.7833333333333333,False
828764,0.0,0,0.7833333333333333,False
611599,0.0,0,0.7833333333333333,False
861375,0.0,0,0.7833333333333333,False
549230,0.0,0,0.7833333333333333,False
618212,0.0,0,0.9666666666666667,False
825650,0.0,0,0.7833333333333333,False
884852,0.0,0,0.7833333333333333,False
153344,0.0,0,0.7833333333333333,False
647429,0.0,0,0.7833333333333333,False
-38426,0.0,0,0.7833333333333333,False
646016,0.0,0,0.7833333333333333,False
765566,0.0,0,0.7833333333333333,False
765605,0.0,0,0.7833333333333333,False
646019,0.0,0,0.7833333333333333,False
-876242,0.0,0,0.7833333333333333,True
501110,0.0,0,0.7833333333333333,True
-831150,0.0,0,0.7833333333333333,False
852182,0.0,0,0.7833333333333333,False
-69881,0.0,0,0.7833333333333333,False
706582,0.0,0,0.7833333333333333,True
826798,0.0,0,0.7833333333333333,False
654596,0.0,0,0.7833333333333333,False
-835678,0.0,0,0.7833333333333333,False
-184835,0.0,0,0.7833333333333333,False
-603848,0.0,0,0.7833333333333333,False
863327,0.0,0,0.7833333333333333,False
83919,0.0,0,0.8833333333333333,True
662790,0.0,0,0.95,True
99378,0.0,0,0.9833333333333333,True
325998,0.0,0,0.9666666666666667,False
407033,0.0,0,0.8,False
109085,0.0,0,0.95,False
598963,0.0,0,0.8,False
861380,0.0,0,0.8,False
877144,0.0,0,0.8,False
549232,0.0,0,0.8,False
889818,0.0,0,0.8,False
630834,0.0,0,0.8666666666666667,False
735182,0.0,0,0.8,False
390242,0.0,0,0.9833333333333333,False
877030,0.0,0,0.8,False
841001,0.0,0,0.8,False
840997,0.0,0,0.8,False
894448,0.0,0,0.8,False
726217,0.0,0,0.8166666666666667,True
877140,0.0,0,0.8,False
860718,0.0,0,0.8,False
803041,0.0,0,0.8,False
841003,0.0,0,0.8,False
407024,0.0,0,0.8,False
878579,0.0,0,0.8,False
883339,0.0,0,0.8,False
844025,0.0,0,0.8,False
809835,0.0,0,0.8,False
809833,0.0,0,0.8,False
791536,0.0,0,0.8,False
889820,0.0,0,0.8,False
831423,0.0,0,0.8,False
511570,0.0,0,0.8,False
746868,0.0,0,0.8,False
684639,0.0,0,0.8,False
511569,0.0,0,0.8,False
774798,0.0,0,0.8,False
762617,0.0,0,0.8,True
-69015,0.0,0,0.8,False
410777,0.0,0,0.8,False
761814,0.0,0,0.8,False
819127,0.0,0,0.8,False
-68599,0.0,0,0.8,False
-22157,0.0,0,0.8,False
-84694,0.0,0,0.8,False
-137999,0.0,0,0.8,False
861763,0.0,0,0.8,False
-51037,0.0,0,0.8,False
861762,0.0,0,0.8,False
695713,0.0,0,0.8,False
695711,0.0,0,0.8,False
874382,0.0,0,0.8,False
-706297,0.0,0,0.8,False
552872,0.0,0,0.8,False
668418,0.0,0,0.9333333333333333,False
99503,0.0,0,0.8166666666666667,True
597291,0.0,0,0.85,False
727511,0.0,0,0.8166666666666667,False
485450,0.0,0,0.9833333333333333,False
86065,0.0,0,0.8833333333333333,False
110186,0.0,0,0.9666666666666667,False
272207,0.0,0,0.8166666666666667,False
783293,0.0,0,0.85,False
789077,0.0,0,0.8166666666666667,False
48362,0.0,0,0.8166666666666667,False
815481,0.0,0,0.8166666666666667,False
325731,0.0,0,0.8333333333333334,False
815478,0.0,0,0.8166666666666667,False
761602,0.0,0,0.8166666666666667,False
786372,0.0,0,0.8666666666666667,False
676540,0.0,0,0.8166666666666667,False
870109,0.0,0,0.8166666666666667,False
602896,0.0,0,0.8166666666666667,True
824780,0.0,0,0.8166666666666667,False
851710,0.0,0,0.8166666666666667,True
729781,0.0,0,0.8166666666666667,False
765616,0.0,0,0.8166666666666667,False
893516,0.0,0,0.8166666666666667,False
883338,0.0,0,0.8166666666666667,False
748035,0.0,0,0.8166666666666667,True
552929,0.0,0,0.8166666666666667,False
706311,0.0,0,0.8166666666666667,False
824772,0.0,0,0.8166666666666667,False
726169,0.0,0,0.8166666666666667,False
144101,0.0,0,0.9333333333333333,True
646026,0.0,0,0.8166666666666667,False
726215,0.0,0,0.8166666666666667,False
823550,0.0,0,0.8166666666666667,False
806271,0.0,0,0.8166666666666667,False
646029,0.0,0,0.8166666666666667,False
679220,0.0,0,0.8166666666666667,False
822327,0.0,0,0.8166666666666667,False
857844,0.0,0,0.8166666666666667,False
765617,0.0,0,0.8166666666666667,False
-830885,0.0,0,0.8166666666666667,False
679219,0.0,0,0.8166666666666667,False
-161002,0.0,0,0.8166666666666667,False
761709,0.0,0,0.8166666666666667,False
903466,0.0,0,0.8166666666666667,True
867138,0.0,0,0.8166666666666667,False
-845051,0.0,0,0.8166666666666667,False
772340,0.0,0,0.8166666666666667,False
-586005,0.0,0,0.8166666666666667,False
-844657,0.0,0,0.8166666666666667,False
463494,0.0,0,0.9333333333333333,False
596660,0.0,0,0.9666666666666667,False
596654,0.0,0,0.95,False
863830,0.0,0,0.9833333333333333,False
858358,0.0,0,0.95,False
726091,0.0,0,0.8333333333333334,False
549237,0.0,0,0.9333333333333333,False
735074,0.0,0,0.8333333333333334,False
893424,0.0,0,0.8666666666666667,False
894290,0.0,0,0.8333333333333334,False
799839,0.0,0,0.8333333333333334,False
726094,0.0,0,0.8333333333333334,False
819890,0.0,0,0.8333333333333334,False
769539,0.0,0,0.8333333333333334,False
861248,0.0,0,0.8333333333333334,False
761702,0.0,0,0.8333333333333334,False
864147,0.0,0,0.8333333333333334,False
21883,0.0,0,0.9166666666666666,False
762600,0.0,0,0.9833333333333333,False
726097,0.0,0,0.8333333333333334,False
711013,0.0,0,0.8333333333333334,False
795629,0.0,0,0.8333333333333334,False
391323,0.0,0,0.9333333333333333,False
857845,0.0,0,0.8333333333333334,False
895311,0.0,0,0.8333333333333334,False
761204,0.0,0,0.8333333333333334,False
693467,0.0,0,0.8333333333333334,False
117533,0.0,0,0.9833333333333333,False
795632,0.0,0,0.8333333333333334,False
414261,0.0,0,0.8333333333333334,True
726556,0.0,0,0.8333333333333334,False
693466,0.0,0,0.8333333333333334,False
828782,0.0,0,0.8333333333333334,False
189621,0.0,0,0.9666666666666667,False
899143,0.0,0,0.8333333333333334,False
899144,0.0,0,0.8333333333333334,False
905262,0.0,0,0.8333333333333334,False
861249,0.0,0,0.8333333333333334,False
753267,0.0,0,0.8333333333333334,False
-171108,0.0,0,0.8333333333333334,False
762622,0.0,0,0.8333333333333334,False
841023,0.0,0,0.8333333333333334,False
905297,0.0,0,0.8333333333333334,False
763066,0.0,0,0.8333333333333334,False
769338,0.0,0,0.8333333333333334,False
690794,0.0,0,0.8333333333333334,False
-830884,0.0,0,0.8333333333333334,False
430439,0.0,0,0.8333333333333334,False
-188586,0.0,0,0.8333333333333334,False
-414261,0.0,0,0.8333333333333334,True
407029,0.0,0,0.8333333333333334,False
126544,0.0,0,0.8333333333333334,False
869774,0.0,0,0.8333333333333334,False
686720,0.0,0,0.8333333333333334,False
430435,0.0,0,0.8333333333333334,False
126542,0.0,0,0.8333333333333334,False
111136,0.0,0,0.8333333333333334,False
842285,0.0,0,0.8333333333333334,False
-421663,0.0,0,0.8333333333333334,False
-19171,0.0,0,0.8333333333333334,False
111133,0.0,0,0.8333333333333334,False
-530039,0.0,0,0.8333333333333334,False
-877763,0.0,0,0.8333333333333334,False
-415093,0.0,0,0.8333333333333334,False
-414359,0.0,0,0.8333333333333334,False
-89601,0.0,0,0.8333333333333334,False
-867119,0.0,0,0.8333333333333334,False
-317809,0.0,0,0.8333333333333334,False
-88817,0.0,0,0.8333333333333334,False
-794800,0.0,0,0.8333333333333334,False
-112596,0.0,0,0.8333333333333334,False
-46844,0.0,0,0.8333333333333334,False
-751034,0.0,0,0.8333333333333334,False
-63184,0.0,0,0.8333333333333334,False
-410495,0.0,0,0.8333333333333334,False
-88722,0.0,0,0.8333333333333334,False
-13660,0.0,0,0.9166666666666666,False
-588842,0.0,0,0.8333333333333334,False
851734,0.0,0,0.8333333333333334,False
-623574,0.0,0,0.8333333333333334,False
713702,0.0,0,0.9,False
678401,0.0,0,0.9333333333333333,False
72020,0.0,0,0.9833333333333333,False
741623,0.0,0,0.9,False
118656,0.0,0,0.9833333333333333,True
864148,0.0,0,0.9666666666666667,False
83933,0.0,0,0.95,False
895627,0.0,0,0.85,True
897779,0.0,0,0.85,False
-69847,0.0,0,0.9833333333333333,False
894244,0.0,0,0.8833333333333333,False
519711,0.0,0,0.9666666666666667,False
818239,0.0,0,0.85,False
787476,0.0,0,0.9833333333333333,False
336125,0.0,0,0.85,False
541658,0.0,0,0.85,False
867946,0.0,0,0.85,False
909351,0.0,0,0.85,False
49953,0.0,0,0.9833333333333333,False
541653,0.0,0,0.85,False
97005,0.0,0,0.9666666666666667,False
-200595,0.0,0,0.85,False
834528,0.0,0,0.85,False
706326,0.0,0,0.85,False
895640,0.0,0,0.85,False
846879,0.0,0,0.85,False
818241,0.0,0,0.85,False
630070,0.0,0,0.85,False
841031,0.0,0,0.85,False
765798,0.0,0,0.85,False
-630086,0.0,0,0.85,False
673670,0.0,0,0.85,False
799835,0.0,0,0.85,False
673647,0.0,0,0.85,False
908922,0.0,0,0.85,False
874865,0.0,0,0.85,False
-630082,0.0,0,0.85,False
49820,0.0,0,0.85,True
743177,0.0,0,0.85,False
900690,0.0,0,0.85,False
726529,0.0,0,0.85,False
-851923,0.0,0,0.85,False
-896668,0.0,0,0.85,False
614295,0.0,0,0.85,False
-296819,0.0,0,0.85,False
-504761,0.0,0,0.85,False
-880112,0.0,0,0.85,False
-596495,0.0,0,0.85,False
-87308,0.0,0,0.85,False
795228,0.0,0,0.85,False
-674968,0.0,0,0.85,False
-519688,0.0,0,0.85,False
731697,0.0,0,0.9333333333333333,False
528391,0.0,0,0.9666666666666667,False
866111,0.0,0,0.8666666666666667,False
605097,0.0,0,0.8666666666666667,False
758344,0.0,0,0.9,False
338987,0.0,0,0.9833333333333333,False
893446,0.0,0,0.8666666666666667,False
676537,0.0,0,0.8666666666666667,False
777157,0.0,0,0.8666666666666667,False
769540,0.0,0,0.8666666666666667,False
660619,0.0,0,0.8666666666666667,False
883564,0.0,0,0.8666666666666667,False
741379,0.0,0,0.8666666666666667,True
679191,0.0,0,0.9833333333333333,False
823194,0.0,0,0.9166666666666666,False
535349,0.0,0,0.8666666666666667,False
852032,0.0,0,0.9,False
754592,0.0,0,0.8666666666666667,False
874559,0.0,0,0.8666666666666667,False
634947,0.0,0,0.9333333333333333,False
909352,0.0,0,0.8666666666666667,False
778738,0.0,0,0.9333333333333333,False
623533,0.0,0,0.8666666666666667,False
741380,0.0,0,0.8666666666666667,True
183253,0.0,0,0.9666666666666667,False
869780,0.0,0,0.8666666666666667,False
857847,0.0,0,0.8666666666666667,False
869778,0.0,0,0.8666666666666667,False
652390,0.0,0,0.8666666666666667,False
727436,0.0,0,0.95,False
756901,0.0,0,0.9166666666666666,False
726238,0.0,0,0.8833333333333333,False
126258,0.0,0,0.95,False
869782,0.0,0,0.8666666666666667,False
-725928,0.0,0,0.8666666666666667,False
872000,0.0,0,0.9166666666666666,False
653762,0.0,0,0.8666666666666667,False
841017,0.0,0,0.8833333333333333,False
889740,0.0,0,0.9666666666666667,False
653759,0.0,0,0.8666666666666667,False
668693,0.0,0,0.8666666666666667,False
852036,0.0,0,0.8833333333333333,False
337360,0.0,0,0.8666666666666667,False
352945,0.0,0,0.8666666666666667,False
352947,0.0,0,0.8666666666666667,False
352948,0.0,0,0.8666666666666667,False
868058,0.0,0,0.8666666666666667,False
-525223,0.0,0,0.8666666666666667,False
-725929,0.0,0,0.9,False
352946,0.0,0,0.8666666666666667,False
662386,0.0,0,0.8666666666666667,False
802912,0.0,0,0.8666666666666667,False
662933,0.0,0,0.8666666666666667,False
-907963,0.0,0,0.8666666666666667,False
-881903,0.0,0,0.8666666666666667,False
118397,0.0,0,0.8666666666666667,False
896713,0.0,0,0.8666666666666667,False
-909831,0.0,0,0.8666666666666667,False
484755,0.0,0,0.8666666666666667,True
895297,0.0,0,0.8666666666666667,False
562647,0.0,0,0.8666666666666667,True
-876882,0.0,0,0.8666666666666667,False
89600,0.0,0,0.8666666666666667,False
100110,0.0,0,0.9666666666666667,True
830075,0.0,0,0.8833333333333333,False
905816,0.0,0,0.9,False
832847,0.0,0,0.8833333333333333,True
643108,0.0,0,0.8833333333333333,False
525213,0.0,0,0.8833333333333333,False
811316,0.0,0,0.9666666666666667,False
873634,0.0,0,0.9666666666666667,False
905267,0.0,0,0.8833333333333333,False
371468,0.0,0,0.95,False
486722,0.0,0,0.9166666666666666,False
58498,0.0,0,0.9833333333333333,False
800137,0.0,0,0.8833333333333333,False
851968,0.0,0,0.9666666666666667,False
109525,0.0,0,0.9666666666666667,False
449718,0.0,0,0.8833333333333333,False
741377,0.0,0,0.9,True
900683,0.0,0,0.8833333333333333,False
862823,0.0,0,0.8833333333333333,False
803420,0.0,0,0.8833333333333333,True
900679,0.0,0,0.8833333333333333,False
735073,0.0,0,0.8833333333333333,False
743173,0.0,0,0.8833333333333333,False
862824,0.0,0,0.8833333333333333,False
867141,0.0,0,0.8833333333333333,False
860742,0.0,0,0.8833333333333333,False
586834,0.0,0,0.8833333333333333,False
900694,0.0,0,0.8833333333333333,False
874864,0.0,0,0.8833333333333333,False
709766,0.0,0,0.8833333333333333,False
900687,0.0,0,0.8833333333333333,False
907957,0.0,0,0.8833333333333333,False
862825,0.0,0,0.8833333333333333,False
907953,0.0,0,0.8833333333333333,False
743175,0.0,0,0.8833333333333333,False
-830072,0.0,0,0.8833333333333333,False
886327,0.0,0,0.8833333333333333,False
886397,0.0,0,0.8833333333333333,False
867353,0.0,0,0.8833333333333333,False
878580,0.0,0,0.8833333333333333,False
-834529,0.0,0,0.8833333333333333,False
683160,0.0,0,0.8833333333333333,False
870087,0.0,0,0.8833333333333333,False
920828,0.0,0,0.9,False
783308,0.0,0,0.9,False
199276,0.0,0,0.9333333333333333,False
783313,0.0,0,0.9,False
93253,0.0,0,0.9,False
519731,0.0,0,0.9166666666666666,False
607542,0.0,0,0.9666666666666667,True
525249,0.0,0,0.9833333333333333,False
659646,0.0,0,0.9,False
893624,0.0,0,0.9,False
890765,0.0,0,0.9,False
783291,0.0,0,0.9833333333333333,False
183256,0.0,0,0.9833333333333333,False
39958,0.0,0,0.95,False
-167712,0.0,0,0.9,False
867215,0.0,0,0.9,False
846476,0.0,0,0.9,False
758345,0.0,0,0.9,False
816248,0.0,0,0.9,False
791559,0.0,0,0.9,False
861932,0.0,0,0.9,False
762614,0.0,0,0.9,False
754560,0.0,0,0.9,False
898593,0.0,0,0.9,False
892911,0.0,0,0.9,False
919774,0.0,0,0.9,False
851980,0.0,0,0.9,False
762616,0.0,0,0.9,False
-597397,0.0,0,0.9,False
-89600,0.0,0,0.9,False
872341,0.0,0,0.9333333333333333,False
754566,0.0,0,0.95,False
876863,0.0,0,0.9,False
886380,0.0,0,0.9,False
876864,0.0,0,0.9,False
876866,0.0,0,0.9,False
887849,0.0,0,0.9,False
743330,0.0,0,0.9,False
876862,0.0,0,0.9,False
-92873,0.0,0,0.9,False
876860,0.0,0,0.9,False
889180,0.0,0,0.9,False
-905267,0.0,0,0.9,False
-109796,0.0,0,0.9,False
-903247,0.0,0,0.9,False
-825643,0.0,0,0.9,False
-908921,0.0,0,0.9,False
-903248,0.0,0,0.9,False
-883192,0.0,0,0.9,False
-648148,0.0,0,0.9,False
69582,0.0,0,0.9,False
-112636,0.0,0,0.9,False
-327561,0.0,0,0.9,False
-876866,0.0,0,0.9,False
-9848,0.0,0,0.9,False
-27533,0.0,0,0.9,False
-659218,0.0,0,0.9,False
894291,0.0,0,0.9166666666666666,False
870093,0.0,0,0.9666666666666667,False
485797,0.0,0,0.9666666666666667,False
338988,0.0,0,0.9833333333333333,False
876235,0.0,0,0.9166666666666666,False
697697,0.0,0,0.9166666666666666,False
814747,0.0,0,0.9166666666666666,True
726001,0.0,0,0.9166666666666666,False
325720,0.0,0,0.9666666666666667,False
895313,0.0,0,0.9166666666666666,False
118653,0.0,0,0.9333333333333333,True
800135,0.0,0,0.9333333333333333,False
621351,0.0,0,0.9833333333333333,False
876230,0.0,0,0.9166666666666666,False
-446273,0.0,0,0.9166666666666666,False
426959,0.0,0,0.9166666666666666,False
95871,0.0,0,0.9833333333333333,False
836619,0.0,0,0.9166666666666666,False
-68601,0.0,0,0.9166666666666666,False
325993,0.0,0,0.9833333333333333,False
844020,0.0,0,0.9166666666666666,False
426957,0.0,0,0.9166666666666666,False
-769545,0.0,0,0.9166666666666666,False
903465,0.0,0,0.9166666666666666,True
196812,0.0,0,0.9166666666666666,False
897775,0.0,0,0.9166666666666666,False
841005,0.0,0,0.9166666666666666,False
826811,0.0,0,0.9166666666666666,False
-878407,0.0,0,0.9166666666666666,False
897774,0.0,0,0.9166666666666666,False
872311,0.0,0,0.9166666666666666,False
851528,0.0,0,0.9166666666666666,False
706329,0.0,0,0.9166666666666666,False
836745,0.0,0,0.9166666666666666,False
826809,0.0,0,0.9166666666666666,False
-127391,0.0,0,0.9166666666666666,False
886236,0.0,0,0.9166666666666666,False
913804,0.0,0,0.9166666666666666,False
-484753,0.0,0,0.9166666666666666,True
746027,0.0,0,0.9166666666666666,False
679004,0.0,0,0.9333333333333333,False
872006,0.0,0,0.9333333333333333,False
716695,0.0,0,0.9333333333333333,False
756902,0.0,0,0.95,False
814699,0.0,0,0.9333333333333333,True
327783,0.0,0,0.9833333333333333,False
97904,0.0,0,0.9333333333333333,False
586978,0.0,0,0.9333333333333333,False
839506,0.0,0,0.9333333333333333,True
889084,0.0,0,0.9333333333333333,False
851531,0.0,0,0.9833333333333333,False
294751,0.0,0,0.9666666666666667,False
678998,0.0,0,0.9333333333333333,False
867660,0.0,0,0.9333333333333333,False
894292,0.0,0,0.9333333333333333,False
170549,0.0,0,0.9333333333333333,False
883190,0.0,0,0.9333333333333333,False
754724,0.0,0,0.9666666666666667,False
897744,0.0,0,0.9333333333333333,True
726198,0.0,0,0.9333333333333333,False
110919,0.0,0,0.9333333333333333,False
794307,0.0,0,0.9333333333333333,False
905815,0.0,0,0.9333333333333333,False
890756,0.0,0,0.9333333333333333,False
851969,0.0,0,0.95,False
822325,0.0,0,0.9333333333333333,False
844014,0.0,0,0.9333333333333333,True
865510,0.0,0,0.9333333333333333,True
112263,0.0,0,0.9333333333333333,True
879391,0.0,0,0.9333333333333333,False
851532,0.0,0,0.9333333333333333,False
712274,0.0,0,0.9333333333333333,False
822324,0.0,0,0.9333333333333333,False
866126,0.0,0,0.9333333333333333,False
866113,0.0,0,0.9333333333333333,False
99581,0.0,0,0.9333333333333333,False
-193137,0.0,0,0.9333333333333333,False
876237,0.0,0,0.9333333333333333,False
838061,0.0,0,0.9333333333333333,False
876236,0.0,0,0.9333333333333333,False
909843,0.0,0,0.9333333333333333,False
-825642,0.0,0,0.9333333333333333,False
909840,0.0,0,0.9333333333333333,False
25360,0.0,0,0.9833333333333333,True
870092,0.0,0,0.95,False
686381,0.0,0,0.95,False
830071,0.0,0,0.95,False
615384,0.0,0,0.9666666666666667,False
899714,0.0,0,0.95,False
758192,0.0,0,0.95,False
867659,0.0,0,0.95,False
181573,0.0,0,0.95,True
872004,0.0,0,0.95,False
834596,0.0,0,0.95,True
923955,0.0,0,0.95,False
598928,0.0,0,0.95,False
793526,0.0,0,0.95,False
587126,0.0,0,0.95,False
892701,0.0,0,0.95,False
71841,0.0,0,0.95,False
587128,0.0,0,0.95,False
877415,0.0,0,0.95,False
905819,0.0,0,0.95,False
854788,0.0,0,0.95,False
-440446,0.0,0,0.95,False
713384,0.0,0,0.95,False
-187578,0.0,0,0.95,False
-702762,0.0,0,0.95,False
898730,0.0,0,0.95,False
819126,0.0,0,0.95,False
930464,0.0,0,0.95,False
643702,0.0,0,0.95,False
750966,0.0,0,0.95,False
913734,0.0,0,0.95,False
892702,0.0,0,0.95,False
-103455,0.0,0,0.95,False
377047,0.0,0,0.95,False
602992,0.0,0,0.95,False
602987,0.0,0,0.95,False
898257,0.0,0,0.95,False
-124063,0.0,0,0.95,False
-503227,0.0,0,0.95,False
-19020,0.0,0,0.95,False
-17176,0.0,0,0.95,False
886836,0.0,0,0.95,False
886834,0.0,0,0.95,False
667417,0.0,0,0.9666666666666667,False
-301648,0.0,0,0.9666666666666667,False
81724,0.0,0,0.9833333333333333,False
-84672,0.0,0,0.9833333333333333,False
758196,0.0,0,0.9666666666666667,False
874933,0.0,0,0.9666666666666667,False
925350,0.0,0,0.9666666666666667,False
222205,0.0,0,0.9666666666666667,False
183452,0.0,0,0.9666666666666667,False
684452,0.0,0,0.9666666666666667,False
-98557,0.0,0,0.9666666666666667,False
42579,0.0,0,0.9833333333333333,False
893449,0.0,0,0.9666666666666667,True
-110918,0.0,0,0.9666666666666667,False
845048,0.0,0,0.9666666666666667,False
118654,0.0,0,0.9833333333333333,True
890771,0.0,0,0.9666666666666667,False
-180403,0.0,0,0.9666666666666667,False
877737,0.0,0,0.9666666666666667,False
871337,0.0,0,0.9666666666666667,False
500831,0.0,0,0.9666666666666667,False
890770,0.0,0,0.9666666666666667,False
144004,0.0,0,0.9833333333333333,False
568337,0.0,0,0.9666666666666667,False
890794,0.0,0,0.9666666666666667,False
451141,0.0,0,0.9666666666666667,False
851754,0.0,0,0.9666666666666667,False
568348,0.0,0,0.9666666666666667,False
929513,0.0,0,0.9666666666666667,False
-44761,0.0,0,0.9666666666666667,False
684450,0.0,0,0.9666666666666667,False
758507,0.0,0,0.9666666666666667,False
757926,0.0,0,0.9666666666666667,False
758485,0.0,0,0.9666666666666667,False
836746,0.0,0,0.9666666666666667,False
891717,0.0,0,0.9666666666666667,False
929515,0.0,0,0.9666666666666667,False
76567,0.0,0,0.9666666666666667,True
752596,0.0,0,0.9666666666666667,False
758511,0.0,0,0.9666666666666667,False
930497,0.0,0,0.9666666666666667,False
500921,0.0,0,0.9666666666666667,False
752600,0.0,0,0.9666666666666667,False
900730,0.0,0,0.9666666666666667,False
896667,0.0,0,0.9666666666666667,False
-440450,0.0,0,0.9666666666666667,False
-30761,0.0,0,0.9666666666666667,False
851917,0.0,0,0.9666666666666667,False
935956,0.0,0,0.9666666666666667,False
283644,0.0,0,0.9666666666666667,False
-896667,0.0,0,0.9666666666666667,False
872008,0.0,0,0.9666666666666667,False
-73436,0.0,0,0.9666666666666667,False
316916,0.0,0,0.9833333333333333,False
907955,0.0,0,0.9833333333333333,False
407238,0.0,0,0.9833333333333333,False
661031,0.0,0,0.9833333333333333,False
222206,0.0,0,0.9833333333333333,False
874017,0.0,0,0.9833333333333333,False
710978,0.0,0,0.9833333333333333,False
443682,0.0,0,0.9833333333333333,False
679238,0.0,0,0.9833333333333333,False
895220,0.0,0,0.9833333333333333,False
904120,0.0,0,0.9833333333333333,False
893060,0.0,0,0.9833333333333333,False
758194,0.0,0,0.9833333333333333,False
164821,0.0,0,0.9833333333333333,False
402761,0.0,0,0.9833333333333333,False
752598,0.0,0,0.9833333333333333,False
897021,0.0,0,0.9833333333333333,False
726220,0.0,0,0.9833333333333333,False
860659,0.0,0,0.9833333333333333,False
426955,0.0,0,0.9833333333333333,False
810214,0.0,0,0.9833333333333333,True
803023,0.0,0,0.9833333333333333,False
600690,0.0,0,0.9833333333333333,False
741568,0.0,0,0.9833333333333333,False
-533907,0.0,0,0.9833333333333333,False
837626,0.0,0,0.9833333333333333,False
611632,0.0,0,0.9833333333333333,False
803021,0.0,0,0.9833333333333333,False
428801,0.0,0,0.9833333333333333,False
936480,0.0,0,0.9833333333333333,False
-600636,0.0,0,0.9833333333333333,False
917790,0.0,0,0.9833333333333333,False
898727,0.0,0,0.9833333333333333,False
899549,0.0,0,0.9833333333333333,False
716654,0.0,0,0.9833333333333333,False
296820,0.0,0,0.9833333333333333,False
-823246,0.0,0,0.9833333333333333,False
-587161,0.0,0,0.9833333333333333,False
-598788,0.0,0,0.9833333333333333,False
