INN,known_inn,actual_2023,P50_proxy,P10_empirical,P90_empirical,growth_2024,selected_model
ABACAVIRUM+LAMIVUDINUM,True,0.0,0.2428996650159566,0.0,1.5036385332474156,,Damped ETS
ABIES ALBA*&+DAUCUS CAROTA*&+HUMULUS LUPULUS*&+MENTHA PIPERITA+ORIGANUM VULG.*&,True,708320.15,610259.2391551272,412059.7841939247,731146.3179632045,-0.13844150959826973,Damped ETS
ABIRATERONE,True,545.4399999999999,671.5707571381321,0.0,1359.228165426299,0.2312458879769217,Damped ETS
ABROCITINIBUM,True,1.33,2.321280583959314,0.0,3.9980632787071544,0.74532374733783,Damped ETS
ACALABRUTINIBUM,True,2.29,2.2126139900789057,0.0,5.099705998328947,-0.03379301743279228,Damped ETS
ACECLOFENACUM,True,206030.8,144872.27313512124,63833.47020069574,201254.1751438254,-0.2968416705894398,Damped ETS
ACENOCOUMAROLUM,True,0.0,4099.854718808386,4093.5897042617166,4101.115457676618,,Damped ETS
ACETAZOLAMIDUM,True,84057.9,77107.12926441006,44044.34645144401,100110.21560323637,-0.08269027343759405,Damped ETS
ACETYLAMINONITROPROPOXYBENZENUM*,True,0.0,114.6166577237156,108.35164317704636,115.87739659194706,,Damped ETS
ACETYLCYSTEINUM,True,1974150.9000000001,1787337.7546615098,1234938.3454520337,2124260.7342313225,-0.0946296178972389,Damped ETS
ACETYLCYSTEINUM+AMBROXOLUM,True,1378227.52,1223123.53241868,837473.1407468775,1458341.885060068,-0.11253873930867386,Damped ETS
ACETYLCYSTEINUM+TUAMINOHEPTANUM,True,42510.42,73737.14670488075,57016.37704791849,85370.44781708757,0.7345664123026956,Damped ETS
ACHILLEA MILLEFOLIUM*&,True,89325.4,73478.32356975166,38343.65687118653,97922.90151483708,-0.17740840153246817,Damped ETS
ACHILLEA MILLEFOLIUM*&+CALENDULA OFFICINALIS*&+POTENTILLA ALBA/ERECTA*+PROPOLIS*+SOPHORA JAPONICA*&,True,66555.99,55934.54009816588,29755.843720169993,74148.09509223617,-0.1595866863648805,Damped ETS
ACHILLEA MILLEFOLIUM+CALENDULA+CLOTRIMAZOLUM+GENTAMICINUM,True,965.88,1286.621200554195,0.0,2504.343658601597,0.33207147943242954,Damped ETS
ACHILLEA MILLEFOLIUM+CALENDULA+HYPERICUM PERFORATUM+MATRICARIA CHAMOMILLA+MENTHA PIPERITA,True,0.0,14.63184460181094,8.36683005514169,15.8925834700424,,Damped ETS
ACHILLEA MILLEFOLIUM+CALENDULA+MATRICARIA CHAMOMILLA+MENTHA PIPERITA+TANACETUM VULG.,True,6411.19,3236.077994013518,0.0,11318.914418630366,-0.4952453454017869,Damped ETS
ACHILLEA MILLEFOLIUM+CORIANDRUM SATIVUM+HELICHRYSUM ARENARIUM+MENTHA PIPERITA,True,56597.56,40310.70237362778,18048.98950638014,55799.05693931288,-0.2877660737737143,Damped ETS
ACICLOVIRUM,True,2839803.52,2861601.0430969456,2066978.0045445277,3346262.607393394,0.007675715218828039,Damped ETS
ACICLOVIRUM+HYDROCORTISONUM,True,4557.74,0.0,0.0,1247.260361369035,-1.0,Damped ETS
ACIDUM ACETYLSALICYLICUM*,True,22352905.150000002,21244309.619881522,14989604.572270695,25059219.313552566,-0.04959514312252522,Damped ETS
ACIDUM ACETYLSALICYLICUM*+ACIDUM CITRICUM+NATRII HYDROCARBONAS*,True,0.0,187.80045804106564,181.5354434943964,189.0611969092971,,Damped ETS
ACIDUM ACETYLSALICYLICUM*+ATORVASTATINUM+RAMIPRILUM,True,63299.93000000001,59436.01293050029,34538.03382721607,76758.52223696241,-0.061041411412298796,Damped ETS
ACIDUM ACETYLSALICYLICUM*+BISOPROLOLUM,True,0.0,28.508972578027077,22.243958031357828,29.769711446258537,,Damped ETS
ACIDUM ACETYLSALICYLICUM*+CLOPIDOGRELUM,True,4580.240000000001,3542.6142942670635,0.0,9317.100888095523,-0.2265439596468607,Damped ETS
ACIDUM ACETYLSALICYLICUM*+COFFEINUM*+PARACETAMOLUM,True,36139314.25,33655927.21349222,23543561.516961325,39823725.95507768,-0.06871704923144129,Damped ETS
ACIDUM ACETYLSALICYLICUM*+GLYCINUM,True,0.0,9.014204229753581,2.7491896830843325,10.274943097985041,,Damped ETS
ACIDUM ACETYLSALICYLICUM*+ROSUVASTATINUM,True,55833.780000000006,93206.33506488135,71245.0424110448,108485.67540009118,0.6693538403611816,Damped ETS
ACIDUM ACETYLSALICYLICUM*+VITAMIN C,True,298761.6,258544.7926913452,141031.8653679855,340303.1863643479,-0.13461170146583357,Damped ETS
ACIDUM ADENOSINTRIPHOSPHORICUM*,True,270805.63,232793.96694865028,126277.05742297281,306901.9959135691,-0.14036511372141602,Damped ETS
ACIDUM ADENOSINTRIPHOSPHORICUM*+ACIDUM FOLICUM+MOLSIDOMINUM,True,561909.23,575551.2105892288,354533.5212097536,729321.9630381172,0.024277907998109916,Damped ETS
ACIDUM ADENOSINTRIPHOSPHORICUM*+COCARBOXYLASUM+CYANOCOBALAMINUM+NICOTINAMIDUM,True,379866.61000000004,333902.84371993336,184488.603959867,437856.24283015693,-0.12099975378216754,Damped ETS
ACIDUM ALENDRONICUM,True,52891.130000000005,56635.7952705301,35831.94525854605,71109.85695834394,0.07079949455665058,Damped ETS
ACIDUM ALENDRONICUM+COLECALCIFEROLUM,True,3459.6400000000003,130.48313943456992,0.0,4492.185757522856,-0.9622841858012481,Damped ETS
ACIDUM ALGINICUM*+CALCII CARBONAS*+NATRII HYDROCARBONAS*,True,596321.01,651070.7040476816,416517.7109270046,814258.5029182947,0.09181245190016307,Damped ETS
ACIDUM ALGINICUM*+KALII HYDROCARBONATIS,True,47409.77999999999,2787.479277213095,0.0,15761.52767295889,-0.9412045515247467,Damped ETS
ACIDUM AZELAICUM,True,166105.49,179755.85636443412,114421.01288260428,225211.89235656633,0.08217889947186041,Damped ETS
ACIDUM BENZOICUM+ACIDUM MALICUM*+ACIDUM SALICYLICUM*,True,1926.13,1557.1451521922684,0.0,3985.4921084589287,-0.19156798752302895,Damped ETS
ACIDUM BORICUM*,True,1871579.6599999997,1900349.5583740112,1376651.2440898945,2219766.982619269,0.0153719870913811,Damped ETS
ACIDUM BORICUM*+BENZOCAINUM+CHLORAMPHENICOLUM+HYPPOPHAE RHAMNOIDES,True,39815.329999999994,44129.73010293559,28469.02946187066,55025.49925252011,0.10836027487240707,Damped ETS
ACIDUM BORICUM*+DEXTROSUM*+OSARSOLUM,True,0.0,244.61186238922085,238.3468478425516,245.87260125745232,,Damped ETS
ACIDUM BORICUM*+ZINCI SULFAS*,True,793.45,3.0411313654124683,0.0,1003.3743863636637,-0.9961672047823902,Damped ETS
ACIDUM CITRICUM+KALII HYDROCARBONATIS+SODIUM CITRAS*,True,42467.47,44662.181789986644,27958.305804194093,56283.72930665689,0.05167983376421148,Damped ETS
ACIDUM CITRICUM+MAGNESII OXYDUM*+NATRII PICOSULFAS,True,0.0,143.74120664677335,137.4761921001041,145.00194551500482,,Damped ETS
ACIDUM CLODRONICUM,True,0.0,2.869106315867394,0.0,4.129845184098853,,Damped ETS
ACIDUM CROMOGLICICUM,True,175414.97,173755.75552695023,104759.18226907731,221759.40182352232,-0.00945879632194313,Damped ETS
ACIDUM ETACRYNICUM,True,0.0,4.435288989535426,0.0,5.696027857766885,,Damped ETS
ACIDUM FOLICUM+FERRI (III) HYDROXYDI POLYMALTOSUM COMPLEXUS*,True,67826.0,70041.65695958909,43363.423181773614,88602.75989003624,0.032666779105196886,Damped ETS
ACIDUM FOLICUM+FERRI SULFAS*,True,112459.70999999999,91314.61721218644,47080.45282146116,122090.07578026116,-0.1880237178969567,Damped ETS
ACIDUM FORMICUM*,True,545459.0599999999,543241.4455669015,390613.16244429105,636333.4638764183,-0.0040655928111240636,Damped ETS
ACIDUM FORMICUM*+SPIRITUS AETHYLICUS*,True,34312.57,52686.147468160605,39189.86633736035,62076.044315655265,0.5354765751490083,Damped ETS
ACIDUM FUSIDICUM,True,12648.050000000001,11689.918714286585,6715.017721547826,15151.154198016158,-0.07575328099694545,Damped ETS
ACIDUM FUSIDICUM+BETAMETHASONUM,True,0.0,0.0,0.0,1.260738868231459,,Damped ETS
ACIDUM GADOPENTETICUM,True,0.0,12.366081287048333,6.101066740379085,13.626820155279791,,Damped ETS
ACIDUM GADOTERICUM,True,5811.93,6977.1720148432505,0.0,14304.498065283715,0.20049140558183765,Damped ETS
ACIDUM GADOXETICUM,True,1.69,1.4160928916239595,0.0,3.546741578935125,-0.16207521205682873,Damped ETS
ACIDUM GAMMA-AMINOBUTYRICUM*,True,185138.67,170687.74830396078,97866.51869328297,221352.35937163522,-0.07805458306489532,Damped ETS
ACIDUM GAMMA-AMINOBUTYRICUM*+PIRACETAMUM,True,5.470000000000001,0.0,0.0,6.896241609226082,-1.0,Damped ETS
ACIDUM GLUTAMICUM,True,40168.04,28077.524970414423,12278.091692369968,39069.81590537031,-0.300998381538795,Damped ETS
ACIDUM GLUTAMICUM+GLYCINUM+PYRIDOXINUM,True,0.0,12.863024726944962,6.598010180275714,14.12376359517642,,Damped ETS
ACIDUM GLYCYRRHIZICUM,True,7276.959999999999,6661.048568542667,0.0,15835.394883108263,-0.08463856218219312,Damped ETS
ACIDUM GLYCYRRHIZICUM+CYSTEINUM+GLYCINUM,True,7568.33,6995.215631501765,0.0,16536.903430103965,-0.07572534079489601,Damped ETS
ACIDUM GLYCYRRHIZICUM+PHOSPHOLIPIDES*,True,0.0,74.63873543496595,68.3737208882967,75.89947430319741,,Damped ETS
ACIDUM HOPANTENICUM,True,203003.5,181822.03078493976,101973.96616790848,237375.4890272219,-0.10434041390941651,Damped ETS
ACIDUM IBANDRONICUM,True,28655.37,25213.478389976146,13942.363185632676,33055.239249824095,-0.12011331942403303,Damped ETS
ACIDUM LACTICUM+ACIDUM SALICYLICUM*,True,0.0,0.0,0.0,1.260738868231459,,Damped ETS
ACIDUM LACTICUM+ACIDUM SALICYLICUM*+POLIDOCANOLUM,True,0.0,141.96416668835522,135.69915214168597,143.2249055565867,,Damped ETS
ACIDUM MEFENAMICUM,True,2442727.7,2555160.794908541,1871646.004656376,2972054.506003126,0.046027682458646746,Damped ETS
ACIDUM METHYLSILICICUM*,True,732495.8499999999,649802.6169203776,444838.40937758394,774815.6968751686,-0.11289242536953936,Damped ETS
ACIDUM MYCOPHENOLICUM,True,6713.370000000001,8025.922533815172,0.0,16489.729029634203,0.19551321226376195,Damped ETS
ACIDUM NICOTINOYL-GAMMA-AMINOBUTYRICUM*,True,0.0,1.350693110484428,0.0,2.611431978715887,,Damped ETS
ACIDUM OROTICUM,True,94228.11,83916.7332133347,46853.66673408319,109702.97519504519,-0.1094299438529045,Damped ETS
ACIDUM PAMIDRONICUM,True,14.809999999999999,5.382261701833307,0.0,24.053804340341216,-0.6365792233738483,Damped ETS
ACIDUM PIPEMIDICUM,True,55781.49,55431.04496560859,33490.31971725433,70696.07574294631,-0.006282460981078208,Damped ETS
ACIDUM RISEDRONICUM,True,10064.94,9758.25391279283,0.0,22447.514977210372,-0.030470731788482586,Damped ETS
ACIDUM RYBONUCLEINICUM*,True,50686.95,42779.746992622895,22842.87467840056,56650.6179887074,-0.15600076562857113,Damped ETS
ACIDUM SALICYLICUM*,True,2019601.16,1938846.9196161574,1373729.7912229975,2283526.771784424,-0.03998524163248274,Damped ETS
ACIDUM SALICYLICUM*+BETAMETHASONUM,True,517227.21,500622.7602338631,297180.003405696,642165.9366446496,-0.03210281563906303,Damped ETS
ACIDUM SALICYLICUM*+CAPSICUM ANNUUM+RICINUS COMMUNIS,True,56626.82,71897.49007844638,49624.26827479768,87393.85186660878,0.2696720401824857,Damped ETS
ACIDUM SALICYLICUM*+CLOTRIMAZOLUM,True,0.0,57.336851158421155,51.071836611751905,58.59759002665261,,Damped ETS
ACIDUM SALICYLICUM*+FLUMETASONUM,True,44654.54999999999,41877.545062912985,24313.41738115157,54097.603725708934,-0.06218862214683618,Damped ETS
ACIDUM SALICYLICUM*+FLUOROURACILUM,True,41488.049999999996,45577.354344487336,0.0,97882.95154661752,0.09856583629472437,Damped ETS
ACIDUM SALICYLICUM*+MOMETASONUM,True,66410.06,61998.01175633631,35876.714526973636,80171.63189134604,-0.06643644417221861,Damped ETS
ACIDUM SALICYLICUM*+UREA PURA*,True,0.0,646.3867371818939,640.1217226352246,647.6474760501253,,Damped ETS
ACIDUM SALICYLICUM*+ZINCI OXYDUM*,True,284406.06999999995,270148.6357890368,158282.21843743487,347978.5290351954,-0.050130555268961485,Damped ETS
ACIDUM SUCCINICUM+INOSINUM+MEGLUMINUM+METHIONINUM,True,0.0,1014.5473984941995,1008.2823839475302,1015.8081373624309,,Damped ETS
ACIDUM SUCCINICUM+INOSINUM+NICOTINAMIDUM+RIBOFLAVINUM,True,0.0,1885.1759772835935,1884.7826438454163,1885.4496349212318,,Damped ETS
ACIDUM THIOCTICUM*,True,547111.4999999999,501106.8900109849,285909.6426496295,650828.1306256655,-0.08408635166509015,Damped ETS
ACIDUM TIAZOTICUM,True,971391.9700000001,779322.9063153177,507511.6935357733,945107.7391072741,-0.1977256036867201,Damped ETS
ACIDUM TIAZOTICUM+AMIODARONUM,True,0.0,16.569447192071493,10.304432645402244,17.830186060302953,,Damped ETS
ACIDUM TIAZOTICUM+CRATAEGUS L.*&+DIPYRIDAMOLUM+HERBA MELISSAE,True,0.0,75.87771815861046,69.61270361194121,77.13845702684192,,Damped ETS
ACIDUM TIAZOTICUM+PIRACETAMUM,True,363228.63,310426.4402900235,167556.4744076828,409826.72909837577,-0.14536901925923762,Damped ETS
ACIDUM UNDECYLENICUM+ZINC UNDECYLENATE,True,0.0,50.23908112654083,43.97406657987158,51.49981999477229,,Damped ETS
ACIDUM VALPROICUM,True,466171.63999999996,453486.77613399987,270125.8821920361,581058.2058703157,-0.027210715490972537,Damped ETS
ACORUS CALAMUS*&,True,63151.81999999999,51806.63025131842,26966.907763562653,69088.60812506994,-0.17964945030375334,Damped ETS
ACORUS CALAMUS*&+BISMUTHI SUBNITRAS*+FRANGULA ALNUS*&+MAGNESII CARBONAS+NATRII HYDROCARBONAS*,True,33025.909999999996,27347.897557429147,14357.702828194137,36385.69006888027,-0.17192599515261953,Damped ETS
ACORUS CALAMUS+ANETHUM GRAVEOLENS+GLYCYRRHIZA GLABRA/URALENSIS+MATRICARIA CHAMOMILLA+MENTHA PIPERITA,True,8111.639999999999,4764.336673670638,1573.7574232138945,6984.148913441999,-0.41265432469011953,Damped ETS
ACORUS CALAMUS+FRANGULA ALNUS+MENTHA PIPERITA+URTICA DIOICA+VALERIANA,True,13825.039999999999,9620.481260030927,4182.630743891835,13403.80904668426,-0.3041263345327806,Damped ETS
ACORUS*&+ARNICA*&+BENZOCAINUM+QUERCUS*&+MENTHA*&+MATRICARIA*&+THYMUS*&+SALVIA*&,True,29053.71,27131.08669387892,15703.29104777189,35081.856337103665,-0.06617479509918289,Damped ETS
ACORUS+ALTHAEA+SAMBUCUS+INULA+URTICA+TILIA+MENTHA+CALENDULA+MATRICARIA+GLYCYRRHIZA+THYMUS+SALVIA*&,True,333245.93,241356.4040431452,110279.63663764388,332551.6979994832,-0.2757408798866795,Damped ETS
ACORUS+ALTHAEA+SAMBUCUS+URTICA+MENTHA+CALENDULA+ARTEMISIA+MATRICARIA+GLYCYRRHIZA+SOPHORA+ACHILLEA+HELICHRY+SALVIA+ROSA*&,True,135806.41999999998,113700.95819322701,60283.75208807272,150865.4222665254,-0.1627718469183782,Damped ETS
ACORUS+ARNICA+QUERCUS+MENTHA+MATRICARIA+THYMUS+SALVIA*&,True,104050.15,97615.90411871577,56689.500876349026,126090.02236361397,-0.0618379298951921,Damped ETS
ACORUS+URTICA+CALENDULA+MATRICARIA+SOPHORA+CHELIDONIUM+ROSA L.*&,True,65930.49,57064.59999971128,31131.93368729531,75106.98214143889,-0.13447329149667664,Damped ETS
ACRIVASTINUM,True,0.0,5.009010109683698,0.0,6.269748977915157,,Damped ETS
ADALIMUMAB,True,4868.87,4760.657621003628,0.0,10899.031274369732,-0.022225358039210663,Damped ETS
ADAPALENUM,True,39693.01,22687.2447982753,7074.65670336822,33549.54014562393,-0.42843224037997374,Damped ETS
ADAPALENUM+BENZOYLI PEROXIDUM*,True,86369.05000000002,110956.79364115496,76984.95825254536,134592.34382920875,0.28468234444115037,Damped ETS
ADAPALENUM+CLINDAMYCINUM,True,148091.54,173973.94511118368,115724.59051800832,214500.3261017836,0.17477301614382346,Damped ETS
ADEMETIONINUM,True,577930.6399999999,560220.9339520254,332901.48829280154,718376.0676131464,-0.03064330703763085,Damped ETS
ADENOSINI PHOSPHAS,True,2972.84,4092.509934142373,0.0,7840.484871175584,0.3766330963463802,Damped ETS
ADENOSINI PHOSPHAS+CYTOCHROMUM C*+NICOTINAMIDUM,True,583983.8200000001,506770.95294840593,343362.8177567683,606437.8875555635,-0.13221747659309147,Damped ETS
ADONIS VERNALIS*&+ARNICA MONTANA/FOLIOSA NUTT./CHAMISSONIS LESS.*&+JUNIPERUS COMMUNIS*&+MENTHA PIPERITA,True,13482.819999999998,9880.043413470326,4576.79946654428,13569.720083371121,-0.26721239225397,Damped ETS
AERVA LANNATA*&,True,56998.47000000001,43082.75749959967,20663.353323652358,58680.8241487903,-0.24414186030608076,Damped ETS
AESCINUM*,True,52109.48,42827.64898407857,22331.248054045842,57087.80617943252,-0.1781217355445004,Damped ETS
AESCINUM*+DIETHYLAMIN,True,12889.36,10356.185545883438,5286.369261178108,13883.45735415148,-0.19653221371088736,Damped ETS
AESCINUM*+HEPARIN SODIUM,True,76.34,2383.750958729299,1905.4797482365684,2479.9957639300883,30.225451384979024,Damped ETS
AESCULUS HIPPOCASTANUM L.*&,True,8605.189999999999,7087.906988478978,0.0,17936.804489995644,-0.17632184896800895,Damped ETS
AESCULUS HIPPOCASTANUM L.*&+DICLOFENACUM,True,4909.38,7491.6743215259985,0.0,13681.12050644416,0.525991942266844,Damped ETS
AESCULUS HIPPOCASTANUM L.+THIAMINUM,True,126734.33,103911.50569970539,54062.65594570525,138593.32305516282,-0.18008399381836482,Damped ETS
AETHACIZINUM*,True,116539.27000000002,111228.76150575357,65389.96975397758,143120.62282603153,-0.045568403631208954,Damped ETS
AETHONIUM*,True,226115.55,210996.00110896226,122057.19440210465,272874.24835521984,-0.06686647110752764,Damped ETS
AFATINIBUM,True,0.0,0.016345767973551084,0.0,1.2770846362050101,,Damped ETS
AFLIBERCEPT,True,1360.01,1529.8613627270972,0.0,3244.478830910564,0.12488978958029517,Damped ETS
AGNUS CASTUS*&,True,279127.02999999997,243163.53497525566,133373.5405771294,319548.77860601683,-0.1288427531534453,Damped ETS
AGOMELATINUM,True,43861.38,45175.25531285205,27923.107914249744,57178.256947202535,0.029955174982001287,Damped ETS
ALANINUM,True,92501.34000000001,85587.39495752905,49203.524859319004,110901.09314029507,-0.07474426902865372,Damped ETS
ALBENDAZOLUM,True,2812067.34,2624269.1857777503,1837407.1798017824,3104197.091463054,-0.06678295058974282,Damped ETS
ALBUMINUM HUMANUM*,True,66395.03,64767.85131157655,38652.465883789686,82937.3583722926,-0.02450753751332657,Damped ETS
ALCLOMETASONUM,True,11281.11,11866.145460532625,0.0,26088.679314327223,0.05185974257255044,Damped ETS
ALECTINIBUM,True,18.920000000000005,4.969977384192226,0.0,28.82315677113144,-0.7373162059095019,Damped ETS
ALFA-BROMISOVALERIC ACID ETHYL ETHER*+DOXYLAMINUM+GUAIFENESINUM,True,843085.0,787942.1914861945,552033.3478849424,931829.2217180859,-0.06540598932943353,Damped ETS
ALFA-BROMISOVALERIC ACID ETHYL ETHER*+DOXYLAMINUM+MENTHOL SOLITION IN ISOVALERAT,True,315555.77,175763.31349624126,51644.67754544699,262117.5600575379,-0.4430039625127399,Damped ETS
ALFA-BROMISOVALERIC ACID ETHYL ETHER*+HUMULUS LUPULUS*&+MENTHA PIPERITA+MENTHOL SOLITION IN ISOVALERAT,True,49058.28,26308.64014593028,7012.378202464213,39733.81315732261,-0.4637268133752288,Damped ETS
ALFA-BROMISOVALERIC ACID ETHYL ETHER*+HUMULUS LUPULUS*&+MENTHA PIPERITA+PHENOBARBITALUM,True,349344.23,313026.10886492697,175617.34177161558,408626.8255692557,-0.10396084439428988,Damped ETS
ALFA-BROMISOVALERIC ACID ETHYL ETHER*+MENTHA PIPERITA+PHENOBARBITALUM,True,6059001.92,5654255.82288391,3958848.9109770837,6688329.246605275,-0.06680078707023918,Damped ETS
ALFA-BROMISOVALERIC ACID ETHYL ETHER*+MENTHA PIPERITA+VALERIANA OFFICINALIS*&,True,2706.52,802.0384693943923,0.0,4214.253431040201,-0.7036643108514282,Damped ETS
ALFA-BROMISOVALERIC ACID ETHYL ETHER*+MENTHOL SOLITION IN ISOVALERAT+PHENOBARBITALUM,True,1930103.19,1747689.433670463,1207615.2874289954,2077094.9100461546,-0.09450984655879302,Damped ETS
ALFA-BROMISOVALERIC ACID ETHYL ETHER*+PASSIFLORA INCARNATA*,True,68105.56,55438.52640415523,28650.3323303629,74076.13306378051,-0.18599118186304864,Damped ETS
ALFA-BROMISOVALERIC ACID ETHYL ETHER*+PHENOBARBITALUM,True,495003.29,494083.51418920007,299382.1682244109,629544.9451537266,-0.0018581206011780704,Damped ETS
ALFACALCIDOLUM,True,1.02,147.58837031186647,141.19805547426384,148.87432395746256,143.6944806979083,Damped ETS
ALFUZOSINUM,True,628.7,3327.585031637297,0.0,4120.2115580944155,4.29280265887911,Damped ETS
ALLANTOINUM*+ALLIUM CEPA&+HEPARIN SODIUM,True,72667.67000000001,66966.9768980418,38384.3524126063,86853.0398029126,-0.07844882190330593,Damped ETS
ALLANTOINUM*+DEXPANTHENOLUM,True,16.490000000000002,98.08561083238493,0.0,118.8751947695217,4.948187436772888,Damped ETS
ALLANTOINUM*+GLUCOSAMINUM+IBUPROFENUM,True,29524.829999999994,13195.011175273234,1581.908279772104,21274.706404742075,-0.5530876494369913,Damped ETS
ALLANTOINUM*+POVIDONUM,True,45936.06,48087.01364577312,30018.825229653074,60657.76730777878,0.046824948543108036,Damped ETS
ALLIUM SATIVUM+CARBO ACTIVATUS MEDICINALIS*+CHOLE MEDICATA CONSERVATA*+URTICA DIOICA,True,2028411.1500000001,2033314.634338536,1465732.3279941152,2379498.063604572,0.0024174015896807344,Damped ETS
ALLOFERONUM*,True,1188.9499999999998,77.11898646571655,0.0,1576.0744638495096,-0.9351368968705862,Damped ETS
ALLOPURINOLUM,True,406795.0999999999,384181.5287191355,224175.4134024454,495504.11478792236,-0.05558958620903842,Damped ETS
ALNUS INCANA/GLUTINOSA*&,True,92895.43,74720.13951461266,38181.26064175132,100141.68343579551,-0.19565322519511819,Damped ETS
ALOE ARBORESCENS MILL.*&,True,199680.62,137873.8923833854,59332.82758140478,192518.01913471235,-0.30952792322366895,Damped ETS
ALOE ARBORESCENS MILL.*&+CALENDULA OFFICINALIS*&+EUCALYPTUS VIMINALIS*&+LEVOMENTHOLUM+MATRICARIA CHAMOMILLA*&,True,129.56,58.16895122045827,0.0,221.51027898852612,-0.5510269279063116,Damped ETS
ALPROSTADILUM,True,7452.469999999999,7506.8735543745515,0.0,16902.49214770345,0.007300070228333899,Damped ETS
ALTEPLASUM,True,144.55,22.8536385050918,0.0,205.09344190794923,-0.8418980387056949,Damped ETS
ALTHAEA OFFICINALIS*&,True,1700523.7,1422390.5402126117,946556.455175489,1712614.3077235362,-0.16355735576480834,Damped ETS
ALTHAEA OFFICINALIS*&+AMMONIUM CHLORIDE+ANISUM VULG.*&+GLYCYRRHIZA GLABRA/URALENSIS*&+NATRII HYDROCARBONAS*,True,130796.54,136311.70608333443,84865.05330343597,172105.17823098204,0.04216599371309382,Damped ETS
ALTHAEA OFFICINALIS*&+ASCORBIC ACID,True,1095503.46,904618.3859492831,598078.7672752817,1091584.9901091978,-0.17424415441893426,Damped ETS
ALTHAEA OFFICINALIS*&+GLYCYRRHIZA GLABRA/URALENSIS*&,True,3475.4100000000008,3035.5731974308073,0.0,7417.157667471103,-0.1265568098639278,Damped ETS
ALTHAEA OFFICINALIS*&+ORIGANUM VULGARE*&+TUSSILAGO FARFARA*&,True,93890.04000000001,78512.77216135786,41582.679917550966,104206.49870551201,-0.1637795429487744,Damped ETS
ALTHAEA OFFICINALIS*&+THYMUS SERPYLLUM*&,True,62852.68,41478.90511850926,16756.844395449854,58679.0210465377,-0.3400614720245937,Damped ETS
ALUMINII HYDROXYDUM*+BENZOCAINUM+MAGNESII HYDROXIDE*,True,536177.4400000001,546357.5331726826,335461.0172243644,693086.5847579692,0.018986425785990857,Damped ETS
ALUMINII HYDROXYDUM*+CALCII CARBONAS*+DIHYDROXYALUMINUM AMINOACETATE+MAGNESII TRISILICAS*,True,57495.78999999999,54111.09845744768,31496.081696026027,69845.26052298854,-0.058868510938841156,Damped ETS
ALUMINII HYDROXYDUM*+MAGNESII HYDROXIDE*,True,479569.54,351485.0572417454,162854.3212284256,482722.9246413737,-0.2670821894948845,Damped ETS
ALUMINII HYDROXYDUM*+MAGNESII HYDROXIDE*+SIMETICONUM,True,120052.77,117089.38218856113,69868.6134017491,149942.7396186808,-0.02468404362047527,Damped ETS
ALUMINII PHOSPHAS*,True,113861.21,113997.21469888209,69211.79349455128,145156.2044461067,0.0011944778988566274,Damped ETS
ALVERINUM+SIMETICONUM,True,126762.32999999999,101164.40371869119,51304.54062842209,135853.88348800247,-0.2019363818991715,Damped ETS
AMANTADINUM,True,88194.96,79788.0131737193,45097.98632700735,103923.23757891302,-0.09532230442964884,Damped ETS
AMBAZONUM,True,534677.6,441843.07469734753,292231.61877594836,533095.0504714571,-0.17362710781722002,Damped ETS
AMBROXOLUM,True,3681389.4599999995,3646695.2144332863,2616582.7935570544,4274987.96845736,-0.009424225810303999,Damped ETS
AMBROXOLUM+CARBOCISTEINUM,True,136917.18000000002,101522.8894920909,47668.78433714674,138991.32152297226,-0.25850876060921735,Damped ETS
AMBROXOLUM+GLYCYRRHIZA GLABRA/URALENSIS*&+KETOTIFENUM+THEOBROMINUM,True,51439.42,79053.25238704277,58820.408460595136,93130.04254572088,0.53682239004722,Damped ETS
AMBROXOLUM+LORATADINUM,True,637063.1799999999,582491.1891241542,404230.5889536657,691217.0341341886,-0.08566181909280302,Damped ETS
AMBROXOLUM+SALBUTAMOLUM,True,57163.52,47272.367583259926,24788.043723341452,62915.601425542736,-0.17303259870525944,Damped ETS
AMIKACINUM,True,182886.94000000003,104107.49921623591,32171.950308305124,154155.90717151135,-0.4307548739333935,Damped ETS
AMIKACINUM+BENZALKONII CHLORIDUM+LIDOCAINUM+NIMESULIDUM,True,246298.31,218605.68306375973,121728.32197419426,286007.09673263563,-0.11243531040160315,Damped ETS
AMINOCAPRONIC ACID,True,172968.75,130516.03536559673,62481.642230861966,177850.25487582554,-0.2454357485638491,Damped ETS
AMINOPHYLLINUM,True,408311.41000000003,347986.04911136575,187383.51836903294,459723.58499267977,-0.1477435100053518,Damped ETS
AMINOPHYLLINUM+ATROPA BELLADONNA*&+COFFEINUM*+CYTISINUM*+EPHEDRINUM*+PARACETAMOLUM+PHENOBARBITALUM,True,21755.48,16762.55713420429,8205.399386606185,22716.110396688946,-0.22950184807670115,Damped ETS
AMINOPHYLLINUM+KALII CHLORIDUM*+MAGNESII CHLORIDUM*,True,4153.62,3484.4988511609586,1850.7412156788437,4621.168688007652,-0.16109349166246345,Damped ETS
AMINOPHYLLINUM+SALBUTAMOLUM,True,0.0,2.963240674792411,0.0,4.22397954302387,,Damped ETS
AMIODARONUM,True,1314490.54,1173947.0794287217,806131.327498388,1398287.6145687315,-0.10691857894335122,Damped ETS
AMISULPRIDUM,True,68098.29,69831.27035146115,43045.93581176437,88466.88752006079,0.025448221261666903,Damped ETS
AMITRIPTYLINE,True,429766.76999999996,451373.9931760697,282332.35191760457,568982.9521896604,0.05027662603153282,Damped ETS
AMLODIPINUM,True,4670422.92,4472106.835239225,3165246.8268343983,5269195.247304152,-0.04246212562711016,Damped ETS
AMLODIPINUM+ATENOLOLUM,True,7517.110000000001,6952.551172509663,0.0,16429.663926281046,-0.07510317495557972,Damped ETS
AMLODIPINUM+ATORVASTATINUM,True,935.6500000000001,801.8565887323389,0.0,1981.4669107931036,-0.14299514911308842,Damped ETS
AMLODIPINUM+BISOPROLOLUM,True,154546.03,155570.42649361218,94782.30515705564,197863.12796977136,0.006628423218714596,Damped ETS
AMLODIPINUM+HYDROCHLOROTHIAZIDUM+OLMESARTANUM MEDOXOMILUM,True,1700.4899999999998,2021.4599370765804,0.0,4165.333775115494,0.18875144051219395,Damped ETS
AMLODIPINUM+HYDROCHLOROTHIAZIDUM+VALSARTANUM,True,1122206.69,1301689.9332268136,860288.5175035142,1608790.364953974,0.159937776905263,Damped ETS
AMLODIPINUM+INDAPAMIDUM,True,295553.26,296235.83821598004,179984.85829566215,377116.24514384265,0.002309493104491578,Damped ETS
AMLODIPINUM+INDAPAMIDUM+PERINDOPRILUM,True,5078501.819999999,5736205.272460832,4315158.175687607,6602939.403547324,0.12950737752434893,Damped ETS
AMLODIPINUM+LISINOPRILUM,True,432523.8299999999,408921.54942793393,238795.46428040767,527284.9989679514,-0.05456874034447068,Damped ETS
AMLODIPINUM+OLMESARTANUM MEDOXOMILUM,True,52700.05,61103.27045988959,40374.57860127247,75525.04164630352,0.15945374738524132,Damped ETS
AMLODIPINUM+PERINDOPRILUM,True,844758.4299999999,852044.8110639938,615667.7146339669,996217.4410551039,0.008625402014625472,Damped ETS
AMLODIPINUM+RAMIPRILUM,True,173857.53999999998,174457.91765475526,106073.93369350287,222035.36133674052,0.00345327360984915,Damped ETS
AMLODIPINUM+TELMISARTANUM,True,63392.58000000001,116260.09776732438,91325.67632099302,133607.96145391365,0.8339701234328112,Damped ETS
AMLODIPINUM+VALSARTANUM,True,1368899.4100000001,1335867.2889796298,952827.0536302447,1569493.6383881571,-0.024130422424808007,Damped ETS
AMMONIUM FERRIC CITRATE+CYANOCOBALAMINUM+FOLIC ACID,True,30606.489999999998,32392.823066250516,20354.267124010497,40768.52281604707,0.05836451897132,Damped ETS
AMMONIUM*,True,2831294.0700000003,2255011.2703307793,1462769.3137679384,2738220.5498760976,-0.20354042548085471,Damped ETS
AMMONIUM*+ANISUM VULGARE GAERTN.*&,True,46769.94,31475.288586305793,13079.107282758432,44274.239879185174,-0.3270188376058256,Damped ETS
AMMONIUM*+ANISUM VULGARE GAERTN.*&+GLYCYRRHIZA GLABRA/URALENSIS*&,True,11935.17,15677.226625587933,0.0,30724.359343537995,0.3135319082667387,Damped ETS
AMMONIUM*+GLYCEROLUM+SPIRITUS AETHYLICUS*,True,124600.24,187107.19166590576,138097.7508689855,221204.99899345593,0.5016599620185784,Damped ETS
AMOROLFINUM,True,166084.67999999996,164347.8754703276,99021.21725734623,209798.21664702054,-0.010457343384545625,Damped ETS
AMOXICILLINUM,True,1070295.87,1226555.6037523842,927069.4772018038,1409220.0968981031,0.1459967641960387,Damped ETS
AMOXICILLINUM+ACIDUM CLAVULANICUM,True,2552485.77,3002290.821161061,2288063.944500521,3437916.6443633037,0.17622235408625264,Damped ETS
AMOXICILLINUM+CLARITHROMYCINUM+OMEPRAZOLUM,True,32323.96,41361.758578008856,28647.664255702417,50207.45711071986,0.2796005989986641,Damped ETS
AMPICILLINUM,True,360564.09,335884.5917792228,194062.67857624314,434555.7088657827,-0.0684469111185676,Damped ETS
AMPICILLINUM+SULBACTAMUM,True,19134.480000000003,12180.49088786696,4654.2600817316315,17416.78748210195,-0.3634271279978888,Damped ETS
AMTOLMETINE GUACIL,True,14343.71,12643.10293840714,7001.242167888614,16568.368731974268,-0.11856117152346624,Damped ETS
AMYLMETACRESOLUM+ASCORBIC ACID+DICHLOROBENZYL ALCOHOL*+SODIUM ASCORBATUM,True,429996.56999999995,774336.9631357826,605204.9338532244,892008.8086745027,0.8007979997044692,Damped ETS
AMYLMETACRESOLUM+DICHLOROBENZYL ALCOHOL*,True,927504.3700000001,562903.9120476139,303373.1608637974,721198.5671848792,-0.39309837208894893,Damped ETS
AMYLMETACRESOLUM+DICHLOROBENZYL ALCOHOL*+LEVOMENTHOLUM,True,530490.26,532881.8594994864,324222.3016141015,678054.5708411499,0.004508281640244194,Damped ETS
AMYLMETACRESOLUM+DICHLOROBENZYL ALCOHOL*+LIDOCAINUM,True,317344.4,411376.3599155082,286554.1959771868,498220.0787372136,0.29630886795389544,Damped ETS
ANAGRELIDUM,True,354.47,421.6416179778873,0.0,868.5357245998925,0.189498738900012,Damped ETS
ANASTROZOLUM,True,22217.89,20257.653007697663,11518.61394495198,26337.74829840259,-0.08822786467582366,Damped ETS
ANETHOLUM*+DICHLOROBENZYL ALCOHOL*+MENTHA PIPERITA+MENTHOLUM*,True,15531.53,22523.690673057987,0.0,42104.89422716094,0.4501913638294479,Damped ETS
ANETHUM GRAVEOLENS*&,True,220424.93,214123.29111770226,127422.79554080532,274444.2567380633,-0.028588594231594988,Damped ETS
ANETHUM GRAVEOLENS+ARCTOSTAPHYLOS UVA-URSI+CALENDULA+ELEUTHEROCOCCUS SENTICOSUS+MENTHA PIPERITA,True,8061.0599999999995,2459.974153860768,0.0,4665.944790320389,-0.6948324223041674,Damped ETS
ANISUM VULG.*&+CAPSICUM ANNUUM*&+MENTHOLUM*,True,67658.25,89908.58666108495,63296.33456752372,108423.7835228183,0.32886361472673253,Damped ETS
ANISUM VULGARE GAERTN.*&,True,0.0,1.5934786844554125,0.0,2.8542175526868716,,Damped ETS
ANISUM VULGARE GAERTN.*&+CAPSICUM ANNUUM*&+LEVOMENTHOLUM,True,29516.500000000004,32422.912615453744,20813.086187492627,40500.32827680106,0.09846738656188037,Damped ETS
ANISUM VULGARE GAERTN.*&+THYMUS SERPYLLUM*&,True,0.0,197.0893037972859,190.82428925061666,198.35004266551738,,Damped ETS
ANTAZOLINUM+NAPHAZOLINUM,True,0.0,35.565050004047905,29.300035457378655,36.82578887227936,,Damped ETS
ANTILYMPHOCYTE SERUM*,True,3.7199999999999998,7.662498441120967,0.0,12.352447030941995,1.059811408903486,Damped ETS
ANTITHROMBINUM III,True,10.38,10.638819059550276,0.0,23.725288511792822,0.02493439880060455,Damped ETS
ANTRAL*,True,1267330.21,1149065.0477823843,794445.5203301916,1365356.8573153012,-0.09331834851282816,Damped ETS
ANTRAL*+LECITHIN*,True,2031.3300000000002,2398.595503813231,0.0,4959.572189017841,0.1808005118878917,Damped ETS
APIXABANUM,True,82758.52,102082.77529494982,69531.08208488263,124730.27637258184,0.23350170224104794,Damped ETS
APOMORPHINUM*,True,0.29,0.03278989740801921,0.0,1.2935287656394783,-0.8869313882482096,Damped ETS
APREPITANTUM,True,954.5,1174.0402697205532,0.0,2377.4155194474806,0.23000552092252824,Damped ETS
APROTININUM,True,36417.15,30540.262484037026,16216.17966591753,40506.09372255225,-0.1613769203785298,Damped ETS
AQUA PRO INJECTIONIBUS*,True,823083.5800000001,547852.1091743428,317539.9869743527,688325.5513051285,-0.33439067126774324,Damped ETS
ARALIA MANDSHURICA RUPP. ET MAXIM*&,True,3117.47,3224.5122153468187,0.0,7154.8278148923455,0.0343362455282068,Damped ETS
ARCTOSTAPHYLOS UVA-URSI*&,True,80997.1,65044.61280538836,33185.74497999547,87210.08784693172,-0.19695133769741935,Damped ETS
ARGININUM,True,4994229.96,4340513.112657892,2943046.64777911,5192864.793970616,-0.13089442267934903,Damped ETS
ARGININUM ASPARTATUM*,True,351704.86,251205.05514398406,112867.77333650814,347451.7762774506,-0.2857504012199772,Damped ETS
ARGININUM+INOSINUM,True,0.0,1.8887642855746327,0.0,3.1495031538060916,,Damped ETS
ARGININUM+LEVOCARNITINUM,True,158298.67,74206.44677631716,11942.28664631884,117526.08684978288,-0.53122507740389,Damped ETS
ARGYREIA*&+MUCUNA PRURIENS*&+PRUNUS AVIUM*&+TRIBULUS TERRESTRIS*&,True,2727.66,192.597000808085,0.0,3631.4639821283063,-0.9293911261637869,Damped ETS
ARIPIPRAZOLUM,True,89721.64,104020.48643816425,68729.96529805573,128573.49848558742,0.15936898208909533,Damped ETS
ARMODAFINILUM,True,48262.5,52493.97238499519,33510.71732496188,65701.37412150782,0.08767619549329586,Damped ETS
ARONIA MELANOCARPA*&,True,2189.22,1740.4373195665091,0.0,4500.472064676183,-0.20499661086299714,Damped ETS
ARTEMISIA ABSINTHIUM*&,True,295683.01,318630.97781265376,202328.96287873236,399546.8918189999,0.07761003181296666,Damped ETS
ARTEMISIA ABSINTHIUM+ATROPA BELLADONNA+MENTHA PIPERITA+VALERIANA,True,144308.58000000005,138506.09860003684,81744.70867014877,177997.24369375705,-0.040208845516761405,Damped ETS
ARTICAINUM+EPINEPHRINUM,True,14105.319999999998,14644.399103656211,9096.30509146478,18504.42765298677,0.03821814064879159,Damped ETS
ASCORBIC ACID,True,14461713.469999999,12031611.481124505,7984989.727445635,14499752.894223826,-0.16803693379187756,Damped ETS
ASCORBIC ACID+BENDAZOLUM+GLUTAMILUM-TRIPTOPHANUM*,True,1748.07,470.7978463591094,0.0,2674.657639748476,-0.7306756329213879,Damped ETS
ASCORBIC ACID+BETACAROTENUM+SELENIUM*+TOCOPHEROLI ACETAS*,True,0.0,4.870061292091041,0.0,6.1308001603225,,Damped ETS
ASCORBIC ACID+HESPERIDINUM+RUSCUS ACULEATUS&,True,161543.22,149110.61370393843,85570.26356710188,193318.1496656031,-0.07696148619584009,Damped ETS
ASCORBIC ACID+KALII CHLORIDUM*+MACROGOLUM+NATRII CHLORIDUM*+NATRII SULFAS*+SODIUM ASCORBATUM,True,7920.53,10541.293533006921,0.0,20527.01356100024,0.3308823441116846,Damped ETS
ASCORBIC ACID+MALVA SYLVESTRIS+PLANTAGO (SEMENI PSYLLIUM),True,130915.82000000002,89288.04955279254,37794.47996038828,125114.16358345764,-0.31797356841371405,Damped ETS
ASCORBIC ACID+SODIUM ASCORBATUM,True,3156.93,3729.3827399090837,0.0,7709.447095195024,0.18133209792712668,Damped ETS
ASCORBIC ACID+SODIUM ASCORBATUM+ZINCI OXYDUM*,True,58659.850000000006,52884.64065157635,29811.76016810999,68937.3566267863,-0.09845250794919613,Damped ETS
ASPARAGINAT K-MG*,True,3358399.59,3093345.7186786747,2153611.0968697006,3666514.667642423,-0.07892267260589003,Damped ETS
ATENOLOLUM,True,180780.75,159731.83230111856,88624.7183473425,209203.86527657683,-0.11643340178023076,Damped ETS
ATENOLOLUM+CHLORTALIDONUM,True,507851.43999999994,505135.77990204067,305380.82692353346,644113.2052435882,-0.005347351378897858,Damped ETS
ATENOLOLUM+CHLORTALIDONUM+NIFEDIPINUM,True,972588.73,929910.8068909924,657764.7212722109,1095899.88746615,-0.043880750200557594,Damped ETS
ATEZOLIZUMABUM,True,115.05,0.0,0.0,145.04800679002938,-1.0,Damped ETS
ATOMOXETINUM,True,347.36,662.2282982005805,0.0,1100.1585514694602,0.9064610150868853,Damped ETS
ATORVASTATINUM,True,1658471.5199999998,1574733.1437392312,1110665.9400423195,1857779.9797486144,-0.050491295901643585,Damped ETS
ATORVASTATINUM+LEVAMLODIPINUM,True,0.0,12.360819494190768,6.095804947521519,13.621558362422228,,Damped ETS
ATOSIBANUM,True,7.08,9.459294855883542,0.0,18.385326042962273,0.33605859546377714,Damped ETS
ATRACURII BESILAS,True,2266.44,2377.5232080264313,0.0,5234.91220854094,0.04901219887860764,Damped ETS
ATROPA BELLADONNA*&,True,177402.21000000002,186253.90790678567,116475.68670722922,234801.37760717786,0.04989620989944621,Damped ETS
ATROPA BELLADONNA*&+NATRII HYDROCARBONAS*,True,13093.57,11224.346609693037,0.0,27731.91923260242,-0.14275888014551896,Damped ETS
ATROPA BELLADONNA*&+PHENOLUM PURUM*,True,43637.03999999999,27425.561476830462,10261.654501748857,39367.17075675319,-0.37150729112628933,Damped ETS
ATROPA BELLADONNA*&+PHENYLII SALICYLAS,True,21671.210000000003,21687.170270128507,13163.158731365604,27617.662403489394,0.0007364734192738531,Damped ETS
ATROPA BELLADONNA*&+XEROFORMIUM*+ZINCI SULFAS*,True,331497.85,298259.6657369962,167870.47664810394,388976.58425013174,-0.10026666617295932,Damped ETS
ATROPINI OXYDUM,True,40599.29000000001,38406.39566082987,22437.337337571436,49516.70145201722,-0.054013120406049886,Damped ETS
AVANAFILUM,True,29959.399999999998,28529.751958029683,0.0,66300.73200692325,-0.04771951514283712,Damped ETS
AVIBACTAMUM+CEFTAZIDIMUM,True,436.81999999999994,586.8058051493351,0.0,1137.5217575702009,0.3433583745005613,Damped ETS
AVISAN*+EQUISETUM ARVENSE*&+HYPERICUM PERFORATUM*&+POLYGONUM AVICULARE*&,True,93141.43999999999,79509.53013660481,42873.88730461747,104998.39657322301,-0.14635708727925167,Damped ETS
AXITINIB,True,238.07,246.8803006881808,0.0,547.0244030480442,0.03700718565203842,Damped ETS
AZACITIDINUM,True,22.97,87.00056560157218,0.0,115.9597374048488,2.7875736004167253,Damped ETS
AZAPENTHACENUM*,True,227400.41999999998,239267.4218259604,149823.2327843919,301497.2835610902,0.05218548772232001,Damped ETS
AZATHIOPRINUM,True,5783.110000000001,6954.039126482456,0.0,14245.03068274049,0.20247395025902248,Damped ETS
AZELASTINUM,True,10665.840000000002,7852.83304535666,0.0,21299.67209569449,-0.26373984183555554,Damped ETS
AZELASTINUM+FLUTICASONUM,True,1.01,124.95120415036875,118.62353945823281,126.22455040728252,122.71406351521658,Damped ETS
AZELASTINUM+MOMETASONUM,True,4334.46,3673.323553319942,1968.4354988778393,4859.481637357125,-0.15253029135810636,Damped ETS
AZILSARTANUM MEDOXOMILUM,True,64721.89000000001,62474.084053234095,37016.80053419924,80185.7235741122,-0.03473022723480279,Damped ETS
AZILSARTANUM MEDOXOMILUM+CHLORTALIDONUM,True,105660.3,110548.8113574395,68989.08227959153,139463.5594475808,0.04626630207788063,Damped ETS
AZITHROMYCINUM,True,3976716.27,4234954.759939381,3122205.11241157,4913650.13960471,0.06493761998750314,Damped ETS
AZITHROMYCINUM+FLUCONAZOLUM+SECNIDAZOLUM,True,643.41,0.0,0.0,811.1719952088031,-1.0,Damped ETS
AZOXIMERI BROMIDUM,True,0.0,466.0504850769769,459.78547053030763,467.3112239452083,,Damped ETS
AZTREONAMUM,True,9250.82,13899.470354645768,0.0,25562.33869165871,0.5025122480651194,Damped ETS
BACITRACINUM+NEOMYCINUM,True,272856.20999999996,303842.79516084486,196519.32395350974,378511.9810043518,0.11356378937039735,Damped ETS
BACLOFENUM,True,69430.86,64722.06213498202,37412.58325557328,83722.34726176917,-0.06781995592475709,Damped ETS
BALOXAVIRUM MARBOXILUM,True,3.23,1.0228393436236918,0.0,5.095025888011304,-0.6833314725623245,Damped ETS
BARII SULFAS*,True,41260.35,31674.333159139245,15445.257833239313,42965.543068263694,-0.23232999334374904,Damped ETS
BASILIXIMABUM,True,0.05,0.024739916570536695,0.0,1.2854787848019957,-0.5052016685892662,Damped ETS
BECLOMETASONUM,True,74877.55,64269.10761467591,34817.26343088109,84759.92105981056,-0.1416772101293925,Damped ETS
BECLOMETASONUM+CHLORAMPHENICOLUM+CLOTRIMAZOLUM+LIDOCAINUM,True,251442.13,262029.16361070803,163128.56611517724,330838.22290921997,0.042105249469164274,Damped ETS
BECLOMETASONUM+CLOTRIMAZOLUM,True,4070.59,5103.186680396596,0.0,10235.137710030891,0.25367248492149685,Damped ETS
BECLOMETASONUM+CLOTRIMAZOLUM+GENTAMICINUM,True,32505.98,3973.810797419716,0.0,12869.320493333616,-0.8777513922847514,Damped ETS
BECLOMETASONUM+FORMOTEROLUM,True,8.32,20.17049015534767,0.0,30.65983753903341,1.4243377590562103,Damped ETS
BEMIPARINUM NATRICUM,True,10.72,0.0,0.0,13.515120667441241,-1.0,Damped ETS
BENDAMUSTINE,True,480.32000000000005,360.0191582899153,0.0,965.5772514788498,-0.25045978037575933,Damped ETS
BENDAZOLUM,True,164414.99999999997,166964.1345990412,102294.21736111576,211957.55509132243,0.015504270285808586,Damped ETS
BENDAZOLUM+METAMIZOLUM NATRICUM+PAPAVERINUM*,True,1159911.1500000001,1117341.5417649148,792779.6078238548,1315300.431682726,-0.036700749221253215,Damped ETS
BENDAZOLUM+METAMIZOLUM NATRICUM+PAPAVERINUM*+PHENOBARBITALUM,True,746.0,329.65228036859105,0.0,1270.1634760692596,-0.5581068627766876,Damped ETS
BENDAZOLUM+PAPAVERINUM*,True,369492.76,337376.89606882696,192043.0383963965,438491.4118948377,-0.0869187908612149,Damped ETS
BENFOTIAMINUM,True,1230.1900000000003,22.7292596129716,0.0,1573.6776079226306,-0.981523781193985,Damped ETS
BENFOTIAMINUM+PYRIDOXINUM,True,150107.09000000003,127040.31476721069,67998.176962717,168118.26640935225,-0.15366879227882801,Damped ETS
BENZALKONII CHLORIDUM,True,238996.99000000002,190923.13722710675,96917.62943637416,256326.4889131423,-0.20114836079271647,Damped ETS
BENZALKONII CHLORIDUM+CHLORHEXIDINUM+DEXPANTHENOLUM,True,0.0,387.47953998728616,381.2145254406169,388.7402788555176,,Damped ETS
BENZATHINI BENZYLPENICILLINUM,True,0.0,0.18810697693370174,0.0,1.448845845165161,,Damped ETS
BENZATHINI BENZYLPENICILLINUM+BENZYLPENICILLINUM+BENZYLPENICILLINUM,True,408622.92000000004,363582.94203774194,202857.88399608253,475405.7250097566,-0.11022381701510553,Damped ETS
BENZOBARBITALUM,True,65146.100000000006,63899.67065851793,38275.53116167387,81727.39848585852,-0.0191328313050525,Damped ETS
BENZOCAINUM,True,511254.34,455883.4753667407,254790.04803145988,595792.1302834072,-0.10830395030633733,Damped ETS
BENZOCAINUM+ATROPA BELLADONNA*&,True,168762.83,163670.76426129678,97290.70010086079,209854.00164023042,-0.030172910342302295,Damped ETS
BENZOCAINUM+ATROPA BELLADONNA*&+METAMIZOLUM NATRICUM+NATRII HYDROCARBONAS*,True,40070.03,39812.4733124053,24051.590644636606,50777.943062296275,-0.006427663957194407,Damped ETS
BENZOCAINUM+BISMUTHI SUBGALLAS*+MENTHOLUM*+ZINCI OXYDUM*,True,200357.92,165751.64980263417,86944.18026297605,220581.12487193348,-0.172722247253145,Damped ETS
BENZOCAINUM+CETYLPYRIDINII CHLORIDUM,True,0.0,39.213840040798495,32.948825494129245,40.47457890902995,,Damped ETS
BENZOCAINUM+CHLORAMPHENICOLUM+NITROFURALUM,True,3459.35,6078.68985866921,0.0,10440.026862485707,0.7571768854464596,Damped ETS
BENZOCAINUM+CHLORHEXIDINUM,True,139901.06,112248.41571411441,57220.6507796617,150533.4092967916,-0.19765857589560498,Damped ETS
BENZOCAINUM+CHLORHEXIDINUM+ENOXOLONUM,True,274079.88000000006,201668.65859577345,93863.87706014383,276672.71108072915,-0.26419750842063483,Damped ETS
BENZOCAINUM+DEXTROMETHORPHANUM+NATRII BENZOAS+SULFOGAIACOLUM,True,597268.0700000001,641489.9108633124,406564.40737667517,804936.8799362271,0.07404018912866439,Damped ETS
BENZOCAINUM+HEPARINUM NATRICUM,True,576049.63,564836.6165409198,403648.5962698568,663149.4444608565,-0.01946536005774402,Damped ETS
BENZOCAINUM+LEVOMENTHOLUM+PROCAINUM,True,2923933.21,1995307.3093762104,1177143.420398946,2494327.0596781387,-0.31759477181210627,Damped ETS
BENZOCAINUM+MENTHOLUM*+PROCAINUM,True,3141489.54,3735567.120133751,2856527.444932758,4271716.619193929,0.18910697379999908,Damped ETS
BENZOCAINUM+PHENAZONUM+PHENYLEPHRINUM,True,0.0,9.221017612362681,2.956003065693433,10.48175648059414,,Damped ETS
BENZOYLI PEROXIDUM*,True,43484.32000000001,3884.476788036619,0.0,15784.293073539251,-0.9106694829760102,Damped ETS
BENZOYLI PEROXIDUM*+CLINDAMYCINUM,True,26441.150000000005,196.94348663299957,0.0,7432.766132069743,-0.9925516293113953,Damped ETS
BENZYDAMINUM,True,3011563.65,3469066.4820307544,2626382.1760555967,3983041.8818455003,0.1519153785877163,Damped ETS
BENZYDAMINUM+CETYLPYRIDINIUM CHLORIDE,True,632688.5,468508.77110979526,291472.27728673967,576488.001349771,-0.25949535812679503,Damped ETS
BENZYDAMINUM+CHLORHEXIDINUM,True,136863.48,210960.3825152717,157127.39936595765,248414.1191310119,0.5413927989794771,Damped ETS
BENZYL ALCOHOL+BENZYL CINNAMATUM*+BENZYLII BENZOAS*+ZINCI OXYDUM*,True,536648.98,524785.1801652582,313703.1917675019,671643.2722729967,-0.022107187895412994,Damped ETS
BENZYLII BENZOAS*,True,408019.76,385852.1792717211,225364.36422663272,497509.90290301794,-0.05432967444586234,Damped ETS
BENZYLNICOTINATUM*+CAMPHORA*+DIMETHYLIS SULFOXIDUM+NONIVAMIDUM+PINUS SILVESTRIS,True,44383.659999999996,22055.47384043222,4597.896253738658,34201.40138576837,-0.5030722153055376,Damped ETS
BENZYLPENICILLINUM,True,330889.55,326716.8080983454,196566.8837398964,417267.2606705056,-0.012610679006498038,Damped ETS
BETACAROTENUM+MENADIONUM+RETINOLUM+TOCOPHEROLI ACETAS*,True,12237.619999999997,10316.511089027399,0.0,25744.954277674064,-0.15698386704053557,Damped ETS
BETAHISTINE,True,1355422.79,1230469.0591666203,851199.8004564276,1461795.3903926823,-0.09218801082234995,Damped ETS
BETAMETHASONUM,True,676283.8099999999,620390.2581692181,431155.0902284424,735809.7817223695,-0.08264807023959642,Damped ETS
BETAMETHASONUM+CALCIPOTRIOLUM,True,21579.399999999998,50163.950700256784,0.0,77369.93903337073,1.3246221257429212,Damped ETS
BETAMETHASONUM+CETYLPYRIDINII CHLORIDUM,True,308604.33999999997,295984.59351924906,174600.18743060384,380436.5281685385,-0.040892965020358774,Damped ETS
BETAMETHASONUM+CLOTRIMAZOLUM+GENTAMICINUM,True,1077303.49,1096386.4201783985,794939.4480065617,1280246.8848225947,0.017713606570046947,Damped ETS
BETAMETHASONUM+GENTAMICINUM,True,207960.59000000003,188128.44404058167,106330.59017049593,245038.44782182365,-0.09536492447640366,Damped ETS
BETAXOLOLUM,True,221067.13999999998,202931.94830130172,115978.85005707292,263428.65959313035,-0.08203476870736315,Damped ETS
BETULA PUBESCENS EHRH.*&,True,66107.46999999999,38998.908799171295,12996.630334866706,57089.7228696081,-0.4100680482981529,Damped ETS
BEVACIZUMABUM,True,2559.9399999999996,0.0,0.0,3227.415858340441,-1.0,Damped ETS
BIBROCATHOL,True,8230.250000000002,7080.796850633338,0.0,17456.992920895307,-0.13966199682472136,Damped ETS
BICALUTAMIDUM,True,25104.940000000002,17365.72344458332,7491.11107914778,24235.882018031552,-0.3082746485519058,Damped ETS
BICLOTYMOLUM,True,406852.68,378566.1919806908,218537.42852463044,489904.5352562529,-0.06952513627121537,Damped ETS
BICLOTYMOLUM+ENOXOLONUM+MURAMIDASE,True,106034.27000000002,114928.20536118763,73221.38137746448,143945.29319807648,0.08387793268334476,Damped ETS
BICYCLOLUM*,True,34131.09,27341.89444205829,13916.995463618458,36682.12790147437,-0.1989152868525942,Damped ETS
BIDENS TRIPARTITES*&,True,156825.6,110589.0449154641,48904.29247324166,153505.56813265412,-0.2948278538997199,Damped ETS
BIDENS TRIPARTITES*&+HYPERICUM PERFORATUM*&+ROSA L.*&+VACCINIUM VITIS-IDAEA*&,True,9113.53,5117.309141153285,0.0,16607.090638946735,-0.43849319186382396,Damped ETS
BIDENS TRIPARTITES+CALENDULA+EUCALYPTUS VIMINALIS+GLYCYRRHIZA GLABRA/URALENSIS+MATRICARIA CHAMOMILLA+SALVIA,True,117199.59999999999,109834.90743626762,63736.38581526,141907.47310440717,-0.06283888821917805,Damped ETS
BIFONAZOLUM,True,31115.27,30010.41642977366,17771.74030085778,38525.34771244777,-0.035508403758872764,Damped ETS
BIFONAZOLUM+UREA PURA*,True,20097.18,19211.15416781112,0.0,44548.45013565503,-0.04408707252404964,Damped ETS
BILASTINUM,True,829220.9199999999,832408.2412878464,506247.925815679,1059330.879335204,0.0038437540720106522,Damped ETS
BIMATOPROST,True,66412.05,73503.53704172018,47381.45707881553,91677.70175542882,0.10678012562057893,Damped ETS
BIMATOPROST+TIMOLOLUM,True,10480.150000000001,14659.590970801357,0.0,27872.323420697285,0.3987959113945272,Damped ETS
BIOTINUM,True,324837.06000000006,369957.5935429725,242188.3158857574,458851.735999904,0.13890204997844902,Damped ETS
BIPERIDENUM,True,3114.6000000000004,198.5980037618297,0.0,4125.295282755533,-0.9362364336473931,Damped ETS
BISACODYLUM,True,910822.5799999998,906361.206781935,651498.2907370416,1061808.8260662886,-0.004898180299905297,Damped ETS
BISMUTHI SUBCITRAS*,True,348937.62,301716.1509248147,164467.3171408006,397205.59569710336,-0.13532925763403014,Damped ETS
BISMUTHI SUBGALLAS*+BUFEXAMACUM+LIDOCAINUM,True,10183.039999999999,6960.451167393283,0.0,19798.60549214896,-0.3164662843911755,Damped ETS
BISOPROLOLUM,True,10102992.13,9836047.336455293,7009066.4385614265,11560297.600713192,-0.02642234994443249,Damped ETS
BISOPROLOLUM+HYDROCHLOROTHIAZIDUM,True,0.0,3.824939874557252,0.0,5.085678742788711,,Damped ETS
BISOPROLOLUM+PERINDOPRILUM,True,355174.24,410639.07607170515,270937.17110048555,507835.2195400408,0.15616232774005567,Damped ETS
BLEOMYCINUM,True,0.0,0.9075349416947023,0.0,2.1682738099261614,,Damped ETS
BORTEZOMIBUM,True,345.46000000000004,421.2169709322666,0.0,856.7518203515065,0.21929303228236718,Damped ETS
BOTULINUM TOXIN,True,43321.59,23535.878261062287,0.0,78153.09060764959,-0.45671711816066096,Damped ETS
BOVHYALURONIDASUM AZOXIMERUM,True,0.0,5.131784072440027,0.0,6.392522940671486,,Damped ETS
BRENTUXIMAB VEDOTIN,True,4.87,5.281709677255451,0.0,11.421507965542656,0.08453997479578046,Damped ETS
BREXPIPRAZOLUM,True,3653.33,7239.527973518366,0.0,11845.423102994402,0.9816244285400897,Damped ETS
BRIMONIDINUM,True,152042.68,164137.90313507977,104334.43306098445,205745.54376405742,0.07955149919140991,Damped ETS
BRIMONIDINUM+BRINZOLAMIDUM,True,94355.61,89667.21671535634,52554.000222737224,115488.35004586569,-0.04968854829769709,Damped ETS
BRIMONIDINUM+TIMOLOLUM,True,18961.21,18573.14453035337,0.0,42478.27896605239,-0.020466281932779107,Damped ETS
BRINZOLAMIDUM,True,140682.33,144078.85774066194,88743.79319096444,182577.6518258967,0.024143243438333517,Damped ETS
BRINZOLAMIDUM+TIMOLOLUM,True,301297.54,318665.63252533897,200155.23520276783,401118.00554793375,0.05764432237096595,Damped ETS
BROLUCIZUMABUM,True,406.99,383.518147809932,0.0,896.6262597914535,-0.057671815499319434,Damped ETS
BROMELAINA+RUTOSIDUM+TRYPSINUM*,True,0.0,0.0,0.0,1.260738868231459,,Damped ETS
BROMFENACUM,True,91193.88,87606.90422162863,51737.30186049792,112562.80598948823,-0.0393335142486686,Damped ETS
BROMHEXINE,True,1018593.13,850109.9579510136,565091.0957977552,1023950.4846954187,-0.16540772472025844,Damped ETS
BROMHEXINE+GUAIFENESINUM+MENTHOLUM*+SALBUTAMOLUM,True,411431.76,217258.17041591252,55428.3016797631,329849.61390683084,-0.4719460393239634,Damped ETS
BROMHEXINUM+GUAIFENESINUM+SALBUTAMOLUM,True,265105.01,247397.57791579253,143122.9128544575,319945.58867843845,-0.06679403035124643,Damped ETS
BROMHEXINUM+PHENYLEPHRINUM+SALBUTAMOLUM,True,16547.86,49293.62719994118,0.0,70156.15748799381,1.9788520811718961,Damped ETS
BROMHEXINUM+SALBUTAMOLUM,True,0.0,3.4297679593279513,0.0,4.69050682755941,,Damped ETS
BROMOCRIPTINUM,True,19166.829999999998,16490.47502119609,8951.519878335726,21735.624440008673,-0.13963472200692073,Damped ETS
BUDESONIDUM,True,851545.5200000001,1085135.288775395,750193.9616292939,1318167.2241199699,0.27431272115129524,Damped ETS
BUDESONIDUM+FORMOTEROLUM,True,733152.14,892631.4369201997,604258.1849869336,1093264.1195819753,0.21752551512732365,Damped ETS
BUPIVACAINUM,True,58586.41,49409.52137694985,26365.527301183236,65442.13993525165,-0.1566385211698439,Damped ETS
BUPIVACAINUM+EPINEPHRINUM,True,0.0,0.030082548946815613,0.0,1.2908214171782748,,Damped ETS
BUPRENORPHINUM,True,44260.33,4351.457693345332,0.0,16463.635042231566,-0.9016849243251162,Damped ETS
BUPROPIONUM,True,252.14,611.2725225684329,0.0,929.155220804313,1.4243377590562107,Damped ETS
BUSPIRONUM,True,99720.58999999998,122370.52378752553,83147.08126575382,149659.82487081096,0.2271339729089603,Damped ETS
BUTAMIRATUM,True,227307.01,225116.0698279794,135708.62206287103,287320.3692031774,-0.009638682819419486,Damped ETS
BUTAMIRATUM+GUAIFENESINUM,True,496473.57999999996,598245.7612580452,402966.1010724383,734109.5483106148,0.20499012506978764,Damped ETS
BUTOCONAZOLUM,True,0.0,94.3335031562998,88.06848860963055,95.59424202453125,,Damped ETS
BUTORPHANOLUM,True,0.0,0.5834380853862176,0.0,1.8441769536176766,,Damped ETS
CABAZITAXEL,True,2.2,1.7113100964792662,0.0,4.4849356065884765,-0.22213177432760634,Damped ETS
CABERGOLINUM,True,180339.98,174910.9326783672,103977.18830413654,224262.34557688367,-0.0301045132733897,Damped ETS
CABOZANTINIBUM,True,8.51,9.205714163100518,0.0,19.934601931750237,0.08175254560523126,Damped ETS
CALAMAGROSTIS EPIGEIOS*+DESCHAMPSIA CAESPITOSA*,True,628389.3200000001,578481.4714972948,402647.9578983373,685726.9723474317,-0.07942185984749905,Damped ETS
CALCII CARBONAS*+COLECALCIFEROLUM,True,664307.03,540095.9090698849,354212.03823422507,653471.3880653218,-0.18697848332286215,Damped ETS
CALCII CARBONAS*+MAGNESII CARBONAS,True,771072.1000000001,768213.6234658132,552455.1561176941,899810.4073768874,-0.003707145588832561,Damped ETS
CALCII CHLORIDUM*,True,85327.19999999998,67765.3902083321,34203.34926228757,91115.83018661254,-0.20581725161106756,Damped ETS
CALCII CHLORIDUM*+CITICOLINUM+KALII CHLORIDUM*+NATRII CHLORIDUM*+NATRII LACTAS*,True,126807.21999999999,117453.37770446984,67575.85787616097,152155.1419651347,-0.07376427221991111,Damped ETS
CALCII CHLORIDUM*+DEXTROSUM*+KALII CHLORIDUM*+NATRII ACETAS*+NATRII CHLORIDUM*+XYLITOLUM*,True,566.3,652.942489750902,0.0,1366.8989108303772,0.1529975097137597,Damped ETS
CALCII CHLORIDUM*+DEXTROSUM*+MAGNESII CHLORIDUM*+NATRII CHLORIDUM*+NATRII LACTAS*,True,0.0,0.21452683371702397,0.0,1.4752657019484832,,Damped ETS
CALCII CHLORIDUM*+FRUCTOSUM*+KALII CHLORIDUM*+MAGNESII CHLORIDUM*+NATRII CHLORIDUM*,True,163823.04,109940.3419128508,45503.262336988795,154771.76802995574,-0.32890793680271846,Damped ETS
CALCII CHLORIDUM*+GELATINUM*+KALII CHLORIDUM*+MAGNESII CHLORIDUM*+NATRII ACETAS*+NATRII CHLORIDUM*,True,1472.0900000000001,571.8012393336168,0.0,2427.7223198684655,-0.6115718201104439,Damped ETS
CALCII CHLORIDUM*+HYDROXYETHYLAMYLUM*+KALII CHLORIDUM*+MAGNESII CHLORIDUM*+NATRII CHLORIDUM*+NATRII LACTAS*+XYLITOLUM*,True,2658.05,4653.090841380273,0.0,8004.197790082902,0.7505655805497535,Damped ETS
CALCII CHLORIDUM*+KALII CHLORIDUM*+MAGNESII CHLORIDUM*+NATRII ACETAS*+NATRII CHLORIDUM*,True,111370.33999999998,60525.839919194426,16720.161176016387,91003.18406655524,-0.4565353763022144,Damped ETS
CALCII CHLORIDUM*+KALII CHLORIDUM*+MAGNESII CHLORIDUM*+NATRII ACETAS*+NATRII CHLORIDUM*+XYLITOLUM*,True,171650.78,142807.6538193111,75291.66235609089,189781.20077286192,-0.16803376122548885,Damped ETS
CALCII CHLORIDUM*+KALII CHLORIDUM*+MAGNESII CHLORIDUM*+NATRII CHLORIDUM*+NATRII HYDROCARBONAS*+POVIDONUM,True,18418.75,19632.201626081554,12387.491361652887,24672.633239329767,0.06588132343842856,Damped ETS
CALCII CHLORIDUM*+KALII CHLORIDUM*+MAGNESII CHLORIDUM*+NATRII CHLORIDUM*+NATRII LACTAS*,True,21251.52,17950.51921736469,9591.585789270432,23766.15997678521,-0.15533010262961477,Damped ETS
CALCII CHLORIDUM*+KALII CHLORIDUM*+MAGNESII CHLORIDUM*+NATRII CHLORIDUM*+NATRII LACTAS*+SORBITOL*,True,1987092.6900000002,1521176.3580823743,965155.6263336167,1860308.0778491837,-0.23447136324457307,Damped ETS
CALCII CITRAS*+MAGNESII HYDROXIDE*+ZINCI SULFAS*,True,0.0,19.801022041316266,13.536007494647016,21.061760909547726,,Damped ETS
CALCII FOLINAS,True,7312.919999999999,8559.098641940793,0.0,17778.781126207992,0.17040780453509585,Damped ETS
CALCII GLUCONAS*,True,1187234.8199999998,974408.1084525901,642200.5689170265,1177030.2550187062,-0.1792625249547598,Damped ETS
CALCII PANTOTHENAS+CYANOCOBALAMINUM+NICOTINAMIDUM+PYRIDOXINUM+RIBOFLAVINUM+SILIMARINUM*+THIAMINUM,True,0.0,34.56661307976711,28.30159853309786,35.827351947998565,,Damped ETS
CALCITONINUM,True,0.0,8.897617645727246,2.632603099057998,10.158356513958704,,Damped ETS
CALCITRIOLUM,True,7759.379999999999,9777.729624226988,0.0,19560.281583604803,0.26011738363464465,Damped ETS
CALENDULA OFFICINALIS*&,True,2148445.76,2132043.458910232,1530873.5237535,2498712.8694924377,-0.007634496246145761,Damped ETS
CALENDULA OFFICINALIS*&+CORIANDRUM SATIVUM*&+GLYCYRRHIZA GLABRA/URALENSIS*&+MELILOTUS OFFICINALIS*+SILYBUM MARIANUM*&,True,150.83,149.14521489167765,0.0,339.30245838702865,-0.011170092874907889,Damped ETS
CALENDULA OFFICINALIS*&+MATRICARIA CHAMOMILLA*&+ACHILLEA MILLEFOLIUM*&,True,358100.25999999995,368646.5766510686,227793.77017307337,466643.4478402863,0.02945073720714042,Damped ETS
CAMILOPHINUM+COFFEINUM*+ERGOTAMINUM+MECLOXAMINUM+PROPYPHENAZONUM,True,75754.02999999998,82191.95157577077,52395.35850008229,102922.62046714252,0.08498454241669773,Damped ETS
CAMPHORA*,True,572639.3299999998,507282.1818865894,282043.9853821277,663989.3081530991,-0.11413318067658829,Damped ETS
CAMPHORA*+CARYOPHYLLUS AROMATICUS*&+EUCALYPTUS VIMINALIS*&+MENTHOLUM*,True,170369.78999999998,167618.95698918222,100606.8217269328,214241.9512454949,-0.016146248761695126,Damped ETS
CAMPHORA*+CARYOPHYLLUS AROMATICUS*&+EUCALYPTUS VIMINALIS*&+MENTHOLUM*+OLEUM TEREBINTHINE*,True,0.0,5.731332453128241,0.0,6.9920713213597,,Damped ETS
CAMPHORA*+CHLOROBUTANOLUM+EUCALYPTUS VIMINALIS*&+HEXETIDINUM+MENTHOLUM*,True,129.67,352.4809967521392,0.0,515.9610057957125,1.718292563832338,Damped ETS
CAMPHORA*+CHLOROBUTANOLUM+EUCALYPTUS VIMINALIS*&+LEVOMENTHOLUM,True,0.0,118.83588037510695,112.5708658284377,120.09661924333841,,Damped ETS
CAMPHORA*+CHLOROBUTANOLUM+EUCALYPTUS VIMINALIS*&+MENTHOLUM*,True,140118.62,129638.58991897252,74525.25136170995,167983.12045729425,-0.07479398584590313,Damped ETS
CAMPHORA*+CINEOLUM+LEVOMENTHOLUM+OXYMETAZOLINUM,True,389174.67000000004,417744.76479308255,264669.3537904554,524245.38561390055,0.07341201007013765,Damped ETS
CAMPHORA*+EUCALYPTUS VIMINALIS*&+LEVOMENTHOLUM+PINUS SILVESTRIS*&,True,6090.349999999999,583.251488182088,0.0,8261.592454315554,-0.9042335024781682,Damped ETS
CAMPHORA*+EUCALYPTUS VIMINALIS*&+MENTHOLUM*+METHYL SALICYLAT*+PINUS SILVESTRIS*&+THYMOL,True,90063.93000000001,68594.86943875073,33169.71419608849,93241.55175896107,-0.2383757910769525,Damped ETS
CAMPHORA*+EUCALYPTUS VIMINALIS*&+MENTHOLUM*+MYRISTICA FRAGRANS*+OLEUM TEREBINTHINE*+THYMOL,True,248200.64999999997,207604.24318368506,109978.62816133734,275526.2467229456,-0.16356285455463115,Damped ETS
CAMPHORA*+LEVOMENTHOLUM+PINUS SILVESTRIS*&,True,0.0,72.37972751428303,66.11471296761378,73.64046638251449,,Damped ETS
CAMPHORA*+MENTHA PIPERITA+VALERIANA,True,45813.979999999996,37596.89596139849,19576.72569141113,50134.241499001284,-0.17935756811788683,Damped ETS
CAMPHORA*+PINUS SILVESTRIS*&+EUCALYPTUS VIMINALIS*&,True,54167.87000000001,50400.64629134036,29094.611745497794,65224.09763143236,-0.06954720037283446,Damped ETS
CAMPHORA*+SPIRITUS AETHYLICUS*,True,402750.0,356755.4027174775,198340.3604915585,466971.0162762542,-0.11420135886411542,Damped ETS
CAMPHORA*+SULFANILAMIDUM,True,741.4399999999999,613.2509418783056,0.0,1548.0131683398386,-0.17289201839891877,Damped ETS
CANDESARTANUM,True,345391.17,333993.74073236546,198139.84432017535,428512.67237565224,-0.03299861217539091,Damped ETS
CANDESARTANUM+HYDROCHLOROTHIAZIDUM,True,161239.28000000003,165499.17893770518,102078.37856606822,209623.5393969861,0.026419734308570142,Damped ETS
CAPECITABINUM,True,7856.600000000001,5099.233158729005,0.0,15004.354150876288,-0.3509618462529588,Damped ETS
CAPSAICINUM+ETHYLIS NICOTINAS*+GLYCOL SALICYLATUM*,True,0.0,0.0,0.0,1.260738868231459,,Damped ETS
CAPSELLA BURSA-PASTORIS MEDIC.*&,True,11383.78,8596.989442279646,4119.368115425338,11712.247784472398,-0.24480362038974357,Damped ETS
CAPSICUM ANNUUM*&,True,116406.46999999999,95208.20063535881,49421.64356417278,127063.72022135838,-0.1821055939986942,Damped ETS
CAPSICUM ANNUUM*&+DIMETHYLIS SULFOXIDUM,True,50375.52999999999,30814.476657959105,11000.096243053955,44600.12519253033,-0.38830466581772716,Damped ETS
CAPTOPRILUM,True,1149293.6500000001,1128759.1758898322,807168.1904853212,1324906.0058807237,-0.017867038689518555,Damped ETS
CAPTOPRILUM+HYDROCHLOROTHIAZIDUM,True,5078151.109999999,4997165.9668690935,3576217.0044364627,5863840.243231124,-0.01594776157240152,Damped ETS
CARBAMAZEPIN,True,963986.5899999999,938195.5858478341,668456.5183824964,1102716.5625209666,-0.02675452586136673,Damped ETS
CARBAZOCHROMUM+TROXERUTINUM,True,106827.19,105760.68793550039,63741.982001977674,134994.76438642532,-0.009983432724380514,Damped ETS
CARBETOCINUM,True,356.8499999999999,492.8279384678674,0.0,942.7226035962635,0.3810506892752348,Damped ETS
CARBIDOPA+LEVODOPA*,True,245850.16999999998,254673.1328024806,157972.04015989992,321951.9095376254,0.035887560307485744,Damped ETS
CARBIMAZOLE,True,31844.899999999998,30661.995036863715,18136.33103145051,39376.595141687765,-0.037145821250381794,Damped ETS
CARBO ACTIVATUS MEDICINALIS*,True,5468696.71,3887245.807909129,2357015.8585421355,4820573.442537684,-0.2891824114508027,Damped ETS
CARBOCISTEINUM,True,358001.55000000005,273003.1141761487,132189.13364183597,370972.97261995525,-0.23742477043423782,Damped ETS
CARBOMERUM,True,95944.97,86205.85100851468,48467.486082594056,112461.92484198067,-0.10150734313101895,Damped ETS
CARBOPLATINUM,True,14749.830000000002,330.19152686391965,0.0,18925.875507670346,-0.9776138757623701,Damped ETS
CARDIOSPERMUM HALICACABUM*&,True,3335.09,3054.4068062633205,0.0,7259.084398313377,-0.08416060548191495,Damped ETS
CARICA PAPAYA*&+CHYMOTRYPSINUM+TRYPSINUM*,True,0.0,0.2228548008997708,0.0,1.48359366913123,,Damped ETS
CARIPRAZINUM,True,2311.35,2966.42035515302,0.0,5880.429138239802,0.28341460841197574,Damped ETS
CARNITINUM+COBAMAMIDUM*+COCARBOXYLASUM+LYSINUM+PYRIDOXALPHOSPHATUM*,True,320599.60000000003,169275.58598748286,43173.043041206634,257010.1151512281,-0.4720031279281607,Damped ETS
CARNITINUM+LYSINUM,True,24117.969999999994,969.2098852998787,0.0,7569.276580128355,-0.9598137867614944,Damped ETS
CARUM CARVI*&,True,28326.370000000003,27247.789812235365,16106.081309052233,34999.517309300354,-0.03807689399540559,Damped ETS
CARVEDILOLUM,True,2660725.9400000004,2551276.175319559,1806761.9452653478,3005375.054753492,-0.04113530184940484,Damped ETS
CASPOFUNGINUM,True,0.0,0.08143605383248192,0.0,1.342174922063941,,Damped ETS
CASSIA ACUTIFOLIA/ANGUSTIFOLIA*&,True,1291190.4100000001,1263862.9385181707,902566.9404964687,1484226.9036685391,-0.021164555800743168,Damped ETS
CASSIA ACUTIFOLIA/ANGUSTIFOLIA*&+NATRII PICOSULFAS,True,148755.4,144617.64983855002,86107.17690910626,185325.70118847242,-0.02781579802447498,Damped ETS
CASSIA ACUTIFOLIA/ANGUSTIFOLIA*&+RHEUM*+SULFUR*+CARBO ACTIVATUS MEDICINALIS*,True,0.0,3.9421382430661374,0.0,5.202877111297596,,Damped ETS
CEFALEXINUM,True,8692.779999999999,12823.066984534214,9403.905939815098,15201.912623842625,0.475139941944259,Damped ETS
CEFAZOLINUM,True,187067.26,248621.31226732585,175041.5037211136,299813.6967183729,0.3290477033090977,Damped ETS
CEFDINIRUM,True,80325.8,44025.83300471156,12431.009916367111,66007.60167410842,-0.45190918727592433,Damped ETS
CEFDITORENUM,True,0.0,8.859005484298926,2.5939909376296777,10.119744352530386,,Damped ETS
CEFEPIMUM,True,454791.01,257291.7857851745,130033.89215719454,334909.7339221505,-0.4342636944710616,Damped ETS
CEFEPIMUM+SULBACTAMUM,True,12959.69,18142.915477727976,0.0,34481.70038095854,0.3999498041795735,Damped ETS
CEFIXIMUM,True,905503.3699999999,858463.6150887661,605089.1001896318,1013003.4192298307,-0.051948735332960516,Damped ETS
CEFOPERAZONUM,True,21733.670000000002,27404.0470034824,18855.46785817094,33351.63179289017,0.26090287574451976,Damped ETS
CEFOPERAZONUM+SULBACTAMUM,True,302136.76999999996,151037.87409034607,66495.11028821762,202602.73713399647,-0.5001009837685559,Damped ETS
CEFOTAXIMUM,True,198733.16,138242.21136163577,60073.81425899065,192627.05844760608,-0.30438276449870894,Damped ETS
CEFPODOXIMUM,True,536000.0499999999,444120.83478314587,294139.33592394035,535598.509511845,-0.17141643030976228,Damped ETS
CEFTAZIDIMUM,True,319062.2,111605.95373094323,22327.180370165355,166059.4340054752,-0.6502062803712153,Damped ETS
CEFTRIAXONUM,True,4690157.7,2754728.3957483075,1442346.276134617,3555184.889188753,-0.41265761794143785,Damped ETS
CEFTRIAXONUM+SULBACTAMUM,True,162191.77,59706.82827618314,0.0,104091.84489873805,-0.6318751051537131,Damped ETS
CEFTRIAXONUM+TAZOBACTAMUM,True,27543.739999999998,6512.224622725595,0.0,14049.779442845818,-0.7635678879220615,Damped ETS
CEFUROXIMUM,True,409122.24999999994,509331.2863352106,348409.82510786614,621290.7147754271,0.24493665728327096,Damped ETS
CELECOXIBUM,True,137896.68,125274.42923377422,71035.05397613539,163010.90892072217,-0.09153411645752296,Damped ETS
CENTAURIUM VULG. RAF./PULCHELLUM (SWARTZ) DRUCE*&+LEVISTICUM OFFICINALE&+ROSMARINUS OFFICINALIS*&,True,1752667.1199999996,1656373.1028681183,1165948.444029286,1955496.0464406903,-0.05494141815810483,Damped ETS
CENTAURIUM VULGARE RAF./PULCHELLUM (SWARTZ) DRUCE*&,True,14177.73,12987.57727821097,7411.001991761116,16867.421377082916,-0.08394522407952676,Damped ETS
CERULOPLASMINUM*,True,0.0,0.0,0.0,1.260738868231459,,Damped ETS
CETIRIZINUM,True,1521235.2999999998,1483987.6422951436,1058321.356608168,1743612.7448659642,-0.02448513895572646,Damped ETS
CETIRIZINUM+CHLORPHENAMINUM+DEXTROMETHORPHANUM+PARACETAMOLUM,True,385725.25,389231.8433563684,237513.20458205888,494788.50404876453,0.009090909543433945,Damped ETS
CETIRIZINUM+PARACETAMOLUM,True,0.0,0.23612998610789,0.0,1.4968688543393491,,Damped ETS
CETIRIZINUM+PARACETAMOLUM+PHENYLEPHRINUM,True,814140.35,963791.5186840493,643562.8956596558,1186587.2435709697,0.1838149511740197,Damped ETS
CETRARIA ISLANDICA*&,True,1037944.1000000002,854900.0840387132,564466.5069335075,1032043.1883469542,-0.1763524798313194,Damped ETS
CETRORELIXUM,True,139.13,107.48596214480303,0.0,282.8925608818459,-0.2274422328412059,Damped ETS
CETUXIMABUM,True,92.35000000000001,17.974128091463204,0.0,134.40336257263846,-0.8053694846620119,Damped ETS
CETYLPYRIDINII CHLORIDUM,True,0.0,148.36889449889156,142.10387995222231,149.62963336712303,,Damped ETS
CETYLPYRIDINII CHLORIDUM+MURAMIDASE,True,15721.000000000002,561.0057142918894,0.0,20381.08146175866,-0.9643148836402335,Damped ETS
CHELIDONIUM MAJUS*&,True,63129.990000000005,51243.83768160359,26412.701662803225,68519.84160912546,-0.18828059878350079,Damped ETS
CHLORAMBUCILUM,True,1200.95,1328.7008363753994,0.0,2842.7851801779702,0.10637481691610762,Damped ETS
CHLORAMPHENICOLUM,True,2995353.19,3083559.289959771,2245410.9333525235,3594768.094534307,0.02944764585834081,Damped ETS
CHLORAMPHENICOLUM+HYDROCORTISONUM+METRONIDAZOLUM+NYSTATINUM,True,0.0,1748.4475124729397,1742.1824979262706,1749.7082513411713,,Damped ETS
CHLORAMPHENICOLUM+LIDOCAINUM+METRONIDAZOLUM,True,7881.690000000001,9805.041963117852,0.0,19741.794893469065,0.24402786244039665,Damped ETS
CHLORAMPHENICOLUM+METHYLURACILUM*,True,2561005.07,2550073.6095747724,1833462.8947350546,2987153.398600929,-0.004268425921244878,Damped ETS
CHLORAMPHENICOLUM+METHYLURACILUM*+SULFADIMETHOXINUM+TRIMECAINUM,True,105523.41,99784.452592689,58278.566929193126,128661.73968881402,-0.05438563260333418,Damped ETS
CHLORHEXIDINUM,True,3677837.14,3669699.2383017675,2640580.8141201767,4297385.727506477,-0.0022126868016326684,Damped ETS
CHLORHEXIDINUM+CHLOROCRESOLUM+HEXAMIDINUM,True,177670.39,194947.2538814971,125063.54852049027,243568.11308715108,0.09724109842668271,Damped ETS
CHLORHEXIDINUM+DEXPANTHENOLUM,True,417403.06000000006,405902.6109779212,241724.0302823835,520128.1463204684,-0.027552383114006984,Damped ETS
CHLORHEXIDINUM+LIDOCAINUM,True,62220.08,38570.05178314974,14096.813793081314,55597.051889608265,-0.3801028255966604,Damped ETS
CHLORHEXIDINUM+LIDOCAINUM+TYROTHRICINUM,True,679115.98,864248.7137998564,597129.6904652906,1050093.9885689933,0.272608419256835,Damped ETS
CHLORHEXIDINUM+METRONIDAZOLUM,True,629456.15,620925.188929429,373339.0372680649,793180.6719352524,-0.01355290764983541,Damped ETS
CHLORIN E6*,True,0.0,0.07609614533535103,0.0,1.3368350135668101,,Damped ETS
CHLORMADINONUM + ETHINYLESTRADIOLUM,True,78970.79,63883.198023977195,32821.34567769741,85494.15785779794,-0.19105281808657104,Damped ETS
CHLORNITROPHENOLUM*,True,48525.329999999994,66162.6067087239,47075.971821134444,79441.93388213697,0.3634653635271292,Damped ETS
CHLOROBUTANOLUM+CHOLINI SALICYLAS+HEXETIDINUM,True,1299103.9300000002,1307156.985827854,943646.6566864958,1528871.5299726068,0.0061989311569965455,Damped ETS
CHLOROPYRAMINUM,True,1072529.01,1064666.2352675062,764555.2399611068,1247711.8523600302,-0.007331060194347372,Damped ETS
CHLOROQUINUM,True,0.0,1195.7504535870178,1189.4854390403486,1197.0111924552493,,Damped ETS
CHLORPHENAMINUM+COFFEINUM*+DEXTROMETHORPHANUM+PARACETAMOLUM+PHENYLEPHRINUM,True,237856.38,228459.8580412669,134902.99030345376,293551.073089236,-0.03950502382459997,Damped ETS
CHLORPHENAMINUM+COFFEINUM*+PARACETAMOLUM+PHENYLEPHRINUM,True,2080050.8699999999,2339811.1403944045,1757779.203669782,2694807.7806092845,0.12488169118402603,Damped ETS
CHLORPHENAMINUM+COFFEINUM*+PARACETAMOLUM+PHENYLPROPANOLAMINUM,True,527632.65,1063987.402628021,856451.8383089062,1208378.1071677934,1.016530634766482,Damped ETS
CHLORPHENAMINUM+DEXTROMETHORPHANUM+PARACETAMOLUM+PHENYLEPHRINUM,True,0.0,0.18296386255350436,0.0,1.4437027307849635,,Damped ETS
CHLORPHENAMINUM+PARACETAMOLUM+PHENYLEPHRINUM,True,1109981.1199999999,1052737.3240593262,742146.6215341685,1242174.7911833632,-0.051571864520248534,Damped ETS
CHLORPHENAMINUM+PARACETAMOLUM+PSEUDOEPHEDRINUM,True,0.0,0.4029308101566955,0.0,1.6636696783881546,,Damped ETS
CHLORPHENAMINUM+PHENYLEPHRINUM,True,424779.50000000006,453250.4237709384,286170.4425686919,569494.5782580654,0.06702518311485917,Damped ETS
CHLORPROMAZINE,True,197678.05,182659.31917204882,104905.932113359,236755.4273479707,-0.07597571317579854,Damped ETS
CHLORPROTHIXENE,True,60818.21,60152.064111163265,36230.228468072484,76795.43178514595,-0.010953066340438689,Damped ETS
CHLORQUINALDOLUM,True,18131.81,22889.509758684446,15757.662591006381,27851.41804938876,0.26239519158233215,Damped ETS
CHLORQUINALDOLUM+METRONIDAZOLUM,True,0.0,0.0,0.0,1.260738868231459,,Damped ETS
CHLORTALIDONUM,True,62135.32,69295.11144966037,44855.21240181185,86298.91633475268,0.11522901064419355,Damped ETS
CHLORZOXAZONE+DICLOFENACUM+PARACETAMOLUM,True,6117.18,13852.884662407254,0.0,21565.05125237537,1.2645867315343433,Damped ETS
CHOLE MEDICATA CONSERVATA*,True,46565.87,45501.436271169965,27185.522522351454,58244.54224993652,-0.02285866727777308,Damped ETS
CHOLE MEDICATA CONSERVATA*+HEMICELLULASE*+PANCREATINUM*,True,28332.569999999996,29592.684583245835,18448.53741274601,37346.10875766418,0.04447583058105353,Damped ETS
CHOLINI ALFOSCERAS,True,790973.2699999999,714304.9307438303,492977.79356881126,849298.1933604205,-0.09692911526096148,Damped ETS
CHOLINI SALICYLAS,True,28726.51,22238.602213596543,10939.505268461138,30099.831077786075,-0.22585088778286866,Damped ETS
CHOLINI SALICYLAS+CETALKONII CHLORIDUM,True,174658.44999999998,151215.67120191216,82516.66255668916,199012.2900224582,-0.1342206964397532,Damped ETS
CHONDROITINI SULFAS*,True,307692.83999999997,273099.28866426635,152073.40600451975,357301.7843768486,-0.11242884733922842,Damped ETS
CHONDROITINI SULFAS*+DICLOFENACUM+GLUCOSAMINUM,True,238651.91,203611.69116317164,109741.91487528529,268920.609071611,-0.1468256375439374,Damped ETS
CHONDROITINI SULFAS*+GLUCOSAMINUM,True,494612.99,426438.87747873244,231891.0495548639,561793.4998672889,-0.13783324316101675,Damped ETS
CHONDROITINI SULFAS*+GLUCOSAMINUM+IBUPROFENUM,True,91672.83,118470.46508368602,82412.47567234028,143557.43517709244,0.29231818286493416,Damped ETS
CHONDROITINI SULFAS*+LEVOMENTHOLUM,True,117.85999999999999,142.2758092355532,95.91753021197329,174.529098407589,0.20715941995208897,Damped ETS
CHORIOGONADOTROPINUM ALFA,True,5705.619999999999,4387.900268292632,0.0,11581.197169651408,-0.23095119052922686,Damped ETS
CHYMOTRYPSINUM,True,6831.7300000000005,6051.362082438675,0.0,14664.389630701582,-0.11422698460877778,Damped ETS
CICLOPIROXUM,True,14132.5,12705.66379282741,0.0,30523.055848108506,-0.10096134492641706,Damped ETS
CICLOSPORINUM,True,8889.679999999998,11356.154938089638,0.0,22563.720040229473,0.2774537371524779,Damped ETS
CILOSTASOLUM,True,128567.73000000001,115097.60039226183,64527.61311270737,150281.1416605651,-0.10477068863032879,Damped ETS
CIMICIFUGA RACEMOSA*&,True,124856.08000000002,121282.64549710692,72172.57427336334,155450.46539467043,-0.028620428439633083,Damped ETS
CINACALCET,True,576.22,416.20316458160204,0.0,1142.6661152339334,-0.2777009396036201,Damped ETS
CINCHOCAINUM+DEQUALINII CHLORIDUM,True,2405578.51,2194204.356807406,1521084.5118497529,2604757.916405262,-0.0878683245273062,Damped ETS
CINEOLUM,True,13025.93,12132.626740844746,0.0,28554.922986706955,-0.06857884689655591,Damped ETS
CINNARIZINUM,True,1455947.03,1363860.7928785018,956463.2230107216,1612343.3234912425,-0.06324834298504545,Damped ETS
CINNARIZINUM+DIMENHYDRINATUM,True,214490.89,272557.2263686942,188190.78714727907,331254.29662100476,0.2707170284420668,Damped ETS
CINNARIZINUM+PIRACETAMUM,True,442513.18,401991.722552603,227936.49202442,523088.8340151614,-0.09157118765908168,Damped ETS
CIPROFLOXACINUM,True,1807918.8999999997,1872929.7744219215,1367044.7722882722,2181482.3894264675,0.03595895502941082,Damped ETS
CIPROFLOXACINUM+DEXAMETHASONUM,True,259099.62,297158.57678689994,195246.03242186067,368063.1667090499,0.1468892806052744,Damped ETS
CIPROFLOXACINUM+ORNIDAZOLUM,True,138362.52000000002,120182.95716220042,65760.35145572104,158046.91752306576,-0.1313908046615485,Damped ETS
CIPROFLOXACINUM+TINIDAZOLUM,True,152277.43000000002,102752.51894705063,42856.71384834317,144424.40070646384,-0.325228177629143,Damped ETS
CISPLATINUM,True,11938.4,6082.303248886141,0.0,21133.508153380593,-0.4905260965551379,Damped ETS
CITALOPRAM,True,5339.969999999999,5730.837370483201,0.0,12463.145104673145,0.07319654801116893,Damped ETS
CITICOLINUM,True,1285930.49,1163259.392267953,803435.2050893274,1382725.6611385187,-0.09539481230594904,Damped ETS
CITRULLINUM*,True,22790.27,20604.171356734758,11639.996100645136,26840.902806071026,-0.09592245476974348,Damped ETS
CLADRIBINUM,True,3.38,3.7226536038119518,0.0,7.983950978434283,0.10137680586152431,Damped ETS
CLARITHROMYCINUM,True,363677.27,287250.88116975396,144204.4501737094,386773.94374065625,-0.21014892910476934,Damped ETS
CLARITHROMYCINUM+LANSOPRAZOLUM+TINIDAZOLUM,True,39169.630000000005,30079.011718296453,14672.286478262624,40798.08013125801,-0.2320833329726002,Damped ETS
CLEMASTINUM,True,109229.83,160570.15833449192,117606.41374906682,190461.73557191185,0.4700211319059264,Damped ETS
CLINDAMYCINUM,True,364180.61000000004,353652.14761762053,210407.73616880376,453312.9530238516,-0.02891000260112564,Damped ETS
CLINDAMYCINUM+CLOTRIMAZOLUM,True,0.0,2.165555835228796,0.0,3.426294703460255,,Damped ETS
CLINDAMYCINUM+MICONAZOLUM,True,325.67999999999995,49.77538349897648,0.0,460.37281810459797,-0.8471647522139018,Damped ETS
CLIOQUINOLUM+FLUMETASONUM,True,60579.31,54966.67268931079,31138.80440460058,71544.66355366173,-0.09264940968606616,Damped ETS
CLOBETASOLUM,True,552581.95,497787.1536137618,280438.19534552924,649005.4246522603,-0.09916139386427325,Damped ETS
CLOMIFENUM,True,10158.550000000001,9642.906130503388,0.0,22450.18496037608,-0.05075959359324045,Damped ETS
CLOMIPRAMINUM,True,23064.21,28261.271832998176,19189.346814854256,34572.96905558905,0.2253301471413145,Damped ETS
CLONAZEPAMUM,True,12019.07,8898.455130001119,0.0,24051.3638389958,-0.25963863011022326,Damped ETS
CLONIDINUM,True,131902.36,97339.27325337872,45457.66449087501,133435.36148987937,-0.2620353930484737,Damped ETS
CLOPAMIDUM+DIHYDROERGOCRYSTIN+RESERPINUM,True,97143.2,88488.9077888893,50279.23893734145,115072.88641350246,-0.08908798774500637,Damped ETS
CLOPERASTINUM,True,0.0,10.128725536847673,3.863710990178425,11.389464405079131,,Damped ETS
CLOPIDOGRELUM,True,3352997.3899999997,2586527.410853581,1648304.412137062,3158774.3809958356,-0.22859247711684583,Damped ETS
CLOTRIMAZOLUM,True,1922814.3499999999,1884791.501941929,1346756.8912343574,2212953.0117645026,-0.01977458097193352,Damped ETS
CLOTRIMAZOLUM+HEXAMIDINUM+PREDNISOLONUM,True,0.0,31.73705274596045,25.4720381992912,32.99779161419191,,Damped ETS
CLOTRIMAZOLUM+METRONIDAZOLUM+NEOMYCINUM,True,0.0,27.76729512790996,21.50228058124071,29.02803399614142,,Damped ETS
CLOZAPINUM,True,223930.96,224067.06315457096,135987.52874342116,285347.48066222057,0.0006077906983963377,Damped ETS
CLYCINE MAX&,True,0.0,0.9216812234844901,0.0,2.182420091715949,,Damped ETS
CMP DISODIUM SALT*+UMP DISODIUM SALT*,True,351373.67,328784.6627508601,190577.6490447741,424940.75121131726,-0.06428770615948509,Damped ETS
CO-TRIMOXAZOLUM*,True,524135.12,503073.71173967695,356412.2125432691,592526.4310467883,-0.04018316547901435,Damped ETS
COBIMETINIBUM,True,0.11,3.876090005712572,0.0,5.136828873944031,34.23718187011429,Damped ETS
COCARBOXYLASUM,True,98953.31000000001,77132.17275985217,38210.52711852515,104211.50181093058,-0.22051952825173649,Damped ETS
CODEINUM*+CHLORPHENAMINUM,True,0.0,189.2756695077699,183.01065496110064,190.53640837600136,,Damped ETS
CODEINUM*+COFFEINUM*+METAMIZOLUM NATRICUM+PARACETAMOLUM+PHENOBARBITALUM,True,982694.4799999999,1036910.2681132772,761936.4298998897,1204624.0696308855,0.05517054304943003,Damped ETS
CODEINUM*+COFFEINUM*+PARACETAMOLUM,True,98492.30000000002,56999.36903828018,18259.05404528729,83952.53918183103,-0.4212809626917011,Damped ETS
CODEINUM*+COFFEINUM*+PARACETAMOLUM+PHENOBARBITALUM+PROPYPHENAZONUM,True,380935.88999999996,449352.206305368,299517.3829665274,553598.2220543653,0.17960060498728025,Damped ETS
CODEINUM*+COFFEINUM*+PARACETAMOLUM+PROPYPHENAZONUM,True,0.0,2.2802580203617264,0.0,3.5409968885931855,,Damped ETS
CODEINUM*+IBUPROFENUM,True,8481.27,12727.175430545602,0.0,23419.84217151103,0.5006214199696037,Damped ETS
CODEINUM*+MORPHINUM*+NOSCAPINUM+PAPAVERINUM*,True,1458.16,8950.682018738813,0.0,10789.041006839198,5.138340112702867,Damped ETS
CODEINUM*+MORPHINUM*+NOSCAPINUM+PAPAVERINUM*+TEBAINUM*,True,2578.0099999999998,614.3253991393752,0.0,3864.522808828759,-0.7617055794433011,Damped ETS
CODEINUM*+NATRII HYDROCARBONAS*+THERPINI HYDRAS,True,1261465.2699999998,1444284.384642257,1091305.9624323477,1659575.2407729803,0.1449259991456262,Damped ETS
CODEINUM*+PARACETAMOLUM,True,1235.0100000000002,1544.7232151032665,0.0,3101.748324757801,0.2507779006674167,Damped ETS
COFFEINUM*,True,586708.2799999999,566851.5336211179,336079.5486416113,727408.7355086773,-0.0338443261425968,Damped ETS
COFFEINUM*+IBUPROFENUM+PARACETAMOLUM,True,516633.16000000003,529554.1372603843,326345.04016116646,670934.7473515318,0.02500996502118502,Damped ETS
COFFEINUM*+INDOMETACINUM+PROCHLORPERAZINUM,True,0.0,1.0458937975744598,0.0,2.306632665805919,,Damped ETS
COFFEINUM*+METAMIZOLUM NATRICUM,True,64070.59,57479.19804346712,32278.092592717167,75012.60434495147,-0.10287702917255603,Damped ETS
COFFEINUM*+METAMIZOLUM NATRICUM+THIAMINUM,True,501940.8,479901.9132670801,282471.8126416013,617261.846829298,-0.04390734272432106,Damped ETS
COFFEINUM*+NAPROXENUM+SALICYLAMIDUM,True,0.0,715.3953029285062,709.130288381837,716.6560417967377,,Damped ETS
COFFEINUM*+PARACETAMOLUM,True,2108861.1799999997,2022776.0801483102,1432682.5518689887,2382689.6978280484,-0.04082065745630992,Damped ETS
COFFEINUM*+PARACETAMOLUM+PROPYPHENAZONUM,True,1.59,94.9749765861267,85.0136034569226,96.97955138661472,58.732689676809244,Damped ETS
COLCHICINUM*,True,71918.12,87738.42006458469,59450.618657735,107419.36288716378,0.21997655200921118,Damped ETS
COLECALCIFEROLUM,True,564057.18,393705.0843559298,171842.5344179216,548063.639727583,-0.3020121038864716,Damped ETS
COLESTYRAMINUM,True,2402.56,2338.31112355033,0.0,5367.311898808504,-0.02674184055743445,Damped ETS
COLISTIMETHATUM NATRICUM,True,3159.7,1405.2432472571238,0.0,5388.799849208065,-0.555260547755444,Damped ETS
COLISTINUM,True,1860.0399999999997,922.8860462935271,0.0,3267.91077075877,-0.5038353765007595,Damped ETS
CONVALLARIA MAJALIS/TRANSCAUCASICA UTKIN EX GROSSH./KEISKEI MIG.*&,True,46671.59,28714.47961168345,10356.982651780832,41486.51667590112,-0.3847546309932134,Damped ETS
COPPER GLUCONATE*+FERRI GLUCONAS*+MANGANESE GLUCONATE*,True,83529.92,73814.98536447661,40959.874740199426,96673.58594378272,-0.11630484783803685,Damped ETS
CORIANDRUM SATIVUM*&+HELICHRYSUM ARENARIUM*&+MENTHA PIPERITA+MENYANTHES TRIFOLIATA&,True,13005.880000000001,10989.8689886414,5874.221491719647,14549.027384847042,-0.15500765894799906,Damped ETS
CORIFOLLITROPIN ALFA,True,337.17,480.3063195524687,0.0,905.3896437540698,0.42452270235331935,Damped ETS
CORTEXINUM*,True,0.0,248.95638598147866,242.6913714348094,250.21712484971013,,Damped ETS
CRATAEGUS L.*&,True,6532733.830000001,5304118.765829279,3476153.989572936,6419042.729716799,-0.18807058363967077,Damped ETS
CRATAEGUS L.*&+GINKGO BILOBA*&+VISCUM ALBUM*,True,39422.79,29762.02514858048,14255.72361533768,40550.37272908652,-0.2450553309752943,Damped ETS
CRATAEGUS L.*&+HERBA MELISSAE+HUMULUS LUPULUS*&,True,0.0,0.7386985267940209,0.0,1.99943739502548,,Damped ETS
CRATAEGUS L.*&+HERBA MELISSAE+LEONURUS CARDIACA/QUINQUELOBATUS GILIB.*&+VALERIANA OFFICINALIS*&,True,316258.8300000001,314789.7659251691,190394.59296732987,401336.41022518364,-0.004645132200201241,Damped ETS
CRATAEGUS L.*&+LEONURUS CARDIACA/QUINQUELOBATUS GILIB.*&+MENTHA PIPERITA+VALERIANA OFFICINALIS*&,True,27984.38,28419.570841661778,17412.37844100091,36077.71016323089,0.015551205410367475,Damped ETS
CRATAEGUS L.*&+PASSIFLORA INCARNATA*&,True,0.0,0.0,0.0,1.260738868231459,,Damped ETS
CRATAEGUS L.*&+VALERIANA OFFICINALIS*&+LEONURUS CARDIACA/QUINQUELOBATUS GILIB.*&,True,1140445.14,1066375.9630567292,747260.9341236227,1261012.6418459304,-0.06494760190154414,Damped ETS
CRATAEGUS L.+LEONURUS CARDIACA/QUINQUELOBATUS GILIB.+TAURINUM,True,436685.69000000006,411658.4986429995,239895.41479246048,531160.8729587977,-0.057311681903294276,Damped ETS
CRATAEGUS+VALERIANA+QUERCUS+HYPERICUM+MATRICARIA+THYMUS+ACHILLEA*&,True,0.0,187.82936187134146,181.5643473246722,189.09010073957293,,Damped ETS
CRIDANIMODUM,True,34234.87,19001.560884558792,5535.841761904916,28370.194533608967,-0.4449647133300406,Damped ETS
CRIZOTINIBUM,True,129.87,80.40976841995007,0.0,244.14192523716966,-0.38084416401054855,Damped ETS
CUCURBITA PEPO/MAXIMA/MOSCHATA*&,True,61027.44,29684.49738491968,5680.364586559059,46385.122446425405,-0.5135877011239587,Damped ETS
CURCUMA LONGA*&+GLYCYRRHIZA GLABRA/URALENSIS*&+TERMINALIA BELERICA*+ZINGIBER OFFICINALE*,True,0.0,0.7961261939054861,0.0,2.056865062136945,,Damped ETS
CYANAMIDUM*,True,14789.400000000001,14581.625550421779,0.0,33227.19696824412,-0.014048876193640258,Damped ETS
CYANOCOBALAMINUM,True,524056.94,474128.062577928,267998.9445670381,617540.246766221,-0.09527376437772583,Damped ETS
CYANOCOBALAMINUM+DICLOFENACUM+PYRIDOXINUM+THIAMINUM,True,54689.58999999999,43607.940255651316,22096.69578844288,58574.1642584519,-0.20262813717105355,Damped ETS
CYANOCOBALAMINUM+LIDOCAINUM+PYRIDOXINUM+THIAMINUM,True,88.32000000000001,91.17129555521157,0.0,202.51975239741404,0.03228369061607306,Damped ETS
CYANOCOBALAMINUM+NICOTINAMIDUM+PHOSPHOLIPIDES*+PYRIDOXINUM+RIBOFLAVINUM+THIAMINUM+TOCOPHEROLI ACETAS*,True,56023.450000000004,35695.24705771354,13659.350850657887,51026.492037054195,-0.362851679828473,Damped ETS
CYANOCOBALAMINUM+OCTOTIAMINUM+PYRIDOXINUM+RIBOFLAVINUM,True,5.46,3813.3139944603213,3779.107015035507,3820.197628680865,697.4091564945643,Damped ETS
CYANOCOBALAMINUM+PYRIDOXINUM+RIBOFLAVINUM+THIAMINUM,True,0.0,1.1474364434703574,0.0,2.4081753117018163,,Damped ETS
CYANOCOBALAMINUM+PYRIDOXINUM+THIAMINUM,True,2461890.69,2186239.6718640164,1497362.7665097655,2606403.8784856996,-0.11196720441555574,Damped ETS
CYCLAMEN EUROPAEUM/CAUCASIUM*&,True,6.82,268.43795492273233,265.7554208743629,270.3043000114247,38.36040394761471,Damped ETS
CYCLOBENZAPRINUM,True,77815.9,112592.34433981644,81984.74884795328,133887.25970450524,0.4469066648309208,Damped ETS
CYCLOPENTOLATUM,True,63361.74999999999,61752.887153908836,36830.5921774765,79092.31397552975,-0.025391704712877328,Damped ETS
CYCLOPHOSPHAMIDUM,True,8020.359999999999,3611.9862067528143,0.0,13723.565795961678,-0.5496478703259187,Damped ETS
CYNARA SCOLYMUS*&,True,502785.62000000005,453586.3569209053,255823.96034018553,591177.4819285526,-0.09785336159593183,Damped ETS
CYPROHEPTADINUM,True,7128.0,8136.095889977569,0.0,17122.64254273141,0.1414275939923637,Damped ETS
CYPROTERONUM,True,2655.03,1956.8301157579485,0.0,5304.129633078519,-0.26297250285008145,Damped ETS
CYPROTERONUM+ESTRADIOLI VALERAS,True,0.0,0.0,0.0,1.260738868231459,,Damped ETS
CYPROTERONUM+ETHINYLESTRADIOLUM,True,83919.03000000001,76034.82081257485,43026.66021416848,98999.90431526235,-0.09395019446036446,Damped ETS
CYTARABINUM,True,1286.8400000000001,1734.0924829172397,0.0,3356.461688112211,0.34755873528740144,Damped ETS
CYTISINUM*,True,107071.40999999999,91704.01219526696,49589.24636947258,121004.92131445587,-0.14352475422461541,Damped ETS
CYTOCHROMUM C*,True,1305.9,1054.3127629838066,0.0,2700.711651007269,-0.19265428977425036,Damped ETS
DABIGATRANUM ETEXILATUM,True,122200.21999999999,110812.23908079672,62746.80640217079,144253.2626048625,-0.09319116544310047,Damped ETS
DABRAFENIBUM,True,1.0,1.34414976005599,0.0,2.604888628287449,0.34414976005598996,Damped ETS
DACARBAZINUM,True,355.82000000000005,67.27105426451682,0.0,515.8671583586347,-0.8109407726813647,Damped ETS
DACLATASVIRUM,True,41.43,21.51413345751065,0.0,73.74654476834,-0.48071123684502415,Damped ETS
DALARGINUM*,True,21920.959999999995,19247.455981430765,10625.209416483078,25246.294109791786,-0.12196108284350826,Damped ETS
DALTEPARINUM NATRICUM,True,1.9700000000000002,12.851732572744117,0.5096539158056963,15.335388143160092,5.523722118144221,Damped ETS
DAPAGLIFLOZINUM,True,359088.24000000005,513000.02116102807,371758.6091127824,611267.2606230796,0.42861827265918806,Damped ETS
DAPAGLIFLOZINUM+METFORMINUM,True,146039.47,168728.23069255773,111286.02384786292,208693.0470546895,0.15536046996443997,Damped ETS
DAPOXETINE,True,0.0,0.0,0.0,1.260738868231459,,Damped ETS
DAPTOMYCINUM,True,0.45,0.3439378645066021,0.0,1.604676732738061,-0.2356936344297732,Damped ETS
DARATUMUMABUM,True,0.11,0.056859306710662035,0.0,1.317598174942121,-0.4830972117212542,Damped ETS
DARBEPOETIN ALFA,True,560.78,763.8571644958536,0.0,1470.854307022691,0.36213339365857133,Damped ETS
DARUNAVIRUM,True,0.0,0.023885599228361476,0.0,1.2846244674598206,,Damped ETS
DASATINIBUM,True,0.0,0.010824058238305385,0.0,1.2715629264697645,,Damped ETS
DECAMETOXINUM*,True,5272772.4399999995,4644999.76522756,3169592.6011895896,5544889.536104949,-0.11905931498390998,Damped ETS
DECAMETOXINUM*+ZINCI SULFAS*,True,18343.81,17850.94870664197,10635.714850070312,22870.87241652558,-0.026867989439381956,Damped ETS
DEFERASIROXUM,True,9.34,22.414616523855962,0.0,34.18991755313779,1.3998518762158416,Damped ETS
DEGARELIX,True,724.18,773.7932482167893,0.0,1686.7951218126473,0.06850955317295337,Damped ETS
DEMOXYTOCINUM,True,21957.51,18659.709092811147,10023.086190698077,24668.549407827843,-0.15019011295856644,Damped ETS
DENOSUMAB,True,2567.51,3235.789872264563,0.0,6472.749523837517,0.26028325975928546,Damped ETS
DENOTIVIRUM,True,0.0,0.0,0.0,1.260738868231459,,Damped ETS
DEQUALINII CHLORIDUM,True,165212.2,144203.16034846372,79219.6776936233,189414.74070947012,-0.1271639724641176,Damped ETS
DEQUALINII CHLORIDUM+ENOXOLONUM+HYDROCORTISONUM+LIDOCAINUM+TYROTHRICINUM,True,105671.26999999999,113110.0593592174,71546.01541355262,142027.8094736436,0.07039557070921365,Damped ETS
DEQUALINII CHLORIDUM+MURAMIDASE,True,506542.11,336752.09957187495,195013.4096349905,423202.26758019684,-0.33519426534572816,Damped ETS
DESLORATADINUM,True,1924743.4600000002,1810759.2819310895,1272184.874987931,2139250.0277249953,-0.05922045219933403,Damped ETS
DESMOPRESSINUM,True,40249.48,32600.912094750445,16769.44574150083,43615.48970771559,-0.19002898684031588,Damped ETS
DESOGESTRELUM,True,16450.309999999998,16834.99293562719,0.0,37574.53814708384,0.023384540207886273,Damped ETS
DESOGESTRELUM+ETHINYLESTRADIOLUM,True,225232.96,217405.26060210887,128813.60605445219,279041.9803539634,-0.034753791798017075,Damped ETS
DESVENLAFAXINUM,True,8415.25,10272.266972347783,0.0,20881.69973323257,0.22067282283328282,Damped ETS
DEXAMETHASONUM,True,1939097.4899999998,1730822.5014057506,1188231.6042886267,2061763.0105670032,-0.10740820906031345,Damped ETS
DEXAMETHASONUM+FRAMYCETINUM+GRAMICIDINUM,True,0.0,25.265675116128058,19.00066056945881,26.526413984359518,,Damped ETS
DEXAMETHASONUM+GENTAMICINUM,True,11.55,44.02362885732701,0.0,58.585162785400364,2.8115695980369706,Damped ETS
DEXAMETHASONUM+NEOMYCINUM+PHENYLEPHRINUM+POLYMYXINUM B,True,241574.57,256502.4175274632,161483.0613331535,322611.1436671222,0.06179395259800402,Damped ETS
DEXAMETHASONUM+NEOMYCINUM+POLYMYXINUM B,True,214732.33999999997,209857.87114674636,125396.46156668331,268621.01603566465,-0.02270020833030373,Damped ETS
DEXAMETHASONUM+TOBRAMYCINUM,True,895888.6399999999,1021652.839926105,770968.6822695242,1174551.7241763147,0.14037927741343514,Damped ETS
DEXIBUPROFENUM,True,433625.43999999994,377145.7615416687,206586.37634531187,495810.6750718847,-0.13024991905071637,Damped ETS
DEXKETOPROFENUM,True,3191770.6599999997,3270280.9538742728,2377171.806586627,3815011.795306256,0.024597724033929458,Damped ETS
DEXLANSOPRAZOLUM,True,41484.85,39939.34215183581,23621.963469065064,51291.98820061002,-0.03725475319699101,Damped ETS
DEXMEDETOMIDINE,True,2396.96,1309.6438000067528,0.0,4331.584437602831,-0.45362300580453874,Damped ETS
DEXPANTHENOLUM,True,1107646.47,1027672.1989336587,717734.7693070979,1216711.2176745185,-0.07220198252095844,Damped ETS
DEXPANTHENOLUM+DIMETHYLIS SULFOXIDUM+HEPARINUM NATRICUM,True,350037.2,306759.18224622053,169077.84688025538,402549.5354837034,-0.12363833830741267,Damped ETS
DEXPANTHENOLUM+HEPARINUM NATRICUM+TROXERUTINUM,True,7286.380000000001,8784.098540412859,0.0,17970.3210151172,0.20555042976249616,Damped ETS
DEXPANTHENOLUM+HYALURONIC ACID*,True,63704.42999999999,57234.46020770873,32177.37772868179,74667.66402859549,-0.10156232136903609,Damped ETS
DEXPANTHENOLUM+LIDOCAINUM+PREDNISOLONUM,True,57276.73999999999,82392.96963626205,59864.11256447314,98067.18699627825,0.4385066195503107,Damped ETS
DEXPANTHENOLUM+MYRAMISTINUM*,True,484754.25,472377.5523320142,281707.496508442,605034.2552220816,-0.025531901304600813,Damped ETS
DEXPANTHENOLUM+NICOTINAMIDUM+PYRIDOXINUM+RIBOFLAVINUM+THIAMINUM,True,448.30000000000007,35.44620160977747,0.0,600.6354362379407,-0.9209319616110251,Damped ETS
DEXPANTHENOLUM+TROXERUTINUM,True,0.0,6.796698077823011,0.5316835311537629,8.05743694605447,,Damped ETS
DEXPANTHENOLUM+XYLOMETAZOLINUM,True,1124874.93,1177552.053679139,862793.8217898995,1369531.4069590652,0.04682931610818186,Damped ETS
DEXTRANUM+NATRII CHLORIDUM*,True,25217.960000000003,9156.939179688856,0.0,16058.026539342954,-0.6368881868442628,Damped ETS
DEXTROMETHORPHANUM+DOXYLAMINUM+PARACETAMOLUM,True,0.0,54.010031540778826,47.74501699410958,55.27077040901028,,Damped ETS
DEXTROMETHORPHANUM+LEVOCETIRIZINUM,True,49653.810000000005,51421.72607116397,31891.222265260156,65009.87041549897,0.03560484222991067,Damped ETS
DEXTROSUM*,True,1065666.69,822635.0172141271,524444.2102346718,1004509.4607650735,-0.22805599073934912,Damped ETS
DEXTROSUM*+GLYCINUM+SODIUM FORMATE*,True,442697.8599999999,323283.92848727247,149156.0571397269,444431.5790423498,-0.2697413796234016,Damped ETS
DEXTROSUM*+KALII CHLORIDUM*,True,28334.440000000002,22235.90550220916,11091.022798179938,29989.841416409894,-0.21523398725335108,Damped ETS
DEXTROSUM*+KALII CHLORIDUM*+NATRII CHLORIDUM*+SODIUM CITRAS*,True,101276.0,101287.08793605909,61451.85065121198,129002.03884550332,0.00010948236560581748,Damped ETS
DIACEREINUM,True,78940.86,68164.07155555763,37113.991679082494,89766.84081628388,-0.1365172414443213,Damped ETS
DIAZEPAMUM,True,22881.7,17809.905924667684,8809.768192325508,24071.65789181321,-0.22165285251237088,Damped ETS
DICLOFENACUM,True,11767579.209999999,11228812.423591634,7936053.089221748,13237153.249896748,-0.045783994889154855,Damped ETS
DICLOFENACUM+LEVOMENTHOLUM,True,56701.37,44975.291597041825,22672.746785577,60492.054562090154,-0.2068041460542872,Damped ETS
DICLOFENACUM+LEVOMENTHOLUM+METHYL SALICYLAT*,True,461141.92000000004,430762.7351388546,249380.19825756006,556957.7435819888,-0.06587816796431223,Damped ETS
DICLOFENACUM+LIDOCAINUM,True,320623.0,303925.1058323396,177813.35888361005,391666.03858480556,-0.0520795269449178,Damped ETS
DICLOFENACUM+LINUM USITATISSIMUM*&+MENTHOLUM*+METHYL SALICYLAT*,True,343810.44000000006,316345.9126246578,181113.77017819768,410432.2654304008,-0.07988276148723772,Damped ETS
DICLOFENACUM+NICOTINIC ACID,True,1473.22,687.576910561158,0.0,2544.922626017108,-0.5332829376731527,Damped ETS
DICLOFENACUM+PARACETAMOLUM,True,1530389.6300000001,1499909.6218246105,1071681.8062749943,1761097.0690670393,-0.01991650203183204,Damped ETS
DICLOFENACUM+PARACETAMOLUM+SERRAPEPTASUM,True,712404.06,708061.7716719838,427849.433380696,903016.5837754315,-0.006095260501486011,Damped ETS
DICYCLOVERINUM+NIMESULIDUM,True,248619.74000000002,584075.6602290295,486285.20309607603,652112.3509476478,1.3492730715148742,Damped ETS
DICYCLOVERINUM+PARACETAMOLUM,True,765052.22,855798.0430237481,641724.035640423,986367.430343076,0.11861389412574752,Damped ETS
DICYCLOVERINUM+SIMETICONUM,True,382992.57,351832.2533556841,201188.46900121297,456641.09529485914,-0.08136010744102917,Damped ETS
DIENOGESTUM,True,160680.86,176482.80897336482,113281.65386027488,220454.35353463583,0.09834369179605362,Damped ETS
DIENOGESTUM+ESTRADIOLI VALERAS,True,291051.34,299362.54135140736,184882.31710308878,379010.96348723385,0.02855579139888964,Damped ETS
DIENOGESTUM+ETHINYLESTRADIOLUM,True,274800.62,256399.3139103487,148311.0412324872,331600.6024010557,-0.06696238927572762,Damped ETS
DIGOXINUM,True,463093.50999999995,393145.4067770179,210995.24429111092,519874.48272919044,-0.1510453109631833,Damped ETS
DIHYDRALAZINUM+HYDROCHLOROTHIAZIDUM+RESERPINUM,True,0.0,0.9302768348837409,0.0,2.1910157031152,,Damped ETS
DILTIAZEMUM,True,1838.43,0.0,0.0,503.10041076315787,-1.0,Damped ETS
DIMENHYDRINATUM,True,674124.42,653681.1435987925,388525.46772089513,838160.4398502002,-0.030325672523786595,Damped ETS
DIMETHYLII FUMARATUM,True,1.46,1.1603084950163831,0.0,3.0009872426343134,-0.20526815409836774,Damped ETS
DIMETHYLIS SULFOXIDUM,True,995627.8400000001,862393.6716196116,583800.8697175346,1032314.7746089812,-0.13381924754172048,Damped ETS
DIMETHYLIS SULFOXIDUM+INDOMETACINUM+MENTHA PIPERITA,True,63433.16,40158.6773452765,15208.294428023913,57517.64605880114,-0.3669134984718325,Damped ETS
DIMETICONUM,True,22432.690000000002,18497.319097601903,9673.792012335729,24636.196048871512,-0.17543018257721654,Damped ETS
DIMETICONUM+GUAIAZULENUM,True,58.699999999999996,0.0,0.0,74.00537156518665,-1.0,Damped ETS
DIMETINDENUM,True,753390.52,698595.033613703,487784.1588462169,827174.150224318,-0.07273185012508121,Damped ETS
DIMETINDENUM+PHENYLEPHRINUM,True,847443.87,752488.1471481333,515359.6210936194,897119.093900265,-0.1120495719107234,Damped ETS
DINOPROSTONUM,True,2562.63,2029.1855543766892,0.0,5259.992800272674,-0.20816288173607223,Damped ETS
DIOSMECTITUM*,True,723418.6699999999,674398.4038265363,471974.13832631294,797862.3060909635,-0.06776195888539016,Damped ETS
DIOSMINUM,True,294760.36,290063.0512946885,174123.94545750142,370726.47508166777,-0.015936025811990162,Damped ETS
DIOSMINUM+HESPERIDINUM,True,2556145.0100000002,2344526.7790058632,1629275.987702245,2780777.114773868,-0.08278803830230941,Damped ETS
DIOXYDINUM*,True,65037.369999999995,54732.095388458605,29150.723036347572,72530.06842085879,-0.15845158885639732,Damped ETS
DIOXYDINUM*+LIDOCAINUM,True,198939.33000000002,212487.4670736282,134237.97641603407,266928.73415475036,0.06810185333200924,Damped ETS
DIPHENHYDRAMINUM,True,4007354.36,4171509.226144844,3050186.5446026083,4855433.525530104,0.040963401635597974,Damped ETS
DIPHENHYDRAMINUM+METAMIZOLUM NATRICUM,True,417606.32,433120.65369104955,268862.1240408679,547401.8126850231,0.03715061996918423,Damped ETS
DIPHENHYDRAMINUM+PARACETAMOLUM,True,0.0,18.866743030248188,12.601728483578938,20.127481898479648,,Damped ETS
DIPYRIDAMOLUM,True,49520.47,37074.42280489133,17596.36607963408,50626.077639823656,-0.2513313624670499,Damped ETS
DISODIUM FOSFAS*+SODIUM DIHYDROPHOSPHAS,True,183061.46999999997,191905.96275989732,119901.76536700147,242002.13218266974,0.048314332665947424,Damped ETS
DISULFIRAMUM,True,179260.56,160960.03862425862,90450.86622986535,210016.05999555573,-0.10208894458290974,Damped ETS
DOBUTAMINUM,True,489.61,977.91847258433,0.0,1595.1888298591348,0.9973417058155061,Damped ETS
DOCETAXELUM,True,2624.78,971.4208942891063,0.0,4280.583060845675,-0.629903879834079,Damped ETS
DOCOSANOLUM*,True,0.0,0.0,0.0,1.260738868231459,,Damped ETS
DOCUSATUM NATRICUM,True,45224.020000000004,70736.01732735874,52947.89805255848,83111.91580506052,0.5641249346554935,Damped ETS
DOLUTEGRAVIR50 MG TABLETS+LAMIVUDINUM+TENOFOVIRUM,True,0.0,0.5926751826389342,0.0,1.8534140508703931,,Damped ETS
DOMPERIDONUM,True,975489.3799999999,809493.1938366025,536535.4593482623,975977.320479763,-0.1701670869685915,Damped ETS
DOMPERIDONUM+OMEPRAZOLUM,True,146534.06999999998,142622.30834392473,84985.55878070742,182722.47577363232,-0.026695236514451937,Damped ETS
DONEPEZILUM,True,57792.48000000001,68776.03391167588,46044.31905248139,84591.3874617276,0.1900516107229846,Damped ETS
DOPAMINUM,True,3286.0099999999998,722.834775124232,0.0,4865.635303521488,-0.78002660517642,Damped ETS
DORNASUM ALFA,True,362.64,91.5635162875068,0.0,548.7578594629631,-0.7475085035089708,Damped ETS
DORZOLAMIDUM,True,241175.49000000002,234681.36494448673,139818.98025868484,300680.87979411706,-0.026926969467391926,Damped ETS
DORZOLAMIDUM+TIMOLOLUM,True,493365.5,519870.0307107499,325812.8823176732,654883.2679329291,0.05372189727646126,Damped ETS
DOXAZOSINUM,True,178227.99,186171.57908570254,116068.55099956803,234945.02979010358,0.044569818049917664,Damped ETS
DOXEPINUM,True,46877.41,45457.39728658013,27018.944438431856,58285.758565776494,-0.030292047137840394,Damped ETS
DOXOFYLLINUM,True,97101.04000000001,67568.3177675856,29375.2318537913,94140.75898619596,-0.30414424224925296,Damped ETS
DOXORUBICINUM,True,6496.789999999999,4299.093645667486,0.0,12489.849317404947,-0.3382741868418886,Damped ETS
DOXYCYCLINUM,True,901403.3600000001,876854.0731512323,624626.8074830219,1030694.1397061449,-0.027234518904797222,Damped ETS
DOXYLAMINUM,True,2046541.59,1934645.0105661717,1361989.5133401887,2283922.7128514135,-0.05467593719110708,Damped ETS
DOXYLAMINUM+PASSIFLORA INCARNATA*,True,100404.2,75818.6164419122,36326.28724846809,103294.99262286349,-0.24486608685779865,Damped ETS
DRONEDARONE,True,477.17999999999995,489.9863346964215,0.0,1091.585707839109,0.026837534465865343,Damped ETS
DROSPIRENON+ESTRADIOLUM,True,35672.630000000005,33022.33933084637,18991.101124118657,42784.426984987214,-0.07429479321131172,Damped ETS
DROSPIRENON+ETHINYLESTRADIOLUM,True,452036.57000000007,399725.2435925006,221924.14533251402,523428.5034647661,-0.1157236601620516,Damped ETS
DROSPIRENONUM+ETHINYLESTRADIOLUM+ACIDUM LEVOMEFOLICUM,True,862920.3700000001,915619.1099492689,576203.6739439165,1151763.8598733325,0.06107022360506886,Damped ETS
DROTAVERINUM,True,7204326.92,6797308.491678435,4781421.086941581,8026851.42665945,-0.05649638513649857,Damped ETS
DROTAVERINUM+PARACETAMOLUM,True,0.0,11.278285664806534,5.013271118137285,12.539024533037992,,Damped ETS
DULOXETINUM,True,250114.83000000002,334800.7139282083,236422.18790517026,403246.5474442831,0.3385880154655694,Damped ETS
DUTASTERIDUM,True,81174.53,89911.54056385969,57982.883586530996,112125.57068004919,0.10763241331806528,Damped ETS
DUTASTERIDUM+TAMSULOSINUM,True,83155.44,112401.20356373885,79693.3884453903,135157.32483090222,0.35169994366861435,Damped ETS
DYDROGESTERONUM,True,398072.54,366243.43792924203,209668.19712705995,475179.02883427165,-0.07995804501048465,Damped ETS
DYDROGESTERONUM+ESTRADIOLUM,True,458035.81,473177.7213956201,293016.92143998254,598522.71911391,0.03305835715251182,Damped ETS
EBASTINUM,True,31909.26,24631.20787006338,0.0,64860.45220856675,-0.2280858951268886,Damped ETS
ECHINACEA PURPUREA*&,True,256911.18,251847.3757512602,150795.61801566574,322153.08235289727,-0.019710330429138168,Damped ETS
ECONAZOLUM,True,146.3,873.1431997068449,0.0,1057.5892961291074,4.968169512692036,Damped ETS
ECTERICIDUM*,True,7430.360000000001,3939.441334144489,0.0,13307.184991096794,-0.4698182410886568,Damped ETS
EDARAVONUM,True,33866.75,21453.587584486468,8132.66236709443,30721.482383969276,-0.36652948439143207,Damped ETS
EDOXABANUM,True,287556.05,436353.2017143308,323247.79189913906,515045.11104589695,0.5174544291950416,Damped ETS
ELETRIPTANUM,True,12763.69,18479.89715624751,0.0,34571.5772413047,0.44784910603810557,Damped ETS
ELEUTHEROCOCCUS SENTICOSUS*&,True,328912.52999999997,298639.66148788104,169267.36520337738,388649.0874372778,-0.09203926804527307,Damped ETS
ELTROMBOPAG,True,4491.25,5046.65270084392,0.0,10708.94614278846,0.12366327878517547,Damped ETS
EMBLICA OFFICINALIS*+GLYCYRRHIZA GLABRA/URALENSIS*&+MENTHOLUM*+ZINGIBER OFFICINALE*,True,631597.87,479920.0027991403,303188.6849216855,587713.0981751559,-0.24014942799104078,Damped ETS
EMOXYPINUM*,True,1480743.1300000001,1181899.6956442043,767563.7752224217,1434614.109388934,-0.20181990265644234,Damped ETS
EMPAGLIFLOZINUM,True,305010.22,549079.0639285333,429108.34541671,632547.4401892347,0.8001989045761595,Damped ETS
EMPAGLIFLOZINUM+METFORMINUM,True,304972.31,397223.0960622645,277267.2888210825,480681.097961923,0.30248905568595563,Damped ETS
EMTRICITABINE+TENOFOVIRUM,True,0.0,68.7820934904519,62.51707894378265,70.04283235868336,,Damped ETS
ENALAPRILATUM,True,734.1,1178.6520719854527,0.0,2104.1604751541668,0.6055742705155329,Damped ETS
ENALAPRILUM,True,10444347.28,9185387.026088236,6262889.42620841,10967895.447931506,-0.12053986909479364,Damped ETS
ENALAPRILUM+HYDROCHLOROTHIAZIDUM,True,1519117.4200000002,1357236.8529230524,932163.184376325,1616500.5026586459,-0.10656224788531998,Damped ETS
ENALAPRILUM+INDAPAMIDUM,True,11.14,4222.419350390611,4152.627088340715,4236.463981382709,378.03225766522536,Damped ETS
ENALAPRILUM+LERCANIDIPINUM,True,65092.8,76394.13496535236,50790.960140763156,94207.27684060684,0.17361881752440156,Damped ETS
ENALAPRILUM+NITRENDIPINUM,True,13451.180000000002,15864.173668334715,10573.374791392598,19545.19181058064,0.17938899548847864,Damped ETS
ENISAMIUM IODIDE,True,572716.15,476993.91416711453,316738.6556128036,574737.8260969229,-0.16713730847800523,Damped ETS
ENOXAPARINUM NATRII,True,212789.74999999997,140903.8640393638,57206.54006296965,199135.40433798253,-0.33782588663521707,Damped ETS
ENTECAVIRUM,True,0.0,4.688333155535194,0.0,5.949072023766653,,Damped ETS
ENZALUTAMIDUM,True,8.649999999999999,9.29699695099809,0.0,20.202388161200208,0.07479733537550182,Damped ETS
EPINEPHRINUM,True,36677.73,27854.757082025957,13428.179436586212,37891.898027756935,-0.24055395243855182,Damped ETS
EPIRUBICINUM,True,1152.98,1153.2939045882758,0.0,2606.9006048817837,0.00027225501593775014,Damped ETS
EPLERENONUM,True,817766.86,933551.8791836773,611896.8285123992,1157340.0262300689,0.14158683219772117,Damped ETS
EPOETINUM ALFA,True,12973.73,11586.989245440713,0.0,27943.47492238124,-0.10688836244929456,Damped ETS
EPOETINUM BETA,True,3092.53,2702.1599875284337,0.0,6601.032759700269,-0.12622998401682972,Damped ETS
EPTACOGUM ALFA (ACTIVATUM),True,0.0,0.0018945787565664565,0.0,1.2626334469880256,,Damped ETS
EPTIFIBATIDUM,True,235.43,274.4744470966988,0.0,571.2901988444312,0.1658431257558457,Damped ETS
EQUISETUM ARVENSE*&,True,67416.54,47232.88484422128,20715.70537600189,65681.9359183611,-0.29938728916937474,Damped ETS
ERDOSTEINUM,True,530432.46,470244.32054198754,261607.49732932934,615401.2144721956,-0.11346994009003974,Damped ETS
ERGOCALCIFEROLUM,True,10222.580000000002,4157.835134686059,136.95259624326445,6955.322228053357,-0.5932694941310258,Damped ETS
ERLOTINIBUM,True,38.2,57.579028271214526,0.0,105.73925303765627,0.5073044050056157,Damped ETS
ERTAPENEMUM,True,111.49000000000001,165.5402847935979,0.0,306.1000612127233,0.48479939719793586,Damped ETS
ERYTHROMYCINUM,True,91870.44,88773.19677355034,52637.48074148638,113914.24435273043,-0.033713164173913346,Damped ETS
ERYTHROMYCINUM+ZINCI ACETAS*,True,15998.59,33379.60909592048,27086.828685231056,37757.74544086228,1.086409433326342,Damped ETS
ESCITALOPRAM,True,695004.8499999999,816528.176456625,543159.5292562067,1006721.5618547021,0.17485248693822086,Damped ETS
ESDEPALETRINUM+PIPERONYL*,True,0.0,3.9340841169179535,0.0,5.194822985149413,,Damped ETS
ESMOLOLUM,True,250.25,983.4033218100794,0.0,1298.903223585002,2.929683603636681,Damped ETS
ESOMEPRAZOLUM,True,1136076.9500000002,1274910.5706559296,957017.8320630979,1468801.7423057691,0.12220441639620394,Damped ETS
ESTRADIOLI VALERAS,True,28688.989999999998,53390.34377567107,42106.00470113608,61241.30500529642,0.8610046493679657,Damped ETS
ESTRADIOLI VALERAS+LEVONORGESTRELUM,True,740.55,4447.720357146497,4156.437279504276,4650.3775206994505,5.005969019170208,Damped ETS
ESTRADIOLUM,True,116718.55000000002,104853.39930965845,58944.09073908602,136794.32197121216,-0.10165608371883961,Damped ETS
ESTRAMUSTINUM,True,768.77,354.27754650430677,0.0,1323.4957662346055,-0.539163148270215,Damped ETS
ESTRIOLI SUCCINAS,True,32224.530000000002,32194.285361672573,19519.300183124105,41012.77411547321,-0.0009385594864356195,Damped ETS
ETAMSYLATUM,True,134698.85,125740.72797875946,72759.16618972723,162602.09706233893,-0.06650481441556888,Damped ETS
ETANERCEPT,True,329.14,1086.4038939872846,0.0,1501.363485076987,2.3007349273478903,Damped ETS
ETHAMBUTOLUM,True,867.21,660.3191812439261,0.0,1753.6445351629297,-0.2385706100668511,Damped ETS
ETHINYLESTRADIOLUM+ETONOGESTRELUM,True,15183.48,13228.799169788677,7256.628777891975,17383.874437715218,-0.12873734020206973,Damped ETS
ETHINYLESTRADIOLUM+GESTODENUM,True,208676.05,199429.0412821521,117349.773070388,256534.83615681867,-0.04431274560663723,Damped ETS
ETHINYLESTRADIOLUM+LEVONORGESTRELUM,True,72347.04000000001,74485.08117399366,46028.57118884096,94283.40123050852,0.029552572904069763,Damped ETS
ETIFOXINUM,True,13294.800000000001,15813.076647248177,0.0,32574.347752611782,0.18941816704637726,Damped ETS
ETODOLACUM,True,79386.78,75417.14782900694,44191.67270577977,97141.94650350879,-0.05000369294475815,Damped ETS
ETOPOSIDUM,True,1185.51,345.1076514596561,0.0,1839.7261871367332,-0.7088951999901678,Damped ETS
ETORICOXIBUM,True,587896.0,641976.0924178686,410736.9374471699,802858.3229548036,0.09198921649044833,Damped ETS
EUCALYPTUS VIMINALIS*&,True,1693998.63,1341433.2275422425,867424.9628175644,1630543.3790543587,-0.20812614379608874,Damped ETS
EUCALYPTUS VIMINALIS*&+GLYCEROLUM+MENTHOLUM*,True,7988.369999999999,7532.252793246959,0.0,17603.501346061097,-0.057097656562357546,Damped ETS
EUCALYPTUS VIMINALIS*&+LARIX DECIDUA*+PINUS SILVESTRIS*&,True,43309.159999999996,64768.95324754361,0.0,119370.49460999879,0.4955024121350684,Damped ETS
EUCALYPTUS VIMINALIS*&+MATRICARIA CHAMOMILLA*&,True,0.0,1.3843149252379074,0.0,2.6450537934693665,,Damped ETS
EUCALYPTUS VIMINALIS*&+MATRICARIA CHAMOMILLA*&+MENTHA PIPERITA+SALVIA OFFICINALIS*&+SULFANILAMIDUM+SULFATHIAZOLUM+THYMOL,True,61706.01999999999,46122.683708238226,21851.64270539924,63009.007369492465,-0.2525415881912618,Damped ETS
EUCALYPTUS VIMINALIS*&+MENTHA PIPERITA+PLANTAGO (SEMENI PSYLLIUM)+TUSSILAGO FARFARA*&,True,0.0,2.8144052747634767,0.0,4.075144142994936,,Damped ETS
EUCALYPTUS VIMINALIS*&+MENTHA PIPERITA+SALVIA OFFICINALIS*&+SULFANILAMIDUM+SULFATHIAZOLUM+THYMOL,True,9253.539999999999,373.2578216206591,0.0,2905.5597178110556,-0.9596632400550861,Damped ETS
EUCALYPTUS VIMINALIS*&+MENTHOLUM*,True,1000.23,392.859108440114,0.0,1653.8879466112662,-0.6072312283773592,Damped ETS
EUCALYPTUS VIMINALIS*&+MENTHOLUM*+METHYL SALICYLAT*+PINUS SILVESTRIS*&,True,41382.56999999999,30996.888552754845,14719.740014040883,42321.54489835143,-0.2509675316744502,Damped ETS
EUCALYPTUS VIMINALIS*&+PINUS SILVESTRIS*&,True,96888.86,75393.92506958017,37284.29664469835,101908.30161063645,-0.2218514587788506,Damped ETS
EUCALYPTUS VIMINALIS*&+XYLOMETAZOLINUM,True,0.0,6.472436014683857,0.20742146801460848,7.733174882915316,,Damped ETS
EUCALYPTUS VIMINALIS+GUAIASULENUM*+MENTHA PIPERITA+PINUS SILVESTRIS+THYMOL+TOCOPHEROLI ACETAS*,True,0.0,0.0,0.0,0.27365763763817924,,Damped ETS
EUCALYPTUS VIMINALIS+MENTHA PIPERITA+PINUS SILVESTRIS+THYMOL+TOCOPHEROLI ACETAS*,True,331364.80999999994,382966.45575785363,252629.5957495765,473646.96685887774,0.15572457967957942,Damped ETS
EUCALYPTUS VIMINALIS+MENTHA PIPERITA+SULFANILAMIDUM+SULFATHIAZOLUM+THYMOL,True,363390.02,306396.8026230971,163463.35665716894,405841.2570375878,-0.15683759663213348,Damped ETS
EVEROLIMUSUM,True,217.56,287.68104528579704,0.0,561.9673934582333,0.3223066983167726,Damped ETS
EXEMESTANUM,True,22749.78,18486.613206337086,9538.364021159265,24712.264257925384,-0.187393759133623,Damped ETS
EZETIMIBUM,True,49464.810000000005,67586.80746967449,0.0,129949.01604635865,0.3663614086392828,Damped ETS
EZETIMIBUM+ROSUVASTATINUM,True,67274.98,94430.8354258115,67969.33623910049,112841.14752476725,0.40365460422004595,Damped ETS
FABOMOTIZOLUM,True,334920.01999999996,412312.3168134154,280577.07383239584,503965.7382843471,0.2310769502922383,Damped ETS
FACTOR COAGULATIONIS VIII*,True,0.0,0.6164753725974828,0.0,1.8772142408289418,,Damped ETS
FACTOR COAGULATIONIS VIII*+WILLEBRAND FACTOR*,True,0.0,0.5304886257040975,0.0,1.7912274939355566,,Damped ETS
FAMCICLOVIRUM,True,21162.239999999998,28783.696225906388,0.0,55463.7547327489,0.36014411640291333,Damped ETS
FAMOTIDINUM,True,755913.5900000002,635850.4808057675,424333.61017069384,764860.2029299039,-0.1588317908059209,Damped ETS
FAVIPIRAVIRUM,True,559.5799999999999,5641.248629223417,2135.4717891982395,6346.732885108377,9.081219180856031,Damped ETS
FEBUXOSTATUM,True,245723.87,306444.55576386524,209793.14113452635,373688.7695393763,0.24710943126471685,Damped ETS
FELODIPINUM,True,17529.46,14364.342268698943,7469.419497506992,19161.4128813719,-0.18055991064762156,Damped ETS
FENOFIBRATUM,True,47895.33,52900.12762729148,34061.292805753736,66007.05048899249,0.1044944805118051,Damped ETS
FENOTEROLUM,True,40535.42,37336.66970162446,21392.733585062415,48429.49697949586,-0.07891247453154648,Damped ETS
FENPIVERINII BROMIDUM+IBUPROFENUM+PITOFENONUM,True,123852.65999999999,100494.29229128596,51778.89970607829,134387.51864209058,-0.18859803018129784,Damped ETS
FENPIVERINII BROMIDUM+KETOROLACUM+PITOFENONUM,True,64123.06,173024.28500689045,147802.54135063934,190572.0501246217,1.698316097311801,Damped ETS
FENSPIRIDUM,True,0.0,76951.59069704694,76951.19736360876,76951.86435468457,,Damped ETS
FENTANYLUM,True,3262.8,5342.28015393788,0.0,9455.818933203485,0.6373299478784724,Damped ETS
FENTICONAZOLUM,True,84013.71,72296.54569188619,39251.14428355319,95287.53909970526,-0.13946728823323973,Damped ETS
FERRI (III) HYDROXYDI POLYMALTOSUM COMPLEXUS*,True,268486.6099999999,304585.93927027157,198981.1778543961,378059.35070035467,0.13445485892302655,Damped ETS
FERRI SACCHARAS*,True,80444.4,90578.32260428935,58936.85017017707,112592.5470695101,0.12597424561920234,Damped ETS
FERRI SULFAS*,True,126773.56000000001,189893.7098396525,140029.42961487267,224586.26278423448,0.4978967999293582,Damped ETS
FERRI SULFAS*+SERINUM,True,482.65999999999997,592.3737993645206,402.52748209385123,724.4573947469642,0.22731073501951804,Damped ETS
FERRICUM CARBOXYMALTOSUM,True,11817.369999999999,11203.03450480819,0.0,26101.652184080587,-0.0519858052334663,Damped ETS
FERROUS FUMARATE*,True,81784.28,77838.30824051006,45669.816199252746,100219.20110124945,-0.048248535775945456,Damped ETS
FEXOFENADINUM,True,460677.63,404678.2580328343,223478.3419335511,530746.2099713895,-0.12155869597394109,Damped ETS
FILGRASTIMUM,True,10334.949999999999,2586.6655289469995,0.0,5414.903531055699,-0.7497166866847929,Damped ETS
FINASTERIDUM,True,84409.38,75128.68960869743,41927.65795888081,98227.9611340008,-0.10994856722443136,Damped ETS
FINGOLIMODUM,True,112.54,3.553875418132417,0.0,145.4374276489008,-0.9684212242924078,Damped ETS
FLADEXANUM*,True,5566.910000000001,4353.090352338651,0.0,11371.510165285044,-0.21804190253863442,Damped ETS
FLECAINIDUM,True,87016.71999999999,96701.77724992076,62475.191593406875,120514.56728014366,0.1113011068438432,Damped ETS
FLUCONAZOLUM,True,4630222.32,4144317.5627972623,2848706.3336472875,4934545.047497166,-0.10494199276434268,Damped ETS
FLUDARABINUM,True,135.81,35.55052774899427,0.0,206.77147344350874,-0.7382333572712299,Damped ETS
FLUDROCORTISONUM,True,12241.320000000002,13413.546243040557,0.0,28846.654165499684,0.09575979085920117,Damped ETS
FLUMAZENILUM,True,48.669999999999995,44.373017035456776,0.0,105.73317775228188,-0.08828812337257486,Damped ETS
FLUOCINOLONI ACETONIDUM,True,931899.2,924229.3267569997,663468.8309292577,1083274.0356101703,-0.008230367879916933,Damped ETS
FLUOCINOLONI ACETONIDUM+NEOMYCINUM,True,6759.48,6377.4800203442055,0.0,14899.419185377388,-0.05651321990090863,Damped ETS
FLUOCINONIDUM+GENTAMICINUM,True,554659.01,534288.772688792,316122.8372694588,686075.4470601232,-0.03672569442477469,Damped ETS
FLUOCORTOLONUM+LIDOCAINUM,True,46639.33,24330.35871303905,5985.5506898520325,37093.56758186652,-0.47832958335724274,Damped ETS
FLUORESCEINUM*,True,0.0,0.3191723002564425,0.0,1.5799111684879015,,Damped ETS
FLUOROURACILUM,True,15383.15,11546.002397598244,5495.295118100675,15755.718886032002,-0.24943835315925256,Damped ETS
FLUOXETINUM,True,392036.32,510155.48891761136,355954.495281624,617439.2221171766,0.3012964944615626,Damped ETS
FLUPENTIXOL,True,40868.75,40613.52113348948,24538.47518197979,51797.56671171481,-0.006245086196923655,Damped ETS
FLUPHENAZINUM,True,13948.060000000001,15808.17066974973,0.0,33393.03204817422,0.13335981274454856,Damped ETS
FLUPIRTINE,True,0.0,22.31994660893708,16.05493206226783,23.58068547716854,,Damped ETS
FLURBIPROFENUM,True,1500185.7,1921619.861967899,1501843.595429964,2177652.4864000157,0.2809213299179554,Damped ETS
FLUTAMIDUM,True,119567.76,120359.94663783089,73329.94850186925,153080.57737711965,0.00662542007837974,Damped ETS
FLUTICASONUM,True,207358.48000000004,87859.14703570312,6298.123162078322,144604.37881674676,-0.5762934458445919,Damped ETS
FLUTICASONUM FUROAS,True,160642.34,163424.0734671941,100238.06955814274,207385.0767362633,0.017316315656221715,Damped ETS
FLUTICASONUM+SALMETEROLUM,True,300167.1,299666.1162632319,181600.35879251396,381809.135745935,-0.0016690161472329157,Damped ETS
FLUVOXAMINUM,True,8055.26,9379.441498141798,0.0,19535.020873851943,0.1643871828025163,Damped ETS
FOENICULUM VULGARE MILL.*&,True,0.0,502.4893670529157,496.2243525062465,503.75010592114717,,Damped ETS
FOLIC ACID,True,576503.7699999999,551551.3446167291,324793.1346404373,709316.0044044333,-0.04328232820276412,Damped ETS
FOLLITROPIN DELTA,True,14.05,2.7301951130168987,0.0,20.443576211668898,-0.8056800631304699,Damped ETS
FOLLITROPINUM ALFA,True,2994.99,2414.524342720579,0.0,6190.424645685116,-0.1938122188319229,Damped ETS
FOLLITROPINUM ALFA+LUTROPINUM ALFA,True,2645.87,2024.9533934293336,0.0,5360.704542716904,-0.2346738904672816,Damped ETS
FOLLITROPINUM BETA,True,2368.86,2216.8422961726437,0.0,5203.356171571419,-0.06417335926452239,Damped ETS
FONDAPARINUXUM NATRICUM,True,1981.35,108.86575413190417,0.0,2606.8307107023056,-0.9450547585575975,Damped ETS
FONTURACETAMUM,True,0.0,0.0,0.0,1.260738868231459,,Damped ETS
FORMALDEHYDUM*,True,409100.02999999997,358613.3432216701,197700.6218633219,470566.6909891783,-0.12340914953814575,Damped ETS
FORMOTEROLUM,True,42132.56,36628.93348475723,20056.788800744653,48158.83032200608,-0.13062644461297312,Damped ETS
FOSFOCREATININUM,True,8566.039999999999,7147.424797080624,0.0,17946.96437190603,-0.16560922000356937,Damped ETS
FOSFOMYCINUM,True,653650.1900000001,676403.3112858952,419300.83468793123,855279.6781230422,0.034809324060465885,Damped ETS
FOSFRUCTOSUM,True,0.0,214.41454608542944,208.1495315387602,215.6752849536609,,Damped ETS
FOSINOPRILUM,True,0.0,255.4174609835768,249.15244643690755,256.67819985180824,,Damped ETS
FOSINOPRILUM+HYDROCHLOROTHIAZIDUM,True,0.0,70.57021626860177,64.30520172193252,71.83095513683323,,Damped ETS
FRAMYCETINUM,True,340047.23000000004,129528.20617875291,0.0,222584.7278259595,-0.6190876009231044,Damped ETS
FRANGULA ALNUS*&,True,90018.2,80600.61462733005,45193.44652279567,105234.7825837712,-0.10461868125190177,Damped ETS
FREMANEZUMAB,True,360.02,412.82177468138866,0.0,866.7129820220786,0.14666344836783707,Damped ETS
FULVESTRANTUM,True,470.8499999999999,177.08832534102794,0.0,770.7072214478103,-0.623896516213172,Damped ETS
FURAZIDINUM*,True,956113.8200000002,995180.7143764046,727644.5755204462,1158358.0667471255,0.040860087532679445,Damped ETS
FURAZOLIDONUM,True,186185.47,177685.78862551483,104452.817571753,228636.86450826892,-0.04565169008346981,Damped ETS
FUROSEMIDUM,True,1482534.2999999998,1363377.88113733,948540.7623270183,1616397.9890077298,-0.08037346512837495,Damped ETS
FUROSEMIDUM+SPIRONOLACTONUM,True,0.0,90.91891879917532,84.65390425250607,92.17965766740677,,Damped ETS
GABAPENTINUM,True,169848.53,174707.42526887215,107900.31899460703,221187.77274498955,0.028607225914007994,Damped ETS
GABEXATUM,True,975.31,1874.4184739167104,0.0,3104.0296994915348,0.9218694301470409,Damped ETS
GADOBUTROLUM,True,1711.4099999999999,1772.146197364193,0.0,3929.7873038441944,0.035488981228456895,Damped ETS
GADODIAMIDUM,True,0.0,0.016405179479567954,0.0,1.277144047711027,,Damped ETS
GALANTAMINUM,True,0.0,5.978137855899689,0.0,7.238876724131148,,Damped ETS
GALAVITUM*,True,128.71,391.183968750038,0.0,553.4536684801091,2.0392663254606322,Damped ETS
GANCICLOVIRUM,True,4455.92,3014.8470629446592,0.0,8632.598600674582,-0.32340637557571517,Damped ETS
GANIRELIXUM,True,1384.75,1236.362094721024,0.0,2982.170242504537,-0.1071586245018783,Damped ETS
GATIFLOXACINUM,True,5234.52,2138.9579990178822,80.04625020989306,3571.4243763876843,-0.591374567483192,Damped ETS
GEFITINIBUM,True,82.82000000000001,85.47458603661107,0.0,189.88897910354052,0.032052475689580584,Damped ETS
GELATINUM*+KALII CHLORIDUM*+MAGNESII CHLORIDUM*+NATRII CHLORIDUM*+NATRII LACTAS*,True,113.79,129.14274804964447,0.0,272.6022238657022,0.13492176860571625,Damped ETS
GELATINUM*+NATRII CHLORIDUM*,True,1223.6599999999999,621.896485351222,0.0,2164.6122088513293,-0.49177346211266026,Damped ETS
GEMCITABINUM,True,4095.05,1509.90465158397,0.0,6672.693353935207,-0.6312854173736657,Damped ETS
GEMTUZUMABUM,True,10.469999999999999,31.488454602309982,0.0,44.688390552693356,2.0074932762473723,Damped ETS
GENTAMICINUM,True,59299.67999999999,53375.68246652842,30051.135449313068,69603.4928080284,-0.09989931705317079,Damped ETS
GENTAMICINUM+METHOXAN+TRYPTOPHANUM+ZINCI SULFAS*,True,165377.63,145326.72158263018,80278.16977711208,190583.57312663106,-0.12124317186895117,Damped ETS
GENTAMICINUM+TRYPTOPHANUM+ZINCI SULFAS*,True,50226.99000000001,48961.440546804144,29205.485880805845,62706.439975880596,-0.025196601532281093,Damped ETS
GENTIANA LUTEA&+PRIMULA&+RUMEX CONFERTUS&+SAMBUCUS NIGRA*&+VERBENA OFFICINALIS&,True,2254976.7800000003,2331514.4624227835,1700535.4217359307,2716365.2332419455,0.0339416720835517,Damped ETS
GIDAZEPAMUM*,True,2869564.85,2937477.755306723,2134527.0143941217,3427218.6050719577,0.023666621546023947,Damped ETS
GINKGO BILOBA*&,True,187528.36999999997,138995.25912796767,65234.08060007752,190313.82985230605,-0.2588040991986029,Damped ETS
GINKGO BILOBA*&+HEPTAMINOL+TROXERUTINUM,True,23029.750000000004,23504.451573133072,0.0,52538.95252378652,0.020612536963408923,Damped ETS
GLATIRAMERI ACETAS*,True,163.51,299.8693994119006,0.0,506.01281175642646,0.8339514366821639,Damped ETS
GLAUCINUM*,True,258629.58999999997,96345.22023911854,0.0,167121.1828618494,-0.6274779686302772,Damped ETS
GLAUCINUM*+EPHEDRINUM*,True,409928.32000000007,444864.3027646102,283625.7872527541,557044.3184167978,0.08522461381689883,Damped ETS
GLIBENCLAMIDUM,True,168003.04,128841.8349957059,62760.62164826266,174817.15003813844,-0.23309819277254806,Damped ETS
GLIBENCLAMIDUM+METFORMINUM,True,199710.02999999997,176182.07014503176,97629.43740663437,230834.24516748165,-0.11781060698337598,Damped ETS
GLICLAZIDUM,True,2120429.53,1973513.1137736964,1380182.5737210962,2335401.0703708427,-0.06928615836919771,Damped ETS
GLICLAZIDUM+METFORMINUM,True,0.0,0.0,0.0,1.260738868231459,,Damped ETS
GLIMEPIRIDUM,True,1053677.23,1001172.445264612,706336.4834597281,1181000.6801966361,-0.04983004590066731,Damped ETS
GLIMEPIRIDUM+METFORMINUM,True,170416.30000000002,169534.29483418795,102503.8656337289,216170.0169072272,-0.00517559157083014,Damped ETS
GLIMEPIRIDUM+METFORMINUM+PIOGLITAZONUM,True,0.0,28.636152180445848,22.3711376337766,29.896891048677308,,Damped ETS
GLIPIZIDUM+METFORMINUM,True,0.0,995.3966385902261,989.1316240435568,996.6573774584575,,Damped ETS
GLIQUIDONUM,True,14988.990000000002,15160.802871508284,9265.131900002689,19262.654465490577,0.011462604985945202,Damped ETS
GLUCAGONUM,True,538.76,555.2733227274945,0.0,1234.5089953758752,0.030650610155717795,Damped ETS
GLUCOSAMINILMURAMILPENTAPEPTIDUM*,True,16707.670000000002,16049.09372536968,0.0,37113.10269195438,-0.03941760129511307,Damped ETS
GLUCOSAMINUM,True,192657.59999999998,172891.5565498573,97112.88035086486,225613.7802388986,-0.10259674910381245,Damped ETS
GLUTATHIONUM*,True,11024.49,10378.039753336683,0.0,24277.04279876572,-0.05863765549819688,Damped ETS
GLUTOXIMUM*,True,18799.04,826.1421013811456,0.0,24526.822514819076,-0.9560540271534533,Damped ETS
GLYCEROLUM,True,915761.52,833152.0490132394,576907.1375301448,989442.5837913968,-0.09020849771757233,Damped ETS
GLYCEROLUM+IODUM*+KALII IODIDUM*,True,1111.0100000000002,53.422426787711515,0.0,1454.1159167815454,-0.9519154401961175,Damped ETS
GLYCINUM,True,925974.0700000001,816553.0636248452,557450.5151766521,974586.5466117772,-0.1181685426408915,Damped ETS
GLYCOPYRRONII BROMIDUM+INDACATEROLUM,True,0.0,19.315584029329315,13.050569482660066,20.576322897560775,,Damped ETS
GLYCYRRHIZA GLABRA/URALENSIS*&,True,206155.67,144609.34409245598,63521.42561160526,201025.41773037205,-0.2985429695314421,Damped ETS
GOLIMUMABUM,True,49.11,72.07136754868756,0.0,133.98625336753452,0.4675497362795269,Damped ETS
GONADOTROPINUM CHORIONICUM,True,0.0,0.0,0.0,1.260738868231459,,Damped ETS
GOSERELINUM,True,26835.299999999996,12623.401089783098,2068.1802762630377,19967.08589309493,-0.5295971690354458,Damped ETS
GRISEOFULVINUM,True,24387.5,19888.825234198433,10296.406010648838,26562.65087209953,-0.1844664178698746,Damped ETS
GUAIFENESINUM,True,0.0,21.515687943218634,15.250673396549384,22.776426811450094,,Damped ETS
GUAIFENESINUM+PARACETAMOLUM+PHENYLEPHRINUM,True,247083.81999999998,229966.1269408361,132779.79850224798,297582.5014206532,-0.06927889110328578,Damped ETS
GUANFACINUM,True,0.0,454.0108287663954,447.7458142197261,455.2715676346268,,Damped ETS
HALOPERIDOLUM,True,82182.56999999999,72174.10474895521,39848.95193260626,94663.99271018952,-0.12178330820081162,Damped ETS
HARPAGOPHYTUM PROCUMBENS*,True,16381.879999999997,13081.156377830217,6637.615193621806,17564.182958702353,-0.2014862532364894,Damped ETS
HEDERA HELIX*&,True,1558248.7,1257469.073361816,821445.8386225495,1523411.1525183725,-0.19302414732525308,Damped ETS
HEDERA HELIX*&+THYMUS SERPYLLUM*&,True,133161.11,77504.78127054012,25128.064042730693,113945.33605841783,-0.41796233697255813,Damped ETS
HELICHRYSUM ARENARIUM*&,True,162215.54,143996.50281350856,80191.70673951661,188388.02427811013,-0.11231375974516034,Damped ETS
HEPARIN SODIUM,True,624559.33,552102.4619913431,377340.641652145,658694.3088363466,-0.11601278618102928,Damped ETS
HEPARINUM NATRICUM+POLIDOCANOLUM+PREDNISOLONUM,True,633557.5900000001,578549.958583447,329350.57342540484,751927.8319705852,-0.08682341161212048,Damped ETS
HERBA MELISSAE,True,102012.69999999998,72035.38351496586,31910.37748621351,99951.93800605813,-0.29385867137164423,Damped ETS
HERBA MELISSAE+PASSIFLORA INCARNATA*+VALERIANA OFFICINALIS*&,True,232070.16000000003,225515.9151843348,134234.96125317208,289023.6869362491,-0.02824251431405589,Damped ETS
HEXAMETHONII BROMIDUM,True,2989.17,2323.0781776967115,0.0,6091.640980448143,-0.22283504193581782,Damped ETS
HEXESTROLUM,True,0.0,2.8749103137170415,0.0,4.135649181948501,,Damped ETS
HEXETIDINUM,True,213555.42,169399.59058731468,85401.10299731127,227840.66232934385,-0.20676520133595921,Damped ETS
HEXOPRENALINUM,True,3397.2200000000003,3269.854190742558,0.0,7552.861488675836,-0.037491186693073275,Damped ETS
HIDROSMIN,True,36399.619999999995,30098.959373104586,15781.771690156342,40059.993393232005,-0.17309687922278882,Damped ETS
HUMULUS LUPULUS*&+MENTHA PIPERITA+MENYANTHES TRIFOLIATA&+VALERIANA OFFICINALIS*&,True,3811.2299999999996,1186.28666732205,0.0,5991.252464091833,-0.6887391557785675,Damped ETS
HUMULUS LUPULUS*&+VALERIANA OFFICINALIS*&,True,6569.85,5809.27471933573,0.0,14092.139972786183,-0.11576752599591622,Damped ETS
HYALURONIC ACID*,True,142815.39,138615.92142732424,82441.85305398819,177698.4436730995,-0.02940487417130444,Damped ETS
HYALURONIDASUM,True,29859.67,28903.721231574338,17158.91456763391,37075.04798442995,-0.032014713103850734,Damped ETS
HYALURONIDASUM+PERTUZUMABUM+TRASTUZUMABUM,True,144.14999999999998,2.2313157918342306,0.0,183.96682364739902,-0.9845208755335815,Damped ETS
HYDROCHLOROTHIAZIDUM,True,698921.8300000001,611758.3791823405,416188.7264391759,731041.4722072892,-0.12471130114459239,Damped ETS
HYDROCHLOROTHIAZIDUM+IRBESARTANUM,True,92422.31,92976.84329171921,56624.05833512833,118268.91431138269,0.0059999938512596,Damped ETS
HYDROCHLOROTHIAZIDUM+LEVAMLODIPINUM,True,0.0,4.939781821069907,0.0,6.200520689301366,,Damped ETS
HYDROCHLOROTHIAZIDUM+LISINOPRILUM,True,1833305.6800000002,1752044.411794182,1239055.7772716756,2064929.7196842027,-0.04432499669439649,Damped ETS
HYDROCHLOROTHIAZIDUM+LOSARTANUM,True,186835.35,171092.5120458012,97603.92145723669,222221.4325541036,-0.08426048900381433,Damped ETS
HYDROCHLOROTHIAZIDUM+NEBIVOLOLUM,True,120988.05999999998,129909.49847377231,82320.84885556743,163018.8051557986,0.0737381727897144,Damped ETS
HYDROCHLOROTHIAZIDUM+OLMESARTANUM MEDOXOMILUM,True,21800.21,13194.48023304266,4619.728680754883,19160.27420165887,-0.39475444351028455,Damped ETS
HYDROCHLOROTHIAZIDUM+QUINAPRILUM,True,12.879999999999999,60.68070151401824,0.0,76.91901813683943,3.71123458959769,Damped ETS
HYDROCHLOROTHIAZIDUM+RAMIPRILUM,True,169663.88999999998,164546.4899096591,97812.00872141907,210976.309239563,-0.030161987269895052,Damped ETS
HYDROCHLOROTHIAZIDUM+TELMISARTANUM,True,166722.16999999998,163938.6181241893,98361.21377770427,209563.4133083002,-0.016695751235787593,Damped ETS
HYDROCHLOROTHIAZIDUM+TRIAMTERENUM,True,0.0,286.56113207413546,280.2961175274662,287.8218709423669,,Damped ETS
HYDROCHLOROTHIAZIDUM+VALSARTANUM,True,2032634.7,1978543.3672215138,1409779.2431524366,2325447.6183104212,-0.026611438237518104,Damped ETS
HYDROCHLOROTHIAZIDUM+ZOFENOPRILUM,True,2516.7700000000004,2428.513091604207,0.0,5601.502853003097,-0.035067530364631394,Damped ETS
HYDROCORTISONUM,True,712088.82,715758.1468401313,516504.1569487441,837288.4143352614,0.005152906122204426,Damped ETS
HYDROCORTISONUM+NATAMYCINUM+NEOMYCINUM,True,99101.98,82408.04872661627,43427.92620303543,109528.06245868235,-0.16845204579549,Damped ETS
HYDROCORTISONUM+OXYTETRACYCLINUM,True,180174.87,157845.0739146321,86976.27282437893,207151.30320059817,-0.1239340207952856,Damped ETS
HYDROCORTISONUM+ZINCI SULFAS*,True,128602.5,141733.91567780162,91150.25219460175,176926.97202216557,0.10210855681500441,Damped ETS
HYDROGENII PEROXIDUM*,True,6704943.6899999995,6547376.3004973475,4671224.415077239,7691690.854102451,-0.023500180879617805,Damped ETS
HYDROTALCITUM+MAGNESII HYDROXIDE*,True,8038.7300000000005,10783.893914128415,0.0,20918.633276346693,0.34149223995934874,Damped ETS
HYDROXYCARBAMIDUM,True,11398.519999999999,9384.376045500383,0.0,23754.933249814032,-0.176702234544451,Damped ETS
HYDROXYCHLOROQUINUM,True,24938.690000000002,24986.004404429845,15176.783723091286,31810.66739562073,0.0018972289414496135,Damped ETS
HYDROXYETHYLAMYLUM*,True,8970.220000000001,9595.832254719462,6067.544780912427,12050.601469014211,0.06974324539637378,Damped ETS
HYDROXYETHYLAMYLUM*+NATRII CHLORIDUM*,True,1209.82,991.5710564570962,0.0,2516.83815402088,-0.18039786376725775,Damped ETS
HYDROXYPROGESTERONI CAPROAS,True,12115.95,8485.53771155601,0.0,23760.586802104957,-0.2996390946185805,Damped ETS
HYDROXYZINUM,True,296152.19000000006,304456.47310390184,187969.9139874564,385500.7818006751,0.028040593263557456,Damped ETS
HYMECROMONUM,True,5080.139999999999,25251.627362793784,0.0,31656.35731685115,3.9706558013743294,Damped ETS
HYPERICUM PERFORATUM*&,True,172396.41,133119.36257862407,65310.089903895714,180296.95687652705,-0.22782984530464367,Damped ETS
HYPERICUM PERFORATUM*&+VALERIANA OFFICINALIS*&,True,16430.13,13077.162295962149,6614.64277336168,17573.392857850326,-0.2040743258901696,Damped ETS
HYPERICUM PERFORATUM/QUADRANGULUM*&+ELEUTHEROCOCCUS SENTICOSUS*&+ECHINACEA PURPUREA/ANGUSTIFOLIA*&,True,10.65,372.81366614520147,306.091261223174,386.2405350918665,34.005978041802955,Damped ETS
HYPERICUM PERFORATUM/QUADRANGULUM*&+MATRICARIA CHAMOMILLA*&+HELICHRYSUM ARENARIUM*&,True,8784.619999999999,12509.798096772567,0.0,23584.909973416005,0.4240568284994193,Damped ETS
HYPPOPHAE RHAMNOIDES*&,True,588622.8200000001,367126.3233283284,202420.1207704511,467584.98348302353,-0.37629614270080736,Damped ETS
HYPROMELLOSUM,True,23230.17,22114.12373657222,12976.92110102839,28471.23718070552,-0.04804296582538048,Damped ETS
IBRUTINIBUM,True,0.0,0.003040886388295583,0.0,1.2637797546197547,,Damped ETS
IBUPROFENUM,True,13415092.14,14432420.862271998,10678660.715250468,16721938.251754422,0.07583464292717101,Damped ETS
IBUPROFENUM+LEVOMENTHOLUM,True,600034.89,561021.8770784985,393122.3924235651,663428.2042668835,-0.06501790741118663,Damped ETS
IBUPROFENUM+PARACETAMOLUM,True,380787.68,373246.1351677756,223469.6077778073,477451.5921182986,-0.019805117729188026,Damped ETS
IBUPROFENUM+PHENYLEPHRINUM,True,116567.37999999999,116427.71712488856,70577.86877016541,148327.27096136048,-0.0011981300009611395,Damped ETS
ICHTHYOLUM*,True,319530.05000000005,295998.32245369215,170316.46928621846,383440.1610911015,-0.07364480287944086,Damped ETS
ICHTHYOLUM*+ATROPA BELLADONNA*&,True,27612.13,22784.286006366558,11923.511978067201,30340.556272324855,-0.1748450406989045,Damped ETS
IDARUBICINUM,True,38.71,31.533925236144583,0.0,80.33712682538436,-0.18538038656304356,Damped ETS
IDARUCIZUMABUM,True,0.0,0.39321867290310786,0.0,1.653957541134567,,Damped ETS
IFOSFAMIDUM,True,301.93000000000006,330.8087613072263,0.0,711.4636477923508,0.09564720732363874,Damped ETS
ILOPROSTUM,True,705.94,683.8953126178378,0.0,1573.901309257154,-0.03122742355180641,Damped ETS
IMATINIBUM,True,2096.99,1256.675456180868,0.0,3900.432255473555,-0.40072415405849904,Damped ETS
IMIPENEMUM+CILASTATINUM,True,2781.3,6267.2921713603,5173.313879757697,7028.416158923368,1.2533679111783336,Damped ETS
IMIPRAMINUM,True,3414.0299999999997,7750.340981243782,0.0,12054.541299552031,1.2701443693358825,Damped ETS
IMIQUIMODUM,True,9118.03,9413.328357111699,0.0,20908.78317981219,0.03238620152727045,Damped ETS
IMMUNOGLOBULINUM HUMANUM*,True,15024.179999999998,5588.548235525199,0.0,9700.029841775979,-0.6280297337009275,Damped ETS
INDACATEROLUM,True,0.0,12.123505469119557,5.858490922450309,13.384244337351017,,Damped ETS
INDAPAMIDUM,True,1144898.0100000002,1080050.6684938562,759689.6543843953,1275447.3065283394,-0.05664027794593163,Damped ETS
INDAPAMIDUM+PERINDOPRILUM,True,2759094.4299999997,2909323.592864121,2137284.2654321827,3380210.755679321,0.05444872101174192,Damped ETS
INDAPAMIDUM+PERINDOPRILUM+ROSUVASTATINUM,True,60065.579999999994,82126.69023791133,58500.88914039596,98564.0949640784,0.36728372951549515,Damped ETS
INDOMETACINUM,True,422425.86,413598.98054160306,247444.7646527883,529199.0434664793,-0.020895689147432672,Damped ETS
INDOMETACINUM+TROXERUTINUM,True,146168.36,142317.37496788468,84824.4713763432,182317.4630629316,-0.02634622863741032,Damped ETS
INFLIXIMABUM,True,0.0,2.0086915337133653,0.0,3.2694304019448244,,Damped ETS
INOSINUM,True,633035.01,537847.2003195797,360713.7473839836,645885.5684814088,-0.15036737017186508,Damped ETS
INOSINUM PRANOBEX*,True,2918083.6,2738061.7338530114,1921534.6605356368,3236083.1470822664,-0.061691812443957605,Damped ETS
INSULINUM ASPARTUM,True,176736.03,176377.51885669614,106861.32852698468,224742.68331204652,-0.0020285119186158607,Damped ETS
INSULINUM ASPARTUM+INSULINUM DEGLUDECUM,True,16867.100000000002,16607.812442126833,0.0,37872.82100647368,-0.015372385168355485,Damped ETS
INSULINUM DEGLUDECUM,True,78654.68999999999,84397.84111954384,53460.32147307191,105922.29777410715,0.07301727486998999,Damped ETS
INSULINUM DEGLUDECUM+LIRAGLUTIDUM,True,25026.6,29162.182166888404,0.0,60714.18952656984,0.1652474633745058,Damped ETS
INSULINUM DETEMIRUM,True,29593.25,24765.90062236464,13125.885853023416,32864.31950740069,-0.1631233263543328,Damped ETS
INSULINUM GLARGINUM,True,291981.36,283916.6592188816,169070.62700638938,363819.5884308644,-0.02762060146962242,Damped ETS
INSULINUM GLARGINUM+LIXISENATIDUM,True,72083.28,93974.41646511375,65621.6521076147,113700.55658312517,0.30369229126523867,Damped ETS
INSULINUM GLULISINUM,True,122747.82999999999,116068.88179382583,67788.05579111961,149659.76297683865,-0.05441194525535942,Damped ETS
INSULINUM HUMANUM,True,1366306.1600000001,879926.4927769195,497611.89079625637,1113110.2592416762,-0.3559814640834823,Damped ETS
INSULINUM LISPRUM,True,2.82,3.4206813402816323,0.0,6.975964948694347,0.2130075674757561,Damped ETS
INTERFERONUM ALFA,True,671615.94,461791.0865958677,273862.06431511557,576413.9574368863,-0.31241791760352244,Damped ETS
INTERFERONUM BETA,True,9.270000000000001,15.557354681729024,0.0,27.24440399023465,0.6782475384820952,Damped ETS
INULA HELENIUM*&,True,41527.020000000004,41446.54317109745,25112.57761723877,52810.729362450875,-0.0019379389347599085,Damped ETS
IODIXANOLUM,True,0.0,1.283856611431302,0.0,2.5445954796627612,,Damped ETS
IODUM*,True,4146088.3499999996,4094307.902971481,2934165.2031047735,4801909.556138769,-0.012488987850082567,Damped ETS
IODUM*+KALII IODIDUM*,True,334756.4099999999,330254.8726474384,198583.982950239,421863.52099227614,-0.013447202855836449,Damped ETS
IOHEXOLUM,True,17031.11,18684.790678868558,11985.885626592277,23345.48400782453,0.0970976453600827,Damped ETS
IOPAMIDOLUM,True,0.0,2.102353656874395,0.0,3.363092525105854,,Damped ETS
IOPROMIDUM,True,34910.31,26435.767038600163,12704.374778463794,35989.24000241667,-0.24275186789804604,Damped ETS
IPIDACRINUM,True,361818.39,343401.01729761023,201085.74596312473,442415.3831590597,-0.05090225707540674,Damped ETS
IPIDACRINUM+PHENIBUTUM*,True,0.36,0.0,0.0,1.260738868231459,-1.0,Damped ETS
IPRATROPII BROMIDUM,True,27408.75,39586.87971378576,0.0,74142.15616842476,0.44431539978239654,Damped ETS
IPRATROPII BROMIDUM+FENOTEROLUM,True,514704.0,500326.26003667596,297875.9660730523,641178.9407595973,-0.027933996944504158,Damped ETS
IPRATROPII BROMIDUM+SALBUTAMOLUM,True,1907.8,29.172861650619314,0.0,2434.410474462597,-0.9847086373568407,Damped ETS
IPRATROPII BROMIDUM+XYLOMETAZOLINUM,True,77041.01000000001,137776.97600218616,107474.17065823221,158859.8368000455,0.7883589013459993,Damped ETS
IRBESARTANUM,True,76634.40000000001,75951.90583253774,45809.033797881086,96923.49469835703,-0.00890584603601341,Damped ETS
IRINOTECAN,True,1462.7199999999996,353.83905812050546,0.0,2197.947015460025,-0.7580951527835091,Damped ETS
IRON COMPLEX DEXTRAN*,True,61577.12,45722.09088837139,21501.75056571346,62573.14008013407,-0.2574824725746935,Damped ETS
ISOCONAZOLUM,True,0.0,0.26679129306385724,0.0,1.5275301612953163,,Damped ETS
ISOFLURANUM,True,0.0,0.12530267795704764,0.0,1.3860415461885067,,Damped ETS
ISONIAZIDUM,True,35011.47,34424.92334408214,20653.741473339753,44006.07951452212,-0.01675298569062822,Damped ETS
ISOSORBIDI DINITRATE,True,407734.31,284600.1602614256,170509.493758458,354187.0690423307,-0.3019960467358619,Damped ETS
ISOSORBIDI MONONITRAS,True,114528.97,109946.91776085936,64898.84421985126,141288.64513219325,-0.0400078009881748,Damped ETS
ISOTRETINOINUM,True,356892.94999999995,412251.13579444145,271873.2047096921,509917.61738116224,0.15511145791599845,Damped ETS
ISOXSUPRINUM,True,56124.290000000015,54879.03871347596,32803.478762514496,70237.87932899604,-0.022187386005668053,Damped ETS
ITOPRIDUM,True,250939.74999999997,265101.48518222163,166398.4905393624,333773.0643567369,0.056434802307014476,Damped ETS
ITRACONAZOLUM,True,554539.4299999999,463251.67525151663,245132.77464472072,615005.625642539,-0.16461905107177555,Damped ETS
IVABRADINUM,True,187474.4,170217.87359745588,96477.92327522415,221521.67501909094,-0.09204737501517068,Damped ETS
IVERMECTINUM,True,18985.880000000005,23929.307719542547,0.0,47865.54458312085,0.26037390521495674,Damped ETS
JOSAMYCINUM,True,0.0,0.0,0.0,0.27365763763817924,,Damped ETS
KALII CHLORIDUM*,True,175898.2,132833.49272585684,63646.84895065348,180969.3786026648,-0.2448274472060724,Damped ETS
KALII CHLORIDUM*+CALCII CHLORIDUM*+NATRII CHLORIDUM*,True,514483.9599999999,450320.50938400935,306359.5611344345,538126.0913909756,-0.12471419053762256,Damped ETS
KALII CHLORIDUM*+CALCII CHLORIDUM*+NATRII LACTAS*+NATRII CHLORIDUM*,True,26235.02,22631.147440318215,12312.03682306724,29810.5610369086,-0.13736877500691003,Damped ETS
KALII CHLORIDUM*+MACROGOLUM+NATRII CHLORIDUM*+NATRII HYDROCARBONAS*,True,9810.95,3343.920518055807,0.0,15712.966517331242,-0.6591644521625524,Damped ETS
KALII CHLORIDUM*+MACROGOLUM+NATRII CHLORIDUM*+NATRII HYDROCARBONAS*+NATRII SULFAS*,True,128279.36000000002,136393.6772744511,85937.11555846383,171498.30388978863,0.06325504956098227,Damped ETS
KALII CHLORIDUM*+MAGNESII CHLORIDUM*+NATRII ACETAS*+NATRII CHLORIDUM*+SODIUM GLUCONATE,True,11745.210000000001,11379.271806718016,0.0,26186.91456925883,-0.03115637721947795,Damped ETS
KALII CHLORIDUM*+NATRII ACETAS*+NATRII CHLORIDUM*,True,9.45,13.94785388658411,0.0,25.861836191371395,0.4759633742417049,Damped ETS
KALII CHLORIDUM*+NATRII HYDROCARBONAS*+NATRII CHLORIDUM*,True,72509.09,69368.86675307948,40848.61708427014,89211.5330297736,-0.0433079941690141,Damped ETS
KALII CHLORIDUM*+NATRII LACTAS*+NATRII CHLORIDUM*,True,1703.9999999999998,566.5176991673051,0.0,2714.8167306337114,-0.6675365615215345,Damped ETS
KALII IODIDUM*,True,900721.93,746984.8624099358,494948.2718970125,900708.6311550061,-0.1706820523289182,Damped ETS
KALII PERMANGANAS*,True,16084.039999999997,9706.335043819676,3379.9442908379997,14107.855433897656,-0.39652381840509743,Damped ETS
KALIUM BROMIDUM*+THYMUS SERPYLLUM*&,True,759851.7799999999,658801.8467855755,446183.00677756564,788483.689115372,-0.1329863742826587,Damped ETS
KANAMYCINUM,True,1767.83,34.02671807806661,0.0,517.806899623969,-0.9807522679906628,Damped ETS
KETAMINUM,True,166.87,121.59878571175771,0.0,331.9782806535413,-0.271296304238283,Damped ETS
KETOCONAZOLUM,True,804907.6499999999,708721.4976762668,483495.29519691854,846092.9031329297,-0.11949961256267483,Damped ETS
KETOCONAZOLUM+PYRITHIONUM ZINCUM,True,193789.57,172556.00698640913,96332.08913540308,225588.0029115277,-0.10957020552546182,Damped ETS
KETOPROFENUM,True,1006138.29,919736.6890051374,638202.892891055,1091451.5819882809,-0.08587447854197316,Damped ETS
KETOROLACUM,True,2189568.1799999997,2038109.569484934,1425432.9149009974,2411797.2319512893,-0.06917282224802235,Damped ETS
KETOTIFENUM,True,295552.97,291603.81344125565,175352.94758763487,372484.1410084033,-0.013361924797251512,Damped ETS
L-LYSINI AESCINAS*,True,299701.92000000004,229052.25524408385,111169.46862213721,311067.9746669105,-0.235733106934771,Damped ETS
LACOSAMIDUM,True,5507.9400000000005,10083.10778445665,0.0,17027.181826343432,0.8306495322128871,Damped ETS
LACTULOSUM,True,761179.23,633484.8780439332,420494.5960171014,763393.2726647577,-0.16775858683909017,Damped ETS
LAMINARIA*,True,29592.19,23245.800572099477,11606.202736202722,31343.929380039626,-0.21446163423188758,Damped ETS
LAMIVUDINUM,True,191.01,244.06909583760012,0.0,484.8828270584911,0.27778176973771074,Damped ETS
LAMOTRIGINUM,True,368772.39,384484.67516912747,239434.16310555683,485402.0562427128,0.04260699986006933,Damped ETS
LANATOSIDUM C,True,5116.830000000001,4846.970271399986,0.0,11297.956734532763,-0.0527396314905938,Damped ETS
LANREOTIDUM,True,138.81,133.69847779464584,0.0,308.7016400938547,-0.03682387584002711,Damped ETS
LANSOPRAZOLUM,True,59185.66,50712.3975252296,27432.69838663522,66909.00542288608,-0.1431641122996753,Damped ETS
LAPATINIB,True,240.32000000000002,338.98019622305867,0.0,641.960961036443,0.41053676857131594,Damped ETS
LARIX DECIDUA*+PINUS SILVESTRIS*&,True,17206.03,893.7655415468461,0.0,5602.327064478487,-0.9480550980355813,Damped ETS
LATANOPROSTENUM BUNOD,True,6375.1900000000005,768.9354014173396,0.0,8806.385226777857,-0.879386276892557,Damped ETS
LATANOPROSTUM,True,550200.6699999999,566863.811534639,350451.49031606934,717430.4271137824,0.0302855711437775,Damped ETS
LATANOPROSTUM+TIMOLOLUM,True,51674.16,48044.04418570813,27718.869167982753,62185.07273824543,-0.07025011754989097,Damped ETS
LAVANDULA ANGUSTIFOLIA*&,True,22522.350000000002,17901.003453563648,9042.210092230494,24064.416548623893,-0.2051893584122596,Damped ETS
LECITHIN*,True,13011.689999999999,12113.492825549838,6995.5600613522765,15674.241172630158,-0.06903001642754791,Damped ETS
LECITHIN*+QUERCETIN*,True,225.73999999999998,248.72587970142138,0.0,533.3250718159909,0.10182457562426417,Damped ETS
LEDUM PALUSTRE*&,True,10318.010000000002,8497.153631423349,0.0,21505.469881224228,-0.17647359990702205,Damped ETS
LEDUM+MENTHA+CALENDULA+MATRICARIA+GLYCYRRHIZA+VIOLA*&,True,23175.969999999998,15820.762724186503,6704.878760991885,22163.043924359816,-0.31736351383840655,Damped ETS
LEFLUNOMIDUM,True,37812.64,37010.63263237381,22137.656934612234,47358.35036763673,-0.02121003367197294,Damped ETS
LENALIDOMIDUM,True,71.78999999999999,82.27891181380905,0.0,172.78735516414548,0.14610547170649202,Damped ETS
LENOGRASTIMUM,True,0.24,0.15168911868633028,0.0,1.4124279869177894,-0.3679620054736238,Damped ETS
LEONURUS CARDIACA/QUINQUELOBATUS GILIB.*&,True,2129411.0100000002,1772947.6877021263,1177103.9840175936,2136368.489130206,-0.1673999620664467,Damped ETS
LERCANIDIPINUM,True,773292.55,887373.9880041603,583212.1705957467,1098991.400440364,0.14752688100274636,Damped ETS
LESPEDEZA BICOLOR,True,49505.770000000004,51301.858859000495,31829.584135284455,64849.49092665954,0.036280394366161595,Damped ETS
LETROZOLUM,True,149033.59,118113.52565485278,59493.63129624248,158897.70582298975,-0.2074704390140989,Damped ETS
LEUPRORELINUM,True,794.9499999999998,492.71099626487353,0.0,1494.9353595654716,-0.38019875933722413,Damped ETS
LEVAMISOLUM,True,135587.91000000003,138628.2447282251,85296.98591264692,175732.9118711232,0.022423346803008393,Damped ETS
LEVAMLODIPINUM,True,485638.51000000007,402061.71671786753,211043.85186825262,534960.4041105928,-0.17209671712841002,Damped ETS
LEVANA*,True,293153.41000000003,298545.5430666724,183238.5043979644,378769.212712849,0.01839355396436404,Damped ETS
LEVETIRACETAMUM,True,169853.87,169423.82539367012,102614.61871884514,215905.6342015725,-0.0025318505037882355,Damped ETS
LEVOCARNITINUM,True,217640.74,204379.5359136558,118774.1553619978,263938.586675881,-0.06093162560623622,Damped ETS
LEVOCETIRIZINUM,True,2018266.67,1680631.2303369818,1115887.5138687138,2025083.328716515,-0.1672898059913055,Damped ETS
LEVOCETIRIZINUM+MONTELUKASTUM,True,122140.41999999998,68902.96110494982,20861.049765926902,102327.61990228485,-0.4358709335947115,Damped ETS
LEVOCETIRIZINUM+PARACETAMOLUM,True,153669.25999999998,142525.44789179318,82082.18951382738,184578.21456100032,-0.07251816080982487,Damped ETS
LEVOCETIRIZINUM+PARACETAMOLUM+PHENYLEPHRINUM,True,842001.7000000001,755405.2389127167,519799.52020429657,899107.3852718667,-0.1028459456641041,Damped ETS
LEVODOPUM+BENSERAZIDUM,True,7283.999999999999,6520.4234140433255,0.0,15703.645330241272,-0.10482929516154227,Damped ETS
LEVODOPUM+CARBIDOPUM+ENTACAPONUM,True,6598.62,6672.888202967461,0.0,14992.024913656933,0.011255111366840653,Damped ETS
LEVODROPROPIZINUM,True,390920.65,401696.91536530096,247934.7520462849,508675.33694828243,0.027566375338066607,Damped ETS
LEVOFLOXACINUM,True,1622837.5300000003,724174.1577890888,270077.9218757321,1001139.4373760319,-0.5537605309207456,Damped ETS
LEVOFLOXACINUM+ORNIDAZOLUM,True,10008.84,5161.826818620446,1225.0153692536742,7900.82232851896,-0.48427322061093536,Damped ETS
LEVOMENTHOLUM+METHYL SALICYLAT*,True,81237.91,73410.82916290557,41457.2427122652,95642.2037001686,-0.09634763913909683,Damped ETS
LEVOMENTHOLUM+OENOTHERA BIENNIS*&+THYMUS SERPYLLUM*&,True,62035.740000000005,41612.53309138558,17211.802187310757,58589.087148921884,-0.32921678549517464,Damped ETS
LEVOMEPROMAZINUM,True,19625.57,18545.090991654964,10825.698067365134,23915.778115157686,-0.05505465616259986,Damped ETS
LEVONORGESTRELUM,True,400271.14999999997,388577.3244861098,231137.29685341666,498114.58180982707,-0.029214759829406134,Damped ETS
LEVOSIMENDANUM,True,34.81999999999999,44.41584020723719,0.0,88.31476759905658,0.2755841529936014,Damped ETS
LEVOTHYROXINUM NATRICUM,True,1988813.5399999998,2164277.634638954,1607775.38117707,2503703.0472077634,0.0882255129050229,Damped ETS
LIDOCAINUM,True,1232467.49,845174.4771831892,500310.1036715768,1055516.3608526334,-0.3142419706476889,Damped ETS
LIDOCAINUM+MATRICARIA CHAMOMILLA,True,7124.469999999999,4561.971967116946,0.0,13544.068211665928,-0.3596756015371043,Damped ETS
LIDOCAINUM+MATRICARIA CHAMOMILLA*&+POLIDOCANOLUM,True,7833.5,3057.934130995213,0.0,12933.932055286346,-0.6096337357509143,Damped ETS
LIDOCAINUM+MATRICARIA CHAMOMILLA*&+THYMOL,True,62169.439999999995,62742.11048796244,38288.79090320331,79755.25257165097,0.00921144678096586,Damped ETS
LIDOCAINUM+METRONIDAZOLUM+MICONAZOLUM,True,9364.36,9502.095883942633,0.0,21308.10851205458,0.014708520811099968,Damped ETS
LIDOCAINUM+NEOMYCINUM+POLYMYXINUM B,True,538.1,5114.4541603028165,1743.249832740094,5792.857745298164,8.504653708052064,Damped ETS
LIDOCAINUM+NIFEDIPINUM,True,8056.789999999999,27433.657400730906,0.0,37591.16570690944,2.4050356780716524,Damped ETS
LIDOCAINUM+NITROFURALUM+PHENAZONUM,True,0.0,124.56118601382761,118.29617146715836,125.82192488205906,,Damped ETS
LIDOCAINUM+OFLOXACINUM,True,500172.26,469727.073613576,272992.5989068514,606603.0326973252,-0.06086940204645497,Damped ETS
LIDOCAINUM+PHENAZONUM,True,1330911.9799999997,1540501.978917504,1168091.2419967277,1767645.1166820785,0.15747848247447904,Damped ETS
LIDOCAINUM+PRILOCAINUM,True,10753.199999999999,12237.382312211836,0.0,25794.35951007836,0.13802238517016674,Damped ETS
LIDOCAINUM+TOLPERISONUM,True,65230.72000000001,63140.033404087444,37482.610031704826,80990.91814072497,-0.03205064417367409,Damped ETS
LIDOCAINUM+TRIBENOSIDUM,True,342307.12,342432.08342224127,207791.24700006194,436107.04122817,0.00036506229330335316,Damped ETS
LINCOMYCINUM,True,449101.69000000006,436257.3247592947,259610.61294034595,559157.4323040086,-0.02860012671229395,Damped ETS
LINEZOLIDUM,True,40594.170000000006,14775.361856108128,0.0,25884.266520190773,-0.6360225654051277,Damped ETS
LINUM USITATISSIMUM*&,True,468307.3999999999,356458.8873449362,172257.92757905083,484614.78411741403,-0.2388356721569288,Damped ETS
LINUM USITATISSIMUM*&+MENTHOLUM*+METHYL SALICYLAT*+PHENOXYETHANOL+ROFECOXIBUM,True,0.0,38.93332730882626,32.66831276215701,40.194066177057714,,Damped ETS
LIRAGLUTIDUM,True,66633.81,23692.25379574405,0.0,41927.10482717534,-0.6444409557888997,Damped ETS
LISINOPRILUM,True,1760793.96,1382167.3695024508,889468.6891515143,1682677.298815215,-0.2150317408503316,Damped ETS
LITHIUM,True,13982.47,14381.515240729192,0.0,32009.758643609523,0.028538966343513827,Damped ETS
LOMEFLOXACINUM,True,5434.8099999999995,2948.8067390051556,0.0,9800.682947458172,-0.4574222946146864,Damped ETS
LOMUSTINUM,True,57.99,53.513220170612406,0.0,126.62346713935472,-0.07719916932898074,Damped ETS
LOPERAMIDUM,True,5891246.01,5908769.568215012,4260303.478094098,6914212.545784745,0.002974507970854745,Damped ETS
LOPERAMIDUM+SIMETICONUM,True,8963.880000000001,9790.881283917257,0.0,21091.99321007987,0.09225929886580997,Damped ETS
LOPINAVIRUM+RITONAVIRUM,True,0.0,0.33108845870861003,0.0,1.5918273269400691,,Damped ETS
LORATADINUM,True,2924307.6199999996,3118484.1622780995,2300215.5073162275,3617567.8121192073,0.06640086048064253,Damped ETS
LORNOXICAMUM,True,695307.4999999999,639449.4455102141,365961.75594473135,829725.6533923224,-0.08033575718626051,Damped ETS
LOSARTANUM,True,1861722.53,1717477.8995462314,1196537.7699523028,2035213.0341501008,-0.07747912383794842,Damped ETS
LUTEIN+VACCINIUM MYRTILLUS *&+ZEAXANTHINUM*,True,0.0,146.94508138200476,140.6800668353355,148.20582025023623,,Damped ETS
LYNESTRENOLUM,True,7154.68,4050.1691979522802,0.0,13070.352363710535,-0.4339132989941856,Damped ETS
LYSINI ACETYLSALICYLAS*,True,44.26,758.9729951523649,741.5640571786363,771.0850821942307,16.148056826759262,Damped ETS
MACROGOLUM,True,200365.15000000002,201805.85019435448,122995.53685393833,256637.30380837392,0.00719037314799742,Damped ETS
MAGALDRATUM,True,9755.69,10825.997274263524,0.0,23125.37484368049,0.10971107879232767,Damped ETS
MAGNESII LACTAS*+MAGNESYUM PIDOLATE*+PYRIDOXINUM,True,213283.2,170140.29065198064,86248.87629051787,228506.86731189195,-0.20227992335082823,Damped ETS
MAGNESII LACTAS*+PYRIDOXINUM,True,912405.33,715374.69677337,460068.9016330001,871092.4397072959,-0.2159463856120064,Damped ETS
MAGNESII OROTAS*,True,39388.12,529.5391587199707,0.0,11308.39902892909,-0.9865558661159768,Damped ETS
MAGNESII OXYDUM*,True,8168.2300000000005,8795.616264799544,0.0,19093.621310453796,0.0768081046688871,Damped ETS
MAGNESII SULFAS*,True,1258819.03,1133610.590676919,781372.6292963348,1348449.820204298,-0.09946500357806076,Damped ETS
MAGNESII SULFAS*+NATRII SULFAS*+POTASSIUM SULFAS*,True,100087.24,89196.19340871154,49828.53518183211,116585.83106483702,-0.10881553523994136,Damped ETS
MAGNESIUM ASPARGINATE*+PYRIDOXINUM,True,444.48,1384.770041107245,0.0,1945.1432532587642,2.1154833538229956,Damped ETS
MAGNESIUM CITRATUM*+PYRIDOXINUM,True,851644.78,949838.477308859,614858.1078856846,1182897.575910546,0.11529888941356381,Damped ETS
MAGNESIUM GLUCONATE*+POTASSIUM GLUCONATE*,True,70923.76,64866.838642248214,36970.15227298454,84275.66725626541,-0.08540045476652369,Damped ETS
MAHONIA AQUIFOLIUM NUTT.*&,True,7358.25,8165.815124568213,0.0,17442.646901732347,0.10974961771728498,Damped ETS
MALATHIONUM*+PERMETHRINUM+PIPERONYL*,True,0.0,8.317048842405677,2.052034295736429,9.577787710637136,,Damped ETS
MANNITOLI HEXANITRAS,True,141704.84,148560.3641461252,92823.112222557,187338.97590242137,0.04837889902790349,Damped ETS
MANNITOLI HEXANITRAS+SORBITOL*,True,8144.54,8773.271914564284,0.0,19041.410056430133,0.07719673726991139,Damped ETS
MATRICARIA CHAMOMILLA*&,True,1373979.99,880461.6320427703,495999.76808817504,1114955.070259728,-0.3591888976179557,Damped ETS
MATRICARIA CHAMOMILLA*&+SALVIA OFFICINALIS*&,True,0.0,1.9190446838522899,0.0,3.179783552083749,,Damped ETS
MATRICARIA CHAMOMILLA*&+SPIRITUS AETHYLICUS*,True,0.0,15.157959459560306,8.892944912891057,16.418698327791766,,Damped ETS
MEBENDAZOLUM,True,189886.23,192080.83921810062,117392.23550966966,244044.6563399206,0.011557495338659463,Damped ETS
MEBEVERINUM,True,931382.4299999999,888636.3244694733,628020.4292610137,1047592.8375883907,-0.04589533166362891,Damped ETS
MEBHYDROLINUM,True,1907965.45,1852281.7970425629,1318402.149153391,2177909.0853771367,-0.029184832963006224,Damped ETS
MEBICARUM*,True,783980.27,719176.8216423558,499806.4391757037,852976.6079162147,-0.08265953983464946,Damped ETS
MECOBALAMINUM,True,98680.78000000001,92447.78142178146,53633.33094236091,119452.53055687435,-0.06316324798221651,Damped ETS
MEDROXYPROGESTERONUM,True,9941.24,8309.56416975744,0.0,20842.87183617475,-0.16413202279017114,Damped ETS
MEFLOQUINUM,True,0.0,36.78750571725235,30.522491170583102,38.04824458548381,,Damped ETS
MEGESTROLUM,True,45.86,1.7886566459858948,0.0,59.606141143080606,-0.9609974564765396,Damped ETS
MELATONINUM*,True,353609.33,306535.42910869495,167449.05556821343,403303.3230033143,-0.13312403519246807,Damped ETS
MELDONIUM,True,928055.2,705598.4714665663,445913.58912358934,863987.1352659033,-0.23970204416012497,Damped ETS
MELISSA+MENTHA PIPERITA+VALERIANA,True,229603.55000000005,186615.32067087013,96304.56693164998,249448.08575720972,-0.18722806911796397,Damped ETS
MELOXICAMUM,True,3483239.8699999996,3165075.8001284157,2190408.8451743177,3759550.901072709,-0.09134141826172426,Damped ETS
MELPHALANUM,True,64.96000000000001,75.10536719830452,0.0,157.0029640786201,0.15617868223990938,Damped ETS
MEMANTINE,True,239215.55,244728.35466924816,150636.87992226757,310191.5169685659,0.023045344122688327,Damped ETS
MENADIONI NATRII BISULFIS,True,43986.520000000004,42650.155178854766,25348.786033798944,54687.40232997929,-0.03038123545907334,Damped ETS
MENOTROPINUM*,True,1457.31,1771.949555711346,0.0,3609.2369157737335,0.21590434136274772,Damped ETS
MENTHA PIPERITA,True,765325.82,716816.7655055153,502666.20040901843,847432.8473947519,-0.06338353316563228,Damped ETS
MENTHA PIPERITA+VALERIANA OFFICINALIS*&,True,4444.52,2681.444159228425,0.0,8284.823273860511,-0.3966853205231555,Damped ETS
MENTHOL SOLITION IN ISOVALERAT,True,10196528.719999999,9608246.577503141,6755092.626143367,11348460.477874976,-0.057694354485852695,Damped ETS
MENTHOLUM*+METHYL SALICYLAT*,True,28425.12,33861.78234740917,22681.232167206028,41640.53353619093,0.19126259967976122,Damped ETS
MEPIVACAINUM,True,25.1,28.133033050639575,0.0,59.7775786432492,0.12083797014500286,Damped ETS
MERCAPTOPURINUM,True,249.05000000000004,297.39815026967034,0.0,611.3851654027153,0.19413029620425726,Damped ETS
MEROPENEMUM,True,31190.159999999996,9028.503296202482,0.0,17563.928799359313,-0.7105336011036019,Damped ETS
MESALAZINUM,True,112544.37000000001,115580.82697300919,71313.36297340781,146379.45339668635,0.026980087702380695,Damped ETS
MESNUM,True,158.48,30.963821281310825,0.0,230.76571711863244,-0.8046200070588666,Damped ETS
MESTEROLONUM,True,9543.48,54.28377730444731,0.0,12086.11995149401,-0.9943119514784494,Damped ETS
METADOXINE,True,35771.26,29314.239651583943,15244.2069678488,39103.31815852504,-0.18050860798350576,Damped ETS
METAMIZOLUM NATRICUM,True,13005371.36,12577362.787137762,8938249.153112197,14796954.242392326,-0.0329101385123568,Damped ETS
METAMIZOLUM NATRICUM+PITOFENONUM+FENPIVERINII BROMIDUM,True,7522164.920000001,7322543.831524339,5217720.204422558,8606331.315886311,-0.026537717611708866,Damped ETS
METAMIZOLUM NATRICUM+TEMPIDONUM,True,1757419.5899999999,1639649.8493488804,1147895.3723992412,1939583.884086123,-0.06701287576469972,Damped ETS
METFORMINUM,True,7740349.95,7192507.243287124,5026631.909514717,8513531.774931109,-0.07077751138537047,Damped ETS
METFORMINUM+SAXAGLIPTINUM,True,8868.67,6677.8993218103915,0.0,17858.976300328686,-0.24702358732364704,Damped ETS
METFORMINUM+SITAGLIPTINUM,True,73131.26000000001,74071.75533844324,45306.785404403105,94084.68318754672,0.012860373777824119,Damped ETS
METFORMINUM+VILDAGLIPTINUM,True,124225.45000000003,167718.37838040036,118856.35502277454,201713.62156194012,0.35011286640861705,Damped ETS
METHADONUM,True,171483.46,104908.66153585883,37458.48262351447,151836.42009348003,-0.3882286866858248,Damped ETS
METHIONINUM,True,45096.27,43368.138383261765,25630.267455188656,55709.07709775526,-0.03832094354451554,Damped ETS
METHIONINUM+NICOTINAMIDUM+THIAMINUM+TOCOPHEROLI ACETAS*+ZINCI SULFAS*,True,16271.029999999999,12464.421309692534,0.0,32977.941256852646,-0.23395007509097243,Damped ETS
METHIONINUM+PHOSPHOLIPIDES*,True,0.0,83.4240016891655,77.15898714249624,84.68474055739695,,Damped ETS
METHOCARBAMOLUM,True,16896.53,1275.1376582088208,0.0,22577.249767447713,-0.9245325721784994,Damped ETS
METHOTREXATUM,True,174776.28,172874.24151861877,104128.88639437534,220703.1054186077,-0.010882703770678903,Damped ETS
METHYL SALICYLAT*,True,30247.04,31195.164322594275,19297.992084707097,39472.49783454179,0.03134602005995535,Damped ETS
METHYLDOPUM,True,60069.01999999999,60367.09956170058,36739.945397157884,76805.44567014113,0.00496228441383928,Damped ETS
METHYLERGOMETRINUM,True,412.56999999999994,301.97810028122984,0.0,822.1211351474828,-0.26805608677017256,Damped ETS
METHYLPHENIDATUM,True,378.19999999999993,311.85641555116564,0.0,788.6678555163035,-0.17541931371981567,Damped ETS
METHYLPREDNISOLONI ACEPONAS,True,44381.83,50623.12737313491,33166.26958663321,62768.55412499418,0.14062731016577956,Damped ETS
METHYLPREDNISOLONUM,True,721641.2700000001,516456.49878775486,314529.57860694395,639617.0570150635,-0.28433070521624304,Damped ETS
METHYLURACILUM*,True,400317.06999999995,384901.44486379746,227443.35535962324,494451.26854623505,-0.03850853808507959,Damped ETS
METHYLURACILUM*+MYRAMISTINUM*,True,83902.62,237427.42434985837,204425.71835317247,260388.01713071222,1.8297975003624245,Damped ETS
METOCLOPRAMIDUM,True,500531.33999999997,448125.36737229413,251249.6544945888,585099.5914405663,-0.10470068193473325,Damped ETS
METOPROLOLUM,True,976186.29,954019.9312365219,680867.1900380703,1120622.997619138,-0.02270709903483492,Damped ETS
METOXYPOLYETHYLENGLYCOLUM-EPOETINUM BETA*,True,2322.9300000000003,1873.1435105746107,0.0,4801.751649755514,-0.1936289468151815,Damped ETS
METRONIDAZOLUM,True,1662092.82,1467431.0402199,1002350.5381066562,1751095.913678151,-0.11711847704155298,Damped ETS
METRONIDAZOLUM+MICONAZOLUM,True,284514.74,252746.71376643807,140837.55287010942,330606.34538807883,-0.11165687315026951,Damped ETS
MEXILETINUM,True,3070.7100000000005,3293.976460358425,0.0,7165.3399104254495,0.0727084160856688,Damped ETS
MIANSERINUM,True,221485.69,222449.78816235546,135332.06020757754,283061.03885841754,0.00435286885737618,Damped ETS
MICAFUNGINUM,True,0.0,0.04952353069313089,0.0,1.31026239892459,,Damped ETS
MICONAZOLUM,True,115158.08,109684.89368406785,64389.370143768014,141198.7818118163,-0.04752759264423434,Damped ETS
MICONAZOLUM+NEOMYCINUM+ORNIDAZOLUM+PREDNISOLONUM,True,267945.18,200244.9513367103,94853.15244426718,273570.196312047,-0.25266447660409375,Damped ETS
MIDAZOLAMUM,True,22.69,29.623079811990976,0.0,58.22924473216278,0.30555662459193367,Damped ETS
MIDECAMYCINUM,True,13715.210000000001,9558.049166022589,4163.398461398512,13311.32113433412,-0.30310588273729766,Damped ETS
MIFEPRISTONUM,True,9633.83,374.63751520968754,0.0,3011.008674417508,-0.9611122974756989,Damped ETS
MINOXIDILUM,True,85662.27,97631.80733519598,63937.97215402136,121073.94177811986,0.13972939702853981,Damped ETS
MIRABEGRONUM,True,13909.15,13771.113566356067,0.0,31306.919595417665,-0.009924145878355772,Damped ETS
MIRTAZAPINUM,True,57192.24,65888.76086334656,43393.14046708363,81539.85415298234,0.1520577068383151,Damped ETS
MISOPROSTOL,True,45334.11,37511.05447378767,0.0,94665.52900746814,-0.1725644448785325,Damped ETS
MITOXANTRONUM,True,83.00000000000001,83.6104855309839,0.0,188.25181159419503,0.007355247361251482,Damped ETS
MOLSIDOMINUM,True,775035.3900000001,766513.9036413855,549646.4435336319,898787.0915070404,-0.010994964189460554,Damped ETS
MOMETASONUM,True,2503210.96,2732207.384115509,2031768.3976982676,3159423.6091442094,0.09148107281997087,Damped ETS
MOMETASONUM+OLOPATADINUM,True,46825.759999999995,6125.169324322023,0.0,18939.39618653437,-0.8691923137110423,Damped ETS
MONTELUKASTUM,True,437426.78,426326.6443926976,254272.06506445975,546031.8236471731,-0.025375985455902916,Damped ETS
MORPHINUM*,True,90313.66000000002,88849.22001027959,53325.83760810133,113564.24285233732,-0.01621504421059261,Damped ETS
MOSAPRIDUM,True,43000.340000000004,45703.14671003123,28789.675135037127,57470.51817206974,0.06285547300396299,Damped ETS
MOXIFLOXACINUM,True,278988.39,169337.2030685204,59601.74041826301,245684.50680439943,-0.39303136209890166,Damped ETS
MOXONIDINUM,True,688795.4000000001,761914.6810955545,490988.41821282625,950408.8030755993,0.10615529821417846,Damped ETS
MUPIROCINUM,True,174560.75,172068.44093066207,103407.86096234899,219838.32340001088,-0.014277602893765784,Damped ETS
MURAMIDASE+PYRIDOXINUM,True,599173.0599999999,529396.0452462931,361737.71458968834,631655.2862461387,-0.11645552747933441,Damped ETS
MYRAMISTINUM*,True,1877930.72,1905848.0746794082,1380372.6309003506,2226349.4171087453,0.014866019487347337,Damped ETS
MYRAMISTINUM*+TRIAMCINOLONUM,True,322384.32000000007,288251.6453854724,161447.11238541233,376474.5768082632,-0.10587572812017554,Damped ETS
MYRAMISTINUM*+XYLOMETAZOLINUM,True,261737.66999999998,286583.20128919586,183633.02364757287,358209.71374231717,0.09492531697556528,Damped ETS
MYRTUS COMMUNIS*,True,253461.21000000002,360308.01959993,260613.2504260441,429669.6155614444,0.4215509331780194,Damped ETS
NABUMETONUM,True,92909.0,78307.87525803325,41763.65885041584,103733.13271335885,-0.15715511674828864,Damped ETS
NADROPARINUM CALCICUM,True,8867.49,3858.631296860179,370.7509671571015,6285.287662040357,-0.5648564253401831,Damped ETS
NAFTIDROFURYLUM,True,0.0,1809.2227361078205,1802.9577215611514,1810.483474976052,,Damped ETS
NAFTIFINUM,True,989277.08,979982.1388020393,703166.3824500423,1148819.3748075159,-0.009395690434838122,Damped ETS
NALBUPHINE HYDROCHLORIDE,True,2283487.81,2913924.126659168,2274967.2378108837,3303640.797637332,0.2760848181007667,Damped ETS
NALOXONUM,True,2718.2600000000007,2203.7699458514926,0.0,5630.785981810339,-0.18927183350691545,Damped ETS
NALTREXONUM,True,0.0,0.05978412290786925,0.0,1.3205229911393284,,Damped ETS
NANDROLONUM,True,8.42,0.0,0.0,10.615421270508886,-1.0,Damped ETS
NAPHAZOLINUM,True,8770060.66,8272895.9756921735,5818890.900743106,9769658.441304706,-0.05668885354184383,Damped ETS
NAPROXENUM,True,1177620.58,1062321.927391051,732804.6079881014,1263303.2376932832,-0.09790815018615673,Damped ETS
NATAMYCINUM,True,312120.31,190713.0801024389,67945.72544516531,276127.18679593503,-0.38897574431334225,Damped ETS
NATRII ACETAS*+NATRII CHLORIDUM*,True,59.580000000000005,40.00566699286879,0.0,115.12048876209914,-0.3285386540303997,Damped ETS
NATRII AMIDOTRIZOAS,True,9498.04,8664.824095972637,0.0,20639.372295989764,-0.08772503632616446,Damped ETS
NATRII CHLORIDUM*,True,15445526.819999998,12699167.31691797,8377258.647070536,15335213.486043064,-0.17780937711531086,Damped ETS
NATRII FLUORIDUM*,True,11.649999999999999,14.5789234596215,0.0,29.266531274517995,0.25140973902330477,Damped ETS
NATRII HYDROCARBONAS*,True,190214.23,119186.42817591918,44368.811099766055,171240.00500288446,-0.3734095068706522,Damped ETS
NATRII HYDROCARBONAS*+THERMOPSIS LANCEOLATA*&,True,545027.03,542332.6039183992,389825.20979001955,635350.8888396206,-0.004943655879967701,Damped ETS
NATRII HYDROCARBONAS+GLYCYRRHIZA GLABRA/URALENSIS*&+THERMOPSIS LANCEOLATA*&+CODEINUM,True,16450.12,50534.9885565469,0.0,71274.2942276186,2.0720133686895235,Damped ETS
NATRII OXYBUTYRAS*,True,266.52,130.78613775030098,0.0,466.7982609113494,-0.509282088585093,Damped ETS
NATRII PENTOSANI POLYSULFAS,True,12809.92,14135.92064334574,0.0,30285.88468628127,0.10351357723902566,Damped ETS
NATRII PICOSULFAS,True,3058738.6,2931233.386253203,2075348.7648870144,3453260.0068307878,-0.04168555421728337,Damped ETS
NATRII TETRABORAS*,True,1337.5600000000002,10975.148532748524,10449.041459180056,11341.182042547847,7.205350438670806,Damped ETS
NATRII THIOSULFAS*,True,78228.06999999999,66970.43571028538,36200.71997520867,88378.1445434795,-0.14390786184185056,Damped ETS
NEBIVOLOLUM,True,1840643.29,1845882.0157138633,1330840.1990212356,2160019.613600622,0.0028461384899098885,Damped ETS
NEFOPAMUM,True,98728.95,114489.79748205707,75656.40013091953,141507.72870555497,0.15963754787280804,Damped ETS
NEOMYCINUM+NYSTATINUM+ORNIDAZOLUM+PREDNISOLONUM,True,77149.81,69460.12559295044,39114.52557092281,90572.76034178481,-0.09967211075503046,Damped ETS
NEOMYCINUM+NYSTATINUM+POLYMYXINUM B,True,175947.64,149612.03652235138,80405.94634196453,197761.4520327642,-0.1496786400638771,Damped ETS
NEOMYCINUM+NYSTATINUM+PREDNISOLONUM+TERNIDAZOLUM,True,325269.35,288029.5513042648,160090.23953506,377041.9932213709,-0.11448911093447678,Damped ETS
NEOSTIGMINI BROMIDUM,True,77767.85,66290.54450441676,35701.848684258,87572.31061961704,-0.147584194440032,Damped ETS
NEPAFENAC,True,29650.800000000007,35025.00503951586,23362.353930807527,43139.17292159799,0.18124991701795068,Damped ETS
NEUROPEPTIDES*,True,141850.51,119879.00667819349,64084.457872685976,158697.4821425644,-0.15489195859645843,Damped ETS
NICERGOLINUM,True,353786.17,326150.1196952211,186994.1890695323,422966.40720648033,-0.07811512333785942,Damped ETS
NICETHAMIDUM,True,19960.86,16200.34656130873,8349.072868532421,21662.788354135155,-0.18839435969648954,Damped ETS
NICOBOXILUM+NONIVAMIDUM,True,8823.21,3909.911614374727,439.44808931414127,6324.450419360286,-0.5568606420594402,Damped ETS
NICORANDILUM,True,47462.32000000001,63939.90261205307,45271.38510258049,76928.32898008038,0.34717187470087985,Damped ETS
NICOTINIC ACID,True,581728.88,578368.0397165082,349554.61925906176,737562.5907632121,-0.005777330985341056,Damped ETS
NICOTINUM*,True,112723.94,124463.54261681424,80125.44773171937,155311.3097424821,0.10414471510501011,Damped ETS
NIFEDIPINUM,True,1188234.6099999999,1150483.841064009,817996.5440867352,1353276.6190776725,-0.03177046739615752,Damped ETS
NIFURATELUM,True,64681.11,63480.15372588924,38038.910344463264,81180.63348830445,-0.018567341749558097,Damped ETS
NIFURATELUM+NYSTATINUM,True,37189.4,34213.56251946934,19585.727953717404,44390.72586865065,-0.08001843214815674,Damped ETS
NIFUROXAZIDUM,True,1674163.5300000003,1580559.5261027704,1112101.4437484522,1866284.4748970675,-0.055910908474532284,Damped ETS
NIMESULIDUM,True,6156312.829999999,6326691.359209332,4604055.277944867,7377372.572001862,0.027675417723912688,Damped ETS
NIMESULIDUM+TIZANIDINUM,True,54375.759999999995,51995.427636062195,30607.62300175695,66875.76966244279,-0.0437756155304827,Damped ETS
NIMODIPINUM,True,19762.62,20352.409206980137,12579.109934988104,25760.60110972117,0.029843674926712138,Damped ETS
NIMORAZOLUM,True,0.0,1.9378571847841775,0.0,3.1985960530156365,,Damped ETS
NINTEDANIB,True,94.39000000000001,31.978325339538163,0.0,150.97946711190562,-0.6612106649058358,Damped ETS
NITRENDIPINUM,True,15165.74,15301.957504771115,0.0,34421.995388263684,0.008981922726561065,Damped ETS
NITROFURALUM,True,1289173.3900000001,1259195.3110075626,898463.7078638629,1479215.0368253388,-0.02325372151254035,Damped ETS
NITROFURANTOINUM,True,579788.34,453897.386097179,225847.24490985318,612560.8935517404,-0.21713260722494165,Damped ETS
NITROGLICERINUM*,True,679045.13,646909.6318426424,456901.8018238876,762800.4223906045,-0.047324539618386674,Damped ETS
NITROXOLINUM,True,803346.3499999999,812167.6492389572,587378.3237975287,949272.5918593686,0.010980692498269606,Damped ETS
NONACOGUM ALFA,True,0.0,0.7033969428195159,0.0,1.964135811050975,,Damped ETS
NORELGESTROMINUM+ETHINYLESTRADIOLUM,True,561.75,1046.2086781590444,0.0,1754.4287373880666,0.8624097519520151,Damped ETS
NOREPINEPHRINUM,True,3211.4299999999994,2765.658956981685,0.0,6814.433580586239,-0.13880764737774587,Damped ETS
NORETHISTERONUM,True,126024.26999999999,119236.93889574124,69667.37948285331,153724.44290901732,-0.0538573332284229,Damped ETS
NORFLOXACINUM,True,408253.12,382541.24927392916,221961.64593770774,494262.8336515453,-0.06298021856163849,Damped ETS
NYSTATINUM,True,405996.52999999997,364759.5459539555,205067.53492099064,475863.59724305366,-0.10156979431830238,Damped ETS
OBINUTUZUMABUM,True,0.13,10.713517915268087,4.448503368598838,11.974256783499545,81.41167627129298,Damped ETS
OCRELIZUMABUM,True,39.21,32.10839443903854,0.0,81.54196546239405,-0.18111720379906804,Damped ETS
OCTENIDINI DIHYDROCHLORIDUM+PHENOXYETHANOL,True,26436.63,30772.82304490836,20374.412473186454,38007.40875782298,0.16402215580837498,Damped ETS
OCTOCOGUM ALFA,True,0.0,0.5982404988577501,0.0,1.8589793670892092,,Damped ETS
OCTREOTIDUM,True,44721.28,43645.04751613129,26054.6726940403,55883.36735308685,-0.02406533274245959,Damped ETS
OFLOXACINUM,True,684479.5700000001,427002.0301015935,235473.55571599503,543820.3017844037,-0.37616541264833736,Damped ETS
OFLOXACINUM+ORNIDAZOLUM,True,214064.07,195843.42209129012,111644.86544795781,254423.68979070397,-0.08511773091444019,Damped ETS
OLANZAPINUM,True,98756.18,114645.48796464784,75801.38014398873,141670.87088561864,0.16089431531928278,Damped ETS
OLAPARIBUM,True,227.48,68.11916984477052,0.0,354.9120475900628,-0.7005487522209841,Damped ETS
OLEUM JECORIS*,True,79381.57999999999,54327.11063618709,23103.680846838448,76050.48629097323,-0.3156206939168117,Damped ETS
OLEUM VASELINI (PARAFFINUM LIQUIDUM)*,True,345719.13,345204.82130324456,209221.9272566698,439813.50170537113,-0.0014876489384763047,Damped ETS
OLMESARTANUM MEDOXOMILUM,True,44766.310000000005,55292.1899191569,37684.10329234478,67542.83255953531,0.2351294962474435,Damped ETS
OLODATEROL+TIOTROPIUM BROMIDE,True,11577.569999999998,7368.67274501472,0.0,21964.965243685212,-0.3635389166280384,Damped ETS
OLOPATADINUM,True,84856.34000000001,77986.3304515419,44609.49448819754,101207.91599456404,-0.08096047447318744,Damped ETS
OMALIZUMABUM,True,97.27000000000001,197.93393143006685,0.0,320.5660011429409,1.0348918621370085,Damped ETS
OMEPRAZOLUM,True,6412586.57,6421031.520913861,4626685.89476511,7515450.2778152535,0.0013169336307081725,Damped ETS
ONDANSETRON,True,452247.1699999999,472816.29674520355,294932.36246313684,596577.1889159556,0.045482046344709204,Damped ETS
ONONIS ARVENSIS*&,True,594.4200000000001,490.23658826943677,0.0,1239.6449863235807,-0.17526902145042778,Damped ETS
OPIPRAMOLUM,True,61792.259999999995,162205.57895057712,0.0,240109.48288844118,1.6250145074897269,Damped ETS
ORIGANUM VULGARE*&,True,38499.04,36786.63485620355,21643.675086477055,47322.19119394132,-0.04447916477388658,Damped ETS
ORLISTATUM,True,9884.880000000001,1456.8194206016547,0.0,13919.07184440544,-0.8526214359100308,Damped ETS
ORNIDAZOLUM,True,289764.14999999997,239303.4226633269,125329.4932832958,318599.5954245619,-0.17414413527923678,Damped ETS
ORNITHINUM,True,54718.28,50942.16931141719,29419.640107867443,65916.24455184162,-0.06901003994611699,Damped ETS
ORTHOSIPHON STAMINEUS*&,True,65978.84,50150.98241815713,24199.29843400529,68206.59590666453,-0.23989293509620457,Damped ETS
OSELTAMIVIRUM,True,320095.09,208926.14687995127,83022.04458656989,296522.61302893166,-0.347299744960314,Damped ETS
OSIMERTINIBUM,True,63.029999999999994,41.922596481443655,0.0,121.38696734607251,-0.334878685047697,Damped ETS
OTILONII BROMIDUM,True,89239.84,86872.02531447909,51771.01222488441,111293.18911208818,-0.026533157001636276,Damped ETS
OXALIPLATINUM,True,4474.409999999999,399.21113652435014,0.0,6040.273735927872,-0.9107790442707865,Damped ETS
OXCARBAZEPINE,True,57695.64,59358.49596379469,36664.87151475329,75147.34850821753,0.0288211719948801,Damped ETS
OXELADINUM,True,733.2500000000001,337.14557834685144,0.0,1261.5823534775689,-0.5402037799565613,Damped ETS
OXOLINUM*,True,258314.30999999994,293068.25084767846,191464.59516497422,363757.93469041475,0.1345412913735926,Damped ETS
OXYBUPROCAINUM,True,32345.62,31251.586699322175,0.0,72030.96705036702,-0.03382322863738041,Damped ETS
OXYBUTYNINUM,True,337637.24,351271.994574629,218467.97810872522,443669.00405170396,0.040382851650573315,Damped ETS
OXYCODONUM,True,119.39,102.38446630519344,0.0,252.90407978334736,-0.14243683469977853,Damped ETS
OXYMETAZOLINUM,True,11129040.430000002,11700537.758678801,8586451.921268716,13599900.903324183,0.05135189617410707,Damped ETS
OXYTOCINUM,True,74997.43,54739.11087199798,25240.11387563447,75262.7303947327,-0.2701201778247869,Damped ETS
PACLITAXELUM,True,8949.57,1296.8588862816093,0.0,12579.929639239828,-0.8550926037472628,Damped ETS
PAEONIA OFFICINALIS*&,True,367953.19000000006,343010.0784834154,198281.78517239963,443703.2792202475,-0.06778881714977014,Damped ETS
PALBOCICLIBUM,True,797.17,643.2340487623665,0.0,1648.2572523504386,-0.19310304105477316,Damped ETS
PALIPERIDONUM,True,8.35,10.619647753031005,0.0,21.146817302763687,0.2718141021594018,Damped ETS
PALONOSETRONUM,True,4093.69,19981.063403135693,0.0,25142.137500626137,3.880941987091278,Damped ETS
PANAX SHIN-SENG NEES/QUINQUEAFOLIUM/REPENS*&,True,104760.74,97138.17964042611,55932.277590224934,125806.75626605362,-0.07276161240913237,Damped ETS
PANCREATINUM*,True,11211805.08,10979450.401135052,7842205.673610017,12892938.764111541,-0.020724109740315688,Damped ETS
PANITUMUMABUM,True,65.86,69.76451020015075,0.0,152.79677206187466,0.05928500152066141,Damped ETS
PANTOPRAZOLUM,True,4421853.76,4297828.224556726,3060521.8947140076,5052494.012284088,-0.028048312353792904,Damped ETS
PAPAVERINUM*,True,383104.64,335153.9288230655,184466.06359017783,439993.4395736906,-0.12516348321162207,Damped ETS
PARACETAMOLUM,True,12015424.03,12201916.286665916,8839805.955802485,14252556.116165437,0.01552107159932814,Damped ETS
PARACETAMOLUM+PHENIRAMINUM+PHENYLEPHRINUM,True,478241.13999999996,494196.4456342713,306088.21376022627,625070.7862280611,0.03336246989180269,Damped ETS
PARACETAMOLUM+PHENYLEPHRINUM,True,219451.91999999998,284872.55491782044,198554.77670960443,344927.24892018316,0.2981091936576379,Damped ETS
PARECOXIBUM,True,5842.85,3249.3087047033014,0.0,10615.616800949483,-0.4438829159223151,Damped ETS
PARICALCITOL,True,1.05,0.6507087306606398,0.0,1.9744845423036719,-0.3802773993708193,Damped ETS
PAROXETINUM,True,228955.40000000002,248518.63003732837,158462.81536606286,311174.02392583276,0.08544559349693581,Damped ETS
PASSIFLORA INCARNATA*,True,172704.59,161894.705558765,93964.21538505916,209156.63566743533,-0.06259176111784281,Damped ETS
PAZOPANIBUM,True,287.3,188.85073353597485,0.0,551.0610103788731,-0.34267061073451155,Damped ETS
PEFLOXACINUM,True,0.0,219.62070472080646,213.3556901741372,220.88144358903793,,Damped ETS
PEGINTERFERONUM ALFA-2A,True,0.0,1.9650462688725092,0.0,3.2257851371039683,,Damped ETS
PEGVISOMANTUM,True,2.06,2.7978132819458654,0.0,5.394935350502671,0.3581617873523619,Damped ETS
PELARGONIUM SIDOIDES*&,True,388506.65,282678.47115364124,129865.81475438527,388996.2831993642,-0.2723973420953252,Damped ETS
PEMBROLIZUMABUM,True,4019.4,8366.04315696868,0.0,13433.456963938206,1.0814159220203714,Damped ETS
PEMETREXEDUM,True,137.29000000000002,11.424760236407044,0.0,184.5115994559041,-0.9167837407210501,Damped ETS
PENCICLOVIRUM,True,154639.04999999996,119405.52038768838,58580.811174712595,161723.67749730064,-0.22784367604632594,Damped ETS
PENICILLAMINUM,True,2116.0800000000004,1882.9494337573003,0.0,4550.773738044527,-0.11017096056987452,Damped ETS
PENTANEDIOIC ACID IMIDAZOLYL ETHANAMIDE,True,0.0,80.4744784519748,74.20946390530555,81.73521732020626,,Damped ETS
PENTOXIFYLLINUM,True,845465.1900000001,736738.3286767902,500163.46934705134,881031.5794801395,-0.12860004481463017,Damped ETS
PERINDOPRILUM,True,579718.15,577504.9436816978,349482.4105683976,736149.2431066735,-0.0038177281810172214,Damped ETS
PERMETHRINUM,True,100574.96,118812.17744798094,79252.68263663366,146335.2834071353,0.18132960180129265,Damped ETS
PERTUZUMABUM,True,86.44,0.05395186797285234,0.0,109.03221963790017,-0.9993758460438125,Damped ETS
PHENAZEPAMUM*,True,28730.059999999998,21037.63149259349,9737.138213752554,28899.831841396637,-0.26774843169163265,Damped ETS
PHENIBUTUM*,True,3061268.7600000002,2685149.4271587087,1828556.8260280527,3207607.8632808845,-0.12286387191998505,Damped ETS
PHENINDIONUM,True,14557.090000000002,15377.718325645292,9651.928066088485,19361.377185931655,0.0563731024294889,Damped ETS
PHENOBARBITALUM,True,6616.99,6285.909844722448,0.0,14628.20632842133,-0.050034858036290264,Damped ETS
PHENOLUM PURUM*,True,703491.41,746368.0781800789,549519.7829114946,866431.0490294546,0.06094838909273803,Damped ETS
PHENYLACETYLPROLILGLYCINI AETHYLICUM AETHER*,True,0.0,0.5570809552872666,0.0,1.8178198235187257,,Damped ETS
PHENYLBUTAZONUM,True,6748.58,6837.36559447129,0.0,15345.56270584075,0.013156189075522517,Damped ETS
PHENYLEPHRINUM,True,680382.5199999999,663874.6399045463,473492.58649391064,779993.6791763759,-0.024262645806146788,Damped ETS
PHENYLEPHRINUM+TROPICAMIDUM,True,13504.96,13920.350753291194,0.0,30946.57873920232,0.03075838457064628,Damped ETS
PHENYTOINUM,True,16484.65,15171.81577079634,8687.851709146442,19682.96614708855,-0.07963980000810822,Damped ETS
PHLOROGLUCINOLUM,True,8271.71,7936.074453164804,0.0,18364.540756903647,-0.040576319386825044,Damped ETS
PHLOROGLUCINOLUM+SIMETICONUM,True,0.0,0.0,0.0,0.27365763763817924,,Damped ETS
PHOSPHOLIPIDES*,True,711648.73,587616.8993471754,388486.05376861605,709072.0578756714,-0.1742879955014106,Damped ETS
PHTHALYLSULFATHIAZOLUM,True,719213.34,663297.8410835802,462050.2950567927,786044.031083117,-0.07774535844457475,Damped ETS
PHYTOMENADIONUM,True,12848.6,13550.512711685345,8496.728697920124,17066.630234643257,0.054629509182739344,Damped ETS
PIDOTIMODUM,True,0.0,5.984335992706787,0.0,7.245074860938246,,Damped ETS
PILOCARPINUM*,True,53773.200000000004,48985.51472021079,27834.717082413674,63700.96160045613,-0.08903478460997694,Damped ETS
PILOCARPINUM*+TIMOLOLUM,True,36384.530000000006,34613.622429439376,20302.370148073223,44570.52695581484,-0.04867199248033793,Damped ETS
PIMECROLIMUSUM,True,92292.59,98366.84972619187,62065.08798320135,123623.42187710092,0.06581524829015928,Damped ETS
PINAVERII BROMIDUM,True,222.42000000000002,430.67918465456444,0.0,711.0927237266055,0.9363329945803633,Damped ETS
PINUS SILVESTRIS*&,True,107789.58,103408.37993346213,61011.13383237193,132905.82175827367,-0.0406458589646409,Damped ETS
PIOGLITAZONUM,True,42813.229999999996,45559.3667856993,28719.491830322557,57275.53416715932,0.06414224728429274,Damped ETS
PIPECURONII BROMIDUM,True,2.19,4.003378583247713,0.0,6.764396704674608,0.8280267503414214,Damped ETS
PIPERACILLINUM+TASOBACTAMUM,True,5069.419999999999,859.5136401281193,0.0,2246.7991415238575,-0.8304512863151762,Damped ETS
PIPERAZINUM*,True,0.0,780.6092558445523,780.215922406375,780.8829134821905,,Damped ETS
PIRACETAMUM,True,789628.56,697844.3845851999,476893.51905666845,832608.1491933768,-0.11623715258576783,Damped ETS
PIRENZEPINUM,True,0.0,56.305262764284805,50.040248217615556,57.56600163251626,,Damped ETS
PIRIBEDILUM,True,14332.930000000002,13939.83304529322,8302.212409238244,17862.14880952661,-0.02742614069187399,Damped ETS
PIROXICAMUM,True,206067.02999999997,176703.34870345725,95650.29529856658,233095.16532837306,-0.1424957757509424,Damped ETS
PITAVASTATINUM,True,10389.15,12382.905558290739,0.0,25480.9107711776,0.19190747638553085,Damped ETS
PIX BETULA+XEROFORMIUM*,True,683544.0499999999,661037.8986050725,469771.1978738101,777696.5076269143,-0.03292567815479841,Damped ETS
PLANTAGO (SEMENI PSYLLIUM),True,340460.08,311911.8362174525,177997.5023889242,405081.337420358,-0.08385195639543863,Damped ETS
PLANTAGO (SEMENI PSYLLIUM)+SAMBUCUS NIGRA*&+TILIA CORDATA/PLATYPHYLLUS SCOP.*&+VIOLA TRICOLOR/ARVENSIS MURR.*&,True,0.0,4.013800579334292,0.0,5.274539447565751,,Damped ETS
PLANTAGO MAJOR/PSYLLUM/LANCEOLATA*&+THYMUS SERPYLLUM*&,True,68939.24,44434.1278762632,17318.01958173119,63299.87743523467,-0.35545956299687675,Damped ETS
PLATYPHYLLINI HYDROTARTRAS*,True,134492.6,108592.41593673798,55691.97916932982,145397.34313255455,-0.19257701957774653,Damped ETS
POLATUZUMABUM VEDOTINUM,True,0.0,0.0024491780862250997,0.0,1.263188046317684,,Damped ETS
POLIDOCANOLUM,True,4001.9800000000005,4524.539395733331,0.0,9569.991131618266,0.13057521420230245,Damped ETS
POLYGONUM AVICULARE*&,True,43903.600000000006,37817.15517640855,20548.401240046394,49831.710636220116,-0.13863202160167853,Damped ETS
POLYGONUM HYDROPIPER*&,True,175409.68999999994,166070.33415816704,97075.83770084773,214072.53554241237,-0.05324310100447083,Damped ETS
POLYMYXINUM B,True,2052.42,1116.8633121984976,0.0,3704.4289801341088,-0.4558310130487436,Damped ETS
PORACTANT ALFA*,True,1.46,0.5429125788320619,0.0,2.3835913264499924,-0.6281420692931083,Damped ETS
POSACONAZOLUM,True,0.05,0.0292201303664252,0.0,1.2899589985978843,-0.4155973926714961,Damped ETS
POTENTILLA ALBA/ERECTA*,True,60002.54,44268.00910403038,20667.003746457707,60688.16245272074,-0.2622310804837532,Damped ETS
POVIDONUM,True,1214701.78,1240451.1203011991,900557.8803073877,1447760.9784312719,0.02119807571303567,Damped ETS
PRAMIPEXOLUM,True,207105.86000000004,184342.19139641462,102880.53141594217,241018.2917850381,-0.10991320382525838,Damped ETS
PRAMIRACETAMUM,True,53147.11,45518.80764858073,24614.27214309206,60062.920218477186,-0.14353183741165354,Damped ETS
PRASUGREL,True,12858.350000000002,9377.870559223084,0.0,25588.89218554707,-0.2706785427972421,Damped ETS
PREDNICARBATUM,True,17749.95,17760.71675034495,0.0,40138.76862450993,0.000606579192896195,Damped ETS
PREDNISOLONUM,True,512385.48,453440.5804420336,251902.23792149287,593658.7804589381,-0.11504014430300868,Damped ETS
PREDNISOLONUM+UREA PURA*,True,23204.830000000005,1667.8341132406572,0.0,8018.013072836209,-0.928125562081659,Damped ETS
PREDNISONUM,True,121118.21,127113.81348213818,79473.97151695451,160258.73670570308,0.049502081331437964,Damped ETS
PREGABALINUM,True,2647149.24,3396775.1525006313,2656059.90309122,3848556.9333699485,0.2831823386355923,Damped ETS
PRENOXDIAZINUM,True,41209.06,5153.5483662228735,0.0,16430.72237511286,-0.8749413753620472,Damped ETS
PRIDINOLUM,True,2004.74,23172.214369627236,10612.489107337527,25699.66800832557,10.558713034920855,Damped ETS
PRIFINII BROMIDUM,True,0.85,0.0,0.0,0.27365763763817924,-1.0,Damped ETS
PRIMULA*&+THYMUS SERPYLLUM*&,True,56352.270000000004,42194.71120140971,20029.479093212587,57615.94028515855,-0.2512331588166776,Damped ETS
PROCAINAMIDUM,True,0.0,2.039294367437833,0.0,3.300033235669292,,Damped ETS
PROCAINUM,True,542530.76,453209.37377944286,301400.4764444073,545801.6270704527,-0.16463838146348997,Damped ETS
PROCHLORPERAZINUM,True,44958.009999999995,42434.30162070837,24750.81297379766,54737.404430222006,-0.056134788423500614,Damped ETS
PROGESTERONUM,True,619686.72,571611.007507424,327867.49933699257,741193.0113783758,-0.07758067252526568,Damped ETS
PROMESTRIENUM,True,5841.889999999999,10854.510155201435,0.0,18219.607942134113,0.8580476789534612,Damped ETS
PROMESTRIENUM+CHLORQUINALDOLUM,True,1.0,203.55914497569324,197.294130429024,204.8198838439247,202.55914497569324,Damped ETS
PROPAFENONUM,True,124594.79000000001,132070.72767008678,83063.43054040456,166167.0435635118,0.06000200867216665,Damped ETS
PROPOFOLUM,True,7868.87,2959.9129343314144,0.0,12880.503192391896,-0.6238452364403766,Damped ETS
PROPOLIS*,True,985952.1100000001,984671.5943985126,708786.2185273792,1152941.366792479,-0.0012987604453602586,Damped ETS
PROPRANOLOLUM,True,1019256.23,859649.0358681297,574444.6275905874,1033602.732090994,-0.15659182591591347,Damped ETS
PROSTATILENUM*,True,192881.21000000002,165058.37816586706,89191.74867676376,217841.79443926062,-0.14424853428767348,Damped ETS
PROSTATILENUM*+TOCOPHEROLI ACETAS*+ZINCI SULFAS*,True,33210.590000000004,25668.312598976496,12605.477050378893,34756.644202946634,-0.2271045892597363,Damped ETS
PROTAMINE SULPHATE,True,1386.01,1654.9011871350147,0.0,3402.2978658924994,0.19400378578438437,Damped ETS
PROXYMETACAINUM,True,0.0,13.469580693597209,7.20456614692796,14.730319561828669,,Damped ETS
PYRANTELUM,True,271638.68,239607.97534295142,132763.39939660032,313943.97480290476,-0.11791658189860355,Damped ETS
PYRAZINAMIDUM,True,852.19,308.4435135201575,0.0,1382.8325696383247,-0.6380578116145958,Damped ETS
PYRIDOSTIGMINI BROMIDUM,True,27738.469999999998,27632.7650591134,16722.297284234723,35223.60923101091,-0.003810770416919018,Damped ETS
PYRIDOXINUM,True,264968.80000000005,232606.5345522744,128385.44543855348,305117.2704080976,-0.12213613620820885,Damped ETS
PYRITHIONUM ZINCUM,True,34341.25,33398.3500950264,19890.78816121922,42796.09544356852,-0.027456772976336086,Damped ETS
PYRITINOLUM,True,0.0,22.55776432180962,16.292749775140372,23.81850319004108,,Damped ETS
QUERCETIN*,True,311428.89,103963.50582346434,0.0,189188.40015314473,-0.6661725704912466,Damped ETS
QUERCUS ROBUR/PETRAE*&,True,218055.89,131011.58975330046,45242.916824783126,190684.24948379112,-0.3991834398359959,Damped ETS
QUETIAPINUM,True,612972.54,711299.2164528299,470196.6197863399,879043.8336863043,0.16040959429084678,Damped ETS
QUIFENADINUM,True,65463.95,59552.90554425607,33803.745014087355,77467.61545171996,-0.0902946500439391,Damped ETS
QUINAGOLIDUM,True,0.0,0.8833224834359036,0.0,2.1440613516673626,,Damped ETS
QUINAPRILUM,True,20.57,22.654188508282985,0.0,48.5875870278041,0.10132175538565802,Damped ETS
RABEPRAZOLUM,True,468098.18,443575.29258067475,259456.6260367248,571673.9347022059,-0.052388341734901034,Damped ETS
RACECADOTRILUM,True,22634.6,16336.038546586387,7433.09350681783,22530.16971147152,-0.278271383342918,Damped ETS
RAMIPRILUM,True,1424697.7399999998,1477290.6685627615,1078637.1563727483,1720439.9676093431,0.036915148445986645,Damped ETS
RANITIDINUM,True,6276118.119999999,5536768.352655713,3780608.8100306354,6607896.409342004,-0.11780367309981188,Damped ETS
RANOLAZINE,True,27230.54,29615.565795257648,18904.88387363238,37067.411043269596,0.08758643035568325,Damped ETS
RASAGILINUM,True,17064.71,15866.693037874418,0.0,37380.836209972476,-0.07020435519417445,Damped ETS
RAUVOLFIA*,True,388966.31,311615.225996311,158621.76994886243,418058.8275117507,-0.19886319718458134,Damped ETS
REBAMIPIDUM,True,304009.47000000003,353887.5471867407,234310.45711317327,437082.0605665756,0.16406751140594622,Damped ETS
REGORAFENIBUM,True,8.96,28.624979646242938,0.0,39.921199905596815,2.194752192661042,Damped ETS
REMDESIVIRUM,True,8.83,97.71362144020591,42.39354299311645,108.8459456466897,10.066095293341553,Damped ETS
REMIFENTANILUM,True,37.16,95.53732187441271,0.0,142.38637821789374,1.5709720633587922,Damped ETS
REPAGLINIDUM,True,8686.6,8802.802857016064,0.0,19754.33710979546,0.013377254278551298,Damped ETS
RETINOLUM,True,389299.45,349147.34989089053,196022.85874184757,455682.117711733,-0.10313937024341924,Damped ETS
RETINOLUM+TOCOPHEROLI ACETAS*,True,750407.2299999999,593419.1373473594,383443.03546045744,721489.1039453179,-0.20920386475039754,Damped ETS
RHODIOLA ROSEA*&,True,31002.019999999997,24516.245189061636,12322.114072019338,33000.18474427322,-0.20920491022644205,Damped ETS
RIBAVIRINUM,True,2208.04,2032.9905866464644,0.0,4816.752437256256,-0.07927818941393072,Damped ETS
RIBOCIKLIBUM,True,3.14,2.2151628670891386,0.0,6.17388291333592,-0.2945341187614209,Damped ETS
RIBOFLAVINUM,True,0.0,0.24425489447356732,0.0,1.5049937627050265,,Damped ETS
RICINUS COMMUNIS*&,True,697608.69,768921.2529411253,573719.0380469161,887980.2359239326,0.10222430420286965,Damped ETS
RIFAMPICINUM,True,82225.02,82093.66183154963,49751.812010750036,104595.16655950167,-0.0015975449863115943,Damped ETS
RIFAMYCINUM,True,41036.61,44213.13509473163,28072.064192289494,55443.11684401092,0.07740710294372821,Damped ETS
RIFAXIMINUM,True,127530.41999999998,106191.32583072993,56029.34725993121,141090.99929493474,-0.16732552256371502,Damped ETS
RILUZOLUM,True,1964.0100000000002,1690.7571047169781,0.0,4166.8608493122465,-0.13913009367723284,Damped ETS
RIMANTADINUM,True,743243.3500000001,732826.4383425601,524854.9061568128,859673.764971669,-0.014015479125968677,Damped ETS
RISDIPLAMUM,True,0.01,0.0027140822437213023,0.0,1.2634529504751804,-0.7285917756278697,Damped ETS
RISPERIDONUM,True,236093.09999999998,266886.6879801047,174023.3772271609,331495.3679887791,0.13042985152935316,Damped ETS
RITUXIMABUM,True,641.59,542.3177286204344,0.0,1351.1951790890562,-0.15472852036279494,Damped ETS
RIVAROXABANUM,True,982008.67,963198.6861432722,688416.7486801415,1130795.442328318,-0.01915460059708829,Damped ETS
RIVASTIGMINUM,True,16770.21,18336.924595347344,0.0,39479.78017075124,0.09342247922639868,Damped ETS
RIZATRIPTANUM,True,103524.69000000002,103451.98454455807,62732.262290615974,131782.3066471829,-0.0007023006341959626,Damped ETS
ROCURONII BROMIDUM,True,138.55,71.20133156331384,0.0,245.8767017567825,-0.48609648817528806,Damped ETS
ROFECOXIBUM,True,0.0,0.0,0.0,1.260738868231459,,Damped ETS
ROPINIROLUM,True,0.0,4.825206751354804,0.0,6.085945619586263,,Damped ETS
ROPIVACAINUM,True,4184.71,5746.924301695853,0.0,11022.750850972723,0.37331482986774533,Damped ETS
ROSA L.*&,True,258194.96000000002,103621.67947711641,2064.9681402586284,174278.70228080061,-0.5986688528811082,Damped ETS
ROSUVASTATINUM,True,3494538.6999999997,3641277.9678613096,2663449.417196996,4237681.409475636,0.04199102670155286,Damped ETS
ROSUVASTATINUM+VALSARTANUM,True,77830.59,81334.30594940478,50720.93238933478,102633.24134479047,0.04501720916422158,Damped ETS
RUPATADINUM,True,51063.11,60772.71520289701,40687.88658256989,74746.5252559555,0.19014911553364078,Damped ETS
RUTOSIDUM,True,0.0,2.223813218341434,0.0,3.484552086572893,,Damped ETS
RUXOLITINIB,True,0.0,0.02745191677541968,0.0,1.2881907850068788,,Damped ETS
SABALIS SERRULATAE*&,True,151111.76,131871.94594628306,72434.63783645577,173224.83320723055,-0.12732175215030883,Damped ETS
SACUBITRILUM+VALSARTANUM,True,222093.91999999998,254169.80289363384,166812.83774175332,314947.5003746366,0.1444248581574581,Damped ETS
SALBUTAMOLUM,True,1917613.5599999998,1836511.669926564,1299932.3245299784,2163785.5750260553,-0.04229313547065028,Damped ETS
SALMETEROLUM,True,0.0,0.3335719827512151,0.0,1.5943108509826742,,Damped ETS
SALVIA OFFICINALIS*&,True,168382.15000000002,151845.2283386128,85614.89835142215,197924.28972805035,-0.09821065749182578,Damped ETS
SAMBUCUS NIGRA*&,True,26205.7,20644.65442396026,10337.076343116643,27816.044378615094,-0.21220748066412043,Damped ETS
SAMBUCUS+HYPERICUM+TILIA+ARCTOSTAPHYLOS+EQUISETUM*&,True,0.0,0.24425489447356732,0.0,1.5049937627050265,,Damped ETS
SANGUIRITRINUM*,True,265.75,0.0,0.0,72.72451720234614,-1.0,Damped ETS
SAXAGLIPTINUM,True,9006.680000000002,8262.216443924612,0.0,19617.287993647533,-0.0826568231662933,Damped ETS
SCOPOLAMINUM*,True,70406.95999999999,2932.884955451791,0.0,22200.28730233757,-0.9583438206187032,Damped ETS
SCUTELLARIA BAICALENSIS*&,True,0.0,105.85505797998425,99.590043433315,107.11579684821571,,Damped ETS
SECNIDAZOLUM,True,136289.6,109941.55543677535,56334.29848096253,147238.24540742775,-0.19332395548321113,Damped ETS
SECUKINUMAB,True,2457.2899999999995,2382.015168887383,0.0,5480.016182403864,-0.03063327125110038,Damped ETS
SELEGILINUM,True,448.56,726.3825232356692,0.0,1291.8995499695725,0.6193653541012778,Damped ETS
SELENIUM*,True,76678.84000000001,57065.19366652768,26904.84189387842,78048.94387776361,-0.25578955463426845,Damped ETS
SEQUIFENADINUM,True,8275.210000000001,7201.32049232849,0.0,17634.199382106144,-0.12977187378586286,Damped ETS
SERENOA REPENS*&,True,5654.7699999999995,6492.728474740828,0.0,13621.916804650034,0.1481861286561308,Damped ETS
SERENOA REPENS*&+URTICA DIOICA*&,True,0.0,13.496377237220285,7.231362690551037,14.757116105451743,,Damped ETS
SERRAPEPTASUM,True,983537.2,675305.3311669774,400095.6862429029,843162.9574212576,-0.3133911649025808,Damped ETS
SERTACONAZOLUM,True,194923.21,199786.52131631516,123116.70494645377,253128.74648576588,0.024949883168429166,Damped ETS
SERTINDOLE,True,1947.3199999999997,2124.5888236222795,0.0,4579.650836506764,0.09103219995803458,Damped ETS
SERTRALINUM,True,314543.95999999996,389324.9360868194,265604.27884210733,475402.2931137773,0.23774411718736999,Damped ETS
SEVELAMERUM,True,344.89000000000004,330.32534376415424,0.0,765.1415720285022,-0.042229859479387066,Damped ETS
SEVOFLURAN,True,289.37,236.26739884444825,0.0,601.0874051445855,-0.1835110797786631,Damped ETS
SILDENAFILUM,True,2585992.1100000003,2406585.856984769,1682983.3634852264,2847930.1163548236,-0.06937617957977116,Damped ETS
SILIBININUM,True,0.0,0.08735766559171347,0.0,1.3480965338231725,,Damped ETS
SILICII DIOXIDUM*,True,1276282.6,876076.1363088316,518951.58507805486,1093895.825961283,-0.31357198138654274,Damped ETS
SILIMARINUM*,True,1731756.0100000002,1535602.9027443444,1051029.5113085837,1831157.0038908832,-0.11326832771070083,Damped ETS
SILODOSIN,True,101733.13,121775.39666330283,81760.35486386172,149615.44468864062,0.19700825742118444,Damped ETS
SILVER PROTEINATE,True,310476.42,234712.14509864713,112591.38734705889,319676.38873820624,-0.24402585839321667,Damped ETS
SILYBUM MARIANUM*&,True,114536.95999999999,111598.26922325406,66547.05294807492,142942.18311911268,-0.025657139640740678,Damped ETS
SIMETICONUM,True,1648087.92,1508230.6132881488,1047068.9091178778,1789505.3084492001,-0.0848603433194578,Damped ETS
SIMOCTOCOG ALFA,True,0.0,0.6467354468796881,0.0,1.907474315111147,,Damped ETS
SIMVASTATINUM,True,2025080.18,1951524.51781961,1384874.2708532715,2297139.459470409,-0.03632234560726877,Damped ETS
SITAGLIPTINUM,True,5293.25,5734.970042641074,0.0,12408.376056907244,0.08344968453050083,Damped ETS
SODIUM CITRAS*,True,177162.0,165772.56868155068,96088.83010717882,214254.30308080578,-0.06428822952128177,Damped ETS
SODIUM CITRAS*+SODIUM LAURYL SULFOACTATE*+SORBITOL*,True,365035.86000000004,322356.8375093248,178776.02763750684,422251.68861014594,-0.11691734201312509,Damped ETS
SODIUM DIHYDROPHOSPHAS+SODIUM HYDROPHOSPHAS,True,15583.37,1869.2967867973966,0.0,6133.80500743907,-0.880045408227014,Damped ETS
SODIUM MEPHENAMINUM*+VINILINUM*,True,22329.82,20470.064071252044,11686.999196771172,26580.789861337813,-0.08328575549413098,Damped ETS
SOFOSBUVIRUM,True,35.699999999999996,33.64995992269557,0.0,78.65833751855865,-0.057424091801244415,Damped ETS
SOFOSBUVIRUM+LEDIPASVIRUM,True,55.379999999999995,14.069510534272709,0.0,83.8892290569309,-0.7459459997422768,Damped ETS
SOFOSBUVIRUM+VELPATASVIRUM,True,570.11,918.7516571467463,0.0,1637.5114933141836,0.6115340147458319,Damped ETS
SOLIDAGO VIRGAUREA&,True,25835.079999999998,3156.558204279452,0.0,10226.525165272822,-0.8778189111750592,Damped ETS
SOLIFENACINUM,True,182654.37000000002,201175.9212803482,129331.84993013433,251160.68467883812,0.10140217986762745,Damped ETS
SOLIFENACINUM+TAMSULOSINUM,True,9021.42,14485.639546249107,0.0,25859.294386889756,0.6056939535293897,Damped ETS
SOLIZYMUM*,True,46739.63999999999,45254.2573728487,26869.994072478115,58044.91683930764,-0.03177993298945592,Damped ETS
SOMATROPINUM,True,7183.7,2553.335679239326,0.0,11610.105486953658,-0.6445653800632924,Damped ETS
SOPHORA JAPONICA*&,True,79229.43,83431.65898892387,52268.074882193905,105113.39763414336,0.05303873811693305,Damped ETS
SORAFENIBUM,True,22.85,23.274957475940106,0.0,52.08284061502894,0.01859770135405281,Damped ETS
SOTALOLUM,True,163485.97,165586.1896297425,101281.69095588694,210325.37396692875,0.012846482360183487,Damped ETS
SPECTINOMYCINUM,True,0.0,15.355664694180778,9.090650147511528,16.616403562412238,,Damped ETS
SPIRAMYCINUM,True,48495.55,26773.14998205188,7698.228564251342,40044.32763101609,-0.4479256347839775,Damped ETS
SPIRITUS AETHYLICUS*,True,9317096.98,9663686.271025013,7056611.570048815,11253809.941633224,0.03719927910689336,Damped ETS
SPIRONOLACTONUM,True,2755548.43,2575489.336516657,1804442.237340956,3045771.3131297515,-0.06534419483360099,Damped ETS
STREPTODORNASUM+STREPTOKINASUM,True,235655.03,214552.53906030458,121861.53588662311,279041.3378676588,-0.0895482304778108,Damped ETS
STREPTOKINASUM,True,0.0,0.0,0.0,1.260738868231459,,Damped ETS
STREPTOMYCINUM,True,86453.93000000001,95061.48413022874,61056.26259938666,118720.26237856525,0.0995623233117191,Damped ETS
STRONTIUM RANELATE*,True,0.0,4.004669602276124,0.0,5.265408470507583,,Damped ETS
STROPHANTINUM*,True,5627.27,4089.1479802059157,0.0,11183.665991238759,-0.27333360933349293,Damped ETS
SUCRALFATUM,True,0.0,0.0,0.0,1.260738868231459,,Damped ETS
SULBUTIAMINUM,True,16808.170000000002,14115.48333694909,0.0,35306.19655979105,-0.16020106073718388,Damped ETS
SULFACETAMIDUM,True,755302.3999999999,672769.5292309229,461423.6794610298,801674.9412155035,-0.10927129421153303,Damped ETS
SULFADIAZINUM,True,13911.769999999999,5585.197298729235,113.23297349702352,9392.259412294927,-0.5985271968463226,Damped ETS
SULFADIMETHOXINUM,True,135.06,17695.2782687583,17642.154654598067,17732.23846929771,130.0179051440715,Damped ETS
SULFADIMIDINUM,True,55725.340000000004,46007.3031224746,24088.663546673994,61256.96802345894,-0.17439170182766772,Damped ETS
SULFANILAMIDUM,True,2990258.8,2727619.5954906857,1890896.731750413,3237958.954341548,-0.08783159655255057,Damped ETS
SULFANILAMIDUM+SULFATHIAZOLUM,True,832199.42,812628.6676795274,579765.7857425546,954657.8854980185,-0.023516902139240403,Damped ETS
SULFASALAZINUM,True,74657.94,66464.42772895252,37098.96350151583,86895.14322028545,-0.10974736606779512,Damped ETS
SULFATHIAZOLUM ARGENTI*,True,131593.46999999997,130239.87074810662,78479.75875132151,166251.42887691723,-0.010286219003825536,Damped ETS
SULFOCAMPHOCAINUM*,True,93171.38,63150.10226382089,26502.68302869451,88647.16201010998,-0.3222156603903378,Damped ETS
SULFUR*,True,178606.32,170698.77135781507,100446.93343201494,219575.75495626376,-0.044273621684747355,Damped ETS
SULODEXIDUM,True,38888.53,39185.573239589845,23889.414029027663,49827.7164906113,0.00763832522314023,Damped ETS
SULPIRIDUM,True,477950.94000000006,446414.1433476979,258420.0568374119,577209.0684950451,-0.06598333429849967,Damped ETS
SUMATRIPTANUM,True,984709.29,955065.654838737,679528.0401411561,1123123.3185142316,-0.030103945867376858,Damped ETS
SUNITINIBUM,True,49.690000000000005,6.366814430108109,0.0,69.01292879252932,-0.8718693010644374,Damped ETS
SUXAMETHONII CHLORIDUM,True,2230.84,1048.9266960458572,0.0,3861.4333928513256,-0.5298063975695895,Damped ETS
SYGETHINUM*,True,0.0,7.0265173198012665,0.7615027731320181,8.287256188032725,,Damped ETS
SYMPHYTUM OFFICINALE*,True,8162.6,5183.849789735685,0.0,15474.756875561792,-0.3649266422787244,Damped ETS
SYMPHYTUM OFFICINALE*+TOCOPHEROLI ACETAS*,True,539392.4,552934.2427905479,340773.1755718271,700543.0927345357,0.025105735250529726,Damped ETS
TACROLIMUSUM,True,60434.21,53662.51747125221,29891.72186842153,70200.80061238183,-0.11205065026493743,Damped ETS
TADALAFILUM,True,63491.38999999999,85023.83801130884,60050.551287951195,102398.74180907315,0.33913965360198994,Damped ETS
TAFLUPROSTUM,True,53575.880000000005,54146.16896211354,33072.983878337574,68807.6177173001,0.010644509471678942,Damped ETS
TAFLUPROSTUM+TIMOLOLUM,True,1366.55,90.19925254516826,0.0,1813.0619529268686,-0.9339949123375154,Damped ETS
TALAZOPARIBUM,True,4.039999999999999,5.692194396573368,0.0,10.785579424228462,0.4089590090528141,Damped ETS
TAMOXIFENUM,True,97204.12999999998,78600.85234086223,40367.217682926246,105201.50492533669,-0.19138361362976808,Damped ETS
TAMSULOSINUM,True,1509835.55,1480273.3078526857,1057796.8569271439,1737952.8460108007,-0.019579776186429254,Damped ETS
TANACETUM VULGARE*&,True,52684.270000000004,63679.76853568174,42957.28347871906,78097.22140457373,0.2087055308098933,Damped ETS
TAURINUM,True,1661675.92,1657621.841987994,1192657.995249828,1941215.5642540122,-0.0024397525192553227,Damped ETS
TAZAROTENUM+ULOBETASOLUM,True,873.06,8223.940935291666,2754.207335176613,9324.641611589825,8.419674404155117,Damped ETS
TEGAFURUM,True,184.24000000000004,19.74881856851837,0.0,252.02734765148244,-0.8928092782863745,Damped ETS
TEICOPLANINUM,True,967.27,1006.4204113311323,0.0,2225.895296405376,0.040475163430202965,Damped ETS
TELMISARTANUM,True,456460.74000000005,466433.0794246334,286891.8071674658,591347.0472076086,0.021847091218914816,Damped ETS
TEMOZOLOMIDUM,True,2706.79,2977.9861897004917,0.0,6390.541550840722,0.10019107123215742,Damped ETS
TENOFOVIRUM,True,4143.48,3903.008992416592,0.0,9126.855278156278,-0.058036000555911404,Damped ETS
TENOFOVIRUM ALAFENAMIDUM,True,0.0,0.30653185676397227,0.0,1.5672707249954314,,Damped ETS
TENONITROZOLUM,True,0.0,23.024285077763466,16.759270531094216,24.285023945994926,,Damped ETS
TENOXICAMUM,True,352718.62,571178.4721687305,432442.44465496787,667702.6164689291,0.6193601351942533,Damped ETS
TEOBONDITHIOMYCOCIDUM*,True,0.0,31.538417667899374,25.273403121230125,32.79915653613083,,Damped ETS
TERAZOSINUM,True,2266.37,2746.146722342594,0.0,5603.4474711363255,0.21169390803028376,Damped ETS
TERBINAFINUM,True,934204.9700000001,884643.3563610906,623237.6687266973,1044081.5847261702,-0.05305218365398923,Damped ETS
TERIFLUNOMIDE,True,483.26000000000005,760.2163999556149,0.0,1369.4810654171497,0.5731001944204255,Damped ETS
TERLIPRESSINUM,True,448.59,278.3894499961689,0.0,843.9442988961191,-0.37941226956425933,Damped ETS
TESTOSTERONUM,True,52640.03,49353.612424660285,28648.528439002574,63758.95867966317,-0.06243190923978792,Damped ETS
TETRACYCLINUM,True,639368.65,664566.0904519574,485660.38241967873,773685.4037737146,0.03940987793498696,Damped ETS
TETRACYCLINUM+TRIAMCINOLONUM,True,0.0,0.3171668032716471,0.0,1.5779056715031061,,Damped ETS
TETRYZOLINUM,True,778371.78,747811.1670486317,530010.1309589751,880653.7675462222,-0.03926223141256269,Damped ETS
THALIDOMIDUM,True,32.73,34.861232351155564,0.0,76.12521550837121,0.06511556221068027,Damped ETS
THIAMAZOLUM,True,205861.22999999998,200682.46677696484,119710.36139365107,257017.9646600547,-0.025156573790194203,Damped ETS
THIAMINUM,True,191184.33,154778.3912548048,79579.20141027584,207097.44335604287,-0.19042323575993492,Damped ETS
THIAMPHENICOLI GLYCINATIS ACETHYLCYSTEINATUM*,True,618.3100000000001,1342.8807964326766,0.0,2122.40824604887,1.1718568297984446,Damped ETS
THIOCOLCHICOSIDUM,True,967479.6,993876.8113404908,723160.3430795184,1158993.9305561548,0.02728451467141091,Damped ETS
THIOPENTALUM NATRIСUM,True,10457.03,468.4430285616379,0.0,13652.027195824054,-0.9552030520557331,Damped ETS
THIORIDAZINUM,True,40430.28,39489.9035086513,23587.322469779225,50553.958422501426,-0.023259212930226925,Damped ETS
THYMUS SERPYLLUM*&,True,167652.36,128737.7058652682,62794.426687925006,174617.05464733377,-0.2321151586218756,Damped ETS
THYROTROPINUM ALFA,True,0.0,0.005597020134206794,0.0,1.266335888365666,,Damped ETS
TIAPRIDUM,True,6512.400000000001,6313.2452863139415,0.0,14523.681091784496,-0.03058084787268278,Damped ETS
TIBOLONUM,True,8166.199999999999,9866.7080698685,0.0,20162.15381562024,0.20823737722178026,Damped ETS
TICAGRELORUM,True,123307.68,130771.49736669708,82270.46363862729,164515.58577814163,0.060530028354252474,Damped ETS
TICLOPIDINUM,True,687.1,1117.768503928446,0.0,1984.0221802902815,0.6267915935503507,Damped ETS
TIGECYCLINE,True,1227.41,1171.6092164078154,0.0,2719.052710663791,-0.04546222011567824,Damped ETS
TILIA CORDATA/PLATYPHYLLUS SCOP.*&,True,51402.170000000006,32090.00492828127,11871.81267240574,46156.60133995736,-0.3757071943016945,Damped ETS
TILIQUINOLUM+TILBROQUINOLUM,True,0.0,327.12600896016573,320.8609944134965,328.3867478283972,,Damped ETS
TILORONUM,True,1770424.71,1721259.593257549,1225866.0730084851,2023413.1765511166,-0.02777023866914452,Damped ETS
TIMOLOLUM,True,597981.3899999999,547028.96929333,379704.0872114885,649084.8312064685,-0.08520736858829325,Damped ETS
TIMOLOLUM+TRAVOPROSTUM,True,12499.169999999998,13373.144161630804,0.0,29131.33360126341,0.06992257578949679,Damped ETS
TINIDAZOLUM,True,5456.12,0.0,0.0,1493.1089098704224,-1.0,Damped ETS
TINIDAZOLUM+TIOCONAZOLUM,True,3068.99,5030.351348385515,0.0,8899.54632759918,0.6390901724624438,Damped ETS
TIOCONAZOLUM,True,20876.87,2418.378171213327,0.0,28738.659627228626,-0.8841599257353556,Damped ETS
TIOGUANINUM,True,1.43,1.140996839791956,0.0,2.9438534213629426,-0.20210011203359712,Damped ETS
TIOTROPIUM BROMIDE,True,119053.04,206005.81385307648,159178.2723044135,238585.58753312015,0.7303700422355994,Damped ETS
TIPIRACILUM+TRIFLURIDINUM,True,263.78,567.2285957316175,0.0,899.7862943937117,1.150385153277798,Damped ETS
TIZANIDINUM,True,347629.87999999995,321902.4439726535,185167.9880590814,417034.0157058972,-0.07400812619256569,Damped ETS
TOBRAMYCINUM,True,524601.2000000001,605014.029995955,398670.8363280026,748575.155090109,0.153283732473267,Damped ETS
TOCILIZUMAB,True,296.0,17.730226713234288,0.0,390.9089317097462,-0.9401005854282626,Damped ETS
TOCOPHEROLI ACETAS*,True,748806.5599999999,614982.2776800605,405454.0691949948,742779.0622706517,-0.17871676006676473,Damped ETS
TOFACITINIBUM,True,376.35999999999996,762.8511345432916,0.0,1237.3428149908834,1.0269187335085865,Damped ETS
TOLPERISONUM,True,433800.54,454771.6919079217,284143.43402654,573484.5228904882,0.048342844174241284,Damped ETS
TOLTERODINUM,True,2962.99,18.4931119897974,0.0,3754.049771170928,-0.9937586316559295,Damped ETS
TOPIRAMATUM,True,83240.31,81390.7981700716,48649.600842824955,104170.14476094132,-0.02221894452253237,Damped ETS
TOPOTECAN,True,0.0,0.6071322422485144,0.0,1.8678711104799735,,Damped ETS
TORASEMIDUM,True,1223222.8900000001,1166167.1408972007,823889.5562568838,1374931.2737589781,-0.04664378795494861,Damped ETS
TOREMIFENUM,True,30991.440000000006,24725.310153161,12535.340503894617,33206.354410566375,-0.20218905113279684,Damped ETS
TRAMADOLUM,True,38080.79,26767.03596267209,11788.587903463264,37188.13499346769,-0.2970987218838661,Damped ETS
TRAMAZOLINUM,True,417395.37,410902.0112164873,246726.4552550892,525125.442131801,-0.01555685388535255,Damped ETS
TRAMETINIBUM,True,1.0,1.3519885899843693,0.0,2.6127274582158284,0.3519885899843693,Damped ETS
TRANDOLAPRILUM+VERAPAMILUM,True,0.0,1.2258939428950877,0.0,2.4866328111265465,,Damped ETS
TRANEXAMIC ACID,True,275953.29000000004,263609.88742107,155068.23108902463,339126.61286095344,-0.0447300431856783,Damped ETS
TRASTUZUMABUM,True,529.7,0.0,0.0,667.8133785022039,-1.0,Damped ETS
TRASTUZUMABUM EMTANSINUM,True,33.89,0.0,0.0,42.72644024436415,-1.0,Damped ETS
TRAVOPROSTUM,True,150534.34999999998,141467.72849102956,82257.53504174025,182662.6030954284,-0.060229585532939334,Damped ETS
TRAZODONUM,True,148437.77000000002,193557.8190029216,135172.2805734461,234178.948477401,0.3039660930160941,Damped ETS
TRETINOINUM,True,14734.910000000002,18661.61585786419,0.0,37238.4896147566,0.2664899790948292,Damped ETS
TRIAMCINOLONUM,True,123266.04,117795.24369663463,69310.58837293054,151527.93700404794,-0.04438202365684307,Damped ETS
TRIBULUS TERRESTRIS*&,True,14797.900000000001,13227.651843639642,0.0,31883.93954184195,-0.1061129049635664,Damped ETS
TRIDECANAMINI UNDECYLENAS*,True,0.0,465.4216060432937,459.15659149662446,466.68234491152515,,Damped ETS
TRIFLUOPERAZINUM,True,58010.03,46956.7060808615,24139.421532191533,62831.59384998141,-0.1905415997740132,Damped ETS
TRIFLUSALUM,True,11442.189999999999,11153.754418029033,0.0,25579.36808871835,-0.025208074850265993,Damped ETS
TRIHEXYPHENIDYLUM,True,138996.71,122612.51202202098,67940.45818238394,160650.02332010007,-0.11787471788345938,Damped ETS
TRIMEBUTINUM,True,303707.86000000004,310406.61021928734,190948.1534440086,393518.5857190342,0.022056558626066813,Damped ETS
TRIMEPERIDINUM,True,186.75,1.4170830091065678,0.0,236.86006665133155,-0.9924118714371803,Damped ETS
TRIMETAZIDINUM,True,1321283.0899999999,1182722.1654320953,813005.7479513085,1408221.9666570213,-0.10486846128327021,Damped ETS
TRIPTORELINUM,True,17169.55,11472.216246506916,4718.858113049368,16170.794738817516,-0.3318277854395184,Damped ETS
TROPICAMIDUM,True,1067.96,1766.4435657912709,0.0,3112.86224750774,0.6540353250976356,Damped ETS
TROPISETRONUM,True,2560.49,3198.6329412192044,0.0,6426.742205937173,0.24922688283071004,Damped ETS
TROSPII CHLORIDUM,True,8.86,0.0,0.0,11.170146372530727,-1.0,Damped ETS
TROXERUTINUM,True,1168182.08,1079819.9773642821,752943.7031944115,1279190.444471767,-0.07564069347452917,Damped ETS
TRYPSINUM*,True,0.0,1.2201503892570813,0.0,2.48088925748854,,Damped ETS
TUSSILAGO FARFARA*&,True,39241.22,30515.32245114235,15080.438470269406,41253.982014382425,-0.2223656030280825,Damped ETS
TUSSILAGO FARFARA*&+PLANTAGO MAJOR/PSYLLUM/LANCEOLATA*&+GLYCYRRHIZA GLABRA/URALENSIS*&,True,197007.00000000003,159257.58698213194,81768.14632713099,213170.05720031672,-0.1916145772377027,Damped ETS
TYROTHRICINUM,True,81375.25,77103.31474235187,45095.70787731222,99372.27341956811,-0.05249673896729201,Damped ETS
UDENAFILUM,True,8147.62,6027.75564410186,0.0,16299.776861681861,-0.26018203547761687,Damped ETS
ULINASTATINUM,True,1907.4099999999999,331.629534131279,0.0,2736.375458784646,-0.8261362087169098,Damped ETS
ULIPRISTAL,True,309.99,0.0,0.0,390.81644176307003,-1.0,Damped ETS
ULOBETASOLUM,True,203.66,2293.2103038196137,1017.2774412449546,2549.9723817236327,10.25999363556719,Damped ETS
UMIFENOVIRUM,True,121366.08000000002,86763.74685174163,39026.40932723693,119976.5015939479,-0.28510711681763456,Damped ETS
UNKNOWN_SKU_-144109,False,53833.84000000001,140186.60718413882,0.0,208057.0216982923,1.6040610735577991,Damped ETS
UNKNOWN_SKU_-173007,False,6172.33,8058.126784743078,0.0,15839.82312329416,0.30552429710386164,Damped ETS
UNKNOWN_SKU_-414261,False,1977.9200000000003,3174.693763043988,0.0,5668.334385296355,0.6050668192060282,Damped ETS
UNKNOWN_SKU_-484753,False,5175.46,22352.0662984096,0.0,28876.969881386787,3.3188559661188766,Damped ETS
UNKNOWN_SKU_-876242,False,3324.79,9686.51733080754,0.0,13878.209312514813,1.9134223005986963,Damped ETS
UNKNOWN_SKU_100008,False,3124.88,2229.0934257970393,0.0,6168.751100356161,-0.28666271159307266,Damped ETS
UNKNOWN_SKU_10006,False,0.0,1.4311928158594553,0.0,2.6919316840909144,,Damped ETS
UNKNOWN_SKU_100110,False,0.37,0.29499479823416525,0.0,1.5557336664656243,-0.20271676152928308,Damped ETS
UNKNOWN_SKU_10183,False,198306.86000000002,169413.41775709947,91412.69869914933,223681.6045921446,-0.14570066937119852,Damped ETS
UNKNOWN_SKU_10184,False,103700.92000000001,84224.18129828731,43435.141892535226,112602.73008639313,-0.18781645043952067,Damped ETS
UNKNOWN_SKU_102781,False,3268.0499999999997,5482.419360464631,0.0,9602.57701878845,0.677581236659363,Damped ETS
UNKNOWN_SKU_102783,False,75.08,56.46248182736853,0.0,151.11875605418646,-0.2479690752881123,Damped ETS
UNKNOWN_SKU_103259,False,0.0,277.8822222135195,277.4888887753422,278.1558798511577,,Damped ETS
UNKNOWN_SKU_103260,False,0.0,226.0145189491132,219.74950440244396,227.27525781734468,,Damped ETS
UNKNOWN_SKU_103964,False,125020.44,97391.05310273959,48216.333595097196,131603.8513696253,-0.22099895742856457,Damped ETS
UNKNOWN_SKU_103967,False,22879.21,18570.56194381258,9571.403611731466,24831.632503440385,-0.18832153978163668,Damped ETS
UNKNOWN_SKU_104008,False,33.84,26.25965569409781,0.0,68.92305899505038,-0.22400544639190878,Damped ETS
UNKNOWN_SKU_104320,False,11512.470000000001,12642.542964007716,0.0,27156.761362356345,0.09816077383982025,Damped ETS
UNKNOWN_SKU_105760,False,0.0,606.6421560657147,600.3771415190455,607.9028949339462,,Damped ETS
UNKNOWN_SKU_10596,False,6755.880000000001,10266.805641588728,0.0,18784.206146696277,0.5196844292066654,Damped ETS
UNKNOWN_SKU_106097,False,49789.439999999995,28262.25668569292,8678.405065569117,41887.51721542078,-0.4323644394133993,Damped ETS
UNKNOWN_SKU_10705,False,493.93000000000006,612.4398203631415,0.0,1235.156569548706,0.239932420308832,Damped ETS
UNKNOWN_SKU_10759,False,31068.589999999997,21398.502726935687,9178.187402913925,29900.659671084846,-0.3112496342146299,Damped ETS
UNKNOWN_SKU_10760,False,174271.75999999998,138859.83805222868,70312.92751421448,186550.6362008764,-0.20319942799551294,Damped ETS
UNKNOWN_SKU_108540,False,98943.90999999999,117672.5095992212,78754.56129221307,144749.26626850583,0.18928501611894277,Damped ETS
UNKNOWN_SKU_109746,False,0.0,86.01784432399211,79.75282977732286,87.27858319222356,,Damped ETS
UNKNOWN_SKU_110103,False,0.0,0.0,0.0,1.260738868231459,,Damped ETS
UNKNOWN_SKU_110698,False,0.0,2.2236409671360953,0.0,3.4843798353675544,,Damped ETS
UNKNOWN_SKU_110699,False,4051.91,2360.4814420939283,0.0,7468.88186966966,-0.41743981428661336,Damped ETS
UNKNOWN_SKU_110933,False,4143.25,5921.441845421999,0.0,11144.998161221993,0.4291780233927469,Damped ETS
UNKNOWN_SKU_111081,False,0.0,28.14932416232479,21.88430961565554,29.41006303055625,,Damped ETS
UNKNOWN_SKU_111082,False,0.0,0.0,0.0,1.260738868231459,,Damped ETS
UNKNOWN_SKU_111239,False,0.0,1.0249745691807262,0.0,2.285713437412185,,Damped ETS
UNKNOWN_SKU_11147,False,409615.24000000005,402275.6952205653,241160.32454153374,514370.0341395611,-0.01791814381572998,Damped ETS
UNKNOWN_SKU_11149,False,262071.48000000004,218077.60971101726,114996.13343439628,289795.4718201586,-0.16786973648938364,Damped ETS
UNKNOWN_SKU_11150,False,20574.09,18021.04469397725,9928.567136907457,23651.301559932537,-0.12409031485828792,Damped ETS
UNKNOWN_SKU_111504,False,268.37,25.579077880076966,0.0,363.92356794735366,-0.9046872680252004,Damped ETS
UNKNOWN_SKU_11151,False,3219.28,2696.079613888833,0.0,6754.751037609005,-0.1625209320441735,Damped ETS
UNKNOWN_SKU_111615,False,6.0,18.868286268414302,0.0,26.432719477803055,2.1447143780690503,Damped ETS
UNKNOWN_SKU_111763,False,0.0,0.16769739023558355,0.0,1.4284362584670427,,Damped ETS
UNKNOWN_SKU_111830,False,41096.810000000005,61525.439348793516,45360.6897733731,72771.89528785861,0.497085524370225,Damped ETS
UNKNOWN_SKU_111831,False,446869.26,347352.7787919439,171584.1563403854,469641.9648166652,-0.22269708417190315,Damped ETS
UNKNOWN_SKU_111832,False,0.81,78.9252071460391,72.66019259936985,80.18594601427056,96.43852734078901,Damped ETS
UNKNOWN_SKU_112037,False,26903.610000000004,28023.564474759325,17441.475054077368,35385.94283129822,0.04162840878080387,Damped ETS
UNKNOWN_SKU_112053,False,0.0,317.9180766511353,311.6530621044661,319.17881551936676,,Damped ETS
UNKNOWN_SKU_112054,False,0.0,8.637045159580577,2.3720306129113284,9.897784027812037,,Damped ETS
UNKNOWN_SKU_112055,False,0.0,10.965457862465945,4.700443315796696,12.226196730697403,,Damped ETS
UNKNOWN_SKU_112237,False,128139.12999999999,45869.49177906453,0.0,80935.74338387608,-0.6420336880774473,Damped ETS
UNKNOWN_SKU_112242,False,12666.549999999997,1825.1750757345571,0.0,17794.386987131744,-0.8559059036805952,Damped ETS
UNKNOWN_SKU_112263,False,2171.87,19304.801713707493,5698.0045702329535,22042.96263945335,7.888562259116565,Damped ETS
UNKNOWN_SKU_112283,False,2.19,0.0,0.0,2.761018121426895,-1.0,Damped ETS
UNKNOWN_SKU_112578,False,0.0,12.663355294490714,6.398340747821465,13.924094162722174,,Damped ETS
UNKNOWN_SKU_112587,False,0.0,1882.3074464541724,1876.0424319075032,1883.568185322404,,Damped ETS
UNKNOWN_SKU_112637,False,4872.169999999999,3765.2947255177555,0.0,9907.828817149022,-0.2271832211278022,Damped ETS
UNKNOWN_SKU_112638,False,19.48,0.0,0.0,5.330850781191732,-1.0,Damped ETS
UNKNOWN_SKU_112640,False,0.0,49.16323875591305,42.8982242092438,50.423977624144506,,Damped ETS
UNKNOWN_SKU_112641,False,0.0,72286.44854290232,72286.05520946415,72286.72220053995,,Damped ETS
UNKNOWN_SKU_112662,False,124.0,905.7489759857095,856.9756296517209,939.6825230528437,6.304427225691206,Damped ETS
UNKNOWN_SKU_113055,False,0.0,0.663644853541693,0.0,1.924383721773152,,Damped ETS
UNKNOWN_SKU_113181,False,36.1,27.71024186441481,0.0,73.22291500757049,-0.23240327245388337,Damped ETS
UNKNOWN_SKU_113184,False,35.65,12.877454657233656,0.0,57.82279530968517,-0.6387810755334178,Damped ETS
UNKNOWN_SKU_113366,False,9.63,15.487798870233828,0.0,27.628714171302782,0.608286487044011,Damped ETS
UNKNOWN_SKU_11375,False,88621.29999999999,73825.87645556255,38968.15583081808,98077.77205798692,-0.16695110029346716,Damped ETS
UNKNOWN_SKU_11376,False,90870.79000000001,85158.7564257601,49416.23616517011,110026.24214747519,-0.0628588523797351,Damped ETS
UNKNOWN_SKU_116937,False,230.65000000000003,389.61324736968845,0.0,680.4026673272745,0.6891968236275239,Damped ETS
UNKNOWN_SKU_11720,False,2.58,42.934215705846526,26.770478175439866,46.18692198588369,15.641168878235089,Damped ETS
UNKNOWN_SKU_11721,False,0.0,248.0041256603431,241.73911111367386,249.26486452857458,,Damped ETS
UNKNOWN_SKU_11722,False,47721.41,20185.665324139525,1415.2390541695822,33244.99364950251,-0.5770102911012159,Damped ETS
UNKNOWN_SKU_11724,False,3890.67,3586.6054566706403,0.0,8491.724349132732,-0.07815223170542862,Damped ETS
UNKNOWN_SKU_11725,False,35344.65,20001.470830891758,6099.238125217447,29673.80425304003,-0.43410188441838415,Damped ETS
UNKNOWN_SKU_11785,False,42324.340000000004,28836.313219432646,12188.735048646417,40418.692118427745,-0.3186825070530894,Damped ETS
UNKNOWN_SKU_118652,False,2.75,4.520517867406353,0.0,7.987549755042865,0.6438246790568556,Damped ETS
UNKNOWN_SKU_118653,False,5.09,6.32793795697772,0.0,12.745098796275848,0.24320981473039693,Damped ETS
UNKNOWN_SKU_118654,False,4.43,8.850021521708591,0.0,14.435094707973954,0.9977475218303817,Damped ETS
UNKNOWN_SKU_118656,False,0.23,0.11963307842421861,0.0,1.3803719466556776,-0.47985618076426695,Damped ETS
UNKNOWN_SKU_118657,False,2.14,2.4478159050466206,0.0,5.145797083061943,0.14383920796571048,Damped ETS
UNKNOWN_SKU_118668,False,0.34,0.19831807999919387,0.0,1.459056948230653,-0.4167115294141357,Damped ETS
UNKNOWN_SKU_118669,False,0.0,0.020567029891311733,0.0,1.2813058981227707,,Damped ETS
UNKNOWN_SKU_118686,False,0.42000000000000004,0.09422484460451877,0.0,1.354963712835978,-0.7756551318940029,Damped ETS
UNKNOWN_SKU_11918,False,63160.700000000004,48036.04322704095,23192.827938354163,65320.4511806147,-0.23946309608600047,Damped ETS
UNKNOWN_SKU_11929,False,0.0,4.07387189281867,0.0,5.334610761050129,,Damped ETS
UNKNOWN_SKU_119531,False,20340.38,19267.523140066718,11266.97154083335,24833.823479529587,-0.05274517289909442,Damped ETS
UNKNOWN_SKU_119950,False,48.239999999999995,0.0,0.0,60.81804300348558,-1.0,Damped ETS
UNKNOWN_SKU_121259,False,99985.47,85613.89605986749,46286.26737699137,112975.68357821053,-0.14373662433284062,Damped ETS
UNKNOWN_SKU_12144,False,23427.489999999998,23865.287751645694,14650.472562080715,30276.39932083776,0.018687351980331446,Damped ETS
UNKNOWN_SKU_12156,False,6635.03,3922.758006992836,1312.9788446831167,5738.484642451284,-0.40878066760921417,Damped ETS
UNKNOWN_SKU_122182,False,64421.93,68871.60530115945,43532.30608024027,86501.15847705159,0.06907081643098012,Damped ETS
UNKNOWN_SKU_122221,False,5570.73,3205.666809955099,0.0,10228.902645378133,-0.42455175354844,Damped ETS
UNKNOWN_SKU_122356,False,10940.609999999999,9933.267734369467,0.0,23726.52000353125,-0.09207368379190306,Damped ETS
UNKNOWN_SKU_122357,False,14340.829999999998,9113.095680684104,0.0,27193.137464383857,-0.3645349899075503,Damped ETS
UNKNOWN_SKU_12316,False,0.0,17766.000453547967,17765.60712010979,17766.274111185605,,Damped ETS
UNKNOWN_SKU_12320,False,26205.25,20441.675106462862,10134.274025666427,27612.94191518076,-0.21993970267549967,Damped ETS
UNKNOWN_SKU_123653,False,0.0,0.20130137138650459,0.0,1.4620402396179637,,Damped ETS
UNKNOWN_SKU_125447,False,0.0,9.542502372820543,3.2774878261512947,10.803241241052003,,Damped ETS
UNKNOWN_SKU_125449,False,7957.779999999999,2537.501102093637,0.0,4715.208377737987,-0.6811295232974979,Damped ETS
UNKNOWN_SKU_125621,False,1015.6700000000001,848.8198927016487,0.0,2129.3145389982947,-0.16427590388448154,Damped ETS
UNKNOWN_SKU_125623,False,19542.550000000003,12709.95379501472,5023.21541276237,18057.921861440722,-0.3496266457031084,Damped ETS
UNKNOWN_SKU_125624,False,0.0,2.185515216000037,0.0,3.446254084231496,,Damped ETS
UNKNOWN_SKU_126052,False,21219.61,15067.362911403234,6720.980753321213,20874.27125560672,-0.28993214713167526,Damped ETS
UNKNOWN_SKU_126053,False,6962.1,6677.04798048213,0.0,15454.438054996372,-0.040943396319769954,Damped ETS
UNKNOWN_SKU_126231,False,1830.2,4221.876001614385,0.0,6529.280278251601,1.3067839589194543,Damped ETS
UNKNOWN_SKU_126357,False,0.0,289.4603899951908,289.0670565570135,289.73404763282895,,Damped ETS
UNKNOWN_SKU_126358,False,0.0,0.35088644673206437,0.0,1.6116253149635233,,Damped ETS
UNKNOWN_SKU_127632,False,0.0,0.09125619249965389,0.0,1.351995060731113,,Damped ETS
UNKNOWN_SKU_127638,False,129.54000000000002,132.75385809273862,0.0,296.0699710834418,0.024809773758982523,Damped ETS
UNKNOWN_SKU_127641,False,0.4,0.3643292520865153,0.0,1.6250681203179744,-0.08917686978371187,Damped ETS
UNKNOWN_SKU_128521,False,13687.329999999998,1201.7182346836457,0.0,4947.360628057825,-0.9122021435383201,Damped ETS
UNKNOWN_SKU_128523,False,10196.949999999999,4836.156284750516,0.0,17691.847487163293,-0.525725213446127,Damped ETS
UNKNOWN_SKU_128524,False,13945.970000000003,1395.3695559782586,0.0,5211.790760751178,-0.8999446036397426,Damped ETS
UNKNOWN_SKU_128581,False,0.0,0.06343289485434368,0.0,1.3241717630858028,,Damped ETS
UNKNOWN_SKU_128583,False,8071.36,13644.183658345977,0.0,23820.060929834646,0.6904441950731943,Damped ETS
UNKNOWN_SKU_129199,False,2400.86,2323.299658576197,0.0,5350.157177758378,-0.032305232884800916,Damped ETS
UNKNOWN_SKU_129201,False,2485.8999999999996,2681.49336892616,0.0,5815.564121462744,0.0786811090253674,Damped ETS
UNKNOWN_SKU_129351,False,0.0,1.2453163282372428,0.0,2.5060551964687017,,Damped ETS
UNKNOWN_SKU_129396,False,67350.72,66995.26897162221,40503.97871030365,85426.30790005268,-0.005277612895271067,Damped ETS
UNKNOWN_SKU_12976,False,45782.6,49097.4950416474,31089.667574950046,61626.25320258111,0.07240512862195247,Damped ETS
UNKNOWN_SKU_130500,False,1271.61,2661.10352412242,0.0,4264.271676354226,1.0927041499535393,Damped ETS
UNKNOWN_SKU_13135,False,0.0,7836.393302057005,7830.128287510335,7837.654040925237,,Damped ETS
UNKNOWN_SKU_132593,False,0.0,0.5671357550267746,0.0,1.8278746232582337,,Damped ETS
UNKNOWN_SKU_13324,False,144.46,219.40225922319198,0.0,401.5285961279086,0.5187751572974661,Damped ETS
UNKNOWN_SKU_134323,False,0.0,17.054179254851203,10.789164708181954,18.314918123082663,,Damped ETS
UNKNOWN_SKU_134730,False,1.69,22.409287327499925,11.821412743628896,24.53993601481109,12.259933329881612,Damped ETS
UNKNOWN_SKU_134963,False,1285.71,1144.7917827153694,0.0,2765.7363529892386,-0.10960342323279015,Damped ETS
UNKNOWN_SKU_134972,False,2812.0699999999997,2633.677901256213,0.0,6178.963850443852,-0.06343800074101524,Damped ETS
UNKNOWN_SKU_134973,False,3113.77,3314.7070036902364,0.0,7240.357869423307,0.06453174245054605,Damped ETS
UNKNOWN_SKU_134975,False,3609.77,3965.700881323746,0.0,8516.67822569962,0.09860209412891852,Damped ETS
UNKNOWN_SKU_134976,False,1640.78,2061.167939807991,0.0,4129.763060024805,0.25621225259205427,Damped ETS
UNKNOWN_SKU_134977,False,1561.6399999999999,1664.6287301898765,0.0,3633.448976374852,0.06594908569828939,Damped ETS
UNKNOWN_SKU_134978,False,1688.38,2040.5010103693455,0.0,4169.107300713977,0.2085555445867313,Damped ETS
UNKNOWN_SKU_134979,False,2559.0499999999997,2740.24418948469,0.0,5966.537990232406,0.07080525565529805,Damped ETS
UNKNOWN_SKU_134982,False,1674.98,1461.287979117987,0.0,3573.0003686283167,-0.12757884922925222,Damped ETS
UNKNOWN_SKU_134983,False,2952.39,3216.7875687281735,0.0,6938.980395906051,0.08955374077549827,Damped ETS
UNKNOWN_SKU_134987,False,2272.47,1914.1066921346685,0.0,4779.097948024612,-0.15769770684116025,Damped ETS
UNKNOWN_SKU_134988,False,4690.32,4663.217683325338,0.0,10576.486411768714,-0.005778351301118478,Damped ETS
UNKNOWN_SKU_135560,False,1830.9,863.1818171494205,0.0,3171.468610994399,-0.5285478086463377,Damped ETS
UNKNOWN_SKU_136044,False,108.13000000000001,1.5126313097424933,0.0,137.83632513161018,-0.9860109931587673,Damped ETS
UNKNOWN_SKU_136404,False,87140.63,72239.8529994768,37964.529396638354,96086.55194757946,-0.1709968931888971,Damped ETS
UNKNOWN_SKU_136937,False,11456.319999999998,8164.221775323089,3658.068040863399,11299.331242550114,-0.28736088243667335,Damped ETS
UNKNOWN_SKU_137638,False,0.0,5.195134578596444,0.0,6.455873446827903,,Damped ETS
UNKNOWN_SKU_138248,False,584913.21,545573.7086485036,315507.7847238659,705639.6759204678,-0.06725698903517041,Damped ETS
UNKNOWN_SKU_138415,False,143.50000000000003,140.89928625936219,0.0,321.81531385057656,-0.018123440701309,Damped ETS
UNKNOWN_SKU_138417,False,344.44999999999993,274.1789160355106,0.0,708.4404191978366,-0.20400953393667975,Damped ETS
UNKNOWN_SKU_13885,False,3878.87,3763.4917779159805,0.0,8653.73395173294,-0.029745318116879194,Damped ETS
UNKNOWN_SKU_13889,False,460575.6599999999,395312.3592958699,214152.5514072777,521352.4063651151,-0.14169941308694,Damped ETS
UNKNOWN_SKU_13891,False,274812.78,269368.4676057691,161275.41199329935,344573.08377334976,-0.01981098693529071,Damped ETS
UNKNOWN_SKU_13896,False,3679.01,2513.2921967776256,0.0,7151.563100389846,-0.3168563834353194,Damped ETS
UNKNOWN_SKU_139037,False,16015.420000000002,16548.31361627712,10248.91340382317,20931.05561926037,0.03327378340855991,Damped ETS
UNKNOWN_SKU_139312,False,9.61,6.763171312758445,0.0,18.878871836462764,-0.29623607567550003,Damped ETS
UNKNOWN_SKU_139362,False,172.02999999999997,143.703889876868,0.0,360.58879737872587,-0.16465796734948535,Damped ETS
UNKNOWN_SKU_13957,False,6596.089999999999,2447.1771389516853,0.0,10763.124180304529,-0.628995793121124,Damped ETS
UNKNOWN_SKU_13958,False,18960.82,8872.778210984114,1414.8536897226613,14061.551419866855,-0.5320467041518187,Damped ETS
UNKNOWN_SKU_13960,False,42835.66999999999,30178.07827106907,13329.37691333963,41900.38652991769,-0.2954918582791147,Damped ETS
UNKNOWN_SKU_13961,False,36130.450000000004,31347.31502721569,17136.00090582163,41234.68862102005,-0.13238514806165758,Damped ETS
UNKNOWN_SKU_13963,False,9689.11,7358.1405276123605,3547.089578434026,10009.63948102882,-0.24057622138541512,Damped ETS
UNKNOWN_SKU_13965,False,33584.89,24513.46212240874,11303.401867901364,33704.22378014684,-0.27010443915675353,Damped ETS
UNKNOWN_SKU_13966,False,13397.120000000003,10487.834398802377,5218.2991275281265,14154.058609157582,-0.21715753842599195,Damped ETS
UNKNOWN_SKU_13967,False,40576.58,36057.70338858258,20097.57766770516,47161.794414819175,-0.111366621125226,Damped ETS
UNKNOWN_SKU_140299,False,0.0,49.03679012423785,42.7717755775686,50.2975289924693,,Damped ETS
UNKNOWN_SKU_14103,False,0.0,1.340936018719795,0.0,2.601674886951254,,Damped ETS
UNKNOWN_SKU_141640,False,0.0,0.0,0.0,1.260738868231459,,Damped ETS
UNKNOWN_SKU_142203,False,90.82,44.75635821478908,0.0,159.2566622275702,-0.5071971128078718,Damped ETS
UNKNOWN_SKU_142316,False,12899.74,14075.639302093183,0.0,30338.842910173265,0.0911568219276655,Damped ETS
UNKNOWN_SKU_142372,False,0.0,0.2706765650613966,0.0,1.5314154332928558,,Damped ETS
UNKNOWN_SKU_143725,False,125.02000000000001,143.41966949682725,0.0,301.0372428031243,0.14717380816531156,Damped ETS
UNKNOWN_SKU_144091,False,784.6200000000001,753.0174162104287,0.0,1742.2183470021964,-0.04027756594220311,Damped ETS
UNKNOWN_SKU_144097,False,243.32000000000002,283.0638497753702,0.0,589.8268311934489,0.16333983961602083,Damped ETS
UNKNOWN_SKU_144098,False,0.78,1.7040235403210664,0.0,2.9647624085525255,1.1846455645141876,Damped ETS
UNKNOWN_SKU_144101,False,37.540000000000006,9.220401768198347,0.0,56.54853888160733,-0.7543846092648283,Damped ETS
UNKNOWN_SKU_144108,False,0.0,0.5152188410823824,0.0,1.7759577093138414,,Damped ETS
UNKNOWN_SKU_144109,False,33481.72,33906.1541200917,20736.674076401076,43068.682519354676,0.012676592483650717,Damped ETS
UNKNOWN_SKU_144459,False,197530.64,200643.06581533878,122947.66003877066,254698.83411889643,0.01575667357397692,Damped ETS
UNKNOWN_SKU_144460,False,150507.29,151965.5643459157,92766.01449946348,193153.03377464006,0.00968906121368418,Damped ETS
UNKNOWN_SKU_145471,False,64.13,25.12889130888484,0.0,105.98007492856831,-0.6081570043835203,Damped ETS
UNKNOWN_SKU_145472,False,421.26000000000005,151.8640580712737,0.0,267.1450745027331,-0.6395004081297211,Damped ETS
UNKNOWN_SKU_145664,False,138287.32,101556.59711501654,47163.57008308811,139399.97842153147,-0.2656116474379825,Damped ETS
UNKNOWN_SKU_145707,False,119041.38,95025.26979246426,48202.3145116904,127601.85262445305,-0.20174589884236682,Damped ETS
UNKNOWN_SKU_145718,False,161855.77999999997,203044.30026081947,139381.0098245462,247337.37065370433,0.2544766721387368,Damped ETS
UNKNOWN_SKU_147057,False,58.62,46.83206760542782,0.0,120.73658006115593,-0.2010906242676933,Damped ETS
UNKNOWN_SKU_147328,False,83062.16,72355.95428842666,39684.829313191294,95086.54877115112,-0.12889389959968955,Damped ETS
UNKNOWN_SKU_149078,False,0.0,0.1759357628869493,0.0,1.4366746311184084,,Damped ETS
UNKNOWN_SKU_149102,False,0.0,7.9532981536570535,1.688283606987805,9.214037021888512,,Damped ETS
UNKNOWN_SKU_149110,False,0.0,17.869200320634214,11.604185773964964,19.129939188865674,,Damped ETS
UNKNOWN_SKU_149111,False,0.0,14.384764683115936,8.119750136446687,15.645503551347396,,Damped ETS
UNKNOWN_SKU_149112,False,0.0,16.001922587388833,9.736908040719584,17.262661455620293,,Damped ETS
UNKNOWN_SKU_149199,False,560796.26,521072.90978352673,300492.9887207397,674539.0894914529,-0.07083383583277336,Damped ETS
UNKNOWN_SKU_149311,False,1133.3200000000002,468.4734082432036,0.0,1897.2939823872812,-0.5866362472706707,Damped ETS
UNKNOWN_SKU_149312,False,0.21000000000000002,11.904590783756445,5.639576237087197,13.165329651987904,55.688527541697354,Damped ETS
UNKNOWN_SKU_149313,False,0.0,1.1139974582580714,0.0,2.3747363264895305,,Damped ETS
UNKNOWN_SKU_150578,False,188.86000000000004,232.19659971424014,0.0,470.29974236843356,0.22946415182802116,Damped ETS
UNKNOWN_SKU_150781,False,837.6,735.5302005624294,0.0,1791.5250765930996,-0.12185983695985037,Damped ETS
UNKNOWN_SKU_150788,False,0.0,18.212027160694326,11.947012614025077,19.472766028925786,,Damped ETS
UNKNOWN_SKU_150789,False,331.61,417.84175261424684,0.0,835.9153687084811,0.2600396628999331,Damped ETS
UNKNOWN_SKU_153289,False,1874.5000000000002,1703.2712197873802,0.0,4066.5262282872504,-0.0913463751467698,Damped ETS
UNKNOWN_SKU_154004,False,0.0,22.599384833084606,16.334370286415357,23.860123701316066,,Damped ETS
UNKNOWN_SKU_155873,False,3785.64,1296.377050793169,0.0,6069.080539924909,-0.6575540593418367,Damped ETS
UNKNOWN_SKU_156476,False,39548.770000000004,29511.0169673412,13955.163287556816,40333.83993703689,-0.25380695866543523,Damped ETS
UNKNOWN_SKU_156477,False,247865.91,190021.9371620948,92527.98657484257,257852.33654373235,-0.2333680046518103,Damped ETS
UNKNOWN_SKU_156478,False,65473.03,53749.7761295515,27997.044131764134,71666.97084836513,-0.17905470191998896,Damped ETS
UNKNOWN_SKU_156492,False,41158.72,44309.113373990745,28120.012525412774,55572.511457402026,0.07654254976808672,Damped ETS
UNKNOWN_SKU_161193,False,0.0,1.2982084371950142,0.0,2.5589473054264733,,Damped ETS
UNKNOWN_SKU_161579,False,385.96,327.54186721813494,0.0,814.1366408007489,-0.1513579976729844,Damped ETS
UNKNOWN_SKU_161655,False,5.06,10.442051240941923,0.0,16.821389914193105,1.0636464903047282,Damped ETS
UNKNOWN_SKU_161824,False,0.0,7.211119044828988,0.9461044981597393,8.471857913060447,,Damped ETS
UNKNOWN_SKU_163831,False,16.92,23.184239176591102,0.0,44.515940827067396,0.37022690168978123,Damped ETS
UNKNOWN_SKU_16469,False,0.0,14.493725120388774,8.228710573719525,15.754463988620234,,Damped ETS
UNKNOWN_SKU_16470,False,0.0,4231.476765693696,4225.211751147026,4232.737504561927,,Damped ETS
UNKNOWN_SKU_16471,False,0.0,567.0532332069996,560.7882186603304,568.313972075231,,Damped ETS
UNKNOWN_SKU_16472,False,0.0,1007.1686531171014,1000.9036385704321,1008.4293919853328,,Damped ETS
UNKNOWN_SKU_165098,False,190698.05999999997,140792.6675082854,65784.74391473895,192978.64811006916,-0.26169848026621023,Damped ETS
UNKNOWN_SKU_165099,False,318971.02999999997,165054.86745547876,39592.89554661501,252343.72600029554,-0.48253962920871285,Damped ETS
UNKNOWN_SKU_165457,False,0.0,1.1022414250325205,0.0,2.3629802932639796,,Damped ETS
UNKNOWN_SKU_165460,False,0.0,0.8367896131137199,0.0,2.097528481345179,,Damped ETS
UNKNOWN_SKU_165461,False,0.0,0.10009766218972793,0.0,1.360836530421187,,Damped ETS
UNKNOWN_SKU_166612,False,3565.9300000000003,2864.6515745634397,0.0,7360.358126956047,-0.19666073799445316,Damped ETS
UNKNOWN_SKU_167109,False,0.0,73.67102932664284,67.40601477997359,74.9317681948743,,Damped ETS
UNKNOWN_SKU_167898,False,0.0,1150.6089771076977,1144.3439625610285,1151.8697159759292,,Damped ETS
UNKNOWN_SKU_168102,False,0.0,1.2925667004817667,0.0,2.553305568713226,,Damped ETS
UNKNOWN_SKU_168103,False,6658.370000000001,9867.193940887902,0.0,18261.659798954206,0.48192334473570875,Damped ETS
UNKNOWN_SKU_168104,False,0.0,0.31174473355347054,0.0,1.5724836017849295,,Damped ETS
UNKNOWN_SKU_168105,False,4681.2,3225.578961402904,0.0,9127.34975136801,-0.31095040557914544,Damped ETS
UNKNOWN_SKU_168128,False,0.0,372.45885574616636,366.1938411994971,373.7195946143978,,Damped ETS
UNKNOWN_SKU_168774,False,0.0,3.6503299852550284,0.0,4.911068853486487,,Damped ETS
UNKNOWN_SKU_168779,False,0.0,2.6582204684758493,0.0,3.9189593367073083,,Damped ETS
UNKNOWN_SKU_168784,False,0.0,4.318207798566276,0.0,5.578946666797735,,Damped ETS
UNKNOWN_SKU_169053,False,129985.57999999999,92634.31634912189,41506.64125424772,128205.86309895045,-0.2873492863660577,Damped ETS
UNKNOWN_SKU_169055,False,0.0,1.3478278702306445,0.0,2.6085667384621036,,Damped ETS
UNKNOWN_SKU_169057,False,0.0,0.9349755876997871,0.0,2.1957144559312463,,Damped ETS
UNKNOWN_SKU_169185,False,0.0,65.67302690997639,59.40801236330714,66.93376577820784,,Damped ETS
UNKNOWN_SKU_169186,False,0.0,11.11561693407688,4.850602387407631,12.376355802308339,,Damped ETS
UNKNOWN_SKU_169533,False,0.0,44.55739843622688,38.292383889557634,45.81813730445834,,Damped ETS
UNKNOWN_SKU_16998,False,50559.28,18715.87926807403,0.0,32551.812393561275,-0.629823065754219,Damped ETS
UNKNOWN_SKU_170570,False,32308.26,12524.638809471859,0.0,21366.040917271937,-0.6123394200284429,Damped ETS
UNKNOWN_SKU_170571,False,105448.75,65395.24918915688,23918.72980015532,94252.10500605583,-0.37983855485098805,Damped ETS
UNKNOWN_SKU_171082,False,0.0,0.28374370958160205,0.0,1.544482577813061,,Damped ETS
UNKNOWN_SKU_171151,False,0.0,177.69628181406324,171.431267267394,178.9570206822947,,Damped ETS
UNKNOWN_SKU_171152,False,62525.0,51606.134674794725,27012.961452757267,68716.57846812188,-0.17463199240632188,Damped ETS
UNKNOWN_SKU_171330,False,0.0,0.328358514540132,0.0,1.589097382771591,,Damped ETS
UNKNOWN_SKU_171331,False,27559.390000000003,10924.158996922608,84.12937415272427,18465.99655907187,-0.6036139044832776,Damped ETS
UNKNOWN_SKU_17148,False,0.0,0.6412234672680857,0.0,1.9019623354995447,,Damped ETS
UNKNOWN_SKU_17174,False,0.0,1.3401408107770283,0.0,2.6008796790084876,,Damped ETS
UNKNOWN_SKU_17234,False,14637.03,11819.286799604826,6062.053465000125,15824.821851443985,-0.19250785168816176,Damped ETS
UNKNOWN_SKU_172918,False,0.0,6.226783490586243,0.0,7.487522358817702,,Damped ETS
UNKNOWN_SKU_173007,False,17421.56,16332.440881232025,9479.958788019409,21099.983834803825,-0.06251559095557324,Damped ETS
UNKNOWN_SKU_17353,False,0.0,299.7415307109725,293.47651616430323,301.0022695792039,,Damped ETS
UNKNOWN_SKU_17354,False,0.0,268.1728947163538,261.9078801696846,269.43363358458527,,Damped ETS
UNKNOWN_SKU_173997,False,0.0,0.349977162230783,0.0,1.610716030462242,,Damped ETS
UNKNOWN_SKU_174014,False,0.0,0.0,0.0,1.260738868231459,,Damped ETS
UNKNOWN_SKU_174064,False,39750.450000000004,25697.458232546473,10062.277064950487,36575.47247460103,-0.35353038185614327,Damped ETS
UNKNOWN_SKU_174065,False,49325.630000000005,44904.82783301114,25503.408194848365,58403.16321382605,-0.08962484953540095,Damped ETS
UNKNOWN_SKU_174360,False,3053.62,11253.630658277663,0.0,15103.448081086612,2.685340893194852,Damped ETS
UNKNOWN_SKU_174774,False,1711.19,748.8385163982257,0.0,2906.202260327216,-0.5623872764577718,Damped ETS
UNKNOWN_SKU_175483,False,0.0,2056.030449344587,2055.6371159064097,2056.304106982225,,Damped ETS
UNKNOWN_SKU_175485,False,0.0,35.62932479584014,29.36431024917089,36.8900636640716,,Damped ETS
UNKNOWN_SKU_175505,False,6057.77,9582.068853579034,0.0,17219.33494738552,0.5817815555194459,Damped ETS
UNKNOWN_SKU_175506,False,0.0,0.11469889025584408,0.0,1.3754377584873032,,Damped ETS
UNKNOWN_SKU_175507,False,2796.19,4330.655776350671,0.0,7855.921192310794,0.5487702110195196,Damped ETS
UNKNOWN_SKU_175722,False,0.0,2.0535730897488995,0.0,3.3143119579803586,,Damped ETS
UNKNOWN_SKU_175732,False,8414.62,6841.482691283497,0.0,17450.1211866813,-0.18695286402909506,Damped ETS
UNKNOWN_SKU_175948,False,0.0,46.96741927824885,40.7024047315796,48.228158146480304,,Damped ETS
UNKNOWN_SKU_175950,False,0.0,35.49468687593369,29.22967232926444,36.755425744165144,,Damped ETS
UNKNOWN_SKU_177334,False,7883.73,16368.009886302312,0.0,26307.33472394471,1.076175856644293,Damped ETS
UNKNOWN_SKU_177336,False,0.0,177.50788809735025,171.242873550681,178.76862696558172,,Damped ETS
UNKNOWN_SKU_177337,False,0.0,748.1885514303729,741.9235368837036,749.4492902986043,,Damped ETS
UNKNOWN_SKU_177338,False,20.119999999999997,3714.1280706439193,3706.2142018677914,3719.6340623131996,183.59881066818687,Damped ETS
UNKNOWN_SKU_177339,False,14.08,0.0,0.0,3.853099537945564,-1.0,Damped ETS
UNKNOWN_SKU_180996,False,306.22999999999996,75.13054306562991,0.0,461.20660668414956,-0.7546597555248346,Damped ETS
UNKNOWN_SKU_181573,False,6.23,15.148110474456809,0.0,23.0025136235388,1.4314784068148971,Damped ETS
UNKNOWN_SKU_181585,False,271.98,217.69979095288704,0.0,560.5955483344793,-0.19957426666340528,Damped ETS
UNKNOWN_SKU_18250,False,0.0,0.3392936779131179,0.0,1.600032546144577,,Damped ETS
UNKNOWN_SKU_184465,False,0.0,7.149906550966884,0.8848920042976358,8.410645419198342,,Damped ETS
UNKNOWN_SKU_18529,False,0.0,0.0,0.0,1.260738868231459,,Damped ETS
UNKNOWN_SKU_18530,False,19247.260000000002,16994.179230367772,9423.588279074806,22261.338932975596,-0.11705981888498573,Damped ETS
UNKNOWN_SKU_18564,False,201.32,61.34284265911934,0.0,315.1547916114767,-0.6952968276419663,Damped ETS
UNKNOWN_SKU_18565,False,0.0,55.2181593771759,48.95314483050665,56.47889824540736,,Damped ETS
UNKNOWN_SKU_187316,False,23055.739999999998,21819.507208757263,12750.913724834705,28128.88655115734,-0.053619306569328784,Damped ETS
UNKNOWN_SKU_187674,False,0.0,0.0,0.0,1.260738868231459,,Damped ETS
UNKNOWN_SKU_187675,False,150521.57,117391.33276393461,58186.166115985194,158582.71002372444,-0.2201029210369344,Damped ETS
UNKNOWN_SKU_187687,False,346.8299999999999,233.70240711850914,0.0,670.964468787226,-0.32617591581319616,Damped ETS
UNKNOWN_SKU_187766,False,301.69,438.0283157033984,0.0,818.3806248601472,0.4519152630295946,Damped ETS
UNKNOWN_SKU_188151,False,0.0,1289.297391895992,1283.0323773493228,1290.5581307642235,,Damped ETS
UNKNOWN_SKU_189173,False,6753.540000000001,1357.236924714487,0.0,9871.687300870377,-0.7990332588961513,Damped ETS
UNKNOWN_SKU_189194,False,12.110000000000001,0.0,0.0,15.267547694282971,-1.0,Damped ETS
UNKNOWN_SKU_189196,False,0.0,1891.2436282357214,1884.9786136890523,1892.504367103953,,Damped ETS
UNKNOWN_SKU_189199,False,104.63000000000001,193.89494480761374,0.0,325.80605259067136,0.8531486648916538,Damped ETS
UNKNOWN_SKU_189203,False,0.0,1.894375625719639,0.0,3.155114493951098,,Damped ETS
UNKNOWN_SKU_189204,False,0.0,0.2714147691797083,0.0,1.5321536374111675,,Damped ETS
UNKNOWN_SKU_189222,False,32.88,977.5360996069796,771.5424213124948,1018.98919359443,28.73041665471349,Damped ETS
UNKNOWN_SKU_190679,False,27.02,222.0281943595004,52.747501308497306,256.0933585791144,7.217179658012597,Damped ETS
UNKNOWN_SKU_191063,False,890634.4999999999,759544.3918040262,409228.06175968045,1003273.3250730871,-0.1471873234149067,Damped ETS
UNKNOWN_SKU_19107,False,0.0,0.0,0.0,0.27365763763817924,,Damped ETS
UNKNOWN_SKU_19110,False,37942.1,25310.386488649714,10386.489843981703,35693.53194168127,-0.33292077959180655,Damped ETS
UNKNOWN_SKU_19111,False,25634.910000000003,16738.317987549366,6655.250699882987,23753.506899216703,-0.3470498633484821,Damped ETS
UNKNOWN_SKU_191669,False,20804.71,14848.648766607483,6665.460652025237,20542.016556954884,-0.28628427088829966,Damped ETS
UNKNOWN_SKU_19208,False,139077.82,117345.69250626607,62641.73539145846,155405.40017533398,-0.15625875854060645,Damped ETS
UNKNOWN_SKU_19209,False,16241.470000000001,12375.799695603946,5987.486459450011,16820.402007575307,-0.2380123415181049,Damped ETS
UNKNOWN_SKU_193020,False,11088.51,9336.494640545343,4975.012877981655,12370.95009207267,-0.15800277579716815,Damped ETS
UNKNOWN_SKU_193451,False,0.0,0.0,0.0,1.260738868231459,,Damped ETS
UNKNOWN_SKU_193452,False,6236.17,5028.246688206355,0.0,12890.428596105334,-0.19369634115068135,Damped ETS
UNKNOWN_SKU_193465,False,0.0,0.5693541540946618,0.0,1.830093022326121,,Damped ETS
UNKNOWN_SKU_193466,False,15747.1,22419.520290124878,0.0,42272.501322052485,0.4237237516828418,Damped ETS
UNKNOWN_SKU_194139,False,579.6999999999999,384.8874179920755,0.0,1115.7377399058523,-0.3360575849714067,Damped ETS
UNKNOWN_SKU_194710,False,0.0,0.6699020988612974,0.0,1.9306409670927565,,Damped ETS
UNKNOWN_SKU_194711,False,2096.75,920.1905911869378,0.0,3563.6448131512498,-0.5611348080663228,Damped ETS
UNKNOWN_SKU_194713,False,9072.97,10107.960361001791,0.0,21546.606290299773,0.11407404201730986,Damped ETS
UNKNOWN_SKU_19497,False,0.0,0.4596425933332251,0.0,1.7203814615646842,,Damped ETS
UNKNOWN_SKU_19499,False,0.0,14.248369465396442,7.983354918727193,15.5091083336279,,Damped ETS
UNKNOWN_SKU_19500,False,0.0,0.21789128083822829,0.0,1.4786301490696874,,Damped ETS
UNKNOWN_SKU_19505,False,1141.18,226.43353179185004,0.0,1665.1635134402266,-0.8015794775654586,Damped ETS
UNKNOWN_SKU_19506,False,2549.35,1846.1625341038794,0.0,5060.227167829749,-0.2758301001808777,Damped ETS
UNKNOWN_SKU_19507,False,2143.66,1744.595658964654,0.0,4447.191141237703,-0.1861602777657585,Damped ETS
UNKNOWN_SKU_19508,False,846.6300000000001,479.5107609017833,0.0,1546.8901089125839,-0.43362417950960486,Damped ETS
UNKNOWN_SKU_19509,False,1261.43,674.1910885507805,0.0,2264.52491910399,-0.46553428366950167,Damped ETS
UNKNOWN_SKU_19510,False,1224.47,382.7418663450344,0.0,1926.478788328409,-0.6874224224807186,Damped ETS
UNKNOWN_SKU_19512,False,1303.8899999999999,873.9702474883629,0.0,2517.83505038668,-0.3297208756195975,Damped ETS
UNKNOWN_SKU_19513,False,1485.38,871.3848485531391,0.0,2744.061148646784,-0.41335897308894753,Damped ETS
UNKNOWN_SKU_196883,False,117.51999999999998,100.06960959128641,0.0,248.23164138584747,-0.14848868625522105,Damped ETS
UNKNOWN_SKU_197612,False,45498.64,34403.375052308664,16507.23854871614,46854.42539045863,-0.2438592658525911,Damped ETS
UNKNOWN_SKU_198172,False,26.17,33.58624521735339,0.0,66.57978139897068,0.2833872838117457,Damped ETS
UNKNOWN_SKU_19829,False,0.0,235.22990397255234,228.9648894258831,236.4906428407838,,Damped ETS
UNKNOWN_SKU_198711,False,14689.279999999999,11113.717259453675,5335.932252704209,15133.550922859427,-0.2434130699766308,Damped ETS
UNKNOWN_SKU_198865,False,82150.81,55461.63053665178,23148.969990299327,77942.82713131468,-0.3248802959258493,Damped ETS
UNKNOWN_SKU_19911,False,350.47999999999996,43.168945868970305,0.0,485.032704406732,-0.8768290747860925,Damped ETS
UNKNOWN_SKU_19913,False,0.0,218.50888435957864,212.2438698129094,219.76962322781011,,Damped ETS
UNKNOWN_SKU_199519,False,9184.529999999999,8819.60609728991,0.0,20398.90005472779,-0.03973245258168778,Damped ETS
UNKNOWN_SKU_199521,False,0.0,0.3892686862933864,0.0,1.6500075545248456,,Damped ETS
UNKNOWN_SKU_200600,False,0.0,0.0,0.0,1.260738868231459,,Damped ETS
UNKNOWN_SKU_200601,False,0.0,0.0,0.0,1.260738868231459,,Damped ETS
UNKNOWN_SKU_200614,False,30124.719999999998,15759.681206099696,3910.6215143703685,24003.540915811307,-0.4768521929465337,Damped ETS
UNKNOWN_SKU_20472,False,0.0,0.0,0.0,1.260738868231459,,Damped ETS
UNKNOWN_SKU_20473,False,0.0,1.9366561218103158,0.0,3.197394990041775,,Damped ETS
UNKNOWN_SKU_20474,False,0.0,0.0,0.0,1.260738868231459,,Damped ETS
UNKNOWN_SKU_20639,False,0.0,68.05640238413515,61.791387837465905,69.31714125236661,,Damped ETS
UNKNOWN_SKU_20640,False,0.0,49.53078507455546,43.26577052788621,50.79152394278692,,Damped ETS
UNKNOWN_SKU_20984,False,393.28000000000003,398.5571654985632,0.0,894.3805475966315,0.013418341890162777,Damped ETS
UNKNOWN_SKU_20985,False,1940.6500000000003,2226.697792195001,0.0,4673.350676828382,0.14739792966016574,Damped ETS
UNKNOWN_SKU_20986,False,0.0,21.778497275528792,15.513482728859543,23.039236143760252,,Damped ETS
UNKNOWN_SKU_21159,False,0.0,32.32388068858003,26.058866141910784,33.58461955681149,,Damped ETS
UNKNOWN_SKU_21987,False,26897.92,27320.297052902126,16740.445699483404,34681.11829748286,0.015702963385352042,Damped ETS
UNKNOWN_SKU_221044,False,0.0,110.48813556768671,104.22312102101746,111.74887443591817,,Damped ETS
UNKNOWN_SKU_22107,False,29024.07,41567.10606587502,30150.96882287557,49509.76449672017,0.43215979240247915,Damped ETS
UNKNOWN_SKU_22110,False,162611.53,239013.01055432708,175052.4583721513,283512.897706857,0.4698404876599285,Damped ETS
UNKNOWN_SKU_221834,False,22378.36,21931.641719464053,0.0,50144.90997874021,-0.019962065161877263,Damped ETS
UNKNOWN_SKU_222162,False,0.0,182.11340486448444,175.8483903178152,183.3741437327159,,Damped ETS
UNKNOWN_SKU_225761,False,1453.9299999999998,531.7007673372309,0.0,2364.726830024996,-0.6343009860603805,Damped ETS
UNKNOWN_SKU_22623,False,97072.95,56306.17849510951,18124.141317593618,82870.9326706786,-0.41996015887938387,Damped ETS
UNKNOWN_SKU_22710,False,18075.82,14125.779032331307,7015.954603856791,19072.36523190426,-0.21852623934453275,Damped ETS
UNKNOWN_SKU_22712,False,13931.480000000001,11028.56865204388,0.0,28592.52698003309,-0.2083706359953229,Damped ETS
UNKNOWN_SKU_227753,False,151199.82,156544.0989432019,97072.15389080872,197921.08449571984,0.03534580228469797,Damped ETS
UNKNOWN_SKU_227754,False,15391.229999999998,19097.07539717663,0.0,38501.39728806671,0.24077642899083673,Damped ETS
UNKNOWN_SKU_22848,False,23881.63,18344.69808312919,8951.254445950359,24880.08853187826,-0.23184899510087087,Damped ETS
UNKNOWN_SKU_22902,False,0.0,29.562133422181457,23.297118875512208,30.822872290412917,,Damped ETS
UNKNOWN_SKU_230221,False,1015.83,897.2924002418083,0.0,2177.9887647573714,-0.11669039087070843,Damped ETS
UNKNOWN_SKU_230328,False,0.0,34.21544417718898,27.95042963051973,35.476183045420434,,Damped ETS
UNKNOWN_SKU_233063,False,2.04,9.075932034904547,0.0,11.647839326096722,3.4489862916198755,Damped ETS
UNKNOWN_SKU_23413,False,0.0,1352.4995563290656,1346.2345417823965,1353.7602951972972,,Damped ETS
UNKNOWN_SKU_23430,False,0.0,16.30755725767209,10.042542711002842,17.56829612590355,,Damped ETS
UNKNOWN_SKU_24301,False,453.73999999999995,658.3035073174728,0.0,1230.351161388815,0.45083860210136395,Damped ETS
UNKNOWN_SKU_2440,False,65652.49,95315.85374674808,69492.5341301454,113282.15906521227,0.45182389497714515,Damped ETS
UNKNOWN_SKU_245367,False,171214.72000000003,146536.89883506583,79192.42435089723,193391.11463914817,-0.14413375885516266,Damped ETS
UNKNOWN_SKU_2462,False,28.84,15.019580343506314,0.0,51.37928930330159,-0.4792101129158698,Damped ETS
UNKNOWN_SKU_2464,False,136.67999999999998,11.280060523632752,0.0,183.59784903350857,-0.9174710233857715,Damped ETS
UNKNOWN_SKU_2465,False,6.83,4.125458157669568,0.0,12.736304627690433,-0.39597977193710565,Damped ETS
UNKNOWN_SKU_246583,False,0.0,0.6215740225036303,0.0,1.8823128907350895,,Damped ETS
UNKNOWN_SKU_25189,False,0.0,0.7975626976125362,0.0,2.0583015658439954,,Damped ETS
UNKNOWN_SKU_25263,False,1997.6100000000001,1814.7145412769235,0.0,4333.179111844768,-0.0915571401440104,Damped ETS
UNKNOWN_SKU_25357,False,54.67,95.7447833717289,0.0,164.6693772979428,0.7513221761794202,Damped ETS
UNKNOWN_SKU_25359,False,224.35000000000002,320.9797769900736,0.0,603.8265420778015,0.43070994869656154,Damped ETS
UNKNOWN_SKU_25360,False,0.26,0.42647566351196586,0.0,1.6872145317434248,0.640291013507561,Damped ETS
UNKNOWN_SKU_26416,False,1.78,2.4176222104278633,0.0,4.661737395879861,0.3582147249594738,Damped ETS
UNKNOWN_SKU_26435,False,0.0,1.1730053129873115,0.0,2.4337441812187706,,Damped ETS
UNKNOWN_SKU_26437,False,0.0,10.851388405680119,4.5863738590108705,12.112127273911579,,Damped ETS
UNKNOWN_SKU_26439,False,0.0,11.280895473301348,5.015880926632099,12.541634341532806,,Damped ETS
UNKNOWN_SKU_265208,False,176.11,814.3957418219496,0.0,1036.424463906192,3.624358309136049,Damped ETS
UNKNOWN_SKU_26526,False,5950.09,5635.585896097782,0.0,13137.095628573104,-0.052857033070460746,Damped ETS
UNKNOWN_SKU_26695,False,22836.0,16206.591553217844,7224.429159000372,22455.837366323307,-0.29030515181214556,Damped ETS
UNKNOWN_SKU_272359,False,64.11,73.51217393142225,0.0,154.33814277374108,0.14665690112965613,Damped ETS
UNKNOWN_SKU_273063,False,82.78,129.72566617147297,0.0,234.08962968367314,0.5671136285512559,Damped ETS
UNKNOWN_SKU_273644,False,691.99,999.1402301441948,0.0,1871.558919571682,0.4438651283171646,Damped ETS
UNKNOWN_SKU_27672,False,4765.04,5014.6565182406475,0.0,11022.12765491828,0.05238497856065161,Damped ETS
UNKNOWN_SKU_28796,False,47403.66,29784.209116415423,11138.764546426326,42756.58272741888,-0.37168967298273126,Damped ETS
UNKNOWN_SKU_29410,False,8710.95,11006.528135368713,0.0,21988.761379589545,0.26352787415479506,Damped ETS
UNKNOWN_SKU_29411,False,3472.3499999999995,148.47242983295533,0.0,4526.199038936462,-0.957241513720404,Damped ETS
UNKNOWN_SKU_294525,False,15.36,183.18765271268907,86.95702927584942,202.55260172872428,10.926279473482362,Damped ETS
UNKNOWN_SKU_295127,False,0.0,2009.1241952848854,2008.7308618467082,2009.3978529225237,,Damped ETS
UNKNOWN_SKU_295129,False,0.0,1.0479172056065944,0.0,2.3086560738380535,,Damped ETS
UNKNOWN_SKU_298486,False,9977.99,8649.396234160346,0.0,21229.03605398516,-0.13315244511566504,Damped ETS
UNKNOWN_SKU_299849,False,18502.030000000002,17823.940656408973,10546.473583248897,22887.162477719696,-0.03664945649699136,Damped ETS
UNKNOWN_SKU_301727,False,0.0,3495.3780891754695,3489.1130746288004,3496.638828043701,,Damped ETS
UNKNOWN_SKU_301728,False,0.0,1575.2204358660924,1568.9554213194233,1576.481174734324,,Damped ETS
UNKNOWN_SKU_301729,False,0.0,2.3059704709540347,0.0,3.566709339185494,,Damped ETS
UNKNOWN_SKU_301732,False,0.0,16098.472618763539,16098.07928532536,16098.746276401176,,Damped ETS
UNKNOWN_SKU_301733,False,0.0,18946.320590678784,18945.927257240608,18946.59424831642,,Damped ETS
UNKNOWN_SKU_301765,False,0.0,8.292155746314876,2.0271411996456274,9.552894614546336,,Damped ETS
UNKNOWN_SKU_301768,False,0.0,8.039464905726785,1.7744503590575365,9.300203773958245,,Damped ETS
UNKNOWN_SKU_305255,False,7981.360000000001,5901.087398386,0.0,15963.49817173384,-0.2606413695929015,Damped ETS
UNKNOWN_SKU_30879,False,10980.369999999999,9393.125689782042,0.0,23236.504936344707,-0.1445528985105199,Damped ETS
UNKNOWN_SKU_30880,False,54006.86,44103.91515674196,22861.21122778033,58883.30488059784,-0.18336457337564227,Damped ETS
UNKNOWN_SKU_30881,False,13200.1,8956.356201668652,0.0,25598.235336210735,-0.32149330674247534,Damped ETS
UNKNOWN_SKU_30882,False,4041.1899999999996,2852.348983455057,0.0,7947.234290363347,-0.2941809260502334,Damped ETS
UNKNOWN_SKU_30883,False,18942.969999999998,15616.452917025352,8165.549397635366,20800.34133707625,-0.17560694458021342,Damped ETS
UNKNOWN_SKU_31041,False,4.0600000000000005,9.90225254792924,0.0,15.020852352948964,1.4389784600810933,Damped ETS
UNKNOWN_SKU_31448,False,0.0,169.27250187169577,163.00748732502652,170.53324073992724,,Damped ETS
UNKNOWN_SKU_31449,False,0.0,134.60570748300464,128.3406929363354,135.8664463512361,,Damped ETS
UNKNOWN_SKU_31450,False,5360.65,4718.044181295386,0.0,11476.423995280356,-0.1198746082479949,Damped ETS
UNKNOWN_SKU_315577,False,0.0,1.7699652405188102,0.0,3.0307041087502693,,Damped ETS
UNKNOWN_SKU_31625,False,0.0,32.206063010687856,25.941048464018607,33.46680187891931,,Damped ETS
UNKNOWN_SKU_316983,False,0.0,248.1889931161505,241.92397856948125,249.44973198438197,,Damped ETS
UNKNOWN_SKU_31709,False,839.0999999999999,103.14507545437876,0.0,1161.0310597873959,-0.8770765397993341,Damped ETS
UNKNOWN_SKU_31743,False,3397.9799999999996,2709.053460987089,0.0,6993.018920460221,-0.20274590757241384,Damped ETS
UNKNOWN_SKU_31745,False,3028.72,2594.278808749254,0.0,6412.703833739239,-0.14344052644376037,Damped ETS
UNKNOWN_SKU_31746,False,3560.9100000000008,2793.869975682396,0.0,7283.247618956482,-0.2154056194393018,Damped ETS
UNKNOWN_SKU_31747,False,11500.51,9776.59815550257,0.0,24275.738116987148,-0.1498987300995721,Damped ETS
UNKNOWN_SKU_31749,False,352.34999999999997,258.1213702984347,0.0,702.3427105197893,-0.2674290611652199,Damped ETS
UNKNOWN_SKU_31750,False,878.2399999999999,284.4675052680963,0.0,1391.698808903693,-0.676093658603461,Damped ETS
UNKNOWN_SKU_31751,False,2305.8,1686.158940221571,0.0,4593.17062258967,-0.26873148572227823,Damped ETS
UNKNOWN_SKU_32301,False,0.0,0.0,0.0,1.260738868231459,,Damped ETS
UNKNOWN_SKU_326032,False,41.56,81.09321704311593,0.0,133.48952440681538,0.9512323638863311,Damped ETS
UNKNOWN_SKU_326096,False,43.5,3.62655576256526,0.0,58.46869653063373,-0.916630902009994,Damped ETS
UNKNOWN_SKU_326585,False,72618.39,51821.80743574118,23258.566422139058,71694.38449222916,-0.28638176313546493,Damped ETS
UNKNOWN_SKU_327268,False,78.91000000000001,167.6429637994376,0.0,267.12786789158207,1.1244831301411429,Damped ETS
UNKNOWN_SKU_327754,False,39910.66,36496.364962760366,20798.16784503399,47418.22189494094,-0.08554844839047104,Damped ETS
UNKNOWN_SKU_327758,False,22941.440000000002,22404.104313519645,13380.468841580756,28682.204587937675,-0.02342205574193934,Damped ETS
UNKNOWN_SKU_32978,False,16432.54,17187.54536173385,0.0,37904.687243502034,0.04594574921064232,Damped ETS
UNKNOWN_SKU_329981,False,58888.93,32288.254440147088,9125.269132663067,48403.65990698719,-0.45170926963442726,Damped ETS
UNKNOWN_SKU_329991,False,81661.67,57392.31172487383,25272.046296471435,79739.6514226624,-0.2971939990343838,Damped ETS
UNKNOWN_SKU_33063,False,9987.36,7772.472273187564,0.0,20363.92521620771,-0.22176908880949886,Damped ETS
UNKNOWN_SKU_33064,False,38074.99,30531.55322373153,15555.386498464135,40951.06504022883,-0.19812051890935412,Damped ETS
UNKNOWN_SKU_33065,False,8930.300000000001,6685.579549737744,0.0,17944.355864705147,-0.2513600271281208,Damped ETS
UNKNOWN_SKU_330988,False,842.93,1258.9260764778471,0.0,2321.640690676191,0.49351200749510293,Damped ETS
UNKNOWN_SKU_331003,False,42.11,6.6176688932636845,0.0,59.70738263449042,-0.8428480433801072,Damped ETS
UNKNOWN_SKU_331735,False,2.84,10.07200988498257,0.0,13.652508270759913,2.5464823538671024,Damped ETS
UNKNOWN_SKU_331737,False,6.92,1.4345995409651167,0.0,10.158912509126813,-0.792687927606197,Damped ETS
UNKNOWN_SKU_33374,False,261.47,39.80113866329168,0.0,369.44653053977135,-0.8477793297001887,Damped ETS
UNKNOWN_SKU_336755,False,23637.86,21290.500096643354,11992.93935168901,27759.181023065365,-0.0993050937503076,Damped ETS
UNKNOWN_SKU_33730,False,3707.1800000000003,3038.7169388469606,0.0,7712.502856377261,-0.18031578211822452,Damped ETS
UNKNOWN_SKU_33761,False,54019.52,42712.55292667373,21464.869396384773,57495.40715622211,-0.2093126165009661,Damped ETS
UNKNOWN_SKU_33849,False,6876.119999999999,5949.036464424336,0.0,14618.028211048035,-0.1348265497948935,Damped ETS
UNKNOWN_SKU_33850,False,3931.88,2932.9619131029363,0.0,7890.035854324846,-0.25405609705714916,Damped ETS
UNKNOWN_SKU_341690,False,0.0,0.21598197824857604,0.0,1.4767208464800352,,Damped ETS
UNKNOWN_SKU_34351,False,29754.059999999998,201.67668233101432,0.0,8344.102452075656,-0.9932218768688705,Damped ETS
UNKNOWN_SKU_344131,False,0.0,0.0,0.0,1.260738868231459,,Damped ETS
UNKNOWN_SKU_347566,False,9951.359999999999,4794.214930407249,880.0122870669106,7517.48059929432,-0.5182352029866019,Damped ETS
UNKNOWN_SKU_348820,False,31876.499999999996,28246.43026375157,0.0,68434.37279693167,-0.11387918172473233,Damped ETS
UNKNOWN_SKU_349387,False,46308.54,13958.747252060384,0.0,26631.432910933516,-0.6985707765336505,Damped ETS
UNKNOWN_SKU_35676,False,3858.83,3249.1583183821167,0.0,8114.135285279718,-0.1579939208562915,Damped ETS
UNKNOWN_SKU_3595,False,67169.1,49723.70523923349,23303.852196956697,68105.04246751612,-0.25972351513964775,Damped ETS
UNKNOWN_SKU_36071,False,0.0,4.511390427033395,0.0,5.772129295264854,,Damped ETS
UNKNOWN_SKU_36547,False,0.0,2.398363785852093,0.0,3.659102654083552,,Damped ETS
UNKNOWN_SKU_366062,False,3888.59,1777.8433237136624,0.0,6680.339879329832,-0.5428051494979769,Damped ETS
UNKNOWN_SKU_366063,False,5893.389999999999,3399.792312618301,0.0,10829.818151264899,-0.4231177110935639,Damped ETS
UNKNOWN_SKU_36733,False,2869.4700000000003,1179.2868558656564,0.0,4796.939216089781,-0.5890227617414867,Damped ETS
UNKNOWN_SKU_36736,False,3177.34,2127.7482044326202,0.0,6133.544240019164,-0.33033663239293876,Damped ETS
UNKNOWN_SKU_36737,False,192.24,55.10234037497037,0.0,297.46678040378606,-0.7133669352113485,Damped ETS
UNKNOWN_SKU_36799,False,0.0,68.03175117038984,61.76673662372059,69.2924900386213,,Damped ETS
UNKNOWN_SKU_372801,False,97561.62,84830.7735199176,46456.52609116759,111529.25597327133,-0.13049031453231708,Damped ETS
UNKNOWN_SKU_374962,False,64307.69000000001,55161.41944359804,29867.054634656233,72759.7099709664,-0.14222670035888352,Damped ETS
UNKNOWN_SKU_37509,False,0.0,3278.2713640493566,3272.0063495026875,3279.532102917588,,Damped ETS
UNKNOWN_SKU_378920,False,19.84,47.9835721725615,0.0,72.99663131827364,1.4185268232137855,Damped ETS
UNKNOWN_SKU_38120,False,0.0,5.172709189688676,0.0,6.433448057920135,,Damped ETS
UNKNOWN_SKU_38270,False,705.5400000000001,37.134388678506355,0.0,926.6360897705301,-0.9473674225720634,Damped ETS
UNKNOWN_SKU_382754,False,0.0,6.679150975647794,0.4141364289785452,7.939889843879253,,Damped ETS
UNKNOWN_SKU_382756,False,1465.6000000000001,1529.600633541855,0.0,3377.3395188218815,0.043668554545479576,Damped ETS
UNKNOWN_SKU_382759,False,2055.46,2941.9187691557167,0.0,5533.317083250751,0.4312702602608256,Damped ETS
UNKNOWN_SKU_382879,False,2791.3199999999997,2216.155517146268,0.0,5735.281134818104,-0.20605465616759522,Damped ETS
UNKNOWN_SKU_38402,False,22859.539999999997,17049.115321320638,8057.693857968474,23304.8030352161,-0.25417942262527415,Damped ETS
UNKNOWN_SKU_3903,False,0.0,293.77860275576785,293.38526931759054,294.052260393406,,Damped ETS
UNKNOWN_SKU_390891,False,241.32,194.55134024069656,0.0,498.7928439223123,-0.19380349643338068,Damped ETS
UNKNOWN_SKU_390895,False,513.71,496.8550782509574,0.0,1144.5092422501402,-0.032810188139305585,Damped ETS
UNKNOWN_SKU_391094,False,12749.55,10579.708985076504,5564.884648362747,14068.720719026353,-0.1701896157059265,Damped ETS
UNKNOWN_SKU_392696,False,27120.370000000003,21178.439520754077,10511.091144012804,28600.135906827425,-0.2190947424111812,Damped ETS
UNKNOWN_SKU_39426,False,1.3900000000000001,3.486602540792668,0.0,5.239029567634397,1.5083471516494011,Damped ETS
UNKNOWN_SKU_3946,False,16341.86,11666.925400420809,5239.1254204082525,16139.000202634665,-0.28607114487452423,Damped ETS
UNKNOWN_SKU_39955,False,4816.239999999999,4102.845787454108,0.0,10174.86675418519,-0.1481226459947783,Damped ETS
UNKNOWN_SKU_40096,False,55665.42999999999,54523.23130882674,32628.15633930734,69756.50138074017,-0.02051899520354472,Damped ETS
UNKNOWN_SKU_40097,False,38381.86,30482.72415126939,15385.855193828516,40986.21328702872,-0.20580388362446767,Damped ETS
UNKNOWN_SKU_402052,False,12565.210000000001,8252.023629932626,0.0,24093.47226442324,-0.3432641690880912,Damped ETS
UNKNOWN_SKU_402053,False,12842.23,11686.053314484787,0.0,27876.751830252877,-0.09002927727623733,Damped ETS
UNKNOWN_SKU_402054,False,0.0,1.4407678557081038,0.0,2.7015067239395627,,Damped ETS
UNKNOWN_SKU_404672,False,5873.35,6616.66331613782,0.0,14021.42394786506,0.1265569591694382,Damped ETS
UNKNOWN_SKU_40483,False,0.0,32.762966218417155,26.497951671747906,34.02370508664861,,Damped ETS
UNKNOWN_SKU_40554,False,39865.72,33520.890281089945,17840.36956807526,44430.44903903506,-0.15915502639636403,Damped ETS
UNKNOWN_SKU_406440,False,29.630000000000003,59.74281158624348,0.0,97.09850425194162,1.0162946873521252,Damped ETS
UNKNOWN_SKU_40701,False,90230.01000000001,34357.56859746024,0.0,59049.69997812953,-0.6192223784807268,Damped ETS
UNKNOWN_SKU_407977,False,79.87,100.4611645218293,0.0,201.15637792747594,0.25780849532777395,Damped ETS
UNKNOWN_SKU_408131,False,6960.900000000001,3130.185614891921,392.2308850833556,5035.089064727523,-0.5503188359419154,Damped ETS
UNKNOWN_SKU_411685,False,0.0,0.0,0.0,1.260738868231459,,Damped ETS
UNKNOWN_SKU_41217,False,1657.1799999999998,613.896591537212,0.0,2703.167829193021,-0.629553463391296,Damped ETS
UNKNOWN_SKU_412540,False,0.0,11.167215262582994,4.902200715913746,12.427954130814452,,Damped ETS
UNKNOWN_SKU_412543,False,0.0,1.0882755461505056,0.0,2.3490144143819647,,Damped ETS
UNKNOWN_SKU_412544,False,0.0,0.18538261202963707,0.0,1.4461214802610962,,Damped ETS
UNKNOWN_SKU_412545,False,0.0,11.173766242913072,4.908751696243823,12.434505111144531,,Damped ETS
UNKNOWN_SKU_414261,False,1570.38,5580.763229401088,0.0,7560.602333294407,2.5537661135528267,Damped ETS
UNKNOWN_SKU_414264,False,1.3,1.7753212936750185,0.0,3.4142818223759153,0.3656317643653988,Damped ETS
UNKNOWN_SKU_41608,False,24734.449999999997,14525.750895356254,4796.864635431035,21294.522050635915,-0.41273200352721584,Damped ETS
UNKNOWN_SKU_421650,False,19.189999999999998,48.564863596780725,0.0,72.75844247814243,1.5307380717446968,Damped ETS
UNKNOWN_SKU_421651,False,0.0,1.8604809014484305,0.0,3.1212197696798896,,Damped ETS
UNKNOWN_SKU_421652,False,19.65,27.154068859310257,0.0,51.927587620058425,0.3818864559445425,Damped ETS
UNKNOWN_SKU_421653,False,10.17,9.587360558272573,0.0,22.409074848186513,-0.05729001393583344,Damped ETS
UNKNOWN_SKU_421654,False,1.3199999999999998,2.1830843713317103,0.0,3.8472596773972363,0.6538517964634172,Damped ETS
UNKNOWN_SKU_421655,False,0.0,0.5887769393052587,0.0,1.8495158075367177,,Damped ETS
UNKNOWN_SKU_424280,False,0.0,0.31847581060783753,0.0,1.5792146788392967,,Damped ETS
UNKNOWN_SKU_4266,False,1041.94,0.0,0.0,285.1348389607245,-1.0,Damped ETS
UNKNOWN_SKU_4267,False,1540.04,22.855726778635585,0.0,444.2994350469371,-0.9851590044553157,Damped ETS
UNKNOWN_SKU_427470,False,48.89,65.9473188271196,0.0,127.58484209495563,0.3488917739234936,Damped ETS
UNKNOWN_SKU_427474,False,0.0,17.795907936523577,11.530893389854327,19.056646804755037,,Damped ETS
UNKNOWN_SKU_428841,False,4234.129999999999,7825.693307483172,0.0,13163.82557162804,0.8482411516611852,Damped ETS
UNKNOWN_SKU_428842,False,9731.460000000001,12094.002937467547,0.0,24362.832804107264,0.24277373975411143,Damped ETS
UNKNOWN_SKU_428846,False,59890.10000000001,18121.997158345963,0.0,34511.380442260284,-0.6974124745434394,Damped ETS
UNKNOWN_SKU_429709,False,756903.97,767234.8600662271,469519.2191760577,974367.4124153864,0.013648878161158562,Damped ETS
UNKNOWN_SKU_434231,False,83.57000000000001,100.45037683120566,0.0,205.8103240493087,0.20199086790960452,Damped ETS
UNKNOWN_SKU_434983,False,211.85000000000002,229.84285625946646,0.0,496.93038549430105,0.08493205692455241,Damped ETS
UNKNOWN_SKU_435431,False,112671.46,113022.14360840389,68704.69086214455,143855.5491812485,0.0031124439889558264,Damped ETS
UNKNOWN_SKU_435435,False,200882.93000000002,152333.9637337828,73319.99020574719,207307.11179941852,-0.24167790795473376,Damped ETS
UNKNOWN_SKU_435648,False,194.41,88.03199018351603,0.0,333.132233556394,-0.5471838373359599,Damped ETS
UNKNOWN_SKU_437039,False,362746.79000000004,256886.52449198498,114206.08239349563,356154.9541042177,-0.29182964102319153,Damped ETS
UNKNOWN_SKU_437040,False,78673.56,84603.3846851051,53658.442836654765,106133.00525929066,0.075372522676044,Damped ETS
UNKNOWN_SKU_437161,False,0.0,3543.1781019305427,3536.9130873838735,3544.438840798774,,Damped ETS
UNKNOWN_SKU_437164,False,51108.740000000005,41959.67295332435,21856.896528213194,55945.97000438827,-0.179011790286273,Damped ETS
UNKNOWN_SKU_437167,False,75366.45000000001,66064.01965607604,36419.87475435632,86688.624320252,-0.12342932888472224,Damped ETS
UNKNOWN_SKU_437169,False,29056.4,23226.839556933104,11797.985843877379,31178.345339203097,-0.20062913654364944,Damped ETS
UNKNOWN_SKU_437351,False,48022.729999999996,73975.62199520948,55086.67649364795,87117.4088399456,0.5404293340926158,Damped ETS
UNKNOWN_SKU_43832,False,19662.570000000003,12996.845672912412,5262.899411410018,18377.658129007745,-0.33900575189751847,Damped ETS
UNKNOWN_SKU_438586,False,263.38,173.5203241769589,0.0,505.57372729176063,-0.3411788132092076,Damped ETS
UNKNOWN_SKU_43898,False,0.0,20.75902981099226,14.49401526432301,22.01976867922372,,Damped ETS
UNKNOWN_SKU_439124,False,0.0,13.888103762855158,7.623089216185909,15.148842631086616,,Damped ETS
UNKNOWN_SKU_439213,False,99.37,8.849530441252234,0.0,134.12915177741232,-0.9109436405227711,Damped ETS
UNKNOWN_SKU_44049,False,0.0,46.69862660242276,40.433612055753514,47.95936547065422,,Damped ETS
UNKNOWN_SKU_443798,False,329.32,325.1913967101806,0.0,740.3779207961647,-0.012536752367968584,Damped ETS
UNKNOWN_SKU_443910,False,23.25,48.62940942321844,0.0,77.94158810959986,1.0915875020739114,Damped ETS
UNKNOWN_SKU_445158,False,225.23,241.57828459239047,0.0,525.534499884162,0.07258484479150407,Damped ETS
UNKNOWN_SKU_446070,False,46492.46,45426.13834612489,27139.099205002978,58149.155117712435,-0.022935367452595723,Damped ETS
UNKNOWN_SKU_44708,False,0.0,34.95918540892591,28.694170862256662,36.21992427715737,,Damped ETS
UNKNOWN_SKU_44795,False,19376.559999999998,19320.690949273318,11699.241984424025,24623.234584427755,-0.0028833317537623193,Damped ETS
UNKNOWN_SKU_447995,False,0.0,2.1634948128120075,0.0,3.4242336810434666,,Damped ETS
UNKNOWN_SKU_447996,False,0.0,24.76338567605562,18.49837112938637,26.02412454428708,,Damped ETS
UNKNOWN_SKU_448030,False,3034.8,2319.8320514051793,0.0,6145.922368714011,-0.23558980776157268,Damped ETS
UNKNOWN_SKU_448034,False,5270.910000000001,5131.652755130219,0.0,11776.893863080099,-0.026419962562400423,Damped ETS
UNKNOWN_SKU_448035,False,7119.609999999999,7323.527543899364,0.0,16299.49659754874,0.028641673335950246,Damped ETS
UNKNOWN_SKU_44819,False,0.0,484.44493205186035,478.1799175051911,485.7056709200918,,Damped ETS
UNKNOWN_SKU_44915,False,0.0,10.223505441218327,3.9584908945490787,11.484244309449785,,Damped ETS
UNKNOWN_SKU_44974,False,0.0,1.0172672956625746,0.0,2.278006163894034,,Damped ETS
UNKNOWN_SKU_44979,False,5493.58,5279.684017072563,0.0,12205.653848811542,-0.038935627209840784,Damped ETS
UNKNOWN_SKU_44980,False,3048.1900000000005,2969.1810091605034,0.0,6812.152619914956,-0.025919969174984847,Damped ETS
UNKNOWN_SKU_449836,False,222678.81,301463.05780270434,213876.03585616828,362400.8148993853,0.3538021772377189,Damped ETS
UNKNOWN_SKU_451343,False,149.28,131.65924107671418,0.0,319.86233932630637,-0.11803831004344734,Damped ETS
UNKNOWN_SKU_451350,False,0.0,18.576808078184087,12.311793531514837,19.837546946415547,,Damped ETS
UNKNOWN_SKU_452155,False,0.0,127.42235572571487,121.15734117904562,128.68309459394632,,Damped ETS
UNKNOWN_SKU_452160,False,14.629999999999999,162.37616847950164,70.71900566173055,180.8207781217279,10.098849520129983,Damped ETS
UNKNOWN_SKU_460954,False,1370.64,1170.7816064911897,0.0,2898.8007288439567,-0.1458139216050972,Damped ETS
UNKNOWN_SKU_460985,False,284.92,204.5924576273805,0.0,563.8021759638879,-0.2819301641605346,Damped ETS
UNKNOWN_SKU_462672,False,2.9400000000000004,18.23255593844877,0.0,21.93912821104926,5.201549638928152,Damped ETS
UNKNOWN_SKU_463413,False,79.42,91.9615662686541,0.0,192.08944718359658,0.15791445817998095,Damped ETS
UNKNOWN_SKU_463519,False,67.51,79.78465734814975,0.0,164.89713834245555,0.18181983925566203,Damped ETS
UNKNOWN_SKU_46423,False,65466.03999999999,22644.33900358061,0.0,40559.62085550716,-0.654105563684918,Damped ETS
UNKNOWN_SKU_46424,False,75274.59,96095.08264674559,66487.06935465685,116694.5491203281,0.27659390302551756,Damped ETS
UNKNOWN_SKU_465730,False,43543.52,12302.655363675687,0.0,24218.672181326496,-0.717463003365927,Damped ETS
UNKNOWN_SKU_4658,False,40200.64,629.8354012544146,0.0,11631.047575197308,-0.9843327021347318,Damped ETS
UNKNOWN_SKU_46948,False,29475.11,25203.526141439605,13609.97978448465,33269.61511316508,-0.14492172746973275,Damped ETS
UNKNOWN_SKU_470410,False,72.64,18.29802325409376,0.0,109.87809464242696,-0.7480999001363744,Damped ETS
UNKNOWN_SKU_47233,False,138916.43999999997,118136.55585440586,63496.07488985132,156152.1006539117,-0.14958549287322742,Damped ETS
UNKNOWN_SKU_4741,False,0.0,0.0,0.0,1.260738868231459,,Damped ETS
UNKNOWN_SKU_4784,False,0.0,4.8978352976975605,0.0,6.15857416592902,,Damped ETS
UNKNOWN_SKU_480610,False,0.0,6.980298446021905,0.7152838993526567,8.241037314253365,,Damped ETS
UNKNOWN_SKU_48194,False,0.0,0.060037251115273305,0.0,1.3207761193467324,,Damped ETS
UNKNOWN_SKU_484741,False,0.07,0.06475058342461547,0.0,1.3254894516560745,-0.07499166536263624,Damped ETS
UNKNOWN_SKU_484745,False,0.09,0.0830560405349827,0.0,1.3437949087664418,-0.07715510516685886,Damped ETS
UNKNOWN_SKU_484755,False,47483.01,157916.32742417385,0.0,217780.00371179692,2.3257438276169484,Damped ETS
UNKNOWN_SKU_485538,False,23039.78,36581.74018572856,0.0,65628.88634723036,0.5877643009494258,Damped ETS
UNKNOWN_SKU_48678,False,0.0,42.97061715483865,36.7056026081694,44.231356023070106,,Damped ETS
UNKNOWN_SKU_48811,False,4336.78,4779.815698349625,0.0,10247.362807318452,0.10215775260668636,Damped ETS
UNKNOWN_SKU_48812,False,13027.01,0.0,0.0,3564.9407820889373,-1.0,Damped ETS
UNKNOWN_SKU_48813,False,1286.7500000000002,1428.7075514235494,0.0,3050.9632901203795,0.11032255793553447,Damped ETS
UNKNOWN_SKU_49139,False,35451.64,37233.79667534233,23289.48122511743,46935.40872814151,0.050270077078023334,Damped ETS
UNKNOWN_SKU_49143,False,7223.43,15976.401811236832,13135.185253903572,17953.148600681587,1.2117473016609606,Damped ETS
UNKNOWN_SKU_49597,False,0.0,58.299747141190565,52.034732594521316,59.56048600942202,,Damped ETS
UNKNOWN_SKU_49819,False,21110.43,5518.754371641544,0.0,11295.784774967691,-0.7385768849027925,Damped ETS
UNKNOWN_SKU_49820,False,15641.000000000002,22298.722891331512,0.0,42017.93952933977,0.4256583908529832,Damped ETS
UNKNOWN_SKU_49875,False,11455.800000000001,5789.083217540134,1283.1340164682942,8924.050382795587,-0.4946591929380634,Damped ETS
UNKNOWN_SKU_49876,False,12160.94,15243.803572743866,10460.499231075664,18571.737684603504,0.253505368231721,Damped ETS
UNKNOWN_SKU_499942,False,58.900000000000006,112.80312725471532,0.0,187.06064659354826,0.9151634508440629,Damped ETS
UNKNOWN_SKU_499955,False,926.01,756.9848633745933,0.0,1924.4416627456067,-0.18253057377934012,Damped ETS
UNKNOWN_SKU_499958,False,28.93,49.40074416050501,0.0,85.87391961844112,0.7075957193399589,Damped ETS
UNKNOWN_SKU_500331,False,668.3299999999999,994.3264356228244,0.0,1836.9160434279554,0.4877776482019729,Damped ETS
UNKNOWN_SKU_501109,False,401.54999999999995,0.0,0.0,506.24969253834234,-1.0,Damped ETS
UNKNOWN_SKU_501110,False,5735.92,9093.752494365139,0.0,16325.249783431329,0.5854043456612259,Damped ETS
UNKNOWN_SKU_501788,False,6316.22,5681.964023856166,0.0,13645.068078157074,-0.1004170177960606,Damped ETS
UNKNOWN_SKU_50212,False,89016.78,101624.58648976342,66611.31035688857,125984.70821472094,0.14163404348891762,Damped ETS
UNKNOWN_SKU_502261,False,0.0,311.5020123576226,305.23699781095337,312.76275122585406,,Damped ETS
UNKNOWN_SKU_502262,False,0.0,0.0,0.0,1.260738868231459,,Damped ETS
UNKNOWN_SKU_502264,False,0.0,1882.0899435969873,1875.8249290503181,1883.3506824652188,,Damped ETS
UNKNOWN_SKU_502265,False,0.0,0.0,0.0,1.260738868231459,,Damped ETS
UNKNOWN_SKU_50250,False,35895.56,25706.7186391023,11587.794609001718,35529.81279040182,-0.28384684236428404,Damped ETS
UNKNOWN_SKU_50274,False,0.0,49.37697719182722,43.11196264515797,50.63771606005868,,Damped ETS
UNKNOWN_SKU_50493,False,0.0,0.6051040401548912,0.0,1.8658429083863504,,Damped ETS
UNKNOWN_SKU_50841,False,12171.569999999998,11232.988005125286,0.0,26578.159391525263,-0.07711264815259755,Damped ETS
UNKNOWN_SKU_51054,False,90783.92000000001,85097.70400292335,49389.35261810781,109941.41708565681,-0.06263461631835976,Damped ETS
UNKNOWN_SKU_51208,False,0.0,55.988764254051354,49.723749707382105,57.24950312228281,,Damped ETS
UNKNOWN_SKU_51209,False,11.15,36.97853556831414,0.0,51.03577394909491,2.31646058908647,Damped ETS
UNKNOWN_SKU_51222,False,14754.18,10875.910634689948,5072.598287802773,14913.50467877842,-0.2628590247177446,Damped ETS
UNKNOWN_SKU_5146,False,0.0,0.0,0.0,1.260738868231459,,Damped ETS
UNKNOWN_SKU_5147,False,0.0,10.697845656379421,4.432831109710173,11.958584524610881,,Damped ETS
UNKNOWN_SKU_51972,False,9481.44,8358.1902263742,0.0,20311.810161178684,-0.11846826786076814,Damped ETS
UNKNOWN_SKU_519748,False,0.0,0.21314689052366967,0.0,1.4738857587551288,,Damped ETS
UNKNOWN_SKU_519749,False,0.0,0.02699394784075101,0.0,1.2877328160722101,,Damped ETS
UNKNOWN_SKU_522241,False,81.0,151.16706035642358,0.0,253.28690868317176,0.866260004400291,Damped ETS
UNKNOWN_SKU_5247,False,0.0,668.661983227335,662.3969686806657,669.9227220955664,,Damped ETS
UNKNOWN_SKU_5248,False,0.97,0.0,0.0,1.260738868231459,-1.0,Damped ETS
UNKNOWN_SKU_5260,False,9804.76,7703.878243432371,3847.3382821288287,10387.025702641686,-0.2142716146614123,Damped ETS
UNKNOWN_SKU_528335,False,2810.8599999999997,2153.711873368946,0.0,5697.472328526024,-0.23378899220560756,Damped ETS
UNKNOWN_SKU_5301,False,0.0,1078.6504276910773,1072.3854131444082,1079.9111665593089,,Damped ETS
UNKNOWN_SKU_530622,False,32.47,44.30159063677127,0.0,85.23778168824674,0.3643852983298821,Damped ETS
UNKNOWN_SKU_5320,False,26141.599999999995,5049.63879034431,0.0,12203.487290426536,-0.8068351290531448,Damped ETS
UNKNOWN_SKU_5352,False,225124.93999999997,199682.5590336708,111133.39236400605,261289.71828750765,-0.11301449304696831,Damped ETS
UNKNOWN_SKU_542844,False,30119.629999999997,19335.723170756828,7488.665546227823,27578.18996309286,-0.35803583341638556,Damped ETS
UNKNOWN_SKU_5436,False,8657.59,5711.867690704258,0.0,16626.827908916257,-0.3402473793856884,Damped ETS
UNKNOWN_SKU_5438,False,0.0,0.5226363025508809,0.0,1.78337517078234,,Damped ETS
UNKNOWN_SKU_5471,False,6226.92,7253.565551472448,0.0,15104.085624840285,0.16487212802998075,Damped ETS
UNKNOWN_SKU_54798,False,0.0,0.3724627161818704,0.0,1.6332015844133294,,Damped ETS
UNKNOWN_SKU_54965,False,0.0,98.78212476859508,92.51711022192583,100.04286363682654,,Damped ETS
UNKNOWN_SKU_54966,False,0.0,1003.9933385541188,997.7283240074496,1005.2540774223503,,Damped ETS
UNKNOWN_SKU_550085,False,0.0,20.3432889651396,14.07827441847035,21.60402783337106,,Damped ETS
UNKNOWN_SKU_55166,False,4182.91,1539.913979105771,0.0,6813.471198419824,-0.6318558182925831,Damped ETS
UNKNOWN_SKU_55278,False,0.0,170.4900898507411,164.22507530407185,171.75082871897257,,Damped ETS
UNKNOWN_SKU_55279,False,0.0,69.6202472368716,63.35523269020236,70.88098610510306,,Damped ETS
UNKNOWN_SKU_552960,False,21692.83,44270.403373579284,0.0,71619.39731651673,1.040785060021181,Damped ETS
UNKNOWN_SKU_553375,False,70.21,85.68861899518502,0.0,174.20509493371577,0.22046174327282486,Damped ETS
UNKNOWN_SKU_554423,False,5111.73,13425.053626778803,0.0,19869.610321683598,1.6263229135300192,Damped ETS
UNKNOWN_SKU_554599,False,0.0,0.13829714455487327,0.0,1.3990360127863324,,Damped ETS
UNKNOWN_SKU_554601,False,0.0,0.1358533314904619,0.0,1.396592199721921,,Damped ETS
UNKNOWN_SKU_554602,False,10.4,8.995494221852109,0.0,22.107178451459284,-0.13504863251422028,Damped ETS
UNKNOWN_SKU_55954,False,41941.22,36598.92594600223,20102.041682050498,48076.461130865384,-0.12737574286102715,Damped ETS
UNKNOWN_SKU_55955,False,26571.43,28174.168524389457,17722.736605201248,35445.6432868577,0.060318113266371265,Damped ETS
UNKNOWN_SKU_55966,False,99297.59000000001,77946.44280204189,38889.380324619175,105119.98670460637,-0.21502180665168336,Damped ETS
UNKNOWN_SKU_56114,False,37055.100000000006,35963.162624693025,21388.152739688303,46103.57375313952,-0.02946793762011113,Damped ETS
UNKNOWN_SKU_56173,False,40.03,6.105115152428297,0.0,56.572492047733604,-0.8474865063095605,Damped ETS
UNKNOWN_SKU_56174,False,5.17,15.692353997905393,0.0,22.21037394666204,2.035271566325995,Damped ETS
UNKNOWN_SKU_562647,False,11375.710000000001,744.8869911071205,0.0,15086.686741836413,-0.9345195164866966,Damped ETS
UNKNOWN_SKU_56316,False,0.0,87936.38098857747,87935.9876551393,87936.6546462151,,Damped ETS
UNKNOWN_SKU_5683,False,73766.92000000001,13562.699451521255,0.0,33749.580514565816,-0.8161411720657274,Damped ETS
UNKNOWN_SKU_57085,False,0.0,176.28815956099356,170.0231450143243,177.54889842922503,,Damped ETS
UNKNOWN_SKU_57086,False,0.0,186.36058661810574,180.0955720714365,187.6213254863372,,Damped ETS
UNKNOWN_SKU_579167,False,30014.96,47034.6912365204,35228.80382296541,55248.514283924844,0.567041609801259,Damped ETS
UNKNOWN_SKU_5835,False,26700.78,9498.049568103153,0.0,16804.921945999897,-0.6442781983109425,Damped ETS
UNKNOWN_SKU_586535,False,1801.9700000000003,2976.093720408201,0.0,5247.907338795243,0.6515778400351842,Damped ETS
UNKNOWN_SKU_586545,False,71652.1,81767.84339362178,53584.67654799602,101375.98781143635,0.1411786031898823,Damped ETS
UNKNOWN_SKU_586966,False,81.56,0.9220621549009982,0.0,103.7479242478588,-0.9886946768648726,Damped ETS
UNKNOWN_SKU_587159,False,60395.93999999999,65054.22782406087,41298.48509190924,81582.03808739808,0.07712915510646723,Damped ETS
UNKNOWN_SKU_589,False,13375.49,10293.438524934532,5032.411055928058,13953.743520587623,-0.2304253133952825,Damped ETS
UNKNOWN_SKU_590,False,4351.85,3840.293125752156,0.0,9326.839569465232,-0.11754928920984054,Damped ETS
UNKNOWN_SKU_591,False,22670.6,18031.97662513957,9114.87158159663,24235.959464979678,-0.2046096430998927,Damped ETS
UNKNOWN_SKU_59487,False,25524.050000000003,20071.668216205664,10032.205873495624,27056.519442164434,-0.21361742293226738,Damped ETS
UNKNOWN_SKU_6017,False,0.0,353.6291631032274,347.3641485565582,354.88990197145887,,Damped ETS
UNKNOWN_SKU_602896,False,2555.75,4913.114749369723,0.0,8135.248111852274,0.9223768949896205,Damped ETS
UNKNOWN_SKU_602897,False,29192.2,35170.929694869046,0.0,71974.67088405545,0.20480572532625319,Damped ETS
UNKNOWN_SKU_603731,False,35053.65,39791.23625904305,26003.463583878343,49383.93530863861,0.13515243802123456,Damped ETS
UNKNOWN_SKU_607542,False,2.63,2.5458677543031465,0.0,5.861610977751884,-0.03198944703302409,Damped ETS
UNKNOWN_SKU_6094,False,0.0,13.5992952095411,7.334280662871852,14.86003407777256,,Damped ETS
UNKNOWN_SKU_6108,False,6.63,0.0,0.0,8.358698696374574,-1.0,Damped ETS
UNKNOWN_SKU_61500,False,15445.98,9413.196712783578,3337.7762933653266,13640.107110590143,-0.3905730350043456,Damped ETS
UNKNOWN_SKU_61586,False,0.0,11.121464393279883,4.8564498466106345,12.382203261511343,,Damped ETS
UNKNOWN_SKU_61623,False,0.0,7582.687900455672,7576.422885909003,7583.948639323904,,Damped ETS
UNKNOWN_SKU_61624,False,0.0,5035.998428428591,5029.7334138819215,5037.259167296823,,Damped ETS
UNKNOWN_SKU_61925,False,0.0,2.95397399764095,0.0,4.214712865872409,,Damped ETS
UNKNOWN_SKU_61926,False,0.0,7.46620376560118,1.2011892189319315,8.726942633832639,,Damped ETS
UNKNOWN_SKU_6215,False,67789.16999999998,2705.177196155373,0.0,21256.2013158083,-0.9600942570007072,Damped ETS
UNKNOWN_SKU_62432,False,7641.24,4792.4978713498185,1786.9426702116898,6883.58155837618,-0.372811497695424,Damped ETS
UNKNOWN_SKU_6269,False,19997.120000000003,19397.434099067017,11531.898135822397,24869.798717834205,-0.02998861340697989,Damped ETS
UNKNOWN_SKU_6288,False,0.0,4.765821110569462,0.0,6.026559978800921,,Damped ETS
UNKNOWN_SKU_630188,False,0.0,1.585220207346592,0.0,2.845959075578051,,Damped ETS
UNKNOWN_SKU_63391,False,1805.81,39.1816869979761,0.0,2315.8365426390274,-0.9783024310431462,Damped ETS
UNKNOWN_SKU_63517,False,0.0,0.0,0.0,1.260738868231459,,Damped ETS
UNKNOWN_SKU_64210,False,0.0,381.4155302929381,375.15051574626887,382.67626916116956,,Damped ETS
UNKNOWN_SKU_64211,False,0.0,204.62383794009088,198.35882339342163,205.88457680832235,,Damped ETS
UNKNOWN_SKU_64404,False,0.0,0.5432822651545464,0.0,1.8040211333860054,,Damped ETS
UNKNOWN_SKU_64420,False,8745.18,7144.222652287206,0.0,18169.6109879676,-0.18306739800813643,Damped ETS
UNKNOWN_SKU_64586,False,0.0,92.20839811596481,85.94338356929556,93.46913698419627,,Damped ETS
UNKNOWN_SKU_647290,False,13.479999999999999,27.236242573320016,0.0,44.231002517080086,1.020492772501485,Damped ETS
UNKNOWN_SKU_647296,False,33.47,123.44753985198741,0.0,165.64446977169433,2.688304148550565,Damped ETS
UNKNOWN_SKU_647301,False,12.59,34.60748831756114,0.0,50.48019066859521,1.748807650322569,Damped ETS
UNKNOWN_SKU_647302,False,18.2,46.457955003854934,0.0,69.40340240566749,1.5526348903216998,Damped ETS
UNKNOWN_SKU_647417,False,28.82,39.7127141820488,0.0,76.04720836447945,0.37795677245138104,Damped ETS
UNKNOWN_SKU_647418,False,26.16,79.6934817559589,0.0,112.67441054889386,2.0463869172767164,Damped ETS
UNKNOWN_SKU_647419,False,13.64,39.85909872573602,0.0,57.05557688841312,1.9222213142035205,Damped ETS
UNKNOWN_SKU_647421,False,27.89,140.1511414635699,0.0,175.3131484985453,4.025139528991391,Damped ETS
UNKNOWN_SKU_65897,False,4937.98,4757.326396768985,0.0,10982.829713318566,-0.03658451496988935,Damped ETS
UNKNOWN_SKU_66229,False,74180.27,40501.9268322717,11324.346188249172,60801.924279834,-0.4540067482597232,Damped ETS
UNKNOWN_SKU_66230,False,66083.15,68601.1716553692,42608.45906028108,86685.33037205864,0.03810383820034602,Damped ETS
UNKNOWN_SKU_66274,False,29690.059999999998,11981.036257781909,302.942878290738,20105.94793871771,-0.5964630499978137,Damped ETS
UNKNOWN_SKU_66276,False,0.0,4.71649888349074,0.0,5.977237751722199,,Damped ETS
UNKNOWN_SKU_66277,False,10719.16,15756.913560629462,0.0,29270.97520742139,0.4699765243386107,Damped ETS
UNKNOWN_SKU_662790,False,0.19,0.08544399713411925,0.0,1.3461828653655783,-0.5502947519256882,Damped ETS
UNKNOWN_SKU_66436,False,37353.18,32201.25549884153,17509.00078258491,42423.23849591521,-0.1379246559773083,Damped ETS
UNKNOWN_SKU_66439,False,18090.3,17676.48208483522,10560.962188175898,22627.030847001173,-0.022875127287263264,Damped ETS
UNKNOWN_SKU_66440,False,9816.27,7957.804169491253,0.0,20333.55729954568,-0.18932505223559948,Damped ETS
UNKNOWN_SKU_66470,False,8718.36,13365.352802981984,0.0,24356.928122216406,0.5330122641164146,Damped ETS
UNKNOWN_SKU_66473,False,9397.21,6753.167604175005,0.0,18600.595504108354,-0.2813646173518517,Damped ETS
UNKNOWN_SKU_66474,False,8.75,0.0,0.0,11.031465097025267,-1.0,Damped ETS
UNKNOWN_SKU_66475,False,8303.16,5693.28428773285,0.0,16161.400828877573,-0.3143231868670662,Damped ETS
UNKNOWN_SKU_66534,False,6586.34,4747.351146039586,0.0,13051.005983427174,-0.2792125602323011,Damped ETS
UNKNOWN_SKU_66537,False,4118.09,3962.468271274583,0.0,9154.304397149872,-0.03778978330376881,Damped ETS
UNKNOWN_SKU_66538,False,2.36,131.96508927326587,117.17965494312645,134.9404330022921,54.917410709010966,Damped ETS
UNKNOWN_SKU_66541,False,6773.669999999999,6129.916032431619,0.0,14669.745082005007,-0.095037692649388,Damped ETS
UNKNOWN_SKU_667737,False,4.85,1481.4614734644156,1451.0761529130698,1487.5760569753381,304.4559739101888,Damped ETS
UNKNOWN_SKU_66925,False,48506.97,0.0,0.0,13274.302819186032,-1.0,Damped ETS
UNKNOWN_SKU_66926,False,30200.98,30294.0970259309,18415.041726206167,38558.825867088795,0.003083245177172955,Damped ETS
UNKNOWN_SKU_67585,False,5355.48,3843.0042585961482,0.0,10594.866052632362,-0.2824164671334505,Damped ETS
UNKNOWN_SKU_67683,False,9015.949999999999,6920.1629952336025,3373.888383298719,9387.446573297544,-0.23245326391188914,Damped ETS
UNKNOWN_SKU_676866,False,1670.6299999999999,85.50508898532726,0.0,2191.7332644188496,-0.9488186558452038,Damped ETS
UNKNOWN_SKU_678068,False,7500.41,9507.168090735779,0.0,18963.226505407696,0.2675531191942546,Damped ETS
UNKNOWN_SKU_67839,False,27730.319999999996,8566.578891417463,0.0,16155.192753568215,-0.6910753683542972,Damped ETS
UNKNOWN_SKU_68079,False,7294.959999999999,4825.419996421494,0.0,14022.459610615257,-0.3385268738387195,Damped ETS
UNKNOWN_SKU_68080,False,13314.33,7992.116946641438,0.0,24778.010282101597,-0.3997357023116118,Damped ETS
UNKNOWN_SKU_68081,False,377.51,1998.60654998879,0.0,2474.548080134848,4.294181743500278,Damped ETS
UNKNOWN_SKU_68082,False,233.47000000000003,1605.1937399876253,142.5007937767557,1899.5384435536241,5.875374737600656,Damped ETS
UNKNOWN_SKU_684229,False,2437.12,3158.0063136980434,0.0,6230.578224242297,0.2957943448406495,Damped ETS
UNKNOWN_SKU_6865,False,26401.25,24374.299251930504,13989.804817251314,31599.202957625486,-0.0767748022563135,Damped ETS
UNKNOWN_SKU_686645,False,158.52,40.503660907635414,0.0,240.35598629968632,-0.744488639240251,Damped ETS
UNKNOWN_SKU_68713,False,536.1,45.42245866112119,0.0,721.3045659200064,-0.9152724143609006,Damped ETS
UNKNOWN_SKU_68715,False,15934.999999999998,14139.34003654696,7871.571699191233,18500.074492311345,-0.11268653677144891,Damped ETS
UNKNOWN_SKU_68753,False,0.0,1.5588643754396605,0.0,2.8196032436711196,,Damped ETS
UNKNOWN_SKU_68871,False,30152.34,10958.905632228163,0.0,19210.323765891342,-0.6365487510346406,Damped ETS
UNKNOWN_SKU_69084,False,4717.17,4895.306513899244,0.0,10842.426080954636,0.03776342889894657,Damped ETS
UNKNOWN_SKU_691225,False,5.43,0.34157897034262513,0.0,7.187391024839448,-0.9370941122757597,Damped ETS
UNKNOWN_SKU_691227,False,12.39,3.3856458352110774,0.0,19.006200412598858,-0.7267436775455143,Damped ETS
UNKNOWN_SKU_69311,False,11096.080000000002,7991.638906259516,0.0,21980.898247265246,-0.27977818236174257,Damped ETS
UNKNOWN_SKU_69312,False,50744.96,42945.64817123597,22985.958584264965,56832.39404687987,-0.153696284887485,Damped ETS
UNKNOWN_SKU_69628,False,20843.319999999996,12931.586658397782,4733.211939767511,18635.520370134396,-0.37958124433162355,Damped ETS
UNKNOWN_SKU_6979,False,12233.169999999998,12018.440108676092,7206.725292768344,15366.140511702337,-0.01755308651182863,Damped ETS
UNKNOWN_SKU_70314,False,3478.62,3293.8158279667878,0.0,7679.447269774106,-0.053125714229554255,Damped ETS
UNKNOWN_SKU_706582,False,38758.229999999996,78629.5999666536,0.0,127493.60699150818,1.0287200929106826,Damped ETS
UNKNOWN_SKU_707813,False,4842.09,7006.869642578474,0.0,13111.48070905334,0.4470754658790881,Damped ETS
UNKNOWN_SKU_70951,False,3200.9600000000005,2392.7366072675545,0.0,6428.311294921727,-0.25249406201028624,Damped ETS
UNKNOWN_SKU_71586,False,305.34000000000003,0.0,0.0,384.9540060257938,-1.0,Damped ETS
UNKNOWN_SKU_716892,False,139758.85,194197.93372706787,139226.10474085834,232444.0104570965,0.3895215489184969,Damped ETS
UNKNOWN_SKU_718932,False,27653.16,27092.966894875703,0.0,61956.380536299155,-0.02025783328647779,Damped ETS
UNKNOWN_SKU_718960,False,13275.509999999998,3704.0543589853983,0.0,20441.005811580813,-0.720985908715718,Damped ETS
UNKNOWN_SKU_7201,False,159691.81999999998,330131.43469858053,267319.30208918545,373832.3209099219,1.0673033515341022,Damped ETS
UNKNOWN_SKU_72132,False,0.0,0.0,0.0,1.260738868231459,,Damped ETS
UNKNOWN_SKU_723526,False,3851.5499999999997,2434.5339011184524,0.0,7290.332689055328,-0.36790801077009194,Damped ETS
UNKNOWN_SKU_726217,False,60.2,127.64369879102212,0.0,203.54017865855596,1.1203272224422278,Damped ETS
UNKNOWN_SKU_72874,False,0.62,7.705438903554464,1.4404243568852158,8.966177771785922,11.428127263797522,Damped ETS
UNKNOWN_SKU_730565,False,14873.86,13091.012140725865,0.0,31843.065563359036,-0.11986450452499453,Damped ETS
UNKNOWN_SKU_732028,False,210669.46000000002,245081.30405384305,162217.96103308187,302732.6107999539,0.1633451951404965,Damped ETS
UNKNOWN_SKU_73438,False,0.0,0.0,0.0,1.260738868231459,,Damped ETS
UNKNOWN_SKU_739610,False,53427.310000000005,61191.351168678404,40176.60363381244,75812.14260864108,0.1453197095020955,Damped ETS
UNKNOWN_SKU_741016,False,7281.09,7572.918841747126,0.0,16752.47200783852,0.040080378315214604,Damped ETS
UNKNOWN_SKU_741377,False,11.75,18.100992121345882,0.0,32.91467382306553,0.5405099677741176,Damped ETS
UNKNOWN_SKU_741379,False,48.69,194.48719790917335,0.0,255.87257340336308,2.994397163877046,Damped ETS
UNKNOWN_SKU_741380,False,34.67,105.23439611242783,0.0,148.94421267401253,2.035315722885141,Damped ETS
UNKNOWN_SKU_74268,False,1884.36,1753.0315986829562,0.0,4128.717492423589,-0.06969390207659032,Damped ETS
UNKNOWN_SKU_74278,False,0.0,371.81086476657015,365.5458502199009,373.0716036348016,,Damped ETS
UNKNOWN_SKU_74506,False,0.0,2.4983265547938944,0.0,3.7590654230253535,,Damped ETS
UNKNOWN_SKU_748035,False,65353.009999999995,145418.17164271875,0.0,227811.25150563798,1.225118194903628,Damped ETS
UNKNOWN_SKU_75047,False,0.0,31.14402778390567,24.87901323723642,32.40476665213713,,Damped ETS
UNKNOWN_SKU_7508,False,52773.91,28419.96398888036,7662.220522519467,42861.947528410245,-0.4614770065572106,Damped ETS
UNKNOWN_SKU_75626,False,0.0,271.6531902077188,265.38817566104956,272.91392907595025,,Damped ETS
UNKNOWN_SKU_75677,False,0.0,14.833927844969335,8.568913298300085,16.094666713200795,,Damped ETS
UNKNOWN_SKU_756860,False,2022.8,1993.407075738987,0.0,4543.629658397583,-0.014530810886401513,Damped ETS
UNKNOWN_SKU_75766,False,43274.56999999999,35187.85759967696,18166.52219593149,47030.27419568498,-0.18686984989852096,Damped ETS
UNKNOWN_SKU_75767,False,0.0,1235.6256710498724,1229.3606565032032,1236.886409918104,,Damped ETS
UNKNOWN_SKU_758543,False,33449.0,67764.92893770924,0.0,109935.3833411833,1.0259179329041,Damped ETS
UNKNOWN_SKU_762617,False,3819.3499999999995,5372.592251764999,0.0,10187.795248144821,0.4066771182963069,Damped ETS
UNKNOWN_SKU_76356,False,24014.1,25062.663230912287,15617.114713178105,31634.305106919288,0.043664481738324046,Damped ETS
UNKNOWN_SKU_76377,False,46503.45999999999,39838.95563343618,21547.589824494316,52564.982639037735,-0.14331201090335677,Damped ETS
UNKNOWN_SKU_76563,False,266893.56000000006,201743.363716572,96765.20213438489,274780.82484701567,-0.24410553886511177,Damped ETS
UNKNOWN_SKU_76567,False,62.08,175.46685257234302,0.0,253.73352151215198,1.8264634757142884,Damped ETS
UNKNOWN_SKU_76573,False,0.0,30.325945037034256,24.060930490365006,31.586683905265716,,Damped ETS
UNKNOWN_SKU_77021,False,0.0,38.19694860584562,31.93193405917637,39.457687474077076,,Damped ETS
UNKNOWN_SKU_77496,False,2023.21,10727.945569390284,0.0,13278.685054984853,4.302437991800299,Damped ETS
UNKNOWN_SKU_77881,False,0.0,4.306350092136952,0.0,5.5670889603684115,,Damped ETS
UNKNOWN_SKU_77882,False,0.0,1.020633268959646,0.0,2.281372137191105,,Damped ETS
UNKNOWN_SKU_7849,False,0.0,146.5311478795417,140.26613333287244,147.79188674777316,,Damped ETS
UNKNOWN_SKU_78790,False,959593.2699999998,780053.1717989856,511543.4264551068,943824.3524638171,-0.18710020569549668,Damped ETS
UNKNOWN_SKU_791549,False,1246.19,2426.910446649099,0.0,3998.0306168504612,0.9474642282870982,Damped ETS
UNKNOWN_SKU_793670,False,4694.429999999999,3924.9526670430505,0.0,9843.403032234859,-0.16391283562795678,Damped ETS
UNKNOWN_SKU_79522,False,20623.9,8233.4777990432,121.40830341779565,13877.365551929244,-0.6007797846652089,Damped ETS
UNKNOWN_SKU_79549,False,0.0,12.105054175884366,5.840039629215117,13.365793044115826,,Damped ETS
UNKNOWN_SKU_79550,False,0.0,0.0,0.0,1.260738868231459,,Damped ETS
UNKNOWN_SKU_79632,False,0.0,7319.536177818647,7319.14284438047,7319.809835456285,,Damped ETS
UNKNOWN_SKU_80069,False,0.0,47.690346065776154,41.425331519106905,48.95108493400761,,Damped ETS
UNKNOWN_SKU_80070,False,0.0,54.47635687093804,48.21134232426879,55.7370957391695,,Damped ETS
UNKNOWN_SKU_803420,False,665.4300000000001,2823.0650958391766,0.0,3661.9985609264368,3.2424674208243935,Damped ETS
UNKNOWN_SKU_810214,False,15.24,36.946907448016646,0.0,56.16056779986408,1.4243377590562103,Damped ETS
UNKNOWN_SKU_814645,False,102.78999999999999,402.0637472762332,0.0,531.6550955417449,2.9115064430025606,Damped ETS
UNKNOWN_SKU_814656,False,49.44,143.50533579221798,0.0,205.83626543758132,1.902616015214765,Damped ETS
UNKNOWN_SKU_814661,False,25.08,110.62339368244731,0.0,142.2427244976923,3.4108211197148055,Damped ETS
UNKNOWN_SKU_814666,False,87.30999999999999,248.53898994017405,0.0,358.61410052546273,1.846626846182271,Damped ETS
UNKNOWN_SKU_814670,False,1.8199999999999998,2.585303639473738,0.0,4.879848379654994,0.42049650520535065,Damped ETS
UNKNOWN_SKU_814672,False,147.35,512.5950402443091,0.0,698.3649124782146,2.478758332163618,Damped ETS
UNKNOWN_SKU_814673,False,32.099999999999994,95.62881801243248,0.0,136.09853568266232,1.9790909038140962,Damped ETS
UNKNOWN_SKU_814674,False,26.919999999999998,112.70060681463468,0.0,146.63969714742555,3.186500996085984,Damped ETS
UNKNOWN_SKU_814675,False,16.490000000000002,49.65709871507553,0.0,70.44668265221229,2.011346192545514,Damped ETS
UNKNOWN_SKU_814676,False,90.37,448.8934841899047,0.0,562.8264557119817,3.9672843221191183,Damped ETS
UNKNOWN_SKU_814677,False,13.35,28.933010696466816,0.0,45.763874587356796,1.1672667188364656,Damped ETS
UNKNOWN_SKU_814680,False,153.89,374.9628051370361,0.0,568.9779095691754,1.4365638127041143,Damped ETS
UNKNOWN_SKU_814684,False,29.25,43.02544845111548,0.0,79.90206034688566,0.47095550260223873,Damped ETS
UNKNOWN_SKU_814692,False,6.35,21.288980193477148,0.0,29.294672006746914,2.3525953060593934,Damped ETS
UNKNOWN_SKU_814699,False,8.48,23.363149705328325,0.0,34.0542153079311,1.7550884086472078,Damped ETS
UNKNOWN_SKU_814703,False,1.79,2.1174001940193206,0.0,4.374122768153633,0.1829051363236427,Damped ETS
UNKNOWN_SKU_814707,False,0.0,0.0285838740733001,0.0,1.2893227423047593,,Damped ETS
UNKNOWN_SKU_814709,False,39.04,127.23211790276412,0.0,176.4513633185203,2.2590194134929336,Damped ETS
UNKNOWN_SKU_814714,False,5.67,15.452303944011483,0.0,22.600693326883857,1.725274064199556,Damped ETS
UNKNOWN_SKU_814715,False,11.12,26.973170505743518,0.0,40.99258672047734,1.4256448296531943,Damped ETS
UNKNOWN_SKU_814716,False,52.35,202.12336076380583,0.0,268.1230405157227,2.8610002056123367,Damped ETS
UNKNOWN_SKU_814718,False,86.31,185.69437481696752,0.0,294.5087465340248,1.1514815759120323,Damped ETS
UNKNOWN_SKU_814724,False,11.679999999999998,16.85583571039763,0.0,31.581265691341073,0.4431366190408934,Damped ETS
UNKNOWN_SKU_814726,False,14.240000000000002,67.09263338244111,0.0,85.04555486605709,3.7115613330365935,Damped ETS
UNKNOWN_SKU_814745,False,134.96,497.25788756868985,0.0,667.4072052252076,2.6844834585706123,Damped ETS
UNKNOWN_SKU_814747,False,24.31,213.6711453801057,61.3686417505763,244.3197072668125,7.789434199099372,Damped ETS
UNKNOWN_SKU_814749,False,50.9,127.27335944866239,0.0,191.44496784164366,1.5004589282644871,Damped ETS
UNKNOWN_SKU_814750,False,8.89,3.4375462494043214,0.0,14.645514787981995,-0.6133243813943396,Damped ETS
UNKNOWN_SKU_814751,False,25.349999999999998,71.28681948461012,0.0,103.2465497942776,1.8121033327262377,Damped ETS
UNKNOWN_SKU_814752,False,36.739999999999995,89.28778601495272,0.0,135.60733203377652,1.430260914941555,Damped ETS
UNKNOWN_SKU_814758,False,0.86,0.04858448848886466,0.0,1.3093233567203237,-0.9435064087338783,Damped ETS
UNKNOWN_SKU_814759,False,58.64,73.2208096697165,0.0,147.15053690280928,0.24864955098425146,Damped ETS
UNKNOWN_SKU_814761,False,76.63,309.59369875811547,0.0,406.2041182306922,3.040110906408919,Damped ETS
UNKNOWN_SKU_814907,False,77.69,264.74711314469886,0.0,362.6939158176009,2.407737329703937,Damped ETS
UNKNOWN_SKU_814910,False,0.0,0.019256919793830252,0.0,1.2799957880252892,,Damped ETS
UNKNOWN_SKU_814928,False,9.22,20.80122896624846,0.0,32.42524133134251,1.256098586361004,Damped ETS
UNKNOWN_SKU_82158,False,0.0,5.0644188174086695,0.0,6.325157685640129,,Damped ETS
UNKNOWN_SKU_82601,False,0.0,0.013067144520205354,0.0,1.2738060127516644,,Damped ETS
UNKNOWN_SKU_82619,False,12036.349999999999,8107.358827316088,0.0,23282.05310395381,-0.3264271288790963,Damped ETS
UNKNOWN_SKU_82802,False,0.0,0.0,0.0,1.260738868231459,,Damped ETS
UNKNOWN_SKU_82803,False,10.14,1753.611537596275,1690.0842900930488,1766.395429720142,171.9399938457865,Damped ETS
UNKNOWN_SKU_82850,False,0.0,23.306819889986638,17.04180534331739,24.567558758218098,,Damped ETS
UNKNOWN_SKU_82851,False,0.0,15.39225996473911,9.127245418069862,16.652998832970567,,Damped ETS
UNKNOWN_SKU_82902,False,1608.7399999999998,1598.0662342331293,0.0,3626.2672811118064,-0.006634860677841359,Damped ETS
UNKNOWN_SKU_82907,False,2248.75,1843.9474992114228,0.0,4679.0340291469165,-0.18001222936679362,Damped ETS
UNKNOWN_SKU_82936,False,0.0,0.6525615837428144,0.0,1.9133004519742736,,Damped ETS
UNKNOWN_SKU_82937,False,0.0,1.3434110692957633,0.0,2.6041499375272226,,Damped ETS
UNKNOWN_SKU_83097,False,13574.069999999998,138.95994127058287,0.0,3853.607870605862,-0.9897628389075213,Damped ETS
UNKNOWN_SKU_83098,False,6380.23,8875.053897034064,0.0,16918.857846290466,0.3910241318940013,Damped ETS
UNKNOWN_SKU_832847,False,100.72999999999999,386.6326372784782,0.0,513.6268634754331,2.8383067336292886,Damped ETS
UNKNOWN_SKU_83308,False,0.0,38.7433460333681,32.47833148669885,40.004084901599555,,Damped ETS
UNKNOWN_SKU_83309,False,0.0,12.819016121924186,6.554001575254937,14.079754990155646,,Damped ETS
UNKNOWN_SKU_834596,False,31.88,305.35681569647863,105.628151948663,345.54917081569755,8.578319187467962,Damped ETS
UNKNOWN_SKU_83879,False,0.0,0.03085054483696759,0.0,1.2915894130684267,,Damped ETS
UNKNOWN_SKU_83919,False,0.54,0.4674448050551615,0.0,1.7281836732866207,-0.13436147212007132,Damped ETS
UNKNOWN_SKU_839506,False,346.15999999999997,3406.153197234903,1237.4557617598762,3842.5705638619047,8.839823195155141,Damped ETS
UNKNOWN_SKU_84141,False,14459.39,14195.366038904089,0.0,32424.881022821366,-0.018259688762521153,Damped ETS
UNKNOWN_SKU_84142,False,0.0,0.5170548454574304,0.0,1.7777937136888895,,Damped ETS
UNKNOWN_SKU_84170,False,864.79,570.9236297281195,0.0,1661.197995586003,-0.3398124056382248,Damped ETS
UNKNOWN_SKU_84182,False,0.0,11.111774900827362,4.846760354158113,12.37251376905882,,Damped ETS
UNKNOWN_SKU_84186,False,84.72999999999999,7.345469663084005,0.0,114.16787396833551,-0.9133073331395727,Damped ETS
UNKNOWN_SKU_84190,False,0.0,1.3941009669194648,0.0,2.654839835150924,,Damped ETS
UNKNOWN_SKU_844014,False,417.46000000000004,2799.3229746272686,183.93000197472384,3325.6310225591737,5.7056076621167735,Damped ETS
UNKNOWN_SKU_84455,False,0.0,0.6481729924193833,0.0,1.9089118606508424,,Damped ETS
UNKNOWN_SKU_84642,False,6401.019999999999,5468.984791979452,0.0,13538.999502306386,-0.14560729509055537,Damped ETS
UNKNOWN_SKU_84849,False,9940.35,6891.835265872031,0.0,19424.020874696616,-0.306680824531125,Damped ETS
UNKNOWN_SKU_851710,False,664.1,2031.2327187958062,0.0,2868.4894011883184,2.05862478361061,Damped ETS
UNKNOWN_SKU_851712,False,22751.08,56000.01079833944,0.0,84683.18164858283,1.4614220862631329,Damped ETS
UNKNOWN_SKU_86088,False,0.0,0.0,0.0,1.260738868231459,,Damped ETS
UNKNOWN_SKU_86100,False,9714.539999999999,8853.932813352645,0.0,21101.430978341883,-0.08858959730953331,Damped ETS
UNKNOWN_SKU_86101,False,165.39999999999998,0.0,0.0,208.5262088054833,-1.0,Damped ETS
UNKNOWN_SKU_86275,False,0.0,0.24627489618639625,0.0,1.5070137644178554,,Damped ETS
UNKNOWN_SKU_86277,False,0.43,3.458557896679746,0.0,4.7192967649112045,7.043157899255224,Damped ETS
UNKNOWN_SKU_86345,False,0.0,0.6933744265485378,0.0,1.9541132947799968,,Damped ETS
UNKNOWN_SKU_865510,False,384.57,1422.0845481606498,0.0,1906.9268947164219,2.6978561722460146,Damped ETS
UNKNOWN_SKU_87499,False,0.0,8.844214537207078,2.5791999905378296,10.104953405438536,,Damped ETS
UNKNOWN_SKU_87747,False,63847.009999999995,44993.48356696117,19880.319606318906,62465.705493822374,-0.29529223738181043,Damped ETS
UNKNOWN_SKU_87833,False,80117.4,43818.807988407076,12305.955588578789,65743.54640612013,-0.45306752355409585,Damped ETS
UNKNOWN_SKU_8788,False,5561.620000000001,6028.424775157635,0.0,13040.175279491083,0.08393323800576713,Damped ETS
UNKNOWN_SKU_88009,False,4263.6,3517.792588171672,0.0,8893.078826763322,-0.17492433901593218,Damped ETS
UNKNOWN_SKU_88076,False,5987.219999999999,5451.176508491815,0.0,12999.49747514457,-0.08953128355199647,Damped ETS
UNKNOWN_SKU_88613,False,2142.5000000000005,628.4887010212135,0.0,3329.621726207115,-0.7066563822538094,Damped ETS
UNKNOWN_SKU_88889,False,0.0,0.49594371083074473,0.0,1.7566825790622038,,Damped ETS
UNKNOWN_SKU_88911,False,9382.890000000001,5729.558612776078,2038.9542290364047,8297.258124394973,-0.389360995090417,Damped ETS
UNKNOWN_SKU_893449,False,37.5,310.5717380073464,75.6336925072496,357.84944556602613,7.281913013529238,Damped ETS
UNKNOWN_SKU_895627,False,194.64,538.3021792802607,0.0,783.6923925928319,1.7656297743539908,Damped ETS
UNKNOWN_SKU_8964,False,14363.130000000001,13954.051213967598,0.0,32062.207474428913,-0.02848117269929351,Damped ETS
UNKNOWN_SKU_8965,False,10443.529999999999,10016.16746209182,0.0,23182.73165463311,-0.04092127258773415,Damped ETS
UNKNOWN_SKU_897744,False,39130.96000000001,302256.44993751234,57100.41631237982,351590.37216072285,6.724227822100769,Damped ETS
UNKNOWN_SKU_903465,False,384.65,2792.172658355717,382.3348129793908,3277.115864020948,6.258995602120674,Damped ETS
UNKNOWN_SKU_903466,False,9614.479999999998,16092.386955183101,0.0,28213.735589017095,0.6737657112171542,Damped ETS
UNKNOWN_SKU_90830,False,0.72,0.0,0.0,1.260738868231459,-1.0,Damped ETS
UNKNOWN_SKU_90831,False,20920.179999999997,19142.004498825427,10913.398172136845,24866.97153659091,-0.08499809758685495,Damped ETS
UNKNOWN_SKU_90901,False,9610.880000000001,12590.863463755544,8810.582989445822,15220.954180179568,0.31006353879723214,Damped ETS
UNKNOWN_SKU_91265,False,16951.17,14632.721639955247,7965.259662726864,19271.538777358423,-0.13677217325085833,Damped ETS
UNKNOWN_SKU_91356,False,65.25999999999999,18.52251364820645,0.0,100.79833218899145,-0.7161735573367078,Damped ETS
UNKNOWN_SKU_91371,False,350.52000000000004,317.6745371730868,0.0,759.5887252655779,-0.0937049607067022,Damped ETS
UNKNOWN_SKU_91378,False,0.97,63.374879063094625,57.109864516425375,64.63561793132608,64.33492686916972,Damped ETS
UNKNOWN_SKU_91537,False,10823.389999999998,604.230289431282,0.0,3566.1336280679743,-0.9441736563654011,Damped ETS
UNKNOWN_SKU_91765,False,1326.11,1238.9101441752223,0.0,2910.7885647256426,-0.06575612567945166,Damped ETS
UNKNOWN_SKU_91767,False,0.0,0.05484541304349795,0.0,1.315584281274957,,Damped ETS
UNKNOWN_SKU_92153,False,23117.519999999997,14770.360998190587,5677.467374457436,21096.646909443945,-0.3610750202361417,Damped ETS
UNKNOWN_SKU_92158,False,4852.89,3929.011856331518,0.0,10047.238902583285,-0.19037689782139755,Damped ETS
UNKNOWN_SKU_92161,False,2150.16,2385.62943825942,0.0,5096.419723175974,0.10951251918900007,Damped ETS
UNKNOWN_SKU_92162,False,21.16,31.717923298751266,0.0,58.39515775052894,0.4989566776347478,Damped ETS
UNKNOWN_SKU_92178,False,14507.39,12464.379333910023,0.0,30754.40978350241,-0.14082551486449157,Damped ETS
UNKNOWN_SKU_92572,False,0.0,18.743347508577738,12.478332961908489,20.004086376809198,,Damped ETS
UNKNOWN_SKU_93034,False,27247.420000000002,14324.987727008931,3607.666336947228,21781.45231594421,-0.47426260075233073,Damped ETS
UNKNOWN_SKU_93381,False,4770.05,1578.3262371225765,0.0,7592.113675530048,-0.6691174647807514,Damped ETS
UNKNOWN_SKU_94634,False,0.0,0.13725151950812897,0.0,1.397990387739588,,Damped ETS
UNKNOWN_SKU_94678,False,3186.55,2891.109134630905,0.0,6908.516575193861,-0.09271496300672988,Damped ETS
UNKNOWN_SKU_94679,False,12970.929999999998,10574.73045459486,5472.829961337406,14124.324516365046,-0.18473614038508723,Damped ETS
UNKNOWN_SKU_94694,False,7994.07,8256.773365852552,0.0,18335.20813021561,0.032862279896542335,Damped ETS
UNKNOWN_SKU_94704,False,0.0,0.15282667491625196,0.0,1.413565543147711,,Damped ETS
UNKNOWN_SKU_94709,False,42.919999999999995,27.429083085631525,0.0,81.53999531012573,-0.36092537079143694,Damped ETS
UNKNOWN_SKU_95105,False,0.0,0.10830353166991685,0.0,1.3690423999013759,,Damped ETS
UNKNOWN_SKU_95108,False,110044.95999999998,43015.76163537225,0.0,73130.40542296018,-0.6091073899670438,Damped ETS
UNKNOWN_SKU_95263,False,6684.85,3142.8722825399473,513.4972483402335,4972.232541505529,-0.5298514876863434,Damped ETS
UNKNOWN_SKU_95264,False,11185.460000000001,10013.14206741253,0.0,24115.086248460786,-0.10480730632334045,Damped ETS
UNKNOWN_SKU_95423,False,381942.95000000007,296485.33716793155,146254.40345684008,401006.9425774888,-0.22374444359312962,Damped ETS
UNKNOWN_SKU_95863,False,70.3,45.976716561156664,0.0,134.60665899782822,-0.3459926520461356,Damped ETS
UNKNOWN_SKU_95895,False,21.06,30.501103844796507,0.0,57.05226440975103,0.4482955291926167,Damped ETS
UNKNOWN_SKU_9613,False,0.0,14.30572081052382,8.04070626385457,15.56645967875528,,Damped ETS
UNKNOWN_SKU_9616,False,0.0,3.291288142134324,0.0,4.552027010365784,,Damped ETS
UNKNOWN_SKU_9668,False,0.0,31.371200602542586,25.106186055873337,32.63193947077404,,Damped ETS
UNKNOWN_SKU_9692,False,28827.779999999995,20345.959860759842,9007.03003834022,28234.902033912993,-0.29422384031098314,Damped ETS
UNKNOWN_SKU_97032,False,1215.77,1364.205366684173,0.0,2896.9738605139337,0.12209165112165388,Damped ETS
UNKNOWN_SKU_97107,False,19.01,186.7311007764185,67.63317424423606,210.6977466614985,8.822782786765833,Damped ETS
UNKNOWN_SKU_97109,False,0.0,0.0,0.0,1.260738868231459,,Damped ETS
UNKNOWN_SKU_97127,False,44347.270000000004,32638.230173247284,15194.965990368994,44774.19931714978,-0.26403067938009983,Damped ETS
UNKNOWN_SKU_97128,False,10573.54,7593.46138883765,3434.53454693214,10486.991366710445,-0.28184303564958857,Damped ETS
UNKNOWN_SKU_97181,False,1052.89,450.5468189319912,36.40997520946382,738.6782090248537,-0.5720855750059444,Damped ETS
UNKNOWN_SKU_97366,False,483.35999999999996,179.67904805986302,0.0,789.069787408221,-0.6282707545931334,Damped ETS
UNKNOWN_SKU_97863,False,0.0,46.59447779365604,40.32946324698679,47.855216661887496,,Damped ETS
UNKNOWN_SKU_97914,False,838.92,46.71935548332863,0.0,1104.3784068200641,-0.9443101183863436,Damped ETS
UNKNOWN_SKU_97920,False,7350.58,3594.606433414021,703.3775294165143,5606.148791484468,-0.5109764898261061,Damped ETS
UNKNOWN_SKU_9805,False,23.56,17.595022004671012,0.0,47.298029740204186,-0.2531824276455428,Damped ETS
UNKNOWN_SKU_98804,False,5557.579999999999,4207.004610586748,0.0,11213.661729892538,-0.24301501542276527,Damped ETS
UNKNOWN_SKU_98805,False,0.0,0.023994868206530354,0.0,1.2847337364379894,,Damped ETS
UNKNOWN_SKU_98836,False,0.0,4.836299670257018,0.0,6.097038538488477,,Damped ETS
UNKNOWN_SKU_98839,False,0.0,36.0966642738723,29.83164972720305,37.357403142103756,,Damped ETS
UNKNOWN_SKU_9891,False,0.0,225.5253802408473,219.26036569417806,226.78611910907878,,Damped ETS
UNKNOWN_SKU_99378,False,0.25,0.08392190446275319,0.0,1.3446607726942124,-0.6643123821489872,Damped ETS
UNKNOWN_SKU_99503,False,10.050000000000002,19.693497615507074,0.0,32.36392324123324,0.9595520015429919,Damped ETS
UNKNOWN_SKU_99551,False,0.0,517.0971023220857,510.8320877754164,518.3578411903171,,Damped ETS
UNKNOWN_SKU_99692,False,116268.59999999999,81228.69386306508,35496.36567300056,113046.4842705635,-0.30137032816198794,Damped ETS
UNKNOWN_SKU_99820,False,54281.21,57192.82227288619,35842.2073151606,72047.2899696281,0.05363941358135138,Damped ETS
UNKNOWN_SKU_99821,False,71697.63,52398.88228561629,24197.806968550318,72019.48633567254,-0.2691685584918737,Damped ETS
UPADACITINIBUM,True,19.59,9.426697770261855,0.0,34.12457219891614,-0.5188005221918399,Damped ETS
URAPIDILUM,True,45272.59,46729.47998820117,28922.256508308637,59118.67001736303,0.03218039851930654,Damped ETS
UREA PURA*,True,167125.16,168037.78235304987,102301.86856431376,213772.8588285526,0.005460711918240602,Damped ETS
UROFOLLITROPINUM,True,0.0,1.156983245963321,0.0,2.4177221141947802,,Damped ETS
UROKINASUM,True,0.0,0.02916476351923192,0.0,1.2899036317506911,,Damped ETS
URSODESOXYCHOLIC ACID,True,895350.1599999999,852893.35857404,602359.8763465113,1005700.3419031809,-0.04741921465224275,Damped ETS
URTICA DIOICA*&,True,117004.31000000001,99276.3576097858,53254.65007591983,131295.480677871,-0.15151537913615498,Damped ETS
URTICA DIOICA*&+FRANGULA ALNUS*&+ACHILLEA MILLEFOLIUM*&,True,8219.52,6468.1322183260845,0.0,16830.800560531927,-0.213076649448376,Damped ETS
USTECINUMAB,True,0.0,0.2455337986534572,0.0,1.5062726668849162,,Damped ETS
VACCINIUM MYRTILLUS *&,True,12540.58,11286.182880297969,6353.553432160128,14718.008377710566,-0.10002704178770283,Damped ETS
VALACYCLOVIRUM,True,306543.03,301643.53195599583,181069.9080167999,385531.37338024535,-0.01598306783880943,Damped ETS
VALERIANA OFFICINALIS*&,True,4965333.12,4614617.009234335,3225236.3484063083,5462036.945241798,-0.07063294693220201,Damped ETS
VALERIANA OFFICINALIS*&+CONVALLARIA MAJALIS/TRANSCAUCASICA UTKIN EX GROSSH./KEISKEI MIG.*&,True,3047.26,4136.30109535392,0.0,7978.100218960915,0.357383713681773,Damped ETS
VALERIANA OFFICINALIS*&+MELISSA OFFICINALIS*&,True,4554.33,3616.4064792887557,0.0,9358.227329041336,-0.20594105405432728,Damped ETS
VALERIANA OFFICINALIS*&+PASSIFLORA INCARNATA&*,True,0.0,485.2983195680222,479.03330502135293,486.5590584362536,,Damped ETS
VALERIANA*&+ATROPA BELLADONNA*&+CONVALLARIA MAJALIS/TRANSCAUCASICA UTKIN EX GROSSH./KEISKEI MIG.*&+MENTHOLUM*,True,400777.77999999997,373495.8079391118,215856.50578663487,483171.7084317857,-0.06807256645038606,Damped ETS
VALGANCICLOVIRUM,True,93.87,382.3713204633458,0.0,500.71687802423287,3.07341344906089,Damped ETS
VALSARTANUM,True,1414478.3000000003,1458347.0663750414,1062553.119083766,1699752.2413152365,0.03101409641635433,Damped ETS
VANCOMYCINUM,True,38271.33,9936.78301975278,0.0,20410.024776823957,-0.7403596107124373,Damped ETS
VARDENAFILUM,True,0.0,1.7883897474585222,0.0,3.0491286156899813,,Damped ETS
VARENICLINUM,True,0.0,19.941976954975747,13.676962408306498,21.202715823207207,,Damped ETS
VASELINUM*,True,732562.62,791015.1427448518,586032.2518741762,916039.618154441,0.07979184461370936,Damped ETS
VEDOLIZUMABUM,True,3.8200000000000003,4.613461232082638,0.0,9.429483708726812,0.20771236441953844,Damped ETS
VEMURAFENIBUM,True,11.469999999999999,3.344538096456492,0.0,17.805212915071326,-0.7084099305617705,Damped ETS
VENETOCLAXUM,True,33.34,48.09381882129982,0.0,90.12685268813667,0.442526059427109,Damped ETS
VENLAFAXINUM,True,129893.03,171666.26738468782,120574.99529951694,207212.48712015297,0.3215972203026429,Damped ETS
VERAPAMILUM,True,174665.78000000003,157891.6231217214,89189.73134239655,205690.24785275134,-0.09603573681277822,Damped ETS
VERATRUM LOBELIANA/ALBA*&,True,94298.87999999999,75739.92069590322,38649.01800923191,101545.52942862936,-0.19680996533677575,Damped ETS
VILANTEROLUM+UMECLIDINII BROMIDUM*,True,8885.05,6463.463558950343,0.0,17665.191440130267,-0.2725461804997896,Damped ETS
VILDAGLIPTINUM,True,98489.88,112171.53581560156,73432.17268952906,139124.0437076693,0.13891433125516595,Damped ETS
VINCAMINUM,True,77872.17000000001,62371.793854410185,31742.06548998077,83682.10793436888,-0.19904898175548247,Damped ETS
VINCRISTINUM,True,3232.7999999999997,3560.9846659037257,0.0,7636.701279122386,0.10151715723327337,Damped ETS
VINILINUM*,True,21770.840000000004,39801.95216570307,31238.75281649456,45759.70880950185,0.8282230803084798,Damped ETS
VINORELBINUM,True,368.23,110.15856066331594,0.0,574.4004341121861,-0.7008430582426312,Damped ETS
VINPOCETINUM,True,947178.1999999998,866795.2685653457,601759.4609702451,1028447.6029069463,-0.08486568993527743,Damped ETS
VIOLA TRICOLOR/ARVENSIS MURR.*&,True,12529.880000000001,11204.561498194269,6276.140717844925,14633.458858884138,-0.10577264122287933,Damped ETS
VIRIDE NITENS*,True,1333125.8599999999,1427391.665539401,1054361.4491228773,1654912.6401988198,0.07071035703965789,Damped ETS
VITAMIN C+ACIDUM FOLICUM+CALCII PANTOTHENAS+CYANOCOBALAMINUM+NICOTINAMIDUM+PYRIDOXINUM+RIBOFLAVINUM+THIAMINUM,True,31189.309999999998,11165.320874845918,0.0,19700.51376901076,-0.6420144955163831,Damped ETS
VITAMIN C+ALOE ARBORESCENS MILL.+ARONIA MELANOCARPA,True,2597.13,263.53328501190305,0.0,3537.8360218618723,-0.8985290358927343,Damped ETS
VITAMIN C+AMBROXOLUM,True,1643.2699999999998,0.0,0.0,2071.7343599987094,-1.0,Damped ETS
VITAMIN C+CHLORHEXIDINUM,True,35659.82,26742.051675093957,12715.852069709297,36500.633774896654,-0.25007889341297973,Damped ETS
VITAMIN C+CHLORHEXIDINUM+TETRACAINUM,True,0.0,257.75969574115595,251.4946811944867,259.0204346093874,,Damped ETS
VITAMIN C+CHLORPHENAMINUM+COFFEINUM*+PARACETAMOLUM,True,31694.89,136365.817881477,123899.15782512478,145039.36660407897,3.302454366665321,Damped ETS
VITAMIN C+CHLORPHENAMINUM+PARACETAMOLUM,True,425670.6,332676.6567791776,165246.17615017132,449164.6675872039,-0.21846456678197268,Damped ETS
VITAMIN C+COFFEINUM*+PARACETAMOLUM+PHENIRAMINUM+PHENYLEPHRINUM,True,0.0,14.569827595091796,8.304813048422549,15.830566463323255,,Damped ETS
VITAMIN C+COFFEINUM*+PARACETAMOLUM+PHENYLEPHRINUM+THERPINI HYDRAS,True,0.0,39.93871950173056,33.67370495506131,41.19945836996202,,Damped ETS
VITAMIN C+DEQUALINII CHLORIDUM,True,85037.04999999999,69535.36694226325,36087.45169330587,92806.40515698298,-0.18229328343041928,Damped ETS
VITAMIN C+DEXTROSUM*,True,1794.28,7011.587003317193,6305.836681864376,7502.605429378626,2.9077440551737705,Damped ETS
VITAMIN C+FERRI SULFAS*,True,496407.07000000007,467566.7677532526,272313.26817461883,603412.3538363429,-0.05809808922896176,Damped ETS
VITAMIN C+GINKGO BILOBA+PYRIDOXINUM+RIBOFLAVINUM+THIAMINUM+ZINCI OXYDUM*,True,0.0,8.897801820809613,2.632787274140365,10.158540689041072,,Damped ETS
VITAMIN C+METHIONINUM+VITAMIN PP+VITAMIN B6+RETINOLUM+VITAMIN B2+RUTOSIDUM+THIAMINUM+TOCOPHEROL*+VITAMIN B9+VITAMIN B12,True,48709.23999999999,30243.346282125127,11084.373441920477,43573.00183167623,-0.37910453371629016,Damped ETS
VITAMIN C+NICOTINAMIDUM+PYRIDOXINUM+RETINOLUM+RIBOFLAVINUM+THIAMINUM,True,18102.52,6945.335094583292,0.0,11899.227953081185,-0.6163332456153457,Damped ETS
VITAMIN C+PARACETAMOLUM,True,25297.43,25505.79010616794,15555.464987217647,32428.625038285143,0.008236413982287472,Damped ETS
VITAMIN C+PARACETAMOLUM+PHENIRAMINUM,True,2099521.4699999997,2204472.8818488824,1616992.7557599344,2562792.5165552227,0.04998825367996007,Damped ETS
VITAMIN C+PARACETAMOLUM+PHENIRAMINUM+PHENYLEPHRINUM,True,2692683.97,3466083.621811498,2712627.017143726,3925636.691545059,0.2872225855050854,Damped ETS
VITAMIN C+PARACETAMOLUM+PHENYLEPHRINUM,True,628510.71,586196.9427792844,410329.46229143103,693463.1609314726,-0.0673238602739411,Damped ETS
VITAMIN C+PROPOLIS*,True,766.0099999999999,85.36564375925556,0.0,1051.1042242132353,-0.8885580556921507,Damped ETS
VITAMIN C+RETINOLUM+RIBOFLAVINUM+THIAMINUM,True,229401.22999999998,155535.044392276,65303.86987426791,218312.4430653686,-0.32199559526217003,Damped ETS
VITAMIN C+RUTOSIDUM,True,1554671.58,1266297.679641729,831275.381038941,1531629.2614301872,-0.18548862928225074,Damped ETS
VITAMIN C+SALVIA+SALVIA,True,208371.57,190279.92602890404,108320.41998239618,247302.39762606253,-0.08682395573972002,Damped ETS
VITAMIN C+VITAMIN B5+VITAMIN D3+VITAMIN PP+PYRIDOXINUM+RETINOLUM+VITAMIN B2+THIAMINUM+TOCOPHEROL*+VITAMIN B9+VITAMIN B12,True,12690.39,7759.340892211349,2767.7861617001618,11232.163040318523,-0.3885656081325043,Damped ETS
VITAMIN C+VITAMIN B5+VITAMIN PP+PYRIDOXINUM+RETINOLUM+VITAMIN B2+RUTOSIDUM+THIAMINUM+TOCOPHEROL*+VITAMIN B9+VITAMIN B12,True,395664.8700000001,292052.1921566359,136423.9684735502,400328.90577725327,-0.26186979360427975,Damped ETS
VOGLIBOSUM,True,24143.28,19254.418372829117,9758.059041551189,25861.411342466217,-0.20249368052604622,Damped ETS
VORICONAZOLUM,True,705.11,525.7187232938315,0.0,1414.6783066725156,-0.2544160155240579,Damped ETS
VORTIOXETINE,True,42957.22,45710.42154759623,28813.91051045633,57465.99289229977,0.06409170676305931,Damped ETS
WARFARINUM,True,326991.6,307305.03593766794,178688.30565456225,396788.7847211964,-0.06020510637683674,Damped ETS
XANTINOL NICOTINAT,True,37008.21,34208.402056140825,19651.83557605224,44335.981377958466,-0.07565369802698307,Damped ETS
XEROFORMIUM*,True,42306.340000000004,44176.978264518344,27536.480095619307,55754.43132603595,0.044216499572365286,Damped ETS
XEROGEL POLYMETHYLSILOXANE*,True,1322026.76,1239444.7399903256,869520.2315937701,1465071.4613570792,-0.06246622421597148,Damped ETS
XIPAMIDUM,True,47439.100000000006,43948.767491040635,25289.383184002534,56930.83952872198,-0.07357501531351507,Damped ETS
XYLOMETAZOLINUM,True,17561227.92,17296280.731171113,12382364.61260036,20293407.868570276,-0.0150870537092197,Damped ETS
YOHIMBINUM*,True,17685.739999999998,16718.095211676748,0.0,39015.19504311259,-0.05471327681642102,Damped ETS
ZALEPLONUM,True,30392.930000000004,35018.20512367904,23063.649470496173,43335.46254838159,0.1521826004823832,Damped ETS
ZANAMIVIRUM,True,0.0,0.9714859143097698,0.0,2.2322247825412287,,Damped ETS
ZEA MAYS*&,True,48624.99,36577.85459492916,17452.02009689095,49884.45448850925,-0.24775604900013015,Damped ETS
ZINCI HYALURONAS*,True,22311.96,23629.250363410967,14853.210424135943,29735.088628088517,0.05903965242905462,Damped ETS
ZINCI OXYDUM*,True,976868.6499999999,952147.5382676881,678803.8616848807,1118867.061180724,-0.02530648489160936,Damped ETS
ZINCI SULFAS*,True,24498.56,21241.120562606866,11605.017727413295,27945.33861774406,-0.13296452678823312,Damped ETS
ZIPRASIDONUM,True,0.0,2.7563398034401505,0.0,4.01707867167161,,Damped ETS
ZOFENOPRILUM,True,26788.160000000003,23329.5453586577,12792.866283413316,30660.329940931268,-0.12910982468905308,Damped ETS
ZOLEDRONIC ACID,True,21339.289999999997,17825.163513213254,9431.707209250173,23664.823203489275,-0.16467869768800858,Damped ETS
ZOLMITRIPTANUM,True,334614.26,353745.77311150887,222130.79576254636,445315.52102315635,0.05717482904496918,Damped ETS
ZONISAMIDUM,True,10912.27,14624.338836391857,0.0,28381.861766027963,0.3401738443414484,Damped ETS
ZOPICLONUM,True,438144.56,330215.68030602834,157878.7741025356,450117.2855396478,-0.24633166663982242,Damped ETS
ZUCLOPENTHIXOL,True,19205.21,20669.93750492833,13115.88622471072,25925.589903873464,0.07626719546041572,Damped ETS
