INN,known_inn,actual_2023,P50_proxy,P10_empirical,P90_empirical,growth_2024,share_change_12m,opportunity_probability,predicted_share_change_6m,action,supply_watch,reason
ACIDUM ACETYLSALICYLICUM*+COFFEINUM*+PARACETAMOLUM,True,36139314.25,33655927.21349222,23543561.516961325,39823725.95507768,-0.0687170492314412,-0.0132291523823404,0.652023549572311,0.0,Defend,False,已知INN规模位于前25%，但同类份额下降
ACIDUM ACETYLSALICYLICUM*,True,22352905.15,21244309.61988152,14989604.572270695,25059219.31355257,-0.0495951431225252,,,,Monitor,False,跨多个ATC3或不足3个同类INN，竞争份额不适用
XYLOMETAZOLINUM,True,17561227.92,17296280.731171113,12382364.61260036,20293407.86857028,-0.0150870537092197,0.0024947818119023,0.2356961200541529,0.0,Monitor,False,常规跟踪销量与生命周期信号
NATRII CHLORIDUM*,True,15445526.819999998,12699167.31691797,8377258.647070536,15335213.486043064,-0.1778093771153108,,,,Monitor,False,跨多个ATC3或不足3个同类INN，竞争份额不适用
ASCORBIC ACID,True,14461713.47,12031611.481124504,7984989.727445635,14499752.894223826,-0.1680369337918775,,,,Monitor,False,跨多个ATC3或不足3个同类INN，竞争份额不适用
IBUPROFENUM,True,13415092.14,14432420.862271998,10678660.715250468,16721938.251754422,0.075834642927171,,,,Monitor,False,跨多个ATC3或不足3个同类INN，竞争份额不适用
METAMIZOLUM NATRICUM,True,13005371.36,12577362.787137762,8938249.153112197,14796954.242392326,-0.0329101385123568,0.0014304091064556,0.548002607855392,0.0,Monitor,False,常规跟踪销量与生命周期信号
PARACETAMOLUM,True,12015424.03,12201916.286665916,8839805.955802485,14252556.116165437,0.0155210715993281,-0.0430684784247412,0.6320169605598078,0.0,Defend,False,已知INN规模位于前25%，但同类份额下降
DICLOFENACUM,True,11767579.21,11228812.423591634,7936053.089221748,13237153.249896748,-0.0457839948891548,,,,Monitor,False,跨多个ATC3或不足3个同类INN，竞争份额不适用
PANCREATINUM*,True,11211805.08,10979450.401135052,7842205.673610017,12892938.76411154,-0.0207241097403156,0.0004328826530209,0.1785823812015836,0.0,Market-led Growth,False,销量增长且同类份额变化不超过0.2个百分点
OXYMETAZOLINUM,True,11129040.430000002,11700537.7586788,8586451.921268716,13599900.903324183,0.051351896174107,-0.0016939378361213,0.2888449517690727,0.0,Defend,False,已知INN规模位于前25%，但同类份额下降
ENALAPRILUM,True,10444347.28,9185387.026088236,6262889.42620841,10967895.447931506,-0.1205398690947936,-0.0072871658415153,0.5073553512169658,0.0,Defend,False,已知INN规模位于前25%，但同类份额下降
MENTHOL SOLITION IN ISOVALERAT,True,10196528.72,9608246.57750314,6755092.626143367,11348460.477874976,-0.0576943544858526,-0.0252792471335863,0.5022062004094698,0.0,Defend,False,已知INN规模位于前25%，但同类份额下降
BISOPROLOLUM,True,10102992.13,9836047.336455291,7009066.4385614265,11560297.600713192,-0.0264223499444324,0.0042569958758797,0.3939446155810026,0.0,Monitor,False,常规跟踪销量与生命周期信号
SPIRITUS AETHYLICUS*,True,9317096.98,9663686.271025011,7056611.570048815,11253809.941633224,0.0371992791068933,0.0136084508870594,0.2175543584757917,0.0,Monitor,False,常规跟踪销量与生命周期信号
NAPHAZOLINUM,True,8770060.66,8272895.975692173,5818890.900743106,9769658.441304706,-0.0566888535418438,-0.0057401669695467,0.6173002198474152,0.0,Defend,False,已知INN规模位于前25%，但同类份额下降
METFORMINUM,True,7740349.95,7192507.243287124,5026631.909514717,8513531.774931109,-0.0707775113853704,-0.0171534180313241,0.4042273149370164,0.0,Defend,False,已知INN规模位于前25%，但同类份额下降
METAMIZOLUM NATRICUM+PITOFENONUM+FENPIVERINII BROMIDUM,True,7522164.920000001,7322543.831524339,5217720.204422558,8606331.315886311,-0.0265377176117088,0.0024227664262462,0.4884074715209258,0.0,Monitor,False,常规跟踪销量与生命周期信号
DROTAVERINUM,True,7204326.92,6797308.491678435,4781421.086941581,8026851.42665945,-0.0564963851364985,-0.0226711099366677,0.2478750763618526,0.0,Defend,False,已知INN规模位于前25%，但同类份额下降
HYDROGENII PEROXIDUM*,True,6704943.69,6547376.300497348,4671224.415077239,7691690.854102451,-0.0235001808796178,-0.0003732248992343,0.6916537579704811,0.0,Defend,False,已知INN规模位于前25%，但同类份额下降
CRATAEGUS L.*&,True,6532733.830000001,5304118.765829279,3476153.989572936,6419042.729716799,-0.1880705836396707,-0.0980796066532248,0.4311765128675394,0.0,Defend,False,已知INN规模位于前25%，但同类份额下降
OMEPRAZOLUM,True,6412586.57,6421031.520913861,4626685.89476511,7515450.277815253,0.0013169336307081,-0.0348998151950505,0.225371570713395,0.0,Defend,False,已知INN规模位于前25%，但同类份额下降
RANITIDINUM,True,6276118.119999999,5536768.352655713,3780608.810030635,6607896.409342004,-0.1178036730998118,-0.0195048313248459,0.5433955394624584,0.0,Defend,False,已知INN规模位于前25%，但同类份额下降
NIMESULIDUM,True,6156312.829999999,6326691.359209332,4604055.277944867,7377372.572001862,0.0276754177239126,,,,Monitor,False,跨多个ATC3或不足3个同类INN，竞争份额不适用
ALFA-BROMISOVALERIC ACID ETHYL ETHER*+MENTHA PIPERITA+PHENOBARBITALUM,True,6059001.92,5654255.82288391,3958848.910977084,6688329.246605275,-0.0668007870702391,-0.0047548953317112,0.4471792454174683,0.0,Defend,False,已知INN规模位于前25%，但同类份额下降
LOPERAMIDUM,True,5891246.01,5908769.568215012,4260303.478094098,6914212.545784745,0.0029745079708547,,,,Monitor,False,跨多个ATC3或不足3个同类INN，竞争份额不适用
CARBO ACTIVATUS MEDICINALIS*,True,5468696.71,3887245.807909129,2357015.8585421355,4820573.442537684,-0.2891824114508027,-0.1407969416040592,0.5128615163338622,0.0,Defend,False,已知INN规模位于前25%，但同类份额下降
DECAMETOXINUM*,True,5272772.44,4644999.76522756,3169592.6011895896,5544889.536104949,-0.1190593149839099,,,,Monitor,False,跨多个ATC3或不足3个同类INN，竞争份额不适用
AMLODIPINUM+INDAPAMIDUM+PERINDOPRILUM,True,5078501.819999999,5736205.272460832,4315158.175687607,6602939.403547324,0.1295073775243489,0.0357779509150248,0.4268916045259424,0.0,Invest,False,机会概率位于前20%，份额及预测销量增长，维持或评估增加商业支持
CAPTOPRILUM+HYDROCHLOROTHIAZIDUM,True,5078151.109999999,4997165.9668690935,3576217.0044364627,5863840.243231124,-0.0159477615724015,-0.0163651359526494,0.2096556498101315,0.0,Defend,False,已知INN规模位于前25%，但同类份额下降
ARGININUM,True,4994229.96,4340513.112657892,2943046.64777911,5192864.793970616,-0.130894422679349,,,,Monitor,False,跨多个ATC3或不足3个同类INN，竞争份额不适用
VALERIANA OFFICINALIS*&,True,4965333.12,4614617.009234335,3225236.3484063083,5462036.945241798,-0.070632946932202,-0.046588025805736,0.4958599634197617,0.0,Defend,False,已知INN规模位于前25%，但同类份额下降
CEFTRIAXONUM,True,4690157.7,2754728.3957483075,1442346.276134617,3555184.889188753,-0.4126576179414378,-0.0272674706716176,0.597308997726948,0.0,Defend,False,已知INN规模位于前25%，但同类份额下降
AMLODIPINUM,True,4670422.92,4472106.835239225,3165246.8268343983,5269195.247304152,-0.0424621256271101,-0.020511379563218,0.5288003750791757,0.0,Defend,False,已知INN规模位于前25%，但同类份额下降
FLUCONAZOLUM,True,4630222.32,4144317.5627972623,2848706.3336472875,4934545.047497166,-0.1049419927643426,,,,Monitor,False,跨多个ATC3或不足3个同类INN，竞争份额不适用
PANTOPRAZOLUM,True,4421853.76,4297828.224556726,3060521.894714008,5052494.012284088,-0.0280483123537929,0.0146956006048656,0.4549792482469557,0.0,Monitor,False,常规跟踪销量与生命周期信号
IODUM*,True,4146088.35,4094307.902971481,2934165.203104773,4801909.556138769,-0.0124889878500825,,,,Monitor,False,跨多个ATC3或不足3个同类INN，竞争份额不适用
DIPHENHYDRAMINUM,True,4007354.36,4171509.226144844,3050186.5446026083,4855433.525530104,0.0409634016355979,,,,Monitor,False,跨多个ATC3或不足3个同类INN，竞争份额不适用
AZITHROMYCINUM,True,3976716.27,4234954.759939381,3122205.11241157,4913650.13960471,0.0649376199875031,,,,Monitor,False,跨多个ATC3或不足3个同类INN，竞争份额不适用
AMBROXOLUM,True,3681389.46,3646695.2144332863,2616582.7935570544,4274987.96845736,-0.0094242258103039,0.0192789912204375,0.351805246178461,0.0,Monitor,False,常规跟踪销量与生命周期信号
CHLORHEXIDINUM,True,3677837.14,3669699.238301768,2640580.8141201767,4297385.727506477,-0.0022126868016326,,,,Monitor,False,跨多个ATC3或不足3个同类INN，竞争份额不适用
ROSUVASTATINUM,True,3494538.7,3641277.9678613096,2663449.417196996,4237681.409475636,0.0419910267015528,0.0325592449703405,0.4059877909963861,0.0,Monitor,False,常规跟踪销量与生命周期信号
MELOXICAMUM,True,3483239.87,3165075.800128416,2190408.8451743177,3759550.901072709,-0.0913414182617242,-0.0148515756559325,0.5179257683523942,0.0,Defend,False,已知INN规模位于前25%，但同类份额下降
ASPARAGINAT K-MG*,True,3358399.59,3093345.7186786747,2153611.0968697006,3666514.667642423,-0.07892267260589,0.0120996276992072,0.511299866085026,0.0,Monitor,False,常规跟踪销量与生命周期信号
CLOPIDOGRELUM,True,3352997.39,2586527.410853581,1648304.412137062,3158774.380995836,-0.2285924771168458,-0.013077756516455,0.2430717473964397,0.0,Defend,False,已知INN规模位于前25%，但同类份额下降
DEXKETOPROFENUM,True,3191770.66,3270280.9538742728,2377171.806586627,3815011.795306256,0.0245977240339294,,,,Monitor,False,跨多个ATC3或不足3个同类INN，竞争份额不适用
BENZOCAINUM+MENTHOLUM*+PROCAINUM,True,3141489.54,3735567.120133751,2856527.444932758,4271716.619193929,0.189106973799999,-0.0570822360157026,0.2429069505125959,0.0,Defend,False,已知INN规模位于前25%，但同类份额下降
PHENIBUTUM*,True,3061268.76,2685149.4271587087,1828556.8260280527,3207607.8632808845,-0.122863871919985,-0.0311937196034998,0.2394527277721304,0.0,Defend,False,已知INN规模位于前25%，但同类份额下降
NATRII PICOSULFAS,True,3058738.6,2931233.386253203,2075348.7648870144,3453260.006830788,-0.0416855542172833,0.011573520062418,0.3649782257214964,0.0,Monitor,False,常规跟踪销量与生命周期信号
BENZYDAMINUM,True,3011563.65,3469066.4820307544,2626382.1760555967,3983041.8818455,0.1519153785877163,,,,Monitor,False,跨多个ATC3或不足3个同类INN，竞争份额不适用
CHLORAMPHENICOLUM,True,2995353.19,3083559.289959771,2245410.9333525235,3594768.094534307,0.0294476458583408,,,,Monitor,False,跨多个ATC3或不足3个同类INN，竞争份额不适用
SULFANILAMIDUM,True,2990258.8,2727619.5954906857,1890896.731750413,3237958.954341548,-0.0878315965525505,,,,Monitor,False,跨多个ATC3或不足3个同类INN，竞争份额不适用
LORATADINUM,True,2924307.62,3118484.1622780995,2300215.5073162275,3617567.8121192073,0.0664008604806425,,,,Monitor,False,跨多个ATC3或不足3个同类INN，竞争份额不适用
BENZOCAINUM+LEVOMENTHOLUM+PROCAINUM,True,2923933.21,1995307.3093762104,1177143.420398946,2494327.0596781387,-0.3175947718121062,,,,Monitor,False,跨多个ATC3或不足3个同类INN，竞争份额不适用
INOSINUM PRANOBEX*,True,2918083.6,2738061.7338530114,1921534.6605356368,3236083.1470822664,-0.0616918124439576,0.0234276822560208,0.353772352234605,0.0,Monitor,False,常规跟踪销量与生命周期信号
GIDAZEPAMUM*,True,2869564.85,2937477.755306723,2134527.0143941217,3427218.6050719577,0.0236666215460239,-0.0003579283495105,0.2148237489962982,0.0,Defend,False,已知INN规模位于前25%，但同类份额下降
ACICLOVIRUM,True,2839803.52,2861601.0430969456,2066978.004544528,3346262.607393394,0.007675715218828,,,,Monitor,False,跨多个ATC3或不足3个同类INN，竞争份额不适用
AMMONIUM*,True,2831294.0700000003,2255011.2703307797,1462769.3137679384,2738220.5498760976,-0.2035404254808547,0.0027551717202327,0.7207153446342615,0.0,Monitor,False,常规跟踪销量与生命周期信号
ALBENDAZOLUM,True,2812067.34,2624269.1857777503,1837407.1798017824,3104197.091463054,-0.0667829505897428,0.0049535177200283,0.3935396943948256,0.0,Monitor,False,常规跟踪销量与生命周期信号
INDAPAMIDUM+PERINDOPRILUM,True,2759094.43,2909323.592864121,2137284.2654321827,3380210.755679321,0.0544487210117419,0.0374332604565613,0.4255160780874089,0.0,Invest,False,机会概率位于前20%，份额及预测销量增长，维持或评估增加商业支持
SPIRONOLACTONUM,True,2755548.43,2575489.336516657,1804442.237340956,3045771.3131297515,-0.0653441948336009,-0.0294103555152575,0.5238466481127049,0.0,Defend,False,已知INN规模位于前25%，但同类份额下降
VITAMIN C+PARACETAMOLUM+PHENIRAMINUM+PHENYLEPHRINUM,True,2692683.97,3466083.621811498,2712627.017143726,3925636.691545059,0.2872225855050854,0.0185337484794448,0.3527391284550132,0.0,Monitor,False,常规跟踪销量与生命周期信号
CARVEDILOLUM,True,2660725.9400000004,2551276.175319559,1806761.945265348,3005375.054753492,-0.0411353018494048,0.0028486880334042,0.3001031544746074,0.0,Monitor,False,常规跟踪销量与生命周期信号
PREGABALINUM,True,2647149.24,3396775.1525006318,2656059.90309122,3848556.933369949,0.2831823386355923,0.0101821903274752,0.4219108848100113,0.0,Invest,False,机会概率位于前20%，份额及预测销量增长，维持或评估增加商业支持
SILDENAFILUM,True,2585992.1100000003,2406585.856984769,1682983.3634852264,2847930.116354824,-0.0693761795797711,-0.0042805656890202,0.2853996669167074,0.0,Defend,False,已知INN规模位于前25%，但同类份额下降
CHLORAMPHENICOLUM+METHYLURACILUM*,True,2561005.07,2550073.6095747724,1833462.8947350543,2987153.398600929,-0.0042684259212448,0.0123438612341199,0.6081304123755016,0.0,Monitor,False,常规跟踪销量与生命周期信号
DIOSMINUM+HESPERIDINUM,True,2556145.01,2344526.7790058632,1629275.987702245,2780777.114773868,-0.0827880383023094,0.0363303133587011,0.6619592152239786,0.0,Monitor,False,常规跟踪销量与生命周期信号
AMOXICILLINUM+ACIDUM CLAVULANICUM,True,2552485.77,3002290.821161061,2288063.944500521,3437916.644363304,0.1762223540862526,0.0111993214569143,0.2430662415109148,0.0,Monitor,False,常规跟踪销量与生命周期信号
MOMETASONUM,True,2503210.96,2732207.384115509,2031768.397698268,3159423.6091442094,0.0914810728199708,,,,Monitor,False,跨多个ATC3或不足3个同类INN，竞争份额不适用
CYANOCOBALAMINUM+PYRIDOXINUM+THIAMINUM,True,2461890.69,2186239.6718640164,1497362.7665097655,2606403.8784857,-0.1119672044155557,-0.0034531332372444,0.2227409756508492,0.0,Defend,False,已知INN规模位于前25%，但同类份额下降
ACIDUM MEFENAMICUM,True,2442727.7,2555160.794908541,1871646.004656376,2972054.506003126,0.0460276824586467,-0.0010142227687058,0.2608778779736747,0.0,Defend,False,已知INN规模位于前25%，但同类份额下降
CINCHOCAINUM+DEQUALINII CHLORIDUM,True,2405578.51,2194204.356807406,1521084.5118497529,2604757.916405262,-0.0878683245273062,0.019837002182419,0.2642984326360819,0.0,Monitor,False,常规跟踪销量与生命周期信号
NALBUPHINE HYDROCHLORIDE,True,2283487.81,2913924.126659168,2274967.237810884,3303640.797637332,0.2760848181007667,0.0628824518495712,0.4674002634546982,0.0,Invest,False,机会概率位于前20%，份额及预测销量增长，维持或评估增加商业支持
GENTIANA LUTEA&+PRIMULA&+RUMEX CONFERTUS&+SAMBUCUS NIGRA*&+VERBENA OFFICINALIS&,True,2254976.7800000003,2331514.4624227835,1700535.4217359307,2716365.233241945,0.0339416720835517,0.0899857828421326,0.3052320521034838,0.0,Monitor,False,常规跟踪销量与生命周期信号
KETOROLACUM,True,2189568.18,2038109.569484934,1425432.9149009974,2411797.2319512893,-0.0691728222480223,,,,Monitor,False,跨多个ATC3或不足3个同类INN，竞争份额不适用
CALENDULA OFFICINALIS*&,True,2148445.76,2132043.458910232,1530873.5237535,2498712.8694924377,-0.0076344962461457,,,,Monitor,False,跨多个ATC3或不足3个同类INN，竞争份额不适用
LEONURUS CARDIACA/QUINQUELOBATUS GILIB.*&,True,2129411.01,1772947.6877021263,1177103.9840175936,2136368.489130206,-0.1673999620664467,-0.0077503475748781,0.2909349509101868,0.0,Defend,False,已知INN规模位于前25%，但同类份额下降
GLICLAZIDUM,True,2120429.53,1973513.1137736964,1380182.5737210962,2335401.0703708427,-0.0692861583691977,0.0121812883686984,0.2526658514349772,0.0,Monitor,False,常规跟踪销量与生命周期信号
COFFEINUM*+PARACETAMOLUM,True,2108861.18,2022776.0801483104,1432682.551868989,2382689.6978280484,-0.0408206574563099,-0.0019668139010693,0.6728800158510695,0.0,Defend,False,已知INN规模位于前25%，但同类份额下降
VITAMIN C+PARACETAMOLUM+PHENIRAMINUM,True,2099521.47,2204472.8818488824,1616992.7557599344,2562792.5165552227,0.04998825367996,-0.0020607840023763,0.2591691034755722,0.0,Defend,False,已知INN规模位于前25%，但同类份额下降
CHLORPHENAMINUM+COFFEINUM*+PARACETAMOLUM+PHENYLEPHRINUM,True,2080050.87,2339811.1403944045,1757779.203669782,2694807.7806092845,0.124881691184026,0.0131227487690357,0.2673099166053327,0.0,Monitor,False,常规跟踪销量与生命周期信号
DOXYLAMINUM,True,2046541.59,1934645.010566172,1361989.513340189,2283922.712851413,-0.054675937191107,,,,Monitor,False,跨多个ATC3或不足3个同类INN，竞争份额不适用
HYDROCHLOROTHIAZIDUM+VALSARTANUM,True,2032634.7,1978543.3672215135,1409779.2431524366,2325447.618310421,-0.0266114382375181,0.0144000060351854,0.3238317576076349,0.0,Monitor,False,常规跟踪销量与生命周期信号
ALLIUM SATIVUM+CARBO ACTIVATUS MEDICINALIS*+CHOLE MEDICATA CONSERVATA*+URTICA DIOICA,True,2028411.15,2033314.634338536,1465732.3279941152,2379498.063604572,0.0024174015896807,0.0208720632510889,0.3043744423726769,0.0,Monitor,False,常规跟踪销量与生命周期信号
SIMVASTATINUM,True,2025080.18,1951524.51781961,1384874.2708532717,2297139.459470409,-0.0363223456072687,-0.017081161346934,0.3844127854254593,0.0,Defend,False,已知INN规模位于前25%，但同类份额下降
ACIDUM SALICYLICUM*,True,2019601.16,1938846.9196161572,1373729.7912229977,2283526.771784424,-0.0399852416324827,,,,Monitor,False,跨多个ATC3或不足3个同类INN，竞争份额不适用
LEVOCETIRIZINUM,True,2018266.67,1680631.2303369818,1115887.5138687138,2025083.328716515,-0.1672898059913055,0.0574050541790766,0.6066138479236487,0.0,Monitor,False,常规跟踪销量与生命周期信号
LEVOTHYROXINUM NATRICUM,True,1988813.54,2164277.634638954,1607775.38117707,2503703.0472077634,0.0882255129050229,,,,Monitor,False,跨多个ATC3或不足3个同类INN，竞争份额不适用
CALCII CHLORIDUM*+KALII CHLORIDUM*+MAGNESII CHLORIDUM*+NATRII CHLORIDUM*+NATRII LACTAS*+SORBITOL*,True,1987092.69,1521176.3580823743,965155.6263336168,1860308.077849184,-0.234471363244573,,,,Monitor,False,跨多个ATC3或不足3个同类INN，竞争份额不适用
ACETYLCYSTEINUM,True,1974150.9,1787337.7546615098,1234938.3454520337,2124260.7342313225,-0.0946296178972389,0.0074727939590412,0.2716749393036337,0.0,Monitor,False,常规跟踪销量与生命周期信号
DEXAMETHASONUM,True,1939097.49,1730822.5014057506,1188231.6042886267,2061763.0105670032,-0.1074082090603134,,,,Monitor,False,跨多个ATC3或不足3个同类INN，竞争份额不适用
ALFA-BROMISOVALERIC ACID ETHYL ETHER*+MENTHOL SOLITION IN ISOVALERAT+PHENOBARBITALUM,True,1930103.19,1747689.433670463,1207615.2874289954,2077094.9100461544,-0.094509846558793,0.0066507109523729,0.2285051230501419,0.0,Monitor,False,常规跟踪销量与生命周期信号
DESLORATADINUM,True,1924743.46,1810759.2819310892,1272184.874987931,2139250.0277249957,-0.059220452199334,0.048775412159978,0.7467218259757983,0.0,Monitor,False,常规跟踪销量与生命周期信号
CLOTRIMAZOLUM,True,1922814.35,1884791.501941929,1346756.8912343574,2212953.0117645026,-0.0197745809719335,,,,Monitor,False,跨多个ATC3或不足3个同类INN，竞争份额不适用
SALBUTAMOLUM,True,1917613.56,1836511.669926564,1299932.3245299784,2163785.575026056,-0.0422931354706502,0.0088128439388963,0.2542432404846618,0.0,Monitor,False,常规跟踪销量与生命周期信号
MEBHYDROLINUM,True,1907965.45,1852281.7970425629,1318402.149153391,2177909.0853771367,-0.0291848329630062,-0.0350441227823517,0.2287306842633884,0.0,Defend,False,已知INN规模位于前25%，但同类份额下降
MYRAMISTINUM*,True,1877930.72,1905848.074679408,1380372.6309003506,2226349.4171087453,0.0148660194873473,,,,Monitor,False,跨多个ATC3或不足3个同类INN，竞争份额不适用
ACIDUM BORICUM*,True,1871579.66,1900349.5583740112,1376651.2440898945,2219766.982619269,0.0153719870913811,0.0042388961731129,0.6752333904355616,0.0,Invest,False,机会概率位于前20%，份额及预测销量增长，维持或评估增加商业支持
LOSARTANUM,True,1861722.53,1717477.8995462314,1196537.7699523028,2035213.0341501008,-0.0774791238379484,-0.0055033965108775,0.2580295261014038,0.0,Defend,False,已知INN规模位于前25%，但同类份额下降
NEBIVOLOLUM,True,1840643.29,1845882.0157138635,1330840.1990212356,2160019.613600622,0.0028461384899098,-0.0009380342222358,0.2744426360255801,0.0,Defend,False,已知INN规模位于前25%，但同类份额下降
HYDROCHLOROTHIAZIDUM+LISINOPRILUM,True,1833305.68,1752044.411794182,1239055.7772716756,2064929.7196842027,-0.0443249966943964,-0.0079643787072083,0.3914657704857241,0.0,Defend,False,已知INN规模位于前25%，但同类份额下降
CIPROFLOXACINUM,True,1807918.9,1872929.7744219212,1367044.7722882722,2181482.3894264675,0.0359589550294108,,,,Monitor,False,跨多个ATC3或不足3个同类INN，竞争份额不适用
TILORONUM,True,1770424.71,1721259.593257549,1225866.0730084851,2023413.1765511169,-0.0277702386691445,0.0281112410966508,0.2727148604959468,0.0,Monitor,False,常规跟踪销量与生命周期信号
LISINOPRILUM,True,1760793.96,1382167.3695024508,889468.6891515143,1682677.298815215,-0.2150317408503316,-0.0106456865107529,0.2576185921934902,0.0,Defend,False,已知INN规模位于前25%，但同类份额下降
METAMIZOLUM NATRICUM+TEMPIDONUM,True,1757419.59,1639649.8493488804,1147895.3723992412,1939583.884086123,-0.0670128757646997,-0.0081398973235351,0.2265688727921598,0.0,Defend,False,已知INN规模位于前25%，但同类份额下降
CENTAURIUM VULG. RAF./PULCHELLUM (SWARTZ) DRUCE*&+LEVISTICUM OFFICINALE&+ROSMARINUS OFFICINALIS*&,True,1752667.1199999996,1656373.1028681183,1165948.444029286,1955496.0464406903,-0.0549414181581048,0.0152434447414813,0.3437470809143691,0.0,Monitor,False,常规跟踪销量与生命周期信号
SILIMARINUM*,True,1731756.0100000002,1535602.9027443444,1051029.5113085837,1831157.0038908832,-0.1132683277107008,-0.0410967586107455,0.2493881079749725,0.0,Defend,False,已知INN规模位于前25%，但同类份额下降
ALTHAEA OFFICINALIS*&,True,1700523.7,1422390.5402126117,946556.455175489,1712614.3077235362,-0.1635573557648083,-0.0194927649661849,0.2798188916234657,0.0,Defend,False,已知INN规模位于前25%，但同类份额下降
EUCALYPTUS VIMINALIS*&,True,1693998.63,1341433.2275422425,867424.9628175644,1630543.3790543587,-0.2081261437960887,,,,Monitor,False,跨多个ATC3或不足3个同类INN，竞争份额不适用
NIFUROXAZIDUM,True,1674163.5300000005,1580559.5261027704,1112101.4437484522,1866284.4748970675,-0.0559109084745322,0.0302280157007751,0.6837028032380895,0.0,Monitor,False,常规跟踪销量与生命周期信号
METRONIDAZOLUM,True,1662092.82,1467431.0402199,1002350.5381066562,1751095.913678151,-0.1171184770415529,,,,Monitor,False,跨多个ATC3或不足3个同类INN，竞争份额不适用
TAURINUM,True,1661675.92,1657621.841987994,1192657.995249828,1941215.564254012,-0.0024397525192553,,,,Monitor,False,跨多个ATC3或不足3个同类INN，竞争份额不适用
ATORVASTATINUM,True,1658471.5199999998,1574733.1437392312,1110665.9400423197,1857779.9797486144,-0.0504912959016435,-0.015848639338758,0.3376183972547782,0.0,Defend,False,已知INN规模位于前25%，但同类份额下降
SIMETICONUM,True,1648087.92,1508230.6132881488,1047068.9091178778,1789505.3084492,-0.0848603433194578,-0.0273764726893595,0.4733503923345583,0.0,Defend,False,已知INN规模位于前25%，但同类份额下降
LEVOFLOXACINUM,True,1622837.5300000005,724174.1577890888,270077.9218757321,1001139.437376032,-0.5537605309207456,,,,Monitor,False,跨多个ATC3或不足3个同类INN，竞争份额不适用
HEDERA HELIX*&,True,1558248.7,1257469.073361816,821445.8386225495,1523411.1525183723,-0.193024147325253,0.0172507300069791,0.5663110619832543,0.0,Monitor,False,常规跟踪销量与生命周期信号
VITAMIN C+RUTOSIDUM,True,1554671.58,1266297.679641729,831275.381038941,1531629.2614301872,-0.1854886292822507,0.0186090849402633,0.255302734655286,0.0,Monitor,False,常规跟踪销量与生命周期信号
DICLOFENACUM+PARACETAMOLUM,True,1530389.63,1499909.6218246105,1071681.8062749945,1761097.0690670393,-0.019916502031832,0.0056083865975374,0.2755997194759167,0.0,Monitor,False,常规跟踪销量与生命周期信号
CETIRIZINUM,True,1521235.2999999998,1483987.6422951436,1058321.356608168,1743612.7448659642,-0.0244851389557264,-0.0567870721360201,0.3524997664242747,0.0,Defend,False,已知INN规模位于前25%，但同类份额下降
ENALAPRILUM+HYDROCHLOROTHIAZIDUM,True,1519117.4200000002,1357236.8529230524,932163.184376325,1616500.502658646,-0.1065622478853199,-0.0129466953861295,0.5099716185263591,0.0,Defend,False,已知INN规模位于前25%，但同类份额下降
TAMSULOSINUM,True,1509835.55,1480273.3078526857,1057796.856927144,1737952.8460108007,-0.0195797761864292,-0.0287200295971959,0.4415356418112749,0.0,Defend,False,已知INN规模位于前25%，但同类份额下降
FLURBIPROFENUM,True,1500185.7,1921619.861967899,1501843.595429964,2177652.486400016,0.2809213299179554,,,,Monitor,False,跨多个ATC3或不足3个同类INN，竞争份额不适用
FUROSEMIDUM,True,1482534.2999999998,1363377.88113733,948540.7623270184,1616397.9890077298,-0.0803734651283749,-0.0146361055100855,0.4846115370460506,0.0,Defend,False,已知INN规模位于前25%，但同类份额下降
EMOXYPINUM*,True,1480743.13,1181899.6956442045,767563.7752224217,1434614.109388934,-0.2018199026564423,,,,Monitor,False,跨多个ATC3或不足3个同类INN，竞争份额不适用
CINNARIZINUM,True,1455947.03,1363860.7928785018,956463.2230107216,1612343.3234912425,-0.0632483429850454,-0.0340915990148746,0.2292103357445249,0.0,Defend,False,已知INN规模位于前25%，但同类份额下降
RAMIPRILUM,True,1424697.7399999998,1477290.6685627615,1078637.1563727483,1720439.9676093431,0.0369151484459866,0.0124429022397244,0.3624073100022381,0.0,Monitor,False,常规跟踪销量与生命周期信号
VALSARTANUM,True,1414478.3000000005,1458347.0663750414,1062553.119083766,1699752.2413152363,0.0310140964163543,0.0174989939103126,0.411294337600853,0.0,Monitor,False,常规跟踪销量与生命周期信号
ACETYLCYSTEINUM+AMBROXOLUM,True,1378227.52,1223123.53241868,837473.1407468775,1458341.885060068,-0.1125387393086738,-0.0233546159921639,0.2923191730851295,0.0,Defend,False,已知INN规模位于前25%，但同类份额下降
MATRICARIA CHAMOMILLA*&,True,1373979.99,880461.6320427703,495999.76808817504,1114955.070259728,-0.3591888976179557,,,,Monitor,False,跨多个ATC3或不足3个同类INN，竞争份额不适用
AMLODIPINUM+VALSARTANUM,True,1368899.41,1335867.2889796298,952827.0536302448,1569493.6383881571,-0.024130422424808,-0.0299895236754266,0.39628341736843,0.0,Defend,False,已知INN规模位于前25%，但同类份额下降
INSULINUM HUMANUM,True,1366306.16,879926.4927769195,497611.8907962564,1113110.2592416762,-0.3559814640834823,-0.0633965513870502,0.4691750677550214,0.0,Defend,False,已知INN规模位于前25%，但同类份额下降
BETAHISTINE,True,1355422.79,1230469.0591666205,851199.8004564276,1461795.3903926825,-0.0921880108223499,-0.005509092127509,0.2499769617057911,0.0,Defend,False,已知INN规模位于前25%，但同类份额下降
VIRIDE NITENS*,True,1333125.86,1427391.665539401,1054361.449122877,1654912.6401988198,0.0707103570396578,-0.017233808837038,0.6346642130408462,0.0,Defend,False,已知INN规模位于前25%，但同类份额下降
LIDOCAINUM+PHENAZONUM,True,1330911.9799999995,1540501.978917504,1168091.2419967277,1767645.1166820785,0.157478482474479,0.0107183189357391,0.2330758637532557,0.0,Monitor,False,常规跟踪销量与生命周期信号
XEROGEL POLYMETHYLSILOXANE*,True,1322026.76,1239444.7399903256,869520.2315937701,1465071.4613570792,-0.0624662242159714,0.0013671252196605,0.3079395359172166,0.0,Market-led Growth,False,销量增长且同类份额变化不超过0.2个百分点
TRIMETAZIDINUM,True,1321283.09,1182722.1654320953,813005.7479513085,1408221.9666570213,-0.1048684612832702,0.0313174829254048,0.3116989978138159,0.0,Monitor,False,常规跟踪销量与生命周期信号
AMIODARONUM,True,1314490.54,1173947.0794287217,806131.327498388,1398287.6145687315,-0.1069185789433512,-0.0230290700552429,0.4185001419112595,0.0,Defend,False,已知INN规模位于前25%，但同类份额下降
CHLOROBUTANOLUM+CHOLINI SALICYLAS+HEXETIDINUM,True,1299103.9300000002,1307156.985827854,943646.6566864958,1528871.5299726068,0.0061989311569965,0.0140472195086102,0.5151112188618023,0.0,Invest,False,机会概率位于前20%，份额及预测销量增长，维持或评估增加商业支持
CASSIA ACUTIFOLIA/ANGUSTIFOLIA*&,True,1291190.41,1263862.9385181707,902566.9404964688,1484226.9036685391,-0.0211645558007431,-0.0062719246075783,0.4762107647124334,0.0,Defend,False,已知INN规模位于前25%，但同类份额下降
NITROFURALUM,True,1289173.39,1259195.3110075626,898463.7078638629,1479215.0368253388,-0.0232537215125403,0.0077370908973787,0.246386916726743,0.0,Monitor,False,常规跟踪销量与生命周期信号
CITICOLINUM,True,1285930.49,1163259.392267953,803435.2050893274,1382725.6611385187,-0.095394812305949,0.0218382221381429,0.3896710910715445,0.0,Monitor,False,常规跟踪销量与生命周期信号
SILICII DIOXIDUM*,True,1276282.6,876076.1363088316,518951.58507805486,1093895.825961283,-0.3135719813865427,0.0343028112175098,0.2884426010509963,0.0,Monitor,False,常规跟踪销量与生命周期信号
ANTRAL*,True,1267330.21,1149065.0477823843,794445.5203301916,1365356.8573153012,-0.0933183485128281,0.0204769669055623,0.3076453860328899,0.0,Monitor,False,常规跟踪销量与生命周期信号
CODEINUM*+NATRII HYDROCARBONAS*+THERPINI HYDRAS,True,1261465.2699999998,1444284.384642257,1091305.9624323477,1659575.2407729805,0.1449259991456262,-0.0815063430117312,0.6224838996593952,0.0,Defend,False,已知INN规模位于前25%，但同类份额下降
MAGNESII SULFAS*,True,1258819.03,1133610.590676919,781372.6292963348,1348449.820204298,-0.0994650035780607,,,,Monitor,False,跨多个ATC3或不足3个同类INN，竞争份额不适用
LIDOCAINUM,True,1232467.49,845174.4771831892,500310.1036715768,1055516.3608526334,-0.3142419706476889,,,,Monitor,False,跨多个ATC3或不足3个同类INN，竞争份额不适用
TORASEMIDUM,True,1223222.89,1166167.140897201,823889.5562568838,1374931.273758978,-0.0466437879549486,0.0146361055100855,0.3509158047796015,0.0,Monitor,False,常规跟踪销量与生命周期信号
POVIDONUM,True,1214701.78,1240451.1203011991,900557.8803073877,1447760.978431272,0.0211980757130356,,,,Monitor,False,跨多个ATC3或不足3个同类INN，竞争份额不适用
NIFEDIPINUM,True,1188234.61,1150483.841064009,817996.5440867352,1353276.6190776725,-0.0317704673961575,-0.0093771468594882,0.2615346023902497,0.0,Defend,False,已知INN规模位于前25%，但同类份额下降
CALCII GLUCONAS*,True,1187234.8199999998,974408.10845259,642200.5689170265,1177030.2550187062,-0.1792625249547598,-0.0015592587081195,0.551946273690928,0.0,Defend,False,已知INN规模位于前25%，但同类份额下降
NAPROXENUM,True,1177620.58,1062321.927391051,732804.6079881014,1263303.2376932832,-0.0979081501861567,,,,Monitor,False,跨多个ATC3或不足3个同类INN，竞争份额不适用
TROXERUTINUM,True,1168182.08,1079819.977364282,752943.7031944115,1279190.444471767,-0.0756406934745291,-0.0526161521358643,0.5404335374895345,0.0,Defend,False,已知INN规模位于前25%，但同类份额下降
BENDAZOLUM+METAMIZOLUM NATRICUM+PAPAVERINUM*,True,1159911.15,1117341.5417649148,792779.6078238548,1315300.431682726,-0.0367007492212532,0.0043544322104712,0.2511131075662921,0.0,Monitor,False,常规跟踪销量与生命周期信号
CAPTOPRILUM,True,1149293.65,1128759.1758898322,807168.1904853212,1324906.0058807237,-0.0178670386895185,0.0018788481577389,0.2654279696514152,0.0,Monitor,False,常规跟踪销量与生命周期信号
INDAPAMIDUM,True,1144898.0100000002,1080050.6684938562,759689.6543843953,1275447.3065283394,-0.0566402779459316,-0.0222567873135979,0.2576141763414837,0.0,Defend,False,已知INN规模位于前25%，但同类份额下降
CRATAEGUS L.*&+VALERIANA OFFICINALIS*&+LEONURUS CARDIACA/QUINQUELOBATUS GILIB.*&,True,1140445.14,1066375.9630567292,747260.9341236227,1261012.6418459304,-0.0649476019015441,,,,Monitor,False,跨多个ATC3或不足3个同类INN，竞争份额不适用
ESOMEPRAZOLUM,True,1136076.9500000002,1274910.5706559296,957017.832063098,1468801.7423057691,0.1222044163962039,0.0159190894463082,0.3812137978969639,0.0,Monitor,False,常规跟踪销量与生命周期信号
DEXPANTHENOLUM+XYLOMETAZOLINUM,True,1124874.93,1177552.053679139,862793.8217898995,1369531.4069590652,0.0468293161081818,0.0079665313116161,0.3050989947335349,0.0,Monitor,False,常规跟踪销量与生命周期信号
AMLODIPINUM+HYDROCHLOROTHIAZIDUM+VALSARTANUM,True,1122206.69,1301689.9332268136,860288.5175035142,1608790.364953974,0.159937776905263,0.0273731446626525,0.4485875235790602,0.0,Invest,False,机会概率位于前20%，份额及预测销量增长，维持或评估增加商业支持
CHLORPHENAMINUM+PARACETAMOLUM+PHENYLEPHRINUM,True,1109981.12,1052737.3240593262,742146.6215341685,1242174.7911833632,-0.0515718645202485,0.009249579965144,0.2750730928745925,0.0,Monitor,False,常规跟踪销量与生命周期信号
DEXPANTHENOLUM,True,1107646.47,1027672.1989336588,717734.7693070979,1216711.2176745185,-0.0722019825209584,,,,Monitor,False,跨多个ATC3或不足3个同类INN，竞争份额不适用
ALTHAEA OFFICINALIS*&+ASCORBIC ACID,True,1095503.46,904618.3859492833,598078.7672752817,1091584.9901091978,-0.1742441544189342,-0.0092318994600493,0.2592575531491198,0.0,Defend,False,已知INN规模位于前25%，但同类份额下降
BETAMETHASONUM+CLOTRIMAZOLUM+GENTAMICINUM,True,1077303.49,1096386.4201783985,794939.4480065617,1280246.8848225947,0.0177136065700469,0.0276174232387398,0.3230355561951647,0.0,Monitor,False,常规跟踪销量与生命周期信号
CHLOROPYRAMINUM,True,1072529.01,1064666.2352675062,764555.2399611068,1247711.8523600302,-0.0073310601943473,-0.0083428895968976,0.2437333191587653,0.0,Defend,False,已知INN规模位于前25%，但同类份额下降
AMOXICILLINUM,True,1070295.87,1226555.6037523842,927069.4772018038,1409220.0968981031,0.1459967641960387,0.0061960677149446,0.2641840926952575,0.0,Monitor,False,常规跟踪销量与生命周期信号
DEXTROSUM*,True,1065666.69,822635.0172141271,524444.2102346718,1004509.4607650737,-0.2280559907393491,,,,Monitor,False,跨多个ATC3或不足3个同类INN，竞争份额不适用
GLIMEPIRIDUM,True,1053677.23,1001172.445264612,706336.4834597281,1181000.680196636,-0.0498300459006673,-0.0042943337683668,0.4236998740899244,0.0,Defend,False,已知INN规模位于前25%，但同类份额下降
CETRARIA ISLANDICA*&,True,1037944.1000000002,854900.0840387132,564466.5069335075,1032043.1883469542,-0.1763524798313194,,,,Monitor,False,跨多个ATC3或不足3个同类INN，竞争份额不适用
PROPRANOLOLUM,True,1019256.23,859649.0358681297,574444.6275905874,1033602.732090994,-0.1565918259159134,-0.0081420423904212,0.2665171679256555,0.0,Defend,False,已知INN规模位于前25%，但同类份额下降
BROMHEXINE,True,1018593.13,850109.9579510136,565091.0957977552,1023950.4846954189,-0.1654077247202584,-0.0093236863940178,0.4379572359798134,0.0,Defend,False,已知INN规模位于前25%，但同类份额下降
KETOPROFENUM,True,1006138.29,919736.6890051374,638202.892891055,1091451.5819882809,-0.0858744785419731,,,,Monitor,False,跨多个ATC3或不足3个同类INN，竞争份额不适用
DIMETHYLIS SULFOXIDUM,True,995627.84,862393.6716196116,583800.8697175346,1032314.7746089812,-0.1338192475417204,0.0109515244638661,0.5296033153609151,0.0,Monitor,False,常规跟踪销量与生命周期信号
NAFTIFINUM,True,989277.08,979982.1388020392,703166.3824500423,1148819.374807516,-0.0093956904348381,0.0238391856488502,0.7043527249232401,0.0,Monitor,False,常规跟踪销量与生命周期信号
PROPOLIS*,True,985952.11,984671.5943985126,708786.2185273792,1152941.366792479,-0.0012987604453602,,,,Monitor,False,跨多个ATC3或不足3个同类INN，竞争份额不适用
SUMATRIPTANUM,True,984709.29,955065.654838737,679528.0401411561,1123123.3185142316,-0.0301039458673768,-0.0267103915821484,0.2960215472122135,0.0,Defend,False,已知INN规模位于前25%，但同类份额下降
SERRAPEPTASUM,True,983537.2,675305.3311669774,400095.6862429029,843162.9574212576,-0.3133911649025808,0.0037317221938483,0.3559308265267887,0.0,Monitor,False,常规跟踪销量与生命周期信号
CODEINUM*+COFFEINUM*+METAMIZOLUM NATRICUM+PARACETAMOLUM+PHENOBARBITALUM,True,982694.48,1036910.2681132772,761936.4298998897,1204624.0696308855,0.05517054304943,-0.00651233973708,0.2273545980909011,0.0,Defend,False,已知INN规模位于前25%，但同类份额下降
RIVAROXABANUM,True,982008.67,963198.6861432722,688416.7486801415,1130795.442328318,-0.0191546005970882,-0.1579181325039113,0.4080458306494966,0.0,Defend,False,已知INN规模位于前25%，但同类份额下降
ZINCI OXYDUM*,True,976868.65,952147.538267688,678803.8616848807,1118867.061180724,-0.0253064848916093,-0.0170142449628928,0.7074514683463511,0.0,Defend,False,已知INN规模位于前25%，但同类份额下降
METOPROLOLUM,True,976186.29,954019.931236522,680867.1900380703,1120622.997619138,-0.0227070990348349,-0.0003486091748351,0.2746337828692403,0.0,Defend,False,已知INN规模位于前25%，但同类份额下降
DOMPERIDONUM,True,975489.38,809493.1938366025,536535.4593482623,975977.320479763,-0.1701670869685915,-0.0135891007989971,0.4475746481050444,0.0,Defend,False,已知INN规模位于前25%，但同类份额下降
ATENOLOLUM+CHLORTALIDONUM+NIFEDIPINUM,True,972588.73,929910.8068909924,657764.7212722109,1095899.88746615,-0.0438807502005575,0.0021435990658779,0.2093236141902928,0.0,Monitor,False,常规跟踪销量与生命周期信号
ACIDUM TIAZOTICUM,True,971391.97,779322.9063153177,507511.6935357733,945107.739107274,-0.1977256036867201,,,,Monitor,False,跨多个ATC3或不足3个同类INN，竞争份额不适用
THIOCOLCHICOSIDUM,True,967479.6,993876.8113404908,723160.3430795184,1158993.9305561548,0.0272845146714109,,,,Monitor,False,跨多个ATC3或不足3个同类INN，竞争份额不适用
CARBAMAZEPIN,True,963986.59,938195.585847834,668456.5183824964,1102716.5625209666,-0.0267545258613667,-0.0071762102081784,0.3401506490669952,0.0,Defend,False,已知INN规模位于前25%，但同类份额下降
UNKNOWN_SKU_78790,False,959593.2699999998,780053.1717989856,511543.4264551068,943824.3524638172,-0.1871002056954966,,,,Data Review,False,补齐INN后再形成分子级商业建议
FURAZIDINUM*,True,956113.8200000002,995180.7143764046,727644.5755204462,1158358.0667471257,0.0408600875326794,,,,Monitor,False,跨多个ATC3或不足3个同类INN，竞争份额不适用
VINPOCETINUM,True,947178.1999999998,866795.2685653457,601759.4609702451,1028447.6029069464,-0.0848656899352774,0.005220119959704,0.3380586459885806,0.0,Monitor,False,常规跟踪销量与生命周期信号
TERBINAFINUM,True,934204.97,884643.3563610906,623237.6687266973,1044081.5847261702,-0.0530521836539892,,,,Monitor,False,跨多个ATC3或不足3个同类INN，竞争份额不适用
FLUOCINOLONI ACETONIDUM,True,931899.2,924229.3267569996,663468.8309292577,1083274.0356101703,-0.0082303678799169,-0.0055031045073602,0.3209838473334938,0.0,Defend,False,已知INN规模位于前25%，但同类份额下降
MEBEVERINUM,True,931382.43,888636.3244694733,628020.4292610137,1047592.8375883908,-0.0458953316636289,0.0113232076833657,0.357199052792879,0.0,Monitor,False,常规跟踪销量与生命周期信号
MELDONIUM,True,928055.2,705598.4714665663,445913.5891235893,863987.1352659033,-0.2397020441601249,0.0198990767935149,0.4001377776199517,0.0,Monitor,False,常规跟踪销量与生命周期信号
AMYLMETACRESOLUM+DICHLOROBENZYL ALCOHOL*,True,927504.37,562903.9120476139,303373.1608637974,721198.5671848792,-0.3930983720889489,-0.004948487301436,0.5849978454268666,0.0,Defend,False,已知INN规模位于前25%，但同类份额下降
GLYCINUM,True,925974.07,816553.0636248452,557450.5151766521,974586.5466117772,-0.1181685426408915,-0.0440754137491273,0.239260853931485,0.0,Defend,False,已知INN规模位于前25%，但同类份额下降
GLYCEROLUM,True,915761.52,833152.0490132394,576907.1375301448,989442.5837913968,-0.0902084977175723,,,,Monitor,False,跨多个ATC3或不足3个同类INN，竞争份额不适用
MAGNESII LACTAS*+PYRIDOXINUM,True,912405.33,715374.69677337,460068.9016330001,871092.4397072959,-0.2159463856120064,-0.026199391813725,0.4932880627755758,0.0,Defend,False,已知INN规模位于前25%，但同类份额下降
BISACODYLUM,True,910822.5799999998,906361.206781935,651498.2907370416,1061808.8260662886,-0.0048981802999052,-0.0110296572085947,0.3392423002821359,0.0,Defend,False,已知INN规模位于前25%，但同类份额下降
CEFIXIMUM,True,905503.37,858463.6150887661,605089.1001896318,1013003.4192298308,-0.0519487353329605,0.0351835022951226,0.3027925804001859,0.0,Monitor,False,常规跟踪销量与生命周期信号
DOXYCYCLINUM,True,901403.36,876854.0731512323,624626.8074830219,1030694.1397061448,-0.0272345189047972,0.0480315608502979,0.5136998250228214,0.0,Monitor,False,常规跟踪销量与生命周期信号
KALII IODIDUM*,True,900721.93,746984.8624099358,494948.2718970125,900708.6311550061,-0.1706820523289182,,,,Monitor,False,跨多个ATC3或不足3个同类INN，竞争份额不适用
DEXAMETHASONUM+TOBRAMYCINUM,True,895888.6399999999,1021652.839926105,770968.6822695242,1174551.724176315,0.1403792774134351,-0.0259801883109508,0.3033708055227839,0.0,Defend,False,已知INN规模位于前25%，但同类份额下降
URSODESOXYCHOLIC ACID,True,895350.1599999999,852893.35857404,602359.8763465113,1005700.3419031808,-0.0474192146522427,0.0348023378568247,0.5197105418810185,0.0,Monitor,False,常规跟踪销量与生命周期信号
UNKNOWN_SKU_191063,False,890634.4999999999,759544.3918040262,409228.06175968045,1003273.3250730872,-0.1471873234149067,,,,Data Review,False,补齐INN后再形成分子级商业建议
DROSPIRENONUM+ETHINYLESTRADIOLUM+ACIDUM LEVOMEFOLICUM,True,862920.3700000001,915619.1099492687,576203.6739439165,1151763.8598733323,0.0610702236050688,0.0788559342680816,0.4407466925798818,0.0,Invest,False,机会概率位于前20%，份额及预测销量增长，维持或评估增加商业支持
MAGNESIUM CITRATUM*+PYRIDOXINUM,True,851644.78,949838.477308859,614858.1078856846,1182897.575910546,0.1152988894135638,0.0359086214334191,0.4253791666252028,0.0,Invest,False,机会概率位于前20%，份额及预测销量增长，维持或评估增加商业支持
BUDESONIDUM,True,851545.5200000001,1085135.288775395,750193.9616292939,1318167.22411997,0.2743127211512952,,,,Monitor,False,跨多个ATC3或不足3个同类INN，竞争份额不适用
DIMETINDENUM+PHENYLEPHRINUM,True,847443.87,752488.1471481333,515359.6210936194,897119.093900265,-0.1120495719107234,-0.0101687508252399,0.6965357816886258,0.0,Defend,False,已知INN规模位于前25%，但同类份额下降
PENTOXIFYLLINUM,True,845465.1900000001,736738.3286767902,500163.46934705134,881031.5794801395,-0.1286000448146301,0.0166224893810408,0.6010309265256467,0.0,Monitor,False,常规跟踪销量与生命周期信号
AMLODIPINUM+PERINDOPRILUM,True,844758.4299999999,852044.8110639938,615667.7146339669,996217.441055104,0.0086254020146254,0.0202147219229502,0.3922396595917101,0.0,Monitor,False,常规跟踪销量与生命周期信号
ALFA-BROMISOVALERIC ACID ETHYL ETHER*+DOXYLAMINUM+GUAIFENESINUM,True,843085.0,787942.1914861945,552033.3478849424,931829.221718086,-0.0654059893294335,0.0090153715641555,0.2361255718835012,0.0,Monitor,False,常规跟踪销量与生命周期信号
LEVOCETIRIZINUM+PARACETAMOLUM+PHENYLEPHRINUM,True,842001.7000000001,755405.2389127167,519799.52020429657,899107.3852718667,-0.1028459456641041,-0.0051625787070292,0.2491427343762011,0.0,Defend,False,已知INN规模位于前25%，但同类份额下降
SULFANILAMIDUM+SULFATHIAZOLUM,True,832199.42,812628.6676795274,579765.7857425546,954657.8854980184,-0.0235169021392404,0.0132068570171091,0.4223223128028934,0.0,Monitor,False,常规跟踪销量与生命周期信号
BILASTINUM,True,829220.9199999999,832408.2412878464,506247.925815679,1059330.879335204,0.0038437540720106,0.0231287482100584,0.5381560319628398,0.0,Invest,False,机会概率位于前20%，份额及预测销量增长，维持或评估增加商业支持
AQUA PRO INJECTIONIBUS*,True,823083.5800000001,547852.1091743428,317539.9869743527,688325.5513051285,-0.3343906712677432,,,,Monitor,False,跨多个ATC3或不足3个同类INN，竞争份额不适用
EPLERENONUM,True,817766.86,933551.8791836773,611896.8285123992,1157340.0262300689,0.1415868321977211,0.0294103555152574,0.4803787510077528,0.0,Invest,False,机会概率位于前20%，份额及预测销量增长，维持或评估增加商业支持
CETIRIZINUM+PARACETAMOLUM+PHENYLEPHRINUM,True,814140.35,963791.5186840493,643562.8956596558,1186587.2435709697,0.1838149511740197,0.0120482578483633,0.2777379529910063,0.0,Monitor,True,常规跟踪销量与生命周期信号
KETOCONAZOLUM,True,804907.6499999999,708721.4976762668,483495.29519691854,846092.9031329297,-0.1194996125626748,,,,Monitor,False,跨多个ATC3或不足3个同类INN，竞争份额不适用
NITROXOLINUM,True,803346.3499999999,812167.6492389572,587378.3237975287,949272.5918593686,0.0109806924982696,-0.0181835955006172,0.2671764425539168,0.0,Defend,False,已知INN规模位于前25%，但同类份额下降
CHOLINI ALFOSCERAS,True,790973.2699999999,714304.9307438303,492977.79356881126,849298.1933604205,-0.0969291152609614,0.0109921917829577,0.3327189511795215,0.0,Monitor,False,常规跟踪销量与生命周期信号
PIRACETAMUM,True,789628.56,697844.3845851999,476893.5190566685,832608.1491933768,-0.1162371525857678,-0.000566921938732,0.3133764899526557,0.0,Defend,False,已知INN规模位于前25%，但同类份额下降
MEBICARUM*,True,783980.27,719176.8216423558,499806.4391757037,852976.6079162147,-0.0826595398346494,-0.0084453934282649,0.2590377557683455,0.0,Defend,False,已知INN规模位于前25%，但同类份额下降
TETRYZOLINUM,True,778371.78,747811.1670486317,530010.1309589751,880653.7675462222,-0.0392622314125626,-0.02120932888226,0.2348380619907316,0.0,Defend,False,已知INN规模位于前25%，但同类份额下降
MOLSIDOMINUM,True,775035.3900000001,766513.9036413855,549646.4435336319,898787.0915070404,-0.0109949641894605,0.0461999355931582,0.4654776805929054,0.0,Monitor,False,常规跟踪销量与生命周期信号
LERCANIDIPINUM,True,773292.55,887373.9880041603,583212.1705957467,1098991.400440364,0.1475268810027463,0.0327082510157818,0.4481787199734134,0.0,Invest,False,机会概率位于前20%，份额及预测销量增长，维持或评估增加商业支持
CALCII CARBONAS*+MAGNESII CARBONAS,True,771072.1000000001,768213.6234658132,552455.1561176941,899810.4073768874,-0.0037071455888325,0.0034249075457456,0.5123715220671914,0.0,Monitor,False,常规跟踪销量与生命周期信号
MENTHA PIPERITA,True,765325.82,716816.7655055153,502666.2004090184,847432.8473947519,-0.0633835331656322,-0.0845305567336386,0.2678465120026768,0.0,Defend,False,已知INN规模位于前25%，但同类份额下降
DICYCLOVERINUM+PARACETAMOLUM,True,765052.22,855798.0430237481,641724.035640423,986367.430343076,0.1186138941257475,,,,Monitor,False,跨多个ATC3或不足3个同类INN，竞争份额不适用
LACTULOSUM,True,761179.23,633484.8780439332,420494.5960171014,763393.2726647577,-0.1677585868390901,-0.0544877217884106,0.2569554177663875,0.0,Defend,False,已知INN规模位于前25%，但同类份额下降
KALIUM BROMIDUM*+THYMUS SERPYLLUM*&,True,759851.7799999999,658801.8467855755,446183.0067775656,788483.689115372,-0.1329863742826587,-0.0133390366019824,0.2674111777132604,0.0,Defend,False,已知INN规模位于前25%，但同类份额下降
UNKNOWN_SKU_429709,False,756903.97,767234.8600662271,469519.2191760577,974367.4124153864,0.0136488781611585,,,,Data Review,False,补齐INN后再形成分子级商业建议
FAMOTIDINUM,True,755913.5900000002,635850.4808057675,424333.6101706938,764860.2029299039,-0.1588317908059209,-0.0072613468371609,0.2280377930226663,0.0,Defend,False,已知INN规模位于前25%，但同类份额下降
SULFACETAMIDUM,True,755302.3999999999,672769.5292309229,461423.6794610298,801674.9412155035,-0.109271294211533,-0.0266683167667177,0.4110194854331052,0.0,Defend,False,已知INN规模位于前25%，但同类份额下降
DIMETINDENUM,True,753390.52,698595.033613703,487784.1588462169,827174.150224318,-0.0727318501250812,,,,Monitor,False,跨多个ATC3或不足3个同类INN，竞争份额不适用
RETINOLUM+TOCOPHEROLI ACETAS*,True,750407.2299999999,593419.1373473594,383443.03546045744,721489.1039453179,-0.2092038647503975,0.0009982465868265,0.2531266666234084,0.0,Market-led Growth,False,销量增长且同类份额变化不超过0.2个百分点
TOCOPHEROLI ACETAS*,True,748806.5599999999,614982.2776800605,405454.0691949948,742779.0622706517,-0.1787167600667647,-0.013595556986404,0.561214876230684,0.0,Defend,False,已知INN规模位于前25%，但同类份额下降
RIMANTADINUM,True,743243.3500000001,732826.4383425601,524854.9061568128,859673.764971669,-0.0140154791259686,-0.009099170886752,0.2676603029027215,0.0,Defend,False,已知INN规模位于前25%，但同类份额下降
BUDESONIDUM+FORMOTEROLUM,True,733152.14,892631.4369201997,604258.1849869336,1093264.1195819753,0.2175255151273236,0.1926521920080895,0.45721049746853,0.0,Invest,False,机会概率位于前20%，份额及预测销量增长，维持或评估增加商业支持
VASELINUM*,True,732562.62,791015.1427448518,586032.2518741762,916039.618154441,0.0797918446137093,0.0101227845131016,0.2262892259304997,0.0,Monitor,False,常规跟踪销量与生命周期信号
ACIDUM METHYLSILICICUM*,True,732495.8499999999,649802.6169203776,444838.409377584,774815.6968751686,-0.1128924253695393,-0.0140868877390444,0.2520184220566634,0.0,Defend,False,已知INN规模位于前25%，但同类份额下降
DIOSMECTITUM*,True,723418.6699999999,674398.4038265363,471974.13832631294,797862.3060909635,-0.0677619588853901,-0.0215830486981262,0.7376916677065594,0.0,Defend,False,已知INN规模位于前25%，但同类份额下降
METHYLPREDNISOLONUM,True,721641.2700000001,516456.49878775486,314529.57860694395,639617.0570150635,-0.284330705216243,-0.0233831184438077,0.3277629274090872,0.0,Defend,False,已知INN规模位于前25%，但同类份额下降
PHTHALYLSULFATHIAZOLUM,True,719213.34,663297.8410835802,462050.2950567927,786044.031083117,-0.0777453584445747,-0.0352947557645534,0.2294668854770348,0.0,Defend,False,已知INN规模位于前25%，但同类份额下降
DICLOFENACUM+PARACETAMOLUM+SERRAPEPTASUM,True,712404.06,708061.7716719838,427849.433380696,903016.5837754316,-0.006095260501486,0.0095098306465797,0.2997595207132402,0.0,Monitor,False,常规跟踪销量与生命周期信号
HYDROCORTISONUM,True,712088.82,715758.1468401313,516504.1569487441,837288.4143352614,0.0051529061222044,,,,Monitor,False,跨多个ATC3或不足3个同类INN，竞争份额不适用
PHOSPHOLIPIDES*,True,711648.73,587616.8993471754,388486.05376861605,709072.0578756714,-0.1742879955014106,0.0049339980656366,0.3007480139163929,0.0,Monitor,False,常规跟踪销量与生命周期信号
ABIES ALBA*&+DAUCUS CAROTA*&+HUMULUS LUPULUS*&+MENTHA PIPERITA+ORIGANUM VULG.*&,True,708320.15,610259.2391551272,412059.7841939247,731146.3179632045,-0.1384415095982697,-0.0102815913293923,0.3729076430996454,0.0,Defend,False,已知INN规模位于前25%，但同类份额下降
PHENOLUM PURUM*,True,703491.41,746368.0781800789,549519.7829114946,866431.0490294546,0.060948389092738,0.002579071286392,0.2124777753202417,0.0,Monitor,False,常规跟踪销量与生命周期信号
HYDROCHLOROTHIAZIDUM,True,698921.8300000001,611758.3791823405,416188.7264391759,731041.4722072892,-0.1247113011445923,,,,Monitor,False,跨多个ATC3或不足3个同类INN，竞争份额不适用
RICINUS COMMUNIS*&,True,697608.69,768921.2529411253,573719.0380469161,887980.2359239326,0.1022243042028696,0.0117591819929248,0.3009949124377158,0.0,Monitor,False,常规跟踪销量与生命周期信号
LORNOXICAMUM,True,695307.4999999999,639449.4455102141,365961.75594473135,829725.6533923224,-0.0803357571862605,0.0082706547092299,0.3292270432469431,0.0,Monitor,False,常规跟踪销量与生命周期信号
ESCITALOPRAM,True,695004.8499999999,816528.176456625,543159.5292562067,1006721.561854702,0.1748524869382208,-0.016652554348076,0.3665412460175465,0.0,Defend,False,已知INN规模位于前25%，但同类份额下降
MOXONIDINUM,True,688795.4000000001,761914.6810955545,490988.4182128263,950408.8030755993,0.1061552982141784,0.0607693914136985,0.4610911523953127,0.0,Invest,False,机会概率位于前20%，份额及预测销量增长，维持或评估增加商业支持
OFLOXACINUM,True,684479.5700000001,427002.0301015935,235473.55571599503,543820.3017844037,-0.3761654126483373,,,,Monitor,False,跨多个ATC3或不足3个同类INN，竞争份额不适用
PIX BETULA+XEROFORMIUM*,True,683544.0499999999,661037.8986050725,469771.1978738101,777696.5076269143,-0.0329256781547984,0.0049673822066261,0.2446955168449445,0.0,Monitor,False,常规跟踪销量与生命周期信号
PHENYLEPHRINUM,True,680382.5199999999,663874.6399045463,473492.5864939106,779993.6791763759,-0.0242626458061467,,,,Monitor,False,跨多个ATC3或不足3个同类INN，竞争份额不适用
CHLORHEXIDINUM+LIDOCAINUM+TYROTHRICINUM,True,679115.98,864248.7137998564,597129.6904652906,1050093.9885689933,0.272608419256835,0.0096918945807937,0.2852200041603795,0.0,Monitor,False,常规跟踪销量与生命周期信号
NITROGLICERINUM*,True,679045.13,646909.6318426424,456901.8018238876,762800.4223906045,-0.0473245396183866,0.0318208942262261,0.3065308455179282,0.0,Monitor,False,常规跟踪销量与生命周期信号
BETAMETHASONUM,True,676283.8099999999,620390.2581692181,431155.0902284424,735809.7817223695,-0.0826480702395964,,,,Monitor,False,跨多个ATC3或不足3个同类INN，竞争份额不适用
DIMENHYDRINATUM,True,674124.42,653681.1435987925,388525.46772089513,838160.4398502002,-0.0303256725237865,0.0317023505701368,0.727653590235138,0.0,Monitor,False,常规跟踪销量与生命周期信号
INTERFERONUM ALFA,True,671615.94,461791.0865958677,273862.0643151156,576413.9574368863,-0.3124179176035224,,,,Monitor,False,跨多个ATC3或不足3个同类INN，竞争份额不适用
CALCII CARBONAS*+COLECALCIFEROLUM,True,664307.03,540095.9090698849,354212.03823422507,653471.3880653218,-0.1869784833228621,,,,Monitor,False,跨多个ATC3或不足3个同类INN，竞争份额不适用
FOSFOMYCINUM,True,653650.1900000001,676403.3112858952,419300.8346879312,855279.6781230422,0.0348093240604658,0.0173167951429787,0.5313781453175097,0.0,Invest,False,机会概率位于前20%，份额及预测销量增长，维持或评估增加商业支持
TETRACYCLINUM,True,639368.65,664566.0904519574,485660.38241967873,773685.4037737146,0.0394098779349869,,,,Monitor,False,跨多个ATC3或不足3个同类INN，竞争份额不适用
AMBROXOLUM+LORATADINUM,True,637063.1799999999,582491.1891241542,404230.5889536657,691217.0341341886,-0.085661819092803,-0.0011128843997289,0.3883913606998402,0.0,Defend,False,已知INN规模位于前25%，但同类份额下降
HEPARINUM NATRICUM+POLIDOCANOLUM+PREDNISOLONUM,True,633557.5900000001,578549.958583447,329350.57342540484,751927.8319705852,-0.0868234116121204,0.0446210621022685,0.4993661290683662,0.0,Monitor,False,常规跟踪销量与生命周期信号
INOSINUM,True,633035.01,537847.2003195797,360713.7473839836,645885.5684814088,-0.150367370171865,0.0104892705889092,0.2415661585259091,0.0,Monitor,False,常规跟踪销量与生命周期信号
BENZYDAMINUM+CETYLPYRIDINIUM CHLORIDE,True,632688.5,468508.77110979526,291472.27728673967,576488.001349771,-0.259495358126795,0.000772708124991,0.2498581296063765,0.0,Monitor,False,常规跟踪销量与生命周期信号
EMBLICA OFFICINALIS*+GLYCYRRHIZA GLABRA/URALENSIS*&+MENTHOLUM*+ZINGIBER OFFICINALE*,True,631597.87,479920.0027991403,303188.6849216855,587713.0981751559,-0.2401494279910407,-0.0383721090058329,0.2884881340904677,0.0,Defend,False,已知INN规模位于前25%，但同类份额下降
CHLORHEXIDINUM+METRONIDAZOLUM,True,629456.15,620925.188929429,373339.0372680649,793180.6719352524,-0.0135529076498354,0.0460446846541506,0.3185611151422531,0.0,Monitor,False,常规跟踪销量与生命周期信号
VITAMIN C+PARACETAMOLUM+PHENYLEPHRINUM,True,628510.71,586196.9427792844,410329.46229143103,693463.1609314726,-0.0673238602739411,-0.0024892465334075,0.2337306838305849,0.0,Defend,False,已知INN规模位于前25%，但同类份额下降
CALAMAGROSTIS EPIGEIOS*+DESCHAMPSIA CAESPITOSA*,True,628389.3200000001,578481.4714972948,402647.9578983373,685726.9723474317,-0.079421859847499,,,,Monitor,False,跨多个ATC3或不足3个同类INN，竞争份额不适用
HEPARIN SODIUM,True,624559.33,552102.4619913431,377340.641652145,658694.3088363466,-0.1160127861810292,,,,Monitor,False,跨多个ATC3或不足3个同类INN，竞争份额不适用
PROGESTERONUM,True,619686.72,571611.007507424,327867.49933699257,741193.0113783758,-0.0775806725252656,-0.0102678188817693,0.3970399676473458,0.0,Defend,False,已知INN规模位于前25%，但同类份额下降
QUETIAPINUM,True,612972.54,711299.2164528299,470196.6197863399,879043.8336863043,0.1604095942908467,0.0635334822572116,0.4644645595682278,0.0,Invest,False,机会概率位于前20%，份额及预测销量增长，维持或评估增加商业支持
IBUPROFENUM+LEVOMENTHOLUM,True,600034.89,561021.8770784985,393122.3924235651,663428.2042668835,-0.0650179074111866,0.0007275828327362,0.2160653866566751,0.0,Market-led Growth,False,销量增长且同类份额变化不超过0.2个百分点
MURAMIDASE+PYRIDOXINUM,True,599173.0599999999,529396.0452462931,361737.71458968834,631655.2862461387,-0.1164555274793344,0.0045648524518721,0.351978458475599,0.0,Monitor,False,常规跟踪销量与生命周期信号
TIMOLOLUM,True,597981.3899999999,547028.96929333,379704.0872114885,649084.8312064685,-0.0852073685882932,-0.069197039016352,0.393924854135638,0.0,Defend,False,已知INN规模位于前25%，但同类份额下降
BENZOCAINUM+DEXTROMETHORPHANUM+NATRII BENZOAS+SULFOGAIACOLUM,True,597268.0700000001,641489.9108633124,406564.4073766752,804936.8799362271,0.0740401891286643,-0.0221163955782727,0.3789341467406755,0.0,Defend,False,已知INN规模位于前25%，但同类份额下降
ACIDUM ALGINICUM*+CALCII CARBONAS*+NATRII HYDROCARBONAS*,True,596321.01,651070.7040476816,416517.7109270046,814258.5029182947,0.091812451900163,-0.0187052434829219,0.5288778951243774,0.0,Defend,False,已知INN规模位于前25%，但同类份额下降
HYPPOPHAE RHAMNOIDES*&,True,588622.8200000001,367126.3233283284,202420.1207704511,467584.98348302353,-0.3762961427008073,,,,Monitor,False,跨多个ATC3或不足3个同类INN，竞争份额不适用
ETORICOXIBUM,True,587896.0,641976.0924178686,410736.9374471699,802858.3229548036,0.0919892164904483,0.0238441895362495,0.4564902964173726,0.0,Invest,False,机会概率位于前20%，份额及预测销量增长，维持或评估增加商业支持
COFFEINUM*,True,586708.2799999999,566851.5336211179,336079.5486416113,727408.7355086773,-0.0338443261425968,0.0069352186539031,0.618603749018358,0.0,Monitor,False,常规跟踪销量与生命周期信号
UNKNOWN_SKU_138248,False,584913.21,545573.7086485036,315507.7847238659,705639.6759204678,-0.0672569890351704,,,,Data Review,False,补齐INN后再形成分子级商业建议
ADENOSINI PHOSPHAS+CYTOCHROMUM C*+NICOTINAMIDUM,True,583983.8200000001,506770.95294840593,343362.8177567683,606437.8875555635,-0.1322174765930914,-0.0003325143321886,0.3334440256165377,0.0,Defend,False,已知INN规模位于前25%，但同类份额下降
NICOTINIC ACID,True,581728.88,578368.0397165082,349554.61925906176,737562.5907632121,-0.005777330985341,0.030266679048861,0.3349444849508365,0.0,Monitor,False,常规跟踪销量与生命周期信号
NITROFURANTOINUM,True,579788.34,453897.386097179,225847.2449098532,612560.8935517404,-0.2171326072249416,-0.0332326983062337,0.4114422157639896,0.0,Defend,False,已知INN规模位于前25%，但同类份额下降
PERINDOPRILUM,True,579718.15,577504.9436816978,349482.4105683976,736149.2431066735,-0.0038177281810172,0.0039694718979056,0.3177244419074106,0.0,Monitor,False,常规跟踪销量与生命周期信号
ADEMETIONINUM,True,577930.6399999999,560220.9339520254,332901.48829280154,718376.0676131464,-0.0306433070376308,0.0160977071082131,0.3835840123904243,0.0,Monitor,False,常规跟踪销量与生命周期信号
FOLIC ACID,True,576503.7699999999,551551.3446167291,324793.1346404373,709316.0044044333,-0.0432823282027641,,,,Monitor,False,跨多个ATC3或不足3个同类INN，竞争份额不适用
BENZOCAINUM+HEPARINUM NATRICUM,True,576049.63,564836.6165409198,403648.5962698568,663149.4444608565,-0.019465360057744,-0.0454883362787854,0.2181383033875062,0.0,Defend,False,已知INN规模位于前25%，但同类份额下降
ENISAMIUM IODIDE,True,572716.15,476993.9141671145,316738.6556128036,574737.8260969229,-0.1671373084780052,-0.0400370960170319,0.3201987459826284,0.0,Defend,False,已知INN规模位于前25%，但同类份额下降
CAMPHORA*,True,572639.3299999998,507282.1818865894,282043.9853821277,663989.3081530991,-0.1141331806765882,-0.0023730675334077,0.2739079557448854,0.0,Defend,False,已知INN规模位于前25%，但同类份额下降
COLECALCIFEROLUM,True,564057.18,393705.0843559298,171842.5344179216,548063.639727583,-0.3020121038864716,0.0089506176347361,0.2661753081924126,0.0,Monitor,False,常规跟踪销量与生命周期信号
ACIDUM ADENOSINTRIPHOSPHORICUM*+ACIDUM FOLICUM+MOLSIDOMINUM,True,561909.23,575551.2105892288,354533.5212097536,729321.9630381172,0.0242779079981099,0.0117627169183497,0.2505142034820996,0.0,Monitor,False,常规跟踪销量与生命周期信号
UNKNOWN_SKU_149199,False,560796.26,521072.90978352673,300492.9887207397,674539.0894914529,-0.0708338358327733,,,,Data Review,False,补齐INN后再形成分子级商业建议
FLUOCINONIDUM+GENTAMICINUM,True,554659.01,534288.772688792,316122.8372694588,686075.4470601232,-0.0367256944247746,-0.0130981008083617,0.5398161564212339,0.0,Defend,False,已知INN规模位于前25%，但同类份额下降
ITRACONAZOLUM,True,554539.4299999999,463251.67525151663,245132.77464472072,615005.625642539,-0.1646190510717755,0.0161773055216759,0.5574013134869755,0.0,Monitor,False,常规跟踪销量与生命周期信号
CLOBETASOLUM,True,552581.95,497787.1536137618,280438.19534552924,649005.4246522603,-0.0991613938642732,0.0164345420369825,0.5702508345389208,0.0,Monitor,False,常规跟踪销量与生命周期信号
LATANOPROSTUM,True,550200.6699999999,566863.811534639,350451.49031606934,717430.4271137824,0.0302855711437775,0.0311206626332841,0.3987402293971873,0.0,Monitor,False,常规跟踪销量与生命周期信号
ACIDUM THIOCTICUM*,True,547111.4999999999,501106.8900109849,285909.6426496295,650828.1306256655,-0.0840863516650901,0.0134903019768714,0.4100721421377954,0.0,Monitor,False,常规跟踪销量与生命周期信号
ACIDUM FORMICUM*,True,545459.0599999999,543241.4455669015,390613.1624442911,636333.4638764183,-0.004065592811124,-0.0092843628273245,0.3673488800122204,0.0,Defend,False,已知INN规模位于前25%，但同类份额下降
NATRII HYDROCARBONAS*+THERMOPSIS LANCEOLATA*&,True,545027.03,542332.6039183992,389825.2097900196,635350.8888396206,-0.0049436558799677,,,,Monitor,False,跨多个ATC3或不足3个同类INN，竞争份额不适用
PROCAINUM,True,542530.76,453209.37377944286,301400.4764444073,545801.6270704527,-0.1646383814634899,,,,Monitor,False,跨多个ATC3或不足3个同类INN，竞争份额不适用
SYMPHYTUM OFFICINALE*+TOCOPHEROLI ACETAS*,True,539392.4,552934.2427905479,340773.1755718271,700543.0927345357,0.0251057352505297,,,,Monitor,False,跨多个ATC3或不足3个同类INN，竞争份额不适用
BENZYL ALCOHOL+BENZYL CINNAMATUM*+BENZYLII BENZOAS*+ZINCI OXYDUM*,True,536648.98,524785.1801652582,313703.1917675019,671643.2722729967,-0.0221071878954129,0.0109568598682001,0.2721991679581294,0.0,Monitor,False,常规跟踪销量与生命周期信号
ALUMINII HYDROXYDUM*+BENZOCAINUM+MAGNESII HYDROXIDE*,True,536177.4400000001,546357.5331726826,335461.0172243644,693086.5847579692,0.0189864257859908,-0.0132590785875634,0.2390523794173858,0.0,Defend,False,已知INN规模位于前25%，但同类份额下降
CEFPODOXIMUM,True,536000.0499999999,444120.83478314587,294139.33592394035,535598.509511845,-0.1714164303097622,0.0208358918423604,0.3117610104055721,0.0,Monitor,False,常规跟踪销量与生命周期信号
AMBAZONUM,True,534677.6,441843.07469734753,292231.6187759484,533095.0504714571,-0.17362710781722,-0.0001371295174935,0.228651416461012,0.0,Defend,False,已知INN规模位于前25%，但同类份额下降
AMYLMETACRESOLUM+DICHLOROBENZYL ALCOHOL*+LEVOMENTHOLUM,True,530490.26,532881.8594994864,324222.3016141015,678054.5708411499,0.0045082816402441,-0.0020328979451446,0.2023308374064943,0.0,Defend,False,已知INN规模位于前25%，但同类份额下降
ERDOSTEINUM,True,530432.46,470244.32054198754,261607.49732932932,615401.2144721956,-0.1134699400900397,0.0024557132478712,0.4280112512215647,0.0,Monitor,False,常规跟踪销量与生命周期信号
CHLORPHENAMINUM+COFFEINUM*+PARACETAMOLUM+PHENYLPROPANOLAMINUM,True,527632.65,1063987.402628021,856451.8383089062,1208378.1071677934,1.016530634766482,,,,Monitor,True,跨多个ATC3或不足3个同类INN，竞争份额不适用
TOBRAMYCINUM,True,524601.2000000001,605014.029995955,398670.8363280026,748575.155090109,0.153283732473267,,,,Monitor,False,跨多个ATC3或不足3个同类INN，竞争份额不适用
CO-TRIMOXAZOLUM*,True,524135.12,503073.71173967695,356412.2125432691,592526.4310467883,-0.0401831654790143,0.0077068566337937,0.3131075758608485,0.0,Monitor,False,常规跟踪销量与生命周期信号
CYANOCOBALAMINUM,True,524056.94,474128.062577928,267998.9445670381,617540.246766221,-0.0952737643777258,-0.0108725232485701,0.3391771663108717,0.0,Defend,False,已知INN规模位于前25%，但同类份额下降
ACIDUM SALICYLICUM*+BETAMETHASONUM,True,517227.21,500622.7602338631,297180.003405696,642165.9366446496,-0.032102815639063,0.0098528987160869,0.3678766971876362,0.0,Monitor,False,常规跟踪销量与生命周期信号
COFFEINUM*+IBUPROFENUM+PARACETAMOLUM,True,516633.16,529554.1372603843,326345.04016116646,670934.7473515318,0.025009965021185,0.00217003095647,0.5502111043131657,0.0,Invest,False,机会概率位于前20%，份额及预测销量增长，维持或评估增加商业支持
IPRATROPII BROMIDUM+FENOTEROLUM,True,514704.0,500326.260036676,297875.9660730523,641178.9407595973,-0.0279339969445041,0.0135838980774266,0.3139654881546018,0.0,Monitor,False,常规跟踪销量与生命周期信号
KALII CHLORIDUM*+CALCII CHLORIDUM*+NATRII CHLORIDUM*,True,514483.9599999999,450320.50938400935,306359.5611344345,538126.0913909756,-0.1247141905376225,-0.0141616121060677,0.3172544848710164,0.0,Defend,False,已知INN规模位于前25%，但同类份额下降
PREDNISOLONUM,True,512385.48,453440.5804420336,251902.23792149287,593658.7804589381,-0.1150401443030086,,,,Monitor,False,跨多个ATC3或不足3个同类INN，竞争份额不适用
BENZOCAINUM,True,511254.34,455883.4753667407,254790.04803145988,595792.1302834072,-0.1083039503063373,,,,Monitor,False,跨多个ATC3或不足3个同类INN，竞争份额不适用
ATENOLOLUM+CHLORTALIDONUM,True,507851.44,505135.7799020407,305380.82692353346,644113.2052435882,-0.0053473513788978,,,,Monitor,False,跨多个ATC3或不足3个同类INN，竞争份额不适用
DEQUALINII CHLORIDUM+MURAMIDASE,True,506542.11,336752.09957187495,195013.4096349905,423202.2675801968,-0.3351942653457281,0.0003279077767781,0.2244049843364831,0.0,Monitor,False,常规跟踪销量与生命周期信号
CYNARA SCOLYMUS*&,True,502785.62000000005,453586.3569209053,255823.96034018556,591177.4819285526,-0.0978533615959318,0.0212411851523801,0.6099199530255389,0.0,Monitor,False,常规跟踪销量与生命周期信号
COFFEINUM*+METAMIZOLUM NATRICUM+THIAMINUM,True,501940.8,479901.9132670801,282471.8126416013,617261.846829298,-0.043907342724321,0.0018459331141122,0.1868687270673838,0.0,Market-led Growth,False,销量增长且同类份额变化不超过0.2个百分点
METOCLOPRAMIDUM,True,500531.34,448125.3673722941,251249.6544945888,585099.5914405663,-0.1047006819347332,-0.021792302230964,0.5191873114959689,0.0,Defend,False,已知INN规模位于前25%，但同类份额下降
LIDOCAINUM+OFLOXACINUM,True,500172.26,469727.073613576,272992.5989068514,606603.0326973252,-0.0608694020464549,0.0034443732617218,0.6712059462480352,0.0,Monitor,False,常规跟踪销量与生命周期信号
BUTAMIRATUM+GUAIFENESINUM,True,496473.58,598245.7612580452,402966.1010724383,734109.5483106148,0.2049901250697876,0.0291055614989833,0.3015258445990788,0.0,Monitor,False,常规跟踪销量与生命周期信号
VITAMIN C+FERRI SULFAS*,True,496407.07000000007,467566.7677532526,272313.26817461883,603412.3538363429,-0.0580980892289617,0.064512866479495,0.4787828422269958,0.0,Monitor,False,常规跟踪销量与生命周期信号
ALFA-BROMISOVALERIC ACID ETHYL ETHER*+PHENOBARBITALUM,True,495003.29,494083.51418920007,299382.1682244109,629544.9451537266,-0.001858120601178,-0.0025534762321122,0.2874186071809348,0.0,Defend,False,已知INN规模位于前25%，但同类份额下降
CHONDROITINI SULFAS*+GLUCOSAMINUM,True,494612.99,426438.8774787325,231891.0495548639,561793.4998672889,-0.1378332431610167,0.0090181805253543,0.2968103558400212,0.0,Monitor,False,常规跟踪销量与生命周期信号
DORZOLAMIDUM+TIMOLOLUM,True,493365.5,519870.0307107499,325812.8823176732,654883.2679329291,0.0537218972764612,0.0570281755423653,0.5838782822200717,0.0,Invest,False,机会概率位于前20%，份额及预测销量增长，维持或评估增加商业支持
LEVAMLODIPINUM,True,485638.51000000007,402061.71671786753,211043.85186825265,534960.4041105928,-0.17209671712841,-0.002595762795924,0.221080473427947,0.0,Defend,False,已知INN规模位于前25%，但同类份额下降
DEXPANTHENOLUM+MYRAMISTINUM*,True,484754.25,472377.5523320142,281707.496508442,605034.2552220816,-0.0255319013046008,0.0022270621249066,0.6353286960053661,0.0,Monitor,False,常规跟踪销量与生命周期信号
ALUMINII HYDROXYDUM*+MAGNESII HYDROXIDE*,True,479569.54,351485.0572417454,162854.3212284256,482722.9246413737,-0.2670821894948845,-0.0482225972090421,0.4316280574106391,0.0,Defend,False,已知INN规模位于前25%，但同类份额下降
PARACETAMOLUM+PHENIRAMINUM+PHENYLEPHRINUM,True,478241.14,494196.4456342713,306088.21376022627,625070.7862280611,0.0333624698918026,-0.0020331553819808,0.2583462645472419,0.0,Defend,False,已知INN规模位于前25%，但同类份额下降
SULPIRIDUM,True,477950.94000000006,446414.1433476979,258420.0568374119,577209.0684950451,-0.0659833342984996,-0.0192796290101591,0.3079795927327326,0.0,Defend,False,已知INN规模位于前25%，但同类份额下降
LINUM USITATISSIMUM*&,True,468307.3999999999,356458.8873449362,172257.92757905085,484614.784117414,-0.2388356721569288,0.0343569647346554,0.4807492521456754,0.0,Monitor,False,常规跟踪销量与生命周期信号
RABEPRAZOLUM,True,468098.18,443575.2925806748,259456.6260367248,571673.9347022059,-0.052388341734901,0.0068307268634942,0.2721250005854943,0.0,Monitor,False,常规跟踪销量与生命周期信号
ACIDUM VALPROICUM,True,466171.64,453486.7761339999,270125.8821920361,581058.2058703157,-0.0272107154909725,-0.0075010648157301,0.3418953990283388,0.0,Defend,False,已知INN规模位于前25%，但同类份额下降
DIGOXINUM,True,463093.51,393145.4067770179,210995.24429111087,519874.4827291904,-0.1510453109631833,0.008586007016695,0.4402311075116826,0.0,Monitor,False,常规跟踪销量与生命周期信号
DICLOFENACUM+LEVOMENTHOLUM+METHYL SALICYLAT*,True,461141.92,430762.7351388546,249380.19825756009,556957.7435819888,-0.0658781679643122,-0.0001669507539235,0.3297990312946205,0.0,Defend,False,已知INN规模位于前25%，但同类份额下降
FEXOFENADINUM,True,460677.63,404678.2580328343,223478.3419335511,530746.2099713895,-0.121558695973941,-0.0035086728988787,0.677261043101041,0.0,Defend,False,已知INN规模位于前25%，但同类份额下降
UNKNOWN_SKU_13889,False,460575.6599999999,395312.3592958699,214152.5514072777,521352.4063651151,-0.14169941308694,,,,Data Review,False,补齐INN后再形成分子级商业建议
DYDROGESTERONUM+ESTRADIOLUM,True,458035.81,473177.7213956201,293016.92143998254,598522.71911391,0.0330583571525118,-0.0051859949105349,0.3981945077663205,0.0,Defend,False,已知INN规模位于前25%，但同类份额下降
TELMISARTANUM,True,456460.7400000001,466433.0794246334,286891.8071674658,591347.0472076086,0.0218470912189148,-0.0012138929605224,0.3513092860934463,0.0,Defend,False,已知INN规模位于前25%，但同类份额下降
CEFEPIMUM,True,454791.01,257291.7857851745,130033.89215719454,334909.7339221505,-0.4342636944710616,-0.0228917728924663,0.3794228629443845,0.0,Defend,False,已知INN规模位于前25%，但同类份额下降
ONDANSETRON,True,452247.1699999999,472816.2967452036,294932.36246313684,596577.1889159556,0.0454820463447092,-0.0105287881417873,0.5223935519016056,0.0,Defend,False,已知INN规模位于前25%，但同类份额下降
DROSPIRENON+ETHINYLESTRADIOLUM,True,452036.57000000007,399725.2435925006,221924.145332514,523428.5034647661,-0.1157236601620516,-0.0208892127541251,0.4343293881596472,0.0,Defend,False,已知INN规模位于前25%，但同类份额下降
LINCOMYCINUM,True,449101.69000000006,436257.3247592947,259610.61294034595,559157.4323040086,-0.0286001267122939,0.0138578308732234,0.6577978196633113,0.0,Monitor,False,常规跟踪销量与生命周期信号
UNKNOWN_SKU_111831,False,446869.26,347352.7787919439,171584.1563403854,469641.9648166652,-0.2226970841719031,,,,Data Review,False,补齐INN后再形成分子级商业建议
DEXTROSUM*+GLYCINUM+SODIUM FORMATE*,True,442697.8599999999,323283.92848727247,149156.0571397269,444431.5790423498,-0.2697413796234016,-0.0100287160144361,0.2400716635466908,0.0,Defend,False,已知INN规模位于前25%，但同类份额下降
CINNARIZINUM+PIRACETAMUM,True,442513.18,401991.722552603,227936.49202442,523088.8340151614,-0.0915711876590816,-0.0023471425742078,0.2173697248128493,0.0,Defend,False,已知INN规模位于前25%，但同类份额下降
ZOPICLONUM,True,438144.56,330215.68030602834,157878.7741025356,450117.2855396478,-0.2463316666398224,0.0023448470481474,0.2650997964274893,0.0,Monitor,False,常规跟踪销量与生命周期信号
MONTELUKASTUM,True,437426.78,426326.6443926976,254272.06506445972,546031.8236471731,-0.0253759854559029,0.0564147665118998,0.4820911260562524,0.0,Monitor,False,常规跟踪销量与生命周期信号
CRATAEGUS L.+LEONURUS CARDIACA/QUINQUELOBATUS GILIB.+TAURINUM,True,436685.69000000006,411658.4986429995,239895.41479246048,531160.8729587977,-0.0573116819032942,-0.0022981320379045,0.1861665344300601,0.0,Defend,False,已知INN规模位于前25%，但同类份额下降
TOLPERISONUM,True,433800.54,454771.6919079217,284143.43402654,573484.5228904882,0.0483428441742412,0.0222164647524086,0.4615598364987789,0.0,Invest,False,机会概率位于前20%，份额及预测销量增长，维持或评估增加商业支持
DEXIBUPROFENUM,True,433625.44,377145.7615416687,206586.37634531187,495810.6750718847,-0.1302499190507163,0.0022913189119997,0.4598015168460855,0.0,Monitor,False,常规跟踪销量与生命周期信号
AMLODIPINUM+LISINOPRILUM,True,432523.8299999999,408921.54942793393,238795.46428040767,527284.9989679514,-0.0545687403444706,-0.0355841152177441,0.3652873090710502,0.0,Defend,False,已知INN规模位于前25%，但同类份额下降
AMYLMETACRESOLUM+ASCORBIC ACID+DICHLOROBENZYL ALCOHOL*+SODIUM ASCORBATUM,True,429996.57,774336.9631357826,605204.9338532244,892008.8086745027,0.8007979997044692,0.0034675539996871,0.2386395591540005,0.0,Monitor,False,常规跟踪销量与生命周期信号
AMITRIPTYLINE,True,429766.77,451373.9931760697,282332.35191760457,568982.9521896604,0.0502766260315328,-0.0741313622187361,0.4754462416091111,0.0,Defend,False,已知INN规模位于前25%，但同类份额下降
VITAMIN C+CHLORPHENAMINUM+PARACETAMOLUM,True,425670.6,332676.6567791776,165246.17615017132,449164.6675872039,-0.2184645667819726,0.0061434751943558,0.3195918726725796,0.0,Monitor,False,常规跟踪销量与生命周期信号
CHLORPHENAMINUM+PHENYLEPHRINUM,True,424779.50000000006,453250.4237709384,286170.4425686919,569494.5782580654,0.0670251831148591,,,,Monitor,False,跨多个ATC3或不足3个同类INN，竞争份额不适用
INDOMETACINUM,True,422425.86,413598.9805416031,247444.7646527883,529199.0434664793,-0.0208956891474326,,,,Monitor,False,跨多个ATC3或不足3个同类INN，竞争份额不适用
DIPHENHYDRAMINUM+METAMIZOLUM NATRICUM,True,417606.32,433120.6536910496,268862.1240408679,547401.8126850231,0.0371506199691842,0.0036454365709121,0.1894756088240004,0.0,Monitor,False,常规跟踪销量与生命周期信号
CHLORHEXIDINUM+DEXPANTHENOLUM,True,417403.06000000006,405902.6109779212,241724.0302823835,520128.1463204684,-0.0275523831140069,,,,Monitor,False,跨多个ATC3或不足3个同类INN，竞争份额不适用
TRAMAZOLINUM,True,417395.37,410902.0112164873,246726.4552550892,525125.442131801,-0.0155568538853525,0.0003661810547132,0.1380256122112416,0.0,Market-led Growth,False,销量增长且同类份额变化不超过0.2个百分点
BROMHEXINE+GUAIFENESINUM+MENTHOLUM*+SALBUTAMOLUM,True,411431.76,217258.1704159125,55428.3016797631,329849.61390683084,-0.4719460393239634,0.0091278058646552,0.5054577280170796,0.0,Monitor,False,常规跟踪销量与生命周期信号
GLAUCINUM*+EPHEDRINUM*,True,409928.32000000007,444864.3027646102,283625.7872527541,557044.3184167978,0.0852246138168988,,,,Monitor,False,跨多个ATC3或不足3个同类INN，竞争份额不适用
UNKNOWN_SKU_11147,False,409615.2400000001,402275.6952205653,241160.32454153372,514370.0341395611,-0.0179181438157299,,,,Data Review,False,补齐INN后再形成分子级商业建议
CEFUROXIMUM,True,409122.25,509331.2863352106,348409.82510786614,621290.7147754271,0.2449366572832709,0.0171299990348045,0.3256253733318088,0.0,Monitor,False,常规跟踪销量与生命周期信号
FORMALDEHYDUM*,True,409100.03,358613.3432216701,197700.6218633219,470566.6909891783,-0.1234091495381457,0.0077472984057302,0.7044729959693821,0.0,Monitor,False,常规跟踪销量与生命周期信号
BENZATHINI BENZYLPENICILLINUM+BENZYLPENICILLINUM+BENZYLPENICILLINUM,True,408622.92,363582.94203774194,202857.88399608253,475405.7250097566,-0.1102238170151055,-0.0180529446319572,0.2284605053244172,0.0,Defend,False,已知INN规模位于前25%，但同类份额下降
AMINOPHYLLINUM,True,408311.41,347986.04911136575,187383.5183690329,459723.58499267977,-0.1477435100053518,-0.020075706689423,0.6320368427061506,0.0,Defend,False,已知INN规模位于前25%，但同类份额下降
NORFLOXACINUM,True,408253.12,382541.2492739292,221961.6459377077,494262.8336515453,-0.0629802185616384,,,,Monitor,False,跨多个ATC3或不足3个同类INN，竞争份额不适用
BENZYLII BENZOAS*,True,408019.76,385852.1792717211,225364.36422663272,497509.90290301794,-0.0543296744458623,0.0088323081976341,0.2628997902217167,0.0,Monitor,False,常规跟踪销量与生命周期信号
ISOSORBIDI DINITRATE,True,407734.31,284600.1602614256,170509.493758458,354187.0690423307,-0.3019960467358619,-0.0646382704760599,0.4886822947694582,0.0,Defend,False,已知INN规模位于前25%，但同类份额下降
BICLOTYMOLUM,True,406852.68,378566.1919806908,218537.42852463044,489904.5352562529,-0.0695251362712153,0.004872971213695,0.2745112451913607,0.0,Monitor,False,常规跟踪销量与生命周期信号
ALLOPURINOLUM,True,406795.0999999999,384181.5287191355,224175.4134024454,495504.1147879224,-0.0555895862090384,-0.1036552712310913,0.4445081832623232,0.0,Defend,False,已知INN规模位于前25%，但同类份额下降
NYSTATINUM,True,405996.53,364759.5459539555,205067.53492099064,475863.59724305366,-0.1015697943183023,,,,Monitor,False,跨多个ATC3或不足3个同类INN，竞争份额不适用
CAMPHORA*+SPIRITUS AETHYLICUS*,True,402750.0,356755.4027174775,198340.3604915585,466971.0162762542,-0.1142013588641154,0.0044065154353884,0.3714847192597152,0.0,Monitor,False,常规跟踪销量与生命周期信号
VALERIANA*&+ATROPA BELLADONNA*&+CONVALLARIA MAJALIS/TRANSCAUCASICA UTKIN EX GROSSH./KEISKEI MIG.*&+MENTHOLUM*,True,400777.78,373495.8079391118,215856.5057866349,483171.7084317857,-0.068072566450386,0.0010865857958078,0.2017424474415171,0.0,Monitor,False,常规跟踪销量与生命周期信号
METHYLURACILUM*,True,400317.07,384901.4448637975,227443.35535962324,494451.2685462351,-0.0385085380850795,,,,Monitor,False,跨多个ATC3或不足3个同类INN，竞争份额不适用
LEVONORGESTRELUM,True,400271.15,388577.3244861098,231137.29685341663,498114.5818098271,-0.0292147598294061,,,,Monitor,False,跨多个ATC3或不足3个同类INN，竞争份额不适用
DYDROGESTERONUM,True,398072.54,366243.437929242,209668.19712705995,475179.02883427165,-0.0799580450104846,0.0082926675057611,0.2584037981754671,0.0,Monitor,False,常规跟踪销量与生命周期信号
VITAMIN C+VITAMIN B5+VITAMIN PP+PYRIDOXINUM+RETINOLUM+VITAMIN B2+RUTOSIDUM+THIAMINUM+TOCOPHEROL*+VITAMIN B9+VITAMIN B12,True,395664.8700000001,292052.1921566359,136423.9684735502,400328.90577725327,-0.2618697936042797,0.0285698544619101,0.4803436869865181,0.0,Monitor,False,常规跟踪销量与生命周期信号
FLUOXETINUM,True,392036.32,510155.48891761136,355954.495281624,617439.2221171766,0.3012964944615626,0.0404364007320296,0.5300756054558141,0.0,Invest,False,机会概率位于前20%，份额及预测销量增长，维持或评估增加商业支持
LEVODROPROPIZINUM,True,390920.65,401696.91536530096,247934.7520462849,508675.3369482824,0.0275663753380666,0.0278945515862413,0.2929318579610667,0.0,Monitor,False,常规跟踪销量与生命周期信号
RETINOLUM,True,389299.45,349147.34989089053,196022.8587418476,455682.117711733,-0.1031393702434192,0.0461441817782228,0.5954835044092675,0.0,Monitor,False,常规跟踪销量与生命周期信号
CAMPHORA*+CINEOLUM+LEVOMENTHOLUM+OXYMETAZOLINUM,True,389174.67,417744.76479308255,264669.3537904554,524245.38561390055,0.0734120100701376,0.0189275038688314,0.4238827808565364,0.0,Invest,False,机会概率位于前20%，份额及预测销量增长，维持或评估增加商业支持
RAUVOLFIA*,True,388966.31,311615.225996311,158621.76994886243,418058.8275117507,-0.1988631971845813,-0.0729422285555994,0.4760600654125584,0.0,Defend,False,已知INN规模位于前25%，但同类份额下降
PELARGONIUM SIDOIDES*&,True,388506.65,282678.47115364124,129865.81475438528,388996.2831993642,-0.2723973420953252,0.0035242806022514,0.4891425313938536,0.0,Monitor,False,常规跟踪销量与生命周期信号
CETIRIZINUM+CHLORPHENAMINUM+DEXTROMETHORPHANUM+PARACETAMOLUM,True,385725.25,389231.8433563684,237513.20458205888,494788.5040487645,0.0090909095434339,0.0011882352950445,0.1305529946965125,0.0,Market-led Growth,False,销量增长且同类份额变化不超过0.2个百分点
PAPAVERINUM*,True,383104.64,335153.9288230655,184466.06359017783,439993.4395736906,-0.125163483211622,-0.0061967972111464,0.2048739157533615,0.0,Defend,False,已知INN规模位于前25%，但同类份额下降
DICYCLOVERINUM+SIMETICONUM,True,382992.57,351832.2533556841,201188.46900121297,456641.0952948592,-0.0813601074410291,0.0427723467899749,0.532768570184312,0.0,Monitor,False,常规跟踪销量与生命周期信号
UNKNOWN_SKU_95423,False,381942.95000000007,296485.33716793155,146254.40345684008,401006.9425774888,-0.2237444435931296,,,,Data Review,False,补齐INN后再形成分子级商业建议
CODEINUM*+COFFEINUM*+PARACETAMOLUM+PHENOBARBITALUM+PROPYPHENAZONUM,True,380935.89,449352.206305368,299517.3829665274,553598.2220543653,0.1796006049872802,0.0038030015555126,0.2167777514080524,0.0,Monitor,False,常规跟踪销量与生命周期信号
IBUPROFENUM+PARACETAMOLUM,True,380787.68,373246.1351677756,223469.6077778073,477451.5921182986,-0.019805117729188,0.0041488860239518,0.2489901139193469,0.0,Monitor,False,常规跟踪销量与生命周期信号
ACIDUM ADENOSINTRIPHOSPHORICUM*+COCARBOXYLASUM+CYANOCOBALAMINUM+NICOTINAMIDUM,True,379866.61,333902.84371993336,184488.603959867,437856.2428301569,-0.1209997537821675,0.0395160411024889,0.5492813889328529,0.0,Monitor,False,常规跟踪销量与生命周期信号
BENDAZOLUM+PAPAVERINUM*,True,369492.76,337376.89606882696,192043.0383963965,438491.4118948377,-0.0869187908612149,-0.0262330733361595,0.4378708014624786,0.0,Defend,False,已知INN规模位于前25%，但同类份额下降
LAMOTRIGINUM,True,368772.39,384484.6751691274,239434.16310555683,485402.0562427128,0.0426069998600693,0.0011103152931212,0.4150722507276248,0.0,Invest,False,机会概率位于前20%，份额及预测销量增长，维持或评估增加商业支持
PAEONIA OFFICINALIS*&,True,367953.19000000006,343010.0784834154,198281.78517239963,443703.2792202475,-0.0677888171497701,-0.0026043036177371,0.1989070669837692,0.0,Defend,False,已知INN规模位于前25%，但同类份额下降
SODIUM CITRAS*+SODIUM LAURYL SULFOACTATE*+SORBITOL*,True,365035.86,322356.8375093248,178776.02763750684,422251.68861014594,-0.116917342013125,-0.1139230762285596,0.4174498267809062,0.0,Defend,False,已知INN规模位于前25%，但同类份额下降
CLINDAMYCINUM,True,364180.61,353652.14761762053,210407.73616880376,453312.9530238516,-0.0289100026011256,,,,Monitor,False,跨多个ATC3或不足3个同类INN，竞争份额不适用
CLARITHROMYCINUM,True,363677.27,287250.881169754,144204.4501737094,386773.94374065625,-0.2101489291047693,0.0043687103477462,0.4709693927313467,0.0,Monitor,False,常规跟踪销量与生命周期信号
EUCALYPTUS VIMINALIS+MENTHA PIPERITA+SULFANILAMIDUM+SULFATHIAZOLUM+THYMOL,True,363390.02,306396.8026230971,163463.35665716894,405841.2570375878,-0.1568375966321334,-0.0062758193263347,0.1989187222874204,0.0,Defend,False,已知INN规模位于前25%，但同类份额下降
ACIDUM TIAZOTICUM+PIRACETAMUM,True,363228.63,310426.4402900235,167556.4744076828,409826.72909837577,-0.1453690192592376,0.0003327155634992,0.2320489503874874,0.0,Market-led Growth,False,销量增长且同类份额变化不超过0.2个百分点
UNKNOWN_SKU_437039,False,362746.79,256886.52449198495,114206.08239349564,356154.9541042177,-0.2918296410231915,,,,Data Review,False,补齐INN后再形成分子级商业建议
IPIDACRINUM,True,361818.39,343401.01729761023,201085.74596312476,442415.3831590597,-0.0509022570754067,,,,Monitor,False,跨多个ATC3或不足3个同类INN，竞争份额不适用
AMPICILLINUM,True,360564.09,335884.5917792228,194062.67857624317,434555.7088657827,-0.0684469111185676,-0.0293484048490081,0.3612163927000452,0.0,Defend,False,已知INN规模位于前25%，但同类份额下降
DAPAGLIFLOZINUM,True,359088.24000000005,513000.02116102807,371758.6091127824,611267.2606230796,0.428618272659188,0.0114756299854369,0.3595951681638512,0.0,Monitor,False,常规跟踪销量与生命周期信号
CALENDULA OFFICINALIS*&+MATRICARIA CHAMOMILLA*&+ACHILLEA MILLEFOLIUM*&,True,358100.25999999995,368646.5766510686,227793.77017307337,466643.4478402863,0.0294507372071404,-0.0012453195647247,0.5008887964457999,0.0,Defend,False,已知INN规模位于前25%，但同类份额下降
CARBOCISTEINUM,True,358001.55000000005,273003.1141761487,132189.13364183597,370972.97261995525,-0.2374247704342378,0.0041649546066082,0.4379048085997162,0.0,Monitor,False,常规跟踪销量与生命周期信号
ISOTRETINOINUM,True,356892.94999999995,412251.1357944415,271873.2047096921,509917.61738116224,0.1551114579159984,,,,Monitor,False,跨多个ATC3或不足3个同类INN，竞争份额不适用
BISOPROLOLUM+PERINDOPRILUM,True,355174.24,410639.0760717052,270937.17110048555,507835.2195400408,0.1561623277400556,0.0035644604605406,0.2253954514929839,0.0,Monitor,False,常规跟踪销量与生命周期信号
NICERGOLINUM,True,353786.17,326150.1196952211,186994.1890695323,422966.40720648033,-0.0781151233378594,0.0115948141252727,0.3798339756629091,0.0,Monitor,False,常规跟踪销量与生命周期信号
MELATONINUM*,True,353609.33,306535.4291086949,167449.05556821343,403303.3230033143,-0.133124035192468,0.0028582963172331,0.1412738334514666,0.0,Monitor,False,常规跟踪销量与生命周期信号
TENOXICAMUM,True,352718.62,571178.4721687305,432442.4446549679,667702.6164689291,0.6193601351942533,0.0106472746250646,0.3878597243498889,0.0,Monitor,False,常规跟踪销量与生命周期信号
ARGININUM ASPARTATUM*,True,351704.86,251205.0551439841,112867.77333650814,347451.7762774506,-0.2857504012199772,0.0030030190673999,0.1960061505611527,0.0,Monitor,False,常规跟踪销量与生命周期信号
CMP DISODIUM SALT*+UMP DISODIUM SALT*,True,351373.67,328784.6627508601,190577.6490447741,424940.75121131726,-0.064287706159485,0.0137340709361401,0.4608637428071036,0.0,Monitor,False,常规跟踪销量与生命周期信号
DEXPANTHENOLUM+DIMETHYLIS SULFOXIDUM+HEPARINUM NATRICUM,True,350037.2,306759.18224622053,169077.84688025538,402549.5354837034,-0.1236383383074126,-0.0023320268958563,0.3703847179103139,0.0,Defend,False,已知INN规模位于前25%，但同类份额下降
ALFA-BROMISOVALERIC ACID ETHYL ETHER*+HUMULUS LUPULUS*&+MENTHA PIPERITA+PHENOBARBITALUM,True,349344.23,313026.10886492697,175617.34177161558,408626.8255692557,-0.1039608443942898,0.0006576606114506,0.1918662990671193,0.0,Monitor,False,常规跟踪销量与生命周期信号
BISMUTHI SUBCITRAS*,True,348937.62,301716.1509248147,164467.3171408006,397205.59569710336,-0.1353292576340301,-0.004364236097639,0.2861394429362921,0.0,Defend,False,已知INN规模位于前25%，但同类份额下降
TIZANIDINUM,True,347629.87999999995,321902.4439726535,185167.9880590814,417034.0157058972,-0.0740081261925656,-0.0208362301520727,0.4618522989922581,0.0,Defend,False,已知INN规模位于前25%，但同类份额下降
OLEUM VASELINI (PARAFFINUM LIQUIDUM)*,True,345719.13,345204.82130324456,209221.9272566698,439813.50170537113,-0.0014876489384763,-0.002385909307749,0.1879512044607084,0.0,Defend,False,已知INN规模位于前25%，但同类份额下降
CANDESARTANUM,True,345391.17,333993.74073236546,198139.84432017533,428512.6723756522,-0.0329986121753909,-0.0112966577554638,0.2635256807083176,0.0,Defend,False,已知INN规模位于前25%，但同类份额下降
DICLOFENACUM+LINUM USITATISSIMUM*&+MENTHOLUM*+METHYL SALICYLAT*,True,343810.44000000006,316345.9126246578,181113.77017819768,410432.2654304008,-0.0798827614872377,-0.0052508559154206,0.2098356318976665,0.0,Defend,False,已知INN规模位于前25%，但同类份额下降
LIDOCAINUM+TRIBENOSIDUM,True,342307.12,342432.08342224127,207791.24700006197,436107.04122817,0.0003650622933033,0.0044094374604581,0.3855805258512579,0.0,Monitor,False,常规跟踪销量与生命周期信号
PLANTAGO (SEMENI PSYLLIUM),True,340460.08,311911.8362174525,177997.5023889242,405081.337420358,-0.0838519563954386,,,,Monitor,False,跨多个ATC3或不足3个同类INN，竞争份额不适用
FRAMYCETINUM,True,340047.23000000004,129528.20617875292,0.0,222584.7278259595,-0.6190876009231044,0.027991099707962,0.6749237567710775,0.0,Monitor,False,常规跟踪销量与生命周期信号
OXYBUTYNINUM,True,337637.24,351271.994574629,218467.9781087252,443669.004051704,0.0403828516505733,0.0532048674615505,0.4253980123639939,0.0,Invest,False,机会概率位于前20%，份额及预测销量增长，维持或评估增加商业支持
FABOMOTIZOLUM,True,334920.02,412312.3168134154,280577.07383239584,503965.7382843471,0.2310769502922383,0.0542648159036983,0.2565013838038337,0.0,Monitor,False,常规跟踪销量与生命周期信号
IODUM*+KALII IODIDUM*,True,334756.4099999999,330254.8726474384,198583.982950239,421863.52099227614,-0.0134472028558364,-0.0004158574485992,0.2865485794383367,0.0,Defend,False,已知INN规模位于前25%，但同类份额下降
ZOLMITRIPTANUM,True,334614.26,353745.77311150887,222130.7957625464,445315.5210231564,0.0571748290449691,0.0128379209670553,0.3878811021341528,0.0,Monitor,False,常规跟踪销量与生命周期信号
ACORUS+ALTHAEA+SAMBUCUS+INULA+URTICA+TILIA+MENTHA+CALENDULA+MATRICARIA+GLYCYRRHIZA+THYMUS+SALVIA*&,True,333245.93,241356.4040431452,110279.63663764388,332551.6979994832,-0.2757408798866795,-0.0038924701004671,0.2091956689805835,0.0,Defend,False,已知INN规模位于前25%，但同类份额下降
ATROPA BELLADONNA*&+XEROFORMIUM*+ZINCI SULFAS*,True,331497.85,298259.6657369962,167870.47664810394,388976.5842501317,-0.1002666661729593,-0.0019876311140212,0.4413012538292907,0.0,Defend,False,已知INN规模位于前25%，但同类份额下降
EUCALYPTUS VIMINALIS+MENTHA PIPERITA+PINUS SILVESTRIS+THYMOL+TOCOPHEROLI ACETAS*,True,331364.80999999994,382966.4557578536,252629.5957495765,473646.96685887774,0.1557245796795794,-0.0006841663331155,0.2911122096013131,0.0,Defend,False,已知INN规模位于前25%，但同类份额下降
BENZYLPENICILLINUM,True,330889.55,326716.8080983454,196566.8837398964,417267.2606705056,-0.012610679006498,0.0180529446319572,0.479158877207754,0.0,Monitor,False,常规跟踪销量与生命周期信号
ELEUTHEROCOCCUS SENTICOSUS*&,True,328912.53,298639.66148788104,169267.36520337738,388649.0874372778,-0.092039268045273,0.001453345215415,0.6722019212587752,0.0,Monitor,False,常规跟踪销量与生命周期信号
WARFARINUM,True,326991.6,307305.03593766794,178688.30565456225,396788.7847211964,-0.0602051063768367,-9.903071177541634e-05,0.3590884898066047,0.0,Defend,False,已知INN规模位于前25%，但同类份额下降
NEOMYCINUM+NYSTATINUM+PREDNISOLONUM+TERNIDAZOLUM,True,325269.35,288029.5513042648,160090.23953506,377041.9932213709,-0.1144891109344767,-0.035546400416929,0.2530580778332319,0.0,Defend,False,已知INN规模位于前25%，但同类份额下降
BIOTINUM,True,324837.06000000006,369957.5935429725,242188.3158857574,458851.735999904,0.138902049978449,0.0255119216136861,0.3694612270988148,0.0,Monitor,False,常规跟踪销量与生命周期信号
MYRAMISTINUM*+TRIAMCINOLONUM,True,322384.32000000007,288251.6453854724,161447.11238541233,376474.5768082632,-0.1058757281201755,0.0095334882030811,0.541970392234043,0.0,Monitor,False,常规跟踪销量与生命周期信号
DICLOFENACUM+LIDOCAINUM,True,320623.0,303925.1058323396,177813.35888361005,391666.0385848056,-0.0520795269449178,-0.0008874882708333,0.1676583036102928,0.0,Defend,False,已知INN规模位于前25%，但同类份额下降
CARNITINUM+COBAMAMIDUM*+COCARBOXYLASUM+LYSINUM+PYRIDOXALPHOSPHATUM*,True,320599.60000000003,169275.58598748286,43173.04304120664,257010.1151512281,-0.4720031279281607,-0.0397873588462039,0.3529920747280245,0.0,Defend,False,已知INN规模位于前25%，但同类份额下降
OSELTAMIVIRUM,True,320095.09,208926.14687995127,83022.04458656989,296522.61302893166,-0.347299744960314,-0.0038728468351126,0.3901045668073665,0.0,Defend,False,已知INN规模位于前25%，但同类份额下降
ICHTHYOLUM*,True,319530.05000000005,295998.32245369215,170316.46928621846,383440.1610911015,-0.0736448028794408,,,,Monitor,False,跨多个ATC3或不足3个同类INN，竞争份额不适用
CEFTAZIDIMUM,True,319062.2,111605.95373094323,22327.180370165355,166059.4340054752,-0.6502062803712153,-0.0063011669172858,0.2741758444300243,0.0,Defend,False,已知INN规模位于前25%，但同类份额下降
UNKNOWN_SKU_165099,False,318971.03,165054.86745547876,39592.89554661501,252343.72600029557,-0.4825396292087128,,,,Data Review,False,补齐INN后再形成分子级商业建议
AMYLMETACRESOLUM+DICHLOROBENZYL ALCOHOL*+LIDOCAINUM,True,317344.4,411376.3599155082,286554.1959771868,498220.0787372136,0.2963088679538954,0.0023675569867189,0.2886878092004891,0.0,Monitor,False,常规跟踪销量与生命周期信号
CRATAEGUS L.*&+HERBA MELISSAE+LEONURUS CARDIACA/QUINQUELOBATUS GILIB.*&+VALERIANA OFFICINALIS*&,True,316258.8300000001,314789.7659251691,190394.59296732987,401336.4102251837,-0.0046451322002012,0.0037922407394113,0.220558294134489,0.0,Monitor,False,常规跟踪销量与生命周期信号
ALFA-BROMISOVALERIC ACID ETHYL ETHER*+DOXYLAMINUM+MENTHOL SOLITION IN ISOVALERAT,True,315555.77,175763.31349624126,51644.67754544699,262117.5600575379,-0.4430039625127399,-0.0031618120263402,0.1272413389762112,0.0,Defend,False,已知INN规模位于前25%，但同类份额下降
SERTRALINUM,True,314543.96,389324.9360868194,265604.27884210733,475402.2931137773,0.2377441171873699,0.0059116733403998,0.4793406957995479,0.0,Invest,False,机会概率位于前20%，份额及预测销量增长，维持或评估增加商业支持
NATAMYCINUM,True,312120.31,190713.0801024389,67945.72544516531,276127.18679593503,-0.3889757443133422,,,,Monitor,False,跨多个ATC3或不足3个同类INN，竞争份额不适用
QUERCETIN*,True,311428.89,103963.50582346434,0.0,189188.40015314476,-0.6661725704912466,-0.1489928177359379,0.2892422202749476,0.0,Defend,False,已知INN规模位于前25%，但同类份额下降
SILVER PROTEINATE,True,310476.42,234712.14509864716,112591.38734705887,319676.38873820624,-0.2440258583932166,0.0189314591513874,0.3213665075581163,0.0,Monitor,False,常规跟踪销量与生命周期信号
BETAMETHASONUM+CETYLPYRIDINII CHLORIDUM,True,308604.34,295984.59351924906,174600.18743060384,380436.5281685385,-0.0408929650203587,0.0604245819394011,0.409115678031843,0.0,Monitor,False,常规跟踪销量与生命周期信号
CHONDROITINI SULFAS*,True,307692.84,273099.28866426635,152073.40600451975,357301.7843768486,-0.1124288473392284,,,,Monitor,False,跨多个ATC3或不足3个同类INN，竞争份额不适用
VALACYCLOVIRUM,True,306543.03,301643.53195599583,181069.9080167999,385531.37338024535,-0.0159830678388094,0.0201467459494173,0.6001881306900327,0.0,Emerging Opportunity,False,机会概率位于前20%，份额上升且规模尚未进入前25%，先验证增长驱动
EMPAGLIFLOZINUM,True,305010.22,549079.0639285333,429108.34541671,632547.4401892347,0.8001989045761595,0.0142896666713048,0.3287595544803883,0.0,Monitor,True,常规跟踪销量与生命周期信号
EMPAGLIFLOZINUM+METFORMINUM,True,304972.31,397223.0960622645,277267.2888210825,480681.097961923,0.3024890556859556,0.0607758666227594,0.4362151323400669,0.0,Emerging Opportunity,False,机会概率位于前20%，份额上升且规模尚未进入前25%，先验证增长驱动
REBAMIPIDUM,True,304009.47000000003,353887.5471867407,234310.45711317327,437082.0605665756,0.1640675114059462,0.0497415079419074,0.4851418092381785,0.0,Emerging Opportunity,False,机会概率位于前20%，份额上升且规模尚未进入前25%，先验证增长驱动
TRIMEBUTINUM,True,303707.86000000004,310406.61021928734,190948.1534440086,393518.5857190342,0.0220565586260668,0.0054150464041698,0.2366977460866787,0.0,Monitor,False,常规跟踪销量与生命周期信号
CEFOPERAZONUM+SULBACTAMUM,True,302136.77,151037.87409034607,66495.11028821762,202602.73713399647,-0.5001009837685559,-0.0128164617731261,0.286145617308859,0.0,At Risk,False,同类份额与预测销量同时下降，核查原因
BRINZOLAMIDUM+TIMOLOLUM,True,301297.54,318665.63252533897,200155.23520276783,401118.00554793375,0.0576443223709659,0.006655843553035,0.3363926216287567,0.0,Monitor,False,常规跟踪销量与生命周期信号
FLUTICASONUM+SALMETEROLUM,True,300167.1,299666.1162632319,181600.358792514,381809.135745935,-0.0016690161472329,-0.1926602436659779,0.3372252801536426,0.0,At Risk,False,同类份额与预测销量同时下降，核查原因
L-LYSINI AESCINAS*,True,299701.92000000004,229052.25524408385,111169.4686221372,311067.9746669105,-0.235733106934771,0.0336953091625764,0.4812647294882035,0.0,Emerging Opportunity,False,机会概率位于前20%，份额上升且规模尚未进入前25%，先验证增长驱动
ACIDUM ACETYLSALICYLICUM*+VITAMIN C,True,298761.6,258544.7926913452,141031.8653679855,340303.1863643479,-0.1346117014658335,1.918798040430412e-05,0.1138757768595657,0.0,Monitor,False,常规跟踪销量与生命周期信号
HYDROXYZINUM,True,296152.19000000006,304456.47310390184,187969.9139874564,385500.7818006751,0.0280405932635574,0.0334730662325729,0.4891153102032083,0.0,Emerging Opportunity,False,机会概率位于前20%，份额上升且规模尚未进入前25%，先验证增长驱动
ARTEMISIA ABSINTHIUM*&,True,295683.01,318630.97781265376,202328.9628787324,399546.8918189999,0.0776100318129666,0.0906674659181759,0.4131088406203112,0.0,Emerging Opportunity,False,机会概率位于前20%，份额上升且规模尚未进入前25%，先验证增长驱动
AMLODIPINUM+INDAPAMIDUM,True,295553.26,296235.83821598004,179984.85829566215,377116.24514384265,0.0023094931044915,,,,Monitor,False,跨多个ATC3或不足3个同类INN，竞争份额不适用
KETOTIFENUM,True,295552.97,291603.81344125565,175352.94758763487,372484.1410084033,-0.0133619247972515,,,,Monitor,False,跨多个ATC3或不足3个同类INN，竞争份额不适用
DIOSMINUM,True,294760.36,290063.0512946885,174123.94545750142,370726.47508166777,-0.0159360258119901,-0.0005385074834522,0.2920455331484811,0.0,At Risk,False,同类份额与预测销量同时下降，核查原因
LEVANA*,True,293153.41000000003,298545.5430666724,183238.5043979644,378769.212712849,0.018393553964364,0.004013077844387,0.1223434398530052,0.0,Monitor,False,常规跟踪销量与生命周期信号
INSULINUM GLARGINUM,True,291981.36,283916.6592188816,169070.62700638938,363819.5884308644,-0.0276206014696224,-0.033657849495168,0.39639198143102,0.0,At Risk,False,同类份额与预测销量同时下降，核查原因
DIENOGESTUM+ESTRADIOLI VALERAS,True,291051.34,299362.54135140736,184882.3171030888,379010.96348723385,0.0285557913988896,,,,Monitor,False,跨多个ATC3或不足3个同类INN，竞争份额不适用
ORNIDAZOLUM,True,289764.15,239303.4226633269,125329.4932832958,318599.5954245619,-0.1741441352792367,,,,Monitor,False,跨多个ATC3或不足3个同类INN，竞争份额不适用
EDOXABANUM,True,287556.05,436353.2017143308,323247.79189913906,515045.11104589695,0.5174544291950416,0.1280911218995417,0.3755401092666478,0.0,Monitor,True,常规跟踪销量与生命周期信号
METRONIDAZOLUM+MICONAZOLUM,True,284514.74,252746.71376643807,140837.55287010942,330606.34538807883,-0.1116568731502695,-0.0012507776689837,0.4007128693601138,0.0,At Risk,False,同类份额与预测销量同时下降，核查原因
ACIDUM SALICYLICUM*+ZINCI OXYDUM*,True,284406.06999999995,270148.6357890368,158282.21843743487,347978.5290351954,-0.0501305552689614,0.0713945586967853,0.6475034436661082,0.0,Emerging Opportunity,False,机会概率位于前20%，份额上升且规模尚未进入前25%，先验证增长驱动
AGNUS CASTUS*&,True,279127.03,243163.5349752557,133373.5405771294,319548.77860601683,-0.1288427531534453,,,,Monitor,False,跨多个ATC3或不足3个同类INN，竞争份额不适用
MOXIFLOXACINUM,True,278988.39,169337.2030685204,59601.74041826301,245684.50680439945,-0.3930313620989016,,,,Monitor,False,跨多个ATC3或不足3个同类INN，竞争份额不适用
TRANEXAMIC ACID,True,275953.29000000004,263609.88742107,155068.23108902463,339126.61286095344,-0.0447300431856783,0.0364428504702265,0.6049350957888329,0.0,Emerging Opportunity,False,机会概率位于前20%，份额上升且规模尚未进入前25%，先验证增长驱动
UNKNOWN_SKU_13891,False,274812.78,269368.4676057691,161275.41199329935,344573.08377334976,-0.0198109869352907,,,,Data Review,False,补齐INN后再形成分子级商业建议
DIENOGESTUM+ETHINYLESTRADIOLUM,True,274800.62,256399.3139103487,148311.0412324872,331600.6024010557,-0.0669623892757276,-0.0068881123006107,0.3220585765863067,0.0,At Risk,False,同类份额与预测销量同时下降，核查原因
BENZOCAINUM+CHLORHEXIDINUM+ENOXOLONUM,True,274079.88000000006,201668.65859577345,93863.87706014384,276672.71108072915,-0.2641975084206348,-0.0025923677563718,0.1768254273496751,0.0,At Risk,False,同类份额与预测销量同时下降，核查原因
BACITRACINUM+NEOMYCINUM,True,272856.21,303842.79516084486,196519.3239535097,378511.9810043518,0.1135637893703973,0.0343246699980545,0.6878118402059522,0.0,Emerging Opportunity,False,机会概率位于前20%，份额上升且规模尚未进入前25%，先验证增长驱动
PYRANTELUM,True,271638.68,239607.97534295145,132763.39939660032,313943.9748029048,-0.1179165818986035,-0.006117932934339,0.3604398588090776,0.0,At Risk,False,同类份额与预测销量同时下降，核查原因
ACIDUM ADENOSINTRIPHOSPHORICUM*,True,270805.63,232793.96694865028,126277.0574229728,306901.9959135691,-0.140365113721416,0.0053862401416204,0.1931304264401648,0.0,Monitor,False,常规跟踪销量与生命周期信号
FERRI (III) HYDROXYDI POLYMALTOSUM COMPLEXUS*,True,268486.6099999999,304585.9392702716,198981.1778543961,378059.3507003546,0.1344548589230265,0.031283949031902,0.3343425924064507,0.0,Monitor,False,常规跟踪销量与生命周期信号
MICONAZOLUM+NEOMYCINUM+ORNIDAZOLUM+PREDNISOLONUM,True,267945.18,200244.9513367103,94853.15244426718,273570.196312047,-0.2526644766040937,0.0045311695788791,0.3548462488254803,0.0,Monitor,False,常规跟踪销量与生命周期信号
UNKNOWN_SKU_76563,False,266893.56000000006,201743.363716572,96765.20213438488,274780.82484701567,-0.2441055388651117,,,,Data Review,False,补齐INN后再形成分子级商业建议
BROMHEXINUM+GUAIFENESINUM+SALBUTAMOLUM,True,265105.01,247397.57791579253,143122.9128544575,319945.58867843845,-0.0667940303512464,0.0016854230382109,0.2223354034779386,0.0,Monitor,False,常规跟踪销量与生命周期信号
PYRIDOXINUM,True,264968.80000000005,232606.5345522744,128385.44543855348,305117.2704080976,-0.1221361362082088,-0.0119163646272819,0.4684233037236038,0.0,At Risk,False,同类份额与预测销量同时下降，核查原因
UNKNOWN_SKU_11149,False,262071.48000000004,218077.60971101729,114996.13343439628,289795.4718201586,-0.1678697364893836,,,,Data Review,False,补齐INN后再形成分子级商业建议
MYRAMISTINUM*+XYLOMETAZOLINUM,True,261737.67,286583.20128919586,183633.02364757287,358209.7137423172,0.0949253169755652,0.0157096790692712,0.3346874436683356,0.0,Monitor,False,常规跟踪销量与生命周期信号
CIPROFLOXACINUM+DEXAMETHASONUM,True,259099.62,297158.57678689994,195246.03242186067,368063.1667090499,0.1468892806052744,,,,Monitor,False,跨多个ATC3或不足3个同类INN，竞争份额不适用
GLAUCINUM*,True,258629.59,96345.22023911854,0.0,167121.1828618494,-0.6274779686302772,0.002811303066466,0.6166465196996066,0.0,Emerging Opportunity,False,机会概率位于前20%，份额上升且规模尚未进入前25%，先验证增长驱动
OXOLINUM*,True,258314.30999999997,293068.25084767846,191464.59516497425,363757.9346904148,0.1345412913735926,,,,Monitor,False,跨多个ATC3或不足3个同类INN，竞争份额不适用
ROSA L.*&,True,258194.96,103621.6794771164,2064.9681402586284,174278.7022808006,-0.5986688528811082,,,,Monitor,False,跨多个ATC3或不足3个同类INN，竞争份额不适用
ECHINACEA PURPUREA*&,True,256911.18,251847.3757512602,150795.61801566574,322153.08235289727,-0.0197103304291381,-0.0330090401141249,0.3445642989114264,0.0,At Risk,False,同类份额与预测销量同时下降，核查原因
MYRTUS COMMUNIS*,True,253461.21,360308.01959993,260613.2504260441,429669.6155614444,0.4215509331780194,0.0127852417257408,0.3319182999892937,0.0,Monitor,False,常规跟踪销量与生命周期信号
BECLOMETASONUM+CHLORAMPHENICOLUM+CLOTRIMAZOLUM+LIDOCAINUM,True,251442.13,262029.16361070803,163128.56611517724,330838.22290922,0.0421052494691642,-0.0500053624697637,0.5732916415251578,0.0,Monitor,False,常规跟踪销量与生命周期信号
ITOPRIDUM,True,250939.75,265101.48518222163,166398.4905393624,333773.0643567369,0.0564348023070144,0.0316758725617627,0.4273469068280185,0.0,Emerging Opportunity,False,机会概率位于前20%，份额上升且规模尚未进入前25%，先验证增长驱动
DULOXETINUM,True,250114.83,334800.7139282083,236422.18790517023,403246.5474442831,0.3385880154655694,0.0494541011228598,0.5370862490145776,0.0,Emerging Opportunity,False,机会概率位于前20%，份额上升且规模尚未进入前25%，先验证增长驱动
DICYCLOVERINUM+NIMESULIDUM,True,248619.74,584075.6602290295,486285.203096076,652112.3509476478,1.3492730715148742,0.0368923754207728,0.4221756462338138,0.0,Emerging Opportunity,True,机会概率位于前20%，份额上升且规模尚未进入前25%，先验证增长驱动
CAMPHORA*+EUCALYPTUS VIMINALIS*&+MENTHOLUM*+MYRISTICA FRAGRANS*+OLEUM TEREBINTHINE*+THYMOL,True,248200.65,207604.24318368503,109978.62816133734,275526.2467229456,-0.1635628545546311,-0.0056989454922131,0.2270841931797249,0.0,At Risk,False,同类份额与预测销量同时下降，核查原因
UNKNOWN_SKU_156477,False,247865.91,190021.9371620948,92527.98657484257,257852.33654373235,-0.2333680046518103,,,,Data Review,False,补齐INN后再形成分子级商业建议
GUAIFENESINUM+PARACETAMOLUM+PHENYLEPHRINUM,True,247083.82,229966.1269408361,132779.79850224798,297582.5014206532,-0.0692788911032857,,,,Monitor,False,跨多个ATC3或不足3个同类INN，竞争份额不适用
AMIKACINUM+BENZALKONII CHLORIDUM+LIDOCAINUM+NIMESULIDUM,True,246298.31,218605.68306375973,121728.32197419426,286007.09673263563,-0.1124353104016031,-0.0025018270898562,0.2636927222032043,0.0,At Risk,False,同类份额与预测销量同时下降，核查原因
CARBIDOPA+LEVODOPA*,True,245850.17,254673.1328024806,157972.04015989992,321951.9095376254,0.0358875603074857,0.0189815529671948,0.3732384658566251,0.0,Monitor,False,常规跟踪销量与生命周期信号
FEBUXOSTATUM,True,245723.87,306444.55576386524,209793.14113452635,373688.7695393763,0.2471094312647168,0.0816656228068868,0.4980741730010562,0.0,Emerging Opportunity,False,机会概率位于前20%，份额上升且规模尚未进入前25%，先验证增长驱动
DEXAMETHASONUM+NEOMYCINUM+PHENYLEPHRINUM+POLYMYXINUM B,True,241574.57,256502.4175274632,161483.0613331535,322611.1436671222,0.061793952598004,-0.005481985484311,0.2721989466788931,0.0,Monitor,False,常规跟踪销量与生命周期信号
DORZOLAMIDUM,True,241175.49,234681.36494448676,139818.98025868484,300680.87979411706,-0.0269269694673919,0.0360248249268153,0.4321965464879125,0.0,Emerging Opportunity,False,机会概率位于前20%，份额上升且规模尚未进入前25%，先验证增长驱动
MEMANTINE,True,239215.55,244728.35466924816,150636.87992226757,310191.5169685659,0.0230453441226883,0.021638520615624,0.4138515057298401,0.0,Emerging Opportunity,False,机会概率位于前20%，份额上升且规模尚未进入前25%，先验证增长驱动
BENZALKONII CHLORIDUM,True,238996.99,190923.13722710675,96917.62943637416,256326.4889131423,-0.2011483607927164,,,,Monitor,False,跨多个ATC3或不足3个同类INN，竞争份额不适用
CHONDROITINI SULFAS*+DICLOFENACUM+GLUCOSAMINUM,True,238651.91,203611.69116317164,109741.91487528528,268920.609071611,-0.1468256375439374,,,,Monitor,False,跨多个ATC3或不足3个同类INN，竞争份额不适用
CHLORPHENAMINUM+COFFEINUM*+DEXTROMETHORPHANUM+PARACETAMOLUM+PHENYLEPHRINUM,True,237856.38,228459.8580412669,134902.99030345376,293551.073089236,-0.0395050238245999,-0.0014646525297669,0.1156793037607439,0.0,At Risk,False,同类份额与预测销量同时下降，核查原因
RISPERIDONUM,True,236093.1,266886.6879801047,174023.3772271609,331495.3679887791,0.1304298515293531,-0.0330618145478778,0.3534616250436915,0.0,Monitor,False,常规跟踪销量与生命周期信号
STREPTODORNASUM+STREPTOKINASUM,True,235655.03,214552.53906030455,121861.53588662313,279041.3378676588,-0.0895482304778108,,,,Monitor,False,跨多个ATC3或不足3个同类INN，竞争份额不适用
HERBA MELISSAE+PASSIFLORA INCARNATA*+VALERIANA OFFICINALIS*&,True,232070.16000000003,225515.9151843348,134234.96125317208,289023.6869362491,-0.0282425143140558,0.0067649542074239,0.1935573937853007,0.0,Monitor,False,常规跟踪销量与生命周期信号
MELISSA+MENTHA PIPERITA+VALERIANA,True,229603.55000000005,186615.32067087013,96304.56693164998,249448.0857572097,-0.1872280691179639,0.0064682880881003,0.2010266705150976,0.0,Monitor,False,常规跟踪销量与生命周期信号
VITAMIN C+RETINOLUM+RIBOFLAVINUM+THIAMINUM,True,229401.23,155535.044392276,65303.86987426791,218312.4430653686,-0.32199559526217,-0.0176247557886007,0.2686759249987454,0.0,At Risk,False,同类份额与预测销量同时下降，核查原因
PAROXETINUM,True,228955.4,248518.6300373284,158462.81536606286,311174.0239258328,0.0854455934969358,-0.0296064737867954,0.3204946892063773,0.0,Monitor,False,常规跟踪销量与生命周期信号
AZAPENTHACENUM*,True,227400.42,239267.4218259604,149823.2327843919,301497.2835610902,0.05218548772232,0.0129615792175956,0.2393605419803157,0.0,Monitor,False,常规跟踪销量与生命周期信号
BUTAMIRATUM,True,227307.01,225116.0698279794,135708.62206287103,287320.3692031774,-0.0096386828194194,0.0243030527977055,0.4766113472838214,0.0,Emerging Opportunity,False,机会概率位于前20%，份额上升且规模尚未进入前25%，先验证增长驱动
AETHONIUM*,True,226115.55,210996.00110896223,122057.19440210464,272874.24835521984,-0.0668664711075276,-0.0158431024250176,0.4823584698921349,0.0,At Risk,False,同类份额与预测销量同时下降，核查原因
DESOGESTRELUM+ETHINYLESTRADIOLUM,True,225232.96,217405.26060210887,128813.6060544522,279041.9803539634,-0.034753791798017,-0.0289134945199158,0.2405449331553099,0.0,At Risk,False,同类份额与预测销量同时下降，核查原因
UNKNOWN_SKU_5352,False,225124.94,199682.5590336708,111133.39236400604,261289.71828750765,-0.1130144930469683,,,,Data Review,False,补齐INN后再形成分子级商业建议
CLOZAPINUM,True,223930.96,224067.06315457096,135987.52874342116,285347.48066222057,0.0006077906983963,-0.0666188042349507,0.4468813741195062,0.0,Monitor,False,常规跟踪销量与生命周期信号
UNKNOWN_SKU_449836,False,222678.81,301463.05780270434,213876.03585616828,362400.8148993853,0.3538021772377189,,,,Data Review,False,补齐INN后再形成分子级商业建议
SACUBITRILUM+VALSARTANUM,True,222093.92,254169.80289363384,166812.83774175332,314947.5003746366,0.1444248581574581,0.0048963962764631,0.2640849234278871,0.0,Monitor,False,常规跟踪销量与生命周期信号
MIANSERINUM,True,221485.69,222449.78816235543,135332.06020757754,283061.03885841754,0.0043528688573761,-0.0387172375308632,0.4382388810661637,0.0,Monitor,False,常规跟踪销量与生命周期信号
BETAXOLOLUM,True,221067.14,202931.9483013017,115978.85005707292,263428.65959313035,-0.0820347687073631,,,,Monitor,False,跨多个ATC3或不足3个同类INN，竞争份额不适用
ANETHUM GRAVEOLENS*&,True,220424.93,214123.29111770223,127422.79554080532,274444.2567380633,-0.0285885942315949,0.0264777097441352,0.3114299532324993,0.0,Monitor,False,常规跟踪销量与生命周期信号
PARACETAMOLUM+PHENYLEPHRINUM,True,219451.92,284872.55491782044,198554.77670960443,344927.2489201832,0.2981091936576379,-0.0014273826348594,0.1388913043149471,0.0,Monitor,False,常规跟踪销量与生命周期信号
QUERCUS ROBUR/PETRAE*&,True,218055.89,131011.58975330046,45242.916824783126,190684.24948379112,-0.3991834398359959,-0.0208936862684941,0.462162277519074,0.0,At Risk,False,同类份额与预测销量同时下降，核查原因
LEVOCARNITINUM,True,217640.74,204379.5359136558,118774.1553619978,263938.586675881,-0.0609316256062362,0.0037852621123352,0.3166830284202589,0.0,Monitor,False,常规跟踪销量与生命周期信号
DEXAMETHASONUM+NEOMYCINUM+POLYMYXINUM B,True,214732.34,209857.8711467464,125396.46156668333,268621.01603566465,-0.0227002083303037,,,,Monitor,False,跨多个ATC3或不足3个同类INN，竞争份额不适用
CINNARIZINUM+DIMENHYDRINATUM,True,214490.89,272557.2263686942,188190.78714727907,331254.2966210048,0.2707170284420668,0.0086857804034474,0.3351761336699603,0.0,Monitor,False,常规跟踪销量与生命周期信号
OFLOXACINUM+ORNIDAZOLUM,True,214064.07,195843.4220912901,111644.8654479578,254423.689790704,-0.0851177309144401,0.0012395115127873,0.2985327599529945,0.0,Market-led Growth,False,销量增长且同类份额变化不超过0.2个百分点
HEXETIDINUM,True,213555.42,169399.59058731468,85401.10299731127,227840.66232934385,-0.2067652013359592,,,,Monitor,False,跨多个ATC3或不足3个同类INN，竞争份额不适用
MAGNESII LACTAS*+MAGNESYUM PIDOLATE*+PYRIDOXINUM,True,213283.2,170140.29065198064,86248.87629051787,228506.86731189195,-0.2022799233508282,-0.0024453520064394,0.3103601855163045,0.0,At Risk,False,同类份额与预测销量同时下降，核查原因
ENOXAPARINUM NATRII,True,212789.75,140903.8640393638,57206.54006296965,199135.40433798253,-0.337825886635217,-0.033938489829008,0.3360795963008555,0.0,At Risk,False,同类份额与预测销量同时下降，核查原因
UNKNOWN_SKU_732028,False,210669.46,245081.30405384305,162217.96103308187,302732.6107999539,0.1633451951404965,,,,Data Review,False,补齐INN后再形成分子级商业建议
ETHINYLESTRADIOLUM+GESTODENUM,True,208676.05,199429.0412821521,117349.773070388,256534.83615681867,-0.0443127456066372,-0.0113680237181037,0.2512720059980237,0.0,At Risk,False,同类份额与预测销量同时下降，核查原因
VITAMIN C+SALVIA+SALVIA,True,208371.57,190279.92602890404,108320.41998239618,247302.3976260625,-0.08682395573972,0.0036736304219783,0.1124273873059686,0.0,Monitor,False,常规跟踪销量与生命周期信号
BETAMETHASONUM+GENTAMICINUM,True,207960.59000000003,188128.44404058167,106330.59017049593,245038.44782182365,-0.0953649244764036,0.0019982907344426,0.4521722765714587,0.0,Emerging Opportunity,False,机会概率位于前20%，份额上升且规模尚未进入前25%，先验证增长驱动
FLUTICASONUM,True,207358.48000000004,87859.14703570312,6298.123162078322,144604.37881674676,-0.5762934458445919,,,,Monitor,False,跨多个ATC3或不足3个同类INN，竞争份额不适用
PRAMIPEXOLUM,True,207105.86000000004,184342.19139641465,102880.53141594215,241018.2917850381,-0.1099132038252583,0.0041048285026008,0.3865515423200316,0.0,Monitor,False,常规跟踪销量与生命周期信号
GLYCYRRHIZA GLABRA/URALENSIS*&,True,206155.67,144609.34409245598,63521.42561160526,201025.41773037205,-0.2985429695314421,0.00037489088458,0.3425179711976626,0.0,Monitor,False,常规跟踪销量与生命周期信号
PIROXICAMUM,True,206067.03,176703.34870345725,95650.29529856658,233095.16532837303,-0.1424957757509424,,,,Monitor,False,跨多个ATC3或不足3个同类INN，竞争份额不适用
ACECLOFENACUM,True,206030.8,144872.27313512124,63833.47020069574,201254.1751438254,-0.2968416705894398,,,,Monitor,False,跨多个ATC3或不足3个同类INN，竞争份额不适用
THIAMAZOLUM,True,205861.23,200682.46677696484,119710.36139365108,257017.9646600547,-0.0251565737901942,,,,Monitor,False,跨多个ATC3或不足3个同类INN，竞争份额不适用
ACIDUM HOPANTENICUM,True,203003.5,181822.03078493976,101973.96616790848,237375.4890272219,-0.1043404139094165,0.0080150877077373,0.181026646259775,0.0,Monitor,False,常规跟踪销量与生命周期信号
UNKNOWN_SKU_435435,False,200882.93,152333.9637337828,73319.99020574719,207307.1117994185,-0.2416779079547337,,,,Data Review,False,补齐INN后再形成分子级商业建议
MACROGOLUM,True,200365.15,201805.85019435448,122995.53685393832,256637.30380837392,0.0071903731479974,0.0098771930196954,0.3850109202438858,0.0,Monitor,False,常规跟踪销量与生命周期信号
BENZOCAINUM+BISMUTHI SUBGALLAS*+MENTHOLUM*+ZINCI OXYDUM*,True,200357.92,165751.64980263417,86944.18026297605,220581.12487193348,-0.172722247253145,-0.0773054756850826,0.3939402713393887,0.0,At Risk,False,同类份额与预测销量同时下降，核查原因
GLIBENCLAMIDUM+METFORMINUM,True,199710.03,176182.07014503176,97629.43740663436,230834.24516748163,-0.1178106069833759,-0.0660998081626956,0.5068499180305569,0.0,At Risk,False,同类份额与预测销量同时下降，核查原因
ALOE ARBORESCENS MILL.*&,True,199680.62,137873.8923833854,59332.82758140478,192518.01913471235,-0.3095279232236689,0.00945708797566,0.2876575951980838,0.0,Monitor,False,常规跟踪销量与生命周期信号
DIOXYDINUM*+LIDOCAINUM,True,198939.33,212487.4670736282,134237.97641603407,266928.7341547504,0.0681018533320092,0.0061283812241532,0.1866621217859312,0.0,Monitor,False,常规跟踪销量与生命周期信号
CEFOTAXIMUM,True,198733.16,138242.21136163577,60073.81425899065,192627.05844760608,-0.3043827644987089,0.0009783351753298,0.2590200513440099,0.0,Monitor,False,常规跟踪销量与生命周期信号
UNKNOWN_SKU_10183,False,198306.86,169413.4177570995,91412.69869914932,223681.6045921446,-0.1457006693711985,,,,Data Review,False,补齐INN后再形成分子级商业建议
CHLORPROMAZINE,True,197678.05,182659.3191720488,104905.932113359,236755.4273479707,-0.0759757131757985,-0.0154647791004921,0.2572966691018554,0.0,At Risk,False,同类份额与预测销量同时下降，核查原因
UNKNOWN_SKU_144459,False,197530.64,200643.0658153388,122947.66003877066,254698.83411889643,0.0157566735739769,,,,Data Review,False,补齐INN后再形成分子级商业建议
TUSSILAGO FARFARA*&+PLANTAGO MAJOR/PSYLLUM/LANCEOLATA*&+GLYCYRRHIZA GLABRA/URALENSIS*&,True,197007.00000000003,159257.58698213194,81768.14632713099,213170.05720031672,-0.1916145772377027,-0.0017344020740303,0.1958263474421705,0.0,At Risk,False,同类份额与预测销量同时下降，核查原因
SERTACONAZOLUM,True,194923.21,199786.5213163152,123116.70494645376,253128.74648576588,0.0249498831684291,,,,Monitor,False,跨多个ATC3或不足3个同类INN，竞争份额不适用
KETOCONAZOLUM+PYRITHIONUM ZINCUM,True,193789.57,172556.0069864091,96332.08913540308,225588.0029115277,-0.1095702055254618,0.005929573699044,0.3346112440747565,0.0,Monitor,False,常规跟踪销量与生命周期信号
PROSTATILENUM*,True,192881.21,165058.37816586706,89191.74867676376,217841.79443926064,-0.1442485342876734,,,,Monitor,False,跨多个ATC3或不足3个同类INN，竞争份额不适用
GLUCOSAMINUM,True,192657.6,172891.5565498573,97112.88035086486,225613.7802388986,-0.1025967491038124,0.0080607624150194,0.3894060475898026,0.0,Monitor,False,常规跟踪销量与生命周期信号
THIAMINUM,True,191184.33,154778.3912548048,79579.20141027584,207097.44335604287,-0.1904232357599349,0.0259211347391434,0.3661680481263768,0.0,Monitor,False,常规跟踪销量与生命周期信号
UNKNOWN_SKU_165098,False,190698.06,140792.6675082854,65784.74391473895,192978.6481100692,-0.2616984802662102,,,,Data Review,False,补齐INN后再形成分子级商业建议
NATRII HYDROCARBONAS*,True,190214.23,119186.42817591918,44368.811099766055,171240.00500288446,-0.3734095068706522,-0.0001941417248312,0.0967906298465191,0.0,At Risk,False,同类份额与预测销量同时下降，核查原因
MEBENDAZOLUM,True,189886.23,192080.83921810065,117392.23550966966,244044.6563399206,0.0115574953386594,0.0029642284415337,0.2548936909381959,0.0,Monitor,False,常规跟踪销量与生命周期信号
GINKGO BILOBA*&,True,187528.37,138995.25912796767,65234.08060007752,190313.82985230605,-0.2588040991986029,-0.0721398917809896,0.5340769444408754,0.0,At Risk,False,同类份额与预测销量同时下降，核查原因
IVABRADINUM,True,187474.4,170217.87359745588,96477.92327522417,221521.6750190909,-0.0920473750151706,0.0042607104877855,0.1453983087563841,0.0,Monitor,False,常规跟踪销量与生命周期信号
CEFAZOLINUM,True,187067.26,248621.31226732585,175041.5037211136,299813.6967183729,0.3290477033090977,0.007103728277623,0.2525623424777322,0.0,Monitor,False,常规跟踪销量与生命周期信号
HYDROCHLOROTHIAZIDUM+LOSARTANUM,True,186835.35,171092.5120458012,97603.92145723668,222221.4325541036,-0.0842604890038143,-0.0188135192913022,0.2613541676056033,0.0,At Risk,False,同类份额与预测销量同时下降，核查原因
FURAZOLIDONUM,True,186185.47,177685.78862551483,104452.817571753,228636.8645082689,-0.0456516900834698,-0.0450818382038718,0.6172912855946221,0.0,At Risk,False,同类份额与预测销量同时下降，核查原因
ACIDUM GAMMA-AMINOBUTYRICUM*,True,185138.67,170687.74830396078,97866.51869328295,221352.3593716352,-0.0780545830648953,0.0010289142916755,0.1597675808643543,0.0,Market-led Growth,False,销量增长且同类份额变化不超过0.2个百分点
DISODIUM FOSFAS*+SODIUM DIHYDROPHOSPHAS,True,183061.47,191905.9627598973,119901.76536700148,242002.1321826697,0.0483143326659474,0.0702985332369629,0.4438397496000753,0.0,Emerging Opportunity,False,机会概率位于前20%，份额上升且规模尚未进入前25%，先验证增长驱动
AMIKACINUM,True,182886.94000000003,104107.49921623593,32171.950308305124,154155.90717151135,-0.4307548739333935,0.0694831358814633,0.4940247014940283,0.0,Emerging Opportunity,False,机会概率位于前20%，份额上升且规模尚未进入前25%，先验证增长驱动
SOLIFENACINUM,True,182654.37,201175.9212803482,129331.84993013433,251160.6846788381,0.1014021798676274,0.0738899842113074,0.4861091967139439,0.0,Emerging Opportunity,False,机会概率位于前20%，份额上升且规模尚未进入前25%，先验证增长驱动
ATENOLOLUM,True,180780.75,159731.83230111856,88624.7183473425,209203.86527657683,-0.1164334017802307,-0.0014779707173202,0.080173253557427,0.0,At Risk,False,同类份额与预测销量同时下降，核查原因
CABERGOLINUM,True,180339.98,174910.9326783672,103977.18830413654,224262.34557688367,-0.0301045132733897,0.0197372095724076,0.3862746117104656,0.0,Monitor,False,常规跟踪销量与生命周期信号
HYDROCORTISONUM+OXYTETRACYCLINUM,True,180174.87,157845.0739146321,86976.27282437893,207151.30320059817,-0.1239340207952856,-0.0123494313497345,0.31445270065238,0.0,At Risk,False,同类份额与预测销量同时下降，核查原因
DISULFIRAMUM,True,179260.56,160960.03862425862,90450.86622986537,210016.05999555573,-0.1020889445829097,-0.0014963380566863,0.5119193146784051,0.0,At Risk,False,同类份额与预测销量同时下降，核查原因
SULFUR*,True,178606.32,170698.77135781507,100446.93343201494,219575.75495626376,-0.0442736216847473,-0.0258257093625732,0.2385038985237648,0.0,At Risk,False,同类份额与预测销量同时下降，核查原因
DOXAZOSINUM,True,178227.99,186171.5790857025,116068.55099956803,234945.0297901036,0.0445698180499176,,,,Monitor,False,跨多个ATC3或不足3个同类INN，竞争份额不适用
CHLORHEXIDINUM+CHLOROCRESOLUM+HEXAMIDINUM,True,177670.39,194947.2538814971,125063.54852049028,243568.11308715108,0.0972410984266827,0.0138814668699203,0.3045703265224136,0.0,Monitor,False,常规跟踪销量与生命周期信号
ATROPA BELLADONNA*&,True,177402.21000000002,186253.90790678567,116475.68670722922,234801.37760717783,0.0498962098994462,0.0042090794520467,0.3423244531746806,0.0,Monitor,False,常规跟踪销量与生命周期信号
SODIUM CITRAS*,True,177162.0,165772.56868155068,96088.83010717882,214254.30308080575,-0.0642882295212817,-0.0015295973620175,0.2150532759174417,0.0,At Risk,False,同类份额与预测销量同时下降，核查原因
INSULINUM ASPARTUM,True,176736.03,176377.51885669614,106861.32852698468,224742.6833120465,-0.0020285119186158,0.0109247303602316,0.3848154123530993,0.0,Monitor,False,常规跟踪销量与生命周期信号
NEOMYCINUM+NYSTATINUM+POLYMYXINUM B,True,175947.64,149612.03652235138,80405.94634196453,197761.4520327642,-0.1496786400638771,0.0179691412917354,0.3154038541845825,0.0,Monitor,False,常规跟踪销量与生命周期信号
KALII CHLORIDUM*,True,175898.2,132833.49272585684,63646.84895065348,180969.3786026648,-0.2448274472060724,,,,Monitor,False,跨多个ATC3或不足3个同类INN，竞争份额不适用
ACIDUM CROMOGLICICUM,True,175414.97,173755.75552695023,104759.18226907733,221759.40182352232,-0.0094587963219431,,,,Monitor,False,跨多个ATC3或不足3个同类INN，竞争份额不适用
POLYGONUM HYDROPIPER*&,True,175409.68999999994,166070.33415816704,97075.83770084773,214072.5355424124,-0.0532431010044708,0.0131142082115044,0.6042877667842496,0.0,Emerging Opportunity,False,机会概率位于前20%，份额上升且规模尚未进入前25%，先验证增长驱动
METHOTREXATUM,True,174776.28,172874.24151861877,104128.88639437534,220703.1054186077,-0.0108827037706789,,,,Monitor,False,跨多个ATC3或不足3个同类INN，竞争份额不适用
VERAPAMILUM,True,174665.78000000003,157891.6231217214,89189.73134239655,205690.24785275132,-0.0960357368127782,,,,Monitor,False,跨多个ATC3或不足3个同类INN，竞争份额不适用
CHOLINI SALICYLAS+CETALKONII CHLORIDUM,True,174658.44999999998,151215.67120191216,82516.66255668916,199012.2900224582,-0.1342206964397532,0.0055612539936138,0.5300264059559475,0.0,Emerging Opportunity,False,机会概率位于前20%，份额上升且规模尚未进入前25%，先验证增长驱动
MUPIROCINUM,True,174560.75,172068.44093066207,103407.860962349,219838.32340001088,-0.0142776028937657,,,,Monitor,False,跨多个ATC3或不足3个同类INN，竞争份额不适用
UNKNOWN_SKU_10760,False,174271.75999999998,138859.83805222868,70312.92751421448,186550.6362008764,-0.2031994279955129,,,,Data Review,False,补齐INN后再形成分子级商业建议
AMLODIPINUM+RAMIPRILUM,True,173857.53999999998,174457.91765475526,106073.93369350288,222035.3613367405,0.0034532736098491,0.01024577665252,0.3563097285625167,0.0,Monitor,False,常规跟踪销量与生命周期信号
AMINOCAPRONIC ACID,True,172968.75,130516.03536559672,62481.642230861966,177850.25487582554,-0.2454357485638491,-0.040626429872927,0.2555974729187495,0.0,At Risk,False,同类份额与预测销量同时下降，核查原因
PASSIFLORA INCARNATA*,True,172704.59,161894.705558765,93964.21538505916,209156.63566743533,-0.0625917611178428,0.0026409428510899,0.0916805425170942,0.0,Monitor,False,常规跟踪销量与生命周期信号
HYPERICUM PERFORATUM*&,True,172396.41,133119.36257862407,65310.089903895714,180296.95687652705,-0.2278298453046436,,,,Monitor,False,跨多个ATC3或不足3个同类INN，竞争份额不适用
CALCII CHLORIDUM*+KALII CHLORIDUM*+MAGNESII CHLORIDUM*+NATRII ACETAS*+NATRII CHLORIDUM*+XYLITOLUM*,True,171650.78,142807.6538193111,75291.66235609089,189781.20077286192,-0.1680337612254888,-0.0026518401684164,0.0768999650194031,0.0,At Risk,False,同类份额与预测销量同时下降，核查原因
METHADONUM,True,171483.46,104908.66153585885,37458.48262351447,151836.42009348003,-0.3882286866858248,-0.1551636979679419,0.686190365281559,0.0,At Risk,False,同类份额与预测销量同时下降，核查原因
UNKNOWN_SKU_245367,False,171214.72000000003,146536.89883506583,79192.42435089723,193391.11463914817,-0.1441337588551626,,,,Data Review,False,补齐INN后再形成分子级商业建议
GLIMEPIRIDUM+METFORMINUM,True,170416.30000000002,169534.29483418795,102503.8656337289,216170.0169072272,-0.0051755915708301,-0.012259668409928,0.3294696929652422,0.0,At Risk,False,同类份额与预测销量同时下降，核查原因
CAMPHORA*+CARYOPHYLLUS AROMATICUS*&+EUCALYPTUS VIMINALIS*&+MENTHOLUM*,True,170369.78999999998,167618.95698918222,100606.8217269328,214241.9512454949,-0.0161462487616951,-0.000382549129899,0.1503475033564177,0.0,At Risk,False,同类份额与预测销量同时下降，核查原因
LEVETIRACETAMUM,True,169853.87,169423.82539367012,102614.61871884514,215905.6342015725,-0.0025318505037882,-0.0052236575515274,0.406999722202657,0.0,At Risk,False,同类份额与预测销量同时下降，核查原因
GABAPENTINUM,True,169848.53,174707.42526887215,107900.31899460703,221187.77274498955,0.0286072259140079,0.0003373727982941,0.0867962676593538,0.0,Market-led Growth,False,销量增长且同类份额变化不超过0.2个百分点
HYDROCHLOROTHIAZIDUM+RAMIPRILUM,True,169663.88999999998,164546.4899096591,97812.00872141909,210976.309239563,-0.030161987269895,0.0005181088407443,0.1094214998918278,0.0,Market-led Growth,False,销量增长且同类份额变化不超过0.2个百分点
BENZOCAINUM+ATROPA BELLADONNA*&,True,168762.83,163670.76426129678,97290.7001008608,209854.0016402304,-0.0301729103423022,-0.0009501835926499,0.1591419182175573,0.0,At Risk,False,同类份额与预测销量同时下降，核查原因
SALVIA OFFICINALIS*&,True,168382.15000000002,151845.2283386128,85614.89835142215,197924.28972805035,-0.0982106574918257,,,,Monitor,False,跨多个ATC3或不足3个同类INN，竞争份额不适用
GLIBENCLAMIDUM,True,168003.04,128841.8349957059,62760.62164826266,174817.15003813844,-0.233098192772548,-0.0080066795052358,0.4070903926103849,0.0,At Risk,False,同类份额与预测销量同时下降，核查原因
THYMUS SERPYLLUM*&,True,167652.36,128737.7058652682,62794.426687925006,174617.05464733377,-0.2321151586218756,0.0016398830569395,0.2686522539666383,0.0,Market-led Growth,False,销量增长且同类份额变化不超过0.2个百分点
UREA PURA*,True,167125.16,168037.78235304987,102301.86856431376,213772.8588285526,0.0054607119182406,0.0071614142871535,0.2380536326926817,0.0,Monitor,False,常规跟踪销量与生命周期信号
HYDROCHLOROTHIAZIDUM+TELMISARTANUM,True,166722.16999999998,163938.6181241893,98361.21377770428,209563.4133083002,-0.0166957512357875,0.0046509675400933,0.3457195957602472,0.0,Monitor,False,常规跟踪销量与生命周期信号
ACIDUM AZELAICUM,True,166105.49,179755.85636443412,114421.01288260428,225211.89235656636,0.0821788994718604,0.0389699607063583,0.5979615022390714,0.0,Emerging Opportunity,False,机会概率位于前20%，份额上升且规模尚未进入前25%，先验证增长驱动
AMOROLFINUM,True,166084.67999999996,164347.8754703276,99021.21725734624,209798.2166470205,-0.0104573433845456,0.003002008773683,0.4886395316333357,0.0,Emerging Opportunity,False,机会概率位于前20%，份额上升且规模尚未进入前25%，先验证增长驱动
GENTAMICINUM+METHOXAN+TRYPTOPHANUM+ZINCI SULFAS*,True,165377.63,145326.72158263018,80278.16977711208,190583.57312663103,-0.1212431718689511,0.0225073787511709,0.5648577971346678,0.0,Emerging Opportunity,False,机会概率位于前20%，份额上升且规模尚未进入前25%，先验证增长驱动
DEQUALINII CHLORIDUM,True,165212.2,144203.16034846372,79219.6776936233,189414.7407094701,-0.1271639724641176,0.0048332510846736,0.2646351874155933,0.0,Monitor,False,常规跟踪销量与生命周期信号
BENDAZOLUM,True,164414.99999999997,166964.1345990412,102294.21736111576,211957.55509132243,0.0155042702858085,-0.0194730362620929,0.2792692502784881,0.0,Monitor,False,常规跟踪销量与生命周期信号
CALCII CHLORIDUM*+FRUCTOSUM*+KALII CHLORIDUM*+MAGNESII CHLORIDUM*+NATRII CHLORIDUM*,True,163823.04,109940.3419128508,45503.2623369888,154771.76802995574,-0.3289079368027184,-0.0071775809442431,0.3703588877529863,0.0,At Risk,False,同类份额与预测销量同时下降，核查原因
SOTALOLUM,True,163485.97,165586.1896297425,101281.69095588694,210325.37396692875,0.0128464823601834,0.0004175885400308,0.082590162326993,0.0,Market-led Growth,False,销量增长且同类份额变化不超过0.2个百分点
UNKNOWN_SKU_22110,False,162611.53,239013.01055432708,175052.4583721513,283512.897706857,0.4698404876599285,,,,Data Review,False,补齐INN后再形成分子级商业建议
HELICHRYSUM ARENARIUM*&,True,162215.54,143996.50281350856,80191.70673951661,188388.02427811013,-0.1123137597451603,0.0071792516698329,0.2816659867050348,0.0,Monitor,False,常规跟踪销量与生命周期信号
CEFTRIAXONUM+SULBACTAMUM,True,162191.77,59706.82827618314,0.0,104091.84489873804,-0.6318751051537131,-0.004053852551073,0.1985831694656858,0.0,At Risk,False,同类份额与预测销量同时下降，核查原因
UNKNOWN_SKU_145718,False,161855.77999999997,203044.30026081947,139381.0098245462,247337.37065370436,0.2544766721387368,,,,Data Review,False,补齐INN后再形成分子级商业建议
ASCORBIC ACID+HESPERIDINUM+RUSCUS ACULEATUS&,True,161543.22,149110.61370393843,85570.26356710188,193318.1496656031,-0.07696148619584,0.055188532461786,0.6938632805674023,0.0,Emerging Opportunity,False,机会概率位于前20%，份额上升且规模尚未进入前25%，先验证增长驱动
CANDESARTANUM+HYDROCHLOROTHIAZIDUM,True,161239.28000000003,165499.17893770518,102078.37856606822,209623.5393969861,0.0264197343085701,-0.0006572793007385,0.2299512883928577,0.0,Market-led Growth,False,销量增长且同类份额变化不超过0.2个百分点
DIENOGESTUM,True,160680.86,176482.80897336482,113281.65386027488,220454.35353463583,0.0983436917960536,0.0123388364355819,0.4654516270885592,0.0,Emerging Opportunity,False,机会概率位于前20%，份额上升且规模尚未进入前25%，先验证增长驱动
FLUTICASONUM FUROAS,True,160642.34,163424.0734671941,100238.06955814274,207385.0767362633,0.0173163156562217,-0.0124128373212141,0.6791040764089595,0.0,Monitor,False,常规跟踪销量与生命周期信号
UNKNOWN_SKU_7201,False,159691.81999999998,330131.43469858053,267319.30208918545,373832.3209099219,1.0673033515341022,,,,Data Review,False,补齐INN后再形成分子级商业建议
ARGININUM+LEVOCARNITINUM,True,158298.67,74206.44677631716,11942.28664631884,117526.08684978288,-0.53122507740389,-0.0047959276351024,0.0706942578462348,0.0,At Risk,False,同类份额与预测销量同时下降，核查原因
BIDENS TRIPARTITES*&,True,156825.6,110589.0449154641,48904.29247324166,153505.56813265412,-0.2948278538997199,-0.081503199072613,0.4769092062597018,0.0,At Risk,False,同类份额与预测销量同时下降，核查原因
PENCICLOVIRUM,True,154639.04999999996,119405.52038768838,58580.8111747126,161723.67749730064,-0.2278436760463259,0.0228012175793894,0.554290352712408,0.0,Emerging Opportunity,False,机会概率位于前20%，份额上升且规模尚未进入前25%，先验证增长驱动
AMLODIPINUM+BISOPROLOLUM,True,154546.03,155570.42649361218,94782.30515705564,197863.12796977136,0.0066284232187145,0.0026014037531769,0.3356641887189174,0.0,Monitor,False,常规跟踪销量与生命周期信号
LEVOCETIRIZINUM+PARACETAMOLUM,True,153669.25999999998,142525.44789179318,82082.18951382738,184578.21456100032,-0.0725181608098248,-0.0008393881395547,0.0874067904949421,0.0,At Risk,False,同类份额与预测销量同时下降，核查原因
CIPROFLOXACINUM+TINIDAZOLUM,True,152277.43000000002,102752.51894705064,42856.71384834317,144424.40070646384,-0.325228177629143,-0.0123821454599908,0.6106547366039146,0.0,At Risk,False,同类份额与预测销量同时下降，核查原因
BRIMONIDINUM,True,152042.68,164137.90313507977,104334.43306098443,205745.54376405745,0.0795514991914099,0.0011039542897512,0.3162164525594898,0.0,Market-led Growth,False,销量增长且同类份额变化不超过0.2个百分点
UNKNOWN_SKU_227753,False,151199.82,156544.0989432019,97072.15389080872,197921.08449571984,0.0353458022846979,,,,Data Review,False,补齐INN后再形成分子级商业建议
SABALIS SERRULATAE*&,True,151111.76,131871.94594628306,72434.63783645577,173224.83320723055,-0.1273217521503088,-0.0034763970543404,0.3469897397938958,0.0,At Risk,False,同类份额与预测销量同时下降，核查原因
TRAVOPROSTUM,True,150534.34999999998,141467.72849102956,82257.53504174025,182662.6030954284,-0.0602295855329393,-0.0327601196473513,0.3660273890612551,0.0,At Risk,False,同类份额与预测销量同时下降，核查原因
UNKNOWN_SKU_187675,False,150521.57,117391.3327639346,58186.1661159852,158582.71002372444,-0.2201029210369344,,,,Data Review,False,补齐INN后再形成分子级商业建议
UNKNOWN_SKU_144460,False,150507.29,151965.5643459157,92766.01449946348,193153.0337746401,0.0096890612136841,,,,Data Review,False,补齐INN后再形成分子级商业建议
BENFOTIAMINUM+PYRIDOXINUM,True,150107.09000000003,127040.31476721069,67998.176962717,168118.26640935225,-0.153668792278828,0.0038771019647962,0.3725782096126567,0.0,Monitor,False,常规跟踪销量与生命周期信号
LETROZOLUM,True,149033.59,118113.52565485278,59493.63129624248,158897.70582298975,-0.2074704390140989,0.0042297189451155,0.5876186724762069,0.0,Emerging Opportunity,False,机会概率位于前20%，份额上升且规模尚未进入前25%，先验证增长驱动
CASSIA ACUTIFOLIA/ANGUSTIFOLIA*&+NATRII PICOSULFAS,True,148755.4,144617.64983855002,86107.17690910626,185325.7011884724,-0.0278157980244749,-0.0049334185878263,0.1818576474690362,0.0,At Risk,False,同类份额与预测销量同时下降，核查原因
TRAZODONUM,True,148437.77000000002,193557.8190029216,135172.2805734461,234178.948477401,0.3039660930160941,0.0102351751618936,0.4614926506251759,0.0,Emerging Opportunity,False,机会概率位于前20%，份额上升且规模尚未进入前25%，先验证增长驱动
ADAPALENUM+CLINDAMYCINUM,True,148091.54,173973.94511118368,115724.59051800832,214500.3261017836,0.1747730161438234,-0.1298972291594815,0.2881978120163744,0.0,Monitor,False,常规跟踪销量与生命周期信号
DOMPERIDONUM+OMEPRAZOLUM,True,146534.06999999998,142622.30834392473,84985.55878070742,182722.47577363232,-0.0266952365144519,-0.0016299159841404,0.0828017279442556,0.0,At Risk,False,同类份额与预测销量同时下降，核查原因
INDOMETACINUM+TROXERUTINUM,True,146168.36,142317.37496788468,84824.4713763432,182317.4630629316,-0.0263462286374103,-0.0073028946808733,0.1755488362881169,0.0,At Risk,False,同类份额与预测销量同时下降，核查原因
DAPAGLIFLOZINUM+METFORMINUM,True,146039.47,168728.23069255773,111286.02384786292,208693.0470546895,0.1553604699644399,0.0137341772377478,0.3105450768033231,0.0,Monitor,False,常规跟踪销量与生命周期信号
ARTEMISIA ABSINTHIUM+ATROPA BELLADONNA+MENTHA PIPERITA+VALERIANA,True,144308.58000000005,138506.09860003684,81744.70867014877,177997.24369375705,-0.0402088455167614,0.0185024816402931,0.2340364436968745,0.0,Monitor,False,常规跟踪销量与生命周期信号
HYALURONIC ACID*,True,142815.39,138615.92142732424,82441.85305398819,177698.4436730995,-0.0294048741713044,,,,Monitor,False,跨多个ATC3或不足3个同类INN，竞争份额不适用
NEUROPEPTIDES*,True,141850.51,119879.00667819347,64084.457872685976,158697.4821425644,-0.1548919585964584,0.0001151416595988,0.1135778017543124,0.0,Market-led Growth,False,销量增长且同类份额变化不超过0.2个百分点
MANNITOLI HEXANITRAS,True,141704.84,148560.3641461252,92823.112222557,187338.97590242137,0.0483788990279034,0.0019575292565391,0.2134719549127828,0.0,Monitor,False,常规跟踪销量与生命周期信号
BRINZOLAMIDUM,True,140682.33,144078.85774066194,88743.79319096444,182577.6518258967,0.0241432434383335,-0.0118852870855523,0.3728105381379621,0.0,Monitor,False,常规跟踪销量与生命周期信号
CAMPHORA*+CHLOROBUTANOLUM+EUCALYPTUS VIMINALIS*&+MENTHOLUM*,True,140118.62,129638.58991897252,74525.25136170995,167983.12045729425,-0.0747939858459031,-0.000562658282376,0.0796130015750998,0.0,At Risk,False,同类份额与预测销量同时下降，核查原因
BENZOCAINUM+CHLORHEXIDINUM,True,139901.06,112248.4157141144,57220.6507796617,150533.4092967916,-0.1976585758956049,-0.0031627463435773,0.0836966805425188,0.0,At Risk,False,同类份额与预测销量同时下降，核查原因
UNKNOWN_SKU_716892,False,139758.85,194197.93372706787,139226.10474085834,232444.0104570965,0.3895215489184969,,,,Data Review,False,补齐INN后再形成分子级商业建议
UNKNOWN_SKU_19208,False,139077.82,117345.69250626607,62641.73539145846,155405.40017533398,-0.1562587585406064,,,,Data Review,False,补齐INN后再形成分子级商业建议
TRIHEXYPHENIDYLUM,True,138996.71,122612.51202202098,67940.45818238394,160650.02332010007,-0.1178747178834593,,,,Monitor,False,跨多个ATC3或不足3个同类INN，竞争份额不适用
UNKNOWN_SKU_47233,False,138916.43999999997,118136.55585440586,63496.07488985132,156152.1006539117,-0.1495854928732274,,,,Data Review,False,补齐INN后再形成分子级商业建议
CIPROFLOXACINUM+ORNIDAZOLUM,True,138362.52000000002,120182.95716220042,65760.35145572104,158046.91752306576,-0.1313908046615485,0.0198346421235878,0.3085252640004789,0.0,Monitor,False,常规跟踪销量与生命周期信号
UNKNOWN_SKU_145664,False,138287.32,101556.59711501654,47163.57008308811,139399.97842153147,-0.2656116474379825,,,,Data Review,False,补齐INN后再形成分子级商业建议
CELECOXIBUM,True,137896.68,125274.42923377422,71035.05397613539,163010.90892072217,-0.0915341164575229,-0.0215018699431465,0.3489958819187043,0.0,At Risk,False,同类份额与预测销量同时下降，核查原因
AMBROXOLUM+CARBOCISTEINUM,True,136917.18000000002,101522.8894920909,47668.78433714674,138991.32152297226,-0.2585087606092173,-0.0003450877251699,0.0929718083473745,0.0,At Risk,False,同类份额与预测销量同时下降，核查原因
BENZYDAMINUM+CHLORHEXIDINUM,True,136863.48,210960.3825152717,157127.39936595765,248414.1191310119,0.5413927989794771,0.0173849617412085,0.2272692158218344,0.0,Monitor,False,常规跟踪销量与生命周期信号
SECNIDAZOLUM,True,136289.6,109941.55543677536,56334.29848096253,147238.24540742775,-0.1933239554832111,0.0579268792124287,0.5918617862028047,0.0,Emerging Opportunity,False,机会概率位于前20%，份额上升且规模尚未进入前25%，先验证增长驱动
ACORUS+ALTHAEA+SAMBUCUS+URTICA+MENTHA+CALENDULA+ARTEMISIA+MATRICARIA+GLYCYRRHIZA+SOPHORA+ACHILLEA+HELICHRY+SALVIA+ROSA*&,True,135806.41999999998,113700.958193227,60283.75208807272,150865.4222665254,-0.1627718469183782,0.0029479972186065,0.3018117618033293,0.0,Monitor,False,常规跟踪销量与生命周期信号
LEVAMISOLUM,True,135587.91000000003,138628.2447282251,85296.98591264692,175732.9118711232,0.0224233468030083,-0.0046583174474617,0.2278162299422192,0.0,Monitor,False,常规跟踪销量与生命周期信号
ETAMSYLATUM,True,134698.85,125740.72797875946,72759.16618972723,162602.09706233893,-0.0665048144155688,-0.0471298725409287,0.5084987867996276,0.0,At Risk,False,同类份额与预测销量同时下降，核查原因
PLATYPHYLLINI HYDROTARTRAS*,True,134492.6,108592.41593673798,55691.97916932982,145397.34313255455,-0.1925770195777465,-0.0126558224346369,0.2122183105284206,0.0,At Risk,False,同类份额与预测销量同时下降，核查原因
HEDERA HELIX*&+THYMUS SERPYLLUM*&,True,133161.11,77504.78127054012,25128.064042730693,113945.33605841784,-0.4179623369725581,0.0037644276317075,0.3899536937520831,0.0,Monitor,False,常规跟踪销量与生命周期信号
CLONIDINUM,True,131902.36,97339.27325337872,45457.66449087501,133435.36148987935,-0.2620353930484737,-0.0607693914136983,0.3152698884295619,0.0,At Risk,False,同类份额与预测销量同时下降，核查原因
SULFATHIAZOLUM ARGENTI*,True,131593.46999999997,130239.87074810662,78479.75875132151,166251.42887691723,-0.0102862190038255,0.0091784911630829,0.2589937064260642,0.0,Monitor,False,常规跟踪销量与生命周期信号
ASCORBIC ACID+MALVA SYLVESTRIS+PLANTAGO (SEMENI PSYLLIUM),True,130915.82000000002,89288.04955279254,37794.47996038828,125114.16358345764,-0.317973568413714,,,,Monitor,False,跨多个ATC3或不足3个同类INN，竞争份额不适用
ALTHAEA OFFICINALIS*&+AMMONIUM CHLORIDE+ANISUM VULG.*&+GLYCYRRHIZA GLABRA/URALENSIS*&+NATRII HYDROCARBONAS*,True,130796.54,136311.70608333443,84865.05330343597,172105.17823098204,0.0421659937130938,0.0008809656223817,0.2044531641312944,0.0,Monitor,False,常规跟踪销量与生命周期信号
UNKNOWN_SKU_169053,False,129985.58,92634.31634912187,41506.64125424772,128205.86309895045,-0.2873492863660577,,,,Data Review,False,补齐INN后再形成分子级商业建议
VENLAFAXINUM,True,129893.03,171666.26738468782,120574.99529951694,207212.48712015295,0.3215972203026429,0.0018469795581551,0.4824984847494499,0.0,Emerging Opportunity,False,机会概率位于前20%，份额上升且规模尚未进入前25%，先验证增长驱动
HYDROCORTISONUM+ZINCI SULFAS*,True,128602.5,141733.91567780162,91150.25219460177,176926.97202216557,0.1021085568150044,0.0003512370304072,0.2278661938406331,0.0,Market-led Growth,False,销量增长且同类份额变化不超过0.2个百分点
CILOSTASOLUM,True,128567.73,115097.60039226184,64527.61311270737,150281.1416605651,-0.1047706886303287,0.0022708102550572,0.0891979481464024,0.0,Monitor,False,常规跟踪销量与生命周期信号
KALII CHLORIDUM*+MACROGOLUM+NATRII CHLORIDUM*+NATRII HYDROCARBONAS*+NATRII SULFAS*,True,128279.36000000002,136393.6772744511,85937.11555846383,171498.30388978863,0.0632550495609822,0.0187286138502113,0.4226039284123561,0.0,Emerging Opportunity,False,机会概率位于前20%，份额上升且规模尚未进入前25%，先验证增长驱动
UNKNOWN_SKU_112237,False,128139.13,45869.49177906453,0.0,80935.74338387608,-0.6420336880774473,,,,Data Review,False,补齐INN后再形成分子级商业建议
RIFAXIMINUM,True,127530.41999999998,106191.32583072993,56029.34725993121,141090.99929493474,-0.167325522563715,0.009456754244129,0.4614701124787444,0.0,Emerging Opportunity,False,机会概率位于前20%，份额上升且规模尚未进入前25%，先验证增长驱动
CALCII CHLORIDUM*+CITICOLINUM+KALII CHLORIDUM*+NATRII CHLORIDUM*+NATRII LACTAS*,True,126807.22,117453.37770446984,67575.85787616097,152155.1419651347,-0.0737642722199111,0.0069109576512012,0.2131523912361528,0.0,Monitor,False,常规跟踪销量与生命周期信号
FERRI SULFAS*,True,126773.56,189893.7098396525,140029.42961487267,224586.26278423448,0.4978967999293582,-0.0234525976756311,0.3239167443581853,0.0,Monitor,False,常规跟踪销量与生命周期信号
ALVERINUM+SIMETICONUM,True,126762.33,101164.4037186912,51304.54062842209,135853.88348800247,-0.2019363818991715,0.0085140516521424,0.5122192580043857,0.0,Emerging Opportunity,False,机会概率位于前20%，份额上升且规模尚未进入前25%，先验证增长驱动
AESCULUS HIPPOCASTANUM L.+THIAMINUM,True,126734.33,103911.5056997054,54062.65594570525,138593.32305516282,-0.1800839938183648,0.0131062182524159,0.6422505899377563,0.0,Emerging Opportunity,False,机会概率位于前20%，份额上升且规模尚未进入前25%，先验证增长驱动
NORETHISTERONUM,True,126024.27,119236.93889574124,69667.37948285331,153724.44290901732,-0.0538573332284229,-0.0075457541033759,0.2574504956767849,0.0,At Risk,False,同类份额与预测销量同时下降，核查原因
UNKNOWN_SKU_103964,False,125020.44,97391.0531027396,48216.3335950972,131603.8513696253,-0.2209989574285645,,,,Data Review,False,补齐INN后再形成分子级商业建议
CIMICIFUGA RACEMOSA*&,True,124856.08000000002,121282.64549710692,72172.57427336334,155450.46539467043,-0.028620428439633,,,,Monitor,False,跨多个ATC3或不足3个同类INN，竞争份额不适用
AMMONIUM*+GLYCEROLUM+SPIRITUS AETHYLICUS*,True,124600.24,187107.19166590576,138097.7508689855,221204.99899345596,0.5016599620185784,-0.0339019266482471,0.3649217507503428,0.0,Monitor,False,常规跟踪销量与生命周期信号
PROPAFENONUM,True,124594.79,132070.72767008678,83063.43054040456,166167.0435635118,0.0600020086721666,-0.017335689992134,0.3673943694114884,0.0,Monitor,False,常规跟踪销量与生命周期信号
METFORMINUM+VILDAGLIPTINUM,True,124225.45000000004,167718.37838040036,118856.35502277454,201713.6215619401,0.350112866408617,0.0428189932615747,0.3538748331409652,0.0,Monitor,True,常规跟踪销量与生命周期信号
FENPIVERINII BROMIDUM+IBUPROFENUM+PITOFENONUM,True,123852.66,100494.29229128596,51778.89970607829,134387.51864209058,-0.1885980301812978,-0.0623418883622779,0.420911410327815,0.0,At Risk,False,同类份额与预测销量同时下降，核查原因
TICAGRELORUM,True,123307.68,130771.49736669708,82270.46363862729,164515.58577814163,0.0605300283542524,0.0020176855269052,0.0841197713909587,0.0,Monitor,False,常规跟踪销量与生命周期信号
TRIAMCINOLONUM,True,123266.04,117795.24369663464,69310.58837293054,151527.93700404794,-0.044382023656843,,,,Monitor,False,跨多个ATC3或不足3个同类INN，竞争份额不适用
INSULINUM GLULISINUM,True,122747.83,116068.88179382584,67788.05579111961,149659.76297683865,-0.0544119452553594,0.0206619973487031,0.3497874452436849,0.0,Monitor,False,常规跟踪销量与生命周期信号
DABIGATRANUM ETEXILATUM,True,122200.22,110812.23908079672,62746.80640217079,144253.2626048625,-0.0931911654431004,-0.0006622707115875,0.0673358111347438,0.0,At Risk,False,同类份额与预测销量同时下降，核查原因
LEVOCETIRIZINUM+MONTELUKASTUM,True,122140.41999999998,68902.96110494982,20861.049765926902,102327.61990228485,-0.4358709335947115,0.0631139867220935,0.7136372795094542,0.0,Emerging Opportunity,False,机会概率位于前20%，份额上升且规模尚未进入前25%，先验证增长驱动
UMIFENOVIRUM,True,121366.08000000002,86763.74685174163,39026.40932723693,119976.5015939479,-0.2851071168176345,-0.0217543468840401,0.2149903461376958,0.0,At Risk,False,同类份额与预测销量同时下降，核查原因
PREDNISONUM,True,121118.21,127113.81348213818,79473.97151695451,160258.73670570308,0.0495020813314379,0.0123351526173792,0.263660786012149,0.0,Monitor,False,常规跟踪销量与生命周期信号
HYDROCHLOROTHIAZIDUM+NEBIVOLOLUM,True,120988.05999999998,129909.49847377231,82320.84885556743,163018.8051557986,0.0737381727897144,,,,Monitor,False,跨多个ATC3或不足3个同类INN，竞争份额不适用
ALUMINII HYDROXYDUM*+MAGNESII HYDROXIDE*+SIMETICONUM,True,120052.77,117089.38218856113,69868.6134017491,149942.7396186808,-0.0246840436204752,-0.0056598064540524,0.224322856111672,0.0,At Risk,False,同类份额与预测销量同时下降，核查原因
FLUTAMIDUM,True,119567.76,120359.94663783089,73329.94850186925,153080.57737711963,0.0066254200783797,0.0656537603619227,0.4085412036974177,0.0,Monitor,False,常规跟踪销量与生命周期信号
TIOTROPIUM BROMIDE,True,119053.04,206005.81385307648,159178.2723044135,238585.58753312012,0.7303700422355994,0.0670775017829844,0.562661819147507,0.0,Emerging Opportunity,False,机会概率位于前20%，份额上升且规模尚未进入前25%，先验证增长驱动
UNKNOWN_SKU_145707,False,119041.38,95025.26979246426,48202.3145116904,127601.85262445304,-0.2017458988423668,,,,Data Review,False,补齐INN后再形成分子级商业建议
BIDENS TRIPARTITES+CALENDULA+EUCALYPTUS VIMINALIS+GLYCYRRHIZA GLABRA/URALENSIS+MATRICARIA CHAMOMILLA+SALVIA,True,117199.6,109834.90743626762,63736.38581526,141907.47310440717,-0.062838888219178,,,,Monitor,False,跨多个ATC3或不足3个同类INN，竞争份额不适用
URTICA DIOICA*&,True,117004.31,99276.3576097858,53254.65007591983,131295.480677871,-0.1515153791361549,0.0122478206969164,0.2627394439638984,0.0,Monitor,False,常规跟踪销量与生命周期信号
ESTRADIOLUM,True,116718.55000000002,104853.39930965845,58944.09073908602,136794.32197121216,-0.1016560837188396,0.0616801997246627,0.5257431231935883,0.0,Emerging Opportunity,False,机会概率位于前20%，份额上升且规模尚未进入前25%，先验证增长驱动
IBUPROFENUM+PHENYLEPHRINUM,True,116567.38,116427.71712488856,70577.86877016541,148327.27096136048,-0.0011981300009611,-0.0008201853761375,0.0845021524572212,0.0,At Risk,False,同类份额与预测销量同时下降，核查原因
AETHACIZINUM*,True,116539.27000000002,111228.76150575356,65389.96975397758,143120.62282603153,-0.0455684036312089,-0.0815093123718764,0.2496301147147142,0.0,At Risk,False,同类份额与预测销量同时下降，核查原因
CAPSICUM ANNUUM*&,True,116406.47,95208.2006353588,49421.64356417278,127063.72022135838,-0.1821055939986942,,,,Monitor,False,跨多个ATC3或不足3个同类INN，竞争份额不适用
UNKNOWN_SKU_99692,False,116268.6,81228.69386306508,35496.36567300056,113046.4842705635,-0.3013703281619879,,,,Data Review,False,补齐INN后再形成分子级商业建议
MICONAZOLUM,True,115158.08,109684.89368406784,64389.370143768014,141198.7818118163,-0.0475275926442343,0.0042499341606754,0.5057782455917544,0.0,Emerging Opportunity,False,机会概率位于前20%，份额上升且规模尚未进入前25%，先验证增长驱动
SILYBUM MARIANUM*&,True,114536.96,111598.26922325406,66547.05294807492,142942.18311911268,-0.0256571396407406,-0.0017193958841504,0.1957505715864181,0.0,At Risk,False,同类份额与预测销量同时下降，核查原因
ISOSORBIDI MONONITRAS,True,114528.97,109946.91776085936,64898.84421985126,141288.64513219325,-0.0400078009881748,0.0328173762498339,0.4946258837324066,0.0,Emerging Opportunity,False,机会概率位于前20%，份额上升且规模尚未进入前25%，先验证增长驱动
ALUMINII PHOSPHAS*,True,113861.21,113997.21469888208,69211.79349455128,145156.2044461067,0.0011944778988566,0.0543090164022383,0.347592860364463,0.0,Monitor,False,常规跟踪销量与生命周期信号
NICOTINUM*,True,112723.94,124463.54261681424,80125.44773171937,155311.3097424821,0.1041447151050101,-0.0709549214979148,0.2766170082226935,0.0,Monitor,False,常规跟踪销量与生命周期信号
UNKNOWN_SKU_435431,False,112671.46,113022.14360840389,68704.69086214455,143855.5491812485,0.0031124439889558,,,,Data Review,False,补齐INN后再形成分子级商业建议
MESALAZINUM,True,112544.37,115580.8269730092,71313.36297340781,146379.45339668635,0.0269800877023806,0.0281029915420124,0.3983482239658231,0.0,Monitor,False,常规跟踪销量与生命周期信号
ACIDUM FOLICUM+FERRI SULFAS*,True,112459.71,91314.61721218644,47080.45282146116,122090.07578026116,-0.1880237178969567,-0.0541592733751283,0.699071970301725,0.0,At Risk,False,同类份额与预测销量同时下降，核查原因
CALCII CHLORIDUM*+KALII CHLORIDUM*+MAGNESII CHLORIDUM*+NATRII ACETAS*+NATRII CHLORIDUM*,True,111370.33999999998,60525.839919194426,16720.161176016387,91003.18406655524,-0.4565353763022144,0.0015080619585743,0.1838056712914458,0.0,Monitor,False,常规跟踪销量与生命周期信号
UNKNOWN_SKU_95108,False,110044.95999999998,43015.76163537225,0.0,73130.40542296018,-0.6091073899670438,,,,Data Review,False,补齐INN后再形成分子级商业建议
CLEMASTINUM,True,109229.83,160570.15833449192,117606.41374906682,190461.73557191185,0.4700211319059264,-0.0120191732632036,0.3411315250343048,0.0,Monitor,False,常规跟踪销量与生命周期信号
PINUS SILVESTRIS*&,True,107789.58,103408.37993346211,61011.13383237193,132905.82175827367,-0.0406458589646409,,,,Monitor,False,跨多个ATC3或不足3个同类INN，竞争份额不适用
CYTISINUM*,True,107071.41,91704.01219526696,49589.24636947258,121004.92131445587,-0.1435247542246154,0.0709549214979152,0.6417331426940407,0.0,Emerging Opportunity,False,机会概率位于前20%，份额上升且规模尚未进入前25%，先验证增长驱动
CARBAZOCHROMUM+TROXERUTINUM,True,106827.19,105760.6879355004,63741.98200197768,134994.76438642532,-0.0099834327243805,0.0026382812813007,0.2166181836679082,0.0,Monitor,False,常规跟踪销量与生命周期信号
BICLOTYMOLUM+ENOXOLONUM+MURAMIDASE,True,106034.27000000002,114928.20536118765,73221.38137746448,143945.29319807648,0.0838779326833447,0.0004137304309418,0.5146975340082075,0.0,Emerging Opportunity,False,机会概率位于前20%，份额上升且规模尚未进入前25%，先验证增长驱动
DEQUALINII CHLORIDUM+ENOXOLONUM+HYDROCORTISONUM+LIDOCAINUM+TYROTHRICINUM,True,105671.27,113110.0593592174,71546.01541355262,142027.8094736436,0.0703955707092136,0.0007670921833618,0.080164189598034,0.0,Market-led Growth,False,销量增长且同类份额变化不超过0.2个百分点
AZILSARTANUM MEDOXOMILUM+CHLORTALIDONUM,True,105660.3,110548.8113574395,68989.08227959153,139463.5594475808,0.0462663020778806,0.0004308295941515,0.2532449659707342,0.0,Market-led Growth,False,销量增长且同类份额变化不超过0.2个百分点
CHLORAMPHENICOLUM+METHYLURACILUM*+SULFADIMETHOXINUM+TRIMECAINUM,True,105523.41,99784.452592689,58278.566929193126,128661.73968881402,-0.0543856326033341,-0.03052417735717,0.2409875007981391,0.0,At Risk,False,同类份额与预测销量同时下降，核查原因
UNKNOWN_SKU_170571,False,105448.75,65395.24918915688,23918.72980015532,94252.10500605583,-0.379838554850988,,,,Data Review,False,补齐INN后再形成分子级商业建议
PANAX SHIN-SENG NEES/QUINQUEAFOLIUM/REPENS*&,True,104760.74,97138.17964042613,55932.27759022493,125806.75626605362,-0.0727616124091323,0.0079172897358182,0.5772202333367367,0.0,Emerging Opportunity,False,机会概率位于前20%，份额上升且规模尚未进入前25%，先验证增长驱动
ACORUS+ARNICA+QUERCUS+MENTHA+MATRICARIA+THYMUS+SALVIA*&,True,104050.15,97615.90411871576,56689.50087634903,126090.02236361396,-0.0618379298951921,0.0052557139403143,0.4622370833851802,0.0,Emerging Opportunity,False,机会概率位于前20%，份额上升且规模尚未进入前25%，先验证增长驱动
UNKNOWN_SKU_10184,False,103700.92,84224.18129828731,43435.141892535226,112602.73008639312,-0.1878164504395206,,,,Data Review,False,补齐INN后再形成分子级商业建议
RIZATRIPTANUM,True,103524.69000000002,103451.98454455809,62732.26229061597,131782.3066471829,-0.0007023006341959,0.0087074422952651,0.4627454562542826,0.0,Emerging Opportunity,False,机会概率位于前20%，份额上升且规模尚未进入前25%，先验证增长驱动
HERBA MELISSAE,True,102012.69999999998,72035.38351496586,31910.37748621351,99951.93800605812,-0.2938586713716442,0.0012770199518124,0.0755369160823231,0.0,Monitor,False,常规跟踪销量与生命周期信号
SILODOSIN,True,101733.13,121775.39666330285,81760.35486386172,149615.44468864062,0.1970082574211844,0.0173683763641526,0.4110350564446575,0.0,Monitor,False,常规跟踪销量与生命周期信号
DEXTROSUM*+KALII CHLORIDUM*+NATRII CHLORIDUM*+SODIUM CITRAS*,True,101276.0,101287.08793605908,61451.85065121198,129002.03884550332,0.0001094823656058,,,,Monitor,False,跨多个ATC3或不足3个同类INN，竞争份额不适用
PERMETHRINUM,True,100574.96,118812.17744798094,79252.68263663366,146335.2834071353,0.1813296018012926,0.0,0.2327228450635887,0.0,Market-led Growth,False,销量增长且同类份额变化不超过0.2个百分点
DOXYLAMINUM+PASSIFLORA INCARNATA*,True,100404.2,75818.6164419122,36326.28724846809,103294.99262286349,-0.2448660868577986,0.0011360327311868,0.0655367468375365,0.0,Monitor,False,常规跟踪销量与生命周期信号
MAGNESII SULFAS*+NATRII SULFAS*+POTASSIUM SULFAS*,True,100087.24,89196.19340871154,49828.53518183211,116585.83106483702,-0.1088155352399413,0.0077088827696295,0.4535935153383765,0.0,Emerging Opportunity,False,机会概率位于前20%，份额上升且规模尚未进入前25%，先验证增长驱动
UNKNOWN_SKU_121259,False,99985.47,85613.89605986749,46286.26737699137,112975.68357821052,-0.1437366243328406,,,,Data Review,False,补齐INN后再形成分子级商业建议
BUSPIRONUM,True,99720.58999999998,122370.52378752553,83147.08126575382,149659.82487081096,0.2271339729089603,0.0067421270253632,0.3273126917247598,0.0,Monitor,False,常规跟踪销量与生命周期信号
UNKNOWN_SKU_55966,False,99297.59,77946.44280204189,38889.380324619175,105119.98670460636,-0.2150218066516833,,,,Data Review,False,补齐INN后再形成分子级商业建议
HYDROCORTISONUM+NATAMYCINUM+NEOMYCINUM,True,99101.98,82408.04872661627,43427.92620303543,109528.06245868235,-0.16845204579549,0.0006181663611986,0.2087331138750089,0.0,Market-led Growth,False,销量增长且同类份额变化不超过0.2个百分点
COCARBOXYLASUM,True,98953.31,77132.17275985217,38210.52711852515,104211.50181093058,-0.2205195282517364,-0.0397974386396386,0.243452767637503,0.0,At Risk,False,同类份额与预测销量同时下降，核查原因
UNKNOWN_SKU_108540,False,98943.91,117672.5095992212,78754.56129221307,144749.26626850583,0.1892850161189427,,,,Data Review,False,补齐INN后再形成分子级商业建议
OLANZAPINUM,True,98756.18,114645.48796464784,75801.38014398873,141670.87088561864,0.1608943153192827,0.0030853219777391,0.395758674090067,0.0,Monitor,False,常规跟踪销量与生命周期信号
NEFOPAMUM,True,98728.95,114489.79748205708,75656.40013091953,141507.72870555497,0.159637547872808,0.0003492617573911,0.0807958935145561,0.0,Market-led Growth,False,销量增长且同类份额变化不超过0.2个百分点
MECOBALAMINUM,True,98680.78,92447.78142178146,53633.33094236091,119452.53055687436,-0.0631632479822165,0.0043905441355361,0.3454106731129662,0.0,Monitor,False,常规跟踪销量与生命周期信号
CODEINUM*+COFFEINUM*+PARACETAMOLUM,True,98492.30000000002,56999.36903828018,18259.05404528729,83952.53918183103,-0.4212809626917011,-0.0010879533781357,0.094932353394203,0.0,At Risk,False,同类份额与预测销量同时下降，核查原因
VILDAGLIPTINUM,True,98489.88,112171.53581560156,73432.17268952906,139124.0437076693,0.1389143312551659,0.0512770710288829,0.4544537322241147,0.0,Emerging Opportunity,False,机会概率位于前20%，份额上升且规模尚未进入前25%，先验证增长驱动
UNKNOWN_SKU_372801,False,97561.62,84830.7735199176,46456.52609116759,111529.25597327133,-0.130490314532317,,,,Data Review,False,补齐INN后再形成分子级商业建议
TAMOXIFENUM,True,97204.12999999998,78600.85234086223,40367.217682926246,105201.50492533667,-0.191383613629768,0.0033231640623425,0.2719851231079609,0.0,Monitor,False,常规跟踪销量与生命周期信号
CLOPAMIDUM+DIHYDROERGOCRYSTIN+RESERPINUM,True,97143.2,88488.9077888893,50279.23893734145,115072.88641350246,-0.0890879877450063,,,,Monitor,False,跨多个ATC3或不足3个同类INN，竞争份额不适用
DOXOFYLLINUM,True,97101.04,67568.3177675856,29375.2318537913,94140.75898619596,-0.3041442422492529,0.0346052423190215,0.3052908931108271,0.0,Monitor,False,常规跟踪销量与生命周期信号
UNKNOWN_SKU_22623,False,97072.95,56306.17849510951,18124.141317593618,82870.9326706786,-0.4199601588793838,,,,Data Review,False,补齐INN后再形成分子级商业建议
EUCALYPTUS VIMINALIS*&+PINUS SILVESTRIS*&,True,96888.86,75393.92506958017,37284.29664469835,101908.30161063644,-0.2218514587788506,-0.0063192574846383,0.3771793482767129,0.0,At Risk,False,同类份额与预测销量同时下降，核查原因
CARBOMERUM,True,95944.97,86205.85100851468,48467.486082594056,112461.92484198068,-0.1015073431310189,-0.0023188119706012,0.1471498148786504,0.0,At Risk,False,同类份额与预测销量同时下降，核查原因
BRIMONIDINUM+BRINZOLAMIDUM,True,94355.61,89667.21671535634,52554.00022273722,115488.35004586568,-0.049688548297697,-0.0177143093802287,0.3115136432756396,0.0,At Risk,False,同类份额与预测销量同时下降，核查原因
VERATRUM LOBELIANA/ALBA*&,True,94298.88,75739.92069590322,38649.01800923191,101545.52942862936,-0.1968099653367757,-0.0088323081976341,0.7003806601742536,0.0,At Risk,False,同类份额与预测销量同时下降，核查原因
ACIDUM OROTICUM,True,94228.11,83916.7332133347,46853.66673408319,109702.9751950452,-0.1094299438529045,,,,Monitor,False,跨多个ATC3或不足3个同类INN，竞争份额不适用
ALTHAEA OFFICINALIS*&+ORIGANUM VULGARE*&+TUSSILAGO FARFARA*&,True,93890.04,78512.77216135786,41582.679917550966,104206.498705512,-0.1637795429487744,-0.001220087073841,0.0888485524980967,0.0,At Risk,False,同类份额与预测销量同时下降，核查原因
SULFOCAMPHOCAINUM*,True,93171.38,63150.10226382089,26502.68302869451,88647.16201010998,-0.3222156603903378,0.0012968198598586,0.063546860830731,0.0,Monitor,False,常规跟踪销量与生命周期信号
AVISAN*+EQUISETUM ARVENSE*&+HYPERICUM PERFORATUM*&+POLYGONUM AVICULARE*&,True,93141.44,79509.53013660481,42873.88730461747,104998.396573223,-0.1463570872792516,0.0324286912832498,0.3872406944142626,0.0,Monitor,False,常规跟踪销量与生命周期信号
NABUMETONUM,True,92909.0,78307.87525803325,41763.65885041584,103733.13271335883,-0.1571551167482886,0.0001508856305593,0.1401766172717209,0.0,Market-led Growth,False,销量增长且同类份额变化不超过0.2个百分点
ALNUS INCANA/GLUTINOSA*&,True,92895.43,74720.13951461266,38181.26064175132,100141.68343579552,-0.1956532251951181,,,,Monitor,False,跨多个ATC3或不足3个同类INN，竞争份额不适用
ALANINUM,True,92501.34,85587.39495752905,49203.524859319004,110901.09314029508,-0.0747442690286537,-0.0041471500286016,0.6276029113056111,0.0,At Risk,False,同类份额与预测销量同时下降，核查原因
HYDROCHLOROTHIAZIDUM+IRBESARTANUM,True,92422.31,92976.8432917192,56624.05833512833,118268.91431138269,0.0059999938512596,0.0015170616980606,0.1855691501912028,0.0,Market-led Growth,False,销量增长且同类份额变化不超过0.2个百分点
PIMECROLIMUSUM,True,92292.59,98366.84972619188,62065.08798320135,123623.42187710092,0.0658152482901592,0.2178054424622579,0.3141554996989102,0.0,Monitor,False,常规跟踪销量与生命周期信号
ERYTHROMYCINUM,True,91870.44,88773.19677355034,52637.48074148638,113914.24435273044,-0.0337131641739133,-0.0014223411333941,0.4320616561711521,0.0,At Risk,False,同类份额与预测销量同时下降，核查原因
CHONDROITINI SULFAS*+GLUCOSAMINUM+IBUPROFENUM,True,91672.83,118470.46508368602,82412.47567234028,143557.43517709244,0.2923181828649341,,,,Monitor,False,跨多个ATC3或不足3个同类INN，竞争份额不适用
BROMFENACUM,True,91193.88,87606.90422162863,51737.30186049792,112562.80598948825,-0.0393335142486686,0.0367251678007641,0.3363106764307331,0.0,Monitor,False,常规跟踪销量与生命周期信号
UNKNOWN_SKU_11376,False,90870.79,85158.7564257601,49416.23616517011,110026.2421474752,-0.0628588523797351,,,,Data Review,False,补齐INN后再形成分子级商业建议
UNKNOWN_SKU_51054,False,90783.92,85097.70400292335,49389.35261810781,109941.4170856568,-0.0626346163183597,,,,Data Review,False,补齐INN后再形成分子级商业建议
MORPHINUM*,True,90313.66000000002,88849.22001027959,53325.83760810133,113564.24285233732,-0.0162150442105926,-0.0171229440852346,0.5839504205147796,0.0,At Risk,False,同类份额与预测销量同时下降，核查原因
UNKNOWN_SKU_40701,False,90230.01,34357.56859746024,0.0,59049.69997812953,-0.6192223784807268,,,,Data Review,False,补齐INN后再形成分子级商业建议
CAMPHORA*+EUCALYPTUS VIMINALIS*&+MENTHOLUM*+METHYL SALICYLAT*+PINUS SILVESTRIS*&+THYMOL,True,90063.93000000001,68594.86943875073,33169.71419608849,93241.55175896108,-0.2383757910769525,,,,Monitor,False,跨多个ATC3或不足3个同类INN，竞争份额不适用
FRANGULA ALNUS*&,True,90018.2,80600.61462733005,45193.44652279567,105234.7825837712,-0.1046186812519017,-0.0011355924219179,0.0705872766781075,0.0,At Risk,False,同类份额与预测销量同时下降，核查原因
ARIPIPRAZOLUM,True,89721.64,104020.48643816424,68729.96529805573,128573.49848558742,0.1593689820890953,0.0209560926458771,0.5324647195297317,0.0,Emerging Opportunity,False,机会概率位于前20%，份额上升且规模尚未进入前25%，先验证增长驱动
ACHILLEA MILLEFOLIUM*&,True,89325.4,73478.32356975166,38343.65687118653,97922.90151483708,-0.1774084015324681,0.0217980421896855,0.242851290481396,0.0,Monitor,False,常规跟踪销量与生命周期信号
OTILONII BROMIDUM,True,89239.84,86872.02531447909,51771.01222488441,111293.18911208818,-0.0265331570016362,0.0008213316005531,0.0675836742006234,0.0,Market-led Growth,False,销量增长且同类份额变化不超过0.2个百分点
UNKNOWN_SKU_50212,False,89016.78,101624.58648976342,66611.31035688857,125984.70821472094,0.1416340434889176,,,,Data Review,False,补齐INN后再形成分子级商业建议
UNKNOWN_SKU_11375,False,88621.29999999999,73825.87645556255,38968.15583081808,98077.77205798692,-0.1669511002934671,,,,Data Review,False,补齐INN后再形成分子级商业建议
AMANTADINUM,True,88194.96,79788.0131737193,45097.98632700735,103923.23757891302,-0.0953223044296488,-0.0218696152036807,0.2598404645937063,0.0,At Risk,False,同类份额与预测销量同时下降，核查原因
UNKNOWN_SKU_136404,False,87140.63,72239.8529994768,37964.529396638354,96086.55194757946,-0.1709968931888971,,,,Data Review,False,补齐INN后再形成分子级商业建议
FLECAINIDUM,True,87016.71999999999,96701.77724992076,62475.19159340688,120514.56728014366,0.1113011068438432,0.0988450023640103,0.6248192045226516,0.0,Emerging Opportunity,False,机会概率位于前20%，份额上升且规模尚未进入前25%，先验证增长驱动
STREPTOMYCINUM,True,86453.93000000001,95061.48413022874,61056.26259938666,118720.26237856524,0.0995623233117191,0.0408356173351686,0.6633781428536415,0.0,Emerging Opportunity,False,机会概率位于前20%，份额上升且规模尚未进入前25%，先验证增长驱动
ADAPALENUM+BENZOYLI PEROXIDUM*,True,86369.05000000002,110956.79364115496,76984.95825254536,134592.34382920875,0.2846823444411503,0.0768201669846785,0.3214885141116387,0.0,Monitor,True,常规跟踪销量与生命周期信号
MINOXIDILUM,True,85662.27,97631.80733519598,63937.97215402136,121073.94177811986,0.1397293970285398,0.062761120589751,0.4886553248843274,0.0,Emerging Opportunity,False,机会概率位于前20%，份额上升且规模尚未进入前25%，先验证增长驱动
CALCII CHLORIDUM*,True,85327.19999999998,67765.3902083321,34203.34926228757,91115.83018661254,-0.2058172516110675,-0.0005300349208922,0.0548897501769713,0.0,At Risk,False,同类份额与预测销量同时下降，核查原因
VITAMIN C+DEQUALINII CHLORIDUM,True,85037.04999999999,69535.36694226325,36087.45169330587,92806.40515698298,-0.1822932834304192,0.0012573125996537,0.0712981103032275,0.0,Market-led Growth,False,销量增长且同类份额变化不超过0.2个百分点
OLOPATADINUM,True,84856.34000000001,77986.3304515419,44609.49448819754,101207.91599456404,-0.0809604744731874,0.0761850037689803,0.3250568206790124,0.0,Monitor,False,常规跟踪销量与生命周期信号
FINASTERIDUM,True,84409.38,75128.68960869743,41927.65795888081,98227.9611340008,-0.1099485672244313,-0.0075249757129657,0.1913245065711694,0.0,At Risk,False,同类份额与预测销量同时下降，核查原因
ACETAZOLAMIDUM,True,84057.9,77107.12926441006,44044.34645144401,100110.21560323636,-0.082690273437594,-0.0064252284610343,0.2342096465173145,0.0,At Risk,False,同类份额与预测销量同时下降，核查原因
FENTICONAZOLUM,True,84013.71,72296.54569188619,39251.14428355319,95287.53909970526,-0.1394672882332397,,,,Monitor,False,跨多个ATC3或不足3个同类INN，竞争份额不适用
CYPROTERONUM+ETHINYLESTRADIOLUM,True,83919.03000000001,76034.82081257485,43026.66021416848,98999.90431526236,-0.0939501944603644,,,,Monitor,False,跨多个ATC3或不足3个同类INN，竞争份额不适用
METHYLURACILUM*+MYRAMISTINUM*,True,83902.62,237427.4243498584,204425.71835317247,260388.01713071225,1.8297975003624245,-0.0291638306369611,0.2928937720725203,0.0,Monitor,False,常规跟踪销量与生命周期信号
COPPER GLUCONATE*+FERRI GLUCONAS*+MANGANESE GLUCONATE*,True,83529.92,73814.98536447661,40959.87474019943,96673.58594378272,-0.1163048478380368,-0.0297009458329428,0.281900888398928,0.0,At Risk,False,同类份额与预测销量同时下降，核查原因
TOPIRAMATUM,True,83240.31,81390.7981700716,48649.60084282496,104170.14476094132,-0.0222189445225323,-0.0050341245118724,0.2882651853114402,0.0,At Risk,False,同类份额与预测销量同时下降，核查原因
DUTASTERIDUM+TAMSULOSINUM,True,83155.44,112401.20356373885,79693.3884453903,135157.32483090222,0.3516999436686143,0.0103876888557463,0.4444405773344321,0.0,Emerging Opportunity,False,机会概率位于前20%，份额上升且规模尚未进入前25%，先验证增长驱动
UNKNOWN_SKU_147328,False,83062.16,72355.95428842666,39684.829313191294,95086.54877115112,-0.1288938995996895,,,,Data Review,False,补齐INN后再形成分子级商业建议
APIXABANUM,True,82758.52,102082.77529494982,69531.08208488263,124730.27637258184,0.2335017022410479,0.0298270106043698,0.4005181282044996,0.0,Monitor,False,常规跟踪销量与生命周期信号
RIFAMPICINUM,True,82225.02,82093.66183154963,49751.81201075004,104595.16655950168,-0.0015975449863115,-0.0769587714457702,0.2434978035249297,0.0,At Risk,False,同类份额与预测销量同时下降，核查原因
HALOPERIDOLUM,True,82182.56999999999,72174.10474895521,39848.95193260626,94663.99271018952,-0.1217833082008116,-0.0080909482607189,0.3435867771913107,0.0,At Risk,False,同类份额与预测销量同时下降，核查原因
UNKNOWN_SKU_198865,False,82150.81,55461.63053665178,23148.969990299327,77942.82713131468,-0.3248802959258493,,,,Data Review,False,补齐INN后再形成分子级商业建议
FERROUS FUMARATE*,True,81784.28,77838.30824051006,45669.816199252746,100219.20110124943,-0.0482485357759454,0.0161514663610463,0.4135479184869902,0.0,Emerging Opportunity,False,机会概率位于前20%，份额上升且规模尚未进入前25%，先验证增长驱动
UNKNOWN_SKU_329991,False,81661.67,57392.31172487383,25272.046296471435,79739.6514226624,-0.2971939990343838,,,,Data Review,False,补齐INN后再形成分子级商业建议
TYROTHRICINUM,True,81375.25,77103.31474235187,45095.70787731222,99372.27341956813,-0.052496738967292,-0.0144126378157403,0.4312095565261167,0.0,At Risk,False,同类份额与预测销量同时下降，核查原因
LEVOMENTHOLUM+METHYL SALICYLAT*,True,81237.91,73410.82916290557,41457.2427122652,95642.2037001686,-0.0963476391390968,0.0230932245932559,0.2489897042783458,0.0,Monitor,False,常规跟踪销量与生命周期信号
DUTASTERIDUM,True,81174.53,89911.54056385969,57982.883586531,112125.5706800492,0.1076324133180652,0.0131055135643488,0.399968816436243,0.0,Monitor,False,常规跟踪销量与生命周期信号
ARCTOSTAPHYLOS UVA-URSI*&,True,80997.1,65044.61280538836,33185.74497999547,87210.08784693172,-0.1969513376974193,,,,Monitor,False,跨多个ATC3或不足3个同类INN，竞争份额不适用
FERRI SACCHARAS*,True,80444.4,90578.32260428937,58936.85017017707,112592.5470695101,0.1259742456192023,-0.0125166991993532,0.3385023219043878,0.0,Monitor,False,常规跟踪销量与生命周期信号
CEFDINIRUM,True,80325.8,44025.83300471156,12431.009916367111,66007.60167410842,-0.4519091872759243,0.0041905734696016,0.1849037670382464,0.0,Monitor,False,常规跟踪销量与生命周期信号
UNKNOWN_SKU_87833,False,80117.4,43818.80798840708,12305.955588578789,65743.54640612013,-0.4530675235540958,,,,Data Review,False,补齐INN后再形成分子级商业建议
ETODOLACUM,True,79386.78,75417.14782900694,44191.67270577977,97141.9465035088,-0.0500036929447581,0.0017697878951522,0.0430845134384516,0.0,Market-led Growth,False,销量增长且同类份额变化不超过0.2个百分点
OLEUM JECORIS*,True,79381.57999999999,54327.11063618709,23103.680846838448,76050.48629097323,-0.3156206939168117,-0.0173385088608817,0.2267883648666293,0.0,At Risk,False,同类份额与预测销量同时下降，核查原因
SOPHORA JAPONICA*&,True,79229.43,83431.65898892387,52268.07488219391,105113.39763414336,0.053038738116933,0.0007184057653997,0.0507484966440042,0.0,Market-led Growth,False,销量增长且同类份额变化不超过0.2个百分点
CHLORMADINONUM + ETHINYLESTRADIOLUM,True,78970.79,63883.1980239772,32821.34567769741,85494.15785779794,-0.191052818086571,-0.004632438446318,0.3515105016644458,0.0,At Risk,False,同类份额与预测销量同时下降，核查原因
DIACEREINUM,True,78940.86,68164.07155555763,37113.991679082494,89766.84081628388,-0.1365172414443213,-0.001766146596621,0.0976866315320711,0.0,At Risk,False,同类份额与预测销量同时下降，核查原因
UNKNOWN_SKU_437040,False,78673.56,84603.3846851051,53658.442836654765,106133.00525929066,0.075372522676044,,,,Data Review,False,补齐INN后再形成分子级商业建议
INSULINUM DEGLUDECUM,True,78654.68999999999,84397.84111954384,53460.32147307191,105922.29777410717,0.0730172748699899,0.0011693713265992,0.4051081574817797,0.0,Market-led Growth,False,销量增长且同类份额变化不超过0.2个百分点
NATRII THIOSULFAS*,True,78228.06999999999,66970.43571028538,36200.71997520867,88378.1445434795,-0.1439078618418505,-0.0086601398843332,0.244920079419305,0.0,At Risk,False,同类份额与预测销量同时下降，核查原因
VINCAMINUM,True,77872.17000000001,62371.793854410185,31742.06548998077,83682.10793436888,-0.1990489817554824,0.0328869324049798,0.6103204784982109,0.0,Emerging Opportunity,False,机会概率位于前20%，份额上升且规模尚未进入前25%，先验证增长驱动
ROSUVASTATINUM+VALSARTANUM,True,77830.59,81334.30594940478,50720.93238933478,102633.24134479048,0.0450172091642215,-0.0476004280327727,0.4759109605630278,0.0,Monitor,False,常规跟踪销量与生命周期信号
CYCLOBENZAPRINUM,True,77815.9,112592.34433981644,81984.74884795328,133887.25970450524,0.4469066648309208,-0.0483099013552024,0.2731917586784654,0.0,Monitor,False,常规跟踪销量与生命周期信号
NEOSTIGMINI BROMIDUM,True,77767.85,66290.54450441676,35701.848684258,87572.31061961704,-0.147584194440032,-0.0276900443459482,0.5050464581199996,0.0,At Risk,False,同类份额与预测销量同时下降，核查原因
NEOMYCINUM+NYSTATINUM+ORNIDAZOLUM+PREDNISOLONUM,True,77149.81,69460.12559295044,39114.52557092281,90572.7603417848,-0.0996721107550304,0.0310152308380497,0.3807648076358647,0.0,Monitor,False,常规跟踪销量与生命周期信号
IPRATROPII BROMIDUM+XYLOMETAZOLINUM,True,77041.01000000001,137776.97600218616,107474.1706582322,158859.8368000455,0.7883589013459993,-0.0158889150951831,0.2957073609875236,0.0,Monitor,False,常规跟踪销量与生命周期信号
SELENIUM*,True,76678.84000000001,57065.19366652768,26904.84189387842,78048.94387776361,-0.2557895546342684,0.0020233621470957,0.1575100159344582,0.0,Monitor,False,常规跟踪销量与生命周期信号
IRBESARTANUM,True,76634.40000000001,75951.90583253774,45809.033797881086,96923.49469835704,-0.0089058460360134,0.0002315747081146,0.1097521997700285,0.0,Market-led Growth,False,销量增长且同类份额变化不超过0.2个百分点
CAMILOPHINUM+COFFEINUM*+ERGOTAMINUM+MECLOXAMINUM+PROPYPHENAZONUM,True,75754.02999999998,82191.95157577077,52395.35850008229,102922.62046714252,0.0849845424166977,-0.0018369521561976,0.2262967989105714,0.0,Market-led Growth,False,销量增长且同类份额变化不超过0.2个百分点
UNKNOWN_SKU_437167,False,75366.45000000001,66064.01965607604,36419.87475435632,86688.624320252,-0.1234293288847222,,,,Data Review,False,补齐INN后再形成分子级商业建议
UNKNOWN_SKU_46424,False,75274.59,96095.0826467456,66487.06935465685,116694.5491203281,0.2765939030255175,,,,Data Review,False,补齐INN后再形成分子级商业建议
OXYTOCINUM,True,74997.43,54739.11087199798,25240.11387563447,75262.7303947327,-0.2701201778247869,-0.0109048510419658,0.2301758620654274,0.0,At Risk,False,同类份额与预测销量同时下降，核查原因
BECLOMETASONUM,True,74877.55,64269.10761467591,34817.26343088109,84759.92105981056,-0.1416772101293925,,,,Monitor,False,跨多个ATC3或不足3个同类INN，竞争份额不适用
SULFASALAZINUM,True,74657.94,66464.42772895252,37098.96350151583,86895.14322028545,-0.1097473660677951,-0.0387224003859093,0.4552284370953703,0.0,At Risk,False,同类份额与预测销量同时下降，核查原因
UNKNOWN_SKU_66229,False,74180.27,40501.9268322717,11324.346188249172,60801.924279834,-0.4540067482597232,,,,Data Review,False,补齐INN后再形成分子级商业建议
UNKNOWN_SKU_5683,False,73766.92000000001,13562.699451521255,0.0,33749.580514565816,-0.8161411720657274,,,,Data Review,False,补齐INN后再形成分子级商业建议
METFORMINUM+SITAGLIPTINUM,True,73131.26000000001,74071.75533844324,45306.78540440311,94084.68318754672,0.0128603737778241,-0.0351612694468623,0.3772806531992503,0.0,Monitor,False,常规跟踪销量与生命周期信号
ALLANTOINUM*+ALLIUM CEPA&+HEPARIN SODIUM,True,72667.67000000001,66966.9768980418,38384.3524126063,86853.0398029126,-0.0784488219033059,0.0407478071537136,0.512901514126943,0.0,Emerging Opportunity,False,机会概率位于前20%，份额上升且规模尚未进入前25%，先验证增长驱动
UNKNOWN_SKU_326585,False,72618.39,51821.80743574118,23258.566422139054,71694.38449222916,-0.2863817631354649,,,,Data Review,False,补齐INN后再形成分子级商业建议
KALII CHLORIDUM*+NATRII HYDROCARBONAS*+NATRII CHLORIDUM*,True,72509.09,69368.86675307948,40848.61708427014,89211.5330297736,-0.0433079941690141,-0.0028005953710104,0.1637085883610841,0.0,At Risk,False,同类份额与预测销量同时下降，核查原因
ETHINYLESTRADIOLUM+LEVONORGESTRELUM,True,72347.04000000001,74485.08117399366,46028.57118884096,94283.40123050852,0.0295525729040697,-0.003467496109383,0.1939859489524891,0.0,Monitor,False,常规跟踪销量与生命周期信号
INSULINUM GLARGINUM+LIXISENATIDUM,True,72083.28,93974.41646511375,65621.6521076147,113700.55658312516,0.3036922912652386,0.037837647410236,0.4688360539507675,0.0,Emerging Opportunity,False,机会概率位于前20%，份额上升且规模尚未进入前25%，先验证增长驱动
COLCHICINUM*,True,71918.12,87738.42006458469,59450.618657735,107419.36288716378,0.2199765520092111,0.0219896484242042,0.4670596771028792,0.0,Emerging Opportunity,False,机会概率位于前20%，份额上升且规模尚未进入前25%，先验证增长驱动
UNKNOWN_SKU_99821,False,71697.63,52398.88228561629,24197.80696855032,72019.48633567254,-0.2691685584918737,,,,Data Review,False,补齐INN后再形成分子级商业建议
UNKNOWN_SKU_586545,False,71652.1,81767.84339362178,53584.67654799602,101375.98781143635,0.1411786031898823,,,,Data Review,True,补齐INN后再形成分子级商业建议
MAGNESIUM GLUCONATE*+POTASSIUM GLUCONATE*,True,70923.76,64866.83864224821,36970.15227298454,84275.66725626541,-0.0854004547665236,,,,Monitor,False,跨多个ATC3或不足3个同类INN，竞争份额不适用
SCOPOLAMINUM*,True,70406.95999999999,2932.884955451791,0.0,22200.28730233757,-0.9583438206187032,,,,Monitor,False,跨多个ATC3或不足3个同类INN，竞争份额不适用
BACLOFENUM,True,69430.86,64722.06213498202,37412.58325557328,83722.34726176917,-0.067819955924757,-0.0001632184173137,0.2799085322402426,0.0,At Risk,False,同类份额与预测销量同时下降，核查原因
PLANTAGO MAJOR/PSYLLUM/LANCEOLATA*&+THYMUS SERPYLLUM*&,True,68939.24,44434.1278762632,17318.01958173119,63299.87743523467,-0.3554595629968767,0.0028038787001775,0.0820238345627875,0.0,Monitor,False,常规跟踪销量与生命周期信号
ALFA-BROMISOVALERIC ACID ETHYL ETHER*+PASSIFLORA INCARNATA*,True,68105.56,55438.52640415523,28650.3323303629,74076.13306378051,-0.1859911818630486,-0.0011106555776534,0.0449582026458002,0.0,At Risk,False,同类份额与预测销量同时下降，核查原因
AMISULPRIDUM,True,68098.29,69831.27035146115,43045.93581176437,88466.88752006079,0.0254482212616669,0.0160443676931771,0.5053976645124004,0.0,Emerging Opportunity,False,机会概率位于前20%，份额上升且规模尚未进入前25%，先验证增长驱动
ACIDUM FOLICUM+FERRI (III) HYDROXYDI POLYMALTOSUM COMPLEXUS*,True,67826.0,70041.65695958909,43363.423181773614,88602.75989003624,0.0326667791051968,0.0157806026241326,0.4288039951452347,0.0,Emerging Opportunity,False,机会概率位于前20%，份额上升且规模尚未进入前25%，先验证增长驱动
UNKNOWN_SKU_6215,False,67789.16999999998,2705.177196155373,0.0,21256.2013158083,-0.9600942570007072,,,,Data Review,False,补齐INN后再形成分子级商业建议
ANISUM VULG.*&+CAPSICUM ANNUUM*&+MENTHOLUM*,True,67658.25,89908.58666108495,63296.33456752372,108423.7835228183,0.3288636147267325,0.0028261080135163,0.2018019219432019,0.0,Monitor,False,常规跟踪销量与生命周期信号
EQUISETUM ARVENSE*&,True,67416.54,47232.88484422128,20715.70537600189,65681.9359183611,-0.2993872891693747,0.0221821063491618,0.4226149787972589,0.0,Emerging Opportunity,False,机会概率位于前20%，份额上升且规模尚未进入前25%，先验证增长驱动
UNKNOWN_SKU_129396,False,67350.72,66995.26897162221,40503.97871030365,85426.30790005268,-0.005277612895271,,,,Data Review,False,补齐INN后再形成分子级商业建议
EZETIMIBUM+ROSUVASTATINUM,True,67274.98,94430.8354258115,67969.33623910049,112841.14752476724,0.4036546042200459,-0.0516403251181597,0.3312792150566933,0.0,Monitor,False,常规跟踪销量与生命周期信号
UNKNOWN_SKU_3595,False,67169.1,49723.70523923349,23303.852196956697,68105.04246751612,-0.2597235151396477,,,,Data Review,False,补齐INN后再形成分子级商业建议
LIRAGLUTIDUM,True,66633.81,23692.25379574405,0.0,41927.10482717534,-0.6444409557888997,0.0015064957865068,0.1380852574814096,0.0,Market-led Growth,False,销量增长且同类份额变化不超过0.2个百分点
ACHILLEA MILLEFOLIUM*&+CALENDULA OFFICINALIS*&+POTENTILLA ALBA/ERECTA*+PROPOLIS*+SOPHORA JAPONICA*&,True,66555.99,55934.54009816588,29755.843720169996,74148.09509223617,-0.1595866863648805,0.001037309904156,0.0655910793930925,0.0,Market-led Growth,False,销量增长且同类份额变化不超过0.2个百分点
BIMATOPROST,True,66412.05,73503.53704172018,47381.45707881553,91677.70175542882,0.1067801256205789,0.0179864112697356,0.4553650656456281,0.0,Emerging Opportunity,False,机会概率位于前20%，份额上升且规模尚未进入前25%，先验证增长驱动
ACIDUM SALICYLICUM*+MOMETASONUM,True,66410.06,61998.01175633631,35876.71452697364,80171.63189134604,-0.0664364441722186,0.0148548749872937,0.3855257834563271,0.0,Monitor,False,常规跟踪销量与生命周期信号
ALBUMINUM HUMANUM*,True,66395.03,64767.85131157655,38652.465883789686,82937.3583722926,-0.0245075375133265,0.0495523575049652,0.4162274179134008,0.0,Emerging Opportunity,False,机会概率位于前20%，份额上升且规模尚未进入前25%，先验证增长驱动
BETULA PUBESCENS EHRH.*&,True,66107.46999999999,38998.908799171295,12996.630334866706,57089.7228696081,-0.4100680482981529,0.046113808170626,0.5091704601130846,0.0,Emerging Opportunity,False,机会概率位于前20%，份额上升且规模尚未进入前25%，先验证增长驱动
UNKNOWN_SKU_66230,False,66083.15,68601.1716553692,42608.45906028108,86685.33037205864,0.038103838200346,,,,Data Review,False,补齐INN后再形成分子级商业建议
ORTHOSIPHON STAMINEUS*&,True,65978.84,50150.98241815713,24199.29843400529,68206.59590666453,-0.2398929350962045,-0.0560076558442372,0.371290595136741,0.0,At Risk,False,同类份额与预测销量同时下降，核查原因
ACORUS+URTICA+CALENDULA+MATRICARIA+SOPHORA+CHELIDONIUM+ROSA L.*&,True,65930.49,57064.59999971128,31131.93368729531,75106.98214143889,-0.1344732914966766,0.0001084604694622,0.3454815930989681,0.0,Market-led Growth,False,销量增长且同类份额变化不超过0.2个百分点
UNKNOWN_SKU_2440,False,65652.49,95315.85374674808,69492.5341301454,113282.15906521228,0.4518238949771451,,,,Data Review,False,补齐INN后再形成分子级商业建议
UNKNOWN_SKU_156478,False,65473.03,53749.7761295515,27997.04413176413,71666.97084836513,-0.1790547019199889,,,,Data Review,False,补齐INN后再形成分子级商业建议
UNKNOWN_SKU_46423,False,65466.03999999999,22644.33900358061,0.0,40559.62085550716,-0.654105563684918,,,,Data Review,False,补齐INN后再形成分子级商业建议
QUIFENADINUM,True,65463.95,59552.90554425607,33803.745014087355,77467.61545171996,-0.0902946500439391,-0.0017262476979881,0.053073142527632,0.0,At Risk,False,同类份额与预测销量同时下降，核查原因
UNKNOWN_SKU_748035,False,65353.01,145418.17164271875,0.0,227811.251505638,1.225118194903628,,,,Data Review,True,补齐INN后再形成分子级商业建议
LIDOCAINUM+TOLPERISONUM,True,65230.72000000001,63140.03340408744,37482.610031704826,80990.91814072497,-0.032050644173674,0.0283981139842908,0.4826890607808007,0.0,Emerging Opportunity,False,机会概率位于前20%，份额上升且规模尚未进入前25%，先验证增长驱动
BENZOBARBITALUM,True,65146.100000000006,63899.67065851793,38275.53116167387,81727.39848585852,-0.0191328313050525,-0.0009945772110198,0.1732239743073968,0.0,At Risk,False,同类份额与预测销量同时下降，核查原因
ENALAPRILUM+LERCANIDIPINUM,True,65092.8,76394.13496535236,50790.96014076316,94207.27684060684,0.1736188175244015,0.0061148510870518,0.3946828192544553,0.0,Monitor,False,常规跟踪销量与生命周期信号
DIOXYDINUM*,True,65037.37,54732.095388458605,29150.72303634757,72530.06842085879,-0.1584515888563973,0.001726578298935,0.2206093636206282,0.0,Market-led Growth,False,销量增长且同类份额变化不超过0.2个百分点
AZILSARTANUM MEDOXOMILUM,True,64721.89000000001,62474.084053234095,37016.80053419924,80185.7235741122,-0.0347302272348027,-0.0017867294262121,0.0669447351426256,0.0,At Risk,False,同类份额与预测销量同时下降，核查原因
NIFURATELUM,True,64681.11,63480.15372588924,38038.910344463264,81180.63348830445,-0.018567341749558,0.0090863207144405,0.3410568121470479,0.0,Monitor,False,常规跟踪销量与生命周期信号
UNKNOWN_SKU_122182,False,64421.93,68871.60530115945,43532.30608024027,86501.15847705159,0.0690708164309801,,,,Data Review,False,补齐INN后再形成分子级商业建议
UNKNOWN_SKU_374962,False,64307.69000000001,55161.41944359804,29867.054634656237,72759.7099709664,-0.1422267003588835,,,,Data Review,False,补齐INN后再形成分子级商业建议
FENPIVERINII BROMIDUM+KETOROLACUM+PITOFENONUM,True,64123.06,173024.28500689045,147802.54135063934,190572.0501246217,1.698316097311801,0.0040742886411259,0.2209820181939936,0.0,Monitor,True,常规跟踪销量与生命周期信号
COFFEINUM*+METAMIZOLUM NATRICUM,True,64070.59,57479.19804346712,32278.092592717167,75012.60434495147,-0.102877029172556,-0.0003602487136871,0.0432032140309599,0.0,At Risk,False,同类份额与预测销量同时下降，核查原因
UNKNOWN_SKU_87747,False,63847.01,44993.48356696117,19880.319606318903,62465.70549382237,-0.2952922373818104,,,,Data Review,False,补齐INN后再形成分子级商业建议
DEXPANTHENOLUM+HYALURONIC ACID*,True,63704.42999999999,57234.46020770873,32177.37772868179,74667.66402859549,-0.101562321369036,0.0021283980171454,0.1014112811796743,0.0,Monitor,False,常规跟踪销量与生命周期信号
TADALAFILUM,True,63491.38999999999,85023.83801130884,60050.5512879512,102398.74180907317,0.3391396536019899,0.0012694810614174,0.3824046923990911,0.0,Market-led Growth,False,销量增长且同类份额变化不超过0.2个百分点
DIMETHYLIS SULFOXIDUM+INDOMETACINUM+MENTHA PIPERITA,True,63433.16,40158.6773452765,15208.294428023912,57517.64605880114,-0.3669134984718325,0.006421502428275,0.0592918478384569,0.0,Monitor,False,常规跟踪销量与生命周期信号
AMLODIPINUM+TELMISARTANUM,True,63392.58000000001,116260.09776732438,91325.67632099302,133607.96145391365,0.8339701234328112,0.024773956867776,0.3403450919841132,0.0,Monitor,True,常规跟踪销量与生命周期信号
CYCLOPENTOLATUM,True,63361.74999999999,61752.88715390884,36830.5921774765,79092.31397552975,-0.0253917047128773,0.0042627218999423,0.4419204039031095,0.0,Emerging Opportunity,False,机会概率位于前20%，份额上升且规模尚未进入前25%，先验证增长驱动
ACIDUM ACETYLSALICYLICUM*+ATORVASTATINUM+RAMIPRILUM,True,63299.93000000001,59436.01293050029,34538.03382721607,76758.52223696241,-0.0610414114122987,-0.0644791847931168,0.4714955136269921,0.0,At Risk,False,同类份额与预测销量同时下降，核查原因
UNKNOWN_SKU_11918,False,63160.7,48036.04322704095,23192.827938354163,65320.4511806147,-0.2394630960860004,,,,Data Review,False,补齐INN后再形成分子级商业建议
ACORUS CALAMUS*&,True,63151.81999999999,51806.63025131842,26966.907763562653,69088.60812506994,-0.1796494503037533,-0.0206435197855611,0.3151615582121529,0.0,At Risk,False,同类份额与预测销量同时下降，核查原因
CHELIDONIUM MAJUS*&,True,63129.990000000005,51243.83768160359,26412.701662803225,68519.84160912546,-0.1882805987835007,0.0001830595334925,0.1108328308032712,0.0,Market-led Growth,False,销量增长且同类份额变化不超过0.2个百分点
ALTHAEA OFFICINALIS*&+THYMUS SERPYLLUM*&,True,62852.68,41478.90511850926,16756.844395449854,58679.0210465377,-0.3400614720245937,,,,Monitor,False,跨多个ATC3或不足3个同类INN，竞争份额不适用
UNKNOWN_SKU_171152,False,62525.0,51606.134674794725,27012.961452757267,68716.57846812188,-0.1746319924063218,,,,Data Review,False,补齐INN后再形成分子级商业建议
CHLORHEXIDINUM+LIDOCAINUM,True,62220.08,38570.05178314974,14096.813793081314,55597.051889608265,-0.3801028255966604,,,,Monitor,False,跨多个ATC3或不足3个同类INN，竞争份额不适用
LIDOCAINUM+MATRICARIA CHAMOMILLA*&+THYMOL,True,62169.44,62742.11048796244,38288.79090320331,79755.25257165097,0.0092114467809658,0.0001383451120135,0.2207387548420477,0.0,Market-led Growth,False,销量增长且同类份额变化不超过0.2个百分点
CHLORTALIDONUM,True,62135.32,69295.11144966037,44855.21240181185,86298.91633475268,0.1152290106441935,0.01510922140927,0.4275355866889093,0.0,Emerging Opportunity,False,机会概率位于前20%，份额上升且规模尚未进入前25%，先验证增长驱动
LEVOMENTHOLUM+OENOTHERA BIENNIS*&+THYMUS SERPYLLUM*&,True,62035.740000000005,41612.53309138558,17211.802187310757,58589.087148921884,-0.3292167854951746,-0.0022500046944703,0.0603737703339125,0.0,At Risk,False,同类份额与预测销量同时下降，核查原因
OPIPRAMOLUM,True,61792.26,162205.57895057712,0.0,240109.4828884412,1.6250145074897269,0.1093833497122078,0.3946001517031376,0.0,Monitor,True,常规跟踪销量与生命周期信号
EUCALYPTUS VIMINALIS*&+MATRICARIA CHAMOMILLA*&+MENTHA PIPERITA+SALVIA OFFICINALIS*&+SULFANILAMIDUM+SULFATHIAZOLUM+THYMOL,True,61706.01999999999,46122.68370823823,21851.64270539924,63009.00736949247,-0.2525415881912618,-0.0004385874223372,0.0687173192554418,0.0,At Risk,False,同类份额与预测销量同时下降，核查原因
IRON COMPLEX DEXTRAN*,True,61577.12,45722.09088837139,21501.75056571346,62573.14008013407,-0.2574824725746935,-0.0143342063860533,0.248577051081665,0.0,At Risk,False,同类份额与预测销量同时下降，核查原因
CUCURBITA PEPO/MAXIMA/MOSCHATA*&,True,61027.44,29684.49738491968,5680.364586559059,46385.122446425405,-0.5135877011239587,,,,Monitor,False,跨多个ATC3或不足3个同类INN，竞争份额不适用
CHLORPROTHIXENE,True,60818.21,60152.06411116327,36230.22846807248,76795.43178514595,-0.0109530663404386,-0.0102266419062267,0.385150837730231,0.0,At Risk,False,同类份额与预测销量同时下降，核查原因
CLIOQUINOLUM+FLUMETASONUM,True,60579.31,54966.67268931079,31138.80440460058,71544.66355366173,-0.0926494096860661,-0.005224541716669,0.207289688218477,0.0,At Risk,False,同类份额与预测销量同时下降，核查原因
TACROLIMUSUM,True,60434.21,53662.51747125221,29891.72186842153,70200.80061238183,-0.1120506502649374,,,,Monitor,False,跨多个ATC3或不足3个同类INN，竞争份额不适用
UNKNOWN_SKU_587159,False,60395.93999999999,65054.22782406087,41298.48509190924,81582.03808739808,0.0771291551064672,,,,Data Review,False,补齐INN后再形成分子级商业建议
METHYLDOPUM,True,60069.01999999999,60367.09956170058,36739.94539715789,76805.44567014113,0.0049622844138392,0.0009223636296406,0.1886485776076512,0.0,Market-led Growth,False,销量增长且同类份额变化不超过0.2个百分点
INDAPAMIDUM+PERINDOPRILUM+ROSUVASTATINUM,True,60065.58,82126.69023791133,58500.88914039596,98564.0949640784,0.3672837295154951,0.0524096877556084,0.4505131829769214,0.0,Emerging Opportunity,True,机会概率位于前20%，份额上升且规模尚未进入前25%，先验证增长驱动
POTENTILLA ALBA/ERECTA*,True,60002.54,44268.00910403038,20667.003746457707,60688.16245272074,-0.2622310804837532,0.0009543420376241,0.0943935391385428,0.0,Market-led Growth,False,销量增长且同类份额变化不超过0.2个百分点
UNKNOWN_SKU_428846,False,59890.10000000001,18121.997158345963,0.0,34511.380442260284,-0.6974124745434394,,,,Data Review,False,补齐INN后再形成分子级商业建议
GENTAMICINUM,True,59299.67999999999,53375.68246652842,30051.135449313068,69603.4928080284,-0.0998993170531707,,,,Monitor,False,跨多个ATC3或不足3个同类INN，竞争份额不适用
LANSOPRAZOLUM,True,59185.66,50712.3975252296,27432.69838663522,66909.00542288608,-0.1431641122996753,3.023833253072098e-05,0.0518611699126242,0.0,Market-led Growth,False,销量增长且同类份额变化不超过0.2个百分点
UNKNOWN_SKU_329981,False,58888.93,32288.254440147088,9125.269132663068,48403.65990698719,-0.4517092696344272,,,,Data Review,False,补齐INN后再形成分子级商业建议
ASCORBIC ACID+SODIUM ASCORBATUM+ZINCI OXYDUM*,True,58659.850000000006,52884.64065157635,29811.76016810999,68937.3566267863,-0.0984525079491961,-0.004644464861827,0.0674161422902738,0.0,At Risk,False,同类份额与预测销量同时下降，核查原因
BUPIVACAINUM,True,58586.41,49409.52137694985,26365.52730118324,65442.13993525165,-0.1566385211698439,0.0083374078561004,0.5178649958288791,0.0,Emerging Opportunity,False,机会概率位于前20%，份额上升且规模尚未进入前25%，先验证增长驱动
TRIFLUOPERAZINUM,True,58010.03,46956.7060808615,24139.421532191533,62831.59384998141,-0.1905415997740132,-0.0537383864466567,0.4145342673283024,0.0,At Risk,False,同类份额与预测销量同时下降，核查原因
DONEPEZILUM,True,57792.48000000001,68776.03391167588,46044.31905248139,84591.3874617276,0.1900516107229846,0.005997719628686,0.4238828153248531,0.0,Emerging Opportunity,False,机会概率位于前20%，份额上升且规模尚未进入前25%，先验证增长驱动
OXCARBAZEPINE,True,57695.64,59358.49596379469,36664.87151475329,75147.34850821753,0.0288211719948801,-0.0007919021462832,0.1624184484620093,0.0,Monitor,False,常规跟踪销量与生命周期信号
ALUMINII HYDROXYDUM*+CALCII CARBONAS*+DIHYDROXYALUMINUM AMINOACETATE+MAGNESII TRISILICAS*,True,57495.78999999999,54111.09845744768,31496.081696026027,69845.26052298854,-0.0588685109388411,0.0106179783621872,0.3828337178229116,0.0,Monitor,False,常规跟踪销量与生命周期信号
DEXPANTHENOLUM+LIDOCAINUM+PREDNISOLONUM,True,57276.73999999999,82392.96963626205,59864.11256447314,98067.18699627824,0.4385066195503107,-0.0046284881002173,0.2833876531643211,0.0,Monitor,False,常规跟踪销量与生命周期信号
MIRTAZAPINUM,True,57192.24,65888.76086334656,43393.14046708363,81539.85415298234,0.1520577068383151,0.0006401622832429,0.2886099952529008,0.0,Market-led Growth,False,销量增长且同类份额变化不超过0.2个百分点
AMBROXOLUM+SALBUTAMOLUM,True,57163.52,47272.367583259926,24788.04372334145,62915.601425542736,-0.1730325987052594,0.0001362725884579,0.09472061240235,0.0,Monitor,False,常规跟踪销量与生命周期信号
AERVA LANNATA*&,True,56998.47000000001,43082.75749959967,20663.35332365236,58680.8241487903,-0.2441418603060807,-0.0004996785300045,0.3253091433242018,0.0,At Risk,False,同类份额与预测销量同时下降，核查原因
DICLOFENACUM+LEVOMENTHOLUM,True,56701.37,44975.29159704183,22672.746785577,60492.05456209016,-0.2068041460542872,-0.0023363908594814,0.0519249431987431,0.0,At Risk,False,同类份额与预测销量同时下降，核查原因
ACIDUM SALICYLICUM*+CAPSICUM ANNUUM+RICINUS COMMUNIS,True,56626.82,71897.49007844638,49624.26827479768,87393.85186660878,0.2696720401824857,-0.0306427506922262,0.3872050495132687,0.0,Monitor,False,常规跟踪销量与生命周期信号
ACHILLEA MILLEFOLIUM+CORIANDRUM SATIVUM+HELICHRYSUM ARENARIUM+MENTHA PIPERITA,True,56597.56,40310.70237362778,18048.98950638014,55799.05693931288,-0.2877660737737143,-0.002301004633086,0.1251058659612058,0.0,At Risk,False,同类份额与预测销量同时下降，核查原因
PRIMULA*&+THYMUS SERPYLLUM*&,True,56352.27,42194.71120140971,20029.479093212587,57615.94028515855,-0.2512331588166776,0.00012827321008,0.0752253470017663,0.0,Market-led Growth,False,销量增长且同类份额变化不超过0.2个百分点
ISOXSUPRINUM,True,56124.290000000015,54879.03871347596,32803.478762514496,70237.87932899604,-0.022187386005668,0.003178943654459,0.1707323709537472,0.0,Monitor,False,常规跟踪销量与生命周期信号
CYANOCOBALAMINUM+NICOTINAMIDUM+PHOSPHOLIPIDES*+PYRIDOXINUM+RIBOFLAVINUM+THIAMINUM+TOCOPHEROLI ACETAS*,True,56023.45,35695.24705771354,13659.350850657887,51026.4920370542,-0.362851679828473,-0.0025056856978231,0.1051818215989361,0.0,At Risk,False,同类份额与预测销量同时下降，核查原因
ACIDUM ACETYLSALICYLICUM*+ROSUVASTATINUM,True,55833.780000000006,93206.33506488136,71245.0424110448,108485.67540009118,0.6693538403611816,0.0614041813271081,0.3264573612170183,0.0,Monitor,False,常规跟踪销量与生命周期信号
ACIDUM PIPEMIDICUM,True,55781.49,55431.04496560859,33490.31971725433,70696.07574294631,-0.0062824609810782,0.0039520899039492,0.105795644086361,0.0,Monitor,False,常规跟踪销量与生命周期信号
SULFADIMIDINUM,True,55725.34,46007.3031224746,24088.663546673997,61256.96802345894,-0.1743917018276677,-7.314502418249297e-05,0.1441604457627422,0.0,At Risk,False,同类份额与预测销量同时下降，核查原因
UNKNOWN_SKU_40096,False,55665.42999999999,54523.23130882674,32628.15633930734,69756.50138074017,-0.0205189952035447,,,,Data Review,False,补齐INN后再形成分子级商业建议
ORNITHINUM,True,54718.28,50942.16931141719,29419.640107867443,65916.24455184162,-0.0690100399461169,0.0032306836800861,0.085274736809192,0.0,Monitor,False,常规跟踪销量与生命周期信号
CYANOCOBALAMINUM+DICLOFENACUM+PYRIDOXINUM+THIAMINUM,True,54689.58999999999,43607.94025565132,22096.69578844288,58574.1642584519,-0.2026281371710535,0.0012661802345083,0.0412404901600923,0.0,Market-led Growth,False,销量增长且同类份额变化不超过0.2个百分点
NIMESULIDUM+TIZANIDINUM,True,54375.76,51995.4276360622,30607.62300175695,66875.76966244279,-0.0437756155304827,-0.0035350608646405,0.051548401609526,0.0,At Risk,False,同类份额与预测销量同时下降，核查原因
UNKNOWN_SKU_99820,False,54281.21,57192.82227288619,35842.2073151606,72047.2899696281,0.0536394135813513,,,,Data Review,False,补齐INN后再形成分子级商业建议
CAMPHORA*+PINUS SILVESTRIS*&+EUCALYPTUS VIMINALIS*&,True,54167.87000000001,50400.64629134036,29094.611745497798,65224.09763143236,-0.0695472003728344,0.0030303484422783,0.0664024557463916,0.0,Monitor,False,常规跟踪销量与生命周期信号
UNKNOWN_SKU_33761,False,54019.52,42712.55292667373,21464.869396384773,57495.40715622211,-0.2093126165009661,,,,Data Review,False,补齐INN后再形成分子级商业建议
UNKNOWN_SKU_30880,False,54006.86,44103.91515674196,22861.21122778033,58883.30488059784,-0.1833645733756422,,,,Data Review,False,补齐INN后再形成分子级商业建议
UNKNOWN_SKU_-144109,False,53833.84000000001,140186.60718413882,0.0,208057.0216982923,1.6040610735577991,,,,Data Review,True,补齐INN后再形成分子级商业建议
PILOCARPINUM*,True,53773.2,48985.51472021079,27834.717082413677,63700.96160045613,-0.0890347846099769,-0.0041446767621962,0.0824041742795099,0.0,At Risk,False,同类份额与预测销量同时下降，核查原因
TAFLUPROSTUM,True,53575.880000000005,54146.16896211354,33072.983878337574,68807.6177173001,0.0106445094716789,-0.0174000418218485,0.2059048656558116,0.0,Monitor,False,常规跟踪销量与生命周期信号
UNKNOWN_SKU_739610,False,53427.310000000005,61191.3511686784,40176.60363381244,75812.14260864108,0.1453197095020955,,,,Data Review,False,补齐INN后再形成分子级商业建议
PRAMIRACETAMUM,True,53147.11,45518.80764858073,24614.27214309206,60062.92021847719,-0.1435318374116535,0.0007019656252172,0.0431347857391432,0.0,Market-led Growth,False,销量增长且同类份额变化不超过0.2个百分点
ACIDUM ALENDRONICUM,True,52891.130000000005,56635.7952705301,35831.94525854605,71109.85695834394,0.0707994945566505,0.0906649472212237,0.3831538819887868,0.0,Monitor,False,常规跟踪销量与生命周期信号
UNKNOWN_SKU_7508,False,52773.91,28419.96398888036,7662.220522519467,42861.947528410245,-0.4614770065572106,,,,Data Review,False,补齐INN后再形成分子级商业建议
AMLODIPINUM+OLMESARTANUM MEDOXOMILUM,True,52700.05,61103.27045988959,40374.57860127247,75525.04164630352,0.1594537473852413,0.0063711778774131,0.3583874460231731,0.0,Monitor,False,常规跟踪销量与生命周期信号
TANACETUM VULGARE*&,True,52684.27,63679.76853568174,42957.28347871906,78097.22140457373,0.2087055308098933,0.0028873906628361,0.191972059528307,0.0,Monitor,False,常规跟踪销量与生命周期信号
TESTOSTERONUM,True,52640.03,49353.612424660285,28648.528439002574,63758.95867966317,-0.0624319092397879,,,,Monitor,False,跨多个ATC3或不足3个同类INN，竞争份额不适用
AESCINUM*,True,52109.48,42827.64898407857,22331.24805404584,57087.80617943252,-0.1781217355445004,0.0114172576645358,0.5766698118976575,0.0,Emerging Opportunity,False,机会概率位于前20%，份额上升且规模尚未进入前25%，先验证增长驱动
LATANOPROSTUM+TIMOLOLUM,True,51674.16,48044.04418570813,27718.869167982757,62185.07273824543,-0.0702501175498909,0.0011187968837383,0.2094346935882514,0.0,Market-led Growth,False,销量增长且同类份额变化不超过0.2个百分点
AMBROXOLUM+GLYCYRRHIZA GLABRA/URALENSIS*&+KETOTIFENUM+THEOBROMINUM,True,51439.42,79053.25238704277,58820.408460595136,93130.04254572088,0.53682239004722,0.0063201841070507,0.2887743690760919,0.0,Monitor,False,常规跟踪销量与生命周期信号
TILIA CORDATA/PLATYPHYLLUS SCOP.*&,True,51402.170000000006,32090.00492828127,11871.81267240574,46156.60133995736,-0.3757071943016945,,,,Monitor,False,跨多个ATC3或不足3个同类INN，竞争份额不适用
UNKNOWN_SKU_437164,False,51108.740000000005,41959.67295332435,21856.896528213198,55945.97000438827,-0.179011790286273,,,,Data Review,False,补齐INN后再形成分子级商业建议
RUPATADINUM,True,51063.11,60772.71520289701,40687.88658256989,74746.5252559555,0.1901491155336407,0.0019624479656094,0.1226761013871357,0.0,Market-led Growth,True,销量增长且同类份额变化不超过0.2个百分点
UNKNOWN_SKU_69312,False,50744.96,42945.64817123597,22985.958584264965,56832.39404687987,-0.153696284887485,,,,Data Review,False,补齐INN后再形成分子级商业建议
ACIDUM RYBONUCLEINICUM*,True,50686.95,42779.746992622895,22842.87467840056,56650.6179887074,-0.1560007656285711,-0.0042987518444635,0.0810065978043944,0.0,At Risk,False,同类份额与预测销量同时下降，核查原因
UNKNOWN_SKU_16998,False,50559.28,18715.87926807403,0.0,32551.812393561275,-0.629823065754219,,,,Data Review,False,补齐INN后再形成分子级商业建议
CAPSICUM ANNUUM*&+DIMETHYLIS SULFOXIDUM,True,50375.52999999999,30814.476657959105,11000.096243053957,44600.12519253033,-0.3883046658177271,-0.0006518445926986,0.0489195509131587,0.0,At Risk,False,同类份额与预测销量同时下降，核查原因
GENTAMICINUM+TRYPTOPHANUM+ZINCI SULFAS*,True,50226.99000000001,48961.440546804144,29205.485880805845,62706.4399758806,-0.025196601532281,0.0196632586958661,0.5101418403526565,0.0,Emerging Opportunity,False,机会概率位于前20%，份额上升且规模尚未进入前25%，先验证增长驱动
UNKNOWN_SKU_106097,False,49789.44,28262.25668569292,8678.405065569117,41887.51721542078,-0.4323644394133993,,,,Data Review,False,补齐INN后再形成分子级商业建议
DEXTROMETHORPHANUM+LEVOCETIRIZINUM,True,49653.810000000005,51421.72607116397,31891.22226526016,65009.87041549897,0.0356048422299106,-0.0006179820430563,0.1784850032073975,0.0,Market-led Growth,False,销量增长且同类份额变化不超过0.2个百分点
DIPYRIDAMOLUM,True,49520.47,37074.42280489133,17596.36607963408,50626.077639823656,-0.2513313624670499,-0.0002248921344631,0.0571578819813956,0.0,At Risk,False,同类份额与预测销量同时下降，核查原因
LESPEDEZA BICOLOR,True,49505.77,51301.858859000495,31829.58413528445,64849.49092665954,0.0362803943661615,0.00661154021864,0.1225151209151775,0.0,Monitor,False,常规跟踪销量与生命周期信号
EZETIMIBUM,True,49464.810000000005,67586.80746967449,0.0,129949.01604635864,0.3663614086392828,0.132366191728516,0.5059386416114162,0.0,Emerging Opportunity,True,机会概率位于前20%，份额上升且规模尚未进入前25%，先验证增长驱动
UNKNOWN_SKU_174065,False,49325.630000000005,44904.82783301114,25503.408194848365,58403.16321382605,-0.0896248495354009,,,,Data Review,False,补齐INN后再形成分子级商业建议
ALFA-BROMISOVALERIC ACID ETHYL ETHER*+HUMULUS LUPULUS*&+MENTHA PIPERITA+MENTHOL SOLITION IN ISOVALERAT,True,49058.28,26308.64014593028,7012.378202464213,39733.81315732261,-0.4637268133752288,-0.0032192575402013,0.0476900313483956,0.0,At Risk,False,同类份额与预测销量同时下降，核查原因
VITAMIN C+METHIONINUM+VITAMIN PP+VITAMIN B6+RETINOLUM+VITAMIN B2+RUTOSIDUM+THIAMINUM+TOCOPHEROL*+VITAMIN B9+VITAMIN B12,True,48709.23999999999,30243.346282125127,11084.373441920476,43573.00183167623,-0.3791045337162901,0.0040816038199988,0.3021296006769547,0.0,Monitor,False,常规跟踪销量与生命周期信号
ZEA MAYS*&,True,48624.99,36577.85459492916,17452.02009689095,49884.45448850925,-0.2477560490001301,0.0010310502701152,0.0919615211879629,0.0,Market-led Growth,False,销量增长且同类份额变化不超过0.2个百分点
CHLORNITROPHENOLUM*,True,48525.33,66162.6067087239,47075.97182113445,79441.93388213697,0.3634653635271292,-0.0111242330730992,0.1935221563164715,0.0,Monitor,False,常规跟踪销量与生命周期信号
UNKNOWN_SKU_66925,False,48506.97,0.0,0.0,13274.302819186032,-1.0,,,,Data Review,False,补齐INN后再形成分子级商业建议
SPIRAMYCINUM,True,48495.55,26773.14998205188,7698.228564251342,40044.32763101609,-0.4479256347839775,-0.0025119115871041,0.1001774649489849,0.0,At Risk,False,同类份额与预测销量同时下降，核查原因
ARMODAFINILUM,True,48262.5,52493.97238499519,33510.71732496188,65701.37412150782,0.0876761954932958,-0.0139844917156031,0.3346610766115046,0.0,Monitor,False,常规跟踪销量与生命周期信号
UNKNOWN_SKU_437351,False,48022.73,73975.62199520948,55086.67649364795,87117.4088399456,0.5404293340926158,,,,Data Review,False,补齐INN后再形成分子级商业建议
FENOFIBRATUM,True,47895.33,52900.12762729148,34061.292805753736,66007.05048899249,0.1044944805118051,0.0007491027797199,0.0473827050571332,0.0,Market-led Growth,False,销量增长且同类份额变化不超过0.2个百分点
UNKNOWN_SKU_11722,False,47721.41,20185.665324139525,1415.2390541695822,33244.99364950251,-0.5770102911012159,,,,Data Review,False,补齐INN后再形成分子级商业建议
UNKNOWN_SKU_484755,False,47483.01,157916.32742417385,0.0,217780.0037117969,2.3257438276169484,,,,Data Review,True,补齐INN后再形成分子级商业建议
NICORANDILUM,True,47462.32000000001,63939.90261205307,45271.38510258049,76928.32898008038,0.3471718747008798,0.0085129999682634,0.2835936829755295,0.0,Monitor,False,常规跟踪销量与生命周期信号
XIPAMIDUM,True,47439.100000000006,43948.76749104064,25289.38318400253,56930.83952872198,-0.073575015313515,0.0071475659043282,0.4686116634207611,0.0,Emerging Opportunity,False,机会概率位于前20%，份额上升且规模尚未进入前25%，先验证增长驱动
ACIDUM ALGINICUM*+KALII HYDROCARBONATIS,True,47409.77999999999,2787.479277213095,0.0,15761.52767295889,-0.9412045515247468,-0.0210399291014022,0.542305972003911,0.0,At Risk,False,同类份额与预测销量同时下降，核查原因
UNKNOWN_SKU_28796,False,47403.66,29784.209116415423,11138.764546426326,42756.58272741888,-0.3716896729827312,,,,Data Review,False,补齐INN后再形成分子级商业建议
DOXEPINUM,True,46877.41,45457.39728658013,27018.944438431856,58285.758565776494,-0.0302920471378403,0.0042203888002214,0.4796934424859359,0.0,Emerging Opportunity,False,机会概率位于前20%，份额上升且规模尚未进入前25%，先验证增长驱动
MOMETASONUM+OLOPATADINUM,True,46825.76,6125.169324322023,0.0,18939.39618653437,-0.8691923137110423,-0.0100191352604828,0.3982971009233189,0.0,At Risk,False,同类份额与预测销量同时下降，核查原因
AMMONIUM*+ANISUM VULGARE GAERTN.*&,True,46769.94,31475.288586305796,13079.107282758432,44274.23987918517,-0.3270188376058256,0.0026469232123177,0.3312514042281552,0.0,Monitor,False,常规跟踪销量与生命周期信号
SOLIZYMUM*,True,46739.63999999999,45254.2573728487,26869.994072478115,58044.91683930764,-0.0317799329894559,-0.0001983887350613,0.0432821085132614,0.0,At Risk,False,同类份额与预测销量同时下降，核查原因
CONVALLARIA MAJALIS/TRANSCAUCASICA UTKIN EX GROSSH./KEISKEI MIG.*&,True,46671.59,28714.47961168345,10356.982651780832,41486.51667590112,-0.3847546309932134,-0.0071006181059206,0.2267789511262196,0.0,At Risk,False,同类份额与预测销量同时下降，核查原因
FLUOCORTOLONUM+LIDOCAINUM,True,46639.33,24330.35871303905,5985.5506898520325,37093.56758186652,-0.4783295833572427,-0.0341539474548781,0.3169336671818775,0.0,At Risk,False,同类份额与预测销量同时下降，核查原因
CHOLE MEDICATA CONSERVATA*,True,46565.87,45501.436271169965,27185.522522351454,58244.54224993652,-0.022858667277773,0.0008888671583058,0.0421494271011738,0.0,Market-led Growth,False,销量增长且同类份额变化不超过0.2个百分点
UNKNOWN_SKU_76377,False,46503.45999999999,39838.95563343618,21547.58982449432,52564.982639037735,-0.1433120109033567,,,,Data Review,False,补齐INN后再形成分子级商业建议
UNKNOWN_SKU_446070,False,46492.46,45426.13834612489,27139.099205002974,58149.15511771244,-0.0229353674525957,,,,Data Review,False,补齐INN后再形成分子级商业建议
UNKNOWN_SKU_349387,False,46308.54,13958.747252060384,0.0,26631.43291093352,-0.6985707765336505,,,,Data Review,False,补齐INN后再形成分子级商业建议
ALLANTOINUM*+POVIDONUM,True,45936.06,48087.01364577312,30018.825229653077,60657.76730777878,0.046824948543108,1.1216826194861747e-05,0.0643546108310349,0.0,Monitor,False,常规跟踪销量与生命周期信号
CAMPHORA*+MENTHA PIPERITA+VALERIANA,True,45813.98,37596.89596139849,19576.72569141113,50134.24149900128,-0.1793575681178868,-0.009671420129151,0.1043797655738181,0.0,At Risk,False,同类份额与预测销量同时下降，核查原因
UNKNOWN_SKU_12976,False,45782.6,49097.4950416474,31089.667574950046,61626.25320258111,0.0724051286219524,,,,Data Review,False,补齐INN后再形成分子级商业建议
UNKNOWN_SKU_197612,False,45498.64,34403.375052308664,16507.23854871614,46854.42539045863,-0.2438592658525911,,,,Data Review,False,补齐INN后再形成分子级商业建议
MISOPROSTOL,True,45334.11,37511.05447378767,0.0,94665.52900746814,-0.1725644448785325,0.000597321601282,0.0572483529115649,0.0,Market-led Growth,False,销量增长且同类份额变化不超过0.2个百分点
URAPIDILUM,True,45272.59,46729.47998820117,28922.25650830864,59118.67001736303,0.0321803985193065,,,,Monitor,False,跨多个ATC3或不足3个同类INN，竞争份额不适用
DOCUSATUM NATRICUM,True,45224.02,70736.01732735874,52947.89805255848,83111.91580506052,0.5641249346554935,0.002372114309717,0.1057000921662167,0.0,Monitor,False,常规跟踪销量与生命周期信号
METHIONINUM,True,45096.27,43368.138383261765,25630.267455188656,55709.07709775526,-0.0383209435445155,0.0498946587207031,0.323750867730891,0.0,Monitor,False,常规跟踪销量与生命周期信号
PROCHLORPERAZINUM,True,44958.01,42434.30162070837,24750.81297379766,54737.404430222006,-0.0561347884235006,0.0792443767742225,0.3890667599938967,0.0,Monitor,False,常规跟踪销量与生命周期信号
OLMESARTANUM MEDOXOMILUM,True,44766.310000000005,55292.1899191569,37684.10329234478,67542.83255953531,0.2351294962474435,0.0020701080346485,0.0938478643926729,0.0,Monitor,False,常规跟踪销量与生命周期信号
OCTREOTIDUM,True,44721.28,43645.04751613129,26054.6726940403,55883.36735308685,-0.0240653327424595,-0.0199495075457507,0.5462820506269144,0.0,At Risk,False,同类份额与预测销量同时下降，核查原因
ACIDUM SALICYLICUM*+FLUMETASONUM,True,44654.54999999999,41877.545062912985,24313.41738115157,54097.60372570893,-0.0621886221468361,-0.0043089464864124,0.2431985842577245,0.0,At Risk,False,同类份额与预测销量同时下降，核查原因
BENZYLNICOTINATUM*+CAMPHORA*+DIMETHYLIS SULFOXIDUM+NONIVAMIDUM+PINUS SILVESTRIS,True,44383.66,22055.47384043222,4597.896253738658,34201.40138576837,-0.5030722153055376,-0.0011129972688048,0.047069002452396,0.0,At Risk,False,同类份额与预测销量同时下降，核查原因
METHYLPREDNISOLONI ACEPONAS,True,44381.83,50623.12737313491,33166.26958663321,62768.55412499418,0.1406273101657795,-0.001533730543166,0.2256359996833962,0.0,Monitor,False,常规跟踪销量与生命周期信号
UNKNOWN_SKU_97127,False,44347.27,32638.230173247284,15194.965990368994,44774.19931714978,-0.2640306793800998,,,,Data Review,False,补齐INN后再形成分子级商业建议
BUPRENORPHINUM,True,44260.33,4351.457693345332,0.0,16463.635042231566,-0.9016849243251162,,,,Monitor,False,跨多个ATC3或不足3个同类INN，竞争份额不适用
MENADIONI NATRII BISULFIS,True,43986.52,42650.155178854766,25348.786033798944,54687.40232997929,-0.0303812354590733,-0.0152340766502213,0.3264290117329358,0.0,At Risk,False,同类份额与预测销量同时下降，核查原因
POLYGONUM AVICULARE*&,True,43903.600000000006,37817.15517640855,20548.401240046394,49831.71063622012,-0.1386320216016785,0.0381823620534945,0.3514472527405621,0.0,Monitor,False,常规跟踪销量与生命周期信号
AGOMELATINUM,True,43861.38,45175.25531285205,27923.107914249744,57178.256947202535,0.0299551749820012,-0.0095850606091781,0.2329620181478952,0.0,Monitor,False,常规跟踪销量与生命周期信号
ATROPA BELLADONNA*&+PHENOLUM PURUM*,True,43637.03999999999,27425.561476830462,10261.654501748855,39367.17075675319,-0.3715072911262893,-0.0125808325476143,0.1310514504254473,0.0,At Risk,False,同类份额与预测销量同时下降，核查原因
UNKNOWN_SKU_465730,False,43543.52,12302.655363675687,0.0,24218.672181326496,-0.717463003365927,,,,Data Review,False,补齐INN后再形成分子级商业建议
BENZOYLI PEROXIDUM*,True,43484.32000000001,3884.476788036619,0.0,15784.293073539253,-0.9106694829760102,-0.0094639611106668,0.5806295436265604,0.0,At Risk,False,同类份额与预测销量同时下降，核查原因
BOTULINUM TOXIN,True,43321.59,23535.878261062287,0.0,78153.09060764959,-0.4567171181606609,0.3649440032057147,0.6737240322036128,0.0,Emerging Opportunity,False,机会概率位于前20%，份额上升且规模尚未进入前25%，先验证增长驱动
EUCALYPTUS VIMINALIS*&+LARIX DECIDUA*+PINUS SILVESTRIS*&,True,43309.16,64768.95324754361,0.0,119370.4946099988,0.4955024121350684,0.0021951187658859,0.1034915576560805,0.0,Monitor,True,常规跟踪销量与生命周期信号
UNKNOWN_SKU_75766,False,43274.56999999999,35187.85759967696,18166.52219593149,47030.27419568498,-0.1868698498985209,,,,Data Review,False,补齐INN后再形成分子级商业建议
MOSAPRIDUM,True,43000.34,45703.14671003123,28789.675135037127,57470.51817206974,0.0628554730039629,0.0037055304681984,0.2834483730843715,0.0,Monitor,False,常规跟踪销量与生命周期信号
VORTIOXETINE,True,42957.22,45710.42154759623,28813.91051045633,57465.99289229977,0.0640917067630593,-0.008044908501584,0.3061525918406106,0.0,Monitor,False,常规跟踪销量与生命周期信号
UNKNOWN_SKU_13960,False,42835.66999999999,30178.07827106907,13329.37691333963,41900.38652991769,-0.2954918582791147,,,,Data Review,False,补齐INN后再形成分子级商业建议
PIOGLITAZONUM,True,42813.23,45559.3667856993,28719.49183032256,57275.53416715932,0.0641422472842927,0.0003681793162777,0.0433824396038596,0.0,Market-led Growth,False,销量增长且同类份额变化不超过0.2个百分点
ACETYLCYSTEINUM+TUAMINOHEPTANUM,True,42510.42,73737.14670488075,57016.37704791849,85370.44781708757,0.7345664123026956,-0.0021191715932924,0.2719472957705718,0.0,Monitor,False,常规跟踪销量与生命周期信号
ACIDUM CITRICUM+KALII HYDROCARBONATIS+SODIUM CITRAS*,True,42467.47,44662.18178998664,27958.305804194093,56283.72930665689,0.0516798337642114,0.0509097610070232,0.4002902141954259,0.0,Monitor,False,常规跟踪销量与生命周期信号
UNKNOWN_SKU_11785,False,42324.34,28836.313219432646,12188.735048646417,40418.69211842775,-0.3186825070530894,,,,Data Review,False,补齐INN后再形成分子级商业建议
XEROFORMIUM*,True,42306.34,44176.97826451834,27536.480095619307,55754.43132603595,0.0442164995723652,0.0008532452883473,0.0419399288687701,0.0,Market-led Growth,False,销量增长且同类份额变化不超过0.2个百分点
FORMOTEROLUM,True,42132.56,36628.93348475723,20056.788800744653,48158.83032200608,-0.1306264446129731,-0.0038276779495738,0.1436142279276539,0.0,At Risk,False,同类份额与预测销量同时下降，核查原因
UNKNOWN_SKU_55954,False,41941.22,36598.92594600223,20102.041682050494,48076.46113086538,-0.1273757428610271,,,,Data Review,False,补齐INN后再形成分子级商业建议
INULA HELENIUM*&,True,41527.02,41446.54317109745,25112.57761723877,52810.72936245088,-0.0019379389347599,0.0002916000055354,0.059945102094029,0.0,Monitor,False,常规跟踪销量与生命周期信号
ACIDUM SALICYLICUM*+FLUOROURACILUM,True,41488.05,45577.354344487336,0.0,97882.95154661752,0.0985658362947243,0.0103443448926787,0.2979565901908983,0.0,Monitor,False,常规跟踪销量与生命周期信号
DEXLANSOPRAZOLUM,True,41484.85,39939.34215183581,23621.963469065064,51291.98820061002,-0.037254753196991,-0.0009459240680079,0.0525923244012223,0.0,At Risk,False,同类份额与预测销量同时下降，核查原因
EUCALYPTUS VIMINALIS*&+MENTHOLUM*+METHYL SALICYLAT*+PINUS SILVESTRIS*&,True,41382.56999999999,30996.888552754845,14719.740014040884,42321.54489835143,-0.2509675316744502,-0.0006923350593997,0.0448932927112695,0.0,At Risk,False,同类份额与预测销量同时下降，核查原因
BARII SULFAS*,True,41260.35,31674.333159139245,15445.257833239311,42965.543068263694,-0.232329993343749,,,,Monitor,False,跨多个ATC3或不足3个同类INN，竞争份额不适用
PRENOXDIAZINUM,True,41209.06,5153.5483662228735,0.0,16430.72237511286,-0.8749413753620472,-0.1062689796130607,0.1439010141412408,0.0,At Risk,False,同类份额与预测销量同时下降，核查原因
UNKNOWN_SKU_156492,False,41158.72,44309.113373990745,28120.01252541277,55572.511457402026,0.0765425497680867,,,,Data Review,False,补齐INN后再形成分子级商业建议
UNKNOWN_SKU_111830,False,41096.810000000005,61525.43934879352,45360.6897733731,72771.89528785861,0.497085524370225,,,,Data Review,False,补齐INN后再形成分子级商业建议
RIFAMYCINUM,True,41036.61,44213.13509473163,28072.064192289494,55443.11684401092,0.0774071029437282,0.0316864735940993,0.3446453132689645,0.0,Monitor,False,常规跟踪销量与生命周期信号
FLUPENTIXOL,True,40868.75,40613.52113348948,24538.47518197979,51797.56671171481,-0.0062450861969236,0.0265696482147043,0.4880693761188068,0.0,Emerging Opportunity,False,机会概率位于前20%，份额上升且规模尚未进入前25%，先验证增长驱动
ATROPINI OXYDUM,True,40599.29000000001,38406.39566082987,22437.33733757144,49516.70145201722,-0.0540131204060498,,,,Monitor,False,跨多个ATC3或不足3个同类INN，竞争份额不适用
LINEZOLIDUM,True,40594.170000000006,14775.361856108128,0.0,25884.266520190773,-0.6360225654051277,-0.0061808675259393,0.4536347093815545,0.0,At Risk,False,同类份额与预测销量同时下降，核查原因
UNKNOWN_SKU_13967,False,40576.58,36057.70338858258,20097.57766770516,47161.794414819175,-0.111366621125226,,,,Data Review,False,补齐INN后再形成分子级商业建议
FENOTEROLUM,True,40535.42,37336.66970162446,21392.73358506241,48429.49697949586,-0.0789124745315464,-0.0049839107894767,0.1170714770099419,0.0,At Risk,False,同类份额与预测销量同时下降，核查原因
THIORIDAZINUM,True,40430.28,39489.9035086513,23587.322469779225,50553.95842250143,-0.0232592129302269,-0.0011444818690695,0.0818261618875416,0.0,At Risk,False,同类份额与预测销量同时下降，核查原因
DESMOPRESSINUM,True,40249.48,32600.912094750445,16769.44574150083,43615.48970771559,-0.1900289868403158,0.0078292078912253,0.3303569349813528,0.0,Monitor,False,常规跟踪销量与生命周期信号
UNKNOWN_SKU_4658,False,40200.64,629.8354012544146,0.0,11631.047575197308,-0.9843327021347318,,,,Data Review,False,补齐INN后再形成分子级商业建议
ACIDUM GLUTAMICUM,True,40168.04,28077.524970414423,12278.091692369968,39069.81590537031,-0.300998381538795,-0.0124534713581907,0.5828655261864337,0.0,At Risk,False,同类份额与预测销量同时下降，核查原因
BENZOCAINUM+ATROPA BELLADONNA*&+METAMIZOLUM NATRICUM+NATRII HYDROCARBONAS*,True,40070.03,39812.4733124053,24051.59064463661,50777.94306229628,-0.0064276639571944,-0.0022810899711138,0.0451822046615079,0.0,At Risk,False,同类份额与预测销量同时下降，核查原因
UNKNOWN_SKU_327754,False,39910.66,36496.364962760366,20798.16784503399,47418.22189494094,-0.085548448390471,,,,Data Review,False,补齐INN后再形成分子级商业建议
UNKNOWN_SKU_40554,False,39865.72,33520.890281089945,17840.36956807526,44430.44903903506,-0.159155026396364,,,,Data Review,False,补齐INN后再形成分子级商业建议
ACIDUM BORICUM*+BENZOCAINUM+CHLORAMPHENICOLUM+HYPPOPHAE RHAMNOIDES,True,39815.33,44129.73010293559,28469.02946187066,55025.49925252011,0.108360274872407,0.0006430753430753,0.0453174739770778,0.0,Market-led Growth,False,销量增长且同类份额变化不超过0.2个百分点
UNKNOWN_SKU_174064,False,39750.45,25697.458232546476,10062.277064950487,36575.47247460103,-0.3535303818561432,,,,Data Review,False,补齐INN后再形成分子级商业建议
ADAPALENUM,True,39693.01,22687.2447982753,7074.65670336822,33549.54014562393,-0.4284322403799737,0.045854951439338,0.6225208186973789,0.0,Emerging Opportunity,False,机会概率位于前20%，份额上升且规模尚未进入前25%，先验证增长驱动
UNKNOWN_SKU_156476,False,39548.77,29511.0169673412,13955.163287556816,40333.83993703689,-0.2538069586654352,,,,Data Review,False,补齐INN后再形成分子级商业建议
CRATAEGUS L.*&+GINKGO BILOBA*&+VISCUM ALBUM*,True,39422.79,29762.02514858048,14255.72361533768,40550.37272908652,-0.2450553309752943,0.0128242071164959,0.4431316803554853,0.0,Emerging Opportunity,False,机会概率位于前20%，份额上升且规模尚未进入前25%，先验证增长驱动
MAGNESII OROTAS*,True,39388.12,529.5391587199707,0.0,11308.39902892909,-0.9865558661159768,-0.0219748209148824,0.1476723126015498,0.0,At Risk,False,同类份额与预测销量同时下降，核查原因
TUSSILAGO FARFARA*&,True,39241.22,30515.32245114235,15080.438470269406,41253.982014382425,-0.2223656030280825,-0.0001822243018147,0.0622743789360186,0.0,At Risk,False,同类份额与预测销量同时下降，核查原因
CLARITHROMYCINUM+LANSOPRAZOLUM+TINIDAZOLUM,True,39169.630000000005,30079.011718296453,14672.286478262624,40798.08013125801,-0.2320833329726002,0.0004742710625947,0.0405057580174667,0.0,Market-led Growth,False,销量增长且同类份额变化不超过0.2个百分点
UNKNOWN_SKU_897744,False,39130.96000000001,302256.44993751234,57100.41631237982,351590.37216072285,6.724227822100769,,,,Data Review,True,补齐INN后再形成分子级商业建议
SULODEXIDUM,True,38888.53,39185.573239589845,23889.414029027663,49827.7164906113,0.0076383252231402,0.0467661700008421,0.5264240816453386,0.0,Emerging Opportunity,False,机会概率位于前20%，份额上升且规模尚未进入前25%，先验证增长驱动
UNKNOWN_SKU_706582,False,38758.23,78629.5999666536,0.0,127493.60699150818,1.0287200929106826,,,,Data Review,True,补齐INN后再形成分子级商业建议
ORIGANUM VULGARE*&,True,38499.04,36786.63485620355,21643.67508647705,47322.19119394132,-0.0444791647738865,0.0001572405175181,0.0796029481857419,0.0,Monitor,False,常规跟踪销量与生命周期信号
UNKNOWN_SKU_40097,False,38381.86,30482.72415126939,15385.855193828516,40986.21328702872,-0.2058038836244676,,,,Data Review,False,补齐INN后再形成分子级商业建议
VANCOMYCINUM,True,38271.33,9936.78301975278,0.0,20410.02477682396,-0.7403596107124373,-0.0012349601250204,0.0695804933247039,0.0,At Risk,False,同类份额与预测销量同时下降，核查原因
TRAMADOLUM,True,38080.79,26767.03596267209,11788.587903463264,37188.13499346769,-0.2970987218838661,-0.0155358186721272,0.232839688668796,0.0,At Risk,False,同类份额与预测销量同时下降，核查原因
UNKNOWN_SKU_33064,False,38074.99,30531.55322373153,15555.386498464137,40951.06504022883,-0.1981205189093541,,,,Data Review,False,补齐INN后再形成分子级商业建议
UNKNOWN_SKU_19110,False,37942.1,25310.386488649718,10386.489843981704,35693.53194168127,-0.3329207795918065,,,,Data Review,False,补齐INN后再形成分子级商业建议
LEFLUNOMIDUM,True,37812.64,37010.63263237381,22137.656934612234,47358.35036763673,-0.0212100336719729,-0.0263147536041087,0.4316371120501969,0.0,At Risk,False,同类份额与预测销量同时下降，核查原因
UNKNOWN_SKU_66436,False,37353.18,32201.25549884153,17509.00078258491,42423.23849591521,-0.1379246559773083,,,,Data Review,False,补齐INN后再形成分子级商业建议
NIFURATELUM+NYSTATINUM,True,37189.4,34213.56251946934,19585.727953717404,44390.72586865065,-0.0800184321481567,0.0104929502831653,0.2887508446182222,0.0,Monitor,False,常规跟踪销量与生命周期信号
UNKNOWN_SKU_56114,False,37055.100000000006,35963.162624693025,21388.152739688303,46103.57375313952,-0.0294679376201111,,,,Data Review,False,补齐INN后再形成分子级商业建议
XANTINOL NICOTINAT,True,37008.21,34208.402056140825,19651.83557605224,44335.98137795847,-0.075653698026983,0.0011299778912519,0.0689954972276505,0.0,Market-led Growth,False,销量增长且同类份额变化不超过0.2个百分点
EPINEPHRINUM,True,36677.73,27854.75708202596,13428.179436586212,37891.898027756935,-0.2405539524385518,0.0461537490929554,0.5249180813732308,0.0,Emerging Opportunity,False,机会概率位于前20%，份额上升且规模尚未进入前25%，先验证增长驱动
APROTININUM,True,36417.15,30540.262484037023,16216.17966591753,40506.09372255225,-0.1613769203785298,0.0026390854006742,0.2807133697482978,0.0,Monitor,False,常规跟踪销量与生命周期信号
HIDROSMIN,True,36399.62,30098.959373104582,15781.771690156342,40059.993393232005,-0.1730968792227888,0.0005537993407082,0.044600543196733,0.0,Market-led Growth,False,销量增长且同类份额变化不超过0.2个百分点
PILOCARPINUM*+TIMOLOLUM,True,36384.530000000006,34613.622429439376,20302.370148073223,44570.52695581484,-0.0486719924803379,-0.0016595849266637,0.0566576731762802,0.0,At Risk,False,同类份额与预测销量同时下降，核查原因
UNKNOWN_SKU_13961,False,36130.45,31347.31502721569,17136.00090582163,41234.68862102005,-0.1323851480616575,,,,Data Review,False,补齐INN后再形成分子级商业建议
UNKNOWN_SKU_50250,False,35895.56,25706.7186391023,11587.794609001718,35529.81279040182,-0.283846842364284,,,,Data Review,False,补齐INN后再形成分子级商业建议
METADOXINE,True,35771.26,29314.239651583943,15244.2069678488,39103.31815852504,-0.1805086079835057,-0.0036245527672276,0.304600739502982,0.0,At Risk,False,同类份额与预测销量同时下降，核查原因
DROSPIRENON+ESTRADIOLUM,True,35672.630000000005,33022.33933084637,18991.101124118657,42784.426984987214,-0.0742947932113117,0.006811352455245,0.3805036402116555,0.0,Monitor,False,常规跟踪销量与生命周期信号
VITAMIN C+CHLORHEXIDINUM,True,35659.82,26742.05167509396,12715.852069709295,36500.633774896654,-0.2500788934129797,,,,Monitor,False,跨多个ATC3或不足3个同类INN，竞争份额不适用
UNKNOWN_SKU_49139,False,35451.64,37233.79667534233,23289.48122511743,46935.40872814151,0.0502700770780233,,,,Data Review,False,补齐INN后再形成分子级商业建议
UNKNOWN_SKU_11725,False,35344.65,20001.47083089176,6099.238125217447,29673.80425304003,-0.4341018844183841,,,,Data Review,False,补齐INN后再形成分子级商业建议
UNKNOWN_SKU_603731,False,35053.65,39791.23625904305,26003.463583878343,49383.93530863861,0.1351524380212345,,,,Data Review,False,补齐INN后再形成分子级商业建议
ISONIAZIDUM,True,35011.47,34424.92334408214,20653.741473339756,44006.07951452212,-0.0167529856906282,0.0904700242647589,0.5831170402172728,0.0,Emerging Opportunity,False,机会概率位于前20%，份额上升且规模尚未进入前25%，先验证增长驱动
IOPROMIDUM,True,34910.31,26435.767038600163,12704.374778463794,35989.24000241667,-0.242751867898046,-0.0090673595858591,0.4924621807609956,0.0,At Risk,False,同类份额与预测销量同时下降，核查原因
PYRITHIONUM ZINCUM,True,34341.25,33398.3500950264,19890.78816121922,42796.09544356852,-0.027456772976336,0.0146998047266173,0.3832350636621784,0.0,Monitor,False,常规跟踪销量与生命周期信号
ACIDUM FORMICUM*+SPIRITUS AETHYLICUS*,True,34312.57,52686.147468160605,39189.86633736035,62076.04431565527,0.5354765751490083,-0.0004000113653861,0.0469422815125719,0.0,Monitor,False,常规跟踪销量与生命周期信号
CRIDANIMODUM,True,34234.87,19001.560884558792,5535.841761904916,28370.194533608967,-0.4449647133300406,0.0026838561369895,0.4616072349290005,0.0,Emerging Opportunity,False,机会概率位于前20%，份额上升且规模尚未进入前25%，先验证增长驱动
BICYCLOLUM*,True,34131.09,27341.89444205829,13916.995463618458,36682.12790147437,-0.1989152868525942,0.0006106302376134,0.0649132501755864,0.0,Market-led Growth,False,销量增长且同类份额变化不超过0.2个百分点
EDARAVONUM,True,33866.75,21453.587584486468,8132.66236709443,30721.48238396928,-0.366529484391432,-0.0036472867267571,0.0878177790935603,0.0,At Risk,False,同类份额与预测销量同时下降，核查原因
UNKNOWN_SKU_13965,False,33584.89,24513.46212240874,11303.401867901364,33704.22378014684,-0.2701044391567535,,,,Data Review,False,补齐INN后再形成分子级商业建议
UNKNOWN_SKU_144109,False,33481.72,33906.1541200917,20736.67407640108,43068.68251935468,0.0126765924836507,,,,Data Review,False,补齐INN后再形成分子级商业建议
UNKNOWN_SKU_758543,False,33449.0,67764.92893770924,0.0,109935.3833411833,1.0259179329041,,,,Data Review,True,补齐INN后再形成分子级商业建议
PROSTATILENUM*+TOCOPHEROLI ACETAS*+ZINCI SULFAS*,True,33210.590000000004,25668.312598976496,12605.477050378891,34756.644202946634,-0.2271045892597363,-0.0213138192891779,0.2441431689090428,0.0,At Risk,False,同类份额与预测销量同时下降，核查原因
ACORUS CALAMUS*&+BISMUTHI SUBNITRAS*+FRANGULA ALNUS*&+MAGNESII CARBONAS+NATRII HYDROCARBONAS*,True,33025.91,27347.897557429147,14357.702828194137,36385.69006888027,-0.1719259951526195,-0.0076021924906018,0.161247042773691,0.0,At Risk,False,同类份额与预测销量同时下降，核查原因
BECLOMETASONUM+CLOTRIMAZOLUM+GENTAMICINUM,True,32505.98,3973.810797419716,0.0,12869.320493333616,-0.8777513922847514,-0.0155187695890875,0.3133258953013209,0.0,At Risk,False,同类份额与预测销量同时下降，核查原因
OXYBUPROCAINUM,True,32345.62,31251.58669932217,0.0,72030.96705036702,-0.0338232286373804,,,,Monitor,False,跨多个ATC3或不足3个同类INN，竞争份额不适用
AMOXICILLINUM+CLARITHROMYCINUM+OMEPRAZOLUM,True,32323.96,41361.758578008856,28647.664255702417,50207.45711071986,0.2796005989986641,-0.0002740812026095,0.0482427576082987,0.0,Monitor,False,常规跟踪销量与生命周期信号
UNKNOWN_SKU_170570,False,32308.26,12524.63880947186,0.0,21366.040917271937,-0.6123394200284429,,,,Data Review,False,补齐INN后再形成分子级商业建议
ESTRIOLI SUCCINAS,True,32224.53,32194.285361672573,19519.300183124105,41012.77411547321,-0.0009385594864356,0.0047687707188953,0.4211167417753464,0.0,Emerging Opportunity,False,机会概率位于前20%，份额上升且规模尚未进入前25%，先验证增长驱动
EBASTINUM,True,31909.26,24631.20787006338,0.0,64860.45220856675,-0.2280858951268886,0.0004088794382981,0.047971153977396,0.0,Market-led Growth,False,销量增长且同类份额变化不超过0.2个百分点
UNKNOWN_SKU_348820,False,31876.5,28246.43026375157,0.0,68434.37279693167,-0.1138791817247323,,,,Data Review,False,补齐INN后再形成分子级商业建议
CARBIMAZOLE,True,31844.9,30661.995036863715,18136.33103145051,39376.595141687765,-0.0371458212503817,,,,Monitor,False,跨多个ATC3或不足3个同类INN，竞争份额不适用
VITAMIN C+CHLORPHENAMINUM+COFFEINUM*+PARACETAMOLUM,True,31694.89,136365.817881477,123899.15782512478,145039.36660407897,3.302454366665321,0.0004068485843726,0.1752963163340436,0.0,Market-led Growth,False,销量增长且同类份额变化不超过0.2个百分点
MEROPENEMUM,True,31190.16,9028.503296202482,0.0,17563.928799359313,-0.7105336011036019,0.0910125977400531,0.5866307903163039,0.0,Emerging Opportunity,False,机会概率位于前20%，份额上升且规模尚未进入前25%，先验证增长驱动
VITAMIN C+ACIDUM FOLICUM+CALCII PANTOTHENAS+CYANOCOBALAMINUM+NICOTINAMIDUM+PYRIDOXINUM+RIBOFLAVINUM+THIAMINUM,True,31189.31,11165.320874845918,0.0,19700.51376901076,-0.6420144955163831,,,,Monitor,False,跨多个ATC3或不足3个同类INN，竞争份额不适用
BIFONAZOLUM,True,31115.27,30010.41642977366,17771.74030085778,38525.34771244777,-0.0355084037588727,0.000651839879634,0.0667756272320922,0.0,Market-led Growth,False,销量增长且同类份额变化不超过0.2个百分点
UNKNOWN_SKU_10759,False,31068.59,21398.502726935687,9178.187402913924,29900.659671084846,-0.3112496342146299,,,,Data Review,False,补齐INN后再形成分子级商业建议
RHODIOLA ROSEA*&,True,31002.02,24516.24518906164,12322.114072019338,33000.18474427322,-0.209204910226442,0.0102780344570901,0.4266017085995772,0.0,Emerging Opportunity,False,机会概率位于前20%，份额上升且规模尚未进入前25%，先验证增长驱动
TOREMIFENUM,True,30991.44000000001,24725.310153161,12535.340503894617,33206.354410566375,-0.2021890511327968,-0.0014244501545044,0.3654718255929664,0.0,At Risk,False,同类份额与预测销量同时下降，核查原因
AMMONIUM FERRIC CITRATE+CYANOCOBALAMINUM+FOLIC ACID,True,30606.49,32392.82306625052,20354.267124010497,40768.52281604707,0.05836451897132,0.005534920239632,0.2886293070123067,0.0,Monitor,False,常规跟踪销量与生命周期信号
ZALEPLONUM,True,30392.930000000004,35018.20512367904,23063.649470496173,43335.46254838159,0.1521826004823832,0.0007042594167782,0.0485109177409838,0.0,Market-led Growth,False,销量增长且同类份额变化不超过0.2个百分点
METHYL SALICYLAT*,True,30247.04,31195.164322594275,19297.992084707097,39472.49783454179,0.0313460200599553,-0.1262934515175593,0.4674204757682546,0.0,Monitor,False,常规跟踪销量与生命周期信号
UNKNOWN_SKU_66926,False,30200.98,30294.0970259309,18415.041726206167,38558.8258670888,0.0030832451771729,,,,Data Review,False,补齐INN后再形成分子级商业建议
UNKNOWN_SKU_68871,False,30152.34,10958.905632228165,0.0,19210.323765891342,-0.6365487510346406,,,,Data Review,False,补齐INN后再形成分子级商业建议
UNKNOWN_SKU_200614,False,30124.72,15759.681206099696,3910.621514370369,24003.540915811307,-0.4768521929465337,,,,Data Review,False,补齐INN后再形成分子级商业建议
UNKNOWN_SKU_542844,False,30119.63,19335.723170756828,7488.665546227823,27578.18996309286,-0.3580358334163855,,,,Data Review,False,补齐INN后再形成分子级商业建议
UNKNOWN_SKU_579167,False,30014.96,47034.6912365204,35228.80382296541,55248.51428392485,0.567041609801259,,,,Data Review,True,补齐INN后再形成分子级商业建议
AVANAFILUM,True,29959.4,28529.751958029683,0.0,66300.73200692325,-0.0477195151428371,0.0035479585000954,0.0743224874606821,0.0,Monitor,False,常规跟踪销量与生命周期信号
HYALURONIDASUM,True,29859.67,28903.721231574335,17158.91456763391,37075.04798442995,-0.0320147131038507,-0.074476210414267,0.3737786433466546,0.0,At Risk,False,同类份额与预测销量同时下降，核查原因
UNKNOWN_SKU_34351,False,29754.06,201.67668233101432,0.0,8344.102452075656,-0.9932218768688704,,,,Data Review,False,补齐INN后再形成分子级商业建议
UNKNOWN_SKU_66274,False,29690.06,11981.036257781909,302.942878290738,20105.94793871771,-0.5964630499978137,,,,Data Review,False,补齐INN后再形成分子级商业建议
NEPAFENAC,True,29650.800000000007,35025.00503951586,23362.353930807527,43139.17292159799,0.1812499170179506,0.0195702973076078,0.3442605150940306,0.0,Monitor,False,常规跟踪销量与生命周期信号
INSULINUM DETEMIRUM,True,29593.25,24765.90062236464,13125.885853023416,32864.31950740069,-0.1631233263543328,-0.0224953264352574,0.4165082161883496,0.0,At Risk,False,同类份额与预测销量同时下降，核查原因
LAMINARIA*,True,29592.19,23245.80057209948,11606.202736202722,31343.929380039623,-0.2144616342318875,-0.0001555862066257,0.0348483825038232,0.0,At Risk,False,同类份额与预测销量同时下降，核查原因
ALLANTOINUM*+GLUCOSAMINUM+IBUPROFENUM,True,29524.829999999994,13195.011175273234,1581.908279772104,21274.706404742075,-0.5530876494369913,-0.0114228803302447,0.1911645588857038,0.0,At Risk,False,同类份额与预测销量同时下降，核查原因
ANISUM VULGARE GAERTN.*&+CAPSICUM ANNUUM*&+LEVOMENTHOLUM,True,29516.500000000004,32422.912615453744,20813.086187492627,40500.32827680106,0.0984673865618803,0.0005139558930431,0.0578171991717224,0.0,Market-led Growth,False,销量增长且同类份额变化不超过0.2个百分点
UNKNOWN_SKU_46948,False,29475.11,25203.526141439605,13609.97978448465,33269.61511316508,-0.1449217274697327,,,,Data Review,False,补齐INN后再形成分子级商业建议
UNKNOWN_SKU_602897,False,29192.2,35170.929694869046,0.0,71974.67088405545,0.2048057253262531,,,,Data Review,True,补齐INN后再形成分子级商业建议
UNKNOWN_SKU_437169,False,29056.4,23226.839556933104,11797.98584387738,31178.345339203097,-0.2006291365436494,,,,Data Review,False,补齐INN后再形成分子级商业建议
ACORUS*&+ARNICA*&+BENZOCAINUM+QUERCUS*&+MENTHA*&+MATRICARIA*&+THYMUS*&+SALVIA*&,True,29053.71,27131.08669387892,15703.29104777189,35081.856337103665,-0.0661747950991828,0.0007184716807567,0.0933171575242562,0.0,Market-led Growth,False,销量增长且同类份额变化不超过0.2个百分点
UNKNOWN_SKU_22107,False,29024.07,41567.10606587502,30150.96882287557,49509.76449672017,0.4321597924024791,,,,Data Review,False,补齐INN后再形成分子级商业建议
UNKNOWN_SKU_9692,False,28827.779999999995,20345.95986075984,9007.03003834022,28234.902033912997,-0.2942238403109831,,,,Data Review,False,补齐INN后再形成分子级商业建议
PHENAZEPAMUM*,True,28730.06,21037.63149259349,9737.138213752554,28899.83184139664,-0.2677484316916326,0.0003090874205759,0.0559897813160827,0.0,Monitor,False,常规跟踪销量与生命周期信号
CHOLINI SALICYLAS,True,28726.51,22238.602213596543,10939.505268461138,30099.831077786075,-0.2258508877828686,-0.0106728308985088,0.1655074249124973,0.0,At Risk,False,同类份额与预测销量同时下降，核查原因
ESTRADIOLI VALERAS,True,28688.99,53390.34377567107,42106.00470113608,61241.30500529642,0.8610046493679657,-0.0922000052415026,0.3073681676499004,0.0,Monitor,False,常规跟踪销量与生命周期信号
ACIDUM IBANDRONICUM,True,28655.37,25213.478389976142,13942.363185632676,33055.239249824095,-0.120113319424033,0.0430562931370461,0.4691126129244444,0.0,Emerging Opportunity,False,机会概率位于前20%，份额上升且规模尚未进入前25%，先验证增长驱动
MENTHOLUM*+METHYL SALICYLAT*,True,28425.12,33861.78234740917,22681.232167206028,41640.53353619093,0.1912625996797612,0.0852353657932983,0.3598100225246548,0.0,Monitor,False,常规跟踪销量与生命周期信号
DEXTROSUM*+KALII CHLORIDUM*,True,28334.44,22235.90550220916,11091.022798179938,29989.84141640989,-0.215233987253351,-0.0002351528783749,0.0511936635325631,0.0,At Risk,False,同类份额与预测销量同时下降，核查原因
CHOLE MEDICATA CONSERVATA*+HEMICELLULASE*+PANCREATINUM*,True,28332.57,29592.684583245835,18448.53741274601,37346.10875766418,0.0444758305810535,-0.0004952919710614,0.0494509002676857,0.0,Monitor,False,常规跟踪销量与生命周期信号
CARUM CARVI*&,True,28326.370000000003,27247.789812235365,16106.081309052232,34999.517309300354,-0.0380768939954055,0.0008739205185347,0.095796333844795,0.0,Market-led Growth,False,销量增长且同类份额变化不超过0.2个百分点
CRATAEGUS L.*&+LEONURUS CARDIACA/QUINQUELOBATUS GILIB.*&+MENTHA PIPERITA+VALERIANA OFFICINALIS*&,True,27984.38,28419.570841661774,17412.37844100091,36077.71016323089,0.0155512054103674,-0.0006424161253953,0.0417652905360028,0.0,Monitor,False,常规跟踪销量与生命周期信号
PYRIDOSTIGMINI BROMIDUM,True,27738.47,27632.7650591134,16722.297284234723,35223.60923101091,-0.003810770416919,-0.020783314107145,0.3748271013734436,0.0,At Risk,False,同类份额与预测销量同时下降，核查原因
UNKNOWN_SKU_67839,False,27730.32,8566.578891417463,0.0,16155.192753568215,-0.6910753683542972,,,,Data Review,False,补齐INN后再形成分子级商业建议
UNKNOWN_SKU_718932,False,27653.16,27092.966894875703,0.0,61956.38053629916,-0.0202578332864777,,,,Data Review,False,补齐INN后再形成分子级商业建议
ICHTHYOLUM*+ATROPA BELLADONNA*&,True,27612.13,22784.28600636656,11923.5119780672,30340.55627232485,-0.1748450406989045,-0.0022582451711597,0.0466702743509198,0.0,At Risk,False,同类份额与预测销量同时下降，核查原因
UNKNOWN_SKU_171331,False,27559.390000000003,10924.158996922608,84.12937415272427,18465.99655907187,-0.6036139044832776,,,,Data Review,False,补齐INN后再形成分子级商业建议
CEFTRIAXONUM+TAZOBACTAMUM,True,27543.74,6512.224622725595,0.0,14049.779442845818,-0.7635678879220615,-0.0022309323141944,0.0570544273049629,0.0,At Risk,False,同类份额与预测销量同时下降，核查原因
IPRATROPII BROMIDUM,True,27408.75,39586.87971378576,0.0,74142.15616842476,0.4443153997823965,0.0153003517359898,0.4023661651827732,0.0,Monitor,False,常规跟踪销量与生命周期信号
UNKNOWN_SKU_93034,False,27247.42,14324.987727008933,3607.666336947228,21781.45231594421,-0.4742626007523307,,,,Data Review,False,补齐INN后再形成分子级商业建议
RANOLAZINE,True,27230.54,29615.565795257648,18904.88387363238,37067.4110432696,0.0875864303556832,0.0010085210084162,0.043872118210715,0.0,Market-led Growth,False,销量增长且同类份额变化不超过0.2个百分点
UNKNOWN_SKU_392696,False,27120.370000000003,21178.43952075408,10511.091144012804,28600.135906827425,-0.2190947424111812,,,,Data Review,False,补齐INN后再形成分子级商业建议
UNKNOWN_SKU_112037,False,26903.610000000004,28023.564474759325,17441.475054077368,35385.94283129822,0.0416284087808038,,,,Data Review,False,补齐INN后再形成分子级商业建议
UNKNOWN_SKU_21987,False,26897.92,27320.29705290213,16740.445699483404,34681.11829748286,0.015702963385352,,,,Data Review,False,补齐INN后再形成分子级商业建议
GOSERELINUM,True,26835.3,12623.401089783098,2068.1802762630377,19967.08589309493,-0.5295971690354458,-0.0175747419354379,0.4085340218564617,0.0,At Risk,False,同类份额与预测销量同时下降，核查原因
ZOFENOPRILUM,True,26788.160000000003,23329.5453586577,12792.866283413316,30660.329940931268,-0.129109824689053,-0.0002564723894869,0.0309231734484573,0.0,At Risk,False,同类份额与预测销量同时下降，核查原因
UNKNOWN_SKU_5835,False,26700.78,9498.049568103152,0.0,16804.921945999897,-0.6442781983109425,,,,Data Review,False,补齐INN后再形成分子级商业建议
UNKNOWN_SKU_55955,False,26571.43,28174.168524389457,17722.736605201248,35445.6432868577,0.0603181132663712,,,,Data Review,False,补齐INN后再形成分子级商业建议
BENZOYLI PEROXIDUM*+CLINDAMYCINUM,True,26441.150000000005,196.9434866329996,0.0,7432.766132069743,-0.9925516293113952,-0.1055073574221568,0.3754167921557291,0.0,At Risk,False,同类份额与预测销量同时下降，核查原因
OCTENIDINI DIHYDROCHLORIDUM+PHENOXYETHANOL,True,26436.63,30772.82304490836,20374.41247318645,38007.40875782298,0.1640221558083749,-0.0005442272651402,0.2458947029693926,0.0,Market-led Growth,False,销量增长且同类份额变化不超过0.2个百分点
UNKNOWN_SKU_6865,False,26401.25,24374.299251930504,13989.804817251314,31599.202957625486,-0.0767748022563135,,,,Data Review,False,补齐INN后再形成分子级商业建议
KALII CHLORIDUM*+CALCII CHLORIDUM*+NATRII LACTAS*+NATRII CHLORIDUM*,True,26235.02,22631.14744031821,12312.03682306724,29810.5610369086,-0.13736877500691,-0.0044558222975156,0.0482669218349771,0.0,At Risk,False,同类份额与预测销量同时下降，核查原因
SAMBUCUS NIGRA*&,True,26205.7,20644.65442396026,10337.076343116643,27816.044378615094,-0.2122074806641204,-0.0008779002948003,0.0524140039828478,0.0,At Risk,False,同类份额与预测销量同时下降，核查原因
UNKNOWN_SKU_12320,False,26205.25,20441.675106462862,10134.274025666427,27612.94191518076,-0.2199397026754996,,,,Data Review,False,补齐INN后再形成分子级商业建议
UNKNOWN_SKU_5320,False,26141.599999999995,5049.63879034431,0.0,12203.487290426536,-0.8068351290531448,,,,Data Review,False,补齐INN后再形成分子级商业建议
SOLIDAGO VIRGAUREA&,True,25835.08,3156.558204279452,0.0,10226.525165272822,-0.8778189111750592,0.000204244498817,0.0858963988135305,0.0,Market-led Growth,False,销量增长且同类份额变化不超过0.2个百分点
UNKNOWN_SKU_19111,False,25634.910000000003,16738.317987549366,6655.250699882987,23753.506899216703,-0.3470498633484821,,,,Data Review,False,补齐INN后再形成分子级商业建议
UNKNOWN_SKU_59487,False,25524.050000000003,20071.668216205664,10032.205873495624,27056.519442164437,-0.2136174229322673,,,,Data Review,False,补齐INN后再形成分子级商业建议
VITAMIN C+PARACETAMOLUM,True,25297.43,25505.79010616794,15555.464987217649,32428.625038285143,0.0082364139822874,-0.0001060691545241,0.0445127337565667,0.0,Monitor,False,常规跟踪销量与生命周期信号
DEXTRANUM+NATRII CHLORIDUM*,True,25217.960000000003,9156.939179688856,0.0,16058.026539342954,-0.6368881868442628,-0.0126141185865154,0.3939379785435304,0.0,At Risk,False,同类份额与预测销量同时下降，核查原因
BICALUTAMIDUM,True,25104.94,17365.72344458332,7491.11107914778,24235.882018031552,-0.3082746485519058,-0.0656703071253735,0.3892623651899903,0.0,At Risk,False,同类份额与预测销量同时下降，核查原因
INSULINUM DEGLUDECUM+LIRAGLUTIDUM,True,25026.6,29162.182166888404,0.0,60714.18952656984,0.1652474633745058,0.0171461571935903,0.2687086760528238,0.0,Monitor,False,常规跟踪销量与生命周期信号
HYDROXYCHLOROQUINUM,True,24938.69,24986.004404429845,15176.783723091286,31810.66739562073,0.0018972289414496,0.0,0.192405977499746,0.0,Market-led Growth,False,销量增长且同类份额变化不超过0.2个百分点
UNKNOWN_SKU_41608,False,24734.45,14525.750895356254,4796.864635431035,21294.522050635915,-0.4127320035272158,,,,Data Review,False,补齐INN后再形成分子级商业建议
ZINCI SULFAS*,True,24498.56,21241.120562606862,11605.017727413297,27945.33861774406,-0.1329645267882331,-0.0013395700751272,0.0343349747443757,0.0,At Risk,False,同类份额与预测销量同时下降，核查原因
GRISEOFULVINUM,True,24387.5,19888.825234198437,10296.406010648838,26562.65087209953,-0.1844664178698746,,,,Monitor,False,跨多个ATC3或不足3个同类INN，竞争份额不适用
VOGLIBOSUM,True,24143.28,19254.41837282912,9758.059041551189,25861.411342466217,-0.2024936805260462,-0.0003062657450445,0.0299134339267527,0.0,At Risk,False,同类份额与预测销量同时下降，核查原因
CARNITINUM+LYSINUM,True,24117.969999999998,969.2098852998788,0.0,7569.276580128355,-0.9598137867614944,-0.0625340684079548,0.3981448931069357,0.0,At Risk,False,同类份额与预测销量同时下降，核查原因
UNKNOWN_SKU_76356,False,24014.1,25062.663230912287,15617.114713178104,31634.305106919288,0.043664481738324,,,,Data Review,False,补齐INN后再形成分子级商业建议
UNKNOWN_SKU_22848,False,23881.63,18344.69808312919,8951.254445950359,24880.08853187826,-0.2318489951008708,,,,Data Review,False,补齐INN后再形成分子级商业建议
UNKNOWN_SKU_336755,False,23637.86,21290.500096643354,11992.93935168901,27759.181023065365,-0.0993050937503076,,,,Data Review,False,补齐INN后再形成分子级商业建议
UNKNOWN_SKU_12144,False,23427.49,23865.287751645694,14650.472562080717,30276.39932083776,0.0186873519803314,,,,Data Review,False,补齐INN后再形成分子级商业建议
HYPROMELLOSUM,True,23230.17,22114.12373657222,12976.92110102839,28471.23718070552,-0.0480429658253804,0.0004931552885216,0.0336594604758166,0.0,Market-led Growth,False,销量增长且同类份额变化不超过0.2个百分点
PREDNISOLONUM+UREA PURA*,True,23204.830000000005,1667.8341132406572,0.0,8018.013072836209,-0.928125562081659,-0.0247077737033807,0.4923714044245787,0.0,At Risk,False,同类份额与预测销量同时下降，核查原因
LEDUM+MENTHA+CALENDULA+MATRICARIA+GLYCYRRHIZA+VIOLA*&,True,23175.97,15820.762724186505,6704.878760991885,22163.043924359816,-0.3173635138384065,-0.0008048359572423,0.0388231996553164,0.0,At Risk,False,同类份额与预测销量同时下降，核查原因
UNKNOWN_SKU_92153,False,23117.52,14770.360998190588,5677.467374457436,21096.646909443945,-0.3610750202361417,,,,Data Review,False,补齐INN后再形成分子级商业建议
CLOMIPRAMINUM,True,23064.21,28261.271832998176,19189.346814854256,34572.96905558905,0.2253301471413145,-0.0319495253181647,0.2555155816856705,0.0,Monitor,False,常规跟踪销量与生命周期信号
UNKNOWN_SKU_187316,False,23055.74,21819.507208757263,12750.913724834703,28128.88655115734,-0.0536193065693287,,,,Data Review,False,补齐INN后再形成分子级商业建议
UNKNOWN_SKU_485538,False,23039.78,36581.74018572856,0.0,65628.88634723036,0.5877643009494258,,,,Data Review,True,补齐INN后再形成分子级商业建议
GINKGO BILOBA*&+HEPTAMINOL+TROXERUTINUM,True,23029.750000000004,23504.451573133072,0.0,52538.95252378652,0.0206125369634089,0.0023260753792166,0.0537672115639339,0.0,Monitor,False,常规跟踪销量与生命周期信号
UNKNOWN_SKU_327758,False,22941.44,22404.104313519645,13380.468841580756,28682.204587937675,-0.0234220557419393,,,,Data Review,False,补齐INN后再形成分子级商业建议
DIAZEPAMUM,True,22881.7,17809.905924667684,8809.768192325508,24071.65789181321,-0.2216528525123708,4.8840928934821073e-05,0.0616591744050634,0.0,Monitor,False,常规跟踪销量与生命周期信号
UNKNOWN_SKU_103967,False,22879.21,18570.56194381258,9571.403611731466,24831.632503440385,-0.1883215397816366,,,,Data Review,False,补齐INN后再形成分子级商业建议
UNKNOWN_SKU_38402,False,22859.54,17049.115321320638,8057.693857968474,23304.8030352161,-0.2541794226252741,,,,Data Review,False,补齐INN后再形成分子级商业建议
UNKNOWN_SKU_26695,False,22836.0,16206.591553217844,7224.429159000372,22455.837366323307,-0.2903051518121455,,,,Data Review,False,补齐INN后再形成分子级商业建议
CITRULLINUM*,True,22790.27,20604.17135673476,11639.996100645136,26840.902806071022,-0.0959224547697434,-0.0008057695394798,0.2060550921973863,0.0,At Risk,False,同类份额与预测销量同时下降，核查原因
UNKNOWN_SKU_851712,False,22751.08,56000.01079833944,0.0,84683.18164858283,1.4614220862631329,,,,Data Review,True,补齐INN后再形成分子级商业建议
EXEMESTANUM,True,22749.78,18486.61320633709,9538.364021159265,24712.264257925384,-0.187393759133623,-0.0159249331686304,0.2800126540102551,0.0,At Risk,False,同类份额与预测销量同时下降，核查原因
UNKNOWN_SKU_591,False,22670.6,18031.97662513957,9114.87158159663,24235.95946497968,-0.2046096430998927,,,,Data Review,False,补齐INN后再形成分子级商业建议
RACECADOTRILUM,True,22634.6,16336.038546586387,7433.09350681783,22530.16971147152,-0.278271383342918,,,,Monitor,False,跨多个ATC3或不足3个同类INN，竞争份额不适用
LAVANDULA ANGUSTIFOLIA*&,True,22522.35,17901.003453563648,9042.210092230494,24064.416548623893,-0.2051893584122596,,,,Monitor,False,跨多个ATC3或不足3个同类INN，竞争份额不适用
DIMETICONUM,True,22432.69,18497.319097601903,9673.792012335727,24636.196048871512,-0.1754301825772165,,,,Monitor,False,跨多个ATC3或不足3个同类INN，竞争份额不适用
UNKNOWN_SKU_221834,False,22378.36,21931.641719464053,0.0,50144.90997874021,-0.0199620651618772,,,,Data Review,False,补齐INN后再形成分子级商业建议
SODIUM MEPHENAMINUM*+VINILINUM*,True,22329.82,20470.064071252044,11686.999196771172,26580.789861337813,-0.0832857554941309,0.0011436255498064,0.0328172031811138,0.0,Market-led Growth,False,销量增长且同类份额变化不超过0.2个百分点
ZINCI HYALURONAS*,True,22311.96,23629.250363410967,14853.210424135945,29735.08862808852,0.0590396524290546,-0.0032587757331722,0.1844402316836282,0.0,Monitor,False,常规跟踪销量与生命周期信号
ANASTROZOLUM,True,22217.89,20257.653007697663,11518.61394495198,26337.74829840259,-0.0882278646758236,0.0116952142235147,0.368177244490481,0.0,Monitor,False,常规跟踪销量与生命周期信号
DEMOXYTOCINUM,True,21957.51,18659.709092811147,10023.086190698075,24668.549407827843,-0.1501901129585664,0.0108502699552264,0.4748734590920172,0.0,Emerging Opportunity,False,机会概率位于前20%，份额上升且规模尚未进入前25%，先验证增长驱动
DALARGINUM*,True,21920.959999999995,19247.455981430765,10625.209416483078,25246.294109791783,-0.1219610828435082,-0.0065448979039424,0.2046323544518103,0.0,At Risk,False,同类份额与预测销量同时下降，核查原因
HYDROCHLOROTHIAZIDUM+OLMESARTANUM MEDOXOMILUM,True,21800.21,13194.48023304266,4619.728680754883,19160.27420165887,-0.3947544435102845,-0.0015280662754503,0.0724733237654921,0.0,At Risk,False,同类份额与预测销量同时下降，核查原因
VINILINUM*,True,21770.840000000004,39801.95216570307,31238.75281649456,45759.70880950185,0.8282230803084798,0.0002962621272199,0.1128628101463454,0.0,Market-led Growth,False,销量增长且同类份额变化不超过0.2个百分点
AMINOPHYLLINUM+ATROPA BELLADONNA*&+COFFEINUM*+CYTISINUM*+EPHEDRINUM*+PARACETAMOLUM+PHENOBARBITALUM,True,21755.48,16762.55713420429,8205.399386606185,22716.110396688942,-0.2295018480767011,0.0078509980594515,0.3503713410559953,0.0,Monitor,False,常规跟踪销量与生命周期信号
CEFOPERAZONUM,True,21733.67,27404.0470034824,18855.46785817094,33351.63179289017,0.2609028757445197,-0.0085651212957721,0.1197227539579409,0.0,Monitor,False,常规跟踪销量与生命周期信号
UNKNOWN_SKU_552960,False,21692.83,44270.40337357928,0.0,71619.39731651673,1.040785060021181,,,,Data Review,True,补齐INN后再形成分子级商业建议
ATROPA BELLADONNA*&+PHENYLII SALICYLAS,True,21671.210000000003,21687.170270128507,13163.158731365604,27617.662403489398,0.0007364734192738,-0.0010761976075778,0.202742009192308,0.0,Monitor,False,常规跟踪销量与生命周期信号
BETAMETHASONUM+CALCIPOTRIOLUM,True,21579.4,50163.950700256784,0.0,77369.93903337073,1.3246221257429212,0.1187829081086454,0.3690284380653906,0.0,Monitor,True,常规跟踪销量与生命周期信号
ZOLEDRONIC ACID,True,21339.29,17825.163513213254,9431.707209250171,23664.823203489275,-0.1646786976880085,-0.1471414881603307,0.5009247638378489,0.0,At Risk,False,同类份额与预测销量同时下降，核查原因
CALCII CHLORIDUM*+KALII CHLORIDUM*+MAGNESII CHLORIDUM*+NATRII CHLORIDUM*+NATRII LACTAS*,True,21251.52,17950.51921736469,9591.585789270432,23766.15997678521,-0.1553301026296147,0.0024066332076236,0.0432335573121801,0.0,Monitor,False,常规跟踪销量与生命周期信号
UNKNOWN_SKU_126052,False,21219.61,15067.362911403234,6720.980753321213,20874.27125560672,-0.2899321471316752,,,,Data Review,False,补齐INN后再形成分子级商业建议
FAMCICLOVIRUM,True,21162.24,28783.696225906388,0.0,55463.7547327489,0.3601441164029133,0.0060345244656293,0.277384764729894,0.0,Monitor,True,常规跟踪销量与生命周期信号
UNKNOWN_SKU_49819,False,21110.43,5518.754371641544,0.0,11295.784774967691,-0.7385768849027925,,,,Data Review,False,补齐INN后再形成分子级商业建议
UNKNOWN_SKU_90831,False,20920.18,19142.004498825427,10913.398172136844,24866.97153659091,-0.0849980975868549,,,,Data Review,False,补齐INN后再形成分子级商业建议
TIOCONAZOLUM,True,20876.87,2418.378171213327,0.0,28738.659627228622,-0.8841599257353556,0.008679176437851,0.4415655149102248,0.0,Emerging Opportunity,False,机会概率位于前20%，份额上升且规模尚未进入前25%，先验证增长驱动
UNKNOWN_SKU_69628,False,20843.32,12931.586658397782,4733.211939767511,18635.5203701344,-0.3795812443316235,,,,Data Review,False,补齐INN后再形成分子级商业建议
UNKNOWN_SKU_191669,False,20804.71,14848.648766607485,6665.460652025237,20542.016556954884,-0.2862842708882996,,,,Data Review,False,补齐INN后再形成分子级商业建议
UNKNOWN_SKU_79522,False,20623.9,8233.4777990432,121.40830341779564,13877.365551929244,-0.6007797846652089,,,,Data Review,False,补齐INN后再形成分子级商业建议
UNKNOWN_SKU_11150,False,20574.09,18021.04469397725,9928.567136907455,23651.301559932537,-0.1240903148582879,,,,Data Review,False,补齐INN后再形成分子级商业建议
UNKNOWN_SKU_119531,False,20340.38,19267.52314006672,11266.97154083335,24833.823479529587,-0.0527451728990944,,,,Data Review,False,补齐INN后再形成分子级商业建议
BIFONAZOLUM+UREA PURA*,True,20097.18,19211.15416781112,0.0,44548.45013565503,-0.0440870725240496,0.0042997175297796,0.0880428547576455,0.0,Monitor,False,常规跟踪销量与生命周期信号
UNKNOWN_SKU_6269,False,19997.120000000003,19397.434099067017,11531.898135822395,24869.798717834205,-0.0299886134069798,,,,Data Review,False,补齐INN后再形成分子级商业建议
NICETHAMIDUM,True,19960.86,16200.34656130873,8349.072868532421,21662.788354135155,-0.1883943596964895,-0.0021182216932042,0.1069572322107241,0.0,At Risk,False,同类份额与预测销量同时下降，核查原因
NIMODIPINUM,True,19762.62,20352.409206980137,12579.109934988104,25760.60110972117,0.0298436749267121,0.0002701988828044,0.0468291672516439,0.0,Market-led Growth,False,销量增长且同类份额变化不超过0.2个百分点
UNKNOWN_SKU_43832,False,19662.570000000003,12996.845672912412,5262.899411410018,18377.658129007745,-0.3390057518975184,,,,Data Review,False,补齐INN后再形成分子级商业建议
LEVOMEPROMAZINUM,True,19625.57,18545.090991654964,10825.698067365134,23915.77811515769,-0.0550546561625998,-0.002104949246705,0.0406701446420757,0.0,At Risk,False,同类份额与预测销量同时下降，核查原因
UNKNOWN_SKU_125623,False,19542.550000000003,12709.95379501472,5023.21541276237,18057.92186144072,-0.3496266457031084,,,,Data Review,False,补齐INN后再形成分子级商业建议
UNKNOWN_SKU_44795,False,19376.56,19320.69094927332,11699.241984424025,24623.234584427755,-0.0028833317537623,,,,Data Review,False,补齐INN后再形成分子级商业建议
UNKNOWN_SKU_18530,False,19247.26,16994.179230367772,9423.588279074806,22261.3389329756,-0.1170598188849857,,,,Data Review,False,补齐INN后再形成分子级商业建议
ZUCLOPENTHIXOL,True,19205.21,20669.93750492833,13115.88622471072,25925.589903873464,0.0762671954604157,-0.0163430063084773,0.2850927667354984,0.0,Monitor,False,常规跟踪销量与生命周期信号
BROMOCRIPTINUM,True,19166.83,16490.47502119609,8951.519878335726,21735.624440008676,-0.1396347220069207,-0.0197372095724074,0.2998463465170126,0.0,At Risk,False,同类份额与预测销量同时下降，核查原因
AMPICILLINUM+SULBACTAMUM,True,19134.480000000003,12180.49088786696,4654.260081731632,17416.78748210195,-0.3634271279978888,-0.0034938755497872,0.0684301423942407,0.0,At Risk,False,同类份额与预测销量同时下降，核查原因
IVERMECTINUM,True,18985.880000000005,23929.307719542547,0.0,47865.54458312085,0.2603739052149567,0.0043450859219173,0.4130745994868804,0.0,Monitor,False,常规跟踪销量与生命周期信号
BRIMONIDINUM+TIMOLOLUM,True,18961.21,18573.14453035337,0.0,42478.27896605239,-0.0204662819327791,0.0010765275004746,0.0530964773533899,0.0,Market-led Growth,False,销量增长且同类份额变化不超过0.2个百分点
UNKNOWN_SKU_13958,False,18960.82,8872.778210984114,1414.853689722661,14061.551419866855,-0.5320467041518187,,,,Data Review,False,补齐INN后再形成分子级商业建议
UNKNOWN_SKU_30883,False,18942.97,15616.452917025352,8165.549397635366,20800.34133707625,-0.1756069445802134,,,,Data Review,False,补齐INN后再形成分子级商业建议
GLUTOXIMUM*,True,18799.04,826.1421013811456,0.0,24526.82251481908,-0.9560540271534532,0.0099582821482856,0.5204267071787289,0.0,Emerging Opportunity,False,机会概率位于前20%，份额上升且规模尚未进入前25%，先验证增长驱动
UNKNOWN_SKU_299849,False,18502.03,17823.940656408973,10546.473583248897,22887.162477719696,-0.0366494564969913,,,,Data Review,False,补齐INN后再形成分子级商业建议
CALCII CHLORIDUM*+KALII CHLORIDUM*+MAGNESII CHLORIDUM*+NATRII CHLORIDUM*+NATRII HYDROCARBONAS*+POVIDONUM,True,18418.75,19632.201626081554,12387.491361652888,24672.633239329767,0.0658813234384285,0.0214112115866577,0.5503748811359876,0.0,Emerging Opportunity,False,机会概率位于前20%，份额上升且规模尚未进入前25%，先验证增长驱动
DECAMETOXINUM*+ZINCI SULFAS*,True,18343.81,17850.94870664197,10635.714850070312,22870.87241652558,-0.0268679894393819,0.0050781850498281,0.2427544302282172,0.0,Monitor,False,常规跟踪销量与生命周期信号
CHLORQUINALDOLUM,True,18131.81,22889.50975868445,15757.66259100638,27851.41804938876,0.2623951915823321,-0.0041624411425245,0.1213500040681669,0.0,Monitor,False,常规跟踪销量与生命周期信号
VITAMIN C+NICOTINAMIDUM+PYRIDOXINUM+RETINOLUM+RIBOFLAVINUM+THIAMINUM,True,18102.52,6945.335094583292,0.0,11899.227953081185,-0.6163332456153457,-0.0165362189893616,0.2046010044086319,0.0,At Risk,False,同类份额与预测销量同时下降，核查原因
UNKNOWN_SKU_66439,False,18090.3,17676.48208483522,10560.962188175898,22627.030847001173,-0.0228751272872632,,,,Data Review,False,补齐INN后再形成分子级商业建议
UNKNOWN_SKU_22710,False,18075.82,14125.779032331307,7015.954603856791,19072.36523190426,-0.2185262393445327,,,,Data Review,False,补齐INN后再形成分子级商业建议
PREDNICARBATUM,True,17749.95,17760.71675034495,0.0,40138.76862450993,0.0006065791928961,0.0028567666263776,0.0532396349826077,0.0,Monitor,False,常规跟踪销量与生命周期信号
YOHIMBINUM*,True,17685.739999999998,16718.095211676748,0.0,39015.19504311259,-0.054713276816421,0.0002173524043379,0.0347092852748113,0.0,Market-led Growth,False,销量增长且同类份额变化不超过0.2个百分点
FELODIPINUM,True,17529.46,14364.342268698943,7469.419497506992,19161.4128813719,-0.1805599106476215,-0.0006933219558827,0.0323409607062642,0.0,At Risk,False,同类份额与预测销量同时下降，核查原因
UNKNOWN_SKU_173007,False,17421.56,16332.440881232023,9479.958788019409,21099.983834803825,-0.0625155909555732,,,,Data Review,False,补齐INN后再形成分子级商业建议
LARIX DECIDUA*+PINUS SILVESTRIS*&,True,17206.03,893.7655415468461,0.0,5602.327064478487,-0.9480550980355812,-0.0017568807376014,0.0393220062273683,0.0,At Risk,False,同类份额与预测销量同时下降，核查原因
TRIPTORELINUM,True,17169.55,11472.216246506916,4718.858113049368,16170.794738817516,-0.3318277854395184,0.0175690224171283,0.4219691076718631,0.0,Emerging Opportunity,False,机会概率位于前20%，份额上升且规模尚未进入前25%，先验证增长驱动
RASAGILINUM,True,17064.71,15866.693037874418,0.0,37380.83620997248,-0.0702043551941744,-0.0001651263873672,0.2335278117338201,0.0,At Risk,False,同类份额与预测销量同时下降，核查原因
IOHEXOLUM,True,17031.11,18684.79067886856,11985.885626592277,23345.48400782453,0.0970976453600827,0.0094049331867231,0.3345297382529923,0.0,Monitor,False,常规跟踪销量与生命周期信号
UNKNOWN_SKU_91265,False,16951.17,14632.721639955247,7965.259662726864,19271.538777358423,-0.1367721732508583,,,,Data Review,False,补齐INN后再形成分子级商业建议
METHOCARBAMOLUM,True,16896.53,1275.1376582088208,0.0,22577.249767447716,-0.9245325721784994,-0.0058618680027505,0.3083778002231231,0.0,At Risk,False,同类份额与预测销量同时下降，核查原因
INSULINUM ASPARTUM+INSULINUM DEGLUDECUM,True,16867.100000000002,16607.812442126833,0.0,37872.82100647368,-0.0153723851683554,0.0054122010453475,0.2622225862393125,0.0,Monitor,False,常规跟踪销量与生命周期信号
SULBUTIAMINUM,True,16808.170000000002,14115.48333694909,0.0,35306.19655979105,-0.1602010607371838,0.0152611623014616,0.4356527365850485,0.0,Emerging Opportunity,False,机会概率位于前20%，份额上升且规模尚未进入前25%，先验证增长驱动
RIVASTIGMINUM,True,16770.21,18336.924595347344,0.0,39479.78017075124,0.0934224792263986,-0.0018812122745038,0.2996493530354063,0.0,Market-led Growth,False,销量增长且同类份额变化不超过0.2个百分点
GLUCOSAMINILMURAMILPENTAPEPTIDUM*,True,16707.670000000002,16049.09372536968,0.0,37113.10269195438,-0.039417601295113,0.0094827616425225,0.4164641133788647,0.0,Emerging Opportunity,False,机会概率位于前20%，份额上升且规模尚未进入前25%，先验证增长驱动
BROMHEXINUM+PHENYLEPHRINUM+SALBUTAMOLUM,True,16547.86,49293.62719994118,0.0,70156.15748799381,1.978852081171896,,,,Monitor,True,跨多个ATC3或不足3个同类INN，竞争份额不适用
PHENYTOINUM,True,16484.65,15171.81577079634,8687.851709146442,19682.96614708855,-0.0796398000081082,-0.001220944687179,0.0388538650327813,0.0,At Risk,False,同类份额与预测销量同时下降，核查原因
DESOGESTRELUM,True,16450.309999999998,16834.99293562719,0.0,37574.53814708384,0.0233845402078862,0.0006184812698027,0.0449936641470952,0.0,Market-led Growth,False,销量增长且同类份额变化不超过0.2个百分点
NATRII HYDROCARBONAS+GLYCYRRHIZA GLABRA/URALENSIS*&+THERMOPSIS LANCEOLATA*&+CODEINUM,True,16450.12,50534.9885565469,0.0,71274.2942276186,2.0720133686895235,0.0032476880397055,0.2554911139734254,0.0,Monitor,False,常规跟踪销量与生命周期信号
UNKNOWN_SKU_32978,False,16432.54,17187.54536173385,0.0,37904.687243502034,0.0459457492106423,,,,Data Review,False,补齐INN后再形成分子级商业建议
HYPERICUM PERFORATUM*&+VALERIANA OFFICINALIS*&,True,16430.13,13077.162295962147,6614.64277336168,17573.392857850326,-0.2040743258901696,0.0001130602374468,0.0298168545942909,0.0,Monitor,False,常规跟踪销量与生命周期信号
HARPAGOPHYTUM PROCUMBENS*,True,16381.879999999996,13081.156377830215,6637.615193621806,17564.182958702353,-0.2014862532364894,-0.0039179472510666,0.2434174069053486,0.0,At Risk,False,同类份额与预测销量同时下降，核查原因
UNKNOWN_SKU_3946,False,16341.86,11666.925400420809,5239.1254204082525,16139.000202634665,-0.2860711448745242,,,,Data Review,False,补齐INN后再形成分子级商业建议
METHIONINUM+NICOTINAMIDUM+THIAMINUM+TOCOPHEROLI ACETAS*+ZINCI SULFAS*,True,16271.03,12464.421309692534,0.0,32977.941256852646,-0.2339500750909724,0.0204415044898846,0.3485908901288888,0.0,Monitor,False,常规跟踪销量与生命周期信号
UNKNOWN_SKU_19209,False,16241.47,12375.799695603946,5987.486459450011,16820.402007575307,-0.2380123415181049,,,,Data Review,False,补齐INN后再形成分子级商业建议
KALII PERMANGANAS*,True,16084.039999999995,9706.335043819676,3379.944290838,14107.855433897656,-0.3965238184050974,-0.001438562941346,0.050047662661757,0.0,At Risk,False,同类份额与预测销量同时下降，核查原因
UNKNOWN_SKU_139037,False,16015.420000000002,16548.31361627712,10248.91340382317,20931.05561926037,0.0332737834085599,,,,Data Review,False,补齐INN后再形成分子级商业建议
ERYTHROMYCINUM+ZINCI ACETAS*,True,15998.59,33379.60909592048,27086.828685231056,37757.74544086228,1.086409433326342,-0.0185326931615346,0.2983978608652988,0.0,Monitor,False,常规跟踪销量与生命周期信号
UNKNOWN_SKU_68715,False,15934.999999999998,14139.34003654696,7871.571699191233,18500.074492311345,-0.1126865367714489,,,,Data Review,False,补齐INN后再形成分子级商业建议
UNKNOWN_SKU_193466,False,15747.1,22419.52029012488,0.0,42272.501322052485,0.4237237516828418,,,,Data Review,False,补齐INN后再形成分子级商业建议
CETYLPYRIDINII CHLORIDUM+MURAMIDASE,True,15721.000000000002,561.0057142918894,0.0,20381.08146175866,-0.9643148836402337,-0.000935905395071,0.046399799216292,0.0,At Risk,False,同类份额与预测销量同时下降，核查原因
UNKNOWN_SKU_49820,False,15641.000000000002,22298.722891331512,0.0,42017.93952933977,0.4256583908529832,,,,Data Review,True,补齐INN后再形成分子级商业建议
SODIUM DIHYDROPHOSPHAS+SODIUM HYDROPHOSPHAS,True,15583.37,1869.2967867973969,0.0,6133.80500743907,-0.880045408227014,-0.0015086935091071,0.3270100219982884,0.0,At Risk,False,同类份额与预测销量同时下降，核查原因
ANETHOLUM*+DICHLOROBENZYL ALCOHOL*+MENTHA PIPERITA+MENTHOLUM*,True,15531.53,22523.690673057987,0.0,42104.89422716094,0.4501913638294479,0.0002586972346388,0.0432229428074987,0.0,Market-led Growth,False,销量增长且同类份额变化不超过0.2个百分点
UNKNOWN_SKU_61500,False,15445.98,9413.196712783578,3337.776293365326,13640.107110590145,-0.3905730350043456,,,,Data Review,False,补齐INN后再形成分子级商业建议
UNKNOWN_SKU_227754,False,15391.229999999998,19097.07539717663,0.0,38501.39728806671,0.2407764289908367,,,,Data Review,False,补齐INN后再形成分子级商业建议
FLUOROURACILUM,True,15383.15,11546.002397598244,5495.295118100675,15755.718886032002,-0.2494383531592525,0.0877833454444014,0.4201883171274961,0.0,Emerging Opportunity,False,机会概率位于前20%，份额上升且规模尚未进入前25%，先验证增长驱动
ETHINYLESTRADIOLUM+ETONOGESTRELUM,True,15183.48,13228.799169788675,7256.628777891975,17383.874437715218,-0.1287373402020697,-0.0024584797208603,0.370815080938419,0.0,At Risk,False,同类份额与预测销量同时下降，核查原因
NITRENDIPINUM,True,15165.74,15301.957504771117,0.0,34421.995388263684,0.008981922726561,0.0001991612759268,0.0348946670882596,0.0,Market-led Growth,False,销量增长且同类份额变化不超过0.2个百分点
IMMUNOGLOBULINUM HUMANUM*,True,15024.179999999998,5588.548235525199,0.0,9700.02984177598,-0.6280297337009275,,,,Monitor,False,跨多个ATC3或不足3个同类INN，竞争份额不适用
GLIQUIDONUM,True,14988.990000000002,15160.802871508284,9265.131900002689,19262.654465490577,0.0114626049859452,0.000119724904904,0.0339834879896119,0.0,Monitor,False,常规跟踪销量与生命周期信号
UNKNOWN_SKU_730565,False,14873.86,13091.012140725865,0.0,31843.06556335904,-0.1198645045249945,,,,Data Review,False,补齐INN后再形成分子级商业建议
TRIBULUS TERRESTRIS*&,True,14797.9,13227.651843639642,0.0,31883.93954184195,-0.1061129049635664,0.0004466746895113,0.0347624385393213,0.0,Market-led Growth,False,销量增长且同类份额变化不超过0.2个百分点
CYANAMIDUM*,True,14789.4,14581.62555042178,0.0,33227.19696824412,-0.0140488761936402,0.0074397466303461,0.397149780985452,0.0,Monitor,False,常规跟踪销量与生命周期信号
UNKNOWN_SKU_51222,False,14754.18,10875.910634689948,5072.598287802773,14913.50467877842,-0.2628590247177446,,,,Data Review,False,补齐INN后再形成分子级商业建议
CARBOPLATINUM,True,14749.830000000002,330.19152686391965,0.0,18925.875507670346,-0.97761387576237,0.0913405200670073,0.6582747404913818,0.0,Emerging Opportunity,False,机会概率位于前20%，份额上升且规模尚未进入前25%，先验证增长驱动
TRETINOINUM,True,14734.910000000002,18661.61585786419,0.0,37238.4896147566,0.2664899790948292,0.0072221107354649,0.4417126046157207,0.0,Emerging Opportunity,True,机会概率位于前20%，份额上升且规模尚未进入前25%，先验证增长驱动
UNKNOWN_SKU_198711,False,14689.28,11113.717259453677,5335.932252704209,15133.550922859427,-0.2434130699766308,,,,Data Review,False,补齐INN后再形成分子级商业建议
UNKNOWN_SKU_17234,False,14637.03,11819.286799604826,6062.053465000125,15824.821851443983,-0.1925078516881617,,,,Data Review,False,补齐INN后再形成分子级商业建议
PHENINDIONUM,True,14557.090000000002,15377.718325645292,9651.928066088483,19361.37718593165,0.0563731024294889,9.903071177535389e-05,0.2577889656424095,0.0,Monitor,False,常规跟踪销量与生命周期信号
UNKNOWN_SKU_92178,False,14507.39,12464.379333910025,0.0,30754.40978350241,-0.1408255148644915,,,,Data Review,False,补齐INN后再形成分子级商业建议
UNKNOWN_SKU_84141,False,14459.39,14195.366038904089,0.0,32424.88102282137,-0.0182596887625211,,,,Data Review,False,补齐INN后再形成分子级商业建议
UNKNOWN_SKU_8964,False,14363.13,13954.051213967598,0.0,32062.207474428917,-0.0284811726992935,,,,Data Review,False,补齐INN后再形成分子级商业建议
AMTOLMETINE GUACIL,True,14343.71,12643.10293840714,7001.242167888614,16568.368731974268,-0.1185611715234662,0.0001039284295357,0.0310309936272123,0.0,Market-led Growth,False,销量增长且同类份额变化不超过0.2个百分点
UNKNOWN_SKU_122357,False,14340.829999999998,9113.095680684104,0.0,27193.137464383857,-0.3645349899075503,,,,Data Review,False,补齐INN后再形成分子级商业建议
PIRIBEDILUM,True,14332.930000000002,13939.83304529322,8302.212409238244,17862.14880952661,-0.0274261406918739,-0.0036750164075305,0.2917755126201612,0.0,At Risk,False,同类份额与预测销量同时下降，核查原因
CENTAURIUM VULGARE RAF./PULCHELLUM (SWARTZ) DRUCE*&,True,14177.73,12987.57727821097,7411.001991761116,16867.421377082916,-0.0839452240795267,-0.0003699113519601,0.1996473429783483,0.0,At Risk,False,同类份额与预测销量同时下降，核查原因
CICLOPIROXUM,True,14132.5,12705.66379282741,0.0,30523.055848108503,-0.100961344926417,0.0022110628701275,0.035190794799098,0.0,Monitor,False,常规跟踪销量与生命周期信号
ARTICAINUM+EPINEPHRINUM,True,14105.319999999998,14644.399103656213,9096.30509146478,18504.42765298677,0.0382181406487915,0.0022957543042649,0.1968144876049207,0.0,Monitor,False,常规跟踪销量与生命周期信号
LITHIUM,True,13982.47,14381.515240729192,0.0,32009.758643609523,0.0285389663435138,-0.0001643092877288,0.0369288484377526,0.0,Market-led Growth,False,销量增长且同类份额变化不超过0.2个百分点
FLUPHENAZINUM,True,13948.06,15808.17066974973,0.0,33393.03204817422,0.1333598127445485,-0.0255059903275656,0.3205911521989729,0.0,Monitor,False,常规跟踪销量与生命周期信号
UNKNOWN_SKU_128524,False,13945.970000000005,1395.3695559782586,0.0,5211.790760751178,-0.8999446036397426,,,,Data Review,False,补齐INN后再形成分子级商业建议
UNKNOWN_SKU_22712,False,13931.48,11028.56865204388,0.0,28592.52698003309,-0.2083706359953229,,,,Data Review,False,补齐INN后再形成分子级商业建议
SULFADIAZINUM,True,13911.77,5585.197298729235,113.23297349702352,9392.259412294929,-0.5985271968463226,-0.0063169695746577,0.3297107800868747,0.0,At Risk,False,同类份额与预测销量同时下降，核查原因
MIRABEGRONUM,True,13909.15,13771.113566356067,0.0,31306.919595417665,-0.0099241458783557,0.0056748337857415,0.2747327457437622,0.0,Monitor,False,常规跟踪销量与生命周期信号
ACORUS CALAMUS+FRANGULA ALNUS+MENTHA PIPERITA+URTICA DIOICA+VALERIANA,True,13825.04,9620.481260030929,4182.630743891835,13403.80904668426,-0.3041263345327806,-0.0003224276806553,0.0370811381891644,0.0,At Risk,False,同类份额与预测销量同时下降，核查原因
MIDECAMYCINUM,True,13715.21,9558.049166022589,4163.398461398512,13311.32113433412,-0.3031058827372976,-0.0005348202720276,0.0355555189792698,0.0,At Risk,False,同类份额与预测销量同时下降，核查原因
UNKNOWN_SKU_128521,False,13687.329999999998,1201.7182346836455,0.0,4947.360628057825,-0.91220214353832,,,,Data Review,False,补齐INN后再形成分子级商业建议
UNKNOWN_SKU_83097,False,13574.069999999998,138.95994127058287,0.0,3853.607870605862,-0.9897628389075211,,,,Data Review,False,补齐INN后再形成分子级商业建议
PHENYLEPHRINUM+TROPICAMIDUM,True,13504.96,13920.350753291194,0.0,30946.57873920232,0.0307583845706462,0.0251412158184305,0.2606619455285566,0.0,Monitor,False,常规跟踪销量与生命周期信号
ADONIS VERNALIS*&+ARNICA MONTANA/FOLIOSA NUTT./CHAMISSONIS LESS.*&+JUNIPERUS COMMUNIS*&+MENTHA PIPERITA,True,13482.819999999998,9880.043413470326,4576.79946654428,13569.72008337112,-0.26721239225397,-6.019510526845485e-05,0.0312196941729722,0.0,At Risk,False,同类份额与预测销量同时下降，核查原因
ENALAPRILUM+NITRENDIPINUM,True,13451.180000000002,15864.173668334715,10573.374791392598,19545.19181058064,0.1793889954884786,-0.0009912344447781,0.0409915529676976,0.0,Monitor,False,常规跟踪销量与生命周期信号
UNKNOWN_SKU_13966,False,13397.120000000004,10487.834398802375,5218.299127528127,14154.058609157582,-0.2171575384259919,,,,Data Review,False,补齐INN后再形成分子级商业建议
UNKNOWN_SKU_589,False,13375.49,10293.438524934532,5032.411055928058,13953.743520587625,-0.2304253133952825,,,,Data Review,False,补齐INN后再形成分子级商业建议
UNKNOWN_SKU_68080,False,13314.33,7992.116946641438,0.0,24778.0102821016,-0.3997357023116118,,,,Data Review,False,补齐INN后再形成分子级商业建议
ETIFOXINUM,True,13294.8,15813.076647248176,0.0,32574.347752611782,0.1894181670463772,-0.0516268519931885,0.3867318092050795,0.0,Monitor,False,常规跟踪销量与生命周期信号
UNKNOWN_SKU_718960,False,13275.509999999998,3704.0543589853983,0.0,20441.005811580813,-0.720985908715718,,,,Data Review,False,补齐INN后再形成分子级商业建议
UNKNOWN_SKU_30881,False,13200.1,8956.356201668652,0.0,25598.23533621073,-0.3214933067424753,,,,Data Review,False,补齐INN后再形成分子级商业建议
ATROPA BELLADONNA*&+NATRII HYDROCARBONAS*,True,13093.57,11224.346609693035,0.0,27731.91923260242,-0.1427588801455189,0.0021432575395882,0.1778923059874849,0.0,Monitor,False,常规跟踪销量与生命周期信号
UNKNOWN_SKU_48812,False,13027.01,0.0,0.0,3564.9407820889373,-1.0,,,,Data Review,False,补齐INN后再形成分子级商业建议
CINEOLUM,True,13025.93,12132.626740844746,0.0,28554.922986706955,-0.0685788468965559,0.0002237568463974,0.0392464068389825,0.0,Market-led Growth,False,销量增长且同类份额变化不超过0.2个百分点
LECITHIN*,True,13011.69,12113.492825549838,6995.5600613522765,15674.241172630158,-0.0690300164275479,0.0001153304779794,0.0601107356130924,0.0,Market-led Growth,False,销量增长且同类份额变化不超过0.2个百分点
CORIANDRUM SATIVUM*&+HELICHRYSUM ARENARIUM*&+MENTHA PIPERITA+MENYANTHES TRIFOLIATA&,True,13005.88,10989.8689886414,5874.221491719647,14549.027384847042,-0.155007658947999,-0.0003919817845694,0.0333487722748407,0.0,At Risk,False,同类份额与预测销量同时下降，核查原因
EPOETINUM ALFA,True,12973.73,11586.989245440713,0.0,27943.47492238124,-0.1068883624492945,0.1045144408068881,0.584207682089565,0.0,Emerging Opportunity,False,机会概率位于前20%，份额上升且规模尚未进入前25%，先验证增长驱动
UNKNOWN_SKU_94679,False,12970.929999999998,10574.73045459486,5472.829961337406,14124.324516365046,-0.1847361403850872,,,,Data Review,False,补齐INN后再形成分子级商业建议
CEFEPIMUM+SULBACTAMUM,True,12959.69,18142.915477727976,0.0,34481.70038095854,0.3999498041795735,0.0013972609926102,0.0366418207435834,0.0,Market-led Growth,True,销量增长且同类份额变化不超过0.2个百分点
UNKNOWN_SKU_142316,False,12899.74,14075.639302093185,0.0,30338.842910173265,0.0911568219276655,,,,Data Review,False,补齐INN后再形成分子级商业建议
AESCINUM*+DIETHYLAMIN,True,12889.36,10356.185545883438,5286.369261178108,13883.45735415148,-0.1965322137108873,0.0179648611310049,0.5976368668338036,0.0,Emerging Opportunity,False,机会概率位于前20%，份额上升且规模尚未进入前25%，先验证增长驱动
PRASUGREL,True,12858.350000000002,9377.870559223084,0.0,25588.89218554707,-0.2706785427972421,0.0003709475339878,0.0309643539207744,0.0,Market-led Growth,False,销量增长且同类份额变化不超过0.2个百分点
PHYTOMENADIONUM,True,12848.6,13550.512711685344,8496.728697920124,17066.630234643257,0.0546295091827393,0.0003333830132457,0.1861911824857001,0.0,Monitor,False,常规跟踪销量与生命周期信号
UNKNOWN_SKU_402053,False,12842.23,11686.053314484789,0.0,27876.75183025288,-0.0900292772762373,,,,Data Review,False,补齐INN后再形成分子级商业建议
NATRII PENTOSANI POLYSULFAS,True,12809.92,14135.92064334574,0.0,30285.88468628127,0.1035135772390256,0.000728051085725,0.1324363185271787,0.0,Monitor,False,常规跟踪销量与生命周期信号
ELETRIPTANUM,True,12763.69,18479.89715624751,0.0,34571.5772413047,0.4478491060381055,0.0051650283198282,0.1344483750189277,0.0,Monitor,True,常规跟踪销量与生命周期信号
UNKNOWN_SKU_391094,False,12749.55,10579.708985076504,5564.884648362747,14068.720719026353,-0.1701896157059265,,,,Data Review,False,补齐INN后再形成分子级商业建议
VITAMIN C+VITAMIN B5+VITAMIN D3+VITAMIN PP+PYRIDOXINUM+RETINOLUM+VITAMIN B2+THIAMINUM+TOCOPHEROL*+VITAMIN B9+VITAMIN B12,True,12690.39,7759.340892211349,2767.7861617001618,11232.163040318525,-0.3885656081325043,-0.0006484453205034,0.2501390723857219,0.0,At Risk,False,同类份额与预测销量同时下降，核查原因
UNKNOWN_SKU_112242,False,12666.549999999996,1825.175075734557,0.0,17794.386987131744,-0.8559059036805952,,,,Data Review,False,补齐INN后再形成分子级商业建议
ACIDUM FUSIDICUM,True,12648.05,11689.918714286585,6715.017721547826,15151.154198016158,-0.0757532809969454,,,,Monitor,False,跨多个ATC3或不足3个同类INN，竞争份额不适用
UNKNOWN_SKU_402052,False,12565.21,8252.023629932626,0.0,24093.47226442324,-0.3432641690880912,,,,Data Review,False,补齐INN后再形成分子级商业建议
VACCINIUM MYRTILLUS *&,True,12540.58,11286.182880297967,6353.553432160128,14718.008377710566,-0.1000270417877028,,,,Monitor,False,跨多个ATC3或不足3个同类INN，竞争份额不适用
VIOLA TRICOLOR/ARVENSIS MURR.*&,True,12529.88,11204.561498194267,6276.140717844925,14633.458858884138,-0.1057726412228793,-4.488889585074285e-05,0.0454147056735238,0.0,At Risk,False,同类份额与预测销量同时下降，核查原因
TIMOLOLUM+TRAVOPROSTUM,True,12499.169999999998,13373.144161630804,0.0,29131.33360126341,0.0699225757894967,-0.0016374043922726,0.0444730790884701,0.0,Monitor,False,常规跟踪销量与生命周期信号
FLUDROCORTISONUM,True,12241.320000000002,13413.546243040557,0.0,28846.654165499684,0.0957597908592011,-3.794904388314821e-05,0.0348489788087854,0.0,Market-led Growth,False,销量增长且同类份额变化不超过0.2个百分点
BETACAROTENUM+MENADIONUM+RETINOLUM+TOCOPHEROLI ACETAS*,True,12237.619999999995,10316.5110890274,0.0,25744.954277674064,-0.1569838670405355,0.0002081233023523,0.0310088423984475,0.0,Market-led Growth,False,销量增长且同类份额变化不超过0.2个百分点
UNKNOWN_SKU_6979,False,12233.169999999998,12018.440108676092,7206.725292768344,15366.140511702337,-0.0175530865118286,,,,Data Review,False,补齐INN后再形成分子级商业建议
UNKNOWN_SKU_50841,False,12171.569999999998,11232.988005125286,0.0,26578.159391525263,-0.0771126481525975,,,,Data Review,False,补齐INN后再形成分子级商业建议
UNKNOWN_SKU_49876,False,12160.94,15243.803572743866,10460.499231075664,18571.737684603504,0.253505368231721,,,,Data Review,False,补齐INN后再形成分子级商业建议
HYDROXYPROGESTERONI CAPROAS,True,12115.95,8485.53771155601,0.0,23760.58680210496,-0.2996390946185805,-0.0012072268191226,0.0540140050278478,0.0,At Risk,False,同类份额与预测销量同时下降，核查原因
UNKNOWN_SKU_82619,False,12036.35,8107.358827316088,0.0,23282.05310395381,-0.3264271288790963,,,,Data Review,False,补齐INN后再形成分子级商业建议
CLONAZEPAMUM,True,12019.07,8898.455130001119,0.0,24051.3638389958,-0.2596386301102232,-0.0010141761580668,0.0342859680576443,0.0,At Risk,False,同类份额与预测销量同时下降，核查原因
CISPLATINUM,True,11938.4,6082.303248886141,0.0,21133.508153380597,-0.4905260965551379,0.0152534750569385,0.294341188885671,0.0,Monitor,False,常规跟踪销量与生命周期信号
AMMONIUM*+ANISUM VULGARE GAERTN.*&+GLYCYRRHIZA GLABRA/URALENSIS*&,True,11935.17,15677.226625587931,0.0,30724.359343537995,0.3135319082667387,0.0002780085431421,0.0384389516201805,0.0,Market-led Growth,False,销量增长且同类份额变化不超过0.2个百分点
FERRICUM CARBOXYMALTOSUM,True,11817.37,11203.03450480819,0.0,26101.652184080587,-0.0519858052334663,0.0520649070251931,0.3777436925983168,0.0,Monitor,False,常规跟踪销量与生命周期信号
KALII CHLORIDUM*+MAGNESII CHLORIDUM*+NATRII ACETAS*+NATRII CHLORIDUM*+SODIUM GLUCONATE,True,11745.21,11379.271806718016,0.0,26186.91456925883,-0.0311563772194779,0.0008294606018022,0.034696023809522,0.0,Market-led Growth,False,销量增长且同类份额变化不超过0.2个百分点
OLODATEROL+TIOTROPIUM BROMIDE,True,11577.569999999998,7368.67274501472,0.0,21964.96524368521,-0.3635389166280384,-0.005530913023115,0.4353006733249491,0.0,At Risk,False,同类份额与预测销量同时下降，核查原因
UNKNOWN_SKU_104320,False,11512.47,12642.542964007716,0.0,27156.761362356345,0.0981607738398202,,,,Data Review,False,补齐INN后再形成分子级商业建议
UNKNOWN_SKU_31747,False,11500.51,9776.59815550257,0.0,24275.738116987148,-0.1498987300995721,,,,Data Review,False,补齐INN后再形成分子级商业建议
UNKNOWN_SKU_136937,False,11456.319999999998,8164.221775323089,3658.068040863399,11299.331242550114,-0.2873608824366733,,,,Data Review,False,补齐INN后再形成分子级商业建议
UNKNOWN_SKU_49875,False,11455.8,5789.083217540134,1283.1340164682942,8924.050382795587,-0.4946591929380634,,,,Data Review,False,补齐INN后再形成分子级商业建议
TRIFLUSALUM,True,11442.19,11153.754418029032,0.0,25579.36808871835,-0.0252080748502659,9.58493481212579e-05,0.0308849801621718,0.0,Market-led Growth,False,销量增长且同类份额变化不超过0.2个百分点
HYDROXYCARBAMIDUM,True,11398.52,9384.376045500385,0.0,23754.933249814032,-0.176702234544451,0.0104959589559496,0.5041002544510337,0.0,Emerging Opportunity,False,机会概率位于前20%，份额上升且规模尚未进入前25%，先验证增长驱动
CAPSELLA BURSA-PASTORIS MEDIC.*&,True,11383.78,8596.989442279646,4119.368115425338,11712.247784472398,-0.2448036203897435,-0.0142886334474769,0.2611099704486028,0.0,At Risk,False,同类份额与预测销量同时下降，核查原因
UNKNOWN_SKU_562647,False,11375.71,744.8869911071205,0.0,15086.686741836413,-0.9345195164866966,,,,Data Review,False,补齐INN后再形成分子级商业建议
ALCLOMETASONUM,True,11281.11,11866.145460532623,0.0,26088.679314327223,0.0518597425725504,0.00567307133537,0.2813771128325555,0.0,Monitor,False,常规跟踪销量与生命周期信号
UNKNOWN_SKU_95264,False,11185.46,10013.14206741253,0.0,24115.086248460782,-0.1048073063233404,,,,Data Review,False,补齐INN后再形成分子级商业建议
UNKNOWN_SKU_69311,False,11096.080000000002,7991.638906259516,0.0,21980.89824726525,-0.2797781823617425,,,,Data Review,False,补齐INN后再形成分子级商业建议
UNKNOWN_SKU_193020,False,11088.51,9336.494640545345,4975.012877981655,12370.95009207267,-0.1580027757971681,,,,Data Review,False,补齐INN后再形成分子级商业建议
GLUTATHIONUM*,True,11024.49,10378.039753336683,0.0,24277.04279876572,-0.0586376554981968,0.0079734395876625,0.2895371859986421,0.0,Monitor,False,常规跟踪销量与生命周期信号
UNKNOWN_SKU_30879,False,10980.37,9393.125689782042,0.0,23236.504936344707,-0.1445528985105199,,,,Data Review,False,补齐INN后再形成分子级商业建议
UNKNOWN_SKU_122356,False,10940.61,9933.267734369469,0.0,23726.52000353125,-0.092073683791903,,,,Data Review,False,补齐INN后再形成分子级商业建议
ZONISAMIDUM,True,10912.27,14624.338836391857,0.0,28381.861766027963,0.3401738443414484,0.0038025723656705,0.2538872297125712,0.0,Monitor,True,常规跟踪销量与生命周期信号
UNKNOWN_SKU_91537,False,10823.389999999998,604.230289431282,0.0,3566.1336280679743,-0.9441736563654012,,,,Data Review,False,补齐INN后再形成分子级商业建议
LIDOCAINUM+PRILOCAINUM,True,10753.2,12237.382312211836,0.0,25794.35951007836,0.1380223851701667,0.005181695792207,0.1184654594561418,0.0,Monitor,False,常规跟踪销量与生命周期信号
UNKNOWN_SKU_66277,False,10719.16,15756.913560629462,0.0,29270.97520742139,0.4699765243386107,,,,Data Review,False,补齐INN后再形成分子级商业建议
AZELASTINUM,True,10665.840000000002,7852.83304535666,0.0,21299.67209569449,-0.2637398418355555,,,,Monitor,False,跨多个ATC3或不足3个同类INN，竞争份额不适用
UNKNOWN_SKU_97128,False,10573.54,7593.46138883765,3434.53454693214,10486.991366710445,-0.2818430356495885,,,,Data Review,False,补齐INN后再形成分子级商业建议
BIMATOPROST+TIMOLOLUM,True,10480.15,14659.590970801357,0.0,27872.323420697285,0.3987959113945272,0.002700499565752,0.1366030674961716,0.0,Monitor,False,常规跟踪销量与生命周期信号
THIOPENTALUM NATRIСUM,True,10457.03,468.4430285616379,0.0,13652.027195824054,-0.9552030520557332,-0.0574038526680156,0.3524209733839041,0.0,At Risk,False,同类份额与预测销量同时下降，核查原因
UNKNOWN_SKU_8965,False,10443.53,10016.16746209182,0.0,23182.73165463311,-0.0409212725877341,,,,Data Review,False,补齐INN后再形成分子级商业建议
PITAVASTATINUM,True,10389.15,12382.90555829074,0.0,25480.9107711776,0.1919074763855308,0.0003705557153518,0.0356391854645162,0.0,Market-led Growth,False,销量增长且同类份额变化不超过0.2个百分点
FILGRASTIMUM,True,10334.95,2586.6655289469995,0.0,5414.903531055699,-0.7497166866847929,-0.0079024605075588,0.271858955148069,0.0,At Risk,False,同类份额与预测销量同时下降，核查原因
LEDUM PALUSTRE*&,True,10318.010000000002,8497.153631423349,0.0,21505.469881224228,-0.176473599907022,0.0001050285014322,0.0338454359481463,0.0,Market-led Growth,False,销量增长且同类份额变化不超过0.2个百分点
ERGOCALCIFEROLUM,True,10222.580000000002,4157.835134686059,136.95259624326445,6955.322228053357,-0.5932694941310258,-0.0069167145428482,0.1575087379751601,0.0,At Risk,False,同类份额与预测销量同时下降，核查原因
UNKNOWN_SKU_128523,False,10196.95,4836.156284750516,0.0,17691.847487163293,-0.525725213446127,,,,Data Review,False,补齐INN后再形成分子级商业建议
BISMUTHI SUBGALLAS*+BUFEXAMACUM+LIDOCAINUM,True,10183.04,6960.451167393283,0.0,19798.60549214896,-0.3164662843911755,2.469623675131673e-05,0.0350161991193319,0.0,Market-led Growth,False,销量增长且同类份额变化不超过0.2个百分点
CLOMIFENUM,True,10158.55,9642.906130503388,0.0,22450.18496037608,-0.0507595935932404,-0.0976181589497079,0.5299228177992262,0.0,At Risk,False,同类份额与预测销量同时下降，核查原因
ACIDUM RISEDRONICUM,True,10064.94,9758.25391279283,0.0,22447.51497721037,-0.0304707317884825,0.0158721096321956,0.3247838646670447,0.0,Monitor,False,常规跟踪销量与生命周期信号
LEVOFLOXACINUM+ORNIDAZOLUM,True,10008.84,5161.826818620446,1225.0153692536742,7900.82232851896,-0.4842732206109353,-0.0086920081763842,0.2000167120446678,0.0,At Risk,False,同类份额与预测销量同时下降，核查原因
UNKNOWN_SKU_33063,False,9987.36,7772.472273187564,0.0,20363.92521620771,-0.2217690888094988,,,,Data Review,False,补齐INN后再形成分子级商业建议
UNKNOWN_SKU_298486,False,9977.99,8649.396234160346,0.0,21229.03605398516,-0.133152445115665,,,,Data Review,False,补齐INN后再形成分子级商业建议
UNKNOWN_SKU_347566,False,9951.36,4794.214930407249,880.0122870669106,7517.48059929432,-0.5182352029866019,,,,Data Review,False,补齐INN后再形成分子级商业建议
MEDROXYPROGESTERONUM,True,9941.24,8309.56416975744,0.0,20842.87183617475,-0.1641320227901711,,,,Monitor,False,跨多个ATC3或不足3个同类INN，竞争份额不适用
UNKNOWN_SKU_84849,False,9940.35,6891.835265872031,0.0,19424.020874696616,-0.306680824531125,,,,Data Review,False,补齐INN后再形成分子级商业建议
ORLISTATUM,True,9884.88,1456.8194206016549,0.0,13919.07184440544,-0.8526214359100308,,,,Monitor,False,跨多个ATC3或不足3个同类INN，竞争份额不适用
UNKNOWN_SKU_66440,False,9816.27,7957.804169491253,0.0,20333.55729954568,-0.1893250522355994,,,,Data Review,False,补齐INN后再形成分子级商业建议
KALII CHLORIDUM*+MACROGOLUM+NATRII CHLORIDUM*+NATRII HYDROCARBONAS*,True,9810.95,3343.920518055807,0.0,15712.966517331242,-0.6591644521625524,0.0005768805666404,0.2199389238694107,0.0,Market-led Growth,False,销量增长且同类份额变化不超过0.2个百分点
UNKNOWN_SKU_5260,False,9804.76,7703.878243432371,3847.3382821288287,10387.025702641686,-0.2142716146614123,,,,Data Review,False,补齐INN后再形成分子级商业建议
MAGALDRATUM,True,9755.69,10825.997274263524,0.0,23125.37484368049,0.1097110787923276,0.0015207812317924,0.1534678272928849,0.0,Market-led Growth,False,销量增长且同类份额变化不超过0.2个百分点
UNKNOWN_SKU_428842,False,9731.46,12094.002937467549,0.0,24362.832804107264,0.2427737397541114,,,,Data Review,False,补齐INN后再形成分子级商业建议
UNKNOWN_SKU_86100,False,9714.54,8853.932813352645,0.0,21101.430978341883,-0.0885895973095333,,,,Data Review,False,补齐INN后再形成分子级商业建议
UNKNOWN_SKU_13963,False,9689.11,7358.14052761236,3547.089578434026,10009.63948102882,-0.2405762213854151,,,,Data Review,False,补齐INN后再形成分子级商业建议
MIFEPRISTONUM,True,9633.83,374.63751520968754,0.0,3011.008674417508,-0.9611122974756988,-0.0208568232344317,0.2620867124000157,0.0,At Risk,False,同类份额与预测销量同时下降，核查原因
UNKNOWN_SKU_903466,False,9614.479999999998,16092.3869551831,0.0,28213.73558901709,0.6737657112171542,,,,Data Review,True,补齐INN后再形成分子级商业建议
UNKNOWN_SKU_90901,False,9610.88,12590.863463755544,8810.582989445822,15220.954180179568,0.3100635387972321,,,,Data Review,False,补齐INN后再形成分子级商业建议
MESTEROLONUM,True,9543.48,54.28377730444731,0.0,12086.11995149401,-0.9943119514784494,,,,Monitor,False,跨多个ATC3或不足3个同类INN，竞争份额不适用
NATRII AMIDOTRIZOAS,True,9498.04,8664.824095972637,0.0,20639.372295989764,-0.0877250363261644,0.019581325340512,0.3442635680375492,0.0,Monitor,False,常规跟踪销量与生命周期信号
UNKNOWN_SKU_51972,False,9481.44,8358.1902263742,0.0,20311.810161178684,-0.1184682678607681,,,,Data Review,False,补齐INN后再形成分子级商业建议
UNKNOWN_SKU_66473,False,9397.21,6753.167604175005,0.0,18600.595504108354,-0.2813646173518517,,,,Data Review,False,补齐INN后再形成分子级商业建议
UNKNOWN_SKU_88911,False,9382.89,5729.558612776078,2038.9542290364047,8297.258124394973,-0.389360995090417,,,,Data Review,False,补齐INN后再形成分子级商业建议
LIDOCAINUM+METRONIDAZOLUM+MICONAZOLUM,True,9364.36,9502.095883942631,0.0,21308.10851205458,0.0147085208110999,0.0033620042215615,0.0486827193549987,0.0,Monitor,False,常规跟踪销量与生命周期信号
EUCALYPTUS VIMINALIS*&+MENTHA PIPERITA+SALVIA OFFICINALIS*&+SULFANILAMIDUM+SULFATHIAZOLUM+THYMOL,True,9253.54,373.2578216206591,0.0,2905.559717811056,-0.959663240055086,-0.0005983938742258,0.0305199772886034,0.0,At Risk,False,同类份额与预测销量同时下降，核查原因
AZTREONAMUM,True,9250.82,13899.470354645768,0.0,25562.33869165871,0.5025122480651194,0.0006857270144557,0.0339646511074505,0.0,Market-led Growth,True,销量增长且同类份额变化不超过0.2个百分点
UNKNOWN_SKU_199519,False,9184.53,8819.60609728991,0.0,20398.90005472779,-0.0397324525816877,,,,Data Review,False,补齐INN后再形成分子级商业建议
IMIQUIMODUM,True,9118.03,9413.3283571117,0.0,20908.78317981219,0.0323862015272704,0.0006289671769279,0.0664430791899271,0.0,Market-led Growth,False,销量增长且同类份额变化不超过0.2个百分点
BIDENS TRIPARTITES*&+HYPERICUM PERFORATUM*&+ROSA L.*&+VACCINIUM VITIS-IDAEA*&,True,9113.53,5117.309141153285,0.0,16607.090638946735,-0.4384931918638239,-0.0003723019615405,0.0323135722520294,0.0,At Risk,False,同类份额与预测销量同时下降，核查原因
UNKNOWN_SKU_194713,False,9072.97,10107.960361001791,0.0,21546.606290299773,0.1140740420173098,,,,Data Review,False,补齐INN后再形成分子级商业建议
SOLIFENACINUM+TAMSULOSINUM,True,9021.42,14485.639546249107,0.0,25859.29438688976,0.6056939535293897,0.0018029791428147,0.1368307753878746,0.0,Market-led Growth,False,销量增长且同类份额变化不超过0.2个百分点
UNKNOWN_SKU_67683,False,9015.95,6920.1629952336025,3373.888383298719,9387.446573297544,-0.2324532639118891,,,,Data Review,False,补齐INN后再形成分子级商业建议
SAXAGLIPTINUM,True,9006.680000000002,8262.216443924612,0.0,19617.287993647533,-0.0826568231662933,-0.040749992412098,0.3447544878046413,0.0,At Risk,False,同类份额与预测销量同时下降，核查原因
HYDROXYETHYLAMYLUM*,True,8970.220000000001,9595.832254719462,6067.544780912427,12050.601469014213,0.0697432453963737,-0.0332803214243531,0.4224628503133789,0.0,Monitor,False,常规跟踪销量与生命周期信号
LOPERAMIDUM+SIMETICONUM,True,8963.880000000001,9790.881283917255,0.0,21091.99321007987,0.0922592988658099,,,,Monitor,False,跨多个ATC3或不足3个同类INN，竞争份额不适用
PACLITAXELUM,True,8949.57,1296.858886281609,0.0,12579.929639239828,-0.8550926037472628,-0.0028440503212119,0.5438432390410656,0.0,At Risk,False,同类份额与预测销量同时下降，核查原因
UNKNOWN_SKU_33065,False,8930.300000000001,6685.579549737744,0.0,17944.355864705147,-0.2513600271281208,,,,Data Review,False,补齐INN后再形成分子级商业建议
CICLOSPORINUM,True,8889.679999999998,11356.154938089638,0.0,22563.720040229477,0.2774537371524779,,,,Monitor,False,跨多个ATC3或不足3个同类INN，竞争份额不适用
VILANTEROLUM+UMECLIDINII BROMIDUM*,True,8885.05,6463.463558950343,0.0,17665.191440130267,-0.2725461804997896,-0.0057623828839251,0.3942681289103565,0.0,At Risk,False,同类份额与预测销量同时下降，核查原因
METFORMINUM+SAXAGLIPTINUM,True,8868.67,6677.899321810392,0.0,17858.976300328686,-0.247023587323647,-0.003808291102596,0.0405079440471927,0.0,At Risk,False,同类份额与预测销量同时下降，核查原因
NADROPARINUM CALCICUM,True,8867.49,3858.631296860179,370.7509671571015,6285.287662040357,-0.5648564253401831,0.0024478038275497,0.3405842992644435,0.0,Monitor,False,常规跟踪销量与生命周期信号
NICOBOXILUM+NONIVAMIDUM,True,8823.21,3909.911614374727,439.44808931414127,6324.450419360286,-0.5568606420594402,-0.0174590866823589,0.1164311634212432,0.0,At Risk,False,同类份额与预测销量同时下降，核查原因
HYPERICUM PERFORATUM/QUADRANGULUM*&+MATRICARIA CHAMOMILLA*&+HELICHRYSUM ARENARIUM*&,True,8784.619999999999,12509.798096772569,0.0,23584.909973416005,0.4240568284994193,-0.0002690658846747,0.0349639371272092,0.0,Monitor,False,常规跟踪销量与生命周期信号
UNKNOWN_SKU_64420,False,8745.18,7144.222652287206,0.0,18169.6109879676,-0.1830673980081364,,,,Data Review,False,补齐INN后再形成分子级商业建议
UNKNOWN_SKU_66470,False,8718.36,13365.352802981984,0.0,24356.928122216406,0.5330122641164146,,,,Data Review,False,补齐INN后再形成分子级商业建议
UNKNOWN_SKU_29410,False,8710.95,11006.528135368711,0.0,21988.761379589545,0.263527874154795,,,,Data Review,False,补齐INN后再形成分子级商业建议
CEFALEXINUM,True,8692.779999999999,12823.066984534214,9403.905939815098,15201.912623842623,0.475139941944259,4.801172177207173e-05,0.0528561073915716,0.0,Monitor,False,常规跟踪销量与生命周期信号
REPAGLINIDUM,True,8686.6,8802.802857016064,0.0,19754.33710979546,0.0133772542785512,-4.92624220759778e-05,0.0305087109092789,0.0,Monitor,False,常规跟踪销量与生命周期信号
UNKNOWN_SKU_5436,False,8657.59,5711.867690704258,0.0,16626.827908916257,-0.3402473793856884,,,,Data Review,False,补齐INN后再形成分子级商业建议
AESCULUS HIPPOCASTANUM L.*&,True,8605.189999999999,7087.906988478978,0.0,17936.804489995644,-0.1763218489680089,0.0007260523989416,0.0348893112026494,0.0,Monitor,False,常规跟踪销量与生命周期信号
FOSFOCREATININUM,True,8566.039999999999,7147.424797080624,0.0,17946.96437190603,-0.1656092200035693,0.0002121646788601,0.0296697299979015,0.0,Market-led Growth,False,销量增长且同类份额变化不超过0.2个百分点
CODEINUM*+IBUPROFENUM,True,8481.27,12727.175430545602,0.0,23419.84217151103,0.5006214199696037,6.556737575754605e-07,0.0318432212490034,0.0,Market-led Growth,False,销量增长且同类份额变化不超过0.2个百分点
DESVENLAFAXINUM,True,8415.25,10272.266972347785,0.0,20881.69973323257,0.2206728228332828,-0.0022650731860284,0.0459196705989952,0.0,Monitor,False,常规跟踪销量与生命周期信号
UNKNOWN_SKU_175732,False,8414.62,6841.482691283497,0.0,17450.1211866813,-0.186952864029095,,,,Data Review,False,补齐INN后再形成分子级商业建议
UNKNOWN_SKU_66475,False,8303.16,5693.28428773285,0.0,16161.400828877571,-0.3143231868670662,,,,Data Review,False,补齐INN后再形成分子级商业建议
SEQUIFENADINUM,True,8275.210000000001,7201.32049232849,0.0,17634.199382106144,-0.1297718737858628,-0.0001355923166464,0.0295435417943724,0.0,At Risk,False,同类份额与预测销量同时下降，核查原因
PHLOROGLUCINOLUM,True,8271.71,7936.074453164804,0.0,18364.540756903647,-0.040576319386825,0.0011631248750402,0.0347893243210531,0.0,Market-led Growth,False,销量增长且同类份额变化不超过0.2个百分点
BIBROCATHOL,True,8230.250000000002,7080.796850633338,0.0,17456.992920895307,-0.1396619968247213,0.0040834681581664,0.1982494106296979,0.0,Monitor,False,常规跟踪销量与生命周期信号
URTICA DIOICA*&+FRANGULA ALNUS*&+ACHILLEA MILLEFOLIUM*&,True,8219.52,6468.1322183260845,0.0,16830.800560531927,-0.213076649448376,-0.0003691945749588,0.0294020315617802,0.0,At Risk,False,同类份额与预测销量同时下降，核查原因
MAGNESII OXYDUM*,True,8168.23,8795.616264799544,0.0,19093.6213104538,0.0768081046688871,-0.0007857126126559,0.0546056274138447,0.0,Monitor,False,常规跟踪销量与生命周期信号
TIBOLONUM,True,8166.199999999999,9866.7080698685,0.0,20162.15381562024,0.2082373772217802,0.0121668987088187,0.3061461567681722,0.0,Monitor,False,常规跟踪销量与生命周期信号
SYMPHYTUM OFFICINALE*,True,8162.6,5183.849789735685,0.0,15474.756875561792,-0.3649266422787244,,,,Monitor,False,跨多个ATC3或不足3个同类INN，竞争份额不适用
UDENAFILUM,True,8147.62,6027.75564410186,0.0,16299.77686168186,-0.2601820354776168,-0.0013938180783203,0.032402621125961,0.0,At Risk,False,同类份额与预测销量同时下降，核查原因
MANNITOLI HEXANITRAS+SORBITOL*,True,8144.54,8773.271914564284,0.0,19041.410056430133,0.0771967372699113,,,,Monitor,False,跨多个ATC3或不足3个同类INN，竞争份额不适用
ACORUS CALAMUS+ANETHUM GRAVEOLENS+GLYCYRRHIZA GLABRA/URALENSIS+MATRICARIA CHAMOMILLA+MENTHA PIPERITA,True,8111.639999999999,4764.336673670638,1573.7574232138943,6984.148913441999,-0.4126543246901195,-0.0006261436837822,0.0383292917672565,0.0,At Risk,False,同类份额与预测销量同时下降，核查原因
UNKNOWN_SKU_128583,False,8071.36,13644.183658345975,0.0,23820.060929834646,0.6904441950731943,,,,Data Review,True,补齐INN后再形成分子级商业建议
ANETHUM GRAVEOLENS+ARCTOSTAPHYLOS UVA-URSI+CALENDULA+ELEUTHEROCOCCUS SENTICOSUS+MENTHA PIPERITA,True,8061.059999999999,2459.974153860768,0.0,4665.944790320389,-0.6948324223041674,-0.0009757971338369,0.0299217429534212,0.0,At Risk,False,同类份额与预测销量同时下降，核查原因
LIDOCAINUM+NIFEDIPINUM,True,8056.789999999999,27433.657400730903,0.0,37591.16570690944,2.4050356780716524,0.0036928184167547,0.3597943168778137,0.0,Monitor,True,常规跟踪销量与生命周期信号
FLUVOXAMINUM,True,8055.26,9379.441498141798,0.0,19535.020873851943,0.1643871828025163,7.25809283979098e-05,0.0441180729680443,0.0,Market-led Growth,False,销量增长且同类份额变化不超过0.2个百分点
HYDROTALCITUM+MAGNESII HYDROXIDE*,True,8038.73,10783.893914128415,0.0,20918.633276346693,0.3414922399593487,0.0009430642570071,0.1038119499674381,0.0,Market-led Growth,False,销量增长且同类份额变化不超过0.2个百分点
CYCLOPHOSPHAMIDUM,True,8020.359999999999,3611.9862067528143,0.0,13723.565795961678,-0.5496478703259187,-0.0329929525437963,0.4124592949732654,0.0,At Risk,False,同类份额与预测销量同时下降，核查原因
UNKNOWN_SKU_94694,False,7994.07,8256.773365852552,0.0,18335.20813021561,0.0328622798965423,,,,Data Review,False,补齐INN后再形成分子级商业建议
EUCALYPTUS VIMINALIS*&+GLYCEROLUM+MENTHOLUM*,True,7988.369999999999,7532.252793246959,0.0,17603.501346061097,-0.0570976565623575,0.00010360490288,0.0349663402332896,0.0,Market-led Growth,False,销量增长且同类份额变化不超过0.2个百分点
UNKNOWN_SKU_305255,False,7981.360000000001,5901.087398386,0.0,15963.49817173384,-0.2606413695929015,,,,Data Review,False,补齐INN后再形成分子级商业建议
UNKNOWN_SKU_125449,False,7957.779999999999,2537.501102093637,0.0,4715.208377737987,-0.6811295232974979,,,,Data Review,False,补齐INN后再形成分子级商业建议
ASCORBIC ACID+KALII CHLORIDUM*+MACROGOLUM+NATRII CHLORIDUM*+NATRII SULFAS*+SODIUM ASCORBATUM,True,7920.53,10541.29353300692,0.0,20527.01356100024,0.3308823441116846,0.0015874257790822,0.0958466867752652,0.0,Market-led Growth,False,销量增长且同类份额变化不超过0.2个百分点
UNKNOWN_SKU_177334,False,7883.73,16368.009886302312,0.0,26307.33472394471,1.076175856644293,,,,Data Review,False,补齐INN后再形成分子级商业建议
CHLORAMPHENICOLUM+LIDOCAINUM+METRONIDAZOLUM,True,7881.690000000001,9805.041963117852,0.0,19741.794893469065,0.2440278624403966,-0.0021308484531275,0.256325701922699,0.0,Monitor,False,常规跟踪销量与生命周期信号
PROPOFOLUM,True,7868.87,2959.9129343314144,0.0,12880.503192391896,-0.6238452364403766,-0.0015008018746914,0.5905830835142437,0.0,At Risk,False,同类份额与预测销量同时下降，核查原因
CAPECITABINUM,True,7856.600000000001,5099.233158729005,0.0,15004.354150876288,-0.3509618462529588,-0.0931287395097737,0.4877583964786269,0.0,At Risk,False,同类份额与预测销量同时下降，核查原因
LIDOCAINUM+MATRICARIA CHAMOMILLA*&+POLIDOCANOLUM,True,7833.5,3057.934130995213,0.0,12933.932055286346,-0.6096337357509143,-0.0011073082784976,0.0340998777432354,0.0,At Risk,False,同类份额与预测销量同时下降，核查原因
CALCITRIOLUM,True,7759.379999999999,9777.729624226988,0.0,19560.281583604803,0.2601173836346446,0.1153256880280015,0.5133280179195299,0.0,Emerging Opportunity,True,机会概率位于前20%，份额上升且规模尚未进入前25%，先验证增长驱动
UNKNOWN_SKU_62432,False,7641.24,4792.4978713498185,1786.9426702116898,6883.58155837618,-0.372811497695424,,,,Data Review,False,补齐INN后再形成分子级商业建议
ACIDUM GLYCYRRHIZICUM+CYSTEINUM+GLYCINUM,True,7568.33,6995.215631501765,0.0,16536.903430103965,-0.075725340794896,-3.389160864766252e-05,0.0325328806173251,0.0,At Risk,False,同类份额与预测销量同时下降，核查原因
AMLODIPINUM+ATENOLOLUM,True,7517.110000000001,6952.551172509663,0.0,16429.663926281046,-0.0751031749555797,-0.0021435990658777,0.040686763558579,0.0,At Risk,False,同类份额与预测销量同时下降，核查原因
UNKNOWN_SKU_678068,False,7500.41,9507.16809073578,0.0,18963.226505407696,0.2675531191942546,,,,Data Review,True,补齐INN后再形成分子级商业建议
ALPROSTADILUM,True,7452.469999999999,7506.873554374551,0.0,16902.49214770345,0.0073000702283338,0.0001696209541216,0.0470910790360177,0.0,Market-led Growth,False,销量增长且同类份额变化不超过0.2个百分点
ECTERICIDUM*,True,7430.360000000001,3939.441334144489,0.0,13307.184991096794,-0.4698182410886568,-3.2645234496746006e-05,0.0304722591863056,0.0,At Risk,False,同类份额与预测销量同时下降，核查原因
MAHONIA AQUIFOLIUM NUTT.*&,True,7358.25,8165.815124568213,0.0,17442.646901732347,0.1097496177172849,-0.2573467624545878,0.5626075929613332,0.0,Monitor,False,常规跟踪销量与生命周期信号
UNKNOWN_SKU_97920,False,7350.58,3594.606433414021,703.3775294165143,5606.148791484468,-0.5109764898261061,,,,Data Review,False,补齐INN后再形成分子级商业建议
CALCII FOLINAS,True,7312.919999999999,8559.098641940793,0.0,17778.781126207992,0.1704078045350958,0.050314439999664,0.3397185001692385,0.0,Monitor,False,常规跟踪销量与生命周期信号
UNKNOWN_SKU_68079,False,7294.959999999999,4825.419996421494,0.0,14022.459610615257,-0.3385268738387195,,,,Data Review,False,补齐INN后再形成分子级商业建议
DEXPANTHENOLUM+HEPARINUM NATRICUM+TROXERUTINUM,True,7286.380000000001,8784.098540412859,0.0,17970.3210151172,0.2055504297624961,0.0024326187071504,0.0448419176025062,0.0,Monitor,False,常规跟踪销量与生命周期信号
LEVODOPUM+BENSERAZIDUM,True,7283.999999999999,6520.4234140433255,0.0,15703.645330241272,-0.1048292951615422,-0.0101864821680821,0.3448826512271753,0.0,At Risk,False,同类份额与预测销量同时下降，核查原因
UNKNOWN_SKU_741016,False,7281.09,7572.918841747126,0.0,16752.47200783852,0.0400803783152146,,,,Data Review,False,补齐INN后再形成分子级商业建议
ACIDUM GLYCYRRHIZICUM,True,7276.959999999999,6661.048568542667,0.0,15835.394883108263,-0.0846385621821931,0.0028209756396594,0.0451065305344204,0.0,Monitor,False,常规跟踪销量与生命周期信号
UNKNOWN_SKU_49143,False,7223.43,15976.401811236832,13135.185253903572,17953.148600681587,1.2117473016609606,,,,Data Review,False,补齐INN后再形成分子级商业建议
SOMATROPINUM,True,7183.7,2553.335679239326,0.0,11610.105486953658,-0.6445653800632924,,,,Monitor,False,跨多个ATC3或不足3个同类INN，竞争份额不适用
LYNESTRENOLUM,True,7154.68,4050.16919795228,0.0,13070.352363710535,-0.4339132989941856,-0.0016107041370755,0.0383386642623659,0.0,At Risk,False,同类份额与预测销量同时下降，核查原因
CYPROHEPTADINUM,True,7128.0,8136.095889977569,0.0,17122.64254273141,0.1414275939923637,0.0002386158142006,0.0310385469356134,0.0,Market-led Growth,False,销量增长且同类份额变化不超过0.2个百分点
LIDOCAINUM+MATRICARIA CHAMOMILLA,True,7124.469999999999,4561.971967116946,0.0,13544.068211665928,-0.3596756015371043,0.0005039477914468,0.0349827310932186,0.0,Market-led Growth,False,销量增长且同类份额变化不超过0.2个百分点
UNKNOWN_SKU_448035,False,7119.609999999999,7323.527543899364,0.0,16299.49659754874,0.0286416733359502,,,,Data Review,False,补齐INN后再形成分子级商业建议
UNKNOWN_SKU_126053,False,6962.1,6677.04798048213,0.0,15454.438054996372,-0.0409433963197699,,,,Data Review,False,补齐INN后再形成分子级商业建议
UNKNOWN_SKU_408131,False,6960.900000000001,3130.185614891921,392.2308850833556,5035.089064727523,-0.5503188359419154,,,,Data Review,False,补齐INN后再形成分子级商业建议
UNKNOWN_SKU_33849,False,6876.119999999999,5949.036464424336,0.0,14618.028211048037,-0.1348265497948935,,,,Data Review,False,补齐INN后再形成分子级商业建议
CHYMOTRYPSINUM,True,6831.7300000000005,6051.362082438675,0.0,14664.389630701582,-0.1142269846087777,,,,Monitor,False,跨多个ATC3或不足3个同类INN，竞争份额不适用
UNKNOWN_SKU_66541,False,6773.669999999999,6129.916032431619,0.0,14669.745082005007,-0.095037692649388,,,,Data Review,False,补齐INN后再形成分子级商业建议
FLUOCINOLONI ACETONIDUM+NEOMYCINUM,True,6759.48,6377.4800203442055,0.0,14899.419185377388,-0.0565132199009086,-0.0009976169280983,0.034860375238264,0.0,At Risk,False,同类份额与预测销量同时下降，核查原因
UNKNOWN_SKU_10596,False,6755.880000000001,10266.805641588728,0.0,18784.20614669628,0.5196844292066654,,,,Data Review,False,补齐INN后再形成分子级商业建议
UNKNOWN_SKU_189173,False,6753.540000000001,1357.236924714487,0.0,9871.687300870375,-0.7990332588961513,,,,Data Review,False,补齐INN后再形成分子级商业建议
PHENYLBUTAZONUM,True,6748.58,6837.36559447129,0.0,15345.56270584075,0.0131561890755225,1.6587354432584826e-05,0.0306332627512781,0.0,Market-led Growth,False,销量增长且同类份额变化不超过0.2个百分点
ACIDUM MYCOPHENOLICUM,True,6713.370000000001,8025.922533815172,0.0,16489.729029634203,0.1955132122637619,0.0141746625571196,0.3541188000928487,0.0,Monitor,False,常规跟踪销量与生命周期信号
UNKNOWN_SKU_95263,False,6684.85,3142.8722825399477,513.4972483402335,4972.232541505529,-0.5298514876863434,,,,Data Review,False,补齐INN后再形成分子级商业建议
UNKNOWN_SKU_168103,False,6658.370000000001,9867.193940887902,0.0,18261.65979895421,0.4819233447357087,,,,Data Review,False,补齐INN后再形成分子级商业建议
UNKNOWN_SKU_12156,False,6635.03,3922.758006992836,1312.978844683117,5738.484642451284,-0.4087806676092141,,,,Data Review,False,补齐INN后再形成分子级商业建议
PHENOBARBITALUM,True,6616.99,6285.909844722448,0.0,14628.20632842133,-0.0500348580362902,0.0005062293099703,0.0383424833599482,0.0,Market-led Growth,False,销量增长且同类份额变化不超过0.2个百分点
LEVODOPUM+CARBIDOPUM+ENTACAPONUM,True,6598.62,6672.888202967461,0.0,14992.024913656933,0.0112551113668406,-0.008795070799113,0.3387755937405446,0.0,Monitor,False,常规跟踪销量与生命周期信号
UNKNOWN_SKU_13957,False,6596.089999999999,2447.1771389516853,0.0,10763.124180304529,-0.628995793121124,,,,Data Review,False,补齐INN后再形成分子级商业建议
UNKNOWN_SKU_66534,False,6586.34,4747.351146039586,0.0,13051.005983427174,-0.2792125602323011,,,,Data Review,False,补齐INN后再形成分子级商业建议
HUMULUS LUPULUS*&+VALERIANA OFFICINALIS*&,True,6569.85,5809.27471933573,0.0,14092.139972786184,-0.1157675259959162,7.507939282166563e-05,0.0401799851777615,0.0,Monitor,False,常规跟踪销量与生命周期信号
TIAPRIDUM,True,6512.400000000001,6313.2452863139415,0.0,14523.681091784496,-0.0305808478726827,0.0032352613169818,0.1010749515253524,0.0,Monitor,False,常规跟踪销量与生命周期信号
DOXORUBICINUM,True,6496.789999999999,4299.093645667486,0.0,12489.849317404947,-0.3382741868418886,-0.0890329560418269,0.3671574777907885,0.0,At Risk,False,同类份额与预测销量同时下降，核查原因
ACHILLEA MILLEFOLIUM+CALENDULA+MATRICARIA CHAMOMILLA+MENTHA PIPERITA+TANACETUM VULG.,True,6411.19,3236.077994013518,0.0,11318.914418630366,-0.4952453454017869,-0.0004400720984322,0.0322179520186819,0.0,At Risk,False,同类份额与预测销量同时下降，核查原因
UNKNOWN_SKU_84642,False,6401.019999999999,5468.984791979452,0.0,13538.999502306386,-0.1456072950905553,,,,Data Review,False,补齐INN后再形成分子级商业建议
UNKNOWN_SKU_83098,False,6380.23,8875.053897034064,0.0,16918.857846290466,0.3910241318940013,,,,Data Review,False,补齐INN后再形成分子级商业建议
LATANOPROSTENUM BUNOD,True,6375.1900000000005,768.9354014173396,0.0,8806.385226777857,-0.879386276892557,0.0010530875661799,0.2302040164161311,0.0,Market-led Growth,False,销量增长且同类份额变化不超过0.2个百分点
UNKNOWN_SKU_501788,False,6316.22,5681.964023856166,0.0,13645.068078157074,-0.1004170177960606,,,,Data Review,False,补齐INN后再形成分子级商业建议
UNKNOWN_SKU_193452,False,6236.17,5028.246688206355,0.0,12890.428596105334,-0.1936963411506813,,,,Data Review,False,补齐INN后再形成分子级商业建议
UNKNOWN_SKU_5471,False,6226.92,7253.565551472448,0.0,15104.085624840283,0.1648721280299807,,,,Data Review,False,补齐INN后再形成分子级商业建议
UNKNOWN_SKU_-173007,False,6172.33,8058.126784743078,0.0,15839.82312329416,0.3055242971038616,,,,Data Review,True,补齐INN后再形成分子级商业建议
CHLORZOXAZONE+DICLOFENACUM+PARACETAMOLUM,True,6117.18,13852.884662407254,0.0,21565.05125237537,1.264586731534343,0.0004088357717174,0.0463755633426653,0.0,Market-led Growth,True,销量增长且同类份额变化不超过0.2个百分点
CAMPHORA*+EUCALYPTUS VIMINALIS*&+LEVOMENTHOLUM+PINUS SILVESTRIS*&,True,6090.349999999999,583.251488182088,0.0,8261.592454315554,-0.9042335024781682,-0.0009786003214606,0.035886318417248,0.0,At Risk,False,同类份额与预测销量同时下降，核查原因
UNKNOWN_SKU_175505,False,6057.77,9582.068853579034,0.0,17219.33494738552,0.5817815555194459,,,,Data Review,False,补齐INN后再形成分子级商业建议
UNKNOWN_SKU_88076,False,5987.219999999999,5451.176508491815,0.0,12999.49747514457,-0.0895312835519964,,,,Data Review,False,补齐INN后再形成分子级商业建议
UNKNOWN_SKU_26526,False,5950.09,5635.585896097782,0.0,13137.095628573104,-0.0528570330704607,,,,Data Review,False,补齐INN后再形成分子级商业建议
UNKNOWN_SKU_366063,False,5893.389999999999,3399.792312618301,0.0,10829.8181512649,-0.4231177110935639,,,,Data Review,False,补齐INN后再形成分子级商业建议
UNKNOWN_SKU_404672,False,5873.35,6616.66331613782,0.0,14021.42394786506,0.1265569591694382,,,,Data Review,True,补齐INN后再形成分子级商业建议
PARECOXIBUM,True,5842.85,3249.3087047033014,0.0,10615.616800949483,-0.4438829159223151,-0.0023400039625211,0.0680818818506592,0.0,At Risk,False,同类份额与预测销量同时下降，核查原因
PROMESTRIENUM,True,5841.889999999999,10854.510155201437,0.0,18219.607942134116,0.8580476789534612,0.0318125507411619,0.3419686581156659,0.0,Monitor,True,常规跟踪销量与生命周期信号
ACIDUM GADOTERICUM,True,5811.93,6977.1720148432505,0.0,14304.498065283717,0.2004914055818376,-0.1576200520646327,0.3232057945501711,0.0,Monitor,False,常规跟踪销量与生命周期信号
AZATHIOPRINUM,True,5783.110000000001,6954.039126482456,0.0,14245.03068274049,0.2024739502590224,0.0045006126379722,0.2597405944836023,0.0,Monitor,False,常规跟踪销量与生命周期信号
UNKNOWN_SKU_501110,False,5735.92,9093.75249436514,0.0,16325.249783431327,0.5854043456612259,,,,Data Review,True,补齐INN后再形成分子级商业建议
CHORIOGONADOTROPINUM ALFA,True,5705.619999999999,4387.900268292632,0.0,11581.197169651408,-0.2309511905292268,-0.0677282933774526,0.5863193003767433,0.0,At Risk,False,同类份额与预测销量同时下降，核查原因
SERENOA REPENS*&,True,5654.77,6492.728474740828,0.0,13621.916804650034,0.1481861286561308,0.0004158278440273,0.2922269221012651,0.0,Monitor,False,常规跟踪销量与生命周期信号
STROPHANTINUM*,True,5627.27,4089.147980205916,0.0,11183.66599123876,-0.2733336093334929,-0.0008295400989854,0.0759245418329761,0.0,At Risk,False,同类份额与预测销量同时下降，核查原因
UNKNOWN_SKU_122221,False,5570.73,3205.666809955099,0.0,10228.902645378132,-0.42455175354844,,,,Data Review,False,补齐INN后再形成分子级商业建议
FLADEXANUM*,True,5566.910000000001,4353.090352338651,0.0,11371.510165285044,-0.2180419025386344,-0.0002059698354177,0.0597295701865936,0.0,At Risk,False,同类份额与预测销量同时下降，核查原因
UNKNOWN_SKU_8788,False,5561.620000000001,6028.424775157635,0.0,13040.175279491084,0.0839332380057671,,,,Data Review,False,补齐INN后再形成分子级商业建议
UNKNOWN_SKU_98804,False,5557.579999999999,4207.004610586748,0.0,11213.661729892538,-0.2430150154227652,,,,Data Review,False,补齐INN后再形成分子级商业建议
LACOSAMIDUM,True,5507.9400000000005,10083.10778445665,0.0,17027.181826343432,0.8306495322128871,0.0053448944046083,0.2348833540725979,0.0,Monitor,False,常规跟踪销量与生命周期信号
UNKNOWN_SKU_44979,False,5493.58,5279.684017072563,0.0,12205.653848811542,-0.0389356272098407,,,,Data Review,False,补齐INN后再形成分子级商业建议
TINIDAZOLUM,True,5456.12,0.0,0.0,1493.1089098704224,-1.0,-0.0133922908526068,0.1766709742756673,0.0,At Risk,False,同类份额与预测销量同时下降，核查原因
LOMEFLOXACINUM,True,5434.81,2948.806739005156,0.0,9800.682947458172,-0.4574222946146864,-0.0010339344555152,0.0310835442984636,0.0,At Risk,False,同类份额与预测销量同时下降，核查原因
UNKNOWN_SKU_31450,False,5360.65,4718.044181295386,0.0,11476.423995280356,-0.1198746082479949,,,,Data Review,False,补齐INN后再形成分子级商业建议
UNKNOWN_SKU_67585,False,5355.48,3843.004258596148,0.0,10594.866052632362,-0.2824164671334505,,,,Data Review,False,补齐INN后再形成分子级商业建议
CITALOPRAM,True,5339.969999999999,5730.837370483201,0.0,12463.145104673144,0.0731965480111689,-0.0001616268659562,0.0430723541819643,0.0,Market-led Growth,False,销量增长且同类份额变化不超过0.2个百分点
SITAGLIPTINUM,True,5293.25,5734.970042641074,0.0,12408.376056907244,0.0834496845305008,-0.0105270786167847,0.2077662412776341,0.0,Monitor,False,常规跟踪销量与生命周期信号
UNKNOWN_SKU_448034,False,5270.910000000001,5131.652755130219,0.0,11776.8938630801,-0.0264199625624004,,,,Data Review,False,补齐INN后再形成分子级商业建议
GATIFLOXACINUM,True,5234.52,2138.9579990178822,80.04625020989306,3571.4243763876843,-0.591374567483192,-0.0007754771829472,0.0618831416272171,0.0,At Risk,False,同类份额与预测销量同时下降，核查原因
UNKNOWN_SKU_-484753,False,5175.46,22352.0662984096,0.0,28876.969881386787,3.318855966118877,,,,Data Review,True,补齐INN后再形成分子级商业建议
LANATOSIDUM C,True,5116.830000000001,4846.970271399986,0.0,11297.956734532763,-0.0527396314905938,-0.0006558488117893,0.0590376775370128,0.0,At Risk,False,同类份额与预测销量同时下降，核查原因
UNKNOWN_SKU_554423,False,5111.73,13425.053626778805,0.0,19869.6103216836,1.6263229135300192,,,,Data Review,True,补齐INN后再形成分子级商业建议
HYMECROMONUM,True,5080.139999999999,25251.627362793784,0.0,31656.35731685115,3.9706558013743294,0.0015733042160325,0.5242918574938724,0.0,Emerging Opportunity,True,机会概率位于前20%，份额上升且规模尚未进入前25%，先验证增长驱动
PIPERACILLINUM+TASOBACTAMUM,True,5069.419999999999,859.5136401281193,0.0,2246.799141523857,-0.8304512863151762,-0.0077054459071269,0.0671666687190304,0.0,At Risk,False,同类份额与预测销量同时下降，核查原因
UNKNOWN_SKU_65897,False,4937.98,4757.326396768985,0.0,10982.829713318566,-0.0365845149698893,,,,Data Review,False,补齐INN后再形成分子级商业建议
AESCULUS HIPPOCASTANUM L.*&+DICLOFENACUM,True,4909.38,7491.6743215259985,0.0,13681.12050644416,0.525991942266844,0.0005601590270538,0.0347478700491946,0.0,Market-led Growth,False,销量增长且同类份额变化不超过0.2个百分点
UNKNOWN_SKU_112637,False,4872.169999999999,3765.294725517756,0.0,9907.828817149022,-0.2271832211278022,,,,Data Review,False,补齐INN后再形成分子级商业建议
ADALIMUMAB,True,4868.87,4760.657621003628,0.0,10899.031274369732,-0.0222253580392106,-0.0511268491237629,0.5214472193453763,0.0,At Risk,False,同类份额与预测销量同时下降，核查原因
UNKNOWN_SKU_92158,False,4852.89,3929.011856331518,0.0,10047.238902583284,-0.1903768978213975,,,,Data Review,False,补齐INN后再形成分子级商业建议
UNKNOWN_SKU_707813,False,4842.09,7006.869642578474,0.0,13111.48070905334,0.4470754658790881,,,,Data Review,False,补齐INN后再形成分子级商业建议
UNKNOWN_SKU_39955,False,4816.239999999999,4102.845787454108,0.0,10174.86675418519,-0.1481226459947783,,,,Data Review,False,补齐INN后再形成分子级商业建议
UNKNOWN_SKU_93381,False,4770.05,1578.3262371225765,0.0,7592.113675530048,-0.6691174647807514,,,,Data Review,False,补齐INN后再形成分子级商业建议
UNKNOWN_SKU_27672,False,4765.04,5014.656518240648,0.0,11022.12765491828,0.0523849785606516,,,,Data Review,False,补齐INN后再形成分子级商业建议
UNKNOWN_SKU_69084,False,4717.17,4895.306513899244,0.0,10842.426080954636,0.0377634288989465,,,,Data Review,False,补齐INN后再形成分子级商业建议
UNKNOWN_SKU_793670,False,4694.429999999999,3924.9526670430505,0.0,9843.40303223486,-0.1639128356279567,,,,Data Review,False,补齐INN后再形成分子级商业建议
UNKNOWN_SKU_134988,False,4690.32,4663.217683325338,0.0,10576.486411768714,-0.0057783513011184,,,,Data Review,False,补齐INN后再形成分子级商业建议
UNKNOWN_SKU_168105,False,4681.2,3225.578961402904,0.0,9127.34975136801,-0.3109504055791454,,,,Data Review,False,补齐INN后再形成分子级商业建议
ACIDUM ACETYLSALICYLICUM*+CLOPIDOGRELUM,True,4580.240000000001,3542.6142942670635,0.0,9317.100888095523,-0.2265439596468607,5.429652904660883e-06,0.0307078620236543,0.0,Monitor,False,常规跟踪销量与生命周期信号
ACICLOVIRUM+HYDROCORTISONUM,True,4557.74,0.0,0.0,1247.260361369035,-1.0,-0.0165110671824626,0.1278073430626652,0.0,At Risk,False,同类份额与预测销量同时下降，核查原因
VALERIANA OFFICINALIS*&+MELISSA OFFICINALIS*&,True,4554.33,3616.406479288756,0.0,9358.227329041336,-0.2059410540543272,1.6829779558339753e-05,0.0297304653292445,0.0,Monitor,False,常规跟踪销量与生命周期信号
ELTROMBOPAG,True,4491.25,5046.65270084392,0.0,10708.94614278846,0.1236632787851754,-8.707441997331082e-05,0.0825159878343313,0.0,Monitor,False,常规跟踪销量与生命周期信号
OXALIPLATINUM,True,4474.409999999999,399.2111365243501,0.0,6040.273735927872,-0.9107790442707864,-0.1065939951239456,0.4151464806187966,0.0,At Risk,False,同类份额与预测销量同时下降，核查原因
GANCICLOVIRUM,True,4455.92,3014.8470629446592,0.0,8632.598600674582,-0.3234063755757151,,,,Monitor,False,跨多个ATC3或不足3个同类INN，竞争份额不适用
MENTHA PIPERITA+VALERIANA OFFICINALIS*&,True,4444.52,2681.444159228425,0.0,8284.823273860511,-0.3966853205231555,-0.0001178583311215,0.0303570454160189,0.0,At Risk,False,同类份额与预测销量同时下降，核查原因
UNKNOWN_SKU_590,False,4351.85,3840.293125752156,0.0,9326.839569465232,-0.1175492892098405,,,,Data Review,False,补齐INN后再形成分子级商业建议
UNKNOWN_SKU_48811,False,4336.78,4779.815698349625,0.0,10247.362807318452,0.1021577526066863,,,,Data Review,False,补齐INN后再形成分子级商业建议
AZELASTINUM+MOMETASONUM,True,4334.46,3673.323553319942,1968.4354988778396,4859.481637357125,-0.1525302913581063,-0.0169505301111541,0.134601779903903,0.0,At Risk,False,同类份额与预测销量同时下降，核查原因
UNKNOWN_SKU_88009,False,4263.6,3517.792588171672,0.0,8893.078826763322,-0.1749243390159321,,,,Data Review,False,补齐INN后再形成分子级商业建议
UNKNOWN_SKU_428841,False,4234.129999999999,7825.693307483172,0.0,13163.82557162804,0.8482411516611852,,,,Data Review,False,补齐INN后再形成分子级商业建议
ROPIVACAINUM,True,4184.71,5746.924301695853,0.0,11022.750850972723,0.3733148298677453,0.0032171335985882,0.0944689659960219,0.0,Monitor,True,常规跟踪销量与生命周期信号
UNKNOWN_SKU_55166,False,4182.91,1539.913979105771,0.0,6813.471198419824,-0.6318558182925831,,,,Data Review,False,补齐INN后再形成分子级商业建议
AMINOPHYLLINUM+KALII CHLORIDUM*+MAGNESII CHLORIDUM*,True,4153.62,3484.4988511609586,1850.741215678844,4621.168688007652,-0.1610934916624634,-0.0223805336890499,0.3139954697493384,0.0,At Risk,False,同类份额与预测销量同时下降，核查原因
TENOFOVIRUM,True,4143.48,3903.008992416592,0.0,9126.855278156278,-0.0580360005559114,0.1254146798236679,0.5827123753364278,0.0,Emerging Opportunity,False,机会概率位于前20%，份额上升且规模尚未进入前25%，先验证增长驱动
UNKNOWN_SKU_110933,False,4143.25,5921.441845421999,0.0,11144.998161221993,0.4291780233927469,,,,Data Review,False,补齐INN后再形成分子级商业建议
UNKNOWN_SKU_66537,False,4118.09,3962.468271274583,0.0,9154.304397149872,-0.0377897833037688,,,,Data Review,False,补齐INN后再形成分子级商业建议
GEMCITABINUM,True,4095.05,1509.90465158397,0.0,6672.693353935207,-0.6312854173736657,-0.0363167496873615,0.4935442642266794,0.0,At Risk,False,同类份额与预测销量同时下降，核查原因
PALONOSETRONUM,True,4093.69,19981.063403135693,0.0,25142.137500626137,3.880941987091278,0.0089206318525757,0.5216925740803051,0.0,Emerging Opportunity,True,机会概率位于前20%，份额上升且规模尚未进入前25%，先验证增长驱动
BECLOMETASONUM+CLOTRIMAZOLUM,True,4070.59,5103.186680396596,0.0,10235.137710030893,0.2536724849214968,0.0015351911759894,0.0531397980155777,0.0,Market-led Growth,False,销量增长且同类份额变化不超过0.2个百分点
UNKNOWN_SKU_110699,False,4051.91,2360.4814420939283,0.0,7468.88186966966,-0.4174398142866133,,,,Data Review,False,补齐INN后再形成分子级商业建议
UNKNOWN_SKU_30882,False,4041.19,2852.348983455057,0.0,7947.234290363347,-0.2941809260502334,,,,Data Review,False,补齐INN后再形成分子级商业建议
PEMBROLIZUMABUM,True,4019.4,8366.04315696868,0.0,13433.456963938206,1.0814159220203714,0.3662600594392806,0.3177580313617558,0.0,Monitor,True,常规跟踪销量与生命周期信号
POLIDOCANOLUM,True,4001.980000000001,4524.539395733331,0.0,9569.991131618266,0.1305752142023024,0.0013643431824935,0.0582927377664299,0.0,Market-led Growth,False,销量增长且同类份额变化不超过0.2个百分点
UNKNOWN_SKU_33850,False,3931.88,2932.9619131029363,0.0,7890.035854324846,-0.2540560970571491,,,,Data Review,False,补齐INN后再形成分子级商业建议
UNKNOWN_SKU_11724,False,3890.67,3586.6054566706403,0.0,8491.724349132732,-0.0781522317054286,,,,Data Review,False,补齐INN后再形成分子级商业建议
UNKNOWN_SKU_366062,False,3888.59,1777.8433237136624,0.0,6680.339879329832,-0.5428051494979769,,,,Data Review,False,补齐INN后再形成分子级商业建议
UNKNOWN_SKU_13885,False,3878.87,3763.491777915981,0.0,8653.73395173294,-0.0297453181168791,,,,Data Review,False,补齐INN后再形成分子级商业建议
UNKNOWN_SKU_35676,False,3858.83,3249.1583183821167,0.0,8114.135285279718,-0.1579939208562915,,,,Data Review,False,补齐INN后再形成分子级商业建议
UNKNOWN_SKU_723526,False,3851.55,2434.5339011184524,0.0,7290.332689055328,-0.3679080107700919,,,,Data Review,False,补齐INN后再形成分子级商业建议
UNKNOWN_SKU_762617,False,3819.35,5372.592251764999,0.0,10187.79524814482,0.4066771182963069,,,,Data Review,True,补齐INN后再形成分子级商业建议
HUMULUS LUPULUS*&+MENTHA PIPERITA+MENYANTHES TRIFOLIATA&+VALERIANA OFFICINALIS*&,True,3811.23,1186.28666732205,0.0,5991.252464091833,-0.6887391557785675,-1.340997196954709e-05,0.0300499107632963,0.0,At Risk,False,同类份额与预测销量同时下降，核查原因
UNKNOWN_SKU_155873,False,3785.64,1296.377050793169,0.0,6069.080539924909,-0.6575540593418367,,,,Data Review,False,补齐INN后再形成分子级商业建议
UNKNOWN_SKU_33730,False,3707.18,3038.7169388469606,0.0,7712.502856377261,-0.1803157821182245,,,,Data Review,False,补齐INN后再形成分子级商业建议
UNKNOWN_SKU_13896,False,3679.01,2513.2921967776256,0.0,7151.563100389846,-0.3168563834353194,,,,Data Review,False,补齐INN后再形成分子级商业建议
BREXPIPRAZOLUM,True,3653.33,7239.527973518366,0.0,11845.423102994402,0.9816244285400896,0.0109655382460486,0.2826475520541489,0.0,Monitor,True,常规跟踪销量与生命周期信号
UNKNOWN_SKU_134975,False,3609.77,3965.700881323746,0.0,8516.67822569962,0.0986020941289185,,,,Data Review,False,补齐INN后再形成分子级商业建议
UNKNOWN_SKU_166612,False,3565.9300000000003,2864.65157456344,0.0,7360.358126956047,-0.1966607379944531,,,,Data Review,False,补齐INN后再形成分子级商业建议
UNKNOWN_SKU_31746,False,3560.9100000000008,2793.869975682396,0.0,7283.247618956482,-0.2154056194393018,,,,Data Review,False,补齐INN后再形成分子级商业建议
UNKNOWN_SKU_70314,False,3478.62,3293.815827966788,0.0,7679.447269774106,-0.0531257142295542,,,,Data Review,False,补齐INN后再形成分子级商业建议
ALTHAEA OFFICINALIS*&+GLYCYRRHIZA GLABRA/URALENSIS*&,True,3475.4100000000008,3035.573197430808,0.0,7417.157667471103,-0.1265568098639278,7.358865705415867e-05,0.0329156912327115,0.0,Market-led Growth,False,销量增长且同类份额变化不超过0.2个百分点
UNKNOWN_SKU_29411,False,3472.3499999999995,148.47242983295533,0.0,4526.199038936462,-0.957241513720404,,,,Data Review,False,补齐INN后再形成分子级商业建议
ACIDUM ALENDRONICUM+COLECALCIFEROLUM,True,3459.6400000000003,130.48313943456992,0.0,4492.185757522856,-0.962284185801248,-0.0026446195318394,0.3630407592340286,0.0,At Risk,False,同类份额与预测销量同时下降，核查原因
BENZOCAINUM+CHLORAMPHENICOLUM+NITROFURALUM,True,3459.35,6078.68985866921,0.0,10440.026862485707,0.7571768854464596,-0.0070137845468831,0.149688726701637,0.0,Monitor,False,常规跟踪销量与生命周期信号
IMIPRAMINUM,True,3414.03,7750.340981243782,0.0,12054.541299552033,1.2701443693358825,-0.0075228509755283,0.284008372525038,0.0,Monitor,False,常规跟踪销量与生命周期信号
UNKNOWN_SKU_31743,False,3397.98,2709.053460987089,0.0,6993.018920460221,-0.2027459075724138,,,,Data Review,False,补齐INN后再形成分子级商业建议
HEXOPRENALINUM,True,3397.2200000000003,3269.854190742558,0.0,7552.861488675836,-0.0374911866930732,-0.0012012895298252,0.0349754516152349,0.0,At Risk,False,同类份额与预测销量同时下降，核查原因
CARDIOSPERMUM HALICACABUM*&,True,3335.09,3054.4068062633205,0.0,7259.084398313377,-0.0841606054819149,-0.0017121461187171,0.058495630750629,0.0,At Risk,False,同类份额与预测销量同时下降，核查原因
UNKNOWN_SKU_-876242,False,3324.79,9686.51733080754,0.0,13878.209312514811,1.9134223005986963,,,,Data Review,True,补齐INN后再形成分子级商业建议
DOPAMINUM,True,3286.01,722.834775124232,0.0,4865.635303521488,-0.78002660517642,-0.0313189661759513,0.3630958555866505,0.0,At Risk,False,同类份额与预测销量同时下降，核查原因
UNKNOWN_SKU_102781,False,3268.05,5482.419360464631,0.0,9602.57701878845,0.677581236659363,,,,Data Review,False,补齐INN后再形成分子级商业建议
FENTANYLUM,True,3262.8,5342.28015393788,0.0,9455.818933203484,0.6373299478784724,0.0003397625289829,0.1712359059090985,0.0,Market-led Growth,True,销量增长且同类份额变化不超过0.2个百分点
VINCRISTINUM,True,3232.8,3560.9846659037257,0.0,7636.701279122386,0.1015171572332733,-0.0331038737809617,0.2743883440099799,0.0,Monitor,False,常规跟踪销量与生命周期信号
UNKNOWN_SKU_11151,False,3219.28,2696.079613888833,0.0,6754.751037609005,-0.1625209320441735,,,,Data Review,False,补齐INN后再形成分子级商业建议
NOREPINEPHRINUM,True,3211.4299999999994,2765.658956981685,0.0,6814.433580586239,-0.1388076473777458,0.0037287723070991,0.2557138510493048,0.0,Monitor,False,常规跟踪销量与生命周期信号
UNKNOWN_SKU_70951,False,3200.9600000000005,2392.7366072675545,0.0,6428.311294921727,-0.2524940620102862,,,,Data Review,False,补齐INN后再形成分子级商业建议
UNKNOWN_SKU_94678,False,3186.55,2891.109134630905,0.0,6908.516575193861,-0.0927149630067298,,,,Data Review,False,补齐INN后再形成分子级商业建议
UNKNOWN_SKU_36736,False,3177.34,2127.74820443262,0.0,6133.544240019164,-0.3303366323929387,,,,Data Review,False,补齐INN后再形成分子级商业建议
COLISTIMETHATUM NATRICUM,True,3159.7,1405.2432472571238,0.0,5388.799849208065,-0.555260547755444,-0.0769425092216274,0.275136326051889,0.0,At Risk,False,同类份额与预测销量同时下降，核查原因
ASCORBIC ACID+SODIUM ASCORBATUM,True,3156.93,3729.382739909084,0.0,7709.447095195024,0.1813320979271266,4.046620671967755e-05,0.0315252144272995,0.0,Market-led Growth,False,销量增长且同类份额变化不超过0.2个百分点
UNKNOWN_SKU_100008,False,3124.88,2229.09342579704,0.0,6168.751100356161,-0.2866627115930726,,,,Data Review,False,补齐INN后再形成分子级商业建议
ARALIA MANDSHURICA RUPP. ET MAXIM*&,True,3117.47,3224.5122153468187,0.0,7154.8278148923455,0.0343362455282068,0.0004044021030973,0.0342389506104476,0.0,Market-led Growth,False,销量增长且同类份额变化不超过0.2个百分点
BIPERIDENUM,True,3114.6000000000004,198.5980037618297,0.0,4125.295282755533,-0.9362364336473932,,,,Monitor,False,跨多个ATC3或不足3个同类INN，竞争份额不适用
UNKNOWN_SKU_134973,False,3113.77,3314.7070036902364,0.0,7240.357869423307,0.064531742450546,,,,Data Review,False,补齐INN后再形成分子级商业建议
EPOETINUM BETA,True,3092.53,2702.1599875284337,0.0,6601.032759700269,-0.1262299840168297,-0.0987190938955683,0.2830272217169939,0.0,At Risk,False,同类份额与预测销量同时下降，核查原因
MEXILETINUM,True,3070.7100000000005,3293.976460358425,0.0,7165.3399104254495,0.0727084160856688,0.0004090987035815,0.0313829725346966,0.0,Market-led Growth,False,销量增长且同类份额变化不超过0.2个百分点
TINIDAZOLUM+TIOCONAZOLUM,True,3068.99,5030.351348385515,0.0,8899.54632759918,0.6390901724624438,-0.0026211070968016,0.2178302370952277,0.0,Monitor,False,常规跟踪销量与生命周期信号
UNKNOWN_SKU_174360,False,3053.62,11253.630658277663,0.0,15103.448081086612,2.685340893194852,,,,Data Review,False,补齐INN后再形成分子级商业建议
UNKNOWN_SKU_44980,False,3048.1900000000005,2969.1810091605034,0.0,6812.152619914956,-0.0259199691749848,,,,Data Review,False,补齐INN后再形成分子级商业建议
VALERIANA OFFICINALIS*&+CONVALLARIA MAJALIS/TRANSCAUCASICA UTKIN EX GROSSH./KEISKEI MIG.*&,True,3047.26,4136.30109535392,0.0,7978.100218960915,0.357383713681773,1.0492897034589262e-05,0.0302329723159734,0.0,Monitor,False,常规跟踪销量与生命周期信号
UNKNOWN_SKU_448030,False,3034.8,2319.8320514051798,0.0,6145.922368714011,-0.2355898077615726,,,,Data Review,False,补齐INN后再形成分子级商业建议
UNKNOWN_SKU_31745,False,3028.72,2594.278808749254,0.0,6412.703833739239,-0.1434405264437603,,,,Data Review,False,补齐INN后再形成分子级商业建议
FOLLITROPINUM ALFA,True,2994.99,2414.524342720579,0.0,6190.424645685116,-0.1938122188319229,-0.0212851865232777,0.3343309457158477,0.0,At Risk,False,同类份额与预测销量同时下降，核查原因
HEXAMETHONII BROMIDUM,True,2989.17,2323.0781776967115,0.0,6091.640980448143,-0.2228350419358178,,,,Monitor,False,跨多个ATC3或不足3个同类INN，竞争份额不适用
ADENOSINI PHOSPHAS,True,2972.84,4092.509934142373,0.0,7840.484871175584,0.3766330963463802,0.0002428929716019,0.0392488181441158,0.0,Market-led Growth,True,销量增长且同类份额变化不超过0.2个百分点
TOLTERODINUM,True,2962.99,18.4931119897974,0.0,3754.049771170928,-0.9937586316559296,-0.0097332557957785,0.053143575678366,0.0,At Risk,False,同类份额与预测销量同时下降，核查原因
UNKNOWN_SKU_134983,False,2952.39,3216.787568728173,0.0,6938.980395906051,0.0895537407754982,,,,Data Review,False,补齐INN后再形成分子级商业建议
UNKNOWN_SKU_36733,False,2869.4700000000003,1179.2868558656564,0.0,4796.939216089781,-0.5890227617414867,,,,Data Review,False,补齐INN后再形成分子级商业建议
UNKNOWN_SKU_134972,False,2812.07,2633.677901256213,0.0,6178.963850443852,-0.0634380007410152,,,,Data Review,False,补齐INN后再形成分子级商业建议
UNKNOWN_SKU_528335,False,2810.86,2153.711873368946,0.0,5697.472328526024,-0.2337889922056075,,,,Data Review,False,补齐INN后再形成分子级商业建议
UNKNOWN_SKU_175507,False,2796.19,4330.655776350671,0.0,7855.921192310794,0.5487702110195196,,,,Data Review,False,补齐INN后再形成分子级商业建议
UNKNOWN_SKU_382879,False,2791.32,2216.155517146268,0.0,5735.281134818104,-0.2060546561675952,,,,Data Review,False,补齐INN后再形成分子级商业建议
IMIPENEMUM+CILASTATINUM,True,2781.3,6267.2921713603,5173.313879757697,7028.416158923368,1.2533679111783336,-0.0933937129652104,0.3291521796530741,0.0,Monitor,False,常规跟踪销量与生命周期信号
ARGYREIA*&+MUCUNA PRURIENS*&+PRUNUS AVIUM*&+TRIBULUS TERRESTRIS*&,True,2727.66,192.597000808085,0.0,3631.463982128306,-0.9293911261637868,-0.0002034230546472,0.0361138811969372,0.0,At Risk,False,同类份额与预测销量同时下降，核查原因
NALOXONUM,True,2718.2600000000007,2203.7699458514926,0.0,5630.785981810339,-0.1892718335069154,-0.0013903113851991,0.1518161610089232,0.0,At Risk,False,同类份额与预测销量同时下降，核查原因
TEMOZOLOMIDUM,True,2706.79,2977.986189700492,0.0,6390.541550840722,0.1001910712321574,-0.0248782950431735,0.3207895453700327,0.0,Monitor,False,常规跟踪销量与生命周期信号
ALFA-BROMISOVALERIC ACID ETHYL ETHER*+MENTHA PIPERITA+VALERIANA OFFICINALIS*&,True,2706.52,802.0384693943923,0.0,4214.253431040201,-0.7036643108514282,-0.0003213866557232,0.031239622112546,0.0,At Risk,False,同类份额与预测销量同时下降，核查原因
CALCII CHLORIDUM*+HYDROXYETHYLAMYLUM*+KALII CHLORIDUM*+MAGNESII CHLORIDUM*+NATRII CHLORIDUM*+NATRII LACTAS*+XYLITOLUM*,True,2658.05,4653.090841380273,0.0,8004.197790082902,0.7505655805497535,-0.0188917193778839,0.2845665333987753,0.0,Monitor,False,常规跟踪销量与生命周期信号
CYPROTERONUM,True,2655.03,1956.8301157579483,0.0,5304.129633078519,-0.2629725028500814,,,,Monitor,False,跨多个ATC3或不足3个同类INN，竞争份额不适用
FOLLITROPINUM ALFA+LUTROPINUM ALFA,True,2645.87,2024.9533934293336,0.0,5360.704542716904,-0.2346738904672816,0.0837896616852493,0.5408737946424814,0.0,Emerging Opportunity,False,机会概率位于前20%，份额上升且规模尚未进入前25%，先验证增长驱动
DOCETAXELUM,True,2624.78,971.4208942891064,0.0,4280.583060845675,-0.629903879834079,0.002659171311846,0.4101585438226586,0.0,Monitor,False,常规跟踪销量与生命周期信号
VITAMIN C+ALOE ARBORESCENS MILL.+ARONIA MELANOCARPA,True,2597.13,263.53328501190305,0.0,3537.8360218618723,-0.8985290358927343,-0.0014201855064294,0.0553761819287196,0.0,At Risk,False,同类份额与预测销量同时下降，核查原因
CODEINUM*+MORPHINUM*+NOSCAPINUM+PAPAVERINUM*+TEBAINUM*,True,2578.01,614.3253991393752,0.0,3864.522808828759,-0.7617055794433011,0.0005188557474928,0.5294037162639439,0.0,Emerging Opportunity,False,机会概率位于前20%，份额上升且规模尚未进入前25%，先验证增长驱动
DENOSUMAB,True,2567.51,3235.789872264563,0.0,6472.749523837517,0.2602832597592854,0.0049638559169677,0.1925645644256062,0.0,Monitor,False,常规跟踪销量与生命周期信号
DINOPROSTONUM,True,2562.63,2029.1855543766887,0.0,5259.992800272674,-0.2081628817360722,0.0084149697876038,0.5939639527681557,0.0,Emerging Opportunity,False,机会概率位于前20%，份额上升且规模尚未进入前25%，先验证增长驱动
TROPISETRONUM,True,2560.49,3198.6329412192044,0.0,6426.742205937173,0.24922688283071,0.0016081562892116,0.0387063595987046,0.0,Market-led Growth,False,销量增长且同类份额变化不超过0.2个百分点
BEVACIZUMABUM,True,2559.94,0.0,0.0,3227.415858340441,-1.0,-0.311698889933978,0.5107339914117761,0.0,At Risk,False,同类份额与预测销量同时下降，核查原因
UNKNOWN_SKU_134979,False,2559.05,2740.24418948469,0.0,5966.537990232406,0.070805255655298,,,,Data Review,False,补齐INN后再形成分子级商业建议
UNKNOWN_SKU_602896,False,2555.75,4913.114749369723,0.0,8135.248111852274,0.9223768949896204,,,,Data Review,True,补齐INN后再形成分子级商业建议
UNKNOWN_SKU_19506,False,2549.35,1846.1625341038796,0.0,5060.227167829749,-0.2758301001808777,,,,Data Review,False,补齐INN后再形成分子级商业建议
HYDROCHLOROTHIAZIDUM+ZOFENOPRILUM,True,2516.7700000000004,2428.513091604207,0.0,5601.502853003097,-0.0350675303646313,9.572050843168189e-05,0.0303571638918736,0.0,Market-led Growth,False,销量增长且同类份额变化不超过0.2个百分点
UNKNOWN_SKU_129201,False,2485.9,2681.49336892616,0.0,5815.564121462744,0.0786811090253674,,,,Data Review,False,补齐INN后再形成分子级商业建议
SECUKINUMAB,True,2457.2899999999995,2382.015168887383,0.0,5480.016182403864,-0.0306332712511003,0.2854775823090583,0.4867188956705218,0.0,Emerging Opportunity,False,机会概率位于前20%，份额上升且规模尚未进入前25%，先验证增长驱动
UNKNOWN_SKU_684229,False,2437.12,3158.0063136980434,0.0,6230.578224242297,0.2957943448406495,,,,Data Review,False,补齐INN后再形成分子级商业建议
COLESTYRAMINUM,True,2402.56,2338.31112355033,0.0,5367.311898808504,-0.0267418405574344,0.0001116108756306,0.0306410817987469,0.0,Market-led Growth,False,销量增长且同类份额变化不超过0.2个百分点
UNKNOWN_SKU_129199,False,2400.86,2323.299658576197,0.0,5350.157177758378,-0.0323052328848009,,,,Data Review,False,补齐INN后再形成分子级商业建议
DEXMEDETOMIDINE,True,2396.96,1309.6438000067528,0.0,4331.584437602831,-0.4536230058045387,-2.8572805992732476e-05,0.0560803096702029,0.0,At Risk,False,同类份额与预测销量同时下降，核查原因
FOLLITROPINUM BETA,True,2368.86,2216.842296172644,0.0,5203.356171571419,-0.0641733592645223,-0.024495827390422,0.2793441503294291,0.0,At Risk,False,同类份额与预测销量同时下降，核查原因
METOXYPOLYETHYLENGLYCOLUM-EPOETINUM BETA*,True,2322.9300000000003,1873.143510574611,0.0,4801.751649755514,-0.1936289468151815,-0.012025873006426,0.4302684647489398,0.0,At Risk,False,同类份额与预测销量同时下降，核查原因
CARIPRAZINUM,True,2311.35,2966.42035515302,0.0,5880.429138239802,0.2834146084119757,0.0011425142391774,0.0466889895323005,0.0,Market-led Growth,True,销量增长且同类份额变化不超过0.2个百分点
UNKNOWN_SKU_31751,False,2305.8,1686.158940221571,0.0,4593.17062258967,-0.2687314857222782,,,,Data Review,False,补齐INN后再形成分子级商业建议
UNKNOWN_SKU_134987,False,2272.47,1914.1066921346685,0.0,4779.097948024612,-0.1576977068411602,,,,Data Review,False,补齐INN后再形成分子级商业建议
ATRACURII BESILAS,True,2266.44,2377.523208026432,0.0,5234.91220854094,0.0490121988786076,-0.0284408258395552,0.3149704689453843,0.0,Monitor,False,常规跟踪销量与生命周期信号
TERAZOSINUM,True,2266.37,2746.146722342594,0.0,5603.4474711363255,0.2116939080302837,0.0003515780107843,0.0316117572435484,0.0,Market-led Growth,False,销量增长且同类份额变化不超过0.2个百分点
UNKNOWN_SKU_82907,False,2248.75,1843.9474992114228,0.0,4679.0340291469165,-0.1800122293667936,,,,Data Review,False,补齐INN后再形成分子级商业建议
SUXAMETHONII CHLORIDUM,True,2230.84,1048.9266960458572,0.0,3861.4333928513256,-0.5298063975695895,-0.1716752723812118,0.2630900564152715,0.0,At Risk,False,同类份额与预测销量同时下降，核查原因
RIBAVIRINUM,True,2208.04,2032.9905866464644,0.0,4816.752437256256,-0.0792781894139307,-0.1626495086073319,0.5922965052918414,0.0,At Risk,False,同类份额与预测销量同时下降，核查原因
ARONIA MELANOCARPA*&,True,2189.22,1740.4373195665091,0.0,4500.472064676183,-0.2049966108629971,3.329014181692778e-05,0.0301377032341762,0.0,Market-led Growth,False,销量增长且同类份额变化不超过0.2个百分点
UNKNOWN_SKU_112263,False,2171.87,19304.801713707493,5698.0045702329535,22042.96263945335,7.888562259116565,,,,Data Review,True,补齐INN后再形成分子级商业建议
UNKNOWN_SKU_92161,False,2150.16,2385.62943825942,0.0,5096.419723175974,0.109512519189,,,,Data Review,False,补齐INN后再形成分子级商业建议
UNKNOWN_SKU_19507,False,2143.66,1744.595658964654,0.0,4447.191141237703,-0.1861602777657585,,,,Data Review,False,补齐INN后再形成分子级商业建议
UNKNOWN_SKU_88613,False,2142.5000000000005,628.4887010212135,0.0,3329.621726207115,-0.7066563822538094,,,,Data Review,False,补齐INN后再形成分子级商业建议
PENICILLAMINUM,True,2116.0800000000004,1882.9494337573003,0.0,4550.773738044527,-0.1101709605698745,,,,Monitor,False,跨多个ATC3或不足3个同类INN，竞争份额不适用
IMATINIBUM,True,2096.99,1256.675456180868,0.0,3900.432255473555,-0.400724154058499,0.0874982041655969,0.5632313091195501,0.0,Emerging Opportunity,False,机会概率位于前20%，份额上升且规模尚未进入前25%，先验证增长驱动
UNKNOWN_SKU_194711,False,2096.75,920.1905911869378,0.0,3563.6448131512498,-0.5611348080663228,,,,Data Review,False,补齐INN后再形成分子级商业建议
UNKNOWN_SKU_382759,False,2055.46,2941.9187691557167,0.0,5533.317083250751,0.4312702602608256,,,,Data Review,False,补齐INN后再形成分子级商业建议
POLYMYXINUM B,True,2052.42,1116.8633121984976,0.0,3704.4289801341088,-0.4558310130487436,-0.016662697021158,0.4247581824059911,0.0,At Risk,False,同类份额与预测销量同时下降，核查原因
ANTRAL*+LECITHIN*,True,2031.33,2398.595503813231,0.0,4959.572189017841,0.1808005118878917,-0.0004559256736508,0.0400419229050327,0.0,Monitor,True,常规跟踪销量与生命周期信号
UNKNOWN_SKU_77496,False,2023.21,10727.945569390284,0.0,13278.685054984851,4.302437991800299,,,,Data Review,True,补齐INN后再形成分子级商业建议
UNKNOWN_SKU_756860,False,2022.8,1993.407075738987,0.0,4543.629658397583,-0.0145308108864015,,,,Data Review,False,补齐INN后再形成分子级商业建议
PRIDINOLUM,True,2004.74,23172.21436962724,10612.489107337527,25699.66800832557,10.558713034920856,0.0010416037715747,0.5717000159732296,0.0,Emerging Opportunity,True,机会概率位于前20%，份额上升且规模尚未进入前25%，先验证增长驱动
UNKNOWN_SKU_25263,False,1997.61,1814.7145412769237,0.0,4333.179111844768,-0.0915571401440104,,,,Data Review,False,补齐INN后再形成分子级商业建议
FONDAPARINUXUM NATRICUM,True,1981.35,108.86575413190415,0.0,2606.8307107023056,-0.9450547585575976,-0.0001022989908282,0.0397988549319704,0.0,At Risk,False,同类份额与预测销量同时下降，核查原因
UNKNOWN_SKU_-414261,False,1977.9200000000003,3174.693763043988,0.0,5668.334385296355,0.6050668192060282,,,,Data Review,True,补齐INN后再形成分子级商业建议
RILUZOLUM,True,1964.01,1690.757104716978,0.0,4166.860849312247,-0.1391300936772328,9.305674644781404e-05,0.0301298978100745,0.0,Market-led Growth,False,销量增长且同类份额变化不超过0.2个百分点
SERTINDOLE,True,1947.32,2124.5888236222795,0.0,4579.650836506764,0.0910321999580345,-0.0002821738259157,0.0318122402949071,0.0,Monitor,False,常规跟踪销量与生命周期信号
UNKNOWN_SKU_20985,False,1940.6500000000003,2226.697792195001,0.0,4673.350676828382,0.1473979296601657,,,,Data Review,False,补齐INN后再形成分子级商业建议
ACIDUM BENZOICUM+ACIDUM MALICUM*+ACIDUM SALICYLICUM*,True,1926.13,1557.1451521922684,0.0,3985.4921084589287,-0.1915679875230289,0.0001000910295432,0.0301011615409486,0.0,Market-led Growth,False,销量增长且同类份额变化不超过0.2个百分点
IPRATROPII BROMIDUM+SALBUTAMOLUM,True,1907.8,29.172861650619318,0.0,2434.410474462597,-0.9847086373568408,-0.0022906021703864,0.0906407258489433,0.0,At Risk,False,同类份额与预测销量同时下降，核查原因
ULINASTATINUM,True,1907.41,331.629534131279,0.0,2736.375458784646,-0.8261362087169098,-0.0006355998347247,0.0435965553860331,0.0,At Risk,False,同类份额与预测销量同时下降，核查原因
UNKNOWN_SKU_74268,False,1884.36,1753.0315986829562,0.0,4128.717492423589,-0.0696939020765903,,,,Data Review,False,补齐INN后再形成分子级商业建议
UNKNOWN_SKU_153289,False,1874.5,1703.2712197873802,0.0,4066.5262282872495,-0.0913463751467698,,,,Data Review,False,补齐INN后再形成分子级商业建议
COLISTINUM,True,1860.04,922.8860462935272,0.0,3267.91077075877,-0.5038353765007595,0.0936052062427855,0.4790368790931269,0.0,Emerging Opportunity,False,机会概率位于前20%，份额上升且规模尚未进入前25%，先验证增长驱动
DILTIAZEMUM,True,1838.43,0.0,0.0,503.10041076315787,-1.0,,,,Monitor,False,跨多个ATC3或不足3个同类INN，竞争份额不适用
UNKNOWN_SKU_135560,False,1830.9,863.1818171494205,0.0,3171.468610994399,-0.5285478086463377,,,,Data Review,False,补齐INN后再形成分子级商业建议
UNKNOWN_SKU_126231,False,1830.2,4221.876001614385,0.0,6529.280278251601,1.3067839589194543,,,,Data Review,True,补齐INN后再形成分子级商业建议
UNKNOWN_SKU_63391,False,1805.81,39.1816869979761,0.0,2315.836542639028,-0.9783024310431462,,,,Data Review,False,补齐INN后再形成分子级商业建议
UNKNOWN_SKU_586535,False,1801.9700000000005,2976.093720408201,0.0,5247.907338795243,0.6515778400351842,,,,Data Review,False,补齐INN后再形成分子级商业建议
VITAMIN C+DEXTROSUM*,True,1794.28,7011.587003317193,6305.836681864376,7502.605429378626,2.9077440551737705,0.0001031601568378,0.0753893700107305,0.0,Market-led Growth,False,销量增长且同类份额变化不超过0.2个百分点
KANAMYCINUM,True,1767.83,34.02671807806661,0.0,517.806899623969,-0.9807522679906628,-0.0357679700872697,0.1612581829147652,0.0,At Risk,False,同类份额与预测销量同时下降，核查原因
ASCORBIC ACID+BENDAZOLUM+GLUTAMILUM-TRIPTOPHANUM*,True,1748.07,470.7978463591094,0.0,2674.657639748476,-0.7306756329213879,-0.0017810328016233,0.04292586443706,0.0,At Risk,False,同类份额与预测销量同时下降，核查原因
GADOBUTROLUM,True,1711.41,1772.146197364193,0.0,3929.7873038441935,0.0354889812284568,0.1575262079489582,0.5572223897568082,0.0,Emerging Opportunity,False,机会概率位于前20%，份额上升且规模尚未进入前25%，先验证增长驱动
UNKNOWN_SKU_174774,False,1711.19,748.8385163982257,0.0,2906.202260327216,-0.5623872764577718,,,,Data Review,False,补齐INN后再形成分子级商业建议
KALII CHLORIDUM*+NATRII LACTAS*+NATRII CHLORIDUM*,True,1703.9999999999998,566.5176991673051,0.0,2714.816730633712,-0.6675365615215345,-0.0002782834160785,0.0307595552891297,0.0,At Risk,False,同类份额与预测销量同时下降，核查原因
AMLODIPINUM+HYDROCHLOROTHIAZIDUM+OLMESARTANUM MEDOXOMILUM,True,1700.4899999999998,2021.4599370765804,0.0,4165.333775115494,0.1887514405121939,-0.0011556110697627,0.0419577722226904,0.0,Monitor,False,常规跟踪销量与生命周期信号
UNKNOWN_SKU_134978,False,1688.38,2040.5010103693453,0.0,4169.107300713977,0.2085555445867313,,,,Data Review,False,补齐INN后再形成分子级商业建议
UNKNOWN_SKU_134982,False,1674.98,1461.287979117987,0.0,3573.0003686283167,-0.1275788492292522,,,,Data Review,False,补齐INN后再形成分子级商业建议
UNKNOWN_SKU_676866,False,1670.63,85.50508898532726,0.0,2191.7332644188496,-0.9488186558452038,,,,Data Review,False,补齐INN后再形成分子级商业建议
UNKNOWN_SKU_41217,False,1657.1799999999998,613.896591537212,0.0,2703.167829193021,-0.629553463391296,,,,Data Review,False,补齐INN后再形成分子级商业建议
VITAMIN C+AMBROXOLUM,True,1643.2699999999998,0.0,0.0,2071.7343599987094,-1.0,-0.0001343513803218,0.0354194498494096,0.0,At Risk,False,同类份额与预测销量同时下降，核查原因
UNKNOWN_SKU_134976,False,1640.78,2061.167939807991,0.0,4129.763060024805,0.2562122525920542,,,,Data Review,False,补齐INN后再形成分子级商业建议
UNKNOWN_SKU_82902,False,1608.7399999999998,1598.0662342331293,0.0,3626.2672811118064,-0.0066348606778413,,,,Data Review,False,补齐INN后再形成分子级商业建议
UNKNOWN_SKU_414261,False,1570.38,5580.763229401088,0.0,7560.602333294407,2.5537661135528267,,,,Data Review,True,补齐INN后再形成分子级商业建议
UNKNOWN_SKU_134977,False,1561.64,1664.6287301898765,0.0,3633.448976374852,0.0659490856982893,,,,Data Review,False,补齐INN后再形成分子级商业建议
UNKNOWN_SKU_4267,False,1540.04,22.855726778635585,0.0,444.2994350469371,-0.9851590044553156,,,,Data Review,False,补齐INN后再形成分子级商业建议
UNKNOWN_SKU_19513,False,1485.38,871.3848485531391,0.0,2744.061148646784,-0.4133589730889475,,,,Data Review,False,补齐INN后再形成分子级商业建议
DICLOFENACUM+NICOTINIC ACID,True,1473.22,687.576910561158,0.0,2544.922626017108,-0.5332829376731527,-0.0002717870273042,0.0296563936340823,0.0,At Risk,False,同类份额与预测销量同时下降，核查原因
CALCII CHLORIDUM*+GELATINUM*+KALII CHLORIDUM*+MAGNESII CHLORIDUM*+NATRII ACETAS*+NATRII CHLORIDUM*,True,1472.09,571.8012393336168,0.0,2427.722319868465,-0.6115718201104439,-0.0060008986086879,0.2523262787190765,0.0,At Risk,False,同类份额与预测销量同时下降，核查原因
UNKNOWN_SKU_382756,False,1465.6,1529.600633541855,0.0,3377.339518821881,0.0436685545454795,,,,Data Review,False,补齐INN后再形成分子级商业建议
IRINOTECAN,True,1462.7199999999996,353.83905812050546,0.0,2197.947015460025,-0.7580951527835091,0.0506273370553982,0.463635991981014,0.0,Emerging Opportunity,False,机会概率位于前20%，份额上升且规模尚未进入前25%，先验证增长驱动
CODEINUM*+MORPHINUM*+NOSCAPINUM+PAPAVERINUM*,True,1458.16,8950.682018738813,0.0,10789.041006839198,5.138340112702867,0.0154343259275432,0.4576213720340255,0.0,Emerging Opportunity,True,机会概率位于前20%，份额上升且规模尚未进入前25%，先验证增长驱动
MENOTROPINUM*,True,1457.31,1771.949555711346,0.0,3609.2369157737335,0.2159043413627477,0.0099720715867069,0.5036225228268201,0.0,Emerging Opportunity,False,机会概率位于前20%，份额上升且规模尚未进入前25%，先验证增长驱动
UNKNOWN_SKU_225761,False,1453.9299999999998,531.7007673372309,0.0,2364.726830024996,-0.6343009860603805,,,,Data Review,False,补齐INN后再形成分子级商业建议
PROTAMINE SULPHATE,True,1386.01,1654.9011871350149,0.0,3402.2978658924994,0.1940037857843843,0.0033488147797135,0.288793432125953,0.0,Monitor,False,常规跟踪销量与生命周期信号
GANIRELIXUM,True,1384.75,1236.362094721024,0.0,2982.170242504537,-0.1071586245018783,0.019611166844309,0.3021041027316727,0.0,Monitor,False,常规跟踪销量与生命周期信号
UNKNOWN_SKU_460954,False,1370.64,1170.7816064911897,0.0,2898.8007288439567,-0.1458139216050972,,,,Data Review,False,补齐INN后再形成分子级商业建议
TAFLUPROSTUM+TIMOLOLUM,True,1366.55,90.19925254516826,0.0,1813.0619529268688,-0.9339949123375154,-8.994709445064159e-05,0.0394970601906988,0.0,At Risk,False,同类份额与预测销量同时下降，核查原因
AFLIBERCEPT,True,1360.01,1529.8613627270972,0.0,3244.478830910564,0.1248897895802951,,,,Monitor,False,跨多个ATC3或不足3个同类INN，竞争份额不适用
NATRII TETRABORAS*,True,1337.5600000000002,10975.148532748524,10449.041459180056,11341.182042547847,7.205350438670806,-0.0002243193909266,0.0327684672637032,0.0,Monitor,False,常规跟踪销量与生命周期信号
UNKNOWN_SKU_91765,False,1326.11,1238.9101441752225,0.0,2910.7885647256426,-0.0657561256794516,,,,Data Review,False,补齐INN后再形成分子级商业建议
CYTOCHROMUM C*,True,1305.9,1054.3127629838066,0.0,2700.711651007269,-0.1926542897742503,7.83356252827916e-05,0.0305530505365852,0.0,Market-led Growth,False,销量增长且同类份额变化不超过0.2个百分点
UNKNOWN_SKU_19512,False,1303.89,873.9702474883629,0.0,2517.83505038668,-0.3297208756195975,,,,Data Review,False,补齐INN后再形成分子级商业建议
CYTARABINUM,True,1286.84,1734.0924829172395,0.0,3356.461688112211,0.3475587352874014,0.0349109975884447,0.311365435251079,0.0,Monitor,False,常规跟踪销量与生命周期信号
UNKNOWN_SKU_48813,False,1286.7500000000002,1428.7075514235494,0.0,3050.9632901203795,0.1103225579355344,,,,Data Review,False,补齐INN后再形成分子级商业建议
UNKNOWN_SKU_134963,False,1285.71,1144.7917827153694,0.0,2765.736352989238,-0.1096034232327901,,,,Data Review,False,补齐INN后再形成分子级商业建议
UNKNOWN_SKU_130500,False,1271.61,2661.10352412242,0.0,4264.271676354226,1.0927041499535393,,,,Data Review,True,补齐INN后再形成分子级商业建议
UNKNOWN_SKU_19509,False,1261.43,674.1910885507805,0.0,2264.52491910399,-0.4655342836695016,,,,Data Review,False,补齐INN后再形成分子级商业建议
UNKNOWN_SKU_791549,False,1246.19,2426.910446649099,0.0,3998.030616850461,0.9474642282870982,,,,Data Review,False,补齐INN后再形成分子级商业建议
CODEINUM*+PARACETAMOLUM,True,1235.0100000000002,1544.7232151032665,0.0,3101.748324757801,0.2507779006674167,8.525238684048008e-06,0.0354084530360257,0.0,Market-led Growth,False,销量增长且同类份额变化不超过0.2个百分点
BENFOTIAMINUM,True,1230.1900000000005,22.7292596129716,0.0,1573.6776079226306,-0.981523781193985,-0.0013848584009663,0.2290846383667366,0.0,At Risk,False,同类份额与预测销量同时下降，核查原因
TIGECYCLINE,True,1227.41,1171.6092164078154,0.0,2719.052710663791,-0.0454622201156782,0.0004287439044823,0.0395198617853992,0.0,Market-led Growth,False,销量增长且同类份额变化不超过0.2个百分点
UNKNOWN_SKU_19510,False,1224.47,382.7418663450344,0.0,1926.478788328409,-0.6874224224807186,,,,Data Review,False,补齐INN后再形成分子级商业建议
GELATINUM*+NATRII CHLORIDUM*,True,1223.66,621.896485351222,0.0,2164.6122088513293,-0.4917734621126602,-0.0044334107147002,0.254081616598875,0.0,At Risk,False,同类份额与预测销量同时下降，核查原因
UNKNOWN_SKU_97032,False,1215.77,1364.205366684173,0.0,2896.9738605139337,0.1220916511216538,,,,Data Review,False,补齐INN后再形成分子级商业建议
HYDROXYETHYLAMYLUM*+NATRII CHLORIDUM*,True,1209.82,991.5710564570962,0.0,2516.83815402088,-0.1803978637672577,-0.0070751154161418,0.3353367570580984,0.0,At Risk,False,同类份额与预测销量同时下降，核查原因
CHLORAMBUCILUM,True,1200.95,1328.7008363753994,0.0,2842.7851801779702,0.1063748169161076,-0.0091947963862732,0.2989544028432172,0.0,Monitor,False,常规跟踪销量与生命周期信号
ALLOFERONUM*,True,1188.9499999999998,77.11898646571655,0.0,1576.0744638495096,-0.9351368968705862,-0.0140658218474863,0.033631334551757,0.0,At Risk,False,同类份额与预测销量同时下降，核查原因
ETOPOSIDUM,True,1185.51,345.1076514596561,0.0,1839.7261871367327,-0.7088951999901678,0.0332404283203759,0.4098683967380165,0.0,Monitor,False,常规跟踪销量与生命周期信号
EPIRUBICINUM,True,1152.98,1153.2939045882758,0.0,2606.900604881784,0.0002722550159377,0.0745273708097153,0.3775573262093761,0.0,Monitor,False,常规跟踪销量与生命周期信号
UNKNOWN_SKU_19505,False,1141.18,226.43353179185004,0.0,1665.1635134402266,-0.8015794775654586,,,,Data Review,False,补齐INN后再形成分子级商业建议
UNKNOWN_SKU_149311,False,1133.3200000000002,468.4734082432036,0.0,1897.2939823872807,-0.5866362472706707,,,,Data Review,False,补齐INN后再形成分子级商业建议
GLYCEROLUM+IODUM*+KALII IODIDUM*,True,1111.0100000000002,53.42242678771152,0.0,1454.1159167815454,-0.9519154401961176,-4.550969871438118e-05,0.0298889352085757,0.0,At Risk,False,同类份额与预测销量同时下降，核查原因
TROPICAMIDUM,True,1067.96,1766.4435657912709,0.0,3112.86224750774,0.6540353250976356,0.0084113516926548,0.3197679259653936,0.0,Monitor,True,常规跟踪销量与生命周期信号
UNKNOWN_SKU_97181,False,1052.89,450.5468189319912,36.40997520946382,738.6782090248537,-0.5720855750059444,,,,Data Review,False,补齐INN后再形成分子级商业建议
UNKNOWN_SKU_4266,False,1041.94,0.0,0.0,285.1348389607245,-1.0,,,,Data Review,False,补齐INN后再形成分子级商业建议
UNKNOWN_SKU_230221,False,1015.83,897.2924002418083,0.0,2177.9887647573714,-0.1166903908707084,,,,Data Review,False,补齐INN后再形成分子级商业建议
UNKNOWN_SKU_125621,False,1015.67,848.8198927016487,0.0,2129.3145389982947,-0.1642759038844815,,,,Data Review,False,补齐INN后再形成分子级商业建议
EUCALYPTUS VIMINALIS*&+MENTHOLUM*,True,1000.23,392.859108440114,0.0,1653.8879466112662,-0.6072312283773592,6.565894476446988e-06,0.0375322737935151,0.0,Monitor,False,常规跟踪销量与生命周期信号
GABEXATUM,True,975.31,1874.4184739167104,0.0,3104.0296994915348,0.9218694301470408,0.0015444940020263,0.0534131925302138,0.0,Market-led Growth,True,销量增长且同类份额变化不超过0.2个百分点
TEICOPLANINUM,True,967.27,1006.4204113311324,0.0,2225.895296405376,0.0404751634302029,-3.85765430102608e-06,0.0447683290463737,0.0,Monitor,False,常规跟踪销量与生命周期信号
ACHILLEA MILLEFOLIUM+CALENDULA+CLOTRIMAZOLUM+GENTAMICINUM,True,965.88,1286.621200554195,0.0,2504.343658601597,0.3320714794324295,0.0001435217821735,0.0318498550692936,0.0,Market-led Growth,False,销量增长且同类份额变化不超过0.2个百分点
APREPITANTUM,True,954.5,1174.0402697205532,0.0,2377.4155194474806,0.2300055209225282,0.0001895581361206,0.0319288113775334,0.0,Market-led Growth,False,销量增长且同类份额变化不超过0.2个百分点
AMLODIPINUM+ATORVASTATINUM,True,935.65,801.8565887323389,0.0,1981.466910793104,-0.1429951491130884,-0.001734256256827,0.032930103678014,0.0,At Risk,False,同类份额与预测销量同时下降，核查原因
UNKNOWN_SKU_499955,False,926.01,756.9848633745933,0.0,1924.441662745607,-0.1825305737793401,,,,Data Review,False,补齐INN后再形成分子级商业建议
UNKNOWN_SKU_31750,False,878.2399999999999,284.4675052680963,0.0,1391.698808903693,-0.676093658603461,,,,Data Review,False,补齐INN后再形成分子级商业建议
TAZAROTENUM+ULOBETASOLUM,True,873.06,8223.940935291666,2754.207335176613,9324.641611589825,8.419674404155117,0.0232381663179406,0.5858033903695874,0.0,Emerging Opportunity,True,机会概率位于前20%，份额上升且规模尚未进入前25%，先验证增长驱动
ETHAMBUTOLUM,True,867.21,660.3191812439261,0.0,1753.6445351629295,-0.2385706100668511,-0.0080745197335395,0.2898280271718496,0.0,At Risk,False,同类份额与预测销量同时下降，核查原因
UNKNOWN_SKU_84170,False,864.79,570.9236297281195,0.0,1661.197995586003,-0.3398124056382248,,,,Data Review,False,补齐INN后再形成分子级商业建议
PYRAZINAMIDUM,True,852.19,308.4435135201575,0.0,1382.832569638325,-0.6380578116145958,-0.0054367330854492,0.3227143809506598,0.0,At Risk,False,同类份额与预测销量同时下降，核查原因
UNKNOWN_SKU_19508,False,846.6300000000001,479.5107609017833,0.0,1546.890108912584,-0.4336241795096048,,,,Data Review,False,补齐INN后再形成分子级商业建议
UNKNOWN_SKU_330988,False,842.93,1258.9260764778471,0.0,2321.640690676191,0.4935120074951029,,,,Data Review,True,补齐INN后再形成分子级商业建议
UNKNOWN_SKU_31709,False,839.0999999999999,103.14507545437876,0.0,1161.031059787396,-0.8770765397993341,,,,Data Review,False,补齐INN后再形成分子级商业建议
UNKNOWN_SKU_97914,False,838.92,46.71935548332863,0.0,1104.378406820064,-0.9443101183863436,,,,Data Review,False,补齐INN后再形成分子级商业建议
UNKNOWN_SKU_150781,False,837.6,735.5302005624294,0.0,1791.5250765930996,-0.1218598369598503,,,,Data Review,False,补齐INN后再形成分子级商业建议
PALBOCICLIBUM,True,797.17,643.2340487623665,0.0,1648.2572523504386,-0.1931030410547731,-0.0393302803742535,0.2889802492250569,0.0,At Risk,False,同类份额与预测销量同时下降，核查原因
LEUPRORELINUM,True,794.9499999999998,492.71099626487353,0.0,1494.9353595654716,-0.3801987593372241,5.719518309691557e-06,0.2265923062698192,0.0,Monitor,False,常规跟踪销量与生命周期信号
ACIDUM BORICUM*+ZINCI SULFAS*,True,793.45,3.0411313654124683,0.0,1003.3743863636636,-0.9961672047823902,-0.0121128301159193,0.0434499037918955,0.0,At Risk,False,同类份额与预测销量同时下降，核查原因
UNKNOWN_SKU_144091,False,784.6200000000001,753.0174162104287,0.0,1742.2183470021964,-0.0402775659422031,,,,Data Review,False,补齐INN后再形成分子级商业建议
ESTRAMUSTINUM,True,768.77,354.2775465043068,0.0,1323.4957662346055,-0.539163148270215,-0.0139778582988083,0.287259588900427,0.0,At Risk,False,同类份额与预测销量同时下降，核查原因
VITAMIN C+PROPOLIS*,True,766.0099999999999,85.36564375925556,0.0,1051.1042242132353,-0.8885580556921507,-4.827397438769475e-05,0.0344972091451794,0.0,At Risk,False,同类份额与预测销量同时下降，核查原因
BENDAZOLUM+METAMIZOLUM NATRICUM+PAPAVERINUM*+PHENOBARBITALUM,True,746.0,329.65228036859105,0.0,1270.1634760692596,-0.5581068627766876,-6.672678316173891e-05,0.0309763053198824,0.0,At Risk,False,同类份额与预测销量同时下降，核查原因
CAMPHORA*+SULFANILAMIDUM,True,741.4399999999999,613.2509418783056,0.0,1548.0131683398386,-0.1728920183989187,0.0001350004427111,0.0304673567502004,0.0,Market-led Growth,False,销量增长且同类份额变化不超过0.2个百分点
ESTRADIOLI VALERAS+LEVONORGESTRELUM,True,740.55,4447.720357146497,4156.437279504276,4650.3775206994505,5.005969019170208,0.00138783650399,0.4625234378533356,0.0,Emerging Opportunity,False,机会概率位于前20%，份额上升且规模尚未进入前25%，先验证增长驱动
ENALAPRILATUM,True,734.1,1178.6520719854527,0.0,2104.1604751541668,0.6055742705155329,2.874464437006796e-05,0.0370092755815705,0.0,Market-led Growth,False,销量增长且同类份额变化不超过0.2个百分点
OXELADINUM,True,733.2500000000001,337.14557834685144,0.0,1261.5823534775689,-0.5402037799565613,-0.0070770907211036,0.0410043418186985,0.0,At Risk,False,同类份额与预测销量同时下降，核查原因
DEGARELIX,True,724.18,773.7932482167893,0.0,1686.7951218126473,0.0685095531729533,-3.291806680408337e-05,0.038085818552877,0.0,Monitor,False,常规跟踪销量与生命周期信号
ILOPROSTUM,True,705.94,683.8953126178378,0.0,1573.901309257154,-0.0312274235518064,1.5958935907674438e-05,0.0465673428564923,0.0,Market-led Growth,False,销量增长且同类份额变化不超过0.2个百分点
UNKNOWN_SKU_38270,False,705.5400000000001,37.13438867850636,0.0,926.63608977053,-0.9473674225720634,,,,Data Review,False,补齐INN后再形成分子级商业建议
VORICONAZOLUM,True,705.11,525.7187232938315,0.0,1414.6783066725156,-0.2544160155240579,1.0678092461364217e-05,0.0435091518652292,0.0,Market-led Growth,False,销量增长且同类份额变化不超过0.2个百分点
UNKNOWN_SKU_273644,False,691.99,999.1402301441948,0.0,1871.558919571682,0.4438651283171646,,,,Data Review,False,补齐INN后再形成分子级商业建议
TICLOPIDINUM,True,687.1,1117.768503928446,0.0,1984.0221802902813,0.6267915935503507,9.34897246810375e-06,0.0326448945370271,0.0,Market-led Growth,False,销量增长且同类份额变化不超过0.2个百分点
UNKNOWN_SKU_500331,False,668.3299999999999,994.3264356228244,0.0,1836.9160434279556,0.4877776482019729,,,,Data Review,False,补齐INN后再形成分子级商业建议
UNKNOWN_SKU_803420,False,665.4300000000001,2823.0650958391766,0.0,3661.9985609264368,3.242467420824393,,,,Data Review,True,补齐INN后再形成分子级商业建议
UNKNOWN_SKU_851710,False,664.1,2031.2327187958065,0.0,2868.4894011883184,2.05862478361061,,,,Data Review,True,补齐INN后再形成分子级商业建议
AZITHROMYCINUM+FLUCONAZOLUM+SECNIDAZOLUM,True,643.41,0.0,0.0,811.1719952088031,-1.0,-0.0102767557838862,0.0357324414751005,0.0,At Risk,False,同类份额与预测销量同时下降，核查原因
RITUXIMABUM,True,641.59,542.3177286204344,0.0,1351.1951790890562,-0.1547285203627949,-0.0111992076149542,0.4786797451202443,0.0,At Risk,False,同类份额与预测销量同时下降，核查原因
ALFUZOSINUM,True,628.7,3327.585031637297,0.0,4120.211558094416,4.29280265887911,-0.0011905927763022,0.1696642853755187,0.0,Monitor,False,常规跟踪销量与生命周期信号
THIAMPHENICOLI GLYCINATIS ACETHYLCYSTEINATUM*,True,618.3100000000001,1342.8807964326766,0.0,2122.40824604887,1.1718568297984446,,,,Monitor,False,跨多个ATC3或不足3个同类INN，竞争份额不适用
ONONIS ARVENSIS*&,True,594.4200000000001,490.2365882694368,0.0,1239.6449863235807,-0.1752690214504277,5.408300807067087e-05,0.0322184958227728,0.0,Market-led Growth,False,销量增长且同类份额变化不超过0.2个百分点
UNKNOWN_SKU_194139,False,579.6999999999999,384.8874179920755,0.0,1115.7377399058523,-0.3360575849714067,,,,Data Review,False,补齐INN后再形成分子级商业建议
CINACALCET,True,576.22,416.2031645816021,0.0,1142.6661152339334,-0.2777009396036201,-0.0018189062310531,0.2227619877151983,0.0,At Risk,False,同类份额与预测销量同时下降，核查原因
SOFOSBUVIRUM+VELPATASVIRUM,True,570.11,918.7516571467464,0.0,1637.5114933141836,0.6115340147458319,0.1596070961603945,0.3198433650763774,0.0,Monitor,True,常规跟踪销量与生命周期信号
CALCII CHLORIDUM*+DEXTROSUM*+KALII CHLORIDUM*+NATRII ACETAS*+NATRII CHLORIDUM*+XYLITOLUM*,True,566.3,652.942489750902,0.0,1366.8989108303772,0.1529975097137597,8.022537792935578e-05,0.0325486899467671,0.0,Market-led Growth,False,销量增长且同类份额变化不超过0.2个百分点
NORELGESTROMINUM+ETHINYLESTRADIOLUM,True,561.75,1046.2086781590444,0.0,1754.4287373880666,0.8624097519520151,-0.0033790443543988,0.0425887239482272,0.0,Monitor,False,常规跟踪销量与生命周期信号
DARBEPOETIN ALFA,True,560.78,763.8571644958536,0.0,1470.854307022691,0.3621333936585713,0.0062305260951061,0.3158562779144716,0.0,Monitor,False,常规跟踪销量与生命周期信号
FAVIPIRAVIRUM,True,559.5799999999999,5641.248629223417,2135.4717891982395,6346.732885108377,9.081219180856031,-0.0043845841945325,0.0570102707526417,0.0,Monitor,False,常规跟踪销量与生命周期信号
ABIRATERONE,True,545.4399999999999,671.5707571381321,0.0,1359.228165426299,0.2312458879769217,0.0009622796236926,0.0664277267836229,0.0,Market-led Growth,True,销量增长且同类份额变化不超过0.2个百分点
GLUCAGONUM,True,538.76,555.2733227274945,0.0,1234.5089953758752,0.0306506101557177,,,,Monitor,False,跨多个ATC3或不足3个同类INN，竞争份额不适用
LIDOCAINUM+NEOMYCINUM+POLYMYXINUM B,True,538.1,5114.4541603028165,1743.249832740094,5792.857745298164,8.504653708052064,0.0022902484998361,0.591242360458968,0.0,Emerging Opportunity,True,机会概率位于前20%，份额上升且规模尚未进入前25%，先验证增长驱动
UNKNOWN_SKU_68713,False,536.1,45.42245866112119,0.0,721.3045659200064,-0.9152724143609006,,,,Data Review,False,补齐INN后再形成分子级商业建议
TRASTUZUMABUM,True,529.7,0.0,0.0,667.8133785022039,-1.0,-0.0116399295675408,,,At Risk,False,同类份额与预测销量同时下降，核查原因
UNKNOWN_SKU_390895,False,513.71,496.8550782509574,0.0,1144.5092422501402,-0.0328101881393055,,,,Data Review,False,补齐INN后再形成分子级商业建议
UNKNOWN_SKU_10705,False,493.93000000000006,612.4398203631415,0.0,1235.156569548706,0.239932420308832,,,,Data Review,False,补齐INN后再形成分子级商业建议
DOBUTAMINUM,True,489.61,977.91847258433,0.0,1595.1888298591348,0.997341705815506,-0.0511314159147203,0.375994278489723,0.0,Monitor,False,常规跟踪销量与生命周期信号
UNKNOWN_SKU_97366,False,483.36,179.67904805986302,0.0,789.069787408221,-0.6282707545931334,,,,Data Review,False,补齐INN后再形成分子级商业建议
TERIFLUNOMIDE,True,483.2600000000001,760.2163999556149,0.0,1369.4810654171497,0.5731001944204255,0.003582229527242,0.440023788919846,0.0,Emerging Opportunity,True,机会概率位于前20%，份额上升且规模尚未进入前25%，先验证增长驱动
FERRI SULFAS*+SERINUM,True,482.66,592.3737993645206,402.5274820938512,724.4573947469642,0.227310735019518,-0.0403468408861842,0.070062710877893,0.0,Monitor,False,常规跟踪销量与生命周期信号
BENDAMUSTINE,True,480.3200000000001,360.0191582899153,0.0,965.5772514788498,-0.2504597803757593,0.0415561525828257,0.2940943987065173,0.0,Monitor,False,常规跟踪销量与生命周期信号
DRONEDARONE,True,477.18,489.9863346964215,0.0,1091.585707839109,0.0268375344658653,-5.921598995112606e-05,0.0314662250333646,0.0,Monitor,False,常规跟踪销量与生命周期信号
FULVESTRANTUM,True,470.8499999999999,177.08832534102794,0.0,770.7072214478103,-0.623896516213172,-0.0018987139078385,0.0975429817949564,0.0,At Risk,False,同类份额与预测销量同时下降，核查原因
UNKNOWN_SKU_24301,False,453.74,658.3035073174728,0.0,1230.351161388815,0.4508386021013639,,,,Data Review,False,补齐INN后再形成分子级商业建议
TERLIPRESSINUM,True,448.59,278.3894499961689,0.0,843.9442988961191,-0.3794122695642593,0.0020383913139658,0.0459618017834224,0.0,Monitor,False,常规跟踪销量与生命周期信号
SELEGILINUM,True,448.56,726.3825232356692,0.0,1291.8995499695725,0.6193653541012778,-0.0045387955472141,0.1222072284634476,0.0,Monitor,False,常规跟踪销量与生命周期信号
DEXPANTHENOLUM+NICOTINAMIDUM+PYRIDOXINUM+RIBOFLAVINUM+THIAMINUM,True,448.30000000000007,35.44620160977747,0.0,600.6354362379407,-0.9209319616110252,0.014693346005582,,,Monitor,False,常规跟踪销量与生命周期信号
MAGNESIUM ASPARGINATE*+PYRIDOXINUM,True,444.48,1384.770041107245,0.0,1945.143253258764,2.115483353822996,-0.0041112745232839,0.1795927399362891,0.0,Monitor,False,常规跟踪销量与生命周期信号
AVIBACTAMUM+CEFTAZIDIMUM,True,436.82,586.8058051493351,0.0,1137.5217575702009,0.3433583745005613,4.670274065439295e-05,0.0371664864992523,0.0,Market-led Growth,True,销量增长且同类份额变化不超过0.2个百分点
UNKNOWN_SKU_145472,False,421.2600000000001,151.8640580712737,0.0,267.1450745027331,-0.6395004081297211,,,,Data Review,False,补齐INN后再形成分子级商业建议
UNKNOWN_SKU_844014,False,417.46,2799.3229746272686,183.93000197472384,3325.6310225591737,5.7056076621167735,,,,Data Review,True,补齐INN后再形成分子级商业建议
METHYLERGOMETRINUM,True,412.57,301.97810028122984,0.0,822.1211351474828,-0.2680560867701725,0.0058736636598734,0.2394565964730682,0.0,Monitor,False,常规跟踪销量与生命周期信号
BROLUCIZUMABUM,True,406.99,383.518147809932,0.0,896.6262597914535,-0.0576718154993194,,,,Monitor,False,跨多个ATC3或不足3个同类INN，竞争份额不适用
UNKNOWN_SKU_501109,False,401.55,0.0,0.0,506.2496925383424,-1.0,,,,Data Review,False,补齐INN后再形成分子级商业建议
UNKNOWN_SKU_20984,False,393.28,398.5571654985632,0.0,894.3805475966315,0.0134183418901627,,,,Data Review,False,补齐INN后再形成分子级商业建议
UNKNOWN_SKU_161579,False,385.96,327.54186721813494,0.0,814.1366408007489,-0.1513579976729844,,,,Data Review,False,补齐INN后再形成分子级商业建议
UNKNOWN_SKU_903465,False,384.65,2792.172658355717,382.3348129793908,3277.115864020948,6.258995602120674,,,,Data Review,True,补齐INN后再形成分子级商业建议
UNKNOWN_SKU_865510,False,384.57,1422.0845481606498,0.0,1906.9268947164217,2.6978561722460146,,,,Data Review,True,补齐INN后再形成分子级商业建议
METHYLPHENIDATUM,True,378.19999999999993,311.85641555116564,0.0,788.6678555163035,-0.1754193137198156,0.0076864077009455,0.3524822461732477,0.0,Monitor,False,常规跟踪销量与生命周期信号
UNKNOWN_SKU_68081,False,377.51,1998.60654998879,0.0,2474.548080134848,4.294181743500278,,,,Data Review,True,补齐INN后再形成分子级商业建议
TOFACITINIBUM,True,376.36,762.8511345432916,0.0,1237.3428149908834,1.0269187335085863,0.0059114869213393,0.2700604425430502,0.0,Monitor,True,常规跟踪销量与生命周期信号
VINORELBINUM,True,368.23,110.15856066331594,0.0,574.4004341121861,-0.7008430582426312,0.0091066697854304,0.278052860256354,0.0,Monitor,False,常规跟踪销量与生命周期信号
DORNASUM ALFA,True,362.64,91.5635162875068,0.0,548.7578594629631,-0.7475085035089708,2.4253275351373548e-05,0.0379836643083716,0.0,Market-led Growth,False,销量增长且同类份额变化不超过0.2个百分点
FREMANEZUMAB,True,360.02,412.8217746813887,0.0,866.7129820220786,0.146663448367837,0.0001292541123156,0.0351140893779537,0.0,Market-led Growth,True,销量增长且同类份额变化不超过0.2个百分点
CARBETOCINUM,True,356.8499999999999,492.8279384678674,0.0,942.7226035962636,0.3810506892752348,5.4581086738950384e-05,0.1270757782216786,0.0,Market-led Growth,False,销量增长且同类份额变化不超过0.2个百分点
DACARBAZINUM,True,355.82000000000005,67.27105426451682,0.0,515.8671583586347,-0.8109407726813647,-0.0016269798809093,0.3921942190836731,0.0,At Risk,False,同类份额与预测销量同时下降，核查原因
ANAGRELIDUM,True,354.47,421.6416179778873,0.0,868.5357245998925,0.189498738900012,-0.0014606668263914,0.3260934807024252,0.0,Monitor,False,常规跟踪销量与生命周期信号
UNKNOWN_SKU_31749,False,352.35,258.1213702984347,0.0,702.3427105197893,-0.2674290611652199,,,,Data Review,False,补齐INN后再形成分子级商业建议
UNKNOWN_SKU_91371,False,350.52000000000004,317.6745371730868,0.0,759.5887252655779,-0.0937049607067022,,,,Data Review,False,补齐INN后再形成分子级商业建议
UNKNOWN_SKU_19911,False,350.48,43.16894586897031,0.0,485.032704406732,-0.8768290747860925,,,,Data Review,False,补齐INN后再形成分子级商业建议
ATOMOXETINUM,True,347.36,662.2282982005805,0.0,1100.1585514694602,0.9064610150868851,0.0062980840146573,0.3083990044473718,0.0,Monitor,True,常规跟踪销量与生命周期信号
UNKNOWN_SKU_187687,False,346.8299999999999,233.70240711850917,0.0,670.964468787226,-0.3261759158131961,,,,Data Review,False,补齐INN后再形成分子级商业建议
UNKNOWN_SKU_839506,False,346.16,3406.153197234903,1237.4557617598762,3842.5705638619047,8.839823195155141,,,,Data Review,True,补齐INN后再形成分子级商业建议
BORTEZOMIBUM,True,345.46000000000004,421.2169709322666,0.0,856.7518203515065,0.2192930322823671,0.00663728760006,0.3048917412727743,0.0,Monitor,True,常规跟踪销量与生命周期信号
SEVELAMERUM,True,344.89000000000004,330.32534376415424,0.0,765.1415720285022,-0.042229859479387,-0.0001066045100539,0.0356246590190787,0.0,At Risk,False,同类份额与预测销量同时下降，核查原因
UNKNOWN_SKU_138417,False,344.44999999999993,274.1789160355106,0.0,708.4404191978366,-0.2040095339366797,,,,Data Review,False,补齐INN后再形成分子级商业建议
CORIFOLLITROPIN ALFA,True,337.17,480.3063195524687,0.0,905.3896437540698,0.4245227023533193,0.0190219797649272,0.2985555316934949,0.0,Monitor,True,常规跟踪销量与生命周期信号
UNKNOWN_SKU_150789,False,331.61,417.8417526142469,0.0,835.9153687084811,0.2600396628999331,,,,Data Review,False,补齐INN后再形成分子级商业建议
UNKNOWN_SKU_443798,False,329.32,325.1913967101806,0.0,740.3779207961647,-0.0125367523679685,,,,Data Review,False,补齐INN后再形成分子级商业建议
ETANERCEPT,True,329.14,1086.4038939872846,0.0,1501.363485076987,2.3007349273478903,0.0457512264126275,0.3970109651521284,0.0,Monitor,True,常规跟踪销量与生命周期信号
CLINDAMYCINUM+MICONAZOLUM,True,325.67999999999995,49.77538349897648,0.0,460.372818104598,-0.8471647522139018,-0.0035978208428649,0.0276443080602644,0.0,At Risk,False,同类份额与预测销量同时下降，核查原因
ULIPRISTAL,True,309.99,0.0,0.0,390.81644176307,-1.0,,,,Monitor,False,跨多个ATC3或不足3个同类INN，竞争份额不适用
UNKNOWN_SKU_180996,False,306.23,75.13054306562991,0.0,461.2066066841496,-0.7546597555248346,,,,Data Review,False,补齐INN后再形成分子级商业建议
UNKNOWN_SKU_71586,False,305.34000000000003,0.0,0.0,384.9540060257938,-1.0,,,,Data Review,False,补齐INN后再形成分子级商业建议
IFOSFAMIDUM,True,301.93000000000006,330.8087613072263,0.0,711.4636477923508,0.0956472073236387,-0.0032919438671168,0.4211625639700523,0.0,Monitor,False,常规跟踪销量与生命周期信号
UNKNOWN_SKU_187766,False,301.69,438.0283157033984,0.0,818.3806248601472,0.4519152630295946,,,,Data Review,True,补齐INN后再形成分子级商业建议
TOCILIZUMAB,True,296.0,17.730226713234288,0.0,390.9089317097462,-0.9401005854282626,-0.285376830865624,0.3246656649223534,0.0,At Risk,False,同类份额与预测销量同时下降，核查原因
SEVOFLURAN,True,289.37,236.26739884444825,0.0,601.0874051445855,-0.1835110797786631,0.0064771692331192,0.2404142217506156,0.0,Monitor,False,常规跟踪销量与生命周期信号
PAZOPANIBUM,True,287.3,188.85073353597485,0.0,551.0610103788731,-0.3426706107345115,-0.1597822398170156,0.4288440070347317,0.0,At Risk,False,同类份额与预测销量同时下降，核查原因
UNKNOWN_SKU_460985,False,284.92,204.5924576273805,0.0,563.8021759638879,-0.2819301641605346,,,,Data Review,False,补齐INN后再形成分子级商业建议
UNKNOWN_SKU_181585,False,271.98,217.69979095288704,0.0,560.5955483344793,-0.1995742666634052,,,,Data Review,False,补齐INN后再形成分子级商业建议
UNKNOWN_SKU_111504,False,268.37,25.57907788007697,0.0,363.92356794735366,-0.9046872680252004,,,,Data Review,False,补齐INN后再形成分子级商业建议
NATRII OXYBUTYRAS*,True,266.52,130.78613775030098,0.0,466.7982609113494,-0.509282088585093,0.0030170062795833,0.3538474775795573,0.0,Monitor,False,常规跟踪销量与生命周期信号
SANGUIRITRINUM*,True,265.75,0.0,0.0,72.72451720234614,-1.0,-0.0008730870020357,0.0335422813664853,0.0,At Risk,False,同类份额与预测销量同时下降，核查原因
TIPIRACILUM+TRIFLURIDINUM,True,263.78,567.2285957316175,0.0,899.7862943937117,1.150385153277798,0.0085225407972433,0.3165996227010833,0.0,Monitor,True,常规跟踪销量与生命周期信号
UNKNOWN_SKU_438586,False,263.38,173.5203241769589,0.0,505.57372729176063,-0.3411788132092076,,,,Data Review,False,补齐INN后再形成分子级商业建议
UNKNOWN_SKU_33374,False,261.47,39.80113866329168,0.0,369.44653053977135,-0.8477793297001887,,,,Data Review,False,补齐INN后再形成分子级商业建议
BUPROPIONUM,True,252.14,611.2725225684329,0.0,929.155220804313,1.4243377590562107,0.0002751726136829,0.5124307974493258,0.0,Emerging Opportunity,True,机会概率位于前20%，份额上升且规模尚未进入前25%，先验证增长驱动
ESMOLOLUM,True,250.25,983.4033218100794,0.0,1298.903223585002,2.929683603636681,2.977235336873726e-06,0.0391922872650406,0.0,Market-led Growth,False,销量增长且同类份额变化不超过0.2个百分点
MERCAPTOPURINUM,True,249.05000000000004,297.39815026967034,0.0,611.3851654027153,0.1941302962042572,-0.3428670533202169,0.2202649743030512,0.0,Monitor,False,常规跟踪销量与生命周期信号
UNKNOWN_SKU_144097,False,243.32,283.0638497753702,0.0,589.8268311934489,0.1633398396160208,,,,Data Review,False,补齐INN后再形成分子级商业建议
UNKNOWN_SKU_390891,False,241.32,194.55134024069656,0.0,498.7928439223123,-0.1938034964333806,,,,Data Review,False,补齐INN后再形成分子级商业建议
LAPATINIB,True,240.32,338.98019622305867,0.0,641.960961036443,0.4105367685713159,-0.0372907541166035,0.4294868234258053,0.0,Monitor,False,常规跟踪销量与生命周期信号
AXITINIB,True,238.07,246.8803006881808,0.0,547.0244030480442,0.0370071856520384,-0.0120004181544082,0.2964749195884816,0.0,Monitor,False,常规跟踪销量与生命周期信号
EPTIFIBATIDUM,True,235.43,274.4744470966988,0.0,571.2901988444312,0.1658431257558457,9.681581626154063e-06,0.0373796552298149,0.0,Market-led Growth,False,销量增长且同类份额变化不超过0.2个百分点
UNKNOWN_SKU_68082,False,233.47000000000003,1605.1937399876251,142.5007937767557,1899.538443553624,5.875374737600656,,,,Data Review,True,补齐INN后再形成分子级商业建议
UNKNOWN_SKU_116937,False,230.65000000000003,389.61324736968845,0.0,680.4026673272745,0.6891968236275239,,,,Data Review,True,补齐INN后再形成分子级商业建议
OLAPARIBUM,True,227.48,68.11916984477052,0.0,354.9120475900628,-0.7005487522209841,0.0021636085035471,0.1116293725676368,0.0,Monitor,False,常规跟踪销量与生命周期信号
LECITHIN*+QUERCETIN*,True,225.74,248.72587970142135,0.0,533.3250718159909,0.1018245756242641,,,,Monitor,True,跨多个ATC3或不足3个同类INN，竞争份额不适用
UNKNOWN_SKU_445158,False,225.23,241.57828459239047,0.0,525.534499884162,0.072584844791504,,,,Data Review,False,补齐INN后再形成分子级商业建议
UNKNOWN_SKU_25359,False,224.35,320.9797769900736,0.0,603.8265420778015,0.4307099486965615,,,,Data Review,False,补齐INN后再形成分子级商业建议
PINAVERII BROMIDUM,True,222.42,430.6791846545645,0.0,711.0927237266055,0.9363329945803632,8.305716686533774e-05,0.0396107224851869,0.0,Market-led Growth,True,销量增长且同类份额变化不超过0.2个百分点
EVEROLIMUSUM,True,217.56,287.68104528579704,0.0,561.9673934582333,0.3223066983167726,,,,Monitor,True,跨多个ATC3或不足3个同类INN，竞争份额不适用
UNKNOWN_SKU_434983,False,211.85,229.8428562594665,0.0,496.93038549430105,0.0849320569245524,,,,Data Review,False,补齐INN后再形成分子级商业建议
ULOBETASOLUM,True,203.66,2293.2103038196137,1017.2774412449546,2549.9723817236327,10.25999363556719,0.0001113823509015,0.1391993674971519,0.0,Monitor,True,常规跟踪销量与生命周期信号
UNKNOWN_SKU_18564,False,201.32,61.34284265911934,0.0,315.1547916114767,-0.6952968276419663,,,,Data Review,False,补齐INN后再形成分子级商业建议
UNKNOWN_SKU_895627,False,194.64,538.3021792802607,0.0,783.6923925928319,1.7656297743539908,,,,Data Review,True,补齐INN后再形成分子级商业建议
UNKNOWN_SKU_435648,False,194.41,88.03199018351603,0.0,333.132233556394,-0.5471838373359599,,,,Data Review,False,补齐INN后再形成分子级商业建议
UNKNOWN_SKU_36737,False,192.24,55.10234037497037,0.0,297.46678040378606,-0.7133669352113485,,,,Data Review,False,补齐INN后再形成分子级商业建议
LAMIVUDINUM,True,191.01,244.0690958376001,0.0,484.8828270584911,0.2777817697377107,-0.1186985392973994,0.2879534950731425,0.0,Monitor,False,常规跟踪销量与生命周期信号
UNKNOWN_SKU_150578,False,188.86000000000004,232.1965997142401,0.0,470.2997423684336,0.2294641518280211,,,,Data Review,False,补齐INN后再形成分子级商业建议
TRIMEPERIDINUM,True,186.75,1.4170830091065678,0.0,236.86006665133155,-0.9924118714371803,-4.488274355884853e-05,0.0608958209748361,0.0,At Risk,False,同类份额与预测销量同时下降，核查原因
TEGAFURUM,True,184.24000000000004,19.74881856851837,0.0,252.02734765148244,-0.8928092782863745,-0.0025609416763118,0.0737574152850351,0.0,At Risk,False,同类份额与预测销量同时下降，核查原因
UNKNOWN_SKU_265208,False,176.11,814.3957418219496,0.0,1036.424463906192,3.624358309136049,,,,Data Review,True,补齐INN后再形成分子级商业建议
UNKNOWN_SKU_139362,False,172.02999999999997,143.703889876868,0.0,360.5887973787258,-0.1646579673494853,,,,Data Review,False,补齐INN后再形成分子级商业建议
KETAMINUM,True,166.87,121.59878571175771,0.0,331.9782806535413,-0.271296304238283,-0.0015162044048919,0.2973065599767902,0.0,At Risk,False,同类份额与预测销量同时下降，核查原因
UNKNOWN_SKU_86101,False,165.39999999999998,0.0,0.0,208.5262088054833,-1.0,,,,Data Review,False,补齐INN后再形成分子级商业建议
GLATIRAMERI ACETAS*,True,163.51,299.8693994119006,0.0,506.01281175642646,0.8339514366821639,0.0001472222339767,0.0483436353779391,0.0,Market-led Growth,False,销量增长且同类份额变化不超过0.2个百分点
UNKNOWN_SKU_686645,False,158.52,40.50366090763541,0.0,240.35598629968632,-0.744488639240251,,,,Data Review,False,补齐INN后再形成分子级商业建议
MESNUM,True,158.48,30.963821281310825,0.0,230.76571711863244,-0.8046200070588666,-0.0503144399996641,0.4068498036404199,0.0,At Risk,False,同类份额与预测销量同时下降，核查原因
UNKNOWN_SKU_814680,False,153.89,374.9628051370361,0.0,568.9779095691754,1.4365638127041145,,,,Data Review,True,补齐INN后再形成分子级商业建议
CALENDULA OFFICINALIS*&+CORIANDRUM SATIVUM*&+GLYCYRRHIZA GLABRA/URALENSIS*&+MELILOTUS OFFICINALIS*+SILYBUM MARIANUM*&,True,150.83,149.14521489167765,0.0,339.30245838702865,-0.0111700928749078,2.6042593907890646e-06,0.0388768988924199,0.0,Monitor,False,常规跟踪销量与生命周期信号
UNKNOWN_SKU_451343,False,149.28,131.65924107671418,0.0,319.8623393263064,-0.1180383100434473,,,,Data Review,False,补齐INN后再形成分子级商业建议
UNKNOWN_SKU_814672,False,147.35,512.5950402443091,0.0,698.3649124782146,2.478758332163618,,,,Data Review,True,补齐INN后再形成分子级商业建议
ECONAZOLUM,True,146.3,873.1431997068449,0.0,1057.5892961291074,4.968169512692036,,,,Monitor,False,跨多个ATC3或不足3个同类INN，竞争份额不适用
ALTEPLASUM,True,144.55,22.8536385050918,0.0,205.09344190794923,-0.8418980387056949,-0.0062166668733643,0.1122746629375941,0.0,At Risk,False,同类份额与预测销量同时下降，核查原因
UNKNOWN_SKU_13324,False,144.46,219.402259223192,0.0,401.5285961279086,0.5187751572974661,,,,Data Review,False,补齐INN后再形成分子级商业建议
HYALURONIDASUM+PERTUZUMABUM+TRASTUZUMABUM,True,144.14999999999998,2.2313157918342306,0.0,183.96682364739905,-0.9845208755335816,-0.0047629539726572,0.1401001172862581,0.0,At Risk,False,同类份额与预测销量同时下降，核查原因
UNKNOWN_SKU_138415,False,143.50000000000003,140.8992862593622,0.0,321.81531385057656,-0.018123440701309,,,,Data Review,False,补齐INN后再形成分子级商业建议
CETRORELIXUM,True,139.13,107.48596214480304,0.0,282.8925608818459,-0.2274422328412059,0.0001910636198893,0.060509134956705,0.0,Market-led Growth,False,销量增长且同类份额变化不超过0.2个百分点
LANREOTIDUM,True,138.81,133.69847779464584,0.0,308.7016400938547,-0.0368238758400271,0.0001472770815519,0.0671053074168623,0.0,Market-led Growth,False,销量增长且同类份额变化不超过0.2个百分点
ROCURONII BROMIDUM,True,138.55,71.20133156331384,0.0,245.8767017567825,-0.486096488175288,0.0279644673521072,0.5904363701292907,0.0,Emerging Opportunity,False,机会概率位于前20%，份额上升且规模尚未进入前25%，先验证增长驱动
PEMETREXEDUM,True,137.29000000000002,11.424760236407044,0.0,184.5115994559041,-0.91678374072105,6.21646939957185e-05,0.1326107107806637,0.0,Monitor,False,常规跟踪销量与生命周期信号
UNKNOWN_SKU_2464,False,136.67999999999998,11.280060523632752,0.0,183.59784903350857,-0.9174710233857716,,,,Data Review,False,补齐INN后再形成分子级商业建议
FLUDARABINUM,True,135.81,35.55052774899427,0.0,206.77147344350877,-0.7382333572712299,0.3370574798122029,0.4756778911233642,0.0,Emerging Opportunity,False,机会概率位于前20%，份额上升且规模尚未进入前25%，先验证增长驱动
SULFADIMETHOXINUM,True,135.06,17695.2782687583,17642.154654598067,17732.23846929771,130.0179051440715,-0.0005904581632705,0.0520742403499883,0.0,Monitor,False,常规跟踪销量与生命周期信号
UNKNOWN_SKU_814745,False,134.96,497.25788756868985,0.0,667.4072052252076,2.6844834585706123,,,,Data Review,True,补齐INN后再形成分子级商业建议
CRIZOTINIBUM,True,129.87,80.40976841995007,0.0,244.1419252371697,-0.3808441640105485,0.0097240321990559,0.3196215520842659,0.0,Monitor,False,常规跟踪销量与生命周期信号
CAMPHORA*+CHLOROBUTANOLUM+EUCALYPTUS VIMINALIS*&+HEXETIDINUM+MENTHOLUM*,True,129.67,352.4809967521392,0.0,515.9610057957125,1.718292563832338,-3.3384175450785415e-05,0.0470917492852936,0.0,Monitor,False,常规跟踪销量与生命周期信号
ALOE ARBORESCENS MILL.*&+CALENDULA OFFICINALIS*&+EUCALYPTUS VIMINALIS*&+LEVOMENTHOLUM+MATRICARIA CHAMOMILLA*&,True,129.56,58.16895122045827,0.0,221.51027898852607,-0.5510269279063116,-6.630431496833836e-05,0.0162674017088753,0.0,At Risk,False,同类份额与预测销量同时下降，核查原因
UNKNOWN_SKU_127638,False,129.54000000000002,132.75385809273862,0.0,296.0699710834418,0.0248097737589825,,,,Data Review,False,补齐INN后再形成分子级商业建议
GALAVITUM*,True,128.71,391.183968750038,0.0,553.4536684801091,2.039266325460632,-0.0051164370710577,0.0323748009708557,0.0,Monitor,False,常规跟踪销量与生命周期信号
UNKNOWN_SKU_143725,False,125.02,143.41966949682725,0.0,301.0372428031243,0.1471738081653115,,,,Data Review,False,补齐INN后再形成分子级商业建议
UNKNOWN_SKU_112662,False,124.0,905.7489759857096,856.9756296517209,939.6825230528436,6.304427225691206,,,,Data Review,False,补齐INN后再形成分子级商业建议
OXYCODONUM,True,119.39,102.38446630519344,0.0,252.90407978334736,-0.1424368346997785,0.0011697624101985,0.062194248583164,0.0,Market-led Growth,False,销量增长且同类份额变化不超过0.2个百分点
CHONDROITINI SULFAS*+LEVOMENTHOLUM,True,117.86,142.2758092355532,95.91753021197329,174.529098407589,0.2071594199520889,-0.0006503554292394,0.0337329139022625,0.0,Monitor,False,常规跟踪销量与生命周期信号
UNKNOWN_SKU_196883,False,117.51999999999998,100.0696095912864,0.0,248.23164138584747,-0.148488686255221,,,,Data Review,False,补齐INN后再形成分子级商业建议
ATEZOLIZUMABUM,True,115.05,0.0,0.0,145.04800679002938,-1.0,-0.0180505909536084,0.2243168179357797,0.0,At Risk,False,同类份额与预测销量同时下降，核查原因
GELATINUM*+KALII CHLORIDUM*+MAGNESII CHLORIDUM*+NATRII CHLORIDUM*+NATRII LACTAS*,True,113.79,129.14274804964447,0.0,272.6022238657022,0.1349217686057162,-0.0008754312830429,0.1927608587948713,0.0,Monitor,False,常规跟踪销量与生命周期信号
FINGOLIMODUM,True,112.54,3.553875418132417,0.0,145.4374276489008,-0.9684212242924078,0.0013866043526282,0.0593691212785651,0.0,Market-led Growth,False,销量增长且同类份额变化不超过0.2个百分点
ERTAPENEMUM,True,111.49,165.5402847935979,0.0,306.1000612127233,0.4847993971979358,0.0023811152251572,0.3152984989469393,0.0,Monitor,False,常规跟踪销量与生命周期信号
UNKNOWN_SKU_136044,False,108.13,1.5126313097424933,0.0,137.83632513161018,-0.9860109931587672,,,,Data Review,False,补齐INN后再形成分子级商业建议
UNKNOWN_SKU_189199,False,104.63,193.8949448076137,0.0,325.80605259067136,0.8531486648916538,,,,Data Review,False,补齐INN后再形成分子级商业建议
UNKNOWN_SKU_814645,False,102.79,402.0637472762332,0.0,531.6550955417449,2.911506443002561,,,,Data Review,True,补齐INN后再形成分子级商业建议
UNKNOWN_SKU_832847,False,100.73,386.6326372784782,0.0,513.6268634754331,2.8383067336292886,,,,Data Review,True,补齐INN后再形成分子级商业建议
UNKNOWN_SKU_439213,False,99.37,8.849530441252234,0.0,134.12915177741232,-0.9109436405227712,,,,Data Review,False,补齐INN后再形成分子级商业建议
OMALIZUMABUM,True,97.27,197.93393143006685,0.0,320.5660011429409,1.0348918621370085,7.435284641331926e-05,0.0554848069022533,0.0,Market-led Growth,True,销量增长且同类份额变化不超过0.2个百分点
NINTEDANIB,True,94.39,31.978325339538163,0.0,150.97946711190562,-0.6612106649058358,0.0238900864147053,0.3002318378112243,0.0,Monitor,False,常规跟踪销量与生命周期信号
VALGANCICLOVIRUM,True,93.87,382.3713204633458,0.0,500.71687802423287,3.07341344906089,5.215209927697375e-05,0.0451940924456974,0.0,Market-led Growth,True,销量增长且同类份额变化不超过0.2个百分点
CETUXIMABUM,True,92.35,17.974128091463204,0.0,134.40336257263846,-0.8053694846620119,0.0073711431559681,0.3090772884670199,0.0,Monitor,False,常规跟踪销量与生命周期信号
UNKNOWN_SKU_142203,False,90.82,44.75635821478908,0.0,159.2566622275702,-0.5071971128078718,,,,Data Review,False,补齐INN后再形成分子级商业建议
UNKNOWN_SKU_814676,False,90.37,448.8934841899047,0.0,562.8264557119817,3.9672843221191183,,,,Data Review,True,补齐INN后再形成分子级商业建议
CYANOCOBALAMINUM+LIDOCAINUM+PYRIDOXINUM+THIAMINUM,True,88.32000000000001,91.17129555521156,0.0,202.51975239741404,0.032283690616073,-0.0004239687275513,0.0370750437280117,0.0,Monitor,False,常规跟踪销量与生命周期信号
UNKNOWN_SKU_814666,False,87.30999999999999,248.53898994017405,0.0,358.61410052546273,1.846626846182271,,,,Data Review,True,补齐INN后再形成分子级商业建议
PERTUZUMABUM,True,86.44,0.0539518679728523,0.0,109.03221963790016,-0.9993758460438124,-0.0132312935532867,,,At Risk,False,同类份额与预测销量同时下降，核查原因
UNKNOWN_SKU_814718,False,86.31,185.69437481696752,0.0,294.5087465340248,1.1514815759120325,,,,Data Review,True,补齐INN后再形成分子级商业建议
UNKNOWN_SKU_84186,False,84.72999999999999,7.345469663084005,0.0,114.16787396833551,-0.9133073331395728,,,,Data Review,False,补齐INN后再形成分子级商业建议
UNKNOWN_SKU_434231,False,83.57000000000001,100.45037683120566,0.0,205.8103240493087,0.2019908679096045,,,,Data Review,True,补齐INN后再形成分子级商业建议
MITOXANTRONUM,True,83.00000000000001,83.6104855309839,0.0,188.25181159419503,0.0073552473612514,0.0106800763818474,0.4576832228656179,0.0,Emerging Opportunity,False,机会概率位于前20%，份额上升且规模尚未进入前25%，先验证增长驱动
GEFITINIBUM,True,82.82000000000001,85.47458603661107,0.0,189.8889791035405,0.0320524756895805,-0.0833262575759221,0.2934206768379693,0.0,Monitor,False,常规跟踪销量与生命周期信号
UNKNOWN_SKU_273063,False,82.78,129.72566617147297,0.0,234.08962968367317,0.5671136285512559,,,,Data Review,True,补齐INN后再形成分子级商业建议
UNKNOWN_SKU_586966,False,81.56,0.9220621549009982,0.0,103.7479242478588,-0.9886946768648726,,,,Data Review,False,补齐INN后再形成分子级商业建议
UNKNOWN_SKU_522241,False,81.0,151.16706035642358,0.0,253.28690868317176,0.866260004400291,,,,Data Review,True,补齐INN后再形成分子级商业建议
UNKNOWN_SKU_407977,False,79.87,100.4611645218293,0.0,201.15637792747597,0.2578084953277739,,,,Data Review,False,补齐INN后再形成分子级商业建议
UNKNOWN_SKU_463413,False,79.42,91.9615662686541,0.0,192.08944718359655,0.1579144581799809,,,,Data Review,False,补齐INN后再形成分子级商业建议
UNKNOWN_SKU_327268,False,78.91000000000001,167.6429637994376,0.0,267.12786789158207,1.1244831301411429,,,,Data Review,False,补齐INN后再形成分子级商业建议
UNKNOWN_SKU_814907,False,77.69,264.74711314469886,0.0,362.6939158176009,2.407737329703937,,,,Data Review,True,补齐INN后再形成分子级商业建议
UNKNOWN_SKU_814761,False,76.63,309.59369875811547,0.0,406.2041182306922,3.040110906408919,,,,Data Review,True,补齐INN后再形成分子级商业建议
AESCINUM*+HEPARIN SODIUM,True,76.34,2383.750958729299,1905.4797482365684,2479.9957639300883,30.225451384979024,-0.0025456451480601,0.0946807609537083,0.0,Monitor,False,常规跟踪销量与生命周期信号
UNKNOWN_SKU_102783,False,75.08,56.46248182736853,0.0,151.11875605418646,-0.2479690752881123,,,,Data Review,False,补齐INN后再形成分子级商业建议
UNKNOWN_SKU_470410,False,72.64,18.29802325409376,0.0,109.87809464242696,-0.7480999001363744,,,,Data Review,False,补齐INN后再形成分子级商业建议
LENALIDOMIDUM,True,71.78999999999999,82.27891181380905,0.0,172.78735516414548,0.146105471706492,0.0002045632300568,0.0610161302529927,0.0,Market-led Growth,True,销量增长且同类份额变化不超过0.2个百分点
UNKNOWN_SKU_95863,False,70.3,45.97671656115666,0.0,134.60665899782822,-0.3459926520461356,,,,Data Review,False,补齐INN后再形成分子级商业建议
UNKNOWN_SKU_553375,False,70.21,85.68861899518502,0.0,174.20509493371577,0.2204617432728248,,,,Data Review,True,补齐INN后再形成分子级商业建议
UNKNOWN_SKU_463519,False,67.51,79.78465734814975,0.0,164.89713834245555,0.181819839255662,,,,Data Review,False,补齐INN后再形成分子级商业建议
PANITUMUMABUM,True,65.86,69.76451020015075,0.0,152.79677206187466,0.0592850015206614,0.0079821335368507,0.3872529412195257,0.0,Monitor,False,常规跟踪销量与生命周期信号
UNKNOWN_SKU_91356,False,65.25999999999999,18.52251364820645,0.0,100.79833218899144,-0.7161735573367078,,,,Data Review,False,补齐INN后再形成分子级商业建议
MELPHALANUM,True,64.96000000000001,75.10536719830452,0.0,157.0029640786201,0.1561786822399093,0.0039235402143607,0.177885841427224,0.0,Monitor,True,常规跟踪销量与生命周期信号
UNKNOWN_SKU_145471,False,64.13,25.12889130888484,0.0,105.98007492856831,-0.6081570043835203,,,,Data Review,False,补齐INN后再形成分子级商业建议
UNKNOWN_SKU_272359,False,64.11,73.51217393142225,0.0,154.33814277374108,0.1466569011296561,,,,Data Review,True,补齐INN后再形成分子级商业建议
OSIMERTINIBUM,True,63.03,41.922596481443655,0.0,121.38696734607252,-0.334878685047697,0.1111008910403232,0.4713743744101626,0.0,Emerging Opportunity,False,机会概率位于前20%，份额上升且规模尚未进入前25%，先验证增长驱动
UNKNOWN_SKU_76567,False,62.08,175.46685257234302,0.0,253.733521512152,1.8264634757142884,,,,Data Review,True,补齐INN后再形成分子级商业建议
UNKNOWN_SKU_726217,False,60.2,127.64369879102212,0.0,203.540178658556,1.1203272224422278,,,,Data Review,True,补齐INN后再形成分子级商业建议
NATRII ACETAS*+NATRII CHLORIDUM*,True,59.580000000000005,40.00566699286879,0.0,115.12048876209914,-0.3285386540303997,-3.0996274557957545e-06,0.0422545700491082,0.0,At Risk,False,同类份额与预测销量同时下降，核查原因
UNKNOWN_SKU_499942,False,58.900000000000006,112.80312725471532,0.0,187.06064659354823,0.9151634508440628,,,,Data Review,True,补齐INN后再形成分子级商业建议
DIMETICONUM+GUAIAZULENUM,True,58.7,0.0,0.0,74.00537156518665,-1.0,,,,Monitor,False,跨多个ATC3或不足3个同类INN，竞争份额不适用
UNKNOWN_SKU_814759,False,58.64,73.2208096697165,0.0,147.15053690280928,0.2486495509842514,,,,Data Review,True,补齐INN后再形成分子级商业建议
UNKNOWN_SKU_147057,False,58.62,46.83206760542782,0.0,120.73658006115592,-0.2010906242676933,,,,Data Review,False,补齐INN后再形成分子级商业建议
LOMUSTINUM,True,57.99,53.513220170612406,0.0,126.62346713935472,-0.0771991693289807,-0.0003669682369997,0.0645842563076424,0.0,At Risk,False,同类份额与预测销量同时下降，核查原因
SOFOSBUVIRUM+LEDIPASVIRUM,True,55.38,14.069510534272707,0.0,83.8892290569309,-0.7459459997422768,0.0037574363943042,0.2445755744629718,0.0,Monitor,False,常规跟踪销量与生命周期信号
UNKNOWN_SKU_25357,False,54.67,95.7447833717289,0.0,164.6693772979428,0.7513221761794202,,,,Data Review,False,补齐INN后再形成分子级商业建议
UNKNOWN_SKU_814716,False,52.35,202.12336076380583,0.0,268.1230405157227,2.8610002056123367,,,,Data Review,True,补齐INN后再形成分子级商业建议
UNKNOWN_SKU_814749,False,50.9,127.2733594486624,0.0,191.4449678416437,1.5004589282644871,,,,Data Review,True,补齐INN后再形成分子级商业建议
SUNITINIBUM,True,49.690000000000005,6.366814430108109,0.0,69.01292879252932,-0.8718693010644374,0.0712827938241439,0.447873380618119,0.0,Emerging Opportunity,False,机会概率位于前20%，份额上升且规模尚未进入前25%，先验证增长驱动
UNKNOWN_SKU_814656,False,49.44,143.50533579221798,0.0,205.8362654375813,1.902616015214765,,,,Data Review,True,补齐INN后再形成分子级商业建议
GOLIMUMABUM,True,49.11,72.07136754868756,0.0,133.98625336753452,0.4675497362795269,0.0058055288960522,0.3791278518984752,0.0,Monitor,True,常规跟踪销量与生命周期信号
UNKNOWN_SKU_427470,False,48.89,65.9473188271196,0.0,127.58484209495565,0.3488917739234936,,,,Data Review,False,补齐INN后再形成分子级商业建议
UNKNOWN_SKU_741379,False,48.69,194.48719790917332,0.0,255.87257340336308,2.994397163877046,,,,Data Review,True,补齐INN后再形成分子级商业建议
FLUMAZENILUM,True,48.67,44.373017035456776,0.0,105.73317775228188,-0.0882881233725748,0.0001911821481338,0.0688703329796006,0.0,Market-led Growth,False,销量增长且同类份额变化不超过0.2个百分点
UNKNOWN_SKU_119950,False,48.24,0.0,0.0,60.81804300348558,-1.0,,,,Data Review,False,补齐INN后再形成分子级商业建议
MEGESTROLUM,True,45.86,1.7886566459858948,0.0,59.606141143080606,-0.9609974564765396,-0.0022637877646178,0.0285263125399426,0.0,At Risk,False,同类份额与预测销量同时下降，核查原因
LYSINI ACETYLSALICYLAS*,True,44.26,758.9729951523649,741.5640571786363,771.0850821942307,16.148056826759262,-0.0001632793171742,0.025795028628571,0.0,Monitor,False,常规跟踪销量与生命周期信号
UNKNOWN_SKU_326096,False,43.5,3.62655576256526,0.0,58.46869653063373,-0.916630902009994,,,,Data Review,False,补齐INN后再形成分子级商业建议
UNKNOWN_SKU_94709,False,42.92,27.429083085631525,0.0,81.53999531012573,-0.3609253707914369,,,,Data Review,False,补齐INN后再形成分子级商业建议
UNKNOWN_SKU_331003,False,42.11,6.6176688932636845,0.0,59.70738263449042,-0.8428480433801072,,,,Data Review,False,补齐INN后再形成分子级商业建议
UNKNOWN_SKU_326032,False,41.56,81.09321704311593,0.0,133.48952440681538,0.9512323638863311,,,,Data Review,False,补齐INN后再形成分子级商业建议
DACLATASVIRUM,True,41.43,21.51413345751065,0.0,73.74654476834,-0.4807112368450241,-0.0003283847261862,0.2217631229186895,0.0,At Risk,False,同类份额与预测销量同时下降，核查原因
UNKNOWN_SKU_56173,False,40.03,6.105115152428297,0.0,56.5724920477336,-0.8474865063095605,,,,Data Review,False,补齐INN后再形成分子级商业建议
OCRELIZUMABUM,True,39.21,32.10839443903854,0.0,81.54196546239405,-0.181117203799068,-0.0014507449050425,0.0726094533362038,0.0,At Risk,False,同类份额与预测销量同时下降，核查原因
UNKNOWN_SKU_814709,False,39.04,127.23211790276412,0.0,176.4513633185203,2.2590194134929336,,,,Data Review,True,补齐INN后再形成分子级商业建议
IDARUBICINUM,True,38.71,31.533925236144583,0.0,80.33712682538436,-0.1853803865630435,0.0038255088502639,0.2868246767860502,0.0,Monitor,False,常规跟踪销量与生命周期信号
ERLOTINIBUM,True,38.2,57.579028271214526,0.0,105.73925303765628,0.5073044050056157,-0.027774633464401,0.4043816098629086,0.0,Monitor,True,常规跟踪销量与生命周期信号
UNKNOWN_SKU_144101,False,37.540000000000006,9.220401768198348,0.0,56.54853888160733,-0.7543846092648283,,,,Data Review,False,补齐INN后再形成分子级商业建议
UNKNOWN_SKU_893449,False,37.5,310.5717380073464,75.6336925072496,357.84944556602613,7.281913013529238,,,,Data Review,True,补齐INN后再形成分子级商业建议
REMIFENTANILUM,True,37.16,95.53732187441273,0.0,142.38637821789374,1.5709720633587922,0.001946995203769,0.2005274596011851,0.0,Monitor,True,常规跟踪销量与生命周期信号
UNKNOWN_SKU_814752,False,36.74,89.28778601495272,0.0,135.60733203377652,1.430260914941555,,,,Data Review,True,补齐INN后再形成分子级商业建议
UNKNOWN_SKU_113181,False,36.1,27.71024186441481,0.0,73.22291500757049,-0.2324032724538833,,,,Data Review,False,补齐INN后再形成分子级商业建议
SOFOSBUVIRUM,True,35.7,33.64995992269557,0.0,78.65833751855865,-0.0574240918012444,-0.0003866392211806,0.2095309868806422,0.0,At Risk,False,同类份额与预测销量同时下降，核查原因
UNKNOWN_SKU_113184,False,35.65,12.877454657233656,0.0,57.82279530968517,-0.6387810755334178,,,,Data Review,False,补齐INN后再形成分子级商业建议
LEVOSIMENDANUM,True,34.81999999999999,44.41584020723719,0.0,88.31476759905658,0.2755841529936014,0.0004408618037992,0.0597556264975338,0.0,Market-led Growth,True,销量增长且同类份额变化不超过0.2个百分点
UNKNOWN_SKU_741380,False,34.67,105.23439611242785,0.0,148.94421267401253,2.035315722885141,,,,Data Review,True,补齐INN后再形成分子级商业建议
TRASTUZUMABUM EMTANSINUM,True,33.89,0.0,0.0,42.72644024436415,-1.0,0.0248712231208277,,,Monitor,False,常规跟踪销量与生命周期信号
UNKNOWN_SKU_104008,False,33.84,26.25965569409781,0.0,68.92305899505038,-0.2240054463919087,,,,Data Review,False,补齐INN后再形成分子级商业建议
UNKNOWN_SKU_647296,False,33.47,123.4475398519874,0.0,165.64446977169433,2.688304148550565,,,,Data Review,True,补齐INN后再形成分子级商业建议
VENETOCLAXUM,True,33.34,48.09381882129982,0.0,90.12685268813668,0.442526059427109,0.002280663970527,0.0923749474578076,0.0,Monitor,True,常规跟踪销量与生命周期信号
UNKNOWN_SKU_189222,False,32.88,977.5360996069796,771.5424213124948,1018.98919359443,28.73041665471349,,,,Data Review,False,补齐INN后再形成分子级商业建议
THALIDOMIDUM,True,32.73,34.861232351155564,0.0,76.12521550837121,0.0651155622106802,8.270828157091552e-05,0.0450380207132273,0.0,Market-led Growth,False,销量增长且同类份额变化不超过0.2个百分点
UNKNOWN_SKU_530622,False,32.47,44.30159063677127,0.0,85.23778168824674,0.3643852983298821,,,,Data Review,False,补齐INN后再形成分子级商业建议
UNKNOWN_SKU_814673,False,32.099999999999994,95.62881801243248,0.0,136.09853568266232,1.979090903814096,,,,Data Review,True,补齐INN后再形成分子级商业建议
UNKNOWN_SKU_834596,False,31.88,305.35681569647863,105.628151948663,345.54917081569755,8.578319187467962,,,,Data Review,True,补齐INN后再形成分子级商业建议
UNKNOWN_SKU_406440,False,29.630000000000003,59.74281158624348,0.0,97.09850425194162,1.0162946873521252,,,,Data Review,True,补齐INN后再形成分子级商业建议
UNKNOWN_SKU_814684,False,29.25,43.02544845111548,0.0,79.90206034688566,0.4709555026022387,,,,Data Review,True,补齐INN后再形成分子级商业建议
UNKNOWN_SKU_499958,False,28.93,49.40074416050501,0.0,85.87391961844112,0.7075957193399589,,,,Data Review,True,补齐INN后再形成分子级商业建议
UNKNOWN_SKU_2462,False,28.84,15.019580343506314,0.0,51.37928930330159,-0.4792101129158698,,,,Data Review,False,补齐INN后再形成分子级商业建议
UNKNOWN_SKU_647417,False,28.82,39.7127141820488,0.0,76.04720836447945,0.377956772451381,,,,Data Review,True,补齐INN后再形成分子级商业建议
UNKNOWN_SKU_647421,False,27.89,140.1511414635699,0.0,175.3131484985453,4.025139528991391,,,,Data Review,True,补齐INN后再形成分子级商业建议
UNKNOWN_SKU_190679,False,27.02,222.0281943595004,52.747501308497306,256.0933585791144,7.217179658012597,,,,Data Review,False,补齐INN后再形成分子级商业建议
UNKNOWN_SKU_814674,False,26.92,112.70060681463468,0.0,146.63969714742555,3.186500996085984,,,,Data Review,True,补齐INN后再形成分子级商业建议
UNKNOWN_SKU_198172,False,26.17,33.58624521735339,0.0,66.57978139897068,0.2833872838117457,,,,Data Review,False,补齐INN后再形成分子级商业建议
UNKNOWN_SKU_647418,False,26.16,79.6934817559589,0.0,112.67441054889386,2.0463869172767164,,,,Data Review,True,补齐INN后再形成分子级商业建议
UNKNOWN_SKU_814751,False,25.35,71.28681948461012,0.0,103.2465497942776,1.8121033327262377,,,,Data Review,True,补齐INN后再形成分子级商业建议
MEPIVACAINUM,True,25.1,28.133033050639572,0.0,59.7775786432492,0.1208379701450028,2.352628338295454e-06,0.0490573243929733,0.0,Monitor,False,常规跟踪销量与生命周期信号
UNKNOWN_SKU_814661,False,25.08,110.62339368244731,0.0,142.2427244976923,3.410821119714805,,,,Data Review,True,补齐INN后再形成分子级商业建议
UNKNOWN_SKU_814747,False,24.31,213.6711453801057,61.3686417505763,244.3197072668125,7.789434199099372,,,,Data Review,True,补齐INN后再形成分子级商业建议
UNKNOWN_SKU_9805,False,23.56,17.595022004671012,0.0,47.298029740204186,-0.2531824276455428,,,,Data Review,False,补齐INN后再形成分子级商业建议
UNKNOWN_SKU_443910,False,23.25,48.62940942321844,0.0,77.94158810959986,1.0915875020739114,,,,Data Review,False,补齐INN后再形成分子级商业建议
AZACITIDINUM,True,22.97,87.00056560157218,0.0,115.9597374048488,2.7875736004167253,0.0007895470433577,0.2983862510112932,0.0,Monitor,True,常规跟踪销量与生命周期信号
SORAFENIBUM,True,22.85,23.274957475940106,0.0,52.08284061502894,0.0185977013540528,0.0398918693060802,0.4470099044871317,0.0,Emerging Opportunity,False,机会概率位于前20%，份额上升且规模尚未进入前25%，先验证增长驱动
MIDAZOLAMUM,True,22.69,29.623079811990976,0.0,58.22924473216278,0.3055566245919336,1.025854985805628e-06,0.0552792933035657,0.0,Monitor,True,常规跟踪销量与生命周期信号
UNKNOWN_SKU_92162,False,21.16,31.717923298751263,0.0,58.39515775052894,0.4989566776347478,,,,Data Review,True,补齐INN后再形成分子级商业建议
UNKNOWN_SKU_95895,False,21.06,30.501103844796507,0.0,57.05226440975103,0.4482955291926167,,,,Data Review,False,补齐INN后再形成分子级商业建议
QUINAPRILUM,True,20.57,22.654188508282985,0.0,48.5875870278041,0.101321755385658,-0.0001306421979838,0.0353096197747046,0.0,Monitor,False,常规跟踪销量与生命周期信号
UNKNOWN_SKU_177338,False,20.12,3714.1280706439193,3706.214201867792,3719.6340623132,183.59881066818687,,,,Data Review,False,补齐INN后再形成分子级商业建议
UNKNOWN_SKU_378920,False,19.84,47.9835721725615,0.0,72.99663131827364,1.4185268232137855,,,,Data Review,True,补齐INN后再形成分子级商业建议
UNKNOWN_SKU_421652,False,19.65,27.154068859310257,0.0,51.927587620058425,0.3818864559445425,,,,Data Review,False,补齐INN后再形成分子级商业建议
UPADACITINIBUM,True,19.59,9.426697770261857,0.0,34.12457219891614,-0.5188005221918399,0.0004153830012749,0.0402335849333547,0.0,Market-led Growth,False,销量增长且同类份额变化不超过0.2个百分点
UNKNOWN_SKU_112638,False,19.48,0.0,0.0,5.330850781191732,-1.0,,,,Data Review,False,补齐INN后再形成分子级商业建议
UNKNOWN_SKU_421650,False,19.19,48.564863596780725,0.0,72.75844247814243,1.5307380717446968,,,,Data Review,False,补齐INN后再形成分子级商业建议
UNKNOWN_SKU_97107,False,19.01,186.7311007764185,67.63317424423606,210.6977466614985,8.822782786765833,,,,Data Review,False,补齐INN后再形成分子级商业建议
ALECTINIBUM,True,18.920000000000005,4.969977384192226,0.0,28.82315677113144,-0.7373162059095019,-0.0381168138218341,0.3087136973723983,0.0,At Risk,False,同类份额与预测销量同时下降，核查原因
UNKNOWN_SKU_647302,False,18.2,46.45795500385493,0.0,69.40340240566749,1.5526348903216998,,,,Data Review,True,补齐INN后再形成分子级商业建议
UNKNOWN_SKU_163831,False,16.92,23.184239176591102,0.0,44.5159408270674,0.3702269016897812,,,,Data Review,False,补齐INN后再形成分子级商业建议
ALLANTOINUM*+DEXPANTHENOLUM,True,16.490000000000002,98.08561083238492,0.0,118.8751947695217,4.948187436772888,-5.57145124520499e-06,0.0415844710390925,0.0,Monitor,False,常规跟踪销量与生命周期信号
UNKNOWN_SKU_814675,False,16.490000000000002,49.65709871507553,0.0,70.44668265221229,2.011346192545514,,,,Data Review,True,补齐INN后再形成分子级商业建议
UNKNOWN_SKU_294525,False,15.36,183.18765271268907,86.95702927584942,202.55260172872428,10.926279473482362,,,,Data Review,False,补齐INN后再形成分子级商业建议
UNKNOWN_SKU_810214,False,15.24,36.946907448016646,0.0,56.16056779986408,1.4243377590562103,,,,Data Review,True,补齐INN后再形成分子级商业建议
ACIDUM PAMIDRONICUM,True,14.81,5.382261701833307,0.0,24.053804340341216,-0.6365792233738483,-0.0024518618301346,0.0631215157377651,0.0,At Risk,False,同类份额与预测销量同时下降，核查原因
UNKNOWN_SKU_452160,False,14.63,162.37616847950164,70.71900566173055,180.8207781217279,10.098849520129985,,,,Data Review,False,补齐INN后再形成分子级商业建议
UNKNOWN_SKU_814726,False,14.240000000000002,67.09263338244111,0.0,85.04555486605709,3.7115613330365935,,,,Data Review,True,补齐INN后再形成分子级商业建议
UNKNOWN_SKU_177339,False,14.08,0.0,0.0,3.853099537945564,-1.0,,,,Data Review,False,补齐INN后再形成分子级商业建议
FOLLITROPIN DELTA,True,14.05,2.7301951130168987,0.0,20.443576211668898,-0.8056800631304699,0.0008401748410043,0.1354353953523581,0.0,Market-led Growth,False,销量增长且同类份额变化不超过0.2个百分点
UNKNOWN_SKU_647419,False,13.64,39.85909872573602,0.0,57.05557688841312,1.9222213142035205,,,,Data Review,True,补齐INN后再形成分子级商业建议
UNKNOWN_SKU_647290,False,13.48,27.236242573320016,0.0,44.231002517080086,1.020492772501485,,,,Data Review,True,补齐INN后再形成分子级商业建议
UNKNOWN_SKU_814677,False,13.35,28.933010696466816,0.0,45.7638745873568,1.1672667188364656,,,,Data Review,True,补齐INN后再形成分子级商业建议
HYDROCHLOROTHIAZIDUM+QUINAPRILUM,True,12.88,60.68070151401824,0.0,76.91901813683943,3.71123458959769,-0.000388503777761,0.039615260148462,0.0,Monitor,False,常规跟踪销量与生命周期信号
UNKNOWN_SKU_647301,False,12.59,34.60748831756114,0.0,50.48019066859521,1.748807650322569,,,,Data Review,True,补齐INN后再形成分子级商业建议
UNKNOWN_SKU_691227,False,12.39,3.385645835211077,0.0,19.006200412598854,-0.7267436775455143,,,,Data Review,False,补齐INN后再形成分子级商业建议
UNKNOWN_SKU_189194,False,12.11,0.0,0.0,15.267547694282973,-1.0,,,,Data Review,False,补齐INN后再形成分子级商业建议
UNKNOWN_SKU_741377,False,11.75,18.10099212134588,0.0,32.91467382306553,0.5405099677741176,,,,Data Review,True,补齐INN后再形成分子级商业建议
UNKNOWN_SKU_814724,False,11.679999999999998,16.85583571039763,0.0,31.581265691341077,0.4431366190408934,,,,Data Review,True,补齐INN后再形成分子级商业建议
NATRII FLUORIDUM*,True,11.65,14.5789234596215,0.0,29.266531274517995,0.2514097390233047,-0.0001041858691829,0.0411525106736347,0.0,Monitor,False,常规跟踪销量与生命周期信号
DEXAMETHASONUM+GENTAMICINUM,True,11.55,44.02362885732701,0.0,58.58516278540037,2.8115695980369706,-0.0037150826571918,0.0214193159955965,0.0,Monitor,False,常规跟踪销量与生命周期信号
VEMURAFENIBUM,True,11.47,3.344538096456492,0.0,17.805212915071326,-0.7084099305617705,-0.0097874673506728,0.1955479237854285,0.0,At Risk,False,同类份额与预测销量同时下降，核查原因
UNKNOWN_SKU_51209,False,11.15,36.97853556831414,0.0,51.03577394909491,2.31646058908647,,,,Data Review,False,补齐INN后再形成分子级商业建议
ENALAPRILUM+INDAPAMIDUM,True,11.14,4222.419350390611,4152.627088340715,4236.463981382709,378.03225766522536,-0.0003823759819891,0.0289548850031624,0.0,Monitor,False,常规跟踪销量与生命周期信号
UNKNOWN_SKU_814715,False,11.12,26.97317050574352,0.0,40.99258672047734,1.4256448296531945,,,,Data Review,True,补齐INN后再形成分子级商业建议
BEMIPARINUM NATRICUM,True,10.72,0.0,0.0,13.51512066744124,-1.0,-8.218493638998165e-05,0.0822678622731032,0.0,At Risk,False,同类份额与预测销量同时下降，核查原因
HYPERICUM PERFORATUM/QUADRANGULUM*&+ELEUTHEROCOCCUS SENTICOSUS*&+ECHINACEA PURPUREA/ANGUSTIFOLIA*&,True,10.65,372.8136661452015,306.091261223174,386.2405350918665,34.005978041802955,-0.0008247070282057,0.0222931204876917,0.0,Monitor,False,常规跟踪销量与生命周期信号
GEMTUZUMABUM,True,10.47,31.488454602309982,0.0,44.68839055269336,2.0074932762473723,0.3295881586011196,0.3684707011191493,0.0,Monitor,True,常规跟踪销量与生命周期信号
UNKNOWN_SKU_554602,False,10.4,8.995494221852109,0.0,22.107178451459284,-0.1350486325142202,,,,Data Review,False,补齐INN后再形成分子级商业建议
ANTITHROMBINUM III,True,10.38,10.638819059550276,0.0,23.725288511792822,0.0249343988006045,3.194196669195676e-05,0.0501090894426698,0.0,Market-led Growth,False,销量增长且同类份额变化不超过0.2个百分点
UNKNOWN_SKU_421653,False,10.17,9.587360558272572,0.0,22.409074848186517,-0.0572900139358334,,,,Data Review,False,补齐INN后再形成分子级商业建议
UNKNOWN_SKU_82803,False,10.14,1753.611537596275,1690.0842900930488,1766.395429720142,171.9399938457865,,,,Data Review,False,补齐INN后再形成分子级商业建议
UNKNOWN_SKU_99503,False,10.050000000000002,19.693497615507077,0.0,32.36392324123324,0.959552001542992,,,,Data Review,True,补齐INN后再形成分子级商业建议
UNKNOWN_SKU_113366,False,9.63,15.487798870233828,0.0,27.628714171302786,0.608286487044011,,,,Data Review,False,补齐INN后再形成分子级商业建议
UNKNOWN_SKU_139312,False,9.61,6.763171312758445,0.0,18.878871836462764,-0.2962360756755,,,,Data Review,False,补齐INN后再形成分子级商业建议
KALII CHLORIDUM*+NATRII ACETAS*+NATRII CHLORIDUM*,True,9.45,13.94785388658411,0.0,25.861836191371395,0.4759633742417049,-7.361512099432059e-06,0.0499342541214817,0.0,Monitor,False,常规跟踪销量与生命周期信号
DEFERASIROXUM,True,9.34,22.41461652385596,0.0,34.18991755313779,1.3998518762158416,1.2163544398697395e-05,0.055114077163279,0.0,Market-led Growth,True,销量增长且同类份额变化不超过0.2个百分点
INTERFERONUM BETA,True,9.27,15.557354681729024,0.0,27.24440399023465,0.6782475384820952,1.4040095750222646e-05,0.0592774308006233,0.0,Market-led Growth,True,销量增长且同类份额变化不超过0.2个百分点
UNKNOWN_SKU_814928,False,9.22,20.80122896624846,0.0,32.42524133134251,1.256098586361004,,,,Data Review,True,补齐INN后再形成分子级商业建议
REGORAFENIBUM,True,8.96,28.624979646242934,0.0,39.921199905596815,2.194752192661042,0.0185902089737952,0.3192403925980634,0.0,Monitor,True,常规跟踪销量与生命周期信号
UNKNOWN_SKU_814750,False,8.89,3.4375462494043214,0.0,14.645514787981996,-0.6133243813943396,,,,Data Review,False,补齐INN后再形成分子级商业建议
TROSPII CHLORIDUM,True,8.86,0.0,0.0,11.170146372530729,-1.0,-4.725959290284225e-06,0.017919530574348,0.0,At Risk,False,同类份额与预测销量同时下降，核查原因
REMDESIVIRUM,True,8.83,97.71362144020593,42.39354299311645,108.8459456466897,10.066095293341553,-0.0019469271113671,0.0533821138034788,0.0,Monitor,False,常规跟踪销量与生命周期信号
UNKNOWN_SKU_66474,False,8.75,0.0,0.0,11.031465097025269,-1.0,,,,Data Review,False,补齐INN后再形成分子级商业建议
ENZALUTAMIDUM,True,8.649999999999999,9.29699695099809,0.0,20.202388161200208,0.0747973353755018,1.6546763450635325e-05,0.0592248418007423,0.0,Market-led Growth,False,销量增长且同类份额变化不超过0.2个百分点
CABOZANTINIBUM,True,8.51,9.205714163100518,0.0,19.93460193175024,0.0817525456052312,0.0061272812982909,0.3302685952021083,0.0,Monitor,False,常规跟踪销量与生命周期信号
UNKNOWN_SKU_814699,False,8.48,23.363149705328325,0.0,34.0542153079311,1.7550884086472078,,,,Data Review,True,补齐INN后再形成分子级商业建议
NANDROLONUM,True,8.42,0.0,0.0,10.615421270508886,-1.0,,,,Monitor,False,跨多个ATC3或不足3个同类INN，竞争份额不适用
PALIPERIDONUM,True,8.35,10.619647753031003,0.0,21.146817302763687,0.2718141021594018,-2.330583225568981e-06,0.0389219708610212,0.0,Market-led Growth,False,销量增长且同类份额变化不超过0.2个百分点
BECLOMETASONUM+FORMOTEROLUM,True,8.32,20.17049015534767,0.0,30.65983753903341,1.4243377590562103,8.051657888617623e-06,0.2320810225493948,0.0,Monitor,True,常规跟踪销量与生命周期信号
ATOSIBANUM,True,7.08,9.459294855883542,0.0,18.385326042962276,0.3360585954637771,-5.53765857863956e-06,0.055208282100691,0.0,Monitor,False,常规跟踪销量与生命周期信号
UNKNOWN_SKU_331737,False,6.92,1.4345995409651169,0.0,10.158912509126813,-0.792687927606197,,,,Data Review,False,补齐INN后再形成分子级商业建议
UNKNOWN_SKU_2465,False,6.83,4.125458157669568,0.0,12.736304627690432,-0.3959797719371056,,,,Data Review,False,补齐INN后再形成分子级商业建议
CYCLAMEN EUROPAEUM/CAUCASIUM*&,True,6.82,268.4379549227324,265.7554208743629,270.3043000114247,38.36040394761471,-0.0045289824613939,0.0449870786836851,0.0,Monitor,False,常规跟踪销量与生命周期信号
UNKNOWN_SKU_6108,False,6.63,0.0,0.0,8.358698696374574,-1.0,,,,Data Review,False,补齐INN后再形成分子级商业建议
UNKNOWN_SKU_814692,False,6.35,21.288980193477148,0.0,29.294672006746914,2.3525953060593934,,,,Data Review,True,补齐INN后再形成分子级商业建议
UNKNOWN_SKU_181573,False,6.23,15.148110474456807,0.0,23.0025136235388,1.4314784068148971,,,,Data Review,True,补齐INN后再形成分子级商业建议
UNKNOWN_SKU_111615,False,6.0,18.868286268414305,0.0,26.43271947780305,2.1447143780690503,,,,Data Review,True,补齐INN后再形成分子级商业建议
UNKNOWN_SKU_814714,False,5.67,15.452303944011485,0.0,22.600693326883857,1.725274064199556,,,,Data Review,True,补齐INN后再形成分子级商业建议
ACIDUM GAMMA-AMINOBUTYRICUM*+PIRACETAMUM,True,5.470000000000001,0.0,0.0,6.896241609226082,-1.0,-3.922969944637181e-06,0.0178086387447653,0.0,At Risk,False,同类份额与预测销量同时下降，核查原因
CYANOCOBALAMINUM+OCTOTIAMINUM+PYRIDOXINUM+RIBOFLAVINUM,True,5.46,3813.313994460321,3779.107015035507,3820.197628680865,697.4091564945643,-0.014693346005582,,,Monitor,False,常规跟踪销量与生命周期信号
UNKNOWN_SKU_691225,False,5.43,0.3415789703426251,0.0,7.187391024839448,-0.9370941122757596,,,,Data Review,False,补齐INN后再形成分子级商业建议
UNKNOWN_SKU_56174,False,5.17,15.692353997905393,0.0,22.21037394666204,2.035271566325995,,,,Data Review,True,补齐INN后再形成分子级商业建议
UNKNOWN_SKU_118653,False,5.09,6.32793795697772,0.0,12.745098796275848,0.2432098147303969,,,,Data Review,True,补齐INN后再形成分子级商业建议
UNKNOWN_SKU_161655,False,5.06,10.442051240941923,0.0,16.821389914193105,1.0636464903047282,,,,Data Review,False,补齐INN后再形成分子级商业建议
BRENTUXIMAB VEDOTIN,True,4.87,5.281709677255451,0.0,11.421507965542656,0.0845399747957804,0.1410000766929979,0.4347264849739246,0.0,Emerging Opportunity,False,机会概率位于前20%，份额上升且规模尚未进入前25%，先验证增长驱动
UNKNOWN_SKU_667737,False,4.85,1481.4614734644156,1451.0761529130698,1487.576056975338,304.4559739101888,,,,Data Review,False,补齐INN后再形成分子级商业建议
UNKNOWN_SKU_118654,False,4.43,8.850021521708591,0.0,14.435094707973954,0.9977475218303816,,,,Data Review,True,补齐INN后再形成分子级商业建议
UNKNOWN_SKU_31041,False,4.0600000000000005,9.90225254792924,0.0,15.020852352948964,1.438978460081093,,,,Data Review,False,补齐INN后再形成分子级商业建议
TALAZOPARIBUM,True,4.039999999999999,5.692194396573368,0.0,10.785579424228462,0.4089590090528141,8.690376561906824e-05,0.1046155210813129,0.0,Market-led Growth,True,销量增长且同类份额变化不超过0.2个百分点
VEDOLIZUMABUM,True,3.82,4.613461232082638,0.0,9.429483708726812,0.2077123644195384,8.141846492630461e-05,0.0457964371082617,0.0,Market-led Growth,True,销量增长且同类份额变化不超过0.2个百分点
ANTILYMPHOCYTE SERUM*,True,3.72,7.662498441120967,0.0,12.352447030941995,1.059811408903486,-0.0004762210113627,0.0500233596534159,0.0,Monitor,False,常规跟踪销量与生命周期信号
CLADRIBINUM,True,3.38,3.722653603811952,0.0,7.983950978434283,0.1013768058615243,0.0086740062103831,0.0610921794129194,0.0,Monitor,True,常规跟踪销量与生命周期信号
BALOXAVIRUM MARBOXILUM,True,3.23,1.0228393436236918,0.0,5.095025888011304,-0.6833314725623245,3.898315525942471e-07,0.0244221498619928,0.0,Market-led Growth,False,销量增长且同类份额变化不超过0.2个百分点
RIBOCIKLIBUM,True,3.14,2.2151628670891386,0.0,6.17388291333592,-0.2945341187614209,0.0001992070805163,0.1194837395814652,0.0,Monitor,False,常规跟踪销量与生命周期信号
UNKNOWN_SKU_462672,False,2.9400000000000004,18.23255593844877,0.0,21.93912821104926,5.201549638928152,,,,Data Review,False,补齐INN后再形成分子级商业建议
UNKNOWN_SKU_331735,False,2.84,10.07200988498257,0.0,13.652508270759911,2.5464823538671024,,,,Data Review,False,补齐INN后再形成分子级商业建议
INSULINUM LISPRUM,True,2.82,3.4206813402816323,0.0,6.975964948694347,0.2130075674757561,-0.0004568527995373,0.02830142875976,0.0,Monitor,False,常规跟踪销量与生命周期信号
UNKNOWN_SKU_118652,False,2.75,4.520517867406353,0.0,7.987549755042865,0.6438246790568556,,,,Data Review,True,补齐INN后再形成分子级商业建议
UNKNOWN_SKU_607542,False,2.63,2.5458677543031465,0.0,5.861610977751884,-0.031989447033024,,,,Data Review,False,补齐INN后再形成分子级商业建议
UNKNOWN_SKU_11720,False,2.58,42.934215705846526,26.770478175439862,46.18692198588369,15.641168878235089,,,,Data Review,False,补齐INN后再形成分子级商业建议
UNKNOWN_SKU_66538,False,2.36,131.96508927326587,117.17965494312644,134.9404330022921,54.917410709010966,,,,Data Review,False,补齐INN后再形成分子级商业建议
ACALABRUTINIBUM,True,2.29,2.2126139900789057,0.0,5.099705998328947,-0.0337930174327922,0.0005338779354543,0.0646558912245671,0.0,Monitor,False,常规跟踪销量与生命周期信号
CABAZITAXEL,True,2.2,1.7113100964792662,0.0,4.4849356065884765,-0.2221317743276063,0.0001848790093656,0.033586854558224,0.0,Market-led Growth,False,销量增长且同类份额变化不超过0.2个百分点
UNKNOWN_SKU_112283,False,2.19,0.0,0.0,2.761018121426895,-1.0,,,,Data Review,False,补齐INN后再形成分子级商业建议
PIPECURONII BROMIDUM,True,2.19,4.003378583247713,0.0,6.764396704674608,0.8280267503414214,0.0004763584874479,0.0927959481103912,0.0,Market-led Growth,False,销量增长且同类份额变化不超过0.2个百分点
UNKNOWN_SKU_118657,False,2.14,2.4478159050466206,0.0,5.145797083061943,0.1438392079657104,,,,Data Review,True,补齐INN后再形成分子级商业建议
PEGVISOMANTUM,True,2.06,2.797813281945865,0.0,5.394935350502671,0.3581617873523619,,,,Monitor,True,跨多个ATC3或不足3个同类INN，竞争份额不适用
UNKNOWN_SKU_233063,False,2.04,9.075932034904548,0.0,11.647839326096722,3.4489862916198755,,,,Data Review,False,补齐INN后再形成分子级商业建议
DALTEPARINUM NATRICUM,True,1.97,12.851732572744115,0.5096539158056963,15.335388143160092,5.523722118144221,-7.562410922066155e-05,0.0188540996797887,0.0,Monitor,False,常规跟踪销量与生命周期信号
UNKNOWN_SKU_814670,False,1.82,2.585303639473738,0.0,4.879848379654994,0.4204965052053506,,,,Data Review,True,补齐INN后再形成分子级商业建议
UNKNOWN_SKU_814703,False,1.79,2.117400194019321,0.0,4.374122768153633,0.1829051363236427,,,,Data Review,True,补齐INN后再形成分子级商业建议
UNKNOWN_SKU_26416,False,1.78,2.4176222104278637,0.0,4.661737395879861,0.3582147249594738,,,,Data Review,False,补齐INN后再形成分子级商业建议
ACIDUM GADOXETICUM,True,1.69,1.4160928916239597,0.0,3.546741578935125,-0.1620752120568287,9.38441156744428e-05,0.040409479063954,0.0,Market-led Growth,False,销量增长且同类份额变化不超过0.2个百分点
UNKNOWN_SKU_134730,False,1.69,22.409287327499925,11.821412743628896,24.53993601481109,12.259933329881612,,,,Data Review,False,补齐INN后再形成分子级商业建议
COFFEINUM*+PARACETAMOLUM+PROPYPHENAZONUM,True,1.59,94.9749765861267,85.0136034569226,96.97955138661472,58.73268967680925,-2.797669694250485e-05,0.0300342865008747,0.0,Monitor,False,常规跟踪销量与生命周期信号
PORACTANT ALFA*,True,1.46,0.5429125788320619,0.0,2.3835913264499924,-0.6281420692931083,3.416411325392876e-07,0.0278535434803577,0.0,Market-led Growth,False,销量增长且同类份额变化不超过0.2个百分点
DIMETHYLII FUMARATUM,True,1.46,1.1603084950163831,0.0,3.0009872426343134,-0.2052681540983677,8.531384656000838e-06,0.0223960958763075,0.0,Monitor,False,常规跟踪销量与生命周期信号
TIOGUANINUM,True,1.43,1.140996839791956,0.0,2.9438534213629426,-0.2021001120335971,-0.002864432702369,0.1265916397059445,0.0,At Risk,False,同类份额与预测销量同时下降，核查原因
UNKNOWN_SKU_39426,False,1.39,3.486602540792668,0.0,5.239029567634397,1.5083471516494011,,,,Data Review,False,补齐INN后再形成分子级商业建议
ABROCITINIBUM,True,1.33,2.321280583959314,0.0,3.9980632787071535,0.74532374733783,9.379612671363056e-06,0.0721603546305423,0.0,Monitor,True,常规跟踪销量与生命周期信号
UNKNOWN_SKU_421654,False,1.3199999999999998,2.1830843713317103,0.0,3.847259677397236,0.6538517964634172,,,,Data Review,False,补齐INN后再形成分子级商业建议
UNKNOWN_SKU_414264,False,1.3,1.7753212936750185,0.0,3.4142818223759157,0.3656317643653988,,,,Data Review,False,补齐INN后再形成分子级商业建议
PARICALCITOL,True,1.05,0.6507087306606398,0.0,1.974484542303672,-0.3802773993708193,0.001818906231053,0.0164086389275647,0.0,Monitor,False,常规跟踪销量与生命周期信号
ALFACALCIDOLUM,True,1.02,147.58837031186647,141.19805547426384,148.87432395746256,143.6944806979083,-0.0020339030918879,0.056681562797578,0.0,Monitor,False,常规跟踪销量与生命周期信号
AZELASTINUM+FLUTICASONUM,True,1.01,124.95120415036877,118.6235394582328,126.22455040728252,122.71406351521658,-7.583296860245738e-05,0.0233209160635269,0.0,Monitor,False,常规跟踪销量与生命周期信号
DABRAFENIBUM,True,1.0,1.34414976005599,0.0,2.604888628287449,0.3441497600559899,0.0002331344696307,0.1001055567953659,0.0,Monitor,True,常规跟踪销量与生命周期信号
PROMESTRIENUM+CHLORQUINALDOLUM,True,1.0,203.55914497569324,197.294130429024,204.8198838439247,202.55914497569324,-0.0005896165915463,0.0558192635838312,0.0,Monitor,False,常规跟踪销量与生命周期信号
TRAMETINIBUM,True,1.0,1.351988589984369,0.0,2.6127274582158284,0.3519885899843693,0.0002250119825251,0.1037851866594279,0.0,Market-led Growth,True,销量增长且同类份额变化不超过0.2个百分点
UNKNOWN_SKU_5248,False,0.97,0.0,0.0,1.260738868231459,-1.0,,,,Data Review,False,补齐INN后再形成分子级商业建议
UNKNOWN_SKU_91378,False,0.97,63.37487906309463,57.109864516425375,64.63561793132608,64.33492686916972,,,,Data Review,False,补齐INN后再形成分子级商业建议
UNKNOWN_SKU_814758,False,0.86,0.0485844884888646,0.0,1.3093233567203235,-0.9435064087338784,,,,Data Review,False,补齐INN后再形成分子级商业建议
PRIFINII BROMIDUM,True,0.85,0.0,0.0,0.2736576376381792,-1.0,-1.8323738511551795e-06,0.0203282346633324,0.0,At Risk,False,同类份额与预测销量同时下降，核查原因
UNKNOWN_SKU_111832,False,0.81,78.9252071460391,72.66019259936985,80.18594601427056,96.438527340789,,,,Data Review,False,补齐INN后再形成分子级商业建议
UNKNOWN_SKU_144098,False,0.78,1.7040235403210664,0.0,2.964762408552525,1.1846455645141876,,,,Data Review,False,补齐INN后再形成分子级商业建议
UNKNOWN_SKU_90830,False,0.72,0.0,0.0,1.260738868231459,-1.0,,,,Data Review,False,补齐INN后再形成分子级商业建议
UNKNOWN_SKU_72874,False,0.62,7.705438903554464,1.4404243568852158,8.966177771785922,11.428127263797522,,,,Data Review,False,补齐INN后再形成分子级商业建议
UNKNOWN_SKU_83919,False,0.54,0.4674448050551615,0.0,1.7281836732866207,-0.1343614721200713,,,,Data Review,False,补齐INN后再形成分子级商业建议
DAPTOMYCINUM,True,0.45,0.3439378645066021,0.0,1.604676732738061,-0.2356936344297732,-2.6460748312402184e-07,0.0195296299055829,0.0,At Risk,False,同类份额与预测销量同时下降，核查原因
UNKNOWN_SKU_86277,False,0.43,3.458557896679746,0.0,4.7192967649112045,7.043157899255224,,,,Data Review,False,补齐INN后再形成分子级商业建议
UNKNOWN_SKU_118686,False,0.42,0.0942248446045187,0.0,1.354963712835978,-0.7756551318940029,,,,Data Review,False,补齐INN后再形成分子级商业建议
UNKNOWN_SKU_127641,False,0.4,0.3643292520865153,0.0,1.6250681203179744,-0.0891768697837118,,,,Data Review,False,补齐INN后再形成分子级商业建议
UNKNOWN_SKU_100110,False,0.37,0.2949947982341652,0.0,1.5557336664656245,-0.202716761529283,,,,Data Review,False,补齐INN后再形成分子级商业建议
IPIDACRINUM+PHENIBUTUM*,True,0.36,0.0,0.0,1.260738868231459,-1.0,-5.3886873938510633e-08,0.0194280914131686,0.0,At Risk,False,同类份额与预测销量同时下降，核查原因
UNKNOWN_SKU_118668,False,0.34,0.1983180799991938,0.0,1.459056948230653,-0.4167115294141357,,,,Data Review,False,补齐INN后再形成分子级商业建议
APOMORPHINUM*,True,0.29,0.0327898974080192,0.0,1.2935287656394785,-0.8869313882482096,-3.791319242202059e-06,0.0181061350828266,0.0,At Risk,False,同类份额与预测销量同时下降，核查原因
UNKNOWN_SKU_25360,False,0.26,0.4264756635119658,0.0,1.6872145317434248,0.640291013507561,,,,Data Review,True,补齐INN后再形成分子级商业建议
UNKNOWN_SKU_99378,False,0.25,0.0839219044627531,0.0,1.3446607726942124,-0.6643123821489872,,,,Data Review,False,补齐INN后再形成分子级商业建议
LENOGRASTIMUM,True,0.24,0.1516891186863302,0.0,1.4124279869177894,-0.3679620054736238,-2.097599236400579e-07,0.0220208423301511,0.0,At Risk,False,同类份额与预测销量同时下降，核查原因
UNKNOWN_SKU_118656,False,0.23,0.1196330784242186,0.0,1.3803719466556776,-0.4798561807642669,,,,Data Review,False,补齐INN后再形成分子级商业建议
UNKNOWN_SKU_149312,False,0.21,11.904590783756444,5.639576237087197,13.165329651987904,55.68852754169736,,,,Data Review,False,补齐INN后再形成分子级商业建议
UNKNOWN_SKU_662790,False,0.19,0.0854439971341192,0.0,1.3461828653655783,-0.5502947519256882,,,,Data Review,False,补齐INN后再形成分子级商业建议
OBINUTUZUMABUM,True,0.13,10.713517915268088,4.448503368598838,11.974256783499545,81.41167627129298,-8.93117245455169e-06,0.0293166502390773,0.0,Monitor,False,常规跟踪销量与生命周期信号
COBIMETINIBUM,True,0.11,3.876090005712572,0.0,5.136828873944031,34.23718187011429,-0.002748996803597,0.0235038590939578,0.0,Monitor,False,常规跟踪销量与生命周期信号
DARATUMUMABUM,True,0.11,0.056859306710662,0.0,1.317598174942121,-0.4830972117212542,7.416591959910218e-06,0.0300120934621477,0.0,Market-led Growth,False,销量增长且同类份额变化不超过0.2个百分点
UNKNOWN_SKU_484745,False,0.09,0.0830560405349827,0.0,1.3437949087664418,-0.0771551051668588,,,,Data Review,False,补齐INN后再形成分子级商业建议
UNKNOWN_SKU_484741,False,0.07,0.0647505834246154,0.0,1.3254894516560745,-0.0749916653626362,,,,Data Review,False,补齐INN后再形成分子级商业建议
POSACONAZOLUM,True,0.05,0.0292201303664252,0.0,1.2899589985978843,-0.4155973926714961,9.727584974968356e-09,0.0189716392801445,0.0,Monitor,False,常规跟踪销量与生命周期信号
BASILIXIMABUM,True,0.05,0.0247399165705366,0.0,1.2854787848019955,-0.5052016685892662,-6.832111459106123e-05,0.0471469952352122,0.0,At Risk,False,同类份额与预测销量同时下降，核查原因
RISDIPLAMUM,True,0.01,0.0027140822437213,0.0,1.2634529504751804,-0.7285917756278697,-9.997379347572468e-09,0.0173020724592371,0.0,At Risk,False,同类份额与预测销量同时下降，核查原因
UNKNOWN_SKU_3903,False,0.0,293.77860275576785,293.38526931759054,294.052260393406,,,,,Data Review,False,补齐INN后再形成分子级商业建议
UNKNOWN_SKU_382754,False,0.0,6.679150975647794,0.4141364289785452,7.939889843879253,,,,,Data Review,False,补齐INN后再形成分子级商业建议
UNKNOWN_SKU_38120,False,0.0,5.172709189688676,0.0,6.433448057920135,,,,,Data Review,False,补齐INN后再形成分子级商业建议
UNKNOWN_SKU_412544,False,0.0,0.185382612029637,0.0,1.4461214802610962,,,,,Data Review,False,补齐INN后再形成分子级商业建议
UNKNOWN_SKU_412543,False,0.0,1.0882755461505056,0.0,2.3490144143819647,,,,,Data Review,False,补齐INN后再形成分子级商业建议
UNKNOWN_SKU_37509,False,0.0,3278.2713640493566,3272.0063495026875,3279.532102917588,,,,,Data Review,False,补齐INN后再形成分子级商业建议
UNKNOWN_SKU_112641,False,0.0,72286.44854290232,72286.05520946415,72286.72220053995,,,,,Data Review,False,补齐INN后再形成分子级商业建议
UNKNOWN_SKU_112640,False,0.0,49.16323875591305,42.8982242092438,50.423977624144506,,,,,Data Review,False,补齐INN后再形成分子级商业建议
UNKNOWN_SKU_32301,False,0.0,0.0,0.0,1.260738868231459,,,,,Data Review,False,补齐INN后再形成分子级商业建议
UNKNOWN_SKU_344131,False,0.0,0.0,0.0,1.260738868231459,,,,,Data Review,False,补齐INN后再形成分子级商业建议
UNKNOWN_SKU_110698,False,0.0,2.2236409671360957,0.0,3.4843798353675544,,,,,Data Review,False,补齐INN后再形成分子级商业建议
NALTREXONUM,True,0.0,0.0597841229078692,0.0,1.3205229911393284,,0.0,0.0101066143904851,0.0,Monitor,False,常规跟踪销量与生命周期信号
NAFTIDROFURYLUM,True,0.0,1809.2227361078203,1802.9577215611516,1810.483474976052,,-5.0299232233507885e-06,0.017404953136863,0.0,Monitor,False,常规跟踪销量与生命周期信号
UNKNOWN_SKU_112587,False,0.0,1882.3074464541724,1876.0424319075032,1883.568185322404,,,,,Data Review,False,补齐INN后再形成分子级商业建议
UNKNOWN_SKU_112578,False,0.0,12.663355294490714,6.398340747821465,13.924094162722174,,,,,Data Review,False,补齐INN后再形成分子级商业建议
UNKNOWN_SKU_112055,False,0.0,10.965457862465945,4.700443315796696,12.226196730697405,,,,,Data Review,False,补齐INN后再形成分子级商业建议
UNKNOWN_SKU_112054,False,0.0,8.637045159580577,2.3720306129113284,9.897784027812037,,,,,Data Review,False,补齐INN后再形成分子级商业建议
EUCALYPTUS VIMINALIS*&+MENTHA PIPERITA+PLANTAGO (SEMENI PSYLLIUM)+TUSSILAGO FARFARA*&,True,0.0,2.8144052747634767,0.0,4.075144142994936,,0.0,0.010415158183567,0.0,Monitor,False,常规跟踪销量与生命周期信号
EUCALYPTUS VIMINALIS*&+MATRICARIA CHAMOMILLA*&,True,0.0,1.3843149252379074,0.0,2.6450537934693665,,0.0,0.0102590381502176,0.0,Monitor,False,常规跟踪销量与生命周期信号
UNKNOWN_SKU_11721,False,0.0,248.0041256603431,241.73911111367383,249.26486452857455,,,,,Data Review,False,补齐INN后再形成分子级商业建议
UNKNOWN_SKU_402054,False,0.0,1.4407678557081038,0.0,2.7015067239395627,,,,,Data Review,False,补齐INN后再形成分子级商业建议
EUCALYPTUS VIMINALIS+GUAIASULENUM*+MENTHA PIPERITA+PINUS SILVESTRIS+THYMOL+TOCOPHEROLI ACETAS*,True,0.0,0.0,0.0,0.2736576376381792,,-0.0043781354457069,0.0125032136650559,0.0,Monitor,False,常规跟踪销量与生命周期信号
EUCALYPTUS VIMINALIS*&+XYLOMETAZOLINUM,True,0.0,6.472436014683857,0.2074214680146084,7.733174882915316,,0.0,0.0105722717722844,0.0,Monitor,False,常规跟踪销量与生命周期信号
FENSPIRIDUM,True,0.0,76951.59069704694,76951.19736360876,76951.86435468457,,0.0,0.0274828592526498,0.0,Monitor,False,常规跟踪销量与生命周期信号
UNKNOWN_SKU_316983,False,0.0,248.1889931161505,241.92397856948125,249.449731984382,,,,,Data Review,False,补齐INN后再形成分子级商业建议
UNKNOWN_SKU_31625,False,0.0,32.206063010687856,25.941048464018607,33.46680187891931,,,,,Data Review,False,补齐INN后再形成分子级商业建议
UNKNOWN_SKU_315577,False,0.0,1.7699652405188102,0.0,3.0307041087502693,,,,,Data Review,False,补齐INN后再形成分子级商业建议
UNKNOWN_SKU_31449,False,0.0,134.60570748300464,128.3406929363354,135.8664463512361,,,,,Data Review,False,补齐INN后再形成分子级商业建议
NONACOGUM ALFA,True,0.0,0.7033969428195159,0.0,1.964135811050975,,0.0,,,Monitor,False,常规跟踪销量与生命周期信号
NIMORAZOLUM,True,0.0,1.9378571847841772,0.0,3.1985960530156365,,0.0,0.0101066143904851,0.0,Monitor,False,常规跟踪销量与生命周期信号
UNKNOWN_SKU_111239,False,0.0,1.0249745691807262,0.0,2.285713437412185,,,,,Data Review,False,补齐INN后再形成分子级商业建议
UNKNOWN_SKU_412540,False,0.0,11.167215262582994,4.902200715913746,12.427954130814452,,,,,Data Review,False,补齐INN后再形成分子级商业建议
UNKNOWN_SKU_411685,False,0.0,0.0,0.0,1.260738868231459,,,,,Data Review,False,补齐INN后再形成分子级商业建议
UNKNOWN_SKU_40483,False,0.0,32.762966218417155,26.497951671747902,34.02370508664861,,,,,Data Review,False,补齐INN后再形成分子级商业建议
UNKNOWN_SKU_113055,False,0.0,0.663644853541693,0.0,1.924383721773152,,,,,Data Review,False,补齐INN后再形成分子级商业建议
DENOTIVIRUM,True,0.0,0.0,0.0,1.260738868231459,,-0.0006974617714769,0.0121786148837537,0.0,Monitor,False,常规跟踪销量与生命周期信号
UNKNOWN_SKU_111082,False,0.0,0.0,0.0,1.260738868231459,,,,,Data Review,False,补齐INN后再形成分子级商业建议
UNKNOWN_SKU_111081,False,0.0,28.14932416232479,21.88430961565554,29.41006303055625,,,,,Data Review,False,补齐INN后再形成分子级商业建议
UNKNOWN_SKU_412545,False,0.0,11.173766242913072,4.908751696243823,12.434505111144531,,,,,Data Review,False,补齐INN后再形成分子级商业建议
DIHYDRALAZINUM+HYDROCHLOROTHIAZIDUM+RESERPINUM,True,0.0,0.9302768348837408,0.0,2.1910157031152,,,,,Monitor,False,跨多个ATC3或不足3个同类INN，竞争份额不适用
UNKNOWN_SKU_437161,False,0.0,3543.1781019305427,3536.913087383873,3544.438840798774,,,,,Data Review,False,补齐INN后再形成分子级商业建议
UNKNOWN_SKU_427474,False,0.0,17.795907936523577,11.530893389854327,19.05664680475504,,,,,Data Review,False,补齐INN后再形成分子级商业建议
DOCOSANOLUM*,True,0.0,0.0,0.0,1.260738868231459,,0.0,0.0099238924258235,0.0,Monitor,False,常规跟踪销量与生命周期信号
DIPHENHYDRAMINUM+PARACETAMOLUM,True,0.0,18.866743030248188,12.601728483578938,20.127481898479648,,0.0,0.0153176791078631,0.0,Monitor,False,常规跟踪销量与生命周期信号
DEXTROMETHORPHANUM+DOXYLAMINUM+PARACETAMOLUM,True,0.0,54.010031540778826,47.74501699410958,55.27077040901028,,0.0,0.0103445588738714,0.0,Monitor,False,常规跟踪销量与生命周期信号
UNKNOWN_SKU_421655,False,0.0,0.5887769393052587,0.0,1.8495158075367175,,,,,Data Review,False,补齐INN后再形成分子级商业建议
UNKNOWN_SKU_421651,False,0.0,1.8604809014484305,0.0,3.1212197696798896,,,,,Data Review,False,补齐INN后再形成分子级商业建议
ESDEPALETRINUM+PIPERONYL*,True,0.0,3.9340841169179535,0.0,5.194822985149413,,0.0,0.0143795407710683,0.0,Monitor,False,常规跟踪销量与生命周期信号
UNKNOWN_SKU_341690,False,0.0,0.215981978248576,0.0,1.4767208464800352,,,,,Data Review,False,补齐INN后再形成分子级商业建议
UNKNOWN_SKU_447996,False,0.0,24.76338567605562,18.49837112938637,26.02412454428708,,,,,Data Review,False,补齐INN后再形成分子级商业建议
UNKNOWN_SKU_447995,False,0.0,2.1634948128120075,0.0,3.4242336810434666,,,,,Data Review,False,补齐INN后再形成分子级商业建议
UNKNOWN_SKU_44708,False,0.0,34.95918540892591,28.694170862256662,36.21992427715737,,,,,Data Review,False,补齐INN后再形成分子级商业建议
UNKNOWN_SKU_31448,False,0.0,169.27250187169577,163.00748732502652,170.53324073992724,,,,,Data Review,False,补齐INN后再形成分子级商业建议
UNKNOWN_SKU_301768,False,0.0,8.039464905726785,1.7744503590575365,9.300203773958245,,,,,Data Review,False,补齐INN后再形成分子级商业建议
UNKNOWN_SKU_301765,False,0.0,8.292155746314876,2.0271411996456274,9.552894614546336,,,,,Data Review,False,补齐INN后再形成分子级商业建议
UNKNOWN_SKU_301733,False,0.0,18946.320590678784,18945.927257240608,18946.59424831642,,,,,Data Review,False,补齐INN后再形成分子级商业建议
FLUPIRTINE,True,0.0,22.31994660893708,16.05493206226783,23.58068547716854,,0.0,0.0142593684060523,0.0,Monitor,False,常规跟踪销量与生命周期信号
FLUORESCEINUM*,True,0.0,0.3191723002564425,0.0,1.5799111684879017,,,,,Monitor,False,跨多个ATC3或不足3个同类INN，竞争份额不适用
FACTOR COAGULATIONIS VIII*+WILLEBRAND FACTOR*,True,0.0,0.5304886257040975,0.0,1.7912274939355566,,0.0,,,Monitor,False,常规跟踪销量与生命周期信号
FACTOR COAGULATIONIS VIII*,True,0.0,0.6164753725974828,0.0,1.8772142408289416,,-0.0173128505242623,,,Monitor,False,常规跟踪销量与生命周期信号
UNKNOWN_SKU_11929,False,0.0,4.07387189281867,0.0,5.334610761050129,,,,,Data Review,False,补齐INN后再形成分子级商业建议
UNKNOWN_SKU_44049,False,0.0,46.69862660242276,40.43361205575352,47.95936547065422,,,,,Data Review,False,补齐INN后再形成分子级商业建议
UNKNOWN_SKU_439124,False,0.0,13.888103762855158,7.623089216185909,15.148842631086616,,,,,Data Review,False,补齐INN后再形成分子级商业建议
UNKNOWN_SKU_43898,False,0.0,20.75902981099226,14.49401526432301,22.01976867922372,,,,,Data Review,False,补齐INN后再形成分子级商业建议
DEXAMETHASONUM+FRAMYCETINUM+GRAMICIDINUM,True,0.0,25.265675116128055,19.00066056945881,26.52641398435952,,,,,Monitor,False,跨多个ATC3或不足3个同类INN，竞争份额不适用
UNKNOWN_SKU_118669,False,0.0,0.0205670298913117,0.0,1.2813058981227707,,,,,Data Review,False,补齐INN后再形成分子级商业建议
METHIONINUM+PHOSPHOLIPIDES*,True,0.0,83.4240016891655,77.15898714249624,84.68474055739695,,,,,Monitor,False,跨多个ATC3或不足3个同类INN，竞争份额不适用
UNKNOWN_SKU_25189,False,0.0,0.7975626976125362,0.0,2.058301565843996,,,,,Data Review,False,补齐INN后再形成分子级商业建议
UNKNOWN_SKU_246583,False,0.0,0.6215740225036303,0.0,1.8823128907350892,,,,,Data Review,False,补齐INN后再形成分子级商业建议
UNKNOWN_SKU_44974,False,0.0,1.0172672956625746,0.0,2.278006163894034,,,,,Data Review,False,补齐INN后再形成分子级商业建议
UNKNOWN_SKU_44915,False,0.0,10.223505441218329,3.958490894549079,11.484244309449783,,,,,Data Review,False,补齐INN后再形成分子级商业建议
UNKNOWN_SKU_44819,False,0.0,484.4449320518604,478.1799175051911,485.7056709200918,,,,,Data Review,False,补齐INN后再形成分子级商业建议
DAPOXETINE,True,0.0,0.0,0.0,1.260738868231459,,0.0,0.0114593224810483,0.0,Monitor,False,常规跟踪销量与生命周期信号
DEXPANTHENOLUM+TROXERUTINUM,True,0.0,6.796698077823011,0.5316835311537629,8.05743694605447,,0.0,0.0106817365718516,0.0,Monitor,False,常规跟踪销量与生命周期信号
DASATINIBUM,True,0.0,0.0108240582383053,0.0,1.2715629264697643,,-1.1371481947772408e-05,0.0259576279877115,0.0,Monitor,False,常规跟踪销量与生命周期信号
DARUNAVIRUM,True,0.0,0.0238855992283614,0.0,1.2846244674598206,,-1.1052296509673433e-08,0.0214489565661815,0.0,Monitor,False,常规跟踪销量与生命周期信号
UNKNOWN_SKU_48194,False,0.0,0.0600372511152733,0.0,1.3207761193467324,,,,,Data Review,False,补齐INN后再形成分子级商业建议
UNKNOWN_SKU_480610,False,0.0,6.980298446021905,0.7152838993526567,8.241037314253365,,,,,Data Review,False,补齐INN后再形成分子级商业建议
UNKNOWN_SKU_4784,False,0.0,4.8978352976975605,0.0,6.15857416592902,,,,,Data Review,False,补齐INN后再形成分子级商业建议
UNKNOWN_SKU_4741,False,0.0,0.0,0.0,1.260738868231459,,,,,Data Review,False,补齐INN后再形成分子级商业建议
PENTANEDIOIC ACID IMIDAZOLYL ETHANAMIDE,True,0.0,80.4744784519748,74.20946390530555,81.73521732020626,,0.0,0.0103668881926902,0.0,Monitor,False,常规跟踪销量与生命周期信号
UNKNOWN_SKU_110103,False,0.0,0.0,0.0,1.260738868231459,,,,,Data Review,False,补齐INN后再形成分子级商业建议
UNKNOWN_SKU_109746,False,0.0,86.01784432399211,79.75282977732286,87.27858319222356,,,,,Data Review,False,补齐INN后再形成分子级商业建议
UNKNOWN_SKU_105760,False,0.0,606.6421560657147,600.3771415190455,607.9028949339462,,,,,Data Review,False,补齐INN后再形成分子级商业建议
UNKNOWN_SKU_103260,False,0.0,226.0145189491132,219.749504402444,227.27525781734468,,,,,Data Review,False,补齐INN后再形成分子级商业建议
UNKNOWN_SKU_103259,False,0.0,277.8822222135195,277.4888887753422,278.1558798511577,,,,,Data Review,False,补齐INN后再形成分子级商业建议
UNKNOWN_SKU_452155,False,0.0,127.42235572571488,121.15734117904562,128.68309459394632,,,,,Data Review,False,补齐INN后再形成分子级商业建议
UNKNOWN_SKU_451350,False,0.0,18.576808078184087,12.311793531514835,19.837546946415547,,,,,Data Review,False,补齐INN后再形成分子级商业建议
UNKNOWN_SKU_51208,False,0.0,55.98876425405136,49.723749707382105,57.24950312228281,,,,,Data Review,False,补齐INN后再形成分子级商业建议
UNKNOWN_SKU_50493,False,0.0,0.6051040401548912,0.0,1.8658429083863504,,,,,Data Review,False,补齐INN后再形成分子级商业建议
UNKNOWN_SKU_50274,False,0.0,49.37697719182722,43.11196264515797,50.63771606005868,,,,,Data Review,False,补齐INN后再形成分子级商业建议
UNKNOWN_SKU_502265,False,0.0,0.0,0.0,1.260738868231459,,,,,Data Review,False,补齐INN后再形成分子级商业建议
UNKNOWN_SKU_502264,False,0.0,1882.0899435969875,1875.824929050318,1883.3506824652188,,,,,Data Review,False,补齐INN后再形成分子级商业建议
UNKNOWN_SKU_502262,False,0.0,0.0,0.0,1.260738868231459,,,,,Data Review,False,补齐INN后再形成分子级商业建议
UNKNOWN_SKU_502261,False,0.0,311.5020123576226,305.23699781095337,312.76275122585406,,,,,Data Review,False,补齐INN后再形成分子级商业建议
UNKNOWN_SKU_54966,False,0.0,1003.9933385541188,997.7283240074496,1005.2540774223504,,,,,Data Review,False,补齐INN后再形成分子级商业建议
UNKNOWN_SKU_54965,False,0.0,98.78212476859508,92.51711022192583,100.04286363682654,,,,,Data Review,False,补齐INN后再形成分子级商业建议
OCTOCOGUM ALFA,True,0.0,0.5982404988577501,0.0,1.8589793670892087,,0.0,,,Monitor,False,常规跟踪销量与生命周期信号
CYPROTERONUM+ESTRADIOLI VALERAS,True,0.0,0.0,0.0,1.260738868231459,,-0.0060615159432173,0.0120067753518567,0.0,Monitor,False,常规跟踪销量与生命周期信号
CYANOCOBALAMINUM+PYRIDOXINUM+RIBOFLAVINUM+THIAMINUM,True,0.0,1.1474364434703574,0.0,2.4081753117018163,,0.0,,,Monitor,False,常规跟踪销量与生命周期信号
UNKNOWN_SKU_49597,False,0.0,58.299747141190565,52.03473259452132,59.56048600942202,,,,,Data Review,False,补齐INN后再形成分子级商业建议
UNKNOWN_SKU_48678,False,0.0,42.97061715483865,36.7056026081694,44.231356023070106,,,,,Data Review,False,补齐INN后再形成分子级商业建议
CORTEXINUM*,True,0.0,248.95638598147863,242.6913714348094,250.21712484971013,,-3.851495712334621e-05,0.0132568198758518,0.0,Monitor,False,常规跟踪销量与生命周期信号
CURCUMA LONGA*&+GLYCYRRHIZA GLABRA/URALENSIS*&+TERMINALIA BELERICA*+ZINGIBER OFFICINALE*,True,0.0,0.7961261939054861,0.0,2.056865062136945,,0.0,0.0118537185920975,0.0,Monitor,False,常规跟踪销量与生命周期信号
CRATAEGUS+VALERIANA+QUERCUS+HYPERICUM+MATRICARIA+THYMUS+ACHILLEA*&,True,0.0,187.82936187134143,181.5643473246722,189.09010073957293,,-0.0014104275059021,0.0138503764774012,0.0,Monitor,False,常规跟踪销量与生命周期信号
CRATAEGUS L.*&+PASSIFLORA INCARNATA*&,True,0.0,0.0,0.0,1.260738868231459,,-0.0003757180052218,0.0119649577267407,0.0,Monitor,False,常规跟踪销量与生命周期信号
FONTURACETAMUM,True,0.0,0.0,0.0,1.260738868231459,,-3.078927362619697e-07,0.0119925917007574,0.0,Monitor,False,常规跟踪销量与生命周期信号
FOENICULUM VULGARE MILL.*&,True,0.0,502.4893670529157,496.2243525062465,503.7501059211472,,0.0,0.0102519456034756,0.0,Monitor,False,常规跟踪销量与生命周期信号
UNKNOWN_SKU_301732,False,0.0,16098.47261876354,16098.07928532536,16098.746276401176,,,,,Data Review,False,补齐INN后再形成分子级商业建议
UNKNOWN_SKU_301729,False,0.0,2.3059704709540347,0.0,3.566709339185494,,,,,Data Review,False,补齐INN后再形成分子级商业建议
UNKNOWN_SKU_301728,False,0.0,1575.2204358660924,1568.9554213194233,1576.481174734324,,,,,Data Review,False,补齐INN后再形成分子级商业建议
UNKNOWN_SKU_301727,False,0.0,3495.378089175469,3489.1130746288004,3496.638828043701,,,,,Data Review,False,补齐INN后再形成分子级商业建议
UNKNOWN_SKU_295129,False,0.0,1.0479172056065944,0.0,2.308656073838053,,,,,Data Review,False,补齐INN后再形成分子级商业建议
UNKNOWN_SKU_295127,False,0.0,2009.1241952848852,2008.730861846708,2009.397852922524,,,,,Data Review,False,补齐INN后再形成分子级商业建议
FOSINOPRILUM,True,0.0,255.4174609835768,249.15244643690755,256.67819985180824,,0.0,0.0128978426436059,0.0,Monitor,False,常规跟踪销量与生命周期信号
FOSFRUCTOSUM,True,0.0,214.41454608542944,208.1495315387602,215.6752849536609,,0.0,0.0102765671504774,0.0,Monitor,False,常规跟踪销量与生命周期信号
UNKNOWN_SKU_23430,False,0.0,16.30755725767209,10.042542711002842,17.56829612590355,,,,,Data Review,False,补齐INN后再形成分子级商业建议
UNKNOWN_SKU_23413,False,0.0,1352.4995563290656,1346.2345417823965,1353.7602951972972,,,,,Data Review,False,补齐INN后再形成分子级商业建议
UNKNOWN_SKU_55278,False,0.0,170.4900898507411,164.22507530407185,171.75082871897257,,,,,Data Review,False,补齐INN后再形成分子级商业建议
PHENYLACETYLPROLILGLYCINI AETHYLICUM AETHER*,True,0.0,0.5570809552872666,0.0,1.8178198235187255,,0.0,0.0144917995462822,0.0,Monitor,False,常规跟踪销量与生命周期信号
PIRENZEPINUM,True,0.0,56.305262764284805,50.04024821761556,57.56600163251626,,0.0,0.0121168138176894,0.0,Monitor,False,常规跟踪销量与生命周期信号
UNKNOWN_SKU_10006,False,0.0,1.4311928158594551,0.0,2.6919316840909144,,,,,Data Review,False,补齐INN后再形成分子级商业建议
TRYPSINUM*,True,0.0,1.2201503892570813,0.0,2.48088925748854,,,,,Monitor,False,跨多个ATC3或不足3个同类INN，竞争份额不适用
UNKNOWN_SKU_54798,False,0.0,0.3724627161818704,0.0,1.6332015844133294,,,,,Data Review,False,补齐INN后再形成分子级商业建议
UNKNOWN_SKU_5438,False,0.0,0.5226363025508809,0.0,1.78337517078234,,,,,Data Review,False,补齐INN后再形成分子级商业建议
UNKNOWN_SKU_5301,False,0.0,1078.6504276910773,1072.3854131444082,1079.9111665593089,,,,,Data Review,False,补齐INN后再形成分子级商业建议
UNKNOWN_SKU_5247,False,0.0,668.661983227335,662.3969686806657,669.9227220955664,,,,,Data Review,False,补齐INN后再形成分子级商业建议
UNKNOWN_SKU_519749,False,0.0,0.026993947840751,0.0,1.28773281607221,,,,,Data Review,False,补齐INN后再形成分子级商业建议
UNKNOWN_SKU_519748,False,0.0,0.2131468905236696,0.0,1.4738857587551288,,,,,Data Review,False,补齐INN后再形成分子级商业建议
UNKNOWN_SKU_5147,False,0.0,10.69784565637942,4.432831109710173,11.95858452461088,,,,,Data Review,False,补齐INN后再形成分子级商业建议
UNKNOWN_SKU_5146,False,0.0,0.0,0.0,1.260738868231459,,,,,Data Review,False,补齐INN后再形成分子级商业建议
CRATAEGUS L.*&+HERBA MELISSAE+HUMULUS LUPULUS*&,True,0.0,0.7386985267940209,0.0,1.99943739502548,,-7.674231250712488e-08,0.0165806621748869,0.0,Monitor,False,常规跟踪销量与生命周期信号
COFFEINUM*+NAPROXENUM+SALICYLAMIDUM,True,0.0,715.3953029285062,709.130288381837,716.6560417967377,,0.0,0.0111529846188828,0.0,Monitor,False,常规跟踪销量与生命周期信号
UNKNOWN_SKU_554601,False,0.0,0.1358533314904619,0.0,1.396592199721921,,,,,Data Review,False,补齐INN后再形成分子级商业建议
UNKNOWN_SKU_554599,False,0.0,0.1382971445548732,0.0,1.3990360127863324,,,,,Data Review,False,补齐INN后再形成分子级商业建议
UNKNOWN_SKU_230328,False,0.0,34.21544417718898,27.95042963051973,35.476183045420434,,,,,Data Review,False,补齐INN后再形成分子级商业建议
UNKNOWN_SKU_26439,False,0.0,11.280895473301348,5.015880926632099,12.541634341532806,,,,,Data Review,False,补齐INN后再形成分子级商业建议
UNKNOWN_SKU_26437,False,0.0,10.85138840568012,4.586373859010871,12.11212727391158,,,,,Data Review,False,补齐INN后再形成分子级商业建议
UNKNOWN_SKU_26435,False,0.0,1.1730053129873117,0.0,2.4337441812187706,,,,,Data Review,False,补齐INN后再形成分子级商业建议
UNKNOWN_SKU_221044,False,0.0,110.48813556768673,104.22312102101746,111.74887443591815,,,,,Data Review,False,补齐INN后再形成分子级商业建议
UNKNOWN_SKU_21159,False,0.0,32.32388068858003,26.058866141910784,33.58461955681149,,,,,Data Review,False,补齐INN后再形成分子级商业建议
UNKNOWN_SKU_20986,False,0.0,21.778497275528792,15.513482728859543,23.03923614376025,,,,,Data Review,False,补齐INN后再形成分子级商业建议
UNKNOWN_SKU_20640,False,0.0,49.53078507455546,43.26577052788621,50.79152394278692,,,,,Data Review,False,补齐INN后再形成分子级商业建议
UNKNOWN_SKU_55279,False,0.0,69.6202472368716,63.35523269020236,70.88098610510306,,,,,Data Review,False,补齐INN后再形成分子级商业建议
CLINDAMYCINUM+CLOTRIMAZOLUM,True,0.0,2.165555835228796,0.0,3.426294703460255,,0.0,0.0100260193802152,0.0,Monitor,False,常规跟踪销量与生命周期信号
CLYCINE MAX&,True,0.0,0.92168122348449,0.0,2.182420091715949,,0.0,0.0144917995462822,0.0,Monitor,False,常规跟踪销量与生命周期信号
CHLORQUINALDOLUM+METRONIDAZOLUM,True,0.0,0.0,0.0,1.260738868231459,,0.0,0.010154884381362,0.0,Monitor,False,常规跟踪销量与生命周期信号
CHLORPHENAMINUM+PARACETAMOLUM+PSEUDOEPHEDRINUM,True,0.0,0.4029308101566955,0.0,1.6636696783881546,,0.0,0.023705991110828,0.0,Monitor,False,常规跟踪销量与生命周期信号
CHLORPHENAMINUM+DEXTROMETHORPHANUM+PARACETAMOLUM+PHENYLEPHRINUM,True,0.0,0.1829638625535043,0.0,1.4437027307849637,,0.0,0.010415158183567,0.0,Monitor,False,常规跟踪销量与生命周期信号
UNKNOWN_SKU_550085,False,0.0,20.3432889651396,14.07827441847035,21.60402783337106,,,,,Data Review,False,补齐INN后再形成分子级商业建议
CLOTRIMAZOLUM+METRONIDAZOLUM+NEOMYCINUM,True,0.0,27.76729512790996,21.50228058124071,29.02803399614142,,0.0,0.010154884381362,0.0,Monitor,False,常规跟踪销量与生命周期信号
CLOTRIMAZOLUM+HEXAMIDINUM+PREDNISOLONUM,True,0.0,31.73705274596045,25.4720381992912,32.99779161419191,,0.0,0.010154884381362,0.0,Monitor,False,常规跟踪销量与生命周期信号
CLOPERASTINUM,True,0.0,10.128725536847671,3.863710990178425,11.389464405079131,,0.0,0.0107286693790989,0.0,Monitor,False,常规跟踪销量与生命周期信号
UNKNOWN_SKU_57086,False,0.0,186.3605866181057,180.0955720714365,187.6213254863372,,,,,Data Review,False,补齐INN后再形成分子级商业建议
UNKNOWN_SKU_57085,False,0.0,176.28815956099356,170.0231450143243,177.54889842922503,,,,,Data Review,False,补齐INN后再形成分子级商业建议
UNKNOWN_SKU_56316,False,0.0,87936.38098857747,87935.9876551393,87936.6546462151,,,,,Data Review,False,补齐INN后再形成分子级商业建议
COFFEINUM*+INDOMETACINUM+PROCHLORPERAZINUM,True,0.0,1.0458937975744598,0.0,2.306632665805919,,0.0,0.0139241331270297,0.0,Monitor,False,常规跟踪销量与生命周期信号
CODEINUM*+COFFEINUM*+PARACETAMOLUM+PROPYPHENAZONUM,True,0.0,2.2802580203617264,0.0,3.540996888593185,,0.0,0.010415158183567,0.0,Monitor,False,常规跟踪销量与生命周期信号
CODEINUM*+CHLORPHENAMINUM,True,0.0,189.2756695077699,183.01065496110064,190.53640837600136,,0.0,0.0108756243612855,0.0,Monitor,False,常规跟踪销量与生命周期信号
UNKNOWN_SKU_61925,False,0.0,2.95397399764095,0.0,4.214712865872409,,,,,Data Review,False,补齐INN后再形成分子级商业建议
UNKNOWN_SKU_61624,False,0.0,5035.998428428591,5029.7334138819215,5037.259167296823,,,,,Data Review,False,补齐INN后再形成分子级商业建议
UNKNOWN_SKU_61623,False,0.0,7582.687900455672,7576.422885909003,7583.948639323904,,,,,Data Review,False,补齐INN后再形成分子级商业建议
UNKNOWN_SKU_61586,False,0.0,11.121464393279885,4.8564498466106345,12.382203261511345,,,,,Data Review,False,补齐INN后再形成分子级商业建议
UNKNOWN_SKU_20639,False,0.0,68.05640238413515,61.79138783746591,69.31714125236661,,,,,Data Review,False,补齐INN后再形成分子级商业建议
UNKNOWN_SKU_20474,False,0.0,0.0,0.0,1.260738868231459,,,,,Data Review,False,补齐INN后再形成分子级商业建议
UNKNOWN_SKU_20473,False,0.0,1.936656121810316,0.0,3.197394990041775,,,,,Data Review,False,补齐INN后再形成分子级商业建议
UNKNOWN_SKU_20472,False,0.0,0.0,0.0,1.260738868231459,,,,,Data Review,False,补齐INN后再形成分子级商业建议
GALANTAMINUM,True,0.0,5.978137855899689,0.0,7.238876724131148,,0.0,0.0111998562313362,0.0,Monitor,False,常规跟踪销量与生命周期信号
GADODIAMIDUM,True,0.0,0.0164051794795679,0.0,1.277144047711027,,0.0,0.0113575820221937,0.0,Monitor,False,常规跟踪销量与生命周期信号
FUROSEMIDUM+SPIRONOLACTONUM,True,0.0,90.91891879917532,84.65390425250607,92.17965766740676,,0.0,0.010154884381362,0.0,Monitor,False,常规跟踪销量与生命周期信号
FOSINOPRILUM+HYDROCHLOROTHIAZIDUM,True,0.0,70.57021626860177,64.30520172193252,71.83095513683323,,0.0,0.0099977707926446,0.0,Monitor,False,常规跟踪销量与生命周期信号
GLIPIZIDUM+METFORMINUM,True,0.0,995.396638590226,989.1316240435568,996.6573774584576,,0.0,0.0111746633410363,0.0,Monitor,False,常规跟踪销量与生命周期信号
GLIMEPIRIDUM+METFORMINUM+PIOGLITAZONUM,True,0.0,28.636152180445848,22.3711376337766,29.896891048677308,,0.0,0.011245262650732,0.0,Monitor,False,常规跟踪销量与生命周期信号
UNKNOWN_SKU_6094,False,0.0,13.5992952095411,7.334280662871852,14.86003407777256,,,,,Data Review,False,补齐INN后再形成分子级商业建议
UNKNOWN_SKU_6017,False,0.0,353.6291631032274,347.3641485565582,354.88990197145887,,,,,Data Review,False,补齐INN后再形成分子级商业建议
UNKNOWN_SKU_19913,False,0.0,218.50888435957864,212.2438698129094,219.7696232278101,,,,,Data Review,False,补齐INN后再形成分子级商业建议
UNKNOWN_SKU_19829,False,0.0,235.22990397255236,228.9648894258831,236.4906428407838,,,,,Data Review,False,补齐INN后再形成分子级商业建议
UNKNOWN_SKU_22902,False,0.0,29.562133422181457,23.297118875512208,30.82287229041292,,,,,Data Review,False,补齐INN后再形成分子级商业建议
UNKNOWN_SKU_222162,False,0.0,182.11340486448444,175.8483903178152,183.3741437327159,,,,,Data Review,False,补齐INN后再形成分子级商业建议
UNKNOWN_SKU_193465,False,0.0,0.5693541540946618,0.0,1.830093022326121,,,,,Data Review,False,补齐INN后再形成分子级商业建议
UNKNOWN_SKU_193451,False,0.0,0.0,0.0,1.260738868231459,,,,,Data Review,False,补齐INN后再形成分子级商业建议
MICAFUNGINUM,True,0.0,0.0495235306931308,0.0,1.31026239892459,,0.0,0.0220412036129516,0.0,Monitor,False,常规跟踪销量与生命周期信号
UNKNOWN_SKU_64211,False,0.0,204.62383794009088,198.35882339342163,205.88457680832235,,,,,Data Review,False,补齐INN后再形成分子级商业建议
UNKNOWN_SKU_64210,False,0.0,381.4155302929381,375.15051574626887,382.6762691611696,,,,,Data Review,False,补齐INN后再形成分子级商业建议
UNKNOWN_SKU_63517,False,0.0,0.0,0.0,1.260738868231459,,,,,Data Review,False,补齐INN后再形成分子级商业建议
UNKNOWN_SKU_630188,False,0.0,1.585220207346592,0.0,2.845959075578051,,,,,Data Review,False,补齐INN后再形成分子级商业建议
UNKNOWN_SKU_6288,False,0.0,4.765821110569462,0.0,6.026559978800921,,,,,Data Review,False,补齐INN后再形成分子级商业建议
UNKNOWN_SKU_61926,False,0.0,7.46620376560118,1.2011892189319315,8.726942633832639,,,,,Data Review,False,补齐INN后再形成分子级商业建议
CHLORAMPHENICOLUM+HYDROCORTISONUM+METRONIDAZOLUM+NYSTATINUM,True,0.0,1748.4475124729397,1742.1824979262706,1749.7082513411713,,0.0,0.0100842850716663,0.0,Monitor,False,常规跟踪销量与生命周期信号
CETYLPYRIDINII CHLORIDUM,True,0.0,148.36889449889156,142.10387995222231,149.62963336712303,,0.0,0.0107954720177447,0.0,Monitor,False,常规跟踪销量与生命周期信号
CETIRIZINUM+PARACETAMOLUM,True,0.0,0.23612998610789,0.0,1.4968688543393491,,0.0,0.0167111481714743,0.0,Monitor,False,常规跟踪销量与生命周期信号
PEGINTERFERONUM ALFA-2A,True,0.0,1.9650462688725088,0.0,3.2257851371039683,,-0.0002596875044126,0.0187428808648841,0.0,Monitor,False,常规跟踪销量与生命周期信号
PEFLOXACINUM,True,0.0,219.6207047208065,213.3556901741372,220.88144358903796,,0.0,0.0102765671504774,0.0,Monitor,False,常规跟踪销量与生命周期信号
TRIDECANAMINI UNDECYLENAS*,True,0.0,465.4216060432937,459.15659149662446,466.6823449115252,,-7.196529324130162e-06,0.0124997809865626,0.0,Monitor,False,常规跟踪销量与生命周期信号
PIDOTIMODUM,True,0.0,5.984335992706787,0.0,7.245074860938246,,0.0,0.0103668881926902,0.0,Monitor,False,常规跟踪销量与生命周期信号
CERULOPLASMINUM*,True,0.0,0.0,0.0,1.260738868231459,,0.0,0.0104039253890308,0.0,Monitor,False,常规跟踪销量与生命周期信号
UNKNOWN_SKU_66276,False,0.0,4.71649888349074,0.0,5.977237751722199,,,,,Data Review,False,补齐INN后再形成分子级商业建议
CHLOROQUINUM,True,0.0,1195.7504535870178,1189.4854390403486,1197.011192455249,,0.0,0.0101066143904851,0.0,Monitor,False,常规跟踪销量与生命周期信号
CHLORIN E6*,True,0.0,0.076096145335351,0.0,1.33683501356681,,-6.569266344334664e-06,0.0199131647628703,0.0,Monitor,False,常规跟踪销量与生命周期信号
CAMPHORA*+CHLOROBUTANOLUM+EUCALYPTUS VIMINALIS*&+LEVOMENTHOLUM,True,0.0,118.83588037510695,112.5708658284377,120.0966192433384,,0.0,0.010415158183567,0.0,Monitor,False,常规跟踪销量与生命周期信号
CAMPHORA*+CARYOPHYLLUS AROMATICUS*&+EUCALYPTUS VIMINALIS*&+MENTHOLUM*+OLEUM TEREBINTHINE*,True,0.0,5.731332453128241,0.0,6.9920713213597,,0.0,0.0103296374599133,0.0,Monitor,False,常规跟踪销量与生命周期信号
UNKNOWN_SKU_64586,False,0.0,92.2083981159648,85.94338356929556,93.46913698419628,,,,,Data Review,False,补齐INN后再形成分子级商业建议
UNKNOWN_SKU_64404,False,0.0,0.5432822651545464,0.0,1.8040211333860052,,,,,Data Review,False,补齐INN后再形成分子级商业建议
UNKNOWN_SKU_200601,False,0.0,0.0,0.0,1.260738868231459,,,,,Data Review,False,补齐INN后再形成分子级商业建议
UNKNOWN_SKU_200600,False,0.0,0.0,0.0,1.260738868231459,,,,,Data Review,False,补齐INN后再形成分子级商业建议
UNKNOWN_SKU_199521,False,0.0,0.3892686862933864,0.0,1.6500075545248456,,,,,Data Review,False,补齐INN后再形成分子级商业建议
CARICA PAPAYA*&+CHYMOTRYPSINUM+TRYPSINUM*,True,0.0,0.2228548008997708,0.0,1.48359366913123,,0.0,0.0117492985489928,0.0,Monitor,False,常规跟踪销量与生命周期信号
MEFLOQUINUM,True,0.0,36.78750571725235,30.522491170583105,38.04824458548381,,0.0,0.0101066143904851,0.0,Monitor,False,常规跟踪销量与生命周期信号
MATRICARIA CHAMOMILLA*&+SPIRITUS AETHYLICUS*,True,0.0,15.157959459560306,8.892944912891057,16.418698327791766,,0.0,0.0179872533445191,0.0,Monitor,False,常规跟踪销量与生命周期信号
MATRICARIA CHAMOMILLA*&+SALVIA OFFICINALIS*&,True,0.0,1.9190446838522897,0.0,3.179783552083749,,0.0,0.0102590381502176,0.0,Monitor,False,常规跟踪销量与生命周期信号
UNKNOWN_SKU_126358,False,0.0,0.3508864467320643,0.0,1.6116253149635231,,,,,Data Review,False,补齐INN后再形成分子级商业建议
UNKNOWN_SKU_126357,False,0.0,289.4603899951908,289.0670565570135,289.73404763282895,,,,,Data Review,False,补齐INN后再形成分子级商业建议
UNKNOWN_SKU_125624,False,0.0,2.185515216000037,0.0,3.446254084231496,,,,,Data Review,False,补齐INN后再形成分子级商业建议
UNKNOWN_SKU_125447,False,0.0,9.542502372820543,3.2774878261512947,10.803241241052003,,,,,Data Review,False,补齐INN后再形成分子级商业建议
UNKNOWN_SKU_123653,False,0.0,0.2013013713865045,0.0,1.4620402396179637,,,,,Data Review,False,补齐INN后再形成分子级商业建议
UNKNOWN_SKU_12316,False,0.0,17766.000453547967,17765.60712010979,17766.274111185605,,,,,Data Review,False,补齐INN后再形成分子级商业建议
UNKNOWN_SKU_189204,False,0.0,0.2714147691797083,0.0,1.5321536374111675,,,,,Data Review,False,补齐INN后再形成分子级商业建议
UNKNOWN_SKU_189203,False,0.0,1.894375625719639,0.0,3.155114493951098,,,,,Data Review,False,补齐INN后再形成分子级商业建议
UNKNOWN_SKU_189196,False,0.0,1891.2436282357212,1884.9786136890525,1892.504367103953,,,,,Data Review,False,补齐INN后再形成分子级商业建议
POLATUZUMABUM VEDOTINUM,True,0.0,0.002449178086225,0.0,1.263188046317684,,-0.4705882352941176,0.0316248487759574,0.0,Monitor,False,常规跟踪销量与生命周期信号
PLANTAGO (SEMENI PSYLLIUM)+SAMBUCUS NIGRA*&+TILIA CORDATA/PLATYPHYLLUS SCOP.*&+VIOLA TRICOLOR/ARVENSIS MURR.*&,True,0.0,4.013800579334292,0.0,5.274539447565751,,0.0,0.010415158183567,0.0,Monitor,False,常规跟踪销量与生命周期信号
ACIDUM FUSIDICUM+BETAMETHASONUM,True,0.0,0.0,0.0,1.260738868231459,,-1.2266476346285135e-06,0.0119683499196274,0.0,Monitor,False,常规跟踪销量与生命周期信号
BISOPROLOLUM+HYDROCHLOROTHIAZIDUM,True,0.0,3.824939874557252,0.0,5.085678742788711,,,,,Monitor,False,跨多个ATC3或不足3个同类INN，竞争份额不适用
UNKNOWN_SKU_75677,False,0.0,14.833927844969336,8.568913298300085,16.094666713200795,,,,,Data Review,False,补齐INN后再形成分子级商业建议
UNKNOWN_SKU_75626,False,0.0,271.6531902077188,265.3881756610496,272.91392907595025,,,,,Data Review,False,补齐INN后再形成分子级商业建议
UNKNOWN_SKU_75047,False,0.0,31.14402778390567,24.87901323723642,32.40476665213713,,,,,Data Review,False,补齐INN后再形成分子级商业建议
PHLOROGLUCINOLUM+SIMETICONUM,True,0.0,0.0,0.0,0.2736576376381792,,0.0,0.0101347017362317,0.0,Monitor,False,常规跟踪销量与生命周期信号
CEFDITORENUM,True,0.0,8.859005484298926,2.5939909376296777,10.119744352530386,,0.0,0.0103427794116812,0.0,Monitor,False,常规跟踪销量与生命周期信号
CALCITONINUM,True,0.0,8.897617645727246,2.632603099057998,10.158356513958704,,0.0,0.0105722717722844,0.0,Monitor,False,常规跟踪销量与生命周期信号
CALCII PANTOTHENAS+CYANOCOBALAMINUM+NICOTINAMIDUM+PYRIDOXINUM+RIBOFLAVINUM+SILIMARINUM*+THIAMINUM,True,0.0,34.56661307976711,28.30159853309786,35.827351947998565,,0.0,0.0117513711738571,0.0,Monitor,False,常规跟踪销量与生命周期信号
CALCII CITRAS*+MAGNESII HYDROXIDE*+ZINCI SULFAS*,True,0.0,19.801022041316266,13.536007494647016,21.06176090954773,,0.0,0.0151164252441429,0.0,Monitor,False,常规跟踪销量与生命周期信号
UNKNOWN_SKU_68753,False,0.0,1.5588643754396605,0.0,2.81960324367112,,,,,Data Review,False,补齐INN后再形成分子级商业建议
CAMPHORA*+LEVOMENTHOLUM+PINUS SILVESTRIS*&,True,0.0,72.37972751428303,66.11471296761378,73.64046638251449,,0.0,0.0100491810125779,0.0,Monitor,False,常规跟踪销量与生命周期信号
BROMHEXINUM+SALBUTAMOLUM,True,0.0,3.4297679593279518,0.0,4.69050682755941,,,,,Monitor,False,跨多个ATC3或不足3个同类INN，竞争份额不适用
BROMELAINA+RUTOSIDUM+TRYPSINUM*,True,0.0,0.0,0.0,1.260738868231459,,0.0,0.0107766538431743,0.0,Monitor,False,常规跟踪销量与生命周期信号
CAPSAICINUM+ETHYLIS NICOTINAS*+GLYCOL SALICYLATUM*,True,0.0,0.0,0.0,1.260738868231459,,0.0,0.0103445588738714,0.0,Monitor,False,常规跟踪销量与生命周期信号
CASSIA ACUTIFOLIA/ANGUSTIFOLIA*&+RHEUM*+SULFUR*+CARBO ACTIVATUS MEDICINALIS*,True,0.0,3.942138243066138,0.0,5.202877111297596,,0.0,0.0153817193035226,0.0,Monitor,False,常规跟踪销量与生命周期信号
CASPOFUNGINUM,True,0.0,0.0814360538324819,0.0,1.342174922063941,,-7.317314111783342e-08,0.0160512420991644,0.0,Monitor,False,常规跟踪销量与生命周期信号
GUAIFENESINUM,True,0.0,21.515687943218637,15.250673396549384,22.776426811450094,,0.0,0.010230789562647,0.0,Monitor,False,常规跟踪销量与生命周期信号
GONADOTROPINUM CHORIONICUM,True,0.0,0.0,0.0,1.260738868231459,,-0.0001145805867354,0.040511678186204,0.0,Monitor,False,常规跟踪销量与生命周期信号
GLYCOPYRRONII BROMIDUM+INDACATEROLUM,True,0.0,19.315584029329315,13.050569482660066,20.57632289756077,,0.0,0.0117831192824018,0.0,Monitor,False,常规跟踪销量与生命周期信号
UNKNOWN_SKU_19500,False,0.0,0.2178912808382282,0.0,1.4786301490696874,,,,,Data Review,False,补齐INN后再形成分子级商业建议
UNKNOWN_SKU_19499,False,0.0,14.248369465396442,7.983354918727193,15.5091083336279,,,,,Data Review,False,补齐INN后再形成分子级商业建议
UNKNOWN_SKU_19497,False,0.0,0.4596425933332251,0.0,1.7203814615646842,,,,,Data Review,False,补齐INN后再形成分子级商业建议
UNKNOWN_SKU_194710,False,0.0,0.6699020988612974,0.0,1.9306409670927565,,,,,Data Review,False,补齐INN后再形成分子级商业建议
UNKNOWN_SKU_187674,False,0.0,0.0,0.0,1.260738868231459,,,,,Data Review,False,补齐INN后再形成分子级商业建议
UNKNOWN_SKU_18565,False,0.0,55.2181593771759,48.95314483050665,56.47889824540736,,,,,Data Review,False,补齐INN后再形成分子级商业建议
UNKNOWN_SKU_18529,False,0.0,0.0,0.0,1.260738868231459,,,,,Data Review,False,补齐INN后再形成分子级商业建议
UNKNOWN_SKU_184465,False,0.0,7.149906550966884,0.8848920042976358,8.410645419198342,,,,,Data Review,False,补齐INN后再形成分子级商业建议
CALCII CHLORIDUM*+DEXTROSUM*+MAGNESII CHLORIDUM*+NATRII CHLORIDUM*+NATRII LACTAS*,True,0.0,0.2145268337170239,0.0,1.4752657019484832,,,,,Monitor,False,跨多个ATC3或不足3个同类INN，竞争份额不适用
VARDENAFILUM,True,0.0,1.7883897474585222,0.0,3.0491286156899813,,0.0,0.012187413127385,0.0,Monitor,False,常规跟踪销量与生命周期信号
BUTORPHANOLUM,True,0.0,0.5834380853862176,0.0,1.8441769536176769,,0.0,0.0238141581972221,0.0,Monitor,False,常规跟踪销量与生命周期信号
BUTOCONAZOLUM,True,0.0,94.3335031562998,88.06848860963055,95.59424202453124,,0.0,0.010154884381362,0.0,Monitor,False,常规跟踪销量与生命周期信号
BLEOMYCINUM,True,0.0,0.9075349416947024,0.0,2.1682738099261614,,-0.0002811221735704,0.0137382364878617,0.0,Monitor,False,常规跟踪销量与生命周期信号
UNKNOWN_SKU_18250,False,0.0,0.3392936779131179,0.0,1.600032546144577,,,,,Data Review,False,补齐INN后再形成分子级商业建议
GLICLAZIDUM+METFORMINUM,True,0.0,0.0,0.0,1.260738868231459,,0.0,0.011245262650732,0.0,Monitor,False,常规跟踪销量与生命周期信号
UNKNOWN_SKU_19107,False,0.0,0.0,0.0,0.2736576376381792,,,,,Data Review,False,补齐INN后再形成分子级商业建议
UNKNOWN_SKU_127632,False,0.0,0.0912561924996538,0.0,1.351995060731113,,,,,Data Review,False,补齐INN后再形成分子级商业建议
MALATHIONUM*+PERMETHRINUM+PIPERONYL*,True,0.0,8.317048842405677,2.052034295736429,9.577787710637136,,0.0,0.0143795407710683,0.0,Monitor,False,常规跟踪销量与生命周期信号
HEXESTROLUM,True,0.0,2.874910313717041,0.0,4.135649181948501,,0.0,0.0105760421750713,0.0,Monitor,False,常规跟踪销量与生命周期信号
UNKNOWN_SKU_73438,False,0.0,0.0,0.0,1.260738868231459,,,,,Data Review,False,补齐INN后再形成分子级商业建议
PIPERAZINUM*,True,0.0,780.6092558445523,780.215922406375,780.8829134821905,,-2.8886442597469607e-05,0.0119383173660347,0.0,Monitor,False,常规跟踪销量与生命周期信号
ACIDUM LACTICUM+ACIDUM SALICYLICUM*+POLIDOCANOLUM,True,0.0,141.96416668835522,135.69915214168597,143.2249055565867,,-0.0004459009359753,0.0172869941534604,0.0,Monitor,False,常规跟踪销量与生命周期信号
TRANDOLAPRILUM+VERAPAMILUM,True,0.0,1.2258939428950877,0.0,2.4866328111265465,,0.0,0.0100260193802152,0.0,Monitor,False,常规跟踪销量与生命周期信号
VITAMIN C+GINKGO BILOBA+PYRIDOXINUM+RIBOFLAVINUM+THIAMINUM+ZINCI OXYDUM*,True,0.0,8.897801820809613,2.632787274140365,10.158540689041072,,0.0,0.0107562110371644,0.0,Monitor,False,常规跟踪销量与生命周期信号
TOPOTECAN,True,0.0,0.6071322422485144,0.0,1.8678711104799732,,0.0,0.011661356327571,0.0,Monitor,False,常规跟踪销量与生命周期信号
ABACAVIRUM+LAMIVUDINUM,True,0.0,0.2428996650159566,0.0,1.5036385332474156,,,,,Monitor,False,常规跟踪销量与生命周期信号
UNKNOWN_SKU_72132,False,0.0,0.0,0.0,1.260738868231459,,,,,Data Review,False,补齐INN后再形成分子级商业建议
UNKNOWN_SKU_188151,False,0.0,1289.297391895992,1283.0323773493228,1290.5581307642235,,,,,Data Review,False,补齐INN后再形成分子级商业建议
GUANFACINUM,True,0.0,454.0108287663954,447.7458142197261,455.2715676346268,,0.0,0.0103826491331547,0.0,Monitor,False,常规跟踪销量与生命周期信号
UNKNOWN_SKU_80069,False,0.0,47.69034606577616,41.425331519106905,48.95108493400761,,,,,Data Review,False,补齐INN后再形成分子级商业建议
UNKNOWN_SKU_79632,False,0.0,7319.536177818647,7319.14284438047,7319.809835456285,,,,,Data Review,False,补齐INN后再形成分子级商业建议
UNKNOWN_SKU_79550,False,0.0,0.0,0.0,1.260738868231459,,,,,Data Review,False,补齐INN后再形成分子级商业建议
ACIDUM GADOPENTETICUM,True,0.0,12.366081287048331,6.101066740379085,13.626820155279791,,0.0,0.0189094012394633,0.0,Monitor,False,常规跟踪销量与生命周期信号
UNKNOWN_SKU_98839,False,0.0,36.0966642738723,29.83164972720305,37.35740314210376,,,,,Data Review,False,补齐INN后再形成分子级商业建议
BUPIVACAINUM+EPINEPHRINUM,True,0.0,0.0300825489468156,0.0,1.2908214171782748,,0.0,0.0155289664982683,0.0,Monitor,False,常规跟踪销量与生命周期信号
UNKNOWN_SKU_79549,False,0.0,12.105054175884366,5.840039629215117,13.365793044115826,,,,,Data Review,False,补齐INN后再形成分子级商业建议
UNKNOWN_SKU_7849,False,0.0,146.5311478795417,140.26613333287244,147.79188674777316,,,,,Data Review,False,补齐INN后再形成分子级商业建议
UNKNOWN_SKU_77882,False,0.0,1.020633268959646,0.0,2.281372137191105,,,,,Data Review,False,补齐INN后再形成分子级商业建议
UNKNOWN_SKU_77881,False,0.0,4.306350092136952,0.0,5.567088960368412,,,,,Data Review,False,补齐INN后再形成分子级商业建议
UNKNOWN_SKU_77021,False,0.0,38.19694860584562,31.93193405917637,39.45768747407708,,,,,Data Review,False,补齐INN后再形成分子级商业建议
UNKNOWN_SKU_76573,False,0.0,30.325945037034256,24.060930490365006,31.58668390526572,,,,,Data Review,False,补齐INN后再形成分子级商业建议
UNKNOWN_SKU_75767,False,0.0,1235.6256710498724,1229.3606565032032,1236.886409918104,,,,,Data Review,False,补齐INN后再形成分子级商业建议
BOVHYALURONIDASUM AZOXIMERUM,True,0.0,5.131784072440027,0.0,6.392522940671486,,-6.586885335646452e-06,0.0198005619805749,0.0,Monitor,False,常规跟踪销量与生命周期信号
UNKNOWN_SKU_74506,False,0.0,2.4983265547938944,0.0,3.7590654230253535,,,,,Data Review,False,补齐INN后再形成分子级商业建议
UNKNOWN_SKU_74278,False,0.0,371.81086476657015,365.5458502199009,373.0716036348016,,,,,Data Review,False,补齐INN后再形成分子级商业建议
VITAMIN C+COFFEINUM*+PARACETAMOLUM+PHENYLEPHRINUM+THERPINI HYDRAS,True,0.0,39.93871950173056,33.67370495506131,41.19945836996202,,0.0,0.0103445588738714,0.0,Monitor,False,常规跟踪销量与生命周期信号
UNKNOWN_SKU_177337,False,0.0,748.1885514303729,741.9235368837036,749.4492902986043,,,,,Data Review,False,补齐INN后再形成分子级商业建议
UNKNOWN_SKU_177336,False,0.0,177.50788809735025,171.242873550681,178.76862696558172,,,,,Data Review,False,补齐INN后再形成分子级商业建议
UNKNOWN_SKU_175950,False,0.0,35.49468687593369,29.22967232926444,36.75542574416514,,,,,Data Review,False,补齐INN后再形成分子级商业建议
UNKNOWN_SKU_175948,False,0.0,46.96741927824885,40.7024047315796,48.228158146480304,,,,,Data Review,False,补齐INN后再形成分子级商业建议
UNKNOWN_SKU_175722,False,0.0,2.0535730897488995,0.0,3.3143119579803586,,,,,Data Review,False,补齐INN后再形成分子级商业建议
UNKNOWN_SKU_175506,False,0.0,0.114698890255844,0.0,1.3754377584873032,,,,,Data Review,False,补齐INN后再形成分子级商业建议
UNKNOWN_SKU_175485,False,0.0,35.62932479584014,29.36431024917089,36.8900636640716,,,,,Data Review,False,补齐INN后再形成分子级商业建议
UNKNOWN_SKU_175483,False,0.0,2056.030449344587,2055.6371159064097,2056.304106982225,,,,,Data Review,False,补齐INN后再形成分子级商业建议
HYDROCHLOROTHIAZIDUM+TRIAMTERENUM,True,0.0,286.56113207413546,280.2961175274662,287.8218709423669,,,,,Monitor,False,跨多个ATC3或不足3个同类INN，竞争份额不适用
UNKNOWN_SKU_17354,False,0.0,268.1728947163538,261.9078801696846,269.43363358458527,,,,,Data Review,False,补齐INN后再形成分子级商业建议
UNKNOWN_SKU_17353,False,0.0,299.7415307109725,293.47651616430323,301.0022695792039,,,,,Data Review,False,补齐INN后再形成分子级商业建议
UNKNOWN_SKU_172918,False,0.0,6.226783490586243,0.0,7.487522358817702,,,,,Data Review,False,补齐INN后再形成分子级商业建议
UNKNOWN_SKU_17174,False,0.0,1.3401408107770283,0.0,2.600879679008488,,,,,Data Review,False,补齐INN后再形成分子级商业建议
UNKNOWN_SKU_17148,False,0.0,0.6412234672680857,0.0,1.9019623354995447,,,,,Data Review,False,补齐INN后再形成分子级商业建议
UNKNOWN_SKU_80070,False,0.0,54.47635687093804,48.21134232426879,55.7370957391695,,,,,Data Review,False,补齐INN后再形成分子级商业建议
UNKNOWN_SKU_171082,False,0.0,0.283743709581602,0.0,1.544482577813061,,,,,Data Review,False,补齐INN后再形成分子级商业建议
UNKNOWN_SKU_134323,False,0.0,17.054179254851203,10.789164708181954,18.314918123082663,,,,,Data Review,False,补齐INN后再形成分子级商业建议
UNKNOWN_SKU_132593,False,0.0,0.5671357550267746,0.0,1.8278746232582337,,,,,Data Review,False,补齐INN后再形成分子级商业建议
UNKNOWN_SKU_13135,False,0.0,7836.393302057005,7830.128287510335,7837.654040925237,,,,,Data Review,False,补齐INN后再形成分子级商业建议
UNKNOWN_SKU_129351,False,0.0,1.2453163282372428,0.0,2.5060551964687017,,,,,Data Review,False,补齐INN后再形成分子级商业建议
UNKNOWN_SKU_128581,False,0.0,0.0634328948543436,0.0,1.3241717630858028,,,,,Data Review,False,补齐INN后再形成分子级商业建议
VITAMIN C+COFFEINUM*+PARACETAMOLUM+PHENIRAMINUM+PHENYLEPHRINUM,True,0.0,14.569827595091796,8.304813048422549,15.830566463323256,,0.0,0.0109077711385386,0.0,Monitor,False,常规跟踪销量与生命周期信号
IBRUTINIBUM,True,0.0,0.0030408863882955,0.0,1.263779754619755,,0.0,0.0169469122817732,0.0,Monitor,False,常规跟踪销量与生命周期信号
UNKNOWN_SKU_169533,False,0.0,44.55739843622688,38.292383889557634,45.81813730445834,,,,,Data Review,False,补齐INN后再形成分子级商业建议
UNKNOWN_SKU_169186,False,0.0,11.11561693407688,4.850602387407631,12.37635580230834,,,,,Data Review,False,补齐INN后再形成分子级商业建议
UNKNOWN_SKU_169185,False,0.0,65.67302690997639,59.40801236330714,66.93376577820784,,,,,Data Review,False,补齐INN后再形成分子级商业建议
UNKNOWN_SKU_814707,False,0.0,0.0285838740733001,0.0,1.2893227423047593,,,,,Data Review,False,补齐INN后再形成分子级商业建议
VITAMIN C+CHLORHEXIDINUM+TETRACAINUM,True,0.0,257.75969574115595,251.4946811944867,259.0204346093874,,0.0,0.0103445588738714,0.0,Monitor,False,常规跟踪销量与生命周期信号
BENZOCAINUM+PHENAZONUM+PHENYLEPHRINUM,True,0.0,9.22101761236268,2.956003065693433,10.48175648059414,,0.0,0.0103805024594662,0.0,Monitor,False,常规跟踪销量与生命周期信号
BENZOCAINUM+CETYLPYRIDINII CHLORIDUM,True,0.0,39.213840040798495,32.948825494129245,40.47457890902995,,0.0,0.0118629427417027,0.0,Monitor,False,常规跟踪销量与生命周期信号
UNKNOWN_SKU_82802,False,0.0,0.0,0.0,1.260738868231459,,,,,Data Review,False,补齐INN后再形成分子级商业建议
SALMETEROLUM,True,0.0,0.3335719827512151,0.0,1.5943108509826742,,0.0,0.0099495008017677,0.0,Monitor,False,常规跟踪销量与生命周期信号
RUXOLITINIB,True,0.0,0.0274519167754196,0.0,1.2881907850068788,,-1.9493969053324128e-05,0.0267647604420471,0.0,Monitor,False,常规跟踪销量与生命周期信号
ACIDUM SALICYLICUM*+CLOTRIMAZOLUM,True,0.0,57.33685115842116,51.07183661175191,58.59759002665261,,0.0,0.010154884381362,0.0,Monitor,False,常规跟踪销量与生命周期信号
PROCAINAMIDUM,True,0.0,2.039294367437833,0.0,3.300033235669292,,0.0,0.0099554200705196,0.0,Monitor,False,常规跟踪销量与生命周期信号
ACIDUM ACETYLSALICYLICUM*+GLYCINUM,True,0.0,9.01420422975358,2.7491896830843325,10.27494309798504,,0.0,0.0110823853091872,0.0,Monitor,False,常规跟踪销量与生命周期信号
ACIDUM ACETYLSALICYLICUM*+BISOPROLOLUM,True,0.0,28.50897257802708,22.243958031357828,29.769711446258537,,0.0,0.0103406118896464,0.0,Monitor,False,常规跟踪销量与生命周期信号
TILIQUINOLUM+TILBROQUINOLUM,True,0.0,327.12600896016573,320.8609944134965,328.3867478283972,,0.0,0.0100842850716663,0.0,Monitor,False,常规跟踪销量与生命周期信号
UNKNOWN_SKU_82601,False,0.0,0.0130671445202053,0.0,1.2738060127516644,,,,,Data Review,False,补齐INN后再形成分子级商业建议
UNKNOWN_SKU_82158,False,0.0,5.0644188174086695,0.0,6.325157685640129,,,,,Data Review,False,补齐INN后再形成分子级商业建议
UNKNOWN_SKU_814910,False,0.0,0.0192569197938302,0.0,1.2799957880252892,,,,,Data Review,False,补齐INN后再形成分子级商业建议
ACIDUM ACETYLSALICYLICUM*+ACIDUM CITRICUM+NATRII HYDROCARBONAS*,True,0.0,187.80045804106564,181.5354434943964,189.0611969092971,,0.0,0.0111529846188828,0.0,Monitor,False,常规跟踪销量与生命周期信号
UNKNOWN_SKU_84142,False,0.0,0.5170548454574304,0.0,1.7777937136888895,,,,,Data Review,False,补齐INN后再形成分子级商业建议
ACIDUM ETACRYNICUM,True,0.0,4.435288989535426,0.0,5.696027857766885,,0.0,0.0101066143904851,0.0,Monitor,False,常规跟踪销量与生命周期信号
UNKNOWN_SKU_83879,False,0.0,0.0308505448369675,0.0,1.291589413068427,,,,,Data Review,False,补齐INN后再形成分子级商业建议
UNKNOWN_SKU_171330,False,0.0,0.328358514540132,0.0,1.589097382771591,,,,,Data Review,False,补齐INN后再形成分子级商业建议
UNKNOWN_SKU_171151,False,0.0,177.69628181406324,171.431267267394,178.9570206822947,,,,,Data Review,False,补齐INN后再形成分子级商业建议
UNKNOWN_SKU_169055,False,0.0,1.3478278702306443,0.0,2.608566738462104,,,,,Data Review,False,补齐INN后再形成分子级商业建议
UNKNOWN_SKU_168784,False,0.0,4.318207798566276,0.0,5.578946666797735,,,,,Data Review,False,补齐INN后再形成分子级商业建议
UNKNOWN_SKU_168779,False,0.0,2.6582204684758493,0.0,3.918959336707308,,,,,Data Review,False,补齐INN后再形成分子级商业建议
UNKNOWN_SKU_168774,False,0.0,3.650329985255029,0.0,4.911068853486487,,,,,Data Review,False,补齐INN后再形成分子级商业建议
UNKNOWN_SKU_168128,False,0.0,372.4588557461664,366.1938411994971,373.7195946143978,,,,,Data Review,False,补齐INN后再形成分子级商业建议
UNKNOWN_SKU_168104,False,0.0,0.3117447335534705,0.0,1.5724836017849295,,,,,Data Review,False,补齐INN后再形成分子级商业建议
HYDROCHLOROTHIAZIDUM+LEVAMLODIPINUM,True,0.0,4.939781821069907,0.0,6.200520689301366,,,,,Monitor,False,跨多个ATC3或不足3个同类INN，竞争份额不适用
UNKNOWN_SKU_174014,False,0.0,0.0,0.0,1.260738868231459,,,,,Data Review,False,补齐INN后再形成分子级商业建议
UNKNOWN_SKU_173997,False,0.0,0.349977162230783,0.0,1.610716030462242,,,,,Data Review,False,补齐INN后再形成分子级商业建议
UNKNOWN_SKU_167898,False,0.0,1150.6089771076977,1144.3439625610283,1151.8697159759292,,,,,Data Review,False,补齐INN后再形成分子级商业建议
UNKNOWN_SKU_167109,False,0.0,73.67102932664284,67.40601477997359,74.9317681948743,,,,,Data Review,False,补齐INN后再形成分子级商业建议
UNKNOWN_SKU_165461,False,0.0,0.1000976621897279,0.0,1.360836530421187,,,,,Data Review,False,补齐INN后再形成分子级商业建议
UNKNOWN_SKU_165460,False,0.0,0.8367896131137199,0.0,2.097528481345179,,,,,Data Review,False,补齐INN后再形成分子级商业建议
UNKNOWN_SKU_165457,False,0.0,1.1022414250325203,0.0,2.36298029326398,,,,,Data Review,False,补齐INN后再形成分子级商业建议
UNKNOWN_SKU_82936,False,0.0,0.6525615837428144,0.0,1.9133004519742736,,,,,Data Review,False,补齐INN后再形成分子级商业建议
UNKNOWN_SKU_82851,False,0.0,15.39225996473911,9.127245418069862,16.652998832970567,,,,,Data Review,False,补齐INN后再形成分子级商业建议
ASCORBIC ACID+BETACAROTENUM+SELENIUM*+TOCOPHEROLI ACETAS*,True,0.0,4.870061292091041,0.0,6.1308001603225,,0.0,0.010154884381362,0.0,Monitor,False,常规跟踪销量与生命周期信号
UNKNOWN_SKU_91767,False,0.0,0.0548454130434979,0.0,1.315584281274957,,,,,Data Review,False,补齐INN后再形成分子级商业建议
ACIDUM CLODRONICUM,True,0.0,2.869106315867394,0.0,4.129845184098853,,0.0,0.0099495008017677,0.0,Monitor,False,常规跟踪销量与生命周期信号
PYRITINOLUM,True,0.0,22.55776432180962,16.292749775140372,23.81850319004108,,0.0,0.0106751363668294,0.0,Monitor,False,常规跟踪销量与生命周期信号
PROXYMETACAINUM,True,0.0,13.469580693597209,7.20456614692796,14.730319561828669,,,,,Monitor,False,跨多个ATC3或不足3个同类INN，竞争份额不适用
UNKNOWN_SKU_82850,False,0.0,23.30681988998664,17.04180534331739,24.567558758218095,,,,,Data Review,False,补齐INN后再形成分子级商业建议
BENZALKONII CHLORIDUM+CHLORHEXIDINUM+DEXPANTHENOLUM,True,0.0,387.47953998728616,381.2145254406169,388.7402788555176,,-0.000247063787334,0.0188420375002652,0.0,Monitor,False,常规跟踪销量与生命周期信号
UNKNOWN_SKU_86275,False,0.0,0.2462748961863962,0.0,1.5070137644178554,,,,,Data Review,False,补齐INN后再形成分子级商业建议
UNKNOWN_SKU_86088,False,0.0,0.0,0.0,1.260738868231459,,,,,Data Review,False,补齐INN后再形成分子级商业建议
UNKNOWN_SKU_84455,False,0.0,0.6481729924193833,0.0,1.9089118606508424,,,,,Data Review,False,补齐INN后再形成分子级商业建议
UNKNOWN_SKU_84190,False,0.0,1.3941009669194648,0.0,2.654839835150924,,,,,Data Review,False,补齐INN后再形成分子级商业建议
UNKNOWN_SKU_84182,False,0.0,11.111774900827362,4.846760354158113,12.37251376905882,,,,,Data Review,False,补齐INN后再形成分子级商业建议
UNKNOWN_SKU_83309,False,0.0,12.819016121924186,6.554001575254937,14.079754990155646,,,,,Data Review,False,补齐INN后再形成分子级商业建议
UNKNOWN_SKU_83308,False,0.0,38.7433460333681,32.47833148669885,40.00408490159956,,,,,Data Review,False,补齐INN后再形成分子级商业建议
UNKNOWN_SKU_82937,False,0.0,1.3434110692957633,0.0,2.6041499375272226,,,,,Data Review,False,补齐INN后再形成分子级商业建议
UNKNOWN_SKU_169057,False,0.0,0.9349755876997872,0.0,2.1957144559312463,,,,,Data Review,False,补齐INN后再形成分子级商业建议
ACIDUM CITRICUM+MAGNESII OXYDUM*+NATRII PICOSULFAS,True,0.0,143.74120664677335,137.4761921001041,145.00194551500482,,-1.619223749625091e-05,0.013512611937413,0.0,Monitor,False,常规跟踪销量与生命周期信号
UNKNOWN_SKU_16472,False,0.0,1007.1686531171014,1000.903638570432,1008.4293919853328,,,,,Data Review,False,补齐INN后再形成分子级商业建议
UNKNOWN_SKU_16471,False,0.0,567.0532332069996,560.7882186603304,568.313972075231,,,,,Data Review,False,补齐INN后再形成分子级商业建议
UNKNOWN_SKU_16470,False,0.0,4231.476765693696,4225.211751147026,4232.737504561927,,,,,Data Review,False,补齐INN后再形成分子级商业建议
UNKNOWN_SKU_16469,False,0.0,14.493725120388774,8.228710573719525,15.754463988620234,,,,,Data Review,False,补齐INN后再形成分子级商业建议
UNKNOWN_SKU_161824,False,0.0,7.211119044828988,0.9461044981597392,8.471857913060447,,,,,Data Review,False,补齐INN后再形成分子级商业建议
UNKNOWN_SKU_161193,False,0.0,1.2982084371950142,0.0,2.5589473054264733,,,,,Data Review,False,补齐INN后再形成分子级商业建议
IDARUCIZUMABUM,True,0.0,0.3932186729031078,0.0,1.653957541134567,,-2.6639679909784346e-07,0.013004593191276,0.0,Monitor,False,常规跟踪销量与生命周期信号
LINUM USITATISSIMUM*&+MENTHOLUM*+METHYL SALICYLAT*+PHENOXYETHANOL+ROFECOXIBUM,True,0.0,38.93332730882626,32.66831276215701,40.194066177057714,,0.0,0.0100260193802152,0.0,Monitor,False,常规跟踪销量与生命周期信号
INFLIXIMABUM,True,0.0,2.0086915337133653,0.0,3.2694304019448244,,-0.0004299061849169,0.0301838880562472,0.0,Monitor,False,常规跟踪销量与生命周期信号
INDACATEROLUM,True,0.0,12.123505469119555,5.858490922450309,13.384244337351015,,-1.2551998457056412e-06,0.0123488831590323,0.0,Monitor,False,常规跟踪销量与生命周期信号
UNKNOWN_SKU_88889,False,0.0,0.4959437108307447,0.0,1.7566825790622038,,,,,Data Review,False,补齐INN后再形成分子级商业建议
UNKNOWN_SKU_87499,False,0.0,8.844214537207078,2.5791999905378296,10.104953405438536,,,,,Data Review,False,补齐INN后再形成分子级商业建议
UNKNOWN_SKU_86345,False,0.0,0.6933744265485378,0.0,1.9541132947799968,,,,,Data Review,False,补齐INN后再形成分子级商业建议
ACIDUM BORICUM*+DEXTROSUM*+OSARSOLUM,True,0.0,244.61186238922085,238.3468478425516,245.87260125745232,,0.0,0.010154884381362,0.0,Monitor,False,常规跟踪销量与生命周期信号
BENZATHINI BENZYLPENICILLINUM,True,0.0,0.1881069769337017,0.0,1.448845845165161,,0.0,0.0099977707926446,0.0,Monitor,False,常规跟踪销量与生命周期信号
ACIDUM LACTICUM+ACIDUM SALICYLICUM*,True,0.0,0.0,0.0,1.260738868231459,,0.0,0.0105679672606272,0.0,Monitor,False,常规跟踪销量与生命周期信号
UNKNOWN_SKU_149112,False,0.0,16.001922587388833,9.736908040719584,17.262661455620293,,,,,Data Review,False,补齐INN后再形成分子级商业建议
ACENOCOUMAROLUM,True,0.0,4099.854718808386,4093.5897042617166,4101.115457676618,,0.0,0.0099495008017677,0.0,Monitor,False,常规跟踪销量与生命周期信号
IOPAMIDOLUM,True,0.0,2.102353656874395,0.0,3.363092525105854,,-0.000337573600864,0.0194930139877576,0.0,Monitor,False,常规跟踪销量与生命周期信号
IODIXANOLUM,True,0.0,1.283856611431302,0.0,2.544595479662761,,0.0,0.0135914567246229,0.0,Monitor,False,常规跟踪销量与生命周期信号
UNKNOWN_SKU_168102,False,0.0,1.2925667004817667,0.0,2.553305568713226,,,,,Data Review,False,补齐INN后再形成分子级商业建议
UNKNOWN_SKU_149111,False,0.0,14.384764683115936,8.119750136446687,15.645503551347396,,,,,Data Review,False,补齐INN后再形成分子级商业建议
UNKNOWN_SKU_149110,False,0.0,17.869200320634214,11.604185773964964,19.129939188865677,,,,,Data Review,False,补齐INN后再形成分子级商业建议
UNKNOWN_SKU_149102,False,0.0,7.953298153657053,1.688283606987805,9.214037021888512,,,,,Data Review,False,补齐INN后再形成分子级商业建议
QUINAGOLIDUM,True,0.0,0.8833224834359036,0.0,2.1440613516673626,,0.0,0.0106751363668294,0.0,Monitor,False,常规跟踪销量与生命周期信号
THYROTROPINUM ALFA,True,0.0,0.0055970201342067,0.0,1.266335888365666,,,,,Monitor,False,跨多个ATC3或不足3个同类INN，竞争份额不适用
TETRACYCLINUM+TRIAMCINOLONUM,True,0.0,0.3171668032716471,0.0,1.577905671503106,,0.0,0.010154884381362,0.0,Monitor,False,常规跟踪销量与生命周期信号
SCUTELLARIA BAICALENSIS*&,True,0.0,105.85505797998424,99.590043433315,107.11579684821572,,0.0,0.009927171482949,0.0,Monitor,False,常规跟踪销量与生命周期信号
RIBOFLAVINUM,True,0.0,0.2442548944735673,0.0,1.5049937627050265,,0.0,0.0101066143904851,0.0,Monitor,False,常规跟踪销量与生命周期信号
DROTAVERINUM+PARACETAMOLUM,True,0.0,11.278285664806534,5.013271118137285,12.539024533037992,,0.0,0.010710281607401,0.0,Monitor,False,常规跟踪销量与生命周期信号
AZOXIMERI BROMIDUM,True,0.0,466.0504850769769,459.7854705303076,467.3112239452083,,-1.2962421421801342e-06,0.0241475372146857,0.0,Monitor,False,常规跟踪销量与生命周期信号
UNKNOWN_SKU_99551,False,0.0,517.0971023220857,510.8320877754164,518.3578411903171,,,,,Data Review,False,补齐INN后再形成分子级商业建议
EMTRICITABINE+TENOFOVIRUM,True,0.0,68.7820934904519,62.51707894378265,70.04283235868336,,,,,Monitor,False,常规跟踪销量与生命周期信号
ATORVASTATINUM+LEVAMLODIPINUM,True,0.0,12.360819494190768,6.095804947521519,13.621558362422228,,0.0,0.0112194980032779,0.0,Monitor,False,常规跟踪销量与生命周期信号
ARGININUM+INOSINUM,True,0.0,1.8887642855746327,0.0,3.149503153806092,,0.0,0.0099977707926446,0.0,Monitor,False,常规跟踪销量与生命周期信号
DOLUTEGRAVIR50 MG TABLETS+LAMIVUDINUM+TENOFOVIRUM,True,0.0,0.5926751826389342,0.0,1.853414050870393,,,,,Monitor,False,常规跟踪销量与生命周期信号
UNKNOWN_SKU_95105,False,0.0,0.1083035316699168,0.0,1.369042399901376,,,,,Data Review,False,补齐INN后再形成分子级商业建议
UNKNOWN_SKU_94704,False,0.0,0.1528266749162519,0.0,1.413565543147711,,,,,Data Review,False,补齐INN后再形成分子级商业建议
UNKNOWN_SKU_94634,False,0.0,0.1372515195081289,0.0,1.397990387739588,,,,,Data Review,False,补齐INN后再形成分子级商业建议
UNKNOWN_SKU_92572,False,0.0,18.743347508577735,12.478332961908489,20.0040863768092,,,,,Data Review,False,补齐INN后再形成分子级商业建议
ANTAZOLINUM+NAPHAZOLINUM,True,0.0,35.565050004047905,29.30003545737865,36.82578887227936,,0.0,0.0105016724625887,0.0,Monitor,False,常规跟踪销量与生命周期信号
ANISUM VULGARE GAERTN.*&+THYMUS SERPYLLUM*&,True,0.0,197.0893037972859,190.82428925061663,198.35004266551735,,0.0,0.0103445588738714,0.0,Monitor,False,常规跟踪销量与生命周期信号
ANISUM VULGARE GAERTN.*&,True,0.0,1.5934786844554123,0.0,2.854217552686872,,-2.067622422785361e-07,0.0121985911682398,0.0,Monitor,False,常规跟踪销量与生命周期信号
UNKNOWN_SKU_424280,False,0.0,0.3184758106078375,0.0,1.579214678839297,,,,,Data Review,False,补齐INN后再形成分子级商业建议
UNKNOWN_SKU_154004,False,0.0,22.599384833084606,16.334370286415357,23.860123701316063,,,,,Data Review,False,补齐INN后再形成分子级商业建议
UNKNOWN_SKU_150788,False,0.0,18.212027160694326,11.947012614025075,19.472766028925783,,,,,Data Review,False,补齐INN后再形成分子级商业建议
UNKNOWN_SKU_149313,False,0.0,1.1139974582580714,0.0,2.3747363264895305,,,,,Data Review,False,补齐INN后再形成分子级商业建议
TENONITROZOLUM,True,0.0,23.024285077763462,16.759270531094216,24.28502394599493,,0.0,0.0101066143904851,0.0,Monitor,False,常规跟踪销量与生命周期信号
TENOFOVIRUM ALAFENAMIDUM,True,0.0,0.3065318567639722,0.0,1.5672707249954314,,-0.0003289712598744,0.0200135617924515,0.0,Monitor,False,常规跟踪销量与生命周期信号
UNKNOWN_SKU_97863,False,0.0,46.59447779365604,40.32946324698679,47.855216661887496,,,,,Data Review,False,补齐INN后再形成分子级商业建议
UNKNOWN_SKU_97109,False,0.0,0.0,0.0,1.260738868231459,,,,,Data Review,False,补齐INN后再形成分子级商业建议
UNKNOWN_SKU_149078,False,0.0,0.1759357628869493,0.0,1.4366746311184084,,,,,Data Review,False,补齐INN后再形成分子级商业建议
UNKNOWN_SKU_144108,False,0.0,0.5152188410823824,0.0,1.7759577093138414,,,,,Data Review,False,补齐INN后再形成分子级商业建议
ISOFLURANUM,True,0.0,0.1253026779570476,0.0,1.3860415461885067,,0.0,0.0199473565020918,0.0,Monitor,False,常规跟踪销量与生命周期信号
ISOCONAZOLUM,True,0.0,0.2667912930638572,0.0,1.5275301612953165,,0.0,0.0100411150701376,0.0,Monitor,False,常规跟踪销量与生命周期信号
LOPINAVIRUM+RITONAVIRUM,True,0.0,0.33108845870861,0.0,1.5918273269400691,,,,,Monitor,False,常规跟踪销量与生命周期信号
LUTEIN+VACCINIUM MYRTILLUS *&+ZEAXANTHINUM*,True,0.0,146.94508138200476,140.6800668353355,148.20582025023623,,0.0,0.010154884381362,0.0,Monitor,False,常规跟踪销量与生命周期信号
JOSAMYCINUM,True,0.0,0.0,0.0,0.2736576376381792,,-8.272851719029099e-06,0.0129606608637115,0.0,Monitor,False,常规跟踪销量与生命周期信号
UNKNOWN_SKU_9668,False,0.0,31.371200602542583,25.106186055873337,32.63193947077404,,,,,Data Review,False,补齐INN后再形成分子级商业建议
UNKNOWN_SKU_9616,False,0.0,3.291288142134324,0.0,4.552027010365784,,,,,Data Review,False,补齐INN后再形成分子级商业建议
UNKNOWN_SKU_9613,False,0.0,14.30572081052382,8.04070626385457,15.56645967875528,,,,,Data Review,False,补齐INN后再形成分子级商业建议
AMINOPHYLLINUM+SALBUTAMOLUM,True,0.0,2.963240674792411,0.0,4.22397954302387,,0.0,0.0099977707926446,0.0,Monitor,False,常规跟踪销量与生命周期信号
UROFOLLITROPINUM,True,0.0,1.156983245963321,0.0,2.41772211419478,,0.0,0.0294805166690198,0.0,Monitor,False,常规跟踪销量与生命周期信号
UNKNOWN_SKU_98836,False,0.0,4.836299670257018,0.0,6.097038538488477,,,,,Data Review,False,补齐INN后再形成分子级商业建议
UNKNOWN_SKU_98805,False,0.0,0.0239948682065303,0.0,1.2847337364379894,,,,,Data Review,False,补齐INN后再形成分子级商业建议
UNKNOWN_SKU_112053,False,0.0,317.9180766511353,311.6530621044661,319.1788155193668,,,,,Data Review,False,补齐INN后再形成分子级商业建议
UNKNOWN_SKU_142372,False,0.0,0.2706765650613966,0.0,1.5314154332928558,,,,,Data Review,False,补齐INN后再形成分子级商业建议
UNKNOWN_SKU_141640,False,0.0,0.0,0.0,1.260738868231459,,,,,Data Review,False,补齐INN后再形成分子级商业建议
UNKNOWN_SKU_14103,False,0.0,1.340936018719795,0.0,2.601674886951254,,,,,Data Review,False,补齐INN后再形成分子级商业建议
UNKNOWN_SKU_140299,False,0.0,49.03679012423785,42.7717755775686,50.2975289924693,,,,,Data Review,False,补齐INN后再形成分子级商业建议
STREPTOKINASUM,True,0.0,0.0,0.0,1.260738868231459,,-3.506768552830492e-05,0.0118394849184807,0.0,Monitor,False,常规跟踪销量与生命周期信号
ZIPRASIDONUM,True,0.0,2.7563398034401505,0.0,4.01707867167161,,-3.744477864623668e-05,0.0132568198758518,0.0,Monitor,False,常规跟踪销量与生命周期信号
ZANAMIVIRUM,True,0.0,0.9714859143097698,0.0,2.2322247825412287,,0.0,0.0103668881926902,0.0,Monitor,False,常规跟踪销量与生命周期信号
ACHILLEA MILLEFOLIUM+CALENDULA+HYPERICUM PERFORATUM+MATRICARIA CHAMOMILLA+MENTHA PIPERITA,True,0.0,14.63184460181094,8.36683005514169,15.8925834700424,,0.0,0.010368860477217,0.0,Monitor,False,常规跟踪销量与生命周期信号
ACETYLAMINONITROPROPOXYBENZENUM*,True,0.0,114.6166577237156,108.35164317704636,115.87739659194706,,0.0,0.0103668881926902,0.0,Monitor,False,常规跟踪销量与生命周期信号
RUTOSIDUM,True,0.0,2.223813218341434,0.0,3.484552086572893,,0.0,0.0107019192169819,0.0,Monitor,False,常规跟踪销量与生命周期信号
ROPINIROLUM,True,0.0,4.825206751354804,0.0,6.085945619586263,,-0.000426020775828,0.0216254722879768,0.0,Monitor,False,常规跟踪销量与生命周期信号
ROFECOXIBUM,True,0.0,0.0,0.0,1.260738868231459,,-2.315630582088313e-06,0.0234386218664131,0.0,Monitor,False,常规跟踪销量与生命周期信号
TEOBONDITHIOMYCOCIDUM*,True,0.0,31.53841766789937,25.273403121230125,32.79915653613083,,-9.354375829356208e-06,0.0177268345378024,0.0,Monitor,False,常规跟踪销量与生命周期信号
SAMBUCUS+HYPERICUM+TILIA+ARCTOSTAPHYLOS+EQUISETUM*&,True,0.0,0.2442548944735673,0.0,1.5049937627050265,,0.0,0.0100411150701376,0.0,Monitor,False,常规跟踪销量与生命周期信号
UNKNOWN_SKU_36547,False,0.0,2.398363785852093,0.0,3.659102654083552,,,,,Data Review,False,补齐INN后再形成分子级商业建议
UNKNOWN_SKU_36071,False,0.0,4.511390427033395,0.0,5.772129295264854,,,,,Data Review,False,补齐INN后再形成分子级商业建议
ACIDUM NICOTINOYL-GAMMA-AMINOBUTYRICUM*,True,0.0,1.350693110484428,0.0,2.611431978715887,,0.0,0.0099495008017677,0.0,Monitor,False,常规跟踪销量与生命周期信号
ACIDUM GLYCYRRHIZICUM+PHOSPHOLIPIDES*,True,0.0,74.63873543496595,68.3737208882967,75.89947430319741,,0.0,0.0101125336592369,0.0,Monitor,False,常规跟踪销量与生命周期信号
ACIDUM GLUTAMICUM+GLYCINUM+PYRIDOXINUM,True,0.0,12.863024726944962,6.598010180275714,14.12376359517642,,0.0,0.0100842850716663,0.0,Monitor,False,常规跟踪销量与生命周期信号
SPECTINOMYCINUM,True,0.0,15.355664694180778,9.090650147511528,16.616403562412238,,0.0,0.0098789014920721,0.0,Monitor,False,常规跟踪销量与生命周期信号
SUCRALFATUM,True,0.0,0.0,0.0,1.260738868231459,,0.0,0.0101182567473178,0.0,Monitor,False,常规跟踪销量与生命周期信号
STRONTIUM RANELATE*,True,0.0,4.004669602276124,0.0,5.265408470507583,,0.0,0.0101687245875211,0.0,Monitor,False,常规跟踪销量与生命周期信号
SYGETHINUM*,True,0.0,7.0265173198012665,0.7615027731320181,8.287256188032725,,0.0,0.0100360150807895,0.0,Monitor,False,常规跟踪销量与生命周期信号
SIMOCTOCOG ALFA,True,0.0,0.6467354468796881,0.0,1.907474315111147,,0.0,,,Monitor,False,常规跟踪销量与生命周期信号
SILIBININUM,True,0.0,0.0873576655917134,0.0,1.3480965338231723,,0.0,0.0101066143904851,0.0,Monitor,False,常规跟踪销量与生命周期信号
AFATINIBUM,True,0.0,0.016345767973551,0.0,1.27708463620501,,0.0,0.0106610917850116,0.0,Monitor,False,常规跟踪销量与生命周期信号
VARENICLINUM,True,0.0,19.941976954975747,13.676962408306498,21.202715823207207,,0.0,0.0106968303838734,0.0,Monitor,False,常规跟踪销量与生命周期信号
ACRIVASTINUM,True,0.0,5.009010109683698,0.0,6.269748977915157,,0.0,0.0182798805486468,0.0,Monitor,False,常规跟踪销量与生命周期信号
ACIDUM UNDECYLENICUM+ZINC UNDECYLENATE,True,0.0,50.23908112654083,43.97406657987158,51.49981999477229,,0.0,0.0107218180855493,0.0,Monitor,False,常规跟踪销量与生命周期信号
SERENOA REPENS*&+URTICA DIOICA*&,True,0.0,13.496377237220283,7.231362690551037,14.757116105451743,,0.0,0.0100800124591729,0.0,Monitor,False,常规跟踪销量与生命周期信号
UNKNOWN_SKU_111763,False,0.0,0.1676973902355835,0.0,1.4284362584670427,,,,,Data Review,False,补齐INN后再形成分子级商业建议
EPTACOGUM ALFA (ACTIVATUM),True,0.0,0.0018945787565664,0.0,1.2626334469880256,,0.0,,,Monitor,False,常规跟踪销量与生命周期信号
UNKNOWN_SKU_137638,False,0.0,5.195134578596444,0.0,6.455873446827903,,,,,Data Review,False,补齐INN后再形成分子级商业建议
LIDOCAINUM+NITROFURALUM+PHENAZONUM,True,0.0,124.5611860138276,118.29617146715836,125.82192488205906,,-4.548803723040392e-05,0.0174239942005497,0.0,Monitor,False,常规跟踪销量与生命周期信号
ACIDUM SALICYLICUM*+UREA PURA*,True,0.0,646.3867371818939,640.1217226352246,647.6474760501253,,0.0,0.0107019192169819,0.0,Monitor,False,常规跟踪销量与生命周期信号
VALERIANA OFFICINALIS*&+PASSIFLORA INCARNATA&*,True,0.0,485.2983195680222,479.0333050213529,486.5590584362536,,-0.0004217750991805,0.0174874472118931,0.0,Monitor,False,常规跟踪销量与生命周期信号
USTECINUMAB,True,0.0,0.2455337986534572,0.0,1.5062726668849162,,-3.2430328843534474e-05,0.0511894740067878,0.0,Monitor,False,常规跟踪销量与生命周期信号
UROKINASUM,True,0.0,0.0291647635192319,0.0,1.2899036317506911,,0.0,0.0100260193802152,0.0,Monitor,False,常规跟踪销量与生命周期信号
ENTECAVIRUM,True,0.0,4.688333155535194,0.0,5.949072023766653,,-0.006387169266394,0.0194243020338664,0.0,Monitor,False,常规跟踪销量与生命周期信号
ACIDUM TIAZOTICUM+CRATAEGUS L.*&+DIPYRIDAMOLUM+HERBA MELISSAE,True,0.0,75.87771815861046,69.61270361194121,77.13845702684192,,0.0,0.0099977707926446,0.0,Monitor,False,常规跟踪销量与生命周期信号
ACIDUM TIAZOTICUM+AMIODARONUM,True,0.0,16.569447192071493,10.304432645402244,17.830186060302953,,-2.3369716532777823e-08,0.0117406370212144,0.0,Monitor,False,常规跟踪销量与生命周期信号
ACIDUM SUCCINICUM+INOSINUM+NICOTINAMIDUM+RIBOFLAVINUM,True,0.0,1885.1759772835933,1884.7826438454165,1885.449634921232,,-8.463512439798787e-06,0.0119864281501864,0.0,Monitor,False,常规跟踪销量与生命周期信号
ACIDUM SUCCINICUM+INOSINUM+MEGLUMINUM+METHIONINUM,True,0.0,1014.5473984941996,1008.2823839475302,1015.8081373624308,,0.0,0.0101125336592369,0.0,Monitor,False,常规跟踪销量与生命周期信号
UNKNOWN_SKU_9891,False,0.0,225.5253802408473,219.2603656941781,226.7861191090788,,,,,Data Review,False,补齐INN后再形成分子级商业建议
UNKNOWN_SKU_36799,False,0.0,68.03175117038984,61.76673662372059,69.2924900386213,,,,,Data Review,False,补齐INN后再形成分子级商业建议
