INN,zero_rate,mean_demand,CV,ADI,CV2_positive,leading_zeros,trailing_zeros,internal_zero_months,seasonality_strength,trend_strength,lag12_autocorrelation,segment
ABACAVIRUM+LAMIVUDINUM,0.9833333333333333,0.020833333333333332,7.681145747868606,60.0,0.0,26,33,0,0.18644067796610075,0.0,-0.021276595744680916,Potential discontinued
ABIES ALBA*&+DAUCUS CAROTA*&+HUMULUS LUPULUS*&+MENTHA PIPERITA+ORIGANUM VULG.*&,0.0,65830.44183333333,0.18299208208035658,1.0,0.03348610210410396,0,0,0,0.7749791753134789,0.5564931597233798,0.776260761769891,Seasonal
ABIRATERONE,0.25,12.680166666666667,1.5383411682184054,1.3333333333333333,1.5248701623766765,0,0,15,0.04649094600579029,0.6856906313820486,0.23146185113491577,Lumpy / volatile
ABROCITINIBUM,0.9166666666666666,0.022166666666666668,3.7681927215118467,12.0,0.26660636553790484,55,0,0,0.13338912412533477,0.1754061177263787,,Launch / lifecycle
ACALABRUTINIBUM,0.9333333333333333,0.03816666666666667,5.78450008711163,15.0,1.2973627505196315,52,3,1,0.1828232633746565,0.08847242206067607,,Launch / lifecycle
ACECLOFENACUM,0.0,27574.380666666668,0.25919742543821334,1.0,0.06718330535379816,0,0,0,0.03336625951574301,0.4133985188989737,0.15045613653349824,Stable
ACENOCOUMAROLUM,0.8333333333333334,579.6223333333332,2.853047784478934,6.0,0.5233136100866924,0,50,0,0.025626407761713654,0.4114232850999846,,Potential discontinued
ACETAZOLAMIDUM,0.0,7328.071166666667,0.12101381627307839,1.0,0.014644343728974373,0,0,0,0.36611224564324907,0.15927295821660303,0.09095178135670898,Stable
ACETYLAMINONITROPROPOXYBENZENUM*,0.8333333333333334,26.281666666666663,2.346046208338675,6.0,0.08398880194337875,0,50,0,0.04264898730861666,0.4251710808995287,,Potential discontinued
ACETYLCYSTEINUM,0.0,186630.25466666667,0.5589743668498444,1.0,0.31245234279518447,0,0,0,0.7334349828427752,0.050722858243179236,0.5478731161214198,Seasonal
ACETYLCYSTEINUM+AMBROXOLUM,0.0,125054.06349999999,0.713534341179532,1.0,0.5091312560425088,0,0,0,0.6709384432778155,0.08228933357510193,0.3499608795978056,Seasonal
ACETYLCYSTEINUM+TUAMINOHEPTANUM,0.0,5314.625333333334,0.6324696048108499,1.0,0.4000178010095926,0,0,0,0.3195653075280548,0.20985830116278104,0.051405957536590434,Stable
ACHILLEA MILLEFOLIUM*&,0.0,9377.845333333333,0.30299576130219563,1.0,0.09180643136709711,0,0,0,0.6495294481800791,0.6987471172561569,0.7460594597895286,Seasonal
ACHILLEA MILLEFOLIUM*&+CALENDULA OFFICINALIS*&+POTENTILLA ALBA/ERECTA*+PROPOLIS*+SOPHORA JAPONICA*&,0.0,6465.369666666667,0.18790564071419832,1.0,0.03530852981221339,0,0,0,0.16002246135766096,0.5813481557848732,0.31085748214031467,Stable
ACHILLEA MILLEFOLIUM+CALENDULA+CLOTRIMAZOLUM+GENTAMICINUM,0.0,82.438,0.5215068079800032,1.0,0.2719693507694919,0,0,0,0.07566740099300406,0.23331109726788346,0.2051546953207657,Stable
ACHILLEA MILLEFOLIUM+CALENDULA+HYPERICUM PERFORATUM+MATRICARIA CHAMOMILLA+MENTHA PIPERITA,0.7666666666666667,2.1645,2.699616386531424,4.285714285714286,0.9338500147000955,0,42,4,0.06851080149581823,0.4624672395952748,0.3928183612560585,Potential discontinued
ACHILLEA MILLEFOLIUM+CALENDULA+MATRICARIA CHAMOMILLA+MENTHA PIPERITA+TANACETUM VULG.,0.0,1228.4126666666666,0.5572655324825304,1.0,0.3105448736930382,0,0,0,0.4528507850453575,0.8585201479166342,0.8542464424166193,Stable
ACHILLEA MILLEFOLIUM+CORIANDRUM SATIVUM+HELICHRYSUM ARENARIUM+MENTHA PIPERITA,0.0,5291.769000000001,0.31560534254128125,1.0,0.09960673224059947,0,0,0,0.3823115649049035,0.16853308365687925,0.04756043349315833,Stable
ACICLOVIRUM,0.0,253876.78916666663,0.18189530192707104,1.0,0.03308590086314033,0,0,0,0.665983198061681,0.42699308212933984,0.5615520828833479,Seasonal
ACICLOVIRUM+HYDROCORTISONUM,0.05,1901.8573333333334,0.6945871950969431,1.0526315789473684,0.40832880301300684,0,1,2,0.05009176715742114,0.3876624639773869,-0.37048087946758684,Stable
ACIDUM ACETYLSALICYLICUM*,0.0,2050573.6025,0.34049352086722434,1.0,0.11593583775255895,0,0,0,0.6967870364024819,0.01297731553119974,0.645426098112757,Seasonal
ACIDUM ACETYLSALICYLICUM*+ACIDUM CITRICUM+NATRII HYDROCARBONAS*,0.8333333333333334,25.682166666666664,2.3158493369784163,6.0,0.060526358597228255,0,50,0,0.04684487075036747,0.4256216628934777,,Potential discontinued
ACIDUM ACETYLSALICYLICUM*+ATORVASTATINUM+RAMIPRILUM,0.0,4821.949,0.16424682679672462,1.0,0.02697702011279325,0,0,0,0.32026725680192014,0.25133265257520776,-0.010751205904451217,Stable
ACIDUM ACETYLSALICYLICUM*+BISOPROLOLUM,0.9333333333333333,3.3271666666666664,4.703281310179032,15.0,0.541390338845293,0,56,0,0.12685591054762535,0.1617690617140507,,Potential discontinued
ACIDUM ACETYLSALICYLICUM*+CLOPIDOGRELUM,0.0,694.3205,0.45466070383131996,1.0,0.20671635560839124,0,0,0,0.11006265436111184,0.23499346462035675,0.19399192963972275,Stable
ACIDUM ACETYLSALICYLICUM*+COFFEINUM*+PARACETAMOLUM,0.0,3754783.0406666663,0.17705597022483036,1.0,0.03134881659225602,0,0,0,0.3297297532851232,0.7483318186269894,0.503583037773319,Stable
ACIDUM ACETYLSALICYLICUM*+GLYCINUM,0.5666666666666667,59.683,1.367050485191692,2.3076923076923075,0.24315837926056433,0,28,6,0.11657783067807392,0.7810603931074995,0.6683763306998275,Potential discontinued
ACIDUM ACETYLSALICYLICUM*+ROSUVASTATINUM,0.5666666666666667,1422.5561666666665,1.4692226510932587,2.3076923076923075,0.3687332526770511,34,0,0,0.06010189662323395,0.7938289201706963,0.7917699842042525,Intermittent
ACIDUM ACETYLSALICYLICUM*+VITAMIN C,0.0,29890.925833333335,0.2916855249673102,1.0,0.08508044547545533,0,0,0,0.41441945273577663,0.0733177514315505,0.26730244230100136,Stable
ACIDUM ADENOSINTRIPHOSPHORICUM*,0.0,28941.769666666663,0.2290253931235366,1.0,0.05245263069539049,0,0,0,0.5889528802400965,0.7774329629761138,0.6619938010650929,Seasonal
ACIDUM ADENOSINTRIPHOSPHORICUM*+ACIDUM FOLICUM+MOLSIDOMINUM,0.0,43229.96983333333,0.1975165763661319,1.0,0.039012797939398006,0,0,0,0.3935166197825426,0.06949553575081868,0.18872919175513794,Stable
ACIDUM ADENOSINTRIPHOSPHORICUM*+COCARBOXYLASUM+CYANOCOBALAMINUM+NICOTINAMIDUM,0.0,31694.379333333334,0.20328044779332566,1.0,0.041322940455055,0,0,0,0.20318672879375155,0.0881497550443664,-0.31372331018388766,Stable
ACIDUM ALENDRONICUM,0.0,4178.999833333333,0.15650222858623536,1.0,0.024492947552458268,0,0,0,0.2500783965885294,0.09500874332851916,-0.21970821247244282,Stable
ACIDUM ALENDRONICUM+COLECALCIFEROLUM,0.5,141.3653333333333,1.3974795050469508,2.0,0.4764744835131351,29,0,1,0.0334395716800262,0.5125427752773111,0.2968039940096727,Intermittent
ACIDUM ALGINICUM*+CALCII CARBONAS*+NATRII HYDROCARBONAS*,0.0,45557.340500000006,0.17251575745431033,1.0,0.029761686570034435,0,0,0,0.5923855144795462,0.3882010575337752,0.47014142039553614,Seasonal
ACIDUM ALGINICUM*+KALII HYDROCARBONATIS,0.0,5502.985333333333,0.30433872643618026,1.0,0.09262206040879618,0,0,0,0.10338818685592599,0.1530039057578051,0.20999794829669308,Stable
ACIDUM AZELAICUM,0.0,9741.662500000002,0.27705566327690373,1.0,0.07675984055380505,0,0,0,0.12889040649222072,0.35513266780672137,0.4290868719476715,Stable
ACIDUM BENZOICUM+ACIDUM MALICUM*+ACIDUM SALICYLICUM*,0.0,141.04433333333333,0.3024081142547472,1.0,0.09145066756711222,0,0,0,0.23864792229774645,0.004009248628232265,0.008665864246942418,Stable
ACIDUM BORICUM*,0.0,213188.0815,0.42916938677500727,1.0,0.18418636254483575,0,0,0,0.6401768885043584,0.7526123988307476,0.7211689939462217,Seasonal
ACIDUM BORICUM*+BENZOCAINUM+CHLORAMPHENICOLUM+HYPPOPHAE RHAMNOIDES,0.0,3760.4055000000003,0.17613655790352326,1.0,0.03102408703010121,0,0,0,0.42726901312875676,0.5469356969698564,0.3804450745691298,Stable
ACIDUM BORICUM*+DEXTROSUM*+OSARSOLUM,0.8333333333333334,33.46083333333333,2.738709344122186,6.0,0.4167548119303624,0,50,0,0.02558216275032421,0.4188102062983007,,Potential discontinued
ACIDUM BORICUM*+ZINCI SULFAS*,0.08333333333333333,647.507,0.6301961766638471,1.0909090909090908,0.28071828599158655,0,5,0,0.04584289669858954,0.5545176448914761,0.8559731512284037,Stable
ACIDUM CITRICUM+KALII HYDROCARBONATIS+SODIUM CITRAS*,0.0,2696.9956666666662,0.204814029516484,1.0,0.04194878668677918,0,0,0,0.15960011580726974,0.186455521071079,-0.13312515189796292,Stable
ACIDUM CITRICUM+MAGNESII OXYDUM*+NATRII PICOSULFAS,0.2833333333333333,197.3948333333333,1.2211608424145994,1.3953488372093024,0.7853842255168263,0,15,2,0.08712104032558865,0.9048178077440708,0.867560626173905,Potential discontinued
ACIDUM CLODRONICUM,0.6833333333333333,4.035,1.6968973890639432,3.1578947368421053,0.2284959038538084,0,41,0,0.022778837541090446,0.6416853803181044,0.3951509503171793,Potential discontinued
ACIDUM CROMOGLICICUM,0.0,17525.667,0.6986456275239491,1.0,0.48810571285833254,0,0,0,0.9498526222015043,0.6548266436440235,0.9430072674055251,Seasonal
ACIDUM ETACRYNICUM,0.9,0.5645000000000001,3.463255285528513,10.0,0.2994137172741187,0,54,0,0.1017178610958489,0.23871398103817065,,Potential discontinued
ACIDUM FOLICUM+FERRI (III) HYDROXYDI POLYMALTOSUM COMPLEXUS*,0.0,2699.1209999999996,0.6850775802085551,1.0,0.4693312909044093,0,0,0,0.07195762792691762,0.3178278132385074,0.3941109476759553,Stable
ACIDUM FOLICUM+FERRI SULFAS*,0.0,13361.002166666667,0.31872526041665133,1.0,0.1015857916276622,0,0,0,0.1485916350506652,0.1379181440720888,-0.18205650826631173,Stable
ACIDUM FORMICUM*,0.0,69679.69233333334,0.38949375293549326,1.0,0.1517053835757751,0,0,0,0.14482419536786484,0.5306758579231882,0.14483658729788035,Stable
ACIDUM FORMICUM*+SPIRITUS AETHYLICUS*,0.0,9586.189,0.8836991430129713,1.0,0.7809241753618599,0,0,0,0.11484489583067481,0.8491133760874092,0.8194803946521433,Stable
ACIDUM FUSIDICUM,0.0,2626.1535000000003,0.7171045168497251,1.0,0.5142388880862777,0,0,0,0.03497947085705011,0.5405171700725959,0.7613689071893944,Stable
ACIDUM FUSIDICUM+BETAMETHASONUM,0.5166666666666667,755.0198333333334,1.5083505283185252,2.0689655172413794,0.5829753028680736,0,21,10,0.029667904624879116,0.79211894185071,0.4001524564121323,Potential discontinued
ACIDUM GADOPENTETICUM,0.8666666666666667,1.4973333333333332,5.20923919822557,7.5,2.7514897365773057,0,42,10,0.13419779271215937,0.24515690721568295,0.14712476131577426,Potential discontinued
ACIDUM GADOTERICUM,0.0,457.938,0.3582031235276407,1.0,0.1283094777049582,0,0,0,0.17662689510828766,0.00351690583788844,-0.2885420572546706,Stable
ACIDUM GADOXETICUM,0.9166666666666666,0.18583333333333335,5.870079167740468,12.0,1.9548191196283864,19,5,31,0.18387603478233916,0.009093859207633836,-0.02276399445735628,Lumpy / volatile
ACIDUM GAMMA-AMINOBUTYRICUM*,0.0,16233.48516666667,0.1235460809096607,1.0,0.015263634108136429,0,0,0,0.3108110634552276,0.1710434549388854,0.031315509442420286,Stable
ACIDUM GAMMA-AMINOBUTYRICUM*+PIRACETAMUM,0.23333333333333334,1094.5608333333332,1.5034569666334014,1.3043478260869565,1.4996268520641898,0,9,5,0.06562130586277382,0.8911141289671831,0.6279329708673058,Potential discontinued
ACIDUM GLUTAMICUM,0.0,4643.432166666667,0.30381249825622564,1.0,0.0923020340966891,0,0,0,0.1855551729804864,0.5691457526367856,0.2684597430612341,Stable
ACIDUM GLUTAMICUM+GLYCINUM+PYRIDOXINUM,0.65,15.393833333333331,2.016100005335315,2.857142857142857,0.7726307310295696,0,39,0,0.02251635167378918,0.6341243184241867,0.5081561275872727,Potential discontinued
ACIDUM GLYCYRRHIZICUM,0.0,677.249,0.3199768719143943,1.0,0.10238519856012067,0,0,0,0.14884086002385388,0.16130274200812833,-0.021563524958800588,Stable
ACIDUM GLYCYRRHIZICUM+CYSTEINUM+GLYCINUM,0.0,864.6065,0.3234197047854508,1.0,0.10460030544350815,0,0,0,0.24803826854151845,0.5086885755633406,0.14183513918172577,Stable
ACIDUM GLYCYRRHIZICUM+PHOSPHOLIPIDES*,0.6833333333333333,24.361,2.127890486921781,3.1578947368421053,0.7505073427052006,0,41,0,0.05030539657378197,0.6708078215871791,0.7712550311923742,Potential discontinued
ACIDUM HOPANTENICUM,0.0,16822.210166666668,0.24918332151686223,1.0,0.06209232772217594,0,0,0,0.18385231747598285,0.06174949807065799,-0.2020569672503906,Stable
ACIDUM IBANDRONICUM,0.0,2298.1918333333338,0.2866156311516721,1.0,0.08214852002047134,0,0,0,0.16148016589013248,0.04753164599325743,-0.27152517616521404,Stable
ACIDUM LACTICUM+ACIDUM SALICYLICUM*,0.7333333333333333,1.5251666666666668,1.9883031867747978,3.75,0.3208932166770175,0,35,9,0.23425629640825918,0.33712391104006856,0.10795661156104497,Potential discontinued
ACIDUM LACTICUM+ACIDUM SALICYLICUM*+POLIDOCANOLUM,0.6333333333333333,26.908833333333334,2.1795726563621547,2.727272727272727,1.1085302202659126,0,16,22,0.04951889443204682,0.004098078602762345,-0.14118015430279474,Potential discontinued
ACIDUM MEFENAMICUM,0.0,189887.69516666667,0.5610963244354541,1.0,0.31482908529497633,0,0,0,0.784208808861024,0.02178661105420221,0.5217125615533877,Seasonal
ACIDUM METHYLSILICICUM*,0.0,71688.5295,0.20148459892998039,1.0,0.040596043605975046,0,0,0,0.3038705740132315,0.6017167325531366,0.32478186699499284,Stable
ACIDUM MYCOPHENOLICUM,0.0,566.6880000000001,0.512876515574243,1.0,0.26304232022757673,0,0,0,0.20020747853848442,0.07162648566308993,-0.11131191222939643,Stable
ACIDUM NICOTINOYL-GAMMA-AMINOBUTYRICUM*,0.9833333333333333,0.1235,7.6811457478686105,60.0,0.0,0,59,0,0.1810004636546273,0.043316042220802764,,Potential discontinued
ACIDUM OROTICUM,0.0,8407.560166666668,0.14675094616673284,1.0,0.021535840200831324,0,0,0,0.20470732036053674,0.3105787605098195,-0.039579298688591225,Stable
ACIDUM PAMIDRONICUM,0.13333333333333333,45.148166666666675,0.781663844778623,1.1538461538461537,0.3961985840695528,0,3,5,0.0856026391154272,0.725970378569789,0.3110144408941754,Stable
ACIDUM PIPEMIDICUM,0.0,5627.293333333332,0.5182760476571491,1.0,0.2686100615751154,0,0,0,0.1688462159477554,0.07987949735364686,0.34348836640140684,Stable
ACIDUM RISEDRONICUM,0.0,850.5671666666665,0.25161185609250114,1.0,0.0633085261263135,0,0,0,0.366482095286495,0.24972678590149777,0.44391721623614394,Stable
ACIDUM RYBONUCLEINICUM*,0.0,6224.234666666667,1.1885398863052585,1.0,1.4126270613385172,0,0,0,0.3479151987292761,0.14848766165653282,0.11627712458937929,Lumpy / volatile
ACIDUM SALICYLICUM*,0.0,232471.02583333338,0.29752693320813706,1.0,0.08852227598423923,0,0,0,0.2870719756692528,0.7604827358466342,0.4126808295623338,Stable
ACIDUM SALICYLICUM*+BETAMETHASONUM,0.0,39445.63566666666,0.09851404355409621,1.0,0.009705016777378363,0,0,0,0.4700946455532862,0.21084396495807134,0.22388972036663904,Stable
ACIDUM SALICYLICUM*+CAPSICUM ANNUUM+RICINUS COMMUNIS,0.0,5270.377166666666,0.4129442920441401,1.0,0.17052298833183613,0,0,0,0.4082401309432384,3.0697653143896275e-06,0.004510456684416005,Stable
ACIDUM SALICYLICUM*+CLOTRIMAZOLUM,0.8333333333333334,5.4395,2.5823073252994866,6.0,0.2780518537158982,0,50,0,0.03266134600688386,0.4054590407278713,,Potential discontinued
ACIDUM SALICYLICUM*+FLUMETASONUM,0.0,4185.254833333334,0.14061939660078998,1.0,0.019773814700370266,0,0,0,0.38641475673918435,0.6477780490015074,0.5662667263318539,Stable
ACIDUM SALICYLICUM*+FLUOROURACILUM,0.55,1005.3236666666666,1.557044296580213,2.2222222222222223,0.5409741236808364,33,0,0,0.025316454558974577,0.7777128627342226,0.8315281096313588,Lumpy / volatile
ACIDUM SALICYLICUM*+MOMETASONUM,0.0,5053.994000000001,0.1727027745561874,1.0,0.029826248339405288,0,0,0,0.25430402950894515,0.0018493579984544262,-0.0013837017280898616,Stable
ACIDUM SALICYLICUM*+UREA PURA*,0.8333333333333334,97.47866666666667,2.9967924540250985,6.0,0.6634608354169615,0,50,0,0.02310980824485609,0.4097999955215279,,Potential discontinued
ACIDUM SALICYLICUM*+ZINCI OXYDUM*,0.0,21037.970833333333,0.14921100932681683,1.0,0.022263925304327414,0,0,0,0.2671737926858264,0.04111001159012517,-0.001824168742682534,Stable
ACIDUM SUCCINICUM+INOSINUM+MEGLUMINUM+METHIONINUM,0.6833333333333333,150.73583333333332,2.9999725247491282,3.1578947368421053,2.166614463929058,0,41,0,0.03521712663258891,0.5435413921307273,0.7344118637907384,Potential discontinued
ACIDUM SUCCINICUM+INOSINUM+NICOTINAMIDUM+RIBOFLAVINUM,0.36666666666666664,1767.7278333333336,1.9689132336291337,1.5789473684210527,2.088525570321291,0,22,0,0.13837835198559156,0.8643099453702413,0.5434169836105343,Potential discontinued
ACIDUM THIOCTICUM*,0.0,45480.429833333335,0.16677350489533063,1.0,0.027813401935072875,0,0,0,0.23343362952807178,0.08176484401114992,-0.2709988560295494,Stable
ACIDUM TIAZOTICUM,0.0,106344.44849999998,0.2639435988292907,1.0,0.06966622336295752,0,0,0,0.4179164305100308,0.7706262628870322,0.5562895113270659,Stable
ACIDUM TIAZOTICUM+AMIODARONUM,0.4,154.99183333333335,1.0683892527754584,1.6666666666666667,0.28487335726766144,0,23,1,0.03440343801012735,0.8434388156359858,0.8320960929240327,Potential discontinued
ACIDUM TIAZOTICUM+CRATAEGUS L.*&+DIPYRIDAMOLUM+HERBA MELISSAE,0.7,27.662333333333333,2.5648115401328004,3.3333333333333335,1.2734774709195171,0,39,3,0.028345516169703155,0.6100290994695415,0.3409239420794077,Potential discontinued
ACIDUM TIAZOTICUM+PIRACETAMUM,0.0,35358.61283333333,0.21020424822477157,1.0,0.04418582597174139,0,0,0,0.30114779345568854,0.473968131117974,0.03299992625524542,Stable
ACIDUM UNDECYLENICUM+ZINC UNDECYLENATE,0.9166666666666666,6.248499999999999,3.6513536687904815,12.0,0.19436530121580894,0,55,0,0.10661720113275941,0.21267722143412449,,Potential discontinued
ACIDUM VALPROICUM,0.0,39459.21950000001,0.1388461275027758,1.0,0.019278247122517078,0,0,0,0.3171615566989995,0.025402911811879147,0.04485584918403457,Stable
ACORUS CALAMUS*&,0.0,7640.456166666667,0.34548028119531715,1.0,0.1193566246947954,0,0,0,0.6478261454638035,0.8237073782534695,0.8121643990669793,Seasonal
ACORUS CALAMUS*&+BISMUTHI SUBNITRAS*+FRANGULA ALNUS*&+MAGNESII CARBONAS+NATRII HYDROCARBONAS*,0.0,4219.4145,0.30411082972347836,1.0,0.09248339675510245,0,0,0,0.5807140920421623,0.8429470984747949,0.8077746980010777,Seasonal
ACORUS CALAMUS+ANETHUM GRAVEOLENS+GLYCYRRHIZA GLABRA/URALENSIS+MATRICARIA CHAMOMILLA+MENTHA PIPERITA,0.0,1417.6278333333332,0.5099961651246739,1.0,0.26009608844187365,0,0,0,0.7624737049683296,0.9215222284143242,0.8830619698246676,Seasonal
ACORUS CALAMUS+FRANGULA ALNUS+MENTHA PIPERITA+URTICA DIOICA+VALERIANA,0.0,1883.1375,0.44624133413875033,1.0,0.19913132829393182,0,0,0,0.7854210504794065,0.9015025015690212,0.9177251658935819,Seasonal
ACORUS*&+ARNICA*&+BENZOCAINUM+QUERCUS*&+MENTHA*&+MATRICARIA*&+THYMUS*&+SALVIA*&,0.0,2295.0486666666666,0.1517986874779587,1.0,0.023042841520030964,0,0,0,0.16292444891826008,0.03086104063799011,-0.5655224786623698,Stable
ACORUS+ALTHAEA+SAMBUCUS+INULA+URTICA+TILIA+MENTHA+CALENDULA+MATRICARIA+GLYCYRRHIZA+THYMUS+SALVIA*&,0.0,41825.16599999999,0.593209368481679,1.0,0.35189735485443246,0,0,0,0.7430851882272,0.2973015973130302,0.5470014299846553,Seasonal
ACORUS+ALTHAEA+SAMBUCUS+URTICA+MENTHA+CALENDULA+ARTEMISIA+MATRICARIA+GLYCYRRHIZA+SOPHORA+ACHILLEA+HELICHRY+SALVIA+ROSA*&,0.0,13769.024833333333,0.2826264685728589,1.0,0.07987772073796519,0,0,0,0.8101513977442569,0.6210525091342384,0.7749801835392658,Seasonal
ACORUS+ARNICA+QUERCUS+MENTHA+MATRICARIA+THYMUS+SALVIA*&,0.0,6173.149000000001,0.3165646713505137,1.0,0.10021319114725875,0,0,0,0.18939522165860356,0.5486680522306897,0.02664240480607597,Stable
ACORUS+URTICA+CALENDULA+MATRICARIA+SOPHORA+CHELIDONIUM+ROSA L.*&,0.0,7586.989666666666,0.3308271043253927,1.0,0.10944657295632426,0,0,0,0.27274991366793633,0.8033849736480646,0.7239624103037536,Stable
ACRIVASTINUM,0.95,0.5561666666666667,5.038063367623375,20.0,0.3191041248094282,16,39,2,0.16886626384548664,0.029395492192981543,-0.049737223335534285,Potential discontinued
ADALIMUMAB,0.0,161.11133333333333,1.042995812557357,1.0,1.0878402650121815,0,0,0,0.18470308508442645,0.7251014656364538,0.39907643752220473,Lumpy / volatile
ADAPALENUM,0.0,2255.1454999999996,0.4574043287531558,1.0,0.20921871996212504,0,0,0,0.13006728792317623,0.033504149204544365,-0.36428316175965336,Stable
ADAPALENUM+BENZOYLI PEROXIDUM*,0.23333333333333334,3210.0270000000005,0.8380575538013129,1.3043478260869565,0.3051276886706378,14,0,0,0.023051981923546072,0.6856819769046273,0.6582448295257153,Stable
ADAPALENUM+CLINDAMYCINUM,0.0,10885.887,0.25050577139143076,1.0,0.06275314150041578,0,0,0,0.31779239099300916,0.26379546842498613,0.33710261524055773,Stable
ADEMETIONINUM,0.0,39630.664166666655,0.2869734437073878,1.0,0.08235375739327727,0,0,0,0.2124669338094961,0.4048709587725511,-0.041799984345702486,Stable
ADENOSINI PHOSPHAS,0.7166666666666667,54.55533333333333,1.8507870956109074,3.5294117647058822,0.25386698076262637,43,0,0,0.01975244812013366,0.6147808955100491,0.5447721914746803,Intermittent
ADENOSINI PHOSPHAS+CYTOCHROMUM C*+NICOTINAMIDUM,0.0,64943.29416666667,0.3034805654121704,1.0,0.09210045358289064,0,0,0,0.2118012958232135,0.3264375254616234,0.47370695515930694,Stable
ADONIS VERNALIS*&+ARNICA MONTANA/FOLIOSA NUTT./CHAMISSONIS LESS.*&+JUNIPERUS COMMUNIS*&+MENTHA PIPERITA,0.0,1492.0046666666667,0.290695755962668,1.0,0.08450402253470704,0,0,0,0.4060824302874825,0.19982216694741273,0.4408931110469619,Stable
AERVA LANNATA*&,0.0,6733.244166666667,0.36690084284963087,1.0,0.13461622848376956,0,0,0,0.6118200349225542,0.8574787226383315,0.8638791970551025,Seasonal
AESCINUM*,0.0,4510.387000000001,0.2570523950578268,1.0,0.06607593380496504,0,0,0,0.4041851908541402,0.05324634109635318,-0.03604357761139889,Stable
AESCINUM*+DIETHYLAMIN,0.0,2016.5243333333333,0.454422034352067,1.0,0.20649938530467118,0,0,0,0.052022061890868,0.49337605129561546,0.46309463474986196,Stable
AESCINUM*+HEPARIN SODIUM,0.06666666666666667,487.32399999999996,1.442871142847583,1.0714285714285714,1.876418659204805,0,0,4,0.05596057937854815,0.7166561904840244,0.1883512920280784,Lumpy / volatile
AESCULUS HIPPOCASTANUM L.*&,0.0,1229.735,0.4195874219986812,1.0,0.17605360469949938,0,0,0,0.35208354790692264,0.9131538672450799,0.8135715213387744,Stable
AESCULUS HIPPOCASTANUM L.*&+DICLOFENACUM,0.03333333333333333,561.0885,0.7617246811564782,1.0344827586206897,0.5275503402201734,0,0,2,0.034508411018292384,0.16469109400928172,0.49924438927516274,Stable
AESCULUS HIPPOCASTANUM L.+THIAMINUM,0.0,14994.710333333333,0.26884549317876993,1.0,0.07227789920253604,0,0,0,0.21509416686079263,0.7598765568150737,0.5512001154406084,Stable
AETHACIZINUM*,0.0,11278.278666666667,0.2022823553953313,1.0,0.040918151304283105,0,0,0,0.40593263933117496,0.061448135121839664,0.14199624757808074,Stable
AETHONIUM*,0.0,23059.823666666667,0.22505572163991938,1.0,0.05065007784286488,0,0,0,0.18554160508745032,0.7385013270467822,0.4562836305315298,Stable
AFATINIBUM,0.9,0.003,3.0000000000000004,10.0,0.0,1,49,4,0.13937079770897265,0.257678814348106,,Potential discontinued
AFLIBERCEPT,0.0,79.60816666666668,0.5444974185001744,1.0,0.29647743875335414,0,0,0,0.1743650084359063,0.012977965826609594,-0.04099753100766869,Stable
AGNUS CASTUS*&,0.0,20769.474500000004,0.16450036248716327,1.0,0.027060369258408108,0,0,0,0.204641776611721,0.06198607288740232,-0.3255817347312418,Stable
AGOMELATINUM,0.0,3509.9535,0.22915514115493302,1.0,0.052512078717737276,0,0,0,0.2096694172068888,0.02402649116442468,-0.34738372986745364,Stable
ALANINUM,0.0,7604.515833333334,0.20378583344651227,1.0,0.041528665913489644,0,0,0,0.5070182932729508,0.04947327832168846,0.22216177115516544,Seasonal
ALBENDAZOLUM,0.0,249643.1983333333,0.21820042764240752,1.0,0.04761142662332952,0,0,0,0.5090261765308715,0.40227714061987074,0.44902883410352246,Seasonal
ALBUMINUM HUMANUM*,0.0,5592.011666666668,0.2670240166827602,1.0,0.071301825485395,0,0,0,0.16920269128061383,0.0099221026805979,-0.28529107985451996,Stable
ALCLOMETASONUM,0.0,884.8548333333333,0.23294287289070978,1.0,0.05426238203057737,0,0,0,0.32340030317270185,0.12388356392286726,0.2897249098333221,Stable
ALECTINIBUM,0.21666666666666667,10.091000000000001,1.1662926759658676,1.2765957446808511,0.848853574709106,4,0,9,0.14706667792086348,0.004227952872972285,0.06816457670342224,Lumpy / volatile
ALFA-BROMISOVALERIC ACID ETHYL ETHER*+DOXYLAMINUM+GUAIFENESINUM,0.0,71588.814,0.18539342416080884,1.0,0.034370721722069585,0,0,0,0.4422736551363913,0.13598425199961484,0.39824506251396813,Stable
ALFA-BROMISOVALERIC ACID ETHYL ETHER*+DOXYLAMINUM+MENTHOL SOLITION IN ISOVALERAT,0.2833333333333333,29816.3245,1.011737149333211,1.3953488372093024,0.4502553091943061,17,0,0,0.02071503744545744,0.6078289318256086,0.27791327826544154,Intermittent
ALFA-BROMISOVALERIC ACID ETHYL ETHER*+HUMULUS LUPULUS*&+MENTHA PIPERITA+MENTHOL SOLITION IN ISOVALERAT,0.0,14443.502666666667,0.5752505184625155,1.0,0.33091315899139284,0,0,0,0.21819115862173133,0.5635093983755977,0.38044064235756075,Stable
ALFA-BROMISOVALERIC ACID ETHYL ETHER*+HUMULUS LUPULUS*&+MENTHA PIPERITA+PHENOBARBITALUM,0.0,44362.34816666666,0.3240828002751486,1.0,0.10502966143418184,0,0,0,0.3565436949970968,0.7171740274956517,0.5773047202895024,Stable
ALFA-BROMISOVALERIC ACID ETHYL ETHER*+MENTHA PIPERITA+PHENOBARBITALUM,0.0,635281.2958333333,0.1840848790560144,1.0,0.03388724269706745,0,0,0,0.4087576358645708,0.6227156971458256,0.5030553739586348,Stable
ALFA-BROMISOVALERIC ACID ETHYL ETHER*+MENTHA PIPERITA+VALERIANA OFFICINALIS*&,0.0,1020.0596666666667,0.9691944191489541,1.0,0.9393378221094785,0,0,0,0.04979779806105322,0.025558719138672248,-0.007881723023695011,Stable
ALFA-BROMISOVALERIC ACID ETHYL ETHER*+MENTHOL SOLITION IN ISOVALERAT+PHENOBARBITALUM,0.0,206501.8445,0.20591893458410718,1.0,0.0424026076202538,0,0,0,0.5921364890538301,0.6707599887625393,0.6873084579223108,Seasonal
ALFA-BROMISOVALERIC ACID ETHYL ETHER*+PASSIFLORA INCARNATA*,0.0,8857.854166666666,0.3445927400599395,1.0,0.11874415650201706,0,0,0,0.42685536348643516,0.6452364988564927,0.39498535530730927,Stable
ALFA-BROMISOVALERIC ACID ETHYL ETHER*+PHENOBARBITALUM,0.0,49556.212999999996,0.23195153514872882,1.0,0.053801514657851976,0,0,0,0.4734667113748501,0.2839431477682076,0.2602139200268764,Stable
ALFACALCIDOLUM,0.2833333333333333,584.8105,1.1706530280613183,1.3953488372093024,0.6988071003448795,0,2,15,0.023059284470929198,0.42150733556958453,-0.26029755657233705,Lumpy / volatile
ALFUZOSINUM,0.11666666666666667,265.18399999999997,0.6022838976683281,1.1320754716981132,0.20375887249498853,0,0,7,0.052466563707770475,0.4506177594387115,0.13294898540686617,Stable
ALLANTOINUM*+ALLIUM CEPA&+HEPARIN SODIUM,0.0,5048.726166666666,0.18709949803203774,1.0,0.035006222163840486,0,0,0,0.21960719224797853,0.03197660847483441,-0.2808356406796229,Stable
ALLANTOINUM*+DEXPANTHENOLUM,0.05,24.950166666666668,1.3581694481578965,1.0526315789473684,1.702393037414049,0,0,3,0.31534876725044514,0.8279465566682269,0.785502209973767,Lumpy / volatile
ALLANTOINUM*+GLUCOSAMINUM+IBUPROFENUM,0.0,4617.519666666665,0.39246764054581745,1.0,0.15403084887560103,0,0,0,0.3312581331811124,0.8538800781227461,0.7106467028162564,Stable
ALLANTOINUM*+POVIDONUM,0.0,4160.462666666665,0.3732832811009312,1.0,0.1393404079494768,0,0,0,0.6475808435916788,0.024811830881405927,0.4207935376320979,Seasonal
ALLIUM SATIVUM+CARBO ACTIVATUS MEDICINALIS*+CHOLE MEDICATA CONSERVATA*+URTICA DIOICA,0.0,172952.23649999997,0.2553201791060463,1.0,0.06518839385874359,0,0,0,0.5844060555843773,0.018951878401682998,0.2787367643957221,Seasonal
ALLOFERONUM*,0.11666666666666667,1347.1448333333333,0.6675490265829602,1.1320754716981132,0.27696583755447424,0,7,0,0.03406641568482105,0.5221489752398998,0.23268055266784582,Potential discontinued
ALLOPURINOLUM,0.0,33212.50983333333,0.09023054046113739,1.0,0.00814155043190895,0,0,0,0.3839292598648347,0.0050362601939134555,0.09819161991922423,Stable
ALNUS INCANA/GLUTINOSA*&,0.0,12050.481833333333,0.5204416324936455,1.0,0.27085949283265076,0,0,0,0.7150363485204048,0.4699238483872784,0.5561070808485864,Seasonal
ALOE ARBORESCENS MILL.*&,0.0,16954.409333333333,0.3825684580272471,1.0,0.1463586250773455,0,0,0,0.30787739934083835,0.03367647767402204,0.4495706288868142,Stable
ALOE ARBORESCENS MILL.*&+CALENDULA OFFICINALIS*&+EUCALYPTUS VIMINALIS*&+LEVOMENTHOLUM+MATRICARIA CHAMOMILLA*&,0.11666666666666667,134.23100000000002,0.7865066909203762,1.1320754716981132,0.4297569511285597,0,7,0,0.060447139600277144,0.6916481755313909,0.8083840340509961,Potential discontinued
ALPROSTADILUM,0.0,419.3098333333332,0.34165818866178754,1.0,0.11673031787965361,0,0,0,0.07521525121085237,0.04942823307666333,-0.025324790189450948,Stable
ALTEPLASUM,0.03333333333333333,38.34799999999999,0.9129015107920319,1.0344827586206897,0.772276196126162,0,1,1,0.10668760720371973,0.03632885621784743,-0.1679158564716057,Stable
ALTHAEA OFFICINALIS*&,0.0,215816.05450000006,0.5485541908445868,1.0,0.30091170029315933,0,0,0,0.7717331827935376,0.5068404519227541,0.6547848481459556,Seasonal
ALTHAEA OFFICINALIS*&+AMMONIUM CHLORIDE+ANISUM VULG.*&+GLYCYRRHIZA GLABRA/URALENSIS*&+NATRII HYDROCARBONAS*,0.0,16621.170166666667,0.631763362197032,1.0,0.3991249458144982,0,0,0,0.6191588593085452,0.3577793983062486,0.4441881926295108,Seasonal
ALTHAEA OFFICINALIS*&+ASCORBIC ACID,0.0,120512.28383333332,0.5239720501221774,1.0,0.2745467093092376,0,0,0,0.7882077829325935,0.26741540463738944,0.6292940129856832,Seasonal
ALTHAEA OFFICINALIS*&+GLYCYRRHIZA GLABRA/URALENSIS*&,0.0,576.832,0.8919924537032914,1.0,0.7956505374636187,0,0,0,0.4523578267669611,0.4650092340352018,0.5723066611516899,Stable
ALTHAEA OFFICINALIS*&+ORIGANUM VULGARE*&+TUSSILAGO FARFARA*&,0.0,13028.556666666667,0.5973906406733439,1.0,0.3568755775641083,0,0,0,0.7803651058278364,0.5413853261900783,0.6782042021880987,Seasonal
ALTHAEA OFFICINALIS*&+THYMUS SERPYLLUM*&,0.0,8416.116333333332,0.5956915446733655,1.0,0.35484841639534015,0,0,0,0.6119482833096124,0.3636290695344272,0.43610163775792293,Seasonal
ALUMINII HYDROXYDUM*+BENZOCAINUM+MAGNESII HYDROXIDE*,0.0,45028.64049999999,0.17692029791102348,1.0,0.0313007918129253,0,0,0,0.6544431259998391,0.04436166418443899,0.41226805198828137,Seasonal
ALUMINII HYDROXYDUM*+CALCII CARBONAS*+DIHYDROXYALUMINUM AMINOACETATE+MAGNESII TRISILICAS*,0.0,4681.8713333333335,0.24952233909314603,1.0,0.062261397706514954,0,0,0,0.3227214284516793,0.0695120326494576,0.33899012263189915,Stable
ALUMINII HYDROXYDUM*+MAGNESII HYDROXIDE*,0.0,45171.54033333333,0.19976518547406463,1.0,0.039906129327487445,0,0,0,0.6074312105361233,0.09970065876410683,0.48153401262376394,Seasonal
ALUMINII HYDROXYDUM*+MAGNESII HYDROXIDE*+SIMETICONUM,0.0,10390.333833333332,0.174290942703624,1.0,0.030377332708517942,0,0,0,0.6934338693330504,0.029901707279830658,0.4858892365696343,Seasonal
ALUMINII PHOSPHAS*,0.03333333333333333,18440.955333333335,0.9692889162470397,1.0344827586206897,0.8748703030540486,0,0,2,0.019890229590891373,0.2988171501174849,0.556174099940455,Stable
ALVERINUM+SIMETICONUM,0.0,8231.224833333334,0.2425466000655545,1.0,0.058828853203360044,0,0,0,0.3234781344730775,0.5183359692706249,0.29178213058013275,Stable
AMANTADINUM,0.0,7869.628000000001,0.18950553626053182,1.0,0.03591234827339174,0,0,0,0.21765162746601874,0.008740092441427372,-0.03026446248894334,Stable
AMBAZONUM,0.0,57331.65449999999,0.45991721178607725,1.0,0.2115238416970794,0,0,0,0.628596777196062,0.28685228466362567,0.4391434728745152,Seasonal
AMBROXOLUM,0.0,432674.0171666667,0.526853229110446,1.0,0.277574325024104,0,0,0,0.6804548443278023,0.36788026367097515,0.5417049545317555,Seasonal
AMBROXOLUM+CARBOCISTEINUM,0.0,22865.679333333333,0.6880794055493895,1.0,0.4734532683412012,0,0,0,0.5780482089802073,0.5016031870567937,0.4414213892550734,Seasonal
AMBROXOLUM+GLYCYRRHIZA GLABRA/URALENSIS*&+KETOTIFENUM+THEOBROMINUM,0.0,5235.532833333334,0.5677993905112625,1.0,0.32239614786496124,0,0,0,0.6710741378382095,0.46516455467613294,0.6323881658091239,Seasonal
AMBROXOLUM+LORATADINUM,0.0,60853.3765,0.510324055672678,1.0,0.2604306417982106,0,0,0,0.6492511080171499,0.039374163935516626,0.38390638875867394,Seasonal
AMBROXOLUM+SALBUTAMOLUM,0.0,6450.419333333333,0.3723300214114207,1.0,0.13862964484422902,0,0,0,0.6573378303552158,0.639003894701083,0.6153328935715214,Seasonal
AMIKACINUM,0.0,32874.4715,0.5232614213222676,1.0,0.2738025150441996,0,0,0,0.2897071349451039,0.7629659758558411,0.6287464861415031,Stable
AMIKACINUM+BENZALKONII CHLORIDUM+LIDOCAINUM+NIMESULIDUM,0.0,19933.626666666667,0.11641164168467753,1.0,0.013551670319721754,0,0,0,0.4998729431848128,0.057210144848414246,0.09929879216794928,Stable
AMINOCAPRONIC ACID,0.0,29765.206000000002,0.49297147710516986,1.0,0.24302087723925303,0,0,0,0.5588336633899509,0.8612424185580694,0.7698816824499701,Seasonal
AMINOPHYLLINUM,0.0,55520.3125,0.3026749702385773,1.0,0.09161213760892364,0,0,0,0.4485855434697261,0.7801936570928131,0.6571761277102195,Stable
AMINOPHYLLINUM+ATROPA BELLADONNA*&+COFFEINUM*+CYTISINUM*+EPHEDRINUM*+PARACETAMOLUM+PHENOBARBITALUM,0.0,3101.526166666667,0.3973735986663382,1.0,0.15790577691703603,0,0,0,0.20580407633609898,0.8180355834322963,0.7477288812139427,Stable
AMINOPHYLLINUM+KALII CHLORIDUM*+MAGNESII CHLORIDUM*,0.0,3552.877833333334,0.7679705804874962,1.0,0.5897788124943019,0,0,0,0.2741448238239361,0.6540847005698716,0.7623152388613117,Stable
AMINOPHYLLINUM+SALBUTAMOLUM,0.9666666666666667,0.40800000000000003,6.207543221670251,30.0,0.317786428296809,1,48,9,0.19627644858536697,0.08184982980502176,,Potential discontinued
AMIODARONUM,0.0,128241.49216666668,0.15561527072786982,1.0,0.02421611248370822,0,0,0,0.3401031228880004,0.46502636484024507,0.45808248233891,Stable
AMISULPRIDUM,0.0,4661.920500000001,0.188021071965828,1.0,0.03535192350317908,0,0,0,0.34281088433751206,0.5441229009771842,0.25187172025292004,Stable
AMITRIPTYLINE,0.0,34311.69466666667,0.10010209791323524,1.0,0.010020430006630936,0,0,0,0.6146719934703833,0.08425869499479977,0.5223249771507618,Seasonal
AMLODIPINUM,0.0,459193.8096666666,0.1617803980502569,1.0,0.02617289719329957,0,0,0,0.5784457355224002,0.6366480922667586,0.6528598309471302,Seasonal
AMLODIPINUM+ATENOLOLUM,0.0,849.9965,0.24038393561573013,1.0,0.05778443650210749,0,0,0,0.2755402790638689,0.3188790314677392,0.1874874312287483,Stable
AMLODIPINUM+ATORVASTATINUM,0.0,109.07349999999998,0.3461472383950068,1.0,0.11981791064848961,0,0,0,0.1733365046233899,0.35480299732351084,0.04561054982471686,Stable
AMLODIPINUM+BISOPROLOLUM,0.0,12319.775833333331,0.17858307812758548,1.0,0.031891915793523296,0,0,0,0.42416550541083486,0.2997262917102661,0.32513034292764104,Stable
AMLODIPINUM+HYDROCHLOROTHIAZIDUM+OLMESARTANUM MEDOXOMILUM,0.25,143.903,0.9113223595385618,1.3333333333333333,0.3728813322461987,15,0,0,0.03660512411343153,0.5614075694669333,0.34730834670483557,Intermittent
AMLODIPINUM+HYDROCHLOROTHIAZIDUM+VALSARTANUM,0.0,56157.515999999996,0.5527669987853862,1.0,0.30555135494620306,0,0,0,0.04812537406270434,0.5990198931402877,0.8507096583607721,Stable
AMLODIPINUM+INDAPAMIDUM,0.0,22308.468500000003,0.16473988183640478,1.0,0.027139228667472603,0,0,0,0.5067292013950161,0.3226148702239233,0.26241867790429735,Seasonal
AMLODIPINUM+INDAPAMIDUM+PERINDOPRILUM,0.0,313169.0841666666,0.29170040778907597,1.0,0.08508912790431321,0,0,0,0.441262926244527,0.8440340274689685,0.6805301924334635,Stable
AMLODIPINUM+LISINOPRILUM,0.0,47869.44333333334,0.23171371934427026,1.0,0.05369124773235524,0,0,0,0.5138207271007955,0.7795914225996892,0.6021054556911904,Seasonal
AMLODIPINUM+OLMESARTANUM MEDOXOMILUM,0.0,2769.3508333333343,0.44901902314905107,1.0,0.2016180831497281,0,0,0,0.31281990997350306,0.7791145445026578,0.8164128359998014,Stable
AMLODIPINUM+PERINDOPRILUM,0.0,66416.73166666666,0.16386692212764883,1.0,0.02685236816758893,0,0,0,0.5762385408591031,0.2427347737300013,0.3745869875647495,Seasonal
AMLODIPINUM+RAMIPRILUM,0.0,13512.635833333332,0.14744659902515841,1.0,0.021740499564085847,0,0,0,0.5463330772537159,0.131896362776747,0.33758630451973676,Seasonal
AMLODIPINUM+TELMISARTANUM,0.31666666666666665,1893.6339999999998,1.0741953607921497,1.4634146341463414,0.4718287099840405,19,0,0,0.04051532740956976,0.7883703276342862,0.7150152418678583,Intermittent
AMLODIPINUM+VALSARTANUM,0.0,106219.6075,0.16699440853553427,1.0,0.02788713248213292,0,0,0,0.49849727011952827,0.3650402782405119,0.3499140134484547,Stable
AMMONIUM FERRIC CITRATE+CYANOCOBALAMINUM+FOLIC ACID,0.0,1860.4705,0.2392153931979662,1.0,0.05722400434285757,0,0,0,0.13383797025674316,0.1602473535279545,-0.09368241812819926,Stable
AMMONIUM*,0.0,226140.60883333333,0.6415419186182406,1.0,0.4115760333443732,0,0,0,0.9297890825164954,0.31853673808889005,0.9010621795483904,Seasonal
AMMONIUM*+ANISUM VULGARE GAERTN.*&,0.0,3318.6285000000003,0.4965749813867272,1.0,0.24658671213922842,0,0,0,0.24977923416377645,0.06634643606045387,0.008468235345893497,Stable
AMMONIUM*+ANISUM VULGARE GAERTN.*&+GLYCYRRHIZA GLABRA/URALENSIS*&,0.0,1234.232833333333,0.6062136335255086,1.0,0.3674949694721997,0,0,0,0.709732743406341,0.34742227612218035,0.7354629134788682,Seasonal
AMMONIUM*+GLYCEROLUM+SPIRITUS AETHYLICUS*,0.0,19454.124499999998,0.6006521055193047,1.0,0.36078295186477394,0,0,0,0.08335122252375471,0.35287176849330526,0.16996101150783768,Stable
AMOROLFINUM,0.0,15537.086000000001,0.26498006622775205,1.0,0.07021443549806386,0,0,0,0.7878662912270973,0.6276812638540499,0.7307787799744422,Seasonal
AMOXICILLINUM,0.0,114248.23733333335,0.4263282205297225,1.0,0.18175575162003976,0,0,0,0.4762788189505115,0.37323887213067497,0.36985960726772416,Stable
AMOXICILLINUM+ACIDUM CLAVULANICUM,0.0,213983.39650000006,0.34218924276375695,1.0,0.1170934778632334,0,0,0,0.48734912603360203,0.03549282448344848,0.19062401256993125,Stable
AMOXICILLINUM+CLARITHROMYCINUM+OMEPRAZOLUM,0.0,3635.229166666667,0.33105147350548997,1.0,0.10959507811015612,0,0,0,0.11276644237712108,0.14044251693651755,-0.0044717849838860554,Stable
AMPICILLINUM,0.0,46408.83233333334,0.3738217595825431,1.0,0.13974270793738863,0,0,0,0.5419706648160025,0.6236527615185534,0.4585377406221688,Seasonal
AMPICILLINUM+SULBACTAMUM,0.0,6022.239166666666,0.7619127852345349,1.0,0.5805110923038465,0,0,0,0.3864204796699171,0.8336781094778644,0.6462564847588245,Stable
AMTOLMETINE GUACIL,0.0,1602.1899999999998,0.290550681497293,1.0,0.08441969851854142,0,0,0,0.10354148174021638,0.6140866147240491,0.4275205064073468,Stable
AMYLMETACRESOLUM+ASCORBIC ACID+DICHLOROBENZYL ALCOHOL*+SODIUM ASCORBATUM,0.0,30466.654999999995,0.5300704119088689,1.0,0.28097464158123797,0,0,0,0.5649044545485751,0.04993499359823128,0.32254741047700586,Seasonal
AMYLMETACRESOLUM+DICHLOROBENZYL ALCOHOL*,0.0,94096.08383333332,0.45468023861639234,1.0,0.2067341193882595,0,0,0,0.6313250637453166,0.12079125664746138,0.3764830944518496,Seasonal
AMYLMETACRESOLUM+DICHLOROBENZYL ALCOHOL*+LEVOMENTHOLUM,0.0,47338.49,0.46319959218667867,1.0,0.2145538622019054,0,0,0,0.7272069156414724,0.0013159821970090135,0.4361193265259083,Seasonal
AMYLMETACRESOLUM+DICHLOROBENZYL ALCOHOL*+LIDOCAINUM,0.0,26250.769000000004,0.44652369799566993,1.0,0.1993834128717282,0,0,0,0.518977600015732,0.03151587568647307,0.3086576617712472,Seasonal
ANAGRELIDUM,0.016666666666666666,34.563,0.5646935754935614,1.0169491525423728,0.29689752030030736,0,0,1,0.12297169057812485,0.03110520829965302,-0.21211756686189645,Stable
ANASTROZOLUM,0.0,1590.9173333333333,0.2308702897763852,1.0,0.053301090701432075,0,0,0,0.180921825398912,0.5162013019335399,0.26439320032784286,Stable
ANETHOLUM*+DICHLOROBENZYL ALCOHOL*+MENTHA PIPERITA+MENTHOLUM*,0.0,1260.1166666666666,0.6651941346582769,1.0,0.4424832367837739,0,0,0,0.34148713963692534,0.022083048616217904,0.12398663454970663,Stable
ANETHUM GRAVEOLENS*&,0.0,17277.466833333332,0.21590535494478316,1.0,0.046615122293832814,0,0,0,0.31400897272858785,0.15196902111403143,0.1871014973859916,Stable
ANETHUM GRAVEOLENS+ARCTOSTAPHYLOS UVA-URSI+CALENDULA+ELEUTHEROCOCCUS SENTICOSUS+MENTHA PIPERITA,0.0,1561.6515,0.5281069677126099,1.0,0.2788969693466075,0,0,0,0.5689605321680229,0.9136375420147003,0.8338551071109251,Seasonal
ANISUM VULG.*&+CAPSICUM ANNUUM*&+MENTHOLUM*,0.0,5588.905833333333,0.550113312554101,1.0,0.30262465664924604,0,0,0,0.5629416842415481,0.035986789562131416,0.20087573853295837,Seasonal
ANISUM VULGARE GAERTN.*&,0.36666666666666664,59.40833333333333,1.2227289591582213,1.5789473684210527,0.5802085347906262,0,16,6,0.11875648431590013,0.794244772822453,0.5019004311468727,Potential discontinued
ANISUM VULGARE GAERTN.*&+CAPSICUM ANNUUM*&+LEVOMENTHOLUM,0.0,2888.8646666666664,0.5206610374260694,1.0,0.2710879158935908,0,0,0,0.5834909486197299,0.15695818976780618,0.46114939283029815,Seasonal
ANISUM VULGARE GAERTN.*&+THYMUS SERPYLLUM*&,0.7666666666666667,22.130999999999997,2.5564216284046526,4.285714285714286,0.7582346931741893,0,46,0,0.015236104038997555,0.5211226926798329,0.7463887926908258,Potential discontinued
ANTAZOLINUM+NAPHAZOLINUM,0.8333333333333334,3.173,2.8145023825201774,6.0,0.4869039435352924,0,38,12,0.3279004881302976,0.2751275704695183,0.699281672352166,Potential discontinued
ANTILYMPHOCYTE SERUM*,0.8833333333333333,0.45249999999999996,6.4498612538589954,8.571428571428571,3.9700828559703445,8,1,44,0.1664378575516985,0.03960537508402484,-0.02559885521566123,Lumpy / volatile
ANTITHROMBINUM III,0.45,0.253,2.2298504594234565,1.8181818181818181,2.2847281892650524,1,0,26,0.13402723941677264,0.26384876241267496,0.06907691364824149,Lumpy / volatile
ANTRAL*,0.0,106289.56383333333,0.24726486655729318,1.0,0.06113991423359601,0,0,0,0.3332803520348748,0.0014591681325965,0.24243916658840028,Stable
ANTRAL*+LECITHIN*,0.05,650.9168333333333,1.627282574019301,1.0526315789473684,2.4656461469215385,0,0,3,0.14274929022239047,0.04017906601127241,-0.13754643419783852,Lumpy / volatile
APIXABANUM,0.0,2912.5335,0.798711888281429,1.0,0.6379406804820859,0,0,0,0.16813427220089527,0.825563086003178,0.63633615522321,Stable
APOMORPHINUM*,0.8333333333333334,0.06416666666666666,2.3451467488707927,6.0,0.083285545623208,29,9,12,0.050978139203287864,0.01890006446032544,-0.22358933544236462,Potential discontinued
APREPITANTUM,0.0,55.6775,0.8556969761200981,1.0,0.7322173149410797,0,0,0,0.35272586777736104,0.2856201045176052,0.050281970436415545,Stable
APROTININUM,0.0,4181.103,0.30331575614497713,1.0,0.09200044792579923,0,0,0,0.3918683436005539,0.7677633238487241,0.5386046759289655,Stable
AQUA PRO INJECTIONIBUS*,0.0,133388.34366666668,0.48746407342093484,1.0,0.2376212228761306,0,0,0,0.31514166549484557,0.5668150898749962,0.3989876417545276,Stable
ARALIA MANDSHURICA RUPP. ET MAXIM*&,0.0,329.27866666666665,0.29751192726578995,1.0,0.08851334686540471,0,0,0,0.1381056298222022,0.6514026592334539,0.5015732882968872,Stable
ARCTOSTAPHYLOS UVA-URSI*&,0.0,8956.408166666666,0.3007786713360584,1.0,0.09046780913068463,0,0,0,0.6605905256732818,0.7959518010376749,0.8006603619125988,Seasonal
ARGININUM,0.0,441389.00916666666,0.2250555943638345,1.0,0.050650020554458816,0,0,0,0.29286575883485777,0.13580242173370682,-0.15634512218551022,Stable
ARGININUM ASPARTATUM*,0.0,40444.549833333345,0.4429968852847924,1.0,0.19624624037202756,0,0,0,0.18110594814509262,0.01810320947336541,0.07305655107984065,Stable
ARGININUM+INOSINUM,0.9333333333333333,0.21683333333333332,4.1185580492432265,15.0,0.19750136033241142,0,51,5,0.15410769861199058,0.16225780053583638,,Potential discontinued
ARGININUM+LEVOCARNITINUM,0.0,27771.693666666673,0.6644084089138848,1.0,0.4414385338354798,0,0,0,0.13669731504728655,0.17361697208582882,-0.14219828914559737,Stable
ARGYREIA*&+MUCUNA PRURIENS*&+PRUNUS AVIUM*&+TRIBULUS TERRESTRIS*&,0.0,300.69350000000003,0.484393170049852,1.0,0.23463674319094485,0,0,0,0.08593302910344724,0.02221064753179114,-0.08775110689150432,Stable
ARIPIPRAZOLUM,0.0,5401.104,0.30024431504919114,1.0,0.09014664871935794,0,0,0,0.3613851461550789,0.818646775951322,0.5373766183113217,Stable
ARMODAFINILUM,0.13333333333333333,2600.2765,0.5903385903709389,1.1538461538461537,0.1686996977769943,8,0,0,0.04984015162117772,0.5038963432080477,0.8517416267732985,Stable
ARONIA MELANOCARPA*&,0.0,227.19366666666667,0.47600018820918655,1.0,0.226576179175181,0,0,0,0.393665016811504,0.19651428509192714,0.12890566057077546,Stable
ARTEMISIA ABSINTHIUM*&,0.0,24652.365833333337,0.2040365359642955,1.0,0.04163090800830926,0,0,0,0.41331690681823996,0.2539650672318411,0.40327910890153,Stable
ARTEMISIA ABSINTHIUM+ATROPA BELLADONNA+MENTHA PIPERITA+VALERIANA,0.0,12571.844833333333,0.13744066401394067,1.0,0.018889936124592926,0,0,0,0.715769104568559,0.404514596422079,0.6706267095761456,Seasonal
ARTICAINUM+EPINEPHRINUM,0.0,1411.466666666667,0.2880863512261174,1.0,0.08299374576277789,0,0,0,0.30582875535954057,0.2061732432382959,0.19047813547200274,Stable
ASCORBIC ACID,0.0,1524314.0095,0.36669428743660654,1.0,0.1344647004386406,0,0,0,0.5745790689214059,0.25769848259061057,0.46053547728109573,Seasonal
ASCORBIC ACID+BENDAZOLUM+GLUTAMILUM-TRIPTOPHANUM*,0.4166666666666667,119.08916666666667,1.6806820476794495,1.7142857142857142,1.2310704181453267,25,0,0,0.05350413472230342,0.6779563383661151,0.17395925050533098,Lumpy / volatile
ASCORBIC ACID+BETACAROTENUM+SELENIUM*+TOCOPHEROLI ACETAS*,0.8166666666666667,1.2276666666666667,3.384339749155396,5.454545454545454,1.2831885152474232,0,49,0,0.11451511221020749,0.38423252242984596,,Potential discontinued
ASCORBIC ACID+HESPERIDINUM+RUSCUS ACULEATUS&,0.0,13368.626333333335,0.2752541517306604,1.0,0.07576484804496544,0,0,0,0.3101113221070807,0.08182691158857902,-0.13281236564147217,Stable
ASCORBIC ACID+KALII CHLORIDUM*+MACROGOLUM+NATRII CHLORIDUM*+NATRII SULFAS*+SODIUM ASCORBATUM,0.0,585.0334999999999,0.45926975041549545,1.0,0.2109287036467115,0,0,0,0.11962627533468184,0.008636326484857237,-0.17421769229959047,Stable
ASCORBIC ACID+MALVA SYLVESTRIS+PLANTAGO (SEMENI PSYLLIUM),0.0,20619.174666666666,0.6432331995970166,1.0,0.4137489490638155,0,0,0,0.6334213612944504,0.4059595341333839,0.4002839035744638,Seasonal
ASCORBIC ACID+SODIUM ASCORBATUM,0.0,853.4108333333334,1.6757413141428277,1.0,2.8081089519251305,0,0,0,0.0727352390260142,0.20393497228531743,0.0761383962766617,Lumpy / volatile
ASCORBIC ACID+SODIUM ASCORBATUM+ZINCI OXYDUM*,0.0,8420.320666666668,1.2444589187176869,1.0,1.5486780003759946,0,0,0,0.5814090999731469,0.046202753336139546,0.14715654788200375,Seasonal
ASPARAGINAT K-MG*,0.0,323079.90566666675,0.14685030865658677,1.0,0.021565013152534805,0,0,0,0.21662286750542692,0.691794596442568,0.4875515693635689,Stable
ATENOLOLUM,0.0,20819.452999999998,0.2658162070707506,1.0,0.07065825594148016,0,0,0,0.4859178564139497,0.8859845012428028,0.826536290013656,Stable
ATENOLOLUM+CHLORTALIDONUM,0.0,52458.63416666667,0.2158490932194279,1.0,0.04659083104364928,0,0,0,0.28384328855288055,0.6547545399131034,0.5060940213543703,Stable
ATENOLOLUM+CHLORTALIDONUM+NIFEDIPINUM,0.0,90045.83700000001,0.16551566762655281,1.0,0.0273954362298635,0,0,0,0.4528887870559405,0.25293184886123843,0.3056160432102679,Stable
ATEZOLIZUMABUM,0.03333333333333333,35.106,0.7003429400740236,1.0344827586206897,0.4407975592544765,0,0,2,0.08499285060112971,0.022219458881257204,0.030850024736431197,Stable
ATOMOXETINUM,0.0,21.654999999999994,1.0198626239795807,1.0,1.0401197717905155,0,0,0,0.17088185694436397,0.027930995354371713,0.02442311260890895,Lumpy / volatile
ATORVASTATINUM,0.0,139559.32816666667,0.12756717916877328,1.0,0.0162733852010779,0,0,0,0.42357355147982867,0.0410572880531227,0.08063656271615596,Stable
ATORVASTATINUM+LEVAMLODIPINUM,0.7666666666666667,1.5771666666666666,2.8466890423812368,4.285714285714286,1.1241823176031267,0,39,7,0.12129328717468812,0.34441105171543207,0.09112965688374196,Potential discontinued
ATOSIBANUM,0.5333333333333333,0.5145,1.4541167932868517,2.142857142857143,0.4534126359754573,1,0,31,0.14525135135574507,0.027634141662587042,0.20568730343401584,Intermittent
ATRACURII BESILAS,0.0,243.41,0.8015187637211532,1.0,0.6424323285970858,0,0,0,0.16366679726364253,0.039216859299735285,-0.13329400878830241,Stable
ATROPA BELLADONNA*&,0.0,15257.38283333333,0.23481613595764972,1.0,0.055138617706081444,0,0,0,0.13566155130258017,0.05232729059419694,-0.03739005563406073,Stable
ATROPA BELLADONNA*&+NATRII HYDROCARBONAS*,0.0,1403.0793333333336,0.31442278256774625,1.0,0.09886168619764422,0,0,0,0.23408564033043444,0.7315355731115238,0.7276833738676024,Stable
ATROPA BELLADONNA*&+PHENOLUM PURUM*,0.0,6052.691166666667,0.5010015904019705,1.0,0.2510025935853038,0,0,0,0.08324782500464589,0.39909988159534604,-0.1035598723459948,Stable
ATROPA BELLADONNA*&+PHENYLII SALICYLAS,0.0,2237.8788333333337,0.1968278696266452,1.0,0.038741210261763644,0,0,0,0.35083060914079844,0.5711620698531358,0.4167165874928119,Stable
ATROPA BELLADONNA*&+XEROFORMIUM*+ZINCI SULFAS*,0.0,32563.657833333335,0.14970385283945983,1.0,0.022411243554978647,0,0,0,0.3585006221537298,0.6426368389099992,0.5592224268547105,Stable
ATROPINI OXYDUM,0.0,4917.957666666667,0.33360518384154353,1.0,0.11129241868595008,0,0,0,0.2621508385461776,0.498818065067522,0.09388506599853097,Stable
AVANAFILUM,0.18333333333333332,1330.4315000000001,0.8163286222115228,1.2244897959183674,0.3608871425441066,11,0,0,0.014808957688282387,0.5966796092859878,0.08153748561622504,Stable
AVIBACTAMUM+CEFTAZIDIMUM,0.21666666666666667,15.445333333333332,1.178832462463166,1.2765957446808511,0.8718893467362944,13,0,0,0.13946140228441617,0.6490664108710964,0.010705420051651333,Lumpy / volatile
AVISAN*+EQUISETUM ARVENSE*&+HYPERICUM PERFORATUM*&+POLYGONUM AVICULARE*&,0.0,9275.232333333332,0.20113168388858335,1.0,0.04045395426385702,0,0,0,0.63529718992386,0.7703964609166574,0.7084025587255599,Seasonal
AXITINIB,0.0,31.955833333333334,0.45580570621781347,1.0,0.20775884182071966,0,0,0,0.1351292740692196,0.012924472575690293,-0.16262717057272458,Stable
AZACITIDINUM,0.95,0.3858333333333333,5.8189646969122215,20.0,0.7430175071955368,29,0,28,0.16157740913880825,0.08390655796397128,-0.028129988790660972,Lumpy / volatile
AZAPENTHACENUM*,0.21666666666666667,10005.463833333335,0.7330396873008412,1.2765957446808511,0.20425529347385693,13,0,0,0.04227979079654509,0.639550616592738,0.7587926659166815,Stable
AZATHIOPRINUM,0.016666666666666666,325.5398333333333,0.4101096685302452,1.0169491525423728,0.14872010788495452,0,0,1,0.14377028443030349,0.0901623484013111,0.223091383073654,Stable
AZELASTINUM,0.0,1401.6603333333333,0.7527774595187784,1.0,0.5666739035595462,0,0,0,0.7157344694898993,0.09355513322274756,0.7816069001612453,Seasonal
AZELASTINUM+FLUTICASONUM,0.6333333333333333,16.543666666666663,1.9211250366998378,2.727272727272727,0.719931182432816,25,6,7,0.020895299600876882,0.02210852792733553,-0.27374706997454235,Potential discontinued
AZELASTINUM+MOMETASONUM,0.016666666666666666,2937.342333333333,0.6138297295705117,1.0169491525423728,0.35384048795619744,0,1,0,0.03409043248140764,0.43922431579515575,0.5835967940890036,Stable
AZILSARTANUM MEDOXOMILUM,0.0,5288.016166666668,0.19690131572241684,1.0,0.038770128133218874,0,0,0,0.415701195802347,0.2559413590120959,0.3236511384683171,Stable
AZILSARTANUM MEDOXOMILUM+CHLORTALIDONUM,0.0,7164.883666666666,0.31093516590717407,1.0,0.09668067739772186,0,0,0,0.3485623354989864,0.6789696854687528,0.5257502730236636,Stable
AZITHROMYCINUM,0.0,489397.3726666666,0.5579596525685456,1.0,0.31131897389441215,0,0,0,0.5041366320946583,0.23257450704345928,0.33150378472205744,Seasonal
AZITHROMYCINUM+FLUCONAZOLUM+SECNIDAZOLUM,0.11666666666666667,743.0128333333333,0.5793546421023388,1.1320754716981132,0.17982575783755075,0,7,0,0.05127787597864297,0.520602806998937,0.6920467586182115,Potential discontinued
AZOXIMERI BROMIDUM,0.4666666666666667,61.90866666666667,2.414551666792989,1.875,2.6426985341934945,0,23,5,0.042704468615002544,0.5528262153158994,-0.0871127049352326,Potential discontinued
AZTREONAMUM,0.38333333333333336,394.79016666666666,1.1009800549141802,1.6216216216216217,0.364163533479946,23,0,0,0.051352379095068734,0.7392803433995591,0.011125592707933021,Intermittent
BACITRACINUM+NEOMYCINUM,0.0,26803.14083333333,0.3467348330595972,1.0,0.1202250444568667,0,0,0,0.39998521976111034,0.22949111032412328,0.2708005329568827,Stable
BACLOFENUM,0.0,5160.053166666667,0.14864710537464662,1.0,0.02209596193626129,0,0,0,0.13178197883425502,0.0026825011170866775,-0.48757571651100834,Stable
BALOXAVIRUM MARBOXILUM,0.9666666666666667,0.06766666666666667,6.283561640136041,30.0,0.34943822951297054,45,11,2,0.19581507274052223,0.05388077458906193,-0.026036314293457943,Potential discontinued
BARII SULFAS*,0.0,4829.747166666666,0.4562936755104457,1.0,0.2082039183108319,0,0,0,0.15774019504500458,0.658799103917558,0.5271669238675502,Stable
BASILIXIMABUM,0.95,0.0021666666666666666,4.466177959075319,20.0,0.04733727810650888,37,11,9,0.18233625979860746,0.05944518967519263,-0.05089495408545599,Potential discontinued
BECLOMETASONUM,0.0,9541.787166666667,0.2667663608962289,1.0,0.07116429130581704,0,0,0,0.5291784368174726,0.7662428261920248,0.7595881634581793,Seasonal
BECLOMETASONUM+CHLORAMPHENICOLUM+CLOTRIMAZOLUM+LIDOCAINUM,0.0,19333.569000000003,0.22481538426646971,1.0,0.05054195700288045,0,0,0,0.5462022479316064,0.10284435124773861,0.18203637168849918,Seasonal
BECLOMETASONUM+CLOTRIMAZOLUM,0.0,283.62299999999993,0.8571160785690197,1.0,0.7346479721415339,0,0,0,0.08790591549153948,0.11441048980562862,-0.13207134063250034,Stable
BECLOMETASONUM+CLOTRIMAZOLUM+GENTAMICINUM,0.0,3743.7238333333344,0.5167045395915469,1.0,0.2669835812345125,0,0,0,0.11981351078766189,0.053998677776301185,-0.2792220905188935,Stable
BECLOMETASONUM+FORMOTEROLUM,0.9833333333333333,0.13866666666666666,7.681145747868608,60.0,0.0,59,0,0,0.18100046365462863,0.04331604222080465,,Launch / lifecycle
BEMIPARINUM NATRICUM,0.11666666666666667,822.7058333333333,1.3950975600636246,1.1320754716981132,1.6025625285176732,0,0,7,0.0973070992298638,0.8693678729871466,0.20773464254760748,Lumpy / volatile
BENDAMUSTINE,0.16666666666666666,12.048166666666667,3.2974713590367757,1.2,8.894431136389866,2,3,5,0.07344473828558462,0.06611433255206356,-0.15590905345064485,Lumpy / volatile
BENDAZOLUM,0.0,22084.63366666667,0.40534824759290605,1.0,0.16430720182663988,0,0,0,0.6707619118958302,0.6760587192454321,0.597328482304957,Seasonal
BENDAZOLUM+METAMIZOLUM NATRICUM+PAPAVERINUM*,0.0,113353.45583333333,0.18437133112050771,1.0,0.0339927877391479,0,0,0,0.31237440414801554,0.5579232624872589,0.49278551939297316,Stable
BENDAZOLUM+METAMIZOLUM NATRICUM+PAPAVERINUM*+PHENOBARBITALUM,0.0,296.69383333333343,0.6738657125436607,1.0,0.4540949985419755,0,0,0,0.13680169321870195,0.6400245626459469,0.5525448322799162,Stable
BENDAZOLUM+PAPAVERINUM*,0.0,45044.77683333334,0.27974655731509723,1.0,0.07825813632964897,0,0,0,0.5805428398334209,0.761661515895184,0.6754495953397589,Seasonal
BENFOTIAMINUM,0.03333333333333333,183.85133333333332,0.44931669695352494,1.0344827586206897,0.1618226443558516,0,2,0,0.06875194461403344,0.28128568286897004,0.29550330284567,Stable
BENFOTIAMINUM+PYRIDOXINUM,0.0,11567.882166666668,0.1337274571098983,1.0,0.017883032785079692,0,0,0,0.25061457962597866,0.10911303211829881,-0.06928575768057456,Stable
BENZALKONII CHLORIDUM,0.0,25209.777,0.2405435896955602,1.0,0.057861218543626025,0,0,0,0.4673875568575955,0.7970752207913381,0.6879422237052908,Stable
BENZALKONII CHLORIDUM+CHLORHEXIDINUM+DEXPANTHENOLUM,0.2,288.075,1.1460142970732419,1.25,0.8506790152770211,0,12,0,0.004831340749649304,0.5844358375961374,-0.11383092082052676,Potential discontinued
BENZATHINI BENZYLPENICILLINUM,0.8666666666666667,0.023500000000000004,3.5846065270156857,7.5,0.8465871938031286,0,51,1,0.1167817205371604,0.20417896103532351,,Potential discontinued
BENZATHINI BENZYLPENICILLINUM+BENZYLPENICILLINUM+BENZYLPENICILLINUM,0.0,45245.64183333332,0.22430808251861523,1.0,0.05031411588317791,0,0,0,0.5522841526386696,0.8543477376518249,0.7684199620310641,Seasonal
BENZOBARBITALUM,0.0,5793.189833333333,0.11912947633551042,1.0,0.014191832131972941,0,0,0,0.4422312206275062,0.305488459398522,0.28309340046242454,Stable
BENZOCAINUM,0.0,45172.88816666666,0.15891274686864285,1.0,0.025253261117337354,0,0,0,0.2917173486792112,0.20070230921821663,0.0404125340421675,Stable
BENZOCAINUM+ATROPA BELLADONNA*&,0.0,15850.380166666668,0.19122713449925546,1.0,0.036567816968796345,0,0,0,0.4893454184719983,0.608207401012075,0.6003158751893825,Stable
BENZOCAINUM+ATROPA BELLADONNA*&+METAMIZOLUM NATRICUM+NATRII HYDROCARBONAS*,0.0,5432.410999999999,0.2910234312461753,1.0,0.08469463753429732,0,0,0,0.2332691469982302,0.837304618328606,0.741336529608407,Stable
BENZOCAINUM+BISMUTHI SUBGALLAS*+MENTHOLUM*+ZINCI OXYDUM*,0.0,21604.861833333332,0.16671934253971712,1.0,0.027795339176875527,0,0,0,0.28431278835661733,0.6120437556301332,0.6578732213479453,Stable
BENZOCAINUM+CETYLPYRIDINII CHLORIDUM,0.5666666666666667,17.515666666666668,1.676916409808604,2.3076923076923075,0.6518877463769971,0,34,0,0.04895364099345534,0.7867254057555704,0.7000856203785195,Potential discontinued
BENZOCAINUM+CHLORAMPHENICOLUM+NITROFURALUM,0.0,845.7515,0.5304868829486469,1.0,0.2814163329805714,0,0,0,0.289915502395676,0.5334641549123113,0.7879584325257807,Stable
BENZOCAINUM+CHLORHEXIDINUM,0.0,15287.48766666667,0.6399877717470666,1.0,0.4095843479857753,0,0,0,0.6591862315715817,0.039744503453219004,0.3192063273478096,Seasonal
BENZOCAINUM+CHLORHEXIDINUM+ENOXOLONUM,0.0,26775.37583333334,0.5023949152330932,1.0,0.25240065085206687,0,0,0,0.4641038593193858,0.011522162724591278,0.26253683425291896,Stable
BENZOCAINUM+DEXTROMETHORPHANUM+NATRII BENZOAS+SULFOGAIACOLUM,0.0,53747.601,0.5751237138588365,1.0,0.33076728624278084,0,0,0,0.6940587869016164,0.04363965821390303,0.386057872018674,Seasonal
BENZOCAINUM+HEPARINUM NATRICUM,0.0,65897.64333333333,0.21394365865660106,1.0,0.04577188907937223,0,0,0,0.10222291095795644,0.5448225611877442,0.13078558689053682,Stable
BENZOCAINUM+LEVOMENTHOLUM+PROCAINUM,0.0,182593.1615,0.3339721786522266,1.0,0.11153741611371479,0,0,0,0.16544754460794142,0.4591682765746409,0.2506489060121626,Stable
BENZOCAINUM+MENTHOLUM*+PROCAINUM,0.0,375037.0418333334,0.25118673716501916,1.0,0.06309477692760844,0,0,0,0.18953021551641203,0.5268633191209564,0.0721890487047809,Stable
BENZOCAINUM+PHENAZONUM+PHENYLEPHRINUM,0.6833333333333333,4.021,1.7160086897946516,3.1578947368421053,0.24915051075940678,0,38,3,0.2645951704907884,0.5321346660112868,0.493347783893859,Potential discontinued
BENZOYLI PEROXIDUM*,0.0,3770.102666666667,0.19786300992943998,1.0,0.03914977069833766,0,0,0,0.18845514783512995,0.004119708010847045,0.20703443953889689,Stable
BENZOYLI PEROXIDUM*+CLINDAMYCINUM,0.0,7131.235499999999,0.6316378357739143,1.0,0.3989663555811543,0,0,0,0.13517252822458703,0.348413840073136,0.395429326802648,Stable
BENZYDAMINUM,0.0,220760.99466666667,0.42290973007872545,1.0,0.17885263979526045,0,0,0,0.5677095576806309,0.03724328689844225,0.22848996134541144,Seasonal
BENZYDAMINUM+CETYLPYRIDINIUM CHLORIDE,0.0,62198.35116666667,0.44621234669644333,1.0,0.1991054583443469,0,0,0,0.60481578691153,0.1668869315611129,0.4237933856645075,Seasonal
BENZYDAMINUM+CHLORHEXIDINUM,0.6,3245.417166666666,1.632798820467609,2.5,0.46641279524816615,36,0,0,0.06942169921096186,0.7764773029511152,0.7409062338472233,Intermittent
BENZYL ALCOHOL+BENZYL CINNAMATUM*+BENZYLII BENZOAS*+ZINCI OXYDUM*,0.0,43764.23450000001,0.12352243716704638,1.0,0.015257792483686921,0,0,0,0.2086688056507222,0.033684346704116463,-0.18704255149202664,Stable
BENZYLII BENZOAS*,0.0,40834.753,0.22311848119894215,1.0,0.0497818566525227,0,0,0,0.5180498318220474,0.7418720226732355,0.5928245109222826,Seasonal
BENZYLNICOTINATUM*+CAMPHORA*+DIMETHYLIS SULFOXIDUM+NONIVAMIDUM+PINUS SILVESTRIS,0.0,6519.249833333333,0.43906591902119063,1.0,0.19277888124592268,0,0,0,0.6728281317508125,0.790775906675786,0.6859636219913797,Seasonal
BENZYLPENICILLINUM,0.0,39091.676999999996,0.32277464621955265,1.0,0.10418347224215735,0,0,0,0.2413937508439129,0.7481113809626052,0.48317742892857224,Stable
BETACAROTENUM+MENADIONUM+RETINOLUM+TOCOPHEROLI ACETAS*,0.0,1231.6401666666663,0.2636103095243215,1.0,0.06949039528750861,0,0,0,0.4935482197883372,0.584609722044149,0.5776040731592536,Stable
BETAHISTINE,0.0,108787.14866666665,0.1045966960399137,1.0,0.0109404688224661,0,0,0,0.38183842691489067,0.007954820403675233,-0.042521814743864246,Stable
BETAMETHASONUM,0.0,62689.937833333344,0.12223460021515536,1.0,0.014941297489758861,0,0,0,0.22856921346873826,0.41632717856015367,0.004408373265115855,Stable
BETAMETHASONUM+CALCIPOTRIOLUM,0.48333333333333334,493.5961666666666,1.6235813749545702,1.935483870967742,0.878608515234676,25,0,4,0.1559981745456216,0.7304329743156135,0.4206987284089896,Lumpy / volatile
BETAMETHASONUM+CETYLPYRIDINII CHLORIDUM,0.0,16074.469833333333,0.36437339182506123,1.0,0.13276796867009963,0,0,0,0.3292407538909078,0.8478211492996288,0.7278761945436222,Stable
BETAMETHASONUM+CLOTRIMAZOLUM+GENTAMICINUM,0.0,77449.2536666667,0.12337737236534825,1.0,0.015221976011777799,0,0,0,0.19862386310083135,0.4207439171970009,-0.036842488401826023,Stable
BETAMETHASONUM+GENTAMICINUM,0.0,15752.694666666668,0.09806475992998775,1.0,0.00961669714012613,0,0,0,0.31607192945680995,0.1509726248765545,-0.09948360378239952,Stable
BETAXOLOLUM,0.0,22650.88933333334,0.21407449017749874,1.0,0.045827887344756,0,0,0,0.3477964467351323,0.5241077560422931,0.35348368207384706,Stable
BETULA PUBESCENS EHRH.*&,0.0,6827.262833333333,0.4083199243728298,1.0,0.16672516063983348,0,0,0,0.4335388309087732,0.5655684560797427,0.6991675492437404,Stable
BEVACIZUMABUM,0.0,923.7631666666665,0.5462621860592588,1.0,0.29840237591824026,0,0,0,0.053326136546134495,0.42495104906960113,0.25181721372317234,Stable
BIBROCATHOL,0.0,672.5871666666667,0.2236055922493135,1.0,0.049999460885166255,0,0,0,0.23495777439376353,0.06043582618316934,-0.029980996255965096,Stable
BICALUTAMIDUM,0.0,2343.6138333333342,0.1770018564157895,1.0,0.03132965717463576,0,0,0,0.3134882341418027,0.025987310209219516,0.13104676487958486,Stable
BICLOTYMOLUM,0.0,35403.915166666666,0.45328413076128643,1.0,0.205466503200015,0,0,0,0.5223594608063651,0.03758951985801873,0.18977926196251224,Seasonal
BICLOTYMOLUM+ENOXOLONUM+MURAMIDASE,0.0,8450.3485,0.4331251549718785,1.0,0.18759739986941376,0,0,0,0.567241206352936,0.0034758317232543856,0.24923823650518437,Seasonal
BICYCLOLUM*,0.0,2646.3353333333334,0.2694964562164733,1.0,0.0726283399132375,0,0,0,0.06760078651568979,0.11401706305552917,-0.33707859681753205,Stable
BIDENS TRIPARTITES*&,0.0,26241.765,0.4579120884425379,1.0,0.20968348074180662,0,0,0,0.28240864452647163,0.9633083507548212,0.9115059763985008,Stable
BIDENS TRIPARTITES*&+HYPERICUM PERFORATUM*&+ROSA L.*&+VACCINIUM VITIS-IDAEA*&,0.0,1339.1451666666667,0.44680600375823937,1.0,0.1996356049944078,0,0,0,0.46971213504785114,0.8361614183640348,0.7545537977667665,Stable
BIDENS TRIPARTITES+CALENDULA+EUCALYPTUS VIMINALIS+GLYCYRRHIZA GLABRA/URALENSIS+MATRICARIA CHAMOMILLA+SALVIA,0.0,12318.329,0.3779312343929763,1.0,0.14283201792979885,0,0,0,0.6107971758896018,0.49935968796175434,0.5779941236098929,Seasonal
BIFONAZOLUM,0.0,2903.7045,0.22419995120345315,1.0,0.05026561811963077,0,0,0,0.2934633837652486,0.6231417703401141,0.48460714710726444,Stable
BIFONAZOLUM+UREA PURA*,0.03333333333333333,1360.8931666666665,0.695826559835032,1.0344827586206897,0.4347021146594602,0,0,2,0.0485754680655911,0.00014737779559881314,-0.10399943214951374,Stable
BILASTINUM,0.0,41731.978833333334,0.5504895696924533,1.0,0.3030387663401824,0,0,0,0.700295168660723,0.815926146850746,0.7996725562225983,Seasonal
BIMATOPROST,0.0,3496.9559999999997,0.37655241952236,1.0,0.14179172464814344,0,0,0,0.2811912561698633,0.8675709130845519,0.7698069777301966,Stable
BIMATOPROST+TIMOLOLUM,0.0,410.2458333333334,0.6756313802503272,1.0,0.45647776197896217,0,0,0,0.2290866493306668,0.9059014009182728,0.7430462158334782,Stable
BIOTINUM,0.0,22814.875666666663,0.269177594986106,1.0,0.07245657764250411,0,0,0,0.7841837969701467,0.29107436093562244,0.7319450837295297,Seasonal
BIPERIDENUM,0.43333333333333335,99.31333333333333,1.326549730940205,1.7647058823529411,0.5638493735726007,26,0,0,0.09307633042765628,0.7113146158715811,0.3857700962548017,Lumpy / volatile
BISACODYLUM,0.0,86712.36533333334,0.13843041696036196,1.0,0.01916298033981966,0,0,0,0.16861005143861119,0.3613068598046164,0.130338774590438,Stable
BISMUTHI SUBCITRAS*,0.0,36472.410999999986,0.30995049383078144,1.0,0.09606930862594529,0,0,0,0.6921179356355659,0.7514577019451006,0.7568505352242524,Seasonal
BISMUTHI SUBGALLAS*+BUFEXAMACUM+LIDOCAINUM,0.0,829.6666666666667,0.5519977995563783,1.0,0.30470157071508364,0,0,0,0.04197484912821137,0.31550327556415725,0.06655022073531086,Stable
BISOPROLOLUM,0.0,830902.8145,0.1262500906762624,1.0,0.015939085395764475,0,0,0,0.4462768835972415,0.06474093045255902,0.3062728212566088,Stable
BISOPROLOLUM+HYDROCHLOROTHIAZIDUM,0.9833333333333333,0.34149999999999997,7.681145747868607,60.0,0.0,2,57,0,0.1858323688172807,0.04331604222080554,,Potential discontinued
BISOPROLOLUM+PERINDOPRILUM,0.0,19393.36716666667,0.3926402885155239,1.0,0.15416639616555383,0,0,0,0.2897859310299852,0.8923863439128168,0.7803172600672551,Stable
BLEOMYCINUM,0.8833333333333333,0.097,2.930707414416212,8.571428571428571,0.11872202737331863,2,16,35,0.28861112262889577,0.024642601037663914,0.1245453233033253,Potential discontinued
BORTEZOMIBUM,0.15,10.534666666666668,1.6858713187472323,1.1764705882352942,2.265837787868353,0,0,9,0.07887936201099144,0.09520734228114147,-0.06248371989373521,Lumpy / volatile
BOTULINUM TOXIN,0.0,904.1426666666666,1.6374646860282245,1.0,2.6812905979895114,0,0,0,0.13623385631011287,0.8700099026518959,0.4015399520315133,Lumpy / volatile
BOVHYALURONIDASUM AZOXIMERUM,0.6833333333333333,0.7796666666666667,3.09810459864905,3.1578947368421053,2.356113166320625,0,23,18,0.16508462697145898,0.07404322510657246,-0.06195801917809779,Potential discontinued
BRENTUXIMAB VEDOTIN,0.8333333333333334,0.08233333333333334,4.089972642327167,6.0,1.954646035830779,9,0,41,0.15840965313688382,0.1606332987530823,-0.08005345225385889,Lumpy / volatile
BREXPIPRAZOLUM,0.7833333333333333,61.10066666666667,2.251825510718687,4.615384615384615,0.3153222616567531,47,0,0,0.013269093218701733,0.5241570373441222,0.4102283814104326,Intermittent
BRIMONIDINUM,0.0,10785.624666666668,0.1868460921819115,1.0,0.03491146216365137,0,0,0,0.2467101953314449,0.4450469309002397,0.2493026552270526,Stable
BRIMONIDINUM+BRINZOLAMIDUM,0.0,8186.699833333333,0.23457527306369344,1.0,0.055025558732906335,0,0,0,0.06596270949109995,0.03181047569647344,-0.15392032630815006,Stable
BRIMONIDINUM+TIMOLOLUM,0.0,1049.377,0.47044318901019316,1.0,0.22131679408608035,0,0,0,0.1718199260700347,0.7801149279781892,0.6744490317200054,Stable
BRINZOLAMIDUM,0.0,12168.160666666667,0.12973690543120986,1.0,0.016831664630866692,0,0,0,0.3340419870344645,0.10214655239893267,-0.06524174294098027,Stable
BRINZOLAMIDUM+TIMOLOLUM,0.0,24333.90133333334,0.2142736344619699,1.0,0.0459131904255419,0,0,0,0.17336415549472883,1.3051373825456736e-05,-0.30343873728490645,Stable
BROLUCIZUMABUM,0.45,14.289666666666667,1.1402758664120431,1.8181818181818181,0.26512597833695506,27,0,0,0.03848284628924703,0.7875883190085219,0.5539364731704373,Intermittent
BROMELAINA+RUTOSIDUM+TRYPSINUM*,0.5333333333333333,8.357000000000001,1.4034470104491712,2.142857142857143,0.3858429718647345,0,29,3,0.13134713606922177,0.6879931486915568,0.36842855447584927,Potential discontinued
BROMFENACUM,0.0,4987.735166666666,0.42939174256714574,1.0,0.18437726858484996,0,0,0,0.12071957465405037,0.5782650309714464,0.6153271645268283,Stable
BROMHEXINE,0.0,108657.17683333332,0.5048591267385066,1.0,0.2548827378511675,0,0,0,0.7487685815956167,0.13660939949707218,0.5480623184344485,Seasonal
BROMHEXINE+GUAIFENESINUM+MENTHOLUM*+SALBUTAMOLUM,0.0,39763.74533333334,0.5439144904391261,1.0,0.2958429729096542,0,0,0,0.44087080879500207,0.04664066510072562,0.06397798544074758,Stable
BROMHEXINUM+GUAIFENESINUM+SALBUTAMOLUM,0.0,27915.405000000002,0.5383464242412508,1.0,0.2898168724933407,0,0,0,0.6838510125255578,0.1774968699989986,0.4695694094190214,Seasonal
BROMHEXINUM+PHENYLEPHRINUM+SALBUTAMOLUM,0.7666666666666667,288.47549999999995,2.443667106937344,4.285714285714286,0.626685416889756,46,0,0,0.031468648089937434,0.5551194964960458,0.5867725113364566,Lumpy / volatile
BROMHEXINUM+SALBUTAMOLUM,0.9666666666666667,0.29616666666666663,7.667969313020464,30.0,0.9932584461807836,25,32,1,0.18616245506060125,0.0,-0.021350093346386385,Potential discontinued
BROMOCRIPTINUM,0.0,2095.939833333333,0.2163227954867353,1.0,0.04679555184719591,0,0,0,0.26161309422106604,0.8322931739418904,0.6692660703983494,Stable
BUDESONIDUM,0.0,52161.41716666667,0.4780862820265306,1.0,0.22856649306195134,0,0,0,0.5193701309450303,0.18403700607386553,0.25460700459835367,Seasonal
BUDESONIDUM+FORMOTEROLUM,0.0,29937.46133333333,0.5900459683657021,1.0,0.3481542447846191,0,0,0,0.21264083595051386,0.7371079390003262,0.5598096527968544,Stable
BUPIVACAINUM,0.0,7676.2815,0.32578644342044255,1.0,0.10613680671654123,0,0,0,0.16161109868171764,0.7054604079875978,0.46136917733149024,Stable
BUPIVACAINUM+EPINEPHRINUM,0.7833333333333333,1.2483333333333335,2.0760217895836868,4.615384615384615,0.15047106867902194,5,42,0,0.055581104045136276,0.3410417502186103,-0.11111773104820602,Potential discontinued
BUPRENORPHINUM,0.0,10117.783,0.4527502905430726,1.0,0.2049828255868367,0,0,0,0.16905288635169413,0.7261595500194447,0.5906471794523821,Stable
BUPROPIONUM,0.9833333333333333,4.202333333333333,7.681145747868609,60.0,0.0,59,0,0,0.18100046365462874,0.04331604222080443,,Launch / lifecycle
BUSPIRONUM,0.0,6167.6123333333335,0.2664357527639914,1.0,0.07098801035091476,0,0,0,0.5014244121828699,0.7006102547311917,0.4507186441983193,Seasonal
BUTAMIRATUM,0.0,23070.347166666663,0.5511114671148909,1.0,0.3037238491855275,0,0,0,0.4574761243519303,0.12288573180117035,0.128311528469435,Stable
BUTAMIRATUM+GUAIFENESINUM,0.0,38537.0255,0.5231438548211507,1.0,0.2736794928371332,0,0,0,0.653267351081408,0.00026076988040968363,0.4202830745479847,Seasonal
BUTOCONAZOLUM,0.8333333333333334,13.797,3.9485522035383918,6.0,1.7651774173446484,0,50,0,0.02907002229873179,0.38444016142551063,,Potential discontinued
BUTORPHANOLUM,0.9166666666666666,0.29683333333333334,3.6613460016413275,12.0,0.20045454531124438,10,45,0,0.14535873400902022,0.10617167545430184,-0.07288508269957693,Potential discontinued
CABAZITAXEL,0.8833333333333333,0.03916666666666667,4.631372929326949,8.571428571428571,1.6191217745586235,19,5,29,0.17934042649687598,0.11030112259690683,-0.054134861399851956,Lumpy / volatile
CABERGOLINUM,0.0,13871.020666666667,0.1377722395882653,1.0,0.018981190001166375,0,0,0,0.2853525210090898,0.029047789565739945,-0.292669857798242,Stable
CABOZANTINIBUM,0.6333333333333333,0.26983333333333337,4.094086167376396,2.727272727272727,5.512565233497674,18,0,20,0.19400454773407383,0.17457189038971843,0.08072152035715395,Lumpy / volatile
CALAMAGROSTIS EPIGEIOS*+DESCHAMPSIA CAESPITOSA*,0.0,57345.443,0.5434002257398521,1.0,0.29528380533412224,0,0,0,0.4164011078939288,0.018979412541549334,0.2127699969802164,Stable
CALCII CARBONAS*+COLECALCIFEROLUM,0.0,65725.84483333334,0.2142299962159994,1.0,0.04589449127870712,0,0,0,0.41847695394741224,0.5553718623964585,0.3366283292355541,Stable
CALCII CARBONAS*+MAGNESII CARBONAS,0.0,68566.8845,0.17145363873562894,1.0,0.029396350235687558,0,0,0,0.6436841882536681,0.5575525739506748,0.7141232062220784,Seasonal
CALCII CHLORIDUM*,0.0,11388.035333333333,0.3816872464839979,1.0,0.1456851541285362,0,0,0,0.23629455833886204,0.8581566970138073,0.7123921661376681,Stable
CALCII CHLORIDUM*+CITICOLINUM+KALII CHLORIDUM*+NATRII CHLORIDUM*+NATRII LACTAS*,0.0,12577.760333333332,0.2100007578496059,1.0,0.04410031829740881,0,0,0,0.13932161669266863,0.4888619217605087,0.02833243991442209,Stable
CALCII CHLORIDUM*+DEXTROSUM*+KALII CHLORIDUM*+NATRII ACETAS*+NATRII CHLORIDUM*+XYLITOLUM*,0.0,124.44883333333334,0.7955700543681622,1.0,0.6329317114073605,0,0,0,0.1637552898284682,0.671335497236142,0.6643036778869456,Stable
CALCII CHLORIDUM*+DEXTROSUM*+MAGNESII CHLORIDUM*+NATRII CHLORIDUM*+NATRII LACTAS*,0.9833333333333333,0.022000000000000002,7.681145747868606,60.0,0.0,22,37,0,0.19348935239887288,0.010843006878184513,-0.021276595744680844,Potential discontinued
CALCII CHLORIDUM*+FRUCTOSUM*+KALII CHLORIDUM*+MAGNESII CHLORIDUM*+NATRII CHLORIDUM*,0.0,26683.072000000004,0.4166302002900424,1.0,0.17358072379372083,0,0,0,0.2313068233277087,0.7553698849597872,0.4952818554074465,Stable
CALCII CHLORIDUM*+GELATINUM*+KALII CHLORIDUM*+MAGNESII CHLORIDUM*+NATRII ACETAS*+NATRII CHLORIDUM*,0.0,255.97200000000004,0.40072155746397264,1.0,0.16057776661635192,0,0,0,0.13930183021882125,0.7336902142867143,0.5554170873142988,Stable
CALCII CHLORIDUM*+HYDROXYETHYLAMYLUM*+KALII CHLORIDUM*+MAGNESII CHLORIDUM*+NATRII CHLORIDUM*+NATRII LACTAS*+XYLITOLUM*,0.0,872.3963333333335,0.6164096321374497,1.0,0.379960834591826,0,0,0,0.14059655713739605,0.8404539173659918,0.7994916075676632,Stable
CALCII CHLORIDUM*+KALII CHLORIDUM*+MAGNESII CHLORIDUM*+NATRII ACETAS*+NATRII CHLORIDUM*,0.0,21883.411833333328,0.5310575601302403,1.0,0.28202213217148386,0,0,0,0.15413978619739943,0.7864421715700642,0.6482531290134849,Stable
CALCII CHLORIDUM*+KALII CHLORIDUM*+MAGNESII CHLORIDUM*+NATRII ACETAS*+NATRII CHLORIDUM*+XYLITOLUM*,0.0,20452.13783333333,0.3730640326071069,1.0,0.13917677242507653,0,0,0,0.10167529125157959,0.13686773419885678,-0.19064260677910436,Stable
CALCII CHLORIDUM*+KALII CHLORIDUM*+MAGNESII CHLORIDUM*+NATRII CHLORIDUM*+NATRII HYDROCARBONAS*+POVIDONUM,0.0,2231.375333333333,0.3739760445860713,1.0,0.13985808192424318,0,0,0,0.060774514311155436,0.6456493691070947,0.42688749312767826,Stable
CALCII CHLORIDUM*+KALII CHLORIDUM*+MAGNESII CHLORIDUM*+NATRII CHLORIDUM*+NATRII LACTAS*,0.0,3638.6455000000005,0.7311836947231047,1.0,0.5346295954289304,0,0,0,0.09774564666708219,0.7518340236573879,0.7637858926263891,Stable
CALCII CHLORIDUM*+KALII CHLORIDUM*+MAGNESII CHLORIDUM*+NATRII CHLORIDUM*+NATRII LACTAS*+SORBITOL*,0.0,264659.37500000006,0.36486723099788143,1.0,0.13312809625606137,0,0,0,0.15655110601744504,0.5364013056046374,0.2081906107420474,Stable
CALCII CITRAS*+MAGNESII HYDROXIDE*+ZINCI SULFAS*,0.65,19.2955,2.0958880441464314,2.857142857142857,0.8874613427585841,8,31,0,0.06999053877056294,0.19903463428111923,-0.06142256931629174,Potential discontinued
CALCII FOLINAS,0.0,548.6739999999999,0.5355302246084469,1.0,0.28679262146917356,0,0,0,0.06278746328020002,0.016587298831321484,-0.019443011988133294,Stable
CALCII GLUCONAS*,0.0,128290.83950000002,0.25397721698089737,1.0,0.06450442674536182,0,0,0,0.18417046162704087,0.7837631044409767,0.6044373410045746,Stable
CALCII PANTOTHENAS+CYANOCOBALAMINUM+NICOTINAMIDUM+PYRIDOXINUM+RIBOFLAVINUM+SILIMARINUM*+THIAMINUM,0.9333333333333333,3.9346666666666668,4.80622560131185,15.0,0.6066536353803643,0,56,0,0.1296876081716919,0.1553780148824302,,Potential discontinued
CALCITONINUM,0.9166666666666666,1.0898333333333334,4.080650818891912,12.0,0.470975925476936,0,55,0,0.11335159099097769,0.19548530949445508,,Potential discontinued
CALCITRIOLUM,0.65,142.18383333333333,2.442201315857334,2.857142857142857,1.4375215435113524,0,0,39,0.11036317129974482,0.4048895916550088,0.1915216396155244,Lumpy / volatile
CALENDULA OFFICINALIS*&,0.0,250741.35799999995,0.2974744547699827,1.0,0.08849105124069848,0,0,0,0.3061592818816984,0.845805957273509,0.6075088070522963,Stable
CALENDULA OFFICINALIS*&+CORIANDRUM SATIVUM*&+GLYCYRRHIZA GLABRA/URALENSIS*&+MELILOTUS OFFICINALIS*+SILYBUM MARIANUM*&,0.0,28.117166666666662,1.2382115699724436,1.0,1.533167892013624,0,0,0,0.05897601479207759,0.44466717748114337,0.5180582974224178,Lumpy / volatile
CALENDULA OFFICINALIS*&+MATRICARIA CHAMOMILLA*&+ACHILLEA MILLEFOLIUM*&,0.0,34516.596000000005,0.23802878671363706,1.0,0.05665770330436613,0,0,0,0.4474279529775428,0.4417112055042277,0.38196749461141716,Stable
CAMILOPHINUM+COFFEINUM*+ERGOTAMINUM+MECLOXAMINUM+PROPYPHENAZONUM,0.0,4031.8010000000004,0.6679181272872966,1.0,0.4461146247589693,0,0,0,0.10864328028573766,0.3045303056199985,0.2242192769767082,Stable
CAMPHORA*,0.0,50962.57583333333,0.22499791330255872,1.0,0.050624060990505725,0,0,0,0.2324996138789136,0.04280716653109795,0.02662534779944725,Stable
CAMPHORA*+CARYOPHYLLUS AROMATICUS*&+EUCALYPTUS VIMINALIS*&+MENTHOLUM*,0.0,17170.433833333333,0.22204914238127726,1.0,0.049305821632260736,0,0,0,0.5940938158280191,0.42245580790281045,0.5388258837189847,Seasonal
CAMPHORA*+CARYOPHYLLUS AROMATICUS*&+EUCALYPTUS VIMINALIS*&+MENTHOLUM*+OLEUM TEREBINTHINE*,0.8833333333333333,0.7044999999999999,5.77125944418485,8.571428571428571,3.0025341500774956,0,53,0,0.11897738711895756,0.19612106343328817,,Potential discontinued
CAMPHORA*+CHLOROBUTANOLUM+EUCALYPTUS VIMINALIS*&+HEXETIDINUM+MENTHOLUM*,0.06666666666666667,96.07050000000001,0.8013824025663117,1.0714285714285714,0.5327328381334241,0,0,4,0.21955120274521311,0.5512794767734832,0.48721215244874266,Stable
CAMPHORA*+CHLOROBUTANOLUM+EUCALYPTUS VIMINALIS*&+LEVOMENTHOLUM,0.8333333333333334,13.411666666666667,2.919569255714282,6.0,0.5873141064853405,0,50,0,0.07931528173542535,0.3974471826093291,,Potential discontinued
CAMPHORA*+CHLOROBUTANOLUM+EUCALYPTUS VIMINALIS*&+MENTHOLUM*,0.0,15297.956166666667,0.4314375483656692,1.0,0.18613835813977914,0,0,0,0.7248311775248336,0.34717177673689603,0.5650409671268868,Seasonal
CAMPHORA*+CINEOLUM+LEVOMENTHOLUM+OXYMETAZOLINUM,0.0,18073.78166666667,0.6879898769837786,1.0,0.4733300708321548,0,0,0,0.4937557189496835,0.8186635025367123,0.7169294559279477,Stable
CAMPHORA*+EUCALYPTUS VIMINALIS*&+LEVOMENTHOLUM+PINUS SILVESTRIS*&,0.0,1326.9423333333332,0.7164120302630169,1.0,0.5132461971055777,0,0,0,0.5588572407590575,0.45667260879469673,0.6608096348537054,Seasonal
CAMPHORA*+EUCALYPTUS VIMINALIS*&+MENTHOLUM*+METHYL SALICYLAT*+PINUS SILVESTRIS*&+THYMOL,0.0,7719.586666666667,0.49321176306963316,1.0,0.24325784323025595,0,0,0,0.744785457356597,0.01408634438424572,0.4849085930745317,Seasonal
CAMPHORA*+EUCALYPTUS VIMINALIS*&+MENTHOLUM*+MYRISTICA FRAGRANS*+OLEUM TEREBINTHINE*+THYMOL,0.0,27326.54033333333,0.5958441782477011,1.0,0.3550302847516782,0,0,0,0.8322891140779476,0.17081694245464574,0.6665364692229875,Seasonal
CAMPHORA*+LEVOMENTHOLUM+PINUS SILVESTRIS*&,0.4166666666666667,233.241,1.2801735518204505,1.7142857142857142,0.539325854955343,0,25,0,0.024689053859233256,0.7834603079629345,0.14820701474785722,Potential discontinued
CAMPHORA*+MENTHA PIPERITA+VALERIANA,0.0,6780.683,0.268267898092186,1.0,0.07196766514679949,0,0,0,0.31816366373064764,0.7360325666671711,0.8727416687096574,Stable
CAMPHORA*+PINUS SILVESTRIS*&+EUCALYPTUS VIMINALIS*&,0.0,4706.730333333335,0.57802785392532,1.0,0.33411619991351116,0,0,0,0.6480467096489766,0.1402299820735785,0.5367837374383495,Seasonal
CAMPHORA*+SPIRITUS AETHYLICUS*,0.0,51608.298500000004,0.46720812802841083,1.0,0.21828343489581192,0,0,0,0.08052031373126567,0.7737266531686942,0.6893810751727047,Stable
CAMPHORA*+SULFANILAMIDUM,0.3333333333333333,26.003500000000006,1.046493335995582,1.5,0.3967655348554415,13,0,7,0.15362423601200836,0.808543083869703,0.5244270253597682,Intermittent
CANDESARTANUM,0.0,33144.15216666667,0.17257372031919554,1.0,0.02978168894480793,0,0,0,0.6472834830356287,0.4469643077002652,0.5839901827426744,Seasonal
CANDESARTANUM+HYDROCHLOROTHIAZIDUM,0.0,12511.097333333335,0.1628718267972602,1.0,0.026527231964276726,0,0,0,0.5106624645046824,0.31959131442074384,0.2942538333025313,Seasonal
CAPECITABINUM,0.0,893.9906666666665,0.39764400702679636,1.0,0.1581207563243269,0,0,0,0.049053376724291,0.0014182685506225479,-0.3655033191629243,Stable
CAPSAICINUM+ETHYLIS NICOTINAS*+GLYCOL SALICYLATUM*,0.5666666666666667,1387.1918333333335,1.4372262389392894,2.3076923076923075,0.3284350134880832,0,34,0,0.040720736411582026,0.792529538443417,0.5437300562483817,Potential discontinued
CAPSELLA BURSA-PASTORIS MEDIC.*&,0.0,1408.458,0.49366365188795436,1.0,0.24370380119535137,0,0,0,0.37997530621374076,0.7397402869998244,0.7980881689213153,Stable
CAPSICUM ANNUUM*&,0.0,15978.7945,0.3566471806753456,1.0,0.1271972114836726,0,0,0,0.6214494628294316,0.7266788324525515,0.621995759865546,Seasonal
CAPSICUM ANNUUM*&+DIMETHYLIS SULFOXIDUM,0.0,9075.198666666669,0.5398589997626559,1.0,0.2914477396247354,0,0,0,0.5723990311973741,0.9069128581495715,0.8335672176322863,Seasonal
CAPTOPRILUM,0.0,104882.90983333332,0.21266315728864588,1.0,0.045225618467975334,0,0,0,0.7128491130000401,0.36818178003605784,0.6491386762364131,Seasonal
CAPTOPRILUM+HYDROCHLOROTHIAZIDUM,0.0,450164.1218333334,0.1943439369213996,1.0,0.03776956581810895,0,0,0,0.6465694650039651,0.05974824055018668,0.5181095957290144,Seasonal
CARBAMAZEPIN,0.0,87925.17616666667,0.13141590370964884,1.0,0.017270139747823696,0,0,0,0.3890563110828811,0.5692158392923856,0.3772425067834756,Stable
CARBAZOCHROMUM+TROXERUTINUM,0.26666666666666666,5660.672333333334,0.7074532695960564,1.3636363636363635,0.10035942768557704,16,0,0,0.024485340303406766,0.6324080211592279,0.31843683909969306,Intermittent
CARBETOCINUM,0.0,30.462000000000003,0.47605882787788373,1.0,0.22663200760046454,0,0,0,0.17801030315635313,0.0010088467175229932,-0.2540241939688602,Stable
CARBIDOPA+LEVODOPA*,0.0,17123.3235,0.14518459362798455,1.0,0.02107856622692301,0,0,0,0.3516728843859853,0.49047111654333975,0.2933275571460921,Stable
CARBIMAZOLE,0.0,2459.042166666667,0.15043053333704287,1.0,0.02262934536006717,0,0,0,0.30192429306882973,0.03333264771011235,-0.1906928097194999,Stable
CARBO ACTIVATUS MEDICINALIS*,0.0,743873.2109999998,0.3396990763947174,1.0,0.11539546250342407,0,0,0,0.15627187408978183,0.7060091788700762,0.43005972692147026,Stable
CARBOCISTEINUM,0.0,45948.944666666655,0.6420243519464717,1.0,0.4121952684922869,0,0,0,0.5018243029735775,0.27567837668111583,0.2626027095681599,Seasonal
CARBOMERUM,0.0,9929.16733333333,0.21979271781217738,1.0,0.04830883880326344,0,0,0,0.30269298064585426,0.7822461314683811,0.6487892997431972,Stable
CARBOPLATINUM,0.0,682.1826666666667,0.6066383224023554,1.0,0.3680100542071441,0,0,0,0.09132384159778983,0.1160057847802658,-0.13236933442173582,Stable
CARDIOSPERMUM HALICACABUM*&,0.0,350.65083333333337,0.27731570327260885,1.0,0.07690399928158165,0,0,0,0.44975555410226375,0.34002174405817853,0.20343794522231054,Stable
CARICA PAPAYA*&+CHYMOTRYPSINUM+TRYPSINUM*,0.9,0.043333333333333335,3.208900344373185,10.0,0.1297041420118343,1,50,3,0.1596094042180124,0.2388472724974634,,Potential discontinued
CARIPRAZINUM,0.26666666666666666,103.8215,0.7959038676179752,1.3636363636363635,0.1978728420921176,16,0,0,0.03235939165151558,0.7237360339154816,0.5426047612250776,Intermittent
CARNITINUM+COBAMAMIDUM*+COCARBOXYLASUM+LYSINUM+PYRIDOXALPHOSPHATUM*,0.0,41702.72116666667,0.429652625855136,1.0,0.18460137890421344,0,0,0,0.4841343037694148,0.4525664903338946,0.4338910823472094,Stable
CARNITINUM+LYSINUM,0.016666666666666666,3739.070166666667,0.4028555634351856,1.0169491525423728,0.14292106157416945,0,0,1,0.07126629800804651,0.2549235497194814,0.17652671454693133,Stable
CARUM CARVI*&,0.0,3031.0126666666665,0.35557679420074595,1.0,0.12643485657407963,0,0,0,0.6007229942404685,0.7639297102599438,0.8090406374383872,Seasonal
CARVEDILOLUM,0.0,226447.9676666666,0.11047596241383736,1.0,0.012204938271263606,0,0,0,0.40729429898892655,0.0071757167195384275,0.24023531142841356,Stable
CASPOFUNGINUM,0.95,0.007499999999999999,4.68013928251112,20.0,0.14518518518518522,26,15,16,0.17271515462671627,0.017171738539526582,-0.05772684512101255,Potential discontinued
CASSIA ACUTIFOLIA/ANGUSTIFOLIA*&,0.0,154707.0425,0.39881110816022,1.0,0.1590502999919827,0,0,0,0.1643478921154342,0.8315002999692912,0.8865836719541063,Stable
CASSIA ACUTIFOLIA/ANGUSTIFOLIA*&+NATRII PICOSULFAS,0.0,12121.661166666669,0.18652538940943114,1.0,0.034791720894339934,0,0,0,0.49839425353379496,0.24608984746068474,0.2786546122486608,Stable
CASSIA ACUTIFOLIA/ANGUSTIFOLIA*&+RHEUM*+SULFUR*+CARBO ACTIVATUS MEDICINALIS*,0.9666666666666667,0.3795,5.694009731824475,30.0,0.11405822753706125,4,46,8,0.17114105610340702,0.05214946662608244,-0.028752046116249902,Potential discontinued
CEFALEXINUM,0.0,1935.3431666666663,0.7569477557355222,1.0,0.5729699049130439,0,0,0,0.17850562228791844,0.7255239261315714,0.5323583520153448,Stable
CEFAZOLINUM,0.0,20497.01683333334,0.36362968291831554,1.0,0.13222654629927474,0,0,0,0.2633071598497283,0.5529257500547894,0.27419593701814654,Stable
CEFDINIRUM,0.3333333333333333,5012.747666666666,1.1721239853733303,1.5,0.5825830913916394,20,0,0,0.059856643232073625,0.6762432471164741,0.02943518985524921,Lumpy / volatile
CEFDITORENUM,0.5,6.786666666666666,1.5639825114000974,2.0,0.7230206479826774,0,28,2,0.1483876600611993,0.6595019358558207,0.23652008423691073,Potential discontinued
CEFEPIMUM,0.0,137357.36316666665,1.0075174300006449,1.0,1.0150913717551042,0,0,0,0.18758802541376762,0.28679069874796714,0.20514628032847826,Lumpy / volatile
CEFEPIMUM+SULBACTAMUM,0.6833333333333333,244.59250000000003,1.8222711077432647,3.1578947368421053,0.36821279687002434,41,0,0,0.011676539118456564,0.6614671080952941,0.6274843788950835,Intermittent
CEFIXIMUM,0.0,83357.67283333333,0.3895744063288726,1.0,0.15176821806649354,0,0,0,0.4670078906667786,0.025337740338573833,0.1403823732115038,Stable
CEFOPERAZONUM,0.0,25528.37316666667,0.8821293422671059,1.0,0.7781521764885969,0,0,0,0.2752976119155548,0.8074163593523577,0.563505295855125,Stable
CEFOPERAZONUM+SULBACTAMUM,0.0,82998.90116666666,0.9197863915154272,1.0,0.8460070060169708,0,0,0,0.18214105178581108,0.33013721353606507,0.18811580741407283,Stable
CEFOTAXIMUM,0.0,42845.83383333333,0.6418626599951669,1.0,0.41198767429607114,0,0,0,0.4474033049388335,0.8131004134599312,0.7123428741111324,Stable
CEFPODOXIMUM,0.0,59346.61933333333,0.4933652960369687,1.0,0.24340931533364576,0,0,0,0.44654818914222705,0.21142145411346347,0.2281437765899909,Stable
CEFTAZIDIMUM,0.0,86181.51083333333,0.7034659388257437,1.0,0.49486432708798506,0,0,0,0.33218464485980026,0.6103239691848419,0.4301391971991149,Stable
CEFTRIAXONUM,0.0,944195.287,0.5575868441397639,1.0,0.31090308875774136,0,0,0,0.32982676031327396,0.6732018324913684,0.5097603984346107,Stable
CEFTRIAXONUM+SULBACTAMUM,0.0,47819.726833333334,0.8139274018102517,1.0,0.6624778154175871,0,0,0,0.30906513903672406,0.5673360184211359,0.40297587183797545,Stable
CEFTRIAXONUM+TAZOBACTAMUM,0.13333333333333333,5605.571166666667,1.1956345163626565,1.1538461538461537,1.1056029771553952,8,0,0,0.08286032032695179,0.3032918342322658,0.13451663355475194,Lumpy / volatile
CEFUROXIMUM,0.0,51929.585166666664,0.48383106334701276,1.0,0.23409249785950106,0,0,0,0.39816881133690085,0.5257124519639086,0.43742540160203425,Stable
CELECOXIBUM,0.0,8007.772666666667,0.2801665340226807,1.0,0.0784932867862819,0,0,0,0.10604759649701923,0.30656830176888616,-0.005668435692677416,Stable
CENTAURIUM VULG. RAF./PULCHELLUM (SWARTZ) DRUCE*&+LEVISTICUM OFFICINALE&+ROSMARINUS OFFICINALIS*&,0.0,147535.27583333338,0.13744482428092802,1.0,0.01889107972161518,0,0,0,0.5968935832782567,0.06105708582500147,0.4255084799391357,Seasonal
CENTAURIUM VULGARE RAF./PULCHELLUM (SWARTZ) DRUCE*&,0.0,1485.3468333333328,0.3181915777272936,1.0,0.10124588013658435,0,0,0,0.7160301211015345,0.74758324029247,0.7918092872893117,Seasonal
CERULOPLASMINUM*,0.4166666666666667,47.6695,1.2383043167696117,1.7142857142857142,0.4778152555426487,0,25,0,0.08449863484219333,0.8421982548818938,0.5157137505861507,Potential discontinued
CETIRIZINUM,0.0,131332.80849999998,0.2391873829501705,1.0,0.05721060416255151,0,0,0,0.7500508501492111,0.06197884865343062,0.597495059344841,Seasonal
CETIRIZINUM+CHLORPHENAMINUM+DEXTROMETHORPHANUM+PARACETAMOLUM,0.0,35130.09866666666,0.511896561985879,1.0,0.26203809017296287,0,0,0,0.7785809796261977,0.04161546055156562,0.5533711582398844,Seasonal
CETIRIZINUM+PARACETAMOLUM,0.9666666666666667,0.020833333333333332,5.399585169251432,30.0,0.00518400000000001,13,45,0,0.16647949764976078,0.02160629624654653,-0.043244335338025464,Potential discontinued
CETIRIZINUM+PARACETAMOLUM+PHENYLEPHRINUM,0.0,34704.69616666667,1.0222700522635826,1.0,1.045036059754988,0,0,0,0.6508726559691818,0.47064984370289775,0.7455693764764929,Seasonal
CETRARIA ISLANDICA*&,0.0,143307.95766666668,0.5430579616839264,1.0,0.29491194974830093,0,0,0,0.5267228867280505,0.29013003487626055,0.2663813608920618,Seasonal
CETRORELIXUM,0.5,5.961,1.405699249515461,2.0,0.48799519004416514,10,0,20,0.16954321025378893,0.5547447438220607,0.30691107755558317,Intermittent
CETUXIMABUM,0.6666666666666666,4.348166666666667,1.8132594344597335,3.0,0.4293032588857444,0,3,37,0.1554938506987853,0.18639265445223552,0.02002189029847265,Intermittent
CETYLPYRIDINII CHLORIDUM,0.6,23.264166666666664,3.122118835693116,2.5,3.2990504096758952,0,28,8,0.12329634842253434,0.5696792866693541,0.6082042190464086,Potential discontinued
CETYLPYRIDINII CHLORIDUM+MURAMIDASE,0.23333333333333334,1336.2641666666666,1.1882188638231945,1.3043478260869565,0.8490957857313841,14,0,0,0.01345806174958497,0.4814738176440515,0.2548460766560639,Lumpy / volatile
CHELIDONIUM MAJUS*&,0.0,7313.781666666666,0.36940842117882317,1.0,0.13646258163783082,0,0,0,0.7150333531177515,0.8443026755322929,0.855141770228951,Seasonal
CHLORAMBUCILUM,0.03333333333333333,83.1275,0.4636984053786273,1.0344827586206897,0.17451567077899238,0,0,2,0.12761007884466302,0.11427515362794693,-0.029657787187685625,Stable
CHLORAMPHENICOLUM,0.0,303567.7731666667,0.2152173896321391,1.0,0.04631852480007199,0,0,0,0.4168769112104974,0.7226807039706372,0.45833358735786284,Stable
CHLORAMPHENICOLUM+HYDROCORTISONUM+METRONIDAZOLUM+NYSTATINUM,0.5833333333333334,206.4698333333333,2.056068010473509,2.4,1.1780898598718723,0,35,0,0.024747618223403545,0.7404002441859734,0.6567935875450513,Potential discontinued
CHLORAMPHENICOLUM+LIDOCAINUM+METRONIDAZOLUM,0.0,998.3066666666666,0.32852737433939067,1.0,0.10793023569033414,0,0,0,0.07148059186715672,0.5499148423962641,0.3087816268901317,Stable
CHLORAMPHENICOLUM+METHYLURACILUM*,0.0,228913.833,0.13473635644205303,1.0,0.018153885747279972,0,0,0,0.584362889010108,0.2677285885410503,0.3184266856754349,Seasonal
CHLORAMPHENICOLUM+METHYLURACILUM*+SULFADIMETHOXINUM+TRIMECAINUM,0.0,10523.022333333332,0.19046146348091642,1.0,0.03627556907129246,0,0,0,0.24868494652011397,0.48020191109786015,0.13749916468237894,Stable
CHLORHEXIDINUM,0.0,377867.03033333336,0.4023739336630059,1.0,0.16190478249144108,0,0,0,0.2390349268312355,0.4555839256206863,0.07979733031019219,Stable
CHLORHEXIDINUM+CHLOROCRESOLUM+HEXAMIDINUM,0.0,12868.923166666667,0.2327682936444344,1.0,0.05418107852614164,0,0,0,0.13653962666446307,0.027830629103593907,-0.4661422834573043,Stable
CHLORHEXIDINUM+DEXPANTHENOLUM,0.0,37563.532,0.22197843370459747,1.0,0.04927442502994637,0,0,0,0.7667687154956443,0.33747048856288053,0.6520896912555549,Seasonal
CHLORHEXIDINUM+LIDOCAINUM,0.0,13693.982666666665,0.7486317482341088,1.0,0.5604494944640579,0,0,0,0.45262161253016486,0.7015386291826249,0.7621375575601923,Stable
CHLORHEXIDINUM+LIDOCAINUM+TYROTHRICINUM,0.0,50333.68883333334,0.6879693184957961,1.0,0.47330178319157,0,0,0,0.05622129524123687,0.07358459141039109,-0.025533529082683738,Stable
CHLORHEXIDINUM+METRONIDAZOLUM,0.0,52939.191499999986,0.13796445455023565,1.0,0.019034190719344042,0,0,0,0.43755560068895416,0.1771340332532252,0.18471267425020482,Stable
CHLORIN E6*,0.95,0.009166666666666667,4.432598998815201,20.0,0.03239669421487603,21,23,13,0.1590870509639375,0.000428508221419599,-0.06443985258718031,Potential discontinued
CHLORMADINONUM + ETHINYLESTRADIOLUM,0.0,7008.605,0.1479054837132353,1.0,0.02187603211244612,0,0,0,0.21258069495626308,0.06003350556827003,-0.22634953743612093,Stable
CHLORNITROPHENOLUM*,0.0,6878.119666666666,0.2944254057545794,1.0,0.08668631955374871,0,0,0,0.17661261382457638,0.23364398176156664,0.0634362981774371,Stable
CHLOROBUTANOLUM+CHOLINI SALICYLAS+HEXETIDINUM,0.0,106204.62066666667,0.3714248512421875,1.0,0.13795642012028111,0,0,0,0.5918538965195527,0.04459322215137784,0.3851536140996801,Seasonal
CHLOROPYRAMINUM,0.0,95918.12850000002,0.16885254439846037,1.0,0.028511181749834025,0,0,0,0.2583140092127755,0.13612887127772244,-0.275547319304578,Stable
CHLOROQUINUM,0.8,134.71416666666667,2.1536085336859436,5.0,0.127605943272984,0,48,0,0.02943152647798475,0.477433752353165,,Potential discontinued
CHLORPHENAMINUM+COFFEINUM*+DEXTROMETHORPHANUM+PARACETAMOLUM+PHENYLEPHRINUM,0.0,26373.871833333338,0.6067410033554173,1.0,0.36813464515273836,0,0,0,0.8052248903617878,0.15550666135616953,0.606498681061749,Seasonal
CHLORPHENAMINUM+COFFEINUM*+PARACETAMOLUM+PHENYLEPHRINUM,0.0,168657.6231666667,0.5614752323831352,1.0,0.31525443657969565,0,0,0,0.8395718475100125,0.05756258496679534,0.6707075194803919,Seasonal
CHLORPHENAMINUM+COFFEINUM*+PARACETAMOLUM+PHENYLPROPANOLAMINUM,0.0,11508.743166666665,1.9175446266951544,1.0,3.6769773953674587,0,0,0,0.07857049271632333,0.01700959069728314,0.596522279365188,Lumpy / volatile
CHLORPHENAMINUM+DEXTROMETHORPHANUM+PARACETAMOLUM+PHENYLEPHRINUM,0.9833333333333333,0.017833333333333333,7.681145747868605,60.0,0.0,9,50,0,0.2023041335915784,0.0433160422208031,,Potential discontinued
CHLORPHENAMINUM+PARACETAMOLUM+PHENYLEPHRINUM,0.0,84689.20183333333,0.6372612949807385,1.0,0.40610195808052774,0,0,0,0.7573827792669077,0.03088411655140233,0.59781469301437,Seasonal
CHLORPHENAMINUM+PARACETAMOLUM+PSEUDOEPHEDRINUM,0.9333333333333333,0.06816666666666668,5.357402291704842,15.0,0.9801172876776201,10,35,11,0.20255401636283343,0.08134094707533002,0.006751357386476985,Potential discontinued
CHLORPHENAMINUM+PHENYLEPHRINUM,0.0,29342.818999999996,0.5190174284736917,1.0,0.26937909105944374,0,0,0,0.5261592628757629,0.04897740687927277,0.24899683665043754,Seasonal
CHLORPROMAZINE,0.0,20174.064,0.16430808279418477,1.0,0.026997146071500673,0,0,0,0.35355199215409794,0.8455078073704476,0.7603692626666823,Stable
CHLORPROTHIXENE,0.0,4960.057833333333,0.12298316680574038,1.0,0.015124859317568563,0,0,0,0.5307980647797433,0.17102783952979572,0.342235185495482,Seasonal
CHLORQUINALDOLUM,0.0,3025.5640000000003,0.40721617045971187,1.0,0.16582500948387313,0,0,0,0.40956304842238367,0.692971299632315,0.6762867601198304,Stable
CHLORQUINALDOLUM+METRONIDAZOLUM,0.7166666666666667,5.403333333333333,1.8852436100860903,3.5294117647058822,0.29034064965495676,0,43,0,0.0974528714921633,0.5651838680121597,0.3626170814209757,Potential discontinued
CHLORTALIDONUM,0.0,2597.8891666666664,0.6819864838971748,1.0,0.4651055642184314,0,0,0,0.08540758728329834,0.912902242561314,0.8288606689537211,Stable
CHLORZOXAZONE+DICLOFENACUM+PARACETAMOLUM,0.2,538.7513333333334,1.5663794190255829,1.25,1.762835587477538,0,0,12,0.015290151696840448,0.057169209702301105,-0.14320356406241896,Lumpy / volatile
CHOLE MEDICATA CONSERVATA*,0.0,3967.8048333333336,0.19234316019775158,1.0,0.03699589127485793,0,0,0,0.18000884133268769,0.2532956973890018,-0.08145904413593298,Stable
CHOLE MEDICATA CONSERVATA*+HEMICELLULASE*+PANCREATINUM*,0.0,2693.2383333333332,0.26582934381174,1.0,0.07066524003138028,0,0,0,0.4579201492604972,0.0018518979495443233,0.37550129925857106,Stable
CHOLINI ALFOSCERAS,0.0,59238.97616666667,0.26016241102392373,1.0,0.06768448010978105,0,0,0,0.1271502210821649,0.2538032372015444,-0.2241297918755841,Stable
CHOLINI SALICYLAS,0.0,3795.985333333333,0.372338880195731,1.0,0.13863624170541095,0,0,0,0.41236393772745494,0.7522311013908015,0.598205658084699,Stable
CHOLINI SALICYLAS+CETALKONII CHLORIDUM,0.0,13242.667833333333,0.17466249734446226,1.0,0.03050698797860429,0,0,0,0.21017098502917497,0.01944564609748556,-0.3566706887949923,Stable
CHONDROITINI SULFAS*,0.0,41913.72333333334,0.3111403904265364,1.0,0.09680834255477751,0,0,0,0.3312922666158262,0.8819460160832949,0.6844506044148555,Stable
CHONDROITINI SULFAS*+DICLOFENACUM+GLUCOSAMINUM,0.0,17815.987333333334,0.1271454572970122,1.0,0.016165967311266356,0,0,0,0.12665646312703327,0.10583240021435947,-0.4064578886125404,Stable
CHONDROITINI SULFAS*+GLUCOSAMINUM,0.0,44086.630666666664,0.1672807105012319,1.0,0.02798283610579695,0,0,0,0.32643639192506,0.4202488757382503,0.15587582953100898,Stable
CHONDROITINI SULFAS*+GLUCOSAMINUM+IBUPROFENUM,0.0,10045.130999999998,0.29974840080709875,1.0,0.0898491037864131,0,0,0,0.10107573774563083,0.34182947463001223,0.21914804816034691,Stable
CHONDROITINI SULFAS*+LEVOMENTHOLUM,0.016666666666666666,1604.5146666666667,0.9882483605150212,1.0169491525423728,0.9436909083596168,0,1,0,0.046890393466043956,0.728813388502723,0.36363507207222373,Stable
CHORIOGONADOTROPINUM ALFA,0.45,173.56333333333336,1.2529064229694464,1.8181818181818181,0.4133759775949515,3,0,24,0.058911626434651976,0.797871826517868,0.5541465314579975,Intermittent
CHYMOTRYPSINUM,0.0,705.6688333333333,0.2628447326619089,1.0,0.06908735348811036,0,0,0,0.21162075175733563,0.41709972673339946,-0.0759248676403264,Stable
CICLOPIROXUM,0.5166666666666667,357.9823333333333,1.336262829325471,2.0689655172413794,0.34637253536784124,31,0,0,0.02906741828309234,0.8136306892825189,0.8539020223742053,Intermittent
CICLOSPORINUM,0.0,585.9184999999998,0.4243129320878352,1.0,0.18004146433697585,0,0,0,0.2828247688792572,0.005206550060501747,-0.24472221069888112,Stable
CILOSTASOLUM,0.0,8527.054,0.17889840631630358,1.0,0.03200463978251325,0,0,0,0.22747168970182585,0.6766682033534063,0.3052339706904215,Stable
CIMICIFUGA RACEMOSA*&,0.0,10717.051000000001,0.15777548552191126,1.0,0.02489310383167483,0,0,0,0.2755786889605748,0.007351271986071883,-0.17542696730740737,Stable
CINACALCET,0.016666666666666666,36.00249999999999,0.679701453994063,1.0169491525423728,0.43762749878561574,0,0,1,0.10702155568133187,0.3802287267526423,0.06623347591370093,Stable
CINCHOCAINUM+DEQUALINII CHLORIDUM,0.0,210469.91283333334,0.4581731911529428,1.0,0.20992267309127108,0,0,0,0.660823237034128,0.06464470565221447,0.4759433232797725,Seasonal
CINEOLUM,0.0,1022.7463333333334,0.7341884780464086,1.0,0.5390327212961017,0,0,0,0.5129223824273061,0.21252956430649028,0.26031100639325866,Seasonal
CINNARIZINUM,0.0,132831.91633333333,0.12004123516462675,1.0,0.014409898139849223,0,0,0,0.4910579147896691,0.4855550239331897,0.34828373804512586,Stable
CINNARIZINUM+DIMENHYDRINATUM,0.0,16811.678499999998,0.27241719551256355,1.0,0.07421112841093025,0,0,0,0.10858006129147324,0.015937094000433194,-0.45431617447851025,Stable
CINNARIZINUM+PIRACETAMUM,0.0,43645.31616666667,0.15684690659310935,1.0,0.024600952107827572,0,0,0,0.5846162007261793,0.773505333479501,0.6218800440605475,Seasonal
CIPROFLOXACINUM,0.0,179983.3431666667,0.23400743308154687,1.0,0.05475947873741464,0,0,0,0.3508576068509578,0.6151372960241481,0.4095096893377806,Stable
CIPROFLOXACINUM+DEXAMETHASONUM,0.0,16330.911,0.2635273888042296,1.0,0.0694466846499756,0,0,0,0.23782925255786214,0.11327731796837559,-0.2783503918133974,Stable
CIPROFLOXACINUM+ORNIDAZOLUM,0.0,12661.17183333333,0.19660136662994823,1.0,0.03865209736076331,0,0,0,0.28839682537598055,0.1481534126772901,-0.013742245696036302,Stable
CIPROFLOXACINUM+TINIDAZOLUM,0.0,13797.134333333333,0.24056319165052467,1.0,0.05787064917708706,0,0,0,0.13398405002496616,0.017580619854700608,-0.035574743412857004,Stable
CISPLATINUM,0.0,580.4600000000002,0.7214067135944096,1.0,0.5204276464190865,0,0,0,0.08502012831438777,0.06432334070010448,0.10340367729005079,Stable
CITALOPRAM,0.0,376.15366666666665,0.16830156237902089,1.0,0.028325415899219455,0,0,0,0.1848439489334337,0.08809797483191151,-0.1916476167842523,Stable
CITICOLINUM,0.0,101542.6476666667,0.1551135182537189,1.0,0.02406020354504679,0,0,0,0.30282800136286536,0.019932891478734893,-0.2094521016560891,Stable
CITRULLINUM*,0.0,2237.3103333333333,0.31925396342696577,1.0,0.1019230931638264,0,0,0,0.18861028810778258,0.17840640044837663,-0.09264102158598372,Stable
CLADRIBINUM,0.9833333333333333,0.05633333333333333,7.681145747868608,60.0,0.0,55,4,0,0.19060759416334894,0.04331604222080454,,Launch / lifecycle
CLARITHROMYCINUM,0.0,49644.18383333333,0.4878746074530577,1.0,0.2380216325974752,0,0,0,0.49843977705555187,0.4750664562913197,0.4674015686932049,Stable
CLARITHROMYCINUM+LANSOPRAZOLUM+TINIDAZOLUM,0.0,2911.2653333333337,0.28710363228006136,1.0,0.0824284956684047,0,0,0,0.4105341854058765,0.0064617367088606326,0.12714114305998173,Stable
CLEMASTINUM,0.0,16017.118499999999,0.4523124429409925,1.0,0.20458654603924858,0,0,0,0.19107681006772104,0.5616499921386131,0.5176216939417193,Stable
CLINDAMYCINUM,0.0,25708.792666666668,0.19187854234447863,1.0,0.03681737501224188,0,0,0,0.28550963701168,0.44195118883559414,0.11989712012368406,Stable
CLINDAMYCINUM+CLOTRIMAZOLUM,0.6,14.345833333333333,1.4047464104159888,2.5,0.18932499103064224,0,36,0,0.20079886152486415,0.716940161338302,0.44646631586753277,Potential discontinued
CLINDAMYCINUM+MICONAZOLUM,0.08333333333333333,491.7185,0.6926161445521914,1.0909090909090908,0.3564073633864803,0,3,2,0.06707077147562235,0.624090112873342,0.8765903673793787,Stable
CLIOQUINOLUM+FLUMETASONUM,0.0,5582.417166666668,0.12789113972385852,1.0,0.0163561436198675,0,0,0,0.32746889329025874,0.6314121716223731,0.4712218457594381,Stable
CLOBETASOLUM,0.0,39835.85899999999,0.11222674311658652,1.0,0.0125948418705563,0,0,0,0.32932778763468873,0.3524698533317381,0.06688750527476622,Stable
CLOMIFENUM,0.0,807.536,0.21387411776266563,1.0,0.04574213824875857,0,0,0,0.26746518599819025,0.17221121361064917,0.08392836727586281,Stable
CLOMIPRAMINUM,0.0,2714.1270000000004,0.2678086861894617,1.0,0.07172149239852556,0,0,0,0.1957526056563852,0.10507888814927002,-0.07263057809709421,Stable
CLONAZEPAMUM,0.0,1134.7573333333335,0.17331996793090326,1.0,0.03003981128356934,0,0,0,0.2444178159238637,1.0299363469190581e-05,0.09626097689381338,Stable
CLONIDINUM,0.0,18037.159999999996,0.34536009889908054,1.0,0.11927359791158268,0,0,0,0.7361569999444768,0.9420219061805344,0.9150929375829753,Seasonal
CLOPAMIDUM+DIHYDROERGOCRYSTIN+RESERPINUM,0.0,12316.192333333334,0.26754594589593533,1.0,0.07158083316535077,0,0,0,0.4441170155576857,0.8480814915093369,0.7687709352329231,Stable
CLOPERASTINUM,0.5833333333333334,6.187666666666667,1.652628407726082,2.4,0.5546586058430191,0,35,0,0.18933022265167898,0.7300296545384766,0.532726171915196,Potential discontinued
CLOPIDOGRELUM,0.0,343728.7906666667,0.2297144721571519,1.0,0.05276873871843893,0,0,0,0.17358255605373696,0.04556430823471036,0.23443778391952966,Stable
CLOTRIMAZOLUM,0.0,164064.8653333333,0.10805578580030457,1.0,0.011676052844921302,0,0,0,0.3893934678471057,0.28929643974321095,0.20372237400267842,Stable
CLOTRIMAZOLUM+HEXAMIDINUM+PREDNISOLONUM,0.8333333333333334,4.42,2.891287141535324,6.0,0.5599235558012509,0,50,0,0.03590930481431831,0.3746074124131088,,Potential discontinued
CLOTRIMAZOLUM+METRONIDAZOLUM+NEOMYCINUM,0.9333333333333333,3.361166666666667,4.119230733898688,15.0,0.1978707892730352,0,56,0,0.12372149789374964,0.17050152574003252,,Potential discontinued
CLOZAPINUM,0.0,18570.948333333337,0.10508548242081715,1.0,0.01104295861561587,0,0,0,0.44295594159642626,0.18653032132344116,0.3780243960089957,Stable
CLYCINE MAX&,0.9333333333333333,0.09233333333333334,3.742519375577204,15.0,0.00043008510471920474,1,41,14,0.13969944777828136,0.13224827540722162,-0.04396963600360234,Potential discontinued
CMP DISODIUM SALT*+UMP DISODIUM SALT*,0.0,32010.966333333337,0.17337147131404185,1.0,0.03005766706559564,0,0,0,0.2552198199950445,0.20554202226587992,0.06046359801815643,Stable
CO-TRIMOXAZOLUM*,0.0,58211.22883333334,0.3484067113640689,1.0,0.12138723652352564,0,0,0,0.6216069666828097,0.5027027284897398,0.44974541314313543,Seasonal
COBIMETINIBUM,0.2,0.3918333333333333,4.2666682666134585,1.25,14.36356647786104,3,7,2,0.15586569145181506,0.00026652115443348556,-0.053574783410705644,Potential discontinued
COCARBOXYLASUM,0.0,12518.298,0.3382085614284027,1.0,0.11438503102346965,0,0,0,0.2745332494867915,0.6459737340862846,0.26848124904624526,Stable
CODEINUM*+CHLORPHENAMINUM,0.85,20.192999999999998,5.68517269093397,6.666666666666667,3.9981782788612046,0,50,1,0.10108220044563887,0.29822059824753644,,Potential discontinued
CODEINUM*+COFFEINUM*+METAMIZOLUM NATRICUM+PARACETAMOLUM+PHENOBARBITALUM,0.0,119428.64983333331,0.26981763341952125,1.0,0.07280155530411116,0,0,0,0.25459641768068797,0.9381564601438918,0.8881031969482169,Stable
CODEINUM*+COFFEINUM*+PARACETAMOLUM,0.0,12305.070499999998,0.374940111067665,1.0,0.14058008688743295,0,0,0,0.28615424663213085,0.36656035652592434,0.3146124496329231,Stable
CODEINUM*+COFFEINUM*+PARACETAMOLUM+PHENOBARBITALUM+PROPYPHENAZONUM,0.0,34730.24,0.19271188486918925,1.0,0.03713787056983566,0,0,0,0.11576482269158661,0.5783247228550947,0.3910607727944314,Stable
CODEINUM*+COFFEINUM*+PARACETAMOLUM+PROPYPHENAZONUM,0.9666666666666667,0.22316666666666668,5.41684062115691,30.0,0.011405410500518423,0,51,7,0.18108196379382802,0.08630311189388051,,Potential discontinued
CODEINUM*+IBUPROFENUM,0.0,921.1548333333333,0.4017739645191768,1.0,0.1614223185654567,0,0,0,0.07794345115820978,0.5394416053503128,0.3294546311392584,Stable
CODEINUM*+MORPHINUM*+NOSCAPINUM+PAPAVERINUM*,0.7333333333333333,24.342000000000002,7.038888072685229,3.75,12.478918746610768,15,0,29,0.17075632972314803,0.07775966459136208,-0.07567626048588243,Lumpy / volatile
CODEINUM*+MORPHINUM*+NOSCAPINUM+PAPAVERINUM*+TEBAINUM*,0.0,361.60549999999995,0.46066143077502897,1.0,0.21220895380369678,0,0,0,0.13010354525238832,0.26422700596979365,-0.046635696013010874,Stable
CODEINUM*+NATRII HYDROCARBONAS*+THERPINI HYDRAS,0.0,232690.07666666666,0.6023864212148723,1.0,0.3628694004640615,0,0,0,0.11865577247360692,0.6730761944645133,0.3604491836629503,Stable
CODEINUM*+PARACETAMOLUM,0.0,103.6955,0.5889766144693706,1.0,0.3468934523918016,0,0,0,0.11437295327678132,0.22012114585088938,0.20402547603002474,Stable
COFFEINUM*,0.0,49586.33883333333,0.17411976285168168,1.0,0.030317691815525873,0,0,0,0.5564190959086998,0.18520780875497356,0.2753849220212747,Seasonal
COFFEINUM*+IBUPROFENUM+PARACETAMOLUM,0.0,38983.71733333334,0.14515238714555628,1.0,0.02106921549405346,0,0,0,0.39525366769513437,0.3628913378698386,0.2135923673909527,Stable
COFFEINUM*+INDOMETACINUM+PROCHLORPERAZINUM,0.95,0.11883333333333333,4.8273442144990995,20.0,0.21516260826289565,8,47,2,0.17066715580912473,0.0723669700602727,-0.033965653680096825,Potential discontinued
COFFEINUM*+METAMIZOLUM NATRICUM,0.0,7336.294666666668,0.2414045894177196,1.0,0.05827617579193778,0,0,0,0.3657804541135098,0.8094037567987524,0.6489290268073359,Stable
COFFEINUM*+METAMIZOLUM NATRICUM+THIAMINUM,0.0,47139.16366666668,0.1573788784795882,1.0,0.024768111391492986,0,0,0,0.24497559934296542,0.4894369584621312,0.17249752334804327,Stable
COFFEINUM*+NAPROXENUM+SALICYLAMIDUM,0.8,102.16516666666666,2.4980174224032594,5.0,0.44801820852604507,0,48,0,0.011843429268609151,0.5006692428062858,,Potential discontinued
COFFEINUM*+PARACETAMOLUM,0.0,210667.28333333335,0.19740051817555812,1.0,0.038966964575978855,0,0,0,0.2115463641809171,0.28673468172384287,0.1977893608492808,Stable
COFFEINUM*+PARACETAMOLUM+PROPYPHENAZONUM,0.18333333333333332,212.0305,0.9954238015685388,1.2244897959183674,0.6258759781954817,0,5,6,0.036292318491086384,0.7951988132754129,0.7662790948031808,Stable
COLCHICINUM*,0.16666666666666666,2861.8970000000004,0.7822823475110664,1.2,0.3433047260228541,10,0,0,0.027024513063446887,0.6856225546733901,0.7055199968374714,Stable
COLECALCIFEROLUM,0.0,54230.71433333333,0.43563616643258934,1.0,0.18977886950408265,0,0,0,0.8033143184101594,0.08815795591128839,0.7148412532511041,Seasonal
COLESTYRAMINUM,0.0,138.07833333333335,0.30637696356713323,1.0,0.09386684380461649,0,0,0,0.13188664657434523,0.1442071683351499,-0.2920882343197793,Stable
COLISTIMETHATUM NATRICUM,0.0,327.91700000000003,0.5099320681492661,1.0,0.2600307141269878,0,0,0,0.13797108549232062,0.000825932048410194,-0.09829879813100474,Stable
COLISTINUM,0.55,49.96399999999999,1.4224382416702934,2.2222222222222223,0.3604987481147343,33,0,0,0.08843296494902719,0.7798435139001365,0.5760240918021413,Intermittent
CONVALLARIA MAJALIS/TRANSCAUCASICA UTKIN EX GROSSH./KEISKEI MIG.*&,0.0,6786.1155,0.41361066690751414,1.0,0.17107378377967858,0,0,0,0.5094621358095424,0.8960398899533242,0.7588157928150443,Seasonal
COPPER GLUCONATE*+FERRI GLUCONAS*+MANGANESE GLUCONATE*,0.0,6994.119500000001,0.1435272520079248,1.0,0.020600072068946353,0,0,0,0.18332418564065367,0.04344471279210127,-0.14814868866786887,Stable
CORIANDRUM SATIVUM*&+HELICHRYSUM ARENARIUM*&+MENTHA PIPERITA+MENYANTHES TRIFOLIATA&,0.0,1511.9646666666667,0.332772668275245,1.0,0.11073764875102624,0,0,0,0.8259367261286302,0.8825652751953235,0.8693375240542665,Seasonal
CORIFOLLITROPIN ALFA,0.11666666666666667,17.291,2.590175406108513,1.1320754716981132,5.809624293728302,0,0,7,0.15511650651911535,0.008663606116323108,-0.06707030303138807,Lumpy / volatile
CORTEXINUM*,0.3333333333333333,112.08899999999998,1.8380829232511604,1.5,1.9190325551650222,0,20,0,0.1155438794436554,0.8181150655724634,0.25164168924483643,Potential discontinued
CRATAEGUS L.*&,0.0,1144638.3244999999,0.38103821789084963,1.0,0.1451901234934346,0,0,0,0.11749866762840422,0.9147224365816795,0.8849939140658513,Stable
CRATAEGUS L.*&+GINKGO BILOBA*&+VISCUM ALBUM*,0.0,4244.2075,0.32389269250341934,1.0,0.10490647625711455,0,0,0,0.33172590271207525,0.24088402710890378,0.1648992888025089,Stable
CRATAEGUS L.*&+HERBA MELISSAE+HUMULUS LUPULUS*&,0.95,0.09949999999999999,4.891159851625947,20.0,0.24617223470787775,2,17,38,0.16321225973589049,0.002923400584274871,-0.042977885511503236,Potential discontinued
CRATAEGUS L.*&+HERBA MELISSAE+LEONURUS CARDIACA/QUINQUELOBATUS GILIB.*&+VALERIANA OFFICINALIS*&,0.0,24532.985666666667,0.35427964100202847,1.0,0.12551406402852622,0,0,0,0.6273046800198159,0.4453116075951987,0.44791658104639065,Seasonal
CRATAEGUS L.*&+LEONURUS CARDIACA/QUINQUELOBATUS GILIB.*&+MENTHA PIPERITA+VALERIANA OFFICINALIS*&,0.0,3709.3466666666664,0.5617894694237222,1.0,0.3156074079553874,0,0,0,0.07828384584838888,0.15314940410323452,0.11479970094041167,Stable
CRATAEGUS L.*&+PASSIFLORA INCARNATA*&,0.23333333333333334,956.0134999999999,1.0544470204928051,1.3043478260869565,0.6190915312533849,0,14,0,0.01880496432560952,0.49950706428333413,0.300854772405217,Potential discontinued
CRATAEGUS L.*&+VALERIANA OFFICINALIS*&+LEONURUS CARDIACA/QUINQUELOBATUS GILIB.*&,0.0,103637.09383333335,0.18934103215540424,1.0,0.035850026457673816,0,0,0,0.6101678699432294,0.05607842813386221,0.4614190846412806,Seasonal
CRATAEGUS L.+LEONURUS CARDIACA/QUINQUELOBATUS GILIB.+TAURINUM,0.0,46203.24233333333,0.3286425014178925,1.0,0.10800589373820947,0,0,0,0.752224282478289,0.2855774888943561,0.6324736582924954,Seasonal
CRATAEGUS+VALERIANA+QUERCUS+HYPERICUM+MATRICARIA+THYMUS+ACHILLEA*&,0.6,47.30616666666666,2.072348304407475,2.5,1.117850997912214,19,17,0,0.021994777735428017,0.009008637230533023,0.025889287658891428,Potential discontinued
CRIDANIMODUM,0.0,8078.478666666667,0.9366057334933926,1.0,0.877230300012696,0,0,0,0.22251627483049363,0.8151572754323257,0.7732054336462942,Stable
CRIZOTINIBUM,0.0,15.15033333333333,0.7255634861562604,1.0,0.526442372443226,0,0,0,0.11275357218633764,0.09422607038599828,0.016028279715456662,Stable
CUCURBITA PEPO/MAXIMA/MOSCHATA*&,0.0,5609.877166666668,0.26412872535423404,1.0,0.06976398355725238,0,0,0,0.3936312171612054,0.3527285095936826,0.42080455478992745,Stable
CURCUMA LONGA*&+GLYCYRRHIZA GLABRA/URALENSIS*&+TERMINALIA BELERICA*+ZINGIBER OFFICINALE*,0.9,0.0815,3.89499373559621,10.0,0.6170976200333722,0,51,3,0.13901945448252695,0.18071919946066328,,Potential discontinued
CYANAMIDUM*,0.016666666666666666,414.82216666666665,1.3669296790949022,1.0169491525423728,1.8206884684639844,0,0,1,0.14906444486182024,0.7708004021007212,0.6650819336103002,Lumpy / volatile
CYANOCOBALAMINUM,0.0,50661.11933333333,0.19040650289277236,1.0,0.03625463634385534,0,0,0,0.28676309881911566,0.6605155646427893,0.47013978457427846,Stable
CYANOCOBALAMINUM+DICLOFENACUM+PYRIDOXINUM+THIAMINUM,0.0,3818.5165,0.36050763520522,1.0,0.12996575504125998,0,0,0,0.10550263142630378,0.0010262648721762746,-0.16235186172663574,Stable
CYANOCOBALAMINUM+LIDOCAINUM+PYRIDOXINUM+THIAMINUM,0.0,199.6243333333333,0.8505205333479886,1.0,0.7233851776465472,0,0,0,0.09576470626599753,0.5765500559888694,0.4387109176557549,Stable
CYANOCOBALAMINUM+NICOTINAMIDUM+PHOSPHOLIPIDES*+PYRIDOXINUM+RIBOFLAVINUM+THIAMINUM+TOCOPHEROLI ACETAS*,0.0,10374.479166666668,0.5378192199194901,1.0,0.2892495133148089,0,0,0,0.29621173092080844,0.8360389491098227,0.9088556574026215,Stable
CYANOCOBALAMINUM+OCTOTIAMINUM+PYRIDOXINUM+RIBOFLAVINUM,0.43333333333333335,592.3903333333334,3.9095258896828238,1.7647058823529411,8.22782251985682,0,8,18,0.1445043283852656,0.7621749284525929,0.5269051322623226,Potential discontinued
CYANOCOBALAMINUM+PYRIDOXINUM+RIBOFLAVINUM+THIAMINUM,0.9666666666666667,0.12583333333333332,5.622917481161905,30.0,0.08724003333187139,4,50,4,0.19469168060019904,0.08446243468657322,,Potential discontinued
CYANOCOBALAMINUM+PYRIDOXINUM+THIAMINUM,0.0,213878.6888333333,0.140006090668962,1.0,0.01960170542440561,0,0,0,0.314212163000014,0.09736229932508778,-0.04748077979017076,Stable
CYCLAMEN EUROPAEUM/CAUCASIUM*&,0.13333333333333333,1600.305,0.8210100321000088,1.1538461538461537,0.4508498097676765,0,1,7,0.02017280026396373,0.6335620742377788,0.42892710861057065,Stable
CYCLOBENZAPRINUM,0.0,9233.419499999998,0.34528077438022753,1.0,0.1192188131566096,0,0,0,0.27406194070676837,0.11089234811732829,0.12214013030792815,Stable
CYCLOPENTOLATUM,0.0,5136.699666666667,0.23246341371475177,1.0,0.05403923871591584,0,0,0,0.4539123405968063,0.007135469777187486,0.2591908705333082,Stable
CYCLOPHOSPHAMIDUM,0.0,1203.523,0.5905591156760498,1.0,0.348760069108078,0,0,0,0.16751299253343577,0.6948173771150751,0.3307643442178061,Stable
CYNARA SCOLYMUS*&,0.0,45144.60316666667,0.1951263498756764,1.0,0.03807429241580487,0,0,0,0.46176856060191807,0.4444095035920629,0.4085836647842793,Stable
CYPROHEPTADINUM,0.0,444.9663333333334,0.3115971139394284,1.0,0.0970927614153811,0,0,0,0.13422728505962156,0.28143137665662876,-0.2923932162504056,Stable
CYPROTERONUM,0.0,312.0066666666666,0.2998382212827551,1.0,0.08990295894200642,0,0,0,0.23079908447994857,0.6487366350328767,0.36900256438678103,Stable
CYPROTERONUM+ESTRADIOLI VALERAS,0.26666666666666666,204.81333333333333,0.7816980015770374,1.3636363636363635,0.18143796149099156,0,13,3,0.0409289566747606,0.7068272014444623,0.36202319362925894,Potential discontinued
CYPROTERONUM+ETHINYLESTRADIOLUM,0.0,7718.6449999999995,0.14768960895500607,1.0,0.021812220593282604,0,0,0,0.36777373003466896,0.4616171354637215,0.190490795347378,Stable
CYTARABINUM,0.0,55.952666666666666,0.8495098125647321,1.0,0.7216669216437662,0,0,0,0.10543951304824029,0.09908175780370876,-0.07804873578495061,Stable
CYTISINUM*,0.0,12304.467166666667,0.3852322837636525,1.0,0.14840391245375925,0,0,0,0.33175139160182054,0.6531216859809335,0.5372675628600415,Stable
CYTOCHROMUM C*,0.0,372.2048333333333,1.0126086327300436,1.0,1.0253762430794087,0,0,0,0.09850397976257619,0.46335822515837755,0.3311102776505482,Lumpy / volatile
DABIGATRANUM ETEXILATUM,0.0,9840.155166666667,0.22443271523225605,1.0,0.05037004366652294,0,0,0,0.19996631677840038,0.4234024750028329,0.254945309364366,Stable
DABRAFENIBUM,0.9833333333333333,0.016666666666666666,7.681145747868609,60.0,0.0,56,3,0,0.18822700395224579,0.04331604222080421,,Launch / lifecycle
DACARBAZINUM,0.0,54.31883333333334,0.9004948857922298,1.0,0.8108910393379609,0,0,0,0.1550585271063495,0.4588412686105209,0.3313530095478594,Stable
DACLATASVIRUM,0.3333333333333333,4.470166666666667,1.672360702301453,1.5,1.5311935457348065,7,6,7,0.08550329650883659,0.0063284448667589865,-0.20276729295170043,Potential discontinued
DALARGINUM*,0.0,2716.1133333333337,0.28697069900032124,1.0,0.08235218208473295,0,0,0,0.48280800771195154,0.5799041508110994,0.45855032585797606,Stable
DALTEPARINUM NATRICUM,0.18333333333333332,4.315666666666666,1.8060933471017504,1.2244897959183674,2.480611429063582,0,9,2,0.3268780701800763,0.32746411835064704,0.4473626923610367,Potential discontinued
DAPAGLIFLOZINUM,0.0,15843.699166666664,0.514742727964438,1.0,0.2649600759922714,0,0,0,0.2689314828818823,0.9254333657372715,0.8590032685643123,Stable
DAPAGLIFLOZINUM+METFORMINUM,0.0,7939.840166666667,0.39368668571626353,1.0,0.15498920651025608,0,0,0,0.2406518210747084,0.907686912656531,0.7708871724864715,Stable
DAPOXETINE,0.4166666666666667,42.417,1.2856499369366794,1.7142857142857142,0.5475225268680847,0,24,1,0.03399778968594469,0.8075537692205876,0.4521104932878579,Potential discontinued
DAPTOMYCINUM,0.95,0.028833333333333332,4.574920847964932,20.0,0.09649503825720872,32,9,16,0.17334798271150342,0.030672949977298525,-0.049058262603952005,Potential discontinued
DARATUMUMABUM,0.75,0.011833333333333335,1.7557116246318152,4.0,0.02063082721682206,25,8,12,0.10483822752843985,0.03779143073954372,-0.21067543109465206,Potential discontinued
DARBEPOETIN ALFA,0.0,34.3585,0.7485410073104385,1.0,0.560313639625326,0,0,0,0.10112499725224033,0.15235437112102745,-0.25730231395022646,Stable
DARUNAVIRUM,0.9833333333333333,0.002,7.681145747868609,60.0,0.0,37,22,0,0.19348935239887388,0.010843006878186179,-0.021276595744680857,Potential discontinued
DASATINIBUM,0.9833333333333333,0.0011666666666666668,7.681145747868608,60.0,0.0,47,12,0,0.18191400030399174,0.010843006878183958,-0.021276595744680854,Potential discontinued
DECAMETOXINUM*,0.0,616343.0851666665,0.4126466962757365,1.0,0.17027729594727994,0,0,0,0.6852387585463862,0.4977086750093741,0.5572823294969241,Seasonal
DECAMETOXINUM*+ZINCI SULFAS*,0.0,1634.3433333333332,0.21751597112749915,1.0,0.04731319769553903,0,0,0,0.24061902826095782,0.4843227310746647,0.48578711375125033,Stable
DEFERASIROXUM,0.5,0.24799999999999997,2.119830329959982,2.0,1.746840313909123,7,0,23,0.26539954346819594,0.07569179469293619,0.05193947472823551,Lumpy / volatile
DEGARELIX,0.016666666666666666,32.5635,0.8943747312116563,1.0169491525423728,0.769907723832757,0,0,1,0.16150120648201904,0.6556005245535577,0.6013845453476675,Stable
DEMOXYTOCINUM,0.0,2461.8566666666666,0.24929991967911805,1.0,0.062150449952014714,0,0,0,0.26175177421277884,0.7105975509388724,0.5465779774637153,Stable
DENOSUMAB,0.0,143.235,0.39221987305977263,1.0,0.15383642882302417,0,0,0,0.1977373330110399,0.1582337097395543,0.02988682620054611,Stable
DENOTIVIRUM,0.3,633.7436666666666,0.9309787426971338,1.4285714285714286,0.3067049935477554,0,18,0,0.05094296119639974,0.7279363041717565,0.287269442885658,Potential discontinued
DEQUALINII CHLORIDUM,0.0,13672.638,0.19564983109293382,1.0,0.03827885640669354,0,0,0,0.41636303631376215,0.03345500462003692,0.1261348167422897,Stable
DEQUALINII CHLORIDUM+ENOXOLONUM+HYDROCORTISONUM+LIDOCAINUM+TYROTHRICINUM,0.0,8304.277666666667,0.4025316130981938,1.0,0.162031699543434,0,0,0,0.487275877963524,0.009391236927582813,0.17939364158106458,Stable
DEQUALINII CHLORIDUM+MURAMIDASE,0.0,70565.861,0.5804946832117996,1.0,0.33697407723716755,0,0,0,0.5498395789598554,0.4537101538759444,0.4308730685934908,Seasonal
DESLORATADINUM,0.0,149701.75549999997,0.3448726968647797,1.0,0.11893717704278622,0,0,0,0.5032238176141894,0.0713431716590428,0.14589651047882604,Seasonal
DESMOPRESSINUM,0.0,3098.7050000000004,0.17094449516258295,1.0,0.029222020426390355,0,0,0,0.4160608672256204,0.23690581839806135,0.51315784457223,Stable
DESOGESTRELUM,0.0,1259.8778333333332,0.16018618597843629,1.0,0.02565961417831817,0,0,0,0.31966495324122124,0.0038223939206265545,-0.06532716210444273,Stable
DESOGESTRELUM+ETHINYLESTRADIOLUM,0.0,22578.6845,0.16433416995603276,1.0,0.02700571941513826,0,0,0,0.3468666127418527,0.3622263014213054,0.28735153964849214,Stable
DESVENLAFAXINUM,0.0,615.2565,0.24259285742148065,1.0,0.05885129447191885,0,0,0,0.326472040905075,0.365532268458053,0.18387607756115876,Stable
DEXAMETHASONUM,0.0,181503.2276666667,0.25578340848457276,1.0,0.0654251520559858,0,0,0,0.19240223436806148,0.10875435331869465,-0.05200354642532101,Stable
DEXAMETHASONUM+FRAMYCETINUM+GRAMICIDINUM,0.7666666666666667,83.35083333333334,1.912106479933499,4.285714285714286,0.08643527780752508,0,46,0,0.04909141818590668,0.5466801080737868,0.23168760655069068,Potential discontinued
DEXAMETHASONUM+GENTAMICINUM,0.16666666666666666,405.044,0.6429164042674899,1.2,0.17778458573019865,0,9,1,0.02809893826538956,0.6379489247582903,0.742429057280304,Potential discontinued
DEXAMETHASONUM+NEOMYCINUM+PHENYLEPHRINUM+POLYMYXINUM B,0.0,19508.614333333328,0.42388772645966144,1.0,0.1796808046431408,0,0,0,0.5290771795274011,0.020775216307808764,0.22763364884806386,Seasonal
DEXAMETHASONUM+NEOMYCINUM+POLYMYXINUM B,0.0,16390.591,0.19913552897472706,1.0,0.03965495890004436,0,0,0,0.22426466505977438,0.0027312245861247364,-0.4015980288898221,Stable
DEXAMETHASONUM+TOBRAMYCINUM,0.0,64768.206666666665,0.1866636227054391,1.0,0.03484330804151853,0,0,0,0.23768492274757635,0.07234951495893494,-0.2817894295061008,Stable
DEXIBUPROFENUM,0.0,31899.504499999995,0.26832647213050415,1.0,0.0719990956460022,0,0,0,0.08903182508372631,0.2394819198481729,-0.20976452226198708,Stable
DEXKETOPROFENUM,0.0,236052.37033333333,0.14792648979505937,1.0,0.02188224638308781,0,0,0,0.18828356974903193,0.2146746396346041,-0.29344073221730377,Stable
DEXLANSOPRAZOLUM,0.0,4812.602666666668,0.30301271615223596,1.0,0.09181670614995552,0,0,0,0.24413228825606026,0.3055587171266737,0.261917364838488,Stable
DEXMEDETOMIDINE,0.0,289.80749999999995,1.132259128825699,1.0,1.2820107348091305,0,0,0,0.13086785443737736,0.23091682964866977,-0.01123671568621675,Lumpy / volatile
DEXPANTHENOLUM,0.0,107295.81866666667,0.23412501388396373,1.0,0.05481452212616621,0,0,0,0.3414154893239847,0.4614410513845596,0.2548354137684987,Stable
DEXPANTHENOLUM+DIMETHYLIS SULFOXIDUM+HEPARINUM NATRICUM,0.0,39492.87683333333,0.2315431609841294,1.0,0.05361223539852245,0,0,0,0.27186465366944945,0.8524135177157016,0.6676321142207838,Stable
DEXPANTHENOLUM+HEPARINUM NATRICUM+TROXERUTINUM,0.0,1273.3603333333335,0.748772739947281,1.0,0.5606606160881584,0,0,0,0.1302092937866416,0.5726323554441879,0.6682684300465016,Stable
DEXPANTHENOLUM+HYALURONIC ACID*,0.0,4190.377166666668,0.22628298169139965,1.0,0.05120398780315032,0,0,0,0.19851705188013158,0.6621686113633642,0.3069205075122438,Stable
DEXPANTHENOLUM+LIDOCAINUM+PREDNISOLONUM,0.0,6148.316666666666,0.33121209851186767,1.0,0.10970145420063511,0,0,0,0.07714137886984695,0.1341532877257875,-0.03922707619855997,Stable
DEXPANTHENOLUM+MYRAMISTINUM*,0.0,49798.61483333334,0.29506844092125156,1.0,0.08706538482769811,0,0,0,0.7920682959935268,0.7349295525792305,0.7639261791748042,Seasonal
DEXPANTHENOLUM+NICOTINAMIDUM+PYRIDOXINUM+RIBOFLAVINUM+THIAMINUM,0.36666666666666664,64.89316666666667,1.1731743206713978,1.5789473684210527,0.505014058232438,19,2,1,0.053247873391698564,0.21514607685952036,-0.01979645514487849,Lumpy / volatile
DEXPANTHENOLUM+TROXERUTINUM,0.5333333333333333,1.5081666666666669,2.128815245999494,2.142857142857143,1.5815320307466127,0,32,0,0.13973851132764292,0.576897307739233,0.07268558826763277,Potential discontinued
DEXPANTHENOLUM+XYLOMETAZOLINUM,0.0,72459.36216666667,0.45153821618859685,1.0,0.20388676067878006,0,0,0,0.6492541009630288,0.5250316220800995,0.6616100665638719,Seasonal
DEXTRANUM+NATRII CHLORIDUM*,0.0,6006.382333333332,0.805012864952481,1.0,0.6480457127390016,0,0,0,0.16212802522029912,0.7177129059967706,0.24262449386261614,Stable
DEXTROMETHORPHANUM+DOXYLAMINUM+PARACETAMOLUM,0.5333333333333333,89.18966666666667,1.6015042371361297,2.142857142857143,0.6635807167303222,0,24,8,0.12774864349307435,0.8108278998995189,0.8031682985025972,Potential discontinued
DEXTROMETHORPHANUM+LEVOCETIRIZINUM,0.2,2553.2855,0.6858117677667687,1.25,0.17627022464590414,12,0,0,0.030619302433398166,0.6156346577524838,0.5682424539601604,Stable
DEXTROSUM*,0.0,163784.12,0.4185280600728413,1.0,0.17516573706833583,0,0,0,0.2179878936783819,0.8815049688050539,0.7358989262178725,Stable
DEXTROSUM*+GLYCINUM+SODIUM FORMATE*,0.0,47102.633499999996,0.33217960486959675,1.0,0.11034328989132143,0,0,0,0.371104330124123,0.4024508011299478,0.36998061638107677,Stable
DEXTROSUM*+KALII CHLORIDUM*,0.0,4755.178833333333,0.4529931557122273,1.0,0.20520279912212216,0,0,0,0.18791373150550927,0.8860132017098669,0.7974058022493125,Stable
DEXTROSUM*+KALII CHLORIDUM*+NATRII CHLORIDUM*+SODIUM CITRAS*,0.0,9363.951499999997,0.21876549474043466,1.0,0.04785834168902715,0,0,0,0.4003525807597823,0.08513627273697033,-0.0037856349341534442,Stable
DIACEREINUM,0.0,7312.425333333334,0.194792845259033,1.0,0.037944252564109576,0,0,0,0.11949668155841242,0.40677978183415053,-0.11707766979546835,Stable
DIAZEPAMUM,0.0,2891.0105,0.33214694183878424,1.0,0.11032159097285674,0,0,0,0.39262845037257244,0.825155732370065,0.7358796780546362,Stable
DICLOFENACUM,0.0,1169277.5901666665,0.14928306513150894,1.0,0.022285433535058335,0,0,0,0.15513396203052,0.7992184506153203,0.5517932207139338,Stable
DICLOFENACUM+LEVOMENTHOLUM,0.0,6902.061333333334,0.2267783284201104,1.0,0.05142841024101944,0,0,0,0.15427928748634678,0.8512347024511628,0.7427030889031505,Stable
DICLOFENACUM+LEVOMENTHOLUM+METHYL SALICYLAT*,0.0,44709.04433333333,0.18869164270409572,1.0,0.035604536026370114,0,0,0,0.23722386291026887,0.3157418105640676,0.20788006122885588,Stable
DICLOFENACUM+LIDOCAINUM,0.0,30954.295666666676,0.11485714891553767,1.0,0.013192164657005994,0,0,0,0.17446696492041136,0.5071633304244553,0.1297929672782674,Stable
DICLOFENACUM+LINUM USITATISSIMUM*&+MENTHOLUM*+METHYL SALICYLAT*,0.0,38368.07583333333,0.24994987747327518,1.0,0.062474941248905264,0,0,0,0.5836429512200165,0.8856244808012855,0.8380999933393388,Seasonal
DICLOFENACUM+NICOTINIC ACID,0.0,419.0433333333333,0.5219345915608349,1.0,0.2724157178677756,0,0,0,0.0865400815071884,0.8274609632319707,0.7257236963517257,Stable
DICLOFENACUM+PARACETAMOLUM,0.0,135820.80383333334,0.12772727889698812,1.0,0.01631425777442899,0,0,0,0.168299713134469,0.2700857014008664,-0.27479990380214714,Stable
DICLOFENACUM+PARACETAMOLUM+SERRAPEPTASUM,0.0,49175.89616666667,0.18577975053007031,1.0,0.03451411570701517,0,0,0,0.2657697421275388,0.6359947082587145,0.22022467021262437,Stable
DICYCLOVERINUM+NIMESULIDUM,0.15,6487.903166666666,1.6883809246429708,1.1764705882352942,2.2730356246935153,0,0,9,0.009171242026142723,0.010821681573135122,-0.08581128255624476,Lumpy / volatile
DICYCLOVERINUM+PARACETAMOLUM,0.0,57958.933666666664,0.33902815762302696,1.0,0.11494009166126404,0,0,0,0.07942806149950443,0.46003480191572266,0.040881472519272925,Stable
DICYCLOVERINUM+SIMETICONUM,0.0,34253.085166666664,0.15463056186093918,1.0,0.02391061066142974,0,0,0,0.4116546694659391,0.09072191720150802,0.286264777933423,Stable
DIENOGESTUM,0.0,8563.726166666665,0.4126645191530604,1.0,0.17029200536782657,0,0,0,0.21855810358776995,0.8655917870991368,0.6250542152820533,Stable
DIENOGESTUM+ESTRADIOLI VALERAS,0.0,18699.956833333334,0.22251943669535626,1.0,0.04951489970721866,0,0,0,0.32514051481389195,0.6746917152441407,0.3461392255820048,Stable
DIENOGESTUM+ETHINYLESTRADIOLUM,0.0,22477.22783333333,0.11831013690518499,1.0,0.013997288494523615,0,0,0,0.3728916380783246,0.034845863275385525,-0.0689879467583732,Stable
DIGOXINUM,0.0,50538.05716666666,0.22614627009179836,1.0,0.05114213547643261,0,0,0,0.4461519296494927,0.904832555976053,0.8524238995519102,Stable
DIHYDRALAZINUM+HYDROCHLOROTHIAZIDUM+RESERPINUM,0.9,0.10033333333333334,3.0036217620338364,10.0,0.002174368936325209,5,49,0,0.1901935168295672,0.2573874791546965,,Potential discontinued
DILTIAZEMUM,0.15,8776.926500000001,0.5736996582206833,1.1764705882352942,0.1297616031661495,0,9,0,0.02820404022808598,0.5323162411854634,0.7257462556032523,Potential discontinued
DIMENHYDRINATUM,0.0,54823.02116666667,0.47371110440568454,1.0,0.22440221043725336,0,0,0,0.5102434534681459,0.030938565373142435,0.2425357859332231,Seasonal
DIMETHYLII FUMARATUM,0.9666666666666667,0.024333333333333332,5.780448601852318,30.0,0.1471195346218803,53,5,0,0.18951845123070643,0.0791330880104626,,Launch / lifecycle
DIMETHYLIS SULFOXIDUM,0.0,95441.712,0.1826430219949346,1.0,0.033358473483442154,0,0,0,0.09150051570938811,0.4981567958087282,0.10283418576620022,Stable
DIMETHYLIS SULFOXIDUM+INDOMETACINUM+MENTHA PIPERITA,0.0,4025.7151666666664,0.4935833980867431,1.0,0.24362457086685635,0,0,0,0.053725112261233,0.12968153414872452,-0.039972019215764445,Stable
DIMETICONUM,0.0,2524.2834999999995,0.29926594197409245,1.0,0.08956010402564088,0,0,0,0.23794794241532125,0.537364345378476,0.485196928429291,Stable
DIMETICONUM+GUAIAZULENUM,0.15,164.28133333333332,1.112258621926186,1.1764705882352942,0.9015513557417684,0,6,3,0.15526957660055596,0.2949778037559675,0.051430140720009294,Potential discontinued
DIMETINDENUM,0.0,65331.56283333332,0.5785666019126181,1.0,0.334739312848714,0,0,0,0.7916515297567925,0.1249435555680517,0.6304024268935667,Seasonal
DIMETINDENUM+PHENYLEPHRINUM,0.0,85625.74616666666,0.37159509292297505,1.0,0.13808291308443446,0,0,0,0.4836869326449934,0.2679093261969996,0.2924660490058964,Stable
DINOPROSTONUM,0.0,265.65333333333336,0.3318993125916526,1.0,0.11015715369881156,0,0,0,0.33232805224958306,0.4767475490756764,0.3213564227113481,Stable
DIOSMECTITUM*,0.0,63248.80533333333,0.22655781489992166,1.0,0.05132844349222718,0,0,0,0.4929754368675201,0.07422150458183974,0.07399463729788813,Stable
DIOSMINUM,0.0,23046.813166666667,0.22175364319783342,1.0,0.04917467827151201,0,0,0,0.28271788283553856,0.20282535601380292,0.04357274938417144,Stable
DIOSMINUM+HESPERIDINUM,0.0,188314.65266666663,0.18301940948618217,1.0,0.03349610424867083,0,0,0,0.5514230751452143,0.15199183361744195,0.19488200033876749,Seasonal
DIOXYDINUM*,0.0,7385.238166666668,0.3613319077165529,1.0,0.13056074753408348,0,0,0,0.4241402784778928,0.5455499218272297,0.3413080412262299,Stable
DIOXYDINUM*+LIDOCAINUM,0.0,19171.130666666668,0.2529757523533837,1.0,0.0639967312787605,0,0,0,0.1715980451068957,0.37994072087579955,0.1610418874469153,Stable
DIPHENHYDRAMINUM,0.0,283692.3271666666,0.20110536972076334,1.0,0.04044336973052492,0,0,0,0.3935179685251615,0.10819298347019746,-0.05684795919496264,Stable
DIPHENHYDRAMINUM+METAMIZOLUM NATRICUM,0.0,34446.47466666666,0.31540322900937234,1.0,0.09947919686953857,0,0,0,0.43570390220530686,0.027271842236931687,0.14751718640757205,Stable
DIPHENHYDRAMINUM+PARACETAMOLUM,0.8666666666666667,2.0335,2.6669903514279474,7.5,0.08171167128130251,0,38,14,0.07709544492914022,0.16619321198004744,-0.13723784248420137,Potential discontinued
DIPYRIDAMOLUM,0.0,6216.346999999999,0.3150205842703497,1.0,0.09923796851403247,0,0,0,0.26855265291227604,0.5899046539637838,0.3739038648212629,Stable
DISODIUM FOSFAS*+SODIUM DIHYDROPHOSPHAS,0.0,10940.402166666669,0.3822012865631529,1.0,0.14607782345052933,0,0,0,0.0977679557817186,0.5639281517247317,0.1363305011308669,Stable
DISULFIRAMUM,0.0,15440.365333333333,0.17511380604628904,1.0,0.030664845068017338,0,0,0,0.3280561550117129,0.09078965373273595,0.07593769990520963,Stable
DOBUTAMINUM,0.11666666666666667,592.8841666666666,0.694254374082234,1.1320754716981132,0.3090904034068779,0,0,7,0.10432164490201334,0.4808932405202828,0.405450659412305,Stable
DOCETAXELUM,0.0,399.07283333333334,0.5431707032709291,1.0,0.2950344128918357,0,0,0,0.12771307125249698,0.47958929031622355,0.0565805021808232,Stable
DOCOSANOLUM*,0.5666666666666667,401.2610000000001,1.3495640776689404,2.3076923076923075,0.22257338655158113,0,34,0,0.07847587089432106,0.7945373917540544,0.6844160602987038,Potential discontinued
DOCUSATUM NATRICUM,0.0,4462.732833333333,0.5556287880908446,1.0,0.30872335015530067,0,0,0,0.032478591730129014,0.41691571169514463,0.33999812592466583,Stable
DOLUTEGRAVIR50 MG TABLETS+LAMIVUDINUM+TENOFOVIRUM,0.9833333333333333,0.05083333333333333,7.681145747868607,60.0,0.0,26,33,0,0.18644067796610053,0.0,-0.021276595744680857,Potential discontinued
DOMPERIDONUM,0.0,91318.88983333333,0.20180379075199956,1.0,0.04072476996187682,0,0,0,0.4908677635317713,0.45218068460429106,0.3550052953390982,Stable
DOMPERIDONUM+OMEPRAZOLUM,0.0,13107.0645,0.1815251988710647,1.0,0.03295139782517959,0,0,0,0.5817234233686296,0.12290724750488136,0.35361339985097934,Seasonal
DONEPEZILUM,0.0,3537.4773333333333,0.23306680981971742,1.0,0.05432013783954034,0,0,0,0.22015621755783454,0.5773195616817648,0.13250444151770724,Stable
DOPAMINUM,0.0,821.4821666666666,0.4899915301092807,1.0,0.24009169957883414,0,0,0,0.1679348480774271,0.8488585816508418,0.6545792164381748,Stable
DORNASUM ALFA,0.016666666666666666,52.02183333333333,1.6580883809070537,1.0169491525423728,2.686769460917325,0,0,1,0.38156109700342267,0.182318569257083,0.44170620216826884,Lumpy / volatile
DORZOLAMIDUM,0.0,16130.133666666667,0.18071370021833594,1.0,0.03265744144660259,0,0,0,0.3238310542539581,0.7011950980312524,0.4894330940089904,Stable
DORZOLAMIDUM+TIMOLOLUM,0.0,26710.91216666667,0.3416288921260261,1.0,0.11671029993525597,0,0,0,0.35832551630717613,0.9118000140035943,0.8455674038339742,Stable
DOXAZOSINUM,0.0,14572.38883333333,0.12497661619668732,1.0,0.015619154595974084,0,0,0,0.5899518472727678,0.012457688372232267,0.30266361772155426,Seasonal
DOXEPINUM,0.0,3370.094833333332,0.13454917836578806,1.0,0.018103481398908647,0,0,0,0.5151173873114352,0.522111550646645,0.35766992397552866,Seasonal
DOXOFYLLINUM,0.0,10136.910333333331,0.556075068123801,1.0,0.3092194813888899,0,0,0,0.45379629711219105,5.446864502767212e-07,0.2988701788063482,Stable
DOXORUBICINUM,0.0,625.4823333333333,0.4673688647941576,1.0,0.2184336557789796,0,0,0,0.25796983910392335,0.012018086115852311,-0.15435389020636103,Stable
DOXYCYCLINUM,0.0,82660.10866666668,0.17667835220597752,1.0,0.03121524013821944,0,0,0,0.24776021218305833,0.2652347309507809,0.08284362858551089,Stable
DOXYLAMINUM,0.0,177770.4768333333,0.14777885524646442,1.0,0.021838590057955486,0,0,0,0.691392916249969,0.00573515025373017,0.6484578025776836,Seasonal
DOXYLAMINUM+PASSIFLORA INCARNATA*,0.0,10894.8775,0.2723944782794728,1.0,0.07419875179714616,0,0,0,0.6337310936272066,0.5867976727525747,0.7071052130554343,Seasonal
DRONEDARONE,0.0,59.57183333333334,0.3919402624807062,1.0,0.15361716935344483,0,0,0,0.18362540840706432,0.4282957961947671,0.11265241850454288,Stable
DROSPIRENON+ESTRADIOLUM,0.0,2689.82,0.3341935387834882,1.0,0.1116853213646308,0,0,0,0.16544166241782388,0.001742119809181597,0.20861590147296863,Stable
DROSPIRENON+ETHINYLESTRADIOLUM,0.0,40602.01849999999,0.1379588199269681,1.0,0.019032635995641606,0,0,0,0.36654237434956627,0.3593594838830756,0.21601177990425605,Stable
DROSPIRENONUM+ETHINYLESTRADIOLUM+ACIDUM LEVOMEFOLICUM,0.0,48803.29099999999,0.2915325427767336,1.0,0.084991223497868,0,0,0,0.3036023221231674,0.8247018610152667,0.5608448450031128,Stable
DROTAVERINUM,0.0,679471.5441666668,0.17967216240987277,1.0,0.03228208594503971,0,0,0,0.571829317159834,0.5610923961213115,0.49253657447206367,Seasonal
DROTAVERINUM+PARACETAMOLUM,0.7833333333333333,1.715,2.6041050684461786,4.615384615384615,0.6859620282931999,2,26,19,0.22183190309200085,0.19830638007549928,0.16714666527049787,Potential discontinued
DULOXETINUM,0.0,10896.321333333333,0.5678028767357789,1.0,0.32240010682942605,0,0,0,0.25700966278591253,0.9344044792798193,0.7658299053943707,Stable
DUTASTERIDUM,0.0,3425.316,0.578280972454526,1.0,0.33440888310295225,0,0,0,0.20461389128043683,0.8620060646733444,0.8024802829528597,Stable
DUTASTERIDUM+TAMSULOSINUM,0.0,4356.2485,0.3991512968894306,1.0,0.15932175780851432,0,0,0,0.557529099036112,0.9216301508872933,0.8353626126287103,Seasonal
DYDROGESTERONUM,0.0,33834.513166666664,0.16558002374328087,1.0,0.02741674426282546,0,0,0,0.19877116873046385,0.14867216635143599,-0.19646005409262549,Stable
DYDROGESTERONUM+ESTRADIOLUM,0.0,30817.8255,0.23248288337007775,1.0,0.05404829106006516,0,0,0,0.2663363697892309,0.6831283970136861,0.3649038796876493,Stable
EBASTINUM,0.4666666666666667,1032.3265000000001,1.553469262069048,1.875,0.8204089323697878,28,0,0,0.15638456200613704,0.8171146189378237,0.5679407590915966,Lumpy / volatile
ECHINACEA PURPUREA*&,0.0,42917.901666666665,0.781807847916445,1.0,0.6112235110637432,0,0,0,0.7139586514109113,0.7098250020404828,0.3473242752042766,Seasonal
ECONAZOLUM,0.05,1331.0141666666668,0.8350717338434566,1.0526315789473684,0.6124775606311008,0,3,0,0.03556997302786813,0.7871418046354313,0.8870432869842959,Stable
ECTERICIDUM*,0.0,1249.5738333333331,0.5025511280250139,1.0,0.25255763627921385,0,0,0,0.4135321581387811,0.6240571311024661,0.32339425636269226,Stable
EDARAVONUM,0.0,5653.297333333334,0.9192941442171214,1.0,0.8451017235918896,0,0,0,0.08452276181946661,0.013202431986371721,-0.1312909575842631,Stable
EDOXABANUM,0.5833333333333334,6298.558166666668,1.5411786284225002,2.4,0.4063464852942746,35,0,0,0.07302053553259069,0.7956255294009695,0.8732439431210739,Intermittent
ELETRIPTANUM,0.5166666666666667,301.8021666666666,1.406254682032527,2.0689655172413794,0.4391502448568951,31,0,0,0.042730979334127284,0.8380184854809161,0.908719372061393,Intermittent
ELEUTHEROCOCCUS SENTICOSUS*&,0.0,38497.26700000001,0.25262630542540765,1.0,0.06382005019289136,0,0,0,0.3865104938879911,0.8250811595374761,0.7011190421411674,Stable
ELTROMBOPAG,0.0,499.7248333333334,0.5366085790525305,1.0,0.28794876711277584,0,0,0,0.14472549726440298,0.009197288547280968,-0.04227260879504511,Stable
EMBLICA OFFICINALIS*+GLYCYRRHIZA GLABRA/URALENSIS*&+MENTHOLUM*+ZINGIBER OFFICINALE*,0.0,77778.48633333335,0.5677712442267694,1.0,0.3223641857708138,0,0,0,0.7959413614638523,0.33921201091941944,0.54710507953863,Seasonal
EMOXYPINUM*,0.0,148244.7858333333,0.24478981746981,1.0,0.05992205473690288,0,0,0,0.2809233552007746,0.3028130298563738,0.008022779400762296,Stable
EMPAGLIFLOZINUM,0.0,8709.990666666667,1.0930798147695604,1.0,1.1948234814566563,0,0,0,0.15703765112170998,0.947660123859229,0.9242278229938274,Lumpy / volatile
EMPAGLIFLOZINUM+METFORMINUM,0.0,12407.012500000003,0.7116169966021817,1.0,0.5063987498531094,0,0,0,0.11660874781098352,0.9229861138342582,0.8272881749170254,Stable
EMTRICITABINE+TENOFOVIRUM,0.75,11.412,3.4645166117517125,4.0,2.2507188382758923,0,21,24,0.0729763496940069,0.4968161046479448,0.6494512192755617,Potential discontinued
ENALAPRILATUM,0.0,57.36766666666667,0.5281724524955226,1.0,0.2789661395751351,0,0,0,0.10856235860164587,0.15939183700721005,0.046347102586436546,Stable
ENALAPRILUM,0.0,1075600.087,0.18712338997465208,1.0,0.035015163075605725,0,0,0,0.5509296912154702,0.8034970373948337,0.7492301091083741,Seasonal
ENALAPRILUM+HYDROCHLOROTHIAZIDUM,0.0,172200.0528333333,0.24593291569080636,1.0,0.06048299902018127,0,0,0,0.4913191812168769,0.8413991398911187,0.6971907026061276,Stable
ENALAPRILUM+INDAPAMIDUM,0.15,1018.1543333333335,2.025426804148356,1.1764705882352942,3.33700067811823,0,5,4,0.049264261691415956,0.5147275496696948,-0.22196606317404766,Lumpy / volatile
ENALAPRILUM+LERCANIDIPINUM,0.0,3015.5023333333334,0.7059877067842999,1.0,0.4984186421305545,0,0,0,0.21171009486507708,0.8381825493622038,0.557392613795906,Stable
ENALAPRILUM+NITRENDIPINUM,0.0,1918.871333333333,0.6007892286177711,1.0,0.3609476972231363,0,0,0,0.12346807030261853,0.14219931246911488,0.3354722651363475,Stable
ENISAMIUM IODIDE,0.0,99485.177,0.7364819067345661,1.0,0.5424055989473823,0,0,0,0.7817541127324191,0.4108627506608712,0.5275621937067837,Seasonal
ENOXAPARINUM NATRII,0.0,42584.80483333333,0.8196814627665265,1.0,0.6718777004030726,0,0,0,0.14673601792956104,0.22493607781293212,0.03645195216592454,Stable
ENTECAVIRUM,0.7,3.8076666666666665,2.0338827878163963,3.3333333333333335,0.5410037583727391,21,21,0,0.013991925539571182,0.0020785933051973293,-0.26197322279287144,Potential discontinued
ENZALUTAMIDUM,0.5666666666666667,0.2358333333333333,2.958239647194952,2.3076923076923075,3.2255121177689827,9,0,25,0.1339844509692707,0.22106041071445004,0.048545165015599336,Lumpy / volatile
EPINEPHRINUM,0.0,4452.667833333334,0.33068651995572657,1.0,0.10935357448042915,0,0,0,0.30529729605845946,0.48858043959378905,0.08265626428372887,Stable
EPIRUBICINUM,0.0,80.88966666666667,0.4454921154791902,1.0,0.19846322495412422,0,0,0,0.0928213934807085,0.0012915846035050915,-0.3127513949170363,Stable
EPLERENONUM,0.0,46338.85916666666,0.3109497052208776,1.0,0.09668971917695068,0,0,0,0.32440389242113965,0.9125371751441167,0.7216477823195978,Stable
EPOETINUM ALFA,0.0,882.7738333333332,0.2595199659491344,1.0,0.06735061272623988,0,0,0,0.07734516914764178,0.01547999197703509,-0.4565932359096586,Stable
EPOETINUM BETA,0.0,313.27049999999997,0.32082513560322495,1.0,0.10292876763482767,0,0,0,0.05054641362204082,0.017696417332726422,-0.001498938569628651,Stable
EPTACOGUM ALFA (ACTIVATUM),0.9833333333333333,0.00016666666666666666,7.681145747868608,60.0,0.0,29,30,0,0.1864406779661033,0.0,-0.021276595744680816,Potential discontinued
EPTIFIBATIDUM,0.0,13.907666666666668,0.8030888107037107,1.0,0.6449516378775006,0,0,0,0.22290245836784972,0.11666199584269421,-0.10351652403240752,Stable
EQUISETUM ARVENSE*&,0.0,7205.0925,0.33135991879794424,1.0,0.10979939578578024,0,0,0,0.49396863842840166,0.7404847935608485,0.7889841944295983,Stable
ERDOSTEINUM,0.0,47402.374,0.7105311835615483,1.0,0.5048545628133746,0,0,0,0.5413371777506781,0.07038377830748144,0.2547834370393559,Seasonal
ERGOCALCIFEROLUM,0.0,2216.1690000000003,0.6064596401303972,1.0,0.367793295107091,0,0,0,0.4775010040760247,0.8223544058091049,0.6313096435109378,Stable
ERLOTINIBUM,0.36666666666666664,1.8054999999999999,1.916019374287696,1.5789473684210527,1.9583824870090165,0,0,22,0.1167769550536647,0.11915742779677263,-0.0850765308002923,Lumpy / volatile
ERTAPENEMUM,0.05,28.80016666666667,1.1333399221642602,1.0526315789473684,1.1702364102127263,0,0,3,0.27217756845236585,0.30323194580526824,0.0709012714339071,Lumpy / volatile
ERYTHROMYCINUM,0.0,11618.264833333336,0.3664070386141953,1.0,0.13425411794602443,0,0,0,0.3884071251688074,0.563576353265103,0.3676223365066219,Stable
ERYTHROMYCINUM+ZINCI ACETAS*,0.0,5382.619666666667,0.8206840263227769,1.0,0.6735222710613643,0,0,0,0.08003875387769088,0.35153199164042226,0.5735652494215288,Stable
ESCITALOPRAM,0.0,38752.8295,0.3387326354431135,1.0,0.11473979831423721,0,0,0,0.45073346943002923,0.9065732447201935,0.7405193062732208,Stable
ESDEPALETRINUM+PIPERONYL*,0.7666666666666667,1.348833333333333,2.573424258223004,4.285714285714286,0.7785862296558107,0,35,11,0.27093347198767126,0.393057594986436,0.4729905415229339,Potential discontinued
ESMOLOLUM,0.0,52.656666666666666,1.0021883870720139,1.0,1.0043815631820046,0,0,0,0.10149237416998169,0.219121367510957,-0.28685064167989077,Lumpy / volatile
ESOMEPRAZOLUM,0.0,75443.507,0.28576257369869484,1.0,0.08166024852690201,0,0,0,0.3561030055609843,0.45996789866298315,0.1358626829559837,Stable
ESTRADIOLI VALERAS,0.0,4202.684333333334,0.4207812544155977,1.0,0.17705686406756396,0,0,0,0.22666284646116164,0.2733985394806767,0.27240522655096494,Stable
ESTRADIOLI VALERAS+LEVONORGESTRELUM,0.23333333333333334,2088.666333333333,0.8360957213981557,1.3043478260869565,0.3026096424275652,0,0,14,0.14558430802978695,0.6875492086525672,0.5658835845223359,Stable
ESTRADIOLUM,0.0,7207.857333333333,0.2604206774053275,1.0,0.06781892922024962,0,0,0,0.2928672569426862,0.6444338340367444,0.3239244803009718,Stable
ESTRAMUSTINUM,0.0,132.091,0.4257940644785538,1.0,0.18130058534516677,0,0,0,0.41685728884063433,0.8084654266984945,0.8375880088963286,Stable
ESTRIOLI SUCCINAS,0.0,2118.2125,0.2588339929306418,1.0,0.06699503589641954,0,0,0,0.26291170182639134,0.548033926433801,0.2826676028108398,Stable
ETAMSYLATUM,0.0,16491.514666666666,0.270239236242972,1.0,0.07302924480518486,0,0,0,0.21003560467340476,0.7110239586360618,0.45393918162753066,Stable
ETANERCEPT,0.3,7.023833333333332,2.2304533660955803,1.4285714285714286,3.1824455528289737,1,0,17,0.07042613029970901,0.3640991180471881,-0.15372091713791697,Lumpy / volatile
ETHAMBUTOLUM,0.0,170.06816666666663,0.4576518543916569,1.0,0.2094452198281223,0,0,0,0.13950036581341996,0.43514219243742025,0.3406627044880142,Stable
ETHINYLESTRADIOLUM+ETONOGESTRELUM,0.0,1609.923,0.2249082605562987,1.0,0.05058372566645995,0,0,0,0.2535471504550114,0.45963343110304944,0.23419484717675454,Stable
ETHINYLESTRADIOLUM+GESTODENUM,0.0,18401.312500000004,0.12562764127469114,1.0,0.015782304252242477,0,0,0,0.4846175356726009,0.290764938444379,0.3703439764852993,Stable
ETHINYLESTRADIOLUM+LEVONORGESTRELUM,0.0,6694.930000000001,0.1446308614228496,1.0,0.02091808607591552,0,0,0,0.48082072320737823,0.5554906039485089,0.47827766548281114,Stable
ETIFOXINUM,0.0,1360.7995000000003,0.33586690119689333,1.0,0.11280657531960374,0,0,0,0.06841865610556552,0.0029776712016880147,-0.0901635478305726,Stable
ETODOLACUM,0.0,6361.926333333334,0.21532956220421692,1.0,0.04636682035905973,0,0,0,0.12681772782546352,0.1525453497253766,-0.3288537165917068,Stable
ETOPOSIDUM,0.016666666666666666,290.1301666666667,0.9321458075698866,1.0169491525423728,0.8377475431272811,0,0,1,0.16306943485906134,0.5756222723224855,0.615534198258103,Stable
ETORICOXIBUM,0.0,30323.906,0.37119534210098093,1.0,0.13778598199746425,0,0,0,0.08022506026542375,0.7635741444799099,0.3001345462869634,Stable
EUCALYPTUS VIMINALIS*&,0.0,232885.19316666666,0.4547504257001334,1.0,0.20679794967445253,0,0,0,0.6831932409556873,0.7614807697663795,0.6699199252699426,Seasonal
EUCALYPTUS VIMINALIS*&+GLYCEROLUM+MENTHOLUM*,0.0,1037.4983333333332,0.6499357996359763,1.0,0.4224165436484559,0,0,0,0.7365918131274378,0.49004707700523076,0.6798885195318425,Seasonal
EUCALYPTUS VIMINALIS*&+LARIX DECIDUA*+PINUS SILVESTRIS*&,0.6333333333333333,722.4691666666666,2.399225468109475,2.727272727272727,1.4773037105025477,32,0,6,0.03986071813526337,0.49770010096148065,0.2511535378910517,Lumpy / volatile
EUCALYPTUS VIMINALIS*&+MATRICARIA CHAMOMILLA*&,0.6,4.845666666666667,1.3991064667820197,2.5,0.1829995621565064,0,36,0,0.16470152262785864,0.7260417027543531,0.49599367414706524,Potential discontinued
EUCALYPTUS VIMINALIS*&+MATRICARIA CHAMOMILLA*&+MENTHA PIPERITA+SALVIA OFFICINALIS*&+SULFANILAMIDUM+SULFATHIAZOLUM+THYMOL,0.0,7561.95,0.4982925271695313,1.0,0.2482954426329981,0,0,0,0.5113506304995474,0.43565381128968894,0.3614739516068504,Seasonal
EUCALYPTUS VIMINALIS*&+MENTHA PIPERITA+PLANTAGO (SEMENI PSYLLIUM)+TUSSILAGO FARFARA*&,0.9333333333333333,0.3635,5.031349882479118,15.0,0.7542987759948417,1,49,6,0.18556715616739283,0.1295631791123305,,Potential discontinued
EUCALYPTUS VIMINALIS*&+MENTHA PIPERITA+SALVIA OFFICINALIS*&+SULFANILAMIDUM+SULFATHIAZOLUM+THYMOL,0.0,2786.8084999999996,1.0271347240235755,1.0,1.0550057412949865,0,0,0,0.3111736943226461,0.6424856733226356,0.16896205837313064,Lumpy / volatile
EUCALYPTUS VIMINALIS*&+MENTHOLUM*,0.0,178.14616666666672,0.8408369221292179,1.0,0.7070067296157365,0,0,0,0.7433167556599816,0.6046446915128199,0.8392364402489992,Seasonal
EUCALYPTUS VIMINALIS*&+MENTHOLUM*+METHYL SALICYLAT*+PINUS SILVESTRIS*&,0.0,4842.238333333333,0.2741302563252456,1.0,0.07514739743294489,0,0,0,0.6361822793445172,0.7617303605704797,0.6193583946436008,Seasonal
EUCALYPTUS VIMINALIS*&+PINUS SILVESTRIS*&,0.0,11339.19466666667,0.604255681368451,1.0,0.3651249284660509,0,0,0,0.6817932477140514,0.25938635351376016,0.4789880320064179,Seasonal
EUCALYPTUS VIMINALIS*&+XYLOMETAZOLINUM,0.9,1.2201666666666668,3.5191903149091464,10.0,0.3384700472550341,1,49,4,0.17009724054760833,0.24125688263692324,,Potential discontinued
EUCALYPTUS VIMINALIS+GUAIASULENUM*+MENTHA PIPERITA+PINUS SILVESTRIS+THYMOL+TOCOPHEROLI ACETAS*,0.3,20897.117499999997,1.3627975271739876,1.4285714285714286,1.0000519700500745,0,16,2,0.20301314770158774,0.8584494777952882,0.5654848622895152,Potential discontinued
EUCALYPTUS VIMINALIS+MENTHA PIPERITA+PINUS SILVESTRIS+THYMOL+TOCOPHEROLI ACETAS*,0.0,22043.347499999996,0.5795046873098681,1.0,0.3358256826141081,0,0,0,0.38313039243095814,0.25257457625674573,0.24483008226714625,Stable
EUCALYPTUS VIMINALIS+MENTHA PIPERITA+SULFANILAMIDUM+SULFATHIAZOLUM+THYMOL,0.0,48843.48783333333,0.41906407491247505,1.0,0.17561469888224848,0,0,0,0.668221440037426,0.5915160071480127,0.6457698662104429,Seasonal
EVEROLIMUSUM,0.0,7.700666666666666,1.029559845426739,1.0,1.059993475315131,0,0,0,0.08099720239520458,0.11797714260050429,-0.35088733156682383,Lumpy / volatile
EXEMESTANUM,0.0,1871.9356666666667,0.27449584367214636,1.0,0.07534796819328342,0,0,0,0.22778356740136652,0.28509036530211695,0.2743960759291388,Stable
EZETIMIBUM,0.48333333333333334,1080.2216666666668,1.56870387589018,1.935483870967742,0.7880964559536512,29,0,0,0.02781190255490229,0.8399921166941604,0.7581198283801044,Lumpy / volatile
EZETIMIBUM+ROSUVASTATINUM,0.15,3509.957666666667,0.7139374672325827,1.1764705882352942,0.2832507010507039,9,0,0,0.05906534024568921,0.5526817779087073,0.7987390500746261,Stable
FABOMOTIZOLUM,0.65,8096.630166666667,1.5381689989340699,2.857142857142857,0.1780873542486433,39,0,0,0.022993722845713882,0.6855673729399829,0.5596472955413846,Intermittent
FACTOR COAGULATIONIS VIII*,0.8166666666666667,0.125,2.6585409532297977,5.454545454545454,0.47910400000000014,1,12,36,0.1706206548063054,0.1389804607112538,-0.040374455752750546,Potential discontinued
FACTOR COAGULATIONIS VIII*+WILLEBRAND FACTOR*,0.85,0.22083333333333333,2.5182718537178395,6.666666666666667,0.10125396938412247,16,31,4,0.13999105046887006,0.026815596191853364,-0.0007154225393513902,Potential discontinued
FAMCICLOVIRUM,0.03333333333333333,607.8536666666666,1.0852039833982303,1.0344827586206897,1.105078762730607,0,0,2,0.38141048056952354,0.6225241163199379,0.8394445582922258,Lumpy / volatile
FAMOTIDINUM,0.0,78569.05550000002,0.2175486699809568,1.0,0.04732742381048324,0,0,0,0.4124732757063385,0.30694376949243174,0.42942555568156876,Stable
FAVIPIRAVIRUM,0.4666666666666667,1021.4276666666666,3.0277230652717346,1.875,4.422457045321851,28,0,0,0.03062764733104184,0.32217488044143705,-0.09020740702419454,Lumpy / volatile
FEBUXOSTATUM,0.0,10173.578166666668,0.6074561287826774,1.0,0.36900294839563674,0,0,0,0.26690962464094037,0.9628423769192744,0.9269158788569593,Stable
FELODIPINUM,0.0,2286.454166666667,0.2736410150939692,1.0,0.07487940514165788,0,0,0,0.46880417431399246,0.8547098123930224,0.7097187969171944,Stable
FENOFIBRATUM,0.0,3095.924333333333,0.27567582678681135,1.0,0.07599716147459201,0,0,0,0.21294989030713785,0.5642217915401118,0.12235637909411219,Stable
FENOTEROLUM,0.0,4589.134666666667,0.22749117906396454,1.0,0.05175223655191278,0,0,0,0.43400940112118047,0.6126595930310964,0.4595433700885786,Stable
FENPIVERINII BROMIDUM+IBUPROFENUM+PITOFENONUM,0.0,21821.899166666666,0.42578994585884267,1.0,0.18129707799447617,0,0,0,0.1386668725016008,0.6214288371000836,0.4589584242624802,Stable
FENPIVERINII BROMIDUM+KETOROLACUM+PITOFENONUM,0.35,2057.296,1.1470738240431095,1.5384615384615385,0.5052559325731734,21,0,0,0.04755222807572712,0.7718204575491707,0.5305637484648036,Lumpy / volatile
FENSPIRIDUM,0.6166666666666667,9390.173,4.685202227415345,2.608695652173913,7.797929299514794,0,37,0,0.02313372444399875,0.7510718859735805,0.9261326066840452,Potential discontinued
FENTANYLUM,0.0,126.90616666666666,1.4029468020089013,1.0,1.9682597292670034,0,0,0,0.15388112641389518,0.11962577474529079,-0.04612027293421803,Lumpy / volatile
FENTICONAZOLUM,0.0,5415.0005,0.2835707263241945,1.0,0.08041235682803123,0,0,0,0.2614557045115492,0.19422173110551566,-0.15974145110121485,Stable
FERRI (III) HYDROXYDI POLYMALTOSUM COMPLEXUS*,0.0,15321.883166666668,0.32787982213658834,1.0,0.10750517776432078,0,0,0,0.14806471379081332,0.242770763137934,0.1757381502824252,Stable
FERRI SACCHARAS*,0.0,7247.103666666665,0.21229811096540874,1.0,0.04507048791948099,0,0,0,0.1425088437370915,0.03975052754920427,-0.14136630858009658,Stable
FERRI SULFAS*,0.0,11036.149000000001,0.2739976226816518,1.0,0.07507469723519683,0,0,0,0.17619912974380936,0.017358303082197102,-0.3071308826964343,Stable
FERRI SULFAS*+SERINUM,0.03333333333333333,1948.205666666667,0.6557968473816429,1.0344827586206897,0.38240052153451176,0,2,0,0.031284173718794994,0.5835194465221645,0.49802320317186854,Stable
FERRICUM CARBOXYMALTOSUM,0.05,304.55533333333335,1.237901438094319,1.0526315789473684,1.4057799719141837,0,0,3,0.026575021627913697,0.3766656088068693,0.6684496065531483,Lumpy / volatile
FERROUS FUMARATE*,0.0,3789.782166666667,0.44872503788794305,1.0,0.20135415962753592,0,0,0,0.19937796914386907,0.7428316463292601,0.5926175357247881,Stable
FEXOFENADINUM,0.0,29229.2855,0.5772236509778368,1.0,0.3331871432481836,0,0,0,0.5371428309876489,0.6886147485924772,0.7252376047498322,Seasonal
FILGRASTIMUM,0.0,1706.5313333333334,0.4121083715870764,1.0,0.16983330993215182,0,0,0,0.08277857894520413,0.18504970813808486,-0.20587362014938745,Stable
FINASTERIDUM,0.0,8826.153,0.18071158334830448,1.0,0.0326566763562512,0,0,0,0.5231992486676221,0.6250448566601893,0.5695123172310964,Seasonal
FINGOLIMODUM,0.35,5.207333333333334,1.5571082404791017,1.5384615384615385,1.2259809471691514,13,5,3,0.07383731200510779,0.10454481139198313,-0.11084568997622773,Lumpy / volatile
FLADEXANUM*,0.0,522.3083333333333,0.18240512995144847,1.0,0.033271631432604795,0,0,0,0.18598246429548582,0.2366478057765251,0.04757008412306485,Stable
FLECAINIDUM,0.0,3708.5303333333336,0.6118359440424964,1.0,0.37434322242237267,0,0,0,0.18921537193641458,0.9269084226712391,0.820818642323596,Stable
FLUCONAZOLUM,0.0,451589.39,0.18308091735526047,1.0,0.03351862229964372,0,0,0,0.36619724570753265,0.5007147637581107,0.3244045222332406,Stable
FLUDARABINUM,0.5166666666666667,2.8971666666666676,2.407659982181727,2.0689655172413794,2.2851328517363347,0,2,29,0.19841328353058807,0.13322301770983602,-0.0775336428952162,Lumpy / volatile
FLUDROCORTISONUM,0.0,876.6771666666667,0.3186658431413031,1.0,0.1015479195849576,0,0,0,0.1593782210295539,0.06211114252450756,-0.0701778940034372,Stable
FLUMAZENILUM,0.8666666666666667,0.8231666666666666,4.942921874832211,7.5,2.390996888092638,43,0,9,0.14908587196897172,0.20351219131527687,-0.019948916592784652,Lumpy / volatile
FLUOCINOLONI ACETONIDUM,0.0,92664.67433333333,0.17517433472401883,1.0,0.030686047546002588,0,0,0,0.3441328837371551,0.7894321290254946,0.6889038104642304,Stable
FLUOCINOLONI ACETONIDUM+NEOMYCINUM,0.0,783.4966666666667,0.28628839656321375,1.0,0.08196104600673594,0,0,0,0.3024921928225025,0.6741994878518016,0.4787009825450439,Stable
FLUOCINONIDUM+GENTAMICINUM,0.0,49448.55466666666,0.17674788666666097,1.0,0.031239815441130823,0,0,0,0.549611093071011,0.41231593674907197,0.39056076850039184,Seasonal
FLUOCORTOLONUM+LIDOCAINUM,0.0,8733.520999999999,0.354186933081438,1.0,0.12544838356563504,0,0,0,0.06762407919399294,0.4812804523522798,-0.10808465257230888,Stable
FLUORESCEINUM*,0.8666666666666667,0.04583333333333333,2.8046596411114377,7.5,0.18214876033057853,2,49,1,0.13036909325197965,0.30179019046356115,,Potential discontinued
FLUOROURACILUM,0.0,1751.5538333333332,0.49458591106647687,1.0,0.24461522342545697,0,0,0,0.2412084166511249,0.12588373220918614,-0.020640030840738836,Stable
FLUOXETINUM,0.0,19804.442833333334,0.35682136464441794,1.0,0.12732148626670467,0,0,0,0.10843117947298431,0.6219798863516137,0.6515525865254147,Stable
FLUPENTIXOL,0.0,2918.0924999999993,0.17928966651895728,1.0,0.03214478452047892,0,0,0,0.4606596435091048,0.6712953291399952,0.5142573851718193,Stable
FLUPHENAZINUM,0.0,1351.4936666666665,0.16205400441903162,1.0,0.026261500348243517,0,0,0,0.4138631290717959,0.12348268048388811,0.3276446002734323,Stable
FLUPIRTINE,0.9333333333333333,2.68,3.796519152859336,15.0,0.027570511868518107,0,56,0,0.12375479834890357,0.17203317554475894,,Potential discontinued
FLURBIPROFENUM,0.0,103373.166,0.4747270600318618,1.0,0.22536578152649495,0,0,0,0.7256358058278749,0.15295156099541596,0.6991410374813815,Seasonal
FLUTAMIDUM,0.0,7951.711333333334,0.20172488153052062,1.0,0.04069292782850257,0,0,0,0.3066802394514099,0.5628287075667491,0.15259600198959541,Stable
FLUTICASONUM,0.0,22743.387666666662,0.29283662550396894,1.0,0.08575328923655176,0,0,0,0.34993478836706415,0.37637348145461547,0.29159057626692647,Stable
FLUTICASONUM FUROAS,0.0,16519.389,0.5938744513432439,1.0,0.35268686395823895,0,0,0,0.703467165791642,0.47930496368550735,0.8024890893439102,Seasonal
FLUTICASONUM+SALMETEROLUM,0.0,27718.432166666662,0.18188749594880887,1.0,0.03308306118252796,0,0,0,0.5209630944043284,0.2858963726950381,0.23635108452920642,Seasonal
FLUVOXAMINUM,0.0,461.37433333333337,0.4009528232695496,1.0,0.16076316648782268,0,0,0,0.1942280237100903,0.1745510278305208,0.10581104920600765,Stable
FOENICULUM VULGARE MILL.*&,0.6,56.588166666666666,4.196679544040728,2.5,6.444847678147954,0,25,11,0.08878541631898718,0.39668344219718776,0.2371752789701601,Potential discontinued
FOLIC ACID,0.0,50189.47583333333,0.14091553274821342,1.0,0.019857187369712807,0,0,0,0.3197920121337664,0.3453185462074292,0.15549250614212448,Stable
FOLLITROPIN DELTA,0.9,0.24200000000000002,4.132650116527401,10.0,0.8078796985633948,47,5,2,0.1785447954126167,0.17865693002121408,-0.039753881778502705,Lumpy / volatile
FOLLITROPINUM ALFA,0.16666666666666666,95.07966666666667,1.25108773627368,1.2,1.1376837698786681,0,0,10,0.11116804906649014,0.5330380200471552,0.4734298257900852,Lumpy / volatile
FOLLITROPINUM ALFA+LUTROPINUM ALFA,0.7333333333333333,54.559,1.793217833578689,3.75,0.12416805297723905,44,0,0,0.035913206133069475,0.5930988883163718,0.31160459268164176,Intermittent
FOLLITROPINUM BETA,0.03333333333333333,323.40216666666663,1.4979273565879427,1.0344827586206897,2.1356601534273905,0,0,2,0.3253994099259161,0.2124558518359213,0.03722825608034917,Lumpy / volatile
FONDAPARINUXUM NATRICUM,0.0,726.5619999999999,1.198205623501332,1.0,1.4356967161902159,0,0,0,0.23659170672268892,0.39229596527305965,0.10790200347055993,Lumpy / volatile
FONTURACETAMUM,0.4666666666666667,527.6711666666667,1.5686002298804862,1.875,0.8456035632965944,0,17,11,0.02684156540280025,0.7721307951445093,0.398832692037676,Potential discontinued
FORMALDEHYDUM*,0.0,28564.535499999994,0.3093979213439608,1.0,0.09572707373196379,0,0,0,0.6274981121542367,0.10999382138614178,0.6090863685087423,Seasonal
FORMOTEROLUM,0.0,4143.220166666667,0.2028099465325271,1.0,0.0411318744125265,0,0,0,0.4894977650851965,0.09557775093971155,0.3210038723094186,Stable
FOSFOCREATININUM,0.016666666666666666,784.5738333333334,0.3657415206070722,1.0169491525423728,0.11487074556437392,0,0,1,0.16512629495612774,0.008008683096234703,-0.3367548237118334,Stable
FOSFOMYCINUM,0.0,46729.42866666665,0.19755548438924422,1.0,0.03902816941226891,0,0,0,0.46900219394665765,0.686684935797032,0.56035365143458,Stable
FOSFRUCTOSUM,0.7833333333333333,25.004833333333334,5.118801746418269,4.615384615384615,4.893795119145855,0,46,1,0.12026321251645655,0.3767720174224649,0.9354593329378227,Potential discontinued
FOSINOPRILUM,0.8333333333333334,29.639833333333335,5.570822837487392,6.0,4.3390111811118475,0,50,0,0.04390522058986457,0.3682236464103933,,Potential discontinued
FOSINOPRILUM+HYDROCHLOROTHIAZIDUM,0.8333333333333334,8.818333333333333,4.430833642673499,6.0,2.4387144615078844,0,50,0,0.06432547680148037,0.3043766448295626,,Potential discontinued
FRAMYCETINUM,0.0,31038.970999999998,0.5166413820542517,1.0,0.2669183176509273,0,0,0,0.468454394834793,0.06519705338792381,0.11556523961993048,Stable
FRANGULA ALNUS*&,0.0,9306.263500000001,0.2414843990992069,1.0,0.05831471500830504,0,0,0,0.7491340319344353,0.8354863033656145,0.8384300757274175,Seasonal
FREMANEZUMAB,0.31666666666666665,9.801999999999998,1.379565695652799,1.4634146341463414,0.9838543642250273,18,0,1,0.1907312472491185,0.7384364478521358,0.48549182479121794,Lumpy / volatile
FULVESTRANTUM,0.0,73.7125,1.0970911932172827,1.0,1.2036090862349211,0,0,0,0.06565336734197802,0.20735549288014699,-0.15197478070272358,Lumpy / volatile
FURAZIDINUM*,0.0,78797.37383333335,0.20193768114059588,1.0,0.04077882706444097,0,0,0,0.4474744770410871,0.0034830377391059653,0.26892464453148324,Stable
FURAZOLIDONUM,0.0,19861.669666666665,0.21029210490911257,1.0,0.04422276938710521,0,0,0,0.32584236345705553,0.7600874945888517,0.5894121678577521,Stable
FUROSEMIDUM,0.0,143565.7835,0.17438399803642995,1.0,0.030409778771169606,0,0,0,0.3259613611230675,0.7118312192544725,0.5675394166299234,Stable
FUROSEMIDUM+SPIRONOLACTONUM,0.8,12.130166666666666,3.4572022214623175,5.0,1.5904494400167957,0,45,3,0.07321485582952703,0.32262334257711667,0.44101267751880013,Potential discontinued
GABAPENTINUM,0.0,14980.702,0.2058398919284517,1.0,0.042370061109116675,0,0,0,0.11737584402810153,0.4910631552909922,0.4055629258792534,Stable
GABEXATUM,0.7,20.268666666666668,1.987738141631681,3.3333333333333335,0.48533087590921065,42,0,0,0.0343976339413814,0.6415421288577549,0.6638589970370801,Intermittent
GADOBUTROLUM,0.0,61.365166666666674,0.8171633273509601,1.0,0.6677559035672923,0,0,0,0.11863314551737825,0.050611246954078815,-0.22143307413651378,Stable
GADODIAMIDUM,0.9833333333333333,0.0015,7.681145747868611,60.0,0.0,0,59,0,0.18100046365462996,0.04331604222080787,,Potential discontinued
GALANTAMINUM,0.8833333333333333,0.7518333333333334,3.084645836576038,8.571428571428571,0.2267546593290197,0,51,2,0.09010230638873296,0.28777968643036267,,Potential discontinued
GALAVITUM*,0.3,344.56283333333334,1.1967377196245752,1.4285714285714286,0.7025268187005604,14,3,1,0.01365764268959091,0.027355997946431954,-0.028961987666255087,Lumpy / volatile
GANCICLOVIRUM,0.0,1405.8476666666663,0.4795528264849936,1.0,0.2299709133897464,0,0,0,0.12216021716522507,0.6617915628218315,0.4308423173324023,Stable
GANIRELIXUM,0.016666666666666666,169.20183333333333,1.7243103150082417,1.0169491525423728,2.9070252947364246,0,0,1,0.26538977520391216,0.18019509659846566,-0.05834862619150635,Lumpy / volatile
GATIFLOXACINUM,0.0,2678.0933333333332,0.8071048314335505,1.0,0.6514182089233798,0,0,0,0.07446412367346289,0.778380681233351,0.7768676129845047,Stable
GEFITINIBUM,0.3333333333333333,3.1333333333333337,1.5597870744172868,1.5,1.2886238116794924,19,0,1,0.13294534150692894,0.5551282374765019,0.1813978937859551,Lumpy / volatile
GELATINUM*+KALII CHLORIDUM*+MAGNESII CHLORIDUM*+NATRII CHLORIDUM*+NATRII LACTAS*,0.3333333333333333,6.966333333333333,2.508677232692903,1.5,3.862307638554484,20,0,0,0.2953478507020896,0.66486149511472,0.17625429525197558,Lumpy / volatile
GELATINUM*+NATRII CHLORIDUM*,0.0,148.75966666666667,0.3305031229606031,1.0,0.10923231428671153,0,0,0,0.09950112477195305,0.08137016447618983,0.027097116655496148,Stable
GEMCITABINUM,0.0,434.1075,0.5278729337232021,1.0,0.2786498341575401,0,0,0,0.11448710608795443,0.031222585792503477,-0.23504353338969772,Stable
GEMTUZUMABUM,0.7333333333333333,0.19666666666666668,3.731347367155084,3.75,2.979454179833381,30,0,14,0.20068552706709164,0.16215266220814195,-0.04421257451508611,Lumpy / volatile
GENTAMICINUM,0.0,8276.352,0.3574368245602973,1.0,0.12776108355174876,0,0,0,0.3090636402572242,0.8618787803629541,0.7037053113394568,Stable
GENTAMICINUM+METHOXAN+TRYPTOPHANUM+ZINCI SULFAS*,0.0,12449.833333333334,0.14574713251461574,1.0,0.021242226636232965,0,0,0,0.38361273232460313,0.0036904845555399968,0.15540982815588694,Stable
GENTAMICINUM+TRYPTOPHANUM+ZINCI SULFAS*,0.0,2526.513166666666,0.5100088350399671,1.0,0.2601090118188244,0,0,0,0.23417873994883853,0.740584749834862,0.6464174339671768,Stable
GENTIANA LUTEA&+PRIMULA&+RUMEX CONFERTUS&+SAMBUCUS NIGRA*&+VERBENA OFFICINALIS&,0.0,175359.56716666665,0.4663820005693715,1.0,0.21751217045508928,0,0,0,0.6412625836699521,5.959207317385307e-06,0.43792868174515415,Seasonal
GIDAZEPAMUM*,0.0,241735.99183333336,0.1180810809958821,1.0,0.01394314168915607,0,0,0,0.5645492536432664,0.07221652269914147,0.40584843124836656,Seasonal
GINKGO BILOBA*&,0.0,20245.21766666666,0.23728842654656032,1.0,0.05630579737294235,0,0,0,0.20651303176951608,0.7170817838646393,0.4106555871947496,Stable
GINKGO BILOBA*&+HEPTAMINOL+TROXERUTINUM,0.05,616.3441666666665,1.202746361220217,1.0526315789473684,1.3242688689570488,0,0,3,0.0699769008302149,0.5830320173930778,0.8039968531698166,Lumpy / volatile
GLATIRAMERI ACETAS*,0.016666666666666666,14.584333333333332,0.8188891335771065,1.0169491525423728,0.6427364228724861,0,0,1,0.20618103744868455,0.07626087750803279,0.03503903996439988,Stable
GLAUCINUM*,0.0,21015.4975,0.7343101980350204,1.0,0.5392114669382309,0,0,0,0.5445284901316454,0.13868162998435007,0.33344009335613184,Seasonal
GLAUCINUM*+EPHEDRINUM*,0.0,39943.099833333334,0.5301707755264451,1.0,0.2810810512223122,0,0,0,0.6680083997882843,0.1300298612231845,0.4277290569331989,Seasonal
GLIBENCLAMIDUM,0.0,20509.966666666667,0.2404947866348968,1.0,0.05783774239856453,0,0,0,0.39077211672494894,0.9049580814105498,0.818473070911083,Stable
GLIBENCLAMIDUM+METFORMINUM,0.0,22912.479333333333,0.22581652481760406,1.0,0.05099310288069959,0,0,0,0.35617541865546154,0.8150996188352228,0.6230232585385601,Stable
GLICLAZIDUM,0.0,210313.86800000005,0.16124084128912067,1.0,0.0259986088996234,0,0,0,0.20267409694258143,0.39955194058958765,0.37119654331897745,Stable
GLICLAZIDUM+METFORMINUM,0.6,247.88366666666667,1.7270868852323313,2.5,0.5931316436566065,0,36,0,0.024026445962362697,0.7091979242216543,0.4075348132337916,Potential discontinued
GLIMEPIRIDUM,0.0,97793.12666666668,0.13373575341734156,1.0,0.017885251742103984,0,0,0,0.35547594252768,0.24979108972333997,0.15235532306044935,Stable
GLIMEPIRIDUM+METFORMINUM,0.0,20108.86383333334,0.2909630901202077,1.0,0.08465951981230012,0,0,0,0.1307678755157986,0.6757712767125152,0.5314381016761097,Stable
GLIMEPIRIDUM+METFORMINUM+PIOGLITAZONUM,0.9833333333333333,2.618333333333333,7.6811457478686105,60.0,0.0,0,59,0,0.1810004636546294,0.04331604222080576,,Potential discontinued
GLIPIZIDUM+METFORMINUM,0.7,136.096,2.530918052853378,3.3333333333333335,1.2216638570777398,0,29,13,0.01327910698504342,0.5423276070203971,0.5244167937388352,Potential discontinued
GLIQUIDONUM,0.0,1406.3583333333333,0.14591962888488824,1.0,0.02129253809390351,0,0,0,0.43219667576961074,0.5632926495831312,0.37149777415818147,Stable
GLUCAGONUM,0.0,31.348499999999994,0.6118861390470256,1.0,0.3744046471578759,0,0,0,0.2388435911056691,0.07594673591155687,0.03486217438475032,Stable
GLUCOSAMINILMURAMILPENTAPEPTIDUM*,0.0,800.9760000000001,0.5537818557731313,1.0,0.30667434378353314,0,0,0,0.18720865447242507,0.7158765690560238,0.48524430861446743,Stable
GLUCOSAMINUM,0.0,17670.693333333336,0.32002037476950657,1.0,0.10241304026761544,0,0,0,0.04900062207077782,0.4156148896500399,0.14225564254125783,Stable
GLUTATHIONUM*,0.0,1014.7571666666665,0.3206978647713274,1.0,0.1028471204688886,0,0,0,0.15827941372086451,0.08690701172707671,-0.4542066634591044,Stable
GLUTOXIMUM*,0.03333333333333333,1307.7596666666666,0.9414322370449539,1.0344827586206897,0.8234181683825503,0,0,2,0.024361634027655232,0.00021088548319048162,0.030027119739026747,Stable
GLYCEROLUM,0.0,136579.602,0.49075531082108653,1.0,0.24084077509910118,0,0,0,0.14915624565252694,0.7781549913001307,0.39695343107932113,Stable
GLYCEROLUM+IODUM*+KALII IODIDUM*,0.0,818.0093333333332,0.9571069833148298,1.0,0.916053777510014,0,0,0,0.06800429008379794,0.6149892402152148,0.5617266700216894,Stable
GLYCINUM,0.0,105494.46883333333,0.3044868250539289,1.0,0.09271222663142191,0,0,0,0.5257670683102229,0.802421115705514,0.7268957589110894,Seasonal
GLYCOPYRRONII BROMIDUM+INDACATEROLUM,0.43333333333333335,7.0858333333333325,2.0711522732244125,1.7647058823529411,1.9974806520335011,0,26,0,0.10019734479635689,0.7904624321289935,0.465314012720511,Potential discontinued
GLYCYRRHIZA GLABRA/URALENSIS*&,0.0,27159.11383333333,0.5356343559169701,1.0,0.2869041632385873,0,0,0,0.6138081278242032,0.46260526677481517,0.48603373107477327,Seasonal
GOLIMUMABUM,0.06666666666666667,19.622666666666664,1.3297697715860712,1.0714285714285714,1.5837351357291332,0,0,4,0.09615305188901868,0.43923481550656596,0.5344564495241625,Lumpy / volatile
GONADOTROPINUM CHORIONICUM,0.45,976.6673333333334,1.1514881590493005,1.8181818181818181,0.2792587392369112,0,22,5,0.03822021147353649,0.7974797230202085,0.7248794779548775,Potential discontinued
GOSERELINUM,0.0,1730.032333333333,0.5428385356330672,1.0,0.29467367576825276,0,0,0,0.1574075203907852,0.5891510550352438,0.3177406625487888,Stable
GRISEOFULVINUM,0.0,2239.6201666666666,0.2779618142108463,1.0,0.07726277015938503,0,0,0,0.8029657898592453,0.4599513988029046,0.8067996894936311,Seasonal
GUAIFENESINUM,0.55,18.520833333333332,1.7989252516920047,2.2222222222222223,0.906259427528814,0,31,2,0.10327585959308538,0.7826359358162531,0.7338335335933708,Potential discontinued
GUAIFENESINUM+PARACETAMOLUM+PHENYLEPHRINUM,0.0,30219.897166666666,0.650897144682685,1.0,0.4236670929560722,0,0,0,0.7838127112104366,0.3206809734841891,0.678421332039177,Seasonal
GUANFACINUM,0.5833333333333334,243.282,1.487276750938476,2.4,0.3383300557842126,1,25,9,0.12465088342194797,0.6690657153979542,0.1476905381929215,Potential discontinued
HALOPERIDOLUM,0.0,7856.155333333333,0.1343759832221429,1.0,0.018056904866917634,0,0,0,0.2057794390936506,0.14058479390049372,0.08866809003742789,Stable
HARPAGOPHYTUM PROCUMBENS*,0.0,2299.922,0.4482397195046154,1.0,0.20091884614157632,0,0,0,0.14096742991211042,0.6367943963695474,0.4148042364573868,Stable
HEDERA HELIX*&,0.0,163126.23283333334,0.5343802475404271,1.0,0.2855622489613681,0,0,0,0.5549406798366157,0.10907181337453964,0.255760301474641,Seasonal
HEDERA HELIX*&+THYMUS SERPYLLUM*&,0.0,9625.259166666665,0.6599898071222694,1.0,0.43558654550529047,0,0,0,0.578501216970595,0.2314785024472552,0.264680298803948,Seasonal
HELICHRYSUM ARENARIUM*&,0.0,15337.939499999999,0.28291438620842296,1.0,0.0800405499236887,0,0,0,0.6786355945063205,0.504238186607983,0.7168908777214509,Seasonal
HEPARIN SODIUM,0.0,69808.18733333334,0.26819708174037526,1.0,0.07192967465405353,0,0,0,0.46993823781648525,0.6839555976080212,0.47784845092507944,Stable
HEPARINUM NATRICUM+POLIDOCANOLUM+PREDNISOLONUM,0.0,45452.82050000001,0.18976361853081855,1.0,0.03601023091791003,0,0,0,0.1842606755437841,0.4351763727692032,0.03631183208829663,Stable
HERBA MELISSAE,0.0,12225.137666666664,0.40205110794282367,1.0,0.16164509339805208,0,0,0,0.8785871932378486,0.8348017856662385,0.917817947465601,Seasonal
HERBA MELISSAE+PASSIFLORA INCARNATA*+VALERIANA OFFICINALIS*&,0.15,10838.341499999999,0.7929362817516691,1.1764705882352942,0.38443575488043796,9,0,0,0.023237780055738066,0.6473856312993205,0.6610170138536787,Stable
HEXAMETHONII BROMIDUM,0.0,302.78516666666667,0.4144230320753456,1.0,0.17174644951452292,0,0,0,0.21049244375331166,0.048561958343737666,0.06381557729443572,Stable
HEXESTROLUM,0.95,0.3183333333333333,6.651487017410144,20.0,1.2621139771387844,0,51,6,0.1929469570678669,0.09136450143550445,,Potential discontinued
HEXETIDINUM,0.0,29054.015166666664,0.4190930234829823,1.0,0.17563896233210752,0,0,0,0.3191479411149566,0.5480429358002106,0.4323419769039577,Stable
HEXOPRENALINUM,0.0,460.0558333333333,0.35773794626261635,1.0,0.1279764381961946,0,0,0,0.1711111060894981,0.8434003246864801,0.5939052012072735,Stable
HIDROSMIN,0.0,2738.6339999999996,0.17019107481137855,1.0,0.02896500194545225,0,0,0,0.20501975412185758,0.02775162030167999,-0.3535350230789791,Stable
HUMULUS LUPULUS*&+MENTHA PIPERITA+MENYANTHES TRIFOLIATA&+VALERIANA OFFICINALIS*&,0.0,474.0356666666667,0.3705385909095544,1.0,0.1372988473532381,0,0,0,0.3290622975357993,0.4387575697320739,0.3653846216444908,Stable
HUMULUS LUPULUS*&+VALERIANA OFFICINALIS*&,0.0,786.2888333333334,0.428039476654247,1.0,0.1832177935744417,0,0,0,0.2671106350936131,0.26783506784503064,0.27006563064184486,Stable
HYALURONIC ACID*,0.0,9111.186,0.22052815976546492,1.0,0.048632669249542425,0,0,0,0.2352206358202581,0.6150283865475006,0.11697031657099455,Stable
HYALURONIDASUM,0.0,3760.4764999999998,0.33152410286617906,1.0,0.10990823078122487,0,0,0,0.21909207013177778,0.3840254800388708,0.17861157782896372,Stable
HYALURONIDASUM+PERTUZUMABUM+TRASTUZUMABUM,0.5,7.989333333333334,2.0662889198743906,2.0,1.6347749501978381,29,1,0,0.07561101543573834,0.37465165251802546,0.15044797365253493,Lumpy / volatile
HYDROCHLOROTHIAZIDUM,0.0,77725.70249999998,0.24591065131065892,1.0,0.06047204842803248,0,0,0,0.20007199315928503,0.7250724548063376,0.6548039020491054,Stable
HYDROCHLOROTHIAZIDUM+IRBESARTANUM,0.0,7322.8095,0.14793732782173324,1.0,0.02188545296303497,0,0,0,0.4176217213297695,0.08239959321233492,0.16786711507758423,Stable
HYDROCHLOROTHIAZIDUM+LEVAMLODIPINUM,0.9833333333333333,0.4516666666666667,7.681145747868606,60.0,0.0,0,59,0,0.1810004636546284,0.043316042220803985,,Potential discontinued
HYDROCHLOROTHIAZIDUM+LISINOPRILUM,0.0,184435.2621666667,0.17420813094782497,1.0,0.030348472888334532,0,0,0,0.5501365216575469,0.7012860071768348,0.6104623483815746,Seasonal
HYDROCHLOROTHIAZIDUM+LOSARTANUM,0.0,23592.369000000006,0.34579319154040916,1.0,0.11957293131570214,0,0,0,0.3433314292596713,0.8203685800805789,0.5820814929163544,Stable
HYDROCHLOROTHIAZIDUM+NEBIVOLOLUM,0.0,6678.7385,0.4346042954692341,1.0,0.18888089364030933,0,0,0,0.2018942250739154,0.8298679522233614,0.8196248610982118,Stable
HYDROCHLOROTHIAZIDUM+OLMESARTANUM MEDOXOMILUM,0.0,1595.3446666666666,0.3798940567759213,1.0,0.14431949437366692,0,0,0,0.15367729395201746,0.453825858744732,0.35142844950428975,Stable
HYDROCHLOROTHIAZIDUM+QUINAPRILUM,0.1,743.0833333333335,0.7249335517153859,1.1111111111111112,0.3729757889624157,0,1,5,0.02856440531207327,0.702525645191813,0.6145418514842051,Stable
HYDROCHLOROTHIAZIDUM+RAMIPRILUM,0.0,15085.194833333335,0.1614255760589426,1.0,0.02605821660596146,0,0,0,0.4330726527507842,0.14830730679356874,0.2153731217907153,Stable
HYDROCHLOROTHIAZIDUM+TELMISARTANUM,0.0,10070.938333333334,0.389737440577771,1.0,0.15189527258811159,0,0,0,0.045733453912794486,0.5781760518695319,0.7191637684453221,Stable
HYDROCHLOROTHIAZIDUM+TRIAMTERENUM,0.7333333333333333,105.16199999999999,1.9845221258061512,3.75,0.31688748475044365,0,44,0,0.01479097870196766,0.6043355536597168,0.5504420538215721,Potential discontinued
HYDROCHLOROTHIAZIDUM+VALSARTANUM,0.0,163175.9253333333,0.15192599944236884,1.0,0.023081509306562654,0,0,0,0.4402651746953885,0.05847251176659274,0.18556796197293432,Stable
HYDROCHLOROTHIAZIDUM+ZOFENOPRILUM,0.0,292.35450000000003,0.4145818610417238,1.0,0.1718781195048192,0,0,0,0.14045827899132934,0.32873595049839177,0.238814501973044,Stable
HYDROCORTISONUM,0.0,67403.22633333334,0.25329330650081294,1.0,0.06415749911811479,0,0,0,0.09208148849084485,0.4288315298943318,0.048685221917399144,Stable
HYDROCORTISONUM+NATAMYCINUM+NEOMYCINUM,0.0,8750.560666666664,0.1725038554087843,1.0,0.029757580130894756,0,0,0,0.23511638166927995,0.17998957889956113,0.12329551526923577,Stable
HYDROCORTISONUM+OXYTETRACYCLINUM,0.0,18193.455166666667,0.18834987656610358,1.0,0.03547567600246645,0,0,0,0.2874599328976597,0.8316871188487078,0.694120853213495,Stable
HYDROCORTISONUM+ZINCI SULFAS*,0.0,10466.33533333333,0.16851852876942544,1.0,0.028398494538611666,0,0,0,0.23792888238000387,0.13666931448352082,0.1558677356402463,Stable
HYDROGENII PEROXIDUM*,0.0,779251.9503333333,0.3504342092766038,1.0,0.1228041350313185,0,0,0,0.4900654079844401,0.7242587725013537,0.3908345435918478,Stable
HYDROTALCITUM+MAGNESII HYDROXIDE*,0.0,876.6728333333334,0.4978975565269063,1.0,0.24790197679546383,0,0,0,0.02530430615561796,0.039336239297660835,-0.1496095051617313,Stable
HYDROXYCARBAMIDUM,0.0,1010.5106666666667,0.1758967664815985,1.0,0.030939672458682,0,0,0,0.4325201529187317,0.0024707191440331844,0.14806272436974785,Stable
HYDROXYCHLOROQUINUM,0.0,1821.3025,0.39755038479522603,1.0,0.15804630845083228,0,0,0,0.3060418162544799,0.174388161898402,-0.010631080191184668,Stable
HYDROXYETHYLAMYLUM*,0.0,1870.3585,0.4911106873548014,1.0,0.2411897072341055,0,0,0,0.14868752713852007,0.7653815860795878,0.7158087843170103,Stable
HYDROXYETHYLAMYLUM*+NATRII CHLORIDUM*,0.0,322.52166666666665,0.7632037253682946,1.0,0.5824799264160432,0,0,0,0.11338148202396159,0.70214412039886,0.2881909434410518,Stable
HYDROXYPROGESTERONI CAPROAS,0.0,1405.7248333333332,0.3127885735750344,1.0,0.09783669175910473,0,0,0,0.28165178478547936,0.6998336286616276,0.5552744045492156,Stable
HYDROXYZINUM,0.0,12442.729333333335,0.654760625040961,1.0,0.4287114761040299,0,0,0,0.0747818397396196,0.21792427163235528,0.21032293015006584,Stable
HYMECROMONUM,0.9333333333333333,84.669,4.367957265815011,15.0,0.338603378399077,56,0,0,0.12529154740135484,0.16642038176434215,,Launch / lifecycle
HYPERICUM PERFORATUM*&,0.0,18493.466666666667,0.30500595553788906,1.0,0.09302863291358075,0,0,0,0.6087324365278208,0.7381009379201586,0.7707193508557865,Seasonal
HYPERICUM PERFORATUM*&+VALERIANA OFFICINALIS*&,0.016666666666666666,2074.5670000000005,1.0044030552628633,1.0169491525423728,0.9753450724643516,0,0,1,0.026224391471965536,0.007579963423217206,-0.3076491925472438,Lumpy / volatile
HYPERICUM PERFORATUM/QUADRANGULUM*&+ELEUTHEROCOCCUS SENTICOSUS*&+ECHINACEA PURPUREA/ANGUSTIFOLIA*&,0.16666666666666666,208.80800000000002,1.1063379403140323,1.2,0.8533196984819128,0,9,1,0.18747079516100218,0.7932771090577346,0.738086643457148,Potential discontinued
HYPERICUM PERFORATUM/QUADRANGULUM*&+MATRICARIA CHAMOMILLA*&+HELICHRYSUM ARENARIUM*&,0.0,598.6836666666667,0.5810822686887511,1.0,0.337656602984466,0,0,0,0.04838178126356418,0.11730823529793521,0.015173960966207939,Stable
HYPPOPHAE RHAMNOIDES*&,0.0,83450.358,0.3532993529060182,1.0,0.1248204327638112,0,0,0,0.5510146508760375,0.8825889749299419,0.8317699358941616,Seasonal
HYPROMELLOSUM,0.0,1733.033333333333,0.16827902965517322,1.0,0.028317831821686668,0,0,0,0.06305188464043576,0.14734374229713454,-0.21134361045897757,Stable
IBRUTINIBUM,0.9666666666666667,0.0003333333333333333,5.3851648071345055,30.0,0.0,7,38,13,0.1898080359716383,0.04872006606110668,-0.030414953233623594,Potential discontinued
IBUPROFENUM,0.0,1042536.5538333332,0.24775163170418554,1.0,0.061380871012086384,0,0,0,0.44805546484188086,0.03534180526212727,0.029157035120755917,Stable
IBUPROFENUM+LEVOMENTHOLUM,0.0,57421.37416666666,0.1633872287896138,1.0,0.026695386531549594,0,0,0,0.07227636581297214,0.5292706308832869,0.017336608078787407,Stable
IBUPROFENUM+PARACETAMOLUM,0.0,17429.262166666667,0.6574493482970957,1.0,0.43223964557627576,0,0,0,0.3835137621379838,0.6086822301333785,0.5554631048404459,Stable
IBUPROFENUM+PHENYLEPHRINUM,0.31666666666666665,7637.446166666667,1.1484526530655559,1.4634146341463414,0.584611389161098,19,0,0,0.0864902644103005,0.6524593322596082,0.35145726418624923,Lumpy / volatile
ICHTHYOLUM*,0.0,31266.635666666665,0.17488929955644483,1.0,0.03058626709934389,0,0,0,0.45409490171003963,0.7789788708310296,0.5982849743472741,Stable
ICHTHYOLUM*+ATROPA BELLADONNA*&,0.0,3411.8896666666665,0.2573894629849003,1.0,0.06624933565565536,0,0,0,0.3470985047547611,0.8635750650501491,0.7921118304294997,Stable
IDARUBICINUM,0.31666666666666665,1.0563333333333336,1.8614616155159687,1.4634146341463414,2.051110219793536,0,1,18,0.19694065637607228,0.17063283249321548,0.2700857419354266,Lumpy / volatile
IDARUCIZUMABUM,0.55,0.37416666666666665,1.4975839623927771,2.2222222222222223,0.45924097598722224,0,18,15,0.175981254219587,0.39283636089286134,0.2242400310872605,Potential discontinued
IFOSFAMIDUM,0.03333333333333333,27.5505,1.1767663099988728,1.0344827586206897,1.3052863167367506,0,0,2,0.29309660157901685,0.011778126521753252,0.3444208036502613,Lumpy / volatile
ILOPROSTUM,0.0,44.5315,0.528648300204204,1.0,0.2794690253087942,0,0,0,0.24325020622175397,0.0015324758282926343,0.15536017701700375,Stable
IMATINIBUM,0.0,146.52349999999996,0.45042224875390935,1.0,0.2028802021725286,0,0,0,0.07913524269029826,0.49230343798109844,0.4458603231353786,Stable
IMIPENEMUM+CILASTATINUM,0.0,4335.984833333334,1.3348497559197467,1.0,1.7818238708790077,0,0,0,0.10892798705007167,0.34738872842241963,0.19523458139987346,Lumpy / volatile
IMIPRAMINUM,0.03333333333333333,974.9196666666667,0.5544686267957595,1.0344827586206897,0.2638542761640827,0,0,2,0.05992070610148703,0.36706187809044366,0.33673797042752945,Stable
IMIQUIMODUM,0.0,711.2238333333333,0.24350703025544632,1.0,0.059295673783826844,0,0,0,0.15903755782796447,0.18106588035245352,-0.14810715032943628,Stable
IMMUNOGLOBULINUM HUMANUM*,0.0,3293.686666666667,0.6887965627952359,1.0,0.4744407049185314,0,0,0,0.16823736237946407,0.5780265598225691,0.3261795559357214,Stable
INDACATEROLUM,0.38333333333333336,9.238333333333335,1.2737753447539744,1.6216216216216217,0.6172105711569158,0,18,5,0.174968011979323,0.7300044164504186,0.4066010114418094,Potential discontinued
INDAPAMIDUM,0.0,109912.81633333332,0.15850495864919842,1.0,0.0251238219163841,0,0,0,0.43241125421094484,0.5188438398681561,0.40807361009519477,Stable
INDAPAMIDUM+PERINDOPRILUM,0.0,186298.82400000002,0.22098595614753638,1.0,0.04883479281444088,0,0,0,0.5199663863366958,0.7012460978463142,0.4732558241516549,Seasonal
INDAPAMIDUM+PERINDOPRILUM+ROSUVASTATINUM,0.43333333333333335,1781.4183333333333,1.122694378493092,1.7647058823529411,0.28091751158332795,26,0,0,0.030495590769815895,0.8257667401745207,0.8682513773830898,Intermittent
INDOMETACINUM,0.0,46819.155666666666,0.17304019027316755,1.0,0.02994290744977403,0,0,0,0.2353638732678902,0.6470242834866229,0.5291945554249164,Stable
INDOMETACINUM+TROXERUTINUM,0.0,15767.604666666668,0.19165400786340894,1.0,0.03673125873010762,0,0,0,0.10318707306201536,0.48405133661360134,0.21371456116384574,Stable
INFLIXIMABUM,0.4166666666666667,0.41966666666666674,3.277921426654261,1.7142857142857142,5.851115179602807,4,16,5,0.24000942508975132,0.20262462556253868,0.4230251823384307,Potential discontinued
INOSINUM,0.0,72287.09700000002,0.23480002028655847,1.0,0.05513104952656827,0,0,0,0.5021157684491482,0.8244275793665822,0.7278869068322285,Seasonal
INOSINUM PRANOBEX*,0.0,298659.0453333334,0.6308876720915578,1.0,0.398019254797105,0,0,0,0.7207947140508126,0.012333181886028721,0.4496143648779504,Seasonal
INSULINUM ASPARTUM,0.0,13913.12,0.1959984423448934,1.0,0.0384153894016245,0,0,0,0.18887958098060187,0.3564220713314521,0.25590923466502047,Stable
INSULINUM ASPARTUM+INSULINUM DEGLUDECUM,0.0,941.2436666666666,0.5394713019114499,1.0,0.2910292855860347,0,0,0,0.034227480403151045,0.6950791779577405,0.8725835070728171,Stable
INSULINUM DEGLUDECUM,0.0,4461.3985,0.4273765009708322,1.0,0.1826506735820717,0,0,0,0.13165531878056702,0.8202510797785918,0.836295518246926,Stable
INSULINUM DEGLUDECUM+LIRAGLUTIDUM,0.4666666666666667,714.142,1.2045737504555976,1.875,0.3071988908195544,28,0,0,0.014426229092018072,0.8398221276387922,0.8620259838640185,Intermittent
INSULINUM DETEMIRUM,0.0,3257.438,0.1935633072307853,1.0,0.03746675390611937,0,0,0,0.15601337798551507,0.30170593096084175,0.21200534082579836,Stable
INSULINUM GLARGINUM,0.0,20408.317333333336,0.24247038758368733,1.0,0.058791888854983564,0,0,0,0.21783731320382993,0.7280050695441638,0.6017232602921655,Stable
INSULINUM GLARGINUM+LIXISENATIDUM,0.03333333333333333,2940.5065000000004,0.7172059396944058,1.0344827586206897,0.4639048812685044,2,0,0,0.08897528288794809,0.6335326773735547,0.9569483522343978,Stable
INSULINUM GLULISINUM,0.0,9513.250166666667,0.18476438861507488,1.0,0.03413787930030241,0,0,0,0.21894874257644947,0.48813070528489033,0.4317465276074428,Stable
INSULINUM HUMANUM,0.0,172434.71566666669,0.24620657071829233,1.0,0.06061767546486148,0,0,0,0.2296788740395619,0.7108387566435448,0.6660413644793923,Stable
INSULINUM LISPRUM,0.11666666666666667,153.09366666666668,0.7670679320354356,1.1320754716981132,0.40308067091545563,0,5,2,0.016414907435181147,0.6108691207536777,0.2960308403627792,Stable
INTERFERONUM ALFA,0.0,94768.08733333334,0.5550675730420147,1.0,0.3081000106427523,0,0,0,0.6368254636997137,0.5111877517329063,0.5628672359061271,Seasonal
INTERFERONUM BETA,0.6333333333333333,0.26816666666666666,2.24814592035309,2.727272727272727,1.2198586957067552,1,0,37,0.17845446596964698,0.0073374081674574265,-0.13989069854670388,Lumpy / volatile
INULA HELENIUM*&,0.0,4793.347833333334,0.4056121962682568,1.0,0.16452125376155888,0,0,0,0.7522645413262179,0.667834199446024,0.7426528042376622,Seasonal
IODIXANOLUM,0.55,0.29416666666666663,2.184977222868195,2.2222222222222223,1.5983564590037642,0,30,3,0.21688792804192158,0.3848770851819693,0.21257747144255434,Potential discontinued
IODUM*,0.0,438491.68700000003,0.2999053128538984,1.0,0.08994319667799466,0,0,0,0.4397663475906698,0.22429408431881082,0.06093935094413031,Stable
IODUM*+KALII IODIDUM*,0.0,36094.57166666667,0.35841191828241775,1.0,0.1284591031668825,0,0,0,0.6355593166925295,0.5335915569952174,0.46996232211726574,Seasonal
IOHEXOLUM,0.0,1681.3513333333333,0.27711517184710177,1.0,0.07679281846784876,0,0,0,0.2435387437336307,0.07239213278098178,0.048860652510070685,Stable
IOPAMIDOLUM,0.7833333333333333,0.5438333333333333,2.56102493971809,4.615384615384615,0.6377505607359103,10,15,22,0.08301686235033989,0.004911902849123462,-0.18429947213450237,Potential discontinued
IOPROMIDUM,0.0,2340.535833333333,0.8178129746050512,1.0,0.6688180614323622,0,0,0,0.06951966128143505,0.6065423616253056,0.18737031404844406,Stable
IPIDACRINUM,0.0,27532.568166666664,0.13386850089461033,1.0,0.017920775531770284,0,0,0,0.18933005384242851,0.011437544162622104,-0.4840159083151894,Stable
IPIDACRINUM+PHENIBUTUM*,0.4,299.0733333333334,1.503341818711738,1.6666666666666667,0.9560219743325103,0,8,16,0.03620658216266803,0.8293180793555432,0.48143437519456356,Potential discontinued
IPRATROPII BROMIDUM,0.0,957.7173333333334,0.8531774355595471,1.0,0.7279117365479651,0,0,0,0.2551514182312913,0.5387828188581028,0.04868107089398614,Stable
IPRATROPII BROMIDUM+FENOTEROLUM,0.0,48095.133499999996,0.3343714174731963,1.0,0.11180424482303451,0,0,0,0.5319656030098947,0.1346348110845048,0.12744416132011405,Seasonal
IPRATROPII BROMIDUM+SALBUTAMOLUM,0.4166666666666667,133.19,1.2138488352839476,1.7142857142857142,0.4428335803701144,25,0,0,0.07842955230491588,0.5513000867451675,0.1633487997074064,Intermittent
IPRATROPII BROMIDUM+XYLOMETAZOLINUM,0.0,7529.546166666666,0.5649516039019133,1.0,0.3191703147513443,0,0,0,0.4588927408005957,0.004247254536663858,0.15731385058075162,Stable
IRBESARTANUM,0.0,6843.3925,0.14764647960966004,1.0,0.02179948294112576,0,0,0,0.47201497813837634,0.4069427211744865,0.32968602914932194,Stable
IRINOTECAN,0.0,74.29516666666665,0.6370367516723541,1.0,0.4058158229812645,0,0,0,0.17733354491049713,0.2423293996710323,0.028672190033169936,Stable
IRON COMPLEX DEXTRAN*,0.0,5966.62,0.24603974191509245,1.0,0.0605355546016453,0,0,0,0.12227603774211682,0.43596888760567465,-0.052858050275434366,Stable
ISOCONAZOLUM,0.9833333333333333,0.02383333333333333,7.681145747868609,60.0,0.0,3,56,0,0.18822700395224534,0.04331604222080487,,Potential discontinued
ISOFLURANUM,0.9666666666666667,0.012,5.393754962231097,30.0,0.003086419753086417,16,41,1,0.17500699005432385,0.02162720624891168,-0.04333868378812204,Potential discontinued
ISONIAZIDUM,0.0,3014.908666666667,0.26107443954596715,1.0,0.06815986298424087,0,0,0,0.2261624492662071,0.40859604476935574,0.2331248461960084,Stable
ISOSORBIDI DINITRATE,0.0,60466.585999999996,0.3094443350709782,1.0,0.09575579650751982,0,0,0,0.28249088022669855,0.8341258597839836,0.8085790431271594,Stable
ISOSORBIDI MONONITRAS,0.0,8411.018166666667,0.19126921568969382,1.0,0.036583912870550614,0,0,0,0.24494378332571742,0.03754460282088423,-0.18573598510037242,Stable
ISOTRETINOINUM,0.0,18296.237000000005,0.44707350643721433,1.0,0.19987472015806593,0,0,0,0.5146186294726178,0.9096336327715945,0.7694368244278524,Seasonal
ISOXSUPRINUM,0.0,4614.346833333333,0.1313292663114643,1.0,0.01724737618990751,0,0,0,0.21541124511401022,0.08438967402247011,-0.3295903029019811,Stable
ITOPRIDUM,0.0,14670.105333333333,0.3898577379395465,1.0,0.15198905583134012,0,0,0,0.2360471814471401,0.6404347522059789,0.3355766883943676,Stable
ITRACONAZOLUM,0.0,44306.596999999994,0.15396886365755866,1.0,0.023706410975999893,0,0,0,0.2112472800409304,0.0337932833569109,-0.33038077758702045,Stable
IVABRADINUM,0.0,15008.7575,0.18774762928375638,1.0,0.03524917230167082,0,0,0,0.3023060403762585,0.2581137550170587,0.1900321983631604,Stable
IVERMECTINUM,0.23333333333333334,922.6584999999999,0.8378404639303559,1.3043478260869565,0.3048487596325929,14,0,0,0.0579596409106895,0.5827990694899094,0.688295900785445,Stable
JOSAMYCINUM,0.35,6392.642000000001,1.0397319259445459,1.5384615384615385,0.35267761058843117,0,21,0,0.02722810891914451,0.8310960583655358,0.6371228795109565,Potential discontinued
KALII CHLORIDUM*,0.0,22436.91033333334,0.33515168229316983,1.0,0.11232665014394186,0,0,0,0.19021095804526367,0.6811243557636224,0.46187587392755686,Stable
KALII CHLORIDUM*+CALCII CHLORIDUM*+NATRII CHLORIDUM*,0.0,77506.41316666668,0.3663443991195593,1.0,0.13420821876627098,0,0,0,0.11540658993895536,0.7184392425088268,0.4466706923688345,Stable
KALII CHLORIDUM*+CALCII CHLORIDUM*+NATRII LACTAS*+NATRII CHLORIDUM*,0.0,5133.458833333332,0.4613648219650835,1.0,0.2128574989468732,0,0,0,0.11888295956582196,0.796577553077142,0.4704492838233326,Stable
KALII CHLORIDUM*+MACROGOLUM+NATRII CHLORIDUM*+NATRII HYDROCARBONAS*,0.0,943.2630000000001,0.3685374922540814,1.0,0.1358198831969271,0,0,0,0.135713539324252,0.24826314122110982,0.011262027008845894,Stable
KALII CHLORIDUM*+MACROGOLUM+NATRII CHLORIDUM*+NATRII HYDROCARBONAS*+NATRII SULFAS*,0.0,7930.983166666667,0.2553055361850536,1.0,0.06518091680673771,0,0,0,0.19880574281280172,0.1645896226240935,-0.15217924796783389,Stable
KALII CHLORIDUM*+MAGNESII CHLORIDUM*+NATRII ACETAS*+NATRII CHLORIDUM*+SODIUM GLUCONATE,0.05,625.8408333333333,0.7581293693938054,1.0526315789473684,0.4960221337005768,3,0,0,0.05753907390012647,0.530345510112531,0.20737696428612812,Stable
KALII CHLORIDUM*+NATRII ACETAS*+NATRII CHLORIDUM*,0.5833333333333334,3.743333333333333,1.6742959457668096,2.4,0.5846945475046565,0,3,32,0.12819588413852445,0.26124451123819825,-0.003533950897083523,Lumpy / volatile
KALII CHLORIDUM*+NATRII HYDROCARBONAS*+NATRII CHLORIDUM*,0.0,12688.081166666667,0.43678717416921486,1.0,0.19078303551872805,0,0,0,0.13951217170734342,0.8146576445551683,0.5997939296560436,Stable
KALII CHLORIDUM*+NATRII LACTAS*+NATRII CHLORIDUM*,0.0,675.8988333333333,0.7087422643752711,1.0,0.5023155973117868,0,0,0,0.14630637607824615,0.8838721492331807,0.8381123490830947,Stable
KALII IODIDUM*,0.0,68620.07233333333,0.3238003026049121,1.0,0.10484663596703264,0,0,0,0.1258654309973083,0.14533867177871473,-0.005921655874818947,Stable
KALII PERMANGANAS*,0.03333333333333333,5486.460999999999,0.5867178701628362,1.0344827586206897,0.2994299305294674,0,0,2,0.0999094120126125,0.43424023312571514,0.6860024985114584,Stable
KALIUM BROMIDUM*+THYMUS SERPYLLUM*&,0.0,119104.09266666668,0.6482184503574835,1.0,0.42018715938385737,0,0,0,0.6835207595405277,0.5533673627697344,0.5928267158990672,Seasonal
KANAMYCINUM,0.016666666666666666,1587.0056666666667,0.5897568502430435,1.0169491525423728,0.32534959003511893,0,1,0,0.025808395840527076,0.5495276379170497,0.7769597846148307,Stable
KETAMINUM,0.16666666666666666,19.802666666666667,2.3225786733507596,1.2,4.328643078253146,0,0,10,0.244018646377951,0.08587992529160526,0.3901653427272883,Lumpy / volatile
KETOCONAZOLUM,0.0,73326.85716666667,0.12944862170035598,1.0,0.016756945660121876,0,0,0,0.5749702997200565,0.557958292929729,0.5611038964883508,Seasonal
KETOCONAZOLUM+PYRITHIONUM ZINCUM,0.0,15832.047,0.20235623749298592,1.0,0.04094804685231772,0,0,0,0.43530125363431516,1.886437632769855e-07,0.2881875085353232,Stable
KETOPROFENUM,0.0,91926.65083333333,0.14658795287165027,1.0,0.021488027927101163,0,0,0,0.2208613546655569,0.4834664647850724,0.17443102759960916,Stable
KETOROLACUM,0.0,229604.70233333332,0.18612896319113467,1.0,0.03464399093860677,0,0,0,0.23774562288894974,0.7801654367754831,0.5715855714548754,Stable
KETOTIFENUM,0.0,30602.23183333333,0.27389508795387246,1.0,0.07501851920525954,0,0,0,0.18508539276126168,0.6082871562744938,0.32751796035263064,Stable
L-LYSINI AESCINAS*,0.0,33928.48616666666,0.2830493773963791,1.0,0.08011695004447784,0,0,0,0.25576710862955176,0.7707256946980509,0.510753245861986,Stable
LACOSAMIDUM,0.0,177.37033333333335,0.9639687052765724,1.0,0.9292356647525915,0,0,0,0.2665065742764082,0.8024132423953992,0.6160236238178514,Stable
LACTULOSUM,0.0,75179.65166666667,0.21007892413696502,1.0,0.0441331543665447,0,0,0,0.4952042657048046,0.3973090447955373,0.4938776529144882,Stable
LAMINARIA*,0.0,3694.9835,0.36747357453590446,1.0,0.13503682798219488,0,0,0,0.4174952177217214,0.8443331118114424,0.8230018518164355,Stable
LAMIVUDINUM,0.0,90.04233333333333,0.7061786746108542,1.0,0.49868832047514267,0,0,0,0.07182109419860905,0.413311619397991,0.0316050665845641,Stable
LAMOTRIGINUM,0.0,26900.092499999995,0.1842417020301028,1.0,0.03394500476694918,0,0,0,0.3858875825389324,0.5375074307847112,0.24738030285564747,Stable
LANATOSIDUM C,0.0,654.7316666666666,0.3105109159126126,1.0,0.09641702890088955,0,0,0,0.1472033495945465,0.74630542976873,0.5818555206558659,Stable
LANREOTIDUM,0.0,7.690499999999999,0.8829353919902618,1.0,0.7795749064289973,0,0,0,0.22959266062133132,0.47713573982265844,0.39063418664955146,Stable
LANSOPRAZOLUM,0.0,5463.332166666666,0.18069017876208782,1.0,0.032648940701075255,0,0,0,0.47897189270888807,0.647329743185382,0.6522982816742388,Stable
LAPATINIB,0.26666666666666666,22.976999999999997,1.0000607011033806,1.3636363636363635,0.4667556976536824,0,0,16,0.14735332112070387,0.36738693758118457,0.32717411260004864,Intermittent
LARIX DECIDUA*+PINUS SILVESTRIS*&,0.0,5540.248833333333,0.46303970863208804,1.0,0.21440577177008902,0,0,0,0.030525976790691023,0.47579427687773534,0.5466658950752323,Stable
LATANOPROSTENUM BUNOD,0.6333333333333333,188.10483333333335,1.8483220245882195,2.727272727272727,0.6193079124118943,36,2,0,0.1593254834547363,0.5284222204402522,0.03410921968980772,Lumpy / volatile
LATANOPROSTUM,0.0,40059.6435,0.1248070624877011,1.0,0.015576802846808926,0,0,0,0.37529067903768676,0.3524021555645771,0.11243481190500498,Stable
LATANOPROSTUM+TIMOLOLUM,0.0,5307.023499999999,0.25392670306567316,1.0,0.06447877052980254,0,0,0,0.15845161071348857,0.4201739138356594,0.09526818570165288,Stable
LAVANDULA ANGUSTIFOLIA*&,0.0,1684.3361666666667,0.355921742126592,1.0,0.12668028651842828,0,0,0,0.2809360927943939,0.01122494988173195,-0.15055795100136185,Stable
LECITHIN*,0.06666666666666667,2471.6173333333336,1.3052333221852728,1.0714285714285714,1.5233917569866173,0,0,4,0.13050524463732271,0.15649521279281964,0.011606469484882876,Lumpy / volatile
LECITHIN*+QUERCETIN*,0.43333333333333335,466.46266666666673,2.325418401243967,1.7647058823529411,2.63095675314496,0,0,26,0.03770134660079949,0.03958854350091412,-0.1574229803744348,Lumpy / volatile
LEDUM PALUSTRE*&,0.0,1251.3316666666665,0.46412350135782426,1.0,0.21541062451264628,0,0,0,0.7035806286536564,0.5704039523041023,0.6540438140945102,Seasonal
LEDUM+MENTHA+CALENDULA+MATRICARIA+GLYCYRRHIZA+VIOLA*&,0.0,5070.635666666667,0.7651436021595119,1.0,0.5854447319256335,0,0,0,0.8016027707946655,0.8149343242799183,0.834577490111306,Seasonal
LEFLUNOMIDUM,0.0,2987.525333333333,0.11506925410100907,1.0,0.013240933239362592,0,0,0,0.4287442318832452,0.09415328035571591,0.08741675860282824,Stable
LENALIDOMIDUM,0.21666666666666667,2.087,2.1695488190085612,1.2765957446808511,3.47043796114813,8,0,5,0.19421936639215875,0.39875509131474973,0.2131585109737689,Lumpy / volatile
LENOGRASTIMUM,0.4166666666666667,2.143333333333333,2.6206763967998663,1.7142857142857142,3.5896344531006252,2,10,13,0.05773162729869441,0.2216107156121947,-0.12080234825957539,Potential discontinued
LEONURUS CARDIACA/QUINQUELOBATUS GILIB.*&,0.0,279742.48250000004,0.28551616259799,1.0,0.08151947910468184,0,0,0,0.5180870073455084,0.8200887105907002,0.7715975471285622,Seasonal
LERCANIDIPINUM,0.0,46862.45516666667,0.24954757375636571,1.0,0.06227399156768878,0,0,0,0.4208947089673821,0.6703828812137723,0.4539738967786662,Stable
LESPEDEZA BICOLOR,0.016666666666666666,3897.5105,0.4251933890238241,1.0169491525423728,0.1611095944350722,0,0,1,0.10533832226450102,0.057700651933606295,-0.20839449774104518,Stable
LETROZOLUM,0.0,10978.640666666666,0.2266442480361642,1.0,0.05136761516787832,0,0,0,0.2529102234001809,0.5168563507353259,0.4395290882776022,Stable
LEUPRORELINUM,0.0,61.57750000000001,0.4450615084680856,1.0,0.19807974631988787,0,0,0,0.49343658178656913,0.22764500379923602,0.30618309912326597,Stable
LEVAMISOLUM,0.0,14039.127833333334,0.2794141924324901,1.0,0.07807229093270061,0,0,0,0.49413815613917833,0.659169444975531,0.4539034343579554,Stable
LEVAMLODIPINUM,0.0,55958.609833333336,0.31010838040290756,1.0,0.09616720759611444,0,0,0,0.5144004498570947,0.8237534540024957,0.6716504329404271,Seasonal
LEVANA*,0.0,22566.001666666663,0.11703733987219558,1.0,0.013697738924359824,0,0,0,0.5849642939609397,0.11901419610674646,0.40284153233234793,Seasonal
LEVETIRACETAMUM,0.0,12490.953000000001,0.2166982817634286,1.0,0.04695814531922229,0,0,0,0.26617756369345247,0.5078453496635655,0.1982474654270751,Stable
LEVOCARNITINUM,0.0,17271.378166666665,0.24747555838660332,1.0,0.061244151998761126,0,0,0,0.17366865753461802,0.0006371785508894057,-0.49243963388239503,Stable
LEVOCETIRIZINUM,0.0,159183.88866666667,0.27966959275711933,1.0,0.07821508111293297,0,0,0,0.47100190725188684,0.12638568407687478,0.22776023260007686,Stable
LEVOCETIRIZINUM+MONTELUKASTUM,0.0,6831.835333333333,0.5926418705082896,1.0,0.35122438667956435,0,0,0,0.20483769537895002,0.13667018958876975,-0.281484892455859,Stable
LEVOCETIRIZINUM+PARACETAMOLUM,0.2,10463.533500000001,0.934800703737228,1.25,0.4990818845660933,12,0,0,0.07069942426547093,0.5555498545482483,0.5223858210647658,Stable
LEVOCETIRIZINUM+PARACETAMOLUM+PHENYLEPHRINUM,0.0,84921.80783333331,0.6462476514352518,1.0,0.4176360269855786,0,0,0,0.7649811980939222,0.042072878866580954,0.42451162720685565,Seasonal
LEVODOPUM+BENSERAZIDUM,0.0,686.7818333333332,0.1469873789968532,1.0,0.02160528958436456,0,0,0,0.2158438024136342,0.027451161705202676,0.0083184223604082,Stable
LEVODOPUM+CARBIDOPUM+ENTACAPONUM,0.0,457.94716666666665,0.5232603024135862,1.0,0.27380134408195766,0,0,0,0.07760589313797606,0.4408641759730193,0.18290871298917266,Stable
LEVODROPROPIZINUM,0.0,30467.093833333332,0.5942054706105644,1.0,0.3530801413035223,0,0,0,0.6805771785749846,0.0029417692315005795,0.4187468312411986,Seasonal
LEVOFLOXACINUM,0.0,291680.1531666666,0.604627854278186,1.0,0.36557484216904323,0,0,0,0.265853522777974,0.4761926850100979,0.35739068285471004,Stable
LEVOFLOXACINUM+ORNIDAZOLUM,0.0,2742.9671666666673,0.5645790056336766,1.0,0.31874945360231094,0,0,0,0.16389758667041998,0.7834951860958703,0.5895603957648097,Stable
LEVOMENTHOLUM+METHYL SALICYLAT*,0.0,9062.858666666665,0.325777068922949,1.0,0.10613069863602786,0,0,0,0.754853019850196,0.5350189265203127,0.6927778108866808,Seasonal
LEVOMENTHOLUM+OENOTHERA BIENNIS*&+THYMUS SERPYLLUM*&,0.0,10444.812000000002,0.6536388682145491,1.0,0.4272437700407967,0,0,0,0.629373808552981,0.5331422775259949,0.4656876221653985,Seasonal
LEVOMEPROMAZINUM,0.0,1938.003,0.14058574956274258,1.0,0.01976435298011818,0,0,0,0.4366364146284998,0.5742685563086853,0.3923644985816099,Stable
LEVONORGESTRELUM,0.0,28079.821,0.1751982993356786,1.0,0.030694444090114036,0,0,0,0.4751871947532015,0.33648626071939536,0.3266781389184269,Stable
LEVOSIMENDANUM,0.2833333333333333,0.8555,1.955368099175373,1.3953488372093024,2.456816155678776,0,0,17,0.18010578934728716,0.3319548215085675,0.15466093685259813,Lumpy / volatile
LEVOTHYROXINUM NATRICUM,0.0,191915.60099999997,0.2569938638762991,1.0,0.06604584607006975,0,0,0,0.2567868398948945,0.06782735705096454,0.04545436553017393,Stable
LIDOCAINUM,0.0,179061.91600000003,0.44079038644385937,1.0,0.19429616478132686,0,0,0,0.3602022045033396,0.5937461214927341,0.4431953983310295,Stable
LIDOCAINUM+MATRICARIA CHAMOMILLA,0.0,625.3681666666666,0.3125626651527597,1.0,0.09769541964739618,0,0,0,0.1572288431759381,0.1015694347230982,-0.11461576106040772,Stable
LIDOCAINUM+MATRICARIA CHAMOMILLA*&+POLIDOCANOLUM,0.0,1052.2133333333334,0.3442160902273503,1.0,0.11848471677140339,0,0,0,0.19023586532888392,0.6737331731398812,0.5775967074073525,Stable
LIDOCAINUM+MATRICARIA CHAMOMILLA*&+THYMOL,0.0,5316.116333333334,0.13531325498611832,1.0,0.018309676974938276,0,0,0,0.3027675325089305,0.38755034711315983,0.25414292955911943,Stable
LIDOCAINUM+METRONIDAZOLUM+MICONAZOLUM,0.65,233.84633333333335,1.467417752795531,2.857142857142857,0.10366020142682003,39,0,0,0.025937680286525322,0.6998530768991214,0.5737136453017972,Intermittent
LIDOCAINUM+NEOMYCINUM+POLYMYXINUM B,0.9333333333333333,8.968333333333334,5.049037480615466,15.0,0.7661852987106512,56,0,0,0.1299998660119781,0.15457815782106132,,Launch / lifecycle
LIDOCAINUM+NIFEDIPINUM,0.8666666666666667,134.27983333333333,2.8933037740791083,7.5,0.24949423054672137,52,0,0,0.053456128759807875,0.3376143358367317,,Launch / lifecycle
LIDOCAINUM+NITROFURALUM+PHENAZONUM,0.31666666666666665,26.010666666666665,1.8161746549045241,1.4634146341463414,1.9373017576970044,1,14,4,0.09760375481231698,0.54063939053503,-0.14247971006884813,Potential discontinued
LIDOCAINUM+OFLOXACINUM,0.0,44001.80500000001,0.13829761958803008,1.0,0.01912623158371548,0,0,0,0.4786569046837862,0.1514595596503674,0.1430569098653374,Stable
LIDOCAINUM+PHENAZONUM,0.0,98747.45733333332,0.261125084518368,1.0,0.06818630976472485,0,0,0,0.23167276177957796,7.70067733990576e-06,-0.3512159194496426,Stable
LIDOCAINUM+PRILOCAINUM,0.0,523.8743333333333,0.6147584040180138,1.0,0.3779278953107755,0,0,0,0.06665914431081488,0.4838493020915019,0.09933319113541048,Stable
LIDOCAINUM+TOLPERISONUM,0.6166666666666667,1852.6953333333333,1.6367865829552781,2.608695652173913,0.41031028862125896,0,0,37,0.035174375271988745,0.18920334518679127,-0.08248347012192464,Intermittent
LIDOCAINUM+TRIBENOSIDUM,0.0,29820.295333333328,0.13079448750629752,1.0,0.01710719796203502,0,0,0,0.19012854977062144,0.009952391323588605,0.00012728848023559915,Stable
LINCOMYCINUM,0.0,45081.417666666675,0.18553227481349302,1.0,0.03442222499746949,0,0,0,0.3559327570019546,0.720412428837235,0.5501039268503042,Stable
LINEZOLIDUM,0.0,7607.072833333334,1.089821560358109,1.0,1.1877110334213834,0,0,0,0.1461714661590814,0.021568974796828844,0.15230958485225835,Lumpy / volatile
LINUM USITATISSIMUM*&,0.0,52265.75716666667,0.38068348227373827,1.0,0.14491991367605958,0,0,0,0.7108221784921962,0.8224650371941329,0.7990571825735909,Seasonal
LINUM USITATISSIMUM*&+MENTHOLUM*+METHYL SALICYLAT*+PHENOXYETHANOL+ROFECOXIBUM,0.8666666666666667,5.020499999999999,5.287323542196548,7.5,2.8607720319821124,0,52,0,0.07110663455382649,0.2907106450015724,,Potential discontinued
LIRAGLUTIDUM,0.0,2610.629166666667,0.8349627530490062,1.0,0.697162798979176,0,0,0,0.12769201693306753,0.8635083060028067,0.5779243108134148,Stable
LISINOPRILUM,0.0,224045.02033333335,0.2966321722671262,1.0,0.08799064562391402,0,0,0,0.4559066754789969,0.857983702556899,0.7746273144961361,Stable
LITHIUM,0.0,974.5345,0.20315185495666635,1.0,0.04127067617233441,0,0,0,0.42003160226547687,0.7476174380588037,0.6344959785443237,Stable
LOMEFLOXACINUM,0.0,743.5366666666666,0.7353642112889913,1.0,0.5407605232446802,0,0,0,0.18410416656309192,0.003149999596305686,-0.08739869738820526,Stable
LOMUSTINUM,0.0,9.455166666666663,0.6200195479940902,1.0,0.3844242398947959,0,0,0,0.16942382472232265,0.3506343708206032,0.22520241387215836,Stable
LOPERAMIDUM,0.0,492768.565,0.15663381897105577,1.0,0.02453415324545747,0,0,0,0.5263285261399486,0.05324138126162126,0.21186829266330126,Seasonal
LOPERAMIDUM+SIMETICONUM,0.0,740.1571666666666,0.3698154658850397,1.0,0.13676347880776893,0,0,0,0.20108124833628382,0.0018923432749953228,-0.17993482422277812,Stable
LOPINAVIRUM+RITONAVIRUM,0.8333333333333334,0.14016666666666666,2.5213186278655635,6.0,0.2261746038703146,16,24,10,0.11076157009938603,0.06400643357070257,-0.16167556885087334,Potential discontinued
LORATADINUM,0.0,290732.918,0.2339646873610378,1.0,0.05473947493194815,0,0,0,0.37155344633492793,0.5977456085991493,0.3470453090106867,Stable
LORNOXICAMUM,0.0,48216.31299999999,0.1549040280960969,1.0,0.02399525792039638,0,0,0,0.17301299662152492,0.4018673822129579,-0.02224739225293658,Stable
LOSARTANUM,0.0,181591.0891666667,0.21421184279445873,1.0,0.0458867135933979,0,0,0,0.20131993812967075,0.14378853344853215,0.1815591487180518,Stable
LUTEIN+VACCINIUM MYRTILLUS *&+ZEAXANTHINUM*,0.9,18.926,3.0859990429135418,10.0,0.05233900928632957,0,54,0,0.0900138019382779,0.2569254549280733,,Potential discontinued
LYNESTRENOLUM,0.0,732.2508333333333,0.20440888603358764,1.0,0.041782992689492225,0,0,0,0.3046110194370769,0.5645009837947901,0.394024593196782,Stable
LYSINI ACETYLSALICYLAS*,0.1,1829.1631666666665,0.7220295314111105,1.1111111111111112,0.36919397980677293,0,3,3,0.01571765408233039,0.6825375797597225,0.5774831403921066,Stable
MACROGOLUM,0.0,13953.891833333331,0.21004325225856188,1.0,0.04411816781935386,0,0,0,0.31515826831828797,0.34178265494687154,0.04400579925631012,Stable
MAGALDRATUM,0.0,1245.1361666666664,0.45685245071051533,1.0,0.20871416172020388,0,0,0,0.18566562321639224,0.6810653127712156,0.592696120112693,Stable
MAGNESII LACTAS*+MAGNESYUM PIDOLATE*+PYRIDOXINUM,0.0,18794.469999999998,0.1661885910256893,1.0,0.027618647787103816,0,0,0,0.3104341134965306,0.011169276621582735,0.10413111178797989,Stable
MAGNESII LACTAS*+PYRIDOXINUM,0.0,88356.25366666667,0.1708615080857824,1.0,0.029193654945347893,0,0,0,0.2853641074323402,0.49052674340947866,0.39461975184304826,Stable
MAGNESII OROTAS*,0.016666666666666666,8179.577499999999,0.4164618485915316,1.0169491525423728,0.1538831301434046,0,1,0,0.05699558534996074,0.26730346450016007,0.13780481761795485,Stable
MAGNESII OXYDUM*,0.0,1200.6133333333332,0.41941743299814005,1.0,0.17591098310274927,0,0,0,0.06286666584967548,0.2837328708726371,0.027469886325610992,Stable
MAGNESII SULFAS*,0.0,124766.98449999999,0.21288140133161548,1.0,0.04531849103291234,0,0,0,0.4921319141547984,0.6704289147669382,0.5962773364010536,Stable
MAGNESII SULFAS*+NATRII SULFAS*+POTASSIUM SULFAS*,0.0,5629.1473333333315,0.4002841259652661,1.0,0.16022738149977697,0,0,0,0.20293255188547432,0.6329818405985643,0.3481474749455384,Stable
MAGNESIUM ASPARGINATE*+PYRIDOXINUM,0.03333333333333333,1337.6155,0.700406783713589,1.0344827586206897,0.4408840072496137,0,0,2,0.06486746009409738,0.6448525247857598,0.6043806919868377,Stable
MAGNESIUM CITRATUM*+PYRIDOXINUM,0.0,54821.91533333332,0.28883359184178775,1.0,0.08342484377622844,0,0,0,0.35381057574610575,0.6825048790876077,0.5189675028540273,Stable
MAGNESIUM GLUCONATE*+POTASSIUM GLUCONATE*,0.0,6933.546666666665,0.2514850901978494,1.0,0.06324475059182047,0,0,0,0.28529133767254977,0.25380595376301884,0.3861481614382018,Stable
MAHONIA AQUIFOLIUM NUTT.*&,0.0,620.0861666666665,0.3393126210082023,1.0,0.11513305477545595,0,0,0,0.08099993926276217,0.17984339782131042,-0.23404884103862167,Stable
MALATHIONUM*+PERMETHRINUM+PIPERONYL*,0.5833333333333334,27.999833333333335,1.3079892537139548,2.4,0.12951495326299534,0,35,0,0.14079725415580124,0.7431727986470622,0.5467645162348636,Potential discontinued
MANNITOLI HEXANITRAS,0.0,16187.836666666668,0.25054041575065145,1.0,0.06277049992450925,0,0,0,0.11915236263427431,0.7550372802577261,0.5108493388264512,Stable
MANNITOLI HEXANITRAS+SORBITOL*,0.0,711.7875000000001,0.3001635822353142,1.0,0.09009817610033623,0,0,0,0.2634665047988679,0.07103861250993604,-0.058062581184432284,Stable
MATRICARIA CHAMOMILLA*&,0.0,190255.16416666665,0.40703738250934585,1.0,0.16567943076005953,0,0,0,0.6640806637539858,0.899714855820454,0.8586700385001607,Seasonal
MATRICARIA CHAMOMILLA*&+SALVIA OFFICINALIS*&,0.6,9.41,1.3620836125391889,2.5,0.14210870701912293,0,36,0,0.1651662589262558,0.7377436459148451,0.5154838277105952,Potential discontinued
MATRICARIA CHAMOMILLA*&+SPIRITUS AETHYLICUS*,0.8833333333333333,1.3168333333333335,3.172816345872499,8.571428571428571,0.29112241587416715,15,32,6,0.12937273383056902,0.05127253152617661,-0.11235874591365863,Potential discontinued
MEBENDAZOLUM,0.0,18763.855833333335,0.30774170712880256,1.0,0.09470495830654968,0,0,0,0.45194013825497714,0.662011745101766,0.6817325216888255,Stable
MEBEVERINUM,0.0,72279.81816666666,0.1859616683388099,1.0,0.034581742091353534,0,0,0,0.6226886208806819,0.025864763608810626,0.4028614625123056,Seasonal
MEBHYDROLINUM,0.0,194509.93300000002,0.22337789269402758,1.0,0.0498976829444245,0,0,0,0.5064419407236648,0.6876567181229993,0.5029270233842985,Seasonal
MEBICARUM*,0.0,67852.223,0.17920123260721146,1.0,0.032113081767943905,0,0,0,0.40397897466814814,0.04591174634622064,0.2513878809873855,Stable
MECOBALAMINUM,0.0,7786.4338333333335,0.20815613282012008,1.0,0.04332897563062747,0,0,0,0.12400783142786898,0.04774071796283241,-0.3925170760441172,Stable
MEDROXYPROGESTERONUM,0.0,1123.8815,0.2316424489708559,1.0,0.05365822416521558,0,0,0,0.3413639361410996,0.6324760711515909,0.4150830884806815,Stable
MEFLOQUINUM,0.85,4.800333333333333,3.5114856855043652,6.666666666666667,0.9995797579253086,0,49,2,0.07407881778908132,0.29786558789070294,,Potential discontinued
MEGESTROLUM,0.7,3.7925,2.393273731304064,3.3333333333333335,1.0183277458850233,37,5,0,0.022719849132103342,0.252940911950967,-0.17582974389672848,Lumpy / volatile
MELATONINUM*,0.0,29001.056,0.31181290661292227,1.0,0.09722728873039899,0,0,0,0.3655249973080591,0.27869410940670925,0.365545458909546,Stable
MELDONIUM,0.0,104312.95416666666,0.283029994598035,1.0,0.08010597784216374,0,0,0,0.3501688744868696,0.6031703872151366,0.2978101265307323,Stable
MELISSA+MENTHA PIPERITA+VALERIANA,0.0,37125.053166666665,0.49997881608481526,1.0,0.2499788165335735,0,0,0,0.18776362716886696,0.7622999788402676,0.6959376756423715,Stable
MELOXICAMUM,0.0,286943.4123333333,0.10521111529763312,1.0,0.01106937878217185,0,0,0,0.20672157066223418,0.03971135956486549,-0.33476839812599146,Stable
MELPHALANUM,0.18333333333333332,4.9925000000000015,1.4350426330057495,1.2244897959183674,1.4984670094776604,0,0,11,0.04570953783478271,0.025253130827601056,-0.29875277530766614,Lumpy / volatile
MEMANTINE,0.0,15628.781500000003,0.18374122782988125,1.0,0.033760838804432335,0,0,0,0.40504108657551074,0.7510030006784395,0.5341645402978357,Stable
MENADIONI NATRII BISULFIS,0.0,5714.850833333334,0.27089282227347716,1.0,0.0733829211592897,0,0,0,0.095664020618349,0.7709348434390665,0.5466722634080886,Stable
MENOTROPINUM*,0.0,66.3885,0.7336467566215937,1.0,0.5382375635013841,0,0,0,0.3900577989721363,0.08157386127997823,0.2793367170206395,Stable
MENTHA PIPERITA,0.0,78234.71633333334,0.23720692794376852,1.0,0.05626712666452019,0,0,0,0.7642014407621517,0.7522837833560635,0.8071629429141094,Seasonal
MENTHA PIPERITA+VALERIANA OFFICINALIS*&,0.0,990.5288333333333,0.5783273041028729,1.0,0.3344624706708969,0,0,0,0.3919090755850255,0.8506508636575806,0.8363490615663917,Stable
MENTHOL SOLITION IN ISOVALERAT,0.0,1167665.3541666665,0.22473750402552076,1.0,0.05050694571562096,0,0,0,0.35546302080805714,0.7835184261216858,0.5423615088654902,Stable
MENTHOLUM*+METHYL SALICYLAT*,0.0,2303.4565000000002,0.3159361219168885,1.0,0.09981563313188303,0,0,0,0.44208613330211877,0.26623226541781375,0.4301959785755651,Stable
MEPIVACAINUM,0.16666666666666666,2.6675,0.8824818775767684,1.2,0.4823118868761821,0,2,8,0.1248276548364633,0.19161000150314866,0.00015482350806311621,Stable
MERCAPTOPURINUM,0.1,11.617333333333335,0.9400273899500755,1.1111111111111112,0.6952863444707158,0,0,6,0.10020450079643373,0.3379437484266369,-0.09841946926772484,Stable
MEROPENEMUM,0.0,18127.862000000005,0.9229285567674927,1.0,0.8517971208969272,0,0,0,0.15881700821449984,0.5971025806702854,0.28759991243458044,Stable
MESALAZINUM,0.0,9233.630333333334,0.1894537285804221,1.0,0.03589271527302425,0,0,0,0.13039536787516603,0.05970704439972507,-0.1546345299680796,Stable
MESNUM,0.0,37.020500000000006,0.7414635885731704,1.0,0.5497682531798036,0,0,0,0.2842210721478019,0.1555537561211323,0.13290421454737017,Stable
MESTEROLONUM,0.0,653.8664999999999,0.351483585222118,1.0,0.12354071068059386,0,0,0,0.11517630328289696,0.04626217454107806,-0.5999244170133239,Stable
METADOXINE,0.0,4504.773833333334,0.3967129507239019,1.0,0.157381165272065,0,0,0,0.3751286166327621,0.627035604062,0.5382177343003387,Stable
METAMIZOLUM NATRICUM,0.0,1324568.5721666666,0.19741077297927462,1.0,0.03897101328827471,0,0,0,0.32344076142579015,0.6535492457023777,0.4061592406014278,Stable
METAMIZOLUM NATRICUM+PITOFENONUM+FENPIVERINII BROMIDUM,0.0,633429.9846666666,0.1470752352556247,1.0,0.02163112482549735,0,0,0,0.26193661434560433,0.1584417536433015,-0.02206718694634171,Stable
METAMIZOLUM NATRICUM+TEMPIDONUM,0.0,164716.903,0.18316994594043737,1.0,0.03355122909582275,0,0,0,0.25531988026901364,0.019912523471855348,0.06674241446269759,Stable
METFORMINUM,0.0,676475.0134999999,0.1396533617666888,1.0,0.019503061452737662,0,0,0,0.2160416549202514,0.0003480534506897781,0.10996057489285646,Stable
METFORMINUM+SAXAGLIPTINUM,0.0,1213.3580000000002,0.3157565600182766,1.0,0.09970220519457552,0,0,0,0.32671521441176243,0.842398154337276,0.6632053303761627,Stable
METFORMINUM+SITAGLIPTINUM,0.0,6686.696833333333,0.23227693559186366,1.0,0.05395257480794678,0,0,0,0.18294385668741286,0.09773462159444601,0.03286945021671063,Stable
METFORMINUM+VILDAGLIPTINUM,0.4,4120.393333333333,1.038513634326628,1.6666666666666667,0.24710634120938055,24,0,0,0.06367014630868517,0.8071170866849232,0.5634682951920275,Intermittent
METHADONUM,0.0,24653.133666666672,0.650148867519623,1.0,0.42269354993704833,0,0,0,0.14469535853353777,0.039521412771208575,0.08121746192794296,Stable
METHIONINUM,0.0,2923.101166666667,0.3156067328106533,1.0,0.0996076097954151,0,0,0,0.12203438147584644,0.4293819823336984,-0.009304383923976057,Stable
METHIONINUM+NICOTINAMIDUM+THIAMINUM+TOCOPHEROLI ACETAS*+ZINCI SULFAS*,0.0,870.3811666666667,0.6621068359865432,1.0,0.43838546226011116,0,0,0,0.1476229204809365,0.6108424750250596,0.21393576895208358,Stable
METHIONINUM+PHOSPHOLIPIDES*,0.8666666666666667,10.724166666666667,2.75941400681733,7.5,0.14858208813595597,0,52,0,0.05552924687552774,0.3354386968972125,,Potential discontinued
METHOCARBAMOLUM,0.23333333333333334,1061.0685,0.7336993889602617,1.3043478260869565,0.1793746749098405,14,0,0,0.023737605466746525,0.617856348472821,0.5174851392958687,Stable
METHOTREXATUM,0.0,12152.27233333333,0.22676110908035677,1.0,0.05142060059135346,0,0,0,0.2143040866476137,0.6769491919050838,0.3825267276062955,Stable
METHYL SALICYLAT*,0.0,6511.294666666668,0.5077608740515533,1.0,0.25782110521759743,0,0,0,0.1744476033204444,0.870323564209396,0.7670290587368837,Stable
METHYLDOPUM,0.0,5176.088333333334,0.16022360965291768,1.0,0.02567160509021053,0,0,0,0.5880432485215963,0.019384591432413112,0.45756529105047716,Seasonal
METHYLERGOMETRINUM,0.016666666666666666,73.69550000000001,0.6980973079675342,1.0169491525423728,0.46255085386832634,0,0,1,0.09684567395124477,0.24416609946701107,0.32370484315468195,Stable
METHYLPHENIDATUM,0.7833333333333333,6.328999999999999,3.4750607190400853,4.615384615384615,1.8331435168866699,47,0,0,0.07383959337162271,0.375373813766108,0.04740771419885664,Lumpy / volatile
METHYLPREDNISOLONI ACEPONAS,0.0,4069.433166666667,0.2886583519670449,1.0,0.0833236441603304,0,0,0,0.1932925042537118,0.15826830875065556,-0.09297642748017987,Stable
METHYLPREDNISOLONUM,0.0,71341.20066666666,0.5595157716871424,1.0,0.3130578987666584,0,0,0,0.15308236868093295,0.03576877696972236,-0.031286183493508396,Stable
METHYLURACILUM*,0.0,37222.666333333334,0.20572455169203016,1.0,0.04232259116888679,0,0,0,0.18077409798101374,0.4942702825514823,0.33834510415594443,Stable
METHYLURACILUM*+MYRAMISTINUM*,0.016666666666666666,24452.774166666662,0.5041545139505904,1.0169491525423728,0.23326891103780997,0,0,1,0.12543050100200037,0.3365077315522267,0.015210942516677156,Stable
METOCLOPRAMIDUM,0.0,46757.061,0.1638211992727692,1.0,0.02683738533116835,0,0,0,0.3834944901192531,0.43271987465645245,0.2221209813685385,Stable
METOPROLOLUM,0.0,86835.61933333332,0.1381047304982465,1.0,0.0190729165859933,0,0,0,0.4711713367995679,0.24774800867043834,0.36838038529587425,Stable
METOXYPOLYETHYLENGLYCOLUM-EPOETINUM BETA*,0.0,164.93216666666666,0.35565064703612553,1.0,0.12648738273721474,0,0,0,0.24482189839988266,0.30130152699111856,0.28605253530955466,Stable
METRONIDAZOLUM,0.0,196923.81483333334,0.28364784901583046,1.0,0.08045610225130734,0,0,0,0.25272510190568753,0.803137965087158,0.562561519659285,Stable
METRONIDAZOLUM+MICONAZOLUM,0.0,26035.440833333334,0.20372184743595176,1.0,0.0415025911227172,0,0,0,0.3860412602167259,0.24298192157373988,0.24612224302440835,Stable
MEXILETINUM,0.0,219.61133333333333,0.2873460172890584,1.0,0.08256773365188383,0,0,0,0.0837511657175718,0.00899696576804443,-0.22449294126011693,Stable
MIANSERINUM,0.0,13361.856999999998,0.4447147837580898,1.0,0.1977712388930046,0,0,0,0.12358219795742609,0.41707748518379995,0.6357359123838401,Stable
MICAFUNGINUM,0.95,0.007833333333333333,5.589349958276788,20.0,0.6120416478044363,1,24,32,0.1784110554688768,0.00877784325404285,-0.029294726853445956,Potential discontinued
MICONAZOLUM,0.0,12755.515666666668,0.3345014911114571,1.0,0.11189124755578822,0,0,0,0.41863229787052547,0.7357854797979444,0.7180054249597096,Stable
MICONAZOLUM+NEOMYCINUM+ORNIDAZOLUM+PREDNISOLONUM,0.0,22283.003833333332,0.34273491272539,1.0,0.11746722040088069,0,0,0,0.11965670992188071,0.0005620706297068123,-0.219775859962199,Stable
MIDAZOLAMUM,0.9333333333333333,0.3781666666666667,4.959428633962938,15.0,0.7063954916914331,52,0,4,0.15401540228696842,0.15179086024094546,,Launch / lifecycle
MIDECAMYCINUM,0.0,2411.1328333333327,0.5298508398099635,1.0,0.28074191244732366,0,0,0,0.49492050658406816,0.7578610973630223,0.6118537014718144,Stable
MIFEPRISTONUM,0.03333333333333333,2702.8093333333327,0.72423408780947,1.0344827586206897,0.4736978468137078,0,2,0,0.08641571534452497,0.4482877774505323,0.6195755769817983,Stable
MINOXIDILUM,0.0,4760.128999999999,0.31967362366128593,1.0,0.10219122566473748,0,0,0,0.33239501089144186,0.7923273513272713,0.5490480610537278,Stable
MIRABEGRONUM,0.0,644.0596666666668,0.5683157990067231,1.0,0.3229828474006502,0,0,0,0.13522096087095647,0.8424672388566151,0.630181083811982,Stable
MIRTAZAPINUM,0.0,3344.3841666666663,0.32475451877342226,1.0,0.10546549746375707,0,0,0,0.3290651355815537,0.4733645914875899,0.4359256388840964,Stable
MISOPROSTOL,0.4666666666666667,1337.4513333333337,1.2577442676248345,1.875,0.37702434279633673,6,0,22,0.05581770255008789,0.7944095306438255,0.6717259196909323,Intermittent
MITOXANTRONUM,0.4666666666666667,4.567666666666668,1.309181762800894,1.875,0.4474436736269102,0,0,28,0.10802929885321577,0.08907742641858107,-0.12679369001513718,Intermittent
MOLSIDOMINUM,0.0,66084.78866666667,0.1312393355879438,1.0,0.01722376320556493,0,0,0,0.5200369917175031,0.03555487282892389,0.30221151722620615,Seasonal
MOMETASONUM,0.0,167760.5466666667,0.26776755626136534,1.0,0.07169946418618346,0,0,0,0.3931189390409946,0.17797651641971923,-0.015316069784260112,Stable
MOMETASONUM+OLOPATADINUM,0.4,2706.1440000000002,1.0626872229371738,1.6666666666666667,0.2775824802763534,24,0,0,0.1337217013082752,0.636018421128949,0.15576632902418588,Intermittent
MONTELUKASTUM,0.0,34841.513666666666,0.21751612113566307,1.0,0.04731326295390446,0,0,0,0.35724728230769454,0.02880079989427131,-0.11487277708912672,Stable
MORPHINUM*,0.0,12068.622666666668,0.2704658245091742,1.0,0.07315176222742743,0,0,0,0.13955647924957393,0.6154772686128588,0.4217693927955459,Stable
MOSAPRIDUM,0.0,3008.885,0.305106084350852,1.0,0.09308972270790922,0,0,0,0.3451040476323748,0.23332740861918366,0.04159771091653056,Stable
MOXIFLOXACINUM,0.0,40242.8655,0.9699811294993683,1.0,0.9408633915848703,0,0,0,0.16698513067480825,0.007952556149139034,0.10675015694639396,Stable
MOXONIDINUM,0.0,41920.913833333325,0.3209855223073921,1.0,0.10303170553094931,0,0,0,0.4092980868181988,0.7796685525603041,0.5712035299954358,Stable
MUPIROCINUM,0.0,9024.160666666667,0.5142661600249897,1.0,0.2644696833468483,0,0,0,0.04835012144753259,0.6220727204416479,0.6290344093742751,Stable
MURAMIDASE+PYRIDOXINUM,0.0,59216.88433333333,0.42078989531304495,1.0,0.17706413599756332,0,0,0,0.5273833016136618,0.15288729024848868,0.2854708682967467,Seasonal
MYRAMISTINUM*,0.0,134074.05266666666,0.18452058554607517,1.0,0.03404784649026644,0,0,0,0.21223713440983905,0.011769328044007765,-0.28524779377632364,Stable
MYRAMISTINUM*+TRIAMCINOLONUM,0.0,27808.404333333332,0.11994080639607371,1.0,0.014385797038940438,0,0,0,0.32513089648513704,0.3579760953532216,0.1368832908352488,Stable
MYRAMISTINUM*+XYLOMETAZOLINUM,0.0,18617.690333333336,0.4718355969346689,1.0,0.22262883053469532,0,0,0,0.4743477863505371,0.02482907764768616,0.06600829024305865,Stable
MYRTUS COMMUNIS*,0.0,9578.386833333332,1.0242547523585166,1.0,1.0490977977290064,0,0,0,0.07489802150442093,0.2425074916338944,0.4599951887116187,Lumpy / volatile
NABUMETONUM,0.0,6845.543666666667,0.16311318261888313,1.0,0.02660591034406113,0,0,0,0.29626588590767144,0.0724512843876216,0.004019804836840754,Stable
NADROPARINUM CALCICUM,0.0,2748.6426666666666,1.528013285860216,1.0,2.3348246017653347,0,0,0,0.3442449723123838,0.6655992372714288,0.15993117965936876,Lumpy / volatile
NAFTIDROFURYLUM,0.38333333333333336,755.8651666666667,1.443006205859988,1.6216216216216217,0.9007312612594363,0,16,7,0.044396298828716985,0.6471460306707095,-0.0400453758729942,Potential discontinued
NAFTIFINUM,0.0,97423.02666666666,0.2864356910159677,1.0,0.08204540508779494,0,0,0,0.6383646429949166,0.571979374999762,0.43379494428505605,Seasonal
NALBUPHINE HYDROCHLORIDE,0.0,126783.63266666669,0.2876737925774073,1.0,0.08275621093586913,0,0,0,0.04213034413650529,0.2502587694152504,-0.1640642562689088,Stable
NALOXONUM,0.0,238.49249999999998,0.3315530595250829,1.0,0.10992743128044316,0,0,0,0.18235006977170232,0.004241739625566288,-0.05232856224577897,Stable
NALTREXONUM,0.95,0.006666666666666667,4.370354676682431,20.0,0.005000000000000009,1,51,5,0.16636321075841776,0.12893203263120345,,Potential discontinued
NANDROLONUM,0.15,181.45666666666665,0.7828949796792191,1.1764705882352942,0.37098586682588597,0,1,8,0.028532087885371316,0.7458850968531558,0.5983374931200043,Stable
NAPHAZOLINUM,0.0,795876.3049999998,0.19935680005717557,1.0,0.039743133729036685,0,0,0,0.5885716252104761,0.38891977551618506,0.47287701122552933,Seasonal
NAPROXENUM,0.0,96809.69233333333,0.1455194571936753,1.0,0.021175912421941893,0,0,0,0.33278798674511867,0.0006725346034687218,0.14961995391236857,Stable
NATAMYCINUM,0.0,28064.916833333333,0.21843309904883315,1.0,0.04771301876007735,0,0,0,0.20746518135481617,0.013208212377932793,0.0012914462010093894,Stable
NATRII ACETAS*+NATRII CHLORIDUM*,0.08333333333333333,9.174,1.021125153837375,1.0909090909090908,0.8724718648161193,0,0,5,0.10721035257439271,0.18686426820125945,-0.03026730871128015,Lumpy / volatile
NATRII AMIDOTRIZOAS,0.0,1165.4405,0.33090198432696943,1.0,0.10949612323152591,0,0,0,0.23907771761876673,0.7633675809107024,0.5204097683989907,Stable
NATRII CHLORIDUM*,0.0,1921548.8651666667,0.36333311488668557,1.0,0.13201095237326146,0,0,0,0.3656425923318466,0.725083451021139,0.4904343551496353,Stable
NATRII FLUORIDUM*,0.2,163.72899999999998,0.7985434762494087,1.25,0.3101373467683917,0,2,10,0.04605686522172947,0.7327429096331268,0.6018057080733697,Stable
NATRII HYDROCARBONAS*,0.0,26538.906166666664,0.4450010223616286,1.0,0.19802590990289465,0,0,0,0.44654063775895525,0.6893333532119821,0.5440127356702288,Stable
NATRII HYDROCARBONAS*+THERMOPSIS LANCEOLATA*&,0.0,70737.125,0.555830757627225,1.0,0.308947831124455,0,0,0,0.8029982541313676,0.5025083327368339,0.6635685649491126,Seasonal
NATRII HYDROCARBONAS+GLYCYRRHIZA GLABRA/URALENSIS*&+THERMOPSIS LANCEOLATA*&+CODEINUM,0.0,1218.8463333333336,0.6415973945518075,1.0,0.41164721669566784,0,0,0,0.40281016818452176,0.3065904963084777,0.1313669921266107,Stable
NATRII OXYBUTYRAS*,0.08333333333333333,19.012999999999998,1.3156103718263077,1.0909090909090908,1.5032614295855427,0,2,3,0.1083885972551083,0.29576466380432254,-0.04407837026912604,Lumpy / volatile
NATRII PENTOSANI POLYSULFAS,0.0,1244.0600000000002,0.31775473101598767,1.0,0.10096806908304265,0,0,0,0.18876029993802224,0.06711418081519982,-0.1859403251135253,Stable
NATRII PICOSULFAS,0.0,276556.86916666664,0.162179200949066,1.0,0.02630209322047753,0,0,0,0.3757518739835143,0.3235015863100478,0.3244976350265478,Stable
NATRII TETRABORAS*,0.016666666666666666,23813.63133333333,1.472528945640656,1.0169491525423728,2.1155358041537564,0,1,0,0.10950222299653245,0.9152099697109289,0.7743691919490523,Lumpy / volatile
NATRII THIOSULFAS*,0.0,9297.131,0.279551857736523,1.0,0.07814924116394123,0,0,0,0.12221328688304312,0.7225964531101257,0.37367894634229476,Stable
NEBIVOLOLUM,0.0,151259.37949999998,0.16048996156368056,1.0,0.025757027762711663,0,0,0,0.45816893091756106,0.06559455522054813,0.17789333505602795,Stable
NEFOPAMUM,0.0,4792.905333333333,0.5609860551617366,1.0,0.314705354085927,0,0,0,0.1635781244848996,0.8330845972028612,0.6381685840695706,Stable
NEOMYCINUM+NYSTATINUM+ORNIDAZOLUM+PREDNISOLONUM,0.0,4546.645,0.2894287560786174,1.0,0.08376900484521581,0,0,0,0.23413317548963264,0.2948872912032947,0.033384735060542105,Stable
NEOMYCINUM+NYSTATINUM+POLYMYXINUM B,0.0,16413.4295,0.18772432126165023,1.0,0.03524042079314726,0,0,0,0.4097333146823835,0.24393202326970576,0.23263043350523724,Stable
NEOMYCINUM+NYSTATINUM+PREDNISOLONUM+TERNIDAZOLUM,0.0,29895.512833333334,0.1766265477151877,1.0,0.031196937357785472,0,0,0,0.4293707935424702,0.39182946162671584,0.3224583418691867,Stable
NEOSTIGMINI BROMIDUM,0.0,8690.163833333334,0.26281652169520053,1.0,0.06907252407596381,0,0,0,0.14327562712997188,0.8633002328380428,0.6919721154163369,Stable
NEPAFENAC,0.0,2512.896833333333,0.3478018584799461,1.0,0.12096613276210445,0,0,0,0.1485217992428991,0.07520984119529228,-0.2954269411594875,Stable
NEUROPEPTIDES*,0.0,13840.273666666668,0.19456345579374698,1.0,0.03785493833040534,0,0,0,0.23454380941944353,0.3054557022859463,-0.08946172442530125,Stable
NICERGOLINUM,0.0,29438.583166666667,0.13921380553937557,1.0,0.01938048365275507,0,0,0,0.4458055609377062,0.005388786779494059,0.05093664363527214,Stable
NICETHAMIDUM,0.0,2700.1734999999994,0.3268957986984013,1.0,0.1068608632066657,0,0,0,0.12197389114641188,0.7409454032239875,0.47592641550414533,Stable
NICOBOXILUM+NONIVAMIDUM,0.03333333333333333,11600.28,0.7007472258622482,1.0344827586206897,0.4413451187351821,0,2,0,0.014515118646472147,0.2625341719878689,-0.24772248856520204,Stable
NICORANDILUM,0.43333333333333335,1595.2423333333331,1.0727202557217876,1.7647058823529411,0.21874628998696297,26,0,0,0.03490108361791344,0.8029597486812237,0.7888279707514391,Intermittent
NICOTINIC ACID,0.0,48093.209,0.15342473845955984,1.0,0.02353915037138434,0,0,0,0.5173899698644635,0.1955855368483994,0.41523704618401824,Seasonal
NICOTINUM*,0.0,10957.328833333333,0.2589204436664849,1.0,0.06703979614844938,0,0,0,0.12879498704364323,0.0038956015804404442,0.04332743914778361,Stable
NIFEDIPINUM,0.0,119320.44616666666,0.23036751222193844,1.0,0.05306919068732495,0,0,0,0.799098862220021,0.6582175422243592,0.7555415836933286,Seasonal
NIFURATELUM,0.0,5426.939499999999,0.2494914524113797,1.0,0.062245984826339744,0,0,0,0.22279608241423987,0.004364572040417292,-0.1838664516182574,Stable
NIFURATELUM+NYSTATINUM,0.0,3202.9375,0.24866306390513174,1.0,0.06183331935068762,0,0,0,0.2622099117992993,0.09230890653671964,-0.04257882642506374,Stable
NIFUROXAZIDUM,0.0,159673.2975,0.30336062572514205,1.0,0.0920276692403497,0,0,0,0.5623988934085935,0.4012053071057762,0.3184713947343811,Seasonal
NIMESULIDUM,0.0,453082.92983333336,0.13611607402462486,1.0,0.018527585607877154,0,0,0,0.3099324847912853,0.1624168666024549,-0.07411402469960253,Stable
NIMESULIDUM+TIZANIDINUM,0.0,5200.466166666667,0.1750940680900529,1.0,0.030657932680324084,0,0,0,0.1363727362446876,0.06213904575603513,0.041826856186239054,Stable
NIMODIPINUM,0.0,1812.5036666666667,0.1773041321154724,1.0,0.031436755265220884,0,0,0,0.5074959683919095,0.44190454792646305,0.3223919826134751,Seasonal
NIMORAZOLUM,0.9333333333333333,0.2285,4.587683257092366,15.0,0.4697891778270423,0,54,2,0.1528180833939795,0.14532997017872895,,Potential discontinued
NINTEDANIB,0.31666666666666665,5.753833333333333,1.8707750670314514,1.4634146341463414,2.074862890141463,3,0,16,0.09326977002231496,0.4660667341784026,-0.08754002121389681,Lumpy / volatile
NITRENDIPINUM,0.0,1055.7500000000002,0.5412890804632459,1.0,0.2929938686287463,0,0,0,0.05783380278383943,0.42935049067765696,0.2766743551067416,Stable
NITROFURALUM,0.0,119522.21016666666,0.36897361733124723,1.0,0.13614153028650566,0,0,0,0.41228071961878243,0.2638214740390794,0.2355121858390633,Stable
NITROFURANTOINUM,0.0,53344.59050000001,0.33520428549509573,1.0,0.11236191301427767,0,0,0,0.18397618896057566,0.013816961111841719,0.126227711721406,Stable
NITROGLICERINUM*,0.0,76625.04450000002,0.2342764320401922,1.0,0.0548854466094828,0,0,0,0.6132857411633346,0.8646299408692537,0.7937973375762177,Seasonal
NITROXOLINUM,0.0,76810.68333333335,0.3009226626051675,1.0,0.09055444886938348,0,0,0,0.1263237930972111,0.14224566377538816,0.07140964381455381,Stable
NONACOGUM ALFA,0.8666666666666667,0.11983333333333336,2.7779318104868773,7.5,0.16225401916198706,2,41,9,0.13156229824618448,0.20994381007396534,-0.015753359782061736,Potential discontinued
NORELGESTROMINUM+ETHINYLESTRADIOLUM,0.0,515.7348333333333,0.5827026079227494,1.0,0.33954232927997346,0,0,0,0.13430379761649058,0.4552195328865566,-0.06529718248660088,Stable
NOREPINEPHRINUM,0.0,342.6728333333333,0.369160650978965,1.0,0.13627958623121322,0,0,0,0.23007326452761634,0.0017852072374429095,0.09867866785567374,Stable
NORETHISTERONUM,0.0,10174.982,0.13131426363595525,1.0,0.017243435834253158,0,0,0,0.24383953628587796,0.0005670375699260433,-0.41985925101193056,Stable
NORFLOXACINUM,0.0,43510.919166666674,0.20233102399182382,1.0,0.04093784326957998,0,0,0,0.582659902056525,0.8426849081819189,0.6790441753562206,Seasonal
NYSTATINUM,0.0,40308.9195,0.193392616345457,1.0,0.03740070405694113,0,0,0,0.30978627093925293,0.5618425771886901,0.3339821427897678,Stable
OBINUTUZUMABUM,0.23333333333333334,2.4615,2.047311901826608,1.3043478260869565,2.9801392845766754,2,7,5,0.15553897705053288,0.06601349298002657,-0.10052837035704272,Potential discontinued
OCRELIZUMABUM,0.03333333333333333,7.230833333333334,1.4842496728760135,1.0344827586206897,2.096230521718134,0,0,2,0.11377928059301856,0.017007087006749466,0.03785141655111002,Lumpy / volatile
OCTENIDINI DIHYDROCHLORIDUM+PHENOXYETHANOL,0.0,2389.0505,0.40396293223780533,1.0,0.16318605062216573,0,0,0,0.163256485841614,0.002201278010301011,-0.21291735033707532,Stable
OCTOCOGUM ALFA,0.8,0.25333333333333335,2.025499664765896,5.0,0.020529778393351787,0,34,14,0.22543933411434047,0.25003314663433807,0.21527910494511254,Potential discontinued
OCTREOTIDUM,0.0,3670.8778333333335,0.1682054672380358,1.0,0.028293079208765937,0,0,0,0.14720447604092357,0.013710842684861335,-0.41046378779756343,Stable
OFLOXACINUM,0.0,73277.26933333333,0.2215808289579997,1.0,0.049098063761714314,0,0,0,0.1575918164474085,0.5876184855416564,0.4465700901368891,Stable
OFLOXACINUM+ORNIDAZOLUM,0.0,23788.34166666667,0.2793778248578207,1.0,0.07805196902228714,0,0,0,0.4343935061200902,0.7889378533329705,0.6277066927847107,Stable
OLANZAPINUM,0.0,5528.548333333334,0.37458797075050093,1.0,0.14031614783097812,0,0,0,0.32452148217961574,0.8817915609769156,0.7167354452797757,Stable
OLAPARIBUM,0.4166666666666667,6.0905,1.628079563021273,1.7142857142857142,1.1295417870577307,1,0,24,0.11237336988346203,0.6215390292899103,0.29782203207447683,Lumpy / volatile
OLEUM JECORIS*,0.0,10217.089333333333,0.4170324087356877,1.0,0.17391602993588973,0,0,0,0.434252438956353,0.6614365837679819,0.6595344370116456,Stable
OLEUM VASELINI (PARAFFINUM LIQUIDUM)*,0.0,32140.531,0.1540522334410152,1.0,0.023732090628165038,0,0,0,0.46397919051506975,0.40460421138634184,0.4699746014716235,Stable
OLMESARTANUM MEDOXOMILUM,0.0,2794.8815000000004,0.28115368512852884,1.0,0.07904739466135194,0,0,0,0.12454150041118772,0.2530085500804592,0.1562017077005074,Stable
OLODATEROL+TIOTROPIUM BROMIDE,0.0,1135.087166666667,0.27768255870960806,1.0,0.07710760341151492,0,0,0,0.19731265753232263,0.1804314614629441,-0.20185167422569952,Stable
OLOPATADINUM,0.0,5833.927,0.5617154206833737,1.0,0.31552421383349943,0,0,0,0.813038717812808,0.18728505257899974,0.7202395398013939,Seasonal
OMALIZUMABUM,0.4666666666666667,2.5368333333333335,2.521593166595161,1.875,2.924497118837019,1,0,27,0.20705959252622985,0.25867466058495614,-0.041918718541364634,Lumpy / volatile
OMEPRAZOLUM,0.0,589393.5505000001,0.15901607753931224,1.0,0.025286112915988566,0,0,0,0.39415305224494857,0.21809561705306313,0.27335655286828936,Stable
ONDANSETRON,0.0,29099.853833333338,0.24478012691277173,1.0,0.05991731053143263,0,0,0,0.1819039601735728,0.29881588909431356,-0.2919840766879387,Stable
ONONIS ARVENSIS*&,0.0,64.723,0.6595057070870363,1.0,0.43494777768037163,0,0,0,0.08124441718483277,0.3568381092150904,0.36664913591349807,Stable
OPIPRAMOLUM,0.85,1029.8709999999999,2.7263021291820833,6.666666666666667,0.2649084949374139,51,0,0,0.041444150703794036,0.37257650943537224,,Launch / lifecycle
ORIGANUM VULGARE*&,0.0,4902.263500000001,0.3635774685478471,1.0,0.13218857563566075,0,0,0,0.6384923481979325,0.8302889822989136,0.8243247374974827,Seasonal
ORLISTATUM,0.55,178.8845,2.544126029731772,2.2222222222222223,2.3626597648214367,0,0,33,0.09403165795552304,0.0557569828143436,-0.1426231871868205,Lumpy / volatile
ORNIDAZOLUM,0.0,42606.03449999999,0.3734507731655135,1.0,0.13946547997791983,0,0,0,0.271422276857458,0.7796496710885811,0.5647964216325776,Stable
ORNITHINUM,0.0,4213.383499999999,0.22729036047356774,1.0,0.05166090796420436,0,0,0,0.1681128226136892,0.031354744202908624,-0.33349547031418486,Stable
ORTHOSIPHON STAMINEUS*&,0.0,8457.798499999999,0.3241972787070206,1.0,0.10510387552103757,0,0,0,0.6265046702969003,0.8518547781066088,0.795460761671448,Seasonal
OSELTAMIVIRUM,0.0,27803.86533333333,1.1467199899764566,1.0,1.3149667354116046,0,0,0,0.3368688859717095,0.3407269851309922,0.2521592544687794,Lumpy / volatile
OSIMERTINIBUM,0.43333333333333335,1.7113333333333336,2.557410477164568,1.7647058823529411,3.272864064269626,12,0,14,0.20526354377704215,0.36253168591611373,0.009466491193484963,Lumpy / volatile
OTILONII BROMIDUM,0.0,6362.452666666667,0.17685219592413687,1.0,0.03127669920318929,0,0,0,0.423876799232504,0.2505462584110616,0.33052560074452875,Stable
OXALIPLATINUM,0.0,481.2668333333333,0.5810238764231199,1.0,0.33758874497374886,0,0,0,0.12773662139061714,0.16228687490038762,-0.22017885585552174,Stable
OXCARBAZEPINE,0.0,4739.094166666667,0.16846233883611586,1.0,0.028379559606134315,0,0,0,0.3526658653117263,0.1407286195950357,0.09396335335404249,Stable
OXELADINUM,0.016666666666666666,1058.3461666666667,0.8344121298881088,1.0169491525423728,0.6679728757960033,0,1,0,0.14422795482297457,0.4880785690510767,0.1470084165383205,Stable
OXOLINUM*,0.0,42757.52483333333,1.1607989187175343,1.0,1.3474541296957971,0,0,0,0.7361888935540168,0.5044985415358869,0.25783900558384387,Seasonal
OXYBUPROCAINUM,0.0,1363.2621666666666,0.6587225894109072,1.0,0.4339154498002106,0,0,0,0.21798924991938262,0.5641545001277046,0.5546475699675146,Stable
OXYBUTYNINUM,0.0,21830.341833333332,0.21838986481342815,1.0,0.047694133053227415,0,0,0,0.655327777564076,0.7020440633940791,0.6193485642708849,Seasonal
OXYCODONUM,0.4666666666666667,4.597333333333334,1.9561996651606923,1.875,1.5742491359865631,17,0,11,0.0858208924388063,0.3738514975680659,-0.138242487928638,Lumpy / volatile
OXYMETAZOLINUM,0.0,903909.1818333331,0.298600734445072,1.0,0.08916239861113645,0,0,0,0.7003362426571536,0.0002943520782777709,0.5060166799660872,Seasonal
OXYTOCINUM,0.0,10519.1315,0.4373696060224464,1.0,0.19129217227222997,0,0,0,0.16212715068504513,0.9119769887289981,0.8909395888983017,Stable
PACLITAXELUM,0.0,934.2525,0.6174506766132128,1.0,0.3812453380501143,0,0,0,0.1486149434440488,0.055591646102717274,-0.16441849230210667,Stable
PAEONIA OFFICINALIS*&,0.0,45596.32133333331,0.29558964204198435,1.0,0.08737323648250844,0,0,0,0.5160930907216106,0.6381435426132487,0.5505914010117918,Seasonal
PALBOCICLIBUM,0.0,122.32216666666666,0.35416072873922216,1.0,0.1254298217810969,0,0,0,0.17624220589975526,0.3079087448611014,0.06011298082878833,Stable
PALIPERIDONUM,0.1,2.6435000000000004,1.8175178705556245,1.1111111111111112,2.873034088810147,0,2,4,0.19233193992424813,0.26792368146079615,-0.07686385452420044,Lumpy / volatile
PALONOSETRONUM,0.8666666666666667,68.22816666666667,3.356038424999268,7.5,0.6350658546762094,52,0,0,0.06276020745907895,0.3049118787785199,,Launch / lifecycle
PANAX SHIN-SENG NEES/QUINQUEAFOLIUM/REPENS*&,0.0,11709.425,0.24449277110001347,1.0,0.05977671512016356,0,0,0,0.24089456857645952,0.8002775607880764,0.6639963122644558,Stable
PANCREATINUM*,0.0,1026205.1131666667,0.19803639452339755,1.0,0.03921841355582677,0,0,0,0.6688809050154721,0.41927276583644346,0.6152193405487649,Seasonal
PANITUMUMABUM,0.5,1.1423333333333332,3.152376157801317,2.0,4.468737720137098,5,1,24,0.10249002528680373,0.29730088949025923,0.2426691778912659,Lumpy / volatile
PANTOPRAZOLUM,0.0,351381.17883333325,0.17834130893191946,1.0,0.03180562247155034,0,0,0,0.4239252764414968,0.03878451246374526,0.051098676859844726,Stable
PAPAVERINUM*,0.0,43711.407000000014,0.2678563473505233,1.0,0.0717470228159642,0,0,0,0.6795146171383258,0.75741391017469,0.7267075346753887,Seasonal
PARACETAMOLUM,0.0,1231721.158666667,0.5077858253652935,1.0,0.2578464444419123,0,0,0,0.5174282450414232,0.04004785553074408,0.17670449328190022,Seasonal
PARACETAMOLUM+PHENIRAMINUM+PHENYLEPHRINUM,0.0,43801.89716666667,0.6972078197632419,1.0,0.4860987439390132,0,0,0,0.7152264600382061,0.01526793891835354,0.3813140396746879,Seasonal
PARACETAMOLUM+PHENYLEPHRINUM,0.0,28130.58633333333,0.6575601143981796,1.0,0.43238530404734715,0,0,0,0.8098803210140334,0.4008782253588109,0.6797932100748277,Seasonal
PARECOXIBUM,0.0,472.4096666666666,0.21630832627886387,1.0,0.04678929201756344,0,0,0,0.11489309471160247,0.008056005269710731,-0.30552879405464883,Stable
PARICALCITOL,0.9833333333333333,0.0175,7.681145747868606,60.0,0.0,52,7,0,0.19766632011385799,0.043316042220804984,,Potential discontinued
PAROXETINUM,0.0,15872.191833333332,0.19715664754928444,1.0,0.03887074367287277,0,0,0,0.45128504817055703,0.653795751065319,0.4253161114438506,Stable
PASSIFLORA INCARNATA*,0.0,13633.006166666664,0.28001568202324795,1.0,0.0784087821789447,0,0,0,0.44939583466970545,0.23886517836773002,0.3112680247429992,Stable
PAZOPANIBUM,0.0,119.68683333333333,0.7692397462657999,1.0,0.5917297872350723,0,0,0,0.12367017407937764,0.7954319796618035,0.6378611688906887,Stable
PEFLOXACINUM,0.7833333333333333,45.81633333333333,2.5825588843467284,4.615384615384615,0.6617489180756139,0,47,0,0.01081339592831776,0.5222638731192533,0.5631552104633757,Potential discontinued
PEGINTERFERONUM ALFA-2A,0.23333333333333334,6.416166666666667,1.8415875227459462,1.3043478260869565,2.3667741963490556,0,14,0,0.083434176412722,0.048160456920427364,-0.27751212734982944,Potential discontinued
PEGVISOMANTUM,0.9,0.034833333333333334,5.256670643127148,10.0,1.863258625031478,47,1,6,0.1779660532653895,0.09602414588080099,-0.031165123008537188,Lumpy / volatile
PELARGONIUM SIDOIDES*&,0.0,41345.83783333333,0.5251244609464407,1.0,0.27575569948428996,0,0,0,0.6016761134394816,0.1365231019672306,0.41884157358710383,Seasonal
PEMBROLIZUMABUM,0.21666666666666667,141.038,1.346034237344851,1.2765957446808511,1.2025830650152187,0,0,13,0.10819893153470961,0.6935408976260911,0.15953346105878394,Lumpy / volatile
PEMETREXEDUM,0.06666666666666667,41.083,0.7678918185946519,1.0714285714285714,0.4836806553936283,0,1,3,0.06844630188661549,0.35923933438642464,0.2633961637157828,Stable
PENCICLOVIRUM,0.0,9361.786666666665,0.3839165116424264,1.0,0.1473918879116893,0,0,0,0.38881744076733094,0.6184968939558091,0.401923202810699,Stable
PENICILLAMINUM,0.0,193.48433333333335,0.19506955106811572,1.0,0.0380521297539162,0,0,0,0.2840880024698118,0.06439866454771559,-0.02502763331817189,Stable
PENTANEDIOIC ACID IMIDAZOLYL ETHANAMIDE,0.43333333333333335,77.89916666666666,1.7012704610392777,1.7647058823529411,1.2067820029093839,0,25,1,0.14923585188571864,0.8074231094029941,0.35790489757525407,Potential discontinued
PENTOXIFYLLINUM,0.0,82747.67883333334,0.1873819129955988,1.0,0.035111981317890166,0,0,0,0.2273286826738551,0.5801360271855651,0.1459972352977611,Stable
PERINDOPRILUM,0.0,43845.233499999995,0.17369617058471098,1.0,0.03017035967579302,0,0,0,0.5756445192939703,0.3316724718862656,0.39173934300436647,Seasonal
PERMETHRINUM,0.0,7450.022999999999,0.2518950386143815,1.0,0.06345111047854075,0,0,0,0.2607159030162406,0.09115468578635677,0.10319855728636218,Stable
PERTUZUMABUM,0.06666666666666667,53.93633333333334,0.7627218157210779,1.0714285714285714,0.47629493029840086,0,4,0,0.07430940380310513,0.5646365433791377,0.30761281164421234,Stable
PHENAZEPAMUM*,0.0,3328.5505,0.29033865834963574,1.0,0.08429653653226649,0,0,0,0.3668369913891202,0.7381301554095703,0.5985936548708911,Stable
PHENIBUTUM*,0.0,271814.5511666667,0.15341535367160866,1.0,0.023536270742184777,0,0,0,0.44422507132240185,0.0018731790864446873,0.35510307122244,Stable
PHENINDIONUM,0.0,1995.5485,0.3634471668081718,1.0,0.1320938430608871,0,0,0,0.18494996292664279,0.7573935547733005,0.5239201071185932,Stable
PHENOBARBITALUM,0.0,588.8321666666667,0.2567806652657353,1.0,0.0659363100543136,0,0,0,0.1893907083263956,0.3171605707344274,0.16697233145026408,Stable
PHENOLUM PURUM*,0.0,60011.56333333333,0.43285812735088636,1.0,0.18736615841371615,0,0,0,0.5971096867091091,0.012883629577119415,0.33653315486141056,Seasonal
PHENYLACETYLPROLILGLYCINI AETHYLICUM AETHER*,0.95,0.06616666666666667,4.380012240841008,20.0,0.009225361495853669,8,47,2,0.17231229094599532,0.08704561642091402,-0.037478230163305606,Potential discontinued
PHENYLBUTAZONUM,0.0,731.1003333333334,0.26092863274297856,1.0,0.06808375138512018,0,0,0,0.18941665906552796,0.7210593070052471,0.4689756613119704,Stable
PHENYLEPHRINUM,0.0,65044.05,0.21480217399990828,1.0,0.04613997395508687,0,0,0,0.3843740112662789,0.3465314906560204,0.1279567004289481,Stable
PHENYLEPHRINUM+TROPICAMIDUM,0.48333333333333334,441.1168333333334,1.0941485318015232,1.935483870967742,0.1351998549824385,29,0,0,0.04728796144513481,0.7989695814266744,0.8097659341093716,Intermittent
PHENYTOINUM,0.0,1790.9528333333333,0.19756730004564968,1.0,0.03903283804732777,0,0,0,0.36269460096457073,0.7690623109560323,0.5428607711887204,Stable
PHLOROGLUCINOLUM,0.21666666666666667,500.7458333333334,0.7276134451274081,1.2765957446808511,0.1980467049986377,13,0,0,0.007417527296509907,0.5222838067252344,0.007412391668533595,Stable
PHLOROGLUCINOLUM+SIMETICONUM,0.6,1506.8356666666668,1.446263506249452,2.5,0.23667125180358306,0,36,0,0.12039537011109935,0.7092375038480948,0.2054191973402939,Potential discontinued
PHOSPHOLIPIDES*,0.0,80747.20449999999,0.36263197525850527,1.0,0.13150194947988517,0,0,0,0.5454996285846918,0.7554569133667116,0.7249760062416262,Seasonal
PHTHALYLSULFATHIAZOLUM,0.0,77903.28183333334,0.25736633976420437,1.0,0.06623743284362389,0,0,0,0.4713956560883801,0.7122026126338907,0.40190373686783776,Stable
PHYTOMENADIONUM,0.0,1479.8015000000003,0.29213210899339426,1.0,0.08534116910492838,0,0,0,0.36844070010073193,0.8538052151466196,0.7308104416252164,Stable
PIDOTIMODUM,0.8833333333333333,0.7668333333333333,4.113007670745936,8.571428571428571,1.0902970782884063,0,50,3,0.0993569214196004,0.23913252035917232,,Potential discontinued
PILOCARPINUM*,0.0,6601.766833333333,0.2772381122182064,1.0,0.0768609708663148,0,0,0,0.3533019212479387,0.8667673300272032,0.7108072788205023,Stable
PILOCARPINUM*+TIMOLOLUM,0.0,3578.203833333333,0.1633897647783195,1.0,0.026696215234314587,0,0,0,0.2865331407041245,0.6107659699539276,0.28925212002644907,Stable
PIMECROLIMUSUM,0.0,5045.689,0.5165407345640216,1.0,0.26681433046393904,0,0,0,0.10933666718796597,0.020557052181006452,-0.4077491648425894,Stable
PINAVERII BROMIDUM,0.45,5.7925,1.5082842542437118,1.8181818181818181,0.8012067653797309,6,0,21,0.031529705345360926,0.5796709170588836,-0.016054831693532074,Lumpy / volatile
PINUS SILVESTRIS*&,0.0,12484.770833333332,0.3450602915160661,1.0,0.11906660478115252,0,0,0,0.6805322668957596,0.5768133715440031,0.5918990400247406,Seasonal
PIOGLITAZONUM,0.0,3275.743833333334,0.1437674280324658,1.0,0.020669073363070233,0,0,0,0.19907562467914341,0.08784630179170339,-0.3613117359292328,Stable
PIPECURONII BROMIDUM,0.3333333333333333,1.0245,1.6489905728564562,1.5,1.4794466062463094,0,0,20,0.20092125772554736,0.3474726560511423,0.2691830675645826,Lumpy / volatile
PIPERACILLINUM+TASOBACTAMUM,0.0,3361.339833333333,0.9161932665168165,1.0,0.8394101016107542,0,0,0,0.14592565345641662,0.4424284948162658,0.2515899687523565,Stable
PIPERAZINUM*,0.23333333333333334,4200.160666666667,1.2983855267040212,1.3043478260869565,1.0591171482317672,0,13,1,0.053593515296789684,0.9130888715143826,0.778861650565173,Potential discontinued
PIRACETAMUM,0.0,80899.22549999999,0.195046617054745,1.0,0.038043182824500345,0,0,0,0.4185723664809812,0.8111172909801101,0.6314531838168388,Stable
PIRENZEPINUM,0.5666666666666667,251.8375,1.4525594318187394,2.3076923076923075,0.3476358579517508,0,29,5,0.06515960295774126,0.7933455373517756,0.7537626062205076,Potential discontinued
PIRIBEDILUM,0.0,1627.6315000000004,0.25590592146724545,1.0,0.065487840642,0,0,0,0.31491249774974917,0.8632490713817885,0.738616654278907,Stable
PIROXICAMUM,0.0,16670.925,0.17475201836476686,1.0,0.030538267922559814,0,0,0,0.06056802358823199,0.1353154886550959,-0.24887463183330252,Stable
PITAVASTATINUM,0.0,638.5336666666667,0.2493083216412957,1.0,0.06215463923959976,0,0,0,0.26221645609705224,0.2428043703010776,-0.09671784326233242,Stable
PIX BETULA+XEROFORMIUM*,0.0,70395.75916666667,0.20648540478727373,1.0,0.04263622239016428,0,0,0,0.5102919439162846,0.7684851526776681,0.5926009647792682,Seasonal
PLANTAGO (SEMENI PSYLLIUM),0.0,30804.927333333333,0.41566593590741024,1.0,0.17277817027378328,0,0,0,0.694703650713721,0.07497642524397252,0.515426738822019,Seasonal
PLANTAGO (SEMENI PSYLLIUM)+SAMBUCUS NIGRA*&+TILIA CORDATA/PLATYPHYLLUS SCOP.*&+VIOLA TRICOLOR/ARVENSIS MURR.*&,0.9833333333333333,0.367,7.681145747868607,60.0,0.0,0,59,0,0.1810004636546284,0.043316042220804096,,Potential discontinued
PLANTAGO MAJOR/PSYLLUM/LANCEOLATA*&+THYMUS SERPYLLUM*&,0.0,7469.806833333334,0.5800692563801514,1.0,0.33648034219742173,0,0,0,0.5705721658361199,0.30605908896776857,0.4373603526697429,Seasonal
PLATYPHYLLINI HYDROTARTRAS*,0.0,16115.061333333333,0.2673944987354247,1.0,0.07149981795396902,0,0,0,0.45676282542820423,0.8523445156988786,0.7548704028888167,Stable
POLATUZUMABUM VEDOTINUM,0.85,0.0025000000000000005,2.7928480087537877,6.666666666666667,0.3199999999999998,29,17,5,0.12956345718239515,0.021716494729805746,-0.09492273730684335,Potential discontinued
POLIDOCANOLUM,0.0,229.65366666666662,0.4936841812611762,1.0,0.2437240708275179,0,0,0,0.23896251852983175,0.2065554116727688,-0.01839672568544942,Stable
POLYGONUM AVICULARE*&,0.0,4577.0903333333345,0.35668592816839817,1.0,0.1272248513533517,0,0,0,0.512272273466873,0.6563697610680561,0.7620038845684028,Seasonal
POLYGONUM HYDROPIPER*&,0.0,18333.450500000003,0.2018283598214239,1.0,0.04073468682820617,0,0,0,0.2495038200050831,0.8125557146153981,0.7159594068917919,Stable
POLYMYXINUM B,0.5,88.49100000000001,1.7099953627909468,2.0,0.9620420703832714,30,0,0,0.14570466681645855,0.6707306880473325,0.31777151668936787,Lumpy / volatile
PORACTANT ALFA*,0.6833333333333333,0.04583333333333333,3.3669565922676927,3.1578947368421053,2.9065256198347105,14,8,19,0.1778481344613867,0.06347404640893228,-0.06079780127645086,Potential discontinued
POSACONAZOLUM,0.9666666666666667,0.0035000000000000005,6.101745038675968,30.0,0.27437641723356004,35,8,15,0.17561135432440822,0.004230959011901736,-0.026817299023119336,Potential discontinued
POTENTILLA ALBA/ERECTA*,0.0,6366.752166666668,0.2692153553989432,1.0,0.07247690758257927,0,0,0,0.44558242273549575,0.7627063334270168,0.744359819759364,Stable
POVIDONUM,0.0,91481.97816666667,0.17778875520975326,1.0,0.03160884147903356,0,0,0,0.3955216647101121,0.160199471839797,-0.04820937267954763,Stable
PRAMIPEXOLUM,0.0,16945.437,0.11316056888012956,1.0,0.012805314349274543,0,0,0,0.37519347546584325,0.14587033652239967,0.20315768918374336,Stable
PRAMIRACETAMUM,0.0,4594.100333333333,0.16364839216290566,1.0,0.026780796257504166,0,0,0,0.22984108820750815,0.06369141092865616,-0.13466420006593047,Stable
PRASUGREL,0.4166666666666667,425.98966666666666,1.0809337859169768,1.7142857142857142,0.2649104122298048,25,0,0,0.04734977007709018,0.8134032611935296,0.6504916203413877,Intermittent
PREDNICARBATUM,0.0,1383.677833333333,0.199364426559049,1.0,0.03974617457721845,0,0,0,0.1607830262578991,0.10742201640757598,-0.031244988569748375,Stable
PREDNISOLONUM,0.0,51203.145333333334,0.1707933782989108,1.0,0.029170378070754857,0,0,0,0.2196500268485181,0.6865673757047979,0.3583872626096804,Stable
PREDNISOLONUM+UREA PURA*,0.0,3109.6106666666665,0.2859390909570918,1.0,0.08176116373736804,0,0,0,0.19568358872287128,0.43652840862862485,0.7651554919010415,Stable
PREDNISONUM,0.0,8999.546166666667,0.5268679425578384,1.0,0.27758982889512973,0,0,0,0.2371334349858717,0.0014987236585423114,-0.07014243858480307,Stable
PREGABALINUM,0.0,135555.968,0.3627748148615493,1.0,0.13160556629783135,0,0,0,0.14336644684878963,0.862005768199789,0.8761440228122596,Stable
PRENOXDIAZINUM,0.03333333333333333,16025.948833333334,0.7041588066155482,1.0344827586206897,0.4459783041030918,0,2,0,0.08203657808396936,0.3959464777432934,0.4411136999260268,Stable
PRIDINOLUM,0.9333333333333333,33.412333333333336,5.700043791314095,15.0,1.232699948193225,56,0,0,0.1439893062980213,0.12460786438748739,,Launch / lifecycle
PRIFINII BROMIDUM,0.35,8040.6545,1.6054325917256667,1.5384615384615385,1.3253189742737446,0,7,14,0.036505055989833,0.8270905032429587,0.442091766742301,Potential discontinued
PRIMULA*&+THYMUS SERPYLLUM*&,0.0,6147.923333333333,0.5398753156463192,1.0,0.29146535644421284,0,0,0,0.6825754685684806,0.18665432012659344,0.514415256115988,Seasonal
PROCAINAMIDUM,0.5333333333333333,54.76783333333333,1.3110349475933087,2.142857142857143,0.26877922911179486,0,32,0,0.08394271322273805,0.7964454181687455,0.6347876074012675,Potential discontinued
PROCAINUM,0.0,68532.97316666666,0.3129202495982646,1.0,0.09791908260864021,0,0,0,0.2717430187682318,0.7162179053440081,0.522680220861989,Stable
PROCHLORPERAZINUM,0.0,3087.9951666666666,0.15557219495925337,1.0,0.02420270784443994,0,0,0,0.262955069205021,0.4046738949002233,0.10004982952096461,Stable
PROGESTERONUM,0.0,56336.691333333336,0.18366985080928114,1.0,0.03373461409630361,0,0,0,0.27184761786593026,0.4121791005650458,0.16720626345812717,Stable
PROMESTRIENUM,0.3,698.6206666666668,1.185753067240408,1.4285714285714286,0.6842072355290251,0,0,18,0.0032946278318453093,0.17005182142391273,0.34185761025208067,Lumpy / volatile
PROMESTRIENUM+CHLORQUINALDOLUM,0.25,867.4148333333334,0.8409820179044765,1.3333333333333333,0.28043806582901387,0,2,13,0.021503150498124346,0.7774178792410701,0.6248182004860363,Intermittent
PROPAFENONUM,0.0,10158.918499999998,0.20032484020158042,1.0,0.040130041601788735,0,0,0,0.3020581291664558,0.21884191267997644,0.09334868652478286,Stable
PROPOFOLUM,0.0,448.35,0.8744566239130136,1.0,0.7646743871053455,0,0,0,0.24728942351709637,0.07022380530454164,0.13510294492318167,Stable
PROPOLIS*,0.0,94644.38049999998,0.3182573056007558,1.0,0.10128771256825288,0,0,0,0.5735919930739928,0.234531457860631,0.370022572573364,Seasonal
PROPRANOLOLUM,0.0,102894.25833333333,0.17557605984096913,1.0,0.030826952789279573,0,0,0,0.37135673828237914,0.5473533456684128,0.45192394950786674,Stable
PROSTATILENUM*,0.0,16423.927666666666,0.23726117800518612,1.0,0.05629286658840862,0,0,0,0.7586112716360326,0.008236127535383275,0.6724006510023299,Seasonal
PROSTATILENUM*+TOCOPHEROLI ACETAS*+ZINCI SULFAS*,0.0,3740.3700000000003,0.2647929945473396,1.0,0.07011532996134744,0,0,0,0.5437868689944165,0.2750756086337549,0.6032255790401851,Seasonal
PROTAMINE SULPHATE,0.0,75.00716666666668,0.774863310134354,1.0,0.6004131493923682,0,0,0,0.2524357481917433,0.0016804553199453176,0.030401080394702466,Stable
PROXYMETACAINUM,0.26666666666666666,1082.7656666666667,0.8467041000620701,1.3636363636363635,0.2590657442454079,0,16,0,0.009928887591026836,0.7138189047949662,0.3735192706895356,Potential discontinued
PYRANTELUM,0.0,27959.722833333337,0.26198010122173004,1.0,0.06863357343614791,0,0,0,0.5238126738147337,0.8078736586695219,0.7965649552279395,Seasonal
PYRAZINAMIDUM,0.016666666666666666,171.80183333333335,0.5836821845522224,1.0169491525423728,0.3183401443542605,0,1,0,0.2110805381601325,0.5373899141512641,0.7040856561594078,Stable
PYRIDOSTIGMINI BROMIDUM,0.0,2458.474,0.18090530493812493,1.0,0.032726729354755964,0,0,0,0.3037802910497158,0.0025712964650198566,0.016777218538742224,Stable
PYRIDOXINUM,0.0,29444.2675,0.2744033212012089,1.0,0.07529718268625385,0,0,0,0.40536113740771096,0.8047279245567328,0.6773793285870249,Stable
PYRITHIONUM ZINCUM,0.0,2938.6174999999994,0.21671613731129905,1.0,0.046965884171129825,0,0,0,0.12793439405392015,0.129606467647293,0.1157501611956155,Stable
PYRITINOLUM,0.9166666666666666,2.5683333333333334,3.7936626606162704,12.0,0.28265636521284326,0,55,0,0.112352857111093,0.19649733265554992,,Potential discontinued
QUERCETIN*,0.0,54032.961,1.0144715920662661,1.0,1.0291526111094647,0,0,0,0.16233818405809286,0.008991740858629305,0.12692773291909226,Lumpy / volatile
QUERCUS ROBUR/PETRAE*&,0.0,30950.741833333333,0.34359463955987757,1.0,0.11805727633428219,0,0,0,0.6206921762337396,0.9465526097223165,0.902913678049114,Seasonal
QUETIAPINUM,0.0,35038.214666666674,0.30303927918402596,1.0,0.09183280472837403,0,0,0,0.3820629964250578,0.8863394891513898,0.6895936081101162,Stable
QUIFENADINUM,0.0,7219.583166666667,0.26310346661628303,1.0,0.06922343414550554,0,0,0,0.38470582035827194,0.7019440431590884,0.41846505423008856,Stable
QUINAGOLIDUM,0.95,0.09266666666666667,4.934100690053346,20.0,0.2672674809792453,3,52,2,0.1768405251319053,0.11208580862004713,,Potential discontinued
QUINAPRILUM,0.08333333333333333,303.81716666666665,0.6939518472929725,1.0909090909090908,0.3581050691645517,0,1,4,0.022605363212780172,0.6957561073663796,0.6634745871205638,Stable
RABEPRAZOLUM,0.0,36375.917,0.20385446777048866,1.0,0.04155664402998921,0,0,0,0.43740060739063136,0.04670819734679954,0.2453607201266824,Stable
RACECADOTRILUM,0.0,1443.3506666666665,0.40087234549282347,1.0,0.16069863738091758,0,0,0,0.21703563204442955,0.010829757665567374,-0.42573241030126746,Stable
RAMIPRILUM,0.0,109570.5215,0.14915050374225125,1.0,0.02224587276656731,0,0,0,0.5410961300665822,0.21201541101383692,0.32711690896296763,Seasonal
RANITIDINUM,0.0,618955.9236666668,0.18980088672357803,1.0,0.03602437660105651,0,0,0,0.48482111624372515,0.7703399350863784,0.6774801259290231,Stable
RANOLAZINE,0.0,1558.4238333333333,0.3670346624871728,1.0,0.13471444346707284,0,0,0,0.33289070723348735,0.8296233098302144,0.6829906554721665,Stable
RASAGILINUM,0.0,1201.4006666666662,0.20960385382335228,1.0,0.043933775537601236,0,0,0,0.22072401599995928,0.7025323547139128,0.5293984766617341,Stable
RAUVOLFIA*,0.0,48052.73333333333,0.2951297914943212,1.0,0.08710159382748152,0,0,0,0.6455016886855554,0.905549689160152,0.8338049449632607,Seasonal
REBAMIPIDUM,0.0,15772.336000000003,0.4618525576449789,1.0,0.2133077850032086,0,0,0,0.4435498569689028,0.8395119803833561,0.6685811654026307,Stable
REGORAFENIBUM,0.5,0.16033333333333336,3.9010129317367768,2.0,7.108950946788783,8,0,22,0.15081345404025714,0.18035238954570731,0.406482941412483,Lumpy / volatile
REMDESIVIRUM,0.5833333333333334,89.70150000000002,3.3154272434138585,2.4,3.996690752654507,32,0,3,0.08702215168238236,0.0743385530903482,-0.11516388668685623,Lumpy / volatile
REMIFENTANILUM,0.8833333333333333,0.6193333333333333,3.154472449195001,8.571428571428571,0.277581250485203,52,0,1,0.092074742016374,0.274717407848601,,Launch / lifecycle
REPAGLINIDUM,0.0,902.8155000000002,0.19670795931440913,1.0,0.03869402125763924,0,0,0,0.18983546724170752,0.4662208172908817,0.35637230517018914,Stable
RETINOLUM,0.0,36910.00016666667,0.2690159940446931,1.0,0.07236960505185439,0,0,0,0.44036372281016833,0.5505033205663349,0.6015349668927517,Stable
RETINOLUM+TOCOPHEROLI ACETAS*,0.0,75723.628,0.30583256630300515,1.0,0.09353355861148205,0,0,0,0.7452935271210006,0.6876948972968429,0.791276662464213,Seasonal
RHODIOLA ROSEA*&,0.0,2368.500666666667,0.22441656056294818,1.0,0.05036279265490338,0,0,0,0.1221007099439958,0.07932809639302352,-0.28180185611549136,Stable
RIBAVIRINUM,0.0,404.73499999999996,0.6973206714743865,1.0,0.48625611886548936,0,0,0,0.18244834497996254,0.5162985810846796,0.3546580618409396,Stable
RIBOCIKLIBUM,0.7666666666666667,0.1095,4.074923128812413,4.285714285714286,3.1078329846704134,33,3,10,0.15512873467679378,0.11182022279880144,-0.020598551624512317,Lumpy / volatile
RIBOFLAVINUM,0.9833333333333333,0.022333333333333334,7.6811457478686105,60.0,0.0,0,59,0,0.18100046365462796,0.04331604222080332,,Potential discontinued
RICINUS COMMUNIS*&,0.0,66719.43933333333,0.2746189921299973,1.0,0.07541559083849551,0,0,0,0.40378151666673845,0.6130472696015428,0.6469301699833515,Stable
RIFAMPICINUM,0.0,9443.265833333333,0.23864030555338145,1.0,0.05694919543461126,0,0,0,0.21149659036200708,0.6483725750140346,0.447523862039762,Stable
RIFAMYCINUM,0.0,3254.6145,0.2780156167921283,1.0,0.07729268318030752,0,0,0,0.27937040550458936,0.06245870762261585,-0.2316374489455698,Stable
RIFAXIMINUM,0.0,9946.152833333332,0.29885418828758525,1.0,0.08931382585703147,0,0,0,0.12587476115590612,0.2699772903478447,-0.038754997055874166,Stable
RILUZOLUM,0.0,148.37333333333333,0.25309401565187994,1.0,0.06405658075879407,0,0,0,0.25992854409518673,0.254324781420027,-0.0541621890149929,Stable
RIMANTADINUM,0.0,112507.19416666665,0.7555621558904014,1.0,0.5708741714137512,0,0,0,0.798717219710226,0.4648134018071197,0.5208317027692746,Seasonal
RISDIPLAMUM,0.9,0.001,3.0000000000000004,10.0,0.0,33,8,13,0.18815471689802687,0.031517370020404334,0.07733088933397003,Potential discontinued
RISPERIDONUM,0.0,16232.242499999998,0.1947573628489713,1.0,0.03793043038388587,0,0,0,0.46157168354741795,0.7827060498869526,0.6288443252777655,Stable
RITUXIMABUM,0.0,144.087,0.6268699812607674,1.0,0.39296597340587497,0,0,0,0.13893355872731528,0.5452107145256044,0.3410720644692233,Stable
RIVAROXABANUM,0.0,69900.47616666667,0.4876344555727239,1.0,0.23778736226170682,0,0,0,0.14286811793186194,0.5273955627185722,0.17430270608826542,Stable
RIVASTIGMINUM,0.0,915.3610000000001,0.3718776449401624,1.0,0.13829298280624147,0,0,0,0.280047699347429,0.8411272060200949,0.6905257890442987,Stable
RIZATRIPTANUM,0.0,6151.749333333332,0.326052529321864,1.0,0.10631025187718499,0,0,0,0.17845139921520814,0.7592523623857077,0.6191867432494385,Stable
ROCURONII BROMIDUM,0.03333333333333333,11.442499999999999,1.7458862434162945,1.0344827586206897,2.913181482451919,0,0,2,0.18266407818497143,0.06111112479451275,-0.07585164034900506,Lumpy / volatile
ROFECOXIBUM,0.4666666666666667,827.5965,1.4946807415492933,1.875,0.724837610217784,0,18,10,0.047226780739963226,0.8424622795872263,0.40889191358106236,Potential discontinued
ROPINIROLUM,0.65,12.754,1.7475402536130722,2.857142857142857,0.4188639282993144,9,19,11,0.04012585351551268,0.0016774636062920623,-0.2154642773772671,Potential discontinued
ROPIVACAINUM,0.18333333333333332,92.85916666666667,1.5613645207572184,1.2244897959183674,1.8075849861215254,0,0,11,0.03181979917733835,0.5450753462032475,0.6535628980048461,Lumpy / volatile
ROSA L.*&,0.0,45073.27083333334,0.5664310067283064,1.0,0.3208440853832427,0,0,0,0.6550561433548128,0.8489869484290631,0.8458548841839167,Seasonal
ROSUVASTATINUM,0.0,216085.08000000005,0.26853404553085947,1.0,0.07211053360916969,0,0,0,0.3975932434039189,0.815887413098392,0.5645391577548667,Stable
ROSUVASTATINUM+VALSARTANUM,0.0,4764.289666666667,0.35751217355790826,1.0,0.12781495424209993,0,0,0,0.12301959394351691,0.6683033830708445,0.6757535217537097,Stable
RUPATADINUM,0.23333333333333334,2216.6078333333335,0.8524860846063486,1.3043478260869565,0.32382826874305465,14,0,0,0.009207101063313017,0.6727962906695026,0.2648406727983151,Stable
RUTOSIDUM,0.9833333333333333,0.2033333333333333,7.681145747868607,60.0,0.0,0,59,0,0.18100046365462907,0.043316042220804096,,Potential discontinued
RUXOLITINIB,0.9,0.005333333333333333,3.108707528861473,10.0,0.06640625,12,12,30,0.11691307603675549,0.00023365160028387955,-0.13278008298755195,Potential discontinued
SABALIS SERRULATAE*&,0.0,15044.662,0.21826075488306712,1.0,0.04763775712212631,0,0,0,0.8162518323417216,0.7411856978478777,0.754425068228864,Seasonal
SACUBITRILUM+VALSARTANUM,0.0,10629.711999999998,0.5879780522206969,1.0,0.34571818989324454,0,0,0,0.03767357845808983,0.7892321173850966,0.8676883628602011,Stable
SALBUTAMOLUM,0.0,179342.96683333334,0.15976341167802682,1.0,0.025524347711002673,0,0,0,0.3990968581314136,0.28275419261148116,0.08031201997694248,Stable
SALMETEROLUM,0.9833333333333333,0.030500000000000003,7.68114574786861,60.0,0.0,0,59,0,0.1810004636546284,0.04331604222080376,,Potential discontinued
SALVIA OFFICINALIS*&,0.0,25471.904333333332,0.44964116045640135,1.0,0.20217717317657932,0,0,0,0.6459058554527245,0.8839383116067677,0.8061730488012857,Seasonal
SAMBUCUS NIGRA*&,0.0,3857.015999999999,0.5700138606735875,1.0,0.324915801360008,0,0,0,0.7318772786463386,0.5916481570012999,0.6290402214608668,Seasonal
SAMBUCUS+HYPERICUM+TILIA+ARCTOSTAPHYLOS+EQUISETUM*&,0.9833333333333333,0.022333333333333334,7.6811457478686105,60.0,0.0,0,59,0,0.18100046365462796,0.04331604222080332,,Potential discontinued
SANGUIRITRINUM*,0.016666666666666666,5276.578666666665,0.8266696891587549,1.0169491525423728,0.655326395390935,0,1,0,0.029280893195736568,0.7423225233488058,0.6809874412505774,Stable
SAXAGLIPTINUM,0.0,946.3706666666665,0.19347128589918755,1.0,0.037431138467485164,0,0,0,0.35823915605545675,0.6082181960492744,0.4059321122119831,Stable
SCOPOLAMINUM*,0.0,6348.503166666667,0.457303668141345,1.0,0.20912664489552937,0,0,0,0.0849034768579301,0.0789659569012795,-0.1317824119886302,Stable
SCUTELLARIA BAICALENSIS*&,0.7333333333333333,35.23133333333333,2.1145702163372144,3.75,0.45904191995211074,0,44,0,0.043149689258681456,0.6046815525219185,0.8253055636964081,Potential discontinued
SECNIDAZOLUM,0.0,11602.909166666666,0.24829596262825135,1.0,0.061650885057489994,0,0,0,0.22543790545643583,0.07636240000208894,-0.12755394719619928,Stable
SECUKINUMAB,0.45,58.256666666666675,1.4768526786967249,1.8181818181818181,0.7496016090155307,27,0,0,0.09079057667689394,0.731679676190484,0.3261730015772571,Lumpy / volatile
SELEGILINUM,0.06666666666666667,219.34866666666667,0.7591301327887157,1.0714285714285714,0.47119332127395885,0,0,4,0.10287681861134657,0.33664762498635914,-0.1282754650795098,Stable
SELENIUM*,0.0,8512.974333333334,0.30066958583947206,1.0,0.09040219984887968,0,0,0,0.27567970907943595,0.6218575394186965,0.4455343625989982,Stable
SEQUIFENADINUM,0.0,878.2454999999999,0.2662598674490006,1.0,0.07089431701395937,0,0,0,0.23730183159336893,0.7764939373220519,0.6402203999933025,Stable
SERENOA REPENS*&,0.0,573.2006666666667,0.3601418412414513,1.0,0.12970214581278272,0,0,0,0.13559803800542447,0.003497083971574111,-0.001299004793848425,Stable
SERENOA REPENS*&+URTICA DIOICA*&,0.7333333333333333,2.4859999999999998,2.9717064692202397,3.75,1.6216104904547797,0,35,9,0.08190017975294861,0.462956905171906,0.4063266855297055,Potential discontinued
SERRAPEPTASUM,0.0,100847.70766666667,0.5139632944341764,1.0,0.26415826802563186,0,0,0,0.25283079877891435,0.012551156974984878,0.0885610339080005,Stable
SERTACONAZOLUM,0.0,15368.109833333332,0.1810221755965997,1.0,0.03276902805772617,0,0,0,0.43885293940500436,0.058787897219097385,0.0444999191303599,Stable
SERTINDOLE,0.0,183.58016666666668,0.2113821600511424,1.0,0.044682417587886776,0,0,0,0.31768342941705674,0.11947380254597406,0.05153634478048779,Stable
SERTRALINUM,0.0,16416.718166666666,0.42228357269743944,1.0,0.17832341577011362,0,0,0,0.2832391461791891,0.8624995540772742,0.5557052554450367,Stable
SEVELAMERUM,0.05,19.850666666666662,0.9022461602001842,1.0526315789473684,0.7233457269161778,3,0,0,0.05213914908534345,0.6511877988597615,0.27136173135120734,Stable
SEVOFLURAN,0.06666666666666667,10.055500000000002,1.2840329979988494,1.0714285714285714,1.472158023953252,0,0,4,0.24988720553978916,0.7549334963621795,0.32389617623043293,Lumpy / volatile
SILDENAFILUM,0.0,213527.21050000004,0.14856280694752252,1.0,0.022070907608126848,0,0,0,0.4199631416772397,0.13737130686918564,0.18134114602163753,Stable
SILIBININUM,0.95,0.009666666666666665,5.624919077235326,20.0,0.631985731272295,1,51,5,0.18574118405289308,0.08424859624836545,,Potential discontinued
SILICII DIOXIDUM*,0.0,143817.76849999998,0.4041209506833994,1.0,0.16331374278125457,0,0,0,0.17626479964669228,0.37461451413135416,0.32056098767688385,Stable
SILIMARINUM*,0.0,183347.15466666667,0.23215432714675435,1.0,0.05389563161296225,0,0,0,0.7674647576576572,0.8143669902843061,0.8268423248421385,Seasonal
SILODOSIN,0.0,5141.479000000001,0.393288819167194,1.0,0.15467609528192583,0,0,0,0.5044478556585531,0.8939872988024279,0.840136233819657,Seasonal
SILVER PROTEINATE,0.0,33248.359000000004,0.5353383576060508,1.0,0.28658715712434385,0,0,0,0.5010581001487286,0.1895955684357794,0.2635575936670074,Seasonal
SILYBUM MARIANUM*&,0.0,16891.178,0.46516972437241555,1.0,0.21638287247270907,0,0,0,0.3814775227858681,0.7904390798046673,0.7614054653208789,Stable
SIMETICONUM,0.0,149246.63233333334,0.14012978934980866,1.0,0.019636357863221744,0,0,0,0.45311171790387517,0.32710220105228993,0.33682240390221196,Stable
SIMOCTOCOG ALFA,0.95,0.054333333333333345,4.359978149274963,20.0,0.0004704731077571613,7,50,0,0.1999735511723194,0.12947221528476016,,Potential discontinued
SIMVASTATINUM,0.0,171438.6678333333,0.14041086216384832,1.0,0.019715210213595215,0,0,0,0.3376373763848137,0.016317384176613103,0.11382616609956213,Stable
SITAGLIPTINUM,0.0,463.44283333333334,0.17568381213773934,1.0,0.03086480184724849,0,0,0,0.34579922803440266,0.30283127683219324,0.15739449348734627,Stable
SODIUM CITRAS*,0.0,15047.472666666667,0.21084098176599564,1.0,0.044453919592048904,0,0,0,0.5864897552521939,0.011026209562298162,0.4550979283694605,Seasonal
SODIUM CITRAS*+SODIUM LAURYL SULFOACTATE*+SORBITOL*,0.0,34157.003333333334,0.18606146329065837,1.0,0.03461886812186101,0,0,0,0.22657238833775684,0.07107556820432626,0.011306569269201375,Stable
SODIUM DIHYDROPHOSPHAS+SODIUM HYDROPHOSPHAS,0.0,3816.0385000000006,1.0997064552281894,1.0,1.2093542876705499,0,0,0,0.048475667271979606,0.5370133508049463,-0.0013220650173755204,Lumpy / volatile
SODIUM MEPHENAMINUM*+VINILINUM*,0.0,1939.6786666666667,0.2556191354263364,1.0,0.06534114239610771,0,0,0,0.15540793874488035,0.3126603119272102,0.09659962984225123,Stable
SOFOSBUVIRUM,0.21666666666666667,7.724666666666667,1.6648836681520474,1.2765957446808511,1.9546061423088759,2,6,5,0.07247318949734194,0.20909052238911507,-0.23949939087329822,Potential discontinued
SOFOSBUVIRUM+LEDIPASVIRUM,0.23333333333333334,13.725666666666665,1.1295169551517656,1.3043478260869565,0.7447865565144086,4,4,6,0.05681440268682447,0.1203984526759504,0.16599627658780916,Lumpy / volatile
SOFOSBUVIRUM+VELPATASVIRUM,0.6166666666666667,11.263333333333332,1.997921978731374,2.608695652173913,0.9134820226875237,35,0,2,0.03558152306196882,0.638492379161511,0.6004336295618662,Lumpy / volatile
SOLIDAGO VIRGAUREA&,0.0,3399.5065000000004,0.6825434350727742,1.0,0.4658655407609423,0,0,0,0.13802041194527215,0.10206043471050175,0.5328572979179428,Stable
SOLIFENACINUM,0.0,8362.417833333333,0.5096722056671698,1.0,0.2597657572296378,0,0,0,0.5797994837339974,0.9470129059273954,0.8608148091405583,Seasonal
SOLIFENACINUM+TAMSULOSINUM,0.0,430.6268333333333,0.557485816539999,1.0,0.3107904356432694,0,0,0,0.3693366687036548,0.8131865768919215,0.5702459876902743,Stable
SOLIZYMUM*,0.0,5163.393166666668,0.253520306649842,1.0,0.06427254588382991,0,0,0,0.4824135955105875,0.7567761973203724,0.7047906890773756,Stable
SOMATROPINUM,0.0,872.4611666666667,0.8681445647441955,1.0,0.7536749852948886,0,0,0,0.11867677556831235,0.17026313763268341,-0.022282709507014657,Stable
SOPHORA JAPONICA*&,0.0,8750.055333333332,0.3179056095984428,1.0,0.10106397661415752,0,0,0,0.18580749106479955,0.7043462579736762,0.4735383680062025,Stable
SORAFENIBUM,0.21666666666666667,0.575,3.355816551287916,1.2765957446808511,8.604845368620037,0,0,13,0.1725551562967631,0.13488276837473956,-0.05926661453611974,Lumpy / volatile
SOTALOLUM,0.0,13127.346833333333,0.15178205248889023,1.0,0.023037791457740233,0,0,0,0.35009830448604906,0.07703646119559737,0.0446328429705461,Stable
SPECTINOMYCINUM,0.6,6.117833333333333,2.2868310781307524,2.5,1.4918385519618635,0,36,0,0.0927785171827128,0.6729026676065355,0.6402781707403421,Potential discontinued
SPIRAMYCINUM,0.0,8819.862333333333,0.5716428765934334,1.0,0.32677557836001525,0,0,0,0.4489434896465846,0.5729256377760478,0.47234563064902935,Stable
SPIRITUS AETHYLICUS*,0.0,915072.5431666666,0.3247932292262071,1.0,0.10549064175118751,0,0,0,0.25244443938159755,0.21455020122166635,0.030520175194587124,Stable
SPIRONOLACTONUM,0.0,235773.18649999995,0.11775594913518353,1.0,0.013866463556727932,0,0,0,0.22561907293672556,0.18757716801283808,0.005620653238891503,Stable
STREPTODORNASUM+STREPTOKINASUM,0.0,20851.462666666663,0.2525401591130797,1.0,0.06377653196485962,0,0,0,0.18009098653785127,0.0009106187893884732,-0.2800973894080521,Stable
STREPTOKINASUM,0.45,8.122499999999999,1.4989435614926012,1.8181818181818181,0.7857574902970674,0,14,13,0.07613844824429128,0.7397460181088389,0.3916392766953992,Potential discontinued
STREPTOMYCINUM,0.0,9464.017666666668,0.34002328421648664,1.0,0.11561583380936567,0,0,0,0.45305671402025083,0.7470591095279034,0.5994939741674369,Stable
STRONTIUM RANELATE*,0.7333333333333333,2.5073333333333334,2.082828838129441,3.75,0.4235135917183035,0,44,0,0.12005054070112864,0.5298784034234963,0.3931730167661291,Potential discontinued
STROPHANTINUM*,0.0,1020.8346666666667,0.559058764455131,1.0,0.3125467021140976,0,0,0,0.33946757284074247,0.9326635598883742,0.8606272196621536,Stable
SUCRALFATUM,0.5666666666666667,418.8385,1.731942072118629,2.3076923076923075,0.7331701145089801,0,34,0,0.09007598413425111,0.8122685480437104,0.49598148319126856,Potential discontinued
SULBUTIAMINUM,0.0,1065.6999999999998,0.3967333413345751,1.0,0.15739734412649653,0,0,0,0.08504555367896904,0.40429939946712956,-0.09346236018569251,Stable
SULFACETAMIDUM,0.0,81355.90866666668,0.26553490820059755,1.0,0.07050878747309977,0,0,0,0.2535081227795035,0.7173354312110728,0.45666368958285286,Stable
SULFADIAZINUM,0.0,2361.3751666666662,0.4139598527099718,1.0,0.17136275965566158,0,0,0,0.15365756457667235,0.7821352000587068,0.6490647931743696,Stable
SULFADIMETHOXINUM,0.016666666666666666,3957.8804999999993,1.5736811559652477,1.0169491525423728,2.4185311742961155,0,0,1,0.07012076834006453,0.8521242084167016,0.7482604566966286,Lumpy / volatile
SULFADIMIDINUM,0.0,5749.950000000001,0.4209021568340186,1.0,0.17715862562752882,0,0,0,0.2692941973386146,0.01966434159552477,0.22936241992205939,Stable
SULFANILAMIDUM,0.0,321102.2665,0.22442674793066994,1.0,0.050367365186736464,0,0,0,0.4266265140568616,0.5887153607119153,0.3771695744572877,Stable
SULFANILAMIDUM+SULFATHIAZOLUM,0.0,71288.885,0.4567584376779839,1.0,0.20862827039003273,0,0,0,0.4639834227606128,0.07235390502268868,0.24621158064142337,Stable
SULFASALAZINUM,0.0,6569.558999999999,0.11485407756259185,1.0,0.013191459132753863,0,0,0,0.3617268451106881,0.003983208254918824,0.0848697211914348,Stable
SULFATHIAZOLUM ARGENTI*,0.0,10114.794333333333,0.1534457009868082,1.0,0.02354558315133295,0,0,0,0.34960712378558845,0.11826005026046094,0.10817676561212095,Stable
SULFOCAMPHOCAINUM*,0.0,15364.942166666668,0.5274896426943531,1.0,0.2782453231498163,0,0,0,0.23222478219423204,0.6447675909131356,0.4783453120344927,Stable
SULFUR*,0.0,15849.0995,0.1441529538416791,1.0,0.020780074101281267,0,0,0,0.4467124386308833,0.4036014759981692,0.32942123270365625,Stable
SULODEXIDUM,0.0,2931.3698333333327,0.22707036914768208,1.0,0.05156095254486462,0,0,0,0.07433864752065511,0.2340440977556303,-0.21790515910791958,Stable
SULPIRIDUM,0.0,38905.27449999999,0.15018129042298123,1.0,0.02255441999311184,0,0,0,0.5290128274381679,0.13497187108163577,0.4083791151648198,Seasonal
SUMATRIPTANUM,0.0,85495.97983333333,0.1255099500255177,1.0,0.015752747555407957,0,0,0,0.3327902593059616,0.23238747430430184,0.08863466232244689,Stable
SUNITINIBUM,0.0,59.22,0.9944550009196085,1.0,0.9889407488540185,0,0,0,0.07775639758492003,0.7146750195463818,0.6057262961863502,Stable
SUXAMETHONII CHLORIDUM,0.0,253.79166666666666,0.7056502925851006,1.0,0.497942335425438,0,0,0,0.3761338111562461,0.18445539639596453,0.04317522804226005,Stable
SYGETHINUM*,0.7666666666666667,1.3696666666666668,2.553149950343723,4.285714285714286,0.7543340894193697,0,37,9,0.16357284347565337,0.4656377341147635,0.4757334394308491,Potential discontinued
SYMPHYTUM OFFICINALE*,0.0,1301.7354999999998,0.9618676229755369,1.0,0.9251893241286097,0,0,0,0.05604301192360739,0.00028940378058051053,-0.24598324105553573,Stable
SYMPHYTUM OFFICINALE*+TOCOPHEROLI ACETAS*,0.0,50718.54733333333,0.2071930680364311,1.0,0.042928967442349156,0,0,0,0.34746562330219677,0.46115968831134313,0.23275731295834384,Stable
TACROLIMUSUM,0.0,3421.7024999999994,0.35411701375123994,1.0,0.12539885942809584,0,0,0,0.11295261351885078,0.06388989351968677,-5.722115718377827e-05,Stable
TADALAFILUM,0.0,4256.297166666666,0.29037488918168597,1.0,0.0843175762672764,0,0,0,0.17978366697139414,0.32667677075932167,0.023175261842264826,Stable
TAFLUPROSTUM,0.0,5922.607999999999,0.22623586850395438,1.0,0.051182668197738534,0,0,0,0.21477862545211956,0.5311968885009348,0.23444515377035555,Stable
TAFLUPROSTUM+TIMOLOLUM,0.06666666666666667,79.26633333333334,0.7238546040633154,1.0714285714285714,0.422367788635415,0,0,4,0.05155646202599107,0.1221256511222284,0.33654430942836094,Stable
TALAZOPARIBUM,0.85,0.07083333333333333,5.696739794887725,6.666666666666667,4.017926643598615,34,2,15,0.17400851540274098,0.08482974407488564,0.04560548588271193,Lumpy / volatile
TAMOXIFENUM,0.0,10107.8505,0.18444604251495386,1.0,0.03402034259942817,0,0,0,0.36903642295184724,0.644964810327828,0.3997929121396796,Stable
TAMSULOSINUM,0.0,119986.75683333333,0.12133356386484345,1.0,0.014721833720144043,0,0,0,0.6037263736267773,0.13745592495014047,0.35362434980241253,Seasonal
TANACETUM VULGARE*&,0.0,5311.392333333333,0.40599653602284036,1.0,0.1648331872625455,0,0,0,0.25898098802767844,0.5749976103159677,0.6171384263224474,Stable
TAURINUM,0.0,171274.9735,0.208809295677769,1.0,0.04360132196144596,0,0,0,0.2938014402059893,0.7967099376399138,0.6270768853701698,Stable
TAZAROTENUM+ULOBETASOLUM,0.95,14.550999999999998,4.953565113758777,20.0,0.2768903668123997,57,0,0,0.1429599407407891,0.12778027095813016,,Launch / lifecycle
TEGAFURUM,0.0,54.76399999999999,0.6526028454817093,1.0,0.4258904739308237,0,0,0,0.15314726353267405,0.8765379445092331,0.6767951677919499,Stable
TEICOPLANINUM,0.0,199.2481666666667,0.7719898404355877,1.0,0.5959683137357641,0,0,0,0.14448943154460203,0.2878510089500469,0.06233514270229287,Stable
TELMISARTANUM,0.0,38656.43866666666,0.1501401333555541,1.0,0.02254205964402356,0,0,0,0.5219643969864984,0.05383763776737771,0.19748711979450775,Seasonal
TEMOZOLOMIDUM,0.0,314.22116666666665,0.5756039374133756,1.0,0.3313198927657812,0,0,0,0.12720796991880112,0.04972465847748486,-0.24614787509186242,Stable
TENOFOVIRUM,0.0,282.24583333333334,0.5190708115110421,1.0,0.2694345073627317,0,0,0,0.05276356552893924,0.4288595812245982,0.25363161264869655,Stable
TENOFOVIRUM ALAFENAMIDUM,0.9833333333333333,0.025666666666666667,7.681145747868608,60.0,0.0,37,22,0,0.19348935239887288,0.010843006878183736,-0.021276595744680844,Potential discontinued
TENONITROZOLUM,0.4166666666666667,316.5396666666667,1.1052821224053069,1.7142857142857142,0.2959616658967881,0,24,1,0.043386946054184916,0.8110148877041703,0.3949102276706734,Potential discontinued
TENOXICAMUM,0.0,24277.124666666667,0.3073901413581947,1.0,0.0944886990042109,0,0,0,0.21498307664768024,0.2115546305018532,-0.16401397284088765,Stable
TEOBONDITHIOMYCOCIDUM*,0.6166666666666667,9.457666666666666,1.7198082626262687,2.608695652173913,0.5171338430757406,18,18,1,0.03954456526281991,0.008128707462984108,-0.02612677673564543,Potential discontinued
TERAZOSINUM,0.0,163.37283333333338,0.2214294555965834,1.0,0.04903100380579929,0,0,0,0.16680669911951873,0.019392054879127985,-0.031125693532142982,Stable
TERBINAFINUM,0.0,78684.95666666665,0.20580073776753482,1.0,0.042353943665661635,0,0,0,0.6757746422429444,0.3129810474115673,0.5700226567994033,Seasonal
TERIFLUNOMIDE,0.25,18.995166666666666,1.6336268363986113,1.3333333333333333,1.751552480451301,15,0,0,0.17817774956105592,0.4205464652592714,0.20352218076673353,Lumpy / volatile
TERLIPRESSINUM,0.13333333333333333,36.604000000000006,1.0640259923316167,1.1538461538461537,0.8478644707096442,0,0,8,0.02451004416366176,0.024005361985534157,-0.018421064748948415,Lumpy / volatile
TESTOSTERONUM,0.0,4574.3994999999995,0.199497097736419,1.0,0.039799092005254305,0,0,0,0.14547711066417712,0.2862573467672941,-0.2239609789274834,Stable
TETRACYCLINUM,0.0,56843.75466666665,0.1570861329435094,1.0,0.024676053163145903,0,0,0,0.19814720118745233,0.04809698421393105,-0.061827519421805956,Stable
TETRACYCLINUM+TRIAMCINOLONUM,0.9833333333333333,0.029,7.681145747868606,60.0,0.0,0,59,0,0.18100046365462918,0.04331604222080354,,Potential discontinued
TETRYZOLINUM,0.0,79062.02883333334,0.20626651267800208,1.0,0.0425458742523444,0,0,0,0.46511662264515197,0.6504181114617382,0.4347391262390465,Stable
THALIDOMIDUM,0.03333333333333333,1.8701666666666668,1.510363060014908,1.0344827586206897,2.171823353955677,0,0,2,0.12066844455412995,0.018568764469087506,-0.06130696373299394,Lumpy / volatile
THIAMAZOLUM,0.0,16664.23616666667,0.14538279580981572,1.0,0.021136157317478567,0,0,0,0.3186757860209073,0.04196870856244583,0.08461873889885653,Stable
THIAMINUM,0.0,21468.270166666665,0.2677703559371822,1.0,0.07170096351872525,0,0,0,0.2129817465884587,0.7464781386869883,0.5184519867139646,Stable
THIAMPHENICOLI GLYCINATIS ACETHYLCYSTEINATUM*,0.06666666666666667,108.61899999999997,0.9087172313974119,1.0714285714285714,0.704049206196006,3,0,1,0.22071685393728302,0.015511575030843217,-0.10645367272042928,Stable
THIOCOLCHICOSIDUM,0.0,58602.96800000001,0.29753080222954853,1.0,0.08852457827535873,0,0,0,0.13284244716361227,0.6387306427346332,0.3315046907959931,Stable
THIOPENTALUM NATRIСUM,0.0,1223.546,0.9488099433313193,1.0,0.9002403085643814,0,0,0,0.19307270010002675,0.10476880172213687,0.2639820788289583,Stable
THIORIDAZINUM,0.0,3337.996833333333,0.11269760332344902,1.0,0.012700749794849468,0,0,0,0.5791414657871181,0.009690770731810905,0.3613661390572836,Seasonal
THYMUS SERPYLLUM*&,0.0,18865.331166666663,0.45658074327758313,1.0,0.20846597513191029,0,0,0,0.6920210492496308,0.47275483376640004,0.6094870499372576,Seasonal
THYROTROPINUM ALFA,0.9833333333333333,0.0005,7.68114574786861,60.0,0.0,3,56,0,0.1882270039522459,0.04331604222080354,,Potential discontinued
TIAPRIDUM,0.016666666666666666,432.0521666666666,0.4094751917215226,1.0169491525423728,0.1482087670914547,0,0,1,0.18724415149697105,0.0002325104041687176,0.2098323152359862,Stable
TIBOLONUM,0.16666666666666666,332.28933333333333,0.7834468472851569,1.2,0.3448241354342099,10,0,0,0.014946046340004848,0.6833242568426469,0.6092179303393673,Stable
TICAGRELORUM,0.0,7731.051499999999,0.2609331898681376,1.0,0.06808612957476155,0,0,0,0.24015936961046225,0.824317363999993,0.615104600693629,Stable
TICLOPIDINUM,0.0,67.358,0.4723770766851867,1.0,0.22314010257764277,0,0,0,0.195814582154747,0.11362922532756126,-0.43640618671537484,Stable
TIGECYCLINE,0.0,85.933,0.5778659801920599,1.0,0.33392909106333024,0,0,0,0.13844244294068053,0.04595841085471719,-0.1923131526274291,Stable
TILIA CORDATA/PLATYPHYLLUS SCOP.*&,0.0,8308.669833333335,0.5890002477735201,1.0,0.3469212918772682,0,0,0,0.7132722353262386,0.6816754012454332,0.7059731235962247,Seasonal
TILIQUINOLUM+TILBROQUINOLUM,0.6333333333333333,54.73583333333333,2.539560422579695,2.727272727272727,1.7314346179754923,0,36,2,0.011981019842909224,0.6335123058520327,0.7392349192677297,Potential discontinued
TILORONUM,0.0,175773.1293333333,0.6307849314190871,1.0,0.39788962970538244,0,0,0,0.7594066745417822,0.01192255342354076,0.4918611864878865,Seasonal
TIMOLOLUM,0.0,62422.34116666668,0.18339236923084837,1.0,0.033632761092103815,0,0,0,0.3871703496688863,0.8334997210498631,0.6445597769015083,Stable
TIMOLOLUM+TRAVOPROSTUM,0.0,1150.670333333333,0.19283346376311797,1.0,0.03718474474688174,0,0,0,0.23252945587225038,0.03124645013302918,-0.21409071375567176,Stable
TINIDAZOLUM,0.0,3295.885166666667,1.0353058163032318,1.0,1.0718581332713009,0,0,0,0.061498951336311336,0.3280185222517018,0.3420322779013142,Lumpy / volatile
TINIDAZOLUM+TIOCONAZOLUM,0.05,744.1049999999999,0.6916554655652978,1.0526315789473684,0.40446791889403144,0,0,3,0.12414949364622929,0.27390165205369565,0.02479712789922112,Stable
TIOCONAZOLUM,0.8,347.94783333333334,2.503495280692676,5.0,0.4534977240900996,48,0,0,0.03681116497505177,0.4941675860227993,,Launch / lifecycle
TIOGUANINUM,0.6833333333333333,0.10033333333333334,1.9831939224433353,3.1578947368421053,0.5621350757717904,0,4,37,0.14998620559102238,0.0025285862358618294,-0.09187016940772882,Lumpy / volatile
TIOTROPIUM BROMIDE,0.0,4067.4716666666664,0.8491054108487432,1.0,0.720979998732613,0,0,0,0.08370487228438672,0.3574129946234773,-0.00198425667652401,Stable
TIPIRACILUM+TRIFLURIDINUM,0.08333333333333333,6.997,1.7628060350364643,1.0909090909090908,2.7651946907308984,2,0,3,0.06356544753037163,0.4093347966722899,-0.20207032775804945,Lumpy / volatile
TIZANIDINUM,0.0,26777.463666666667,0.10218379072006531,1.0,0.010441527085922105,0,0,0,0.19538125169098686,0.04600974040893979,-0.3680524049955696,Stable
TOBRAMYCINUM,0.0,39266.59083333333,0.2659602237761765,1.0,0.07073484063107387,0,0,0,0.1540436334751889,0.07540257451443466,-0.4531133853969542,Stable
TOCILIZUMAB,0.0,366.28533333333337,2.271036331145623,1.0,5.1576060173833715,0,0,0,0.09583072424347583,0.0024159229958813366,-0.1749123697206551,Lumpy / volatile
TOCOPHEROLI ACETAS*,0.0,79828.87216666667,0.2795996823026575,1.0,0.07817598234374704,0,0,0,0.48305314647824715,0.7427628055190256,0.7365039576131577,Stable
TOFACITINIBUM,0.55,8.181666666666667,1.9936923781361944,2.2222222222222223,1.23866418438726,31,0,2,0.14218181594179768,0.6460157726107253,0.6856943562580272,Lumpy / volatile
TOLPERISONUM,0.0,31685.027333333335,0.3759306123973945,1.0,0.14132382533748009,0,0,0,0.13031967593472427,0.01485091036216002,-0.05043232331298679,Stable
TOLTERODINUM,0.06666666666666667,927.2141666666666,0.6416968960398065,1.0714285714285714,0.31765657929464736,0,4,0,0.09207039401338724,0.4335710456071976,0.6833330020950177,Stable
TOPIRAMATUM,0.0,7191.863666666667,0.14081463710191736,1.0,0.019828762022144678,0,0,0,0.3330310942780398,0.0224013373668277,-0.007420189899605991,Stable
TOPOTECAN,0.9166666666666666,0.0745,4.292954126198975,12.0,0.6191212608040678,0,50,5,0.14966859096142804,0.167615446040851,,Potential discontinued
TORASEMIDUM,0.0,99677.47949999999,0.11249557421371903,1.0,0.012655254217674368,0,0,0,0.20402086402753772,0.001135770078178333,-0.30239794461511893,Stable
TOREMIFENUM,0.0,3105.7325000000005,0.18391791366347648,1.0,0.033825798966325996,0,0,0,0.31214098729000606,0.2524581147869964,-0.058683727239928436,Stable
TRAMADOLUM,0.0,5455.827166666667,0.35676802467549945,1.0,0.12728342343085777,0,0,0,0.1717766414109203,0.7582440382976482,0.6905699606196026,Stable
TRAMAZOLINUM,0.0,28880.655500000004,0.32230437457257455,1.0,0.10388010986861844,0,0,0,0.6179612757602045,0.3945227368597146,0.5369060675960237,Seasonal
TRAMETINIBUM,0.9666666666666667,0.0175,7.318321059454258,30.0,0.8185941043083901,38,3,17,0.18716145384154625,0.04618455499937424,-0.022336267571236943,Lumpy / volatile
TRANDOLAPRILUM+VERAPAMILUM,0.9833333333333333,0.12483333333333334,7.681145747868609,60.0,0.0,10,49,0,0.20460299194476295,0.043316042220803985,,Potential discontinued
TRANEXAMIC ACID,0.0,26144.32016666666,0.17056714675114648,1.0,0.029093151550827142,0,0,0,0.2297328549671831,0.3566892814916812,0.033252390391937114,Stable
TRASTUZUMABUM,0.016666666666666666,214.25933333333336,0.7155092208091606,1.0169491525423728,0.48675422097855003,0,1,0,0.04218645523359155,0.6267603076834789,0.5281517355865863,Stable
TRASTUZUMABUM EMTANSINUM,0.06666666666666667,11.775833333333333,1.2787011443000307,1.0714285714285714,1.4594048420052603,0,4,0,0.13592583401717973,0.12429946003651682,-0.15846022790405256,Lumpy / volatile
TRAVOPROSTUM,0.0,13783.019166666665,0.1199898054038462,1.0,0.014397553400852877,0,0,0,0.31408129252008743,0.16538417313728837,0.08405542334543309,Stable
TRAZODONUM,0.0,8239.096166666666,0.31267297831493385,1.0,0.0977643913683311,0,0,0,0.3516808523280236,0.767645921805664,0.562548663399491,Stable
TRETINOINUM,0.6,400.00916666666666,1.4527189370711757,2.5,0.24415692405008266,36,0,0,0.06323016504808598,0.754401280143831,0.4923141214448817,Intermittent
TRIAMCINOLONUM,0.0,12144.645166666667,0.14469156370581232,1.0,0.020935648607633143,0,0,0,0.439959497639109,0.8174061731802482,0.7040573488151821,Stable
TRIBULUS TERRESTRIS*&,0.0,1358.9608333333333,0.21883618793736898,1.0,0.047889277150959475,0,0,0,0.23712989207439195,0.3109731258280477,0.20673963463057984,Stable
TRIDECANAMINI UNDECYLENAS*,0.36666666666666664,714.9381666666667,1.4179580625854427,1.5789473684210527,0.9067165425923396,0,19,3,0.03149782354233921,0.89394429024761,0.722175264379024,Potential discontinued
TRIFLUOPERAZINUM,0.0,7026.2683333333325,0.26750342272074606,1.0,0.07155808116731417,0,0,0,0.42314785124737964,0.9196900968048944,0.8569022740837494,Stable
TRIFLUSALUM,0.0,868.3494999999999,0.2981088972056292,1.0,0.08886891459315642,0,0,0,0.15662829765067976,0.20328631632609362,0.016482510083552716,Stable
TRIHEXYPHENIDYLUM,0.0,14435.009499999998,0.19813459769211808,1.0,0.03925731880261749,0,0,0,0.39974842110324915,0.7777692975357093,0.6565376098289227,Stable
TRIMEBUTINUM,0.0,19354.425833333335,0.24734717062705844,1.0,0.06118062281721117,0,0,0,0.6187459988651431,0.7119312103667679,0.5996420531433757,Seasonal
TRIMEPERIDINUM,0.08333333333333333,11.1515,1.4171617675416956,1.0909090909090908,1.7576518524334108,0,1,4,0.14281128700297774,0.10156376517572752,0.2871082515940203,Lumpy / volatile
TRIMETAZIDINUM,0.0,125574.791,0.18930948832956926,1.0,0.035838082371603325,0,0,0,0.6270351744794932,0.522951892854948,0.5103627815767987,Seasonal
TRIPTORELINUM,0.0,1476.6646666666668,0.186259131178965,1.0,0.034692463947542884,0,0,0,0.4596044275196195,0.00028376356384995916,0.18778214841733865,Stable
TROPICAMIDUM,0.0,50.597166666666666,1.0258618340522454,1.0,1.052392502565037,0,0,0,0.12998657485679033,0.01332568677842294,-0.16499829267440871,Lumpy / volatile
TROPISETRONUM,0.2,95.73550000000002,1.0311206905173023,1.25,0.6505679027303031,0,0,12,0.0969596343861363,0.06591834278911524,0.16315520144726228,Lumpy / volatile
TROSPII CHLORIDUM,0.45,43.51499999999999,1.6996687054981252,1.8181818181818181,1.138880539647319,0,10,17,0.04249253760649241,0.7059822575882267,0.307708240320311,Potential discontinued
TROXERUTINUM,0.0,137255.987,0.29770755938602644,1.0,0.08862979091558446,0,0,0,0.7093854516684244,0.8313659509304896,0.6757924497818487,Seasonal
TRYPSINUM*,0.9833333333333333,0.109,7.6811457478686105,60.0,0.0,3,56,0,0.188227003952245,0.04331604222080376,,Potential discontinued
TUSSILAGO FARFARA*&,0.0,5394.6405,0.5307575103023904,1.0,0.281703534742392,0,0,0,0.7126512242178211,0.592443858962932,0.6415204085982654,Seasonal
TUSSILAGO FARFARA*&+PLANTAGO MAJOR/PSYLLUM/LANCEOLATA*&+GLYCYRRHIZA GLABRA/URALENSIS*&,0.0,26128.657166666668,0.5867265042113556,1.0,0.34424799074407786,0,0,0,0.7714604968201445,0.4816781950223158,0.6786430172139476,Seasonal
TYROTHRICINUM,0.0,8210.460666666668,0.25743164843454835,1.0,0.06627105361572892,0,0,0,0.16705478498582393,0.05909445980131767,-0.2431849342392528,Stable
UDENAFILUM,0.0,1014.6619999999999,0.3034428714756472,1.0,0.09207757624938612,0,0,0,0.3224022637044244,0.5285571432593386,0.214392061239844,Stable
ULINASTATINUM,0.03333333333333333,631.7615000000001,1.2332461271925352,1.0344827586206897,1.4368661432275405,0,1,1,0.15924882919707684,0.059056507642241796,-0.19409988920119828,Lumpy / volatile
ULIPRISTAL,0.4166666666666667,82.20566666666667,1.4562687309487297,1.7142857142857142,0.8204191930977636,0,6,19,0.05077797921259364,0.2610611794742983,0.2963215544189077,Potential discontinued
ULOBETASOLUM,0.95,3.3943333333333334,5.568713237761653,20.0,0.600528356221093,57,0,0,0.14796148765771955,0.11597245150025404,,Launch / lifecycle
UMIFENOVIRUM,0.0,27343.255499999992,1.1664924710423645,1.0,1.3607046849985216,0,0,0,0.32398879434892514,0.004747003588661758,0.17664233511774746,Lumpy / volatile
UNKNOWN_SKU_-144109,0.5333333333333333,948.8133333333334,2.3051313436340446,2.142857142857143,1.9463609053219109,32,0,0,0.03383472350582162,0.8069311950794273,0.1887458140459807,Lumpy / volatile
UNKNOWN_SKU_-173007,0.6,105.60266666666666,2.015351932636642,2.5,1.0246573649528992,36,0,0,0.12259544832546343,0.7534562101907296,0.8353383780819661,Lumpy / volatile
UNKNOWN_SKU_-414261,0.8333333333333334,32.96533333333334,3.155697486181772,6.0,0.8264044373823263,50,0,0,0.08283138789568234,0.37346761198987677,,Launch / lifecycle
UNKNOWN_SKU_-484753,0.9166666666666666,86.25766666666667,3.453443486280102,12.0,0.07718932607753864,55,0,0,0.10504179166584049,0.21461545383196912,,Launch / lifecycle
UNKNOWN_SKU_-876242,0.7833333333333333,56.264,2.599868432810125,4.615384615384615,0.6811851047165582,47,0,0,0.01682354326947555,0.5227818331473679,0.52805771752661,Lumpy / volatile
UNKNOWN_SKU_100008,0.0,301.0513333333333,0.2980646404395852,1.0,0.0888425298803792,0,0,0,0.19374149422875642,0.18312518147001178,0.19362333711017332,Stable
UNKNOWN_SKU_10006,0.9166666666666666,0.3408333333333333,4.175997749490172,12.0,0.5365797669789157,1,48,6,0.19039511573659507,0.19368861901782997,,Potential discontinued
UNKNOWN_SKU_100110,0.9666666666666667,0.006166666666666667,5.718691560391471,30.0,0.12344777209642076,53,5,0,0.18970357749834843,0.07818385340059797,,Launch / lifecycle
UNKNOWN_SKU_10183,0.0,18485.543833333337,0.15205635070428158,1.0,0.023121133789503475,0,0,0,0.1298473257140007,0.08704662561834331,-0.06358732261848218,Stable
UNKNOWN_SKU_10184,0.0,10115.42,0.22006762929741577,1.0,0.04842976146458482,0,0,0,0.2971356289952102,0.3332364980264223,0.16139804394827004,Stable
UNKNOWN_SKU_102781,0.16666666666666666,276.556,0.77194121116357,1.2,0.329911027910566,0,0,10,0.09429750318840391,0.07327631172804239,-0.1994898755615456,Stable
UNKNOWN_SKU_102783,0.8,1.318,2.8115160375789525,5.0,0.7809244859127311,6,1,41,0.11811649214937314,0.25605568384056643,-0.09599338967380626,Lumpy / volatile
UNKNOWN_SKU_103259,0.4166666666666667,2052.529833333333,0.9472712478706564,1.7142857142857142,0.10677164327475108,0,25,0,0.0830944232286499,0.7783883966596872,0.6300403204257777,Potential discontinued
UNKNOWN_SKU_103260,0.7333333333333333,34.02433333333333,2.819530763084814,3.75,1.3866009930617678,0,18,26,0.014382831428581766,0.4819845257839216,0.5551048897370447,Potential discontinued
UNKNOWN_SKU_103964,0.0,11852.817666666668,0.26382460113315603,1.0,0.06960342016306886,0,0,0,0.7775858213866236,0.643354338412934,0.8308996912521722,Seasonal
UNKNOWN_SKU_103967,0.0,2171.106,0.30164828161213597,1.0,0.0909916857995545,0,0,0,0.12648618707799786,0.03812964573552391,-0.16980470805549042,Stable
UNKNOWN_SKU_104008,0.11666666666666667,60.83283333333334,0.9646730854466931,1.1320754716981132,0.7053581762436308,0,6,1,0.2406721457601383,0.6417577288884289,0.517840291615408,Potential discontinued
UNKNOWN_SKU_104320,0.0,1246.6539999999998,0.33967951345127856,1.0,0.11538217185849735,0,0,0,0.20487433223790363,0.17580543419636008,0.07537426363067526,Stable
UNKNOWN_SKU_105760,0.8333333333333334,91.06616666666666,3.1659664610248615,6.0,0.837223938722382,0,50,0,0.02419574640020905,0.4019902639850519,,Potential discontinued
UNKNOWN_SKU_10596,0.0,987.6981666666668,0.5160458908990526,1.0,0.26630336151379697,0,0,0,0.10009507153141162,0.06091114063101111,-0.4237011161706235,Stable
UNKNOWN_SKU_106097,0.0,7810.803833333333,0.42012931738798087,1.0,0.17650864332889077,0,0,0,0.4841978527141073,0.8793296558259931,0.8387680724863479,Stable
UNKNOWN_SKU_10705,0.016666666666666666,26.39,0.6657651029862195,1.0169491525423728,0.4191891194816806,0,0,1,0.24298887638853517,0.5838739564775005,0.4742692483634014,Stable
UNKNOWN_SKU_10759,0.0,3973.5853333333334,0.49568792669619904,1.0,0.2457065206723764,0,0,0,0.5885436712536903,0.4470659319093928,0.49048901420924235,Seasonal
UNKNOWN_SKU_10760,0.0,17311.032833333335,0.2024478250726976,1.0,0.040985121876665566,0,0,0,0.21637631337343644,0.32612179703668476,0.06958948620636077,Stable
UNKNOWN_SKU_108540,0.0,8482.5535,0.3980194756552773,1.0,0.15841950300090188,0,0,0,0.40390470339168894,0.04645583238285789,-0.004539900844811349,Stable
UNKNOWN_SKU_109746,0.6166666666666667,66.8495,1.676059888078288,2.608695652173913,0.4601844202295846,0,37,0,0.027330424350679672,0.7666480800794027,0.7638719357834286,Potential discontinued
UNKNOWN_SKU_110103,0.6666666666666666,1259.8306666666665,1.9060702349851715,3.0,0.5443679135654749,0,40,0,0.005094586436008464,0.6740929159135465,0.4998791844406779,Potential discontinued
UNKNOWN_SKU_110698,0.5666666666666667,9.399666666666667,1.785564672845766,2.3076923076923075,0.8149045203964159,0,31,3,0.1117839227908094,0.7345562936112242,0.21007133796942226,Potential discontinued
UNKNOWN_SKU_110699,0.0,457.5696666666667,0.34077043893025977,1.0,0.1161244920487219,0,0,0,0.6175707213754003,0.7245840956298449,0.7017053638603766,Seasonal
UNKNOWN_SKU_110933,0.05,434.83333333333337,0.6975514360395032,1.0526315789473684,0.41224910562473466,0,0,3,0.0972346158490156,0.14744022153766223,-0.4608295253788474,Stable
UNKNOWN_SKU_111081,0.55,13.054166666666667,1.623080005183992,2.2222222222222223,0.6354749164526302,0,32,1,0.062040650607538605,0.7801634538535819,0.6081254180870737,Potential discontinued
UNKNOWN_SKU_111082,0.5833333333333334,10.084666666666665,1.6609514909152852,2.4,0.5661499396557117,0,32,3,0.060435271972192894,0.7111548647652404,0.3209944744261489,Potential discontinued
UNKNOWN_SKU_111239,0.8333333333333334,0.21433333333333332,3.3595706462813086,6.0,1.0477858212258342,16,32,2,0.08922029925557917,0.02411510127453309,-0.11325833893759607,Potential discontinued
UNKNOWN_SKU_11147,0.0,32050.504333333334,0.21176695019600894,1.0,0.04484524119531893,0,0,0,0.27329473887112865,0.015628522055603167,-0.1772350374190129,Stable
UNKNOWN_SKU_11149,0.0,29910.122000000007,0.26955697035169035,1.0,0.07266096026518208,0,0,0,0.4387517496079161,0.6681111021139737,0.44888113976222843,Stable
UNKNOWN_SKU_11150,0.0,2690.943166666666,0.5561388588014821,1.0,0.3092904302690148,0,0,0,0.5759453032175985,0.36602125491775583,0.45514545504374926,Seasonal
UNKNOWN_SKU_111504,0.0,1307.3726666666664,1.0445798021021848,1.0,1.0911469629598394,0,0,0,0.1821794684135566,0.9198850945180609,0.8173412628903219,Lumpy / volatile
UNKNOWN_SKU_11151,0.0,351.889,0.3166816454420647,1.0,0.10028726455989355,0,0,0,0.22598262503197541,0.37778775583672175,0.08719278494057409,Stable
UNKNOWN_SKU_111615,0.75,0.10733333333333332,3.837855981706701,4.0,2.9322846340804762,0,0,45,0.11544983828298927,0.16539838323786604,-0.07342099093445746,Lumpy / volatile
UNKNOWN_SKU_111763,0.9833333333333333,0.015333333333333334,7.681145747868607,60.0,0.0,0,59,0,0.1810004636546303,0.043316042220807205,,Potential discontinued
UNKNOWN_SKU_111830,0.0,4637.377166666667,0.5874669266580387,1.0,0.34511738991704155,0,0,0,0.8433926088100274,0.2729835967133426,0.6893823573214154,Seasonal
UNKNOWN_SKU_111831,0.0,43642.301166666664,0.41792660283684097,1.0,0.1746626453587426,0,0,0,0.708555552340278,0.04562150427059497,0.624968600405868,Seasonal
UNKNOWN_SKU_111832,0.4666666666666667,84.861,1.577624276385685,1.875,0.8607457906354425,0,11,17,0.06375093715452662,0.8344584064117007,0.7106850627255688,Potential discontinued
UNKNOWN_SKU_112037,0.0,2646.6023333333333,0.3219844517342447,1.0,0.10367398715860217,0,0,0,0.7476665853062237,0.5287979182473981,0.6872984116710662,Seasonal
UNKNOWN_SKU_112053,0.65,49.86766666666667,2.144854458815949,2.857142857142857,0.96014022732593,0,39,0,0.07614783048716578,0.6632776477114418,0.29132373276064455,Potential discontinued
UNKNOWN_SKU_112054,0.85,1.4698333333333333,3.624233799085319,6.666666666666667,1.1202605945648612,0,50,1,0.06736726009187932,0.35066251310124563,,Potential discontinued
UNKNOWN_SKU_112055,0.9,1.2685,5.25632141741122,10.0,1.8628914843135933,0,49,5,0.12856497760208985,0.203315597829534,,Potential discontinued
UNKNOWN_SKU_112237,0.0,9046.289166666667,0.4053723080325266,1.0,0.1643267081196176,0,0,0,0.15198896303477683,0.06780552942103146,-0.21802484483267356,Stable
UNKNOWN_SKU_112242,0.0,986.1538333333334,1.0573331843032043,1.0,1.117953462628754,0,0,0,0.21354829881652848,0.44555536581316857,0.17314813014816854,Lumpy / volatile
UNKNOWN_SKU_112263,0.9333333333333333,36.19783333333333,4.72506919305822,15.0,0.5550852586125234,56,0,0,0.12514294435277695,0.16601025420505855,,Launch / lifecycle
UNKNOWN_SKU_112283,0.18333333333333332,121.59433333333332,0.7943664764834577,1.2244897959183674,0.3319981141512742,0,6,5,0.009012125831169615,0.61176860066231,0.16723914753472516,Potential discontinued
UNKNOWN_SKU_112578,0.5333333333333333,3.4715,1.8002137582494777,2.142857142857143,0.9790258018489973,0,26,6,0.20449807166004652,0.7089911184402987,0.7049151736309501,Potential discontinued
UNKNOWN_SKU_112587,0.8333333333333334,253.74650000000003,2.427422465145777,6.0,0.14872997071573363,0,50,0,0.036881370101327415,0.4253982327544672,,Potential discontinued
UNKNOWN_SKU_112637,0.0,557.5346666666667,0.3318010948558626,1.0,0.11009196654754914,0,0,0,0.2694981748734866,0.6218718914456937,0.6146753918843578,Stable
UNKNOWN_SKU_112638,0.2,1689.5356666666669,1.0982432721818456,1.25,0.7649106279141497,0,3,9,0.05101828031086297,0.8547325236210671,0.68851811124049,Lumpy / volatile
UNKNOWN_SKU_112640,0.9333333333333333,4.791166666666667,4.291322972639694,15.0,0.29436352370034524,0,52,4,0.14404543049412444,0.15849788285507704,,Potential discontinued
UNKNOWN_SKU_112641,0.6333333333333333,22399.682833333336,1.376021020642886,2.727272727272727,0.06092574472539985,0,38,0,0.06927278032857787,0.7205381271456832,0.6385550543623285,Potential discontinued
UNKNOWN_SKU_112662,0.0,6224.906499999999,1.1174191922497496,1.0,1.2486256512080829,0,0,0,0.08757788964843205,0.8933221194386387,0.837701293619665,Lumpy / volatile
UNKNOWN_SKU_113055,0.9666666666666667,0.06833333333333333,5.385761296898917,30.0,0.00021415823914336745,18,39,1,0.17965492967533225,0.021674989708705183,-0.043468546976544085,Potential discontinued
UNKNOWN_SKU_113181,0.43333333333333335,10.175999999999998,1.5034445066394664,1.7647058823529411,0.8475290512418199,1,8,17,0.04527892823047608,0.07343074616263401,0.034800781146571313,Potential discontinued
UNKNOWN_SKU_113184,0.15,12.432,1.1314212150363296,1.1764705882352942,0.9380968709591415,0,8,1,0.10747305102718518,0.047721158189261925,0.1372249267900152,Potential discontinued
UNKNOWN_SKU_113366,0.5666666666666667,33.29666666666667,1.990659354175083,2.3076923076923075,1.1505140212247285,25,2,7,0.01758489858219936,0.09239091953259015,-0.2203318927799247,Lumpy / volatile
UNKNOWN_SKU_11375,0.0,14141.007333333335,0.6733123748950188,1.0,0.45334955418677036,0,0,0,0.7464397846992292,0.6061217059328681,0.6914356765283669,Seasonal
UNKNOWN_SKU_11376,0.0,10700.681833333334,0.6540174622954334,1.0,0.42773884098735865,0,0,0,0.8283537379018493,0.2880611164983876,0.6073734878541439,Seasonal
UNKNOWN_SKU_116937,0.45,7.0858333333333325,1.2756233848270553,1.8181818181818181,0.4449682609546984,27,0,0,0.0730882503110255,0.818401457170048,0.5579132767682042,Intermittent
UNKNOWN_SKU_11720,0.18333333333333332,92.67216666666667,1.192299429064182,1.2244897959183674,0.9776219749798659,0,11,0,0.17881368778903672,0.9511890849771351,0.8424093620646289,Potential discontinued
UNKNOWN_SKU_11721,0.26666666666666666,336.30516666666665,1.1416535018594374,1.3636363636363635,0.6891399934258053,0,16,0,0.07649024591372766,0.8053926875750583,0.668325824485519,Potential discontinued
UNKNOWN_SKU_11722,0.0,11059.146833333336,0.7037862403698845,1.0,0.4953150721339769,0,0,0,0.6085047834539501,0.507510580314518,0.5575761541618408,Seasonal
UNKNOWN_SKU_11724,0.0,1225.3731666666667,0.598533415909216,1.0,0.3582422499599545,0,0,0,0.31537348906012475,0.7535737068099291,0.6153911273213434,Stable
UNKNOWN_SKU_11725,0.0,12565.065333333334,0.8006289546600587,1.0,0.6410067230400583,0,0,0,0.39950203737027723,0.6321794460897607,0.48882810146255157,Stable
UNKNOWN_SKU_11785,0.0,6990.836166666667,0.4278947817760452,1.0,0.1830939442711693,0,0,0,0.6291404871627941,0.9390042910429813,0.884445156891431,Seasonal
UNKNOWN_SKU_118652,0.8333333333333334,0.057,2.7294284052358844,6.0,0.408296569884751,34,0,16,0.11981963115841887,0.22944573498184462,-0.06077801080178472,Intermittent
UNKNOWN_SKU_118653,0.9333333333333333,0.08483333333333333,4.322208876576778,15.0,0.31209930485060655,55,1,0,0.14917294948292625,0.14830807158425174,,Launch / lifecycle
UNKNOWN_SKU_118654,0.9833333333333333,0.07383333333333333,7.681145747868608,60.0,0.0,58,1,0,0.18342356409808636,0.04331604222080487,,Launch / lifecycle
UNKNOWN_SKU_118656,0.9833333333333333,0.0038333333333333336,7.681145747868608,60.0,0.0,51,8,0,0.19999194838917422,0.04331604222080376,,Potential discontinued
UNKNOWN_SKU_118657,0.8166666666666667,0.04083333333333334,3.284522537073402,5.454545454545454,1.1611495210329024,45,0,4,0.16383645385634915,0.22260332620343792,0.10583346184444277,Lumpy / volatile
UNKNOWN_SKU_118668,0.9666666666666667,0.011666666666666665,5.387438147758021,30.0,0.0008163265306122419,44,7,7,0.1786103900441468,0.047893970704680044,-0.030402007486263073,Potential discontinued
UNKNOWN_SKU_118669,0.9833333333333333,0.002,7.681145747868609,60.0,0.0,45,14,0,0.18425557606732335,0.01084300687818518,-0.021276595744680864,Potential discontinued
UNKNOWN_SKU_118686,0.9166666666666666,0.011666666666666667,3.3166247903554007,12.0,0.0,45,9,1,0.1612590075794348,0.13808847791888923,-0.07110282504246375,Potential discontinued
UNKNOWN_SKU_11918,0.0,5924.745833333333,0.21786345215668446,1.0,0.04746448378562794,0,0,0,0.4952268624629673,0.29402757572376437,0.4255848523697887,Stable
UNKNOWN_SKU_11929,0.9166666666666666,0.425,3.952926003705708,12.0,0.38546866589773165,1,53,1,0.14055341876068195,0.18471834940359033,,Potential discontinued
UNKNOWN_SKU_119531,0.0,1647.7493333333334,0.7800557483549423,1.0,0.608486970541589,0,0,0,0.09190728986912333,0.18361008377467103,0.09743014525101398,Stable
UNKNOWN_SKU_119950,0.2833333333333333,108.91499999999999,1.2058973072480703,1.3953488372093024,0.7588349595335051,0,3,14,0.1206172934192411,0.7162477142574343,0.4940170865515973,Lumpy / volatile
UNKNOWN_SKU_121259,0.0,11042.233666666669,0.6302856628258411,1.0,0.3972600167638098,0,0,0,0.7584690327368022,0.27552354236253873,0.5535921729674946,Seasonal
UNKNOWN_SKU_12144,0.0,1858.4700000000003,0.20931345498080633,1.0,0.04381212243600204,0,0,0,0.08870004407276333,0.05871468857423057,-0.22886374891212033,Stable
UNKNOWN_SKU_12156,0.0,2893.1115,0.6002983759320714,1.0,0.36035814014668255,0,0,0,0.03596209897161551,0.8235857232038194,0.6788878358189706,Stable
UNKNOWN_SKU_122182,0.0,5184.979666666667,0.4574063422906753,1.0,0.2092205619677344,0,0,0,0.5353632094421559,0.0013618757514077817,0.2178805156179981,Seasonal
UNKNOWN_SKU_122221,0.0,558.4580000000001,0.5081069140790335,1.0,0.25817263613491837,0,0,0,0.5678381577766332,0.15218679177145944,0.4753750389545301,Seasonal
UNKNOWN_SKU_122356,0.0,706.5101666666667,0.3752660687231004,1.0,0.1408246223348907,0,0,0,0.33746254077578364,0.27297634184427333,0.1417424716183195,Stable
UNKNOWN_SKU_122357,0.0,1061.1351666666665,0.6153025348884585,1.0,0.3785972094401628,0,0,0,0.4565392956603084,0.018846500707671687,0.21106342890695712,Stable
UNKNOWN_SKU_12316,0.85,1867.8036666666667,2.3823454054733917,6.666666666666667,0.0013354446470270316,0,51,0,0.0475544919981703,0.3845439568275705,,Potential discontinued
UNKNOWN_SKU_12320,0.0,2312.1736666666666,0.3912232267507491,1.0,0.15305561314926805,0,0,0,0.7694316395775641,0.066226971627524,0.5813766144748674,Seasonal
UNKNOWN_SKU_123653,0.9833333333333333,0.019,7.68114574786861,60.0,0.0,8,51,0,0.19999194838917422,0.04331604222080432,,Potential discontinued
UNKNOWN_SKU_125447,0.38333333333333336,99.20133333333334,1.432821734093226,1.6216216216216217,0.8826698417087838,0,20,3,0.13567604287560775,0.8898655597312151,0.6424289556146099,Potential discontinued
UNKNOWN_SKU_125449,0.0,1572.647333333333,0.4698085492956302,1.0,0.2207200729912646,0,0,0,0.3426304331048292,0.6570446160038577,0.5373654740120815,Stable
UNKNOWN_SKU_125621,0.0,97.76099999999998,0.2627532350416465,1.0,0.06903926252485072,0,0,0,0.06391485168885125,0.08224791759635564,-0.2237077864205942,Stable
UNKNOWN_SKU_125623,0.0,2805.1698333333334,0.3547011418289112,1.0,0.12581290001473341,0,0,0,0.11625682266890802,0.6956706372924156,0.34339743520101396,Stable
UNKNOWN_SKU_125624,0.75,0.7946666666666667,2.3997810592549693,4.0,0.6897372830897256,1,32,12,0.16072437739600665,0.18230253033710597,0.091845213894539,Potential discontinued
UNKNOWN_SKU_126052,0.0,3517.529833333334,0.6512967544774878,1.0,0.4241874623929091,0,0,0,0.6071004588407651,0.5231398197517312,0.5376436784632387,Seasonal
UNKNOWN_SKU_126053,0.0,436.9151666666667,0.7041289119503078,1.0,0.49579752464432425,0,0,0,0.5586209258326458,0.20639211902804244,0.5544232914707072,Seasonal
UNKNOWN_SKU_126231,0.38333333333333336,113.29433333333334,1.2424830411450067,1.6216216216216217,0.5686545329786493,0,0,23,0.051172813854922006,0.24671459961620013,0.16980022310202825,Lumpy / volatile
UNKNOWN_SKU_126357,0.36666666666666664,10764.9365,1.340991292809879,1.5789473684210527,0.7722298433482108,0,22,0,0.04306853548900924,0.8642820798672622,0.5667848608268657,Potential discontinued
UNKNOWN_SKU_126358,0.95,0.03883333333333334,4.765941275972321,20.0,0.18570981230083436,1,53,3,0.1693808545008676,0.11751478066841736,,Potential discontinued
UNKNOWN_SKU_127632,0.95,0.011500000000000002,4.358898943540673,20.0,0.0,20,32,5,0.1638833138538388,0.014455266593030647,-0.0666666666666665,Potential discontinued
UNKNOWN_SKU_127638,0.0,10.501,0.41829992119294024,1.0,0.17497482407002002,0,0,0,0.13560810692028014,9.148321099772261e-05,-0.23793987461387386,Stable
UNKNOWN_SKU_127641,0.6833333333333333,0.061000000000000006,1.6263694193295786,3.1578947368421053,0.1542745379079698,7,8,26,0.16603440262010738,0.05783856303130519,0.09155921305022,Potential discontinued
UNKNOWN_SKU_128521,0.0,1536.5311666666666,0.5840640069627273,1.0,0.3411307642293568,0,0,0,0.318757084281037,0.12657950140786145,0.22473365774327406,Stable
UNKNOWN_SKU_128523,0.0,869.0928333333334,0.617172819911577,1.0,0.3809022896376078,0,0,0,0.5754603248183441,0.0025905380381809895,0.4610334536533313,Seasonal
UNKNOWN_SKU_128524,0.0,1951.1588333333334,0.5928252882655974,1.0,0.3514418224071888,0,0,0,0.3632796943435558,0.26299131957702304,0.4382557704508068,Stable
UNKNOWN_SKU_128581,0.9833333333333333,0.005666666666666667,7.681145747868608,60.0,0.0,3,56,0,0.18822700395224767,0.04331604222080532,,Potential discontinued
UNKNOWN_SKU_128583,0.5,180.79483333333334,1.8590740657614997,2.0,1.2280781909934961,8,0,22,0.08224611643017943,0.8271274315242623,0.5346095358504093,Lumpy / volatile
UNKNOWN_SKU_129199,0.0,188.55883333333333,0.2598508653453515,1.0,0.067522472220728,0,0,0,0.22235575266584273,0.13892248089722203,-0.026933168637101816,Stable
UNKNOWN_SKU_129201,0.0,180.19116666666665,0.2999815209347637,1.0,0.08998891290233409,0,0,0,0.19910942080775218,0.31642204542110497,0.04024502188080539,Stable
UNKNOWN_SKU_129351,0.9666666666666667,0.12866666666666665,6.7774139974154,30.0,0.5644446830787404,7,51,0,0.19712245362389336,0.068927939187165,,Potential discontinued
UNKNOWN_SKU_129396,0.0,7267.176166666668,0.26768385145149876,1.0,0.07165464432790804,0,0,0,0.5940985082310071,0.322593446210231,0.4645807712268492,Seasonal
UNKNOWN_SKU_12976,0.0,2484.907166666666,0.45324532932435285,1.0,0.20543132855434104,0,0,0,0.30845451615728725,0.33202799747030753,0.4840668252004063,Stable
UNKNOWN_SKU_130500,0.48333333333333334,28.055333333333337,1.971628791030027,1.935483870967742,1.525115379636239,7,0,22,0.09462070950010193,0.6226768236119958,0.33007713258122406,Lumpy / volatile
UNKNOWN_SKU_13135,0.5666666666666667,949.5138333333333,2.417315459346015,2.3076923076923075,1.9654794129970687,0,34,0,0.03523157046774228,0.8115417254872523,0.8525094841565669,Potential discontinued
UNKNOWN_SKU_132593,0.9166666666666666,0.0555,3.318190586320431,12.0,0.0008657305954603218,30,16,9,0.21347632349352552,0.002549028311243484,0.10935953159914397,Potential discontinued
UNKNOWN_SKU_13324,0.016666666666666666,21.03483333333333,0.7293230620118135,1.0169491525423728,0.5063802599692495,0,0,1,0.08663002342019732,0.043046998634184264,-0.03929666370436771,Stable
UNKNOWN_SKU_134323,0.85,1.7853333333333334,3.3420054882959636,6.666666666666667,0.8253501025700521,0,51,0,0.11421650142890016,0.327912840139576,,Potential discontinued
UNKNOWN_SKU_134730,0.18333333333333332,202.9903333333333,0.96309769377383,1.2244897959183674,0.5741716869978506,0,1,10,0.04705035263866353,0.8458947021803251,0.7298433439711075,Stable
UNKNOWN_SKU_134963,0.0,94.01500000000001,0.4930373191386555,1.0,0.24308579806343242,0,0,0,0.10206051335790678,0.37286267159896536,0.00989945786048339,Stable
UNKNOWN_SKU_134972,0.0,218.49416666666667,0.4118347523073664,1.0,0.16960786320806984,0,0,0,0.15100467489706482,0.21619962534048243,-0.10987679340379226,Stable
UNKNOWN_SKU_134973,0.0,199.42033333333333,0.46791802270937993,1.0,0.21894727597625574,0,0,0,0.10359987403859194,0.3591418669901538,0.23742699075191218,Stable
UNKNOWN_SKU_134975,0.0,264.5561666666667,0.32773107889136915,1.0,0.10740766007130084,0,0,0,0.10897337890597036,0.17366334481669254,-0.16350575599679074,Stable
UNKNOWN_SKU_134976,0.0,126.85816666666668,0.5883034728338852,1.0,0.3461009761484098,0,0,0,0.11816913241468074,0.33476725085133374,-0.012729776468619105,Stable
UNKNOWN_SKU_134977,0.0,122.71033333333334,0.46163202185556307,1.0,0.2131041236024551,0,0,0,0.12988447799637148,0.30137299470745216,-0.022573983552577996,Stable
UNKNOWN_SKU_134978,0.0,130.51799999999997,0.5226638598408927,1.0,0.2731775103837802,0,0,0,0.11212134911453331,0.32871429769605065,-0.04289785362914063,Stable
UNKNOWN_SKU_134979,0.0,193.4726666666667,0.4021315891976467,1.0,0.16170981503062487,0,0,0,0.18675626815550017,0.22547264175453785,-0.1073577851560802,Stable
UNKNOWN_SKU_134982,0.0,142.7468333333333,0.43865662173632847,1.0,0.19241963179312835,0,0,0,0.22352368763844233,0.10534568398764288,-0.032763826550084606,Stable
UNKNOWN_SKU_134983,0.0,219.62283333333332,0.39779601993393277,1.0,0.15824167347527787,0,0,0,0.17185718411651818,0.23269158358482078,-0.08860804241276954,Stable
UNKNOWN_SKU_134987,0.0,175.98683333333335,0.5601193240560683,1.0,0.31373365718102686,0,0,0,0.25663020036967243,0.2803694991428962,0.07950718287286476,Stable
UNKNOWN_SKU_134988,0.0,332.662,0.5063660838138571,1.0,0.25640661083698213,0,0,0,0.3818725158152402,0.3277534655393701,0.14389903748793437,Stable
UNKNOWN_SKU_135560,0.016666666666666666,100.22516666666664,0.8505141696752534,1.0169491525423728,0.6946514469380791,1,0,0,0.05637903017629431,0.26524891344488677,-0.25492818024468616,Stable
UNKNOWN_SKU_136044,0.36666666666666664,9.334000000000001,1.2492922271114737,1.5789473684210527,0.6217963435233927,20,2,0,0.022911650670734307,0.2514360347911534,-0.0986441515933519,Lumpy / volatile
UNKNOWN_SKU_136404,0.0,7583.6755,0.3175652665763071,1.0,0.10084769853568103,0,0,0,0.3044311979841441,0.00041807835032559026,0.03501423822310241,Stable
UNKNOWN_SKU_136937,0.0,1436.345833333333,0.36453127171285366,1.0,0.13288304805659035,0,0,0,0.33538572669608147,0.25487446534863045,0.05775816329722004,Stable
UNKNOWN_SKU_137638,0.6,2.872,1.8693870854238368,2.5,0.7978432300597709,0,32,4,0.1411970142823874,0.380944230861082,-0.011931387389744615,Potential discontinued
UNKNOWN_SKU_138248,0.0,43858.20666666667,0.1664028148563547,1.0,0.027689896792118262,0,0,0,0.7578925829901613,0.4565913346271825,0.7135361808402846,Seasonal
UNKNOWN_SKU_138415,0.0,29.3225,0.802270307767969,1.0,0.6436376467261118,0,0,0,0.26118246541088075,0.10269479929445346,0.206279896011142,Stable
UNKNOWN_SKU_138417,0.0,51.97350000000001,0.5431543086977527,1.0,0.2950166030569336,0,0,0,0.1634695664775817,0.0446294799973983,0.14171000775141568,Stable
UNKNOWN_SKU_13885,0.0,339.1525,0.19258383511785288,1.0,0.03708853354870034,0,0,0,0.16502397392103385,0.1262120086709413,-0.07331154073641474,Stable
UNKNOWN_SKU_13889,0.0,32288.016500000005,0.2959405222197485,1.0,0.08758079269169745,0,0,0,0.24520393718966416,0.05320099893950536,-0.4064678906680127,Stable
UNKNOWN_SKU_13891,0.0,22900.712333333333,0.2973807874277506,1.0,0.08843533273114898,0,0,0,0.3322708608810643,0.004593064240665301,-0.08906552653871701,Stable
UNKNOWN_SKU_13896,0.0,427.59849999999994,0.3362950636486351,1.0,0.11309436983443955,0,0,0,0.3158043520192726,0.34452379892926177,0.21228723800561103,Stable
UNKNOWN_SKU_139037,0.0,1886.7488333333336,0.6414856330668145,1.0,0.4115038174311318,0,0,0,0.6464876646973107,0.21243709490056606,0.43955041178549603,Seasonal
UNKNOWN_SKU_139312,0.26666666666666666,483.1266666666667,1.518088693707353,1.3636363636363635,1.4233684067722046,0,3,13,0.03448328064375994,0.7655197889473903,0.4212485091962442,Lumpy / volatile
UNKNOWN_SKU_139362,0.18333333333333332,18.002,0.960938398074263,1.2244897959183674,0.5707787939963834,0,0,11,0.05130812355586489,0.022052801710651826,-0.12283930292702298,Stable
UNKNOWN_SKU_13957,0.0,1000.438,0.46899191499060483,1.0,0.21995341632655474,0,0,0,0.7924744101957458,0.9508918183036654,0.9271783119542324,Seasonal
UNKNOWN_SKU_13958,0.0,2331.642,0.29932500855089333,1.0,0.08959546074399238,0,0,0,0.8234339280316568,0.9058143876109787,0.8871959238569601,Seasonal
UNKNOWN_SKU_13960,0.0,5493.3735,0.3782986340913164,1.0,0.1431098565553557,0,0,0,0.6100879980983425,0.8470734460242804,0.751717151046765,Seasonal
UNKNOWN_SKU_13961,0.0,3864.5031666666664,0.3082844932220156,1.0,0.09503932876115499,0,0,0,0.5253825875755184,0.7139928821370151,0.7085301785337396,Seasonal
UNKNOWN_SKU_13963,0.0,1684.6856666666667,0.5360596765570664,1.0,0.28735997683046666,0,0,0,0.5301560606426382,0.922804644407329,0.8864866147902848,Seasonal
UNKNOWN_SKU_13965,0.0,5174.704,0.4121224896894368,1.0,0.16984494650781995,0,0,0,0.6365976162029479,0.9445335279668082,0.8793958269730857,Seasonal
UNKNOWN_SKU_13966,0.0,2181.7273333333333,0.459179778970601,1.0,0.21084606941549,0,0,0,0.3092738650239856,0.9512960725053041,0.8814232008705757,Stable
UNKNOWN_SKU_13967,0.0,4929.542333333332,0.28081495646735305,1.0,0.07885703977576138,0,0,0,0.287690998813813,0.8997223929766969,0.8028800721970683,Stable
UNKNOWN_SKU_140299,0.5666666666666667,62.710833333333326,1.4841838450415268,2.3076923076923075,0.38788073054897515,0,34,0,0.014565046349733879,0.7740463310086485,0.6632351205729272,Potential discontinued
UNKNOWN_SKU_14103,0.95,0.1391666666666667,5.349961454197975,20.0,0.48110437807020684,1,56,0,0.15751997638542603,0.11206003754389304,,Potential discontinued
UNKNOWN_SKU_141640,0.43333333333333335,56.0525,1.3912747919476074,1.7647058823529411,0.6635324764683532,0,16,10,0.10281665790559313,0.7809650075151586,0.5978546961897627,Potential discontinued
UNKNOWN_SKU_142203,0.0,16.867833333333333,0.6616958182537925,1.0,0.437841355894556,0,0,0,0.14269141097258298,0.13631183032924832,-0.016577926815756094,Stable
UNKNOWN_SKU_142316,0.0,646.2711666666665,0.7239245987514786,1.0,0.5240668246774894,0,0,0,0.15274226961756654,0.6900465787696604,0.4202484385303593,Stable
UNKNOWN_SKU_142372,0.9833333333333333,0.024166666666666666,7.681145747868607,60.0,0.0,2,57,0,0.18583236881728238,0.043316042220805206,,Potential discontinued
UNKNOWN_SKU_143725,0.03333333333333333,135.42183333333332,0.8446616267573053,1.0344827586206897,0.6563381549257539,0,2,0,0.11144463801818483,0.7733670272587605,0.7099149140261065,Stable
UNKNOWN_SKU_144091,0.0,71.87333333333332,0.32853214407857056,1.0,0.10793336969286263,0,0,0,0.18739756671119234,0.11740326332380113,-0.06703058764154825,Stable
UNKNOWN_SKU_144097,0.13333333333333333,12.2645,0.9255105951603344,1.1538461538461537,0.609027213520165,7,0,1,0.10532991019692006,0.38940696027557864,-0.135154240255916,Stable
UNKNOWN_SKU_144098,0.25,8.201166666666667,0.9859961191077917,1.3333333333333333,0.47914126017172,0,11,4,0.1166025588330617,0.13032770262150695,-0.04134647975490875,Potential discontinued
UNKNOWN_SKU_144101,0.9333333333333333,0.6256666666666668,4.341511550348416,15.0,0.32324816945391427,49,7,0,0.207799802603991,0.15811639666386335,,Potential discontinued
UNKNOWN_SKU_144108,0.9833333333333333,0.046,7.681145747868608,60.0,0.0,2,57,0,0.18583236881728304,0.04331604222080665,,Potential discontinued
UNKNOWN_SKU_144109,0.0,4876.611666666667,0.4408363739567944,1.0,0.1943367086033747,0,0,0,0.36600381135307325,0.8596321017916884,0.7803248993174958,Stable
UNKNOWN_SKU_144459,0.0,13100.225999999999,0.2673669699938269,1.0,0.07148509664367997,0,0,0,0.2090223743016486,0.5302410344971596,0.19339071290135482,Stable
UNKNOWN_SKU_144460,0.0,10426.411833333335,0.1992849564442492,1.0,0.0397144938649863,0,0,0,0.3748256441696718,0.4403105435773975,0.32902796282972735,Stable
UNKNOWN_SKU_145471,0.11666666666666667,185.89583333333334,0.6885839218971721,1.1320754716981132,0.3021639054541734,0,7,0,0.04129617322035117,0.6674352072052092,0.8802532041952651,Potential discontinued
UNKNOWN_SKU_145472,0.0,3245.8611666666675,0.766412661362199,1.0,0.5873883674962886,0,0,0,0.029028343359511544,0.742957205021505,0.8992982430141653,Stable
UNKNOWN_SKU_145664,0.0,11739.569333333335,0.16193626343155593,1.0,0.02622335341417428,0,0,0,0.2282911981978475,0.06766692617753123,-0.2974473512814561,Stable
UNKNOWN_SKU_145707,0.0,8509.572166666667,0.3602875892350744,1.0,0.12980714695682172,0,0,0,0.10938326965005551,0.1853379196423306,0.09125023152884569,Stable
UNKNOWN_SKU_145718,0.0,10391.5225,0.5531897487371038,1.0,0.30601889810782007,0,0,0,0.01688281328314223,0.4973086500624688,-0.08050817098414188,Stable
UNKNOWN_SKU_147057,0.08333333333333333,4.124500000000001,1.9159154431148404,1.0909090909090908,3.2815043197354408,0,1,4,0.25042610809585886,0.01037366023814068,0.11683191298618191,Lumpy / volatile
UNKNOWN_SKU_147328,0.0,18589.876333333334,0.7339991032988304,1.0,0.5387546836434871,0,0,0,0.7057347686701694,0.4780846986868751,0.42131840990706254,Seasonal
UNKNOWN_SKU_149078,0.9833333333333333,0.019,7.68114574786861,60.0,0.0,11,48,0,0.20688863833650906,0.04331604222080476,,Potential discontinued
UNKNOWN_SKU_149102,0.6333333333333333,25.866833333333332,1.830746978257321,2.727272727272727,0.5955993160793809,0,38,0,0.008423318936162993,0.6560550463241743,0.23664496565419568,Potential discontinued
UNKNOWN_SKU_149110,0.7333333333333333,1.8909999999999998,2.4835470716045793,3.75,0.9114682818335151,0,42,2,0.05281079754665119,0.43340973831974605,0.7984630171771098,Potential discontinued
UNKNOWN_SKU_149111,0.5166666666666667,35.60216666666667,1.5685587736736464,2.0689655172413794,0.6725153694598105,0,28,3,0.027435666112732293,0.7220918249728769,0.46554811804258295,Potential discontinued
UNKNOWN_SKU_149112,0.7833333333333333,1.9029999999999998,2.857693624588583,4.615384615384615,0.9860561179364166,0,46,1,0.0724616849323213,0.4142926537586886,0.1766772805932574,Potential discontinued
UNKNOWN_SKU_149199,0.0,51732.435000000005,0.3075932966873678,1.0,0.09461363616700307,0,0,0,0.3574445458154454,0.07965687633166363,-0.14610694573018446,Stable
UNKNOWN_SKU_149311,0.03333333333333333,76.21449999999999,1.6651564821953035,1.0344827586206897,2.6469879065238047,0,1,1,0.11517984711897156,0.02451644862204949,-0.13331207751163146,Lumpy / volatile
UNKNOWN_SKU_149312,0.38333333333333336,4.340166666666667,1.7052455826360011,1.6216216216216217,1.4098485398780833,0,9,14,0.07967145577160806,0.40359148521568855,-0.12207403002340184,Potential discontinued
UNKNOWN_SKU_149313,0.9666666666666667,0.12766666666666668,6.7883164261918285,30.0,0.5693746634035272,9,49,0,0.20465995112915103,0.06866416101339112,,Potential discontinued
UNKNOWN_SKU_150578,0.21666666666666667,34.541000000000004,1.0056378732016857,1.2765957446808511,0.5755242334137949,13,0,0,0.03631191399133571,0.24645226060682046,0.023840503275181533,Lumpy / volatile
UNKNOWN_SKU_150781,0.0,71.21583333333334,0.4283556712930989,1.0,0.18348858112896144,0,0,0,0.08604486499776731,0.2445879144414218,0.15059719763106288,Stable
UNKNOWN_SKU_150788,0.43333333333333335,3.938333333333333,2.4860833254408465,1.7647058823529411,3.0690125039198444,0,26,0,0.062176693042038544,0.5169805103616634,-0.06743893153743157,Potential discontinued
UNKNOWN_SKU_150789,0.0,32.82883333333333,0.5568284328259925,1.0,0.3100579036034508,0,0,0,0.14886393146895716,0.06495094387899514,-0.19405527033345743,Stable
UNKNOWN_SKU_153289,0.0,135.37550000000002,0.6145791120940314,1.0,0.37770748502228796,0,0,0,0.12129709879650064,0.09046186383535804,0.04012890664907098,Stable
UNKNOWN_SKU_154004,0.9833333333333333,1.9383333333333332,7.68114574786861,60.0,0.0,26,33,0,0.18644067796610142,2.220446049250313e-16,-0.021276595744680837,Potential discontinued
UNKNOWN_SKU_155873,0.0,874.4163333333333,0.5980394605918569,1.0,0.35765119642499915,0,0,0,0.351617081616896,0.8781792001246078,0.6120376306783877,Stable
UNKNOWN_SKU_156476,0.0,4333.654833333333,0.23831123138425092,1.0,0.056792243003877974,0,0,0,0.3906035641162314,0.7496523067315344,0.5471996352771574,Stable
UNKNOWN_SKU_156477,0.0,29378.853833333334,0.32211844332556566,1.0,0.10376029153048569,0,0,0,0.304244870553287,0.7504395569536408,0.4755098056650642,Stable
UNKNOWN_SKU_156478,0.0,7783.866833333334,0.3132764242079819,1.0,0.09814211796453941,0,0,0,0.20182543477687376,0.7242617552336246,0.42770366863868076,Stable
UNKNOWN_SKU_156492,0.016666666666666666,4892.538333333334,0.3817889509970902,1.0169491525423728,0.12666675638506758,0,0,1,0.10800666897319078,0.128377513814668,0.02291149416937237,Stable
UNKNOWN_SKU_161193,0.9,0.24266666666666667,3.006508859102988,10.0,0.003909551986475063,22,26,6,0.11225498750705931,0.0015608964964517469,-0.14222168790574657,Potential discontinued
UNKNOWN_SKU_161579,0.16666666666666666,18.411166666666666,0.9274577206766752,1.2,0.5501481863689778,0,0,10,0.027417255576834165,0.0043095823417613754,-0.3945127170223282,Stable
UNKNOWN_SKU_161655,0.5666666666666667,3.4203333333333332,1.8196025828512217,2.3076923076923075,0.8680798757914959,21,7,6,0.023178229211492152,0.00857176091448919,-0.24285419552676624,Potential discontinued
UNKNOWN_SKU_161824,0.8833333333333333,0.8564999999999999,4.186282020400918,8.571428571428571,1.1612450013387319,0,50,3,0.10350523065124939,0.23475089357184664,,Potential discontinued
UNKNOWN_SKU_163831,0.4166666666666667,1.7891666666666666,2.239394277255473,1.7142857142857142,2.5086839252526625,0,0,25,0.10835915775839844,0.09037483940798374,-0.17255198362301655,Lumpy / volatile
UNKNOWN_SKU_16469,0.7666666666666667,1.448,6.690634894283601,4.285714285714286,9.678405567341253,1,40,5,0.20570871195130058,0.16001262810117578,-0.006959639120979944,Potential discontinued
UNKNOWN_SKU_16470,0.6666666666666666,1213.4621666666667,1.9502988101131413,3.0,0.601221816242912,0,40,0,0.042787241528776776,0.6604925209773582,0.12866587549367506,Potential discontinued
UNKNOWN_SKU_16471,0.6666666666666666,93.86383333333333,3.8498374718989328,3.0,4.273749520012391,0,40,0,0.041459770710519206,0.6375227635791536,-0.0037998647757423974,Potential discontinued
UNKNOWN_SKU_16472,0.6666666666666666,196.15516666666664,2.930984966930385,3.0,2.1968909587906373,0,40,0,0.06294891714201556,0.6402277370778282,0.018377120880204104,Potential discontinued
UNKNOWN_SKU_165098,0.0,21056.038,0.6400790241615202,1.0,0.40970115717156397,0,0,0,0.24092805802308814,0.08274649918324728,0.2633021486678538,Stable
UNKNOWN_SKU_165099,0.0,28474.717333333338,0.4439266847998661,1.0,0.19707090147739967,0,0,0,0.3789987751507483,0.0002636371096633727,0.30916163201411573,Stable
UNKNOWN_SKU_165457,0.9666666666666667,0.10683333333333334,5.401417057793082,30.0,0.005843541073936254,0,51,7,0.17931570845929978,0.08634098648317068,,Potential discontinued
UNKNOWN_SKU_165460,0.9166666666666666,0.10400000000000001,3.433567546251939,12.0,0.06578217455621303,0,55,0,0.10857634665845806,0.20891689582004447,,Potential discontinued
UNKNOWN_SKU_165461,0.9833333333333333,0.009000000000000001,7.681145747868608,60.0,0.0,5,54,0,0.19297426265292628,0.04331604222080465,,Potential discontinued
UNKNOWN_SKU_166612,0.0,326.10166666666663,0.2663896796404025,1.0,0.07096346141891628,0,0,0,0.1554928631051702,0.26143489363069194,0.09640321394801672,Stable
UNKNOWN_SKU_167109,0.6833333333333333,10.967166666666666,3.0328017596127967,3.1578947368421053,2.2293307291516515,0,30,11,0.10403176304778095,0.41610590998288666,-0.003250236828495892,Potential discontinued
UNKNOWN_SKU_167898,0.9666666666666667,116.15516666666666,5.564694975318987,30.0,0.06552767227801151,0,58,0,0.16184582058161845,0.08639384667985384,,Potential discontinued
UNKNOWN_SKU_168102,0.9833333333333333,0.12200000000000001,7.68114574786861,60.0,0.0,8,51,0,0.1999919483891739,0.043316042220804984,,Potential discontinued
UNKNOWN_SKU_168103,0.0,981.8718333333333,0.8499566844438358,1.0,0.7224263654307583,0,0,0,0.24174482720703627,0.0020716377548113396,0.319808933065477,Stable
UNKNOWN_SKU_168104,0.9833333333333333,0.02783333333333333,7.681145747868608,60.0,0.0,2,57,0,0.18583236881727927,0.04331604222080343,,Potential discontinued
UNKNOWN_SKU_168105,0.03333333333333333,433.2318333333333,1.2276397464045112,1.0344827586206897,1.4235293687203947,0,0,2,0.3745813259536098,0.040498590879441076,0.3196856686142609,Lumpy / volatile
UNKNOWN_SKU_168128,0.8333333333333334,38.30016666666666,2.896808308525931,6.0,0.5652497293908112,12,15,23,0.13548133292963271,0.06882877445464086,-0.0884960249682464,Potential discontinued
UNKNOWN_SKU_168774,0.9,0.41183333333333333,4.102240180972125,10.0,0.7828374502382229,0,53,1,0.11261254207171434,0.21632597770985074,,Potential discontinued
UNKNOWN_SKU_168779,0.9666666666666667,0.2655,5.385561041312023,30.0,0.00014225765659474636,0,58,0,0.16187444620397462,0.08648122724853424,,Potential discontinued
UNKNOWN_SKU_168784,0.9833333333333333,0.39483333333333337,7.681145747868609,60.0,0.0,0,59,0,0.18100046365462785,0.043316042220801765,,Potential discontinued
UNKNOWN_SKU_169053,0.0,17155.818833333335,0.41243524368600853,1.0,0.17010283023433723,0,0,0,0.4570784865257007,0.7297759179612042,0.5887160584118044,Stable
UNKNOWN_SKU_169055,0.8833333333333333,0.15899999999999997,2.8479688409912223,8.571428571428571,0.0629414272466367,0,41,12,0.15458975118277307,0.20743915404965996,0.19892528653663918,Potential discontinued
UNKNOWN_SKU_169057,0.9166666666666666,0.13216666666666665,3.440310509379698,12.0,0.06964470007903328,0,51,4,0.14537971915889436,0.2074587007932388,,Potential discontinued
UNKNOWN_SKU_169185,0.4666666666666667,25.19183333333334,1.4877122452040838,1.875,0.713753453082761,0,25,3,0.09347590548828622,0.862763870055582,0.8371883768864341,Potential discontinued
UNKNOWN_SKU_169186,0.5833333333333334,7.170833333333333,1.7220644947453922,2.4,0.6522942183594594,0,33,2,0.16738234996615786,0.7379899416602198,0.6960173708424642,Potential discontinued
UNKNOWN_SKU_169533,0.7833333333333333,5.8385,3.752077841618456,4.615384615384615,2.266919094738911,0,47,0,0.07792709926581909,0.37706845935574096,0.7161227702466992,Potential discontinued
UNKNOWN_SKU_16998,0.0,7154.363333333334,0.604246746551635,1.0,0.3651141307182359,0,0,0,0.6212650686187984,0.6763296800242518,0.6928507461901344,Seasonal
UNKNOWN_SKU_170570,0.0,7691.926166666666,0.6019768091711449,1.0,0.3623760787798731,0,0,0,0.7232951434712764,0.9539985245273125,0.9460475892995026,Seasonal
UNKNOWN_SKU_170571,0.0,15283.643833333334,0.3742931077022996,1.0,0.14009533047344527,0,0,0,0.6706305023130277,0.8298458877966371,0.8178938076991822,Seasonal
UNKNOWN_SKU_171082,0.9833333333333333,0.025333333333333333,7.681145747868605,60.0,0.0,2,57,0,0.18583236881728116,0.04331604222080565,,Potential discontinued
UNKNOWN_SKU_171151,0.5833333333333334,70.9865,1.7929279428990814,2.4,0.7560794201784714,0,35,0,0.038164306804174264,0.7839103923920627,0.8498683266003849,Potential discontinued
UNKNOWN_SKU_171152,0.0,5788.646333333334,0.424067529635386,1.0,0.179833269691059,0,0,0,0.3141042443066788,0.012179191602556205,0.16211571700052513,Stable
UNKNOWN_SKU_171330,0.9833333333333333,0.029333333333333333,7.6811457478686105,60.0,0.0,3,56,0,0.18822700395224579,0.04331604222080454,,Potential discontinued
UNKNOWN_SKU_171331,0.0,4778.487166666668,0.6430381687188075,1.0,0.4134980864292374,0,0,0,0.420411136518658,0.3617469065661022,0.3670285402150771,Stable
UNKNOWN_SKU_17148,0.9333333333333333,0.07749999999999999,3.7732192474624044,15.0,0.01581223262804948,2,52,2,0.16575450094666844,0.1710927815741745,,Potential discontinued
UNKNOWN_SKU_17174,0.9166666666666666,0.17016666666666666,4.19444156649451,12.0,0.5494450045614093,0,52,3,0.14196638890829683,0.18693453260540005,,Potential discontinued
UNKNOWN_SKU_17234,0.0,1429.0914999999998,0.29288866155535714,1.0,0.08578376806768856,0,0,0,0.22643701959875173,0.07529838556639179,-0.021491377259881497,Stable
UNKNOWN_SKU_172918,0.4666666666666667,48.936166666666665,1.4622971860332303,1.875,0.6737669654830424,0,27,1,0.06827084758185642,0.6470713321809889,0.21200342247551224,Potential discontinued
UNKNOWN_SKU_173007,0.0,2044.7455,0.31448386977755327,1.0,0.09890010435026511,0,0,0,0.49549041169360186,0.7991007288028158,0.7421412809084098,Stable
UNKNOWN_SKU_17353,0.7333333333333333,58.91383333333333,3.3780263324646183,3.75,2.309616507419829,0,44,0,0.04693056546435814,0.5994343817021769,0.9782492984767756,Potential discontinued
UNKNOWN_SKU_17354,0.7333333333333333,48.49666666666667,3.5194083262337883,3.75,2.569662657803661,0,44,0,0.07101293142242748,0.5961057838802901,0.9726409743118507,Potential discontinued
UNKNOWN_SKU_173997,0.9833333333333333,0.032,7.68114574786861,60.0,0.0,0,59,0,0.18100046365462785,0.043316042220802986,,Potential discontinued
UNKNOWN_SKU_174014,0.35,157.47916666666666,0.9040591944132396,1.5384615384615385,0.1812599675520251,0,20,1,0.08457417661134348,0.7985449540585834,0.6627980417238012,Potential discontinued
UNKNOWN_SKU_174064,0.0,2856.4095,0.5212995577959051,1.0,0.27175322895820614,0,0,0,0.08336873879794271,0.3896755614167662,0.10767566597470216,Stable
UNKNOWN_SKU_174065,0.0,4009.2676666666666,0.4925276817256994,1.0,0.2425835172660918,0,0,0,0.07114911435197957,0.3874882968611286,0.1346700511368642,Stable
UNKNOWN_SKU_174360,0.0,355.74549999999994,1.0175199562326585,1.0,1.0353468613317112,0,0,0,0.056635781382422534,0.20896644214132376,-0.2384221981473559,Lumpy / volatile
UNKNOWN_SKU_174774,0.0,206.32216666666667,0.7062068531557707,1.0,0.49872811944417633,0,0,0,0.7279082010286007,0.018788025999171176,0.3938986859731546,Seasonal
UNKNOWN_SKU_175483,0.3333333333333333,1791.3871666666666,1.4470040941224753,1.5,1.06254723227147,0,15,5,0.024707120793665216,0.7703528377599367,0.2592729547940099,Potential discontinued
UNKNOWN_SKU_175485,0.8333333333333334,4.868666666666667,3.9212801328322167,6.0,1.7294063133574427,0,50,0,0.06325232994103724,0.3259573498558387,,Potential discontinued
UNKNOWN_SKU_175505,0.0,419.1559999999999,0.3384338515120333,1.0,0.114537471849269,0,0,0,0.352661742489231,0.17356825380479945,-0.02842122075654947,Stable
UNKNOWN_SKU_175506,0.9,0.012333333333333333,3.0206254703763493,10.0,0.012417823228634049,7,42,5,0.15876385602508325,0.1686758004831549,-0.07825768832200256,Potential discontinued
UNKNOWN_SKU_175507,0.0,282.5728333333334,0.37697184910112974,1.0,0.14210777501472494,0,0,0,0.4509355339940283,0.042569363179835173,0.38488625999534687,Stable
UNKNOWN_SKU_175722,0.95,0.1925,4.901958904553196,20.0,0.2514600550964186,27,18,12,0.1636933914060793,0.0008459288286472022,-0.05256694683063306,Potential discontinued
UNKNOWN_SKU_175732,0.0,905.6133333333333,0.9277185691561088,1.0,0.8606617435570578,0,0,0,0.14696679860063067,0.015452483265461892,-0.23581879839593206,Stable
UNKNOWN_SKU_175948,0.48333333333333334,199.9513333333333,1.5533338506526422,1.935483870967742,0.7633037933180716,0,26,3,0.021517812294368666,0.7881264337453321,0.4304652951098639,Potential discontinued
UNKNOWN_SKU_175950,0.5333333333333333,121.73883333333333,1.5487982937170384,2.142857142857143,0.5860955388230444,0,29,3,0.023615463951760507,0.7551116214121658,0.33456817977324005,Potential discontinued
UNKNOWN_SKU_177334,0.0,928.5983333333334,0.9824531600887836,1.0,0.9652142117684368,0,0,0,0.03932669078773887,1.3803509341103748e-06,0.05183240021051482,Stable
UNKNOWN_SKU_177336,0.4,195.48483333333334,1.8176262853425535,1.6666666666666667,1.5822591879009023,0,18,6,0.018450345644261068,0.8759750287363053,0.6432623091199204,Potential discontinued
UNKNOWN_SKU_177337,0.2833333333333333,690.8230000000001,1.0986568061465722,1.3953488372093024,0.5817168573460673,0,16,1,0.07687884265567901,0.8147762512385691,0.13363581927637308,Potential discontinued
UNKNOWN_SKU_177338,0.16666666666666666,3832.6669999999995,0.6506533707649824,1.2,0.18612484073986135,0,10,0,0.01741517681947502,0.5331384075466427,0.012101466405402118,Potential discontinued
UNKNOWN_SKU_177339,0.16666666666666666,5165.224,0.844194325415338,1.2,0.4272200492195483,0,10,0,0.031131819543249062,0.7147587899252061,0.39992542709364187,Potential discontinued
UNKNOWN_SKU_180996,0.0,559.4801666666667,0.6107758100384779,1.0,0.373047090128159,0,0,0,0.04196320522260488,0.6349969517493188,0.47420917313947686,Stable
UNKNOWN_SKU_181573,0.95,0.10383333333333335,5.750281373678513,20.0,0.7032867938237031,57,0,0,0.16219013529533188,0.09485872000999773,,Launch / lifecycle
UNKNOWN_SKU_181585,0.016666666666666666,76.90666666666667,1.1395930972181023,1.0169491525423728,1.260361220106695,0,1,0,0.15100615069557888,0.05007882625102755,0.11909156460116918,Lumpy / volatile
UNKNOWN_SKU_18250,0.9666666666666667,0.03766666666666666,5.416485887290532,30.0,0.011277312240582664,15,36,7,0.17904080863345373,0.021556346315223962,-0.04297257549395417,Potential discontinued
UNKNOWN_SKU_184465,0.5666666666666667,1.8878333333333335,1.57824151332636,2.3076923076923075,0.512700052234228,0,24,10,0.13808558589715236,0.502268683075614,0.28425478268293475,Potential discontinued
UNKNOWN_SKU_18529,0.6166666666666667,34.2915,1.7325653555686067,2.608695652173913,0.5340167060046864,0,37,0,0.015392194880766819,0.7208352333994226,0.3700153553897314,Potential discontinued
UNKNOWN_SKU_18530,0.0,1842.2184999999997,0.2208371623243278,1.0,0.0487690522634615,0,0,0,0.4589473404609873,0.04490114000882517,0.39312766277634076,Stable
UNKNOWN_SKU_18564,0.13333333333333333,99.42200000000001,1.6921237933215412,1.1538461538461537,2.348178541001564,0,4,4,0.08809359011226747,0.4414126794423675,0.028572932808482172,Lumpy / volatile
UNKNOWN_SKU_18565,0.5666666666666667,19.416,2.2958948701283806,2.3076923076923075,1.7174910770287852,0,27,7,0.119774186052504,0.7701151020853492,0.6252738887039073,Potential discontinued
UNKNOWN_SKU_187316,0.0,1560.8695000000002,0.21676933807529322,1.0,0.04698894592960077,0,0,0,0.2817334209386507,0.2616268622612683,-0.09713009078723957,Stable
UNKNOWN_SKU_187674,0.7333333333333333,3.032166666666667,1.934928305322435,3.75,0.2650526791301203,3,35,6,0.08075262643367986,0.4131813628578429,0.03884565116152211,Potential discontinued
UNKNOWN_SKU_187675,0.0,23360.705833333333,0.39779523189260757,1.0,0.1582410465164934,0,0,0,0.4188200398255546,0.866170164012336,0.7645459116716866,Stable
UNKNOWN_SKU_187687,0.03333333333333333,26.58983333333333,0.7724412250517064,1.0344827586206897,0.5434432646207349,0,0,2,0.52748990481602,0.011278177606637962,0.35773601256495846,Seasonal
UNKNOWN_SKU_187766,0.6166666666666667,5.968,2.1376152303976417,2.608695652173913,1.1349362347373857,36,0,1,0.057651104414356946,0.5656536003936042,0.2036383352761875,Lumpy / volatile
UNKNOWN_SKU_188151,0.65,319.9355,2.12812861288507,2.857142857142857,0.9351259875430457,0,39,0,0.0623652387607585,0.6278287353310654,-0.022409674680334408,Potential discontinued
UNKNOWN_SKU_189173,0.43333333333333335,1017.8104999999999,1.3557238146231405,1.7647058823529411,0.6081926682039143,21,5,0,0.0493217175299403,0.21449236936136074,0.22383663838063436,Lumpy / volatile
UNKNOWN_SKU_189194,0.1,1311.9823333333334,0.8556203338267696,1.1111111111111112,0.5588775400920494,0,0,6,0.050246154868847426,0.409327515230295,0.23673529387267278,Stable
UNKNOWN_SKU_189196,0.6833333333333333,285.6698333333333,3.952350923988113,3.1578947368421053,4.263341311677402,0,35,6,0.32760832674464546,0.34271473715676914,0.5702562770031034,Potential discontinued
UNKNOWN_SKU_189199,0.4,24.904166666666665,3.056557006788929,1.6666666666666667,5.205524441450297,0,0,24,0.6886462610691237,0.06178693764679333,0.5401311196821197,Lumpy / volatile
UNKNOWN_SKU_189203,0.8,0.20416666666666666,2.24328476360275,5.0,0.20646530612244907,5,16,27,0.1340771543511753,0.021351631173453067,-0.1868597862193547,Potential discontinued
UNKNOWN_SKU_189204,0.9666666666666667,0.026500000000000003,5.386156324994678,30.0,0.0003559985760056966,6,42,10,0.18085342737359178,0.04917424788844593,-0.03040930558268439,Potential discontinued
UNKNOWN_SKU_189222,0.11666666666666667,1007.4716666666667,1.5408026557447514,1.1320754716981132,1.9804309944892358,0,4,3,0.27558255543722854,0.8672331266721087,0.3300762302684255,Lumpy / volatile
UNKNOWN_SKU_190679,0.7166666666666667,23.264166666666664,6.635369244672661,3.5294117647058822,11.757968753725223,0,1,42,0.19101196822900635,0.01502339241930184,-0.06561673324234982,Lumpy / volatile
UNKNOWN_SKU_191063,0.0,49454.1385,0.6620696084758808,1.0,0.4383361664674061,0,0,0,0.09885338910180042,0.6731241836965978,0.6142594393171609,Stable
UNKNOWN_SKU_19107,0.2,1427.9001666666668,0.7936479894966492,1.25,0.30390170498565877,0,12,0,0.017206526107645725,0.7563439866426787,0.577976215736375,Potential discontinued
UNKNOWN_SKU_19110,0.0,5329.235166666666,0.48035944861378843,1.0,0.23074519987254283,0,0,0,0.6377459022650491,0.6776053496485049,0.6175766144764973,Seasonal
UNKNOWN_SKU_19111,0.0,3499.0385,0.41988478881705443,1.0,0.1763032358799424,0,0,0,0.6457688238474998,0.6436500047371592,0.648218717488839,Seasonal
UNKNOWN_SKU_191669,0.0,2814.731833333333,0.5906750323572778,1.0,0.3488969938502711,0,0,0,0.17406991739653022,0.0066403020418139835,0.06616796576362159,Stable
UNKNOWN_SKU_19208,0.0,15916.5655,0.6973216907199239,1.0,0.48625754034849317,0,0,0,0.6598830474904773,0.046553900308746066,0.3789523805496087,Seasonal
UNKNOWN_SKU_19209,0.0,1704.621,0.2555386050429795,1.0,0.06529997866731185,0,0,0,0.39726575587119295,0.6301330155907269,0.5235185237627697,Stable
UNKNOWN_SKU_193020,0.0,1558.6336666666668,0.6668754316821703,1.0,0.44472284138128104,0,0,0,0.5952774289406364,0.29026912562278206,0.4454989797700324,Seasonal
UNKNOWN_SKU_193451,0.2833333333333333,210.7415,0.962597334407485,1.3953488372093024,0.38072543354934996,0,14,3,0.05933820858933703,0.7927384681046216,0.5149565608515576,Potential discontinued
UNKNOWN_SKU_193452,0.0,559.4203333333334,0.311642941414308,1.0,0.0971213229333618,0,0,0,0.2355257005182705,0.0026688267429866297,0.028513874748289578,Stable
UNKNOWN_SKU_193465,0.9833333333333333,0.05083333333333333,7.681145747868607,60.0,0.0,2,57,0,0.18583236881728316,0.043316042220805206,,Potential discontinued
UNKNOWN_SKU_193466,0.13333333333333333,800.5324999999999,0.8027260193166681,1.1538461538461537,0.4251198538095859,0,0,8,0.07371085213454609,0.32963176071242317,0.21899773832248848,Stable
UNKNOWN_SKU_194139,0.0,140.025,0.8519376249890734,1.0,0.7257977168720232,0,0,0,0.6447286349009298,0.46184905571383483,0.5559275808344665,Seasonal
UNKNOWN_SKU_194710,0.9666666666666667,0.06883333333333333,5.611654266115574,30.0,0.08302212008043669,1,49,8,0.1841981896937146,0.0838184538713731,,Potential discontinued
UNKNOWN_SKU_194711,0.0,150.85249999999996,0.863052851168971,1.0,0.7448602239108902,0,0,0,0.16614660274853543,0.4020930866493019,0.25064018023902884,Stable
UNKNOWN_SKU_194713,0.0,799.5646666666669,0.9745566341883769,1.0,0.9497606332405778,0,0,0,0.1703916823081686,0.44623228244759383,0.018978874050035014,Stable
UNKNOWN_SKU_19497,0.9666666666666667,0.04066666666666667,5.412046244990387,30.0,0.0096748185971513,0,47,11,0.3788538092741268,0.06736782192964619,0.7674788595452208,Potential discontinued
UNKNOWN_SKU_19499,0.2833333333333333,15.172166666666667,1.0480807275810857,1.3953488372093024,0.5039058015942768,0,13,4,0.05070041821249316,0.5631014323938163,-0.0036724240380419755,Potential discontinued
UNKNOWN_SKU_19500,0.4166666666666667,0.27616666666666667,1.2282100031689145,1.7142857142857142,0.4632915569324412,0,16,9,0.15465888311912002,0.47836975497310685,0.28866643437644324,Potential discontinued
UNKNOWN_SKU_19505,0.0,105.46650000000001,0.5624066404341767,1.0,0.3163012292044572,0,0,0,0.32391909994762014,0.0001086548211476357,0.018706564938913657,Stable
UNKNOWN_SKU_19506,0.0,334.53249999999997,0.27105914733410563,1.0,0.0734730613534924,0,0,0,0.2963750370323509,0.5930658231180355,0.3192259619911623,Stable
UNKNOWN_SKU_19507,0.0,196.56933333333333,0.28023374064167517,1.0,0.07853094939402568,0,0,0,0.11782290639138027,0.006274203481066998,-0.19379726688523433,Stable
UNKNOWN_SKU_19508,0.11666666666666667,52.848333333333336,0.7685087534006259,1.1320754716981132,0.40503503858048934,0,0,7,0.11108912514549352,0.018578585553342686,0.17443403231586227,Stable
UNKNOWN_SKU_19509,0.0,187.76316666666668,0.6781246626104465,1.0,0.4598530580405319,0,0,0,0.13323975567017898,0.0392942816524009,-0.22480861296322577,Stable
UNKNOWN_SKU_19510,0.0,125.22949999999999,0.6787374432565418,1.0,0.46068451687842726,0,0,0,0.4362334366104613,0.00021695002350030634,0.09534529125031617,Stable
UNKNOWN_SKU_19512,0.06666666666666667,94.80816666666666,0.651577851033221,1.0714285714285714,0.32958344955993235,0,0,4,0.0820418664977619,0.032129518282734804,0.17311332255826306,Stable
UNKNOWN_SKU_19513,0.0,105.70433333333334,0.5116327702763074,1.0,0.2617680916206087,0,0,0,0.17414659296076174,0.029552157815140978,0.2028059994600564,Stable
UNKNOWN_SKU_196883,0.13333333333333333,11.847666666666667,0.829298917461195,1.1538461538461537,0.4627051352353352,8,0,0,0.105716168958369,0.13763832255431818,-0.1388235617729962,Stable
UNKNOWN_SKU_197612,0.0,5401.882833333333,0.2586170894525212,1.0,0.06688279895689336,0,0,0,0.48282011941342007,0.7021111100215753,0.624911236997648,Stable
UNKNOWN_SKU_198172,0.21666666666666667,131.74216666666666,1.0265982829658893,1.2765957446808511,0.6088914937610014,0,0,13,0.10888792932715452,0.8317298936866527,0.8733915497299944,Lumpy / volatile
UNKNOWN_SKU_19829,0.85,20.970833333333335,2.490756385452265,6.666666666666667,0.08058010575068449,0,51,0,0.04180079705619977,0.3831895156062176,,Potential discontinued
UNKNOWN_SKU_198711,0.0,1983.139333333333,0.3019271655499507,1.0,0.09116001329702732,0,0,0,0.40373856007123166,0.8351458743983471,0.7015440493812986,Stable
UNKNOWN_SKU_198865,0.0,13354.674,0.4105572911492863,1.0,0.1685572893158398,0,0,0,0.38794553353674033,0.7401121284916803,0.7204768164396925,Stable
UNKNOWN_SKU_19911,0.03333333333333333,14.614333333333336,1.065499959310021,1.0344827586206897,1.0641138245133341,0,2,0,0.11672278597877783,0.4303734316510509,0.4934581601927782,Lumpy / volatile
UNKNOWN_SKU_19913,0.43333333333333335,680.4708333333333,1.2208824790800392,1.7647058823529411,0.41131394904395274,0,25,1,0.04199197683218625,0.8011681558437418,0.6920923745953099,Potential discontinued
UNKNOWN_SKU_199519,0.0,458.99283333333346,0.734898354838915,1.0,0.5400755919449437,0,0,0,0.057963580272322957,0.4746565297326337,0.35162975850141165,Stable
UNKNOWN_SKU_199521,0.9833333333333333,0.035,7.681145747868606,60.0,0.0,5,54,0,0.19297426265292716,0.04331604222080565,,Potential discontinued
UNKNOWN_SKU_200600,0.5333333333333333,175.25383333333332,1.4942832823514136,2.142857142857143,0.5086785130269599,0,32,0,0.025578201121852384,0.7890187359420018,0.5144348770526173,Potential discontinued
UNKNOWN_SKU_200601,0.36666666666666664,219.73483333333334,1.470825256784941,1.5789473684210527,1.0034403927977755,0,14,8,0.0593303397913435,0.8577654161897108,0.6767211232060822,Potential discontinued
UNKNOWN_SKU_200614,0.0,4310.743833333332,0.610028918153222,1.0,0.3721352809831904,0,0,0,0.5453885489031475,0.3128536347417521,0.41489927950238326,Seasonal
UNKNOWN_SKU_20472,0.6,552.2839999999999,1.7683081392346227,2.5,0.6507654701133653,0,36,0,0.018062791320334615,0.7377012254661535,0.3865847519252251,Potential discontinued
UNKNOWN_SKU_20473,0.26666666666666666,281.85333333333335,1.36324405138862,1.3636363636363635,1.0961851853407363,0,14,2,0.10541216167445133,0.9043530059782271,0.6536445321353154,Potential discontinued
UNKNOWN_SKU_20474,0.26666666666666666,511.81466666666677,1.5584128884590982,1.3636363636363635,1.514343869337983,0,15,1,0.05216907177059227,0.8881192816088326,0.6923834096119881,Potential discontinued
UNKNOWN_SKU_20639,0.5833333333333334,15.051000000000004,2.9897145279403494,2.4,3.1409970660739943,0,35,0,0.07517592237671311,0.75037708785181,0.5091627354970254,Potential discontinued
UNKNOWN_SKU_20640,0.4666666666666667,9.173499999999999,3.2715687669452636,1.875,5.241686504987602,0,16,12,0.13726427233416127,0.5973524285186914,0.3829965836260904,Potential discontinued
UNKNOWN_SKU_20984,0.05,16.519333333333332,1.0660071365014634,1.0526315789473684,1.029552654318447,0,0,3,0.2857567745038281,0.4506199743112512,0.0823835112408968,Lumpy / volatile
UNKNOWN_SKU_20985,0.0,92.44466666666668,0.872913714126065,1.0,0.7619783523093614,0,0,0,0.32809961500551954,0.3320609031697913,0.41803708319923466,Stable
UNKNOWN_SKU_20986,0.26666666666666666,17.9145,1.5287576897761523,1.3636363636363635,1.4472067209697927,1,14,1,0.17114539806427298,0.63568617683439,0.2528518133765116,Potential discontinued
UNKNOWN_SKU_21159,0.26666666666666666,57.352,0.8568656920617359,1.3636363636363635,0.27176046377045404,0,16,0,0.013356109326002175,0.6507866532138796,0.16219607779038392,Potential discontinued
UNKNOWN_SKU_21987,0.0,3000.892500000001,0.2942004378930984,1.0,0.08655389765649084,0,0,0,0.48195630342238494,0.427507654661054,0.40006939324044416,Stable
UNKNOWN_SKU_221044,0.9666666666666667,11.040666666666668,5.420600439474933,30.0,0.0127636374811948,0,58,0,0.16185097267759863,0.08645046337245277,,Potential discontinued
UNKNOWN_SKU_22107,0.0,2143.413,0.441059272123117,1.0,0.1945332815257738,0,0,0,0.11189980679198941,0.3773053176719513,0.18032143240621928,Stable
UNKNOWN_SKU_22110,0.0,9152.407166666666,0.4753455484631522,1.0,0.22595339044373494,0,0,0,0.4210451436735644,0.7335001146959184,0.6453990074990297,Stable
UNKNOWN_SKU_221834,0.0,1277.4348333333337,0.33099660382989066,1.0,0.10955875174692156,0,0,0,0.23969648332172366,0.7779718796569773,0.6370291820573909,Stable
UNKNOWN_SKU_222162,0.7333333333333333,760.168,3.228155702771206,3.75,2.0455971310224674,9,35,0,0.11100748393041537,0.2644927173210595,-0.07264111667419859,Potential discontinued
UNKNOWN_SKU_225761,0.16666666666666666,108.88733333333334,0.956000287419309,1.2,0.5949471246215012,0,0,10,0.15052571554926897,0.38602739231833305,-0.1164718197193717,Stable
UNKNOWN_SKU_22623,0.0,10298.76566666667,0.5973631888321266,1.0,0.35684277937168696,0,0,0,0.40266595265947824,0.020526486776663133,0.4734693124423386,Stable
UNKNOWN_SKU_22710,0.0,1685.653833333333,0.18965010348734093,1.0,0.03596716175275914,0,0,0,0.12230902777674635,0.24014595427466312,-0.1081513917118439,Stable
UNKNOWN_SKU_22712,0.0,1317.2236666666665,0.24758683512633656,1.0,0.06129924092787576,0,0,0,0.2469586513614057,0.13448697733162085,0.05132459783592077,Stable
UNKNOWN_SKU_227753,0.0,14591.017666666668,0.30083570461866893,1.0,0.09050212117341103,0,0,0,0.14044464471112705,0.4838863498699413,0.3273036655481902,Stable
UNKNOWN_SKU_227754,0.45,795.598,0.9750358788510094,1.8181818181818181,0.07288223077571812,27,0,0,0.045478838376533104,0.7297426215152023,0.22745272729077798,Intermittent
UNKNOWN_SKU_22848,0.0,2355.6565,0.2823663974708101,1.0,0.0797307824206435,0,0,0,0.18399737285766327,0.16388177045174146,0.312545928743371,Stable
UNKNOWN_SKU_22902,0.9833333333333333,2.7030000000000003,7.681145747868605,60.0,0.0,0,59,0,0.18100046365462774,0.04331604222080321,,Potential discontinued
UNKNOWN_SKU_230221,0.0,67.72966666666667,0.4355404821591183,1.0,0.18969551159939724,0,0,0,0.07146894675726478,0.3709442418082929,-0.15356867706735092,Stable
UNKNOWN_SKU_230328,0.7666666666666667,27.008333333333333,2.065262701191356,4.285714285714286,0.22857233915085,0,46,0,0.031395142610599835,0.55672454222993,0.5085699504494172,Potential discontinued
UNKNOWN_SKU_233063,0.45,16.171166666666668,1.5945396905785152,1.8181818181818181,0.9484062536566255,0,1,26,0.24131014041448484,0.730231937598325,0.46509488937006405,Lumpy / volatile
UNKNOWN_SKU_23413,0.55,244.98533333333336,3.5253812405133096,2.2222222222222223,5.042740800933421,11,16,6,0.14856673805429899,0.08099410001417351,0.04997304707610236,Potential discontinued
UNKNOWN_SKU_23430,0.9,1.8205,3.9411760591641696,10.0,0.6532868729328815,0,54,0,0.10733894129164945,0.22404317540535368,,Potential discontinued
UNKNOWN_SKU_24301,0.0,38.29816666666667,0.5043369283434638,1.0,0.25435573729092015,0,0,0,0.11555233744344384,0.003559294973788707,-0.2165478671778857,Stable
UNKNOWN_SKU_2440,0.0,7172.466666666668,0.41475412667407646,1.0,0.17202098559317588,0,0,0,0.10520265083592206,0.1155930018471919,-0.3574402901306345,Stable
UNKNOWN_SKU_245367,0.0,13572.780999999997,0.14890265682211756,1.0,0.02217200120868531,0,0,0,0.1761490742563886,0.0023862733121050583,-0.4343314851333495,Stable
UNKNOWN_SKU_2462,0.23333333333333334,34.44583333333333,1.6003933067040306,1.3043478260869565,1.7302983643763468,0,10,4,0.08828927481344173,0.6911842653157954,0.37655754140862696,Potential discontinued
UNKNOWN_SKU_2464,0.03333333333333333,36.92666666666666,0.6413634830913113,1.0344827586206897,0.36430221352825143,0,2,0,0.13695336394317714,0.5323132498522056,0.4440314754824693,Stable
UNKNOWN_SKU_2465,0.3,2.5403333333333338,1.2413700873838602,1.4285714285714286,0.7786997856959893,1,6,11,0.0983004559047177,0.16019601858158128,-0.08555873531417371,Potential discontinued
UNKNOWN_SKU_246583,0.9833333333333333,0.05683333333333333,7.681145747868611,60.0,0.0,0,59,0,0.18100046365463174,0.043316042220806206,,Potential discontinued
UNKNOWN_SKU_25189,0.9333333333333333,0.0885,3.757795547408944,15.0,0.008068491741765707,2,23,31,0.13947188037125546,0.024551074176626497,-0.062242666685720906,Potential discontinued
UNKNOWN_SKU_25263,0.016666666666666666,72.78966666666666,1.1298586229019276,1.0169491525423728,1.2386374992834093,0,0,1,0.19670685350363037,0.2529309020971625,-0.16591698979703284,Lumpy / volatile
UNKNOWN_SKU_25357,0.25,21.874666666666666,1.9349671569232871,1.3333333333333333,2.558073423778841,0,2,13,0.26851516200000836,0.6556015376911377,0.4646754320572492,Lumpy / volatile
UNKNOWN_SKU_25359,0.1,23.581000000000003,0.8575875125686384,1.1111111111111112,0.5619107075422982,0,0,6,0.07415244127646348,0.10356056794142499,-0.3692769454854454,Stable
UNKNOWN_SKU_25360,0.9833333333333333,0.004333333333333333,7.681145747868609,60.0,0.0,57,2,0,0.1858323688172817,0.04331604222080476,,Launch / lifecycle
UNKNOWN_SKU_26416,0.36666666666666664,0.5456666666666666,2.0840138026322403,1.5789473684210527,2.3839719020557384,1,7,14,0.13214227039788262,0.1124965108370991,-0.006808329139815025,Potential discontinued
UNKNOWN_SKU_26435,0.75,0.3686666666666667,2.539408467553185,4.0,0.8621488412702045,6,34,5,0.13636215434237298,0.15007824891223354,-0.04502909627606416,Potential discontinued
UNKNOWN_SKU_26437,0.5166666666666667,15.690166666666666,1.6445225164272848,2.0689655172413794,0.7904862484008927,2,29,0,0.04394433372742901,0.36017114540788353,0.03792479864487217,Potential discontinued
UNKNOWN_SKU_26439,0.4,4.188666666666666,1.6635773139585635,1.6666666666666667,1.260493687710553,10,14,0,0.08050787492294265,0.0017620431517941793,0.030200850914107263,Potential discontinued
UNKNOWN_SKU_265208,0.6166666666666667,3.2969999999999997,3.515857678136245,2.608695652173913,4.121814498282007,21,0,16,0.17058265230148884,0.27558855316403597,-0.025072672938276114,Lumpy / volatile
UNKNOWN_SKU_26526,0.016666666666666666,306.3936666666667,0.8125082899941497,1.0169491525423728,0.6325002259540637,0,0,1,0.08571974433936547,0.14955023938903744,-0.010372928984230196,Stable
UNKNOWN_SKU_26695,0.0,2499.823833333333,0.3260421343644234,1.0,0.10630347338090874,0,0,0,0.42675062390683616,0.6332905584348939,0.43061798396760725,Stable
UNKNOWN_SKU_272359,0.7833333333333333,1.1046666666666667,2.3206806262845814,4.615384615384615,0.3835376899960629,0,0,47,0.043478484048277366,0.41590626518360385,0.10109035568954287,Intermittent
UNKNOWN_SKU_273063,0.03333333333333333,8.1485,1.1850328608266565,1.0344827586206897,1.324159451864376,0,0,2,0.25537089952454173,0.1588384233683935,0.18171125260064236,Lumpy / volatile
UNKNOWN_SKU_273644,0.0,48.64633333333333,0.722409709289985,1.0,0.5218757880764406,0,0,0,0.19144307117583736,0.06546406576752106,-0.2859272275274033,Stable
UNKNOWN_SKU_27672,0.0,354.2796666666666,0.396898932942946,1.0,0.15752876297124913,0,0,0,0.3703721167690426,0.10262666317196156,0.1819827212210213,Stable
UNKNOWN_SKU_28796,0.0,5138.424666666668,0.6373655384775128,1.0,0.4062348296387298,0,0,0,0.5562498141297332,0.2002667892909734,0.28254174751716477,Seasonal
UNKNOWN_SKU_29410,0.0,392.6191666666666,0.633753525088986,1.0,0.40164353056271607,0,0,0,0.17555782302746914,0.22244843601093756,-0.3673944541989618,Stable
UNKNOWN_SKU_29411,0.08333333333333333,867.005,0.5891255184199348,1.0909090909090908,0.2348131367490938,0,5,0,0.0753982854901818,0.4229402909409009,0.7255080474718615,Stable
UNKNOWN_SKU_294525,0.26666666666666666,737.2263333333334,1.2169673896685809,1.3636363636363635,0.8194070601789567,0,9,7,0.05018900318003583,0.8281418598492455,0.6077691718019321,Potential discontinued
UNKNOWN_SKU_295127,0.5666666666666667,3740.290166666667,1.4348276153460238,2.3076923076923075,0.3254497904958084,0,34,0,0.10915614533939333,0.719532858167288,0.48119718018298463,Potential discontinued
UNKNOWN_SKU_295129,0.9333333333333333,0.12866666666666665,5.9165188050347135,15.0,1.4003463180219602,0,51,5,0.1825414378674982,0.10591037309960083,,Potential discontinued
UNKNOWN_SKU_298486,0.0,1156.149,0.6023864495559483,1.0,0.36286943460862114,0,0,0,0.6535058589539946,0.35763600964310593,0.5322960178256116,Seasonal
UNKNOWN_SKU_299849,0.0,2105.2165,0.4529674764935836,1.0,0.20517953476096523,0,0,0,0.16835317579481546,0.22901028293979553,0.3127961524380353,Stable
UNKNOWN_SKU_301727,0.8333333333333334,460.2803333333333,2.3326162880097865,6.0,0.07351645784809259,0,50,0,0.03889687458787483,0.42600737319249005,,Potential discontinued
UNKNOWN_SKU_301728,0.8333333333333334,211.31466666666668,2.440760811349521,6.0,0.15955222303659503,0,50,0,0.03733161898133053,0.4250912654126986,,Potential discontinued
UNKNOWN_SKU_301729,0.9666666666666667,0.22766666666666666,5.390184122699283,30.0,0.001802829219981608,5,53,0,0.18772437801292252,0.08645528924787715,,Potential discontinued
UNKNOWN_SKU_301732,0.8333333333333334,2265.7208333333333,2.352728576254723,6.0,0.08922195892092928,0,50,0,0.03946229858771333,0.42609324382913594,,Potential discontinued
UNKNOWN_SKU_301733,0.8333333333333334,2719.4535000000005,2.4096145758379586,6.0,0.13437373401512478,0,50,0,0.03835657040126228,0.4258282979123482,,Potential discontinued
UNKNOWN_SKU_301765,0.85,1.1925000000000001,3.3296511092997467,6.666666666666667,0.8129864764491556,2,43,6,0.15111736843157209,0.19501084091375898,-0.017636966863986477,Potential discontinued
UNKNOWN_SKU_301768,0.8666666666666667,1.116,3.7746055307440805,7.5,1.0330195883631732,1,47,4,0.08957707158129358,0.23478566785577726,-0.04358916607116184,Potential discontinued
UNKNOWN_SKU_305255,0.0,656.4890000000001,0.29714803967884607,1.0,0.08829695748498106,0,0,0,0.19886372051394607,0.04700350951389176,-0.024095735165641917,Stable
UNKNOWN_SKU_30879,0.0,995.2781666666666,0.1717450196372522,1.0,0.029496351770200137,0,0,0,0.30606577349283304,0.3297982822964671,0.12952500095659994,Stable
UNKNOWN_SKU_30880,0.0,5765.6945000000005,0.21867208328589552,1.0,0.04781748000859363,0,0,0,0.4126869966246066,0.5153667674236015,0.5262797797547693,Stable
UNKNOWN_SKU_30881,0.0,1332.572833333333,0.3745327637859717,1.0,0.1402747911491585,0,0,0,0.30586307063607954,0.09021848656810405,0.20661667617621385,Stable
UNKNOWN_SKU_30882,0.0,432.65099999999995,0.23598298475151297,1.0,0.05568796909223281,0,0,0,0.315571710367207,0.3433980693253724,0.30045583356122435,Stable
UNKNOWN_SKU_30883,0.0,1896.101,0.2413797972361574,1.0,0.05826420651376846,0,0,0,0.3215983707192356,0.36092378249340806,0.2764368328563523,Stable
UNKNOWN_SKU_31041,0.5,2.0978333333333334,3.4277305222548176,2.0,5.374668266598643,0,7,23,0.10945365778966443,0.22570236917633213,-0.1834635121926818,Potential discontinued
UNKNOWN_SKU_31448,0.6833333333333333,38.1235,2.884812963777269,3.1578947368421053,1.9520128480595078,0,41,0,0.03678787131310657,0.6484981768890781,0.8221056344773501,Potential discontinued
UNKNOWN_SKU_31449,0.6833333333333333,23.585500000000003,3.3067968915067993,3.1578947368421053,2.7793867991983614,0,41,0,0.06662523420806932,0.6124318471773839,0.8906371121655505,Potential discontinued
UNKNOWN_SKU_31450,0.0,509.306,0.2507567055145084,1.0,0.0628789253604899,0,0,0,0.09762783067446301,0.1453298236886097,-0.19310089083052592,Stable
UNKNOWN_SKU_315577,0.5666666666666667,16.97416666666667,1.3581786691009752,2.3076923076923075,0.23268136212038842,0,34,0,0.08905451731869374,0.8034502392849203,0.786409874585876,Potential discontinued
UNKNOWN_SKU_31625,0.8166666666666667,6.186499999999999,3.733785028595038,5.454545454545454,1.7392109506227496,11,36,2,0.08590561552571085,0.14099976923051016,-0.07261273707256713,Potential discontinued
UNKNOWN_SKU_316983,0.43333333333333335,718.7698333333334,1.4378875424709252,1.7647058823529411,0.7382616647160771,0,26,0,0.013202498751711755,0.8471348047355267,0.8418443178854902,Potential discontinued
UNKNOWN_SKU_31709,0.7666666666666667,14.878833333333334,2.6920015553080114,4.285714285714286,0.9242702205488426,44,0,2,0.12190065470010558,0.42099853448615454,-0.06246566183206674,Lumpy / volatile
UNKNOWN_SKU_31743,0.7166666666666667,63.99666666666667,1.8094644699036373,3.5294117647058822,0.2110124725557011,0,0,43,0.03315600162810994,0.5758345649313581,0.3183799430548529,Intermittent
UNKNOWN_SKU_31745,0.0,186.36633333333333,0.3705080441383153,1.0,0.1372762107711998,0,0,0,0.26690074035741296,0.46361263166463895,0.3703673586246945,Stable
UNKNOWN_SKU_31746,0.0,295.97799999999995,0.2691120619469072,1.0,0.07242130188531601,0,0,0,0.21152335372244668,0.0327208164806253,-0.009100113531249034,Stable
UNKNOWN_SKU_31747,0.0,1285.8814999999997,0.2464878243202453,1.0,0.060756247538128104,0,0,0,0.5635818014178322,0.7526422848228191,0.707590811454884,Seasonal
UNKNOWN_SKU_31749,0.15,30.96783333333334,1.3160183973501294,1.1764705882352942,1.3221187588394026,5,0,4,0.09733064294614491,0.6164422955898343,0.03886050847015424,Lumpy / volatile
UNKNOWN_SKU_31750,0.36666666666666664,45.1095,1.1409007478198934,1.5789473684210527,0.4577145270381281,3,0,19,0.10314545510565265,0.7339420773377647,0.23999028027030647,Intermittent
UNKNOWN_SKU_31751,0.06666666666666667,120.72916666666667,1.121405836666065,1.0714285714285714,1.107047647141469,4,0,0,0.04894338650084795,0.7297955756405763,0.3036162906335192,Lumpy / volatile
UNKNOWN_SKU_32301,0.3333333333333333,460.04200000000003,1.0750608151453513,1.5,0.43717050417399156,0,17,3,0.02028097759023939,0.8597631910951965,0.7186686626118579,Potential discontinued
UNKNOWN_SKU_326032,0.3,21.358333333333334,1.541499999932834,1.4285714285714286,1.3633555748550494,11,0,7,0.07545294849381001,9.315939142762186e-05,-0.05284872184926994,Lumpy / volatile
UNKNOWN_SKU_326096,0.36666666666666664,15.498833333333332,1.2563705265316563,1.5789473684210527,0.6330290366270397,13,9,0,0.014688162735199461,0.06471554616244535,0.006482687195385606,Potential discontinued
UNKNOWN_SKU_326585,0.0,8018.3814999999995,0.3049100555413941,1.0,0.09297014197025603,0,0,0,0.2903290196035201,0.27375405058982916,0.29755425160727766,Stable
UNKNOWN_SKU_327268,0.2833333333333333,11.818666666666667,1.2833682714487447,1.3953488372093024,0.8970411194489594,13,0,4,0.08155063909419347,0.2680011720662424,0.05931702100341938,Lumpy / volatile
UNKNOWN_SKU_327754,0.0,3942.620166666667,0.4731849542388392,1.0,0.22390400091801232,0,0,0,0.11139544831602566,0.0034786540731631677,-0.26082834230179036,Stable
UNKNOWN_SKU_327758,0.0,2297.399,0.32640020393612146,1.0,0.10653709312954168,0,0,0,0.15345721405489476,0.07437595671986186,-0.28952837102169293,Stable
UNKNOWN_SKU_32978,0.0,1282.0196666666668,0.30063517596596584,1.0,0.09038150902808724,0,0,0,0.11735003329142513,0.16476371663717393,-0.18320550313114778,Stable
UNKNOWN_SKU_329981,0.0,8088.434666666668,0.5603087478425192,1.0,0.3139458929088518,0,0,0,0.44330004266751644,0.3867811073417474,0.36356908446164143,Stable
UNKNOWN_SKU_329991,0.0,12926.668333333333,0.5172733957911163,1.0,0.2675717659932728,0,0,0,0.39984860798338273,0.7500895868150194,0.5873602587363075,Stable
UNKNOWN_SKU_33063,0.0,1103.3546666666666,0.2841815315606935,1.0,0.0807591428801814,0,0,0,0.25158904066469034,0.5691105238124574,0.3739177987107211,Stable
UNKNOWN_SKU_33064,0.0,3679.4740000000006,0.18601142127736145,1.0,0.03460024884562403,0,0,0,0.17616801484413236,0.2616196104692948,-0.04096532933046189,Stable
UNKNOWN_SKU_33065,0.0,1127.8220000000001,0.32287483447199006,1.0,0.10424815873531497,0,0,0,0.256027939561861,0.7867444680706056,0.633853857048902,Stable
UNKNOWN_SKU_330988,0.5333333333333333,16.407833333333333,1.9239776408305749,2.142857142857143,1.194121982460793,22,0,10,0.0678394485424616,0.7244033538259632,0.3889805164587524,Lumpy / volatile
UNKNOWN_SKU_331003,0.8666666666666667,1.2445,3.020387593185983,7.5,0.3496988284095751,42,7,3,0.12188723785367639,0.17330011592071226,-0.10927633340963705,Potential discontinued
UNKNOWN_SKU_331735,0.6833333333333333,2.6379999999999995,2.957497322337448,3.1578947368421053,2.086483630350504,29,11,1,0.08356081482839439,0.07637930030381612,-0.013864078564543626,Potential discontinued
UNKNOWN_SKU_331737,0.7333333333333333,1.748666666666667,2.7340123729047017,3.75,1.259952974718933,30,11,3,0.19829953427077995,0.0829171777224359,0.22313222289191736,Potential discontinued
UNKNOWN_SKU_33374,0.06666666666666667,386.8260000000001,0.8019890260962532,1.0714285714285714,0.5336406381135624,0,3,1,0.11371055390147278,0.5519970156675809,0.5117204518400905,Stable
UNKNOWN_SKU_336755,0.0,2775.6931666666665,0.31704756478456625,1.0,0.10051915833582374,0,0,0,0.3163133295273026,0.38269154276827544,0.3457229728038434,Stable
UNKNOWN_SKU_33730,0.0,398.9971666666667,0.2779020683001393,1.0,0.07722955956549529,0,0,0,0.2081359432095432,0.3432336751400633,0.19627978447553482,Stable
UNKNOWN_SKU_33761,0.0,5431.1455,0.5477341583004672,1.0,0.3000127081691213,0,0,0,0.25818170579915944,0.006102688199819295,0.25530948620856847,Stable
UNKNOWN_SKU_33849,0.0,717.5685,0.292745992996095,1.0,0.08570021641526968,0,0,0,0.18550644363043123,0.3644220359667353,0.01650334808443581,Stable
UNKNOWN_SKU_33850,0.0,404.7551666666667,0.25074436961121843,1.0,0.06287273889172733,0,0,0,0.10398216512072778,0.41936521270164107,0.08484431694588321,Stable
UNKNOWN_SKU_341690,0.9833333333333333,0.019,7.681145747868608,60.0,0.0,29,30,0,0.18644067796610175,0.0,-0.021276595744680844,Potential discontinued
UNKNOWN_SKU_34351,0.016666666666666666,4039.384833333333,0.5237245428319528,1.0169491525423728,0.253049273485129,0,1,0,0.13788467604435828,0.23889015413668258,0.4398457520777623,Stable
UNKNOWN_SKU_344131,0.48333333333333334,54.434666666666665,1.2825637456760726,1.935483870967742,0.3665677102233624,0,27,2,0.02882773807638328,0.8291502597357716,0.7523556630789386,Potential discontinued
UNKNOWN_SKU_347566,0.0,1602.1211666666663,0.47205042635117994,1.0,0.2228316050183308,0,0,0,0.6780861833917884,0.808801248060544,0.8626918830638814,Seasonal
UNKNOWN_SKU_348820,0.5666666666666667,938.5489999999999,1.29581128768816,2.3076923076923075,0.16095498709668718,34,0,0,0.05736893369066154,0.7808221061822516,0.6614803714564181,Intermittent
UNKNOWN_SKU_349387,0.0,4378.337166666667,0.5395270504576383,1.0,0.29108943817551897,0,0,0,0.4575008451915077,0.08763467345457188,0.15277434200494192,Stable
UNKNOWN_SKU_35676,0.0,351.85900000000004,0.32955784955316153,1.0,0.10860837620210427,0,0,0,0.37271647966053667,0.08842568548600538,0.0903649118336988,Stable
UNKNOWN_SKU_3595,0.0,7139.9766666666665,0.24797062893889385,1.0,0.06148943281635059,0,0,0,0.2961694459894132,0.3594215988539322,0.08390352813919838,Stable
UNKNOWN_SKU_36071,0.7666666666666667,1.3776666666666666,2.301127249343233,4.285714285714286,0.4688768774563218,0,39,7,0.22258833609265516,0.4122067583417055,0.29398249417648953,Potential discontinued
UNKNOWN_SKU_36547,0.95,0.24633333333333335,5.20785847155588,20.0,0.4060894929878177,1,55,1,0.15906319423013537,0.10911048262808776,,Potential discontinued
UNKNOWN_SKU_366062,0.0,551.0736666666667,0.43666143080380215,1.0,0.19067320515162367,0,0,0,0.2156584299600316,0.4130140109074849,0.25955553583956376,Stable
UNKNOWN_SKU_366063,0.0,751.0525000000001,0.38592752976011585,1.0,0.1489400582267451,0,0,0,0.1549436376337855,0.6053558670209568,0.3267205711183617,Stable
UNKNOWN_SKU_36733,0.0,282.66183333333333,0.5015920266208337,1.0,0.2515945611695951,0,0,0,0.5375495066759387,0.007081313382927834,0.2442303653847285,Seasonal
UNKNOWN_SKU_36736,0.0,391.29566666666665,0.5870634758753136,1.0,0.3446435247068049,0,0,0,0.10005191337197827,0.06497427685645452,-0.06730140666372267,Stable
UNKNOWN_SKU_36737,0.05,19.2135,0.9875840978502415,1.0526315789473684,0.876556232810342,3,0,0,0.08894771109030797,0.2962796296611999,0.0014571352330274554,Stable
UNKNOWN_SKU_36799,0.7166666666666667,24.73633333333333,2.0047294442072854,3.5294117647058822,0.42203304093363403,0,41,2,0.018499907579140218,0.5934291946700292,0.44526228151256586,Potential discontinued
UNKNOWN_SKU_372801,0.0,6529.802833333333,0.3247889924071847,1.0,0.10548788958887426,0,0,0,0.19238198556908803,0.43992549822376636,0.07771179100681319,Stable
UNKNOWN_SKU_374962,0.0,13730.169166666667,0.7817803754191223,1.0,0.6111805553904638,0,0,0,0.31239034345486516,0.3942297788762249,0.32449392832938867,Stable
UNKNOWN_SKU_37509,0.35,859.3668333333334,2.0040099719613647,1.5384615384615385,2.260436379018384,0,12,9,0.11933402948962124,0.8888883623291263,0.8147562561610593,Potential discontinued
UNKNOWN_SKU_378920,0.6166666666666667,0.4186666666666667,6.0472506887118085,2.608695652173913,13.40154234198142,0,0,37,0.18536293767014245,0.008788524143577892,-0.1066927992024378,Lumpy / volatile
UNKNOWN_SKU_38120,0.85,0.718,3.274209848345002,6.666666666666667,0.7580675196499096,0,51,0,0.097140203314102,0.31512037252958724,,Potential discontinued
UNKNOWN_SKU_38270,0.05,516.0741666666667,0.7733170424042105,1.0526315789473684,0.5181182856691557,0,1,2,0.11512204058120457,0.5514535757154526,0.5053866605969461,Stable
UNKNOWN_SKU_382754,0.8666666666666667,4.577,4.417508202860099,7.5,1.735250496311503,0,48,4,0.18511370359806212,0.29658249722921504,,Potential discontinued
UNKNOWN_SKU_382756,0.0,95.98383333333332,0.7074346928758539,1.0,0.5004638446843538,0,0,0,0.12307166032235639,0.44980916054965325,0.019645886304625597,Stable
UNKNOWN_SKU_382759,0.0,68.158,0.9479105634765851,1.0,0.8985344363504969,0,0,0,0.1921376683567857,0.24821798472231094,0.4628842135571838,Stable
UNKNOWN_SKU_382879,0.0,725.3615000000002,0.7409574160837192,1.0,0.5490178924494619,0,0,0,0.3976696928264104,0.8804988065275751,0.5525066012262831,Stable
UNKNOWN_SKU_38402,0.0,2845.7889999999998,0.2894819075839432,1.0,0.08379977481843864,0,0,0,0.5299007473921773,0.8215699313259369,0.7254907625406338,Seasonal
UNKNOWN_SKU_3903,0.26666666666666666,1587.8173333333334,1.5286429459242943,1.3636363636363635,1.4469494544910098,0,16,0,0.018844216596724972,0.8291605415010482,0.8251813909434255,Potential discontinued
UNKNOWN_SKU_390891,0.7666666666666667,4.213833333333333,2.9068940211810133,4.285714285714286,1.2050076650881807,30,0,16,0.11674964195214299,0.36433650733488865,-0.10913002288365041,Lumpy / volatile
UNKNOWN_SKU_390895,0.48333333333333334,10.850833333333332,2.7335602677716055,1.935483870967742,3.3773817310621115,17,0,12,0.1353085770307827,0.31176345391660243,-0.08658536189574717,Lumpy / volatile
UNKNOWN_SKU_391094,0.0,1802.7246666666667,0.629793429090966,1.0,0.3966397633261576,0,0,0,0.5686126806135012,0.1525760337816111,0.4533892685574935,Seasonal
UNKNOWN_SKU_392696,0.0,3268.3886666666663,0.5121939197703245,1.0,0.2623426114496896,0,0,0,0.28018009770765806,0.5926219054683901,0.48564418505672713,Stable
UNKNOWN_SKU_39426,0.5333333333333333,1.3385,1.61313026648129,2.142857142857143,0.681021653097733,0,9,23,0.1663152006482571,0.10308985968763285,-0.1653028770779606,Potential discontinued
UNKNOWN_SKU_3946,0.0,2163.323666666666,0.30604823736987063,1.0,0.09366552359720468,0,0,0,0.5214597914593451,0.8952032337788302,0.8438091407904534,Seasonal
UNKNOWN_SKU_39955,0.0,445.9943333333334,0.19082035806910205,1.0,0.03641240905362033,0,0,0,0.13091797068155586,0.2517396976204088,-0.25199619701170833,Stable
UNKNOWN_SKU_40096,0.0,6199.470166666667,0.30010490681526164,1.0,0.09006295509459687,0,0,0,0.3594293869065255,0.6039360711080068,0.40196100247821176,Stable
UNKNOWN_SKU_40097,0.0,4300.116,0.24829760594956127,1.0,0.061651701120283606,0,0,0,0.5249379072017424,0.7856274741983482,0.6220436604726107,Seasonal
UNKNOWN_SKU_402052,0.0,1339.733,0.3296808407722396,1.0,0.10868945677229079,0,0,0,0.20160438425831595,0.2569739991950426,0.08570259851625989,Stable
UNKNOWN_SKU_402053,0.0,1331.2763333333335,0.2590342699315175,1.0,0.06709875299895428,0,0,0,0.3463394388094374,0.6634230698316387,0.5873338017279032,Stable
UNKNOWN_SKU_402054,0.6333333333333333,0.8573333333333333,1.7120698493062545,2.727272727272727,0.44143382859796504,0,35,3,0.15144096257186723,0.548197919516806,0.4095094555785053,Potential discontinued
UNKNOWN_SKU_404672,0.48333333333333334,142.6841666666667,1.3975636610769004,1.935483870967742,0.5258118298273795,29,0,0,0.0781304045978708,0.83127882503069,0.7857177398137043,Lumpy / volatile
UNKNOWN_SKU_40483,0.9833333333333333,2.9956666666666667,7.68114574786861,60.0,0.0,0,59,0,0.18100046365462907,0.04331604222080365,,Potential discontinued
UNKNOWN_SKU_40554,0.0,3460.3515,0.1284442265823318,1.0,0.016497919342333387,0,0,0,0.2220309438838476,0.021524568193177607,-0.17104052121418292,Stable
UNKNOWN_SKU_406440,0.7333333333333333,0.8680000000000001,4.188208628357661,3.75,3.9442910705732173,0,0,44,0.14678186087674627,0.00034046824919742313,-0.02290979454390173,Lumpy / volatile
UNKNOWN_SKU_40701,0.0,13754.357666666669,0.3757764210118027,1.0,0.1412079185884396,0,0,0,0.49116106240238344,0.7788332063399748,0.7861550739047201,Stable
UNKNOWN_SKU_407977,0.8166666666666667,2.2828333333333335,3.236507478798705,5.454545454545454,1.1037464543919917,1,0,48,0.06614817239476023,0.2457792559445926,0.0007184125849774488,Lumpy / volatile
UNKNOWN_SKU_408131,0.0,1427.8680000000002,0.7369977650550481,1.0,0.5431657056961358,0,0,0,0.30644388988849713,0.3409245390928184,0.3466338528745466,Stable
UNKNOWN_SKU_411685,0.7166666666666667,8.795833333333333,1.7612867776391028,3.5294117647058822,0.16227048204112762,0,43,0,0.042232821061031545,0.6088217276797996,0.3944884723742493,Potential discontinued
UNKNOWN_SKU_41217,0.21666666666666667,484.51366666666667,0.8721047556014296,1.2765957446808511,0.37911058538172643,0,0,13,0.05746514238552214,0.41413148661747246,-0.2059819436367414,Stable
UNKNOWN_SKU_412540,0.8166666666666667,2.2505000000000006,3.0043697161200944,5.454545454545454,0.8381435217089152,0,47,2,0.04758390856913719,0.3916275445720303,-0.027066013710695405,Potential discontinued
UNKNOWN_SKU_412543,0.7833333333333333,91.67883333333333,1.9329126346376584,4.615384615384615,0.026166104847410176,0,47,0,0.04154584245493076,0.5304156195531079,0.206367222082956,Potential discontinued
UNKNOWN_SKU_412544,0.9833333333333333,0.016833333333333332,7.68114574786861,60.0,0.0,6,53,0,0.1953271311865401,0.04331604222080432,,Potential discontinued
UNKNOWN_SKU_412545,0.8833333333333333,1.3626666666666667,3.301612732451353,8.571428571428571,0.3884087740932363,0,51,2,0.09584229621071672,0.2794856909020629,,Potential discontinued
UNKNOWN_SKU_414261,0.8333333333333334,26.173000000000002,3.0552172092171648,6.0,0.7223920325827874,50,0,0,0.025891587300618024,0.39314283695947416,,Launch / lifecycle
UNKNOWN_SKU_414264,0.95,0.18916666666666665,6.815566268899387,20.0,1.3725971782879545,45,6,6,0.17611362049572488,0.03329481023957925,-0.02399252493809782,Potential discontinued
UNKNOWN_SKU_41608,0.0,3037.7468333333336,0.38572975753471966,1.0,0.14878744584779363,0,0,0,0.7041275269244989,0.7711959516585773,0.8803041710522388,Seasonal
UNKNOWN_SKU_421650,0.2,193.98100000000002,1.0873613003760245,1.25,0.745883678044351,3,4,5,0.07991409847870556,0.2906022077220404,0.32878296252814426,Lumpy / volatile
UNKNOWN_SKU_421651,0.9666666666666667,0.1703333333333333,6.81723238145543,30.0,0.5824885780921489,12,34,12,0.17199441633247003,0.00969465482686327,-0.027041844588073745,Potential discontinued
UNKNOWN_SKU_421652,0.23333333333333334,112.24483333333335,0.8906723495417713,1.3043478260869565,0.3748612129159987,4,10,0,0.09601781894339168,0.20273183582593768,0.37298991313364477,Potential discontinued
UNKNOWN_SKU_421653,0.26666666666666666,25.024333333333335,1.288455733741112,1.3636363636363635,0.950753330394255,4,9,3,0.11233999359335056,0.043081546300900886,-0.21970993685770052,Potential discontinued
UNKNOWN_SKU_421654,0.38333333333333336,1.6084999999999998,1.539608575727123,1.6216216216216217,1.0784099826457088,4,8,11,0.12976173135678848,0.14539884056080388,-0.08885071473306429,Potential discontinued
UNKNOWN_SKU_421655,0.9833333333333333,0.05266666666666667,7.681145747868608,60.0,0.0,4,55,0,0.19060759416334794,0.04331604222080321,,Potential discontinued
UNKNOWN_SKU_424280,0.9833333333333333,0.028333333333333332,7.68114574786861,60.0,0.0,1,58,0,0.1834235640980847,0.04331604222080321,,Potential discontinued
UNKNOWN_SKU_4266,0.06666666666666667,5478.867833333334,0.5635516471694809,1.0714285714285714,0.22975109509227276,0,4,0,0.01420899236841977,0.5155530120879462,0.7077245591681246,Stable
UNKNOWN_SKU_4267,0.0,3994.7075,0.6165662770643314,1.0,0.38015397401296996,0,0,0,0.061324139332952,0.6133380204431195,0.8341253589587477,Stable
UNKNOWN_SKU_427470,0.2833333333333333,10.708333333333336,1.4259737605584288,1.3953488372093024,1.1739375021574887,13,0,4,0.08369040656053905,0.20298665584721187,-0.0385829214427752,Lumpy / volatile
UNKNOWN_SKU_427474,0.7166666666666667,2.330833333333333,2.0898197582765574,3.5294117647058822,0.520748209590208,14,25,4,0.02380194959529025,0.011363761066482958,-0.21834705941433286,Potential discontinued
UNKNOWN_SKU_428841,0.0,1332.2351666666666,0.82695017719937,1.0,0.6838465955700695,0,0,0,0.07805560462843075,0.16245295323838504,-0.10913876823676581,Stable
UNKNOWN_SKU_428842,0.0,651.918,0.22815207784143082,1.0,0.05205337062336232,0,0,0,0.31516987481283665,0.1408067120896711,0.3501097875689974,Stable
UNKNOWN_SKU_428846,0.0,4194.1720000000005,0.2940275307026022,1.0,0.08645218881106968,0,0,0,0.10972757086443596,0.2650509442015966,-0.0016465418575777294,Stable
UNKNOWN_SKU_429709,0.0,54086.23666666667,0.33158181540180665,1.0,0.10994650030515779,0,0,0,0.3416517115469423,0.1830933251728506,0.0901738165631859,Stable
UNKNOWN_SKU_434231,0.45,6.869333333333332,1.5160010387637524,1.8181818181818181,0.8140425322430267,25,0,2,0.05732538085785999,0.40569296637782637,-0.023391678265831654,Lumpy / volatile
UNKNOWN_SKU_434983,0.15,8.322333333333333,1.7426150422313258,1.1764705882352942,2.431201107599252,0,0,9,0.19107088537966954,0.3442569007134244,-0.053464813722738105,Lumpy / volatile
UNKNOWN_SKU_435431,0.0,15855.862499999997,0.7656708928506133,1.0,0.5862519161586554,0,0,0,0.7249875657891129,0.3375695175554536,0.38701095129212026,Seasonal
UNKNOWN_SKU_435435,0.0,24963.303666666674,0.57175270201941,1.0,0.32690115226649624,0,0,0,0.696873704452573,0.4034699039029337,0.6900120371948745,Seasonal
UNKNOWN_SKU_435648,0.06666666666666667,35.75716666666667,0.9523957496306583,1.0714285714285714,0.7799204863202407,0,0,4,0.05401914830294541,0.21859463697188142,0.25947152384225286,Stable
UNKNOWN_SKU_437039,0.0,53697.019166666665,0.7392887413261011,1.0,0.5465478430515308,0,0,0,0.6538482452699108,0.146131816566054,0.4418635471928453,Seasonal
UNKNOWN_SKU_437040,0.5333333333333333,2811.0371666666665,1.3687264300109003,2.142857142857143,0.3409256187648459,32,0,0,0.10562827424287291,0.7728557390721784,0.5797181853896954,Intermittent
UNKNOWN_SKU_437161,0.95,383.9398333333333,4.3602750402533,20.0,0.0005999213327960167,0,57,0,0.14284296455255185,0.12950140666423315,,Potential discontinued
UNKNOWN_SKU_437164,0.0,5739.183,0.2705888874420293,1.0,0.0732183460071152,0,0,0,0.3730381861541594,0.4859076319684156,0.329176405353425,Stable
UNKNOWN_SKU_437167,0.0,6878.012166666666,0.25494442778281345,1.0,0.06499666125750618,0,0,0,0.6043878649361496,0.25633178984783367,0.6155000973516491,Seasonal
UNKNOWN_SKU_437169,0.016666666666666666,3414.2115,0.32443418790015416,1.0169491525423728,0.08683658324045865,1,0,0,0.1618610688469968,0.0008974935029062436,0.1957100224260731,Stable
UNKNOWN_SKU_437351,0.016666666666666666,8498.347333333333,2.5736786709615402,1.0169491525423728,6.496758203006319,0,0,1,0.7708203450063702,0.0027538288960390345,0.7191990237106644,Seasonal
UNKNOWN_SKU_43832,0.0,1696.1253333333334,0.25647220849650204,1.0,0.06577799373107322,0,0,0,0.16869271518922058,0.2670892583292085,-0.08568519646273623,Stable
UNKNOWN_SKU_438586,0.016666666666666666,145.9478333333333,1.0257659847599239,1.0169491525423728,1.017992591232321,0,1,0,0.08863690852617745,0.04628012632281053,-0.12068576334332723,Lumpy / volatile
UNKNOWN_SKU_43898,0.95,2.114333333333333,6.954196211530554,20.0,1.4680422474232948,0,57,0,0.15618630665493405,0.09801733005698876,,Potential discontinued
UNKNOWN_SKU_439124,0.6,2.6755,1.435620341548346,2.5,0.22440230602695568,0,22,14,0.04993557687557493,0.2218809439525805,-0.3945790641151084,Potential discontinued
UNKNOWN_SKU_439213,0.016666666666666666,25.122999999999998,0.8843123359881628,1.0169491525423728,0.7523081691211607,0,0,1,0.05562509044092023,0.49530389753572635,0.43284553764527167,Stable
UNKNOWN_SKU_44049,0.7833333333333333,6.934666666666668,3.5714521148097162,4.615384615384615,1.9803085451487383,0,47,0,0.04877246035359073,0.43394102139802915,0.7324340131610816,Potential discontinued
UNKNOWN_SKU_443798,0.38333333333333336,17.379333333333328,1.2541550587378114,1.6216216216216217,0.5866246953372126,0,1,22,0.03198006271843834,0.0005616324714733389,-0.08339628795126364,Lumpy / volatile
UNKNOWN_SKU_443910,0.13333333333333333,20.949666666666666,1.124768103926982,1.1538461538461537,0.963089515929965,0,3,5,0.18558410888506216,0.6820085383999186,0.5420248866512908,Lumpy / volatile
UNKNOWN_SKU_445158,0.03333333333333333,25.11616666666667,0.6106070392118245,1.0344827586206897,0.3270795911238629,0,0,2,0.10912406861835477,0.19324661304118218,0.17708092018948993,Stable
UNKNOWN_SKU_446070,0.0,3642.74,0.3315565993031065,1.0,0.10992977854144072,0,0,0,0.23765340778917654,0.09479907101962048,0.10122747354655967,Stable
UNKNOWN_SKU_44708,0.8333333333333334,4.0473333333333334,6.119540065738287,6.0,5.4081284360293616,0,50,0,0.09104761123506921,0.2851156832884939,,Potential discontinued
UNKNOWN_SKU_44795,0.0,1737.1511666666665,0.3959069365484349,1.0,0.1567423024071664,0,0,0,0.19569774600728274,0.36616690822870024,0.28163477105347406,Stable
UNKNOWN_SKU_447995,0.9666666666666667,0.22383333333333333,5.464163172592253,30.0,0.028569305890447632,2,51,5,0.18634715356548348,0.08602736670184608,,Potential discontinued
UNKNOWN_SKU_447996,0.5333333333333333,37.64033333333334,1.2845867062082292,2.142857142857143,0.2367427360245569,0,32,0,0.08570957036718763,0.7475185522360208,0.4773037880438882,Potential discontinued
UNKNOWN_SKU_448030,0.0,320.94716666666665,0.33454877395523347,1.0,0.11192288215494987,0,0,0,0.13916299201396032,0.2183210840360309,0.058660560434830304,Stable
UNKNOWN_SKU_448034,0.0,222.56716666666668,0.6217213260566428,1.0,0.3865374072736303,0,0,0,0.12026098766271631,0.6314478999497753,0.3856351937462077,Stable
UNKNOWN_SKU_448035,0.0,337.3866666666667,0.5041363231374473,1.0,0.25415343230654475,0,0,0,0.15107483931416243,0.5604362183242,0.04373674828756811,Stable
UNKNOWN_SKU_44819,0.7,54.813500000000005,2.3670326500950565,3.3333333333333335,0.9808530699848079,0,35,7,0.04397040629086435,0.518943445072112,0.29031112439540985,Potential discontinued
UNKNOWN_SKU_44915,0.7666666666666667,1.179,4.407123022363295,4.285714285714286,3.765304444657067,0,25,21,0.12236992101065214,0.23862519796625503,-0.038999267881929554,Potential discontinued
UNKNOWN_SKU_44974,0.9833333333333333,0.09383333333333334,7.681145747868606,60.0,0.0,7,52,0,0.1976663201138571,0.04331604222080265,,Potential discontinued
UNKNOWN_SKU_44979,0.0,527.4285,0.2573299852971218,1.0,0.06621872133301694,0,0,0,0.22655063843565804,0.18062915752726227,0.31391653834648936,Stable
UNKNOWN_SKU_44980,0.0,336.6801666666667,0.37742938893100747,1.0,0.1424529436288337,0,0,0,0.21186394271924724,0.6190959485412322,0.6522749852431725,Stable
UNKNOWN_SKU_449836,0.31666666666666665,8871.327333333333,1.1125697999827882,1.4634146341463414,0.5291712325530563,19,0,0,0.09139636197072298,0.7303792879925592,0.6640966042600323,Lumpy / volatile
UNKNOWN_SKU_451343,0.0,24.674333333333333,0.639152118570944,1.0,0.4085154306737261,0,0,0,0.164534556301553,0.5490081304112253,0.35190717277905653,Stable
UNKNOWN_SKU_451350,0.48333333333333334,5.886833333333334,1.239441884946267,1.935483870967742,0.31037836284889714,0,29,0,0.049075194159418634,0.76012447294191,0.2824549633839328,Potential discontinued
UNKNOWN_SKU_452155,0.5333333333333333,68.37933333333334,2.0078725959005683,2.142857142857143,1.3480577686386261,0,20,12,0.019781015989396078,0.750837982980225,0.8880926924554671,Potential discontinued
UNKNOWN_SKU_452160,0.4666666666666667,221.62666666666667,1.422535424190603,1.875,0.6125904176411409,0,4,24,0.03183349891518106,0.788477355634112,0.8289362378682751,Lumpy / volatile
UNKNOWN_SKU_460954,0.5166666666666667,47.760833333333345,1.1486121170039663,2.0689655172413794,0.12099973440869452,31,0,0,0.06743588870054229,0.7821821461149298,0.650879945251619,Intermittent
UNKNOWN_SKU_460985,0.5166666666666667,8.524666666666667,1.38241657463838,2.0689655172413794,0.40701986648687377,31,0,0,0.1306036625571324,0.7417229031593402,0.372961943064404,Intermittent
UNKNOWN_SKU_462672,0.18333333333333332,321.88533333333334,0.8832398961882215,1.2244897959183674,0.4537587166118404,0,4,7,0.025570770147097965,0.5498017791451473,0.16570467406722322,Stable
UNKNOWN_SKU_463413,0.23333333333333334,6.484666666666667,0.9453990917543942,1.3043478260869565,0.4518975727290256,0,1,13,0.04861527745387262,0.09366383669047307,0.15714417609915662,Stable
UNKNOWN_SKU_463519,0.03333333333333333,14.933333333333334,0.7781751607674581,1.0344827586206897,0.5520380281409437,0,0,2,0.21479365689321983,0.5003070481917948,0.4288774980167558,Stable
UNKNOWN_SKU_46423,0.0,4169.359,0.571187088135536,1.0,0.32625468965275256,0,0,0,0.03650598060597077,0.525403056025155,0.22478540370915273,Stable
UNKNOWN_SKU_46424,0.0,4528.623333333334,0.5674927107468135,1.0,0.3220479767507665,0,0,0,0.03788975250160398,0.5349410760098141,0.23429707562903124,Stable
UNKNOWN_SKU_465730,0.0,8869.130333333334,0.6606278139019022,1.0,0.4364291085008063,0,0,0,0.40403908862649396,0.3514601377600347,0.6307198779328294,Stable
UNKNOWN_SKU_4658,0.0,10208.632666666668,0.43385436195363847,1.0,0.1882296073861987,0,0,0,0.05763907982825334,0.32607350291034287,0.5058583339319136,Stable
UNKNOWN_SKU_46948,0.0,3111.7596666666664,0.27135041340730526,1.0,0.07363104685631547,0,0,0,0.493992051028205,0.7886996160536069,0.6879324167115081,Stable
UNKNOWN_SKU_470410,0.25,10.005999999999998,0.9671848327861987,1.3333333333333333,0.45158487557875043,0,2,13,0.11129589983272714,0.27045275931277113,0.40010010788732464,Intermittent
UNKNOWN_SKU_47233,0.0,11218.660166666667,0.14259381810889396,1.0,0.020332996962872333,0,0,0,0.41541518852612747,0.00888553872477138,0.18534763581624827,Stable
UNKNOWN_SKU_4741,0.5833333333333334,30.371333333333332,1.8194611529989975,2.4,0.7960162030301843,0,35,0,0.012247302424047257,0.7051075088714289,0.29334760141855143,Potential discontinued
UNKNOWN_SKU_4784,0.9666666666666667,0.4891666666666667,5.385172890937696,30.0,2.902176342038771e-06,0,58,0,0.16188475762813392,0.0864832102708728,,Potential discontinued
UNKNOWN_SKU_480610,0.8333333333333334,0.9883333333333333,3.0285651627451324,6.0,0.6953678241655744,0,50,0,0.07674963652263,0.3645668250724905,,Potential discontinued
UNKNOWN_SKU_48194,0.9833333333333333,0.005666666666666667,7.681145747868608,60.0,0.0,8,51,0,0.19999194838917578,0.043316042220805095,,Potential discontinued
UNKNOWN_SKU_484741,0.75,0.019833333333333335,1.7718741964960323,4.0,0.03488454205211495,19,11,15,0.15944712789875537,0.0265481236218722,0.07613065068504554,Potential discontinued
UNKNOWN_SKU_484745,0.8166666666666667,0.022666666666666665,2.138480041013511,5.454545454545454,0.02173442906574397,19,11,19,0.07329127131797619,0.0019900548746641933,-0.14568946037738117,Potential discontinued
UNKNOWN_SKU_484755,0.8666666666666667,791.3835,2.8698123070353674,7.5,0.2314430236815543,52,0,0,0.054332111346610534,0.3403287635683776,,Launch / lifecycle
UNKNOWN_SKU_485538,0.38333333333333336,708.2546666666666,1.2462591606459872,1.6216216216216217,0.5744498355546582,23,0,0,0.059454225200748945,0.8012770541099119,0.3449263149421267,Lumpy / volatile
UNKNOWN_SKU_48678,0.7166666666666667,361.83716666666663,1.7262166677030562,3.5294117647058822,0.12761679542582244,0,43,0,0.029480734574873435,0.6198376640010645,0.4540330768556868,Potential discontinued
UNKNOWN_SKU_48811,0.0,384.2996666666666,0.21399218808446563,1.0,0.0457926565611773,0,0,0,0.2085105205319815,0.0013871129577953667,0.08317922064533859,Stable
UNKNOWN_SKU_48812,0.0,1928.846666666667,0.34375504090020015,1.0,0.11816752814429829,0,0,0,0.094308125685866,0.23372013587724982,0.017211921724637883,Stable
UNKNOWN_SKU_48813,0.0,106.91383333333334,0.24172866034043722,1.0,0.05843274522998246,0,0,0,0.2625063914002065,0.0898189430226295,0.090626207784151,Stable
UNKNOWN_SKU_49139,0.0,4588.288333333333,0.829066932399968,1.0,0.6873519783990932,0,0,0,0.26089567076255993,0.004368957471021062,0.4392880896860582,Stable
UNKNOWN_SKU_49143,0.0,3452.915,0.7269188705175988,1.0,0.5284110443145817,0,0,0,0.06431845419571991,0.28734886205966026,-0.1809286987476332,Stable
UNKNOWN_SKU_49597,0.9166666666666666,7.618666666666666,3.6136991240414904,12.0,0.1715684465915193,0,55,0,0.1047558120894111,0.21293568210921754,,Potential discontinued
UNKNOWN_SKU_49819,0.0,3527.3258333333333,0.36873296637016356,1.0,0.13596400048814017,0,0,0,0.08005412094632103,0.2685818772519627,-0.04767856289806399,Stable
UNKNOWN_SKU_49820,0.85,260.68333333333334,2.4771671902257073,6.666666666666667,0.07045359324960901,51,0,0,0.044586551729538404,0.3833441660307447,,Launch / lifecycle
UNKNOWN_SKU_49875,0.0,1826.6564999999998,0.45917762227527104,1.0,0.21084408879837152,0,0,0,0.41954898401664065,0.93630347988399,0.8929687276872927,Stable
UNKNOWN_SKU_49876,0.0,1478.9909999999998,0.3171102331649037,1.0,0.10055889997789959,0,0,0,0.09628124409891647,0.6626510847519153,0.532759547662257,Stable
UNKNOWN_SKU_499942,0.23333333333333334,5.3469999999999995,1.4752677643572096,1.3043478260869565,1.4352514820228317,13,0,1,0.06235998133463294,0.24542136120514013,-0.1823996304700456,Lumpy / volatile
UNKNOWN_SKU_499955,0.23333333333333334,61.521166666666666,0.7692869975528357,1.3043478260869565,0.22038190486295683,14,0,0,0.02060944903575812,0.5899213461582509,0.1770278723278735,Stable
UNKNOWN_SKU_499958,0.26666666666666666,1.8685000000000003,1.853750843232526,1.3636363636363635,2.253354271775888,15,0,1,0.09865733768438834,0.16739006359796738,-0.09258397577748052,Lumpy / volatile
UNKNOWN_SKU_500331,0.23333333333333334,57.341499999999996,0.8869382650936731,1.3043478260869565,0.36977227266698737,14,0,0,0.013816448286309568,0.5581215820199568,-0.01563244421499211,Stable
UNKNOWN_SKU_501109,0.38333333333333336,66.2455,1.374109355827999,1.6216216216216217,0.7810421884273239,23,0,0,0.02702134636149023,0.5202423601914581,0.12004625956300463,Lumpy / volatile
UNKNOWN_SKU_501110,0.7833333333333333,96.89349999999999,2.456568520588874,4.615384615384615,0.5241912608754453,47,0,0,0.01661361499142955,0.5285580791903227,0.33375288250528223,Lumpy / volatile
UNKNOWN_SKU_501788,0.3,212.52016666666668,1.0863411503477398,1.4285714285714286,0.5260959664571955,18,0,0,0.13207599807087644,0.7737071674583853,0.7674737271043649,Lumpy / volatile
UNKNOWN_SKU_50212,0.0,6695.666166666667,0.2115222534351146,1.0,0.04474166369826885,0,0,0,0.17508543460840953,0.08365596139941023,-0.4033323577610889,Stable
UNKNOWN_SKU_502261,0.7833333333333333,55.01583333333334,4.628357260020386,4.615384615384615,3.8580330340497424,10,35,2,0.16479148101979313,0.17004155012242383,-0.019044919257270768,Potential discontinued
UNKNOWN_SKU_502262,0.7666666666666667,141.79783333333333,3.7958537591564285,4.285714285714286,2.5953180108771305,10,35,1,0.1542961420069463,0.15890306850329738,-0.04971938236691091,Potential discontinued
UNKNOWN_SKU_502264,0.75,342.76,4.44364361886414,4.0,4.186492152867995,10,34,1,0.10480605603668347,0.22946228508564637,0.03150671373724226,Potential discontinued
UNKNOWN_SKU_502265,0.7333333333333333,1347.1634999999999,3.6617000199248495,3.75,2.842145876244704,10,34,0,0.09885103377208482,0.22421159189170525,-0.05195704588450031,Potential discontinued
UNKNOWN_SKU_50250,0.0,4132.796666666666,0.40889346542562327,1.0,0.16719386606777537,0,0,0,0.15059246554166095,0.28658334615712266,0.04393703694559967,Stable
UNKNOWN_SKU_50274,0.7833333333333333,6.429166666666666,4.470802655510151,4.615384615384615,3.5474165499785997,0,47,0,0.07288420778825089,0.3728690761535992,0.866491699019454,Potential discontinued
UNKNOWN_SKU_50493,0.9833333333333333,0.05383333333333333,7.6811457478686105,60.0,0.0,1,58,0,0.18342356409808547,0.04331604222080321,,Potential discontinued
UNKNOWN_SKU_50841,0.0,1276.4450000000002,0.429626523688485,1.0,0.18457894985665235,0,0,0,0.31598020970046303,0.1437325431390981,0.0792640682524845,Stable
UNKNOWN_SKU_51054,0.05,7070.770166666667,0.2873932001614362,1.0526315789473684,0.028465108924079777,3,0,0,0.1375280019592534,0.10965247203352746,-0.21809642768542067,Stable
UNKNOWN_SKU_51208,0.5833333333333334,13.909666666666665,3.003589814774105,2.4,3.1756465730894763,0,31,4,0.08177486658691435,0.7345066086843404,0.6219894446708033,Potential discontinued
UNKNOWN_SKU_51209,0.38333333333333336,7.5326666666666675,2.5427505978130593,1.6216216216216217,3.6037747049851814,0,4,19,0.0925659846224356,0.46682302943450704,0.06034865050732524,Lumpy / volatile
UNKNOWN_SKU_51222,0.0,1665.1408333333334,0.5807518332369105,1.0,0.33727269180803227,0,0,0,0.4172919327406702,0.3944261265102137,0.3370183327570071,Stable
UNKNOWN_SKU_5146,0.8,57.1265,2.0507732569943573,5.0,0.041134190320649085,3,45,0,0.025136131151367147,0.3889327326030213,-0.14252913580075835,Potential discontinued
UNKNOWN_SKU_5147,0.38333333333333336,518.2736666666667,1.3478330826123297,1.6216216216216217,0.7369366447936242,0,17,6,0.05412676697202068,0.8575069123005096,0.6913379253069468,Potential discontinued
UNKNOWN_SKU_51972,0.0,862.9163333333332,0.24686780300885153,1.0,0.060943712162417125,0,0,0,0.3182206342674744,0.09605864026630251,0.02717190530529572,Stable
UNKNOWN_SKU_519748,0.8333333333333334,0.043000000000000003,2.3089716930768818,6.0,0.05522504657172044,23,27,0,0.047624986031839955,0.0005446871514270812,-0.2459976052153087,Potential discontinued
UNKNOWN_SKU_519749,0.9833333333333333,0.003,7.68114574786861,60.0,0.0,35,24,0,0.1864406779661022,0.0,-0.021276595744680833,Potential discontinued
UNKNOWN_SKU_522241,0.7166666666666667,1.5563333333333333,1.9350712102649505,3.5294117647058822,0.3442751668256072,43,0,0,0.026766584272565397,0.6028672443613423,0.5075693753886544,Intermittent
UNKNOWN_SKU_5247,0.31666666666666665,844.4979999999999,1.174674628880636,1.4634146341463414,0.626237997219504,0,18,1,0.11534510834542144,0.7659513798651264,0.39103267857074386,Potential discontinued
UNKNOWN_SKU_5248,0.2,963.6749999999998,0.8340179354636521,1.25,0.35646873334004203,0,3,9,0.056004203884540416,0.7249225112140929,0.5108983449544696,Stable
UNKNOWN_SKU_5260,0.0,3170.1125,0.7362093085618939,1.0,0.542004146013182,0,0,0,0.4239096034780445,0.8189040114995414,0.8394733210490857,Stable
UNKNOWN_SKU_528335,0.0,295.25949999999995,0.4393932407597212,1.0,0.1930664200253303,0,0,0,0.12370007824697893,0.027758739856995618,0.035570989017521114,Stable
UNKNOWN_SKU_5301,0.8166666666666667,166.92883333333333,3.0323207851142646,5.454545454545454,0.8690777130365983,0,49,0,0.011939431818223656,0.4506174157173938,,Potential discontinued
UNKNOWN_SKU_530622,0.4666666666666667,2.0766666666666667,1.4998797172972365,1.875,0.7331408887251405,25,0,3,0.11681117241208616,0.42420216688974244,-0.0015962909235455866,Lumpy / volatile
UNKNOWN_SKU_5320,0.0,25166.251666666663,0.6219017306126693,1.0,0.3867617625390331,0,0,0,0.0809088785091765,0.5782689712070099,0.8091362093984834,Stable
UNKNOWN_SKU_5352,0.0,37190.285166666676,0.4875463174608329,1.0,0.2377014116696192,0,0,0,0.33085929816484616,0.6395416747346775,0.33324479206975455,Stable
UNKNOWN_SKU_542844,0.16666666666666666,3489.325666666666,0.8005587681780789,1.2,0.36741195108900254,10,0,0,0.04753863396628055,0.35286458191953696,-0.1602571518978276,Stable
UNKNOWN_SKU_5436,0.0,1182.155333333333,0.5537548794262538,1.0,0.3066444664883849,0,0,0,0.7998924269028653,0.6923939358260749,0.7733565759989189,Seasonal
UNKNOWN_SKU_5438,0.6166666666666667,0.12633333333333333,2.809783581121326,2.608695652173913,2.4097054462166096,0,14,23,0.15458314889310132,0.060431036469052346,-0.10641859561163382,Potential discontinued
UNKNOWN_SKU_5471,0.0,756.5935000000001,0.44639936449318296,1.0,0.19927239261991764,0,0,0,0.05615517346233312,0.10718699233919271,-0.2758626828053883,Stable
UNKNOWN_SKU_54798,0.9666666666666667,0.04683333333333333,5.391123158791771,30.0,0.0021402971086992273,8,48,2,0.20696333635036956,0.086401458234033,,Potential discontinued
UNKNOWN_SKU_54965,0.8833333333333333,14.128833333333334,3.071889603735355,8.571428571428571,0.21759233604602518,0,53,0,0.06922227253331403,0.2947485801339964,,Potential discontinued
UNKNOWN_SKU_54966,0.9833333333333333,91.79966666666665,7.681145747868607,60.0,0.0,0,59,0,0.18100046365462874,0.04331604222080532,,Potential discontinued
UNKNOWN_SKU_550085,0.43333333333333335,43.992,1.0432458015930766,1.7647058823529411,0.18340502144022922,0,25,1,0.03546852877203632,0.8155634139558319,0.74033154936018,Potential discontinued
UNKNOWN_SKU_55166,0.0,460.63666666666666,0.7119770040858835,1.0,0.5069112543471103,0,0,0,0.35213275931460264,0.21226040614650588,0.48476374932353,Stable
UNKNOWN_SKU_55278,0.6166666666666667,23.060000000000002,3.898671466903251,2.608695652173913,5.209861695957459,0,28,9,0.11908934699797524,0.5967233572694427,0.4165555204304854,Potential discontinued
UNKNOWN_SKU_55279,0.6,10.504833333333332,3.8581313118141214,2.5,5.354070887680224,0,36,0,0.04626701203797445,0.558503139598058,0.12025749915546156,Potential discontinued
UNKNOWN_SKU_552960,0.75,379.7651666666667,2.122204138384595,4.0,0.3759376012441753,45,0,0,0.03335084429394297,0.5752568667612286,0.5933200373014613,Intermittent
UNKNOWN_SKU_553375,0.7833333333333333,1.1831666666666665,2.850653158976313,4.615384615384615,0.9773484104360203,47,0,0,0.06833118424083373,0.43944315251980326,0.2538596439848822,Lumpy / volatile
UNKNOWN_SKU_554423,0.25,802.0635000000001,0.9828671093419293,1.3333333333333333,0.4745208159696203,13,0,2,0.0366068510983274,0.11108215991551529,-0.12233153411396926,Intermittent
UNKNOWN_SKU_554599,0.8166666666666667,0.041,2.247655045254688,5.454545454545454,0.1095247537841232,0,14,35,0.1353929941043095,0.05797935419138578,-0.04936250556955419,Potential discontinued
UNKNOWN_SKU_554601,0.9333333333333333,0.0175,3.755268408027118,15.0,0.006802721088435371,20,26,10,0.1446832242596352,0.002475027105650729,-0.09023941068139969,Potential discontinued
UNKNOWN_SKU_554602,0.5,0.2778333333333334,4.581951441102947,2.0,9.997139504312694,0,5,25,0.1443824447322214,0.003940603302584611,0.09498605118050207,Lumpy / volatile
UNKNOWN_SKU_55954,0.0,3434.6641666666674,0.24024872559861382,1.0,0.05771945015175803,0,0,0,0.45599803615053525,0.10745396777433802,0.2412035443999793,Stable
UNKNOWN_SKU_55955,0.0,2230.4463333333333,0.23513160794025087,1.0,0.055286873052567846,0,0,0,0.28952115152345426,0.050435847667344214,-0.06476467481133953,Stable
UNKNOWN_SKU_55966,0.0,11690.217166666669,0.5026353893122146,1.0,0.25264233458904156,0,0,0,0.7502383412653575,0.39386664147926786,0.6804669683280087,Seasonal
UNKNOWN_SKU_56114,0.0,3926.8285,0.29929392547399863,1.0,0.08957685382563545,0,0,0,0.4765980067233788,0.4603755068548867,0.2719508547920687,Stable
UNKNOWN_SKU_56173,0.13333333333333333,386.29633333333334,1.1129796709942503,1.1538461538461537,0.9402272483069405,0,0,8,0.04636747568856037,0.8086058640951206,0.48985340432263824,Lumpy / volatile
UNKNOWN_SKU_56174,0.2833333333333333,305.604,1.4696732735716918,1.3953488372093024,1.2646233305865016,0,8,9,0.11228767491687841,0.918288183566644,0.8265009110482221,Potential discontinued
UNKNOWN_SKU_562647,0.8666666666666667,189.59516666666667,3.1559755447053655,7.5,0.46135755183711025,52,0,0,0.07544615325825421,0.33369646987649937,,Launch / lifecycle
UNKNOWN_SKU_56316,0.9333333333333333,10244.367666666667,3.749095081726194,15.0,0.003714262121568779,0,56,0,0.12408589247219803,0.17236974002501437,,Potential discontinued
UNKNOWN_SKU_5683,0.0,8119.448500000001,0.39427723130102355,1.0,0.1554545351224008,0,0,0,0.268361358278841,0.05824676859063416,0.28702876535647637,Stable
UNKNOWN_SKU_57085,0.6,25.66916666666667,2.0736158233010276,2.5,1.1199530330577603,0,36,0,0.02377723100880713,0.6376667225108194,0.3692485194150359,Potential discontinued
UNKNOWN_SKU_57086,0.6333333333333333,28.426333333333332,2.1321343740917413,2.727272727272727,1.033532229367314,0,35,3,0.006163603762252112,0.6143201541380805,0.5823226219205121,Potential discontinued
UNKNOWN_SKU_579167,0.26666666666666666,1971.9013333333337,0.8048258491824815,1.3636363636363635,0.20834607484235512,16,0,0,0.04780160043361725,0.5772195030198268,0.1533994449053696,Intermittent
UNKNOWN_SKU_5835,0.0,12816.634666666669,0.6953485529795458,1.0,0.4835096101307482,0,0,0,0.2524532637472289,0.7540291705472932,0.4875618576624283,Stable
UNKNOWN_SKU_586535,0.3333333333333333,214.28533333333334,3.335764406540048,1.5,7.084882783959655,19,0,1,0.10685293171476884,0.7369160454676771,-0.0061293394641563905,Lumpy / volatile
UNKNOWN_SKU_586545,0.2,3550.9805,1.0209193297781038,1.25,0.6338210223316583,8,0,4,0.06650274472516826,0.7119255235751694,0.23803530835507858,Lumpy / volatile
UNKNOWN_SKU_586966,0.7333333333333333,2.677833333333333,2.0390941975788075,3.75,0.37544137242654946,40,4,0,0.03509446460508703,0.385711094780705,-0.058427163035186185,Intermittent
UNKNOWN_SKU_587159,0.2,6020.915999999999,0.8103486489179218,1.25,0.3253319462424809,12,0,0,0.021102690683484693,0.4735231044902165,-0.06828778186513094,Stable
UNKNOWN_SKU_589,0.0,1594.2546666666667,0.32140943514904524,1.0,0.10330402500282831,0,0,0,0.2958497524049314,0.6734356338999961,0.48273289709932643,Stable
UNKNOWN_SKU_590,0.0,448.11466666666666,0.23843570036809406,1.0,0.056851583210023524,0,0,0,0.14496477007045594,0.40509918994845706,0.015964893402642698,Stable
UNKNOWN_SKU_591,0.0,2222.3925000000004,0.20440616241930273,1.0,0.04178187923498637,0,0,0,0.2629788664805107,0.26923413183905776,0.10979077515213401,Stable
UNKNOWN_SKU_59487,0.0,2704.2146666666667,0.2389255426261791,1.0,0.057085414919214116,0,0,0,0.570812946008682,0.8043017521384693,0.7750465629684907,Seasonal
UNKNOWN_SKU_6017,0.6333333333333333,1092.4726666666668,1.3924291851673034,2.727272727272727,0.0775816464254162,0,38,0,0.05471716782889846,0.7248567600746036,0.6369708187424654,Potential discontinued
UNKNOWN_SKU_602896,0.8166666666666667,42.59583333333333,2.4140933937792783,5.454545454545454,0.25177193421293814,49,0,0,0.022788196173030517,0.45011280434218626,,Launch / lifecycle
UNKNOWN_SKU_602897,0.21666666666666667,1012.5989999999999,0.864318883245087,1.2765957446808511,0.36852025334832694,13,0,0,0.03729617778343042,0.7179780756506697,0.8036489812600205,Stable
UNKNOWN_SKU_603731,0.15,2442.382,0.7883913280748354,1.1764705882352942,0.37832675325606224,9,0,0,0.01297801527582143,0.41321789551954746,-0.20236576647585927,Stable
UNKNOWN_SKU_607542,0.9666666666666667,0.04383333333333333,5.722870516260714,30.0,0.12504156486287213,54,4,0,0.18435167107041983,0.08146233785679702,,Launch / lifecycle
UNKNOWN_SKU_6094,0.4,41.903999999999996,1.1914246796857668,1.6666666666666667,0.4516956604185994,0,24,0,0.14799546150383536,0.7896303495085747,0.526733263652692,Potential discontinued
UNKNOWN_SKU_6108,0.16666666666666666,788.032,0.7898248234593943,1.2,0.3531860431272195,0,3,7,0.07709405288584659,0.7563576016123269,0.5058001089416572,Stable
UNKNOWN_SKU_61500,0.0,2264.9763333333335,0.3913263337529328,1.0,0.15313629948851173,0,0,0,0.36385506598187967,0.6944117536334263,0.44238678151998095,Stable
UNKNOWN_SKU_61586,0.25,6.428333333333333,1.315685567904501,1.3333333333333333,1.0482713851941414,0,15,0,0.2116402827703523,0.4684689380509506,0.04117273182181636,Potential discontinued
UNKNOWN_SKU_61623,0.8333333333333334,1054.4311666666665,3.5438095445121878,6.0,1.2597643479626133,0,50,0,0.022851875454080628,0.4044443345699905,,Potential discontinued
UNKNOWN_SKU_61624,0.8333333333333334,689.2544999999999,3.2120599028873995,6.0,0.8862214699561681,0,50,0,0.024831609537215638,0.4008107033700784,,Potential discontinued
UNKNOWN_SKU_61925,0.9666666666666667,0.33666666666666667,6.658106290423063,30.0,0.5110126458190374,2,50,6,0.19475814769014022,0.07639444276922736,,Potential discontinued
UNKNOWN_SKU_61926,0.8333333333333334,0.9715,3.716917624910658,6.0,1.4692461050619148,0,50,0,0.07889338621263364,0.297148079462603,,Potential discontinued
UNKNOWN_SKU_6215,0.0,3589.101333333334,1.0316456894512884,1.0,1.0642928285634243,0,0,0,0.07395292147101129,0.036654062134039433,-0.34615798215799715,Lumpy / volatile
UNKNOWN_SKU_62432,0.06666666666666667,3614.563333333333,0.9425515111320607,1.0714285714285714,0.7625097943948427,0,4,0,0.11417921994140678,0.4359852452912284,0.6008777706783185,Stable
UNKNOWN_SKU_6269,0.0,2420.5906666666665,0.4599498245734605,1.0,0.21155384112515707,0,0,0,0.7189165137614828,0.40797353261899916,0.5650017420815506,Seasonal
UNKNOWN_SKU_6288,0.5833333333333334,5.025666666666666,1.5628819291432747,2.4,0.4344166351844178,0,33,2,0.12050238847174177,0.6648494616196661,0.09415442703740237,Potential discontinued
UNKNOWN_SKU_630188,0.9166666666666666,0.38166666666666665,3.7816135015419463,12.0,0.2750500562536946,30,22,3,0.1350475215221243,0.0059143107791229665,-0.08896416807433435,Potential discontinued
UNKNOWN_SKU_63391,0.016666666666666666,261.0968333333333,0.3450743173519152,1.0169491525423728,0.10042501308762546,0,1,0,0.09635649277944847,0.23717701984567952,0.2870849949665428,Stable
UNKNOWN_SKU_63517,0.45,485.1725,1.168351538378482,1.8181818181818181,0.30077492447725085,0,25,2,0.052095448136493805,0.837016924957692,0.8079243024532717,Potential discontinued
UNKNOWN_SKU_64210,0.8166666666666667,48.86216666666667,3.062368364768728,5.454545454545454,0.9026516669483208,0,49,0,0.026444083459011614,0.42836173513153986,,Potential discontinued
UNKNOWN_SKU_64211,0.8333333333333334,28.086333333333332,3.1698974546502843,6.0,0.8413749788330587,0,50,0,0.02861353679070988,0.41324497645796354,,Potential discontinued
UNKNOWN_SKU_64404,0.9833333333333333,0.04833333333333333,7.681145747868607,60.0,0.0,1,58,0,0.1834235640980869,0.04331604222080543,,Potential discontinued
UNKNOWN_SKU_64420,0.0,821.3188333333334,0.279830564693024,1.0,0.07830514493641666,0,0,0,0.3279361089731109,0.43365404262788265,0.23344646431189026,Stable
UNKNOWN_SKU_64586,0.8833333333333333,12.201666666666666,2.8223451946041136,8.571428571428571,0.045990446375575096,0,53,0,0.07312696149617703,0.29946421733601314,,Potential discontinued
UNKNOWN_SKU_647290,0.7,0.25366666666666665,3.1357896113154258,3.3333333333333335,2.249952945930125,35,0,7,0.1472217151532138,0.2984157472421979,0.5525173359852661,Lumpy / volatile
UNKNOWN_SKU_647296,0.7166666666666667,0.5741666666666667,3.2055912838330785,3.5294117647058822,2.19481438571287,36,0,7,0.08571925723085227,0.3290531266778839,0.7426129547111555,Lumpy / volatile
UNKNOWN_SKU_647301,0.7166666666666667,0.22383333333333336,3.624009983348442,3.5294117647058822,3.004477035165933,35,0,8,0.13718211220759824,0.2383234835682061,0.4629193820644973,Lumpy / volatile
UNKNOWN_SKU_647302,0.7166666666666667,0.3126666666666667,3.562330645279489,3.5294117647058822,2.8788898941175938,35,0,8,0.10549430252775283,0.2738691728943997,0.6345895466343149,Lumpy / volatile
UNKNOWN_SKU_647417,0.6666666666666666,0.502,2.8579486264214524,3.0,2.0559567837547554,35,0,5,0.07580668407036684,0.3693393388295346,0.3071944080362333,Lumpy / volatile
UNKNOWN_SKU_647418,0.6,0.45616666666666666,3.6059439634807453,2.5,4.601132747105291,33,0,3,0.09979492895286746,0.31771811022307317,0.5372726294553238,Lumpy / volatile
UNKNOWN_SKU_647419,0.65,0.258,2.712594990823313,2.857142857142857,1.925360054483905,35,0,4,0.08516010311820221,0.39135390846404716,0.5428869122230944,Lumpy / volatile
UNKNOWN_SKU_647421,0.7166666666666667,0.47816666666666663,3.4701301089258094,3.5294117647058822,2.695177508980811,35,0,8,0.09021824865851158,0.29785131680144206,0.25059310651363953,Lumpy / volatile
UNKNOWN_SKU_65897,0.0,476.2335,0.24651692063942815,1.0,0.060770592161546115,0,0,0,0.3916774306970884,0.16920197835212303,0.26566399846250227,Stable
UNKNOWN_SKU_66229,0.0,4709.962333333333,0.4412849480585084,1.0,0.19473240538300043,0,0,0,0.15575507756947626,0.3185899761927323,0.10999960987631423,Stable
UNKNOWN_SKU_66230,0.0,4616.842500000001,0.2631260199000558,1.0,0.06923530234844454,0,0,0,0.12384118542742806,0.12432179562401258,-0.12334543953492157,Stable
UNKNOWN_SKU_66274,0.0,2993.5301666666664,0.38399976193322344,1.0,0.14745581716477227,0,0,0,0.4974910539487042,0.21669226792118068,0.3385182440119683,Stable
UNKNOWN_SKU_66276,0.6666666666666666,1.8046666666666666,1.6196128411825117,3.0,0.20771525177442932,1,27,12,0.18329552277594574,0.4081415414759436,0.25144407926137896,Potential discontinued
UNKNOWN_SKU_66277,0.0,1034.4683333333332,0.462536247491602,1.0,0.21393978024361252,0,0,0,0.404519058260992,0.2690633540765722,0.22806617469299212,Stable
UNKNOWN_SKU_662790,0.95,0.0031666666666666666,4.409445917164525,20.0,0.022160664819944605,48,7,2,0.2088408727367419,0.12685131990647103,,Potential discontinued
UNKNOWN_SKU_66436,0.0,5583.258499999999,0.7372652225142514,1.0,0.5435600083289887,0,0,0,0.800673289363109,0.46651693386974125,0.5776208404932964,Seasonal
UNKNOWN_SKU_66439,0.0,2014.9318333333333,0.672237258073333,1.0,0.451902931141953,0,0,0,0.8512653875790737,0.28951117376076374,0.6327778593140555,Seasonal
UNKNOWN_SKU_66440,0.0,1206.2616666666665,0.5041575135811959,1.0,0.2541747985003737,0,0,0,0.5942307372166363,0.3422987441351172,0.43453074868472924,Seasonal
UNKNOWN_SKU_66470,0.0,622.8238333333335,0.43360981701166224,1.0,0.18801747340888728,0,0,0,0.1647439396820145,0.18313326334332258,0.15353625901851758,Stable
UNKNOWN_SKU_66473,0.0,1155.2403333333336,0.32708989670388783,1.0,0.10698780052576,0,0,0,0.4752996797108022,0.7329677144858738,0.6141869270114865,Stable
UNKNOWN_SKU_66474,0.26666666666666666,230.42333333333335,1.4505332391768881,1.3636363636363635,1.2763008971684633,0,4,12,0.10798294913723772,0.8203677209896103,0.3810586097447303,Lumpy / volatile
UNKNOWN_SKU_66475,0.0,1146.3656666666668,0.38317108777488507,1.0,0.14682008250658865,0,0,0,0.7677578587866872,0.915021686820542,0.8852472172996472,Seasonal
UNKNOWN_SKU_66534,0.0,845.2211666666667,0.32411034161005803,1.0,0.10504751353858853,0,0,0,0.33271524995270985,0.45024031170336165,0.3377068739535141,Stable
UNKNOWN_SKU_66537,0.0,504.26433333333335,0.33798151256406217,1.0,0.1142315028350913,0,0,0,0.3090844982399199,0.6704997990574111,0.4364568929863743,Stable
UNKNOWN_SKU_66538,0.4,62.562,1.8198585513543442,1.6666666666666667,1.5871310881625187,0,2,22,0.07051598319286334,0.8637576134253205,0.8015647266764712,Lumpy / volatile
UNKNOWN_SKU_66541,0.0,861.8775,0.3768576280898552,1.0,0.14202167184951164,0,0,0,0.4198239605934344,0.8182893998396231,0.6942493058233901,Stable
UNKNOWN_SKU_667737,0.7666666666666667,203.09183333333334,5.864042116684323,4.285714285714286,7.2569643207911,33,9,4,0.05954577428869612,0.046386764335420105,-0.03654349987700622,Potential discontinued
UNKNOWN_SKU_66925,0.0,9587.3715,0.511677795046021,1.0,0.26181416594315776,0,0,0,0.07868072969774631,0.5074400414256433,0.8068757440181855,Stable
UNKNOWN_SKU_66926,0.0,5036.947500000001,0.4162067318944864,1.0,0.1732280436742889,0,0,0,0.30291953241687053,0.7656457933932443,0.7977064655878704,Stable
UNKNOWN_SKU_67585,0.0,641.7956666666665,0.3493184157570091,1.0,0.12202335558698667,0,0,0,0.3015829056423376,0.530992729867158,0.28609486239998994,Stable
UNKNOWN_SKU_67683,0.08333333333333333,2137.6896666666667,1.0748729685713487,1.0909090909090908,0.9757392403516018,4,0,1,0.10471545778991842,0.009736370378837567,-0.02764834708220499,Lumpy / volatile
UNKNOWN_SKU_676866,0.7,72.72383333333333,2.203187894626848,3.3333333333333335,0.7562110697090844,38,4,0,0.04590931568561907,0.3512624105613269,-0.1934437466465989,Lumpy / volatile
UNKNOWN_SKU_678068,0.6166666666666667,137.3035,2.531302470766674,2.608695652173913,1.839538676095296,37,0,0,0.10586079148738914,0.6736841383579009,0.59329406218701,Lumpy / volatile
UNKNOWN_SKU_67839,0.0,4133.566166666667,0.7515626759533536,1.0,0.5648464558861656,0,0,0,0.16391947673262963,0.04668925530208767,0.24207310538756016,Stable
UNKNOWN_SKU_68079,0.1,450.98850000000004,1.1816672620311612,1.1111111111111112,1.1567037663405988,0,0,6,0.03306885993822506,0.0952245709119427,0.103321705664177,Lumpy / volatile
UNKNOWN_SKU_68080,0.13333333333333333,796.0041666666665,1.367688573865496,1.1538461538461537,1.4878290970712695,0,0,8,0.02718754544157398,0.07299271175481814,-0.004081291503984954,Lumpy / volatile
UNKNOWN_SKU_68081,0.85,11.780499999999998,3.0926033795472074,6.666666666666667,0.584629349478021,2,0,49,0.13780343626878122,0.017952560189239408,-0.06984975894017754,Lumpy / volatile
UNKNOWN_SKU_68082,0.75,8.615833333333335,2.7360749873032884,4.0,1.1215265840366724,0,0,45,0.10446369255408938,0.08627839454810016,-0.08104591890230392,Lumpy / volatile
UNKNOWN_SKU_684229,0.5166666666666667,100.37316666666666,2.6671771661467796,2.0689655172413794,2.9216864505471376,21,0,10,0.46324110257778484,0.44871136455205707,0.13051886917395752,Lumpy / volatile
UNKNOWN_SKU_6865,0.0,3035.018166666667,0.4421536521939291,1.0,0.19549985214843002,0,0,0,0.46351176556567275,0.4183673640983191,0.3467323912416536,Stable
UNKNOWN_SKU_686645,0.6,51.45516666666666,1.560650116790788,2.5,0.37425151481564006,30,6,0,0.027741808179404637,0.21892829026399618,-0.04322228639242526,Potential discontinued
UNKNOWN_SKU_68713,0.0,406.0013333333334,0.847535567043822,1.0,0.7183165374042929,0,0,0,0.1267753667458278,0.9119893539809586,0.882168511562613,Stable
UNKNOWN_SKU_68715,0.0,1727.1296666666665,0.29988797722988925,1.0,0.08993279888703459,0,0,0,0.15151617566615372,0.6684903253978836,0.4375842346595687,Stable
UNKNOWN_SKU_68753,0.9666666666666667,0.14866666666666667,6.442778977519418,30.0,0.41698003177220533,3,54,1,0.1812296489150994,0.07548744723636491,,Potential discontinued
UNKNOWN_SKU_68871,0.0,1595.4868333333336,0.9781964231722994,1.0,0.9568682423070803,0,0,0,0.28312660534658085,0.07836055341363235,0.029689913750885085,Stable
UNKNOWN_SKU_69084,0.0,589.3075,0.4106079129439423,1.0,0.16859885817218007,0,0,0,0.6098047037336368,0.6492355286049956,0.504273932850185,Seasonal
UNKNOWN_SKU_691225,0.7833333333333333,0.22449999999999998,2.0616186786197512,4.615384615384615,0.13755884147400066,35,6,6,0.09706392960567745,0.24715682309728249,-5.621730493441651e-05,Potential discontinued
UNKNOWN_SKU_691227,0.6333333333333333,0.8979999999999999,2.1278083750602286,2.727272727272727,1.0267751096913649,32,5,1,0.07399160628728119,0.2525701440410464,-0.04582872649634018,Lumpy / volatile
UNKNOWN_SKU_69311,0.0,1347.8504999999998,0.667527495332395,1.0,0.44559295702474067,0,0,0,0.4900823607835304,0.01212109505741854,0.2513153782845063,Stable
UNKNOWN_SKU_69312,0.0,4725.232666666667,0.23661317658199713,1.0,0.055985795332223365,0,0,0,0.145698332053653,0.0883966661442247,-0.11780211405746256,Stable
UNKNOWN_SKU_69628,0.0,3373.2653333333333,0.39594072225306454,1.0,0.15676905553827836,0,0,0,0.2592931730604411,0.7525341523207704,0.48575738718873107,Stable
UNKNOWN_SKU_6979,0.0,1536.5298333333333,0.6622247412736411,1.0,0.4385416079549409,0,0,0,0.7436712520924964,0.20798212950375294,0.4922681930912797,Seasonal
UNKNOWN_SKU_70314,0.0,352.1598333333334,0.22354921742330236,1.0,0.04997425261057091,0,0,0,0.25239567514025596,0.2953942598067778,0.2572806858866615,Stable
UNKNOWN_SKU_706582,0.7833333333333333,649.1456666666667,2.4212365463585943,4.615384615384615,0.4868503895748736,47,0,0,0.02930083639948633,0.5301334499356372,0.4240092408618727,Intermittent
UNKNOWN_SKU_707813,0.43333333333333335,140.19050000000001,1.4026220368289366,1.7647058823529411,0.6814975276456211,26,0,0,0.11056117420500033,0.8471417014366075,0.8745553066077403,Lumpy / volatile
UNKNOWN_SKU_70951,0.0,358.37016666666665,0.2893607540216573,1.0,0.08372964596798205,0,0,0,0.1921898033682976,0.47729239216846164,0.09605872454141937,Stable
UNKNOWN_SKU_71586,0.05,124.8835,0.52478700618645,1.0526315789473684,0.21163133176903026,0,3,0,0.027215066821360434,0.3728776772687229,0.30781867959027953,Stable
UNKNOWN_SKU_716892,0.6166666666666667,3064.2001666666674,1.6132133165922131,2.608695652173913,0.38094192851833847,37,0,0,0.030432209598909576,0.7596116962530015,0.6560003605296474,Intermittent
UNKNOWN_SKU_718932,0.5666666666666667,760.4085,1.2976051314909398,2.3076923076923075,0.1629709334843684,34,0,0,0.06879576788479358,0.7880701118117609,0.770080815915308,Intermittent
UNKNOWN_SKU_718960,0.45,836.9570000000001,1.1056999586054885,1.8181818181818181,0.2224148191530988,27,0,0,0.05621593112707035,0.7109021024776185,0.36032536894360856,Intermittent
UNKNOWN_SKU_7201,0.0,33071.1365,0.4846749370107555,1.0,0.23490979456637978,0,0,0,0.13367269643196966,0.35808514103658284,0.13749434383603001,Stable
UNKNOWN_SKU_72132,0.23333333333333334,625.8394999999999,1.0599962343609903,1.3043478260869565,0.6280872129256008,0,14,0,0.08128865939799779,0.748084438172469,0.43626228411982815,Potential discontinued
UNKNOWN_SKU_723526,0.5166666666666667,126.37800000000001,1.140082549175676,2.0689655172413794,0.11156430581853871,31,0,0,0.04598058889178813,0.7896108614699076,0.7302952857735915,Intermittent
UNKNOWN_SKU_726217,0.8166666666666667,1.0033333333333334,2.573331513209196,5.454545454545454,0.39737309742718074,48,0,1,0.05378196547457614,0.44572071238993893,,Launch / lifecycle
UNKNOWN_SKU_72874,0.5166666666666667,1.4695,2.2555069691504372,2.0689655172413794,1.9422006491449924,0,8,23,0.09946521539617581,0.4071847504242734,-0.02900640334429502,Potential discontinued
UNKNOWN_SKU_730565,0.5666666666666667,359.1956666666666,1.4534179099095075,2.3076923076923075,0.3487169023664788,34,0,0,0.0563266156779314,0.8004591957455773,0.832541310546767,Intermittent
UNKNOWN_SKU_732028,0.5666666666666667,6581.797333333333,1.3505079012843326,2.3076923076923075,0.2236776896202789,34,0,0,0.09082189517717254,0.7729026348693379,0.6211774823564562,Intermittent
UNKNOWN_SKU_73438,0.3333333333333333,88.46449999999999,0.971161055488302,1.5,0.295435863798102,0,20,0,0.15379262468664046,0.7074677518503931,0.43591184477205386,Potential discontinued
UNKNOWN_SKU_739610,0.48333333333333334,1804.0498333333333,1.1016639394111147,1.935483870967742,0.14372610828938848,29,0,0,0.024568657994612164,0.7921014972935585,0.7223019648414007,Intermittent
UNKNOWN_SKU_741016,0.7333333333333333,131.358,1.892783812765823,3.75,0.2220348164982201,44,0,0,0.025262528152373287,0.5954113544242388,0.5225985910420015,Intermittent
UNKNOWN_SKU_741377,0.9,0.19583333333333333,3.543075419944788,10.0,0.3553383431416931,53,0,1,0.12955659477889114,0.21606392242671646,,Launch / lifecycle
UNKNOWN_SKU_741379,0.8666666666666667,0.8115,3.272233669158258,7.5,0.5610017580763889,52,0,0,0.06809504956678314,0.2952442566454828,,Launch / lifecycle
UNKNOWN_SKU_741380,0.8666666666666667,0.5778333333333333,4.104429161497541,7.5,1.3795118322335214,52,0,0,0.08906011932711244,0.2826047348236185,,Launch / lifecycle
UNKNOWN_SKU_74268,0.0,137.4021666666667,0.36376616008335877,1.0,0.1323258192217918,0,0,0,0.2947735528684391,0.19050722943184473,0.04189629586157459,Stable
UNKNOWN_SKU_74278,0.7833333333333333,207.32266666666666,2.2411055478861637,4.615384615384615,0.3048867166326642,0,47,0,0.0346012103359985,0.5326732350719052,0.5456596552774585,Potential discontinued
UNKNOWN_SKU_74506,0.8333333333333334,0.4711666666666667,2.543766803866803,6.0,0.24512492540912212,1,49,0,0.11043914178453296,0.39048448509905187,,Potential discontinued
UNKNOWN_SKU_748035,0.8166666666666667,1089.2168333333332,2.6674726048047845,5.454545454545454,0.4878251845204039,49,0,0,0.022995983090473904,0.4464654732721991,,Launch / lifecycle
UNKNOWN_SKU_75047,0.6833333333333333,5.1530000000000005,4.306535421741322,3.1578947368421053,5.189644990592356,0,41,0,0.11088417492602476,0.5404434215990485,-0.0008192120758983964,Potential discontinued
UNKNOWN_SKU_7508,0.0,7140.140833333334,0.6977127205078429,1.0,0.48680304035845534,0,0,0,0.638559598525654,0.2229513676166971,0.47760172429484304,Seasonal
UNKNOWN_SKU_75626,0.7333333333333333,46.301500000000004,3.692477370570674,3.75,2.902503768580407,0,44,0,0.04964537750045461,0.5845472559438242,0.5824639423757785,Potential discontinued
UNKNOWN_SKU_75677,0.9833333333333333,1.3563333333333332,7.6811457478686105,60.0,0.0,0,59,0,0.18100046365462785,0.043316042220802764,,Potential discontinued
UNKNOWN_SKU_756860,0.7,49.26533333333334,1.6158525054393178,3.3333333333333335,0.08329379580035624,42,0,0,0.03574943540758746,0.6164278643625591,0.4004716763994448,Intermittent
UNKNOWN_SKU_75766,0.0,5727.051666666666,0.40262049099688757,1.0,0.1621032597705748,0,0,0,0.43077303189527616,0.8191138981975414,0.8099020724738175,Stable
UNKNOWN_SKU_75767,0.8666666666666667,161.085,2.649122221590835,7.5,0.06904647265684861,0,52,0,0.0563381020883722,0.3419845932843143,,Potential discontinued
UNKNOWN_SKU_758543,0.7666666666666667,562.9473333333334,2.3058641694747384,4.285714285714286,0.47396889921573293,46,0,0,0.02255508376833837,0.5510718982180698,0.49673354562250377,Intermittent
UNKNOWN_SKU_762617,0.8,63.65583333333333,2.1299720948446113,5.0,0.10735622496334829,48,0,0,0.024374877292000163,0.5065811544582195,,Launch / lifecycle
UNKNOWN_SKU_76356,0.0,2739.4828333333335,0.3338500788822307,1.0,0.11145587516967169,0,0,0,0.6350299364912391,0.7896612410729045,0.7688163687144147,Seasonal
UNKNOWN_SKU_76377,0.0,6397.964833333334,0.36032707144829723,1.0,0.1298355984185063,0,0,0,0.47995571416136307,0.8559993200425521,0.8282121083182881,Stable
UNKNOWN_SKU_76563,0.06666666666666667,25348.220333333327,0.42069707647179755,1.0714285714285714,0.09852029480845624,4,0,0,0.1128516015423916,0.14516040175020317,0.0514518896023326,Stable
UNKNOWN_SKU_76567,0.9666666666666667,1.0346666666666666,6.159156393603704,30.0,0.2978402493623126,58,0,0,0.16367639362533093,0.08383247871722599,,Launch / lifecycle
UNKNOWN_SKU_76573,0.3333333333333333,12.959333333333332,1.3872774460774262,1.5,0.9496924749300709,0,19,1,0.14068652131699222,0.5886452007886828,0.16153355475973263,Potential discontinued
UNKNOWN_SKU_77021,0.21666666666666667,43.14416666666666,0.8442392227909182,1.2765957446808511,0.34164622781724724,0,13,0,0.04698047769204261,0.6413355210102292,0.17940877564757657,Potential discontinued
UNKNOWN_SKU_77496,0.03333333333333333,151.14466666666667,1.2375566278749806,1.0344827586206897,1.4471615269573832,0,0,2,0.10975680515693875,0.06651153206150051,-0.054478642236112075,Lumpy / volatile
UNKNOWN_SKU_77881,0.8833333333333333,0.6418333333333333,3.1835113579462493,8.571428571428571,0.2990535327201568,0,51,2,0.10064884862810053,0.26856150432833636,,Potential discontinued
UNKNOWN_SKU_77882,0.9833333333333333,0.09633333333333334,7.681145747868607,60.0,0.0,8,51,0,0.19999194838917367,0.04331604222080454,,Potential discontinued
UNKNOWN_SKU_7849,0.7666666666666667,21.190333333333335,2.884530001221513,4.285714285714286,1.1747864431876287,0,22,24,0.036323408834334714,0.3626497122206912,-0.08184752491939307,Potential discontinued
UNKNOWN_SKU_78790,0.0,85686.90133333333,0.3403240220981432,1.0,0.11582044001705748,0,0,0,0.12800122072335274,0.3095594532150756,0.00705916816973446,Stable
UNKNOWN_SKU_791549,0.5666666666666667,47.457499999999996,1.8319543696211644,2.3076923076923075,0.8876246186954334,31,0,3,0.1945199881570936,0.5144970486573804,0.6721406918021448,Lumpy / volatile
UNKNOWN_SKU_793670,0.5333333333333333,507.74966666666677,2.3406574920377103,2.142857142857143,2.023382831015057,32,0,0,0.13024692573001884,0.6711042815065688,0.0008282866663872667,Lumpy / volatile
UNKNOWN_SKU_79522,0.06666666666666667,6422.970666666666,0.7439931509987214,1.0714285714285714,0.44995742148413936,0,4,0,0.10081979541584773,0.23688668709779248,0.3575768214077216,Stable
UNKNOWN_SKU_79549,0.6,12.448,1.7456215754406514,2.5,0.6188778738575609,0,36,0,0.06368404625597002,0.7395524727354592,0.24615541881438574,Potential discontinued
UNKNOWN_SKU_79550,0.48333333333333334,516.793,1.1959481319162149,1.935483870967742,0.25565083268750644,0,29,0,0.03789980530178649,0.8121885689010921,0.6127756481742702,Potential discontinued
UNKNOWN_SKU_79632,0.2,2254.4975,1.161955807819524,1.25,0.8801130394604173,0,12,0,0.03914908050558319,0.7350868923017515,0.2402183637194488,Potential discontinued
UNKNOWN_SKU_80069,0.8333333333333334,5.998166666666667,4.425391976421396,6.0,2.4306823574958107,0,49,1,0.07284457022610058,0.2930139433571466,,Potential discontinued
UNKNOWN_SKU_80070,0.7333333333333333,6.348166666666668,3.9340212440720204,3.75,3.3937395063493234,0,42,2,0.09860391230957455,0.3948111520105202,0.44022198731516515,Potential discontinued
UNKNOWN_SKU_803420,0.8833333333333333,11.0905,3.4249630189111473,8.571428571428571,0.4852100294393785,53,0,0,0.07256496131349888,0.2806354107083663,,Launch / lifecycle
UNKNOWN_SKU_810214,0.9833333333333333,0.254,7.681145747868609,60.0,0.0,59,0,0,0.18100046365462863,0.04331604222080465,,Launch / lifecycle
UNKNOWN_SKU_814645,0.5833333333333334,1.7425000000000002,3.4162471825974006,2.4,4.279477005251948,33,0,2,0.08942993555420087,0.3298997879401858,0.5685188211736193,Lumpy / volatile
UNKNOWN_SKU_814656,0.6,0.8506666666666667,2.902062485025819,2.5,2.768786666797693,33,0,3,0.07562415236823472,0.35706791052516595,0.6645641897763185,Lumpy / volatile
UNKNOWN_SKU_814661,0.6333333333333333,0.4473333333333334,3.642079594209664,2.727272727272727,4.230406049204758,33,0,5,0.15207019780075537,0.23504367390623826,0.5001397555751251,Lumpy / volatile
UNKNOWN_SKU_814666,0.5833333333333334,1.4845,2.799101587840808,2.4,2.681237374605389,33,0,2,0.06702388097418899,0.36165484705888995,0.6427329195086939,Lumpy / volatile
UNKNOWN_SKU_814670,0.85,0.04633333333333333,3.607603435308827,6.666666666666667,1.102220381967807,34,2,15,0.17623678499055195,0.12785378538285574,0.27303392998245746,Lumpy / volatile
UNKNOWN_SKU_814672,0.6166666666666667,2.4808333333333334,3.3152705086627954,2.608695652173913,3.5965571091502206,33,0,4,0.08387886537068556,0.32039543570925844,0.622897984226698,Lumpy / volatile
UNKNOWN_SKU_814673,0.6,0.5623333333333332,2.738505234831802,2.5,2.399764368480473,33,0,3,0.07560885029573527,0.36606345930173834,0.5848408668968026,Lumpy / volatile
UNKNOWN_SKU_814674,0.75,0.4646666666666667,3.627372686255848,4.0,2.5394581512487417,34,0,11,0.1291918120851665,0.23101890843184403,0.4271363665218579,Lumpy / volatile
UNKNOWN_SKU_814675,0.7666666666666667,0.29283333333333333,3.7897987307741814,4.285714285714286,2.584600697948105,33,0,13,0.13603000308730473,0.19681774407182728,-0.028295018299058713,Lumpy / volatile
UNKNOWN_SKU_814676,0.6333333333333333,1.5311666666666668,3.6990379053494533,2.727272727272727,4.383723189244426,33,0,5,0.08316278601797833,0.3269125264032334,0.5037143165094308,Lumpy / volatile
UNKNOWN_SKU_814677,0.6833333333333333,0.24416666666666664,2.8921200442108876,3.1578947368421053,1.965380144206688,33,0,8,0.10420140936873334,0.3409847730086232,0.4589060362751097,Lumpy / volatile
UNKNOWN_SKU_814680,0.6833333333333333,2.585166666666667,3.756868809160343,3.1578947368421053,3.786120028926586,33,0,8,0.12935787915246766,0.2572091249098932,0.6354428547554156,Lumpy / volatile
UNKNOWN_SKU_814684,0.75,0.4968333333333333,3.4707210839050915,4.0,2.2614762105658324,44,1,0,0.12617450127144125,0.2797821579424058,0.4708002923307476,Lumpy / volatile
UNKNOWN_SKU_814692,0.7833333333333333,0.12216666666666667,3.838284389552943,4.615384615384615,2.408692528601925,33,0,14,0.16426312171180546,0.17546687507015646,-0.09381797295498574,Lumpy / volatile
UNKNOWN_SKU_814699,0.9333333333333333,0.14133333333333334,4.108233317336789,15.0,0.1918387326450694,56,0,0,0.12959151662195312,0.16088769255620772,,Launch / lifecycle
UNKNOWN_SKU_814703,0.8666666666666667,0.04283333333333334,3.8366843971676303,7.5,1.096019621795939,33,3,16,0.1375922854245225,0.10157770064240368,-0.11071488265476405,Lumpy / volatile
UNKNOWN_SKU_814707,0.8666666666666667,0.017333333333333333,2.558198330510137,7.5,0.00591715976331362,33,17,2,0.07791087549140774,0.03465839927920222,-0.19858989424206824,Potential discontinued
UNKNOWN_SKU_814709,0.6,0.6776666666666668,2.8971123729646795,2.5,2.757304040634015,33,0,3,0.08425425890157157,0.35254178702658556,0.6181939541988593,Lumpy / volatile
UNKNOWN_SKU_814714,0.9,0.10116666666666665,4.467324092646908,10.0,1.0956984548743518,36,0,18,0.1399033205048078,0.13338598244337252,-0.06485511708233156,Lumpy / volatile
UNKNOWN_SKU_814715,0.9166666666666666,0.19399999999999998,7.334100611396383,12.0,3.5657526481737345,35,0,20,0.19511791629810316,0.050726872548661484,-0.045922572511861444,Lumpy / volatile
UNKNOWN_SKU_814716,0.6,0.8991666666666667,3.0307939093905114,2.5,3.074284688479447,33,0,3,0.08994307762498,0.32962176851941716,0.5528516418559447,Lumpy / volatile
UNKNOWN_SKU_814718,0.7,1.4525,2.7474203312851975,3.3333333333333335,1.5644955430277792,41,0,1,0.07495802166521981,0.33782037660222863,0.9002409044138143,Lumpy / volatile
UNKNOWN_SKU_814724,0.6333333333333333,0.22483333333333333,2.788398872811005,2.727272727272727,2.2175617004276846,33,0,5,0.11190932799967224,0.3353952018244257,0.3106251394616656,Lumpy / volatile
UNKNOWN_SKU_814726,0.75,0.25833333333333336,3.220249407032995,4.0,1.8425015608740893,33,0,12,0.15282160151933621,0.27768057951890324,0.5013547221367644,Lumpy / volatile
UNKNOWN_SKU_814745,0.6,2.2760000000000002,2.8623075961041473,2.5,2.6771219098862025,33,0,3,0.07148779417323847,0.33902852953278884,0.6130415205418517,Lumpy / volatile
UNKNOWN_SKU_814747,0.9166666666666666,0.4051666666666666,4.5500838965130805,12.0,0.8086052887756374,55,0,0,0.12114961300363258,0.17361195611447888,,Launch / lifecycle
UNKNOWN_SKU_814749,0.6,0.8753333333333333,2.8904294424842525,2.5,2.7418329447919323,33,0,3,0.08041707612922644,0.35476687111610317,0.651882469126204,Lumpy / volatile
UNKNOWN_SKU_814750,0.7,0.16849999999999998,2.9615933103950707,3.3333333333333335,1.93131048085305,34,1,7,0.12394461042506721,0.2904948661357335,0.4082971331648793,Lumpy / volatile
UNKNOWN_SKU_814751,0.6333333333333333,0.4498333333333333,3.3973307823714376,2.727272727272727,3.598680696444459,33,0,5,0.1431515777745055,0.2769426471658215,0.5587170068251989,Lumpy / volatile
UNKNOWN_SKU_814752,0.7166666666666667,0.6273333333333333,3.28629955430445,3.5294117647058822,2.3432666821761274,35,0,8,0.095336917413271,0.3114130559772702,0.3689179683967445,Lumpy / volatile
UNKNOWN_SKU_814758,0.75,0.03666666666666667,1.7923160140485483,4.0,0.053099173553719,33,7,5,0.1446818149904574,0.2666958068908599,0.22062701644846755,Potential discontinued
UNKNOWN_SKU_814759,0.6333333333333333,1.0,3.4493646758014243,2.727272727272727,3.7293094444444446,33,0,5,0.10406821488037865,0.3132284763319457,0.43054453328474007,Lumpy / volatile
UNKNOWN_SKU_814761,0.6166666666666667,1.3041666666666667,3.259586082312098,2.608695652173913,3.4562122140677154,33,0,4,0.10757248559421284,0.29405810352855977,0.5534206091962324,Lumpy / volatile
UNKNOWN_SKU_814907,0.6833333333333333,1.3135000000000001,3.059797621119048,3.1578947368421053,2.2814144693651652,33,0,8,0.08534594689396979,0.3264062180216718,0.73799427493807,Lumpy / volatile
UNKNOWN_SKU_814910,0.9,0.013333333333333334,3.020761493398643,10.0,0.012500000000000008,33,17,4,0.10891670491735128,0.017622971164248935,-0.14084507042253516,Potential discontinued
UNKNOWN_SKU_814928,0.8833333333333333,0.156,3.9280490529347603,8.571428571428571,0.916783092263862,46,0,7,0.13000122900260436,0.18749215862511381,0.17279756610585872,Lumpy / volatile
UNKNOWN_SKU_82158,0.5666666666666667,3.6501666666666663,1.9338542319013208,2.3076923076923075,1.0539099491051467,0,27,7,0.054068884133420814,0.4767045597128704,-0.014298547980999561,Potential discontinued
UNKNOWN_SKU_82601,0.9833333333333333,0.0011666666666666668,7.681145747868606,60.0,0.0,2,57,0,0.18583236881728105,0.04331604222080365,,Potential discontinued
UNKNOWN_SKU_82619,0.0,1359.8796666666667,0.6045923981608783,1.0,0.365531967913922,0,0,0,0.6290010328857454,0.355682036070065,0.5676337232820022,Seasonal
UNKNOWN_SKU_82802,0.5666666666666667,77.1325,1.8724516582063246,2.3076923076923075,0.952632592005167,0,34,0,0.05767633556064,0.7297253902424887,0.32075524081429857,Potential discontinued
UNKNOWN_SKU_82803,0.5166666666666667,157.39166666666668,1.5724502157353166,2.0689655172413794,0.678423179133588,0,0,31,0.08340562037347121,0.7305165858270717,0.35132689772476705,Lumpy / volatile
UNKNOWN_SKU_82850,0.5833333333333334,3.198,1.9546926355916616,2.4,1.0086763748484486,0,23,12,0.04100920874492109,0.07236148026001876,-0.16978878258827215,Potential discontinued
UNKNOWN_SKU_82851,0.65,2.3126666666666664,1.8060093423025154,2.857142857142857,0.4915844105693879,0,27,12,0.05357123504250605,0.09354143941125459,-0.1096250674743178,Potential discontinued
UNKNOWN_SKU_82902,0.0,192.27900000000005,0.791631535623694,1.0,0.626680488193928,0,0,0,0.6100621266295718,0.030547987011308675,0.2889223869151315,Seasonal
UNKNOWN_SKU_82907,0.0,250.57683333333333,0.3303599031957221,1.0,0.10913766563948687,0,0,0,0.2725374400975775,0.17293041667634446,0.19099655197949914,Stable
UNKNOWN_SKU_82936,0.9833333333333333,0.059666666666666666,7.681145747868609,60.0,0.0,0,59,0,0.1810004636546294,0.04331604222080454,,Potential discontinued
UNKNOWN_SKU_82937,0.95,0.14283333333333334,5.448690688990393,20.0,0.5344115112145295,1,49,7,0.1692011301798907,0.11117714925061606,,Potential discontinued
UNKNOWN_SKU_83097,0.0,2797.617833333333,0.43248077604605484,1.0,0.18703962164939786,0,0,0,0.0860043042828117,0.4436135098977373,0.851656845373082,Stable
UNKNOWN_SKU_83098,0.0,688.4628333333334,0.31120262140200583,1.0,0.0968470715674802,0,0,0,0.23351199638321163,0.49018603800379845,0.18284893166574714,Stable
UNKNOWN_SKU_832847,0.8833333333333333,1.6788333333333332,3.9242904869499577,8.571428571428571,0.9133398463626919,53,0,0,0.08995261324059023,0.2438980348381734,,Launch / lifecycle
UNKNOWN_SKU_83308,0.6,13.979166666666666,2.5954859588676444,2.5,2.0946189450716397,0,36,0,0.06378732081456384,0.7326667790308667,0.863216297917546,Potential discontinued
UNKNOWN_SKU_83309,0.75,2.180333333333333,3.8807255668953045,4.0,3.0150077313887187,0,43,2,0.0872362286557462,0.40826613302268655,0.3441364925025402,Potential discontinued
UNKNOWN_SKU_834596,0.95,0.5313333333333333,4.933755422923983,20.0,0.2670971286615901,57,0,0,0.1442071096726696,0.12438333097765752,,Launch / lifecycle
UNKNOWN_SKU_83879,0.9833333333333333,0.003,7.68114574786861,60.0,0.0,45,14,0,0.18425557606732235,0.010843006878183736,-0.02127659574468083,Potential discontinued
UNKNOWN_SKU_83919,0.8833333333333333,0.009000000000000001,3.319105437516228,8.571428571428571,0.401920438957476,48,0,5,0.1742438544296585,0.21740515791237736,,Launch / lifecycle
UNKNOWN_SKU_839506,0.9333333333333333,5.769333333333333,4.9987174693817344,15.0,0.7324784225801424,56,0,0,0.1329960716503794,0.1487379103790406,,Launch / lifecycle
UNKNOWN_SKU_84141,0.0,897.5143333333334,0.42824016536106246,1.0,0.18338963922847012,0,0,0,0.2707068637286151,0.10437569333735008,0.33975634131184473,Stable
UNKNOWN_SKU_84142,0.9833333333333333,0.046,7.681145747868608,60.0,0.0,1,58,0,0.1834235640980878,0.04331604222080687,,Potential discontinued
UNKNOWN_SKU_84170,0.0,51.033500000000004,0.6641458022945751,1.0,0.44108964670550477,0,0,0,0.06278106192245081,0.0008150712964331008,-0.30214416605383615,Stable
UNKNOWN_SKU_84182,0.9833333333333333,1.016,7.681145747868608,60.0,0.0,0,59,0,0.18100046365462963,0.04331604222080698,,Potential discontinued
UNKNOWN_SKU_84186,0.6833333333333333,1.5401666666666667,2.522084904362775,3.1578947368421053,1.3309555505246196,28,2,11,0.08604583876278382,0.4322706543472442,-0.08137895029043216,Lumpy / volatile
UNKNOWN_SKU_84190,0.8,0.8480000000000001,2.2025088398390684,5.0,0.17020903791384834,1,37,10,0.15090159372334067,0.3640030878073838,0.03759925436291446,Potential discontinued
UNKNOWN_SKU_844014,0.9333333333333333,6.957666666666667,4.162154318883489,15.0,0.22156857161336538,56,0,0,0.1238939492930633,0.16969580827440167,,Launch / lifecycle
UNKNOWN_SKU_84455,0.7333333333333333,0.5773333333333334,1.7809224404330501,3.75,0.11244926369013648,7,21,16,0.11674922450290948,0.0015664573398623816,0.0699529675746718,Potential discontinued
UNKNOWN_SKU_84642,0.0,1258.3839999999998,0.5158836508230472,1.0,0.26613594118651573,0,0,0,0.05309391408048192,0.4920988820870048,0.16353166965877963,Stable
UNKNOWN_SKU_84849,0.0,1174.9136666666668,0.33338918090724795,1.0,0.11114834594600573,0,0,0,0.7494349026288084,0.7759447885811355,0.8035378403510735,Seasonal
UNKNOWN_SKU_851710,0.8166666666666667,11.068333333333333,4.039932645871852,5.454545454545454,2.17552689358321,49,0,0,0.028374210638045128,0.4070729874411857,,Launch / lifecycle
UNKNOWN_SKU_851712,0.7333333333333333,381.90683333333334,2.3098334313337907,3.75,0.6894214614685958,44,0,0,0.00883165076332304,0.5920035100523529,0.7384645306941665,Lumpy / volatile
UNKNOWN_SKU_86088,0.3333333333333333,72.21666666666667,0.9696298512730276,1.5,0.2934546989865026,0,18,2,0.046279101640528064,0.8138770796813324,0.5207864294838263,Potential discontinued
UNKNOWN_SKU_86100,0.0,1008.7081666666667,0.2694610182308539,1.0,0.07260924034600856,0,0,0,0.6003950696697439,0.45774055829663995,0.5623555450137039,Seasonal
UNKNOWN_SKU_86101,0.05,705.4175,0.6677217499047433,1.0526315789473684,0.37355971853105985,0,2,1,0.01948735581391481,0.663865253633721,0.8338038642887898,Stable
UNKNOWN_SKU_86275,0.95,0.022500000000000003,4.580599633685008,20.0,0.09909465020576133,4,53,0,0.17956735128402135,0.12143951086098959,,Potential discontinued
UNKNOWN_SKU_86277,0.35,1.5279999999999998,1.9260449337279792,1.5384615384615385,2.0612719063804907,0,11,10,0.10193038190017245,0.11800112030401044,-0.06807188461461725,Potential discontinued
UNKNOWN_SKU_86345,0.9,0.07433333333333333,6.506278320522866,10.0,3.333165758410585,0,53,1,0.166430126875043,0.07848743021434124,,Potential discontinued
UNKNOWN_SKU_865510,0.9333333333333333,6.4094999999999995,3.8823115483158777,15.0,0.07148953054578859,56,0,0,0.12383798574464278,0.17155903323943789,,Launch / lifecycle
UNKNOWN_SKU_87499,0.9833333333333333,0.8086666666666668,7.681145747868605,60.0,0.0,0,59,0,0.18100046365463007,0.04331604222080565,,Potential discontinued
UNKNOWN_SKU_87747,0.0,8823.898333333336,0.3274383218399489,1.0,0.10721585460936199,0,0,0,0.34943961105512655,0.8943513592845245,0.8261192638740082,Stable
UNKNOWN_SKU_87833,0.0,9274.881666666666,0.6693362816010979,1.0,0.4480110578675842,0,0,0,0.6094520191084163,0.07310329180704322,0.31039560826880436,Seasonal
UNKNOWN_SKU_8788,0.0,438.44216666666665,0.45926675212458157,1.0,0.2109259496070618,0,0,0,0.24545993590907367,0.054826730877512886,0.08482432866797301,Stable
UNKNOWN_SKU_88009,0.0,396.22466666666674,0.22080474825916796,1.0,0.048754736853794535,0,0,0,0.14368404530163936,0.196587913121402,-0.2715229379698631,Stable
UNKNOWN_SKU_88076,0.0,557.908,0.21094811921826281,1.0,0.04449910900172242,0,0,0,0.13229189530473862,0.17891425150748885,-0.0989574510656575,Stable
UNKNOWN_SKU_88613,0.0,265.80749999999995,0.6693563527829537,1.0,0.44803792701089795,0,0,0,0.45053841589621535,0.24171099637038873,0.14101082909034682,Stable
UNKNOWN_SKU_88889,0.9666666666666667,0.044333333333333336,5.385322271623716,30.0,5.653230821414448e-05,5,42,11,0.39431633136902944,0.06513462340416598,0.7050115428954118,Potential discontinued
UNKNOWN_SKU_88911,0.0,1716.128333333333,0.6151567335274534,1.0,0.3784178068041663,0,0,0,0.815360375969404,0.8148493204896311,0.8123575775755064,Seasonal
UNKNOWN_SKU_893449,0.9666666666666667,0.625,6.887646913133686,30.0,0.6146560000000001,58,0,0,0.1662452789666352,0.07599222298524111,,Launch / lifecycle
UNKNOWN_SKU_895627,0.85,3.2439999999999998,2.8405962762785766,6.666666666666667,0.36034808072115687,51,0,0,0.06197657729252326,0.3194854738148222,,Launch / lifecycle
UNKNOWN_SKU_8964,0.0,983.4715000000001,0.1682761632157375,1.0,0.028316867106609522,0,0,0,0.15797520564456913,0.23853149404212626,-0.39269810219599754,Stable
UNKNOWN_SKU_8965,0.0,915.8876666666667,0.14570063680377177,1.0,0.021228675565024613,0,0,0,0.2786963951876853,0.36863887604487466,0.19170482427623825,Stable
UNKNOWN_SKU_897744,0.9333333333333333,652.1826666666668,4.526413500368136,15.0,0.43256127842099534,56,0,0,0.13329672623290467,0.1489378356780089,,Launch / lifecycle
UNKNOWN_SKU_903465,0.9166666666666666,6.410833333333333,4.1512210909727925,12.0,0.5193863788447783,55,0,0,0.10817737010324957,0.20204325231464493,,Launch / lifecycle
UNKNOWN_SKU_903466,0.8166666666666667,160.2413333333333,2.15529857532803,5.454545454545454,0.03497385728202297,49,0,0,0.03280537908861125,0.46809149726690813,,Launch / lifecycle
UNKNOWN_SKU_90830,0.2833333333333333,407.0348333333333,0.8803996088991897,1.3953488372093024,0.2721574878007231,0,7,10,0.037757594402828776,0.7905122513433734,0.7005478109084322,Potential discontinued
UNKNOWN_SKU_90831,0.0,2193.583166666667,0.26504284222394214,1.0,0.07024770821414547,0,0,0,0.391888702343288,0.20639106736173174,0.37848075609775567,Stable
UNKNOWN_SKU_90901,0.0,1589.8206666666667,0.6220701837283243,1.0,0.3869713134837912,0,0,0,0.34955376818896733,0.8222375698831081,0.7998455643222478,Stable
UNKNOWN_SKU_91265,0.0,3326.8188333333337,0.7227182811581138,1.0,0.5223217139201383,0,0,0,0.5560190708965574,0.7015483231648104,0.6540796722313642,Seasonal
UNKNOWN_SKU_91356,0.6333333333333333,6.939166666666666,2.1398472265639232,2.727272727272727,1.0456135894455485,34,3,1,0.09489277426833265,0.3626256235833062,-0.006635337207459124,Lumpy / volatile
UNKNOWN_SKU_91371,0.4166666666666667,20.571500000000004,1.3355155229160733,1.7142857142857142,0.6237676653040457,25,0,0,0.022780134851084766,0.5614153192396447,-0.24353646849644922,Lumpy / volatile
UNKNOWN_SKU_91378,0.5166666666666667,29.641666666666666,1.831842909593118,2.0689655172413794,1.1052300819561802,2,9,20,0.019021249270375518,0.03595072616746575,-0.1089051633844562,Potential discontinued
UNKNOWN_SKU_91537,0.0,1452.5596666666668,0.3605828173358797,1.0,0.13001996815788042,0,0,0,0.08608402988990183,0.6173243545384668,0.607009559792239,Stable
UNKNOWN_SKU_91765,0.0,111.40566666666668,0.24717995529262055,1.0,0.061097930298461896,0,0,0,0.24569083932303137,0.023313940025396773,-0.11137607988044132,Stable
UNKNOWN_SKU_91767,0.9833333333333333,0.005333333333333333,7.681145747868608,60.0,0.0,45,14,0,0.18425557606732357,0.010843006878184958,-0.02127659574468085,Potential discontinued
UNKNOWN_SKU_92153,0.0,5466.979833333334,0.7618480167553452,1.0,0.5804124006340526,0,0,0,0.21142667913639412,0.777058300974133,0.33000690741298455,Stable
UNKNOWN_SKU_92158,0.0,653.784,1.0673089951640016,1.0,1.139148491157991,0,0,0,0.13598941381853358,0.10127958510611756,-0.1344355279547961,Lumpy / volatile
UNKNOWN_SKU_92161,0.0,325.474,0.7668954026745809,1.0,0.5881285586434075,0,0,0,0.17791073337076002,0.03937796215261535,0.09352866080407046,Stable
UNKNOWN_SKU_92162,0.4666666666666667,1.9573333333333334,1.6968176026133581,1.875,1.0689013208205569,13,0,15,0.2300181765857101,0.005872974651766505,0.09043405279294103,Lumpy / volatile
UNKNOWN_SKU_92178,0.0,1020.5870000000001,0.2577570668129551,1.0,0.06643870549201822,0,0,0,0.13427940162449625,0.0006220992948118287,-0.5288408186508624,Stable
UNKNOWN_SKU_92572,0.8,2.733,2.795889734005616,5.0,0.763399880943599,0,48,0,0.03194734562641688,0.40762601275875365,,Potential discontinued
UNKNOWN_SKU_93034,0.0,4582.573666666666,0.44691864009892146,1.0,0.19973627086786933,0,0,0,0.5897766024109594,0.8926959517762032,0.8851465660531009,Seasonal
UNKNOWN_SKU_93381,0.0,1092.873,0.5562480631613991,1.0,0.3094119077708078,0,0,0,0.5428719584100208,0.9047725991290255,0.9119743392885938,Seasonal
UNKNOWN_SKU_94634,0.9833333333333333,0.012,7.681145747868611,60.0,0.0,12,47,0,0.18191400030399163,0.010843006878184958,-0.02127659574468086,Potential discontinued
UNKNOWN_SKU_94678,0.0,377.30766666666665,0.3973191443775698,1.0,0.15786250248892417,0,0,0,0.3573277851635286,0.7484958792510108,0.768860377244077,Stable
UNKNOWN_SKU_94679,0.0,1442.271,0.30208739002944396,1.0,0.09125679121480139,0,0,0,0.6580466361391988,0.8083314952667886,0.8208318400721172,Seasonal
UNKNOWN_SKU_94694,0.0,788.7431666666668,0.23839204651313473,1.0,0.05683076784072058,0,0,0,0.46744559333171476,0.2581900981824967,0.16063869190438487,Stable
UNKNOWN_SKU_94704,0.95,0.012833333333333334,4.361993351784477,20.0,0.0013493000505987545,7,50,0,0.1999735765025734,0.12936426298861503,,Potential discontinued
UNKNOWN_SKU_94709,0.05,16.57016666666667,2.0521232247484846,1.0526315789473684,3.950649243074513,0,0,3,0.20182871159101656,0.423034335442121,0.10561640494585992,Lumpy / volatile
UNKNOWN_SKU_95105,0.9666666666666667,0.0105,5.402681230155891,30.0,0.006298815822625357,4,54,0,0.18256294586634125,0.08606916692403466,,Potential discontinued
UNKNOWN_SKU_95108,0.0,11997.992666666665,0.60461742687404,1.0,0.365562232879785,0,0,0,0.5264278267346285,0.10777033293164728,0.44780449912154646,Seasonal
UNKNOWN_SKU_95263,0.0,1593.8816666666667,0.537782051002451,1.0,0.28920953438040287,0,0,0,0.41065345184303004,0.9067685258467635,0.8013441685408369,Stable
UNKNOWN_SKU_95264,0.0,1294.651333333333,0.40264190428093144,1.0,0.16212050308297477,0,0,0,0.2068080259440256,0.7645078655946649,0.7347163708624035,Stable
UNKNOWN_SKU_95423,0.0,38347.26783333333,0.21612800281383665,1.0,0.04671131360029779,0,0,0,0.6124357189064107,0.5882643934002805,0.6391792467004745,Seasonal
UNKNOWN_SKU_95863,0.7666666666666667,1.5314999999999999,3.107084363230249,4.285714285714286,1.4859270893869816,43,2,1,0.10873516812348283,0.34581449763567085,-0.005671011365747363,Lumpy / volatile
UNKNOWN_SKU_95895,0.3,32.25516666666667,1.2015471247414253,1.4285714285714286,0.7106008450820701,10,7,1,0.00887503016671487,0.010081015128210358,-0.20295232416151743,Potential discontinued
UNKNOWN_SKU_9613,0.8333333333333334,1.4295000000000002,3.0170717442221906,6.0,0.6837869849639898,2,14,34,0.1356032613837047,0.10380559847654047,-0.1520012415229193,Potential discontinued
UNKNOWN_SKU_9616,0.8,0.9065,2.771674043716221,5.0,0.7364354009220451,4,32,12,0.03358219962697662,0.11633606711169775,-0.19662122584872077,Potential discontinued
UNKNOWN_SKU_9668,0.8666666666666667,3.9586666666666663,2.9391282243697545,7.5,0.2851299625715872,0,52,0,0.07297781412609128,0.33053814735673404,,Potential discontinued
UNKNOWN_SKU_9692,0.0,3318.2881666666667,0.4325532610919905,1.0,0.18710232368131574,0,0,0,0.2692940240086765,0.22217503197776045,0.18956404331428575,Stable
UNKNOWN_SKU_97032,0.0,87.04916666666668,0.5187926988483438,1.0,0.26914586437834837,0,0,0,0.19472680719028546,0.03717932818370284,-0.1226121816393444,Stable
UNKNOWN_SKU_97107,0.21666666666666667,262.7658333333333,1.7474953158957627,1.2765957446808511,2.1754295719441443,0,6,7,0.1184425170359944,0.8992582220311761,0.8920486918422169,Potential discontinued
UNKNOWN_SKU_97109,0.35,143.25750000000002,1.5268047114528667,1.5384615384615385,1.1652362074945366,0,18,3,0.11494505478181483,0.8965548201212713,0.7602478882600793,Potential discontinued
UNKNOWN_SKU_97127,0.0,5169.1421666666665,0.46106945144837114,1.0,0.2125850390589019,0,0,0,0.4416213625849613,0.38446939114571665,0.26911353921125813,Stable
UNKNOWN_SKU_97128,0.0,1415.7035,0.5173665212222367,1.0,0.26766811728159917,0,0,0,0.5814051478590958,0.6234121818485708,0.620968839595573,Seasonal
UNKNOWN_SKU_97181,0.016666666666666666,2204.0156666666667,0.8755626938595656,1.0169491525423728,0.7371665303639757,0,1,0,0.1042260050932251,0.668857668532156,0.8336543679185252,Stable
UNKNOWN_SKU_97366,0.0,36.43200000000001,0.6657798892804805,1.0,0.4432628609703289,0,0,0,0.1039659520024282,0.09657875503757551,-0.353979343410971,Stable
UNKNOWN_SKU_97863,0.8833333333333333,5.441833333333333,3.0863786636198878,8.571428571428571,0.22800221311227628,0,53,0,0.07305013244498404,0.29155806365369985,,Potential discontinued
UNKNOWN_SKU_97914,0.18333333333333332,162.417,0.9919542751772471,1.2244897959183674,0.6202448486346411,0,0,11,0.12157620149458637,0.27149112665223396,-0.3060998156465595,Stable
UNKNOWN_SKU_97920,0.0,1735.9863333333335,0.7494228543353236,1.0,0.5616346146001037,0,0,0,0.41940700526648067,0.4079131131301347,0.40504118267783,Stable
UNKNOWN_SKU_9805,0.21666666666666667,10.636166666666668,1.0335889428089384,1.2765957446808511,0.6201731137792376,0,6,7,0.2756324079921063,0.7132291553383507,0.650295966779875,Potential discontinued
UNKNOWN_SKU_98804,0.0,573.7078333333333,0.26673191537727325,1.0,0.07114591468082886,0,0,0,0.1814451120715932,0.14860103492442267,-0.016415784136683223,Stable
UNKNOWN_SKU_98805,0.9833333333333333,0.0023333333333333335,7.681145747868608,60.0,0.0,45,14,0,0.1842555760673228,0.01084300687818407,-0.021276595744680854,Potential discontinued
UNKNOWN_SKU_98836,0.6333333333333333,5.456833333333334,2.07987585456239,2.727272727272727,0.9528239758102658,0,32,6,0.277266888544777,0.49990702053153024,0.24002609391801355,Potential discontinued
UNKNOWN_SKU_98839,0.6333333333333333,16.447,1.7926830712220716,2.727272727272727,0.5450279510769397,0,32,6,0.1571635599089345,0.4628997363704792,0.2441848049211162,Potential discontinued
UNKNOWN_SKU_9891,0.8166666666666667,49.428000000000004,2.322484251599418,5.454545454545454,0.17222106813667307,0,49,0,0.03769780486836072,0.46491699270776266,,Potential discontinued
UNKNOWN_SKU_99378,0.9833333333333333,0.004166666666666667,7.681145747868609,60.0,0.0,48,11,0,0.20688863833651028,0.04331604222080532,,Potential discontinued
UNKNOWN_SKU_99503,0.8166666666666667,0.16750000000000004,3.1147099835659975,5.454545454545454,0.9619266849830447,49,0,0,0.08801952427978321,0.3388794693026119,,Launch / lifecycle
UNKNOWN_SKU_99551,0.43333333333333335,304.8438333333333,1.29002143864266,1.7647058823529411,0.5096880102226837,0,26,0,0.016477221005307796,0.8611762822670768,0.6731615704521282,Potential discontinued
UNKNOWN_SKU_99692,0.0,11938.107,0.2645003222168104,1.0,0.06996042045279652,0,0,0,0.1596249137059852,0.2653772623150662,0.16472976590778127,Stable
UNKNOWN_SKU_99820,0.0,4292.949166666667,0.4775953536463522,1.0,0.22809732182458428,0,0,0,0.45748990512525023,0.02558332721054435,0.11428248460122968,Stable
UNKNOWN_SKU_99821,0.0,6104.518,0.43963747841832856,1.0,0.1932811124300263,0,0,0,0.49129682518327844,0.022291383494985606,0.24432032098780654,Stable
UPADACITINIBUM,0.6833333333333333,0.33816666666666667,5.588100756838523,3.1578947368421053,9.205175521716773,33,2,6,0.20258317434366901,0.1387851873660394,0.1864809071570058,Lumpy / volatile
URAPIDILUM,0.0,3199.9331666666667,0.21644866017766853,1.0,0.04685002249270784,0,0,0,0.4641440890304601,0.2634527057814472,0.19258331711776497,Stable
UREA PURA*,0.0,12593.148333333334,0.11839476515755239,1.0,0.014017320416711982,0,0,0,0.24330358888865966,0.07180915031310053,-0.1705774239735481,Stable
UROFOLLITROPINUM,0.6833333333333333,0.21383333333333335,3.4084036902270918,3.1578947368421053,2.9954516432586566,0,38,3,0.1761133876468005,0.16255730323874285,-0.028266167772320307,Potential discontinued
UROKINASUM,0.9833333333333333,0.0026666666666666666,7.681145747868606,60.0,0.0,0,59,0,0.18100046365462907,0.04331604222080432,,Potential discontinued
URSODESOXYCHOLIC ACID,0.0,67777.16566666667,0.1992659309208369,1.0,0.03970691122574774,0,0,0,0.38616521515803204,0.06090474115401778,0.002971737147915431,Stable
URTICA DIOICA*&,0.0,13192.3445,0.32007750116295475,1.0,0.10244960675072132,0,0,0,0.6911384183598036,0.7627641290113347,0.7915149063506811,Seasonal
URTICA DIOICA*&+FRANGULA ALNUS*&+ACHILLEA MILLEFOLIUM*&,0.0,1177.6591666666666,0.3828848659985356,1.0,0.14660082061071658,0,0,0,0.6167773011169249,0.9019192720823902,0.7921779952924626,Seasonal
USTECINUMAB,0.6333333333333333,0.03266666666666667,5.155495484848575,2.727272727272727,9.112349021241148,3,14,21,0.1924683684321925,0.024593355338079714,4.43959007123138e-05,Potential discontinued
VACCINIUM MYRTILLUS *&,0.0,1717.7018333333335,0.412638100575895,1.0,0.17027020204688245,0,0,0,0.7782747004153929,0.910004156443045,0.8899988412591354,Seasonal
VALACYCLOVIRUM,0.0,21322.21083333333,0.19290414244437035,1.0,0.03721200817219792,0,0,0,0.27253930334225596,0.11784490901763034,-0.25689703816399884,Stable
VALERIANA OFFICINALIS*&,0.0,638118.3991666666,0.2673714961861488,1.0,0.07148751697281978,0,0,0,0.39656506583167517,0.8116866817808198,0.6381428713116559,Stable
VALERIANA OFFICINALIS*&+CONVALLARIA MAJALIS/TRANSCAUCASICA UTKIN EX GROSSH./KEISKEI MIG.*&,0.0,317.97700000000003,0.7030109848507969,1.0,0.4942244448208875,0,0,0,0.07818412024494259,0.010629746510589233,0.08296255050026521,Stable
VALERIANA OFFICINALIS*&+MELISSA OFFICINALIS*&,0.0,508.3348333333334,0.38350122633615585,1.0,0.14707319060133542,0,0,0,0.28048555482405735,0.13194424569984942,0.05583642064888524,Stable
VALERIANA OFFICINALIS*&+PASSIFLORA INCARNATA&*,0.25,728.6465000000001,1.147656796493191,1.3333333333333333,0.7378370919027601,0,14,1,0.05606333701555333,0.6020161542207837,-0.13726243529616255,Potential discontinued
VALERIANA*&+ATROPA BELLADONNA*&+CONVALLARIA MAJALIS/TRANSCAUCASICA UTKIN EX GROSSH./KEISKEI MIG.*&+MENTHOLUM*,0.0,42086.14450000002,0.19863146673154278,1.0,0.03945445957592398,0,0,0,0.425285788079782,0.636405429155247,0.5007541997302235,Stable
VALGANCICLOVIRUM,0.13333333333333333,1.8943333333333334,2.747189380998423,1.1538461538461537,6.407442895727767,1,0,7,0.13052206601647653,0.2923131295922142,-0.08170870597823666,Lumpy / volatile
VALSARTANUM,0.0,108018.9075,0.17209221924888687,1.0,0.029615731926006948,0,0,0,0.5621228234645124,0.14759242244020632,0.2859213196584313,Seasonal
VANCOMYCINUM,0.0,6221.962833333333,0.49407291619756966,1.0,0.24410804651997073,0,0,0,0.13741715216037165,0.4537945784585342,0.3090778409914114,Stable
VARDENAFILUM,0.6166666666666667,0.8431666666666667,2.1445250038566726,2.608695652173913,1.1462785386638104,0,36,1,0.06479697583712296,0.5690624408053995,0.3720903204557731,Potential discontinued
VARENICLINUM,0.43333333333333335,58.842,1.0729027967589484,1.7647058823529411,0.21896823306613145,0,25,1,0.01753366732987771,0.7194773115872188,0.3140139845974099,Potential discontinued
VASELINUM*,0.0,70205.99649999998,0.17603594102513795,1.0,0.03098865253260584,0,0,0,0.4848952863814783,0.7031805401007645,0.6828063755483609,Stable
VEDOLIZUMABUM,0.7666666666666667,0.06866666666666667,3.8343184926825478,4.285714285714286,2.6637996041097183,11,1,34,0.1601747655102952,0.14812187098354535,0.10679790161927484,Lumpy / volatile
VEMURAFENIBUM,0.05,4.989333333333333,1.7110093956642367,1.0526315789473684,2.7311754944487316,0,1,2,0.12576351738260616,0.0017801052855270783,0.01095957195126415,Lumpy / volatile
VENETOCLAXUM,0.5666666666666667,0.7496666666666667,2.715088678093539,2.3076923076923075,2.6277394962950775,26,0,8,0.17278794454845725,0.33609606608006315,-0.030357945502032108,Lumpy / volatile
VENLAFAXINUM,0.0,7161.296166666667,0.3649701181189847,1.0,0.13320318711978565,0,0,0,0.29246924451507206,0.8414679172870471,0.5559503198124971,Stable
VERAPAMILUM,0.0,17748.715666666667,0.2016272042393026,1.0,0.04065352948935745,0,0,0,0.45133786133270815,0.8140290398444603,0.7447905817159228,Stable
VERATRUM LOBELIANA/ALBA*&,0.0,10953.767166666667,0.3671302304379956,1.0,0.13478460610145576,0,0,0,0.5194352551512766,0.7977533721426326,0.6497584200129152,Seasonal
VILANTEROLUM+UMECLIDINII BROMIDUM*,0.0,1048.196,0.23512832186781193,1.0,0.05528532774437337,0,0,0,0.1868694845473401,0.34302626475462006,0.33983075798941115,Stable
VILDAGLIPTINUM,0.0,4340.848333333333,0.6650817655581072,1.0,0.44233375487788895,0,0,0,0.047520328435353476,0.7985880069500886,0.7688333326424994,Stable
VINCAMINUM,0.0,7269.135833333333,0.18746223572517626,1.0,0.03514208982308155,0,0,0,0.376497043498737,0.5247876868655099,0.39575279408412983,Stable
VINCRISTINUM,0.0,664.5055000000001,0.5512280837987131,1.0,0.3038524003684011,0,0,0,0.09858176117755313,0.45073567909438694,0.23969023751580149,Stable
VINILINUM*,0.0,3319.0021666666667,0.48108529609490047,1.0,0.23144306211871804,0,0,0,0.35483305554316413,0.39204432748712137,0.38834001373520005,Stable
VINORELBINUM,0.0,34.14233333333333,0.8137726839160294,1.0,0.6622259810878979,0,0,0,0.18397415690845287,0.02951956569023495,-0.24109711746912185,Stable
VINPOCETINUM,0.0,85415.60366666668,0.13541670325169436,1.0,0.018337683519557453,0,0,0,0.47355297758223247,0.48682583208731356,0.32943521788074204,Stable
VIOLA TRICOLOR/ARVENSIS MURR.*&,0.0,1939.169,0.5453849522392913,1.0,0.297444746129054,0,0,0,0.7267212050031363,0.806210490386712,0.7773126256183793,Seasonal
VIRIDE NITENS*,0.0,157976.05916666667,0.3308965778271785,1.0,0.10949254521773799,0,0,0,0.6763229315055621,0.6282332835491906,0.5213172819253664,Seasonal
VITAMIN C+ACIDUM FOLICUM+CALCII PANTOTHENAS+CYANOCOBALAMINUM+NICOTINAMIDUM+PYRIDOXINUM+RIBOFLAVINUM+THIAMINUM,0.0,5060.126166666667,0.7864698343362979,1.0,0.6185348003209639,0,0,0,0.258089455721527,0.7143100554706113,0.6002407735435727,Stable
VITAMIN C+ALOE ARBORESCENS MILL.+ARONIA MELANOCARPA,0.0,890.9951666666667,0.8577820563704903,1.0,0.7357900562311871,0,0,0,0.24911510071741294,0.7093955101760984,0.8073720190925759,Stable
VITAMIN C+AMBROXOLUM,0.0,299.4365,1.0158255746913487,1.0,1.031901598197009,0,0,0,0.36934169063381317,0.23560625669409396,0.17064916577904177,Lumpy / volatile
VITAMIN C+CHLORHEXIDINUM,0.0,6646.0105,0.6089292614431163,1.0,0.3707948454416592,0,0,0,0.6874267224105512,0.7824515563516621,0.7580209085530593,Seasonal
VITAMIN C+CHLORHEXIDINUM+TETRACAINUM,0.6833333333333333,70.88166666666666,2.7766036338023206,3.1578947368421053,1.7580171174273471,0,41,0,0.019949011331800492,0.6206432954902046,0.8977874837815459,Potential discontinued
VITAMIN C+CHLORPHENAMINUM+COFFEINUM*+PARACETAMOLUM,0.0,5002.5093333333325,0.9851587968954244,1.0,0.9705378551004401,0,0,0,0.5466517155246786,0.6915580261106704,0.5290782421979205,Seasonal
VITAMIN C+CHLORPHENAMINUM+PARACETAMOLUM,0.0,34464.68233333333,0.5439909366435832,1.0,0.29592613915036303,0,0,0,0.48350562373960826,0.04228516863314513,0.44594497948754036,Stable
VITAMIN C+COFFEINUM*+PARACETAMOLUM+PHENIRAMINUM+PHENYLEPHRINUM,0.6666666666666666,11.097833333333334,2.529510769194854,3.0,1.4661415771575812,0,39,1,0.1414364177515708,0.5185203142091587,0.19292569915036611,Potential discontinued
VITAMIN C+COFFEINUM*+PARACETAMOLUM+PHENYLEPHRINUM+THERPINI HYDRAS,0.7833333333333333,29.706166666666665,2.2336194982757847,4.615384615384615,0.2976288136668498,0,47,0,0.06550236305021429,0.5307545172514658,0.6373887867190415,Potential discontinued
VITAMIN C+DEQUALINII CHLORIDUM,0.0,10689.715333333334,0.6781486415350977,1.0,0.45988558001589835,0,0,0,0.49083095265423893,0.541131245055253,0.6140135435490711,Stable
VITAMIN C+DEXTROSUM*,0.08333333333333333,1922.2200000000003,1.5940579331388576,1.0909090909090908,2.245935636352683,0,0,5,0.13729700019749902,0.7844206457895798,0.2384117483141578,Lumpy / volatile
VITAMIN C+FERRI SULFAS*,0.0,31370.192333333332,0.1899770903496631,1.0,0.03609129485772405,0,0,0,0.11236093263827918,0.2361054901476296,-0.4317053391072964,Stable
VITAMIN C+GINKGO BILOBA+PYRIDOXINUM+RIBOFLAVINUM+THIAMINUM+ZINCI OXYDUM*,0.7,1.4449999999999998,2.3207790702928874,3.3333333333333335,0.9158046479328554,0,37,5,0.13179954588597365,0.3654401309335591,0.3469506227980785,Potential discontinued
VITAMIN C+METHIONINUM+VITAMIN PP+VITAMIN B6+RETINOLUM+VITAMIN B2+RUTOSIDUM+THIAMINUM+TOCOPHEROL*+VITAMIN B9+VITAMIN B12,0.0,6444.604166666668,0.4707298947145918,1.0,0.2215866337780107,0,0,0,0.6721295036829809,0.6651951703565353,0.6596574877716136,Seasonal
VITAMIN C+NICOTINAMIDUM+PYRIDOXINUM+RETINOLUM+RIBOFLAVINUM+THIAMINUM,0.0,5373.954333333333,0.8404809811234388,1.0,0.7064082796302183,0,0,0,0.3802549443634755,0.735706964593429,0.3598696585824992,Stable
VITAMIN C+PARACETAMOLUM,0.0,3753.1594999999998,0.9677638399433391,1.0,0.936566849901877,0,0,0,0.509626571386609,0.5179783883920246,0.27646261282653695,Seasonal
VITAMIN C+PARACETAMOLUM+PHENIRAMINUM,0.0,162052.64316666668,0.5869327275572276,1.0,0.3444900266777668,0,0,0,0.8035613524656238,0.07865618747428782,0.5654881609449652,Seasonal
VITAMIN C+PARACETAMOLUM+PHENIRAMINUM+PHENYLEPHRINUM,0.0,188257.61016666665,0.6006917121675541,1.0,0.3608305330667877,0,0,0,0.826862028853995,0.152312238495926,0.6704995663834291,Seasonal
VITAMIN C+PARACETAMOLUM+PHENYLEPHRINUM,0.0,61635.77516666665,0.619312450634939,1.0,0.3835479115114538,0,0,0,0.8294356252802475,0.12113724130053816,0.5455827814736354,Seasonal
VITAMIN C+PROPOLIS*,0.0,409.394,0.895667723668378,1.0,0.8022206712212939,0,0,0,0.2347828033753161,0.7961278504056127,0.8588146373632992,Stable
VITAMIN C+RETINOLUM+RIBOFLAVINUM+THIAMINUM,0.0,43819.99833333333,0.7120244475966107,1.0,0.5069788139752585,0,0,0,0.6009223689479293,0.7281303811627918,0.5688065812751989,Seasonal
VITAMIN C+RUTOSIDUM,0.0,113231.43366666666,0.21719329712475946,1.0,0.04717292831592404,0,0,0,0.31011927552054575,0.1758331514802992,0.12152833450316919,Stable
VITAMIN C+SALVIA+SALVIA,0.0,16613.050666666666,0.4513139377729349,1.0,0.20368427042811255,0,0,0,0.5682322141404281,0.027242886884730755,0.4822015724790515,Seasonal
VITAMIN C+VITAMIN B5+VITAMIN D3+VITAMIN PP+PYRIDOXINUM+RETINOLUM+VITAMIN B2+THIAMINUM+TOCOPHEROL*+VITAMIN B9+VITAMIN B12,0.0,1738.4853333333335,0.6025749065634075,1.0,0.36309651801989923,0,0,0,0.8154298104894575,0.622126591865955,0.7652181111410973,Seasonal
VITAMIN C+VITAMIN B5+VITAMIN PP+PYRIDOXINUM+RETINOLUM+VITAMIN B2+RUTOSIDUM+THIAMINUM+TOCOPHEROL*+VITAMIN B9+VITAMIN B12,0.0,52598.89066666667,0.5824378188332686,1.0,0.33923381280725545,0,0,0,0.591515631106091,0.4916035089885238,0.5119440118521446,Seasonal
VOGLIBOSUM,0.0,2986.7349999999997,0.2868297698269925,1.0,0.08227131685900552,0,0,0,0.39123260164251394,0.8298543710703434,0.7334013531269452,Stable
VORICONAZOLUM,0.0,55.07816666666666,1.0571658143707083,1.0,1.1175995590740828,0,0,0,0.2258906506030326,0.1867833598111388,-0.038266584913844916,Lumpy / volatile
VORTIOXETINE,0.0,2942.3140000000003,0.22104913107424207,1.0,0.04886271834867745,0,0,0,0.270833706435168,0.5227079393079426,0.11969737261207351,Stable
WARFARINUM,0.0,31924.905166666664,0.16703942257754964,1.0,0.027902168695041196,0,0,0,0.3351061971491356,0.1760609123234903,0.277160765724283,Stable
XANTINOL NICOTINAT,0.0,3732.602333333333,0.22129281581861301,1.0,0.048970510332930574,0,0,0,0.3714752752570232,0.7446113505832769,0.5764813337123785,Stable
XEROFORMIUM*,0.0,3364.910166666667,0.3017170858265253,1.0,0.09103319987965083,0,0,0,0.14935623332953107,0.28016753702852837,0.3645941279409746,Stable
XEROGEL POLYMETHYLSILOXANE*,0.0,103815.34833333334,0.18768400383096276,1.0,0.03522528529402085,0,0,0,0.3422594840246803,0.01817926745712417,-0.11226466671166428,Stable
XIPAMIDUM,0.0,2650.2691666666665,0.4081964163837305,1.0,0.16662431434851985,0,0,0,0.20657657640323168,0.45340231313525514,0.7335605404404609,Stable
XYLOMETAZOLINUM,0.0,1438657.4039999996,0.2734980085369322,1.0,0.07480116067366785,0,0,0,0.7255185829330244,0.003473338042229157,0.5372265430647821,Seasonal
YOHIMBINUM*,0.0,1258.4548333333335,0.16712337165072888,1.0,0.02793022135190764,0,0,0,0.20909388058217615,0.10085050751890634,-0.16423218157608047,Stable
ZALEPLONUM,0.0,1843.3296666666668,0.26941710893522886,1.0,0.07258557858701699,0,0,0,0.12802054284993047,0.07590248123625143,-0.23680968015843917,Stable
ZANAMIVIRUM,0.95,0.089,4.430144869265731,20.0,0.03130917813407398,0,47,10,0.28344860834477625,0.10050946297554142,0.4091998526396844,Potential discontinued
ZEA MAYS*&,0.0,5711.229,0.3816318088222139,1.0,0.14564283750491486,0,0,0,0.6937291861292612,0.8296553198611876,0.8707861312978286,Seasonal
ZINCI HYALURONAS*,0.0,2302.1553333333336,0.2030077157016999,1.0,0.041212132634422215,0,0,0,0.22722416076435514,0.6290867723128933,0.4300327298047707,Stable
ZINCI OXYDUM*,0.0,98673.4575,0.2048846758340969,1.0,0.04197773039164298,0,0,0,0.703336927262151,0.6934996599058914,0.6736640942107985,Seasonal
ZINCI SULFAS*,0.0,3519.716833333333,0.6457791066575491,1.0,0.41703065459542227,0,0,0,0.1458668913447222,0.08952857652576729,0.07256162517893479,Stable
ZIPRASIDONUM,0.3,18.3925,0.9599849358702582,1.4285714285714286,0.34509975396847675,0,17,1,0.11689138388674136,0.6641112466114691,0.1030127279969056,Potential discontinued
ZOFENOPRILUM,0.0,2848.1569999999997,0.19141013192160855,1.0,0.03663783860224759,0,0,0,0.2073796622353663,0.2187560425458499,0.26117915236652206,Stable
ZOLEDRONIC ACID,0.0,2543.6623333333337,0.22343819814654392,1.0,0.049924628390974224,0,0,0,0.0679989690198658,0.07262920106503801,-0.15861503818119452,Stable
ZOLMITRIPTANUM,0.0,25796.62233333333,0.15120780902280587,1.0,0.02286380150947733,0,0,0,0.2771964954714349,0.033261164829514356,-0.18637075807535336,Stable
ZONISAMIDUM,0.2833333333333333,470.53233333333344,0.8076748569235683,1.3953488372093024,0.18417605006299656,17,0,0,0.014737943532433073,0.739652849020916,0.6317976594562927,Intermittent
ZOPICLONUM,0.0,35317.274,0.23656050924112432,1.0,0.05596087453242007,0,0,0,0.16295905103611796,0.3099203985659782,0.22550140224178483,Stable
ZUCLOPENTHIXOL,0.0,1664.0688333333335,0.13716037353624247,1.0,0.018812968068601565,0,0,0,0.33963131466020735,0.04512245536794657,0.19952875079487167,Stable
