INN,sales_2019,sales_2022,sales_2023,known_inn,YoY,CAGR,portfolio_share_2023,sku_count,brand_count,strength_breadth,form_breadth,pack_breadth
ABACAVIRUM+LAMIVUDINUM,0.0,0.0,0.0,True,,,0.0,1,1,0,1,1
ABIES ALBA*&+DAUCUS CAROTA*&+HUMULUS LUPULUS*&+MENTHA PIPERITA+ORIGANUM VULG.*&,873188.8000000002,702495.8400000001,708320.15,True,0.008290881836396258,-0.050969084864505465,0.0008345192289660762,3,1,0,1,1
ABIRATERONE,0.1,94.46000000000001,545.4399999999999,True,4.77429599830616,7.593829754487043,6.426192566274679e-07,5,4,2,1,2
ABROCITINIBUM,0.0,0.0,1.33,True,,,1.5669617397230354e-09,2,2,2,1,1
ACALABRUTINIBUM,0.0,0.0,2.29,True,,,2.6980017924554516e-09,1,1,1,1,1
ACECLOFENACUM,361302.85000000003,314868.42999999993,206030.8,True,-0.34566066213751556,-0.13100917643090804,0.00024273863218385617,11,5,2,3,6
ACENOCOUMAROLUM,34777.34,0.0,0.0,True,,-1.0,0.0,1,1,1,1,1
ACETAZOLAMIDUM,92581.04999999999,80331.3,84057.9,True,0.04639038581474453,-0.023855507071021576,9.903422046726685e-05,2,2,1,1,2
ACETYLAMINONITROPROPOXYBENZENUM*,1576.8999999999999,0.0,0.0,True,,-1.0,0.0,1,1,1,1,1
ACETYLCYSTEINUM,2327438.62,1999562.0799999998,1974150.9000000001,True,-0.012708372625269915,-0.04032202555446074,0.0023258788937893203,61,16,3,3,7
ACETYLCYSTEINUM+AMBROXOLUM,912432.6699999999,1686270.1,1378227.52,True,-0.18267689144224286,0.10861314207383366,0.0016237817988521536,6,2,0,2,3
ACETYLCYSTEINUM+TUAMINOHEPTANUM,80651.29,41190.450000000004,42510.42,True,0.03204553482664041,-0.14793834886478108,5.0084362165080386e-05,1,1,0,1,1
ACHILLEA MILLEFOLIUM*&,143145.33000000002,80891.56,89325.4,True,0.10426106258798806,-0.11120941308283483,0.00010524021367327519,4,1,0,1,1
ACHILLEA MILLEFOLIUM*&+CALENDULA OFFICINALIS*&+POTENTILLA ALBA/ERECTA*+PROPOLIS*+SOPHORA JAPONICA*&,93555.52000000002,60806.340000000004,66555.99,True,0.09455675181239331,-0.08160516481161362,7.841405254089394e-05,2,1,0,1,0
ACHILLEA MILLEFOLIUM+CALENDULA+CLOTRIMAZOLUM+GENTAMICINUM,1699.8500000000001,572.96,965.88,True,0.6857721306897513,-0.13178328340709466,1.1379676730554024e-06,1,1,0,1,1
ACHILLEA MILLEFOLIUM+CALENDULA+HYPERICUM PERFORATUM+MATRICARIA CHAMOMILLA+MENTHA PIPERITA,126.30000000000001,0.0,0.0,True,,-1.0,0.0,2,1,0,1,1
ACHILLEA MILLEFOLIUM+CALENDULA+MATRICARIA CHAMOMILLA+MENTHA PIPERITA+TANACETUM VULG.,22825.88,7780.16,6411.19,True,-0.17595653559823965,-0.2720060343096202,7.553450703830771e-06,1,1,0,1,1
ACHILLEA MILLEFOLIUM+CORIANDRUM SATIVUM+HELICHRYSUM ARENARIUM+MENTHA PIPERITA,74825.1,63602.27,56597.56,True,-0.11013301883722071,-0.06741677196508589,6.668136171554802e-05,2,1,0,1,1
ACICLOVIRUM,3466419.6,2587819.0400000005,2839803.52,True,0.09737330010524992,-0.04862487856864872,0.0033457620031359394,40,10,4,4,7
ACICLOVIRUM+HYDROCORTISONUM,27104.940000000002,30186.479999999996,4557.74,True,-0.8490138631599312,-0.3596384102039786,5.36977759368817e-06,1,1,0,1,1
ACIDUM ACETYLSALICYLICUM*,23434163.21,23307464.419999998,22352905.150000002,True,-0.04095508858444907,-0.011740196440880979,0.02633544897872782,59,20,7,1,12
ACIDUM ACETYLSALICYLICUM*+ACIDUM CITRICUM+NATRII HYDROCARBONAS*,1540.9299999999998,0.0,0.0,True,,-1.0,0.0,1,1,0,1,1
ACIDUM ACETYLSALICYLICUM*+ATORVASTATINUM+RAMIPRILUM,52565.28999999999,58639.12,63299.93000000001,True,0.07948294585594051,0.047553087612409506,7.45778710053732e-05,3,1,0,1,1
ACIDUM ACETYLSALICYLICUM*+BISOPROLOLUM,199.63,0.0,0.0,True,,-1.0,0.0,2,1,0,1,1
ACIDUM ACETYLSALICYLICUM*+CLOPIDOGRELUM,10432.2,4770.45,4580.240000000001,True,-0.039872548711337275,-0.18599310668535318,5.3962863449240875e-06,1,1,0,1,1
ACIDUM ACETYLSALICYLICUM*+COFFEINUM*+PARACETAMOLUM,53666634.24999999,39075452.8,36139314.25,True,-0.07514023100456557,-0.09412372178778272,0.04257813739065976,39,8,0,1,8
ACIDUM ACETYLSALICYLICUM*+GLYCINUM,1969.43,0.0,0.0,True,,-1.0,0.0,1,1,0,1,1
ACIDUM ACETYLSALICYLICUM*+ROSUVASTATINUM,0.0,29339.329999999994,55833.780000000006,True,0.9030352772200325,,6.578150153692724e-05,5,2,0,1,2
ACIDUM ACETYLSALICYLICUM*+VITAMIN C,336777.75,318687.52999999997,298761.6,True,-0.06252497548303815,-0.0295004320675869,0.0003519909748108553,3,2,0,1,2
ACIDUM ADENOSINTRIPHOSPHORICUM*,434772.57999999996,281253.33,270805.63,True,-0.03714693795803237,-0.1116197690921441,0.00031905418128691174,7,2,2,2,2
ACIDUM ADENOSINTRIPHOSPHORICUM*+ACIDUM FOLICUM+MOLSIDOMINUM,479532.24000000005,487728.73,561909.23,True,0.1520937673694145,0.04042813728478345,0.0006620227553437828,1,1,0,1,1
ACIDUM ADENOSINTRIPHOSPHORICUM*+COCARBOXYLASUM+CYANOCOBALAMINUM+NICOTINAMIDUM,428470.36000000004,297306.63,379866.61000000004,True,0.2776930336198693,-0.02965184561368983,0.0004475461985475878,1,1,0,1,1
ACIDUM ALENDRONICUM,57336.950000000004,41296.22,52891.130000000005,True,0.2807741241208035,-0.01997520282811993,6.231456923362198e-05,4,3,2,1,3
ACIDUM ALENDRONICUM+COLECALCIFEROLUM,0.0,3788.9400000000005,3459.6400000000003,True,-0.08691085105596819,,4.07603271670331e-06,1,1,0,1,1
ACIDUM ALGINICUM*+CALCII CARBONAS*+NATRII HYDROCARBONAS*,471306.69000000006,557920.08,596321.01,True,0.06882872901796278,0.060581693660579194,0.0007025655693706748,11,3,0,2,4
ACIDUM ALGINICUM*+KALII HYDROCARBONATIS,66401.28,68483.37,47409.77999999999,True,-0.3077183555657381,-0.0807727883088124,5.585662507420026e-05,2,1,0,1,1
ACIDUM AZELAICUM,108376.92,115184.81000000003,166105.49,True,0.4420780830389004,0.11265825798665485,0.00019569996059244153,4,2,0,1,1
ACIDUM BENZOICUM+ACIDUM MALICUM*+ACIDUM SALICYLICUM*,1706.49,1241.1599999999999,1926.13,True,0.5518788874923461,0.030731294294567224,2.269302267468218e-06,3,1,0,1,1
ACIDUM BORICUM*,4040680.66,1922952.56,1871579.6599999997,True,-0.02671563566810009,-0.17502944684831734,0.0022050328722284557,19,2,0,1,2
ACIDUM BORICUM*+BENZOCAINUM+CHLORAMPHENICOLUM+HYPPOPHAE RHAMNOIDES,51593.14,36209.0,39815.329999999994,True,0.09959761385290933,-0.0627302731261119,4.6909096815373495e-05,1,1,0,1,1
ACIDUM BORICUM*+DEXTROSUM*+OSARSOLUM,2007.6499999999999,0.0,0.0,True,,-1.0,0.0,1,1,0,1,1
ACIDUM BORICUM*+ZINCI SULFAS*,14007.150000000001,5055.849999999999,793.45,True,-0.843062986441449,-0.512143106239463,9.348163852505582e-07,1,1,0,1,0
ACIDUM CITRICUM+KALII HYDROCARBONATIS+SODIUM CITRAS*,31842.600000000002,28295.800000000003,42467.47,True,0.500840054000947,0.0746374391531941,5.003375990438783e-05,2,2,0,1,1
ACIDUM CITRICUM+MAGNESII OXYDUM*+NATRII PICOSULFAS,7535.76,93.19,0.0,True,-1.0,-1.0,0.0,2,2,0,1,1
ACIDUM CLODRONICUM,171.13,0.0,0.0,True,,-1.0,0.0,1,1,1,1,1
ACIDUM CROMOGLICICUM,265095.77,170745.61,175414.97,True,0.027346881714850557,-0.09808426477649113,0.00020666808012380754,6,4,0,2,1
ACIDUM ETACRYNICUM,33.870000000000005,0.0,0.0,True,,-1.0,0.0,1,1,1,1,1
ACIDUM FOLICUM+FERRI (III) HYDROXYDI POLYMALTOSUM COMPLEXUS*,21411.98,34418.77,67826.0,True,0.9706108033494516,0.3340891254539602,7.991033605898842e-05,2,2,0,1,1
ACIDUM FOLICUM+FERRI SULFAS*,155360.45,143706.82,112459.70999999999,True,-0.21743651414734533,-0.07761098497191532,0.00013249628784236693,1,1,0,1,1
ACIDUM FORMICUM*,913384.03,642696.5200000001,545459.0599999999,True,-0.1512960736118505,-0.12092245542789537,0.0006426417124851815,8,2,0,1,0
ACIDUM FORMICUM*+SPIRITUS AETHYLICUS*,252340.09999999998,38478.94,34312.57,True,-0.10827663132092524,-0.3927510895649692,4.042592810644243e-05,1,1,0,1,0
ACIDUM FUSIDICUM,61863.23,8072.26,12648.050000000001,True,0.5668536444564471,-0.3275689709974069,1.4901511603085667e-05,7,3,0,2,1
ACIDUM FUSIDICUM+BETAMETHASONUM,27228.969999999994,2.01,0.0,True,-1.0,-1.0,0.0,1,1,0,1,1
ACIDUM GADOPENTETICUM,83.64999999999999,0.0,0.0,True,,-1.0,0.0,5,2,0,1,1
ACIDUM GADOTERICUM,6375.2699999999995,4979.179999999999,5811.93,True,0.1672464140681802,-0.022863023240381253,6.847422514246993e-06,6,1,0,1,1
ACIDUM GADOXETICUM,0.0,0.7,1.69,True,1.4142857142857141,,1.9911017594976915e-09,1,1,0,1,1
ACIDUM GAMMA-AMINOBUTYRICUM*,206148.99,174787.61000000002,185138.67,True,0.05922078801809816,-0.02651563215637409,0.00021812421987459318,2,1,1,1,1
ACIDUM GAMMA-AMINOBUTYRICUM*+PIRACETAMUM,47367.979999999996,38.42,5.470000000000001,True,-0.857626236335242,-0.8963365602623273,6.444571967131582e-09,1,1,0,1,1
ACIDUM GLUTAMICUM,74256.36000000002,40636.29,40168.04,True,-0.01152295152928573,-0.14239610249250256,4.732464799974772e-05,2,1,1,1,2
ACIDUM GLUTAMICUM+GLYCINUM+PYRIDOXINUM,889.0999999999999,0.0,0.0,True,,-1.0,0.0,1,1,0,1,1
ACIDUM GLYCYRRHIZICUM,8362.43,4729.26,7276.959999999999,True,0.5387100730346817,-0.03416181150500075,8.57347210638717e-06,2,1,0,1,0
ACIDUM GLYCYRRHIZICUM+CYSTEINUM+GLYCINUM,14164.87,7296.379999999999,7568.33,True,0.037271907439031526,-0.14503789277278845,8.916754544058676e-06,1,1,0,1,1
ACIDUM GLYCYRRHIZICUM+PHOSPHOLIPIDES*,1216.64,0.0,0.0,True,,-1.0,0.0,1,1,0,1,1
ACIDUM HOPANTENICUM,226907.78999999998,133720.97,203003.5,True,0.5181126789612729,-0.027446435478878373,0.0002391719680675678,5,3,2,1,1
ACIDUM IBANDRONICUM,22166.730000000003,23036.79,28655.37,True,0.24389595946310227,0.06629186838764611,3.376080332902802e-05,15,6,3,2,4
ACIDUM LACTICUM+ACIDUM SALICYLICUM*,23.770000000000003,0.0,0.0,True,,-1.0,0.0,1,1,0,1,0
ACIDUM LACTICUM+ACIDUM SALICYLICUM*+POLIDOCANOLUM,306.48,220.49,0.0,True,-1.0,-1.0,0.0,1,1,0,1,1
ACIDUM MEFENAMICUM,1976310.03,2311546.31,2442727.7,True,0.056750491838513106,0.05439902491480919,0.00287794048606139,11,3,2,1,2
ACIDUM METHYLSILICICUM*,1074547.7699999998,684470.51,732495.8499999999,True,0.07016422080770113,-0.09135370451672375,0.0008630022341773708,12,2,3,2,2
ACIDUM MYCOPHENOLICUM,3717.8,5454.37,6713.370000000001,True,0.2308240915082771,0.15921406025007512,7.909469123762733e-06,3,3,2,1,2
ACIDUM NICOTINOYL-GAMMA-AMINOBUTYRICUM*,7.41,0.0,0.0,True,,-1.0,0.0,1,1,1,1,1
ACIDUM OROTICUM,112846.32999999999,85545.76000000001,94228.11,True,0.10149363334898176,-0.0440762315684784,0.00011101642344091243,2,1,1,1,1
ACIDUM PAMIDRONICUM,1138.07,282.53,14.809999999999999,True,-0.947580787880933,-0.6622490954511822,1.7448649146840715e-08,4,2,1,1,1
ACIDUM PIPEMIDICUM,113736.85,54325.69000000001,55781.49,True,0.026797634783837676,-0.1631507549925546,6.571989519905495e-05,2,2,1,2,2
ACIDUM RISEDRONICUM,12734.68,8009.539999999999,10064.94,True,0.25661898186412735,-0.057121379225553603,1.1858177362863133e-05,2,2,1,1,1
ACIDUM RYBONUCLEINICUM*,21334.5,96972.8,50686.95,True,-0.477307554283263,0.24151914918480344,5.971767770921391e-05,3,1,1,1,2
ACIDUM SALICYLICUM*,3415890.4099999997,2150687.22,2019601.16,True,-0.06095077832842666,-0.12311948337671719,0.002379426877609218,22,4,0,1,1
ACIDUM SALICYLICUM*+BETAMETHASONUM,470592.98000000004,464425.76000000007,517227.21,True,0.11369190632319781,0.02390338764868294,0.000609379886326084,8,4,0,1,1
ACIDUM SALICYLICUM*+CAPSICUM ANNUUM+RICINUS COMMUNIS,60898.14,69247.23000000001,56626.82,True,-0.18225147778474327,-0.018015718085306553,6.671583487382193e-05,1,1,0,1,1
ACIDUM SALICYLICUM*+CLOTRIMAZOLUM,326.37,0.0,0.0,True,,-1.0,0.0,1,1,0,1,1
ACIDUM SALICYLICUM*+FLUMETASONUM,57115.7,43396.119999999995,44654.54999999999,True,0.02899867545762147,-0.05967592953122802,5.261050477785658e-05,1,1,0,1,1
ACIDUM SALICYLICUM*+FLUOROURACILUM,0.0,17894.280000000002,41488.049999999996,True,1.3185090431132176,,4.887983985392201e-05,1,1,0,1,1
ACIDUM SALICYLICUM*+MOMETASONUM,61837.95,52138.97,66410.06,True,0.2737125416938615,0.017992778550517396,7.824212267121139e-05,2,2,0,1,1
ACIDUM SALICYLICUM*+UREA PURA*,5848.72,0.0,0.0,True,,-1.0,0.0,1,1,0,1,1
ACIDUM SALICYLICUM*+ZINCI OXYDUM*,248001.00999999995,228456.59,284406.06999999995,True,0.2449020183659396,0.03483558138799703,0.0003350777670939784,4,1,0,1,1
ACIDUM SUCCINICUM+INOSINUM+MEGLUMINUM+METHIONINUM,9015.170000000002,0.0,0.0,True,,-1.0,0.0,1,1,0,1,1
ACIDUM SUCCINICUM+INOSINUM+NICOTINAMIDUM+RIBOFLAVINUM,99199.95,23.37,0.0,True,-1.0,-1.0,0.0,2,1,0,2,2
ACIDUM THIOCTICUM*,623747.3099999999,466528.18999999994,547111.4999999999,True,0.17272977652218602,-0.03224195689025233,0.0006445885623026159,31,10,2,2,6
ACIDUM TIAZOTICUM,1719297.9500000002,952256.4099999999,971391.9700000001,True,0.02009496580863157,-0.1330164827303949,0.0011444616926798395,16,5,2,5,5
ACIDUM TIAZOTICUM+AMIODARONUM,4756.879999999999,0.36,0.0,True,-1.0,-1.0,0.0,1,1,0,1,1
ACIDUM TIAZOTICUM+CRATAEGUS L.*&+DIPYRIDAMOLUM+HERBA MELISSAE,1571.45,0.0,0.0,True,,-1.0,0.0,1,1,0,1,1
ACIDUM TIAZOTICUM+PIRACETAMUM,532423.47,357102.76000000007,363228.63,True,0.017154361954525132,-0.09117404752116509,0.0004279438841970035,5,1,0,2,3
ACIDUM UNDECYLENICUM+ZINC UNDECYLENATE,374.90999999999997,0.0,0.0,True,,-1.0,0.0,1,1,0,1,1
ACIDUM VALPROICUM,441630.02,484418.85,466171.63999999996,True,-0.03766824928468415,0.013612168256527779,0.0005492279127999552,19,6,4,3,7
ACORUS CALAMUS*&,122072.86,63865.47,63151.81999999999,True,-0.0111742699145565,-0.15191049697027603,7.440337273223757e-05,8,1,0,1,1
ACORUS CALAMUS*&+BISMUTHI SUBNITRAS*+FRANGULA ALNUS*&+MAGNESII CARBONAS+NATRII HYDROCARBONAS*,65033.77999999999,39001.39,33025.909999999996,True,-0.153211975265497,-0.1558318763402945,3.8910028112433366e-05,1,1,0,1,1
ACORUS CALAMUS+ANETHUM GRAVEOLENS+GLYCYRRHIZA GLABRA/URALENSIS+MATRICARIA CHAMOMILLA+MENTHA PIPERITA,26592.260000000002,10365.52,8111.639999999999,True,-0.21744012842578098,-0.25682968335514755,9.556864305569143e-06,1,1,0,1,1
ACORUS CALAMUS+FRANGULA ALNUS+MENTHA PIPERITA+URTICA DIOICA+VALERIANA,34458.36,14557.660000000003,13825.039999999999,True,-0.05032539570233152,-0.2041285088586433,1.6288202052737257e-05,2,1,0,1,1
ACORUS*&+ARNICA*&+BENZOCAINUM+QUERCUS*&+MENTHA*&+MATRICARIA*&+THYMUS*&+SALVIA*&,30258.280000000002,22997.379999999997,29053.71,True,0.2633486945034609,-0.01010452279783669,3.423011426090868e-05,1,1,0,1,1
ACORUS+ALTHAEA+SAMBUCUS+INULA+URTICA+TILIA+MENTHA+CALENDULA+MATRICARIA+GLYCYRRHIZA+THYMUS+SALVIA*&,529004.7200000001,393676.44,333245.93,True,-0.15350298839320942,-0.10910539958613497,0.0003926192648333991,3,1,0,1,1
ACORUS+ALTHAEA+SAMBUCUS+URTICA+MENTHA+CALENDULA+ARTEMISIA+MATRICARIA+GLYCYRRHIZA+SOPHORA+ACHILLEA+HELICHRY+SALVIA+ROSA*&,189440.06999999998,133229.44,135806.41999999998,True,0.01934242161492228,-0.07984261962893935,0.0001600026046231257,3,1,0,1,1
ACORUS+ARNICA+QUERCUS+MENTHA+MATRICARIA+THYMUS+SALVIA*&,57171.549999999996,72689.51000000001,104050.15,True,0.4314328160968479,0.16149056416036411,0.00012258842410709983,2,1,0,1,1
ACORUS+URTICA+CALENDULA+MATRICARIA+SOPHORA+CHELIDONIUM+ROSA L.*&,134106.47,57673.76,65930.49,True,0.14316267918027203,-0.16264591545347273,7.767710925653548e-05,1,1,0,1,1
ACRIVASTINUM,0.0,0.0,0.0,True,,,0.0,1,1,1,1,1
ADALIMUMAB,166.0,2049.6,4868.87,True,1.3755220530835284,1.3271802509681332,5.736340605778417e-06,6,2,0,1,2
ADAPALENUM,19111.52,19372.97,39693.01,True,1.0488861542654533,0.20047936968922864,4.676498346198785e-05,1,1,0,1,1
ADAPALENUM+BENZOYLI PEROXIDUM*,0.0,47012.369999999995,86369.05000000002,True,0.8371558379209563,,0.0001017571404858841,1,1,0,1,1
ADAPALENUM+CLINDAMYCINUM,103315.23999999999,135973.45,148091.54,True,0.08912100119545396,0.09418678454584106,0.00017447652417794247,2,1,0,1,1
ADEMETIONINUM,340521.23,446418.07000000007,577930.6399999999,True,0.29459508661914113,0.14138689447990527,0.0006808986474388323,14,6,2,2,5
ADENOSINI PHOSPHAS,0.0,300.47999999999996,2972.84,True,8.893636847710331,,3.502501156630247e-06,1,1,1,1,1
ADENOSINI PHOSPHAS+CYTOCHROMUM C*+NICOTINAMIDUM,1071645.95,541430.14,583983.8200000001,True,0.07859495963782148,-0.1408136437045474,0.0006880303026746647,1,1,0,1,1
ADONIS VERNALIS*&+ARNICA MONTANA/FOLIOSA NUTT./CHAMISSONIS LESS.*&+JUNIPERUS COMMUNIS*&+MENTHA PIPERITA,17808.649999999998,16977.98,13482.819999999998,True,-0.2058643018780798,-0.06720236892525355,1.588500983727258e-05,2,1,0,1,0
AERVA LANNATA*&,115769.61,53233.66000000001,56998.47000000001,True,0.07072235874820554,-0.1623411968227173,6.71537005359032e-05,2,1,0,1,0
AESCINUM*,59293.130000000005,45212.69,52109.48,True,0.15254102332774266,-0.03177099030947905,6.139365521568626e-05,5,4,1,2,3
AESCINUM*+DIETHYLAMIN,34862.25,11724.22,12889.36,True,0.09937889258304611,-0.2202255784510322,1.5185815014674062e-05,1,1,0,1,1
AESCINUM*+HEPARIN SODIUM,19819.36,3395.8399999999997,76.34,True,-0.9775195533358462,-0.7508759633416733,8.994124752665903e-08,2,2,0,1,1
AESCULUS HIPPOCASTANUM L.*&,24377.86,9234.339999999998,8605.189999999999,True,-0.06813156110777807,-0.22920086020477526,1.013834849101298e-05,1,1,1,1,1
AESCULUS HIPPOCASTANUM L.*&+DICLOFENACUM,14012.820000000002,1325.53,4909.38,True,2.703710968442812,-0.2306476646450154,5.784068139670282e-06,1,1,0,1,1
AESCULUS HIPPOCASTANUM L.+THIAMINUM,231495.40000000002,132320.06999999998,126734.33,True,-0.042213853121449985,-0.13982270097010685,0.00014931417008979945,4,3,0,1,1
AETHACIZINUM*,134305.11,144337.82,116539.27000000002,True,-0.19259366671881273,-0.03484972419976762,0.00013730268967312222,1,1,1,1,1
AETHONIUM*,376964.1,214862.62,226115.55,True,0.05237267422318492,-0.11994946886404223,0.0002664018162454368,2,1,0,1,1
AFATINIBUM,0.18,0.0,0.0,True,,-1.0,0.0,1,1,1,1,1
AFLIBERCEPT,1407.37,519.8,1360.01,True,1.616410157752982,-0.008521152849361058,1.6023185230381392e-06,2,1,0,1,1
AGNUS CASTUS*&,223503.87,213094.1,279127.02999999997,True,0.30987685721941594,0.05713198155145838,0.0003288581778440029,4,3,2,2,2
AGOMELATINUM,39272.85,37651.04,43861.38,True,0.16494471334656358,0.0280103051529208,5.1676018279288075e-05,2,2,1,1,1
ALANINUM,95813.3,76662.88,92501.34000000001,True,0.2065988128804972,-0.008756034514904587,0.00010898200049106165,2,1,1,1,2
ALBENDAZOLUM,3665070.34,2353019.94,2812067.34,True,0.19508861450617365,-0.06408620080354943,0.003313084158875735,15,7,1,2,3
ALBUMINUM HUMANUM*,58160.59,56222.37,66395.03,True,0.18093616473300567,0.033657575835628784,7.82244148253858e-05,15,4,1,1,1
ALCLOMETASONUM,12352.690000000002,8108.259999999999,11281.11,True,0.391310836110337,-0.022430658369665846,1.3291028384666866e-05,3,1,0,1,1
ALECTINIBUM,22.69,261.78999999999996,18.920000000000005,True,-0.9277283318690553,-0.04440986199102104,2.229091437260138e-08,1,1,1,1,1
ALFA-BROMISOVALERIC ACID ETHYL ETHER*+DOXYLAMINUM+GUAIFENESINUM,736529.1199999999,955233.8,843085.0,True,-0.11740455582706566,0.034356767096869634,0.0009932946904769888,2,1,0,1,2
ALFA-BROMISOVALERIC ACID ETHYL ETHER*+DOXYLAMINUM+MENTHOL SOLITION IN ISOVALERAT,0.0,480388.5300000001,315555.77,True,-0.3431238460252164,,0.00037177730702168575,1,1,0,1,1
ALFA-BROMISOVALERIC ACID ETHYL ETHER*+HUMULUS LUPULUS*&+MENTHA PIPERITA+MENTHOL SOLITION IN ISOVALERAT,223828.27,113150.09000000001,49058.28,True,-0.5664318075222035,-0.3157743593268417,5.779883291475172e-05,4,1,0,2,3
ALFA-BROMISOVALERIC ACID ETHYL ETHER*+HUMULUS LUPULUS*&+MENTHA PIPERITA+PHENOBARBITALUM,704175.53,411379.92,349344.23,True,-0.1507990229566869,-0.16074649958665277,0.00041158574616767226,2,1,0,1,1
ALFA-BROMISOVALERIC ACID ETHYL ETHER*+MENTHA PIPERITA+PHENOBARBITALUM,8828402.4,7305898.690000001,6059001.92,True,-0.17066986867840095,-0.08981485642456966,0.007138514428231888,16,5,0,2,7
ALFA-BROMISOVALERIC ACID ETHYL ETHER*+MENTHA PIPERITA+VALERIANA OFFICINALIS*&,4779.06,12231.240000000002,2706.52,True,-0.778720718422662,-0.13250458233008844,3.1887317953347287e-06,1,1,0,1,1
ALFA-BROMISOVALERIC ACID ETHYL ETHER*+MENTHOL SOLITION IN ISOVALERAT+PHENOBARBITALUM,2774827.0,2240930.49,1930103.19,True,-0.13870456999315506,-0.08675741598841935,0.002273983347704797,3,1,0,2,3
ALFA-BROMISOVALERIC ACID ETHYL ETHER*+PASSIFLORA INCARNATA*,135808.99,105440.71999999999,68105.56,True,-0.3540867323364255,-0.1584818018103239,8.023970434767787e-05,3,1,0,1,3
ALFA-BROMISOVALERIC ACID ETHYL ETHER*+PHENOBARBITALUM,648534.09,619772.71,495003.29,True,-0.20131480135677482,-0.06530736859722841,0.0005831964033586663,8,3,0,2,5
ALFACALCIDOLUM,14464.319999999998,1124.9299999999998,1.02,True,-0.999093276915008,-0.9083620136156133,1.2017300560281924e-09,3,1,3,1,1
ALFUZOSINUM,4435.79,2435.1600000000003,628.7,True,-0.7418239458598204,-0.3864243435292697,7.407134178675732e-07,1,1,1,1,1
ALLANTOINUM*+ALLIUM CEPA&+HEPARIN SODIUM,64298.34,53585.57,72667.67000000001,True,0.3561051977239398,0.031063394736832173,8.561463052993943e-05,1,1,0,1,0
ALLANTOINUM*+DEXPANTHENOLUM,868.08,58.199999999999996,16.490000000000002,True,-0.7166666666666666,-0.6287510566019406,1.9427969239122447e-08,2,1,0,1,1
ALLANTOINUM*+GLUCOSAMINUM+IBUPROFENUM,82816.09,39715.740000000005,29524.829999999994,True,-0.2565962512595764,-0.22728708532801345,3.4785172166787107e-05,3,1,0,1,1
ALLANTOINUM*+POVIDONUM,49866.76,47327.41,45936.06,True,-0.029398397250134822,-0.020316829254510282,5.412033721324942e-05,6,2,0,1,1
ALLIUM SATIVUM+CARBO ACTIVATUS MEDICINALIS*+CHOLE MEDICATA CONSERVATA*+URTICA DIOICA,2297618.48,1947994.74,2028411.1500000001,True,0.04128163610955138,-0.030674766663394415,0.002389806514644814,4,1,0,1,3
ALLOFERONUM*,28039.090000000004,13231.13,1188.9499999999998,True,-0.910139950253682,-0.5462152266378617,1.4007813236418815e-06,2,1,1,1,1
ALLOPURINOLUM,398367.77999999997,386553.29,406795.0999999999,True,0.052364862811023816,0.005247211124663087,0.00047927244932842553,7,1,2,1,2
ALNUS INCANA/GLUTINOSA*&,155523.02000000002,107762.59,92895.43,True,-0.13796216293613583,-0.12087644394021058,0.00010944630421437551,4,3,2,2,2
ALOE ARBORESCENS MILL.*&,229805.93,151345.66999999998,199680.62,True,0.3193679079157006,-0.03451913397622497,0.00023525706143171,4,1,0,1,1
ALOE ARBORESCENS MILL.*&+CALENDULA OFFICINALIS*&+EUCALYPTUS VIMINALIS*&+LEVOMENTHOLUM+MATRICARIA CHAMOMILLA*&,3281.12,832.0100000000001,129.56,True,-0.8442807177798344,-0.5542285949331133,1.5264328045001236e-07,1,1,0,1,1
ALPROSTADILUM,5622.699999999999,4204.8,7452.469999999999,True,0.7723720509893452,0.07297309241841443,8.780252147694531e-06,5,4,2,1,1
ALTEPLASUM,302.53,838.64,144.55,True,-0.8276376037393876,-0.16859542084206258,1.7030399960674043e-07,1,1,1,1,1
ALTHAEA OFFICINALIS*&,3653022.8799999994,2005529.43,1700523.7,True,-0.1520824005060848,-0.1739951940802894,0.002003500432625754,25,6,3,2,4
ALTHAEA OFFICINALIS*&+AMMONIUM CHLORIDE+ANISUM VULG.*&+GLYCYRRHIZA GLABRA/URALENSIS*&+NATRII HYDROCARBONAS*,308938.72,132613.51,130796.54,True,-0.013701243561082266,-0.19335772656577688,0.00015410013072793502,1,1,0,1,1
ALTHAEA OFFICINALIS*&+ASCORBIC ACID,1750847.4999999998,1261754.23,1095503.46,True,-0.1317616109755384,-0.11061180990298203,0.0012906857199655674,1,1,0,1,1
ALTHAEA OFFICINALIS*&+GLYCYRRHIZA GLABRA/URALENSIS*&,15413.210000000001,3067.42,3475.4100000000008,True,0.13300754379902346,-0.3109063661846765,4.0946124059028835e-06,1,1,0,1,1
ALTHAEA OFFICINALIS*&+ORIGANUM VULGARE*&+TUSSILAGO FARFARA*&,206039.19000000003,112038.06000000001,93890.04000000001,True,-0.1619808482938745,-0.17838677247082846,0.0001106181206173424,6,1,0,1,1
ALTHAEA OFFICINALIS*&+THYMUS SERPYLLUM*&,154584.49,73677.53,62852.68,True,-0.14692199914953719,-0.20147324721883675,7.405093593913927e-05,3,2,0,1,1
ALUMINII HYDROXYDUM*+BENZOCAINUM+MAGNESII HYDROXIDE*,506985.05000000005,531114.48,536177.4400000001,True,0.009532709407583884,0.014094310038652358,0.0006317064166786793,3,1,0,1,3
ALUMINII HYDROXYDUM*+CALCII CARBONAS*+DIHYDROXYALUMINUM AMINOACETATE+MAGNESII TRISILICAS*,56944.689999999995,43112.240000000005,57495.78999999999,True,0.33363031009291055,0.0024107215950259775,6.773962640988743e-05,2,1,0,1,1
ALUMINII HYDROXYDUM*+MAGNESII HYDROXIDE*,563332.73,539693.4,479569.54,True,-0.11140373404603432,-0.039446294847664376,0.0005650128727192298,8,2,0,2,5
ALUMINII HYDROXYDUM*+MAGNESII HYDROXIDE*+SIMETICONUM,132567.65,124231.17000000001,120052.77,True,-0.033634071062842,-0.024485662330544944,0.0001414421784494507,4,2,0,2,4
ALUMINII PHOSPHAS*,471254.7,23.6,113861.21,True,4823.627542372881,-0.2988999065009582,0.00013414748850268412,1,1,0,1,1
ALVERINUM+SIMETICONUM,77523.96,98178.56000000001,126762.32999999999,True,0.29114065229720176,0.13080720283115466,0.00014934715875800412,2,1,0,1,2
AMANTADINUM,85525.76,94006.13,88194.96,True,-0.06181692619406842,0.007712640716267094,0.00010390836688451392,5,3,1,2,4
AMBAZONUM,901979.9800000001,555820.52,534677.6,True,-0.03803911377723157,-0.12254718227915995,0.0006299393551029602,2,1,1,1,1
AMBROXOLUM,6973961.35,3674480.9699999997,3681389.4599999995,True,0.0018801267597801097,-0.14762038056002424,0.004337290551007252,79,15,4,3,5
AMBROXOLUM+CARBOCISTEINUM,464856.11999999994,152110.33000000002,136917.18000000002,True,-0.09988243402009578,-0.26330987534160877,0.00016131126509080602,4,2,0,2,2
AMBROXOLUM+GLYCYRRHIZA GLABRA/URALENSIS*&+KETOTIFENUM+THEOBROMINUM,94836.20000000001,38037.03999999999,51439.42,True,0.35235076125797393,-0.14181586853339356,6.060421282221345e-05,1,1,0,1,1
AMBROXOLUM+LORATADINUM,710572.87,681072.7999999999,637063.1799999999,True,-0.0646180848802066,-0.02693137245974697,0.0007505666382302925,6,2,0,2,2
AMBROXOLUM+SALBUTAMOLUM,105079.34,58713.28,57163.52,True,-0.0263953912981868,-0.14118344631321844,6.734815695330264e-05,2,1,0,1,2
AMIKACINUM,622539.19,183068.72,182886.94000000003,True,-0.0009929604576902618,-0.2637861229268945,0.00021547130652257323,11,5,3,1,2
AMIKACINUM+BENZALKONII CHLORIDUM+LIDOCAINUM+NIMESULIDUM,257980.13,217416.84000000003,246298.31,True,0.13283915818112324,-0.011517935530728884,0.0002901804724274011,4,1,0,1,1
AMINOCAPRONIC ACID,578368.42,207004.04,172968.75,True,-0.16441848188083674,-0.2604955890158287,0.00020378602512610434,14,2,2,3,4
AMINOPHYLLINUM,857915.32,541341.21,408311.41000000003,True,-0.245741128779019,-0.16940985620725868,0.0004810589153100493,11,4,3,2,3
AMINOPHYLLINUM+ATROPA BELLADONNA*&+COFFEINUM*+CYTISINUM*+EPHEDRINUM*+PARACETAMOLUM+PHENOBARBITALUM,54036.759999999995,22719.53,21755.48,True,-0.04243265595723145,-0.20343752752854827,2.5631582548353156e-05,1,1,0,1,1
AMINOPHYLLINUM+KALII CHLORIDUM*+MAGNESII CHLORIDUM*,85516.2,20730.81,4153.62,True,-0.7996402456054539,-0.5305443265911809,4.893656858156687e-06,3,1,0,1,0
AMINOPHYLLINUM+SALBUTAMOLUM,24.48,0.0,0.0,True,,-1.0,0.0,1,1,0,1,1
AMIODARONUM,1648658.65,1373518.39,1314490.54,True,-0.042975653205487796,-0.055054676931180935,0.001548689010081107,16,8,2,2,7
AMISULPRIDUM,45583.689999999995,55209.99999999999,68098.29,True,0.2334412244158668,0.10555838309220933,8.023113907561185e-05,11,4,2,2,4
AMITRIPTYLINE,419521.04,419145.19,429766.76999999996,True,0.025341051867969533,0.006050477286938305,0.000506336906461917,8,2,1,2,4
AMLODIPINUM,6111840.71,4998111.350000001,4670422.92,True,-0.06556245090458035,-0.06503351033640825,0.005502536860124464,65,11,2,1,6
AMLODIPINUM+ATENOLOLUM,10611.0,9868.77,7517.110000000001,True,-0.23829312062192143,-0.08256849961957557,8.856408844578516e-06,1,1,0,1,1
AMLODIPINUM+ATORVASTATINUM,1592.78,1014.5899999999999,935.6500000000001,True,-0.07780482756581464,-0.12453375254861454,1.1023516930615473e-06,2,1,0,1,1
AMLODIPINUM+BISOPROLOLUM,122325.74,155078.78999999998,154546.03,True,-0.0034354149913085053,0.06019316593753277,0.00018208098950081835,3,1,0,1,1
AMLODIPINUM+HYDROCHLOROTHIAZIDUM+OLMESARTANUM MEDOXOMILUM,0.0,3193.48,1700.4899999999998,True,-0.46751193055851303,,2.003460728407236e-06,2,1,0,1,1
AMLODIPINUM+HYDROCHLOROTHIAZIDUM+VALSARTANUM,100924.23999999999,883158.75,1122206.69,True,0.2706738058135074,0.8260780721829528,0.0013221465769106984,19,6,2,1,4
AMLODIPINUM+INDAPAMIDUM,236810.16,271071.45,295553.26,True,0.09031497046258474,0.0569607391102096,0.00034821101539128917,2,1,0,1,1
AMLODIPINUM+INDAPAMIDUM+PERINDOPRILUM,2359575.2,4269636.18,5078501.819999999,True,0.18944603378360902,0.21122673242710666,0.005983321839890075,16,4,0,1,1
AMLODIPINUM+LISINOPRILUM,727267.05,493518.93000000005,432523.8299999999,True,-0.12359221965406708,-0.12182911954136011,0.000509585182803361,11,6,0,1,2
AMLODIPINUM+OLMESARTANUM MEDOXOMILUM,12518.710000000001,40382.27999999999,52700.05,True,0.3050290870153942,0.43239521669626435,6.208944513645936e-05,4,2,0,1,1
AMLODIPINUM+PERINDOPRILUM,729380.0599999999,824804.28,844758.4299999999,True,0.02419258784641598,0.03739622195806103,0.0009952662700139095,19,6,0,1,1
AMLODIPINUM+RAMIPRILUM,154285.68000000002,160316.58,173857.53999999998,True,0.0844638776600648,0.030307776609862058,0.00020483316792659184,18,5,0,1,2
AMLODIPINUM+TELMISARTANUM,0.0,24812.739999999994,63392.58000000001,True,1.554839973336279,,7.46870281521291e-05,8,3,0,1,2
AMLODIPINUM+VALSARTANUM,1090210.4,1320432.1800000002,1368899.4100000001,True,0.036705580744025745,0.05855957276192214,0.0016127917300747645,31,10,0,1,5
AMMONIUM FERRIC CITRATE+CYANOCOBALAMINUM+FOLIC ACID,21940.47,18892.780000000002,30606.489999999998,True,0.6200098662028559,0.08678065703820859,3.605954798286893e-05,1,1,0,1,0
AMMONIUM*,2978400.38,2369625.18,2831294.0700000003,True,0.19482781238845548,-0.012583283877846019,0.0033357364523268524,11,1,0,1,0
AMMONIUM*+ANISUM VULGARE GAERTN.*&,46455.06,26216.6,46769.94,True,0.7839819045947989,0.0016902506656426564,5.510278687905412e-05,1,1,0,1,0
AMMONIUM*+ANISUM VULGARE GAERTN.*&+GLYCYRRHIZA GLABRA/URALENSIS*&,22908.56,10304.09,11935.17,True,0.15829442483518674,-0.15041330088375504,1.406162011059412e-05,1,1,0,1,0
AMMONIUM*+GLYCEROLUM+SPIRITUS AETHYLICUS*,275252.06,182384.71999999997,124600.24,True,-0.31682741843724616,-0.17974842073039166,0.00014679985627090808,1,1,0,1,0
AMOROLFINUM,230715.54,154275.85,166084.67999999996,True,0.07654360679263772,-0.07888642758272624,0.00019567544294296507,7,6,0,1,1
AMOXICILLINUM,1880899.43,975269.69,1070295.87,True,0.09743579747669617,-0.13147051070542437,0.0012609869762959247,17,3,4,2,3
AMOXICILLINUM+ACIDUM CLAVULANICUM,2856673.54,2189524.4499999997,2552485.77,True,0.16577175925119292,-0.027755087310735282,0.0030072537915620235,41,11,1,3,7
AMOXICILLINUM+CLARITHROMYCINUM+OMEPRAZOLUM,50347.030000000006,35859.490000000005,32323.96,True,-0.09859398446547918,-0.10486677752624118,3.808301398220887e-05,1,1,0,1,1
AMPICILLINUM,716786.77,468372.19,360564.09,True,-0.23017613406978743,-0.15783318827058146,0.00042480461184064145,4,1,3,2,3
AMPICILLINUM+SULBACTAMUM,129529.09,24412.03,19134.480000000003,True,-0.21618644578103485,-0.380041901620473,2.2543607571049347e-05,2,2,1,1,2
AMTOLMETINE GUACIL,24932.85,13333.329999999998,14343.71,True,0.07577851894462984,-0.12909177330432264,1.689928178622759e-05,1,1,1,1,1
AMYLMETACRESOLUM+ASCORBIC ACID+DICHLOROBENZYL ALCOHOL*+SODIUM ASCORBATUM,309686.03,380864.76000000007,429996.56999999995,True,0.12900067204957444,0.08551503774576208,0.0005066076491745397,1,1,0,1,1
AMYLMETACRESOLUM+DICHLOROBENZYL ALCOHOL*,1335124.55,1051255.25,927504.3700000001,True,-0.11771725277947476,-0.08704673590219714,0.0010927547828691112,33,5,0,1,7
AMYLMETACRESOLUM+DICHLOROBENZYL ALCOHOL*+LEVOMENTHOLUM,544002.98,586530.2,530490.26,True,-0.09554485003500235,-0.006268551867315675,0.0006250059704629514,5,2,0,1,2
AMYLMETACRESOLUM+DICHLOROBENZYL ALCOHOL*+LIDOCAINUM,354801.05,284625.15,317344.4,True,0.11495558280777374,-0.027506996242409376,0.0003738846113649345,3,2,0,1,2
ANAGRELIDUM,302.25000000000006,438.94,354.47,True,-0.19244088030254702,0.040646658211198394,4.1762475780422883e-07,2,2,1,1,2
ANASTROZOLUM,12899.36,19825.949999999997,22217.89,True,0.12064692990752035,0.14560173374542962,2.6176378622086488e-05,7,5,1,1,2
ANETHOLUM*+DICHLOROBENZYL ALCOHOL*+MENTHA PIPERITA+MENTHOLUM*,29261.239999999998,11290.12,15531.53,True,0.37567448353073307,-0.14644722541237432,1.829873178147407e-05,10,1,0,1,2
ANETHUM GRAVEOLENS*&,226686.95,146595.89,220424.93,True,0.5036228505451277,-0.006978736573979516,0.00025969731713618665,5,1,0,1,1
ANETHUM GRAVEOLENS+ARCTOSTAPHYLOS UVA-URSI+CALENDULA+ELEUTHEROCOCCUS SENTICOSUS+MENTHA PIPERITA,29658.379999999997,11249.369999999999,8061.0599999999995,True,-0.2834212049208089,-0.27796012542485005,9.497272632790805e-06,1,1,0,1,1
ANISUM VULG.*&+CAPSICUM ANNUUM*&+MENTHOLUM*,83335.25000000001,49578.689999999995,67658.25,True,0.3646639312172226,-0.05076661435140006,7.971269859144063e-05,2,2,0,1,1
ANISUM VULGARE GAERTN.*&,1318.1999999999998,1.8800000000000001,0.0,True,-1.0,-1.0,0.0,1,1,1,1,1
ANISUM VULGARE GAERTN.*&+CAPSICUM ANNUUM*&+LEVOMENTHOLUM,45805.99999999999,26148.629999999997,29516.500000000004,True,0.12879718746259394,-0.10404618623430384,3.477535803799622e-05,1,1,0,1,1
ANISUM VULGARE GAERTN.*&+THYMUS SERPYLLUM*&,1312.96,0.0,0.0,True,,-1.0,0.0,1,1,0,1,1
ANTAZOLINUM+NAPHAZOLINUM,102.55,0.0,0.0,True,,-1.0,0.0,1,1,0,1,1
ANTILYMPHOCYTE SERUM*,0.16,22.91,3.7199999999999998,True,-0.8376254910519424,1.1958655196747539,4.382780204338114e-09,1,1,1,1,1
ANTITHROMBINUM III,0.56,1.7,10.38,True,5.105882352941177,1.0749246572152678,1.2229370570169254e-08,1,1,0,1,1
ANTRAL*,1178439.61,1088835.13,1267330.21,True,0.1639321464582062,0.018346591128157508,0.0014931262786956087,2,1,2,1,1
ANTRAL*+LECITHIN*,2803.06,4230.0,2031.3300000000002,True,-0.5197801418439716,-0.07734992342374425,2.3932454065801455e-06,2,1,0,1,1
APIXABANUM,7169.900000000001,33418.6,82758.52,True,1.4764209152986663,0.8432103662281325,9.75033341925591e-05,2,1,2,1,2
APOMORPHINUM*,0.0,1.1,0.29,True,-0.7363636363636363,,3.4166834926291746e-10,1,1,0,1,1
APREPITANTUM,366.13,644.19,954.5,True,0.48170570794330847,0.2706769569093501,1.124560135763637e-06,1,1,0,1,1
APROTININUM,72569.79000000001,37736.600000000006,36417.15,True,-0.03496472920188898,-0.15833838294663927,4.29054742253795e-05,4,3,0,1,3
AQUA PRO INJECTIONIBUS*,1869003.24,1032900.27,823083.5800000001,True,-0.20313354163417918,-0.18537361775877215,0.000969729683048319,14,1,0,1,1
ARALIA MANDSHURICA RUPP. ET MAXIM*&,5689.099999999999,3040.49,3117.47,True,0.02531828751286791,-0.13962124336030057,3.6728994095747147e-06,2,1,0,1,0
ARCTOSTAPHYLOS UVA-URSI*&,141320.85,78282.01000000001,80997.1,True,0.03468344770401277,-0.12990673454537338,9.542808776580501e-05,7,2,0,2,2
ARGININUM,6089187.09,4199117.93,4994229.96,True,0.1893521552037003,-0.04834988499452886,0.005884035538871056,22,11,3,3,4
ARGININUM ASPARTATUM*,377386.53,425822.47000000003,351704.86,True,-0.17405753623100262,-0.01746508176889494,0.0004143669618756741,7,3,0,1,2
ARGININUM+INOSINUM,13.009999999999998,0.0,0.0,True,,-1.0,0.0,1,1,0,1,1
ARGININUM+LEVOCARNITINUM,311441.69,240021.28999999998,158298.67,True,-0.34048071319006734,-0.15564490243151996,0.00018650222506694938,1,1,0,1,1
ARGYREIA*&+MUCUNA PRURIENS*&+PRUNUS AVIUM*&+TRIBULUS TERRESTRIS*&,2615.3,3455.81,2727.66,True,-0.21070313472094826,0.010571812129025249,3.2136382398292736e-06,1,1,0,1,1
ARIPIPRAZOLUM,40041.88,69675.03,89721.64,True,0.28771584310763854,0.22347665173836218,0.0001057070504550405,25,9,4,1,4
ARMODAFINILUM,3666.3900000000003,45469.50000000001,48262.5,True,0.061425790914788836,0.9047710806365457,5.686127140103984e-05,2,1,1,1,2
ARONIA MELANOCARPA*&,3398.26,1953.14,2189.22,True,0.12087203170279626,-0.10410275542632119,2.5792661502529798e-06,1,1,0,1,0
ARTEMISIA ABSINTHIUM*&,335034.70999999996,228055.53,295683.01,True,0.2965395314027246,-0.030753721997148653,0.0003483638825234163,5,2,0,1,0
ARTEMISIA ABSINTHIUM+ATROPA BELLADONNA+MENTHA PIPERITA+VALERIANA,166320.69999999998,137298.91,144308.58000000005,True,0.05105408338638706,-0.03486856245262693,0.0001700195665968127,2,1,0,1,0
ARTICAINUM+EPINEPHRINUM,19299.36,14204.170000000002,14105.319999999998,True,-0.006959223946207627,-0.07538697087035351,1.6618418621466257e-05,17,7,0,1,3
ASCORBIC ACID,17552876.77,14386905.27,14461713.469999999,True,0.005199742307054223,-0.04727434034133815,0.017038309547614476,52,5,4,3,10
ASCORBIC ACID+BENDAZOLUM+GLUTAMILUM-TRIPTOPHANUM*,0.0,3415.0599999999995,1748.07,True,-0.4881290519053837,,2.0595179010207866e-06,1,1,0,1,1
ASCORBIC ACID+BETACAROTENUM+SELENIUM*+TOCOPHEROLI ACETAS*,73.66,0.0,0.0,True,,-1.0,0.0,1,1,0,1,1
ASCORBIC ACID+HESPERIDINUM+RUSCUS ACULEATUS&,166393.96000000002,109975.75,161543.22,True,0.4688985526354674,-0.0073690907928177785,0.00019032484590350454,1,1,0,1,1
ASCORBIC ACID+KALII CHLORIDUM*+MACROGOLUM+NATRII CHLORIDUM*+NATRII SULFAS*+SODIUM ASCORBATUM,6007.799999999999,4279.9,7920.53,True,0.8506343606159024,0.0715432235996083,9.331704863404881e-06,1,1,0,1,1
ASCORBIC ACID+MALVA SYLVESTRIS+PLANTAGO (SEMENI PSYLLIUM),374219.7,192314.69,130915.82000000002,True,-0.31926250667590694,-0.2309291139588996,0.00015424066245448703,3,2,0,1,1
ASCORBIC ACID+SODIUM ASCORBATUM,17580.28,2559.0700000000006,3156.93,True,0.23362393369466217,-0.34903177385832396,3.7193898684089035e-06,1,1,1,1,1
ASCORBIC ACID+SODIUM ASCORBATUM+ZINCI OXYDUM*,34913.76,125883.76000000002,58659.850000000006,True,-0.5340157459548396,0.1385079864646288,6.911108316382879e-05,2,1,0,1,2
ASPARAGINAT K-MG*,4492908.08,3249319.67,3358399.59,True,0.03357007960992653,-0.07017502162953626,0.003956754634760548,15,2,0,2,5
ATENOLOLUM,339144.0399999999,196489.38,180780.75,True,-0.07994645817499146,-0.14553948492086655,0.00021298986355521436,4,1,2,1,1
ATENOLOLUM+CHLORTALIDONUM,776769.53,520186.33999999997,507851.43999999994,True,-0.023712464268092925,-0.10079000262686466,0.0005983336661227433,5,3,0,1,4
ATENOLOLUM+CHLORTALIDONUM+NIFEDIPINUM,1136672.3499999999,995784.6699999999,972588.73,True,-0.023294132455363048,-0.03822499941489288,0.0011458716754855769,2,1,0,1,2
ATEZOLIZUMABUM,185.19000000000003,530.1700000000001,115.05,True,-0.7829941339570327,-0.11219564139373595,1.3554808131965053e-07,1,1,0,1,1
ATOMOXETINUM,347.19000000000005,36.07,347.36,True,8.630163570834489,0.00012238888938043146,4.0924799241367936e-07,10,2,5,1,2
ATORVASTATINUM,1706708.2800000003,1524871.39,1658471.5199999998,True,0.08761403150202707,-0.007141905953009897,0.0019539559535791777,85,17,5,1,10
ATORVASTATINUM+LEVAMLODIPINUM,67.81,0.0,0.0,True,,-1.0,0.0,1,1,0,1,1
ATOSIBANUM,3.5000000000000004,8.85,7.08,True,-0.19999999999999996,0.19259038421909347,8.34142038890157e-09,4,2,0,1,1
ATRACURII BESILAS,2386.32,2506.51,2266.44,True,-0.09577859254501286,-0.01280286497860783,2.6702441844946436e-06,6,3,0,1,1
ATROPA BELLADONNA*&,130781.47,167939.25,177402.21000000002,True,0.056347518522323004,0.07920314629189473,0.00020900938015963255,1,1,0,1,1
ATROPA BELLADONNA*&+NATRII HYDROCARBONAS*,25033.89,12125.220000000001,13093.57,True,0.07986246847479861,-0.14958202002452092,1.5426408440891234e-05,2,1,0,1,2
ATROPA BELLADONNA*&+PHENOLUM PURUM*,131415.03000000003,70966.97,43637.03999999999,True,-0.3851077480129137,-0.24089376021975162,5.1411708356965166e-05,2,1,1,1,1
ATROPA BELLADONNA*&+PHENYLII SALICYLAS,31936.219999999994,23376.740000000005,21671.210000000003,True,-0.07295841935188574,-0.0923886624223823,2.5532298438724243e-05,1,1,0,1,1
ATROPA BELLADONNA*&+XEROFORMIUM*+ZINCI SULFAS*,432763.26,335275.72,331497.85,True,-0.011267949853332682,-0.0644702922180792,0.0003905597351507111,1,1,0,1,1
ATROPINI OXYDUM,82242.25,57520.1,40599.29000000001,True,-0.2941721241791998,-0.16178415945186142,4.783273239843612e-05,4,1,0,2,1
AVANAFILUM,34.06,16483.08,29959.399999999998,True,0.8175850629858008,4.445930779720688,3.52971680789912e-05,3,1,2,1,2
AVIBACTAMUM+CEFTAZIDIMUM,0.0,132.0,436.81999999999994,True,2.3092424242424237,,5.146467873276814e-07,1,1,0,1,1
AVISAN*+EQUISETUM ARVENSE*&+HYPERICUM PERFORATUM*&+POLYGONUM AVICULARE*&,140769.43000000002,94972.25999999998,93141.43999999999,True,-0.019277418479880293,-0.09809945579335522,0.0001097361450095554,4,1,0,1,2
AXITINIB,349.85,415.53000000000003,238.07,True,-0.427069044352995,-0.09174938956364964,2.804861514104233e-07,2,1,2,1,1
AZACITIDINUM,0.0,0.0,22.97,True,,,2.7062489595066253e-08,1,1,1,1,1
AZAPENTHACENUM*,0.0,166057.55000000002,227400.41999999998,True,0.3694072928331169,,0.0002679156073210142,1,1,0,1,1
AZATHIOPRINUM,2822.49,4479.6900000000005,5783.110000000001,True,0.2909620978237333,0.19641613209500486,6.813467749330589e-06,1,1,1,1,1
AZELASTINUM,15795.77,20671.36,10665.840000000002,True,-0.4840281432861697,-0.09350885564427791,1.2566137745870331e-05,3,2,0,2,1
AZELASTINUM+FLUTICASONUM,0.0,137.04,1.01,True,-0.9926298890834793,,1.1899483888122297e-09,1,1,0,1,1
AZELASTINUM+MOMETASONUM,48851.96000000001,33557.2,4334.46,True,-0.8708336809984146,-0.454225485901366,5.106716528090156e-06,3,1,0,1,1
AZILSARTANUM MEDOXOMILUM,53605.009999999995,70040.75000000001,64721.89000000001,True,-0.07593950664434646,0.048241748447049426,7.625317695681424e-05,3,1,3,1,1
AZILSARTANUM MEDOXOMILUM+CHLORTALIDONUM,48868.91999999999,100157.83,105660.3,True,0.05493799136822353,0.212606172396979,0.00012448544925387807,2,1,0,1,1
AZITHROMYCINUM,5707853.24,4714802.809999999,3976716.27,True,-0.15654664038855082,-0.08638556654087648,0.0046852347705444355,85,23,8,4,8
AZITHROMYCINUM+FLUCONAZOLUM+SECNIDAZOLUM,13081.84,7343.969999999999,643.41,True,-0.9123893479957026,-0.5290717503155126,7.580442503422541e-07,1,1,0,1,1
AZOXIMERI BROMIDUM,3614.0600000000004,1.1,0.0,True,-1.0,-1.0,0.0,3,1,2,3,2
AZTREONAMUM,0.0,4720.45,9250.82,True,0.9597326526072727,,1.0899008271477179e-05,1,1,1,1,1
BACITRACINUM+NEOMYCINUM,331861.5,226408.86000000004,272856.20999999996,True,0.20514811125324295,-0.047764775371957335,0.00032147010640288257,5,2,0,1,1
BACLOFENUM,64672.270000000004,52739.380000000005,69430.86,True,0.31648987909983006,0.017908192915231158,8.18011287038094e-05,2,1,2,1,1
BALOXAVIRUM MARBOXILUM,0.0,0.83,3.23,True,2.891566265060241,,3.805478510755943e-09,1,1,1,1,1
BARII SULFAS*,101354.41,37408.46,41260.35,True,0.10296841944308843,-0.20122849356057704,4.861157129141454e-05,1,1,0,1,0
BASILIXIMABUM,0.0,0.08,0.05,True,-0.375,,5.890833607981335e-11,1,1,1,1,1
BECLOMETASONUM,138842.97,99895.48999999999,74877.55,True,-0.25044113603126616,-0.1430471397325208,8.821823760466057e-05,6,4,3,1,1
BECLOMETASONUM+CHLORAMPHENICOLUM+CLOTRIMAZOLUM+LIDOCAINUM,210730.46,211819.91,251442.13,True,0.18705616483360799,0.045147733182338445,0.0002962407499732824,1,1,0,1,1
BECLOMETASONUM+CLOTRIMAZOLUM,5161.51,348.81000000000006,4070.59,True,10.66993492159055,-0.057632831680561325,4.795833675262549e-06,1,1,0,1,1
BECLOMETASONUM+CLOTRIMAZOLUM+GENTAMICINUM,25322.57,53773.770000000004,32505.98,True,-0.3955049088059105,0.06442207029915092,3.829746388887382e-05,1,1,0,1,1
BECLOMETASONUM+FORMOTEROLUM,0.0,0.0,8.32,True,,,9.802347123680942e-09,1,1,0,1,1
BEMIPARINUM NATRICUM,20367.310000000005,46.559999999999995,10.72,True,-0.7697594501718212,-0.8485339576374399,1.2629947255511984e-08,6,1,0,1,2
BENDAMUSTINE,35.59,58.03,480.32000000000005,True,7.277098052731347,0.9166846759230074,5.658970397171191e-07,8,4,2,1,1
BENDAZOLUM,295956.78,220052.00999999995,164414.99999999997,True,-0.25283572733555126,-0.1366671110645985,0.00019370828153125023,6,2,1,2,1
BENDAZOLUM+METAMIZOLUM NATRICUM+PAPAVERINUM*,1520655.38,1124704.43,1159911.1500000001,True,0.03130308644734359,-0.06545874027873766,0.0013665687169384562,10,2,0,1,3
BENDAZOLUM+METAMIZOLUM NATRICUM+PAPAVERINUM*+PHENOBARBITALUM,4898.73,2045.82,746.0,True,-0.6353540389672601,-0.37531103970972823,8.789123743108153e-07,1,1,0,1,1
BENDAZOLUM+PAPAVERINUM*,672895.35,480343.05999999994,369492.76,True,-0.23077318947836978,-0.13917553471216326,0.00043532407370275636,1,1,0,1,1
BENFOTIAMINUM,2550.3,1651.8800000000003,1230.1900000000003,True,-0.2552788338135942,-0.16661586160427166,1.449368919240512e-06,2,1,1,1,2
BENFOTIAMINUM+PYRIDOXINUM,127166.79000000001,128531.82999999999,150107.09000000003,True,0.16785927656985855,0.042333927869564025,0.00017685117811365583,6,3,0,1,2
BENZALKONII CHLORIDUM,403847.50999999995,227631.97999999998,238996.99000000002,True,0.04992712359660545,-0.12291081598067566,0.00028157830017967587,16,8,3,2,4
BENZALKONII CHLORIDUM+CHLORHEXIDINUM+DEXPANTHENOLUM,10466.859999999999,1828.4399999999998,0.0,True,-1.0,-1.0,0.0,3,1,0,1,1
BENZATHINI BENZYLPENICILLINUM,1.4100000000000001,0.0,0.0,True,,-1.0,0.0,1,1,0,1,1
BENZATHINI BENZYLPENICILLINUM+BENZYLPENICILLINUM+BENZYLPENICILLINUM,673863.5200000001,438584.5,408622.92000000004,True,-0.06831427011214475,-0.11755490354533527,0.00048142592602549376,2,1,0,1,1
BENZOBARBITALUM,75156.76,67576.17,65146.100000000006,True,-0.035960457658372635,-0.03510491756049072,7.675296706178258e-05,2,1,2,1,2
BENZOCAINUM,605432.14,463519.61999999994,511254.34,True,0.10298317037798776,-0.0413879500108052,0.0006023428496596633,4,2,0,1,2
BENZOCAINUM+ATROPA BELLADONNA*&,235621.04000000004,154066.0,168762.83,True,0.09539307829112187,-0.0800469094767613,0.00019883075014840815,1,1,0,1,1
BENZOCAINUM+ATROPA BELLADONNA*&+METAMIZOLUM NATRICUM+NATRII HYDROCARBONAS*,88989.64000000001,51022.17999999999,40070.03,True,-0.21465468547208288,-0.1808375157027836,4.7209175879364066e-05,1,1,0,1,1
BENZOCAINUM+BISMUTHI SUBGALLAS*+MENTHOLUM*+ZINCI OXYDUM*,276444.01,235656.63,200357.92,True,-0.14978874135643883,-0.0773227074288978,0.00023605503375224716,2,2,0,1,2
BENZOCAINUM+CETYLPYRIDINII CHLORIDUM,703.6999999999999,0.0,0.0,True,,-1.0,0.0,3,1,0,1,2
BENZOCAINUM+CHLORAMPHENICOLUM+NITROFURALUM,16025.240000000003,6598.25,3459.35,True,-0.4757170461864888,-0.31837189283946865,4.0756910483540466e-06,1,1,0,1,1
BENZOCAINUM+CHLORHEXIDINUM,167704.8,203232.45,139901.06,True,-0.3116204621850497,-0.04430595916191049,0.00016482677320804265,2,1,0,1,1
BENZOCAINUM+CHLORHEXIDINUM+ENOXOLONUM,363769.71,331537.74,274079.88000000006,True,-0.17330714747587994,-0.06832883281187851,0.00032291179367509835,6,1,0,1,2
BENZOCAINUM+DEXTROMETHORPHANUM+NATRII BENZOAS+SULFOGAIACOLUM,758798.4700000001,586657.5800000001,597268.0700000001,True,0.01808634263278419,-0.058087169355184765,0.0007036813639460298,1,1,0,1,1
BENZOCAINUM+HEPARINUM NATRICUM,920320.73,686245.5200000001,576049.63,True,-0.16057793717910185,-0.11053231520841655,0.0006786825040538427,2,1,0,1,1
BENZOCAINUM+LEVOMENTHOLUM+PROCAINUM,1210664.46,2234977.97,2923933.21,True,0.3082604165445084,0.2466252341435462,0.0034448808041921495,5,2,0,1,0
BENZOCAINUM+MENTHOLUM*+PROCAINUM,5296221.109999999,3739778.3,3141489.54,True,-0.1599797399754953,-0.12240856200388384,0.0037011984322707654,15,2,0,1,1
BENZOCAINUM+PHENAZONUM+PHENYLEPHRINUM,133.4,0.0,0.0,True,,-1.0,0.0,1,1,0,1,1
BENZOYLI PEROXIDUM*,41499.899999999994,46243.030000000006,43484.32000000001,True,-0.05965677422089333,0.01174579534083886,5.1231778735242995e-05,1,1,0,1,1
BENZOYLI PEROXIDUM*+CLINDAMYCINUM,94228.79,51593.509999999995,26441.150000000005,True,-0.4875101538933868,-0.2721796717628666,3.115208301073514e-05,3,1,0,1,1
BENZYDAMINUM,2369409.46,2384259.35,3011563.65,True,0.2631023760062008,0.06178841400760238,0.003548124072398988,34,12,2,4,6
BENZYDAMINUM+CETYLPYRIDINIUM CHLORIDE,925750.7700000001,640424.3500000001,632688.5,True,-0.012079256511717706,-0.09076956484333654,0.0007454125358366599,5,2,0,1,2
BENZYDAMINUM+CHLORHEXIDINUM,0.0,57861.54999999999,136863.48,True,1.3653614533312717,,0.0001612479975378563,1,1,0,1,0
BENZYL ALCOHOL+BENZYL CINNAMATUM*+BENZYLII BENZOAS*+ZINCI OXYDUM*,488366.74,491577.83999999997,536648.98,True,0.09168667977384826,0.023849346322231124,0.0006322619694145807,4,1,0,1,0
BENZYLII BENZOAS*,634058.9099999999,386246.4,408019.76,True,0.05637168398203829,-0.10435089435391443,0.0004807153029856957,6,1,0,1,1
BENZYLNICOTINATUM*+CAMPHORA*+DIMETHYLIS SULFOXIDUM+NONIVAMIDUM+PINUS SILVESTRIS,106188.62,56085.14,44383.659999999996,True,-0.208637796036526,-0.19594402434734604,5.229135119464337e-05,2,1,0,1,1
BENZYLPENICILLINUM,677288.77,330039.27,330889.55,True,0.0025762994809677142,-0.16395954248610134,0.0003898430563339641,3,2,0,1,2
BETACAROTENUM+MENADIONUM+RETINOLUM+TOCOPHEROLI ACETAS*,18380.530000000002,11051.71,12237.619999999997,True,0.10730556628793164,-0.09669433610255473,1.4417956635540907e-05,2,1,0,1,1
BETAHISTINE,1314457.2300000002,1235591.54,1355422.79,True,0.09698289938113369,0.007701908337236718,0.0015969140248711657,40,13,3,2,6
BETAMETHASONUM,824823.53,672864.56,676283.8099999999,True,0.005081631881459048,-0.04842727079909026,0.0007967750792963327,26,12,0,2,2
BETAMETHASONUM+CALCIPOTRIOLUM,0.0,3475.71,21579.399999999998,True,5.208630754579639,,2.5424130952014483e-05,3,2,0,1,1
BETAMETHASONUM+CETYLPYRIDINII CHLORIDUM,127341.61,223275.85,308604.33999999997,True,0.3821662306962439,0.24769353062283628,0.00036358736352817974,1,1,0,1,1
BETAMETHASONUM+CLOTRIMAZOLUM+GENTAMICINUM,847584.4000000001,894131.44,1077303.49,True,0.20486031673374572,0.061790359825864005,0.0012692431209775168,8,3,0,1,1
BETAMETHASONUM+GENTAMICINUM,184749.74,178062.77999999997,207960.59000000003,True,0.16790600483717077,0.030028641893848462,0.0002450122465415255,10,4,0,1,1
BETAXOLOLUM,319907.54000000004,225143.36000000002,221067.13999999998,True,-0.018104997633507924,-0.08825176949654334,0.00026045394758646297,7,6,2,2,3
BETULA PUBESCENS EHRH.*&,116172.29999999999,47360.67,66107.46999999999,True,0.39583054884992097,-0.1314656739509822,7.788562120292356e-05,7,1,0,1,0
BEVACIZUMABUM,11600.27,10313.51,2559.9399999999996,True,-0.7517877037012618,-0.31460580442586095,3.0160361172831475e-06,2,1,0,1,1
BIBROCATHOL,8901.27,6222.2,8230.250000000002,True,0.3227234740124074,-0.01940367068016069,9.69660666041768e-06,1,1,0,1,1
BICALUTAMIDUM,27248.86,29096.690000000002,25104.940000000002,True,-0.13718914419475203,-0.020278333529340387,2.9577804855670994e-05,14,7,2,1,2
BICLOTYMOLUM,467621.67,330936.66,406852.68,True,0.22939743212492703,-0.03420347568250093,0.00047934028816825513,1,1,0,1,1
BICLOTYMOLUM+ENOXOLONUM+MURAMIDASE,107221.3,87386.52999999998,106034.27000000002,True,0.21339375759627988,-0.0027792754383770824,0.00012492604826275344,1,1,0,1,1
BICYCLOLUM*,25616.760000000002,29023.21,34131.09,True,0.17599293806577565,0.07437647343384723,4.021211440980713e-05,1,1,1,1,1
BIDENS TRIPARTITES*&,524007.75999999995,190296.68,156825.6,True,-0.17588893300713382,-0.2603609879553834,0.00018476670301436756,12,1,0,1,1
BIDENS TRIPARTITES*&+HYPERICUM PERFORATUM*&+ROSA L.*&+VACCINIUM VITIS-IDAEA*&,23290.760000000002,9948.19,9113.53,True,-0.08390068947215523,-0.209092412676107,1.0737257762269229e-05,1,1,0,1,1
BIDENS TRIPARTITES+CALENDULA+EUCALYPTUS VIMINALIS+GLYCYRRHIZA GLABRA/URALENSIS+MATRICARIA CHAMOMILLA+SALVIA,192602.77,103259.99999999999,117199.59999999999,True,0.134995157853961,-0.11678609024002151,0.00013808066850439386,6,2,0,1,1
BIFONAZOLUM,47104.670000000006,27276.82,31115.27,True,0.14072204897785,-0.09847577321986278,3.6658975647482685e-05,4,3,0,1,1
BIFONAZOLUM+UREA PURA*,31893.09,9005.070000000002,20097.18,True,1.2317627736375174,-0.10903707800334128,2.3677828673930067e-05,1,1,0,1,0
BILASTINUM,283028.89,535118.02,829220.9199999999,True,0.549603805156851,0.3083076189080607,0.0009769604927954403,5,2,2,1,2
BIMATOPROST,23398.760000000002,45982.5,66412.05,True,0.44428967541999675,0.29796658124187103,7.824446722298737e-05,6,5,0,1,1
BIMATOPROST+TIMOLOLUM,2057.8900000000003,5589.540000000001,10480.150000000001,True,0.8749575099203155,0.5022296704917681,1.234736396733712e-05,3,3,0,1,1
BIOTINUM,263403.44,259254.79,324837.06000000006,True,0.25296454503309285,0.05380688617945184,0.00038271221403317,11,6,3,1,3
BIPERIDENUM,0.0,2094.1299999999997,3114.6000000000004,True,0.48730021536389856,,3.669518071083734e-06,2,1,1,2,2
BISACODYLUM,1093109.46,909270.4299999999,910822.5799999998,True,0.0017070279080777517,-0.04458394727464754,0.0010731008530344536,9,1,2,2,3
BISMUTHI SUBCITRAS*,594945.36,318346.67000000004,348937.62,True,0.09609319927863536,-0.12487986123702188,0.000411106691797004,8,4,1,1,6
BISMUTHI SUBGALLAS*+BUFEXAMACUM+LIDOCAINUM,2549.1400000000003,10112.310000000001,10183.039999999999,True,0.006994445383893266,0.413744539443363,1.199731885268365e-05,1,1,0,1,1
BISOPROLOLUM,9245684.67,9854296.809999999,10102992.13,True,0.02523724673561989,0.022416228529962945,0.011903009116114988,59,10,3,1,7
BISOPROLOLUM+HYDROCHLOROTHIAZIDUM,20.49,0.0,0.0,True,,-1.0,0.0,1,1,0,1,1
BISOPROLOLUM+PERINDOPRILUM,118401.59999999999,279812.9,355174.24,True,0.26932761141462724,0.3160457049739005,0.00041845446993624575,3,1,0,1,1
BLEOMYCINUM,1.9500000000000002,2.38,0.0,True,-1.0,-1.0,0.0,3,2,1,1,1
BORTEZOMIBUM,29.88,38.90999999999999,345.46000000000004,True,7.87843741968646,0.8439718798888145,4.070094756426465e-07,7,5,3,1,1
BOTULINUM TOXIN,37.65,5714.0599999999995,43321.59,True,6.581577722320032,4.824180847062688,5.1040055664637626e-05,5,3,0,1,1
BOVHYALURONIDASUM AZOXIMERUM,12.59,0.9,0.0,True,-1.0,-1.0,0.0,2,1,0,1,1
BRENTUXIMAB VEDOTIN,0.02,0.03,4.87,True,161.33333333333334,2.9502514520378615,5.737671934173821e-09,2,1,1,1,1
BREXPIPRAZOLUM,0.0,12.709999999999999,3653.33,True,286.43745082612116,,4.304231829009291e-06,3,1,3,1,1
BRIMONIDINUM,107796.69,134601.91,152042.68,True,0.12957297559893455,0.08978298433465359,0.0001791316258383103,11,11,0,1,1
BRIMONIDINUM+BRINZOLAMIDUM,79956.93000000001,95564.62999999999,94355.61,True,-0.012651333448368773,0.042264399745551184,0.00011116663969791596,1,1,0,1,1
BRIMONIDINUM+TIMOLOLUM,5417.929999999999,15558.329999999998,18961.21,True,0.21871756158919387,0.3677545388263972,2.2339466623198354e-05,2,2,0,1,1
BRINZOLAMIDUM,151886.53,135026.47,140682.33,True,0.041887046295441044,-0.01897500413554354,0.00016574723952262417,4,4,0,1,1
BRINZOLAMIDUM+TIMOLOLUM,273776.93,262163.89,301297.54,True,0.1492717017587737,0.02423516921884805,0.0003549787349268201,3,3,0,1,1
BROLUCIZUMABUM,0.0,273.90000000000003,406.99,True,0.4859072654253376,,4.795020740224647e-07,1,1,0,1,1
BROMELAINA+RUTOSIDUM+TRYPSINUM*,194.34,0.0,0.0,True,,-1.0,0.0,3,1,0,1,3
BROMFENACUM,24891.21,66629.06999999999,91193.88,True,0.3686800671238548,0.3835024140321883,0.00010744159462924339,2,2,0,1,1
BROMHEXINE,1380020.8,1165613.5199999998,1018593.13,True,-0.12613133553907285,-0.07310876014232082,0.0012000725286125803,12,1,1,2,5
BROMHEXINE+GUAIFENESINUM+MENTHOLUM*+SALBUTAMOLUM,595213.95,359348.88999999996,411431.76,True,0.1449367771805279,-0.08818616376048116,0.0004847352078397822,4,2,0,1,1
BROMHEXINUM+GUAIFENESINUM+SALBUTAMOLUM,402236.91000000003,269698.47000000003,265105.01,True,-0.017031835590316957,-0.09898088649030923,0.0003123379005104456,2,1,0,1,2
BROMHEXINUM+PHENYLEPHRINUM+SALBUTAMOLUM,0.0,760.6700000000001,16547.86,True,20.75432184784466,,1.9496137965634005e-05,1,1,0,1,1
BROMHEXINUM+SALBUTAMOLUM,0.0,0.0,0.0,True,,,0.0,1,1,0,1,1
BROMOCRIPTINUM,32013.75,19622.159999999996,19166.829999999998,True,-0.0232048867199125,-0.12036310791536009,2.258172126449298e-05,2,2,1,1,1
BUDESONIDUM,510692.19000000006,557049.19,851545.5200000001,True,0.5286720370242353,0.1363501223632,0.0010032625935883887,24,8,6,3,4
BUDESONIDUM+FORMOTEROLUM,202973.41,340480.41,733152.14,True,1.1532872919179114,0.37860147758837925,0.0008637754532150874,7,2,0,1,1
BUPIVACAINUM,121303.82,60562.49,58586.41,True,-0.03262877731744507,-0.1663560508796439,6.902455859979477e-05,18,5,0,1,2
BUPIVACAINUM+EPINEPHRINUM,46.19,0.0,0.0,True,,-1.0,0.0,1,1,0,1,1
BUPRENORPHINUM,180458.75,99269.48,44260.33,True,-0.5541396006103789,-0.2962649600088352,5.214604789286891e-05,9,2,5,2,2
BUPROPIONUM,0.0,0.0,252.14,True,,,2.9706295718328276e-07,1,1,1,1,1
BUSPIRONUM,53060.729999999996,71944.47,99720.58999999998,True,0.3860772064899496,0.17085443329023042,0.00011748748059594548,4,2,2,1,2
BUTAMIRATUM,397920.10000000003,198596.53,227307.01,True,0.1445668763698944,-0.13063082380669422,0.0002678055547675499,9,4,0,1,2
BUTAMIRATUM+GUAIFENESINUM,456398.56999999995,415546.66000000003,496473.57999999996,True,0.19474809399262138,0.021263867659940594,0.000584928650107762,9,2,0,2,2
BUTOCONAZOLUM,827.82,0.0,0.0,True,,-1.0,0.0,1,1,0,1,1
BUTORPHANOLUM,8.77,0.0,0.0,True,,-1.0,0.0,1,1,0,1,1
CABAZITAXEL,0.0,0.09,2.2,True,23.444444444444446,,2.591966787511788e-09,3,3,1,1,1
CABERGOLINUM,159951.30000000002,149814.44999999998,180339.98,True,0.20375557898453733,0.03044795278801904,0.0002124705630093364,7,5,1,1,2
CABOZANTINIBUM,0.0,7.65,8.51,True,0.1124183006535946,,1.0026198800784232e-08,2,1,2,1,1
CALAMAGROSTIS EPIGEIOS*+DESCHAMPSIA CAESPITOSA*,412689.79,566011.75,628389.3200000001,True,0.11020543301442065,0.11083938076813316,0.0007403473850305077,9,2,0,2,3
CALCII CARBONAS*+COLECALCIFEROLUM,952552.12,631029.49,664307.03,True,0.05273531669653031,-0.08616029180159035,0.0007826644356684531,18,6,0,2,7
CALCII CARBONAS*+MAGNESII CARBONAS,976626.04,719391.2200000001,771072.1000000001,True,0.07183974249783032,-0.05736909944692725,0.0009084514881713492,10,2,0,1,3
CALCII CHLORIDUM*,208244.03999999998,90606.45000000001,85327.19999999998,True,-0.05826571949348003,-0.19992863235774527,0.00010052966748698898,5,1,0,1,1
CALCII CHLORIDUM*+CITICOLINUM+KALII CHLORIDUM*+NATRII CHLORIDUM*+NATRII LACTAS*,184982.65,115153.62,126807.21999999999,True,0.10120046595148291,-0.09007992601367021,0.00014940004666213658,3,1,0,1,1
CALCII CHLORIDUM*+DEXTROSUM*+KALII CHLORIDUM*+NATRII ACETAS*+NATRII CHLORIDUM*+XYLITOLUM*,2970.54,348.63,566.3,True,0.6243582021053837,-0.33922623872871205,6.67195814439966e-07,1,1,0,1,0
CALCII CHLORIDUM*+DEXTROSUM*+MAGNESII CHLORIDUM*+NATRII CHLORIDUM*+NATRII LACTAS*,0.0,0.0,0.0,True,,,0.0,1,1,0,1,1
CALCII CHLORIDUM*+FRUCTOSUM*+KALII CHLORIDUM*+MAGNESII CHLORIDUM*+NATRII CHLORIDUM*,454474.97,202808.43000000002,163823.04,True,-0.19222766035908867,-0.22515247035940544,0.00019301085395873415,7,1,0,1,0
CALCII CHLORIDUM*+GELATINUM*+KALII CHLORIDUM*+MAGNESII CHLORIDUM*+NATRII ACETAS*+NATRII CHLORIDUM*,4143.54,2103.8999999999996,1472.0900000000001,True,-0.3003041969675363,-0.22795839181590083,1.734367449194649e-06,1,1,0,1,1
CALCII CHLORIDUM*+HYDROXYETHYLAMYLUM*+KALII CHLORIDUM*+MAGNESII CHLORIDUM*+NATRII CHLORIDUM*+NATRII LACTAS*+XYLITOLUM*,19016.850000000002,4771.76,2658.05,True,-0.4429623451305179,-0.38855676926773286,3.131626054338958e-06,3,1,0,1,0
CALCII CHLORIDUM*+KALII CHLORIDUM*+MAGNESII CHLORIDUM*+NATRII ACETAS*+NATRII CHLORIDUM*,431800.70999999996,116441.07999999999,111370.33999999998,True,-0.043547689526754696,-0.2873577798413517,0.00013121282836086158,3,1,0,1,0
CALCII CHLORIDUM*+KALII CHLORIDUM*+MAGNESII CHLORIDUM*+NATRII ACETAS*+NATRII CHLORIDUM*+XYLITOLUM*,237728.99000000002,206722.02000000002,171650.78,True,-0.16965410844959827,-0.07819107430038885,0.0002022332367320421,2,1,0,1,0
CALCII CHLORIDUM*+KALII CHLORIDUM*+MAGNESII CHLORIDUM*+NATRII CHLORIDUM*+NATRII HYDROCARBONAS*+POVIDONUM,39702.86,14671.12,18418.75,True,0.25544266559062967,-0.17470428502132485,2.1700358303401244e-05,3,1,0,1,0
CALCII CHLORIDUM*+KALII CHLORIDUM*+MAGNESII CHLORIDUM*+NATRII CHLORIDUM*+NATRII LACTAS*,97471.2,15109.59,21251.52,True,0.40649216821899214,-0.31667325148410574,2.5037833647337503e-05,2,1,0,1,0
CALCII CHLORIDUM*+KALII CHLORIDUM*+MAGNESII CHLORIDUM*+NATRII CHLORIDUM*+NATRII LACTAS*+SORBITOL*,3845667.3699999996,2116481.33,1987092.6900000002,True,-0.06113384425649526,-0.15216449025919032,0.002341126480085208,5,3,0,1,1
CALCII CITRAS*+MAGNESII HYDROXIDE*+ZINCI SULFAS*,89.25,0.0,0.0,True,,-1.0,0.0,1,1,0,1,1
CALCII FOLINAS,6647.549999999999,5806.76,7312.919999999999,True,0.25938044623852186,0.024135221626351067,8.615838981695772e-06,19,4,5,1,2
CALCII GLUCONAS*,2102027.62,1126643.55,1187234.8199999998,True,0.053780337179403226,-0.13308892382737714,0.0013987605556443341,20,1,1,2,3
CALCII PANTOTHENAS+CYANOCOBALAMINUM+NICOTINAMIDUM+PYRIDOXINUM+RIBOFLAVINUM+SILIMARINUM*+THIAMINUM,236.08,0.0,0.0,True,,-1.0,0.0,2,1,2,1,1
CALCITONINUM,65.39,0.0,0.0,True,,-1.0,0.0,1,1,0,1,1
CALCITRIOLUM,58.980000000000004,695.8,7759.379999999999,True,10.151739005461339,2.3867299096690617,9.141843296219641e-06,1,1,0,1,1
CALENDULA OFFICINALIS*&,3903356.59,2269161.6599999997,2148445.76,True,-0.05319845744264862,-0.13866609768993376,0.0025312272975866004,40,5,1,3,3
CALENDULA OFFICINALIS*&+CORIANDRUM SATIVUM*&+GLYCYRRHIZA GLABRA/URALENSIS*&+MELILOTUS OFFICINALIS*+SILYBUM MARIANUM*&,1017.2,155.64999999999998,150.83,True,-0.0309669129457113,-0.37945919479829915,1.77702886618365e-07,2,1,0,1,0
CALENDULA OFFICINALIS*&+MATRICARIA CHAMOMILLA*&+ACHILLEA MILLEFOLIUM*&,485715.18999999994,319867.16,358100.25999999995,True,0.11952805658448962,-0.07337132041870287,0.0004219018093269708,5,2,0,1,1
CAMILOPHINUM+COFFEINUM*+ERGOTAMINUM+MECLOXAMINUM+PROPYPHENAZONUM,40737.89000000001,70834.9,75754.02999999998,True,0.0694450052163551,0.16775518046797133,8.925087717280524e-05,1,1,0,1,1
CAMPHORA*,510140.52,596569.4899999999,572639.3299999998,True,-0.040112946439818886,0.02931390120648736,0.0006746646020831827,5,2,0,1,0
CAMPHORA*+CARYOPHYLLUS AROMATICUS*&+EUCALYPTUS VIMINALIS*&+MENTHOLUM*,215018.48,174061.03000000003,170369.78999999998,True,-0.02120658483981197,-0.0565275996326452,0.00020072401694334446,10,1,0,1,1
CAMPHORA*+CARYOPHYLLUS AROMATICUS*&+EUCALYPTUS VIMINALIS*&+MENTHOLUM*+OLEUM TEREBINTHINE*,42.269999999999996,0.0,0.0,True,,-1.0,0.0,1,1,0,1,0
CAMPHORA*+CHLOROBUTANOLUM+EUCALYPTUS VIMINALIS*&+HEXETIDINUM+MENTHOLUM*,1954.1899999999998,751.2800000000001,129.67,True,-0.8274012352252157,-0.4924624474788917,1.5277287878938793e-07,1,1,0,1,1
CAMPHORA*+CHLOROBUTANOLUM+EUCALYPTUS VIMINALIS*&+LEVOMENTHOLUM,804.7,0.0,0.0,True,,-1.0,0.0,1,1,0,1,1
CAMPHORA*+CHLOROBUTANOLUM+EUCALYPTUS VIMINALIS*&+MENTHOLUM*,224165.51999999996,155395.68,140118.62,True,-0.09831071236986766,-0.1108362275830479,0.00016508309515999314,3,1,0,1,1
CAMPHORA*+CINEOLUM+LEVOMENTHOLUM+OXYMETAZOLINUM,53527.079999999994,281156.80999999994,389174.67000000004,True,0.3841908008559356,0.6420741083287504,0.00045851264508220917,2,1,1,1,1
CAMPHORA*+EUCALYPTUS VIMINALIS*&+LEVOMENTHOLUM+PINUS SILVESTRIS*&,20555.46,12213.720000000001,6090.349999999999,True,-0.5013517585141956,-0.2622167981257937,7.175447692873825e-06,2,1,0,1,1
CAMPHORA*+EUCALYPTUS VIMINALIS*&+MENTHOLUM*+METHYL SALICYLAT*+PINUS SILVESTRIS*&+THYMOL,82395.75,83571.76,90063.93000000001,True,0.07768377739083165,0.022495771419517085,0.0001061103251421757,5,3,0,1,1
CAMPHORA*+EUCALYPTUS VIMINALIS*&+MENTHOLUM*+MYRISTICA FRAGRANS*+OLEUM TEREBINTHINE*+THYMOL,374463.83999999997,282872.72000000003,248200.64999999997,True,-0.12257127516573552,-0.09770561033479053,0.0002924217461085625,1,1,0,1,1
CAMPHORA*+LEVOMENTHOLUM+PINUS SILVESTRIS*&,5835.86,0.0,0.0,True,,-1.0,0.0,1,1,0,1,0
CAMPHORA*+MENTHA PIPERITA+VALERIANA,100004.74999999999,75214.18,45813.979999999996,True,-0.39088639934650615,-0.17729459914444767,5.397650661987694e-05,4,1,0,1,0
CAMPHORA*+PINUS SILVESTRIS*&+EUCALYPTUS VIMINALIS*&,79231.31999999999,34867.06,54167.87000000001,True,0.5535542715674913,-0.09069157119405369,6.381878181375281e-05,2,1,0,1,1
CAMPHORA*+SPIRITUS AETHYLICUS*,1003175.2999999999,355188.94,402750.0,True,0.13390355003734067,-0.20399704559182752,0.0004745066471228966,9,1,0,1,0
CAMPHORA*+SULFANILAMIDUM,0.0,446.15999999999997,741.4399999999999,True,0.6618253541330463,,8.735399340603362e-07,1,1,0,1,1
CANDESARTANUM,424576.44,381048.83999999997,345391.17,True,-0.09357768941115263,-0.050294758699528486,0.00040692838242719894,12,4,4,1,3
CANDESARTANUM+HYDROCHLOROTHIAZIDUM,132887.52999999997,156330.59,161239.28000000003,True,0.03139942093226944,0.049534345544463676,0.00018996675391014258,5,1,0,1,1
CAPECITABINUM,10678.730000000001,14444.329999999998,7856.600000000001,True,-0.4560772289195828,-0.07385548465997982,9.256384664893233e-06,16,5,2,1,3
CAPSAICINUM+ETHYLIS NICOTINAS*+GLYCOL SALICYLATUM*,52551.79999999999,0.0,0.0,True,,-1.0,0.0,1,1,0,1,1
CAPSELLA BURSA-PASTORIS MEDIC.*&,26164.159999999996,10070.02,11383.78,True,0.1304625015640486,-0.18783377569086246,1.3411990761973154e-05,3,1,0,1,0
CAPSICUM ANNUUM*&,229562.22999999998,155148.52,116406.46999999999,True,-0.24970943970332427,-0.15614239018657539,0.0001371462291324942,5,3,0,2,0
CAPSICUM ANNUUM*&+DIMETHYLIS SULFOXIDUM,191484.09,57176.71,50375.52999999999,True,-0.11895018093905729,-0.28382075110284777,5.9350773028774394e-05,2,1,0,1,1
CAPTOPRILUM,1390663.13,1184102.7999999998,1149293.6500000001,True,-0.029397067551904854,-0.046540464079661836,0.0013540595317719079,8,1,3,1,1
CAPTOPRILUM+HYDROCHLOROTHIAZIDUM,5458173.039999999,5370071.970000001,5078151.109999999,True,-0.054360697888375054,-0.01787994379400537,0.005982908645039144,4,3,0,1,1
CARBAMAZEPIN,1250473.6500000001,983096.7100000001,963986.5899999999,True,-0.01943869794864861,-0.06297945788260617,0.0011357369204030648,24,8,4,2,4
CARBAZOCHROMUM+TROXERUTINUM,0.0,80449.62,106827.19,True,0.32787687499331897,,0.00012586024021964153,1,1,0,1,1
CARBETOCINUM,336.28,352.32,356.8499999999999,True,0.012857629427792672,0.014953546841185883,4.204287946016278e-07,3,2,0,1,2
CARBIDOPA+LEVODOPA*,186094.74000000002,201804.09,245850.16999999998,True,0.21826158230985304,0.07209705680577039,0.00028965248879278494,8,4,0,1,2
CARBIMAZOLE,29554.259999999995,27193.079999999998,31844.899999999998,True,0.17106631540082984,0.018837566705584674,3.751860143256096e-05,3,1,2,1,2
CARBO ACTIVATUS MEDICINALIS*,13498148.490000002,8819587.81,5468696.71,True,-0.37993738167679747,-0.20218461078565553,0.006443036474224992,7,2,1,1,3
CARBOCISTEINUM,878155.97,334060.73000000004,358001.55000000005,True,0.07166607101648848,-0.20094198477380099,0.00042178551248988217,13,6,1,2,4
CARBOMERUM,152453.59,96697.38,95944.97,True,-0.007781079487365616,-0.10932115158958855,0.0001130391707585522,2,2,0,1,1
CARBOPLATINUM,6302.37,7504.16,14749.830000000002,True,0.9655537728406647,0.23686066923650317,1.7377758855202272e-05,29,3,4,1,1
CARDIOSPERMUM HALICACABUM*&,5140.259999999999,4048.71,3335.09,True,-0.17625861076738025,-0.10250793428144356,3.929292051528495e-06,2,1,0,1,1
CARICA PAPAYA*&+CHYMOTRYPSINUM+TRYPSINUM*,2.6,0.0,0.0,True,,-1.0,0.0,1,1,0,1,1
CARIPRAZINUM,0.0,1626.6,2311.35,True,0.4209701217263002,,2.7231556519615317e-06,4,1,4,1,1
CARNITINUM+COBAMAMIDUM*+COCARBOXYLASUM+LYSINUM+PYRIDOXALPHOSPHATUM*,590015.5499999999,348843.17999999993,320599.60000000003,True,-0.08096354356132152,-0.14143164037331368,0.00037771977967707463,3,1,0,1,3
CARNITINUM+LYSINUM,52295.990000000005,45095.26,24117.969999999994,True,-0.46517727140280396,-0.1759224359084831,2.8414989646457115e-05,1,1,0,1,1
CARUM CARVI*&,54031.23,24065.000000000004,28326.370000000003,True,0.17707749844172027,-0.14908433804359766,3.3373186477622854e-05,1,1,0,1,0
CARVEDILOLUM,2634001.0300000003,2578307.08,2660725.9400000004,True,0.03196626989830875,0.0025269375818526285,0.0031347787577959466,31,8,4,1,3
CASPOFUNGINUM,0.0,0.35,0.0,True,-1.0,,0.0,1,1,1,1,1
CASSIA ACUTIFOLIA/ANGUSTIFOLIA*&,3019138.9000000004,1235099.1700000002,1291190.4100000001,True,0.04541436134233656,-0.19131981926565156,0.00152123757230624,22,4,3,2,5
CASSIA ACUTIFOLIA/ANGUSTIFOLIA*&+NATRII PICOSULFAS,137180.11000000002,166527.59999999998,148755.4,True,-0.1067222490446027,0.02045861938025073,0.00017525866193774135,3,1,0,1,1
CASSIA ACUTIFOLIA/ANGUSTIFOLIA*&+RHEUM*+SULFUR*+CARBO ACTIVATUS MEDICINALIS*,15.23,0.0,0.0,True,,-1.0,0.0,2,1,0,1,2
CEFALEXINUM,49288.149999999994,11124.510000000002,8692.779999999999,True,-0.21859209978686722,-0.3519566733473408,1.0241544114157597e-05,7,3,2,2,2
CEFAZOLINUM,363888.2700000001,171309.17,187067.26,True,0.0919862608639106,-0.15324565817268954,0.00022039642043219653,11,1,2,1,2
CEFDINIRUM,0.0,66955.70999999999,80325.8,True,0.1996855832011939,,9.463718444559744e-05,4,2,1,2,2
CEFDITORENUM,191.17999999999998,0.0,0.0,True,,-1.0,0.0,1,1,1,1,1
CEFEPIMUM,1101784.1400000001,866948.8,454791.01,True,-0.4754119159055299,-0.19845328477958135,0.0005358196332631551,52,23,3,1,2
CEFEPIMUM+SULBACTAMUM,0.0,1715.8600000000001,12959.69,True,6.552883102351007,,1.5268675480203927e-05,1,1,1,1,1
CEFIXIMUM,995014.1599999999,871804.3300000002,905503.3699999999,True,0.038654361810751325,-0.023290971119077186,0.0010668339368272715,21,8,2,2,6
CEFOPERAZONUM,511082.6400000001,112255.50000000001,21733.670000000002,True,-0.8063910454276182,-0.5458906073877625,2.5605886732155144e-05,6,5,1,1,2
CEFOPERAZONUM+SULBACTAMUM,792441.1600000001,529236.6200000001,302136.76999999996,True,-0.42910834477024684,-0.2142052204168967,0.00035596748778458535,23,9,0,1,4
CEFOTAXIMUM,901026.0900000001,256790.21999999997,198733.16,True,-0.22608750442287084,-0.31469603757666065,0.00023414079558966642,14,3,1,1,4
CEFPODOXIMUM,841501.29,515960.07000000007,536000.0499999999,True,0.03884017613998658,-0.10663792670417338,0.0006314974216839351,19,7,2,2,4
CEFTAZIDIMUM,1304120.85,488677.01,319062.2,True,-0.34708980886987095,-0.29670200506961353,0.00037590846615929253,36,16,3,1,3
CEFTRIAXONUM,15212701.019999998,6549086.6400000015,4690157.7,True,-0.2838455256716532,-0.2548473009470117,0.005525787721178488,76,24,3,1,7
CEFTRIAXONUM+SULBACTAMUM,639647.15,256670.83000000002,162191.77,True,-0.36809426299046144,-0.2903861455771918,0.00019108894593079578,3,3,1,1,1
CEFTRIAXONUM+TAZOBACTAMUM,4080.7700000000004,58560.05999999999,27543.739999999998,True,-0.5296497305501394,0.6118335752785562,3.245111785629997e-05,2,2,1,1,1
CEFUROXIMUM,923169.85,356781.07,409122.24999999994,True,0.14670391565337226,-0.1840888432558756,0.0004820142200145883,42,12,5,3,6
CELECOXIBUM,94423.75,91585.83,137896.68,True,0.5056551870524075,0.09930484357880842,0.00016246527939460954,9,6,2,1,3
CENTAURIUM VULG. RAF./PULCHELLUM (SWARTZ) DRUCE*&+LEVISTICUM OFFICINALE&+ROSMARINUS OFFICINALIS*&,1770003.05,1584072.2199999997,1752667.1199999996,True,0.10643132167294733,-0.0024576184624617303,0.002064934074819971,6,3,0,2,2
CENTAURIUM VULGARE RAF./PULCHELLUM (SWARTZ) DRUCE*&,23745.530000000002,12722.259999999998,14177.73,True,0.11440341574531576,-0.12096491695730971,1.6703729673777044e-05,2,1,0,1,1
CERULOPLASMINUM*,1530.07,0.0,0.0,True,,-1.0,0.0,2,1,1,1,1
CETIRIZINUM,1602672.2400000002,1443423.9100000001,1521235.2999999998,True,0.053907510788012036,-0.012952801946562897,0.0017922688061775137,18,6,1,2,5
CETIRIZINUM+CHLORPHENAMINUM+DEXTROMETHORPHANUM+PARACETAMOLUM,419271.3,367153.17999999993,385725.25,True,0.05058398241300832,-0.020632397307813077,0.0004544486532294005,2,1,0,2,2
CETIRIZINUM+PARACETAMOLUM,0.0,0.0,0.0,True,,,0.0,1,1,0,1,1
CETIRIZINUM+PARACETAMOLUM+PHENYLEPHRINUM,216319.71000000002,500526.19999999995,814140.35,True,0.6265688988908074,0.3928386093525178,0.0009591930670787374,6,2,0,1,2
CETRARIA ISLANDICA*&,2145836.14,1385319.26,1037944.1000000002,True,-0.2507545877908316,-0.16604166748799576,0.0012228711974971882,3,3,2,2,2
CETRORELIXUM,0.14,106.59,139.13,True,0.3052819213809925,4.61465644475467,1.6391833597568865e-07,1,1,1,1,1
CETUXIMABUM,0.41000000000000003,65.08,92.35000000000001,True,0.41902274124154903,2.8740325087975354,1.0880369673941528e-07,1,1,0,1,1
CETYLPYRIDINII CHLORIDUM,1240.0500000000004,0.0,0.0,True,,-1.0,0.0,3,1,0,1,1
CETYLPYRIDINII CHLORIDUM+MURAMIDASE,0.0,33568.08,15721.000000000002,True,-0.5316681800091039,,1.8521959030214917e-05,1,1,0,1,1
CHELIDONIUM MAJUS*&,125622.22000000002,59565.32,63129.990000000005,True,0.05984472172734079,-0.15803834302383435,7.437765335270513e-05,4,1,0,1,1
CHLORAMBUCILUM,1107.41,1212.4399999999998,1200.95,True,-0.009476757612747688,0.020479116104726858,1.414919324301037e-06,1,1,1,1,1
CHLORAMPHENICOLUM,4681133.88,3000626.26,2995353.19,True,-0.0017573231529339761,-0.10561554121678518,0.0035290254478852205,28,2,3,5,3
CHLORAMPHENICOLUM+HYDROCORTISONUM+METRONIDAZOLUM+NYSTATINUM,11720.749999999998,0.0,0.0,True,,-1.0,0.0,1,1,0,1,1
CHLORAMPHENICOLUM+LIDOCAINUM+METRONIDAZOLUM,14914.769999999997,7999.09,7881.690000000001,True,-0.014676669471152204,-0.1473894598050871,9.285944867938084e-06,1,1,0,1,1
CHLORAMPHENICOLUM+METHYLURACILUM*,2946537.22,2543806.77,2561005.07,True,0.00676085157207118,-0.034450314522979086,0.0030172909473133182,16,1,0,1,1
CHLORAMPHENICOLUM+METHYLURACILUM*+SULFADIMETHOXINUM+TRIMECAINUM,150036.07,108108.74,105523.41,True,-0.023914162721718868,-0.08422605248717963,0.00012432417001135876,2,1,0,1,1
CHLORHEXIDINUM,5551441.12,3724891.4699999997,3677837.14,True,-0.012632402951595179,-0.09781274203700019,0.004333105325798791,44,8,2,2,3
CHLORHEXIDINUM+CHLOROCRESOLUM+HEXAMIDINUM,155438.81,123943.50999999998,177670.39,True,0.4334787678677168,0.03398418985462004,0.0002093253409110302,1,1,0,1,1
CHLORHEXIDINUM+DEXPANTHENOLUM,500909.81000000006,399961.04,417403.06000000006,True,0.04360929754558107,-0.04456967204163864,0.00049177039478445,7,4,0,2,2
CHLORHEXIDINUM+LIDOCAINUM,332495.56,58787.44000000001,62220.08,True,0.05839070386463496,-0.3422873744550595,7.330562767105747e-05,8,3,0,2,4
CHLORHEXIDINUM+LIDOCAINUM+TYROTHRICINUM,397928.42,477117.77999999997,679115.98,True,0.42337177206014,0.14296978058618848,0.0008001118477402361,1,1,0,1,1
CHLORHEXIDINUM+METRONIDAZOLUM,693516.21,556748.56,629456.15,True,0.13059322506375226,-0.02393842485179032,0.0007416042886341081,7,5,0,1,1
CHLORIN E6*,0.0,0.23,0.0,True,-1.0,,0.0,1,1,1,1,1
CHLORMADINONUM + ETHINYLESTRADIOLUM,84996.04000000001,75963.5,78970.79,True,0.03958861821795989,-0.018213745221268063,9.304075675616727e-05,4,3,0,1,2
CHLORNITROPHENOLUM*,94698.32,88234.06,48525.329999999994,True,-0.4500385678727694,-0.1539294940973327,5.717092896047698e-05,1,1,0,1,1
CHLOROBUTANOLUM+CHOLINI SALICYLAS+HEXETIDINUM,1456407.94,1084657.07,1299103.9300000002,True,0.1977093644906589,-0.028170194163765316,0.0015305610182209267,25,11,0,1,1
CHLOROPYRAMINUM,1242292.3299999998,1038384.5000000001,1072529.01,True,0.03288233790084494,-0.0360681929469544,0.00126361798752859,4,3,2,2,2
CHLOROQUINUM,8082.849999999999,0.0,0.0,True,,-1.0,0.0,1,1,1,1,1
CHLORPHENAMINUM+COFFEINUM*+DEXTROMETHORPHANUM+PARACETAMOLUM+PHENYLEPHRINUM,333333.21,289608.76999999996,237856.38,True,-0.1786975926177925,-0.08090785360581498,0.0002802344714353559,6,3,0,1,4
CHLORPHENAMINUM+COFFEINUM*+PARACETAMOLUM+PHENYLEPHRINUM,2493479.51,1786747.8200000003,2080050.8699999999,True,0.16415469867482457,-0.044310007947250485,0.002450646714261363,23,8,0,1,6
CHLORPHENAMINUM+COFFEINUM*+PARACETAMOLUM+PHENYLPROPANOLAMINUM,52863.40000000001,66867.3,527632.65,True,6.890742560264883,0.7774366973290012,0.0006216392294576507,2,2,0,1,2
CHLORPHENAMINUM+DEXTROMETHORPHANUM+PARACETAMOLUM+PHENYLEPHRINUM,1.07,0.0,0.0,True,,-1.0,0.0,1,1,0,1,1
CHLORPHENAMINUM+PARACETAMOLUM+PHENYLEPHRINUM,1454923.5500000003,888836.97,1109981.1199999999,True,0.24880170094635012,-0.06541489629635322,0.0013077428171841526,6,5,0,2,4
CHLORPHENAMINUM+PARACETAMOLUM+PSEUDOEPHEDRINUM,3.3200000000000003,0.0,0.0,True,,-1.0,0.0,2,1,0,1,2
CHLORPHENAMINUM+PHENYLEPHRINUM,305590.85000000003,275348.06,424779.50000000006,True,0.5427001737364703,0.08581490950935922,0.0005004610709163016,1,1,0,1,1
CHLORPROMAZINE,293401.49,210903.2,197678.05,True,-0.062707204063286,-0.09400868739445312,0.00023289770010004296,6,1,2,2,2
CHLORPROTHIXENE,54153.32000000001,60710.16,60818.21,True,0.001779767999293691,0.029442601319315198,7.16539910890533e-05,3,1,2,1,2
CHLORQUINALDOLUM,53625.35999999999,26109.249999999996,18131.81,True,-0.30554075662839786,-0.23745103719703342,2.1362295144306415e-05,2,1,0,1,2
CHLORQUINALDOLUM+METRONIDAZOLUM,220.46000000000004,0.0,0.0,True,,-1.0,0.0,1,1,0,1,1
CHLORTALIDONUM,6741.22,43577.19,62135.32,True,0.42586798276804894,0.7424086149211562,7.320576625973497e-05,4,3,2,1,1
CHLORZOXAZONE+DICLOFENACUM+PARACETAMOLUM,22556.600000000002,240.69,6117.18,True,24.41518135360838,-0.27836198134023493,7.2070579060142534e-06,2,1,0,1,2
CHOLE MEDICATA CONSERVATA*,57198.49999999999,37045.94,46565.87,True,0.2569763380278649,-0.050115566967098624,5.486235839617797e-05,2,1,0,1,1
CHOLE MEDICATA CONSERVATA*+HEMICELLULASE*+PANCREATINUM*,30290.09,32749.479999999996,28332.569999999996,True,-0.13486962235736266,-0.016563435036176077,3.3380491111296747e-05,3,2,0,1,2
CHOLINI ALFOSCERAS,569008.72,684633.75,790973.2699999999,True,0.15532322208772187,0.08582721196338872,0.0009318983843861789,21,11,1,3,5
CHOLINI SALICYLAS,66746.37000000001,32116.849999999995,28726.51,True,-0.10556265636262574,-0.1900395672730243,3.3844618109602384e-05,1,1,0,1,1
CHOLINI SALICYLAS+CETALKONII CHLORIDUM,155570.45,133772.52000000002,174658.44999999998,True,0.30563773486512735,0.02935605480519854,0.00020577677343558553,1,1,0,1,1
CHONDROITINI SULFAS*,721037.1000000001,387436.83,307692.83999999997,True,-0.2058244953119197,-0.19176073553487316,0.0003625134645614447,23,13,3,3,4
CHONDROITINI SULFAS*+DICLOFENACUM+GLUCOSAMINUM,210589.96000000002,200303.18,238651.91,True,0.19145342575190272,0.031767427158042816,0.0002811717384073874,4,2,0,1,2
CHONDROITINI SULFAS*+GLUCOSAMINUM,635437.97,451227.49999999994,494612.99,True,0.09614992437296044,-0.060713481527387425,0.0005827365648872272,17,8,0,1,3
CHONDROITINI SULFAS*+GLUCOSAMINUM+IBUPROFENUM,156253.34999999998,90572.4,91672.83,True,0.012149727731626925,-0.12480903552410139,0.00010800587758055192,4,2,0,1,2
CHONDROITINI SULFAS*+LEVOMENTHOLUM,51186.81999999999,7010.4,117.85999999999999,True,-0.9831878352162502,-0.7809455542100148,1.3885872980733602e-07,1,1,0,1,1
CHORIOGONADOTROPINUM ALFA,0.5,3152.99,5705.619999999999,True,0.8095902619418391,9.335540899003481,6.7221716100740924e-06,1,1,0,1,1
CHYMOTRYPSINUM,10889.54,6484.419999999999,6831.7300000000005,True,0.0535606885426918,-0.11001991233513175,8.048916936930867e-06,3,1,1,1,2
CICLOPIROXUM,0.0,6094.92,14132.5,True,1.3187342901957697,,1.6650441192959246e-05,1,1,0,1,1
CICLOSPORINUM,7802.74,4191.57,8889.679999999998,True,1.1208473197393816,0.03314135990748013,1.0473525141639901e-05,16,5,3,4,5
CILOSTASOLUM,85512.59,102784.4,128567.73000000001,True,0.2508486696424752,0.10732595312862414,0.00015147422095717405,8,3,2,1,4
CIMICIFUGA RACEMOSA*&,124652.57999999999,117648.48,124856.08000000002,True,0.06126385993257211,0.00040788472949793153,0.00014710127844496127,5,2,2,2,3
CINACALCET,115.88999999999999,536.31,576.22,True,0.07441591616788812,0.4932605484861825,6.788832283182011e-07,2,1,2,1,1
CINCHOCAINUM+DEQUALINII CHLORIDUM,2813546.54,2122617.2199999997,2405578.51,True,0.13330773317668654,-0.03840685649454856,0.002834172546669133,20,5,0,2,6
CINEOLUM,6142.950000000001,11970.089999999997,13025.93,True,0.08820652142130969,0.2067239710468105,1.5346717243842466e-05,1,1,1,1,1
CINNARIZINUM,1745643.8499999999,1421947.62,1455947.03,True,0.02391045177880735,-0.04435303907190291,0.001715348339152922,8,2,2,1,3
CINNARIZINUM+DIMENHYDRINATUM,211482.07,163396.02000000002,214490.89,True,0.31270571951507753,0.003538005800448163,0.00025270602868356556,4,1,0,1,4
CINNARIZINUM+PIRACETAMUM,620433.48,458204.11,442513.18,True,-0.03424441129521949,-0.08101643139140058,0.0005213543025437388,6,5,0,1,2
CIPROFLOXACINUM,2791362.67,1675350.4599999997,1807918.8999999997,True,0.0791287812103505,-0.10290038627960929,0.002130029883324929,40,13,6,3,4
CIPROFLOXACINUM+DEXAMETHASONUM,194339.11,162164.38,259099.62,True,0.5977591379808562,0.07455003250444547,0.0003052625498622386,3,3,0,2,1
CIPROFLOXACINUM+ORNIDAZOLUM,157648.17,124623.11000000002,138362.52000000002,True,0.11024769001511836,-0.03209578221251008,0.00016301411658019795,1,1,0,1,1
CIPROFLOXACINUM+TINIDAZOLUM,131004.66999999998,154280.3,152277.43000000002,True,-0.012982020387567128,0.03833427532535194,0.00017940820047620507,2,2,0,1,1
CISPLATINUM,5022.51,7226.55,11938.4,True,0.6520192899793122,0.24167040229976688,1.4065425589104875e-05,11,2,4,1,1
CITALOPRAM,4408.8,4003.7,5339.969999999999,True,0.33375877313485014,0.049070330919660066,6.291374948322418e-06,3,2,1,1,3
CITICOLINUM,1180772.68,1090448.2,1285930.49,True,0.1792678368399343,0.02155745950738397,0.0015150405096039812,77,20,2,3,7
CITRULLINUM*,29611.339999999997,18624.05,22790.27,True,0.22370107468568867,-0.06335967303475354,2.685073769019376e-05,2,1,1,2,1
CLADRIBINUM,0.0,0.0,3.38,True,,,3.982203518995383e-09,1,1,0,1,1
CLARITHROMYCINUM,736078.8299999998,411331.80000000005,363677.27,True,-0.11585423251982951,-0.1616063935791049,0.00042847245691498046,32,9,2,3,5
CLARITHROMYCINUM+LANSOPRAZOLUM+TINIDAZOLUM,38557.049999999996,27371.450000000004,39169.630000000005,True,0.4310396416704265,0.003948459447853381,4.6148354563238794e-05,1,1,0,1,1
CLEMASTINUM,310756.61,136742.31999999998,109229.83,True,-0.20119952623299053,-0.23001862419595698,0.00012869095071161757,2,1,1,2,2
CLINDAMYCINUM,243095.12999999998,292999.16000000003,364180.61000000004,True,0.24294079887464526,0.1063311487160652,0.0004290654753526288,12,7,3,4,4
CLINDAMYCINUM+CLOTRIMAZOLUM,376.39000000000004,0.0,0.0,True,,-1.0,0.0,1,1,0,1,1
CLINDAMYCINUM+MICONAZOLUM,11977.22,3858.4900000000002,325.67999999999995,True,-0.9155939240480084,-0.5939226506074171,3.837053378894722e-07,1,1,0,1,1
CLIOQUINOLUM+FLUMETASONUM,76582.5,58624.23,60579.31,True,0.03334935060127853,-0.05691965063945825,7.137252705926396e-05,1,1,0,1,1
CLOBETASOLUM,452519.37,456696.74000000005,552581.95,True,0.20995378683894228,0.05121095995718905,0.0006510336644447723,17,7,0,1,1
CLOMIFENUM,11823.12,7048.379999999999,10158.550000000001,True,0.44126026122314665,-0.03722477464698104,1.196846554967176e-05,1,1,1,1,1
CLOMIPRAMINUM,30757.78,36536.62,23064.21,True,-0.36873717382724513,-0.0694367455746393,2.7173484681907838e-05,3,2,1,2,3
CLONAZEPAMUM,12026.199999999999,14323.380000000001,12019.07,True,-0.16087753030360163,-0.00014825102153159797,1.4160468298536046e-05,3,1,3,1,2
CLONIDINUM,305656.01,155676.37,131902.36,True,-0.1527143136752226,-0.18949647759240595,0.00015540297105201057,6,1,1,2,3
CLOPAMIDUM+DIHYDROERGOCRYSTIN+RESERPINUM,189270.59000000003,124053.25000000001,97143.2,True,-0.2169233776624152,-0.1535870149083528,0.00011445088546937049,1,1,0,1,1
CLOPERASTINUM,199.33999999999997,0.0,0.0,True,,-1.0,0.0,2,1,0,1,1
CLOPIDOGRELUM,3487968.98,3742770.46,3352997.3899999997,True,-0.10414025497037838,-0.009817719312746664,0.00395038994249714,41,16,2,1,11
CLOTRIMAZOLUM,2128472.31,1733531.38,1922814.3499999999,True,0.10918923775120826,-0.025083686756506407,0.0022653958789777572,26,6,3,2,4
CLOTRIMAZOLUM+HEXAMIDINUM+PREDNISOLONUM,265.20000000000005,0.0,0.0,True,,-1.0,0.0,1,1,0,1,1
CLOTRIMAZOLUM+METRONIDAZOLUM+NEOMYCINUM,201.67000000000002,0.0,0.0,True,,-1.0,0.0,1,1,0,1,1
CLOZAPINUM,202641.19999999998,231577.58,223930.96,True,-0.033019690420808434,0.025289709058692766,0.00026382800500710483,6,2,2,1,1
CLYCINE MAX&,4.16,0.0,0.0,True,,-1.0,0.0,1,1,1,1,1
CMP DISODIUM SALT*+UMP DISODIUM SALT*,420939.47,329207.30999999994,351373.67,True,0.06733252672913026,-0.044155179379940956,0.0004139767648391486,3,2,1,2,2
CO-TRIMOXAZOLUM*,864216.38,579749.17,524135.12,True,-0.09592777855982104,-0.11751934923791563,0.0006175185560038661,12,6,1,3,4
COBIMETINIBUM,5.9399999999999995,17.080000000000002,0.11,True,-0.9935597189695551,-0.6311060267665595,1.2959833937558937e-10,1,1,1,1,1
COCARBOXYLASUM,206418.61999999997,110876.26999999997,98953.31000000001,True,-0.1075339204682838,-0.16790988272782348,0.00011658349683379912,7,1,1,2,2
CODEINUM*+CHLORPHENAMINUM,1211.5800000000002,0.0,0.0,True,,-1.0,0.0,2,2,0,1,1
CODEINUM*+COFFEINUM*+METAMIZOLUM NATRICUM+PARACETAMOLUM+PHENOBARBITALUM,2027707.0099999998,1146906.78,982694.4799999999,True,-0.14317841943527454,-0.16564028230129135,0.0011577779338323483,8,4,0,1,2
CODEINUM*+COFFEINUM*+PARACETAMOLUM,185975.58,133770.86000000002,98492.30000000002,True,-0.2637238035249231,-0.1469262285759677,0.00011604035019347604,4,2,0,1,2
CODEINUM*+COFFEINUM*+PARACETAMOLUM+PHENOBARBITALUM+PROPYPHENAZONUM,543687.0499999999,324238.48000000004,380935.88999999996,True,0.1748632981501761,-0.0850955799125307,0.0004488059886596562,2,2,0,1,1
CODEINUM*+COFFEINUM*+PARACETAMOLUM+PROPYPHENAZONUM,13.39,0.0,0.0,True,,-1.0,0.0,1,1,0,1,1
CODEINUM*+IBUPROFENUM,18041.29,7648.53,8481.27,True,0.10887582319739875,-0.1719657032626256,9.992350070872772e-06,1,1,0,1,1
CODEINUM*+MORPHINUM*+NOSCAPINUM+PAPAVERINUM*,0.0,0.12,1458.16,True,12150.333333333334,,1.717955586762813e-06,2,1,0,1,2
CODEINUM*+MORPHINUM*+NOSCAPINUM+PAPAVERINUM*+TEBAINUM*,4083.7699999999995,3325.13,2578.0099999999998,True,-0.22468895952940193,-0.10863447958020789,3.0373255899423924e-06,2,1,0,1,2
CODEINUM*+NATRII HYDROCARBONAS*+THERPINI HYDRAS,5167407.96,1612941.98,1261465.2699999998,True,-0.21791032433789104,-0.2970885187184258,0.0014862164015634496,3,3,0,1,1
CODEINUM*+PARACETAMOLUM,2320.6499999999996,723.6800000000001,1235.0100000000002,True,0.7065692018571745,-0.14588724552649734,1.455047682838606e-06,1,1,0,1,1
COFFEINUM*,659136.44,514626.55,586708.2799999999,True,0.1400660925869448,-0.02868135840848285,0.0006912401707809846,6,3,1,3,1
COFFEINUM*+IBUPROFENUM+PARACETAMOLUM,423481.36999999994,475117.34,516633.16000000003,True,0.08738014066167321,0.050961948545561464,0.0006086799963851198,2,2,0,1,2
COFFEINUM*+INDOMETACINUM+PROCHLORPERAZINUM,3.81,0.0,0.0,True,,-1.0,0.0,1,1,0,1,1
COFFEINUM*+METAMIZOLUM NATRICUM,116798.28999999998,73553.09,64070.59,True,-0.12892048450989624,-0.13939164165706774,7.548583697103858e-05,1,1,0,1,1
COFFEINUM*+METAMIZOLUM NATRICUM+THIAMINUM,652748.75,487435.95,501940.8,True,0.029757448132416098,-0.06356721013683841,0.0005913699467714076,2,1,0,1,2
COFFEINUM*+NAPROXENUM+SALICYLAMIDUM,6129.91,0.0,0.0,True,,-1.0,0.0,1,1,0,1,1
COFFEINUM*+PARACETAMOLUM,2585479.79,2250756.69,2108861.1799999997,True,-0.06304346917213888,-0.049665028418393375,0.002484590062742235,11,8,0,1,5
COFFEINUM*+PARACETAMOLUM+PROPYPHENAZONUM,6412.87,806.37,1.59,True,-0.998028200453886,-0.8745166304638076,1.8732850873380646e-09,3,2,0,1,2
COLCHICINUM*,156.95,44911.68,71918.12,True,0.6013233083242486,3.626677747220371,8.473153566376692e-05,2,2,2,1,2
COLECALCIFEROLUM,634724.94,537822.79,564057.18,True,0.0487788737996766,-0.029077887484461384,0.0006645533985534356,15,8,0,2,5
COLESTYRAMINUM,1502.6,1344.4500000000003,2402.56,True,0.7870207147904345,0.12449548090054052,2.8306162386383273e-06,1,1,0,1,1
COLISTIMETHATUM NATRICUM,2724.2400000000002,2798.9199999999996,3159.7,True,0.12889971846283577,0.03776763267577987,3.722653390227725e-06,5,2,0,1,1
COLISTINUM,0.0,905.34,1860.0399999999997,True,1.0545209534539506,,2.1914372288379204e-06,2,1,0,1,1
CONVALLARIA MAJALIS/TRANSCAUCASICA UTKIN EX GROSSH./KEISKEI MIG.*&,127196.41,52355.25,46671.59,True,-0.10855950453870444,-0.22170465009388463,5.498691418198512e-05,2,1,0,1,1
COPPER GLUCONATE*+FERRI GLUCONAS*+MANGANESE GLUCONATE*,82817.97,70560.66999999998,83529.92,True,0.1838028181988638,0.0021422473896823835,9.841217200159846e-05,1,1,0,1,1
CORIANDRUM SATIVUM*&+HELICHRYSUM ARENARIUM*&+MENTHA PIPERITA+MENYANTHES TRIFOLIATA&,24587.039999999997,14176.81,13005.880000000001,True,-0.08259474451586768,-0.14717804217916597,1.532309500107446e-05,2,1,0,1,1
CORIFOLLITROPIN ALFA,243.59,19.54,337.17,True,16.2553735926305,0.08466934839803963,3.972424735206134e-07,2,1,0,1,1
CORTEXINUM*,4548.459999999999,106.35000000000001,0.0,True,-1.0,-1.0,0.0,2,1,2,1,1
CRATAEGUS L.*&,20464325.240000002,10242928.990000002,6532733.830000001,True,-0.36222013875349535,-0.24833490478265663,0.0076966495995521265,42,4,0,1,2
CRATAEGUS L.*&+GINKGO BILOBA*&+VISCUM ALBUM*,54820.17999999999,38608.32000000001,39422.79,True,0.021095712012332957,-0.07912279057650295,4.644661925047811e-05,2,1,0,1,0
CRATAEGUS L.*&+HERBA MELISSAE+HUMULUS LUPULUS*&,1.41,1.18,0.0,True,-1.0,-1.0,0.0,1,1,0,1,1
CRATAEGUS L.*&+HERBA MELISSAE+LEONURUS CARDIACA/QUINQUELOBATUS GILIB.*&+VALERIANA OFFICINALIS*&,220851.75999999995,352018.04,316258.8300000001,True,-0.10158345862047269,0.0939197135698091,0.00037260562891697126,2,1,0,1,0
CRATAEGUS L.*&+LEONURUS CARDIACA/QUINQUELOBATUS GILIB.*&+MENTHA PIPERITA+VALERIANA OFFICINALIS*&,53493.520000000004,43210.3,27984.38,True,-0.35236783822375684,-0.14954051666646007,3.2970265240504146e-05,3,1,0,1,0
CRATAEGUS L.*&+PASSIFLORA INCARNATA*&,9485.69,5777.089999999999,0.0,True,-1.0,-1.0,0.0,1,1,0,1,1
CRATAEGUS L.*&+VALERIANA OFFICINALIS*&+LEONURUS CARDIACA/QUINQUELOBATUS GILIB.*&,1241838.83,1267173.87,1140445.14,True,-0.10000895141564137,-0.021068528311999235,0.0013436345117541957,10,2,0,2,6
CRATAEGUS L.+LEONURUS CARDIACA/QUINQUELOBATUS GILIB.+TAURINUM,590441.62,555256.7100000001,436685.69000000006,True,-0.21354270531913067,-0.07264076895695415,0.0005144885477553039,4,1,0,1,2
CRATAEGUS+VALERIANA+QUERCUS+HYPERICUM+MATRICARIA+THYMUS+ACHILLEA*&,0.0,1369.8799999999999,0.0,True,-1.0,,0.0,1,1,0,1,0
CRIDANIMODUM,251500.20999999996,35004.53,34234.87,True,-0.02198743991134855,-0.3925890976439047,4.03343845521744e-05,5,3,2,2,3
CRIZOTINIBUM,224.84,126.52,129.87,True,0.026478027189377196,-0.12821615676722742,1.5300851213370722e-07,2,1,2,1,1
CUCURBITA PEPO/MAXIMA/MOSCHATA*&,88489.45000000001,58963.95,61027.44,True,0.034995789800378097,-0.08870620293716969,7.190049891221289e-05,4,1,0,2,2
CURCUMA LONGA*&+GLYCYRRHIZA GLABRA/URALENSIS*&+TERMINALIA BELERICA*+ZINGIBER OFFICINALE*,4.89,0.0,0.0,True,,-1.0,0.0,2,1,0,1,2
CYANAMIDUM*,40.04,8206.66,14789.400000000001,True,0.8021216914067357,3.3839351544348037,1.7424378912375835e-05,2,2,0,1,1
CYANOCOBALAMINUM,739236.0,469476.80000000005,524056.94,True,0.11625737416630577,-0.08240964053774724,0.0006174264469295717,5,2,1,2,1
CYANOCOBALAMINUM+DICLOFENACUM+PYRIDOXINUM+THIAMINUM,49750.479999999996,37841.14,54689.58999999999,True,0.4452416074145755,0.023945514988618966,6.443345495574397e-05,1,1,0,1,1
CYANOCOBALAMINUM+LIDOCAINUM+PYRIDOXINUM+THIAMINUM,3938.68,1097.97,88.32000000000001,True,-0.9195606437334354,-0.6130301842848422,1.0405568485138232e-07,2,1,0,1,2
CYANOCOBALAMINUM+NICOTINAMIDUM+PHOSPHOLIPIDES*+PYRIDOXINUM+RIBOFLAVINUM+THIAMINUM+TOCOPHEROLI ACETAS*,223453.48,65473.73,56023.450000000004,True,-0.14433697301192394,-0.292387197514825,6.60049644190124e-05,3,2,0,1,2
CYANOCOBALAMINUM+OCTOTIAMINUM+PYRIDOXINUM+RIBOFLAVINUM,32282.420000000002,36.849999999999994,5.46,True,-0.851831750339213,-0.885960149366285,6.432790299915618e-09,1,1,0,1,1
CYANOCOBALAMINUM+PYRIDOXINUM+RIBOFLAVINUM+THIAMINUM,7.55,0.0,0.0,True,,-1.0,0.0,1,1,0,1,1
CYANOCOBALAMINUM+PYRIDOXINUM+THIAMINUM,2668701.07,2268832.61,2461890.69,True,0.08509137216605867,-0.019963593846836214,0.002900517683165672,22,15,0,2,8
CYCLAMEN EUROPAEUM/CAUCASIUM*&,29480.219999999998,10341.869999999999,6.82,True,-0.9993405447950903,-0.8766715101508692,8.035097041286541e-09,1,1,1,1,1
CYCLOBENZAPRINUM,111944.13,129151.82,77815.9,True,-0.39748506834824326,-0.08690333865838529,9.168010379106296e-05,2,1,2,1,1
CYCLOPENTOLATUM,61224.63,51007.94,63361.74999999999,True,0.24219386236730966,0.008614595781957002,7.465070527210227e-05,2,2,0,1,1
CYCLOPHOSPHAMIDUM,24828.1,7828.949999999999,8020.359999999999,True,0.024449000185210013,-0.24610199491938056,9.449321247221836e-06,5,1,4,2,3
CYNARA SCOLYMUS*&,654625.35,431315.52,502785.62000000005,True,0.16570259284896593,-0.06384554743876059,0.0005923652855811466,17,4,6,2,7
CYPROHEPTADINUM,3960.75,4312.64,7128.0,True,0.6528159085849965,0.1582373483992392,8.397972391538191e-06,1,1,1,1,1
CYPROTERONUM,4996.0,2649.6,2655.03,True,0.002049365942029091,-0.1461889900851917,3.1280679908397373e-06,4,2,2,2,3
CYPROTERONUM+ESTRADIOLI VALERAS,3787.4300000000003,915.3,0.0,True,-1.0,-1.0,0.0,1,1,0,1,1
CYPROTERONUM+ETHINYLESTRADIOLUM,106324.29,80171.02,83919.03000000001,True,0.04675018479246007,-0.05744437187747231,9.88706084546388e-05,3,3,0,1,1
CYTARABINUM,581.76,370.73,1286.8400000000001,True,2.471097564265099,0.2195375409033251,1.5161120640189406e-06,5,2,3,1,1
CYTISINUM*,214196.8,91592.72999999998,107071.40999999999,True,0.1689946352729088,-0.15915656858967442,0.00012614797209638975,2,2,1,1,1
CYTOCHROMUM C*,7226.0599999999995,562.14,1305.9,True,1.3230867755363436,-0.3479932533256288,1.5385679217325653e-06,1,1,0,1,1
DABIGATRANUM ETEXILATUM,89718.83,138693.26,122200.21999999999,True,-0.1189173864685279,0.08030676721044272,0.00014397223257574257,6,1,3,1,3
DABRAFENIBUM,0.0,0.0,1.0,True,,,1.178166721596267e-09,1,1,1,1,1
DACARBAZINUM,1425.47,366.53000000000003,355.82000000000005,True,-0.029219981993288346,-0.2931649637149131,4.192152828783838e-07,3,1,3,1,2
DACLATASVIRUM,0.41,42.230000000000004,41.43,True,-0.018943878759176025,2.17053658678342,4.8811447275733345e-08,1,1,1,1,1
DALARGINUM*,38779.55,28323.91,21920.959999999995,True,-0.226061656035484,-0.13290995309986375,2.5826545577442903e-05,2,1,1,1,1
DALTEPARINUM NATRICUM,60.37,32.1,1.9700000000000002,True,-0.9386292834890966,-0.5749781448572593,2.3209884415446464e-09,2,1,0,1,1
DAPAGLIFLOZINUM,100929.74,204592.09999999998,359088.24000000005,True,0.7551422562259251,0.3733951423392723,0.0004230658144845736,2,1,2,1,1
DAPAGLIFLOZINUM+METFORMINUM,47491.89,114267.51999999999,146039.47,True,0.27804882787339746,0.32422779325754814,0.00017205884359355642,3,1,0,1,1
DAPOXETINE,1631.3,0.0,0.0,True,,-1.0,0.0,3,2,2,1,1
DAPTOMYCINUM,0.0,0.83,0.45,True,-0.45783132530120474,,5.301750247183202e-10,1,1,1,1,1
DARATUMUMABUM,0.0,0.1,0.11,True,0.09999999999999987,,1.2959833937558937e-10,1,1,0,1,1
DARBEPOETIN ALFA,141.97,329.85999999999996,560.78,True,0.7000545686048627,0.40977233387704093,6.606923341367547e-07,2,1,0,1,1
DARUNAVIRUM,0.0,0.12,0.0,True,-1.0,,0.0,1,1,1,1,1
DASATINIBUM,0.0,0.07,0.0,True,-1.0,,0.0,1,1,1,1,1
DECAMETOXINUM*,9519406.5,5920779.130000001,5272772.4399999995,True,-0.1094461853367601,-0.13730498399896018,0.006212205019357949,24,8,1,4,5
DECAMETOXINUM*+ZINCI SULFAS*,25299.09,15301.640000000001,18343.81,True,0.19881332981301347,-0.07722427579993096,2.161206648928482e-05,2,1,0,1,1
DEFERASIROXUM,3.4299999999999997,0.47,9.34,True,18.872340425531917,0.2845860132539342,1.1004077179709134e-08,1,1,1,1,1
DEGARELIX,67.22999999999999,739.31,724.18,True,-0.020465028201972157,0.8116356313471589,8.532047764455847e-07,2,1,2,1,2
DEMOXYTOCINUM,36409.01,20948.11,21957.51,True,0.048185731314185354,-0.11876131293646175,2.586960757111725e-05,1,1,0,1,1
DENOSUMAB,1441.08,1564.22,2567.51,True,0.6413995473782461,0.15532990045971884,3.024954839365632e-06,5,2,0,1,1
DENOTIVIRUM,16102.51,1083.55,0.0,True,-1.0,-1.0,0.0,1,1,0,1,1
DEQUALINII CHLORIDUM,162840.02,136770.91,165212.2,True,0.20794838610052402,0.0036221596683623236,0.0001946475160417068,4,3,1,1,2
DEQUALINII CHLORIDUM+ENOXOLONUM+HYDROCORTISONUM+LIDOCAINUM+TYROTHRICINUM,92363.54999999999,95169.40999999999,105671.26999999999,True,0.1103491132287151,0.034222728012207604,0.00012449837374281397,2,1,0,1,1
DEQUALINII CHLORIDUM+MURAMIDASE,1386989.87,518109.7599999999,506542.11,True,-0.022326639822418892,-0.2226160560741931,0.0005967910570891557,10,1,0,1,4
DESLORATADINUM,2021660.7,1277522.08,1924743.4600000002,True,0.5066224608814589,-0.012206541074977983,0.002267668692182056,57,21,2,2,5
DESMOPRESSINUM,34562.34,38714.25,40249.48,True,0.039655424036369125,0.03881756400321068,4.742059789755452e-05,8,2,5,3,2
DESOGESTRELUM,15254.79,12362.01,16450.309999999998,True,0.3307148271195377,0.019041716920654927,1.9381207801942286e-05,2,2,1,1,1
DESOGESTRELUM+ETHINYLESTRADIOLUM,280710.47000000003,245730.24000000002,225232.96,True,-0.08341374671672497,-0.05355946308327175,0.0002653619780786232,7,5,0,1,2
DESVENLAFAXINUM,5570.5,7502.960000000001,8415.25,True,0.12159067887873576,0.10864680816521366,9.914567503912987e-06,1,1,1,1,1
DEXAMETHASONUM,2241306.7,1776946.2400000002,1939097.4899999998,True,0.0912527606912854,-0.035561389426984835,0.0022845801326488503,34,9,6,4,7
DEXAMETHASONUM+FRAMYCETINUM+GRAMICIDINUM,4059.2500000000005,0.0,0.0,True,,-1.0,0.0,1,1,0,1,1
DEXAMETHASONUM+GENTAMICINUM,7916.870000000001,3086.46,11.55,True,-0.9962578487976517,-0.8045628514281291,1.3607825634436886e-08,1,1,0,1,1
DEXAMETHASONUM+NEOMYCINUM+PHENYLEPHRINUM+POLYMYXINUM B,280393.22,181855.84,241574.57,True,0.3283849998988211,-0.03656831134592975,0.00028461511915792793,1,1,0,1,1
DEXAMETHASONUM+NEOMYCINUM+POLYMYXINUM B,212673.94,159272.0,214732.33999999997,True,0.34821148726706497,0.0024109335391553355,0.0002529904970384949,4,4,0,2,1
DEXAMETHASONUM+TOBRAMYCINUM,777176.1499999999,700840.2300000001,895888.6399999999,True,0.2783065264389857,0.036176268181025595,0.0010555061819041383,10,7,0,1,1
DEXIBUPROFENUM,245554.06000000003,353362.45999999996,433625.43999999994,True,0.22714065325445154,0.15276799022000498,0.0005108830630455388,5,2,3,1,1
DEXKETOPROFENUM,2578127.2500000005,2642089.3000000003,3191770.6599999997,True,0.20804798687160164,0.05482844395671638,0.0037604379745793536,56,26,1,4,8
DEXLANSOPRAZOLUM,60786.26,48358.19,41484.85,True,-0.14213393842904387,-0.09108969956346635,4.88760697204129e-05,4,1,2,1,1
DEXMEDETOMIDINE,584.9100000000001,3549.26,2396.96,True,-0.3246592247398049,0.42279698123348264,2.8240185049973883e-06,10,5,0,1,2
DEXPANTHENOLUM,1562027.84,1006076.92,1107646.47,True,0.1009560481717442,-0.08234782260605467,0.001304992210247578,30,7,1,3,2
DEXPANTHENOLUM+DIMETHYLIS SULFOXIDUM+HEPARINUM NATRICUM,622063.05,374006.95,350037.2,True,-0.06408904968209816,-0.13389619024096944,0.0004124021803607369,5,2,0,1,1
DEXPANTHENOLUM+HEPARINUM NATRICUM+TROXERUTINUM,30258.14,4765.82,7286.380000000001,True,0.528882752600812,-0.2994850676892272,8.58457043690461e-06,2,1,0,1,1
DEXPANTHENOLUM+HYALURONIC ACID*,36406.93,51659.03999999999,63704.42999999999,True,0.23317099969337418,0.1501285755377888,7.505443944425887e-05,1,1,0,1,1
DEXPANTHENOLUM+LIDOCAINUM+PREDNISOLONUM,75508.04,67262.85,57276.73999999999,True,-0.14846397379831533,-0.06675370692622462,6.748154898952177e-05,2,2,0,1,1
DEXPANTHENOLUM+MYRAMISTINUM*,756470.1799999999,482308.68,484754.25,True,0.005070549424903481,-0.10528966679791218,0.0005711213255023572,2,1,0,1,1
DEXPANTHENOLUM+NICOTINAMIDUM+PYRIDOXINUM+RIBOFLAVINUM+THIAMINUM,0.0,1341.9499999999998,448.30000000000007,True,-0.6659339021573083,,5.281721412916066e-07,1,1,0,1,1
DEXPANTHENOLUM+TROXERUTINUM,43.29,0.0,0.0,True,,-1.0,0.0,1,1,0,1,1
DEXPANTHENOLUM+XYLOMETAZOLINUM,528032.25,929651.66,1124874.93,True,0.20999615060118315,0.20812242966143568,0.0013252902084839304,8,4,0,1,1
DEXTRANUM+NATRII CHLORIDUM*,96381.28000000001,25150.350000000002,25217.960000000003,True,0.0026882329669368765,-0.28479701981173866,2.9710961258545803e-05,8,1,0,1,0
DEXTROMETHORPHANUM+DOXYLAMINUM+PARACETAMOLUM,3665.0299999999997,0.0,0.0,True,,-1.0,0.0,1,1,0,1,1
DEXTROMETHORPHANUM+LEVOCETIRIZINUM,0.0,43403.34,49653.810000000005,True,0.1440089633654924,,5.850046654246395e-05,2,1,0,1,2
DEXTROSUM*,3139693.6500000004,1204974.56,1065666.69,True,-0.11561063164686236,-0.23672062169263108,0.0012555330304716455,44,2,1,3,2
DEXTROSUM*+GLYCINUM+SODIUM FORMATE*,683260.18,381814.9000000001,442697.8599999999,True,0.15945674199723436,-0.10281846261094563,0.0005215718863738831,3,1,0,1,0
DEXTROSUM*+KALII CHLORIDUM*,91127.71999999999,31700.9,28334.440000000002,True,-0.10619446135598676,-0.25326581703641726,3.338269428306614e-05,2,1,0,1,0
DEXTROSUM*+KALII CHLORIDUM*+NATRII CHLORIDUM*+SODIUM CITRAS*,118666.31000000001,106766.58,101276.0,True,-0.05142601739233388,-0.03884202104820389,0.00011932001289638355,8,5,0,1,3
DIACEREINUM,112425.54,73950.04999999999,78940.86,True,0.06748893340842921,-0.08460356279199754,9.30054942261899e-05,4,3,1,1,2
DIAZEPAMUM,46915.48,24322.61,22881.7,True,-0.05924158632646748,-0.16431418434301426,2.6958457473549306e-05,6,2,2,2,2
DICLOFENACUM,16766020.600000001,12199627.85,11767579.209999999,True,-0.03541490325051189,-0.08469826893827892,0.013864170218970089,138,23,7,6,9
DICLOFENACUM+LEVOMENTHOLUM,105347.35,69113.98,56701.37,True,-0.17959622640745032,-0.14347018645373788,6.680366720291693e-05,1,1,0,1,1
DICLOFENACUM+LEVOMENTHOLUM+METHYL SALICYLAT*,555663.4,447012.76,461141.92000000004,True,0.03160795678405259,-0.04554446049592653,0.0005433020640770081,2,1,0,1,1
DICLOFENACUM+LIDOCAINUM,406603.18,346002.18999999994,320623.0,True,-0.07334979584955792,-0.0576635815099833,0.0003777473487783599,2,2,0,1,2
DICLOFENACUM+LINUM USITATISSIMUM*&+MENTHOLUM*+METHYL SALICYLAT*,620372.5,364598.44,343810.44000000006,True,-0.0570161517970289,-0.13718709828914233,0.00040506601894537016,3,2,0,1,1
DICLOFENACUM+NICOTINIC ACID,7983.000000000001,3085.4399999999996,1473.22,True,-0.5225251503837378,-0.34457142859192114,1.7356987775900528e-06,1,1,0,1,1
DICLOFENACUM+PARACETAMOLUM,1837819.09,1504458.1500000001,1530389.6300000001,True,0.017236424954725438,-0.04473291465533369,0.0018030541331420244,6,4,0,1,3
DICLOFENACUM+PARACETAMOLUM+SERRAPEPTASUM,471689.37,597264.77,712404.06,True,0.19277763528560388,0.10858136567262,0.0008393307558220704,3,2,0,1,2
DICYCLOVERINUM+NIMESULIDUM,119886.26,17756.66,248619.74000000002,True,13.001492397782016,0.2000284683708462,0.00029291550399991633,1,1,0,1,1
DICYCLOVERINUM+PARACETAMOLUM,430094.2899999999,802354.2599999999,765052.22,True,-0.04649073590012465,0.15486667834153978,0.000901359065887346,8,4,0,1,5
DICYCLOVERINUM+SIMETICONUM,407798.27999999997,368920.41,382992.57,True,0.03814416231403417,-0.015566827376485626,0.00045122910059262883,6,3,0,1,4
DIENOGESTUM,55179.38,118450.65000000001,160680.86,True,0.3565215556014254,0.30631174856141663,0.00018930884204946876,13,9,1,1,2
DIENOGESTUM+ESTRADIOLI VALERAS,174375.05999999997,225337.07,291051.34,True,0.29162653974332775,0.13663574138709178,0.0003429070030640005,2,2,0,1,1
DIENOGESTUM+ETHINYLESTRADIOLUM,283416.42,247241.35,274800.62,True,0.11146707458117344,-0.007688155863016299,0.00032376094555802156,9,7,1,1,3
DIGOXINUM,794567.91,476723.74000000005,463093.50999999995,True,-0.0285914647338521,-0.1262555737628711,0.0005456013624692081,6,1,2,2,3
DIHYDRALAZINUM+HYDROCHLOROTHIAZIDUM+RESERPINUM,6.02,0.0,0.0,True,,-1.0,0.0,1,1,0,1,1
DILTIAZEMUM,154828.46,90307.51999999999,1838.43,True,-0.979642559113571,-0.6698973003797839,2.1659770459842253e-06,3,1,3,1,2
DIMENHYDRINATUM,883221.2000000001,498732.9000000001,674124.42,True,0.35167425289167786,-0.06530989804696374,0.0007942309578593851,4,2,1,1,3
DIMETHYLII FUMARATUM,0.0,0.0,1.46,True,,,1.72012341353055e-09,1,1,1,1,1
DIMETHYLIS SULFOXIDUM,1340966.24,877435.5700000001,995627.8400000001,True,0.1347019360065378,-0.07173965712161523,0.0011730155881827728,12,2,0,1,1
DIMETHYLIS SULFOXIDUM+INDOMETACINUM+MENTHA PIPERITA,75656.97,22113.930000000004,63433.16,True,1.8684706879328998,-0.0430993476167727,7.473483815769147e-05,1,1,0,1,0
DIMETICONUM,36323.75,19905.010000000002,22432.690000000002,True,0.12698712535185863,-0.11351239172560001,2.642944883388537e-05,2,2,0,2,1
DIMETICONUM+GUAIAZULENUM,4139.12,1981.51,58.699999999999996,True,-0.9703761272968595,-0.6549098836511822,6.915838655770088e-08,2,1,0,2,1
DIMETINDENUM,813803.38,581981.3400000001,753390.52,True,0.29452693448899914,-0.019099026712432687,0.0008876196390301069,7,4,0,2,1
DIMETINDENUM+PHENYLEPHRINUM,1315493.7499999998,740843.1400000001,847443.87,True,0.143891094139037,-0.10410824782721217,0.000998430166054753,9,5,0,1,1
DINOPROSTONUM,4243.99,2121.7599999999998,2562.63,True,0.20778504637659312,-0.11848869050710276,3.019205385764242e-06,2,2,0,1,1
DIOSMECTITUM*,859032.41,702946.48,723418.6699999999,True,0.029123397843886956,-0.04204514930354464,0.0008523078027754317,13,6,1,2,5
DIOSMINUM,218724.28000000003,262529.54,294760.36,True,0.12277026044383432,0.07743981631972496,0.00034727684699773544,4,3,3,1,2
DIOSMINUM+HESPERIDINUM,2131556.02,2063982.1700000002,2556145.0100000002,True,0.23845304826446245,0.046458919828340495,0.0030115649863563577,14,6,2,1,4
DIOXYDINUM*,123642.53,59531.25,65037.369999999995,True,0.09249125459317575,-0.14837427449336726,7.662486499414341e-05,1,1,0,1,1
DIOXYDINUM*+LIDOCAINUM,266054.53,159345.49000000002,198939.33000000002,True,0.24847794562619874,-0.07009732232843591,0.00023438369822265792,6,1,0,1,1
DIPHENHYDRAMINUM,3283841.5700000003,2942602.95,4007354.36,True,0.36183998592130817,0.05103913680852079,0.004721331548595707,8,3,1,3,2
DIPHENHYDRAMINUM+METAMIZOLUM NATRICUM,464099.02,365411.35000000003,417606.32,True,0.14283894027922228,-0.026044526054321282,0.0004920098689522816,2,1,0,1,1
DIPHENHYDRAMINUM+PARACETAMOLUM,52.6,0.0,0.0,True,,-1.0,0.0,1,1,0,1,1
DIPYRIDAMOLUM,88139.43999999999,55743.439999999995,49520.47,True,-0.11163591626207492,-0.13422783729999588,5.83433697918063e-05,9,2,2,2,4
DISODIUM FOSFAS*+SODIUM DIHYDROPHOSPHAS,53848.619999999995,123645.13,183061.46999999997,True,0.48053926588131657,0.3578618661731412,0.00021567693196049338,4,3,0,1,1
DISULFIRAMUM,190047.28999999998,153106.92,179260.56,True,0.1708194508778571,-0.014501955351363782,0.00021119882628671093,3,2,2,1,3
DOBUTAMINUM,8180.99,5282.22,489.61,True,-0.9073098053469942,-0.505392036599297,5.768422085607483e-07,3,2,0,1,2
DOCETAXELUM,7388.16,3908.0000000000005,2624.78,True,-0.32835721596724665,-0.22796115198377787,3.09242844751145e-06,27,6,3,1,1
DOCOSANOLUM*,14768.5,0.0,0.0,True,,-1.0,0.0,1,1,0,1,0
DOCUSATUM NATRICUM,95370.74999999999,21079.53,45224.020000000004,True,1.1453998262769618,-0.17017122239354598,5.328143538080402e-05,4,4,1,2,2
DOLUTEGRAVIR50 MG TABLETS+LAMIVUDINUM+TENOFOVIRUM,0.0,0.0,0.0,True,,,0.0,1,1,0,1,1
DOMPERIDONUM,1324259.02,890320.2200000001,975489.3799999999,True,0.09566126668447428,-0.07357044502276688,0.0011492891247865751,25,12,2,2,4
DOMPERIDONUM+OMEPRAZOLUM,171399.87,151183.80000000002,146534.06999999998,True,-0.030755477769443762,-0.038427507557478924,0.00017264156485405788,4,2,0,1,2
DONEPEZILUM,35233.84,39562.729999999996,57792.48000000001,True,0.4607808915107734,0.13169093823781575,6.808917669451784e-05,9,5,2,1,2
DOPAMINUM,16546.84,7269.92,3286.0099999999998,True,-0.5479991526729318,-0.33244284776894717,3.8714676288325495e-06,3,2,0,1,2
DORNASUM ALFA,1061.5,134.82999999999998,362.64,True,1.6896091374323223,-0.2354798666386022,4.2725037991967027e-07,1,1,0,1,1
DORZOLAMIDUM,160717.6,202521.23,241175.49000000002,True,0.19086522435203457,0.10679562246494267,0.00028414493638267334,6,5,0,1,1
DORZOLAMIDUM+TIMOLOLUM,202520.70999999996,363343.46,493365.5,True,0.3578488518824585,0.24932328339683396,0.0005812668136837031,11,7,0,1,2
DOXAZOSINUM,171773.44,171609.62999999998,178227.99,True,0.03856636716715722,0.009264445291078172,0.00020998228667499228,10,4,3,1,2
DOXEPINUM,36240.049999999996,39540.64,46877.41,True,0.18555010743376954,0.06645787400745751,5.522940445662407e-05,4,1,2,1,2
DOXOFYLLINUM,80462.37999999999,101703.22,97101.04000000001,True,-0.04525107464640743,0.048112141017537136,0.00011440121396038801,1,1,1,1,1
DOXORUBICINUM,6002.32,7829.009999999999,6496.789999999999,True,-0.1701645546499494,0.01998766787226791,7.654301775199412e-06,22,3,4,1,1
DOXYCYCLINUM,1069655.57,837568.6400000001,901403.3600000001,True,0.07621431480529162,-0.041882431004456544,0.0010620034414870597,9,5,1,1,1
DOXYLAMINUM,2032557.51,2074760.67,2046541.59,True,-0.01360112537702951,0.0017155904451064963,0.002411167195700712,19,7,1,2,4
DOXYLAMINUM+PASSIFLORA INCARNATA*,146055.12,112801.01000000001,100404.2,True,-0.10989981384031944,-0.08943956956578147,0.00011829288714849591,3,1,0,1,3
DRONEDARONE,961.75,594.56,477.17999999999995,True,-0.197423304628633,-0.1607236032730215,5.621975962113067e-07,1,1,1,1,1
DROSPIRENON+ESTRADIOLUM,38464.97,29281.909999999996,35672.630000000005,True,0.21824805827215532,-0.01866467399251448,4.202830553781665e-05,1,1,0,1,1
DROSPIRENON+ETHINYLESTRADIOLUM,533671.58,424402.32999999996,452036.57000000007,True,0.0651133088736815,-0.040654873169232886,0.0005325744437185216,19,13,0,1,4
DROSPIRENONUM+ETHINYLESTRADIOLUM+ACIDUM LEVOMEFOLICUM,412718.79000000004,590308.2000000001,862920.3700000001,True,0.4618132866865139,0.20248348333266963,0.001016664063321538,2,2,0,1,1
DROTAVERINUM,9599630.870000001,7214206.800000001,7204326.92,True,-0.001369503297299568,-0.06924641082267047,0.008487898228644132,31,5,2,3,8
DROTAVERINUM+PARACETAMOLUM,29.28,0.0,0.0,True,,-1.0,0.0,2,1,0,1,2
DULOXETINUM,48829.66,146472.86000000002,250114.83000000002,True,0.7075848044477318,0.5044021162538403,0.0002946769692837077,18,9,4,1,2
DUTASTERIDUM,21341.899999999998,48272.81,81174.53,True,0.6815787189517246,0.3965184429337072,9.563712988721784e-05,6,4,1,1,2
DUTASTERIDUM+TAMSULOSINUM,30893.100000000006,59883.229999999996,83155.44,True,0.3886264986040333,0.28087660650104396,9.79709721276951e-05,9,6,0,1,2
DYDROGESTERONUM,436437.74,317647.89999999997,398072.54,True,0.2531880110021192,-0.022740321095421456,0.00046899581940929887,2,1,1,1,2
DYDROGESTERONUM+ESTRADIOLUM,273216.21,399094.37,458035.81,True,0.14768797665574684,0.13788465994533694,0.0005396425486413907,7,1,0,1,2
EBASTINUM,0.0,24064.31,31909.26,True,0.3259993741769449,,3.75944282427629e-05,4,2,1,1,2
ECHINACEA PURPUREA*&,639751.0199999999,307790.19,256911.18,True,-0.16530419634232008,-0.20394512879654814,0.00030268420268202845,21,5,2,2,2
ECONAZOLUM,34740.74,3539.6900000000005,146.3,True,-0.9586686969762889,-0.7452575535515156,1.7236579136953388e-07,6,3,1,2,3
ECTERICIDUM*,22819.17,8973.650000000001,7430.360000000001,True,-0.17198018643472845,-0.2445990911733441,8.75420288148004e-06,2,1,0,1,1
EDARAVONUM,37018.65,45456.6,33866.75,True,-0.25496517557406406,-0.02200139286985059,3.990067781862038e-05,4,2,0,1,3
EDOXABANUM,0.0,90067.94,287556.05,True,2.1926571208356713,,0.00033878896870367226,2,1,2,1,1
ELETRIPTANUM,0.0,4815.86,12763.69,True,1.650344902052801,,1.5037754802771059e-05,3,1,3,1,1
ELEUTHEROCOCCUS SENTICOSUS*&,577105.11,358919.44,328912.52999999997,True,-0.08360346823231424,-0.1311268543715547,0.00038751379716203384,10,1,0,1,1
ELTROMBOPAG,3852.0999999999995,4706.63,4491.25,True,-0.04576097972434634,0.03912410475009809,5.291441288369235e-06,4,2,2,1,2
EMBLICA OFFICINALIS*+GLYCYRRHIZA GLABRA/URALENSIS*&+MENTHOLUM*+ZINGIBER OFFICINALE*,1175204.7200000002,869878.8099999999,631597.87,True,-0.2739242952705101,-0.14378706916665807,0.0007441275918650853,12,2,0,2,2
EMOXYPINUM*,2038936.98,1413173.5999999999,1480743.1300000001,True,0.047814033604930195,-0.0768569999019395,0.0017445622789982952,37,19,4,4,6
EMPAGLIFLOZINUM,16376.150000000001,115892.45,305010.22,True,1.6318385710199412,1.0774263981743064,0.00035935289095075616,1,1,1,1,1
EMPAGLIFLOZINUM+METFORMINUM,29856.199999999997,210064.42999999996,304972.31,True,0.45180366804603733,0.787748694206339,0.00035930822665034045,2,1,0,1,1
EMTRICITABINE+TENOFOVIRUM,670.8299999999999,0.23,0.0,True,-1.0,-1.0,0.0,2,2,0,1,1
ENALAPRILATUM,1049.02,308.41999999999996,734.1,True,1.3801958368458598,-0.08537542981945068,8.648921903238198e-07,1,1,0,1,1
ENALAPRILUM,15435494.08,11156831.610000001,10444347.28,True,-0.06386081236194274,-0.09303570118191296,0.012305182394090489,37,6,4,1,6
ENALAPRILUM+HYDROCHLOROTHIAZIDUM,2710509.46,1699762.17,1519117.4200000002,True,-0.106276485727412,-0.1347629575613173,0.0017897735904411798,21,6,0,1,5
ENALAPRILUM+INDAPAMIDUM,35526.6,4443.339999999999,11.14,True,-0.9974928769799295,-0.8669291637339658,1.3124777278582416e-08,3,1,0,1,2
ENALAPRILUM+LERCANIDIPINUM,11577.140000000001,56490.200000000004,65092.8,True,0.1522848210840111,0.5398659543104734,7.66901707755215e-05,7,2,0,1,2
ENALAPRILUM+NITRENDIPINUM,42273.549999999996,15169.17,13451.180000000002,True,-0.11325537257476825,-0.24894296906345414,1.584773264220128e-05,1,1,0,1,1
ENISAMIUM IODIDE,1260477.9,1026918.3099999999,572716.15,True,-0.44229629131843984,-0.17898508165255844,0.000674755108850736,7,2,3,2,4
ENOXAPARINUM NATRII,412149.79000000004,302784.62,212789.74999999997,True,-0.29722404658466484,-0.15233567571053652,0.00025070180214678924,23,4,5,1,4
ENTECAVIRUM,0.0,29.900000000000002,0.0,True,-1.0,,0.0,2,1,2,1,1
ENZALUTAMIDUM,0.06,5.26,8.649999999999999,True,0.644486692015209,2.4651035246033537,1.0191142141807709e-08,1,1,1,1,1
EPINEPHRINUM,72552.28,45383.41,36677.73,True,-0.1918251625428763,-0.15678592724811735,4.3212480909693055e-05,6,2,1,1,2
EPIRUBICINUM,775.6700000000001,624.9000000000001,1152.98,True,0.845063210113618,0.10417063932314474,1.358402666666064e-06,19,3,3,1,1
EPLERENONUM,353382.87,609561.03,817766.86,True,0.34156683211851635,0.23337744832856933,0.0009634657004762735,14,7,2,1,1
EPOETINUM ALFA,11043.880000000001,8190.91,12973.73,True,0.5839180262022168,0.04108405290294748,1.5285216940975136e-05,21,3,0,1,2
EPOETINUM BETA,2501.4700000000003,3698.0700000000006,3092.53,True,-0.1637448723252941,0.05445889726369013,3.643515931538104e-06,2,1,0,1,2
EPTACOGUM ALFA (ACTIVATUM),0.0,0.0,0.0,True,,,0.0,1,1,1,1,1
EPTIFIBATIDUM,100.34,107.07000000000001,235.43,True,1.198841879144485,0.2376473790794691,2.773757912654092e-07,1,1,0,1,1
EQUISETUM ARVENSE*&,116930.61,55950.08,67416.54,True,0.20494090446340718,-0.1286160406562964,7.94279239131636e-05,6,1,0,1,1
ERDOSTEINUM,315931.13999999996,532709.72,530432.46,True,-0.00427486098808183,0.13830702112707804,0.000624937872426443,7,3,2,2,4
ERGOCALCIFEROLUM,38677.39,13658.99,10222.580000000002,True,-0.25158595181634935,-0.2829889650961329,1.204390356485557e-05,2,1,0,1,1
ERLOTINIBUM,29.650000000000002,37.97,38.2,True,0.006057413747695639,0.06539257636281093,4.500596876497741e-08,6,2,2,1,1
ERTAPENEMUM,414.11,86.8,111.49000000000001,True,0.284447004608295,-0.2796724101609792,1.3135380779076782e-07,1,1,1,1,1
ERYTHROMYCINUM,174506.93000000002,117321.82,91870.44,True,-0.21693645734442235,-0.14819383394669183,0.00010823869510640656,3,1,1,1,2
ERYTHROMYCINUM+ZINCI ACETAS*,132985.78,21356.239999999998,15998.59,True,-0.2508704715811396,-0.41106261186797044,1.884900633046282e-05,1,1,0,1,1
ESCITALOPRAM,279249.97,515940.64,695004.8499999999,True,0.34706358855545827,0.25602613174590694,0.0008188315856180053,29,12,3,1,4
ESDEPALETRINUM+PIPERONYL*,59.21,0.0,0.0,True,,-1.0,0.0,1,1,0,1,1
ESMOLOLUM,615.37,206.83999999999997,250.25,True,0.20987236511313112,-0.20143652659178513,2.9483622207946584e-07,3,1,0,1,2
ESOMEPRAZOLUM,644764.6199999999,844594.27,1136076.9500000002,True,0.34511562575483756,0.15213040387534704,0.0013384880556625864,29,15,2,2,5
ESTRADIOLI VALERAS,64658.77,37533.840000000004,28688.989999999998,True,-0.2356500160921452,-0.18384629763700844,3.380041329420809e-05,1,1,1,1,1
ESTRADIOLI VALERAS+LEVONORGESTRELUM,41732.93999999999,47.08,740.55,True,14.729609175870857,-0.6350201811173226,8.724913656781155e-07,1,1,0,1,1
ESTRADIOLUM,62969.73,86747.3,116718.55000000002,True,0.3455006668795457,0.16681502569905882,0.00013751391140297,6,4,2,1,3
ESTRAMUSTINUM,2367.63,1113.51,768.77,True,-0.30959757882731187,-0.2451326380388933,9.057392305615623e-07,1,1,1,1,1
ESTRIOLI SUCCINAS,18545.34,25801.18,32224.530000000002,True,0.24895566791906432,0.14812175978460207,3.796586886508056e-05,2,1,1,1,2
ETAMSYLATUM,253102.11000000002,165219.83,134698.85,True,-0.18472952066346993,-0.14588365965791483,0.00015869770250728736,5,2,1,2,3
ETANERCEPT,12.799999999999999,35.540000000000006,329.14,True,8.261114237478894,1.2518666743610627,3.8778179474619536e-07,3,1,2,1,1
ETHAMBUTOLUM,2586.2300000000005,1823.44,867.21,True,-0.5244099065502567,-0.239035699453245,1.0217179626354988e-06,6,2,1,2,2
ETHINYLESTRADIOLUM+ETONOGESTRELUM,21413.809999999998,15095.73,15183.48,True,0.005812902059059155,-0.08236632199908034,1.788867085402249e-05,1,1,0,1,1
ETHINYLESTRADIOLUM+GESTODENUM,234588.41999999998,199113.0,208676.05,True,0.04802825531231014,-0.028838383543892898,0.0002458551777041587,8,5,0,1,3
ETHINYLESTRADIOLUM+LEVONORGESTRELUM,90413.06999999999,69092.70999999999,72347.04000000001,True,0.04710091701425534,-0.05420418550939987,8.523687493399401e-05,7,5,0,1,2
ETIFOXINUM,12147.22,15403.830000000002,13294.800000000001,True,-0.13691594882571412,0.022824748625604352,1.5663490930278054e-05,1,1,1,1,1
ETODOLACUM,96772.4,55948.4,79386.78,True,0.41892851270098874,-0.04830197344178522,9.353086233068411e-05,3,1,2,1,3
ETOPOSIDUM,8192.210000000001,812.34,1185.51,True,0.45937661570278454,-0.3832260305779881,1.3967284301195906e-06,9,1,2,2,2
ETORICOXIBUM,231945.55,340075.59,587896.0,True,0.7287215468772692,0.26176540313091934,0.0006926395029595591,20,5,3,1,4
EUCALYPTUS VIMINALIS*&,3962862.4699999997,1915836.95,1693998.63,True,-0.11579185796578362,-0.1914143799142658,0.001995812812295668,32,8,3,5,5
EUCALYPTUS VIMINALIS*&+GLYCEROLUM+MENTHOLUM*,18882.39,7646.529999999999,7988.369999999999,True,0.04470524538581566,-0.19350755728516722,9.411631693797971e-06,1,1,0,1,0
EUCALYPTUS VIMINALIS*&+LARIX DECIDUA*+PINUS SILVESTRIS*&,0.0,22.91,43309.159999999996,True,1889.4041903099082,,5.102541105228818e-05,1,1,0,1,1
EUCALYPTUS VIMINALIS*&+MATRICARIA CHAMOMILLA*&,135.56,0.0,0.0,True,,-1.0,0.0,1,1,0,1,0
EUCALYPTUS VIMINALIS*&+MATRICARIA CHAMOMILLA*&+MENTHA PIPERITA+SALVIA OFFICINALIS*&+SULFANILAMIDUM+SULFATHIAZOLUM+THYMOL,142587.68,71960.70999999999,61706.01999999999,True,-0.14250401364855914,-0.1889243127796978,7.269997928615368e-05,1,1,0,1,1
EUCALYPTUS VIMINALIS*&+MENTHA PIPERITA+PLANTAGO (SEMENI PSYLLIUM)+TUSSILAGO FARFARA*&,21.81,0.0,0.0,True,,-1.0,0.0,1,1,0,1,1
EUCALYPTUS VIMINALIS*&+MENTHA PIPERITA+SALVIA OFFICINALIS*&+SULFANILAMIDUM+SULFATHIAZOLUM+THYMOL,70565.33,20636.73,9253.539999999999,True,-0.5515985332947614,-0.3982319407757796,1.090221288495992e-05,1,1,0,1,1
EUCALYPTUS VIMINALIS*&+MENTHOLUM*,3820.7999999999997,1015.6800000000001,1000.23,True,-0.015211483931947156,-0.28470301779977814,1.1784376999422342e-06,2,2,0,2,1
EUCALYPTUS VIMINALIS*&+MENTHOLUM*+METHYL SALICYLAT*+PINUS SILVESTRIS*&,73740.8,48632.06,41382.56999999999,True,-0.14906812501876343,-0.13447941092202143,4.8755566828128024e-05,2,1,0,1,0
EUCALYPTUS VIMINALIS*&+PINUS SILVESTRIS*&,188832.51999999996,99315.12000000001,96888.86,True,-0.024429915606002495,-0.1536514309324286,0.0001141512305453997,2,2,0,1,1
EUCALYPTUS VIMINALIS*&+XYLOMETAZOLINUM,73.21000000000001,0.0,0.0,True,,-1.0,0.0,1,1,0,1,1
EUCALYPTUS VIMINALIS+GUAIASULENUM*+MENTHA PIPERITA+PINUS SILVESTRIS+THYMOL+TOCOPHEROLI ACETAS*,608648.52,9991.15,0.0,True,-1.0,-1.0,0.0,1,1,0,1,1
EUCALYPTUS VIMINALIS+MENTHA PIPERITA+PINUS SILVESTRIS+THYMOL+TOCOPHEROLI ACETAS*,214182.57,316341.93000000005,331364.80999999994,True,0.047489373286683456,0.11527139940415965,0.0003904029918500699,2,2,0,1,0
EUCALYPTUS VIMINALIS+MENTHA PIPERITA+SULFANILAMIDUM+SULFATHIAZOLUM+THYMOL,810492.52,492043.67,363390.02,True,-0.26146795059877503,-0.18171235086317195,0.000428134028524202,3,1,0,1,1
EVEROLIMUSUM,35.8,21.0,217.56,True,9.36,0.5700880416735774,2.563219519504839e-07,5,3,3,1,3
EXEMESTANUM,16904.39,25679.85,22749.78,True,-0.11409996553718182,0.07707122727674487,2.6803033719636323e-05,9,4,1,1,2
EZETIMIBUM,0.0,11144.61,49464.810000000005,True,3.438451412835443,,5.8277793032082254e-05,1,1,1,1,1
EZETIMIBUM+ROSUVASTATINUM,1872.0100000000002,65969.25,67274.98,True,0.01979300962190722,1.448422451579034,7.926114263205443e-05,4,2,0,1,1
FABOMOTIZOLUM,0.0,150877.79,334920.01999999996,True,1.2198099534729394,,0.0003945916219603562,1,1,1,1,1
FACTOR COAGULATIONIS VIII*,3.7,0.71,0.0,True,-1.0,-1.0,0.0,4,4,0,1,1
FACTOR COAGULATIONIS VIII*+WILLEBRAND FACTOR*,0.0,0.0,0.0,True,,,0.0,2,1,0,1,1
FAMCICLOVIRUM,1062.51,8339.94,21162.239999999998,True,1.537457104007942,1.1125507571017694,2.4932646922433386e-05,6,3,2,1,2
FAMOTIDINUM,956403.29,855581.9999999999,755913.5900000002,True,-0.11649194349577208,-0.057117070770490885,0.000890592236140365,10,3,2,2,5
FAVIPIRAVIRUM,0.0,36025.05,559.5799999999999,True,-0.9844669195462602,,6.592785340708391e-07,2,2,1,1,2
FEBUXOSTATUM,47854.67,149653.93,245723.87,True,0.6419473247378136,0.5053266668045355,0.00028950368633584735,16,8,2,1,2
FELODIPINUM,36075.409999999996,23344.219999999998,17529.46,True,-0.2490877827573592,-0.1650906675514282,2.06526264195529e-05,3,1,3,1,1
FENOFIBRATUM,25712.39,36337.24999999999,47895.33,True,0.3180780053526344,0.16825508703726877,5.642868392587134e-05,2,1,1,1,2
FENOTEROLUM,62644.96,52501.03,40535.42,True,-0.22791190953777485,-0.10311422650239155,4.7757482889927755e-05,2,2,1,1,0
FENPIVERINII BROMIDUM+IBUPROFENUM+PITOFENONUM,335353.72000000003,173806.34999999998,123852.65999999999,True,-0.2874100399668942,-0.22043819491901284,0.0001459190823931771,1,1,0,1,1
FENPIVERINII BROMIDUM+KETOROLACUM+PITOFENONUM,0.0,28026.44,64123.06,True,1.2879488083395536,,7.554765537892073e-05,2,1,0,2,1
FENSPIRIDUM,558842.4299999999,0.0,0.0,True,,-1.0,0.0,12,6,1,2,4
FENTANYLUM,627.98,1454.24,3262.8,True,1.2436461656947961,0.5097712822561877,3.8441223792243e-06,11,3,4,2,2
FENTICONAZOLUM,54061.19,53954.05,84013.71,True,0.5571344505185432,0.11651905810144148,9.898215727983952e-05,6,2,3,2,3
FERRI (III) HYDROXYDI POLYMALTOSUM COMPLEXUS*,175816.42999999996,169879.46,268486.6099999999,True,0.5804536345947882,0.1116441670116115,0.00031632198909619546,8,4,1,3,3
FERRI SACCHARAS*,86079.45999999999,74510.26999999999,80444.4,True,0.07964177287238394,-0.01678369783741296,9.477691501877874e-05,5,4,0,2,1
FERRI SULFAS*,117553.03,121442.20000000001,126773.56000000001,True,0.043900390473822215,0.019057558574071765,0.00014936038957028767,1,1,1,1,1
FERRI SULFAS*+SERINUM,33995.67,17443.18,482.65999999999997,True,-0.9723295866923348,-0.6548130044252887,5.686539498456543e-07,5,2,0,2,2
FERRICUM CARBOXYMALTOSUM,997.1400000000001,3851.7000000000003,11817.369999999999,True,2.0680920113196763,0.855415472085828,1.3922832070790078e-05,3,1,0,1,2
FERROUS FUMARATE*,29551.379999999997,44604.83,81784.28,True,0.833529687255842,0.2898019138890633,9.635551704571116e-05,1,1,1,1,1
FEXOFENADINUM,136883.06,415344.54999999993,460677.63,True,0.10914572010154,0.35444649809155004,0.0005427550530498382,10,4,2,1,3
FILGRASTIMUM,20413.280000000002,24037.78,10334.949999999999,True,-0.570053890167894,-0.15647317759560364,1.217629415936134e-05,14,7,2,1,2
FINASTERIDUM,118142.42000000001,94009.4,84409.38,True,-0.102117660574368,-0.08061754440566193,9.944832250657352e-05,6,6,1,1,2
FINGOLIMODUM,0.0,44.230000000000004,112.54,True,1.544426859597558,,1.3259088284844391e-07,2,2,1,1,1
FLADEXANUM*,6867.080000000001,5571.130000000001,5566.910000000001,True,-0.0007574764904068054,-0.05112168143095863,6.558748104121476e-06,1,1,0,1,1
FLECAINIDUM,13858.53,54981.079999999994,87016.71999999999,True,0.5826666191351642,0.5829652665794476,0.00010252020372646032,3,2,2,1,1
FLUCONAZOLUM,6121389.0200000005,4386058.53,4630222.32,True,0.055668155892119486,-0.06741598746403554,0.0054551738510162625,83,13,4,3,7
FLUDARABINUM,13.63,1.7199999999999998,135.81,True,77.9593023255814,0.776679017371809,1.6000682245998905e-07,2,1,1,1,1
FLUDROCORTISONUM,10986.380000000001,11966.630000000001,12241.320000000002,True,0.022954666434911175,0.027409101366701938,1.4422315852410819e-05,1,1,1,1,1
FLUMAZENILUM,0.0,0.72,48.669999999999995,True,66.59722222222221,,5.7341374340090317e-08,1,1,0,1,1
FLUOCINOLONI ACETONIDUM,1352552.79,931875.97,931899.2,True,2.492821013500013e-05,-0.08892594639254947,0.001097932625322184,11,4,0,1,1
FLUOCINOLONI ACETONIDUM+NEOMYCINUM,11251.45,7528.83,6759.48,True,-0.10218719243229035,-0.11960777563542258,7.963794391295535e-06,1,1,0,1,1
FLUOCINONIDUM+GENTAMICINUM,677582.35,505113.54999999993,554659.01,True,0.09808776660218288,-0.04881280121798415,0.0006534807874155311,2,1,0,1,1
FLUOCORTOLONUM+LIDOCAINUM,120955.59,120953.02,46639.33,True,-0.6144012774546679,-0.21199025244842784,5.494890652354643e-05,2,1,0,1,2
FLUORESCEINUM*,2.75,0.0,0.0,True,,-1.0,0.0,1,1,0,1,1
FLUOROURACILUM,20890.42,17538.46,15383.15,True,-0.1228904932360082,-0.07365123718256306,1.8123915403323617e-05,15,3,3,1,2
FLUOXETINUM,195621.05,232523.40999999997,392036.32,True,0.6860079593706288,0.18981017761525032,0.00046188414588106507,7,4,1,1,4
FLUPENTIXOL,27764.269999999997,36840.88,40868.75,True,0.10933153605451351,0.10147913256458363,4.815020120323744e-05,4,1,2,2,2
FLUPHENAZINUM,16110.02,17106.600000000002,13948.060000000001,True,-0.18463867746951468,-0.03538406534384719,1.643314012282803e-05,1,1,0,1,1
FLUPIRTINE,160.8,0.0,0.0,True,,-1.0,0.0,4,1,2,1,4
FLURBIPROFENUM,1052490.39,1348886.59,1500185.7,True,0.11216592345246745,0.09265163657733844,0.001767468867954601,9,5,2,2,5
FLUTAMIDUM,78814.8,92545.25,119567.76,True,0.29199240371602,0.1098175260539247,0.00014087075580780927,6,3,2,1,5
FLUTICASONUM,333699.88000000006,241540.21000000002,207358.48000000004,True,-0.1415156921491456,-0.11214624140193108,0.0002443028605767852,15,8,3,2,3
FLUTICASONUM FUROAS,291836.18,136691.28999999998,160642.34,True,0.1752200158473889,-0.13864888066351144,0.00018926345906735288,3,2,1,1,1
FLUTICASONUM+SALMETEROLUM,361832.88999999996,318275.27999999997,300167.1,True,-0.0568947107673583,-0.0456366298907378,0.00035364688813805886,12,3,0,1,1
FLUVOXAMINUM,4937.560000000001,5668.030000000001,8055.26,True,0.4211745527105537,0.1301648454750206,9.490439265805547e-06,2,2,1,1,2
FOENICULUM VULGARE MILL.*&,3316.9300000000007,0.0,0.0,True,,-1.0,0.0,1,1,0,1,1
FOLIC ACID,680556.5599999999,497128.68000000005,576503.7699999999,True,0.15966709062128515,-0.040633649210565004,0.0006792175566887882,13,4,6,2,4
FOLLITROPIN DELTA,0.0,0.47,14.05,True,28.893617021276597,,1.6553242438427553e-08,3,1,0,1,1
FOLLITROPINUM ALFA,41.14000000000001,1551.7199999999998,2994.99,True,0.9301098136261698,1.9210081742828544,3.528597549513604e-06,10,3,0,1,1
FOLLITROPINUM ALFA+LUTROPINUM ALFA,0.0,627.6700000000001,2645.87,True,3.2153838800643646,,3.117275983669915e-06,1,1,0,1,1
FOLLITROPINUM BETA,3883.9300000000003,1282.8100000000002,2368.86,True,0.8466179714844753,-0.11627528676562515,2.7909120201205334e-06,3,1,0,1,2
FONDAPARINUXUM NATRICUM,7240.500000000001,3787.0199999999995,1981.35,True,-0.4768049812253433,-0.27673381596596125,2.3343606338347635e-06,3,2,2,1,1
FONTURACETAMUM,21588.45,2.59,0.0,True,-1.0,-1.0,0.0,2,1,1,1,2
FORMALDEHYDUM*,353138.54000000004,365589.2,409100.02999999997,True,0.11901563284692207,0.03745937261911525,0.0004819880411500345,7,1,0,1,0
FORMOTEROLUM,50925.32000000001,51757.09,42132.56,True,-0.18595577919856,-0.04627971406282605,4.963918008765802e-05,5,3,1,1,2
FOSFOCREATININUM,11930.7,8262.73,8566.039999999999,True,0.03670820660967977,-0.07948993150530381,1.0092223263862487e-05,1,1,1,1,1
FOSFOMYCINUM,443240.89,598365.98,653650.1900000001,True,0.09239196720375054,0.10198680245890834,0.0007701089014230772,19,14,3,2,3
FOSFRUCTOSUM,1494.8500000000001,0.0,0.0,True,,-1.0,0.0,2,1,1,1,1
FOSINOPRILUM,1778.39,0.0,0.0,True,,-1.0,0.0,3,1,3,1,1
FOSINOPRILUM+HYDROCHLOROTHIAZIDUM,529.0999999999999,0.0,0.0,True,,-1.0,0.0,1,1,0,1,1
FRAMYCETINUM,484849.08,259151.25,340047.23000000004,True,0.3121573984304533,-0.08486921260898406,0.00040063233015699186,1,1,0,1,1
FRANGULA ALNUS*&,138334.23,90126.73,90018.2,True,-0.0012041932509921915,-0.10184732671806496,0.00010605644757799709,6,1,0,1,1
FREMANEZUMAB,0.0,148.48999999999998,360.02,True,1.4245403730890973,,4.241635831090881e-07,1,1,1,1,1
FULVESTRANTUM,346.67999999999995,851.2099999999999,470.8499999999999,True,-0.4468462541558488,0.07953927394967009,5.547398008636023e-07,5,4,1,1,2
FURAZIDINUM*,909299.48,828864.5099999998,956113.8200000002,True,0.15352244964620376,0.012629705427313453,0.0011264614847822836,8,4,2,2,3
FURAZOLIDONUM,296049.19,198152.41000000003,186185.47,True,-0.0603926038547804,-0.10947631027298033,0.00021935752479876013,2,1,1,1,2
FUROSEMIDUM,2057487.54,1394005.33,1482534.2999999998,True,0.06350690925980884,-0.07866645438942532,0.0017466725758850164,9,2,1,2,4
FUROSEMIDUM+SPIRONOLACTONUM,726.6,0.0,0.0,True,,-1.0,0.0,1,1,0,1,1
GABAPENTINUM,238437.14,143059.72999999998,169848.53,True,0.18725605032247739,-0.08130368971120605,0.00020010988575804522,20,9,3,1,5
GABEXATUM,0.0,240.81,975.31,True,3.0501225032183044,,1.1490777852400552e-06,1,1,1,1,1
GADOBUTROLUM,696.0699999999999,374.27000000000004,1711.4099999999999,True,3.572661447618029,0.2522045779984001,2.0163263090070673e-06,5,1,0,1,2
GADODIAMIDUM,0.09,0.0,0.0,True,,-1.0,0.0,1,1,0,1,1
GALANTAMINUM,45.11,0.0,0.0,True,,-1.0,0.0,3,1,0,1,1
GALAVITUM*,0.0,4482.009999999999,128.71,True,-0.9712829734873416,,1.5164183873665555e-07,1,1,0,1,1
GANCICLOVIRUM,25616.92,13939.359999999999,4455.92,True,-0.680335395599224,-0.354193193052629,5.249816658095239e-06,3,3,1,2,1
GANIRELIXUM,2079.6,388.74999999999994,1384.75,True,2.5620578778135052,-0.09666696803901964,1.6314663677304309e-06,2,1,0,1,2
GATIFLOXACINUM,64366.40000000001,9589.56,5234.52,True,-0.45414388147109974,-0.4659838259850406,6.167137267530092e-06,5,4,2,2,3
GEFITINIBUM,0.0,86.05000000000001,82.82000000000001,True,-0.03753631609529351,,9.757576788260285e-08,1,1,1,1,1
GELATINUM*+KALII CHLORIDUM*+MAGNESII CHLORIDUM*+NATRII CHLORIDUM*+NATRII LACTAS*,0.0,212.32999999999998,113.79,True,-0.46408891819337816,,1.3406359125043924e-07,2,1,0,1,2
GELATINUM*+NATRII CHLORIDUM*,1506.1799999999998,1681.8500000000001,1223.6599999999999,True,-0.27243214317566977,-0.05060711690434916,1.441675490548488e-06,1,1,0,1,1
GEMCITABINUM,6390.049999999999,7042.56,4095.05,True,-0.41852820565249005,-0.10527671873701261,4.824651633272794e-06,26,6,5,1,1
GEMTUZUMABUM,0.0,0.060000000000000005,10.469999999999999,True,173.49999999999997,,1.2335405575112916e-08,1,1,1,1,1
GENTAMICINUM,148139.28,68931.77,59299.67999999999,True,-0.13973368158107657,-0.20458178866563503,6.986490957730773e-05,8,2,2,2,1
GENTAMICINUM+METHOXAN+TRYPTOPHANUM+ZINCI SULFAS*,158238.60000000003,133700.06,165377.63,True,0.23693011057736246,0.01109295179389691,0.0001948424201624605,2,1,0,1,1
GENTAMICINUM+TRYPTOPHANUM+ZINCI SULFAS*,9374.47,34090.89,50226.99000000001,True,0.47332586506248475,0.5214146969353708,5.917576814394851e-05,7,2,0,1,1
GENTIANA LUTEA&+PRIMULA&+RUMEX CONFERTUS&+SAMBUCUS NIGRA*&+VERBENA OFFICINALIS&,2163783.7600000002,1678840.0900000003,2254976.7800000003,True,0.34317544203986694,0.01037374955263548,0.002656738600168307,5,1,1,2,3
GIDAZEPAMUM*,2803050.55,3070524.42,2869564.85,True,-0.0654479634459314,0.005880244108096289,0.003380825811732384,4,1,2,1,2
GINKGO BILOBA*&,326264.33,194863.16,187528.36999999997,True,-0.03764072182756373,-0.12928836907302443,0.00022093968488919174,27,9,3,2,5
GINKGO BILOBA*&+HEPTAMINOL+TROXERUTINUM,949.0400000000001,8228.48,23029.750000000004,True,1.7987854378937551,1.2194796965669457,2.7132885056681637e-05,1,1,0,1,1
GLATIRAMERI ACETAS*,156.60000000000002,53.13,163.51,True,2.0775456427630337,0.010853316269950453,1.9264204064820562e-07,3,2,0,1,2
GLAUCINUM*,146462.59000000003,265324.37,258629.58999999997,True,-0.025232435301740352,0.15275728474245232,0.0003047087761580867,1,1,1,1,1
GLAUCINUM*+EPHEDRINUM*,573357.29,378818.79,409928.32000000007,True,0.08212245754757852,-0.08045995726014066,0.0004829639048638656,2,2,0,1,1
GLIBENCLAMIDUM,320811.61000000004,206142.79,168003.04,True,-0.18501617252779012,-0.1493189354422354,0.00019793559085500654,6,2,2,1,4
GLIBENCLAMIDUM+METFORMINUM,346724.32,231791.33000000002,199710.02999999997,True,-0.1384059533201697,-0.1288280311451886,0.00023529171131499212,6,3,0,1,3
GLICLAZIDUM,2621969.1900000004,2199693.87,2120429.53,True,-0.03603425962177198,-0.05169276294469338,0.0024982195077360133,10,4,3,1,3
GLICLAZIDUM+METFORMINUM,12386.18,0.0,0.0,True,,-1.0,0.0,1,1,0,1,1
GLIMEPIRIDUM,1226781.09,1129809.5,1053677.23,True,-0.06738505031157904,-0.03731294833317034,0.001241407447689736,36,9,4,1,3
GLIMEPIRIDUM+METFORMINUM,298979.05000000005,158510.92,170416.30000000002,True,0.0751076329630791,-0.13110440887452235,0.00020077881347756594,7,3,0,1,2
GLIMEPIRIDUM+METFORMINUM+PIOGLITAZONUM,157.1,0.0,0.0,True,,-1.0,0.0,1,1,0,1,1
GLIPIZIDUM+METFORMINUM,8133.349999999999,0.0,0.0,True,,-1.0,0.0,1,1,0,1,1
GLIQUIDONUM,18911.8,15429.920000000002,14988.990000000002,True,-0.02857629851612975,-0.05646095659259709,1.7659529208339234e-05,1,1,1,1,1
GLUCAGONUM,383.04999999999995,330.98,538.76,True,0.627772070819989,0.08901777751593665,6.347491029272049e-07,1,1,0,1,1
GLUCOSAMINILMURAMILPENTAPEPTIDUM*,3202.379999999999,10147.66,16707.670000000002,True,0.6464554389879049,0.5113350556470522,1.9684420789412307e-05,3,1,1,2,3
GLUCOSAMINUM,298628.0,117785.28,192657.59999999998,True,0.6356678865134928,-0.10378149889060617,0.00022698277298260496,10,6,1,2,5
GLUTATHIONUM*,13565.41,9447.19,11024.49,True,0.16695969912746533,-0.0505296746915036,1.2988687240570831e-05,1,1,1,1,1
GLUTOXIMUM*,37318.28,12021.650000000001,18799.04,True,0.5637653733056609,-0.1575318069979278,2.214840332595709e-05,5,1,0,1,2
GLYCEROLUM,2106780.1300000004,1017639.7200000001,915761.52,True,-0.10011224797711327,-0.18802848435592778,0.0010789197477824143,26,6,4,2,5
GLYCEROLUM+IODUM*+KALII IODIDUM*,21911.97,1990.91,1111.0100000000002,True,-0.4419587023019623,-0.525474958503455,1.308955009360669e-06,1,1,0,1,0
GLYCINUM,1841764.22,1089202.47,925974.0700000001,True,-0.1498604754357561,-0.15794356630000528,0.0010909518343350524,7,2,1,1,3
GLYCOPYRRONII BROMIDUM+INDACATEROLUM,302.73,0.0,0.0,True,,-1.0,0.0,2,1,0,1,2
GLYCYRRHIZA GLABRA/URALENSIS*&,423265.8700000001,218236.16,206155.67,True,-0.05535512538343779,-0.16459800447448159,0.00024288574986238193,13,2,0,1,2
GOLIMUMABUM,725.9399999999999,7.4399999999999995,49.11,True,5.600806451612904,-0.49000337538242145,5.7859767697592676e-08,2,1,0,1,1
GONADOTROPINUM CHORIONICUM,31643.449999999997,0.83,0.0,True,-1.0,-1.0,0.0,6,3,0,1,2
GOSERELINUM,11048.92,31336.149999999998,26835.299999999996,True,-0.14363123740472272,0.24837958062114662,3.16164574240523e-05,6,2,2,1,1
GRISEOFULVINUM,32833.74999999999,21993.18,24387.5,True,0.10886647588025022,-0.07165009174903125,2.8732540922928965e-05,1,1,1,1,1
GUAIFENESINUM,824.9,0.0,0.0,True,,-1.0,0.0,1,1,0,1,0
GUAIFENESINUM+PARACETAMOLUM+PHENYLEPHRINUM,532822.58,297427.16,247083.81999999998,True,-0.16926275327377638,-0.17478821518929377,0.00029110593416888217,4,2,0,1,2
GUANFACINUM,6136.21,0.0,0.0,True,,-1.0,0.0,1,1,1,1,1
HALOPERIDOLUM,93128.75000000001,91280.07999999999,82182.56999999999,True,-0.09966588548125721,-0.0307763871907083,9.682476906925573e-05,8,2,2,2,3
HARPAGOPHYTUM PROCUMBENS*,46585.13999999999,19450.46,16381.879999999997,True,-0.1577638780779479,-0.2299319874521365,1.9300585853183452e-05,2,1,1,1,1
HEDERA HELIX*&,2555933.9400000004,1518472.0299999998,1558248.7,True,0.026195194388928034,-0.11636728386773909,0.0018358767623106451,28,12,4,2,6
HEDERA HELIX*&+THYMUS SERPYLLUM*&,75392.58,108878.95999999999,133161.11,True,0.22301967248768717,0.15282185268753712,0.00015688598841281988,4,1,0,1,0
HELICHRYSUM ARENARIUM*&,218261.21,138110.81,162215.54,True,0.1745318125351667,-0.07150627176928159,0.00019111695095376814,11,2,1,2,3
HEPARIN SODIUM,1046967.4800000001,634239.53,624559.33,True,-0.015262687899633254,-0.12115936934070282,0.0007358350182684611,22,6,0,2,3
HEPARINUM NATRICUM+POLIDOCANOLUM+PREDNISOLONUM,424072.51,535313.85,633557.5900000001,True,0.18352549630464465,0.10557063355296181,0.000746436468752732,2,1,0,1,2
HERBA MELISSAE,186690.04,112720.10999999999,102012.69999999998,True,-0.09499112447636904,-0.14022804761372243,0.0001201879683201835,6,1,0,1,2
HERBA MELISSAE+PASSIFLORA INCARNATA*+VALERIANA OFFICINALIS*&,186.82,197079.13999999998,232070.16000000003,True,0.177548065208728,4.936753042448483,0.0002734173395875212,1,1,0,1,1
HEXAMETHONII BROMIDUM,2423.9100000000003,3210.7200000000003,2989.17,True,-0.06900321423232181,0.05380081746365972,3.521740619193914e-06,2,1,0,1,1
HEXESTROLUM,19.099999999999998,0.0,0.0,True,,-1.0,0.0,3,1,0,1,1
HEXETIDINUM,438870.35,221440.86000000002,213555.42,True,-0.03560968829329869,-0.16479403128598635,0.0002516038890605139,6,5,0,1,1
HEXOPRENALINUM,8462.91,3698.91,3397.2200000000003,True,-0.08156186552254574,-0.20402214111782135,4.002491549941271e-06,2,1,2,1,1
HIDROSMIN,32688.44,29202.119999999995,36399.619999999995,True,0.24647183149716523,0.027248849819739185,4.2884820962749914e-05,1,1,1,1,1
HUMULUS LUPULUS*&+MENTHA PIPERITA+MENYANTHES TRIFOLIATA&+VALERIANA OFFICINALIS*&,7082.379999999999,5151.049999999999,3811.2299999999996,True,-0.2601061919414488,-0.14351160396603668,4.49026435434934e-06,1,1,0,1,1
HUMULUS LUPULUS*&+VALERIANA OFFICINALIS*&,11455.71,7369.580000000001,6569.85,True,-0.10851771742758753,-0.1297713829337589,7.740378635879236e-06,2,2,0,1,2
HYALURONIC ACID*,84279.51999999999,104814.15999999999,142815.39,True,0.3625581696213567,0.14094113734819258,0.00016826033982979234,4,2,0,2,1
HYALURONIDASUM,63358.219999999994,37412.369999999995,29859.67,True,-0.20187707969316027,-0.17144659000761064,3.5179669511846404e-05,3,1,0,1,1
HYALURONIDASUM+PERTUZUMABUM+TRASTUZUMABUM,0.0,279.96000000000004,144.14999999999998,True,-0.4851050150021433,,1.698327329181019e-07,2,1,0,1,1
HYDROCHLOROTHIAZIDUM,1124512.9300000002,700168.3600000001,698921.8300000001,True,-0.0017803289483118157,-0.11209594788346966,0.0008234464411031636,9,3,4,1,3
HYDROCHLOROTHIAZIDUM+IRBESARTANUM,80835.05,84584.10000000002,92422.31,True,0.09266765266758137,0.03405651915158958,0.00010888888997505389,4,2,0,1,2
HYDROCHLOROTHIAZIDUM+LEVAMLODIPINUM,27.1,0.0,0.0,True,,-1.0,0.0,1,1,0,1,1
HYDROCHLOROTHIAZIDUM+LISINOPRILUM,2554178.23,1962527.8500000003,1833305.6800000002,True,-0.0658447573113422,-0.07955907275006968,0.0021599397426894152,26,10,0,1,4
HYDROCHLOROTHIAZIDUM+LOSARTANUM,442590.66,229041.61,186835.35,True,-0.1842733291998776,-0.193945881569345,0.00022012319178779113,17,5,0,1,4
HYDROCHLOROTHIAZIDUM+NEBIVOLOLUM,31911.760000000002,102964.09000000001,120988.05999999998,True,0.17505102992703536,0.39539749493024146,0.00014254410600249244,2,2,0,1,2
HYDROCHLOROTHIAZIDUM+OLMESARTANUM MEDOXOMILUM,10109.53,24954.93,21800.21,True,-0.1264167040340326,0.21180412901393209,2.5684281945810157e-05,4,2,0,1,1
HYDROCHLOROTHIAZIDUM+QUINAPRILUM,15083.96,4516.139999999999,12.879999999999999,True,-0.9971480069262689,-0.8290574718173783,1.517478737415992e-08,2,1,0,1,1
HYDROCHLOROTHIAZIDUM+RAMIPRILUM,190094.19,167074.54,169663.88999999998,True,0.015498172252935483,-0.028024889139264264,0.00019989234905456966,28,10,0,1,5
HYDROCHLOROTHIAZIDUM+TELMISARTANUM,48168.83,147503.75,166722.16999999998,True,0.13029106039676952,0.3639762683999537,0.0001964265124463155,10,5,0,1,2
HYDROCHLOROTHIAZIDUM+TRIAMTERENUM,6036.26,0.0,0.0,True,,-1.0,0.0,1,1,0,1,1
HYDROCHLOROTHIAZIDUM+VALSARTANUM,1819443.8199999998,1910565.38,2032634.7,True,0.06389172612349969,0.02808771892061479,0.002394782560701812,45,11,0,1,7
HYDROCHLOROTHIAZIDUM+ZOFENOPRILUM,4106.39,1457.9799999999998,2516.7700000000004,True,0.7262033772754091,-0.11519853362618349,2.965174659911838e-06,1,1,0,1,1
HYDROCORTISONUM,1030880.83,516632.6400000001,712088.82,True,0.3783271997680979,-0.0883430946164162,0.0008389593505447543,21,6,3,4,4
HYDROCORTISONUM+NATAMYCINUM+NEOMYCINUM,108860.8,86415.77,99101.98,True,0.14680433906913049,-0.023206631514264053,0.00011675865488029883,2,1,0,1,1
HYDROCORTISONUM+OXYTETRACYCLINUM,279683.27999999997,182815.34000000003,180174.87,True,-0.014443372202792348,-0.1041053805987131,0.00021227603590193362,3,2,0,1,1
HYDROCORTISONUM+ZINCI SULFAS*,104575.53,126346.13,128602.5,True,0.01785863959584666,0.053064164846997386,0.00015151518581408394,1,1,0,1,1
HYDROGENII PEROXIDUM*,11831000.790000001,7460100.409999999,6704943.6899999995,True,-0.10122607987792487,-0.13235231397058767,0.007899541525734877,39,2,0,2,1
HYDROTALCITUM+MAGNESII HYDROXIDE*,7347.840000000001,6740.629999999999,8038.7300000000005,True,0.19257843851390777,0.022720444670809803,9.470964169897561e-06,5,2,0,1,3
HYDROXYCARBAMIDUM,11730.98,13256.019999999999,11398.519999999999,True,-0.1401250148988913,-0.007161653069188478,1.3429356939449482e-05,2,2,1,1,1
HYDROXYCHLOROQUINUM,15973.49,21944.839999999997,24938.690000000002,True,0.13642614847043788,0.11781119714017274,2.9381934638205614e-05,3,2,1,1,2
HYDROXYETHYLAMYLUM*,34633.17,12423.310000000001,8970.220000000001,True,-0.27795249414206036,-0.28660885808210657,1.0568414689397268e-05,22,6,0,1,2
HYDROXYETHYLAMYLUM*+NATRII CHLORIDUM*,8869.099999999999,1987.8999999999999,1209.82,True,-0.3914080185119976,-0.3922705224902546,1.4253696631215957e-06,13,4,0,1,2
HYDROXYPROGESTERONI CAPROAS,23715.079999999998,11253.620000000003,12115.95,True,0.07662689872236639,-0.15455916681452442,1.4274609090524293e-05,2,2,0,1,2
HYDROXYZINUM,133721.25,166079.58000000002,296152.19000000006,True,0.7831944782133964,0.2199123562794234,0.0003489166547858549,2,2,1,1,2
HYMECROMONUM,0.0,0.0,5080.139999999999,True,,,5.98525188905006e-06,1,1,1,1,1
HYPERICUM PERFORATUM*&,285403.79,151695.76,172396.41,True,0.1364616255589477,-0.11840905572252824,0.00020311171318466593,14,4,2,2,2
HYPERICUM PERFORATUM*&+VALERIANA OFFICINALIS*&,70623.45000000001,19578.74,16430.13,True,-0.1608178054358963,-0.3054987726088636,1.9357432397500476e-05,1,1,0,1,1
HYPERICUM PERFORATUM/QUADRANGULUM*&+ELEUTHEROCOCCUS SENTICOSUS*&+ECHINACEA PURPUREA/ANGUSTIFOLIA*&,5527.43,711.45,10.65,True,-0.9850305713683323,-0.7904891160908524,1.2547475585000245e-08,1,1,0,1,1
HYPERICUM PERFORATUM/QUADRANGULUM*&+MATRICARIA CHAMOMILLA*&+HELICHRYSUM ARENARIUM*&,7766.459999999999,9518.09,8784.619999999999,True,-0.07706062876060227,0.031276134366570396,1.0349746945869e-05,1,1,0,1,0
HYPPOPHAE RHAMNOIDES*&,1401187.3,695964.5900000001,588622.8200000001,True,-0.15423452793769288,-0.19492706698833717,0.0006934958180961498,7,2,1,3,2
HYPROMELLOSUM,17944.94,19805.56,23230.17,True,0.1729115460507047,0.06666389314603971,2.7369013231023954e-05,1,1,0,1,1
IBRUTINIBUM,0.01,0.0,0.0,True,,-1.0,0.0,1,1,1,1,1
IBUPROFENUM,12243391.999999998,12378710.680000002,13415092.14,True,0.08372289221319762,0.023111523700199088,0.01580521512649565,118,22,6,5,14
IBUPROFENUM+LEVOMENTHOLUM,822020.6,580868.13,600034.89,True,0.03299674919331519,-0.0756776578272722,0.0007069411391946768,8,4,0,1,1
IBUPROFENUM+PARACETAMOLUM,122274.04000000001,274637.92000000004,380787.68,True,0.38650802482046154,0.32842535678485296,0.00044863137256984846,9,7,0,1,4
IBUPROFENUM+PHENYLEPHRINUM,0.0,118963.08,116567.37999999999,True,-0.020138180685974283,,0.00013733580793966627,1,1,0,1,1
ICHTHYOLUM*,461257.91000000003,303704.36,319530.05000000005,True,0.05210886666230308,-0.08769097711071949,0.0003764596714599914,9,2,0,1,2
ICHTHYOLUM*+ATROPA BELLADONNA*&,52478.2,32484.92,27612.13,True,-0.1500016007427446,-0.14831255588148573,3.253169267838994e-05,1,1,0,1,1
IDARUBICINUM,7.0600000000000005,9.780000000000001,38.71,True,2.9580777096114517,0.5302226202805775,4.56068337929915e-08,3,2,2,1,1
IDARUCIZUMABUM,6.7700000000000005,0.07,0.0,True,-1.0,-1.0,0.0,1,1,0,1,1
IFOSFAMIDUM,312.49999999999994,314.07,301.93000000000006,True,-0.038653803292259425,-0.008565422628078134,3.55723878251561e-07,2,2,1,1,1
ILOPROSTUM,626.39,513.09,705.94,True,0.37585998557757905,0.030340434881239275,8.317150154436688e-07,2,2,0,2,2
IMATINIBUM,686.27,2470.8100000000004,2096.99,True,-0.15129451475427114,0.3221335816807518,2.470603833520156e-06,8,4,2,1,4
IMIPENEMUM+CILASTATINUM,21561.04,17066.760000000002,2781.3,True,-0.8370340943447966,-0.40069964820829707,3.276835102775698e-06,16,11,0,1,2
IMIPRAMINUM,16682.02,6810.73,3414.0299999999997,True,-0.4987277428410758,-0.3274033902875785,4.022296532531303e-06,1,1,1,1,1
IMIQUIMODUM,6584.29,8096.429999999999,9118.03,True,0.12617906904648124,0.08479585351932917,1.0742559512516411e-05,2,2,0,1,1
IMMUNOGLOBULINUM HUMANUM*,51021.72,12449.710000000001,15024.179999999998,True,0.2067895557406556,-0.2633538544880599,1.77009888952722e-05,20,8,1,1,2
INDACATEROLUM,281.9599999999999,2.6100000000000003,0.0,True,-1.0,-1.0,0.0,2,1,2,1,1
INDAPAMIDUM,1462482.43,1183573.28,1144898.0100000002,True,-0.03267670084610208,-0.059369545157270665,0.0013488807350037905,17,10,2,1,2
INDAPAMIDUM+PERINDOPRILUM,1745716.3499999996,2380768.6599999997,2759094.4299999997,True,0.15890908526996483,0.12123906676689922,0.003250673239167621,22,8,0,1,3
INDAPAMIDUM+PERINDOPRILUM+ROSUVASTATINUM,0.0,34145.93,60065.579999999994,True,0.7590846112552798,,7.07672674693783e-05,4,1,0,1,1
INDOMETACINUM,635703.21,504536.95999999996,422425.86,True,-0.16274546070916185,-0.09713249404081825,0.0004976880905936837,6,2,2,4,3
INDOMETACINUM+TROXERUTINUM,213141.65999999997,166678.87,146168.36,True,-0.12305404998246039,-0.08998980547678759,0.00017221069750230294,5,3,0,1,1
INFLIXIMABUM,17.32,0.9,0.0,True,-1.0,-1.0,0.0,2,2,1,1,1
INOSINUM,1075067.34,689331.3900000001,633035.01,True,-0.08166809290376309,-0.12401228572749778,0.0007458207823873602,11,1,1,2,3
INOSINUM PRANOBEX*,2897631.8300000005,3399431.6199999996,2918083.6,True,-0.14159661784872135,0.0017598733653003684,0.003437988988355833,34,10,2,2,6
INSULINUM ASPARTUM,127139.78,178341.20999999996,176736.03,True,-0.0090006118047532,0.08582768346881542,0.0002082245090530395,3,2,0,1,2
INSULINUM ASPARTUM+INSULINUM DEGLUDECUM,1910.71,17434.2,16867.100000000002,True,-0.03252801963955898,0.7236989250788084,1.9872255909836398e-05,1,1,0,1,1
INSULINUM DEGLUDECUM,24039.57,72640.25,78654.68999999999,True,0.08279762253020873,0.34492938401996676,9.266833825547069e-05,2,1,0,1,2
INSULINUM DEGLUDECUM+LIRAGLUTIDUM,0.0,15351.02,25026.6,True,0.6302890622251809,,2.9485507274701137e-05,2,1,0,1,2
INSULINUM DETEMIRUM,40206.33,37943.23,29593.25,True,-0.22006508143877057,-0.07375781326647468,3.486578233387873e-05,1,1,0,1,1
INSULINUM GLARGINUM,172604.8,287237.81,291981.36,True,0.016514364874178566,0.14044820121089385,0.00034400272167841943,6,3,0,1,3
INSULINUM GLARGINUM+LIXISENATIDUM,3189.5299999999997,49558.58,72083.28,True,0.45450656576520143,1.180353755246811,8.492612167950577e-05,2,1,0,1,1
INSULINUM GLULISINUM,91701.85,128109.06999999999,122747.82999999999,True,-0.04184902755128894,0.07562015508264608,0.0001446174084541559,3,1,0,1,2
INSULINUM HUMANUM,2507911.4400000004,1754616.8900000001,1366306.1600000001,True,-0.2213079859273439,-0.1408698555660377,0.001609736449223985,57,9,0,1,3
INSULINUM LISPRUM,2533.29,1164.79,2.82,True,-0.9975789627314795,-0.8173410108546495,3.322430154901473e-09,6,1,0,1,1
INTERFERONUM ALFA,1580524.2599999998,755176.1099999999,671615.94,True,-0.11064991184639028,-0.1926163374869463,0.0007912755502015951,47,9,0,4,3
INTERFERONUM BETA,5.39,0.21,9.270000000000001,True,43.14285714285715,0.14517733032890323,1.0921605509197398e-08,2,2,0,1,2
INULA HELENIUM*&,70981.47,41995.7,41527.020000000004,True,-0.01116019020994985,-0.12542623702467925,4.892575301106262e-05,4,1,0,1,1
IODIXANOLUM,4.819999999999999,0.0,0.0,True,,-1.0,0.0,4,2,1,1,2
IODUM*,5885479.359999999,6192303.24,4146088.3499999996,True,-0.33044487821303803,-0.08385507990803309,0.004884783318767976,24,3,0,2,1
IODUM*+KALII IODIDUM*,557106.32,354093.78,334756.4099999999,True,-0.05461087173008261,-0.11956417823818899,0.00039439886210303573,6,1,0,1,0
IOHEXOLUM,20030.070000000003,18812.51,17031.11,True,-0.09469230846920473,-0.03973716275415162,2.00654870338454e-05,18,4,2,1,3
IOPAMIDOLUM,2.2199999999999998,19.94,0.0,True,-1.0,-1.0,0.0,3,2,1,1,1
IOPROMIDUM,3010.1099999999997,40236.15,34910.31,True,-0.13236455277157488,0.8454098514458932,4.1130165482609374e-05,8,1,0,1,3
IPIDACRINUM,338980.31,292209.35000000003,361818.39,True,0.23821633359781247,0.016433665733845304,0.0004262823863595396,11,5,1,2,2
IPIDACRINUM+PHENIBUTUM*,12376.029999999999,0.8099999999999999,0.36,True,-0.5555555555555556,-0.9265604026915094,4.2414001977465613e-10,1,1,0,1,1
IPRATROPII BROMIDUM,3665.8500000000004,6801.8,27408.75,True,3.029631862154136,0.6535930366590736,3.229207713055168e-05,2,2,1,1,1
IPRATROPII BROMIDUM+FENOTEROLUM,656968.69,480622.74,514704.0,True,0.07091062732487452,-0.05918719935045036,0.0006064071242724851,5,3,0,1,2
IPRATROPII BROMIDUM+SALBUTAMOLUM,0.0,2972.37,1907.8,True,-0.3581552767656786,,2.2477064714613585e-06,1,1,0,1,1
IPRATROPII BROMIDUM+XYLOMETAZOLINUM,91453.0,104805.46,77041.01000000001,True,-0.2649141561899542,-0.04196582216278033,9.076715418016524e-05,2,2,0,1,1
IRBESARTANUM,92844.5,73241.73999999999,76634.40000000001,True,0.046321400884250075,-0.04683761576798884,9.028809980949698e-05,7,3,2,1,4
IRINOTECAN,466.6600000000001,765.3499999999999,1462.7199999999996,True,0.9111778924674983,0.33057744010837875,1.7233280270132912e-06,15,5,3,1,1
IRON COMPLEX DEXTRAN*,100705.82,62161.54,61577.12,True,-0.00940163322852039,-0.1157171532447775,7.254811359573994e-05,3,3,1,2,2
ISOCONAZOLUM,1.43,0.0,0.0,True,,-1.0,0.0,1,1,0,1,0
ISOFLURANUM,0.0,0.0,0.0,True,,,0.0,1,1,0,1,1
ISONIAZIDUM,47913.359999999986,24192.719999999998,35011.47,True,0.4471903117962761,-0.075432912430895,4.124934882816606e-05,5,2,2,3,3
ISOSORBIDI DINITRATE,950687.9600000001,578479.3299999998,407734.31,True,-0.2951618340451333,-0.19074607207886707,0.00048037899529501606,21,6,6,3,4
ISOSORBIDI MONONITRAS,93778.76000000001,89510.00000000001,114528.97,True,0.2795103340408891,0.05124203253645487,0.00013493422111269724,4,3,3,1,2
ISOTRETINOINUM,106246.65000000001,262324.98,356892.94999999995,True,0.36049929366238764,0.3538036507308766,0.00042047939686232043,4,2,4,1,1
ISOXSUPRINUM,61165.88999999999,48059.8,56124.290000000015,True,0.16780115605974255,-0.021275657311452423,6.612377075121818e-05,1,1,1,1,1
ITOPRIDUM,79223.19,173580.46,250939.74999999997,True,0.44566819329779395,0.334072045119314,0.00029564886257568685,8,4,1,1,4
ITRACONAZOLUM,563229.0199999999,438623.54000000004,554539.4299999999,True,0.2642719312328743,-0.003879559273241795,0.0006533399022389625,17,9,1,2,7
IVABRADINUM,148452.59000000003,186640.09,187474.4,True,0.004470154295360684,0.06007977389800567,0.00022087609923122722,8,4,2,1,2
IVERMECTINUM,0.0,16776.43,18985.880000000005,True,0.13169965242903303,,2.236853199622014e-05,1,1,0,1,1
JOSAMYCINUM,161914.07,43.93,0.0,True,-1.0,-1.0,0.0,2,2,2,1,1
KALII CHLORIDUM*,361968.01,166519.26999999996,175898.2,True,0.05632339128078123,-0.16507435398746195,0.0002072374056286845,8,4,3,2,3
KALII CHLORIDUM*+CALCII CHLORIDUM*+NATRII CHLORIDUM*,1252413.54,608801.02,514483.9599999999,True,-0.15492263794170402,-0.19941763143013336,0.000606147880467065,14,1,0,1,0
KALII CHLORIDUM*+CALCII CHLORIDUM*+NATRII LACTAS*+NATRII CHLORIDUM*,98091.95999999999,43572.29,26235.02,True,-0.39789669076378587,-0.2808623992649659,3.09092275044125e-05,4,1,0,1,0
KALII CHLORIDUM*+MACROGOLUM+NATRII CHLORIDUM*+NATRII HYDROCARBONAS*,15256.380000000001,7621.510000000001,9810.95,True,0.2872711575527682,-0.10450144118238736,1.1558934797244898e-05,2,2,0,1,1
KALII CHLORIDUM*+MACROGOLUM+NATRII CHLORIDUM*+NATRII HYDROCARBONAS*+NATRII SULFAS*,90828.63,80973.62000000001,128279.36000000002,True,0.5842117469862407,0.09014308728276266,0.00015113447301966733,1,1,0,1,1
KALII CHLORIDUM*+MAGNESII CHLORIDUM*+NATRII ACETAS*+NATRII CHLORIDUM*+SODIUM GLUCONATE,1496.15,10030.49,11745.210000000001,True,0.17095077109891954,0.6738687918853463,1.3837815560159694e-05,2,1,0,1,0
KALII CHLORIDUM*+NATRII ACETAS*+NATRII CHLORIDUM*,109.95000000000002,35.010000000000005,9.45,True,-0.7300771208226222,-0.45854902049767154,1.1133675519084724e-08,2,1,0,1,0
KALII CHLORIDUM*+NATRII HYDROCARBONAS*+NATRII CHLORIDUM*,235268.8,88501.83,72509.09,True,-0.18070518993788043,-0.25491292574391744,8.542779685122867e-05,6,1,0,1,0
KALII CHLORIDUM*+NATRII LACTAS*+NATRII CHLORIDUM*,15274.499999999998,2792.74,1703.9999999999998,True,-0.38984653064732133,-0.42206945721503786,2.0075960936000387e-06,2,1,0,1,0
KALII IODIDUM*,648138.4299999999,940051.2000000001,900721.93,True,-0.0418373701347331,0.08575225738817904,0.0010612006033379625,16,5,5,3,4
KALII PERMANGANAS*,103858.93999999999,49405.4,16084.039999999997,True,-0.6744477324341065,-0.37268190539979684,1.894968067682322e-05,2,1,0,1,1
KALIUM BROMIDUM*+THYMUS SERPYLLUM*&,2286363.54,938228.27,759851.7799999999,True,-0.19012056628820206,-0.24073059567814825,0.0008952320805416879,16,1,0,1,1
KANAMYCINUM,27277.559999999998,11879.34,1767.83,True,-0.8511844934146173,-0.49544473198198646,2.0827984754395286e-06,1,1,1,1,1
KETAMINUM,567.66,121.83,166.87,True,0.36969547730444074,-0.26367000314468725,1.966006808327691e-07,2,1,0,1,1
KETOCONAZOLUM,1000256.83,821647.4599999998,804907.6499999999,True,-0.020373470149837702,-0.05287209486572275,0.0009483154071882555,23,8,1,2,4
KETOCONAZOLUM+PYRITHIONUM ZINCUM,189314.01,168644.11,193789.57,True,0.14910369534992962,0.00585854822331644,0.00022831642236645033,4,2,0,1,1
KETOPROFENUM,1280288.74,924439.7000000001,1006138.29,True,0.08837633217180096,-0.05846289937657356,0.0011853986506017743,29,11,4,4,6
KETOROLACUM,3397203.59,2322364.1999999997,2189568.1799999997,True,-0.05718139299598235,-0.10399749328930052,0.002579676364342105,31,14,3,5,6
KETOTIFENUM,490109.3400000001,256069.38999999998,295552.97,True,0.15419094019788937,-0.11877747989113963,0.00034821067372293985,10,1,1,3,4
L-LYSINI AESCINAS*,582884.0,308790.95999999996,299701.92000000004,True,-0.02943428136626769,-0.15320780240433574,0.0003530988285425068,1,1,0,1,1
LACOSAMIDUM,662.19,1972.07,5507.9400000000005,True,1.7929738802375175,0.6982500876147149,6.489271612548944e-06,4,2,2,1,2
LACTULOSUM,968747.13,757035.21,761179.23,True,0.005474012232535408,-0.058502599797432,0.000896796037956271,24,9,0,1,2
LAMINARIA*,63354.64,28906.899999999998,29592.19,True,0.02370679664716735,-0.17329670268194275,3.486453347715384e-05,3,1,3,1,0
LAMIVUDINUM,1091.45,761.9499999999999,191.01,True,-0.7493142594658442,-0.3532103452579505,2.2504162549210298e-07,2,2,2,1,2
LAMOTRIGINUM,269060.43999999994,346241.0,368772.39,True,0.06507429796009134,0.08199969281445507,0.00043447535774152003,34,8,5,1,3
LANATOSIDUM C,10052.34,5673.610000000001,5116.830000000001,True,-0.09813504981836951,-0.15533703074114225,6.028478826065428e-06,2,1,1,1,1
LANREOTIDUM,13.01,107.99000000000001,138.81,True,0.2853967959996295,0.8073233701778648,1.6354132262477785e-07,1,1,1,1,1
LANSOPRAZOLUM,80107.43000000001,53165.909999999996,59185.66,True,0.11322574935705987,-0.07288005520576857,6.973057500771132e-05,6,3,2,1,4
LAPATINIB,0.23,574.4399999999999,240.32000000000002,True,-0.5816447322609846,4.6854588404040465,2.8313702653401493e-07,2,1,1,1,1
LARIX DECIDUA*+PINUS SILVESTRIS*&,89503.92,57629.07,17206.03,True,-0.701434883471137,-0.3378450121695161,2.027157195678702e-05,1,1,0,1,0
LATANOPROSTENUM BUNOD,0.0,4911.099999999999,6375.1900000000005,True,0.29811854777952007,,7.511036701853307e-06,1,1,0,1,1
LATANOPROSTUM,448931.35,467949.4600000001,550200.6699999999,True,0.1757694303141195,0.05216849871910867,0.0006482281195939695,12,11,0,1,2
LATANOPROSTUM+TIMOLOLUM,79057.14,44995.0,51674.16,True,0.14844227136348498,-0.10084806832712301,6.0880775678440966e-05,10,10,0,1,1
LAVANDULA ANGUSTIFOLIA*&,21259.14,12980.64,22522.350000000002,True,0.7350723847206304,0.014534926751185395,2.653508326214369e-05,2,2,2,1,2
LECITHIN*,8469.42,11953.05,13011.689999999999,True,0.08856651649578984,0.11331999610887045,1.532994014972693e-05,2,1,1,1,1
LECITHIN*+QUERCETIN*,27.61,5501.14,225.73999999999998,True,-0.9589648690998593,0.6909685430083741,2.659593557331413e-07,3,1,0,2,1
LEDUM PALUSTRE*&,18530.940000000002,10138.259999999998,10318.010000000002,True,0.01772986686078326,-0.1361772778167637,1.2156336015097503e-05,1,1,0,1,0
LEDUM+MENTHA+CALENDULA+MATRICARIA+GLYCYRRHIZA+VIOLA*&,107382.81,32235.29,23175.969999999998,True,-0.28103733516900276,-0.31840595264355287,2.7305156594713437e-05,2,1,0,1,1
LEFLUNOMIDUM,34859.369999999995,35082.55,37812.64,True,0.07781902968854881,0.02053843723208315,4.4549594103699873e-05,3,3,1,1,1
LENALIDOMIDUM,0.38,32.87,71.78999999999999,True,1.184058411925768,2.7074054939989165,8.4580588943396e-08,6,1,3,1,1
LENOGRASTIMUM,36.21,0.6,0.24,True,-0.6,-0.7146711544527429,2.827600131831041e-10,1,1,0,1,1
LEONURUS CARDIACA/QUINQUELOBATUS GILIB.*&,4155030.4,2881961.35,2129411.0100000002,True,-0.2611243693465909,-0.1539007259967502,0.002508801188582696,21,3,1,2,4
LERCANIDIPINUM,465789.62000000005,558972.94,773292.55,True,0.38341678937087753,0.1351114513598033,0.0009110675484683175,20,7,2,1,5
LESPEDEZA BICOLOR,56303.0,21319.26,49505.770000000004,True,1.3221148388827757,-0.03165286728554706,5.8326050740998836e-05,2,2,0,1,1
LETROZOLUM,96825.17000000001,147298.78,149033.59,True,0.011777490621442954,0.11384298430448059,0.00017558641613802222,16,8,1,1,3
LEUPRORELINUM,612.98,901.5299999999999,794.9499999999998,True,-0.11822124610384577,0.0671448607749543,9.365836353329523e-07,4,2,1,1,1
LEVAMISOLUM,225446.73,127727.12,135587.91000000003,True,0.06154362519095424,-0.11936841793782282,0.00015974516341278977,3,2,2,1,2
LEVAMLODIPINUM,961539.31,523155.9699999999,485638.51000000007,True,-0.07171371856847941,-0.15698263902708876,0.0005721631312075961,4,2,2,1,2
LEVANA*,261660.47999999998,254708.55,293153.41000000003,True,0.15093666859632338,0.028819540205871075,0.0003453835919844664,3,1,3,1,2
LEVETIRACETAMUM,113255.74999999999,162919.65,169853.87,True,0.04256220781225584,0.10663345787303813,0.00020011617716833853,27,7,4,2,4
LEVOCARNITINUM,212173.19,169726.90000000002,217640.74,True,0.28229962368958583,0.006380983934820561,0.00025641707713158556,15,9,0,2,3
LEVOCETIRIZINUM,2203486.9,1516369.42,2018266.67,True,0.33098613265361165,-0.021711341177865995,0.002377854625900915,47,22,1,2,8
LEVOCETIRIZINUM+MONTELUKASTUM,59784.64000000001,50975.03,122140.41999999998,True,1.3960833372731707,0.19554918478582173,0.0001439017782057911,3,2,0,1,3
LEVOCETIRIZINUM+PARACETAMOLUM,0.0,184030.55000000002,153669.25999999998,True,-0.16497961887306234,,0.00018104800826432437,2,1,0,1,2
LEVOCETIRIZINUM+PARACETAMOLUM+PHENYLEPHRINUM,1023184.01,1024563.5800000001,842001.7000000001,True,-0.1781850180542236,-0.04755521995145506,0.0009920183824674838,5,1,0,1,1
LEVODOPUM+BENSERAZIDUM,7707.97,8317.56,7283.999999999999,True,-0.12426240387806042,-0.01404412229115315,8.581766400107209e-06,2,1,0,1,1
LEVODOPUM+CARBIDOPUM+ENTACAPONUM,3310.7199999999993,7440.740000000001,6598.62,True,-0.11317691519929474,0.18818117315276095,7.77427449245956e-06,7,2,0,1,2
LEVODROPROPIZINUM,342554.62,363572.57000000007,390920.65,True,0.07522041610564822,0.03356952542216085,0.0004605697006147818,1,1,0,1,1
LEVOFLOXACINUM,3697866.37,2083551.1600000001,1622837.5300000003,True,-0.22111942286072772,-0.18608142968074337,0.001911973172403484,101,42,3,3,6
LEVOFLOXACINUM+ORNIDAZOLUM,53119.340000000004,14083.769999999999,10008.84,True,-0.28933517090949357,-0.3411557362414407,1.1792082209781583e-05,1,1,0,1,0
LEVOMENTHOLUM+METHYL SALICYLAT*,119275.29999999999,89811.73,81237.91,True,-0.0954643675163589,-0.09154785213145755,9.571180209403261e-05,3,1,0,1,0
LEVOMENTHOLUM+OENOTHERA BIENNIS*&+THYMUS SERPYLLUM*&,212951.85,87155.03000000001,62035.740000000005,True,-0.2882138873682908,-0.2653336682923021,7.308844441759841e-05,1,1,0,1,1
LEVOMEPROMAZINUM,25783.96,22172.390000000003,19625.57,True,-0.11486447784835119,-0.06595421473870688,2.3122193466358053e-05,2,1,1,2,2
LEVONORGESTRELUM,301011.65,320596.14,400271.14999999997,True,0.24852142636527041,0.07384783566368514,0.00047158614854506765,10,9,4,2,2
LEVOSIMENDANUM,5.509999999999999,7.179999999999999,34.81999999999999,True,3.8495821727019495,0.5855111188294866,4.102376524598201e-08,2,2,0,1,1
LEVOTHYROXINUM NATRICUM,2258699.81,2337419.62,1988813.5399999998,True,-0.14914141945980597,-0.031312070495190025,0.0023431539282880664,22,3,6,1,3
LIDOCAINUM,2650082.52,1424122.8399999999,1232467.49,True,-0.1345778219524938,-0.17419212755130464,0.00145205218216728,15,2,0,2,4
LIDOCAINUM+MATRICARIA CHAMOMILLA,7551.669999999999,4457.74,7124.469999999999,True,0.5982246609268373,-0.014452888000913822,8.393813463010957e-06,1,1,0,1,1
LIDOCAINUM+MATRICARIA CHAMOMILLA*&+POLIDOCANOLUM,17932.34,10890.839999999998,7833.5,True,-0.2807258209651412,-0.18702026378104775,9.229169013624359e-06,1,1,0,1,0
LIDOCAINUM+MATRICARIA CHAMOMILLA*&+THYMOL,74491.07,54253.68,62169.439999999995,True,0.14590272954756234,-0.044197448105252835,7.324596530827583e-05,1,1,0,1,1
LIDOCAINUM+METRONIDAZOLUM+MICONAZOLUM,0.0,4666.419999999999,9364.36,True,1.0067546427454026,,1.1032777321047221e-05,1,1,0,1,1
LIDOCAINUM+NEOMYCINUM+POLYMYXINUM B,0.0,0.0,538.1,True,,,6.339715128909514e-07,1,1,0,1,1
LIDOCAINUM+NIFEDIPINUM,0.0,0.0,8056.789999999999,True,,,9.492241860889587e-06,1,1,0,1,1
LIDOCAINUM+NITROFURALUM+PHENAZONUM,928.5799999999999,45.94,0.0,True,-1.0,-1.0,0.0,1,1,0,1,1
LIDOCAINUM+OFLOXACINUM,550852.2999999999,476014.56000000006,500172.26,True,0.050749918237795066,-0.023839772979205698,0.0005892863117975957,3,1,0,1,0
LIDOCAINUM+PHENAZONUM,1338273.1099999999,977773.07,1330911.9799999997,True,0.3611665332529559,-0.0013779628526370269,0.0015680362042097963,10,8,0,1,1
LIDOCAINUM+PRILOCAINUM,2233.7400000000002,6344.359999999999,10753.199999999999,True,0.6949227345232618,0.4812428790507046,1.2669062390668978e-05,2,1,0,1,2
LIDOCAINUM+TOLPERISONUM,37935.350000000006,7995.650000000001,65230.72000000001,True,7.158276062609044,0.14512268775005244,7.685266352976407e-05,1,1,0,1,1
LIDOCAINUM+TRIBENOSIDUM,341885.68000000005,332133.45,342307.12,True,0.030631271857742615,0.00030803083446229174,0.00040329485734946,2,1,0,1,2
LINCOMYCINUM,661745.75,442178.57999999996,449101.69000000006,True,0.015656819016425683,-0.09236051201706141,0.0005291166657706431,8,2,2,2,4
LINEZOLIDUM,37903.39,48130.98000000001,40594.170000000006,True,-0.15658958118035415,0.01729381253795359,4.7826700184821546e-05,20,13,1,2,3
LINUM USITATISSIMUM*&,858067.99,435925.2900000001,468307.3999999999,True,0.07428362323277882,-0.1404872372401702,0.0005517441941572716,10,1,0,1,0
LINUM USITATISSIMUM*&+MENTHOLUM*+METHYL SALICYLAT*+PHENOXYETHANOL+ROFECOXIBUM,301.22999999999996,0.0,0.0,True,,-1.0,0.0,1,1,0,1,1
LIRAGLUTIDUM,6506.429999999999,45904.28,66633.81,True,0.45158163901056714,0.7889078552671323,7.850573747516856e-05,2,2,0,1,2
LISINOPRILUM,3587949.92,2034046.9400000002,1760793.96,True,-0.13433956445469253,-0.1630191109037763,0.0020745088472597087,58,8,4,1,8
LITHIUM,8698.949999999999,12904.369999999999,13982.47,True,0.08354534161683214,0.12597634146294934,1.6473680839718157e-05,1,1,1,1,1
LOMEFLOXACINUM,6646.570000000001,10843.640000000001,5434.8099999999995,True,-0.4988020627759683,-0.049074057435164575,6.4031122801986074e-06,2,1,1,1,2
LOMUSTINUM,175.54,61.040000000000006,57.99,True,-0.0499672346002622,-0.24186900285506474,6.832188818536753e-08,1,1,1,1,1
LOPERAMIDUM,6477015.8500000015,5615610.570000001,5891246.01,True,0.049083788229994374,-0.023419496628277692,0.006940869997718789,18,4,1,1,5
LOPERAMIDUM+SIMETICONUM,9522.529999999999,10169.0,8963.880000000001,True,-0.11850919461107279,-0.015000701711394004,1.0560945112382348e-05,1,1,0,1,1
LOPINAVIRUM+RITONAVIRUM,0.0,0.0,0.0,True,,,0.0,2,2,0,2,2
LORATADINUM,4395198.47,2718164.19,2924307.6199999996,True,0.07583921190573828,-0.09684739013777455,0.003445321921594382,28,6,1,3,5
LORNOXICAMUM,538532.67,571627.77,695307.4999999999,True,0.2163641035144248,0.06596075260208756,0.0008191881577762964,9,3,2,2,5
LOSARTANUM,2061196.4,1825250.59,1861722.53,True,0.01998188095367226,-0.025125086526053497,0.002193419529692008,34,9,4,1,7
LUTEIN+VACCINIUM MYRTILLUS *&+ZEAXANTHINUM*,1135.56,0.0,0.0,True,,-1.0,0.0,1,1,0,1,1
LYNESTRENOLUM,10726.32,7620.710000000001,7154.68,True,-0.06115309465915908,-0.09627797607189992,8.42940587967038e-06,1,1,1,1,1
LYSINI ACETYLSALICYLAS*,37844.65,8515.13,44.26,True,-0.9948021932724457,-0.8150724018222676,5.214565909785078e-08,2,1,1,1,2
MACROGOLUM,143317.73,158830.81,200365.15000000002,True,0.26150052373339916,0.08737806066085829,0.00023606355189764432,8,3,0,1,4
MAGALDRATUM,23247.9,7684.899999999999,9755.69,True,0.2694621920909839,-0.1951432962803975,1.1493829304209487e-05,5,2,2,2,3
MAGNESII LACTAS*+MAGNESYUM PIDOLATE*+PYRIDOXINUM,213180.83,202341.19999999998,213283.2,True,0.05407697493145247,0.00012002905090313654,0.000251283168515561,2,2,0,1,1
MAGNESII LACTAS*+PYRIDOXINUM,1183451.2999999998,894877.56,912405.33,True,0.01958678011771786,-0.06295735612904174,0.0010749655964130602,4,3,0,1,2
MAGNESII OROTAS*,102006.31,102910.39000000001,39388.12,True,-0.6172580824929339,-0.21171265653906024,4.6405772210240366e-05,2,1,1,1,2
MAGNESII OXYDUM*,14931.08,10192.590000000002,8168.2300000000005,True,-0.19861095168156484,-0.1399787466515532,9.623536760344277e-06,3,1,1,1,2
MAGNESII SULFAS*,1798212.3399999999,1197376.3199999998,1258819.03,True,0.05131445225173681,-0.08529599315188796,0.001483098689658093,17,2,0,2,1
MAGNESII SULFAS*+NATRII SULFAS*+POTASSIUM SULFAS*,39882.130000000005,74706.05,100087.24,True,0.33974745017304486,0.2586358338991217,0.00011791945542441878,1,1,0,1,1
MAGNESIUM ASPARGINATE*+PYRIDOXINUM,26720.11,8061.160000000001,444.48,True,-0.9448615335758129,-0.6408685032004657,5.236715444151088e-07,1,1,0,1,1
MAGNESIUM CITRATUM*+PYRIDOXINUM,429263.64,722979.2499999999,851644.78,True,0.17796572999847537,0.18681655646337525,0.0010033795384171741,2,2,0,1,1
MAGNESIUM GLUCONATE*+POTASSIUM GLUCONATE*,99814.19,67668.62999999999,70923.76,True,0.04810397373199371,-0.08187911596301023,8.356001380248046e-05,3,1,0,2,3
MAHONIA AQUIFOLIUM NUTT.*&,9697.8,3457.4500000000003,7358.25,True,1.1282303431719907,-0.06669126830545213,8.669245279185732e-06,1,1,0,1,1
MALATHIONUM*+PERMETHRINUM+PIPERONYL*,774.3700000000001,0.0,0.0,True,,-1.0,0.0,1,1,0,1,1
MANNITOLI HEXANITRAS,249213.53999999998,146577.47,141704.84,True,-0.033242694119362315,-0.1316330968312005,0.00016695192677712356,5,1,0,1,0
MANNITOLI HEXANITRAS+SORBITOL*,9138.38,6298.74,8144.54,True,0.2930427355312333,-0.02837353212807614,9.595625990709661e-06,2,1,0,1,0
MATRICARIA CHAMOMILLA*&,3340131.78,1536035.2300000002,1373979.99,True,-0.10550229372017739,-0.1991444279573118,0.0016187775003571718,18,2,0,2,4
MATRICARIA CHAMOMILLA*&+SALVIA OFFICINALIS*&,267.81,0.0,0.0,True,,-1.0,0.0,1,1,0,1,0
MATRICARIA CHAMOMILLA*&+SPIRITUS AETHYLICUS*,0.0,0.0,0.0,True,,,0.0,1,1,0,1,0
MEBENDAZOLUM,311184.51,151224.41,189886.23,True,0.2556585937415792,-0.11616972215455623,0.00022371763707537475,2,1,1,1,1
MEBEVERINUM,854519.1199999999,778573.9900000001,931382.4299999999,True,0.19626707540024535,0.021766275197659724,0.0010973237841054647,9,5,2,1,4
MEBHYDROLINUM,2860560.1200000006,1868252.1500000001,1907965.45,True,0.021256927230084877,-0.09628840062375377,0.0022479013991454464,12,1,2,2,3
MEBICARUM*,742674.7199999999,847842.0800000001,783980.27,True,-0.07532276529610327,0.013623388580979334,0.0009236594645020564,6,3,2,1,1
MECOBALAMINUM,82850.97,81654.7,98680.78000000001,True,0.20851316580674495,0.04468111534085617,0.0001162624110571625,4,2,1,1,3
MEDROXYPROGESTERONUM,16022.31,11328.03,9941.24,True,-0.12242110940737272,-0.11247855199260326,1.1712438139401674e-05,3,1,1,1,1
MEFLOQUINUM,288.02,0.0,0.0,True,,-1.0,0.0,1,1,1,1,1
MEGESTROLUM,0.0,181.69,45.86,True,-0.7475920523969398,,5.403072585240481e-08,1,1,1,1,1
MELATONINUM*,235807.17,361876.88,353609.33,True,-0.02284630618015715,0.10660257712745613,0.00041661074505195257,2,2,1,1,2
MELDONIUM,1617301.68,942014.67,928055.2,True,-0.014818739500097267,-0.12964647476726632,0.0010934037524443678,39,19,4,2,7
MELISSA+MENTHA PIPERITA+VALERIANA,663273.02,198440.43000000002,229603.55000000005,True,0.15704017573435025,-0.23295372239442136,0.00027051126177036463,6,4,0,1,3
MELOXICAMUM,3596966.480000001,3095948.87,3483239.8699999996,True,0.12509605819168446,-0.007999826697678514,0.004103837298171307,82,24,2,4,6
MELPHALANUM,184.51,23.860000000000003,64.96000000000001,True,1.72254819782062,-0.2297059790853544,7.653371023489352e-08,2,1,2,2,2
MEMANTINE,156954.71999999997,190830.79000000004,239215.55,True,0.25354797304984134,0.11110155825937418,0.0002818358002983479,31,14,2,2,8
MENADIONI NATRII BISULFIS,89774.44,55854.58000000001,43986.520000000004,True,-0.21248141155121036,-0.16335402736545457,5.182345406282864e-05,1,1,0,1,1
MENOTROPINUM*,502.67,607.7800000000001,1457.31,True,1.3977590575537198,0.30486999429978123,1.716954145049456e-06,7,4,0,1,2
MENTHA PIPERITA,1099930.1900000002,774974.95,765325.82,True,-0.01245089276756628,-0.08668558809179205,0.0009016814123023747,15,3,1,2,2
MENTHA PIPERITA+VALERIANA OFFICINALIS*&,20560.75,7578.719999999999,4444.52,True,-0.4135526843583084,-0.31813801555835675,5.2363855574690415e-06,1,1,0,1,1
MENTHOL SOLITION IN ISOVALERAT,17604151.669999998,12527932.32,10196528.719999999,True,-0.1860964395759125,-0.12761274679399093,0.012013210813704581,15,3,2,1,5
MENTHOLUM*+METHYL SALICYLAT*,33920.8,17799.79,28425.12,True,0.596935694185156,-0.04322668266172447,3.348953044138048e-05,2,1,0,1,0
MEPIVACAINUM,51.53,27.54,25.1,True,-0.08859840232389249,-0.16458283413432528,2.9571984712066307e-08,3,3,0,1,1
MERCAPTOPURINUM,59.449999999999996,147.28,249.05000000000004,True,0.6909967409016842,0.43065089793881994,2.934224220135504e-07,2,1,1,1,1
MEROPENEMUM,213705.03,80372.14,31190.159999999996,True,-0.6119282129354775,-0.3819114270172286,3.6747208553263024e-05,32,15,2,1,3
MESALAZINUM,92706.73,102002.63,112544.37000000001,True,0.10334772740663656,0.04967082869911321,0.00013259603143701728,19,4,8,2,8
MESNUM,401.20000000000005,447.33000000000004,158.48,True,-0.6457201618491941,-0.20721872369960825,1.8671586203857639e-07,2,2,1,1,2
MESTEROLONUM,9363.360000000002,5096.74,9543.48,True,0.8724674988325871,0.004774863096833837,1.1243810544219542e-05,2,1,1,1,1
METADOXINE,75588.73,32498.25,35771.26,True,0.10071342303047093,-0.17058994255580384,4.214450812156769e-05,3,2,1,1,3
METAMIZOLUM NATRICUM,18719693.71,13512074.25,13005371.36,True,-0.037500007817082626,-0.08703105563645919,0.015322495738353184,21,1,1,3,5
METAMIZOLUM NATRICUM+PITOFENONUM+FENPIVERINII BROMIDUM,8162197.949999998,6531211.169999999,7522164.920000001,True,0.1517258781268287,-0.020207903374252156,0.008862364383102847,21,7,0,2,5
METAMIZOLUM NATRICUM+TEMPIDONUM,1865992.4599999997,1984394.12,1757419.5899999999,True,-0.11437976343126854,-0.014874877176624057,0.002070533276819356,2,1,0,1,2
METFORMINUM,7412666.130000001,7781225.97,7740349.95,True,-0.005253159355298798,0.010872865491194483,0.00911942272459933,89,12,3,1,7
METFORMINUM+SAXAGLIPTINUM,20168.219999999998,11070.1,8868.67,True,-0.19886270223394553,-0.18567506874714368,1.0448771858819166e-05,3,1,0,1,1
METFORMINUM+SITAGLIPTINUM,68150.66,94628.27999999998,73131.26000000001,True,-0.22717331436226018,0.017790159300717923,8.616081684040424e-05,3,1,3,1,1
METFORMINUM+VILDAGLIPTINUM,0.0,69493.41,124225.45000000003,True,0.7875860459286719,,0.00014635829116532104,2,1,0,1,1
METHADONUM,238357.38999999998,401536.19,171483.46,True,-0.5729314959132327,-0.07902380668608788,0.00020203610587618458,7,2,3,1,3
METHIONINUM,19730.409999999996,34103.94,45096.27,True,0.32231847698535687,0.22956396853356575,5.313092458212009e-05,2,1,1,1,2
METHIONINUM+NICOTINAMIDUM+THIAMINUM+TOCOPHEROLI ACETAS*+ZINCI SULFAS*,1680.5,11606.59,16271.029999999999,True,0.401878587940127,0.7639819311782285,1.9169986072094507e-05,1,1,0,1,1
METHIONINUM+PHOSPHOLIPIDES*,643.45,0.0,0.0,True,,-1.0,0.0,3,1,0,1,2
METHOCARBAMOLUM,0.0,21510.08,16896.53,True,-0.2144831632425357,,1.9906929356452972e-05,1,1,0,1,1
METHOTREXATUM,102464.04,156504.12,174776.28,True,0.11675194237698028,0.14281979427310576,0.0002059155968203912,32,4,9,2,6
METHYL SALICYLAT*,131594.71999999997,57260.689999999995,30247.04,True,-0.4717660580059373,-0.3075935511876323,3.563605595479116e-05,2,1,0,1,1
METHYLDOPUM,58653.92,56766.520000000004,60069.01999999999,True,0.0581768972274499,0.005977751973336165,7.077132036290059e-05,1,1,1,1,1
METHYLERGOMETRINUM,1298.9799999999998,285.21,412.56999999999994,True,0.44654815749798393,-0.24928724439754402,4.860762443289718e-07,1,1,0,1,1
METHYLPHENIDATUM,0.0,1.54,378.19999999999993,True,244.58441558441552,,4.455826541077081e-07,1,1,1,1,1
METHYLPREDNISOLONI ACEPONAS,67925.59,46681.0,44381.83,True,-0.04925280092543005,-0.10093115910012584,5.228919514954286e-05,6,3,0,1,1
METHYLPREDNISOLONUM,571488.8800000001,770124.4800000001,721641.2700000001,True,-0.06295503033483618,0.06005498932104403,0.0008502137292444667,17,5,7,2,5
METHYLURACILUM*,534621.0800000001,331802.33,400317.06999999995,True,0.20649264277318347,-0.06977178600203904,0.00047164024996092333,6,1,1,2,3
METHYLURACILUM*+MYRAMISTINUM*,363640.94,302164.22,83902.62,True,-0.722327746150752,-0.3069322546253491,9.885127473873738e-05,2,1,0,1,1
METOCLOPRAMIDUM,641521.83,480194.31999999995,500531.33999999997,True,0.0423516463085194,-0.06015776201032452,0.0005897093679039865,8,2,1,2,2
METOPROLOLUM,1094554.83,962013.5599999999,976186.29,True,0.014732359905613057,-0.028206934861491617,0.0011501102009565229,18,4,3,2,6
METOXYPOLYETHYLENGLYCOLUM-EPOETINUM BETA*,1151.5900000000001,1900.59,2322.9300000000003,True,0.2222152068568184,0.19174835041875915,2.7367988225976173e-06,2,1,2,1,1
METRONIDAZOLUM,3223340.1900000004,1672962.2800000003,1662092.82,True,-0.006497133934185384,-0.15260229678654058,0.0019582224487280945,32,10,3,4,6
METRONIDAZOLUM+MICONAZOLUM,336204.13,244659.86000000002,284514.74,True,0.16289913678524948,-0.04087451297988631,0.00033520579847161433,8,4,0,1,3
MEXILETINUM,2626.08,2335.2400000000002,3070.7100000000005,True,0.3149440742707388,0.039878772343025615,3.617808333672874e-06,1,1,1,1,1
MIANSERINUM,44855.68,183779.09999999998,221485.69,True,0.205173439199561,0.4906718723957155,0.0002609470692677871,5,2,3,1,1
MICAFUNGINUM,0.14,0.0,0.0,True,,-1.0,0.0,2,1,2,1,1
MICONAZOLUM,219219.78000000003,96871.71999999999,115158.08,True,0.18876881715324156,-0.14865876430895175,0.00013567541757892067,2,2,0,1,1
MICONAZOLUM+NEOMYCINUM+ORNIDAZOLUM+PREDNISOLONUM,385233.79000000004,225135.59000000003,267945.18,True,0.19015025567481336,-0.08676952876708777,0.0003156840942881217,1,1,0,1,1
MIDAZOLAMUM,0.0,0.0,22.69,True,,,2.6732602913019303e-08,1,1,0,1,1
MIDECAMYCINUM,44059.77999999999,19227.230000000003,13715.210000000001,True,-0.2866778001823457,-0.2530525751468664,1.6158804001704338e-05,2,1,1,2,2
MIFEPRISTONUM,72479.09000000001,19935.22,9633.83,True,-0.5167432313262659,-0.39619519938086023,1.1350257907515766e-05,5,5,3,1,3
MINOXIDILUM,39602.26,56679.58999999999,85662.27,True,0.5113424426676343,0.21273916171412788,0.00010092443581039427,6,3,0,1,1
MIRABEGRONUM,2205.4799999999996,8774.09,13909.15,True,0.5852527156662399,0.5847084246050507,1.638729765569072e-05,1,1,1,1,1
MIRTAZAPINUM,25697.459999999995,40484.31,57192.24,True,0.4127013650473481,0.22141071883577457,6.738199390154689e-05,4,3,2,1,2
MISOPROSTOL,3.01,30713.67,45334.11,True,0.47602386819940445,10.078083891385688,5.341113975518455e-05,3,3,1,1,3
MITOXANTRONUM,93.01000000000002,0.0,83.00000000000001,True,,-0.028065245344259915,9.778783789249018e-08,2,1,2,1,1
MOLSIDOMINUM,795512.31,743701.69,775035.3900000001,True,0.04213208121121825,-0.006498202114694207,0.0009131209045573844,6,4,2,1,1
MOMETASONUM,1800969.7,1754237.4800000002,2503210.96,True,0.426951019197241,0.0857948098167769,0.0029491998502070445,32,16,3,2,1
MOMETASONUM+OLOPATADINUM,0.0,51350.82,46825.759999999995,True,-0.08812050128897664,,5.516855214545362e-05,2,1,0,1,1
MONTELUKASTUM,389898.93,385165.36,437426.78,True,0.135685670175532,0.029172874350134936,0.0005153616753310116,34,15,3,1,3
MORPHINUM*,157684.04,120871.51999999999,90313.66000000002,True,-0.25281273868319,-0.1300557417631869,0.00010640454871755995,10,1,2,2,4
MOSAPRIDUM,25745.22,32459.659999999996,43000.340000000004,True,0.32473168234048067,0.13682553640307304,5.066156960532483e-05,1,1,1,1,1
MOXIFLOXACINUM,191247.46000000002,359616.04999999993,278988.39,True,-0.22420484291510334,0.0989998007495767,0.0003286948368097208,35,20,1,3,4
MOXONIDINUM,290998.7,547185.86,688795.4000000001,True,0.2587960514915355,0.24036584048262144,0.0008115158182685896,14,5,3,1,4
MUPIROCINUM,20554.25,123095.24,174560.75,True,0.4180950457548154,0.7071089575026952,0.00020566166654688558,7,4,1,2,1
MURAMIDASE+PYRIDOXINUM,876157.53,535645.76,599173.0599999999,True,0.11859946394423049,-0.09062602709334477,0.0007059257597690034,2,2,0,1,1
MYRAMISTINUM*,1645809.39,1327907.6600000001,1877930.72,True,0.41420279178147057,0.03353457002479043,0.0022125154797673174,17,8,0,3,2
MYRAMISTINUM*+TRIAMCINOLONUM,380161.7100000001,297078.87000000005,322384.32000000007,True,0.08518091508830627,-0.04037537360109911,0.00037982247738844197,1,1,0,1,1
MYRAMISTINUM*+XYLOMETAZOLINUM,219716.83,181631.74,261737.66999999998,True,0.44103486538200865,0.04472196772848669,0.00030837061258214563,2,1,0,1,1
MYRTUS COMMUNIS*,48948.89,156253.96,253461.21000000002,True,0.6221106332281117,0.5084890568467695,0.00029861956283752303,4,2,2,1,1
NABUMETONUM,83514.72,75736.61,92909.0,True,0.2267382973703207,0.02700767478950361,0.00010946229193678759,4,1,2,1,2
NADROPARINUM CALCICUM,41448.52,11115.38,8867.49,True,-0.202232402311032,-0.31989977286709104,1.0447381622087682e-05,6,2,0,1,1
NAFTIDROFURYLUM,12930.280000000002,4.07,0.0,True,-1.0,-1.0,0.0,1,1,1,1,1
NAFTIFINUM,1478787.95,897512.8,989277.08,True,0.10224286494855561,-0.09561570704256439,0.001165533334093928,28,8,0,1,1
NALBUPHINE HYDROCHLORIDE,1510547.6099999999,1270080.39,2283487.81,True,0.7979080914712811,0.10883281453614546,0.00269032934691274,46,5,1,1,3
NALOXONUM,3188.5299999999997,3211.27,2718.2600000000007,True,-0.15352492938930684,-0.03910679618618462,3.2025634726462697e-06,2,1,0,1,1
NALTREXONUM,0.4,0.0,0.0,True,,-1.0,0.0,1,1,1,1,1
NANDROLONUM,3882.74,443.6000000000001,8.42,True,-0.9810189359783589,-0.7842039726291936,9.920163795840568e-09,1,1,0,1,1
NAPHAZOLINUM,11139326.18,8030597.92,8770060.66,True,0.09208065792441023,-0.05803249970865043,0.010332593615992595,9,2,0,1,1
NAPROXENUM,1184853.41,1092801.74,1177620.58,True,0.07761594523083404,-0.0015296082627439533,0.0013874333780228947,11,4,4,2,3
NATAMYCINUM,374719.19,344082.62000000005,312120.31,True,-0.09289138172686562,-0.04466866314136142,0.0003677297623763106,8,4,1,3,4
NATRII ACETAS*+NATRII CHLORIDUM*,212.19,75.4,59.580000000000005,True,-0.20981432360742702,-0.27206282901926904,7.01951732727056e-08,1,1,0,1,0
NATRII AMIDOTRIZOAS,20322.53,9219.630000000001,9498.04,True,0.030197524195656467,-0.17317413245555946,1.119027464839021e-05,5,3,0,1,2
NATRII CHLORIDUM*,33185384.87,14810094.939999998,15445526.819999998,True,0.04290532117277568,-0.174030583567793,0.018197405696846615,77,4,0,2,4
NATRII FLUORIDUM*,3418.7399999999993,380.90000000000003,11.649999999999999,True,-0.9694145444998687,-0.7583899679208528,1.372564230659651e-08,1,1,1,1,1
NATRII HYDROCARBONAS*,467957.38999999996,186755.84999999998,190214.23,True,0.018518188319134543,-0.2015289523185252,0.00022410407576005834,7,3,0,1,0
NATRII HYDROCARBONAS*+THERMOPSIS LANCEOLATA*&,1101676.52,697022.25,545027.03,True,-0.2180636557871718,-0.1613302341436652,0.0006421327091164504,3,2,0,1,3
NATRII HYDROCARBONAS+GLYCYRRHIZA GLABRA/URALENSIS*&+THERMOPSIS LANCEOLATA*&+CODEINUM,23302.81,7503.4400000000005,16450.12,True,1.1923437783203434,-0.08337817423663729,1.9380983950265186e-05,1,1,0,1,1
NATRII OXYBUTYRAS*,335.79,163.93,266.52,True,0.6258158970292196,-0.056122765241328754,3.140049946398371e-07,1,1,0,1,1
NATRII PENTOSANI POLYSULFAS,16524.25,12996.6,12809.92,True,-0.014363756674822703,-0.06166878257186159,1.5092221450310453e-05,1,1,0,1,1
NATRII PICOSULFAS,3575047.1299999994,2773744.5,3058738.6,True,0.10274706268007017,-0.03824346034748782,0.003603704028581956,15,7,2,2,2
NATRII TETRABORAS*,1058268.4000000001,6403.06,1337.5600000000002,True,-0.791106127382845,-0.8114487737959554,1.5758686801383032e-06,1,1,0,1,0
NATRII THIOSULFAS*,147192.32,84178.22999999998,78228.06999999999,True,-0.0706852591222219,-0.14617401800904084,9.216570876870328e-05,3,1,0,1,1
NEBIVOLOLUM,1676885.8699999999,1817561.1199999999,1840643.29,True,0.012699528915979474,0.023567603307542484,0.002168584670607467,19,9,1,1,7
NEFOPAMUM,16756.440000000002,67598.97,98728.95,True,0.46050967936345777,0.5579936763700313,0.00011631916334814177,6,3,1,2,3
NEOMYCINUM+NYSTATINUM+ORNIDAZOLUM+PREDNISOLONUM,48537.2,47896.92,77149.81,True,0.6107467870585415,0.12283265705626967,9.08953387194749e-05,2,2,0,1,1
NEOMYCINUM+NYSTATINUM+POLYMYXINUM B,205341.31999999998,161738.65,175947.64,True,0.0878515432149336,-0.03788546856684194,0.00020729565419140024,4,2,0,1,3
NEOMYCINUM+NYSTATINUM+PREDNISOLONUM+TERNIDAZOLUM,396093.27,296686.31,325269.35,True,0.09634094677304117,-0.04805595899555015,0.0003832215237252487,2,1,0,1,2
NEOSTIGMINI BROMIDUM,147466.18,80026.67,77767.85,True,-0.02822584021051977,-0.1478286766835486,9.162349288009027e-05,4,1,0,1,1
NEPAFENAC,36258.72,19733.18,29650.800000000007,True,0.5025859998236475,-0.04905371377321377,3.49335858287066e-05,1,1,0,1,1
NEUROPEPTIDES*,188789.32,139582.63,141850.51,True,0.01624758037586771,-0.06897065462674101,0.00016712355032345852,7,2,0,1,2
NICERGOLINUM,357300.61000000004,324258.3,353786.17,True,0.09106280394364608,-0.002468144409616624,0.0004168190920549996,9,4,4,2,4
NICETHAMIDUM,43348.86000000001,22247.350000000002,19960.86,True,-0.10277583622319064,-0.17624058376573226,2.3517220986442065e-05,2,1,0,1,1
NICOBOXILUM+NONIVAMIDUM,145818.94,193844.50999999998,8823.21,True,-0.9544830544852676,-0.5040325559625849,1.0395212399655399e-05,1,1,0,1,1
NICORANDILUM,0.0,32991.409999999996,47462.32000000001,True,0.43862660007559584,,5.591852595375295e-05,2,1,2,1,1
NICOTINIC ACID,647238.36,504910.87999999995,581728.88,True,0.15214170072944366,-0.02632483230345073,0.0006853736074074683,3,1,1,2,2
NICOTINUM*,106439.55,128483.45999999999,112723.94,True,-0.12265796702548326,0.01444447827573514,0.00013280759483521432,13,1,6,3,4
NIFEDIPINUM,1650230.7599999998,1302540.1600000001,1188234.6099999999,True,-0.08775587387647243,-0.07883086058781863,0.001399938474950919,18,6,5,2,5
NIFURATELUM,60840.5,52555.33,64681.11,True,0.23072407689191565,0.015421073884168246,7.620513131790752e-05,1,1,1,1,1
NIFURATELUM+NYSTATINUM,38803.8,26750.940000000006,37189.4,True,0.3902090917178982,-0.01056737023381582,4.381531347613222e-05,2,1,0,1,2
NIFUROXAZIDUM,2527603.6599999997,1563294.8599999999,1674163.5300000003,True,0.0709198711239929,-0.09786356055465972,0.001972443757556134,36,5,2,2,8
NIMESULIDUM,5291252.489999999,5207162.15,6156312.829999999,True,0.18227791888524125,0.03858141925416669,0.007253162904042136,40,14,1,4,8
NIMESULIDUM+TIZANIDINUM,61193.34,62687.34999999999,54375.759999999995,True,-0.13258799422850065,-0.029098224057305888,6.406371089350543e-05,1,1,0,1,1
NIMODIPINUM,25510.81,18493.6,19762.62,True,0.06861941428386031,-0.061833182826893984,2.3283661215552818e-05,7,4,2,2,3
NIMORAZOLUM,13.71,0.0,0.0,True,,-1.0,0.0,1,1,1,1,1
NINTEDANIB,0.2,113.14999999999999,94.39000000000001,True,-0.1657976137870082,3.660945208179551,1.1120715685147167e-07,2,1,2,1,1
NITRENDIPINUM,1683.3,14252.81,15165.74,True,0.06405263242827197,0.7325090851457554,1.786777017638137e-05,2,1,2,1,1
NITROFURALUM,1776910.89,1145851.5799999998,1289173.3900000001,True,0.12507886056237782,-0.07708560281382582,0.001518861186465446,5,2,2,2,3
NITROFURANTOINUM,782672.14,749755.9400000001,579788.34,True,-0.22669723697020672,-0.07226829119324918,0.0006830873277575418,3,1,1,1,2
NITROGLICERINUM*,1165221.77,763724.38,679045.13,True,-0.11087671445030989,-0.12627952699150702,0.0008000283746280111,8,4,4,3,4
NITROXOLINUM,1203762.31,795066.67,803346.3499999999,True,0.010413818504050543,-0.09616215719470234,0.0009464759354858272,9,3,1,1,2
NONACOGUM ALFA,4.5,0.0,0.0,True,,-1.0,0.0,1,1,0,1,1
NORELGESTROMINUM+ETHINYLESTRADIOLUM,9106.78,6736.379999999999,561.75,True,-0.9166095143088722,-0.5016384143110206,6.618351558567031e-07,1,1,0,1,1
NOREPINEPHRINUM,3267.7000000000003,4001.91,3211.4299999999994,True,-0.19752568148709004,-0.0043330981000502256,3.7835999547358994e-06,2,1,0,1,1
NORETHISTERONUM,126002.23999999999,111611.28,126024.26999999999,True,0.12913560349814102,4.37066749081616e-05,0.0001484776010274628,3,2,1,1,3
NORFLOXACINUM,660449.93,457816.87000000005,408253.12,True,-0.1082610826464303,-0.11330878943656886,0.00048099023997184745,5,4,1,2,3
NYSTATINUM,564396.87,389047.88000000006,405996.52999999997,True,0.04356443222361195,-0.07905343730494208,0.00047833160072956047,8,1,0,4,3
OBINUTUZUMABUM,21.810000000000002,0.41000000000000003,0.13,True,-0.6829268292682926,-0.7221426293555112,1.5316167380751472e-10,1,1,1,1,1
OCRELIZUMABUM,122.47000000000001,94.86,39.21,True,-0.5866540164452878,-0.24778536090697434,4.6195917153789633e-08,1,1,0,1,1
OCTENIDINI DIHYDROCHLORIDUM+PHENOXYETHANOL,38809.65,23395.93,26436.63,True,0.12996704982447804,-0.09151744621192781,3.1146757697153524e-05,5,1,0,1,0
OCTOCOGUM ALFA,5.430000000000001,0.0,0.0,True,,-1.0,0.0,2,1,0,1,1
OCTREOTIDUM,45133.13,37349.8,44721.28,True,0.19736330582760808,-0.0022891547928670652,5.2689123843188705e-05,9,4,4,1,2
OFLOXACINUM,1071780.6,743257.07,684479.5700000001,True,-0.07908098338035308,-0.10604913369232782,0.0008064310509865227,17,5,1,3,3
OFLOXACINUM+ORNIDAZOLUM,394813.75,207546.79000000004,214064.07,True,0.0314014974647403,-0.14190004876180584,0.00025220316356345385,4,3,0,1,1
OLANZAPINUM,34519.29,77555.11,98756.18,True,0.27336780258579996,0.3005456685935739,0.00011635124482797083,21,7,4,1,2
OLAPARIBUM,0.01,102.89000000000001,227.48,True,1.210904849839634,11.28105863550952,2.680093658287188e-07,3,1,3,1,2
OLEUM JECORIS*,162403.65,72719.66,79381.57999999999,True,0.0916109893803132,-0.16385617218768445,9.352473586373179e-05,5,1,0,1,1
OLEUM VASELINI (PARAFFINUM LIQUIDUM)*,403740.56999999995,342741.8,345719.13,True,0.00868680155148871,-0.038043895675933026,0.0004073147739852137,4,1,0,1,0
OLMESARTANUM MEDOXOMILUM,33193.4,34796.33,44766.310000000005,True,0.28652389490500885,0.07764294379659731,5.2742176690662194e-05,4,2,3,1,1
OLODATEROL+TIOTROPIUM BROMIDE,18185.82,13780.1,11577.569999999998,True,-0.15983410860588843,-0.10675389359053566,1.3640307690951292e-05,1,1,0,1,1
OLOPATADINUM,57867.97,58698.929999999986,84856.34000000001,True,0.4456198775684672,0.10042769531585627,9.99749159044582e-05,7,5,0,1,1
OMALIZUMABUM,0.26,11.82,97.27000000000001,True,7.229272419627749,3.3979611837725843,1.1460027700966891e-07,1,1,1,1,1
OMEPRAZOLUM,7159188.75,6198239.98,6412586.57,True,0.03458184753924298,-0.027157898688107363,0.007555096096129151,41,8,3,2,5
ONDANSETRON,310228.54,315876.36999999994,452247.1699999999,True,0.4317220689854073,0.09881233795353661,0.0005328225656300896,33,11,2,3,5
ONONIS ARVENSIS*&,1378.0099999999998,240.72,594.4200000000001,True,1.469341974077767,-0.18957979324211627,7.003258626512531e-07,1,1,0,1,1
OPIPRAMOLUM,0.0,0.0,61792.259999999995,True,,,7.280158438422414e-05,1,1,1,1,1
ORIGANUM VULGARE*&,80087.21,39961.890000000014,38499.04,True,-0.03660612648701078,-0.1673323658037228,4.5358287741403555e-05,4,1,0,1,1
ORLISTATUM,774.0200000000001,21.09,9884.880000000001,True,467.6998577524894,0.8904047710514915,1.164603666297251e-05,2,1,1,1,2
ORNIDAZOLUM,733019.15,318829.25,289764.14999999997,True,-0.09116196208472105,-0.2070745942863943,0.00034139047864162895,20,11,1,2,4
ORNITHINUM,51904.05000000001,35081.71,54718.28,True,0.5597381085471604,0.01328776254449382,6.446725655898658e-05,11,6,1,2,3
ORTHOSIPHON STAMINEUS*&,132943.94,78691.63,65978.84,True,-0.16155199733440528,-0.16066751415372682,7.773407361752464e-05,2,1,0,1,1
OSELTAMIVIRUM,13576.09,411654.13,320095.09,True,-0.22241739685691964,1.203566067124053,0.0003771253827843621,12,8,3,2,2
OSIMERTINIBUM,0.0,37.33,63.029999999999994,True,0.6884543262791321,,7.42598484622127e-08,1,1,1,1,1
OTILONII BROMIDUM,72001.72,77448.02,89239.84,True,0.15225463478601498,0.05512515714456634,0.00010513940972857542,1,1,1,1,1
OXALIPLATINUM,6932.13,4914.860000000001,4474.409999999999,True,-0.08961598092315992,-0.103671367989711,5.271600960777552e-06,24,4,3,1,1
OXCARBAZEPINE,50762.33,59649.100000000006,57695.64,True,-0.0327491948746923,0.03252449116738698,6.797508302919845e-05,2,2,1,1,2
OXELADINUM,18924.13,11978.929999999998,733.2500000000001,True,-0.9387883558882137,-0.5563310486030542,8.63890748610463e-07,1,1,0,1,1
OXOLINUM*,679901.88,239443.97000000003,258314.30999999994,True,0.07880900070275265,-0.21489895410190052,0.00030433732375410177,10,1,1,3,1
OXYBUPROCAINUM,4255.62,21446.120000000003,32345.62,True,0.5082271291963298,0.6604016631104899,3.810853307339865e-05,2,2,0,1,1
OXYBUTYNINUM,219770.19000000003,262970.76,337637.24,True,0.283934533253811,0.11332097037395195,0.000397792960139612,2,2,1,1,1
OXYCODONUM,0.0,11.68,119.39,True,9.221746575342467,,1.4066132489137833e-07,2,1,2,1,1
OXYMETAZOLINUM,10978767.57,9902935.139999999,11129040.430000002,True,0.12381231146789107,0.0034044721515966714,0.013111865077925413,44,17,1,1,1
OXYTOCINUM,212698.58,76227.66,74997.43,True,-0.016138892365317403,-0.22941518311158193,8.835947623124552e-05,4,1,0,1,2
PACLITAXELUM,12540.869999999999,13532.630000000001,8949.57,True,-0.3386673543871369,-0.08088759893121844,1.0544085546596304e-05,32,6,5,1,2
PAEONIA OFFICINALIS*&,617456.3,517442.67999999993,367953.19000000006,True,-0.288900579287352,-0.12138910046317719,0.00043351020356318846,9,1,0,1,1
PALBOCICLIBUM,1501.8199999999997,1386.1399999999999,797.17,True,-0.42489936081492485,-0.14644155074964416,9.391991654548962e-07,4,1,3,1,1
PALIPERIDONUM,61.46000000000001,7.679999999999999,8.35,True,0.08723958333333348,-0.39288148171912296,9.837692125328829e-09,4,2,1,2,1
PALONOSETRONUM,0.0,0.0,4093.69,True,,,4.823049326531422e-06,1,1,0,1,1
PANAX SHIN-SENG NEES/QUINQUEAFOLIUM/REPENS*&,174641.88999999998,107421.7,104760.74,True,-0.024771158899924206,-0.11993949022571337,0.00012342561759779894,3,1,0,1,0
PANCREATINUM*,13990127.649999999,10818734.47,11211805.08,True,0.0363324020096778,-0.05384243651178444,0.013209375634279973,48,11,9,1,8
PANITUMUMABUM,0.17,1.4700000000000002,65.86,True,43.80272108843537,3.436527738978074,7.759406028433015e-08,1,1,0,1,1
PANTOPRAZOLUM,3899063.9700000007,3829464.0900000003,4421853.76,True,0.15469257736269815,0.03195558006541588,0.005209680947797326,59,23,2,2,8
PAPAVERINUM*,630637.7400000001,437584.48,383104.64,True,-0.12450130772462487,-0.11715519926434415,0.00045136113773711816,10,1,2,3,1
PARACETAMOLUM,12137384.889999999,13740368.97,12015424.03,True,-0.12553847307638943,-0.002521612744119661,0.014156172738014106,60,16,9,4,6
PARACETAMOLUM+PHENIRAMINUM+PHENYLEPHRINUM,505990.83,556071.56,478241.13999999996,True,-0.13996475561526667,-0.014001914514940705,0.0005634477960462614,5,2,0,1,1
PARACETAMOLUM+PHENYLEPHRINUM,447939.16000000003,269387.66000000003,219451.91999999998,True,-0.18536758513734464,-0.1633764440416422,0.00025855094913440624,4,2,0,1,2
PARECOXIBUM,5489.570000000001,4503.86,5842.85,True,0.29729831744325996,0.01571438328161867,6.883851429278749e-06,2,1,1,1,2
PARICALCITOL,0.0,0.0,1.05,True,,,1.2370750576760805e-09,1,1,0,1,1
PAROXETINUM,150491.15000000002,198287.19,228955.40000000002,True,0.1546656140520224,0.11060591590044089,0.000269747633009762,7,6,1,1,3
PASSIFLORA INCARNATA*,140591.96,183467.00000000003,172704.59,True,-0.058661285135746644,0.05277569167668661,0.00020347480060492744,2,1,1,2,2
PAZOPANIBUM,2368.66,493.68999999999994,287.3,True,-0.41805586501650827,-0.4098556888669831,3.3848729911460753e-07,2,1,2,1,1
PEFLOXACINUM,2733.46,0.0,0.0,True,,-1.0,0.0,2,1,1,2,1
PEGINTERFERONUM ALFA-2A,58.349999999999994,186.85,0.0,True,-1.0,-1.0,0.0,2,1,0,1,1
PEGVISOMANTUM,0.0,0.03,2.06,True,67.66666666666667,,2.42702344648831e-09,2,1,2,1,1
PELARGONIUM SIDOIDES*&,608648.4500000001,364548.45000000007,388506.65,True,0.06572020810951185,-0.10616370797185337,0.0004577256061488484,12,4,1,2,3
PEMBROLIZUMABUM,0.03,2083.16,4019.4,True,0.9294725321146722,18.13198331111612,4.735523320784036e-06,1,1,0,1,1
PEMETREXEDUM,514.22,165.98999999999998,137.29000000000002,True,-0.17290198204711105,-0.2811761383634235,1.6175050920795153e-07,6,3,3,1,1
PENCICLOVIRUM,60075.63,118461.91,154639.04999999996,True,0.3053904837428332,0.26664586527798484,0.00018219058256926119,8,6,0,1,1
PENICILLAMINUM,2321.9500000000003,2038.2800000000002,2116.0800000000004,True,0.038169436976274174,-0.022943215515479065,2.4930950362354295e-06,1,1,1,1,1
PENTANEDIOIC ACID IMIDAZOLYL ETHANAMIDE,2522.76,0.0,0.0,True,,-1.0,0.0,1,1,1,1,1
PENTOXIFYLLINUM,1236429.79,802875.82,845465.1900000001,True,0.05304602397915059,-0.09064896013250312,0.0009960989511260652,23,9,4,2,7
PERINDOPRILUM,481417.3,548138.2,579718.15,True,0.05761311654615575,0.0475476844225704,0.000683004632235353,22,7,4,1,2
PERMETHRINUM,104931.39,65914.97,100574.96,True,0.5258288064152954,-0.010544856018404936,0.00011849407089787571,3,2,0,1,1
PERTUZUMABUM,742.3,294.62,86.44,True,-0.7066051184576743,-0.41583729798877234,1.0184073141478132e-07,1,1,0,1,1
PHENAZEPAMUM*,50149.36,29765.089999999997,28730.059999999998,True,-0.03477328642379374,-0.13000294100377274,3.384880060146405e-05,4,2,2,1,1
PHENIBUTUM*,3066882.67,3295630.71,3061268.7600000002,True,-0.07111292818363124,-0.000457937938125319,0.00360668497889427,19,9,3,2,5
PHENINDIONUM,31203.15,16992.89,14557.090000000002,True,-0.1433423037517454,-0.17354534141767275,1.7150679001281806e-05,1,1,1,1,1
PHENOBARBITALUM,8456.35,5507.050000000001,6616.99,True,0.20154892365240884,-0.0594770829583563,7.795917415135283e-06,5,1,3,1,1
PHENOLUM PURUM*,824104.51,680301.26,703491.41,True,0.03408805975164597,-0.03878812617708638,0.0008288301681908354,2,2,0,1,0
PHENYLACETYLPROLILGLYCINI AETHYLICUM AETHER*,2.5,0.0,0.0,True,,-1.0,0.0,1,1,1,1,1
PHENYLBUTAZONUM,12019.79,6425.530000000001,6748.58,True,0.05027600836039969,-0.13437681505438814,7.950952374030137e-06,1,1,0,1,0
PHENYLEPHRINUM,916028.43,623225.1399999999,680382.5199999999,True,0.0917122502471579,-0.0716514815001793,0.0008016040430198065,12,6,1,4,3
PHENYLEPHRINUM+TROPICAMIDUM,0.0,8902.08,13504.96,True,0.5170566878751932,,1.5911094448488724e-05,1,1,0,1,1
PHENYTOINUM,25788.890000000003,19265.190000000002,16484.65,True,-0.14432974707231028,-0.10584713951141511,1.9421666047161908e-05,2,1,1,1,2
PHLOROGLUCINOLUM,0.0,5150.83,8271.71,True,0.6058984668490319,,9.745453452695058e-06,1,1,0,1,1
PHLOROGLUCINOLUM+SIMETICONUM,29964.510000000002,0.0,0.0,True,,-1.0,0.0,1,1,0,1,1
PHOSPHOLIPIDES*,1420015.4099999997,644791.41,711648.73,True,0.10368829200128449,-0.15861811902077705,0.0008384408511522471,7,4,1,2,4
PHTHALYLSULFATHIAZOLUM,1260890.43,807037.6000000001,719213.34,True,-0.10882300898991581,-0.130949334648656,0.0008473532229161014,8,1,1,1,2
PHYTOMENADIONUM,25797.579999999998,13390.719999999998,12848.6,True,-0.04048475362041748,-0.1599227761976123,1.5137792939101797e-05,1,1,0,1,1
PIDOTIMODUM,46.01,0.0,0.0,True,,-1.0,0.0,1,1,1,1,1
PILOCARPINUM*,107863.66999999998,60820.93000000001,53773.200000000004,True,-0.1158767220428889,-0.15972262076833377,6.33537947537404e-05,4,1,0,1,1
PILOCARPINUM*+TIMOLOLUM,51077.969999999994,37817.03,36384.530000000006,True,-0.03787975946286615,-0.0813062006687767,4.2867042426921034e-05,2,1,0,1,1
PIMECROLIMUSUM,41828.06,26310.620000000003,92292.59,True,2.5078074937040626,0.2187784816352094,0.00010873605818792842,2,1,0,1,1
PINAVERII BROMIDUM,1.01,31.479999999999997,222.42000000000002,True,6.065438373570522,2.852238041496438,2.620478422174418e-07,2,1,1,1,2
PINUS SILVESTRIS*&,181286.87,114745.06,107789.58,True,-0.06061681435348931,-0.12188255065192133,0.00012699409609083856,5,2,0,2,0
PIOGLITAZONUM,37934.240000000005,37137.9,42813.229999999996,True,0.15281774144472338,0.030710384460284068,5.044112283004695e-05,3,1,3,1,1
PIPECURONII BROMIDUM,16.56,1.12,2.19,True,0.9553571428571426,-0.39696024231279925,2.5801851202958247e-09,1,1,1,1,1
PIPERACILLINUM+TASOBACTAMUM,32132.79,21624.269999999997,5069.419999999999,True,-0.7655680399847024,-0.3697650848214432,5.9726219417945475e-06,6,4,1,1,1
PIPERAZINUM*,154834.45,84.19,0.0,True,-1.0,-1.0,0.0,1,1,1,1,1
PIRACETAMUM,1224003.93,787164.7699999999,789628.56,True,0.003129954609122354,-0.10378953896673282,0.0009303140918139813,27,3,6,2,6
PIRENZEPINUM,10402.349999999999,0.0,0.0,True,,-1.0,0.0,3,1,2,2,3
PIRIBEDILUM,26437.419999999995,14750.519999999999,14332.930000000002,True,-0.028310188386578727,-0.14191763356493314,1.688658114896879e-05,1,1,1,1,1
PIROXICAMUM,180118.59000000003,196311.62,206067.02999999997,True,0.04969349241782006,0.034218955250816974,0.0002427813171641796,11,4,2,3,4
PITAVASTATINUM,7223.220000000001,6646.509999999999,10389.15,True,0.5630985284006194,0.09512147026768392,1.2240150795671858e-05,5,1,3,1,3
PIX BETULA+XEROFORMIUM*,1038467.86,650823.6799999999,683544.0499999999,True,0.05027532188134276,-0.09927262546482596,0.0008053288524551348,17,1,0,1,1
PLANTAGO (SEMENI PSYLLIUM),394040.88,300121.01,340460.08,True,0.134409350415021,-0.035879695756073415,0.00040111873628800285,17,8,0,2,5
PLANTAGO (SEMENI PSYLLIUM)+SAMBUCUS NIGRA*&+TILIA CORDATA/PLATYPHYLLUS SCOP.*&+VIOLA TRICOLOR/ARVENSIS MURR.*&,22.02,0.0,0.0,True,,-1.0,0.0,1,1,0,1,1
PLANTAGO MAJOR/PSYLLUM/LANCEOLATA*&+THYMUS SERPYLLUM*&,133013.52000000002,48624.43,68939.24,True,0.41779019311897336,-0.15151791652687585,8.122191838013824e-05,5,3,0,1,1
PLATYPHYLLINI HYDROTARTRAS*,253306.78999999998,148992.57,134492.6,True,-0.09732008784062185,-0.1463833264443989,0.00015845470562095813,2,1,0,1,1
POLATUZUMABUM VEDOTINUM,0.0,0.08,0.0,True,-1.0,,0.0,1,1,1,1,1
POLIDOCANOLUM,2199.69,2571.3599999999997,4001.9800000000005,True,0.5563670586771206,0.1613907383015929,4.71499965649383e-06,3,1,0,1,1
POLYGONUM AVICULARE*&,75231.27,35255.01,43903.600000000006,True,0.24531520484606317,-0.12597182056468526,5.1725760478273877e-05,6,1,0,1,1
POLYGONUM HYDROPIPER*&,266874.5,174895.48000000004,175409.68999999994,True,0.0029400988521823823,-0.09959763804073063,0.00020666185940351744,4,1,0,1,1
POLYMYXINUM B,0.0,1640.02,2052.42,True,0.2514603480445361,,2.418092942738611e-06,1,1,0,1,1
PORACTANT ALFA*,0.0,0.33999999999999997,1.46,True,3.2941176470588243,,1.72012341353055e-09,1,1,0,1,1
POSACONAZOLUM,0.0,0.0,0.05,True,,,5.890833607981335e-11,1,1,0,1,1
POTENTILLA ALBA/ERECTA*,100068.96999999999,53357.03,60002.54,True,0.12454797427817854,-0.12003063832882077,7.069299583924888e-05,3,1,0,1,0
POVIDONUM,987473.1799999999,1025855.9000000001,1214701.78,True,0.1840861664879052,0.053139954992057925,0.00143112121385975,39,12,1,3,6
PRAMIPEXOLUM,184673.94,200803.27000000002,207105.86000000004,True,0.031386889267291496,0.02907420708583741,0.00024400523209957553,22,7,7,1,1
PRAMIRACETAMUM,56430.49,46755.34999999999,53147.11,True,0.13670649455089112,-0.014874733311099453,6.261615635101618e-05,1,1,1,1,1
PRASUGREL,0.0,8166.49,12858.350000000002,True,0.5745258979071795,,1.5149280064637363e-05,2,1,1,1,1
PREDNICARBATUM,19195.42,12392.300000000001,17749.95,True,0.43233701572750816,-0.019381959450353814,2.0912400399997662e-05,5,1,0,1,1
PREDNISOLONUM,737476.49,515547.26,512385.48,True,-0.006132861611950036,-0.08701811917404778,0.0006036755211651296,8,1,1,3,4
PREDNISOLONUM+UREA PURA*,47411.82,34700.159999999996,23204.830000000005,True,-0.33127599411645337,-0.16358282692857917,2.7339158486298714e-05,1,1,0,1,1
PREDNISONUM,110110.69999999998,79482.92,121118.21,True,0.523826880039133,0.024106163837501082,0.0001426974444013082,1,1,1,1,1
PREGABALINUM,1132890.13,1729418.6600000001,2647149.24,True,0.530658423680938,0.23636772192933675,0.0031187831416668505,83,20,5,2,10
PRENOXDIAZINUM,256510.63000000003,211375.07,41209.06,True,-0.8050429504293009,-0.3669006972684177,4.855114312026387e-05,1,1,1,1,1
PRIDINOLUM,0.0,0.0,2004.74,True,,,2.3619179534529005e-06,1,1,1,1,1
PRIFINII BROMIDUM,357943.2,20.630000000000003,0.85,True,-0.9587978671837131,-0.9607444377245012,1.0014417133568271e-09,2,1,1,2,2
PRIMULA*&+THYMUS SERPYLLUM*&,78991.07999999999,55284.259999999995,56352.270000000004,True,0.019318518507799753,-0.0809622707327422,6.639236920040768e-05,2,1,0,1,2
PROCAINAMIDUM,1818.99,0.0,0.0,True,,-1.0,0.0,1,1,0,1,1
PROCAINUM,1066517.6099999999,591340.56,542530.76,True,-0.08254093039043364,-0.15547193986540697,0.0006391916868743312,26,1,0,2,1
PROCHLORPERAZINUM,34694.380000000005,36065.12999999999,44958.009999999995,True,0.24657834312534033,0.0669326049614436,5.2968031251192184e-05,1,1,1,1,1
PROGESTERONUM,796468.22,519664.39,619686.72,True,0.1924748586294318,-0.06081546129915594,0.0007300942713191439,31,10,3,4,8
PROMESTRIENUM,23381.660000000003,4.21,5841.889999999999,True,1386.6223277909737,-0.29299984577084437,6.882720389226016e-06,4,1,1,1,2
PROMESTRIENUM+CHLORQUINALDOLUM,19167.79,388.84999999999997,1.0,True,-0.9974283142599975,-0.9150121213071227,1.178166721596267e-09,1,1,0,1,1
PROPAFENONUM,99433.18,131239.32,124594.79000000001,True,-0.0506291102392179,0.058015763563835865,0.00014679343526227538,3,2,2,1,1
PROPOFOLUM,3957.71,5350.46,7868.87,True,0.4706903705475791,0.18745483608299018,9.270840770567218e-06,18,3,0,1,3
PROPOLIS*,1138348.96,906330.0999999999,985952.1100000001,True,0.08785100483808295,-0.035293729489605075,0.0011616159650896223,10,3,0,1,2
PROPRANOLOLUM,1406720.3800000001,1143235.52,1019256.23,True,-0.10844597445677684,-0.077388425221948,0.0012008537709656709,6,1,2,1,2
PROSTATILENUM*,186999.34999999998,185362.31,192881.21000000002,True,0.04056326229426044,0.007772390995164136,0.00022724622284322116,8,3,1,3,2
PROSTATILENUM*+TOCOPHEROLI ACETAS*+ZINCI SULFAS*,43079.869999999995,41944.55,33210.590000000004,True,-0.20822633691385406,-0.06297635139178115,3.9127611942577774e-05,2,1,0,1,2
PROTAMINE SULPHATE,839.16,571.1600000000001,1386.01,True,1.4266580292737583,0.1336536674955262,1.632950857799642e-06,3,2,0,1,2
PROXYMETACAINUM,27503.95,3545.0900000000006,0.0,True,-1.0,-1.0,0.0,1,1,0,1,1
PYRANTELUM,462824.3700000001,246521.25000000003,271638.68,True,0.10188748434465578,-0.12472636228942335,0.0003200356530743375,8,2,2,2,4
PYRAZINAMIDUM,3660.7700000000004,1495.41,852.19,True,-0.4301295296941976,-0.3053900541998571,1.004021898477123e-06,2,1,1,1,1
PYRIDOSTIGMINI BROMIDUM,27870.7,32183.180000000004,27738.469999999998,True,-0.13810661345460595,-0.001188218367982774,3.2680542261996406e-05,1,1,1,1,1
PYRIDOXINUM,474135.61000000004,250544.51999999996,264968.80000000005,True,0.05757172417900058,-0.1353844516769851,0.000312177422421297,5,1,0,1,1
PYRITHIONUM ZINCUM,34842.67,27331.06,34341.25,True,0.2564916984558958,-0.003617324060961491,4.045971792801781e-05,8,2,0,1,1
PYRITINOLUM,154.1,0.0,0.0,True,,-1.0,0.0,2,1,1,2,2
QUERCETIN*,245700.59,601490.7499999999,311428.89,True,-0.4822382721596299,0.06105568017044094,0.0003669151543416645,3,2,1,2,3
QUERCUS ROBUR/PETRAE*&,536182.18,267363.9,218055.89,True,-0.18442284092953465,-0.20142839928675693,0.00025690619304605624,9,1,0,1,1
QUETIAPINUM,267533.95999999996,447784.67,612972.54,True,0.36890023501697833,0.23031275180658572,0.0007221838478803367,38,7,7,1,4
QUIFENADINUM,114216.19,67882.06000000001,65463.95,True,-0.035622224782218104,-0.12990107042103383,7.712744735424194e-05,3,1,3,1,2
QUINAGOLIDUM,5.5600000000000005,0.0,0.0,True,,-1.0,0.0,2,1,1,1,2
QUINAPRILUM,6128.840000000001,2146.169999999999,20.57,True,-0.9904154843278957,-0.7593066996292155,2.4234889463235214e-08,2,1,2,1,1
RABEPRAZOLUM,469435.29999999993,344883.49,468098.18,True,0.35726468089266894,-0.0007128514843268707,0.0005514976981157793,19,9,2,2,6
RACECADOTRILUM,17650.379999999997,12088.61,22634.6,True,0.8723906222468918,0.0641545126401184,2.6667332476642867e-05,3,1,3,2,2
RAMIPRILUM,1209306.19,1303382.78,1424697.7399999998,True,0.09307700075644676,0.04182941437907184,0.0016785314656014108,37,14,4,1,3
RANITIDINUM,9354339.75,6290256.739999999,6276118.119999999,True,-0.002247701577916872,-0.09495641941699628,0.007394313509791327,17,3,2,1,4
RANOLAZINE,9895.060000000001,21199.66,27230.54,True,0.2844800341137548,0.287980997028241,3.208211603909602e-05,2,1,2,1,1
RASAGILINUM,10767.369999999999,15968.529999999999,17064.71,True,0.06864626862961098,0.12201152733599452,2.0105073435691035e-05,5,3,1,1,1
RAUVOLFIA*,792424.2100000001,464156.35000000003,388966.31,True,-0.16199291467196353,-0.1629747431343327,0.00045826716226409734,4,1,1,1,3
REBAMIPIDUM,82800.28,211288.45,304009.47000000003,True,0.4388361976246218,0.38424775140018985,0.00035817384060411874,2,2,1,1,1
REGORAFENIBUM,0.06,0.26,8.96,True,33.46153846153847,2.495740530018722,1.0556373825502554e-08,1,1,1,1,1
REMDESIVIRUM,0.0,2775.35,8.83,True,-0.9968184192984668,,1.0403212151695038e-08,1,1,1,1,1
REMIFENTANILUM,0.0,0.0,37.16,True,,,4.3780675374517284e-08,1,1,1,1,1
REPAGLINIDUM,11757.990000000002,9114.96,8686.6,True,-0.0469952693154988,-0.07289444285695923,1.0234263043818134e-05,2,1,2,1,1
RETINOLUM,561171.46,307976.27,389299.45,True,0.26405664306538945,-0.08736513980439231,0.00045865965672572994,10,2,0,2,3
RETINOLUM+TOCOPHEROLI ACETAS*,1193111.8499999999,690492.56,750407.2299999999,True,0.08677091321592201,-0.10945891036361932,0.0008841048260312358,5,2,0,1,3
RHODIOLA ROSEA*&,22994.5,24448.359999999997,31002.019999999997,True,0.26806133417538036,0.0775601086055635,3.65255482662619e-05,3,2,1,2,1
RIBAVIRINUM,5957.240000000001,2671.6,2208.04,True,-0.17351399910166188,-0.21973799401618443,2.6014392479534215e-06,5,3,1,1,5
RIBOCIKLIBUM,0.0,3.28,3.14,True,-0.04268292682926822,,3.699443505812279e-09,1,1,1,1,1
RIBOFLAVINUM,1.34,0.0,0.0,True,,-1.0,0.0,1,1,1,1,1
RICINUS COMMUNIS*&,1021473.3,580124.51,697608.69,True,0.20251545655259418,-0.09093232405626928,0.0008218993432543665,10,1,0,1,1
RIFAMPICINUM,134926.87,91165.65,82225.02,True,-0.09807016129430313,-0.11645965488196985,9.68747822465875e-05,1,1,1,1,1
RIFAMYCINUM,47050.64000000001,29637.370000000003,41036.61,True,0.3846238718212849,-0.033612095911319084,4.834796826912459e-05,1,1,0,1,1
RIFAXIMINUM,78046.20999999999,117458.67,127530.41999999998,True,0.08574718239190005,0.1306169523926035,0.000150252096835195,3,2,2,1,3
RILUZOLUM,1377.64,1795.13,1964.0100000000002,True,0.09407675210151911,0.09270262819697561,2.3139312228822847e-06,1,1,1,1,1
RIMANTADINUM,1520706.65,956996.2000000002,743243.3500000001,True,-0.22335809692870257,-0.1638746384389711,0.000875664581017727,7,3,2,1,4
RISDIPLAMUM,0.0,0.02,0.01,True,-0.5,,1.1781667215962671e-11,1,1,0,1,1
RISPERIDONUM,149661.69999999998,207978.4,236093.09999999998,True,0.13518086493597403,0.12070976268101363,0.0002781570336184996,47,10,6,3,4
RITUXIMABUM,3043.63,1481.29,641.59,True,-0.56687076804677,-0.32241086658902585,7.55899986908949e-07,8,3,2,1,2
RIVAROXABANUM,377143.54,941808.3399999999,982008.67,True,0.04268419411108648,0.2702879027866536,0.0011569699353130105,7,1,4,1,6
RIVASTIGMINUM,5677.09,11923.069999999998,16770.21,True,0.4065345586329696,0.3110014753625969,1.9758103336180934e-05,5,1,3,1,2
RIZATRIPTANUM,41361.759999999995,81956.09999999999,103524.69000000002,True,0.263172478924693,0.2577989623110246,0.00012196934462156987,7,2,2,1,4
ROCURONII BROMIDUM,47.43000000000001,76.47,138.55,True,0.8118216293971494,0.3073394042750657,1.6323499927716283e-07,3,2,1,1,2
ROFECOXIBUM,33020.509999999995,1.01,0.0,True,-1.0,-1.0,0.0,2,1,2,1,1
ROPINIROLUM,3.69,91.87,0.0,True,-1.0,-1.0,0.0,2,2,2,1,2
ROPIVACAINUM,258.77,900.03,4184.71,True,3.649522793684655,1.0053392777641776,4.930286061531115e-06,6,3,0,1,2
ROSA L.*&,818135.19,303556.6699999999,258194.96000000002,True,-0.14943407436904588,-0.2504844079271398,0.00030419670955587934,14,4,0,2,2
ROSUVASTATINUM,1796778.1300000004,2805137.7300000004,3494538.6999999997,True,0.24576367948963385,0.18092917054748647,0.004117149203670281,104,23,6,1,6
ROSUVASTATINUM+VALSARTANUM,26132.06,66104.62,77830.59,True,0.17738502997218664,0.31369385668756267,9.169741106020321e-05,4,1,0,1,1
RUPATADINUM,0.0,29068.199999999997,51063.11,True,0.7566657034147284,,6.016085690320956e-05,2,2,1,2,2
RUTOSIDUM,12.2,0.0,0.0,True,,-1.0,0.0,1,1,0,1,1
RUXOLITINIB,0.0,0.12000000000000001,0.0,True,-1.0,,0.0,2,1,2,1,1
SABALIS SERRULATAE*&,215333.93,156540.46,151111.76,True,-0.03467921328453982,-0.08473585529206229,0.00017803484687384195,2,1,1,1,2
SACUBITRILUM+VALSARTANUM,24489.89,177442.66999999998,222093.91999999998,True,0.2516376134331162,0.735351513009445,0.0002616636656128636,3,1,3,1,1
SALBUTAMOLUM,2308445.36,1975089.4299999997,1917613.5599999998,True,-0.029100388634047736,-0.04531439730942699,0.0022592684812737466,9,4,2,1,3
SALMETEROLUM,1.83,0.0,0.0,True,,-1.0,0.0,1,1,1,1,1
SALVIA OFFICINALIS*&,457106.17,194849.74,168382.15000000002,True,-0.13583590103841026,-0.2209420893978279,0.0001983822456408309,13,3,0,2,1
SAMBUCUS NIGRA*&,58087.130000000005,31602.649999999998,26205.7,True,-0.17077523562106334,-0.18044338230086432,3.08746836561353e-05,3,1,0,1,1
SAMBUCUS+HYPERICUM+TILIA+ARCTOSTAPHYLOS+EQUISETUM*&,1.34,0.0,0.0,True,,-1.0,0.0,1,1,0,1,0
SANGUIRITRINUM*,117281.5,19431.109999999997,265.75,True,-0.9863234781749473,-0.7818220080360816,3.13097806264208e-07,1,1,0,1,1
SAXAGLIPTINUM,13341.350000000002,9913.37,9006.680000000002,True,-0.09146132949743613,-0.09355545692449296,1.0611370648066669e-05,4,1,2,1,1
SCOPOLAMINUM*,67059.37000000001,96576.09,70406.95999999999,True,-0.2709690359176894,0.012252903079265076,8.29511372407595e-05,5,2,2,3,4
SCUTELLARIA BAICALENSIS*&,1853.34,0.0,0.0,True,,-1.0,0.0,1,1,0,1,1
SECNIDAZOLUM,146249.69,99569.76,136289.6,True,0.368785060845783,-0.017478775800794377,0.00016057187121966662,2,2,2,1,2
SECUKINUMAB,0.0,561.51,2457.2899999999995,True,3.3762176987052763,,2.8950973033112906e-06,1,1,1,1,1
SELEGILINUM,2725.47,2895.92,448.56,True,-0.8451062184038233,-0.36306548402939975,5.284784646392216e-07,2,2,1,1,2
SELENIUM*,134576.11,67992.49,76678.84000000001,True,0.1277545505393316,-0.13118583912502269,9.034045753860472e-05,2,1,2,1,1
SEQUIFENADINUM,14706.83,7984.6,8275.210000000001,True,0.036396312902337025,-0.13390608402034976,9.749577036220646e-06,1,1,1,1,1
SERENOA REPENS*&,6223.5,5657.589999999999,5654.7699999999995,True,-0.0004984454511549608,-0.02367353256014204,6.662261832280923e-06,3,2,1,1,2
SERENOA REPENS*&+URTICA DIOICA*&,142.21999999999997,0.0,0.0,True,,-1.0,0.0,1,1,0,1,1
SERRAPEPTASUM,954108.7399999999,906065.3899999999,983537.2,True,0.08550355289478628,0.007623364259100596,0.0011587707984919721,10,4,2,1,4
SERTACONAZOLUM,200613.27,152111.65000000002,194923.21,True,0.281448265139455,-0.007167524579753337,0.0002296520392887207,7,4,1,2,1
SERTINDOLE,2356.0600000000004,2358.8300000000004,1947.3199999999997,True,-0.17445513241734278,-0.04651746040070415,2.2942676202988426e-06,2,1,2,1,2
SERTRALINUM,101520.9,217713.34000000003,314543.95999999996,True,0.44476199758820445,0.32672671052728397,0.0003705852261511073,12,6,3,1,3
SEVELAMERUM,20.72,360.85,344.89000000000004,True,-0.04422890397672152,1.01986671599394,4.063379206113366e-07,1,1,1,1,1
SEVOFLURAN,2.48,126.80000000000001,289.37,True,1.282097791798107,2.286627281223763,3.4092610422831183e-07,3,3,0,1,1
SILDENAFILUM,2741898.17,2110121.26,2585992.1100000003,True,0.2255182481787803,-0.014528728006572345,0.0030467298463125137,167,31,5,2,6
SILIBININUM,0.58,0.0,0.0,True,,-1.0,0.0,1,1,1,1,1
SILICII DIOXIDUM*,2235043.65,985790.87,1276282.6,True,0.294678860233307,-0.13070894694874025,0.00150367368667236,10,3,1,2,7
SILIMARINUM*,2629559.12,1839037.8399999999,1731756.0100000002,True,-0.058335846966585336,-0.0991531982555619,0.0020402973009063328,20,6,6,1,8
SILODOSIN,39208.649999999994,65982.69,101733.13,True,0.5418154367456072,0.2691709684684822,0.00011985858824982685,3,1,2,1,2
SILVER PROTEINATE,582962.89,251735.01,310476.42,True,0.2333462079827513,-0.1457265125860172,0.00036579298588434566,7,1,2,2,1
SILYBUM MARIANUM*&,312282.75999999995,116555.09000000001,114536.95999999999,True,-0.01731481653868583,-0.22178533469085282,0.00013494363466480278,6,1,0,1,0
SIMETICONUM,1887952.3599999999,1561823.22,1648087.92,True,0.05523333172111489,-0.033398786068210784,0.0019417223416088108,30,11,3,2,9
SIMOCTOCOG ALFA,3.2600000000000007,0.0,0.0,True,,-1.0,0.0,1,1,0,1,1
SIMVASTATINUM,2030053.83,1847903.23,2025080.18,True,0.09587999367261246,-0.0006130657751186597,0.0023858820766401783,26,8,3,1,5
SITAGLIPTINUM,6338.480000000001,4722.87,5293.25,True,0.12076978616815626,-0.0440518865420908,6.236330999089441e-06,2,1,2,1,1
SODIUM CITRAS*,162561.77000000002,171756.36000000002,177162.0,True,0.03147272101015641,0.021734454640073286,0.00020872637273143787,1,1,1,1,1
SODIUM CITRAS*+SODIUM LAURYL SULFOACTATE*+SORBITOL*,413949.64999999997,381362.49,365035.86000000004,True,-0.04281131581661313,-0.03094817755397672,0.000430073102441274,3,1,0,1,2
SODIUM DIHYDROPHOSPHAS+SODIUM HYDROPHOSPHAS,142163.1,14500.63,15583.37,True,0.07466847992121739,-0.4246016339265639,1.8359807944321623e-05,4,3,0,3,2
SODIUM MEPHENAMINUM*+VINILINUM*,29614.649999999998,14512.78,22329.82,True,0.5386314682645226,-0.06815290750420644,2.6308250823234757e-05,2,1,0,1,0
SOFOSBUVIRUM,159.74999999999997,36.690000000000005,35.699999999999996,True,-0.026982829108749273,-0.31244596152902504,4.206055196098673e-08,2,2,1,1,1
SOFOSBUVIRUM+LEDIPASVIRUM,121.37999999999998,44.28,55.379999999999995,True,0.2506775067750677,-0.1781331669725681,6.524687304200127e-08,2,2,0,1,1
SOFOSBUVIRUM+VELPATASVIRUM,0.0,105.16,570.11,True,4.421357930772157,,6.716846296492479e-07,2,2,0,1,1
SOLIDAGO VIRGAUREA&,84616.74999999999,23427.42,25835.079999999998,True,0.10277102642971347,-0.2566585208901646,3.0438031505777285e-05,1,1,1,1,1
SOLIFENACINUM,45799.740000000005,115594.43000000001,182654.37000000002,True,0.5801312398875969,0.41316139128025164,0.00021519730028813158,5,5,1,1,2
SOLIFENACINUM+TAMSULOSINUM,2428.9700000000003,5440.67,9021.42,True,0.6581450446360466,0.38823563372808945,1.0628736825542997e-05,2,2,1,1,1
SOLIZYMUM*,77722.76000000001,47282.96000000001,46739.63999999999,True,-0.011490820371652166,-0.11938863279679279,5.506708842738974e-05,2,1,0,1,1
SOMATROPINUM,21579.82,6496.610000000001,7183.7,True,0.1057613124383332,-0.2404172518203309,8.463596277931104e-06,7,4,4,1,2
SOPHORA JAPONICA*&,144929.64,72310.58000000002,79229.43,True,0.0956824022155538,-0.14013092581310171,9.334547779704093e-05,3,1,0,1,0
SORAFENIBUM,0.3,5.489999999999999,22.85,True,3.162112932604737,1.954209139694982,2.6921109588474706e-08,1,1,1,1,1
SOTALOLUM,141866.2,154335.56,163485.97,True,0.05928905820538066,0.0360969329608305,0.00019261372930188568,5,2,3,1,2
SPECTINOMYCINUM,320.09999999999997,0.0,0.0,True,,-1.0,0.0,1,1,1,1,1
SPIRAMYCINUM,127314.34,71282.23999999999,48495.55,True,-0.31966854576960535,-0.21439155820831468,5.7135843155507857e-05,3,2,0,1,2
SPIRITUS AETHYLICUS*,10749303.09,10056824.17,9317096.98,True,-0.07355475023682345,-0.035116062186994146,0.010977093603721082,75,18,0,1,1
SPIRONOLACTONUM,2955235.97,2446748.8200000003,2755548.43,True,0.12620813688591048,-0.017338432093799927,0.003246495459972841,11,3,3,1,3
STREPTODORNASUM+STREPTOKINASUM,234500.71000000002,210733.44,235655.03,True,0.11826120239863203,0.001228349493260783,0.00027764091412277,4,3,0,1,2
STREPTOKINASUM,303.63,3.9400000000000004,0.0,True,-1.0,-1.0,0.0,1,1,0,1,1
STREPTOMYCINUM,167616.14,76230.99,86453.93000000001,True,0.1341047781223883,-0.15254386849818757,0.00010185714327721317,2,1,2,1,1
STRONTIUM RANELATE*,110.66,0.0,0.0,True,,-1.0,0.0,1,1,0,1,1
STROPHANTINUM*,22969.12,6298.17,5627.27,True,-0.1065230058890122,-0.29646072129846934,6.6298622474370264e-06,3,1,0,1,1
SUCRALFATUM,21291.949999999997,0.0,0.0,True,,-1.0,0.0,1,1,1,1,1
SULBUTIAMINUM,7771.820000000001,12067.86,16808.170000000002,True,0.39280452375151853,0.21268896199880682,1.980282654493273e-05,1,1,1,1,1
SULFACETAMIDUM,1339541.73,710786.09,755302.3999999999,True,0.06262968652073653,-0.13345493297524547,0.0008898721524217923,7,2,0,1,1
SULFADIAZINUM,38370.81,17260.34,13911.769999999999,True,-0.19400371023977525,-0.22402924197255292,1.63903844525013e-05,3,3,0,1,1
SULFADIMETHOXINUM,173931.97,2239.7999999999993,135.06,True,-0.9396999732118939,-0.8330690625238157,1.5912319741879184e-07,6,1,1,1,1
SULFADIMIDINUM,42356.81,64787.39,55725.340000000004,True,-0.13987366986075522,0.07098249030453996,6.565374113763733e-05,2,1,1,1,1
SULFANILAMIDUM,4489808.140000001,3381436.7300000004,2990258.8,True,-0.11568394183735042,-0.09662046368475008,0.0035230234071203874,23,1,2,2,4
SULFANILAMIDUM+SULFATHIAZOLUM,979516.6800000002,617036.9799999999,832199.42,True,0.3487026660865613,-0.03992780256234252,0.000980469662375715,1,1,0,1,1
SULFASALAZINUM,76290.00999999998,79032.90000000001,74657.94,True,-0.0553561871068885,-0.005391691827424272,8.795950041093082e-05,3,2,1,1,2
SULFATHIAZOLUM ARGENTI*,124174.38,119398.48,131593.46999999997,True,0.1021368948750434,0.014613378849859693,0.0001550390471333767,2,1,0,1,1
SULFOCAMPHOCAINUM*,280289.48000000004,105203.5,93171.38,True,-0.11436995917436199,-0.2406903268760483,0.00010977141932120001,1,1,0,1,1
SULFUR*,226191.44999999998,179263.85,178606.32,True,-0.0036679453219374825,-0.05733982542556093,0.0002104280224907738,9,1,0,1,1
SULODEXIDUM,28061.590000000004,34729.909999999996,38888.53,True,0.11974174421989581,0.08499394116094128,4.581717189779808e-05,2,1,0,2,2
SULPIRIDUM,415528.55000000005,455420.63,477950.94000000006,True,0.049471430400507055,0.03560851560038891,0.0005631058920636542,14,4,3,2,5
SUMATRIPTANUM,1099033.97,921135.46,984709.29,True,0.06901680888498207,-0.027086499772336903,0.001160151715924688,18,6,2,1,5
SUNITINIBUM,1333.51,21.869999999999997,49.690000000000005,True,1.272062185642433,-0.5606423628093611,5.854310439611852e-08,3,1,3,1,1
SUXAMETHONII CHLORIDUM,3249.35,2315.8799999999997,2230.84,True,-0.036720382748674174,-0.0897347105099644,2.6283014492058167e-06,2,1,0,1,1
SYGETHINUM*,68.88000000000001,0.0,0.0,True,,-1.0,0.0,1,1,1,1,1
SYMPHYTUM OFFICINALE*,8993.289999999999,17181.04,8162.6,True,-0.5249065248669463,-0.023937833594573465,9.61690368170169e-06,4,3,0,1,0
SYMPHYTUM OFFICINALE*+TOCOPHEROLI ACETAS*,740382.1399999999,487304.99999999994,539392.4,True,0.1068887041996287,-0.07612711242087733,0.0006354941755619424,11,2,0,1,1
TACROLIMUSUM,33623.479999999996,36739.07000000001,60434.21,True,0.6449575343088432,0.15787065465468686,7.120157506796034e-05,13,4,6,2,4
TADALAFILUM,39754.91,48765.14,63491.38999999999,True,0.30198313795469445,0.12416747295944264,7.480344280589001e-05,24,6,3,1,6
TAFLUPROSTUM,85806.47999999998,60643.84,53575.880000000005,True,-0.11654868820971742,-0.1110807591919718,6.312131889623502e-05,3,1,0,1,2
TAFLUPROSTUM+TIMOLOLUM,464.42,1360.79,1366.55,True,0.004232835338296104,0.3097205840275332,1.6100237333973788e-06,1,1,0,1,1
TALAZOPARIBUM,0.0,0.13,4.039999999999999,True,30.07692307692307,,4.759793555248918e-09,2,1,2,1,1
TAMOXIFENUM,141830.24,115188.54000000001,97204.12999999998,True,-0.1561302018412598,-0.09013078747383074,0.00011452267116771732,5,1,2,1,2
TAMSULOSINUM,1399853.5999999999,1426757.12,1509835.55,True,0.05822885257443122,0.019088162834103084,0.0017788380000929968,15,13,1,1,2
TANACETUM VULGARE*&,95033.22999999998,35939.12,52684.270000000004,True,0.46593099664098614,-0.13711808037461437,6.207085366559257e-05,1,1,0,1,0
TAURINUM,2641146.24,1650654.8199999998,1661675.92,True,0.006676804784661261,-0.109388149805141,0.001957731271021861,7,2,1,2,3
TAZAROTENUM+ULOBETASOLUM,0.0,0.0,873.06,True,,,1.028610237956837e-06,1,1,0,1,1
TEGAFURUM,1190.04,353.71999999999997,184.24000000000004,True,-0.4791360398054957,-0.37272844865756904,2.170654367868963e-07,1,1,1,1,1
TEICOPLANINUM,2492.04,1004.8700000000001,967.27,True,-0.037417775433638334,-0.2106889598904247,1.1396053247984212e-06,3,3,1,1,1
TELMISARTANUM,479393.74000000005,446959.3,456460.74000000005,True,0.021257953464666857,-0.012180107057893852,0.0005377868535832061,17,7,2,1,4
TEMOZOLOMIDUM,4168.83,2948.45,2706.79,True,-0.08196170869439867,-0.10234367676763234,3.18904990034956e-06,12,3,5,2,2
TENOFOVIRUM,767.04,3887.87,4143.48,True,0.06574551103817772,0.524532926662655,4.8817102475997e-06,3,3,1,1,1
TENOFOVIRUM ALAFENAMIDUM,0.0,1.54,0.0,True,-1.0,,0.0,1,1,1,1,1
TENONITROZOLUM,9997.35,0.0,0.0,True,,-1.0,0.0,1,1,1,1,1
TENOXICAMUM,213468.71,263350.12,352718.62,True,0.3393524179901646,0.13376629047486577,0.0004155613401713595,6,4,1,2,3
TEOBONDITHIOMYCOCIDUM*,0.0,33.64,0.0,True,-1.0,,0.0,1,1,0,1,1
TERAZOSINUM,2127.03,1525.1499999999999,2266.37,True,0.48599809854768394,0.01598968650401722,2.6701617128241316e-06,2,1,2,1,1
TERBINAFINUM,1115701.57,804687.17,934204.9700000001,True,0.1609542252301599,-0.04341507535407507,0.0011006492068038392,30,9,1,2,6
TERIFLUNOMIDE,0.0,287.38,483.26000000000005,True,0.681606235646183,,5.693608498786121e-07,1,1,1,1,1
TERLIPRESSINUM,1157.59,165.33,448.59,True,1.7133006713845034,-0.2110059912307054,5.285138096408695e-07,1,1,0,1,1
TESTOSTERONUM,69043.76,43077.869999999995,52640.03,True,0.22197383482516675,-0.06556752481118744,6.201873156982914e-05,7,5,0,2,3
TETRACYCLINUM,666743.84,621600.97,639368.65,True,0.028583739179171674,-0.01042644360827305,0.0007532828662619312,6,2,1,3,1
TETRACYCLINUM+TRIAMCINOLONUM,1.74,0.0,0.0,True,,-1.0,0.0,1,1,0,1,1
TETRYZOLINUM,1142032.84,760487.2899999998,778371.78,True,0.023517145171486398,-0.09139081568441076,0.0009170517282256509,7,5,0,1,2
THALIDOMIDUM,33.19,16.6,32.73,True,0.9716867469879515,-0.0034830543489167143,3.856139679784582e-08,2,1,2,1,1
THIAMAZOLUM,191633.58000000002,198758.69,205861.22999999998,True,0.03573448788578748,0.018065540278065173,0.00024253885045287508,3,2,2,1,2
THIAMINUM,343427.93000000005,182633.29,191184.33,True,0.04682081782570946,-0.13621795904966294,0.00022524701529667883,5,1,0,1,1
THIAMPHENICOLI GLYCINATIS ACETHYLCYSTEINATUM*,948.26,1206.61,618.3100000000001,True,-0.48756433313166636,-0.10139318118590934,7.28472265630188e-07,1,1,1,1,1
THIOCOLCHICOSIDUM,429247.79,703884.61,967479.6,True,0.3744860823139746,0.22527461825542128,0.001139852268543268,10,5,2,3,4
THIOPENTALUM NATRIСUM,14221.460000000001,8837.96,10457.03,True,0.1831949906992114,-0.07398922003543551,1.2320124752733814e-05,2,1,2,1,0
THIORIDAZINUM,38968.439999999995,38762.92,40430.28,True,0.043014303360015216,0.009249242663861068,4.7633610440819125e-05,2,1,2,1,1
THYMUS SERPYLLUM*&,292508.62,165337.93,167652.36,True,0.013998179365134034,-0.12990284107271044,0.00019752243134907714,4,2,1,2,1
THYROTROPINUM ALFA,0.03,0.0,0.0,True,,-1.0,0.0,1,1,0,1,1
TIAPRIDUM,5432.56,4403.839999999999,6512.400000000001,True,0.47880031972097115,0.04636723962957734,7.672692957723531e-06,1,1,1,1,1
TIBOLONUM,23.330000000000002,4741.65,8166.199999999999,True,0.7222274946484872,3.3254004225004516,9.621145081899436e-06,1,1,1,1,1
TICAGRELORUM,60997.07000000001,100933.09,123307.68,True,0.22167744988288773,0.19239538953923274,0.00014527700509324158,2,1,2,1,1
TICLOPIDINUM,1367.6400000000003,590.25,687.1,True,0.16408301567132577,-0.15809703588894097,8.095183544087952e-07,1,1,1,1,1
TIGECYCLINE,519.95,683.4799999999999,1227.41,True,0.7958243108796164,0.23952993247251952,1.4460936157544743e-06,3,2,1,1,1
TILIA CORDATA/PLATYPHYLLUS SCOP.*&,138226.99000000002,63337.04,51402.170000000006,True,-0.18843428742486223,-0.2190968932250097,6.0560326111834e-05,7,2,0,1,2
TILIQUINOLUM+TILBROQUINOLUM,3215.210000000001,0.0,0.0,True,,-1.0,0.0,1,1,0,1,1
TILORONUM,1741818.83,1950457.58,1770424.71,True,-0.09230288925330032,0.004080702254088964,0.002085855476413722,10,2,2,1,4
TIMOLOLUM,929395.58,638113.6099999999,597981.3899999999,True,-0.06289196683957265,-0.10438415911133647,0.0007045217738318787,8,6,0,1,1
TIMOLOLUM+TRAVOPROSTUM,13674.720000000001,13611.1,12499.169999999998,True,-0.08169288301459854,-0.022221050664463005,1.4726106141574412e-05,1,1,0,1,1
TINIDAZOLUM,102401.23,27906.289999999997,5456.12,True,-0.8044842220158968,-0.519553885957859,6.428219013035824e-06,2,2,1,1,1
TINIDAZOLUM+TIOCONAZOLUM,8548.300000000001,5233.68,3068.99,True,-0.41360763363445996,-0.22593232892286097,3.6157818869117275e-06,2,1,1,1,1
TIOCONAZOLUM,0.0,0.0,20876.87,True,,,2.459643348509146e-05,1,1,0,1,1
TIOGUANINUM,1.47,0.98,1.43,True,0.4591836734693877,-0.006873259485885463,1.6847784118826618e-09,1,1,1,1,1
TIOTROPIUM BROMIDE,34036.850000000006,29073.469999999998,119053.04,True,3.0949030163926086,0.3675643853326436,0.00014026432983286924,3,2,3,1,2
TIPIRACILUM+TRIFLURIDINUM,8.27,21.650000000000002,263.78,True,11.1838337182448,1.3764795889674986,3.107768178226633e-07,2,1,0,1,1
TIZANIDINUM,312386.43000000005,293193.5,347629.87999999995,True,0.1856670765211368,0.027084640525312897,0.0004095659560485037,4,2,2,1,1
TOBRAMYCINUM,572723.26,324575.06,524601.2000000001,True,0.6162708249980762,-0.021702115142288037,0.0006180676759494678,8,6,0,3,3
TOCILIZUMAB,330.18999999999994,363.44,296.0,True,-0.185560202509355,-0.026957188236208296,3.4873734959249505e-07,5,1,0,1,2
TOCOPHEROLI ACETAS*,1251025.33,684070.0299999999,748806.5599999999,True,0.09463436075397147,-0.12041890922837595,0.0008822189699049784,24,3,3,2,4
TOFACITINIBUM,0.0,95.56,376.35999999999996,True,2.93846797823357,,4.4341482733997103e-07,1,1,1,1,1
TOLPERISONUM,509111.45999999996,295695.36000000004,433800.54,True,0.4670522391693934,-0.0392302875167545,0.0005110893600384903,12,5,3,2,2
TOLTERODINUM,19606.789999999997,8337.98,2962.99,True,-0.6446393490989424,-0.376507947351459,3.4908962144225233e-06,2,1,2,1,2
TOPIRAMATUM,84708.71,81327.65,83240.31,True,0.023517954840696964,-0.004362134186842392,9.807096313735697e-05,12,5,4,1,4
TOPOTECAN,4.47,0.0,0.0,True,,-1.0,0.0,2,2,1,1,1
TORASEMIDUM,1179453.2100000002,1083986.01,1223222.8900000001,True,0.12844896402306905,0.00915115282475365,0.0014411605020928115,50,13,7,2,7
TOREMIFENUM,40791.67,37105.78999999999,30991.440000000006,True,-0.16478156104478547,-0.06638554415106357,3.651308326234742e-05,3,1,2,1,2
TRAMADOLUM,85491.79999999999,45106.24,38080.79,True,-0.15575339465226978,-0.18305019757588992,4.486551951009591e-05,11,1,1,2,4
TRAMAZOLINUM,282755.45999999996,360593.21,417395.37,True,0.15752420851185733,0.10226027740654442,0.0004917613346823609,1,1,0,1,1
TRAMETINIBUM,0.0,0.05,1.0,True,19.0,,1.178166721596267e-09,1,1,1,1,1
TRANDOLAPRILUM+VERAPAMILUM,7.49,0.0,0.0,True,,-1.0,0.0,1,1,0,1,1
TRANEXAMIC ACID,352426.94,277361.57,275953.29000000004,True,-0.0050774157357126315,-0.059320630754177595,0.000325118982993004,41,21,2,2,9
TRASTUZUMABUM,5336.070000000001,1665.49,529.7,True,-0.6819554605551519,-0.4386908604550318,6.240749124295427e-07,4,2,2,1,1
TRASTUZUMABUM EMTANSINUM,156.59,54.940000000000005,33.89,True,-0.3831452493629415,-0.3179332382049367,3.992807019489749e-08,2,1,2,1,1
TRAVOPROSTUM,169678.6,158490.29000000004,150534.34999999998,True,-0.050198280285814745,-0.029485262010003566,0.000177354561627125,6,6,0,1,1
TRAZODONUM,73014.59999999999,99455.06999999998,148437.77000000002,True,0.49251083931668904,0.19408069687121876,0.00017488444084196074,5,2,5,1,2
TRETINOINUM,0.0,9265.64,14734.910000000002,True,0.590274390112286,,1.7360180607716055e-05,1,1,0,1,1
TRIAMCINOLONUM,169685.01,130283.51999999999,123266.04,True,-0.053863144010846464,-0.0767910810674306,0.00014522794623095432,6,5,1,3,3
TRIBULUS TERRESTRIS*&,19428.13,12169.400000000001,14797.900000000001,True,0.2159925715318749,-0.06579481829756206,1.7434393329509404e-05,1,1,1,1,1
TRIDECANAMINI UNDECYLENAS*,28263.96,25.880000000000003,0.0,True,-1.0,-1.0,0.0,2,1,0,1,1
TRIFLUOPERAZINUM,111756.95000000001,64963.1,58010.03,True,-0.10703106840652621,-0.15119654762503398,6.83454868648011e-05,3,1,1,2,2
TRIFLUSALUM,7659.45,10708.47,11442.189999999999,True,0.06851772475432982,0.10554873602674597,1.348080748018159e-05,1,1,1,1,1
TRIHEXYPHENIDYLUM,215358.91999999998,137668.18,138996.71,True,0.009650232900587419,-0.10368551686792493,0.00016376129813336707,1,1,1,1,1
TRIMEBUTINUM,180457.24,235257.0,303707.86000000004,True,0.2909620542640603,0.13899136141786883,0.0003578184937392181,1,1,1,1,1
TRIMEPERIDINUM,64.31,176.04,186.75,True,0.06083844580777109,0.30540576171877865,2.200226352581029e-07,3,1,0,1,2
TRIMETAZIDINUM,1739718.06,1295856.12,1321283.0899999999,True,0.01962175399534294,-0.06646791021304099,0.0015566917664458853,22,12,3,1,6
TRIPTORELINUM,18242.37,18584.870000000003,17169.55,True,-0.07615442023538521,-0.015038141690602691,2.0228592434783187e-05,6,2,4,1,2
TROPICAMIDUM,625.05,181.85000000000002,1067.96,True,4.872752268353038,0.143299613803475,1.2582349319959494e-06,2,2,0,1,1
TROPISETRONUM,533.27,1259.49,2560.49,True,1.0329577845000752,0.48028037991930095,3.016684108980026e-06,1,1,0,1,1
TROSPII CHLORIDUM,1979.6599999999999,10.52,8.86,True,-0.15779467680608372,-0.7413510150068449,1.0438557153342927e-08,1,1,1,1,1
TROXERUTINUM,2186047.1,1302284.92,1168182.08,True,-0.10297503867279667,-0.14500661187678354,0.0013763132514211084,15,5,1,2,6
TRYPSINUM*,6.54,0.0,0.0,True,,-1.0,0.0,1,1,1,1,1
TUSSILAGO FARFARA*&,84082.93,43846.44,39241.22,True,-0.10503064787015781,-0.17346991524582422,4.623269951883787e-05,4,1,0,1,0
TUSSILAGO FARFARA*&+PLANTAGO MAJOR/PSYLLUM/LANCEOLATA*&+GLYCYRRHIZA GLABRA/URALENSIS*&,397316.35,227579.01000000004,197007.00000000003,True,-0.13433580715550175,-0.16085636424505478,0.00023210709132151584,6,1,0,1,1
TYROTHRICINUM,99676.84,95818.77999999998,81375.25,True,-0.15073798685393391,-0.04945097958722422,9.587361151157664e-05,4,1,0,1,1
UDENAFILUM,15579.140000000001,9703.69,8147.62,True,-0.16035858523922353,-0.14960280037598717,9.599254744212177e-06,3,1,2,1,3
ULINASTATINUM,3826.6099999999997,4475.99,1907.4099999999999,True,-0.5738574036135022,-0.1597520467111997,2.2472469864399356e-06,1,1,0,1,1
ULIPRISTAL,3241.32,137.69,309.99,True,1.2513617546662794,-0.4438954559739271,3.652199020276269e-07,2,2,2,1,2
ULOBETASOLUM,0.0,0.0,203.66,True,,,2.3994543452029574e-07,1,1,0,1,1
UMIFENOVIRUM,70071.52,324564.92000000004,121366.08000000002,True,-0.6260653184577064,0.1471994936465606,0.0001429894765865903,8,3,3,1,2
UNKNOWN_SKU_-144109,0.0,2285.09,53833.84000000001,False,22.558739480720675,,6.3425238783738e-05,1,1,0,1,1
UNKNOWN_SKU_-173007,0.0,163.83,6172.33,False,36.67521211011414,,7.272033800710287e-06,1,1,0,1,0
UNKNOWN_SKU_-414261,0.0,0.0,1977.9200000000003,False,,,2.330319521979689e-06,1,1,0,1,1
UNKNOWN_SKU_-484753,0.0,0.0,5175.46,False,,,6.097554740952617e-06,1,1,0,1,1
UNKNOWN_SKU_-876242,0.0,51.05,3324.79,False,64.1281096963761,,3.917156934296053e-06,1,1,0,1,0
UNKNOWN_SKU_100008,3955.59,2752.08,3124.88,False,0.13546117845411487,-0.057230511865281275,3.6816296249817433e-06,1,1,0,1,1
UNKNOWN_SKU_10006,20.449999999999996,0.0,0.0,False,,-1.0,0.0,1,1,0,1,1
UNKNOWN_SKU_100110,0.0,0.0,0.37,False,,,4.359216869906188e-10,1,1,0,1,1
UNKNOWN_SKU_10183,210811.85,198712.82,198306.86000000002,False,-0.0020429482103871965,-0.015171337984419386,0.00023363854311624993,1,1,0,1,0
UNKNOWN_SKU_10184,134518.00999999998,94163.33,103700.92000000001,False,0.1012877305847193,-0.062976368446511,0.0001221769729429168,1,1,0,1,1
UNKNOWN_SKU_102781,2598.2599999999998,7.02,3268.0499999999997,False,464.53418803418805,0.05901356059715157,3.8503077545126804e-06,1,1,0,1,1
UNKNOWN_SKU_102783,4.0,0.0,75.08,False,,1.0814504088464116,8.845675745744773e-08,1,1,0,1,1
UNKNOWN_SKU_103259,54430.2,0.0,0.0,False,,-1.0,0.0,1,1,0,1,1
UNKNOWN_SKU_103260,2034.0100000000002,1.56,0.0,False,-1.0,-1.0,0.0,1,1,0,1,1
UNKNOWN_SKU_103964,169942.9,113024.84,125020.44,False,0.10613242186407867,-0.07387523092011328,0.00014729492192732283,1,1,0,1,1
UNKNOWN_SKU_103967,23736.41,20392.530000000002,22879.21,False,0.121940730257599,-0.009153231344913526,2.695552383841253e-05,1,1,0,1,1
UNKNOWN_SKU_104008,1008.22,311.18,33.84,False,-0.8912526511986631,-0.5719753690090312,3.986916185881768e-08,1,1,0,1,1
UNKNOWN_SKU_104320,15699.820000000002,11414.2,11512.470000000001,False,0.008609451385116929,-0.07462351447813764,1.356360903737538e-05,1,1,0,1,1
UNKNOWN_SKU_105760,5463.97,0.0,0.0,False,,-1.0,0.0,1,1,0,1,1
UNKNOWN_SKU_10596,16248.350000000002,13064.720000000001,6755.880000000001,False,-0.48289132870815443,-0.19699515553032354,7.959552991097791e-06,1,1,0,1,1
UNKNOWN_SKU_106097,144272.1,71981.72,49789.439999999995,False,-0.30830438616915523,-0.2335413637958499,5.866026129491404e-05,1,1,0,1,1
UNKNOWN_SKU_10705,70.14,362.8,493.93000000000006,False,0.36143880926130123,0.6290143529993553,5.819318887980443e-07,1,1,0,1,1
UNKNOWN_SKU_10759,66343.31999999999,30910.47,31068.589999999997,False,0.005115418820871964,-0.1727608385147078,3.660397882491857e-05,1,1,0,1,1
UNKNOWN_SKU_10760,228505.16999999998,170108.23,174271.75999999998,False,0.02447577051386629,-0.06549259584773359,0.00020532118814601145,1,1,0,1,1
UNKNOWN_SKU_108540,95416.51,136802.84,98943.90999999999,False,-0.2767408191233457,0.009116680986730907,0.0001165724220666161,1,1,0,1,1
UNKNOWN_SKU_109746,3310.8999999999996,0.0,0.0,False,,-1.0,0.0,1,1,0,1,1
UNKNOWN_SKU_110103,69989.45000000001,0.0,0.0,False,,-1.0,0.0,1,1,1,1,1
UNKNOWN_SKU_110698,347.23,0.0,0.0,False,,-1.0,0.0,1,1,0,1,1
UNKNOWN_SKU_110699,7803.18,4038.95,4051.91,False,0.003208754750615883,-0.15111855400936947,4.7738255209031304e-06,1,1,0,1,1
UNKNOWN_SKU_110933,8949.73,3089.95,4143.25,False,0.3408793022540819,-0.17513514241468264,4.881439269253733e-06,1,1,0,1,1
UNKNOWN_SKU_111081,559.0,0.0,0.0,False,,-1.0,0.0,1,1,0,1,1
UNKNOWN_SKU_111082,379.66,0.0,0.0,False,,-1.0,0.0,1,1,0,1,1
UNKNOWN_SKU_111239,0.0,0.0,0.0,False,,,0.0,1,1,0,1,1
UNKNOWN_SKU_11147,401009.61,300125.07,409615.24000000005,False,0.3648151419006751,0.005322335561374292,0.0004825950444266682,1,1,0,1,1
UNKNOWN_SKU_11149,457444.13,278405.64,262071.48000000004,False,-0.058670363143505155,-0.12999765028493282,0.0003087638964154817,1,1,0,1,1
UNKNOWN_SKU_11150,34085.34,21947.35,20574.09,False,-0.0625706520377175,-0.11856914084766479,2.4239708165126542e-05,1,1,0,1,1
UNKNOWN_SKU_111504,38990.57000000001,1178.3299999999997,268.37,False,-0.7722454660409223,-0.711966106183019,3.161846030747902e-07,1,1,0,1,1
UNKNOWN_SKU_11151,5310.89,2944.59,3219.28,False,0.09328633188321644,-0.11763583646031628,3.792848563500431e-06,1,1,0,1,1
UNKNOWN_SKU_111615,0.44000000000000006,0.0,6.0,False,,0.9216515629478674,7.069000329577603e-09,1,1,0,1,1
UNKNOWN_SKU_111763,0.92,0.0,0.0,False,,-1.0,0.0,1,1,0,1,1
UNKNOWN_SKU_111830,60202.83,46567.48000000001,41096.810000000005,False,-0.1174783346661663,-0.09103365942859443,4.841889390576469e-05,1,1,1,1,0
UNKNOWN_SKU_111831,474186.78,438819.93999999994,446869.26,False,0.01834310446330245,-0.014724327615121435,0.0005264864910363499,1,1,0,1,1
UNKNOWN_SKU_111832,3577.4,0.0,0.81,False,,-0.8773325382038754,9.543150444929764e-10,1,1,0,1,1
UNKNOWN_SKU_112037,38807.43,24667.29,26903.610000000004,False,0.09065933063583409,-0.08751881343281676,3.169693799280455e-05,1,1,0,1,0
UNKNOWN_SKU_112053,2707.45,0.0,0.0,False,,-1.0,0.0,1,1,0,1,0
UNKNOWN_SKU_112054,88.19,0.0,0.0,False,,-1.0,0.0,1,1,0,1,0
UNKNOWN_SKU_112055,76.10999999999999,0.0,0.0,False,,-1.0,0.0,1,1,0,1,0
UNKNOWN_SKU_112237,132909.57,69527.85,128139.12999999999,False,0.8429899673296382,-0.009096460931927841,0.00015096925870029788,1,1,0,1,1
UNKNOWN_SKU_112242,553.6,14692.000000000002,12666.549999999997,False,-0.13786074053906916,1.187084511899915,1.4923307687435195e-05,1,1,0,1,0
UNKNOWN_SKU_112263,0.0,0.0,2171.87,False,,,2.5588249576332844e-06,1,1,0,1,1
UNKNOWN_SKU_112283,1661.7399999999998,672.6099999999999,2.19,False,-0.9967440269993012,-0.8094669760422799,2.5801851202958247e-09,1,1,0,1,1
UNKNOWN_SKU_112578,122.83999999999999,0.0,0.0,False,,-1.0,0.0,1,1,0,1,0
UNKNOWN_SKU_112587,15224.79,0.0,0.0,False,,-1.0,0.0,1,1,0,1,1
UNKNOWN_SKU_112637,8711.23,4172.530000000001,4872.169999999999,False,0.16767764401933571,-0.13520984227411836,5.740228555959684e-06,1,1,0,1,1
UNKNOWN_SKU_112638,47519.56,62.24,19.48,False,-0.6870179948586118,-0.8577084417317682,2.2950687736695283e-08,1,1,0,1,0
UNKNOWN_SKU_112640,287.47,0.0,0.0,False,,-1.0,0.0,1,1,0,1,1
UNKNOWN_SKU_112641,801952.1299999999,0.0,0.0,False,,-1.0,0.0,1,1,0,1,1
UNKNOWN_SKU_112662,201592.68,734.5099999999999,124.0,False,-0.8311799703203496,-0.8425158931737552,1.460926734779371e-07,1,1,0,1,1
UNKNOWN_SKU_113055,0.0,0.0,0.0,False,,,0.0,1,1,0,1,1
UNKNOWN_SKU_113181,1.34,153.44,36.1,False,-0.7647288842544318,1.2782459184046515,4.2531818649625243e-08,1,1,0,1,1
UNKNOWN_SKU_113184,72.35000000000001,164.31,35.65,False,-0.7830320735195667,-0.1621712680654297,4.200164362490692e-08,1,1,0,1,1
UNKNOWN_SKU_113366,0.0,795.06,9.63,False,-0.987887706588182,,1.1345745528972053e-08,1,1,0,1,1
UNKNOWN_SKU_11375,255416.40000000002,102216.69000000002,88621.29999999999,False,-0.1330055786388703,-0.23251069147190873,0.00010441066648459925,1,1,0,1,0
UNKNOWN_SKU_11376,137746.59,94083.62,90870.79000000001,False,-0.03414866477289025,-0.09876953974346603,0.00010706094074316286,1,1,0,1,0
UNKNOWN_SKU_116937,0.0,158.05999999999997,230.65000000000003,False,0.4592559787422503,,2.7174415433617907e-07,1,1,0,1,1
UNKNOWN_SKU_11720,3167.6700000000005,68.08,2.58,False,-0.9621034077555817,-0.8310648804024166,3.039670141718369e-09,1,1,0,1,1
UNKNOWN_SKU_11721,7762.889999999999,307.78999999999996,0.0,False,-1.0,-1.0,0.0,1,1,0,1,1
UNKNOWN_SKU_11722,160477.82,112544.59999999999,47721.41,False,-0.5759777901383096,-0.2615441033206609,5.622377716965132e-05,1,1,0,1,1
UNKNOWN_SKU_11724,22200.56,8236.39,3890.67,False,-0.5276243597012769,-0.3529838565917247,4.583857918712949e-06,1,1,0,1,1
UNKNOWN_SKU_11725,243421.24,35352.27999999999,35344.65,False,-0.000215827663731738,-0.3827070688157199,4.1641890416467504e-05,1,1,0,1,1
UNKNOWN_SKU_11785,131781.84,55935.21,42324.340000000004,False,-0.2433327773329178,-0.24719298592883,4.9865128901525756e-05,1,1,0,1,0
UNKNOWN_SKU_118652,0.0,0.0,2.75,False,,,3.2399584843897345e-09,1,1,0,1,1
UNKNOWN_SKU_118653,0.0,0.0,5.09,False,,,5.996868612924999e-09,1,1,0,1,1
UNKNOWN_SKU_118654,0.0,0.0,4.43,False,,,5.219278576671463e-09,1,1,0,1,1
UNKNOWN_SKU_118656,0.0,0.0,0.23,False,,,2.7097834596714143e-10,1,1,0,1,1
UNKNOWN_SKU_118657,0.0,0.31,2.14,False,5.903225806451613,,2.5212767842160117e-09,1,1,0,1,1
UNKNOWN_SKU_118668,0.0,0.36,0.34,False,-0.05555555555555547,,4.0057668534273086e-10,1,1,0,1,1
UNKNOWN_SKU_118669,0.0,0.12,0.0,False,-1.0,,0.0,1,1,0,1,1
UNKNOWN_SKU_118686,0.0,0.28,0.42000000000000004,False,0.5,,4.948300230704322e-10,1,1,0,1,1
UNKNOWN_SKU_11918,73924.61,60476.83999999999,63160.700000000004,False,0.04437831077152876,-0.03857707603982452,7.441383485272536e-05,1,1,0,1,1
UNKNOWN_SKU_11929,25.5,0.0,0.0,False,,-1.0,0.0,1,1,0,1,1
UNKNOWN_SKU_119531,4381.12,25737.539999999997,20340.38,False,-0.2096999169306778,0.4678898867387622,2.396435882062228e-05,1,1,0,1,1
UNKNOWN_SKU_119950,2927.71,33.93,48.239999999999995,False,0.42175066312997345,-0.641722272611263,5.683476264980392e-08,1,1,0,1,1
UNKNOWN_SKU_121259,164776.14,99512.52,99985.47,False,0.004752668307465235,-0.11740666833164581,0.00011779955339716192,1,1,1,1,1
UNKNOWN_SKU_12144,25919.89,17865.31,23427.489999999998,False,0.3113396856813566,-0.024958385269478134,2.760148908852933e-05,1,1,0,1,1
UNKNOWN_SKU_12156,58545.09,15483.119999999999,6635.03,False,-0.5714668619761392,-0.4197861342362188,7.81717154279288e-06,1,1,0,1,1
UNKNOWN_SKU_122182,63810.34999999999,59485.08,64421.93,False,0.08299307994542504,0.002387520647844754,7.58997740670042e-05,1,1,0,1,1
UNKNOWN_SKU_122221,9087.730000000001,4851.6,5570.73,False,0.1482253277269352,-0.11516116850024372,6.563248700997973e-06,1,1,0,1,1
UNKNOWN_SKU_122356,6713.939999999999,9157.369999999999,10940.609999999999,False,0.19473276715912968,0.12983759147772833,1.2889862615963334e-05,1,1,0,1,1
UNKNOWN_SKU_122357,14325.06,8232.86,14340.829999999998,False,0.7419013562723036,0.000275103453658776,1.6895888666069392e-05,1,1,0,1,1
UNKNOWN_SKU_12316,112068.22,0.0,0.0,False,,-1.0,0.0,1,1,0,1,1
UNKNOWN_SKU_12320,30022.74,22296.079999999998,26205.25,False,0.17532992346636722,-0.03342736499331622,3.087415348111058e-05,1,1,0,1,1
UNKNOWN_SKU_123653,1.14,0.0,0.0,False,,-1.0,0.0,1,1,0,1,1
UNKNOWN_SKU_125447,3699.33,14.72,0.0,False,-1.0,-1.0,0.0,1,1,0,1,1
UNKNOWN_SKU_125449,24216.11,13540.82,7957.779999999999,False,-0.4123118097722295,-0.2428675030910713,9.375591573784341e-06,1,1,0,1,1
UNKNOWN_SKU_125621,1197.8200000000002,994.8599999999999,1015.6700000000001,False,0.020917516032406658,-0.04039994066650621,1.1966285941236807e-06,1,1,0,1,1
UNKNOWN_SKU_125623,46534.79000000001,22998.24,19542.550000000003,False,-0.1502588893758826,-0.1949907543217586,2.3024382065131135e-05,1,1,0,1,1
UNKNOWN_SKU_125624,14.830000000000002,0.0,0.0,False,,-1.0,0.0,1,1,0,1,1
UNKNOWN_SKU_126052,53140.020000000004,24525.65,21219.61,False,-0.13479928156848042,-0.20506993809305663,2.5000238347251367e-05,1,1,0,1,1
UNKNOWN_SKU_126053,4164.5599999999995,3628.1899999999996,6962.1,False,0.9188906865406721,0.13708461474285993,8.202514532425371e-06,1,1,0,1,1
UNKNOWN_SKU_126231,3824.9999999999995,0.0,1830.2,False,,-0.16829985369343137,2.156280733865488e-06,1,1,0,1,1
UNKNOWN_SKU_126357,383835.92000000004,0.7000000000000001,0.0,False,-1.0,-1.0,0.0,1,1,0,1,1
UNKNOWN_SKU_126358,2.33,0.0,0.0,False,,-1.0,0.0,1,1,0,1,1
UNKNOWN_SKU_127632,0.0,0.0,0.0,False,,,0.0,1,1,0,1,1
UNKNOWN_SKU_127638,135.09,96.47,129.54000000000002,False,0.3428008707370169,-0.010433071288441731,1.5261971711558046e-07,1,1,0,1,1
UNKNOWN_SKU_127641,0.5,0.05,0.4,False,7.0,-0.05425839099682417,4.712666886385068e-10,1,1,0,1,1
UNKNOWN_SKU_128521,25748.84,16796.59,13687.329999999998,False,-0.18511257344496723,-0.14613292529424027,1.6125956713506234e-05,1,1,0,1,1
UNKNOWN_SKU_128523,11316.779999999999,7096.040000000001,10196.949999999999,False,0.4369916178601019,-0.025713120284492685,1.2013707151781054e-05,1,1,0,1,1
UNKNOWN_SKU_128524,30135.39,20668.309999999998,13945.970000000003,False,-0.32524865361512356,-0.1752107771486302,1.6430677754379898e-05,1,1,0,1,1
UNKNOWN_SKU_128581,0.34,0.0,0.0,False,,-1.0,0.0,1,1,0,1,1
UNKNOWN_SKU_128583,0.38,1962.7799999999997,8071.36,False,3.1122081944996385,11.07232115830579,9.509407750023246e-06,1,1,0,1,1
UNKNOWN_SKU_129199,1951.4299999999998,2267.1099999999997,2400.86,False,0.058995814054016105,0.05318208911440747,2.828613355211614e-06,1,1,0,1,1
UNKNOWN_SKU_129201,1462.3500000000001,2034.1,2485.8999999999996,False,0.2221129737967651,0.14184743651391307,2.92880465321616e-06,1,1,0,1,1
UNKNOWN_SKU_129351,7.72,0.0,0.0,False,,-1.0,0.0,1,1,0,1,1
UNKNOWN_SKU_129396,93848.76999999999,91027.62,67350.72,False,-0.2601067675942752,-0.07959617582676415,7.935037697954814e-05,1,1,0,1,1
UNKNOWN_SKU_12976,27404.47,38687.28,45782.6,False,0.18340188299616833,0.13689344206283205,5.393953574815326e-05,1,1,0,1,1
UNKNOWN_SKU_130500,2.12,263.32,1271.61,False,3.8291432477593803,3.948852596911949,1.498168584849029e-06,1,1,0,1,1
UNKNOWN_SKU_13135,55549.62,0.0,0.0,False,,-1.0,0.0,1,1,0,1,1
UNKNOWN_SKU_132593,0.0,0.69,0.0,False,-1.0,,0.0,1,1,0,1,1
UNKNOWN_SKU_13324,193.04,130.21,144.46,False,0.10943859918593035,-0.06990978500958944,1.7019796460179677e-07,1,1,0,1,1
UNKNOWN_SKU_134323,107.12,0.0,0.0,False,,-1.0,0.0,1,1,0,1,1
UNKNOWN_SKU_134730,5300.000000000001,66.69000000000001,1.69,False,-0.9746588693957116,-0.8663703875881937,1.9911017594976915e-09,1,1,0,1,1
UNKNOWN_SKU_134963,626.51,1240.2999999999997,1285.71,False,0.036612109973393814,0.19688866374541636,1.5147807356235367e-06,1,1,0,1,1
UNKNOWN_SKU_134972,1686.9799999999998,2426.6700000000005,2812.0699999999997,False,0.15881846316145132,0.13626347963690555,3.3130872927992147e-06,1,1,0,1,1
UNKNOWN_SKU_134973,1231.1900000000003,2767.06,3113.77,False,0.12529905386944984,0.2610733927813078,3.6685401927048087e-06,1,1,1,1,1
UNKNOWN_SKU_134975,2320.48,2959.32,3609.77,False,0.21979711555357295,0.1168000517832406,4.252910886616557e-06,1,1,0,1,1
UNKNOWN_SKU_134976,658.9199999999998,1760.8700000000003,1640.78,False,-0.06819924241994035,0.25618735084462485,1.933112393460723e-06,1,1,1,1,1
UNKNOWN_SKU_134977,825.8599999999999,1554.2299999999998,1561.6399999999999,False,0.00476763413394421,0.17265058126892208,1.8398722791135944e-06,1,1,0,1,1
UNKNOWN_SKU_134978,785.17,1697.23,1688.38,False,-0.00521437872297803,0.2109511538390727,1.9891931294087056e-06,1,1,0,1,1
UNKNOWN_SKU_134979,1600.14,2196.6099999999997,2559.0499999999997,False,0.16499970408948328,0.12455369637694225,3.014987548900927e-06,1,1,0,1,1
UNKNOWN_SKU_134982,1145.0800000000002,1561.1599999999999,1674.98,False,0.07290732532219635,0.09974867929984343,1.9734056953393155e-06,1,1,0,1,1
UNKNOWN_SKU_134983,1834.0899999999997,2595.31,2952.39,False,0.13758664668189935,0.12638866296832751,3.4784076471736027e-06,1,1,0,1,1
UNKNOWN_SKU_134987,1191.43,2260.39,2272.47,False,0.005344210512345127,0.17518815868473148,2.677348529825869e-06,1,1,0,1,1
UNKNOWN_SKU_134988,2245.96,4040.18,4690.32,False,0.16091857293486922,0.2021263426202322,5.5259789376374036e-06,1,1,1,1,1
UNKNOWN_SKU_135560,295.43000000000006,910.69,1830.9,False,1.0104536120963226,0.5778020193296465,2.1571054505706056e-06,1,1,0,1,1
UNKNOWN_SKU_136044,0.0,124.32999999999998,108.13000000000001,False,-0.13029839942089583,,1.2739516760620436e-07,1,1,0,1,0
UNKNOWN_SKU_136404,77694.76,72388.66,87140.63,False,0.20378841105775414,0.029099202122794487,0.00010266619036493333,1,1,0,1,1
UNKNOWN_SKU_136937,19723.52,21208.329999999998,11456.319999999998,False,-0.45981979722118627,-0.12699812236530295,1.3497454975957745e-05,1,1,0,1,1
UNKNOWN_SKU_137638,28.020000000000003,0.0,0.0,False,,-1.0,0.0,1,1,0,1,1
UNKNOWN_SKU_138248,479701.08999999997,531823.11,584913.21,False,0.0998266134015875,0.05082447897987197,0.0006891252790440489,1,1,0,1,1
UNKNOWN_SKU_138415,238.27999999999997,298.14,143.50000000000003,False,-0.5186824981552289,-0.11907065455094701,1.6906692454906436e-07,1,1,0,1,0
UNKNOWN_SKU_138417,464.31999999999994,582.8,344.44999999999993,False,-0.4089739190116679,-0.07193755344553798,4.058195272538341e-07,1,1,0,1,1
UNKNOWN_SKU_13885,4287.17,3198.8399999999997,3878.87,False,0.21258643758362417,-0.02471031751713204,4.569955551398113e-06,1,1,0,1,1
UNKNOWN_SKU_13889,364809.56,322582.06,460575.6599999999,False,0.42777828376444726,0.06000690204839865,0.0005426349153892369,1,1,1,1,1
UNKNOWN_SKU_13891,243110.08,229041.75,274812.78,False,0.19983706027394588,0.031118288465717958,0.00032377527206535624,1,1,1,1,1
UNKNOWN_SKU_13896,5481.7,3737.26,3679.01,False,-0.015586285139380207,-0.09488465864789919,4.334487150419883e-06,1,1,0,1,1
UNKNOWN_SKU_139037,25440.19,14900.47,16015.420000000002,False,0.07482649876144865,-0.10925273924840573,1.8868834876387292e-05,1,1,1,1,1
UNKNOWN_SKU_139312,19983.66,8.13,9.61,False,0.18204182041820394,-0.8519146524666196,1.1322182194540125e-08,1,1,0,1,1
UNKNOWN_SKU_139362,299.54,273.59000000000003,172.02999999999997,False,-0.37121239811396634,-0.12946278647423948,2.026800211162058e-07,1,1,0,1,1
UNKNOWN_SKU_13957,20203.519999999997,8023.85,6596.089999999999,False,-0.1779395178125216,-0.24409906470137943,7.77129373065392e-06,1,1,0,1,1
UNKNOWN_SKU_13958,37122.520000000004,23043.06,18960.82,False,-0.177157026887922,-0.15461426289998248,2.2339007138176932e-05,1,1,0,1,1
UNKNOWN_SKU_13960,98968.13000000002,45383.19,42835.66999999999,False,-0.056133559584507164,-0.1888941196626195,5.046756089127956e-05,1,1,0,1,1
UNKNOWN_SKU_13961,63784.91,32817.560000000005,36130.450000000004,False,0.10094869941580042,-0.13246130283535273,4.2567693826297855e-05,1,1,0,1,1
UNKNOWN_SKU_13963,36368.57,12476.43,9689.11,False,-0.22340685596761245,-0.28156180124533803,1.1415386963885609e-05,1,1,0,1,1
UNKNOWN_SKU_13965,98023.61999999998,44164.46,33584.89,False,-0.23954940239278366,-0.23492625541329903,3.9568599746471254e-05,1,1,0,1,1
UNKNOWN_SKU_13966,43689.450000000004,15237.02,13397.120000000003,False,-0.12075195806004047,-0.25585303044037466,1.5784040949231785e-05,1,1,0,1,1
UNKNOWN_SKU_13967,80886.47,43121.71,40576.58,False,-0.05902201002696783,-0.15841131222636562,4.780597623218866e-05,1,1,0,1,1
UNKNOWN_SKU_140299,2468.12,0.0,0.0,False,,-1.0,0.0,1,1,0,1,1
UNKNOWN_SKU_14103,8.350000000000001,0.0,0.0,False,,-1.0,0.0,1,1,0,1,1
UNKNOWN_SKU_141640,2326.57,2.42,0.0,False,-1.0,-1.0,0.0,1,1,1,1,1
UNKNOWN_SKU_142203,180.09,190.52,90.82,False,-0.5233046399328155,-0.15730003696224093,1.0700110165537296e-07,1,1,0,1,1
UNKNOWN_SKU_142316,1819.1999999999998,10431.4,12899.74,False,0.2366259562474835,0.6318308054362061,1.519804438524423e-05,1,1,0,1,1
UNKNOWN_SKU_142372,1.45,0.0,0.0,False,,-1.0,0.0,1,1,0,1,1
UNKNOWN_SKU_143725,3510.4199999999996,908.7499999999999,125.02000000000001,False,-0.8624264099037139,-0.5655847090102856,1.4729440353396534e-07,1,1,0,1,0
UNKNOWN_SKU_144091,1039.1200000000001,653.9300000000001,784.6200000000001,False,0.19985319529613266,-0.06782292619327335,9.244131730988633e-07,1,1,0,1,1
UNKNOWN_SKU_144097,19.05,107.94,243.32000000000002,False,1.2542153047989628,0.8904739918540885,2.8667152669880376e-07,1,1,0,1,1
UNKNOWN_SKU_144098,58.13,130.65,0.78,False,-0.9940298507462687,-0.6596517123526195,9.189700428450884e-10,1,1,0,1,1
UNKNOWN_SKU_144101,0.0,0.0,37.540000000000006,False,,,4.422837872872388e-08,1,1,0,1,1
UNKNOWN_SKU_144108,2.76,0.0,0.0,False,,-1.0,0.0,1,1,0,1,0
UNKNOWN_SKU_144109,96515.31000000001,40613.60999999999,33481.72,False,-0.17560344918858461,-0.23254505711942142,3.944704828580417e-05,1,1,0,1,1
UNKNOWN_SKU_144459,128971.15,187385.89,197530.64,False,0.05413828116940933,0.11246274171311543,0.00023272402654361249,1,1,0,1,1
UNKNOWN_SKU_144460,114521.98999999999,135310.80000000002,150507.29,False,0.11230803453974092,0.07069842175438867,0.00017732268043563865,1,1,0,1,1
UNKNOWN_SKU_145471,4084.249999999999,1285.2500000000002,64.13,False,-0.9501030927835051,-0.6460130672575042,7.55558318559686e-08,1,1,0,1,1
UNKNOWN_SKU_145472,75584.17,14479.32,421.26000000000005,False,-0.9709060922750515,-0.7267690804324356,4.963145131396436e-07,1,1,0,1,0
UNKNOWN_SKU_145664,155933.81,122283.84999999999,138287.32,False,0.1308714928422683,-0.029578259692630615,0.0001629255184427339,1,1,0,1,1
UNKNOWN_SKU_145707,62545.83,89038.55,119041.38,False,0.33696449459251077,0.17455916553832962,0.00014025059240889545,1,1,0,1,1
UNKNOWN_SKU_145718,2707.14,123776.68,161855.77999999997,False,0.30764357227871986,1.7807015199859855,0.00019069309369400663,1,1,0,1,0
UNKNOWN_SKU_147057,47.62,40.3,58.62,False,0.45459057071960296,0.053329156480260265,6.906413321997318e-08,1,1,0,1,0
UNKNOWN_SKU_147328,310761.29000000004,194132.23,83062.16,False,-0.572136167188725,-0.2809748584637408,9.78610727359046e-05,1,1,0,1,1
UNKNOWN_SKU_149078,1.14,0.0,0.0,False,,-1.0,0.0,1,1,0,1,1
UNKNOWN_SKU_149102,1278.08,0.0,0.0,False,,-1.0,0.0,1,1,0,1,1
UNKNOWN_SKU_149110,111.74,0.0,0.0,False,,-1.0,0.0,1,1,0,1,1
UNKNOWN_SKU_149111,1278.9100000000003,0.0,0.0,False,,-1.0,0.0,1,1,0,1,1
UNKNOWN_SKU_149112,113.45999999999998,0.0,0.0,False,,-1.0,0.0,1,1,0,1,1
UNKNOWN_SKU_149199,707440.66,509711.86,560796.26,False,0.10022211372519374,-0.056419900493422714,0.0006607114911276478,1,1,0,1,1
UNKNOWN_SKU_149311,606.0699999999999,1264.07,1133.3200000000002,False,-0.1034357274518023,0.16938479181035349,1.3352399089194817e-06,1,1,0,1,1
UNKNOWN_SKU_149312,79.57999999999998,0.0,0.21000000000000002,False,,-0.773350982915589,2.474150115352161e-10,1,1,0,1,1
UNKNOWN_SKU_149313,7.66,0.0,0.0,False,,-1.0,0.0,1,1,0,1,1
UNKNOWN_SKU_150578,0.0,482.14000000000004,188.86000000000004,False,-0.6082880491143651,,2.2250856704067104e-07,1,1,0,1,1
UNKNOWN_SKU_150781,458.66,959.1999999999999,837.6,False,-0.12677231025854874,0.16248257158276935,9.868324460090334e-07,1,1,0,1,1
UNKNOWN_SKU_150788,171.02999999999997,0.0,0.0,False,,-1.0,0.0,1,1,0,1,1
UNKNOWN_SKU_150789,382.65000000000003,181.67999999999998,331.61,False,0.8252421840598858,-0.03515738905230226,3.9069186654853817e-07,1,1,0,1,1
UNKNOWN_SKU_153289,2268.2299999999996,853.21,1874.5000000000002,False,1.1969972222547791,-0.046546343430879045,2.208473519632203e-06,1,1,0,1,1
UNKNOWN_SKU_154004,0.0,0.0,0.0,False,,,0.0,1,1,0,1,1
UNKNOWN_SKU_155873,19667.18,5827.049999999999,3785.64,False,-0.3503333590753468,-0.33763205803370533,4.4601150679436925e-06,1,1,0,1,1
UNKNOWN_SKU_156476,66230.34000000001,41062.55,39548.770000000004,False,-0.03686522147309401,-0.12093902760285824,4.6595044694064805e-05,1,1,1,1,1
UNKNOWN_SKU_156477,514991.24999999994,253366.75999999998,247865.91,False,-0.02171101686740584,-0.16707818348269832,0.0002920273665801754,1,1,1,1,1
UNKNOWN_SKU_156478,132457.88,65065.25,65473.03,False,0.0062672471096323346,-0.1615133352093524,7.713814510807404e-05,1,1,1,1,1
UNKNOWN_SKU_156492,66197.99,37459.82,41158.72,False,0.09874313330923634,-0.11201779171331372,4.849183420749871e-05,1,1,1,1,1
UNKNOWN_SKU_161193,0.0,0.0,0.0,False,,,0.0,1,1,0,1,1
UNKNOWN_SKU_161579,65.05,43.47,385.96,False,7.878766965723488,0.5607155204303009,4.5472522786729524e-07,1,1,0,1,1
UNKNOWN_SKU_161655,0.0,18.130000000000003,5.06,False,-0.7209045780474352,,5.9615236112771115e-09,1,1,0,1,1
UNKNOWN_SKU_161824,51.38999999999999,0.0,0.0,False,,-1.0,0.0,1,1,0,1,1
UNKNOWN_SKU_163831,84.87,4.950000000000001,16.92,False,2.418181818181818,-0.33179220265613696,1.993458092940884e-08,1,1,0,1,1
UNKNOWN_SKU_16469,7.86,0.0,0.0,False,,-1.0,0.0,1,1,0,1,1
UNKNOWN_SKU_16470,30774.58,0.0,0.0,False,,-1.0,0.0,1,1,0,1,1
UNKNOWN_SKU_16471,1513.0500000000002,0.0,0.0,False,,-1.0,0.0,1,1,0,1,1
UNKNOWN_SKU_16472,3759.76,0.0,0.0,False,,-1.0,0.0,1,1,0,1,1
UNKNOWN_SKU_165098,210780.99,166886.62,190698.05999999997,False,0.14268034189918866,-0.024721368786507436,0.0002246741081649682,1,1,0,1,1
UNKNOWN_SKU_165099,247550.44,275742.13999999996,318971.02999999997,False,0.15677288208468987,0.06542255006522857,0.00037580105269928454,1,1,0,1,1
UNKNOWN_SKU_165457,6.41,0.0,0.0,False,,-1.0,0.0,1,1,0,1,1
UNKNOWN_SKU_165460,6.24,0.0,0.0,False,,-1.0,0.0,1,1,0,1,1
UNKNOWN_SKU_165461,0.54,0.0,0.0,False,,-1.0,0.0,1,1,0,1,1
UNKNOWN_SKU_166612,4458.74,2653.13,3565.9300000000003,False,0.34404646587238474,-0.05432879273487734,4.201260057541777e-06,1,1,1,1,1
UNKNOWN_SKU_167109,629.3000000000001,0.0,0.0,False,,-1.0,0.0,1,1,0,1,1
UNKNOWN_SKU_167898,6969.3099999999995,0.0,0.0,False,,-1.0,0.0,1,1,0,1,0
UNKNOWN_SKU_168102,7.32,0.0,0.0,False,,-1.0,0.0,1,1,0,1,1
UNKNOWN_SKU_168103,7503.040000000001,8178.889999999999,6658.370000000001,False,-0.18590786769353773,-0.029417032389099984,7.844669954074938e-06,1,1,0,1,1
UNKNOWN_SKU_168104,1.67,0.0,0.0,False,,-1.0,0.0,1,1,0,1,1
UNKNOWN_SKU_168105,8752.61,4198.16,4681.2,False,0.11505993101739809,-0.14482518039503123,5.5152340571364455e-06,1,1,0,1,1
UNKNOWN_SKU_168128,0.0,0.14,0.0,False,-1.0,,0.0,1,1,0,1,1
UNKNOWN_SKU_168774,24.71,0.0,0.0,False,,-1.0,0.0,1,1,0,1,1
UNKNOWN_SKU_168779,15.93,0.0,0.0,False,,-1.0,0.0,1,1,0,1,1
UNKNOWN_SKU_168784,23.69,0.0,0.0,False,,-1.0,0.0,1,1,0,1,1
UNKNOWN_SKU_169053,296285.63000000006,132764.87000000002,129985.57999999999,False,-0.020933926271309855,-0.18614666594574136,0.0001531446846433893,1,1,0,1,1
UNKNOWN_SKU_169055,6.14,0.0,0.0,False,,-1.0,0.0,1,1,0,1,1
UNKNOWN_SKU_169057,7.93,0.0,0.0,False,,-1.0,0.0,1,1,0,1,1
UNKNOWN_SKU_169185,1089.3100000000002,0.0,0.0,False,,-1.0,0.0,1,1,0,1,1
UNKNOWN_SKU_169186,326.63,0.0,0.0,False,,-1.0,0.0,1,1,0,1,1
UNKNOWN_SKU_169533,348.44,0.0,0.0,False,,-1.0,0.0,1,1,0,1,1
UNKNOWN_SKU_16998,123622.01999999999,46476.76,50559.28,False,0.08784003015700748,-0.20030153715938526,5.9567261163867714e-05,1,1,0,1,1
UNKNOWN_SKU_170570,167549.63,54024.85999999999,32308.26,False,-0.4019742022468915,-0.3373373025390307,3.806451676467981e-05,1,1,0,1,1
UNKNOWN_SKU_170571,242331.06,138887.8,105448.75,False,-0.24076304758229294,-0.18780915750103233,0.00012423620808392437,1,1,0,1,1
UNKNOWN_SKU_171082,1.52,0.0,0.0,False,,-1.0,0.0,1,1,0,1,1
UNKNOWN_SKU_171151,3093.0299999999997,0.0,0.0,False,,-1.0,0.0,1,1,1,1,1
UNKNOWN_SKU_171152,48159.96,55691.37,62525.0,False,0.12270536709727198,0.0674361232037628,7.36648742678066e-05,1,1,1,1,1
UNKNOWN_SKU_171330,1.76,0.0,0.0,False,,-1.0,0.0,1,1,0,1,1
UNKNOWN_SKU_171331,81456.17,35718.96000000001,27559.390000000003,False,-0.228438062026442,-0.23733045639636685,3.246955616549295e-05,1,1,0,1,1
UNKNOWN_SKU_17148,4.6499999999999995,0.0,0.0,False,,-1.0,0.0,1,1,0,1,1
UNKNOWN_SKU_17174,10.209999999999999,0.0,0.0,False,,-1.0,0.0,1,1,0,1,1
UNKNOWN_SKU_17234,15987.560000000001,13277.370000000003,14637.03,False,0.10240431651750281,-0.021822443862242524,1.724486164900621e-05,1,1,0,1,1
UNKNOWN_SKU_172918,884.04,0.0,0.0,False,,-1.0,0.0,1,1,0,1,1
UNKNOWN_SKU_173007,33649.76,19184.850000000002,17421.56,False,-0.09191054399695597,-0.15174531402011504,2.0525502230292664e-05,1,1,0,1,0
UNKNOWN_SKU_17353,3360.83,0.0,0.0,False,,-1.0,0.0,1,1,0,1,1
UNKNOWN_SKU_17354,2723.56,0.0,0.0,False,,-1.0,0.0,1,1,0,1,1
UNKNOWN_SKU_173997,1.92,0.0,0.0,False,,-1.0,0.0,1,1,0,1,1
UNKNOWN_SKU_174014,3926.2300000000005,29.330000000000005,0.0,False,-1.0,-1.0,0.0,1,1,0,1,1
UNKNOWN_SKU_174064,5848.83,36450.54,39750.450000000004,False,0.09053116908556103,0.6146123229304494,4.683265735847634e-05,1,1,0,1,1
UNKNOWN_SKU_174065,9404.89,56250.07,49325.630000000005,False,-0.12310100236319699,0.513316370450907,5.8113815787770484e-05,1,1,0,1,1
UNKNOWN_SKU_174360,11385.619999999999,1438.6299999999999,3053.62,False,1.1225888518938159,-0.2803611901979366,3.597673464400793e-06,1,1,0,1,0
UNKNOWN_SKU_174774,2438.24,2568.22,1711.19,False,-0.33370583516988417,-0.08471689588780784,2.0160671123283165e-06,1,1,1,1,1
UNKNOWN_SKU_175483,47523.70999999999,7.970000000000001,0.0,False,-1.0,-1.0,0.0,1,1,0,1,1
UNKNOWN_SKU_175485,292.11999999999995,0.0,0.0,False,,-1.0,0.0,1,1,0,1,1
UNKNOWN_SKU_175505,3546.5500000000006,4192.39,6057.77,False,0.44494429191940643,0.14321173359556338,7.13706302108422e-06,1,1,0,1,1
UNKNOWN_SKU_175506,0.45999999999999996,0.0,0.0,False,,-1.0,0.0,1,1,0,1,1
UNKNOWN_SKU_175507,3168.96,3033.41,2796.19,False,-0.07820241905973802,-0.03080206485626391,3.294378005260266e-06,1,1,0,1,1
UNKNOWN_SKU_175722,0.0,1.12,0.0,False,-1.0,,0.0,1,1,0,1,1
UNKNOWN_SKU_175732,16298.02,6520.010000000001,8414.62,False,0.29058391014737706,-0.15233370417957437,9.913825258878381e-06,1,1,0,1,1
UNKNOWN_SKU_175948,7914.9,0.0,0.0,False,,-1.0,0.0,1,1,0,1,1
UNKNOWN_SKU_175950,4389.039999999999,0.0,0.0,False,,-1.0,0.0,1,1,0,1,1
UNKNOWN_SKU_177334,11125.07,9114.69,7883.73,False,-0.1350523166448887,-0.08249751857775134,9.288348328050138e-06,1,1,0,1,1
UNKNOWN_SKU_177336,10527.710000000001,1.46,0.0,False,-1.0,-1.0,0.0,1,1,0,1,1
UNKNOWN_SKU_177337,21451.06,17.310000000000002,0.0,False,-1.0,-1.0,0.0,1,1,0,1,1
UNKNOWN_SKU_177338,55026.81,54439.380000000005,20.119999999999997,False,-0.9996304146006071,-0.8617187139570504,2.3704714438516892e-08,1,1,0,1,1
UNKNOWN_SKU_177339,85518.59,6845.999999999999,14.08,False,-0.9979433245690914,-0.8867246192182544,1.658858744007544e-08,1,1,0,1,1
UNKNOWN_SKU_180996,10655.89,5091.0,306.22999999999996,False,-0.9398487527008447,-0.5882681141930646,3.607899951544248e-07,1,1,0,1,1
UNKNOWN_SKU_181573,0.0,0.0,6.23,False,,,7.339978675544745e-09,1,1,0,1,0
UNKNOWN_SKU_181585,662.48,869.5400000000001,271.98,False,-0.687213929203947,-0.19953739215533794,3.2043778493975276e-07,1,1,0,1,0
UNKNOWN_SKU_18250,0.0,0.0,0.0,False,,,0.0,1,1,0,1,1
UNKNOWN_SKU_184465,42.980000000000004,0.0,0.0,False,,-1.0,0.0,1,1,0,1,1
UNKNOWN_SKU_18529,1711.1799999999998,0.0,0.0,False,,-1.0,0.0,1,1,0,1,0
UNKNOWN_SKU_18530,21465.26,21742.239999999998,19247.260000000002,False,-0.11475266577868681,-0.026898392629069456,2.267648121391097e-05,1,1,0,1,1
UNKNOWN_SKU_18564,2442.49,119.35,201.32,False,0.6868035190615835,-0.464186647744256,2.3718852439176048e-07,1,1,0,1,1
UNKNOWN_SKU_18565,790.69,0.0,0.0,False,,-1.0,0.0,1,1,0,1,1
UNKNOWN_SKU_187316,15497.14,16370.859999999999,23055.739999999998,False,0.4083401849383599,0.104413934091792,2.7163505609775917e-05,1,1,1,1,1
UNKNOWN_SKU_187674,110.22,0.0,0.0,False,,-1.0,0.0,1,1,0,1,0
UNKNOWN_SKU_187675,426678.95,226640.03999999998,150521.57,False,-0.3358562326409754,-0.2293194822641179,0.00017733950465642303,1,1,0,1,0
UNKNOWN_SKU_187687,330.78000000000003,231.28000000000003,346.8299999999999,False,0.4996108612936696,0.01191574465693046,4.0862356405123324e-07,1,1,1,1,1
UNKNOWN_SKU_187766,0.0,56.39,301.69,False,4.350062067742507,,3.554411182383778e-07,1,1,1,1,1
UNKNOWN_SKU_188151,4989.080000000001,0.0,0.0,False,,-1.0,0.0,1,1,0,1,0
UNKNOWN_SKU_189173,0.0,17183.01,6753.540000000001,False,-0.6069640883640293,,7.956796080969256e-06,1,1,0,1,0
UNKNOWN_SKU_189194,15569.34,10425.34,12.110000000000001,False,-0.9988384071886385,-0.8329992255729891,1.4267598998530797e-08,1,1,0,1,1
UNKNOWN_SKU_189196,9157.28,0.0,0.0,False,,-1.0,0.0,1,1,0,1,0
UNKNOWN_SKU_189199,547.13,30.62,104.63000000000001,False,2.4170476812540826,-0.3387108087857239,1.2327158408061744e-07,1,1,0,1,0
UNKNOWN_SKU_189203,1.29,0.23,0.0,False,-1.0,-1.0,0.0,1,1,0,1,1
UNKNOWN_SKU_189204,0.81,0.0,0.0,False,,-1.0,0.0,1,1,0,1,1
UNKNOWN_SKU_189222,25041.83,994.5499999999998,32.88,False,-0.9669398220300638,-0.8096440586463635,3.8738121806085265e-08,1,1,0,1,1
UNKNOWN_SKU_190679,1367.45,1.38,27.02,False,18.57971014492754,-0.6250758010232919,3.183406481753114e-08,1,1,0,1,1
UNKNOWN_SKU_191063,158465.13,906102.99,890634.4999999999,False,-0.017071447915650406,0.5397189353231922,0.0010493159290055304,1,1,0,1,1
UNKNOWN_SKU_19107,29551.689999999995,2330.23,0.0,False,-1.0,-1.0,0.0,1,1,0,1,1
UNKNOWN_SKU_19110,92371.59,41247.119999999995,37942.1,False,-0.08012729131149032,-0.19943659070971265,4.4702119567477725e-05,1,1,0,1,0
UNKNOWN_SKU_19111,51344.64000000001,30590.970000000005,25634.910000000003,False,-0.16201055409488485,-0.15941009327225797,3.0202197873115367e-05,1,1,0,1,0
UNKNOWN_SKU_191669,25068.63,27715.339999999997,20804.71,False,-0.24934314354433318,-0.045539925194229225,2.4511416974461073e-05,1,1,0,1,1
UNKNOWN_SKU_19208,149563.21000000002,151404.51,139077.82,False,-0.08141560644395596,-0.018007266218551865,0.00016385685923615576,1,1,0,1,1
UNKNOWN_SKU_19209,25933.300000000003,14829.59,16241.470000000001,False,0.09520694773085436,-0.11040591300623626,1.9135159463804126e-05,1,1,0,1,1
UNKNOWN_SKU_193020,22271.96,11786.85,11088.51,False,-0.05924738161595333,-0.16000115553124006,1.3064113474087423e-05,1,1,1,1,1
UNKNOWN_SKU_193451,5052.969999999999,100.86999999999999,0.0,False,-1.0,-1.0,0.0,1,1,0,1,0
UNKNOWN_SKU_193452,6521.849999999999,6088.62,6236.17,False,0.02423373440943921,-0.011135502679683107,7.347247964216993e-06,1,1,0,1,0
UNKNOWN_SKU_193465,3.05,0.0,0.0,False,,-1.0,0.0,1,1,0,1,0
UNKNOWN_SKU_193466,6419.599999999999,13128.98,15747.1,False,0.1994153391961906,0.2514778121374375,1.8552709181648578e-05,1,1,0,1,0
UNKNOWN_SKU_194139,2090.8300000000004,1101.29,579.6999999999999,False,-0.47361730334426,-0.2743601174319058,6.829832485093559e-07,1,1,0,1,1
UNKNOWN_SKU_194710,4.13,0.0,0.0,False,,-1.0,0.0,1,1,1,1,1
UNKNOWN_SKU_194711,782.5000000000001,2943.49,2096.75,False,-0.287665322457355,0.27942719115792203,2.470321073506973e-06,1,1,1,1,1
UNKNOWN_SKU_194713,1646.3000000000002,11777.279999999999,9072.97,False,-0.22962093114878812,0.5321811822457456,1.0689471320041283e-05,1,1,1,1,1
UNKNOWN_SKU_19497,1.34,0.0,0.0,False,,-1.0,0.0,1,1,0,1,1
UNKNOWN_SKU_19499,255.47,48.7,0.0,False,-1.0,-1.0,0.0,1,1,0,1,1
UNKNOWN_SKU_19500,6.04,0.8,0.0,False,-1.0,-1.0,0.0,1,1,0,1,1
UNKNOWN_SKU_19505,1476.51,1268.17,1141.18,False,-0.10013641704187926,-0.062374435875691026,1.3445002993512283e-06,1,1,1,1,1
UNKNOWN_SKU_19506,4903.570000000001,3699.78,2549.35,False,-0.3109455156793107,-0.15086005541000092,3.0035593317014435e-06,1,1,1,1,1
UNKNOWN_SKU_19507,2711.04,2468.17,2143.66,False,-0.1314779776109426,-0.0570145435817625,2.5255888744170537e-06,1,1,1,1,1
UNKNOWN_SKU_19508,1210.5600000000002,422.88000000000005,846.6300000000001,False,1.0020573212258799,-0.08551447951131552,9.974712915050478e-07,1,1,1,1,1
UNKNOWN_SKU_19509,4251.55,2402.63,1261.43,False,-0.47497950162946434,-0.2619615873439278,1.4861748476231793e-06,1,1,1,1,0
UNKNOWN_SKU_19510,1696.38,1669.6799999999998,1224.47,False,-0.26664390781467096,-0.07826463360778346,1.4426298055929813e-06,1,1,1,1,1
UNKNOWN_SKU_19512,1968.6000000000001,715.8199999999999,1303.8899999999999,False,0.8215333463719929,-0.09786637919278907,1.5361998066221566e-06,1,1,1,1,1
UNKNOWN_SKU_19513,1938.8600000000001,977.7399999999999,1485.38,False,0.5191973326242152,-0.06443755484391211,1.7500252849246633e-06,1,1,1,1,1
UNKNOWN_SKU_196883,35.11,112.18,117.51999999999998,False,0.04760206810483125,0.35260266362723947,1.384581531219933e-07,1,1,0,1,1
UNKNOWN_SKU_197612,79700.99,55140.58,45498.64,False,-0.1748610551430544,-0.13077206552752296,5.360498352588878e-05,1,1,0,1,0
UNKNOWN_SKU_198172,4051.4999999999995,83.7,26.17,False,-0.6873357228195938,-0.7165039776260329,3.083262310417431e-08,1,1,0,1,0
UNKNOWN_SKU_19829,1258.25,0.0,0.0,False,,-1.0,0.0,1,1,0,1,1
UNKNOWN_SKU_198711,31772.300000000003,17889.449999999997,14689.279999999999,False,-0.17888587966650726,-0.17541018995514934,1.7306420860209614e-05,1,1,1,1,1
UNKNOWN_SKU_198865,207779.49000000002,107121.28000000001,82150.81,False,-0.23310466417130205,-0.20703815017038119,9.678735049417784e-05,1,1,0,1,1
UNKNOWN_SKU_19911,27.520000000000003,247.01999999999998,350.47999999999996,False,0.41883248319974076,0.889094582880251,4.1292387258505967e-07,1,1,0,1,1
UNKNOWN_SKU_19913,19858.32,0.0,0.0,False,,-1.0,0.0,1,1,0,1,1
UNKNOWN_SKU_199519,1550.6100000000001,7643.51,9184.529999999999,False,0.2016115632739408,0.5600502562200904,1.0820907599502562e-05,1,1,0,1,1
UNKNOWN_SKU_199521,2.1,0.0,0.0,False,,-1.0,0.0,1,1,0,1,1
UNKNOWN_SKU_200600,7176.9400000000005,0.0,0.0,False,,-1.0,0.0,1,1,0,1,1
UNKNOWN_SKU_200601,9404.53,19.21,0.0,False,-1.0,-1.0,0.0,1,1,0,1,1
UNKNOWN_SKU_200614,45613.78999999999,36878.05,30124.719999999998,False,-0.18312600584900784,-0.09851871507347576,3.5491942601405495e-05,1,1,0,1,1
UNKNOWN_SKU_20472,26880.749999999996,0.0,0.0,False,,-1.0,0.0,1,1,0,1,1
UNKNOWN_SKU_20473,10694.53,39.08,0.0,False,-1.0,-1.0,0.0,1,1,0,1,0
UNKNOWN_SKU_20474,23399.989999999998,44.66,0.0,False,-1.0,-1.0,0.0,1,1,0,1,0
UNKNOWN_SKU_20639,801.2800000000001,0.0,0.0,False,,-1.0,0.0,1,1,0,1,1
UNKNOWN_SKU_20640,501.42,9.15,0.0,False,-1.0,-1.0,0.0,1,1,0,1,1
UNKNOWN_SKU_20984,18.45,154.31,393.28000000000003,False,1.5486358628734367,1.148702913362504,4.6334940826938e-07,1,1,0,1,1
UNKNOWN_SKU_20985,337.28,1259.16,1940.6500000000003,False,0.5412258966294992,0.5487779496640368,2.2864092482657963e-06,1,1,0,1,1
UNKNOWN_SKU_20986,573.07,70.42999999999999,0.0,False,-1.0,-1.0,0.0,1,1,0,1,1
UNKNOWN_SKU_21159,1092.54,257.74,0.0,False,-1.0,-1.0,0.0,1,1,0,1,1
UNKNOWN_SKU_21987,41599.2,33515.89,26897.92,False,-0.19745768350474957,-0.10327675096184241,3.169023422415866e-05,1,1,0,1,1
UNKNOWN_SKU_221044,662.44,0.0,0.0,False,,-1.0,0.0,1,1,0,1,1
UNKNOWN_SKU_22107,12029.800000000001,28363.66,29024.07,False,0.023283666494380517,0.24630683397445252,3.4195193399280566e-05,1,1,0,1,0
UNKNOWN_SKU_22110,53195.12,135338.29,162611.53,False,0.20151902318257453,0.3222692118159318,0.00019158349319385302,1,1,0,1,0
UNKNOWN_SKU_221834,9072.93,17012.24,22378.36,False,0.315427010199715,0.2531993875432239,2.636543903590104e-05,1,1,0,1,1
UNKNOWN_SKU_222162,30564.15,0.0,0.0,False,,-1.0,0.0,1,1,0,1,1
UNKNOWN_SKU_225761,161.08,1269.42,1453.9299999999998,False,0.14534984481101576,0.7333069132969312,1.7129719415304604e-06,1,1,0,1,1
UNKNOWN_SKU_22623,117279.04000000001,97793.44,97072.95,False,-0.0073674675929183975,-0.046173341487748876,0.00011436811925717835,1,1,0,1,1
UNKNOWN_SKU_22710,22263.559999999998,16353.900000000001,18075.82,False,0.10529109264456782,-0.050760396166422805,2.1296329589564236e-05,1,1,0,1,1
UNKNOWN_SKU_22712,16117.59,12309.67,13931.480000000001,False,0.13175089177857746,-0.03578410177192426,1.6413606118583963e-05,1,1,0,1,1
UNKNOWN_SKU_227753,235794.28000000003,106016.26,151199.82,False,0.42619462335305935,-0.10514122295943273,0.0001781385962353457,1,1,0,1,1
UNKNOWN_SKU_227754,0.0,14623.59,15391.229999999998,False,0.05249326601744153,,1.8133434990434112e-05,1,1,0,1,1
UNKNOWN_SKU_22848,30337.82,20786.43,23881.63,False,0.14890483839697355,-0.058067246325950395,2.813654172347506e-05,1,1,0,1,1
UNKNOWN_SKU_22902,162.18,0.0,0.0,False,,-1.0,0.0,1,1,0,1,1
UNKNOWN_SKU_230221,401.83000000000004,769.26,1015.83,False,0.3205288199048437,0.2609407185575634,1.196817100799136e-06,1,1,0,1,1
UNKNOWN_SKU_230328,1560.0,0.0,0.0,False,,-1.0,0.0,1,1,0,1,1
UNKNOWN_SKU_233063,438.2800000000001,1.89,2.04,False,0.07936507936507953,-0.7388021314722173,2.403460112056385e-09,1,1,0,1,0
UNKNOWN_SKU_23413,1096.21,170.06,0.0,False,-1.0,-1.0,0.0,1,1,0,1,1
UNKNOWN_SKU_23430,109.23,0.0,0.0,False,,-1.0,0.0,1,1,0,1,1
UNKNOWN_SKU_24301,313.48,340.33,453.73999999999995,False,0.33323538918108886,0.09685522184814555,5.345813682570902e-07,1,1,0,1,1
UNKNOWN_SKU_2440,107093.63999999998,60562.06,65652.49,False,0.08405311840449303,-0.11514546602569475,7.734957890793172e-05,1,1,0,1,1
UNKNOWN_SKU_245367,171568.95000000004,152592.36,171214.72000000003,False,0.12203992388609786,-0.0005165628618647444,0.00020171948535142287,1,1,0,1,1
UNKNOWN_SKU_2462,1545.64,94.63,28.84,False,-0.6952340695339745,-0.6304087107932707,3.397832825083634e-08,1,1,1,1,1
UNKNOWN_SKU_2464,738.2,295.32000000000005,136.67999999999998,False,-0.5371800081267779,-0.3440318813495091,1.6103182750777777e-07,1,1,1,1,1
UNKNOWN_SKU_2465,33.43,25.14,6.83,False,-0.728321400159109,-0.3276876613028188,8.046878708502504e-09,1,1,0,1,1
UNKNOWN_SKU_246583,3.41,0.0,0.0,False,,-1.0,0.0,1,1,0,1,0
UNKNOWN_SKU_25189,2.7199999999999998,1.43,0.0,False,-1.0,-1.0,0.0,1,1,0,1,1
UNKNOWN_SKU_25263,211.42000000000002,501.38,1997.6100000000001,False,2.984223543021262,0.7532391451720277,2.3535176247279193e-06,1,1,0,1,1
UNKNOWN_SKU_25357,968.6600000000001,41.53,54.67,False,0.3163977847339272,-0.5125900093009521,6.441037466966793e-08,1,1,1,1,1
UNKNOWN_SKU_25359,290.13,159.81,224.35000000000002,False,0.4038545773105564,-0.062258019110087215,2.6432170399012255e-07,1,1,1,1,1
UNKNOWN_SKU_25360,0.0,0.0,0.26,False,,,3.0632334761502945e-10,1,1,1,1,1
UNKNOWN_SKU_26416,11.870000000000003,1.51,1.78,False,0.17880794701986757,-0.3777107181990501,2.0971367644413553e-09,1,1,0,1,1
UNKNOWN_SKU_26435,3.3099999999999996,0.0,0.0,False,,-1.0,0.0,1,1,0,1,1
UNKNOWN_SKU_26437,222.28,0.0,0.0,False,,-1.0,0.0,1,1,0,1,1
UNKNOWN_SKU_26439,5.08,94.72,0.0,False,-1.0,-1.0,0.0,1,1,0,1,1
UNKNOWN_SKU_265208,0.0,8.35,176.11,False,20.09101796407186,,2.0748694134031863e-07,1,1,0,1,1
UNKNOWN_SKU_26526,1250.83,2974.3300000000004,5950.09,False,1.0004807805455345,0.4768327393442091,7.010198028502733e-06,1,1,0,1,1
UNKNOWN_SKU_26695,43248.2,22244.43,22836.0,False,0.02659407321293461,-0.14756161148954994,2.6904615254372357e-05,1,1,0,1,1
UNKNOWN_SKU_272359,1.03,1.14,64.11,False,55.236842105263165,1.8088085473804933,7.553226852153669e-08,1,1,0,1,1
UNKNOWN_SKU_273063,175.98999999999998,20.21,82.78,False,3.0959920831271646,-0.17184932973355282,9.752864121373899e-08,1,1,0,1,1
UNKNOWN_SKU_273644,458.95000000000005,325.12,691.99,False,1.1284141240157481,0.10811188031974184,8.152795896774009e-07,1,1,0,1,1
UNKNOWN_SKU_27672,3306.0800000000004,3500.96,4765.04,False,0.36106667885380017,0.09569151393620157,5.614011555075076e-06,1,1,0,1,1
UNKNOWN_SKU_28796,81252.55,34744.770000000004,47403.66,False,0.3643394387126464,-0.12603564779192555,5.584941469386411e-05,1,1,1,1,1
UNKNOWN_SKU_29410,3251.28,2845.55,8710.95,False,2.0612535362232256,0.27938951467455886,1.0262951403489004e-05,1,1,1,1,1
UNKNOWN_SKU_29411,16247.34,6018.93,3472.3499999999995,False,-0.42309513484954975,-0.32007610162209466,4.091007215734798e-06,1,1,1,1,1
UNKNOWN_SKU_294525,21595.100000000002,23.23,15.36,False,-0.3387860525182953,-0.8366914213130872,1.8096640843718664e-08,1,1,0,1,1
UNKNOWN_SKU_295127,97895.56,0.0,0.0,False,,-1.0,0.0,1,1,0,1,1
UNKNOWN_SKU_295129,7.72,0.0,0.0,False,,-1.0,0.0,1,1,0,1,1
UNKNOWN_SKU_298486,20022.3,8068.429999999999,9977.99,False,0.2366705790345831,-0.15980077806312265,1.1755735766420336e-05,1,1,1,1,1
UNKNOWN_SKU_299849,29952.780000000002,14946.2,18502.030000000002,False,0.23790863229449632,-0.1134656634075405,2.1798476027975786e-05,1,1,0,1,1
UNKNOWN_SKU_301727,27616.82,0.0,0.0,False,,-1.0,0.0,1,1,0,1,0
UNKNOWN_SKU_301728,12678.880000000001,0.0,0.0,False,,-1.0,0.0,1,1,0,1,0
UNKNOWN_SKU_301729,13.66,0.0,0.0,False,,-1.0,0.0,1,1,0,1,0
UNKNOWN_SKU_301732,135943.25,0.0,0.0,False,,-1.0,0.0,1,1,0,1,0
UNKNOWN_SKU_301733,163167.21,0.0,0.0,False,,-1.0,0.0,1,1,0,1,0
UNKNOWN_SKU_301765,29.78,0.0,0.0,False,,-1.0,0.0,1,1,0,1,0
UNKNOWN_SKU_301768,36.980000000000004,0.0,0.0,False,,-1.0,0.0,1,1,0,1,0
UNKNOWN_SKU_305255,5905.05,6546.32,7981.360000000001,False,0.21921323736083798,0.07823476438358945,9.403372745079583e-06,1,1,0,1,1
UNKNOWN_SKU_30879,13683.53,9889.960000000001,10980.369999999999,False,0.11025423763089015,-0.05353467755508312,1.2936706524814002e-05,1,1,0,1,1
UNKNOWN_SKU_30880,77959.81999999999,59444.44,54006.86,False,-0.0914733152503413,-0.08768561011126874,6.362908518990858e-05,1,1,0,1,1
UNKNOWN_SKU_30881,14453.780000000002,11468.23,13200.1,False,0.1510145855114522,-0.02242756902235199,1.5551918541742885e-05,1,1,0,1,1
UNKNOWN_SKU_30882,5518.639999999999,4471.500000000001,4041.1899999999996,False,-0.09623392597562364,-0.07494128010451362,4.761195573647618e-06,1,1,0,1,1
UNKNOWN_SKU_30883,25218.47,17130.110000000004,18942.969999999998,False,0.10582885924258467,-0.06903718556002725,2.2317976862196436e-05,1,1,0,1,1
UNKNOWN_SKU_31041,111.49,4.79,4.0600000000000005,False,-0.15240083507306879,-0.5631598681349554,4.783356889680845e-09,1,1,0,1,1
UNKNOWN_SKU_31448,2087.4700000000003,0.0,0.0,False,,-1.0,0.0,1,1,0,1,1
UNKNOWN_SKU_31449,1311.7,0.0,0.0,False,,-1.0,0.0,1,1,0,1,1
UNKNOWN_SKU_31450,6439.06,4671.83,5360.65,False,0.1474411526104331,-0.04479025332052966,6.315739436125029e-06,1,1,0,1,1
UNKNOWN_SKU_315577,652.7299999999999,0.0,0.0,False,,-1.0,0.0,1,1,1,1,1
UNKNOWN_SKU_31625,21.18,0.0,0.0,False,,-1.0,0.0,1,1,0,1,1
UNKNOWN_SKU_316983,29258.21,0.0,0.0,False,,-1.0,0.0,1,1,0,1,1
UNKNOWN_SKU_31709,0.0,53.629999999999995,839.0999999999999,False,14.646093604325937,,9.885996960914276e-07,1,1,1,1,1
UNKNOWN_SKU_31743,4.03,437.78999999999996,3397.9799999999996,False,6.761666552456657,4.388637177089322,4.003386956649683e-06,1,1,0,1,1
UNKNOWN_SKU_31745,1798.2499999999998,2589.8500000000004,3028.72,False,0.1694576905998415,0.13920600119483195,3.5683371130330458e-06,1,1,1,1,0
UNKNOWN_SKU_31746,4088.4100000000003,4231.85,3560.9100000000008,False,-0.1585453170599146,-0.03394547552772287,4.195345660599364e-06,1,1,1,1,1
UNKNOWN_SKU_31747,18917.02,12429.16,11500.51,False,-0.07471542726942126,-0.1169890397404818,1.3549518163385085e-05,1,1,1,1,0
UNKNOWN_SKU_31749,23.13,1059.4299999999998,352.34999999999997,False,-0.6674154970125445,0.9756029262571102,4.1512704435444465e-07,1,1,1,1,1
UNKNOWN_SKU_31750,5.56,1050.8799999999999,878.2399999999999,False,-0.16428136419001216,2.5451499182090993,1.0347131415747054e-06,1,1,1,1,1
UNKNOWN_SKU_31751,122.39999999999998,3162.84,2305.8,False,-0.2709716583829722,1.0833395293841233,2.716616826656673e-06,1,1,1,1,1
UNKNOWN_SKU_32301,12736.189999999999,8.860000000000001,0.0,False,-1.0,-1.0,0.0,1,1,0,1,1
UNKNOWN_SKU_326032,16.03,202.34999999999997,41.56,False,-0.7946132937978749,0.2689236861196451,4.8964608949540864e-08,1,1,0,1,1
UNKNOWN_SKU_326096,0.0,388.61,43.5,False,-0.8880625820231081,,5.125025238943762e-08,1,1,0,1,1
UNKNOWN_SKU_326585,102702.81,71611.11000000002,72618.39,False,0.014065973841209667,-0.08300689016642115,8.555657047389915e-05,1,1,0,1,1
UNKNOWN_SKU_327268,0.0,247.39,78.91000000000001,False,-0.6810299527062532,,9.296913600116145e-08,1,1,0,1,1
UNKNOWN_SKU_327754,52825.96,39756.17,39910.66,False,0.0038859377047639754,-0.06768992404334429,4.702141144894328e-05,1,1,0,1,1
UNKNOWN_SKU_327758,31059.300000000003,23404.920000000002,22941.440000000002,False,-0.01980267396769564,-0.07294125984899147,2.7028841153497468e-05,1,1,0,1,1
UNKNOWN_SKU_32978,20791.980000000003,9444.009999999998,16432.54,False,0.739996039817832,-0.057129143182542474,1.9360271779299523e-05,1,1,0,1,1
UNKNOWN_SKU_329981,134010.33,63428.83,58888.93,False,-0.07157470822022105,-0.18581359449352186,6.938097759641207e-05,1,1,0,1,1
UNKNOWN_SKU_329991,226503.99000000002,79379.34,81661.67,False,0.028752191691188145,-0.22511795102506393,9.621106202397624e-05,1,1,0,1,1
UNKNOWN_SKU_33063,16796.4,8924.670000000002,9987.36,False,0.11907331027365697,-0.12187038509416392,1.1766775188601695e-05,1,1,0,1,1
UNKNOWN_SKU_33064,48159.12000000001,37443.76,38074.99,False,0.016858082628453896,-0.05704641965251911,4.4858686143110655e-05,1,1,0,1,1
UNKNOWN_SKU_33065,18738.84,9100.15,8930.300000000001,False,-0.01866452750778813,-0.1691342890857146,1.0521382273871146e-05,1,1,0,1,1
UNKNOWN_SKU_330988,0.0,105.78,842.93,False,6.968708640574778,,9.931120746351413e-07,1,1,0,1,1
UNKNOWN_SKU_331003,0.0,32.56,42.11,False,0.2933046683046683,,4.9612600646418806e-08,1,1,0,1,1
UNKNOWN_SKU_331735,0.0,70.06,2.84,False,-0.9594633171567228,,3.3459934893333983e-09,1,1,0,1,1
UNKNOWN_SKU_331737,0.0,57.739999999999995,6.92,False,-0.8801524073432629,,8.152913713446168e-09,1,1,0,1,1
UNKNOWN_SKU_33374,6795.58,2048.39,261.47,False,-0.8723534092628845,-0.5571069815371398,3.08055252695776e-07,1,1,0,1,1
UNKNOWN_SKU_336755,36488.6,25648.890000000007,23637.86,False,-0.07840612205830366,-0.10285479790882779,2.784934002175154e-05,1,1,0,1,1
UNKNOWN_SKU_33730,5048.040000000001,3467.3700000000003,3707.1800000000003,False,0.06916192964696588,-0.07427877478119893,4.36767610696725e-06,1,1,0,1,1
UNKNOWN_SKU_33761,71860.88,36578.29,54019.52,False,0.4768191733402518,-0.06886093501192891,6.364400078060398e-05,1,1,0,1,1
UNKNOWN_SKU_33849,10757.059999999998,5822.249999999999,6876.119999999999,False,0.18100734252222073,-0.10584571102710649,8.101215757702522e-06,1,1,0,1,1
UNKNOWN_SKU_33850,5837.47,3613.1800000000003,3931.88,False,0.08820485002131084,-0.09407155057200067,4.632410169309931e-06,1,1,0,1,1
UNKNOWN_SKU_341690,0.0,0.0,0.0,False,,,0.0,1,1,0,1,1
UNKNOWN_SKU_34351,88480.0,31760.31,29754.059999999998,False,-0.06316846403577303,-0.23849057979032195,3.5055243324378627e-05,1,1,0,1,1
UNKNOWN_SKU_344131,2038.4699999999998,0.0,0.0,False,,-1.0,0.0,1,1,0,1,1
UNKNOWN_SKU_347566,27309.26,14318.779999999997,9951.359999999999,False,-0.305013415947448,-0.22304990104996203,1.1724361186624227e-05,1,1,0,1,1
UNKNOWN_SKU_348820,0.0,23507.36,31876.499999999996,False,0.35602211392517047,,3.75558315009634e-05,1,1,0,1,1
UNKNOWN_SKU_349387,70297.57,36584.76,46308.54,False,0.2657877214446671,-0.09909251741955172,5.45591807537096e-05,1,1,0,1,1
UNKNOWN_SKU_35676,4330.61,3058.2,3858.83,False,0.26179778954940813,-0.02842430270384899,4.546345090297324e-06,1,1,0,1,1
UNKNOWN_SKU_3595,109485.81999999999,77968.57,67169.1,False,-0.13851055624080322,-0.11498034988503414,7.913639833957183e-05,1,1,1,1,1
UNKNOWN_SKU_36071,55.63,0.0,0.0,False,,-1.0,0.0,1,1,0,1,0
UNKNOWN_SKU_36547,14.780000000000001,0.0,0.0,False,,-1.0,0.0,1,1,0,1,1
UNKNOWN_SKU_366062,8127.450000000001,4479.12,3888.59,False,-0.13184062940934826,-0.168313863645013,4.581407331932029e-06,1,1,1,1,1
UNKNOWN_SKU_366063,12472.8,5202.330000000001,5893.389999999999,False,0.1328366328164492,-0.17091261757489473,6.943395975388224e-06,1,1,1,1,1
UNKNOWN_SKU_36733,3478.9799999999996,3447.2400000000002,2869.4700000000003,False,-0.1676036481359,-0.0470119844558603,3.380714062618841e-06,1,1,1,1,1
UNKNOWN_SKU_36736,9234.84,3354.77,3177.34,False,-0.05288887166631384,-0.234123791372011,3.7434362511966835e-06,1,1,1,1,1
UNKNOWN_SKU_36737,82.3,356.38,192.24,False,-0.46057578988719905,0.23626331075255314,2.264907705596664e-07,1,1,1,1,1
UNKNOWN_SKU_36799,1447.49,0.0,0.0,False,,-1.0,0.0,1,1,0,1,0
UNKNOWN_SKU_372801,49394.87,75304.54999999999,97561.62,False,0.2955607596088152,0.1854938056704969,0.0001149438539890208,1,1,1,1,1
UNKNOWN_SKU_374962,250594.2,96878.03,64307.69000000001,False,-0.3361994458392681,-0.2882573784439071,7.576518030072906e-05,1,1,0,1,0
UNKNOWN_SKU_37509,48624.17,11.28,0.0,False,-1.0,-1.0,0.0,1,1,0,1,1
UNKNOWN_SKU_378920,1.23,0.41000000000000003,19.84,False,47.39024390243902,1.0040527056836193,2.337482775646994e-08,1,1,0,1,0
UNKNOWN_SKU_38120,43.080000000000005,0.0,0.0,False,,-1.0,0.0,1,1,0,1,1
UNKNOWN_SKU_38270,9011.910000000002,2826.92,705.5400000000001,False,-0.7504209528391323,-0.4710358992688558,8.312437487550304e-07,1,1,0,1,1
UNKNOWN_SKU_382754,274.62,0.0,0.0,False,,-1.0,0.0,1,1,0,1,1
UNKNOWN_SKU_382756,351.77,1187.26,1465.6000000000001,False,0.23443896029513356,0.42869381425012665,1.7267211471714893e-06,1,1,0,1,1
UNKNOWN_SKU_382759,503.74,658.33,2055.46,False,2.1222335302963558,0.42126692004128774,2.421674569572263e-06,1,1,0,1,1
UNKNOWN_SKU_382879,18007.499999999996,6418.120000000001,2791.3199999999997,False,-0.5650875957445484,-0.37253565724678517,3.288640333326092e-06,1,1,0,1,0
UNKNOWN_SKU_38402,45416.45999999999,28468.92,22859.539999999997,False,-0.19703522297298248,-0.15770630124028862,2.6932349298998728e-05,1,1,0,1,0
UNKNOWN_SKU_3903,72687.47,2477.88,0.0,False,-1.0,-1.0,0.0,1,1,1,1,1
UNKNOWN_SKU_390891,0.0,0.0,241.32,False,,,2.8431519325561117e-07,1,1,0,1,1
UNKNOWN_SKU_390895,0.0,21.56,513.71,False,22.826994434137294,,6.052360265512184e-07,1,1,0,1,1
UNKNOWN_SKU_391094,17406.86,15766.16,12749.55,False,-0.19133447840184292,-0.07488951109045716,1.5021095525327686e-05,1,1,1,1,1
UNKNOWN_SKU_392696,68116.47,31994.100000000002,27120.370000000003,False,-0.15233214873992384,-0.2056518851538076,3.1952317411377755e-05,1,1,0,1,0
UNKNOWN_SKU_39426,19.05,26.799999999999997,1.3900000000000001,False,-0.948134328358209,-0.48026740424603165,1.6376517430188115e-09,1,1,0,1,1
UNKNOWN_SKU_3946,34810.67999999999,19166.760000000002,16341.86,False,-0.14738536925385415,-0.1722537066535048,1.9253435620985173e-05,1,1,0,1,1
UNKNOWN_SKU_39955,6200.27,4365.490000000001,4816.239999999999,False,0.10325301398010267,-0.06119719270614532,5.674333691220804e-06,1,1,0,1,1
UNKNOWN_SKU_40096,97444.98,51386.420000000006,55665.42999999999,False,0.08327122224120664,-0.13062624709129889,6.558315716934649e-05,1,1,0,1,1
UNKNOWN_SKU_40097,69111.54000000001,43154.57,38381.86,False,-0.11059570284213238,-0.13673554004798183,4.5220230164966903e-05,1,1,0,1,1
UNKNOWN_SKU_402052,17794.57,11249.13,12565.210000000001,False,0.11699393641997213,-0.08331407457688378,1.4803912271868633e-05,1,1,0,1,1
UNKNOWN_SKU_402053,20135.1,11634.55,12842.23,False,0.1038011783867876,-0.10634135036224501,1.5130288017085229e-05,1,1,0,1,1
UNKNOWN_SKU_402054,27.06,0.0,0.0,False,,-1.0,0.0,1,1,0,1,1
UNKNOWN_SKU_404672,0.0,1813.8999999999999,5873.35,False,2.237967914438503,,6.9197855142874355e-06,1,1,0,1,1
UNKNOWN_SKU_40483,179.74,0.0,0.0,False,,-1.0,0.0,1,1,0,1,1
UNKNOWN_SKU_40554,40594.71,38407.030000000006,39865.72,False,0.037979765683521904,-0.004519992896942937,4.696846463647474e-05,1,1,0,1,0
UNKNOWN_SKU_406440,22.18,0.0,29.630000000000003,False,,0.0750843191430739,3.4909079960897396e-08,1,1,0,1,1
UNKNOWN_SKU_40701,211926.27,122815.54,90230.01000000001,False,-0.2653209032016631,-0.19222287069892452,0.00010630599507129841,1,1,0,1,1
UNKNOWN_SKU_407977,7.87,49.23,79.87,False,0.6223847247613246,0.784852114223654,9.410017605389385e-08,1,1,0,1,0
UNKNOWN_SKU_408131,23317.47,8613.380000000001,6960.900000000001,False,-0.19185035375195336,-0.2608271750945994,8.201100732359457e-06,1,1,0,1,1
UNKNOWN_SKU_411685,391.42,0.0,0.0,False,,-1.0,0.0,1,1,0,1,1
UNKNOWN_SKU_41217,8099.24,2715.89,1657.1799999999998,False,-0.3898206481116687,-0.3274395054826841,1.952434327694902e-06,1,1,0,1,1
UNKNOWN_SKU_412540,126.19000000000001,0.0,0.0,False,,-1.0,0.0,1,1,0,1,0
UNKNOWN_SKU_412543,5097.5,0.0,0.0,False,,-1.0,0.0,1,1,0,1,0
UNKNOWN_SKU_412544,1.01,0.0,0.0,False,,-1.0,0.0,1,1,0,1,0
UNKNOWN_SKU_412545,81.75999999999999,0.0,0.0,False,,-1.0,0.0,1,1,0,1,0
UNKNOWN_SKU_414261,0.0,0.0,1570.38,False,,,1.850169456260346e-06,1,1,0,1,1
UNKNOWN_SKU_414264,0.0,10.05,1.3,False,-0.8706467661691543,,1.5316167380751473e-09,1,1,0,1,1
UNKNOWN_SKU_41608,48698.99,27328.079999999998,24734.449999999997,False,-0.0949071431289722,-0.15579955666503809,2.9141305866986786e-05,1,1,0,1,1
UNKNOWN_SKU_421650,1928.3400000000001,945.6299999999999,19.189999999999998,False,-0.9797066505927265,-0.6841558472454438,2.2609019387432364e-08,1,1,0,1,1
UNKNOWN_SKU_421651,0.0,0.0,0.0,False,,,0.0,1,1,0,1,1
UNKNOWN_SKU_421652,1118.47,952.51,19.65,False,-0.9793702953249834,-0.6359302850714056,2.315097607936665e-08,1,1,0,1,1
UNKNOWN_SKU_421653,417.34999999999997,302.34,10.17,False,-0.966362373486803,-0.6049017248030242,1.1981955558634036e-08,1,1,0,1,1
UNKNOWN_SKU_421654,22.83,9.3,1.3199999999999998,False,-0.8580645161290323,-0.5096377773061167,1.5551800725070725e-09,1,1,0,1,1
UNKNOWN_SKU_421655,3.16,0.0,0.0,False,,-1.0,0.0,1,1,0,1,1
UNKNOWN_SKU_424280,1.7,0.0,0.0,False,,-1.0,0.0,1,1,0,1,1
UNKNOWN_SKU_4266,93594.1,57781.52,1041.94,False,-0.9819675910221815,-0.6751756638081211,1.2275790339000146e-06,1,1,0,1,1
UNKNOWN_SKU_4267,82683.83,33883.939999999995,1540.04,False,-0.9545495594668152,-0.6305736628666015,1.814423877927115e-06,1,1,0,1,1
UNKNOWN_SKU_427470,0.0,213.38,48.89,False,-0.7708782453838223,,5.76005710188415e-08,1,1,0,1,1
UNKNOWN_SKU_427474,0.0,0.0,0.0,False,,,0.0,1,1,0,1,1
UNKNOWN_SKU_428841,8280.84,13532.68,4234.129999999999,False,-0.687118146590328,-0.15438544683556976,4.9885110609124015e-06,1,1,0,1,1
UNKNOWN_SKU_428842,7381.64,7229.22,9731.460000000001,False,0.34612862798476196,0.07153481265114014,1.1465282324545211e-05,1,1,0,1,1
UNKNOWN_SKU_428846,36254.83,49035.299999999996,59890.10000000001,False,0.22136705597804074,0.1336977671894013,7.056052277307261e-05,1,1,1,1,1
UNKNOWN_SKU_429709,474970.23,574064.59,756903.97,False,0.3184996656909287,0.12355308955619626,0.0008917590688980992,1,1,0,1,1
UNKNOWN_SKU_434231,0.0,149.2,83.57000000000001,False,-0.4398793565683645,,9.845939292380005e-08,1,1,0,1,1
UNKNOWN_SKU_434983,46.57,109.78999999999999,211.85000000000002,False,0.9295928590946356,0.4604293678004987,2.495946199701692e-07,1,1,0,1,0
UNKNOWN_SKU_435431,190982.88999999998,132853.50999999998,112671.46,False,-0.15191205712216393,-0.12359496233977973,0.00013274576464566496,1,1,0,1,1
UNKNOWN_SKU_435435,429568.18999999994,194330.92000000004,200882.93000000002,False,0.03371573602389155,-0.17305289703865334,0.00023667358306275245,1,1,0,1,1
UNKNOWN_SKU_435648,1088.3400000000001,218.91,194.41,False,-0.11191813987483445,-0.34988752128850953,2.2904739234553027e-07,1,1,0,1,1
UNKNOWN_SKU_437039,513472.18,507928.18000000005,362746.79000000004,False,-0.28583054793297746,-0.08320620578526972,0.00042737619634386964,1,1,0,1,1
UNKNOWN_SKU_437040,0.0,69647.36,78673.56,False,0.1295985949790488,,9.269057026150721e-05,1,1,0,1,1
UNKNOWN_SKU_437161,23036.39,0.0,0.0,False,,-1.0,0.0,1,1,0,1,1
UNKNOWN_SKU_437164,82919.95000000001,58295.46,51108.740000000005,False,-0.12328095532653816,-0.11394835605829012,6.021461665071601e-05,1,1,0,1,1
UNKNOWN_SKU_437167,94504.11,69571.41999999998,75366.45000000001,False,0.08329612935886654,-0.054999930043140854,8.8794243314849e-05,1,1,0,1,1
UNKNOWN_SKU_437169,51935.520000000004,34953.36,29056.4,False,-0.16870938873973773,-0.13514294935353155,3.4233283529389774e-05,1,1,0,1,1
UNKNOWN_SKU_437351,183773.7,17345.91,48022.729999999996,False,1.7685333314885177,-0.2850249751798216,5.65787823662027e-05,1,1,0,1,1
UNKNOWN_SKU_43832,27313.76,14556.5,19662.570000000003,False,0.3507759420190295,-0.07888321098232587,2.3165785635057118e-05,1,1,0,1,1
UNKNOWN_SKU_438586,1544.5599999999997,3809.66,263.38,False,-0.930865221568329,-0.35739440512154785,3.1030555113402484e-07,1,1,0,1,0
UNKNOWN_SKU_43898,126.86,0.0,0.0,False,,-1.0,0.0,1,1,0,1,1
UNKNOWN_SKU_439124,77.88,9.93,0.0,False,-1.0,-1.0,0.0,1,1,0,1,1
UNKNOWN_SKU_439213,576.3299999999999,120.30999999999999,99.37,False,-0.17405036987781553,-0.3556141195108603,1.1707442712502106e-07,1,1,0,1,1
UNKNOWN_SKU_44049,411.91999999999996,0.0,0.0,False,,-1.0,0.0,1,1,0,1,1
UNKNOWN_SKU_443798,556.9100000000001,99.69000000000001,329.32,False,2.3034406660648004,-0.1230834377811264,3.879938647560827e-07,1,1,0,1,1
UNKNOWN_SKU_443910,652.06,145.96000000000004,23.25,False,-0.8407097835023294,-0.5654559082976698,2.739237627711321e-08,1,1,0,1,1
UNKNOWN_SKU_445158,493.9799999999999,164.76,225.23,False,0.36701869385773245,-0.17826985785703597,2.653584907051272e-07,1,1,0,1,1
UNKNOWN_SKU_446070,59870.759999999995,33082.310000000005,46492.46,False,0.4053571228853121,-0.061267316610526534,5.4775869177145584e-05,1,1,0,1,1
UNKNOWN_SKU_44708,242.84,0.0,0.0,False,,-1.0,0.0,1,1,1,1,1
UNKNOWN_SKU_44795,29783.15,11573.439999999999,19376.559999999998,False,0.6742265048248404,-0.10189624503655892,2.2828818171013363e-05,1,1,0,1,1
UNKNOWN_SKU_447995,13.43,0.0,0.0,False,,-1.0,0.0,1,1,0,1,1
UNKNOWN_SKU_447996,1078.5200000000002,0.0,0.0,False,,-1.0,0.0,1,1,0,1,1
UNKNOWN_SKU_448030,4122.030000000001,2540.87,3034.8,False,0.19439404613380473,-0.0736934568465143,3.5755003667003516e-06,1,1,0,1,1
UNKNOWN_SKU_448034,739.5999999999999,2478.42,5270.910000000001,False,1.1267218631224734,0.6338875915647164,6.210010754528981e-06,1,1,0,1,1
UNKNOWN_SKU_448035,2160.02,3403.11,7119.609999999999,False,1.0920892947921161,0.3474095091583511,8.388087572743999e-06,1,1,0,1,1
UNKNOWN_SKU_44819,3267.6,0.0,0.0,False,,-1.0,0.0,1,1,0,1,1
UNKNOWN_SKU_44915,61.980000000000004,0.0,0.0,False,,-1.0,0.0,1,1,0,1,1
UNKNOWN_SKU_44974,5.63,0.0,0.0,False,,-1.0,0.0,1,1,0,1,1
UNKNOWN_SKU_44979,6711.139999999999,5067.35,5493.58,False,0.08411299791804394,-0.04881544738421961,6.472353138426821e-06,1,1,0,1,1
UNKNOWN_SKU_44980,5808.67,2508.68,3048.1900000000005,False,0.21505732098155228,-0.14887894845341543,3.591276019102526e-06,1,1,0,1,1
UNKNOWN_SKU_449836,0.0,151308.51,222678.81,False,0.4716872831541332,,0.00026235276354665807,1,1,0,1,1
UNKNOWN_SKU_451343,499.63,133.67,149.28,False,0.11678013017131761,-0.2606700839365945,1.7587672819989075e-07,1,1,0,1,1
UNKNOWN_SKU_451350,183.64,0.0,0.0,False,,-1.0,0.0,1,1,0,1,1
UNKNOWN_SKU_452155,3622.82,9.0,0.0,False,-1.0,-1.0,0.0,1,1,0,1,0
UNKNOWN_SKU_452160,8393.429999999998,0.0,14.629999999999999,False,,-0.7956727860545624,1.7236579136953388e-08,1,1,0,1,0
UNKNOWN_SKU_460954,0.0,1092.96,1370.64,False,0.25406236275801497,,1.6148424352887077e-06,1,1,0,1,1
UNKNOWN_SKU_460985,0.0,152.51,284.92,False,0.868205363582716,,3.3568326231720847e-07,1,1,0,1,1
UNKNOWN_SKU_462672,3240.6000000000004,2354.2599999999998,2.9400000000000004,False,-0.9987511999524267,-0.8264476591756101,3.4638101614930256e-09,1,1,0,1,0
UNKNOWN_SKU_463413,169.58999999999997,55.31,79.42,False,0.43590670764780337,-0.17275831484041038,9.357000102917553e-08,1,1,0,1,1
UNKNOWN_SKU_463519,265.01,72.84,67.51,False,-0.07317408017572757,-0.28956154444825444,7.9538035374964e-08,1,1,0,1,1
UNKNOWN_SKU_46423,3698.1200000000003,59329.79,65466.03999999999,False,0.10342612033516363,1.0512035903809354,7.712990972269008e-05,1,1,0,1,1
UNKNOWN_SKU_46424,3217.3,60991.67999999999,75274.59,False,0.23417800591818438,1.1993239821235129,8.868601691980315e-05,1,1,0,1,1
UNKNOWN_SKU_465730,103786.85,89315.37999999999,43543.52,False,-0.5124745592528408,-0.19518641093523748,5.1301526205161484e-05,1,1,0,1,1
UNKNOWN_SKU_4658,148164.40999999997,124084.39000000001,40200.64,False,-0.6760217784041973,-0.27827413814998503,4.736305623487176e-05,1,1,0,1,1
UNKNOWN_SKU_46948,51881.99999999999,28313.02,29475.11,False,0.04104436757364627,-0.13182019113383803,3.472659371738935e-05,1,1,0,1,1
UNKNOWN_SKU_470410,248.67,49.45,72.64,False,0.468958543983822,-0.26482943502041945,8.558203065675284e-08,1,1,0,1,1
UNKNOWN_SKU_47233,133836.64,118126.96000000002,138916.43999999997,False,0.175992677708797,0.009356664822044891,0.0001636667266906245,1,1,0,1,1
UNKNOWN_SKU_4741,1387.24,0.0,0.0,False,,-1.0,0.0,1,1,0,1,1
UNKNOWN_SKU_4784,29.35,0.0,0.0,False,,-1.0,0.0,1,1,0,1,1
UNKNOWN_SKU_480610,59.300000000000004,0.0,0.0,False,,-1.0,0.0,1,1,0,1,0
UNKNOWN_SKU_48194,0.34,0.0,0.0,False,,-1.0,0.0,1,1,0,1,1
UNKNOWN_SKU_484741,0.0,0.43999999999999995,0.07,False,-0.8409090909090908,,8.24716705117387e-11,1,1,0,1,1
UNKNOWN_SKU_484745,0.0,0.23,0.09,False,-0.6086956521739131,,1.0603500494366403e-10,1,1,0,1,1
UNKNOWN_SKU_484755,0.0,0.0,47483.01,False,,,5.594290222322277e-05,1,1,0,1,1
UNKNOWN_SKU_485538,0.0,8464.66,23039.78,False,1.7218789650145427,,2.7144702068899242e-05,1,1,0,1,1
UNKNOWN_SKU_48678,17613.149999999998,0.0,0.0,False,,-1.0,0.0,1,1,0,1,1
UNKNOWN_SKU_48811,4240.82,4443.86,4336.78,False,-0.02409616864617692,0.005609547541272297,5.109449874884259e-06,1,1,0,1,1
UNKNOWN_SKU_48812,28484.700000000004,21533.95,13027.01,False,-0.39504781983797677,-0.1776470131139113,1.5347989663901787e-05,1,1,0,1,0
UNKNOWN_SKU_48813,1474.81,1049.23,1286.7500000000002,False,0.22637553253338183,-0.03352744508116978,1.516006029013997e-06,1,1,0,1,0
UNKNOWN_SKU_49139,86194.79000000001,34752.670000000006,35451.64,False,0.020112699254474453,-0.199172775707386,4.176794247401109e-05,1,1,0,1,1
UNKNOWN_SKU_49143,52744.380000000005,51296.64000000001,7223.43,False,-0.8591831745704982,-0.3916663793073053,8.510404841780123e-06,1,1,0,1,1
UNKNOWN_SKU_49597,457.11999999999995,0.0,0.0,False,,-1.0,0.0,1,1,0,1,1
UNKNOWN_SKU_49819,44952.350000000006,44744.56,21110.43,False,-0.5282011936199618,-0.17217951377565222,2.4871606104587485e-05,1,1,0,1,1
UNKNOWN_SKU_49820,0.0,0.0,15641.000000000002,False,,,1.8427705692487216e-05,1,1,0,1,1
UNKNOWN_SKU_49875,38050.16,13915.449999999999,11455.800000000001,False,-0.17675677035237802,-0.2592575495398036,1.3496842329262517e-05,1,1,0,1,1
UNKNOWN_SKU_49876,21816.3,11817.149999999998,12160.94,False,0.02909246307273783,-0.1359348044051667,1.4327614811328909e-05,1,1,0,1,1
UNKNOWN_SKU_499942,0.0,58.93999999999999,58.900000000000006,False,-0.000678656260603705,,6.939401990202014e-08,1,1,0,1,1
UNKNOWN_SKU_499955,0.0,905.4100000000001,926.01,False,0.022752123347433706,,1.0909941658653593e-06,1,1,0,1,1
UNKNOWN_SKU_499958,0.0,10.770000000000001,28.93,False,1.686165273909006,,3.4084363255780004e-08,1,1,0,1,1
UNKNOWN_SKU_500331,0.0,868.2900000000001,668.3299999999999,False,-0.23029172281150323,,7.874041650444331e-07,1,1,0,1,1
UNKNOWN_SKU_501109,0.0,2089.07,401.54999999999995,False,-0.807785282446256,,4.73092847056981e-07,1,1,0,1,1
UNKNOWN_SKU_501110,0.0,77.69,5735.92,False,72.83086626335437,,6.757870061738461e-06,1,1,0,1,1
UNKNOWN_SKU_501788,0.0,3505.4,6316.22,False,0.8018542819649683,,7.441560210280775e-06,1,1,0,1,1
UNKNOWN_SKU_50212,73326.33,78277.59999999999,89016.78,False,0.13719352662830753,0.04967047810765224,0.00010487660785965615,1,1,0,1,1
UNKNOWN_SKU_502261,2576.77,0.0,0.0,False,,-1.0,0.0,1,1,0,1,0
UNKNOWN_SKU_502262,4811.41,0.0,0.0,False,,-1.0,0.0,1,1,0,1,0
UNKNOWN_SKU_502264,15285.7,0.0,0.0,False,,-1.0,0.0,1,1,0,1,0
UNKNOWN_SKU_502265,44191.369999999995,0.0,0.0,False,,-1.0,0.0,1,1,0,1,0
UNKNOWN_SKU_50250,51450.38999999999,33893.95999999999,35895.56,False,0.059054769640372706,-0.0860698272407805,4.22909542450621e-05,1,1,0,1,1
UNKNOWN_SKU_50274,384.65,0.0,0.0,False,,-1.0,0.0,1,1,0,1,1
UNKNOWN_SKU_50493,3.23,0.0,0.0,False,,-1.0,0.0,1,1,0,1,0
UNKNOWN_SKU_50841,17962.45,18817.389999999996,12171.569999999998,False,-0.35317437753057146,-0.09271181119249094,1.4340138723579475e-05,1,1,0,1,0
UNKNOWN_SKU_51054,73789.39,73703.36,90783.92000000001,False,0.23174737216865027,0.05318278782999997,0.0001069585934000578,1,1,0,1,1
UNKNOWN_SKU_51208,756.1799999999998,0.0,0.0,False,,-1.0,0.0,1,1,0,1,1
UNKNOWN_SKU_51209,328.77000000000004,2.86,11.15,False,2.8986013986013988,-0.5708632859527897,1.3136558945798379e-08,1,1,0,1,1
UNKNOWN_SKU_51222,34431.130000000005,10130.85,14754.18,False,0.45636150964627853,-0.19092096024971672,1.7382883880441214e-05,1,1,0,1,1
UNKNOWN_SKU_5146,2434.9500000000003,0.0,0.0,False,,-1.0,0.0,1,1,0,1,1
UNKNOWN_SKU_5147,19463.47,10.879999999999999,0.0,False,-1.0,-1.0,0.0,1,1,0,1,1
UNKNOWN_SKU_51972,10509.789999999999,8102.44,9481.44,False,0.1701956447687365,-0.02541423050878311,1.1170717080811711e-05,1,1,0,1,1
UNKNOWN_SKU_519748,0.0,0.0,0.0,False,,,0.0,1,1,0,1,0
UNKNOWN_SKU_519749,0.0,0.0,0.0,False,,,0.0,1,1,0,1,1
UNKNOWN_SKU_522241,0.0,12.379999999999999,81.0,False,5.54281098546042,,9.543150444929763e-08,1,1,0,1,1
UNKNOWN_SKU_5247,19205.21,953.4000000000001,0.0,False,-1.0,-1.0,0.0,1,1,0,1,1
UNKNOWN_SKU_5248,16030.52,2781.9900000000007,0.97,False,-0.9996513287251212,-0.9118025495574882,1.142821719948379e-09,1,1,0,1,1
UNKNOWN_SKU_5260,68496.05,17831.73,9804.76,False,-0.4501509388040308,-0.3849040606091453,1.1551641945238217e-05,1,1,0,1,1
UNKNOWN_SKU_528335,2091.73,2925.8900000000003,2810.8599999999997,False,-0.03931453335566293,0.07667194700351065,3.311661711066083e-06,1,1,0,1,0
UNKNOWN_SKU_5301,10015.73,0.0,0.0,False,,-1.0,0.0,1,1,0,1,1
UNKNOWN_SKU_530622,0.0,47.65,32.47,False,-0.3185729275970619,,3.825507345023079e-08,1,1,0,1,1
UNKNOWN_SKU_5320,481502.2200000001,205496.53000000003,26141.599999999995,False,-0.8727881195852797,-0.517293143361741,3.079916316928097e-05,1,1,0,1,1
UNKNOWN_SKU_5352,645810.92,282676.03,225124.93999999997,False,-0.2035938102003203,-0.23161379997751375,0.0002652347125093563,1,1,0,1,1
UNKNOWN_SKU_542844,3511.83,41892.0,30119.629999999997,False,-0.28101713931060834,0.7113113746725452,3.548594573279257e-05,1,1,1,1,1
UNKNOWN_SKU_5436,19438.859999999997,8477.16,8657.59,False,0.021284250857598552,-0.18307618700752692,1.0200084427224627e-05,1,1,0,1,1
UNKNOWN_SKU_5438,3.9200000000000004,2.86,0.0,False,-1.0,-1.0,0.0,1,1,0,1,1
UNKNOWN_SKU_5471,8971.789999999999,6645.779999999999,6226.92,False,-0.0630264619051486,-0.08725692498885596,7.336349922042228e-06,1,1,0,1,1
UNKNOWN_SKU_54798,2.81,0.0,0.0,False,,-1.0,0.0,1,1,0,1,1
UNKNOWN_SKU_54965,847.73,0.0,0.0,False,,-1.0,0.0,1,1,0,1,1
UNKNOWN_SKU_54966,5507.98,0.0,0.0,False,,-1.0,0.0,1,1,0,1,1
UNKNOWN_SKU_550085,1172.82,0.0,0.0,False,,-1.0,0.0,1,1,0,1,0
UNKNOWN_SKU_55166,6924.450000000001,1922.5299999999997,4182.91,False,1.1757319781745932,-0.11839649290726695,4.9281653614322415e-06,1,1,0,1,1
UNKNOWN_SKU_55278,1337.56,0.0,0.0,False,,-1.0,0.0,1,1,0,1,1
UNKNOWN_SKU_55279,566.1800000000001,0.0,0.0,False,,-1.0,0.0,1,1,0,1,1
UNKNOWN_SKU_552960,0.0,1093.08,21692.83,False,18.845601419841184,,2.555777040324515e-05,1,1,0,1,0
UNKNOWN_SKU_553375,0.0,0.78,70.21,False,89.0128205128205,,8.27190855232739e-08,1,1,0,1,1
UNKNOWN_SKU_554423,0.0,8923.969999999998,5111.73,False,-0.4271910371729173,,6.022470175785286e-06,1,1,0,1,1
UNKNOWN_SKU_554599,1.05,0.61,0.0,False,-1.0,-1.0,0.0,1,1,0,1,0
UNKNOWN_SKU_554601,0.0,0.0,0.0,False,,,0.0,1,1,0,1,0
UNKNOWN_SKU_554602,1.7599999999999998,0.69,10.4,False,14.072463768115943,0.5591222447332309,1.2252933904601178e-08,1,1,0,1,0
UNKNOWN_SKU_55954,45702.86,31676.660000000003,41941.22,False,0.32404173924902424,-0.021244038676108468,4.941374966714779e-05,1,1,0,1,1
UNKNOWN_SKU_55955,27575.56,21234.96,26571.43,False,0.2513058654219269,-0.0092304590260609,3.13055745712247e-05,1,1,0,1,1
UNKNOWN_SKU_55966,190146.56999999998,106569.24000000002,99297.59000000001,False,-0.06823404201812833,-0.14991460831552728,0.0001169891160727103,1,1,0,1,0
UNKNOWN_SKU_56114,58699.92,49390.280000000006,37055.100000000006,False,-0.24974914092408462,-0.10864106941782636,4.3657085685421844e-05,1,1,0,1,0
UNKNOWN_SKU_56173,9128.77,31.609999999999996,40.03,False,0.26637140145523586,-0.7426682750146608,4.716201386549857e-08,1,1,0,1,1
UNKNOWN_SKU_56174,13669.19,27.21,5.17,False,-0.8099963248805586,-0.8605440846135644,6.091121950652701e-09,1,1,0,1,1
UNKNOWN_SKU_562647,0.0,0.0,11375.710000000001,False,,,1.3402482956529872e-05,1,1,0,1,0
UNKNOWN_SKU_56316,614662.06,0.0,0.0,False,,-1.0,0.0,1,1,1,1,1
UNKNOWN_SKU_5683,90023.41,80155.61000000002,73766.92000000001,False,-0.07970359155148343,-0.048570642922096785,8.690973029865413e-05,1,1,0,1,1
UNKNOWN_SKU_57085,1488.58,0.0,0.0,False,,-1.0,0.0,1,1,0,1,1
UNKNOWN_SKU_57086,1656.09,0.0,0.0,False,,-1.0,0.0,1,1,0,1,1
UNKNOWN_SKU_579167,0.0,32960.35999999999,30014.96,False,-0.08936188803763045,,3.536262702204309e-05,1,1,0,1,1
UNKNOWN_SKU_5835,262433.04,84011.18,26700.78,False,-0.6821758723065192,-0.43522383604827763,3.145797043666318e-05,1,1,0,1,1
UNKNOWN_SKU_586535,0.0,9016.41,1801.9700000000003,False,-0.8001455124600589,,2.123021087314826e-06,1,1,0,1,1
UNKNOWN_SKU_586545,99.61,72644.82999999999,71652.1,False,-0.013665528572370245,4.178828100247599,8.441811975248789e-05,1,1,0,1,1
UNKNOWN_SKU_586966,0.0,79.11,81.56,False,0.030969536088990113,,9.609127781339155e-08,1,1,1,1,1
UNKNOWN_SKU_587159,0.0,68790.47,60395.93999999999,False,-0.12203042078357673,,7.115648662752484e-05,1,1,0,1,0
UNKNOWN_SKU_589,25528.480000000003,12849.870000000003,13375.49,False,0.04090469397744867,-0.14921233256142385,1.5758557203043654e-05,1,1,0,1,1
UNKNOWN_SKU_590,6287.56,4003.0999999999995,4351.85,False,0.08711998201393945,-0.08788847392284671,5.127204847378715e-06,1,1,0,1,0
UNKNOWN_SKU_591,28421.229999999996,22058.81,22670.6,False,0.027734497010491355,-0.05494945633790249,2.6709746478620333e-05,1,1,0,1,1
UNKNOWN_SKU_59487,41714.619999999995,25592.690000000002,25524.050000000003,False,-0.002682015841242169,-0.11556621570351566,3.0071586310359205e-05,1,1,0,1,1
UNKNOWN_SKU_6017,41646.28,0.0,0.0,False,,-1.0,0.0,1,1,0,1,1
UNKNOWN_SKU_602896,0.0,0.0,2555.75,False,,,3.01109959871966e-06,1,1,0,1,1
UNKNOWN_SKU_602897,0.0,14645.919999999998,29192.2,False,0.9931967401160189,,3.439327857018255e-05,1,1,0,1,1
UNKNOWN_SKU_603731,405.57,21031.000000000004,35053.65,False,0.6667609718986256,2.0490662150281325,4.129904390048299e-05,1,1,0,1,1
UNKNOWN_SKU_607542,0.0,0.0,2.63,False,,,3.0985784777981822e-09,1,1,1,1,1
UNKNOWN_SKU_6094,970.2,0.0,0.0,False,,-1.0,0.0,1,1,0,1,1
UNKNOWN_SKU_6108,16335.16,1635.9099999999999,6.63,False,-0.9959472098098306,-0.8580623750325945,7.811245364183252e-09,1,1,0,1,1
UNKNOWN_SKU_61500,39012.840000000004,26844.05,15445.98,False,-0.4246032174727733,-0.20676480454963453,1.819793961844151e-05,1,1,0,1,1
UNKNOWN_SKU_61586,103.49000000000001,15.370000000000001,0.0,False,-1.0,-1.0,0.0,1,1,1,1,1
UNKNOWN_SKU_61623,63265.87,0.0,0.0,False,,-1.0,0.0,1,1,0,1,1
UNKNOWN_SKU_61624,41355.270000000004,0.0,0.0,False,,-1.0,0.0,1,1,0,1,1
UNKNOWN_SKU_61925,20.2,0.0,0.0,False,,-1.0,0.0,1,1,0,1,1
UNKNOWN_SKU_61926,58.29,0.0,0.0,False,,-1.0,0.0,1,1,0,1,1
UNKNOWN_SKU_6215,35127.399999999994,47443.09,67789.16999999998,False,0.42885233655733623,0.17863294859645729,7.9866944178632e-05,1,1,0,1,0
UNKNOWN_SKU_62432,71500.88,25466.81,7641.24,False,-0.699952997646741,-0.42824086326565836,9.002654679730259e-06,1,1,0,1,1
UNKNOWN_SKU_6269,35410.85,23753.949999999997,19997.120000000003,False,-0.1581560119474864,-0.13312241140271996,2.355994131176715e-05,1,1,0,1,1
UNKNOWN_SKU_6288,103.55,0.0,0.0,False,,-1.0,0.0,1,1,0,1,1
UNKNOWN_SKU_630188,0.0,7.8999999999999995,0.0,False,-1.0,,0.0,1,1,0,1,0
UNKNOWN_SKU_63391,3751.15,2553.63,1805.81,False,-0.29284587038842746,-0.16703470784365093,2.127545247525755e-06,1,1,0,1,1
UNKNOWN_SKU_63517,16096.62,0.0,0.0,False,,-1.0,0.0,1,1,0,1,1
UNKNOWN_SKU_64210,2931.73,0.0,0.0,False,,-1.0,0.0,1,1,0,1,1
UNKNOWN_SKU_64211,1685.18,0.0,0.0,False,,-1.0,0.0,1,1,0,1,1
UNKNOWN_SKU_64404,2.9,0.0,0.0,False,,-1.0,0.0,1,1,0,1,1
UNKNOWN_SKU_64420,13121.029999999999,6802.38,8745.18,False,0.285605920280843,-0.09645412797870889,1.0303280050369243e-05,1,1,0,1,1
UNKNOWN_SKU_64586,732.1,0.0,0.0,False,,-1.0,0.0,1,1,0,1,1
UNKNOWN_SKU_647290,0.0,1.38,13.479999999999999,False,8.768115942028984,,1.588168740711768e-08,1,1,0,1,1
UNKNOWN_SKU_647296,0.0,0.98,33.47,False,33.1530612244898,,3.9433240171827056e-08,1,1,0,1,1
UNKNOWN_SKU_647301,0.0,0.7699999999999999,12.59,False,15.350649350649352,,1.4833119024897003e-08,1,1,0,1,1
UNKNOWN_SKU_647302,0.0,0.49,18.2,False,36.14285714285714,,2.144263433305206e-08,1,1,0,1,1
UNKNOWN_SKU_647417,0.0,1.16,28.82,False,23.844827586206897,,3.3954764916404416e-08,1,1,0,1,1
UNKNOWN_SKU_647418,0.0,0.9099999999999999,26.16,False,27.74725274725275,,3.0820841436958345e-08,1,1,0,1,1
UNKNOWN_SKU_647419,0.0,1.6999999999999997,13.64,False,7.023529411764708,,1.6070194082573083e-08,1,1,0,1,1
UNKNOWN_SKU_647421,0.0,0.59,27.89,False,46.27118644067797,,3.285906986531989e-08,1,1,0,1,1
UNKNOWN_SKU_65897,5758.870000000001,4602.07,4937.98,False,0.07299106706329983,-0.03771655808993146,5.817763707907935e-06,1,1,0,1,1
UNKNOWN_SKU_66229,23660.82,53706.99,74180.27,False,0.3812032660925515,0.3306525008392396,8.739672551302593e-05,1,1,0,1,1
UNKNOWN_SKU_66230,48600.81,52779.3,66083.15,False,0.25206567726362406,0.07984595859570454,7.785696818825435e-05,1,1,0,1,1
UNKNOWN_SKU_66274,41655.23999999999,27722.580000000005,29690.059999999998,False,0.07097030651548275,-0.08116959380897437,3.497984065419646e-05,1,1,0,1,1
UNKNOWN_SKU_66276,38.22,0.0,0.0,False,,-1.0,0.0,1,1,0,1,1
UNKNOWN_SKU_66277,17148.65,6602.04,10719.16,False,0.6236133074019545,-0.1108342938665614,1.2628957595465842e-05,1,1,0,1,1
UNKNOWN_SKU_662790,0.0,0.0,0.19,False,,,2.2385167710329075e-10,1,1,1,1,1
UNKNOWN_SKU_66436,82754.69,46764.71,37353.18,False,-0.201252825046921,-0.18034000111733972,4.4008273621795255e-05,1,1,0,1,1
UNKNOWN_SKU_66439,27960.249999999996,18145.42,18090.3,False,-0.003037681133861825,-0.10313685111947035,2.131338944369295e-05,1,1,0,1,1
UNKNOWN_SKU_66440,17362.95,10161.949999999999,9816.27,False,-0.03401709317601431,-0.1328769214215032,1.1565202644203789e-05,1,1,0,1,1
UNKNOWN_SKU_66470,10039.529999999999,4060.63,8718.36,False,1.1470461480115155,-0.03465988445263224,1.0271681618896032e-05,1,1,0,1,1
UNKNOWN_SKU_66473,17830.87,10250.65,9397.21,False,-0.0832571593020931,-0.14796663918710007,1.1071480097851656e-05,1,1,0,1,1
UNKNOWN_SKU_66474,7125.07,45.48,8.75,False,-0.8076077396657871,-0.8128004806131947,1.0308958813967337e-08,1,1,0,1,1
UNKNOWN_SKU_66475,20335.04,9834.04,8303.16,False,-0.15567152462263734,-0.20062678152020563,9.782506796089262e-06,1,1,0,1,1
UNKNOWN_SKU_66534,11668.220000000001,8845.810000000001,6586.34,False,-0.2554282762121276,-0.13321799940398182,7.759806605118358e-06,1,1,0,1,1
UNKNOWN_SKU_66537,8353.150000000001,5195.320000000001,4118.09,False,-0.20734622698890548,-0.1620629598421255,4.851796594538372e-06,1,1,0,1,1
UNKNOWN_SKU_66538,3112.6600000000003,17.92,2.36,False,-0.8683035714285714,-0.8340622948950331,2.78047346296719e-09,1,1,0,1,1
UNKNOWN_SKU_66541,16147.039999999999,7614.210000000001,6773.669999999999,False,-0.11039096636420609,-0.19520961630837463,7.980512577074986e-06,1,1,0,1,1
UNKNOWN_SKU_667737,0.0,380.5799999999999,4.85,False,-0.9872562930264334,,5.7141085997418955e-09,1,1,0,1,1
UNKNOWN_SKU_66925,207357.47999999998,77624.59,48506.97,False,-0.37510819702880227,-0.3045416750030331,5.714929781946848e-05,1,1,0,1,1
UNKNOWN_SKU_66926,78654.62,39773.740000000005,30200.98,False,-0.2406804087319926,-0.21281973128990972,3.558178959559443e-05,1,1,0,1,1
UNKNOWN_SKU_67585,9935.63,4848.620000000001,5355.48,False,0.10453696103221088,-0.14315799671546126,6.309648314174376e-06,1,1,0,1,1
UNKNOWN_SKU_67683,43416.95,20882.300000000003,9015.949999999999,False,-0.5682491871106153,-0.324946729326678,1.0622292253575863e-05,1,1,0,1,1
UNKNOWN_SKU_676866,0.0,2692.8,1670.6299999999999,False,-0.37959373143196684,,1.9682806701003715e-06,1,1,0,1,1
UNKNOWN_SKU_678068,0.0,737.8000000000001,7500.41,False,9.165912171320139,,8.836733460327858e-06,1,1,0,1,1
UNKNOWN_SKU_67839,44895.9,37405.65000000001,27730.319999999996,False,-0.2586595875222062,-0.11348303738415744,3.2670940203215397e-05,1,1,0,1,1
UNKNOWN_SKU_68079,13213.03,347.40999999999997,7294.959999999999,False,19.9981290118304,-0.1380042522128564,8.594679107375904e-06,1,1,1,1,1
UNKNOWN_SKU_68080,27646.14,580.09,13314.33,False,21.952179834163662,-0.1669497415074349,1.5686500526350827e-05,1,1,1,1,1
UNKNOWN_SKU_68081,329.32,0.0,377.51,False,,0.03473130466479524,4.447697190698068e-07,1,1,1,1,1
UNKNOWN_SKU_68082,283.48,0.0,233.47000000000003,False,,-0.04736361529190214,2.750665844910805e-07,1,1,1,1,1
UNKNOWN_SKU_684229,0.0,2052.61,2437.12,False,0.18732735395423372,,2.871333680536694e-06,1,1,0,1,1
UNKNOWN_SKU_6865,53567.35,23185.55,26401.25,False,0.1386941435506166,-0.16212143189149275,3.110507415854345e-05,1,1,0,1,1
UNKNOWN_SKU_686645,0.0,2039.0299999999997,158.52,False,-0.9222571516848698,,1.8676298870744028e-07,1,1,0,1,1
UNKNOWN_SKU_68713,10678.71,1101.2900000000002,536.1,False,-0.5132072387836084,-0.5266506842552857,6.316151794477588e-07,1,1,0,1,1
UNKNOWN_SKU_68715,28565.35,13465.26,15934.999999999998,False,0.18341569342144148,-0.13577240458434747,1.8774086708636514e-05,1,1,0,1,1
UNKNOWN_SKU_68753,8.92,0.0,0.0,False,,-1.0,0.0,1,1,0,1,1
UNKNOWN_SKU_68871,14902.699999999999,14165.66,30152.34,False,1.1285517229694912,0.19265275483954447,3.552448356625599e-05,1,1,0,1,1
UNKNOWN_SKU_69084,9507.03,6522.11,4717.17,False,-0.2767417292869945,-0.16071557093933553,5.557612714112263e-06,1,1,0,1,0
UNKNOWN_SKU_691225,0.0,7.079999999999999,5.43,False,-0.23305084745762705,,6.39744529826773e-09,1,1,0,1,1
UNKNOWN_SKU_691227,0.0,32.199999999999996,12.39,False,-0.6152173913043477,,1.459748568057775e-08,1,1,0,1,1
UNKNOWN_SKU_69311,10892.69,14220.83,11096.080000000002,False,-0.21973049393038224,0.004635704471200652,1.307303219616991e-05,1,1,0,1,1
UNKNOWN_SKU_69312,55159.24,45255.44,50744.96,False,0.12130077621607471,-0.02063707282744165,5.978602316073371e-05,1,1,0,1,1
UNKNOWN_SKU_69628,59787.21000000001,32240.33,20843.319999999996,False,-0.3535016546046521,-0.2315959376339516,2.45569059915819e-05,1,1,0,1,0
UNKNOWN_SKU_6979,18198.059999999998,13839.929999999998,12233.169999999998,False,-0.1160959629131072,-0.0945207976372483,1.4412713793629804e-05,1,1,0,1,1
UNKNOWN_SKU_70314,4270.53,3370.330000000001,3478.62,False,0.03213038485845576,-0.04998316118458146,4.0983943210792065e-06,1,1,0,1,1
UNKNOWN_SKU_706582,0.0,190.51,38758.229999999996,False,202.44459608419504,,4.5663656773974086e-05,1,1,0,1,1
UNKNOWN_SKU_707813,0.0,2711.62,4842.09,False,0.785681622056188,,5.704789300974069e-06,1,1,0,1,1
UNKNOWN_SKU_70951,5440.16,3119.74,3200.9600000000005,False,0.02603422080045159,-0.12417539162863012,3.771264549160788e-06,1,1,0,1,1
UNKNOWN_SKU_71586,1686.04,1478.1,305.34000000000003,False,-0.7934239902577633,-0.3476525683233901,3.5974142677220426e-07,1,1,0,1,1
UNKNOWN_SKU_716892,0.0,44093.159999999996,139758.85,False,2.169626536179308,,0.00016465922611856446,1,1,0,1,1
UNKNOWN_SKU_718932,0.0,17769.17,27653.16,False,0.5562437637773741,,3.258003285897703e-05,1,1,0,1,1
UNKNOWN_SKU_718960,0.0,24119.94,13275.509999999998,False,-0.44960435224963247,,1.564076409421846e-05,1,1,0,1,1
UNKNOWN_SKU_7201,519566.3400000001,276446.66000000003,159691.81999999998,False,-0.42234129361519523,-0.2554216301397014,0.0001881435880351412,1,1,0,1,0
UNKNOWN_SKU_72132,10948.2,928.89,0.0,False,-1.0,-1.0,0.0,1,1,0,1,0
UNKNOWN_SKU_723526,0.0,2827.16,3851.5499999999997,False,0.36233888425133354,,4.5377680365641024e-06,1,1,0,1,1
UNKNOWN_SKU_726217,0.0,0.0,60.2,False,,,7.092563664009528e-08,1,1,0,1,1
UNKNOWN_SKU_72874,78.36,0.72,0.62,False,-0.13888888888888884,-0.701754214392065,7.304633673896856e-10,1,1,0,1,1
UNKNOWN_SKU_730565,0.0,6517.4,14873.86,False,1.2821769417252282,,1.7523886873681856e-05,1,1,0,1,1
UNKNOWN_SKU_732028,0.0,166908.28,210669.46000000002,False,0.2621869927603353,,0.00024820374702865596,1,1,0,1,1
UNKNOWN_SKU_73438,1409.15,176.55999999999997,0.0,False,-1.0,-1.0,0.0,1,1,0,1,1
UNKNOWN_SKU_739610,0.0,42589.88999999999,53427.310000000005,False,0.2544599199481383,,6.294627866640746e-05,1,1,1,1,1
UNKNOWN_SKU_741016,0.0,600.39,7281.09,False,11.127267276270425,,8.578337934947364e-06,1,1,0,1,1
UNKNOWN_SKU_741377,0.0,0.0,11.75,False,,,1.3843458978756138e-08,1,1,0,1,1
UNKNOWN_SKU_741379,0.0,0.0,48.69,False,,,5.736493767452224e-08,1,1,0,1,1
UNKNOWN_SKU_741380,0.0,0.0,34.67,False,,,4.084704023774258e-08,1,1,0,1,1
UNKNOWN_SKU_74268,1252.52,1632.46,1884.36,False,0.1543069968023718,0.1075027208652759,2.220090243507142e-06,1,1,0,1,1
UNKNOWN_SKU_74278,12047.32,0.0,0.0,False,,-1.0,0.0,1,1,0,1,0
UNKNOWN_SKU_74506,28.27,0.0,0.0,False,,-1.0,0.0,1,1,0,1,1
UNKNOWN_SKU_748035,0.0,0.0,65353.009999999995,False,,,7.699674153814806e-05,1,1,0,1,1
UNKNOWN_SKU_75047,109.39999999999999,0.0,0.0,False,,-1.0,0.0,1,1,0,1,1
UNKNOWN_SKU_7508,74596.22,55439.47,52773.91,False,-0.04808054622455804,-0.08288116491422381,6.217646453051647e-05,1,1,1,1,1
UNKNOWN_SKU_75626,2711.5400000000004,0.0,0.0,False,,-1.0,0.0,1,1,0,1,1
UNKNOWN_SKU_75677,81.38,0.0,0.0,False,,-1.0,0.0,1,1,0,1,1
UNKNOWN_SKU_756860,0.0,933.12,2022.8,False,1.1677812071330589,,2.3831956444449292e-06,1,1,0,1,1
UNKNOWN_SKU_75766,105572.13,48092.36999999999,43274.56999999999,False,-0.1001780531922215,-0.1998509953587646,5.098465826538817e-05,1,1,0,1,1
UNKNOWN_SKU_75767,9665.1,0.0,0.0,False,,-1.0,0.0,1,1,0,1,1
UNKNOWN_SKU_758543,0.0,327.84000000000003,33449.0,False,101.02842850170813,,3.940849867067354e-05,1,1,0,1,1
UNKNOWN_SKU_762617,0.0,0.0,3819.3499999999995,False,,,4.4998310681287026e-06,1,1,0,1,1
UNKNOWN_SKU_76356,45654.3,23336.13,24014.1,False,0.02905237500819524,-0.14837940292733398,2.8292613469084915e-05,1,1,0,1,0
UNKNOWN_SKU_76377,104455.66,51707.9,46503.45999999999,False,-0.10065077096536523,-0.1831575065465615,5.4788829011083134e-05,1,1,0,1,0
UNKNOWN_SKU_76563,224252.61,279550.18,266893.56000000006,False,-0.045274948490463984,0.04448004488940227,0.0003144451106003567,1,1,1,1,1
UNKNOWN_SKU_76567,0.0,0.0,62.08,False,,,7.314059007669625e-08,1,1,0,1,1
UNKNOWN_SKU_76573,292.14,53.269999999999996,0.0,False,-1.0,-1.0,0.0,1,1,0,1,0
UNKNOWN_SKU_77021,893.4,224.42,0.0,False,-1.0,-1.0,0.0,1,1,0,1,1
UNKNOWN_SKU_77496,4570.32,570.25,2023.21,False,2.5479351161771153,-0.1843129105134903,2.3836786928007836e-06,1,1,0,1,1
UNKNOWN_SKU_77881,38.510000000000005,0.0,0.0,False,,-1.0,0.0,1,1,0,1,0
UNKNOWN_SKU_77882,5.78,0.0,0.0,False,,-1.0,0.0,1,1,0,1,0
UNKNOWN_SKU_7849,1266.34,2.72,0.0,False,-1.0,-1.0,0.0,1,1,0,1,1
UNKNOWN_SKU_78790,1498675.0500000003,662338.16,959593.2699999998,False,0.44879659357087287,-0.10546996107096596,0.0011305608569817413,1,1,1,1,0
UNKNOWN_SKU_791549,0.0,1402.0900000000001,1246.19,False,-0.11119115035411431,,1.4682195867860522e-06,1,1,0,1,1
UNKNOWN_SKU_793670,0.0,9111.58,4694.429999999999,False,-0.48478419769128966,,5.530821202863163e-06,1,1,0,1,0
UNKNOWN_SKU_79522,59436.659999999996,70327.45000000001,20623.9,False,-0.7067446637123911,-0.23249873595818615,2.4298392649529254e-05,1,1,0,1,1
UNKNOWN_SKU_79549,466.94,0.0,0.0,False,,-1.0,0.0,1,1,0,1,0
UNKNOWN_SKU_79550,15194.55,0.0,0.0,False,,-1.0,0.0,1,1,0,1,1
UNKNOWN_SKU_79632,66713.03,13508.31,0.0,False,-1.0,-1.0,0.0,1,1,0,1,0
UNKNOWN_SKU_80069,359.89000000000004,0.0,0.0,False,,-1.0,0.0,1,1,0,1,1
UNKNOWN_SKU_80070,373.44000000000005,0.0,0.0,False,,-1.0,0.0,1,1,0,1,1
UNKNOWN_SKU_803420,0.0,0.0,665.4300000000001,False,,,7.839874815518041e-07,1,1,0,1,1
UNKNOWN_SKU_810214,0.0,0.0,15.24,False,,,1.795526083712711e-08,1,1,0,1,0
UNKNOWN_SKU_814645,0.0,1.3800000000000003,102.78999999999999,False,73.48550724637678,,1.2110375731288027e-07,1,1,0,1,0
UNKNOWN_SKU_814656,0.0,1.2200000000000002,49.44,False,39.52459016393442,,5.824856271571944e-08,1,1,0,1,0
UNKNOWN_SKU_814661,0.0,1.3800000000000003,25.08,False,17.173913043478255,,2.9548421377634376e-08,1,1,0,1,0
UNKNOWN_SKU_814666,0.0,1.3600000000000003,87.30999999999999,False,63.19852941176468,,1.0286573646257006e-07,1,1,0,1,0
UNKNOWN_SKU_814670,0.0,0.7200000000000001,1.8199999999999998,False,1.5277777777777772,,2.144263433305206e-09,1,1,0,1,0
UNKNOWN_SKU_814672,0.0,1.12,147.35,False,130.56249999999997,,1.7360286642720995e-07,1,1,0,1,0
UNKNOWN_SKU_814673,0.0,1.2600000000000002,32.099999999999994,False,24.476190476190467,,3.781915176324017e-08,1,1,0,1,0
UNKNOWN_SKU_814674,0.0,0.7200000000000001,26.919999999999998,False,36.38888888888888,,3.171624814537151e-08,1,1,0,1,0
UNKNOWN_SKU_814675,0.0,0.7000000000000001,16.490000000000002,False,22.557142857142857,,1.9427969239122447e-08,1,1,0,1,0
UNKNOWN_SKU_814676,0.0,1.12,90.37,False,79.6875,,1.0647092663065466e-07,1,1,0,1,0
UNKNOWN_SKU_814677,0.0,0.9199999999999999,13.35,False,13.510869565217392,,1.5728525733310167e-08,1,1,0,1,0
UNKNOWN_SKU_814680,0.0,0.9600000000000001,153.89,False,159.30208333333331,,1.8130807678644953e-07,1,1,0,1,0
UNKNOWN_SKU_814684,0.0,0.56,29.25,False,51.232142857142854,,3.446137660669081e-08,1,1,0,1,0
UNKNOWN_SKU_814692,0.0,0.5800000000000001,6.35,False,9.948275862068964,,7.481358682136296e-09,1,1,0,1,0
UNKNOWN_SKU_814699,0.0,0.0,8.48,False,,,9.990853799136345e-09,1,1,0,1,0
UNKNOWN_SKU_814703,0.0,0.4,1.79,False,3.4749999999999996,,2.108918431657318e-09,1,1,0,1,0
UNKNOWN_SKU_814707,0.0,0.66,0.0,False,-1.0,,0.0,1,1,0,1,0
UNKNOWN_SKU_814709,0.0,1.2400000000000002,39.04,False,30.48387096774193,,4.5995628811118265e-08,1,1,0,1,1
UNKNOWN_SKU_814714,0.0,0.4,5.67,False,13.174999999999999,,6.680205311450834e-09,1,1,0,1,1
UNKNOWN_SKU_814715,0.0,0.4,11.12,False,26.799999999999997,,1.3101213944150489e-08,1,1,0,1,1
UNKNOWN_SKU_814716,0.0,1.2200000000000002,52.35,False,41.909836065573764,,6.167702787556459e-08,1,1,0,1,1
UNKNOWN_SKU_814718,0.0,0.8400000000000001,86.31,False,101.75,,1.0168756974097382e-07,1,1,0,1,1
UNKNOWN_SKU_814724,0.0,1.2600000000000002,11.679999999999998,False,8.269841269841267,,1.3760987308244398e-08,1,1,0,1,1
UNKNOWN_SKU_814726,0.0,0.7000000000000001,14.240000000000002,False,19.342857142857145,,1.6777094115530846e-08,1,1,0,1,1
UNKNOWN_SKU_814745,0.0,1.2200000000000002,134.96,False,109.62295081967213,,1.5900538074663222e-07,1,1,0,1,0
UNKNOWN_SKU_814747,0.0,0.0,24.31,False,,,2.864123300200525e-08,1,1,0,1,0
UNKNOWN_SKU_814749,0.0,1.2400000000000002,50.9,False,40.048387096774185,,5.996868612925e-08,1,1,0,1,0
UNKNOWN_SKU_814750,0.0,0.9800000000000001,8.89,False,8.071428571428571,,1.0473902154990815e-08,1,1,0,1,0
UNKNOWN_SKU_814751,0.0,1.2600000000000002,25.349999999999998,False,19.119047619047613,,2.986652639246537e-08,1,1,0,1,0
UNKNOWN_SKU_814752,0.0,0.7200000000000001,36.739999999999995,False,50.027777777777764,,4.328584535144685e-08,1,1,0,1,0
UNKNOWN_SKU_814758,0.0,0.9600000000000001,0.86,False,-0.10416666666666674,,1.0132233805727898e-09,1,1,0,1,0
UNKNOWN_SKU_814759,0.0,0.9800000000000001,58.64,False,58.836734693877546,,6.90876965544051e-08,1,1,0,1,0
UNKNOWN_SKU_814761,0.0,1.2400000000000002,76.63,False,60.79838709677418,,9.028291587592194e-08,1,1,0,1,0
UNKNOWN_SKU_814907,0.0,0.8600000000000001,77.69,False,89.33720930232556,,9.153177260081399e-08,1,1,0,1,0
UNKNOWN_SKU_814910,0.0,0.42000000000000004,0.0,False,-1.0,,0.0,1,1,0,1,0
UNKNOWN_SKU_814928,0.0,0.14,9.22,False,64.85714285714286,,1.0862697173117583e-08,1,1,0,1,0
UNKNOWN_SKU_82158,139.81,0.0,0.0,False,,-1.0,0.0,1,1,0,1,1
UNKNOWN_SKU_82601,0.07,0.0,0.0,False,,-1.0,0.0,1,1,0,1,1
UNKNOWN_SKU_82619,19853.87,8851.1,12036.349999999999,False,0.35987052456756774,-0.11760628010722174,1.4180827019485228e-05,1,1,1,1,1
UNKNOWN_SKU_82802,2994.02,0.0,0.0,False,,-1.0,0.0,1,1,0,1,0
UNKNOWN_SKU_82803,3883.1,0.0,10.14,False,,-0.7739446212771314,1.194661055698615e-08,1,1,0,1,1
UNKNOWN_SKU_82850,18.810000000000002,1.07,0.0,False,-1.0,-1.0,0.0,1,1,0,1,1
UNKNOWN_SKU_82851,5.85,0.0,0.0,False,,-1.0,0.0,1,1,0,1,1
UNKNOWN_SKU_82902,1518.94,2102.6299999999997,1608.7399999999998,False,-0.23489154059439843,0.014463230013705086,1.8953639317007785e-06,1,1,0,1,1
UNKNOWN_SKU_82907,2957.2400000000002,2440.9,2248.75,False,-0.07872096357900782,-0.0661789679851621,2.6494024151896058e-06,1,1,0,1,1
UNKNOWN_SKU_82936,3.58,0.0,0.0,False,,-1.0,0.0,1,1,0,1,0
UNKNOWN_SKU_82937,8.57,0.0,0.0,False,,-1.0,0.0,1,1,0,1,0
UNKNOWN_SKU_83097,50690.270000000004,24566.09,13574.069999999998,False,-0.44744686679890866,-0.2806398595720775,1.599251755061824e-05,1,1,1,1,1
UNKNOWN_SKU_83098,11372.06,5856.81,6380.23,False,0.08936946904543586,-0.1345354210666797,7.516974662130151e-06,1,1,1,1,1
UNKNOWN_SKU_832847,0.0,0.0,100.72999999999999,False,,,1.1867673386639197e-07,1,1,0,1,1
UNKNOWN_SKU_83308,753.7600000000001,0.0,0.0,False,,-1.0,0.0,1,1,0,1,1
UNKNOWN_SKU_83309,126.65999999999998,0.0,0.0,False,,-1.0,0.0,1,1,0,1,1
UNKNOWN_SKU_834596,0.0,0.0,31.88,False,,,3.755995508448899e-08,1,1,1,1,1
UNKNOWN_SKU_83879,0.0,0.18,0.0,False,-1.0,,0.0,1,1,0,1,1
UNKNOWN_SKU_83919,0.0,0.0,0.54,False,,,6.362100296619843e-10,1,1,0,1,1
UNKNOWN_SKU_839506,0.0,0.0,346.15999999999997,False,,,4.078341923477638e-07,1,1,1,1,1
UNKNOWN_SKU_84141,7142.1900000000005,11463.84,14459.39,False,0.26130424011500497,0.19283299348846228,1.703557211258185e-05,1,1,0,1,1
UNKNOWN_SKU_84142,2.76,0.0,0.0,False,,-1.0,0.0,1,1,0,1,1
UNKNOWN_SKU_84170,505.59,187.65,864.79,False,3.6085265121236345,0.14361026753584594,1.0188667991692358e-06,1,1,0,1,0
UNKNOWN_SKU_84182,60.96,0.0,0.0,False,,-1.0,0.0,1,1,0,1,1
UNKNOWN_SKU_84186,0.0,7.12,84.72999999999999,False,10.900280898876403,,9.98260663208517e-08,1,1,0,1,1
UNKNOWN_SKU_84190,33.900000000000006,0.0,0.0,False,,-1.0,0.0,1,1,0,1,0
UNKNOWN_SKU_844014,0.0,0.0,417.46000000000004,False,,,4.918374795975777e-07,1,1,1,1,1
UNKNOWN_SKU_84455,0.52,5.92,0.0,False,-1.0,-1.0,0.0,1,1,0,1,1
UNKNOWN_SKU_84642,17665.52,8177.610000000001,6401.019999999999,False,-0.2172505169603346,-0.22414477436882696,7.541468748272136e-06,1,1,0,1,0
UNKNOWN_SKU_84849,18090.649999999998,11558.919999999998,9940.35,False,-0.14002778806324445,-0.13903226551715753,1.1711389571019454e-05,1,1,0,1,1
UNKNOWN_SKU_851710,0.0,0.0,664.1,False,,,7.82420519812081e-07,1,1,0,1,0
UNKNOWN_SKU_851712,0.0,163.32999999999998,22751.08,False,138.2951692891692,,2.6804565336374403e-05,1,1,0,1,0
UNKNOWN_SKU_86088,1814.24,14.32,0.0,False,-1.0,-1.0,0.0,1,1,0,1,1
UNKNOWN_SKU_86100,13923.169999999998,9838.510000000002,9714.539999999999,False,-0.012600485236077708,-0.08605296396656081,1.14453477436158e-05,1,1,0,1,1
UNKNOWN_SKU_86101,14376.670000000002,4234.81,165.39999999999998,False,-0.9609427577624498,-0.6724939702285146,1.9486877575202256e-07,1,1,0,1,1
UNKNOWN_SKU_86275,1.35,0.0,0.0,False,,-1.0,0.0,1,1,0,1,1
UNKNOWN_SKU_86277,10.48,7.35,0.43,False,-0.9414965986394558,-0.5499333910563508,5.066116902863949e-10,1,1,0,1,1
UNKNOWN_SKU_86345,4.46,0.0,0.0,False,,-1.0,0.0,1,1,0,1,1
UNKNOWN_SKU_865510,0.0,0.0,384.57,False,,,4.5308757612427645e-07,1,1,0,1,1
UNKNOWN_SKU_87499,48.52,0.0,0.0,False,,-1.0,0.0,1,1,0,1,0
UNKNOWN_SKU_87747,149762.81,74734.43,63847.009999999995,False,-0.14568144829632068,-0.1919576074075312,7.522242245542407e-05,1,1,0,1,1
UNKNOWN_SKU_87833,133156.53,114146.65,80117.4,False,-0.2981186920509713,-0.11927343809693769,9.439165450081677e-05,1,1,0,1,1
UNKNOWN_SKU_8788,6193.130000000001,2871.7099999999996,5561.620000000001,False,0.9366927719024558,-0.026529536458990366,6.552515602164232e-06,1,1,0,1,1
UNKNOWN_SKU_88009,5456.58,3865.1900000000005,4263.6,False,0.10307643350003493,-0.059813563339074394,5.023231634197845e-06,1,1,0,1,1
UNKNOWN_SKU_88076,7107.29,5303.75,5987.219999999999,False,0.12886542540655177,-0.04196738343802564,7.053943358875602e-06,1,1,0,1,1
UNKNOWN_SKU_88613,5066.4800000000005,2144.8999999999996,2142.5000000000005,False,-0.0011189332836025745,-0.19359423386663355,2.524222201020003e-06,1,1,0,1,1
UNKNOWN_SKU_88889,1.34,0.0,0.0,False,,-1.0,0.0,1,1,0,1,1
UNKNOWN_SKU_88911,31265.130000000005,12397.3,9382.890000000001,False,-0.2431505247110256,-0.2598511025663024,1.10546087503984e-05,1,1,0,1,1
UNKNOWN_SKU_893449,0.0,0.0,37.5,False,,,4.4181252059860015e-08,1,1,0,1,1
UNKNOWN_SKU_895627,0.0,0.0,194.64,False,,,2.293183706914974e-07,1,1,0,1,1
UNKNOWN_SKU_8964,10948.08,10724.710000000001,14363.130000000001,False,0.3392557933967446,0.07023163034611057,1.6922161783960992e-05,1,1,0,1,1
UNKNOWN_SKU_8965,12600.349999999999,9360.869999999999,10443.529999999999,False,0.1156580531510425,-0.04585104829618403,1.2304219501992262e-05,1,1,0,1,1
UNKNOWN_SKU_897744,0.0,0.0,39130.96000000001,False,,,4.610279485611467e-05,1,1,0,1,1
UNKNOWN_SKU_903465,0.0,0.0,384.65,False,,,4.531818294620041e-07,1,1,0,1,1
UNKNOWN_SKU_903466,0.0,0.0,9614.479999999998,False,,,1.1327460381452875e-05,1,1,0,1,1
UNKNOWN_SKU_90830,9952.61,303.47,0.72,False,-0.9976274425808153,-0.9077749546319108,8.482800395493123e-10,1,1,0,1,0
UNKNOWN_SKU_90831,27896.53,26764.98,20920.179999999997,False,-0.21837490631414647,-0.06941979985845614,2.4647459885803792e-05,1,1,0,1,0
UNKNOWN_SKU_90901,39056.32,9288.15,9610.880000000001,False,0.034746424207188875,-0.2956833445144831,1.1323218981255133e-05,1,1,0,1,1
UNKNOWN_SKU_91265,59127.490000000005,16933.05,16951.17,False,0.001070096645317875,-0.2682671389313407,1.9971304386120993e-05,1,1,0,1,1
UNKNOWN_SKU_91356,0.0,301.48,65.25999999999999,False,-0.7835345628234046,,7.688716025137238e-08,1,1,0,1,1
UNKNOWN_SKU_91371,0.0,327.62,350.52000000000004,False,0.06989805262194015,,4.129709992539236e-07,1,1,0,1,1
UNKNOWN_SKU_91378,24.4,730.4699999999999,0.97,False,-0.9986720878338604,-0.5534753106716148,1.142821719948379e-09,1,1,0,1,1
UNKNOWN_SKU_91537,22435.71,11420.06,10823.389999999998,False,-0.05224753635269885,-0.16659543980965286,1.2751757912857818e-05,1,1,0,1,1
UNKNOWN_SKU_91765,1207.79,1294.48,1326.11,False,0.024434521970211787,0.023639486138625987,1.5623786711760256e-06,1,1,0,1,1
UNKNOWN_SKU_91767,0.0,0.32,0.0,False,-1.0,,0.0,1,1,0,1,1
UNKNOWN_SKU_92153,100644.95000000001,27118.98,23117.519999999997,False,-0.1475520096994799,-0.307711187503538,2.7236292749836134e-05,1,1,0,1,0
UNKNOWN_SKU_92158,1813.81,4992.460000000001,4852.89,False,-0.027956157886092292,0.27894587005543126,5.717513501567309e-06,1,1,0,1,0
UNKNOWN_SKU_92161,2951.3100000000004,2559.94,2150.16,False,-0.16007406423588055,-0.07612335783284885,2.5332469581074296e-06,1,1,0,1,0
UNKNOWN_SKU_92162,0.0,9.74,21.16,False,1.1724845995893225,,2.4930007828977012e-08,1,1,0,1,0
UNKNOWN_SKU_92178,12508.339999999998,9550.359999999999,14507.39,False,0.5190411670345412,0.03776113541184012,1.7092124115218467e-05,1,1,0,1,1
UNKNOWN_SKU_92572,163.98,0.0,0.0,False,,-1.0,0.0,1,1,1,1,1
UNKNOWN_SKU_93034,82677.97000000002,36028.5,27247.420000000002,False,-0.24372593918703245,-0.2423233640984772,3.210200349335656e-05,1,1,0,1,0
UNKNOWN_SKU_93381,21437.000000000004,8725.28,4770.05,False,-0.45330694258522364,-0.31318506437198645,5.619914170350274e-06,1,1,0,1,0
UNKNOWN_SKU_94634,0.0,0.0,0.0,False,,,0.0,1,1,1,1,1
UNKNOWN_SKU_94678,6736.52,2643.0600000000004,3186.55,False,0.20562908144347825,-0.1706816337381496,3.754287166702585e-06,1,1,0,1,0
UNKNOWN_SKU_94679,23149.57,12657.53,12970.929999999998,False,0.024759965016871277,-0.1348188539177917,1.5281918074154668e-05,1,1,0,1,1
UNKNOWN_SKU_94694,11099.109999999999,8687.53,7994.07,False,-0.07982245816705102,-0.07876602182402459,9.418347244111071e-06,1,1,0,1,1
UNKNOWN_SKU_94704,0.77,0.0,0.0,False,,-1.0,0.0,1,1,0,1,0
UNKNOWN_SKU_94709,452.38,19.020000000000003,42.919999999999995,False,1.2565720294426912,-0.44500498885794326,5.056691569091178e-08,1,1,0,1,0
UNKNOWN_SKU_95105,0.63,0.0,0.0,False,,-1.0,0.0,1,1,0,1,1
UNKNOWN_SKU_95108,139834.43000000002,107185.1,110044.95999999998,False,0.026681507037825014,-0.05813423784440708,0.0001296513097513923,1,1,0,1,1
UNKNOWN_SKU_95263,33647.03,12392.53,6684.85,False,-0.4605742330258632,-0.33236940150420347,7.875867808862807e-06,1,1,0,1,1
UNKNOWN_SKU_95264,25848.109999999997,10091.989999999998,11185.460000000001,False,0.10835028572164696,-0.18893387324839683,1.3178336737746184e-05,1,1,0,1,1
UNKNOWN_SKU_95423,517105.56000000006,379829.6,381942.95000000007,False,0.005563942357309948,-0.07294644706476827,0.00044999247323830707,1,1,0,1,1
UNKNOWN_SKU_95863,0.0,21.59,70.3,False,2.2561371005094952,,8.282512052821757e-08,1,1,0,1,0
UNKNOWN_SKU_95895,7.97,604.05,21.06,False,-0.9651353364787683,0.2749701333033767,2.4812191156817382e-08,1,1,0,1,1
UNKNOWN_SKU_9613,58.06,11.02,0.0,False,-1.0,-1.0,0.0,1,1,0,1,1
UNKNOWN_SKU_9616,24.66,0.0,0.0,False,,-1.0,0.0,1,1,0,1,1
UNKNOWN_SKU_9668,237.51999999999998,0.0,0.0,False,,-1.0,0.0,1,1,0,1,1
UNKNOWN_SKU_9692,38645.27,26469.41,28827.779999999995,False,0.08909794362624601,-0.07065126250560294,3.396393105349843e-05,1,1,0,1,1
UNKNOWN_SKU_97032,649.4599999999999,714.3499999999999,1215.77,False,0.7019248267655913,0.16970071024853017,1.4323797551150935e-06,1,1,0,1,1
UNKNOWN_SKU_97107,12806.859999999999,36.41,19.01,False,-0.47789068937105184,-0.8037160162755334,2.239694937754504e-08,1,1,0,1,1
UNKNOWN_SKU_97109,6074.92,3.55,0.0,False,-1.0,-1.0,0.0,1,1,0,1,1
UNKNOWN_SKU_97127,93118.87,40036.06,44347.270000000004,False,0.10768317361898272,-0.1692749659438344,5.224847770764449e-05,1,1,0,1,1
UNKNOWN_SKU_97128,27513.230000000003,10471.59,10573.54,False,0.009735866282006844,-0.21264659775416284,1.2457392957466996e-05,1,1,0,1,1
UNKNOWN_SKU_97181,50702.130000000005,12588.600000000002,1052.89,False,-0.9163616287752411,-0.6203886410883106,1.2404799595014938e-06,1,1,0,1,0
UNKNOWN_SKU_97366,225.07999999999998,351.81000000000006,483.35999999999996,False,0.373923424575765,0.2105520022266809,5.694786665507717e-07,1,1,0,1,1
UNKNOWN_SKU_97863,326.51,0.0,0.0,False,,-1.0,0.0,1,1,0,1,1
UNKNOWN_SKU_97914,2452.6800000000003,904.7500000000001,838.92,False,-0.07276043105830354,-0.23524924464176944,9.883876260815404e-07,1,1,0,1,1
UNKNOWN_SKU_97920,21386.69,11622.589999999998,7350.58,False,-0.3675609309112684,-0.23432492710777242,8.660208740431089e-06,1,1,1,1,1
UNKNOWN_SKU_9805,292.43,41.43,23.56,False,-0.4313299541395125,-0.46723174380908583,2.775760796080805e-08,1,1,0,1,0
UNKNOWN_SKU_98804,6784.83,5559.4299999999985,5557.579999999999,False,-0.00033276792764713736,-0.048657961340753286,6.547755808608981e-06,1,1,0,1,1
UNKNOWN_SKU_98805,0.0,0.14,0.0,False,-1.0,,0.0,1,1,0,1,1
UNKNOWN_SKU_98836,146.67000000000002,0.0,0.0,False,,-1.0,0.0,1,1,0,1,1
UNKNOWN_SKU_98839,367.83000000000004,0.0,0.0,False,,-1.0,0.0,1,1,0,1,1
UNKNOWN_SKU_9891,2965.68,0.0,0.0,False,,-1.0,0.0,1,1,0,1,1
UNKNOWN_SKU_99378,0.0,0.0,0.25,False,,,2.9454168039906676e-10,1,1,0,1,1
UNKNOWN_SKU_99503,0.0,0.0,10.050000000000002,False,,,1.1840575552042487e-08,1,1,0,1,1
UNKNOWN_SKU_99551,10146.989999999998,0.0,0.0,False,,-1.0,0.0,1,1,0,1,1
UNKNOWN_SKU_99692,146583.78999999998,107627.44,116268.59999999999,False,0.08028770358191162,-0.05627790273753708,0.00013698379528658772,1,1,0,1,1
UNKNOWN_SKU_99820,55366.64,31584.929999999993,54281.21,False,0.7185793984662943,-0.004937549969898147,6.395231522997851e-05,1,1,0,1,0
UNKNOWN_SKU_99821,69026.68000000001,52847.39,71697.63,False,0.35669197665201646,0.009536332825142546,8.447176168332218e-05,1,1,0,1,1
UPADACITINIBUM,0.0,0.55,19.59,True,34.61818181818182,,2.3080286076070872e-08,1,1,1,1,1
URAPIDILUM,36250.59,36684.130000000005,45272.59,True,0.2341192226720381,0.057134059225282474,5.333865893847194e-05,7,2,4,2,3
UREA PURA*,152845.51,139691.75,167125.16,True,0.19638532697886601,0.02257998418981444,0.0001969013018534516,4,3,0,1,1
UROFOLLITROPINUM,6.7299999999999995,0.0,0.0,True,,-1.0,0.0,1,1,0,1,1
UROKINASUM,0.16,0.0,0.0,True,,-1.0,0.0,1,1,0,1,1
URSODESOXYCHOLIC ACID,747351.7500000001,715037.0899999999,895350.1599999999,True,0.2521730306325789,0.04620541837020298,0.001054871762687893,34,12,4,2,7
URTICA DIOICA*&,203775.69,114769.51999999999,117004.31000000001,True,0.019471981759617174,-0.12951283526263158,0.00013785058432533333,6,2,0,1,1
URTICA DIOICA*&+FRANGULA ALNUS*&+ACHILLEA MILLEFOLIUM*&,20300.92,10914.050000000001,8219.52,True,-0.24688635291207206,-0.20231268806646163,9.68396493149495e-06,2,1,0,1,1
USTECINUMAB,0.13,0.03,0.0,True,-1.0,-1.0,0.0,2,1,1,1,1
VACCINIUM MYRTILLUS *&,30113.78,14260.39,12540.58,True,-0.12060048848593896,-0.19668091034551927,1.4774894025515716e-05,3,1,0,1,1
VALACYCLOVIRUM,234176.53,216450.58,306543.03,True,0.4162264199061054,0.06963848414300156,0.00036115879668328617,10,5,1,1,4
VALERIANA OFFICINALIS*&,9786977.66,7158584.03,4965333.12,True,-0.3063805496741512,-0.15603400520895916,0.005849990243623765,36,8,6,2,5
VALERIANA OFFICINALIS*&+CONVALLARIA MAJALIS/TRANSCAUCASICA UTKIN EX GROSSH./KEISKEI MIG.*&,7827.039999999999,3465.9900000000002,3047.26,True,-0.12081108139377206,-0.21008931334724112,3.5901803240514413e-06,1,1,0,1,0
VALERIANA OFFICINALIS*&+MELISSA OFFICINALIS*&,7050.060000000001,5650.21,4554.33,True,-0.19395385304263024,-0.10348425617741552,5.365760045167527e-06,1,1,0,1,1
VALERIANA OFFICINALIS*&+PASSIFLORA INCARNATA&*,12108.14,6485.27,0.0,True,-1.0,-1.0,0.0,1,1,0,1,1
VALERIANA*&+ATROPA BELLADONNA*&+CONVALLARIA MAJALIS/TRANSCAUCASICA UTKIN EX GROSSH./KEISKEI MIG.*&+MENTHOLUM*,573123.37,460369.87000000005,400777.77999999997,True,-0.1294439403690778,-0.0855417563130676,0.00047218304315123,3,1,0,1,0
VALGANCICLOVIRUM,0.5800000000000001,0.9000000000000001,93.87,True,103.29999999999998,2.566766722514225,1.105945101562416e-07,1,1,1,1,1
VALSARTANUM,1240267.1,1297258.85,1414478.3000000003,True,0.0903593373057352,0.033404304998687406,0.0016664912614800615,32,10,4,1,6
VANCOMYCINUM,81203.71999999999,44919.61000000001,38271.33,True,-0.14800395640122443,-0.17143915242744068,4.509000739722887e-05,10,2,2,1,2
VARDENAFILUM,31.049999999999994,0.0,0.0,True,,-1.0,0.0,3,1,2,1,2
VARENICLINUM,972.24,0.0,0.0,True,,-1.0,0.0,2,1,0,1,2
VASELINUM*,993829.25,688311.32,732562.62,True,0.06428965892933447,-0.07341931058897955,0.0008630809003693721,8,1,0,1,1
VEDOLIZUMABUM,0.03,0.09,3.8200000000000003,True,41.44444444444445,2.3591974120624664,4.5005968764977406e-09,1,1,1,1,1
VEMURAFENIBUM,61.370000000000005,76.71000000000001,11.469999999999999,True,-0.8504758180159041,-0.3424908155713029,1.3513572296709183e-08,1,1,1,1,1
VENETOCLAXUM,0.0,5.1499999999999995,33.34,True,5.473786407766991,,3.928007849801955e-08,2,1,2,1,1
VENLAFAXINUM,48318.950000000004,91688.97,129893.03,True,0.4166701839926874,0.28046316556763085,0.00015303564531330557,10,4,3,1,2
VERAPAMILUM,264809.63,173221.71000000002,174665.78000000003,True,0.00833654164942721,-0.09880553999072339,0.00020578540939765488,10,4,4,2,4
VERATRUM LOBELIANA/ALBA*&,206325.74999999994,94494.13,94298.87999999999,True,-0.0020662659151421403,-0.1777795474918381,0.00011109980229979979,1,1,0,1,1
VILANTEROLUM+UMECLIDINII BROMIDUM*,12371.75,11347.470000000001,8885.05,True,-0.21700167526329672,-0.07942922127920082,1.0468070229718912e-05,1,1,0,1,1
VILDAGLIPTINUM,5178.2,67561.68000000001,98489.88,True,0.45777724887835824,1.0883495688976428,0.00011603749903000977,2,2,1,1,2
VINCAMINUM,103387.45,70150.02,77872.17000000001,True,0.1100805103120428,-0.06840185885555639,9.17463992324872e-05,2,1,1,1,2
VINCRISTINUM,9123.47,5264.94,3232.7999999999997,True,-0.3859759085573625,-0.22846666096697987,3.808777377576412e-06,4,1,1,1,2
VINILINUM*,54450.97,20208.679999999997,21770.840000000004,True,0.07730143680834223,-0.20481644247042652,2.564967918919688e-05,2,1,0,1,0
VINORELBINUM,764.42,282.34,368.23,True,0.3042076928525892,-0.16690067676702092,4.3383633189339345e-07,6,2,2,1,1
VINPOCETINUM,1158521.8199999998,894590.59,947178.1999999998,True,0.058783996375369796,-0.049106521246502055,0.0011159338346614532,21,4,2,2,5
VIOLA TRICOLOR/ARVENSIS MURR.*&,36114.98,13879.45,12529.880000000001,True,-0.09723512098822362,-0.23252385886059668,1.4762287641594637e-05,5,1,0,1,1
VIRIDE NITENS*,2400451.46,1859364.63,1333125.8599999999,True,-0.2830207488673161,-0.13673415960668212,0.001570644523951404,18,1,0,1,1
VITAMIN C+ACIDUM FOLICUM+CALCII PANTOTHENAS+CYANOCOBALAMINUM+NICOTINAMIDUM+PYRIDOXINUM+RIBOFLAVINUM+THIAMINUM,145572.64999999997,27482.780000000002,31189.309999999998,True,0.13486736057997017,-0.3196514010824796,3.674620711154967e-05,2,2,0,1,2
VITAMIN C+ALOE ARBORESCENS MILL.+ARONIA MELANOCARPA,22848.86,4158.57,2597.13,True,-0.37547522345421613,-0.41935954916895224,3.059852137659313e-06,1,1,0,1,1
VITAMIN C+AMBROXOLUM,5128.62,3092.7,1643.2699999999998,True,-0.4686616871988878,-0.24763756862020814,1.9360460285974977e-06,1,1,0,1,1
VITAMIN C+CHLORHEXIDINUM,131780.44999999998,48495.56,35659.82,True,-0.26467866336629575,-0.2787562876268723,4.2013213222113e-05,3,3,0,1,1
VITAMIN C+CHLORHEXIDINUM+TETRACAINUM,4135.61,0.0,0.0,True,,-1.0,0.0,1,1,0,1,1
VITAMIN C+CHLORPHENAMINUM+COFFEINUM*+PARACETAMOLUM,116202.94,21274.729999999996,31694.89,True,0.4897904697262905,-0.2773249965643815,3.734186464265431e-05,5,2,0,2,3
VITAMIN C+CHLORPHENAMINUM+PARACETAMOLUM,504274.37,266183.23,425670.6,True,0.5991638541616615,-0.04147887230733038,0.000501510935281916,11,3,0,2,3
VITAMIN C+COFFEINUM*+PARACETAMOLUM+PHENIRAMINUM+PHENYLEPHRINUM,428.26,0.0,0.0,True,,-1.0,0.0,3,1,0,1,1
VITAMIN C+COFFEINUM*+PARACETAMOLUM+PHENYLEPHRINUM+THERPINI HYDRAS,1660.4499999999998,0.0,0.0,True,,-1.0,0.0,1,1,0,1,1
VITAMIN C+DEQUALINII CHLORIDUM,251838.71,64755.48000000001,85037.04999999999,True,0.3132023729883553,-0.23770788959080036,0.00010018782241271784,2,2,0,2,1
VITAMIN C+DEXTROSUM*,52919.07000000001,290.88,1794.28,True,5.168454345434544,-0.570889142580409,2.11396098522575e-06,1,1,0,1,1
VITAMIN C+FERRI SULFAS*,352645.73000000004,317132.41000000003,496407.07000000007,True,0.5652990812260406,0.08924313678141638,0.0005848502902391087,3,2,0,1,2
VITAMIN C+GINKGO BILOBA+PYRIDOXINUM+RIBOFLAVINUM+THIAMINUM+ZINCI OXYDUM*,32.589999999999996,0.0,0.0,True,,-1.0,0.0,2,1,0,1,2
VITAMIN C+METHIONINUM+VITAMIN PP+VITAMIN B6+RETINOLUM+VITAMIN B2+RUTOSIDUM+THIAMINUM+TOCOPHEROL*+VITAMIN B9+VITAMIN B12,94003.31999999999,53659.81,48709.23999999999,True,-0.09225843326690886,-0.15156799997085446,5.7387605602245744e-05,1,1,0,1,1
VITAMIN C+NICOTINAMIDUM+PYRIDOXINUM+RETINOLUM+RIBOFLAVINUM+THIAMINUM,83141.48000000001,28109.619999999995,18102.52,True,-0.3560026780867189,-0.3169062351183951,2.132778664103086e-05,3,1,0,1,1
VITAMIN C+PARACETAMOLUM,81200.0,29371.890000000003,25297.43,True,-0.1387197078567297,-0.2528976656114288,2.9804590167911056e-05,3,2,0,2,2
VITAMIN C+PARACETAMOLUM+PHENIRAMINUM,1751758.5099999998,2243742.04,2099521.4699999997,True,-0.0642768051892455,0.046312758518438635,0.002473586327230875,9,3,0,1,3
VITAMIN C+PARACETAMOLUM+PHENIRAMINUM+PHENYLEPHRINUM,1752362.98,2268526.64,2692683.97,True,0.18697480669656152,0.11337208631475293,0.0031724306452297216,22,11,0,1,1
VITAMIN C+PARACETAMOLUM+PHENYLEPHRINUM,865564.9199999999,725539.7999999999,628510.71,True,-0.13373365596208497,-0.0768904181876714,0.0007404904026888421,13,4,0,1,3
VITAMIN C+PROPOLIS*,11671.160000000002,1684.9999999999998,766.0099999999999,True,-0.5453946587537092,-0.4938489943139944,9.024874904099564e-07,2,1,0,1,2
VITAMIN C+RETINOLUM+RIBOFLAVINUM+THIAMINUM,706363.51,227505.66000000003,229401.22999999998,True,0.008331968532123257,-0.2450957479816115,0.0002702728950792512,5,1,0,1,3
VITAMIN C+RUTOSIDUM,1179016.54,1273421.62,1554671.58,True,0.22086161847951025,0.0715925619710096,0.0018316623185674888,7,1,0,1,3
VITAMIN C+SALVIA+SALVIA,199850.65999999997,147717.38999999998,208371.57,True,0.4106096106897097,0.01049279039942741,0.0002454964495007671,2,1,0,1,2
VITAMIN C+VITAMIN B5+VITAMIN D3+VITAMIN PP+PYRIDOXINUM+RETINOLUM+VITAMIN B2+THIAMINUM+TOCOPHEROL*+VITAMIN B9+VITAMIN B12,26281.199999999997,12366.539999999999,12690.39,True,0.02618759976517282,-0.16640050195785616,1.4951395182078052e-05,1,1,0,1,1
VITAMIN C+VITAMIN B5+VITAMIN PP+PYRIDOXINUM+RETINOLUM+VITAMIN B2+RUTOSIDUM+THIAMINUM+TOCOPHEROL*+VITAMIN B9+VITAMIN B12,706928.9299999999,352850.48000000004,395664.8700000001,True,0.12133861912275146,-0.1350561116453004,0.00046615918273871333,5,2,0,1,2
VOGLIBOSUM,47179.65,27492.09,24143.28,True,-0.12180994606084883,-0.15421420070887448,2.844480904618072e-05,2,1,2,1,1
VORICONAZOLUM,223.45000000000002,605.03,705.11,True,0.16541328529163857,0.33281271960706604,8.307371370647439e-07,9,4,1,2,3
VORTIOXETINE,27479.499999999993,35995.07000000001,42957.22,True,0.19341954328745548,0.11816742344180975,5.06107670562896e-05,1,1,1,1,1
WARFARINUM,387241.92000000004,382634.8,326991.6,True,-0.14542116921931825,-0.04139749864619935,0.0003852506213615179,11,2,3,1,2
XANTINOL NICOTINAT,58232.64000000001,34128.63,37008.21,True,0.08437432150074597,-0.10714096007085805,4.3601841447846186e-05,3,1,1,2,2
XEROFORMIUM*,57958.6,28318.68,42306.340000000004,True,0.4939375705364799,-0.07568097473117974,4.9843921900537027e-05,2,1,0,1,0
XEROGEL POLYMETHYLSILOXANE*,1222672.68,1141193.38,1322026.76,True,0.15845989222264856,0.01972369142529473,0.001557567933691735,2,1,1,1,2
XIPAMIDUM,12995.249999999996,38825.469999999994,47439.100000000006,True,0.2218551378772753,0.38225430300511576,5.5891168922477484e-05,3,1,3,1,1
XYLOMETAZOLINUM,17928331.73,15607742.7,17561227.92,True,0.12516129062019976,-0.005158829027982703,0.020690054325711235,57,27,1,1,1
YOHIMBINUM*,14431.869999999999,13885.32,17685.739999999998,True,0.27370057009849247,0.052143937219566006,2.0836750314803962e-05,2,1,1,1,1
ZALEPLONUM,23418.05,18463.42,30392.930000000004,True,0.6461159416836104,0.06734657352947293,3.580793869780484e-05,4,3,1,1,3
ZANAMIVIRUM,3.2800000000000002,0.0,0.0,True,,-1.0,0.0,1,1,1,1,1
ZEA MAYS*&,96743.11000000002,44995.0,48624.99,True,0.08067540837870868,-0.15800430674771726,5.728834505595127e-05,4,1,0,1,1
ZINCI HYALURONAS*,32732.25,22420.739999999998,22311.96,True,-0.004851757792115663,-0.09136289888482263,2.6287208765587046e-05,1,1,0,1,1
ZINCI OXYDUM*,1383248.55,1026893.3500000001,976868.6499999999,True,-0.04871460118034665,-0.08328573984813004,0.0011509141348006711,11,3,0,1,1
ZINCI SULFAS*,32986.159999999996,28766.449999999997,24498.56,True,-0.1483634581256984,-0.07167039811548714,2.8863388119029447e-05,2,1,1,1,2
ZIPRASIDONUM,497.88,81.11,0.0,True,-1.0,-1.0,0.0,2,1,2,1,1
ZOFENOPRILUM,32946.48,32482.25,26788.160000000003,True,-0.17529850918578593,-0.050415830913992266,3.156091864479626e-05,2,1,2,1,1
ZOLEDRONIC ACID,29064.870000000003,36757.020000000004,21339.289999999997,True,-0.4194499445276033,-0.07433702038793788,2.5141241340492003e-05,21,16,1,1,1
ZOLMITRIPTANUM,298074.80999999994,284684.86000000004,334614.26,True,0.1753848097155568,0.029330383383975533,0.00039423138570356093,9,3,2,2,4
ZONISAMIDUM,0.0,7982.05,10912.27,True,0.3671011832799844,,1.2856473371073299e-05,3,1,3,1,1
ZOPICLONUM,306884.58,481375.2,438144.56,True,-0.08980653760310042,0.09310174905177804,0.000516207339840439,9,6,1,1,3
ZUCLOPENTHIXOL,17477.75,20722.079999999998,19205.21,True,-0.07320066325388186,0.023843044737670516,2.2626939303267843e-05,4,1,2,2,2
