INN_key,2024-01,2024-02,2024-03,2024-04,2024-05,2024-06,2024-07,2024-08,2024-09,2024-10,2024-11,2024-12
ABACAVIRUM+LAMIVUDINUM,0.0,0.0,0.2428996650159566,0.0,0.0,0.0,0.0,0.0,0.0,0.0,0.0,0.0
ABIES ALBA*&+DAUCUS CAROTA*&+HUMULUS LUPULUS*&+MENTHA PIPERITA+ORIGANUM VULG.*&,64501.30221980565,58462.3304054781,59148.51808649729,42725.68976379391,38256.98583811244,38924.65343004849,41479.03383607861,42379.24409338394,47504.12503170944,54886.54051485109,59322.08243384564,62668.73350152254
ABIRATERONE,52.79991503464176,62.596965878230336,56.180626836513255,56.34077588655164,56.49771540999441,53.36488731216068,54.16344511730577,58.46271164483388,54.224545150268455,50.55963223802814,59.447722191647976,56.93181443795589
ABROCITINIBUM,0.17914235851398266,0.17816850550451896,0.17698870067405276,0.17564413438678456,0.17416775893407477,0.17258593614901163,0.1709197554980659,0.2591860885544141,0.1953984325765974,0.22556758537144872,0.23570218518443461,0.17780914261192804
ACALABRUTINIBUM,0.16535983040570001,0.1616200294542326,0.15799718007955496,0.1544678919663091,0.15701345286220864,0.14761889296542455,0.47827223643449346,0.2309639025962449,0.1656862269121423,0.1344330777513565,0.13119954980922405,0.12798171884201434
ACECLOFENACUM,11950.90049977882,12080.968368636099,14346.627624322084,9655.065189471037,11565.902202190377,10885.106772966004,11869.14299018668,13005.55052456338,12763.352712664917,12504.999823746311,11938.676473211583,12305.979953383976
ACENOCOUMAROLUM,585.9741344657291,663.6976515897579,829.3784476174058,643.7242667679483,678.1569044168073,672.4069968643187,0.0,0.0,0.0,0.0,0.0,26.51631708641918
ACETAZOLAMIDUM,6897.526330325737,6976.490239204602,7186.800576032618,5610.54565521995,5897.304928294744,5831.409156479499,6016.30294875223,6186.002792295338,6203.481876854747,6572.3611542271965,6704.870185850082,7024.033420873311
ACETYLAMINONITROPROPOXYBENZENUM*,7.954644195022636,0.0,10.549539260066386,0.0,12.958631110172234,0.01859584333872988,6.297750558796615,11.812735757431309,26.368159915083982,38.65660108380373,0.0,0.0
ACETYLCYSTEINUM,252341.91799508466,214769.83571010598,198531.71296653544,103062.66785609133,61420.75885214832,34015.0731334063,24730.930042825,46647.2106547723,142991.36942874247,249410.260332331,222644.01973961407,236771.99794985296
ACETYLCYSTEINUM+AMBROXOLUM,179518.97864710298,153567.37914022885,123835.5781171691,75727.35588116093,42388.06147479389,23797.648132139846,15550.543240456187,30080.827109548816,94142.60118726248,175298.904231873,157461.67845000097,151753.9768069429
ACETYLCYSTEINUM+TUAMINOHEPTANUM,6664.821240079484,6722.284873848213,6726.646561857916,4623.108693260401,4073.9623793771084,3342.3025092651965,3448.820594170387,4388.00744308926,7820.084903219077,9433.735252317656,7980.602312591237,8512.769941804823
ACHILLEA MILLEFOLIUM*&,8879.756487220322,8652.473619088069,8198.494900242167,5872.903500825356,5403.505556951811,3824.846377512881,3632.0270096216427,4112.454690968556,5044.342011705993,5697.658643955849,6674.24432541564,7485.616446243377
ACHILLEA MILLEFOLIUM*&+CALENDULA OFFICINALIS*&+POTENTILLA ALBA/ERECTA*+PROPOLIS*+SOPHORA JAPONICA*&,4890.5028154134125,4426.747500626177,4697.933444517423,4125.449995351452,4375.8794317397105,4922.30597657135,5307.695808157696,5177.688669147807,4381.957953660926,4597.542376992458,4399.622511378716,4631.213614608756
ACHILLEA MILLEFOLIUM+CALENDULA+CLOTRIMAZOLUM+GENTAMICINUM,95.00909842279154,107.42207499454445,106.72656439309708,113.33866405308952,127.1580519222338,118.72487035869953,98.66643324902243,99.32779170243109,93.65618660630831,99.77541067056043,105.29609806311242,121.51995611830435
ACHILLEA MILLEFOLIUM+CALENDULA+HYPERICUM PERFORATUM+MATRICARIA CHAMOMILLA+MENTHA PIPERITA,2.2058954122907406,0.0,0.0,0.0,3.327698354606863,1.0738596043932278,2.6064744060275906,4.639620081917553,0.42537008835033174,0.0,0.0,0.35292665422463454
ACHILLEA MILLEFOLIUM+CALENDULA+MATRICARIA CHAMOMILLA+MENTHA PIPERITA+TANACETUM VULG.,738.0564736907443,675.2078335993883,501.4588978530608,179.78692558275662,42.50292409327011,0.0,0.0,0.0,74.63603224449645,268.25889105644967,368.38155443276946,387.78846146058254
ACHILLEA MILLEFOLIUM+CORIANDRUM SATIVUM+HELICHRYSUM ARENARIUM+MENTHA PIPERITA,5084.166622121762,4956.19298651738,4211.471427075275,2638.8403285629915,2181.3495987945653,2098.7499640212245,2082.4236052439533,2577.0150672635355,2901.5479859206016,3593.909669887655,3802.091966102699,4182.943152116133
ACICLOVIRUM,289611.4914409188,249689.47427127283,250766.46799712873,218871.17763938612,196909.99001476465,170296.22697664023,206784.96680771327,232899.40893414436,254037.65249686188,255534.48080860852,252970.73931957857,283228.96638992726
ACICLOVIRUM+HYDROCORTISONUM,0.0,0.0,0.0,0.0,0.0,0.0,0.0,0.0,0.0,0.0,0.0,0.0
ACIDUM ACETYLSALICYLICUM*,1441460.557440626,1462592.0840473336,1754404.3329148619,1188433.899191046,1184608.0229941546,1424166.0536188034,2209197.770500684,3466857.1067883503,2241050.6642006454,1712901.092912643,1654160.7258644025,1504477.3094079725
ACIDUM ACETYLSALICYLICUM*+ACIDUM CITRICUM+NATRII HYDROCARBONAS*,1.503109983197195,2.129250682090433,10.404693888607072,4.925979101222449,13.098737918716797,22.936675620114343,23.55035642863442,28.43583172285256,32.42914260562911,45.77672195925242,0.2277160895531054,2.382242041195724
ACIDUM ACETYLSALICYLICUM*+ATORVASTATINUM+RAMIPRILUM,5290.608376888535,5382.567385393946,5660.52591512131,4550.247661826237,4686.310382113212,4541.918681265826,4508.173843510952,4527.838096230085,4530.084821328428,5093.224324330136,5273.674849654535,5390.838592837091
ACIDUM ACETYLSALICYLICUM*+BISOPROLOLUM,18.075417438904786,6.41571958835746,4.017835550764831,0.0,0.0,0.0,0.0,0.0,0.0,0.0,0.0,0.0
ACIDUM ACETYLSALICYLICUM*+CLOPIDOGRELUM,382.1387990931063,359.6560292642608,391.2497623314427,222.25109771544675,239.29371495290826,199.090157673136,194.14366077957652,224.5068121949875,240.42048225757452,306.2585672379026,378.32218415242346,405.2830266142987
ACIDUM ACETYLSALICYLICUM*+COFFEINUM*+PARACETAMOLUM,2881693.146113373,2779544.0151206907,2981736.741243799,2377568.503059542,2438858.94022939,2703368.1680825227,3043710.683682285,3097065.7622793484,2869880.2480742545,2919834.6696274346,2605782.636987233,2956883.6989923264
ACIDUM ACETYLSALICYLICUM*+GLYCINUM,9.014204229753581,0.0,0.0,0.0,0.0,0.0,0.0,0.0,0.0,0.0,0.0,0.0
ACIDUM ACETYLSALICYLICUM*+ROSUVASTATINUM,7480.575538796812,7687.347602327604,7469.0375147249,6891.370506215392,7369.113960980447,7585.746186365148,7745.557428245569,7979.947883322565,7937.31890895682,8107.701591036885,8333.431198273594,8619.186745635623
ACIDUM ACETYLSALICYLICUM*+VITAMIN C,27347.50034697738,22081.443845037567,24912.750812365968,14323.056555108926,14364.502518183534,14600.38705752347,16880.342057875656,20041.397427037657,22315.8106912475,26803.975871495615,25443.772584574348,29429.8529239176
ACIDUM ADENOSINTRIPHOSPHORICUM*,22375.15083345904,23560.860457434188,24104.69307120168,17262.266476803077,17304.571315871563,15365.176501713753,14828.74476497488,15753.274690171167,16838.718744915597,20531.837703298508,22029.73658459223,22838.935804214587
ACIDUM ADENOSINTRIPHOSPHORICUM*+ACIDUM FOLICUM+MOLSIDOMINUM,53793.05401148247,55992.27860099135,54604.499096882966,43149.66791788079,46691.97219896357,41998.709648114316,41209.70723171945,42672.585322888066,40960.923820107484,47813.81664216755,52111.33292410013,54552.6631739307
ACIDUM ADENOSINTRIPHOSPHORICUM*+COCARBOXYLASUM+CYANOCOBALAMINUM+NICOTINAMIDUM,29463.150948466733,31401.768310301635,28954.451250061295,22615.359852160782,25723.085784132112,25000.700780000927,25835.518226987726,25424.735234868913,27134.10389146561,29454.229467034715,32327.888177781748,30567.851796671126
ACIDUM ALENDRONICUM,4889.5239568661145,4716.613655950478,4799.692367760341,4024.4906897506035,4261.507499885187,4432.872300535226,4727.06549359763,4793.245000589926,4833.859558726137,5015.752957777477,5014.859429560923,5126.312359530053
ACIDUM ALENDRONICUM+COLECALCIFEROLUM,49.568322253249136,47.16349888779737,26.364020856730775,4.451619093172312,2.9356783436203315,0.0,0.0,0.0,0.0,0.0,0.0,0.0
ACIDUM ALGINICUM*+CALCII CARBONAS*+NATRII HYDROCARBONAS*,62352.968216592235,58918.97464659362,58165.700965532225,53131.17159562059,51030.154874628766,45468.03827277278,47201.72456622547,48528.09757592512,51890.394758622315,56090.44887971755,56358.258151531234,61934.77154391965
ACIDUM ALGINICUM*+KALII HYDROCARBONATIS,1375.736372503627,564.4599769144024,847.2829277950655,0.0,0.0,0.0,0.0,0.0,0.0,0.0,0.0,0.0
ACIDUM AZELAICUM,14607.45025428343,14094.908057120887,13756.072463269706,14188.460952067622,15270.659906984802,14980.988834797407,15875.541740926348,16474.600229708354,15509.138384612808,15572.257072415236,14811.514986536025,14614.26348171152
ACIDUM BENZOICUM+ACIDUM MALICUM*+ACIDUM SALICYLICUM*,110.04033288184814,123.73617712277942,114.61072314625518,98.60423059576655,109.08690718610642,124.07171908910905,163.57743924224192,158.28788599547897,138.9253140287994,146.57192708618652,140.88748816282688,128.74500765486997
ACIDUM BORICUM*,116834.36096516342,116587.2809864374,167780.53818443313,130041.75840031463,190125.70348318748,251979.99878970222,239124.43270867673,189562.714209488,146372.5184130442,121479.80018420808,117316.26574459928,113144.18630475641
ACIDUM BORICUM*+BENZOCAINUM+CHLORAMPHENICOLUM+HYPPOPHAE RHAMNOIDES,3498.5052074125156,3398.131371489091,3400.4581445397366,3029.4122047696396,3282.7096947429477,4132.724728510979,4220.846597314791,4160.406334147227,3794.3731654025614,3796.7712721962153,3643.9571994205244,3771.434182989357
ACIDUM BORICUM*+DEXTROSUM*+OSARSOLUM,48.865413374374114,52.088399113938316,45.98056258750133,22.581268248263388,18.222407658784675,12.181494069113345,11.21253807928792,7.550748169339226,4.79109112329191,15.448740368365705,1.3154346463363744,4.373764950624558
ACIDUM BORICUM*+ZINCI SULFAS*,0.0,3.0411313654124683,0.0,0.0,0.0,0.0,0.0,0.0,0.0,0.0,0.0,0.0
ACIDUM CITRICUM+KALII HYDROCARBONATIS+SODIUM CITRAS*,3636.724035617186,3866.418536025016,3796.1863711942924,3305.675674172724,3555.6457513984824,3544.6452480221,3801.2906801640074,3866.3436607205454,3733.805080008786,3825.0524502823914,3925.380581344288,3805.0137210368166
ACIDUM CITRICUM+MAGNESII OXYDUM*+NATRII PICOSULFAS,0.0,12.279502556887042,0.0,0.0,0.0,0.0,13.237876395350028,33.87510963511636,40.51532773568186,13.016733724886674,26.07829002500292,4.738366573848446
ACIDUM CLODRONICUM,1.7096251140701972,0.0,1.0541090336702374,0.0,0.0,0.0,0.0,0.0,0.0,0.0,0.0,0.10537216812695926
ACIDUM CROMOGLICICUM,5334.6426919637815,5547.3125899774495,9881.89026676571,11430.631366573649,14240.586804797316,17298.474513753587,14840.83643929593,47782.90813810712,26726.838055533415,8754.725347851772,5778.278940083785,6138.630372246722
ACIDUM ETACRYNICUM,1.58063706171848,0.044333778484787534,0.0,0.4821498319564167,1.3024719746695796,0.994505682171591,0.0,0.0,0.0,0.0,0.0,0.031190660534571868
ACIDUM FOLICUM+FERRI (III) HYDROXYDI POLYMALTOSUM COMPLEXUS*,5960.733537715238,5808.892652577277,5285.875959915642,6290.885021235071,6017.69908573935,5960.593952791508,5854.733461881971,5932.187484603077,5676.5463182286985,5783.20740057793,5748.602281906051,5721.699802417284
ACIDUM FOLICUM+FERRI SULFAS*,7069.6518959592695,6865.3617826913805,7115.534851343536,5729.664465531718,6453.654916148729,7266.074835908801,8144.97993098332,8744.0547663094,9122.686193836726,8132.673695125048,8302.33045542217,8367.949422926333
ACIDUM FORMICUM*,35853.31101597889,38873.38038942754,75937.99665173187,39003.97442512078,40896.54340737733,43799.20775672802,42281.37599975397,43083.075357720176,43590.96680763857,47371.57553111871,47325.05967344827,45224.978550857326
ACIDUM FORMICUM*+SPIRITUS AETHYLICUS*,4207.972638672863,3928.5044298734174,8936.40551425915,5869.750927170805,5091.098452182085,4387.268783688005,4912.465681363837,4083.9861169010846,2084.2184134066783,2645.0303778321977,3471.4694267816467,3067.976706028833
ACIDUM FUSIDICUM,965.8730447978847,1192.5957233225104,995.3157586123401,550.3372793143355,564.037588346062,643.0301280415737,996.4660522681132,1227.9150841194762,1045.1086020706969,1029.2721089018046,1147.2044068368207,1332.7629376549642
ACIDUM FUSIDICUM+BETAMETHASONUM,0.0,0.0,0.0,0.0,0.0,0.0,0.0,0.0,0.0,0.0,0.0,0.0
ACIDUM GADOPENTETICUM,10.810045846851928,0.0,0.0,0.0,0.0,0.28553736509565936,0.0,0.36834936897928555,0.8412830507528323,0.0,0.0,0.06086565536862731
ACIDUM GADOTERICUM,493.91461277883565,651.0898929266987,553.5049433856394,488.2114100934423,510.7210098003346,564.3519159064986,575.62666713208,603.8616944531952,713.4285426507379,594.488847549422,575.1271178090195,652.8453603573477
ACIDUM GADOXETICUM,0.0,0.0,0.0,0.0,0.0,0.0,0.09247116020935708,0.0,0.0,0.0,0.0,1.3236217314146024
ACIDUM GAMMA-AMINOBUTYRICUM*,15268.361009291706,15299.281777068994,15228.25038323304,12367.789660106475,13135.653873547433,12474.461236242401,13421.354718340588,14653.223095961339,14578.432590000148,15040.057777173399,14355.088718854211,14865.793464141065
ACIDUM GAMMA-AMINOBUTYRICUM*+PIRACETAMUM,0.0,0.0,0.0,0.0,0.0,0.0,0.0,0.0,0.0,0.0,0.0,0.0
ACIDUM GLUTAMICUM,1825.2004200918354,2641.0506403368972,2785.9967236738185,1914.36589748423,2192.49354367343,2391.582767765662,2769.4172541803214,2702.46595045292,2620.6204146118735,2513.0398930799074,2136.113382995207,1585.1780820683184
ACIDUM GLUTAMICUM+GLYCINUM+PYRIDOXINUM,0.0,0.0,0.7046218896310845,0.0,0.0,0.0,2.063920849227447,2.7013628037849493,7.1550101404700985,0.0,0.0,0.23810904383138265
ACIDUM GLYCYRRHIZICUM,538.961828443986,595.4929319791569,480.01570744413743,407.24382045296534,457.63900349687117,530.7582425688395,606.9871264632576,674.0733262156359,613.756178654382,585.6403532422223,591.6395855493383,578.8404640318746
ACIDUM GLYCYRRHIZICUM+CYSTEINUM+GLYCINUM,670.400515798173,688.9577223869418,576.0782893806576,368.99594469833096,468.64287067517034,477.3540131793426,551.088128905381,581.9394232089127,624.2916603744388,630.4626518295602,636.5550467163583,720.4493643484974
ACIDUM GLYCYRRHIZICUM+PHOSPHOLIPIDES*,3.2462228563386457,4.488996127733268,24.590462202476093,15.663682519897453,25.982306231461664,0.0,0.0,0.0,0.0,0.0,0.0,0.6670654970588297
ACIDUM HOPANTENICUM,16424.706986247857,15343.125408533415,14443.644562977588,11780.087503148658,13296.716671901238,13777.695623519026,14332.543601428988,15614.418800372681,16235.868576143366,17222.155213375634,16468.106139777177,16882.96169751414
ACIDUM IBANDRONICUM,2280.1638142876586,2099.524494178278,2172.1379775183927,1699.1021036181035,1831.4799439254912,1812.53355559902,1996.3533843654618,2001.0877868062332,2199.12544818647,2326.235716718278,2393.4380709713428,2402.296093801414
ACIDUM LACTICUM+ACIDUM SALICYLICUM*,0.0,0.0,0.0,0.0,0.0,0.0,0.0,0.0,0.0,0.0,0.0,0.0
ACIDUM LACTICUM+ACIDUM SALICYLICUM*+POLIDOCANOLUM,8.245668139736003,0.0,8.062990314900118,15.22443582219937,31.639929043820935,0.0,0.0,44.63054472712474,32.84896343088989,1.311635209684157,0.0,0.0
ACIDUM MEFENAMICUM,309943.12633603043,288807.36790038587,288852.21025500994,154477.8784418489,111540.46889445989,87320.05075968843,89359.41655501099,120169.24669440887,247500.74550906685,310875.92446393304,263682.1711309658,282632.18796773173
ACIDUM METHYLSILICICUM*,64246.30608797576,55111.0273245356,54242.56491867372,43740.08279887445,47408.868107925286,48600.34736005622,54355.23216665119,61352.247816817435,56182.68254184065,54284.7293267495,51315.805759566814,58962.722710710914
ACIDUM MYCOPHENOLICUM,482.78139703452734,633.9491803973859,670.9323532393817,570.049837664687,600.5447713566401,577.3832644619114,589.7970050978373,648.3237437582868,754.2296808383551,732.0057766541186,813.3759994584384,952.5495238536028
ACIDUM NICOTINOYL-GAMMA-AMINOBUTYRICUM*,1.350693110484428,0.0,0.0,0.0,0.0,0.0,0.0,0.0,0.0,0.0,0.0,0.0
ACIDUM OROTICUM,6870.554499219794,7054.356121196797,7197.405469625857,5945.842599216563,6833.249553736585,7247.71316820006,7532.723310618296,7692.547475400344,7397.52285807344,7097.331215059375,6556.849951495581,6490.636991492003
ACIDUM PAMIDRONICUM,0.0,0.0,0.0,0.0,0.0,0.0,0.0,0.0,0.0,5.382261701833307,0.0,0.0
ACIDUM PIPEMIDICUM,7232.799211893244,6666.9464383077375,5948.6264585057415,4380.210313730551,3701.7872369768074,3428.5946146402193,3674.9531558373546,3761.5922278614717,3596.108924547173,3727.134920962141,4288.935557160522,5023.3559051856355
ACIDUM RISEDRONICUM,852.9888754064284,787.0429809300086,786.8863438706843,597.2759127450365,625.53564636633,706.381911785176,837.0030026420648,812.9567538493872,918.6202333370569,939.7274954490042,917.0813836603737,976.7533727512808
ACIDUM RYBONUCLEINICUM*,7214.387381098956,6446.411392173601,3184.7456603275664,2195.8569341449875,209.31181249317297,0.0,0.0,0.0,3284.4313997387294,10150.009481439409,6261.223806094198,3833.369125112282
ACIDUM SALICYLICUM*,143712.26794555606,139537.62680684295,217320.84241396518,141716.317829631,151137.6939634132,172277.36197940604,176213.54388349887,187491.29528128682,162348.52629808505,154456.622652943,146166.3028789578,146468.51768257158
ACIDUM SALICYLICUM*+BETAMETHASONUM,45960.88587171305,44957.69896881315,46437.655607315675,40328.35747894015,41516.70953706218,40123.93054438225,39334.27511106076,39392.82332522602,39130.63845738067,39372.05752392685,41015.483737986244,43052.24407005621
ACIDUM SALICYLICUM*+CAPSICUM ANNUUM+RICINUS COMMUNIS,6782.483639205173,5721.042109458748,4805.798884161192,4754.92310242273,4727.8280755315445,4258.467252518178,4638.001792607068,6477.669423177764,7950.105926133902,7979.576326998397,7545.716646189578,6255.876900042103
ACIDUM SALICYLICUM*+CLOTRIMAZOLUM,7.510928769402014,5.264593675920023,4.924390327387206,3.1192121365561096,8.709907845541643,4.499283759352975,6.110105867748817,1.125101860999945,4.672963044863592,5.3543461598091335,2.677875109282474,3.3681426015572233
ACIDUM SALICYLICUM*+FLUMETASONUM,3880.798775141126,3698.9396948360604,4000.5803181718898,3307.9255044204374,3409.5559409991597,3374.2729778420194,3376.977694896191,3423.7477561194114,3169.841692677872,3219.410329504523,3322.121126545727,3693.3732517585736
ACIDUM SALICYLICUM*+FLUOROURACILUM,3547.62183039743,3323.1112731767635,3575.294551879252,3715.826099320265,3965.835061752097,4084.680756176584,4125.429436195197,4089.224904689108,3980.3218039632598,3837.970647861602,3708.341847459299,3623.696131616478
ACIDUM SALICYLICUM*+MOMETASONUM,5883.013274174496,5698.040180053732,6053.140302367568,5321.873797829083,5563.865991808743,4828.76114460292,4341.382664448706,4781.975277935785,4605.420766335894,4784.5089546664285,4943.665702941304,5192.36369917165
ACIDUM SALICYLICUM*+UREA PURA*,169.16662446571118,165.20049353452399,138.88450582208324,105.70823268463968,42.97853120719392,14.335687057746306,7.103528770697224,0.0,0.0,0.0,0.0,3.0091336392982697
ACIDUM SALICYLICUM*+ZINCI OXYDUM*,22146.824039276187,21637.273042008317,22423.524915436043,20258.97188542023,23872.463332649582,22730.276761675086,24995.043376137495,25393.15293894944,22780.485260441004,22133.624188876267,21146.078402866486,20630.91764530068
ACIDUM SUCCINICUM+INOSINUM+MEGLUMINUM+METHIONINUM,232.89117143857868,209.39669188777532,223.68016748581007,191.8100072029152,144.46053821527676,12.308822263843439,0.0,0.0,0.0,0.0,0.0,0.0
ACIDUM SUCCINICUM+INOSINUM+NICOTINAMIDUM+RIBOFLAVINUM,336.17954999772945,326.7001742261491,403.21227248071364,142.58697106011627,180.55673994811352,74.47742562927837,189.98828226395062,90.74800130445504,0.0,0.0,92.36138783031873,48.36517254276873
ACIDUM THIOCTICUM*,43613.72624437386,46118.31793414085,44230.03937692414,34479.156622120485,38678.63290924728,38485.30162991843,39111.99389742506,39714.50780240007,41417.95581734979,44390.22792027929,46102.69889359261,44764.33096321298
ACIDUM TIAZOTICUM,71027.21302960545,76184.35733581585,77362.26353227068,56041.185640921096,56789.14647932793,49316.00950153992,51070.69387079605,54251.31971768747,60159.16154668711,73994.25776137339,78791.69348460888,74335.60441468384
ACIDUM TIAZOTICUM+AMIODARONUM,5.0269110386840286,1.3968105220239053,10.145725631363561,0.0,0.0,0.0,0.0,0.0,0.0,0.0,0.0,0.0
ACIDUM TIAZOTICUM+CRATAEGUS L.*&+DIPYRIDAMOLUM+HERBA MELISSAE,0.0,0.0,12.72975475733809,0.6617415930087516,0.0,0.0,0.0,0.0,0.0,62.48622180826363,0.0,0.0
ACIDUM TIAZOTICUM+PIRACETAMUM,27294.224313411512,29375.05196140281,30662.458916083713,22867.096116116292,24508.21231243022,21342.039705769206,21567.16405672826,22167.072373783358,25200.7226637153,28505.639331948703,29324.914702823287,27611.843835810818
ACIDUM UNDECYLENICUM+ZINC UNDECYLENATE,9.115260278801275,3.6637598030516694,20.782390542207477,13.195526253287602,3.269465941907194,0.0,0.0,0.0,0.0,0.0,0.0,0.21267830728561243
ACIDUM VALPROICUM,37015.736867666,39868.1389098121,44917.5169879302,35255.347094825884,34184.43122474367,34149.194973079124,35659.977616148695,36793.58537500558,37139.80122649231,38538.05315208292,38762.22913695664,41202.76356925682
ACORUS CALAMUS*&,6056.600705527626,6210.421947558679,6124.723668107663,3238.2573714709997,3134.8090610858135,2412.2947397018115,2763.948009518754,3093.460152296454,3829.0533934427594,4536.49031328395,5023.2965760810475,5383.27431324287
ACORUS CALAMUS*&+BISMUTHI SUBNITRAS*+FRANGULA ALNUS*&+MAGNESII CARBONAS+NATRII HYDROCARBONAS*,3263.2115998694812,2732.7347745392935,2860.366480654693,1934.4550119265632,1718.031403323609,1230.8140828207952,1714.278992798094,1921.398487159483,2131.588449028144,2449.931184902623,2584.5497399817555,2806.537350424612
ACORUS CALAMUS+ANETHUM GRAVEOLENS+GLYCYRRHIZA GLABRA/URALENSIS+MATRICARIA CHAMOMILLA+MENTHA PIPERITA,932.3578103340644,812.4293572960795,692.9003606339608,251.01172907253408,101.18578959166223,0.0,0.0,55.80962435072934,173.70196888729419,441.1860102848151,601.5618091711008,702.1922140483981
ACORUS CALAMUS+FRANGULA ALNUS+MENTHA PIPERITA+URTICA DIOICA+VALERIANA,1588.6009808325605,1432.6423877104262,1173.5525035433661,708.9723865403656,462.21248326861235,184.5539509818575,234.7137154831005,335.2333174147425,537.7579892907037,815.8427171221202,1060.9422897179006,1085.4565381251718
ACORUS*&+ARNICA*&+BENZOCAINUM+QUERCUS*&+MENTHA*&+MATRICARIA*&+THYMUS*&+SALVIA*&,2412.071891293071,2227.147109006228,2271.357487789146,2051.973595427873,2018.2082861512472,2102.5990433423385,2235.4266537076037,2403.6253466122084,2354.9657055482844,2341.4457973095377,2343.652075330933,2368.6137023604406
ACORUS+ALTHAEA+SAMBUCUS+INULA+URTICA+TILIA+MENTHA+CALENDULA+MATRICARIA+GLYCYRRHIZA+THYMUS+SALVIA*&,42284.86066290234,34729.513446555764,29938.64165802974,11923.815011760198,195.1648792958258,0.0,0.0,0.0,15888.462455911915,39883.058757373525,34043.19178309408,32469.695388221775
ACORUS+ALTHAEA+SAMBUCUS+URTICA+MENTHA+CALENDULA+ARTEMISIA+MATRICARIA+GLYCYRRHIZA+SOPHORA+ACHILLEA+HELICHRY+SALVIA+ROSA*&,14268.302306530215,13037.005584419807,11502.60802395849,8402.72059281644,7237.055265129813,4821.568420207517,5363.170761496687,6474.878051755033,8191.235701188718,10330.852837962668,11468.497964608841,12603.062683152782
ACORUS+ARNICA+QUERCUS+MENTHA+MATRICARIA+THYMUS+SALVIA*&,8843.136119675837,8212.200979443449,8739.3343943484,7331.848253363216,7097.35846766593,7675.545366198958,8403.816012116238,8807.413655940923,8411.095698091529,8140.925658902872,7910.856754642805,8042.3727583256095
ACORUS+URTICA+CALENDULA+MATRICARIA+SOPHORA+CHELIDONIUM+ROSA L.*&,5299.993042857336,5031.190994493626,4866.807830267786,3650.2049733522435,3760.0527622849404,3710.9666678962258,4594.364666850384,5201.534740478839,5293.491673846733,5244.9104950061765,4967.752026398861,5443.330125978137
ACRIVASTINUM,0.0,0.0,0.0,0.0,0.0,2.1456704224465484,0.0,0.0,2.8633396872371493,0.0,0.0,0.0
ADALIMUMAB,370.9830692229266,367.638084226434,391.39451645708107,397.0076824694397,404.9550355071676,426.15013816519115,445.80424051945107,421.2195426307,375.0282045475402,364.8731543088534,355.5127343457451,440.0912186030995
ADAPALENUM,2351.1465834603387,2228.4281674315757,2211.901693291533,2356.757972662466,2109.48725484218,1551.4497392689188,1355.732385493277,2011.9355611557314,1792.9955603686624,1472.9554184219744,1448.3667635475915,1796.087698331053
ADAPALENUM+BENZOYLI PEROXIDUM*,9311.41851178536,8987.77647630095,8607.018285769424,8739.871747943133,8993.554680186819,8902.387608996982,9274.222434545294,9813.331061994853,9762.600001250594,9013.968936722213,9351.451268598907,10199.19262706043
ADAPALENUM+CLINDAMYCINUM,15550.595210965816,13720.760831226804,13238.182951997971,11870.789873177286,13400.891834683116,13635.957828450153,14610.144648026171,15662.023728249356,15551.969016990282,14711.770872545407,15983.71878155188,16037.139533319441
ADEMETIONINUM,50399.04592312701,51083.086058733235,47865.89972014958,42124.465002214034,42783.24358079696,42213.20159659468,42758.40356216421,43395.06708755123,44417.094660792194,49173.55507231634,51988.22335446704,52019.64833311895
ADENOSINI PHOSPHAS,302.5828707314053,323.0967869206343,328.2301395871482,338.54735690708264,326.2539456477667,340.6565372381629,342.6869315357856,340.3621384052735,346.2264172180333,382.33531437690147,355.5096989645725,366.02179660960627
ADENOSINI PHOSPHAS+CYTOCHROMUM C*+NICOTINAMIDUM,46540.2711503037,44586.815086135306,51298.1392499159,35224.38639605569,34764.38872808283,29218.111208819857,34337.13180852478,46161.481703404024,45261.41663442275,45540.964394353025,46287.81481741255,47550.03177097549
ADONIS VERNALIS*&+ARNICA MONTANA/FOLIOSA NUTT./CHAMISSONIS LESS.*&+JUNIPERUS COMMUNIS*&+MENTHA PIPERITA,977.6629802491713,1164.4345156667193,1381.7839446120388,834.1356883795753,614.9124840048854,545.8485211164145,546.8575514169188,574.4373762686026,539.002236761231,746.9427257666144,943.8929175822025,1010.1324716459536
AERVA LANNATA*&,5626.7867647599605,5582.882923865514,4875.70828265871,3283.4434012020192,3105.0383275454187,2434.375500128892,2532.165269704423,2240.6791168735986,2372.0430261176916,3002.4505850217206,3774.154263653694,4253.030038068025
AESCINUM*,3199.983492445465,3179.696039646934,3408.379942037173,3382.842528578428,4165.137262440494,5094.014914159212,4798.446500163249,4030.282433595543,3209.279044970442,2930.4281986994242,2714.536186311674,2714.622441030537
AESCINUM*+DIETHYLAMIN,902.4545067643,958.9841135806133,746.960204590764,515.3838829559829,796.0796312052573,927.3010353617764,987.1225642440907,998.8849929070414,940.3441413945011,864.378665741568,807.4386907763209,910.853116361222
AESCINUM*+HEPARIN SODIUM,0.0,150.7624932596821,230.9081818515984,138.02027381988017,256.69508848925386,442.34688131950145,492.4970566784482,312.18033806035396,87.54850426062708,66.83617831559425,93.66505865431643,112.2909040200428
AESCULUS HIPPOCASTANUM L.*&,497.4635215399802,485.60410614378975,603.9705128094348,458.4631504338229,633.4572074690171,747.7266129444771,778.4739994381895,713.2306678992421,552.9965542292679,531.2721975348176,546.2127099671152,539.0357480698239
AESCULUS HIPPOCASTANUM L.*&+DICLOFENACUM,611.3368369830835,619.8395889546372,580.7250468252952,531.9298694152362,550.9929837806039,551.1755315663129,618.008826088295,609.1091179992954,677.3558078215106,748.4656159726977,700.7391187870621,691.9959773319686
AESCULUS HIPPOCASTANUM L.+THIAMINUM,8051.047677157578,8782.150573015497,9130.702498370902,7106.360047324307,9018.3024951561,10400.29126209061,10389.85948430729,9050.540470749716,7750.910468572727,7682.155675500213,8407.395849711274,8141.789197749196
AETHACIZINUM*,10039.040642309115,10585.20285845072,12297.871438810515,7538.364710544862,8818.774135378857,7676.618482692564,7657.173567990041,7985.918443674536,8517.977151668647,9432.893325510446,10094.853072030402,10584.073676692877
AETHONIUM*,18495.20066516156,18677.251475546233,18432.598599763947,15269.082775048093,16048.678591185384,16200.525720005193,17482.376298971012,17929.092838053642,17922.029345229723,17801.77862688056,17693.40892811121,19043.977245005703
AFATINIBUM,0.0,0.0017782729516133864,0.002025094233741716,0.0022718983002890576,0.0,0.0,0.003012238332215589,0.003259001742446874,0.0,0.0,0.0039992624132444594,0.0
AFLIBERCEPT,131.53917179051962,138.89259018990748,110.15660887718664,100.60110779477877,118.95119089662131,110.64534134586414,122.00554567302727,120.50739310252658,141.09815501389483,122.59684851075826,152.48628727601786,160.38112225599434
AGNUS CASTUS*&,21939.475294708915,21346.813539322884,20346.419570246075,17815.798630216632,18053.20371342509,18528.234815223863,20065.774331894892,21229.752180463725,20240.336694550795,20655.487341052467,21309.06489348581,21633.173970664488
AGOMELATINUM,4197.437031749916,4272.384149087157,4221.027287302602,3478.1724422206116,3501.4636105006693,3376.9007894703664,3402.0691769917767,3419.0749313545566,3485.348979190432,3721.2724618047832,3871.495492241916,4228.608960937274
ALANINUM,6641.968495997242,6481.6593580953095,6477.36336419499,5374.903885495963,6467.504818957969,7929.912882148802,8535.522649122697,9792.513379123042,7745.824879544545,6778.819796302976,6792.127846130948,6569.273602414554
ALBENDAZOLUM,260680.0854364268,244917.28462988423,224840.9112199933,184286.27132742375,176823.3562487112,161501.3146210844,180905.19775432604,212764.3494962625,220315.51972515485,246717.8875436118,256496.6366337206,254020.3711411508
ALBUMINUM HUMANUM*,5690.886927208994,5385.519404961001,5031.641390385721,4781.859781948617,4852.57969842205,4941.158834823915,5082.1745471685235,4910.724320267329,5283.872541969489,6020.3027225543365,6276.40647024533,6510.724671621244
ALCLOMETASONUM,1135.1549359899095,1137.2925869000105,1134.876523410253,977.2614884006084,1002.2544761750548,931.0434821767734,843.19810276031,825.9260150093012,847.9633605906557,909.6930528379013,1044.3450224178591,1077.1364138639874
ALECTINIBUM,0.6121109512391678,0.0,0.0,0.0,0.0,0.0,0.0,0.0,0.0,0.0,3.8824874042483897,0.4753790287046682
ALFA-BROMISOVALERIC ACID ETHYL ETHER*+DOXYLAMINUM+GUAIFENESINUM,73604.05466252791,73016.32863718996,82161.84988282678,66517.40174524343,57598.73610108395,51827.33285166355,56868.77511803445,58289.73379703835,60814.85080614868,66178.50967934413,67755.37924380769,73309.23896128574
ALFA-BROMISOVALERIC ACID ETHYL ETHER*+DOXYLAMINUM+MENTHOL SOLITION IN ISOVALERAT,44538.680134726514,32914.77936379995,24047.164668759164,10584.84723442702,5914.996408661767,0.0,0.0,0.0,6660.039781904832,12234.997655146388,16007.531875440098,22860.27637337554
ALFA-BROMISOVALERIC ACID ETHYL ETHER*+HUMULUS LUPULUS*&+MENTHA PIPERITA+MENTHOL SOLITION IN ISOVALERAT,3399.52726416328,6511.524404698734,3725.7980524424593,0.0,0.0,0.0,0.0,979.7345126663088,1391.2937507087108,2819.0322764579983,3211.140632372794,4270.589252419995
ALFA-BROMISOVALERIC ACID ETHYL ETHER*+HUMULUS LUPULUS*&+MENTHA PIPERITA+PHENOBARBITALUM,33184.44125205281,36167.384919199976,32784.597595835,19674.099331483518,21435.489773194844,19454.57478566584,20725.27114035852,22123.995270161802,22451.080086320144,26194.921854515815,27766.34912714694,31063.903728991736
ALFA-BROMISOVALERIC ACID ETHYL ETHER*+MENTHA PIPERITA+PHENOBARBITALUM,530976.5192783484,530336.5861139105,560771.7351995317,491777.6736852001,425425.68849090626,400401.8819526426,401525.7819392032,415625.788745623,431237.00300793024,466063.29803494754,471959.7548737329,528154.1115619325
ALFA-BROMISOVALERIC ACID ETHYL ETHER*+MENTHA PIPERITA+VALERIANA OFFICINALIS*&,0.0,165.6348469651994,61.14368511512669,0.0,0.0,0.0,0.0,98.36233085550859,132.26526144660147,0.0,110.71952980008194,233.91281521187432
ALFA-BROMISOVALERIC ACID ETHYL ETHER*+MENTHOL SOLITION IN ISOVALERAT+PHENOBARBITALUM,185984.14917311442,178834.7430383062,160368.47825454967,128019.38655163441,124625.17851339225,108822.83380688858,114350.87576577568,128824.22905697531,134885.8750140251,150591.6079037549,156975.04713962882,175407.02945241795
ALFA-BROMISOVALERIC ACID ETHYL ETHER*+PASSIFLORA INCARNATA*,6220.9514217904625,7028.038265803841,7712.1306244266025,4368.491394736868,3675.0268943971414,2506.2605775374186,3291.3036074617003,3914.8441148131833,3699.359404106429,4142.883718953085,4041.380454242466,4837.855925886035
ALFA-BROMISOVALERIC ACID ETHYL ETHER*+PHENOBARBITALUM,47144.338298069735,51470.35412021022,53630.4487580282,40385.297648388165,34837.76474078171,33452.07839480214,33055.031698124076,35070.852720887204,35879.82071920329,40264.744697961745,42542.039061074094,46350.74333166954
ALFACALCIDOLUM,57.06666564404873,0.0,0.0,0.0,0.0,0.0,90.52170466781774,0.0,0.0,0.0,0.0,0.0
ALFUZOSINUM,265.06266261040554,279.2713781183594,257.6346905080512,232.45888040313338,236.4141723025278,216.49274580537204,246.5715445909761,259.42292360278805,255.23596679556636,303.38314133311763,370.27882094648743,405.358104620512
ALLANTOINUM*+ALLIUM CEPA&+HEPARIN SODIUM,6097.431844469774,5790.809154171185,5433.433743082634,5023.801755362111,5678.832106336014,5909.7855282654555,6393.535406959328,6059.3676510647465,5160.3649874994,4917.633197797442,5113.868907186195,5388.112615847518
ALLANTOINUM*+DEXPANTHENOLUM,8.003673106127309,16.16454330327835,0.0,0.0,1.6611517248721972,31.485003645434418,26.077801883555644,8.413799123357911,2.619235414757167,0.0,0.0,3.6604026310019275
ALLANTOINUM*+GLUCOSAMINUM+IBUPROFENUM,1088.5229392289234,743.4946327660916,956.9529388600656,1615.4073349994846,1878.1522031752602,867.1126489801211,277.00475688824895,390.19419447899213,345.3774958158267,1167.1466881495335,2170.13419328074,1695.5111486499445
ALLANTOINUM*+POVIDONUM,5288.194474039647,4872.444588484299,4923.927302768559,2959.225696924501,2472.7210349777906,2248.991928148958,2375.588065414428,3068.7547979553397,4909.338806716604,5361.333036454152,4517.919042972727,5088.57487091612
ALLIUM SATIVUM+CARBO ACTIVATUS MEDICINALIS*+CHOLE MEDICATA CONSERVATA*+URTICA DIOICA,233860.70736651987,211395.47714038604,192686.96816053477,160472.73697770963,153794.54763250536,127047.25375739785,131926.03825836763,139744.8554601993,149719.8752227205,168047.25303379333,175606.91048370738,189012.01084469454
ALLOFERONUM*,77.11898646571655,0.0,0.0,0.0,0.0,0.0,0.0,0.0,0.0,0.0,0.0,0.0
ALLOPURINOLUM,32918.645332845685,33241.75938347562,36842.5414114761,29314.417821373,30400.294936787053,30315.15981661482,31067.67570797356,31470.30160855708,30667.253916520414,32153.602550387623,32456.388244977905,33333.48798814666
ALNUS INCANA/GLUTINOSA*&,9981.212587711314,8915.192508768763,11127.445087515258,3948.6877924129785,1237.8581982316791,0.0,183.90569993209192,2039.2800499485566,7124.686571862256,11075.018431293745,10157.83896073946,8929.013626196564
ALOE ARBORESCENS MILL.*&,15933.874420188815,15320.93672154564,15374.81356546522,10190.015243435002,7211.48958864495,4847.978467647029,5407.247373682811,7410.149101345559,10659.731886309877,14152.853517115458,16081.52982459404,15283.27267341102
ALOE ARBORESCENS MILL.*&+CALENDULA OFFICINALIS*&+EUCALYPTUS VIMINALIS*&+LEVOMENTHOLUM+MATRICARIA CHAMOMILLA*&,33.85548481369694,23.896450789080262,0.41701561768106776,0.0,0.0,0.0,0.0,0.0,0.0,0.0,0.0,0.0
ALPROSTADILUM,609.6514825206178,614.897439563234,625.6043065032452,549.4083013611726,655.5883985534326,619.3681776131591,609.2237021668586,610.3694231157365,622.4081011807571,688.990744938692,680.4305612509579,620.9329156066892
ALTEPLASUM,2.7193732115020834,0.0,0.0,0.0,6.958052788574397,0.0,0.0,0.0,0.0,7.070273960786507,0.0,6.105938544228813
ALTHAEA OFFICINALIS*&,226137.70701753008,187641.11264011622,190493.803645826,73263.2813580349,28706.605235443043,0.0,0.0,11969.444488182562,132972.21977012526,205462.7569033203,172172.45991751744,193571.14923651618
ALTHAEA OFFICINALIS*&+AMMONIUM CHLORIDE+ANISUM VULG.*&+GLYCYRRHIZA GLABRA/URALENSIS*&+NATRII HYDROCARBONAS*,19847.250603042063,16705.462955549523,16223.07240437961,7336.589930267795,4554.266317802461,2072.149794654315,946.7921429599137,2731.0195884285095,12628.460311627507,18256.678057010817,16897.08902014159,18112.87495747032
ALTHAEA OFFICINALIS*&+ASCORBIC ACID,134355.01579649065,119691.00225919874,112151.37129138244,50596.921979146646,25709.674791375204,3743.8485031752934,0.0,9912.07074181566,80633.73684957935,125492.11439780753,118775.6354984073,123556.99384090434
ALTHAEA OFFICINALIS*&+GLYCYRRHIZA GLABRA/URALENSIS*&,568.6582624500478,491.09556400815535,491.40770744969564,174.86212439798211,57.850360151665456,0.0,0.0,0.0,184.5826596894477,332.6762993601087,291.547913291692,442.8923066320125
ALTHAEA OFFICINALIS*&+ORIGANUM VULGARE*&+TUSSILAGO FARFARA*&,13317.815085876426,10934.726337237584,11078.49911370856,4319.957110267395,630.5444828965109,0.0,0.0,0.0,5457.57815642719,11509.051396734601,10433.857364362579,10830.743113847006
ALTHAEA OFFICINALIS*&+THYMUS SERPYLLUM*&,6660.195380156342,5641.049974151987,5611.166759879207,902.6432989916862,0.0,0.0,0.0,0.0,3483.8375192836247,6656.06016969944,5480.273800562793,7043.678215784179
ALUMINII HYDROXYDUM*+BENZOCAINUM+MAGNESII HYDROXIDE*,54463.337619130645,49779.52612606307,48822.738181789624,42390.98267655149,39382.65032254156,35193.90928951424,38172.496513272985,39917.046742460574,43853.203375991274,49462.585132996435,49974.93058878115,54944.12660358955
ALUMINII HYDROXYDUM*+CALCII CARBONAS*+DIHYDROXYALUMINUM AMINOACETATE+MAGNESII TRISILICAS*,6002.103680470055,4942.594817437743,5265.2455750808,4532.773629264156,4194.311920679747,4045.2220018811286,3471.031514911143,3648.8229734040597,4052.5051882673033,4422.246808226805,4546.639552263315,4987.6007955614305
ALUMINII HYDROXYDUM*+MAGNESII HYDROXIDE*,40235.622340011425,36906.04495309844,37279.43500866947,29588.79181822769,25174.8780309757,18926.461766275534,20484.859519616803,20751.153287391233,24119.892666712203,30590.071335270404,31547.141435218356,35880.70508027815
ALUMINII HYDROXYDUM*+MAGNESII HYDROXIDE*+SIMETICONUM,11814.83533301661,11161.49734826742,11450.972984863733,9484.703518536448,8522.779969870287,7226.498755333025,8260.383408098882,7961.297954707229,8908.887616389575,10165.736570131114,10607.162557520014,11524.6261718268
ALUMINII PHOSPHAS*,14411.865507150327,11797.176812045413,7169.429887414664,2465.729179163247,3475.836644015293,3906.1938473501104,6686.3360414711515,8562.569028221162,10916.94104907435,13510.81069721008,14362.886047171853,16731.43995859445
ALVERINUM+SIMETICONUM,10198.390246080166,9662.355736349607,8882.115299612675,7537.782921270643,7325.969789644531,7324.845655391151,7583.698719035963,7976.931540999327,8321.58336961753,8591.260003559604,8762.284881760781,8997.185555369231
AMANTADINUM,7372.266183798167,6975.811715460567,7586.377390693238,6333.102780782123,5863.308342755986,5549.798042237826,6062.6082517260475,6262.295269219375,6410.346133116789,6649.26767413747,6982.706956856768,7740.124432934955
AMBAZONUM,58213.71926725203,53250.032587941954,50555.497697453044,21014.342638021066,16810.869443434654,9369.593740724671,9278.495231515852,17580.29407710793,51693.37840654077,54994.59992304619,45765.34798920968,53316.90369509962
AMBROXOLUM,477180.24760371074,411192.440224411,415379.60235759243,219417.0885007589,139551.22505191335,75368.70592945824,51111.099468115375,102042.1863356624,330062.79226632125,510249.9626474697,447954.04418900976,467185.819858863
AMBROXOLUM+CARBOCISTEINUM,17260.033189065143,13488.315308551657,13051.374312170878,1596.344023096266,0.0,0.0,0.0,0.0,9384.705834629189,16495.195489242957,13888.527720963993,16358.393614370822
AMBROXOLUM+GLYCYRRHIZA GLABRA/URALENSIS*&+KETOTIFENUM+THEOBROMINUM,8669.029675031907,7730.197585205615,7705.634070443774,5639.570215733495,4641.452489064468,3741.0992648284396,3621.6168425388114,4228.857461806303,6493.57091431949,8973.478633429233,8803.524565816224,8805.220668825008
AMBROXOLUM+LORATADINUM,72017.5085993972,63341.82805786279,58902.683550114525,36230.1758693952,26631.481650299054,17756.76260050143,12450.937686142632,21340.41048013489,52222.18824080801,77740.4475748258,68775.97176751934,75080.79304715345
AMBROXOLUM+SALBUTAMOLUM,5867.351426130344,4912.867679497476,5527.75027396667,3357.5611413175193,2554.658626973693,1797.5982072741253,1709.6522632899637,2260.9158998781277,3970.5920009241518,5358.3628735364655,4886.885963401809,5068.171227069576
AMIKACINUM,13819.978389349764,11351.944497111408,9685.225801159015,4543.030462235376,1452.5622089347635,2228.4628241325536,2471.070534129083,3870.04951996459,7085.0179264712915,15215.047469514931,16934.365121788138,15450.744461444987
AMIKACINUM+BENZALKONII CHLORIDUM+LIDOCAINUM+NIMESULIDUM,17759.617821134292,16840.932835017542,17201.86304751342,15529.790618899395,16832.200077397454,18136.82064558517,19942.64810152462,21160.59426766546,19521.9062019674,19363.248750798233,18046.371391252167,18269.689305004595
AMINOCAPRONIC ACID,13766.99971405161,16250.276979149812,17505.896537380082,5142.883930116002,4050.746790456451,2385.4428248805193,3574.443798571483,5561.4203236759595,14784.747289911249,16744.144609051196,14965.866610514855,15783.165957837497
AMINOPHYLLINUM,35745.673771932605,32475.17844211447,36303.43995480899,23250.185341513665,23939.843027426432,19434.041752705692,19181.07410947814,21449.135771445137,26776.523277567787,38754.05265901494,34934.90034072171,35742.000662636165
AMINOPHYLLINUM+ATROPA BELLADONNA*&+COFFEINUM*+CYTISINUM*+EPHEDRINUM*+PARACETAMOLUM+PHENOBARBITALUM,1488.6692915972324,1553.4369185134371,1417.952746914976,1228.1111365047816,1186.9179750452004,1144.4447727461095,1313.8311377754121,1300.2707566674287,1016.9521786496168,1418.8138431039415,1820.9949015359757,1872.1614751501781
AMINOPHYLLINUM+KALII CHLORIDUM*+MAGNESII CHLORIDUM*,660.4085479054712,733.2822915951512,0.0,0.0,0.0,0.0,0.0,0.0,0.0,537.1244746748077,772.5835375396565,781.0999994458716
AMINOPHYLLINUM+SALBUTAMOLUM,0.0,0.0,0.0,0.0,0.0,0.0,0.0,0.0,0.0,0.0,0.0,2.963240674792411
AMIODARONUM,99009.0088778137,106390.33846651131,112610.8572861774,87276.1910906182,92629.60688287887,86719.78586539533,86369.0286001165,88362.0727366014,93915.29559449731,102644.105029522,105018.0565262497,113002.73247233986
AMISULPRIDUM,5782.811728190726,5944.885859420869,6633.116405471943,5415.118483379767,5418.743786772989,5347.95527055453,5459.937298646725,5702.935362187444,5788.895454086984,6114.531168673577,6016.840581409815,6205.49895266577
AMITRIPTYLINE,39432.88072626776,39704.52637279291,42674.181260227,36060.32874038822,35650.39949473113,33522.00606841942,34344.34089758399,35511.8783311296,36762.97264818004,38365.275672034324,38521.23726133172,40823.96570298358
AMLODIPINUM,380199.519835231,425510.84459550015,458586.2027823762,340006.85771053785,357802.8124317278,325816.97778734064,322664.6744504915,318590.52695967304,343401.11054567894,382577.0269931445,394515.1661297776,422435.1150177448
AMLODIPINUM+ATENOLOLUM,649.4895900965716,666.6174847479641,717.2794359789418,462.1686324735879,550.2388251791685,442.35381485349694,474.2814421028236,483.1299794121486,515.2388447694725,681.4535725651954,639.6629903116377,670.6365600186554
AMLODIPINUM+ATORVASTATINUM,83.21963034964486,75.2169868725502,97.46004502780137,47.663664488929214,47.301732994758424,57.72896073634871,51.80711586654789,52.82361290763413,55.95238347743005,70.57697287019373,79.60981732133159,82.49566581916879
AMLODIPINUM+BISOPROLOLUM,13718.761473326793,14243.176176951198,16078.324472943255,12123.799642829421,12006.466711830883,11681.762500124578,11550.888063852059,11698.583447926569,12098.940688278704,12984.247013652937,13236.766207044846,14148.710094850903
AMLODIPINUM+HYDROCHLOROTHIAZIDUM+OLMESARTANUM MEDOXOMILUM,229.93299703615475,190.5625491319047,146.8601102305664,135.9132785315574,119.92933259441187,137.68369526675713,141.33830482669504,145.88591189670706,155.79631697477836,178.58456045929705,210.6370746689737,228.33580545877672
AMLODIPINUM+HYDROCHLOROTHIAZIDUM+VALSARTANUM,109376.35709487919,114694.75701234423,121169.10908183818,104498.86439575965,104796.24549188725,101749.08138111068,100507.1363237751,101127.9903672085,102976.94165637242,110683.65852898038,112513.6814058601,117596.11048679803
AMLODIPINUM+INDAPAMIDUM,26256.01680759604,27098.295298852958,29775.022846234708,23389.519238516325,23277.633906717838,21802.780795655253,21758.651061181412,22410.125227978555,22980.628515792472,24707.37710041983,25831.451122497932,26948.33629453663
AMLODIPINUM+INDAPAMIDUM+PERINDOPRILUM,480044.84997109434,507105.92792427784,540813.5978692296,457892.94290636154,454072.73538106447,439565.5230214598,442663.6801692631,446682.2561491038,454941.7068193801,493171.6113455701,497542.72423487826,521707.71666914865
AMLODIPINUM+LISINOPRILUM,37587.233711907065,38929.49786186262,44989.17981155755,31698.336401043973,31033.954302363585,27345.054053149768,28953.615283509185,29900.872497527205,30130.883698472095,35061.33288895849,35486.5780710781,37805.01084650425
AMLODIPINUM+OLMESARTANUM MEDOXOMILUM,5090.554588220267,5381.086627684477,5781.218402588646,4818.555926160779,4730.676410967473,4647.052508947007,4695.402539440731,4853.868705822941,4896.469301299209,5234.214904414835,5409.764564787849,5564.405979555383
AMLODIPINUM+PERINDOPRILUM,76334.91867390781,79024.18737433692,88428.24540997887,66095.40651379115,64554.043272139665,62364.493754117175,63252.52561499786,64215.68137900111,65590.7606655024,72131.78917000213,73463.84424890061,76588.91498731807
AMLODIPINUM+RAMIPRILUM,15410.500700977118,15626.731730248357,17759.97656250114,13835.704437139151,13590.628745685344,12851.157001358091,12792.631214732073,13135.620594267051,13621.840506730816,14846.24764553762,15046.62736541885,15940.251150159616
AMLODIPINUM+TELMISARTANUM,7975.70796272428,8368.629726241861,8913.70283153633,8949.36131151884,9259.563097454988,9413.112224047092,9639.514924262357,9838.335619419624,10242.748809771792,11084.666870559115,11114.495758259836,11460.258631528288
AMLODIPINUM+VALSARTANUM,119153.30381580029,123915.5878776615,133520.62898283263,104556.11692265164,104456.29993018896,97947.96219190101,98239.89185695275,99105.91784467627,103206.50249053721,114090.95566290812,116117.00045648697,121557.12094703219
AMMONIUM FERRIC CITRATE+CYANOCOBALAMINUM+FOLIC ACID,2740.098473914605,2846.403995647059,2731.035167075812,2476.416858261604,2497.003365253027,2525.025724888955,2723.9563666404874,2863.045234084503,2692.5874820825047,2677.6948345236965,2781.994670519439,2837.560893358823
AMMONIUM*,72638.48585448282,96800.82965153118,160898.44509533822,292567.75305655226,515835.149831692,396195.06685797195,215691.50048516435,143887.09299308664,107941.12820559289,92235.65278176626,80625.10604887333,79695.05946872741
AMMONIUM*+ANISUM VULGARE GAERTN.*&,3102.180322696978,3148.0550421174653,3094.718161971722,2888.7052021729933,3676.8177786518772,1820.1727841528495,1387.1785328714927,1451.1564761642744,2136.8293751163656,3277.513038595905,2822.8889136974017,2669.0729580964658
AMMONIUM*+ANISUM VULGARE GAERTN.*&+GLYCYRRHIZA GLABRA/URALENSIS*&,1921.4999470742125,1809.7691145051656,1734.0648651767967,1166.26228244097,856.6098329791771,599.4202901366116,510.4686725894278,626.2557952785493,1210.287910156715,1690.680818786116,1806.0767624165057,1745.8303340476855
AMMONIUM*+GLYCEROLUM+SPIRITUS AETHYLICUS*,14185.787968505954,14670.403517733106,27121.371026022858,15797.003301562694,12360.711790902586,10907.075251282533,12102.55908849452,11633.780027172143,18766.20904702226,16297.930131810397,15224.947268548935,18039.41324684779
AMOROLFINUM,12059.829563660762,12235.455091985328,12564.848825564684,11269.706723347868,15676.401952494114,19617.55664673081,18387.317313039865,17752.65195700682,12515.426983100073,10547.193914894378,10658.96197124952,11062.524527253338
AMOXICILLINUM,133941.8174222819,119777.00980907067,123235.56983575656,75689.05157436001,66310.52228249761,59361.95336626243,70320.4187505291,74870.97917519722,112379.48163218654,136192.15691503277,120402.01885856458,134074.62413064478
AMOXICILLINUM+ACIDUM CLAVULANICUM,303555.2277362361,286264.1829099902,276991.55152896006,203299.32010410257,187927.7650441833,177746.63267621445,198344.50446180606,199792.37237024607,249721.29957696467,310924.49662230624,295614.85433854617,312108.6137915047
AMOXICILLINUM+CLARITHROMYCINUM+OMEPRAZOLUM,3457.22800596215,3946.325344314492,3948.799289628208,3110.7885205110224,3025.5439798491166,2659.4372219514344,3074.91109026513,3283.7154595479287,3586.9166296060107,3876.7248402843175,3678.8842834588054,3712.483912630238
AMPICILLINUM,38538.68345859353,35546.61538595687,37526.90044804759,20213.986017920237,15424.799994018402,12196.762695096997,18662.10957615992,19000.641801210317,30745.058701450693,38401.996941843056,34426.25985435699,35200.77690456819
AMPICILLINUM+SULBACTAMUM,1836.1969353223944,1403.2063015877761,1906.9706582288661,0.0,0.0,0.0,0.0,0.0,0.0,1459.7391542336572,3138.6962493758588,2435.6815891184046
AMTOLMETINE GUACIL,1089.6163562902964,1226.1340272290374,1148.1360749553014,834.3296241115829,1010.5599744118795,941.1813656273875,1018.2315895750651,1044.4200797084777,965.1511827904787,998.3703762313507,1156.725241959319,1210.2470455169644
AMYLMETACRESOLUM+ASCORBIC ACID+DICHLOROBENZYL ALCOHOL*+SODIUM ASCORBATUM,66764.69072128038,65514.92309009962,72295.64405923114,57667.008708612484,53172.4191021937,48626.498491134815,47985.52907636382,53309.069818623175,78133.84988650677,79123.6222148898,75421.03595167234,76322.67201517451
AMYLMETACRESOLUM+DICHLOROBENZYL ALCOHOL*,75682.17725740827,73663.88163171102,77321.12616149496,27646.945215663913,12492.062289340827,0.0,0.0,15544.110488148977,83528.67942869589,83417.50401147522,56113.103908040444,57494.321655634376
AMYLMETACRESOLUM+DICHLOROBENZYL ALCOHOL*+LEVOMENTHOLUM,57786.43415803103,56669.70154851541,60597.85934964979,32890.74707930417,25680.321151774555,18586.985898497725,18078.58118462314,27343.63770227035,58790.385205135,58011.38309617358,54490.32889775132,63955.494227760384
AMYLMETACRESOLUM+DICHLOROBENZYL ALCOHOL*+LIDOCAINUM,44253.759608123866,43237.646290805445,41828.1342754614,30630.718501696876,26941.01332119595,22298.351015305903,21798.10620910456,26604.880202654193,41520.63483600459,39830.42798119561,31946.13593585911,40486.55173810062
ANAGRELIDUM,31.611152481654635,23.711787434921927,55.599948967972,29.64373176484828,31.270011572785542,37.05908898957158,34.49120449343664,37.584950466964926,45.007600816223786,27.717374666067105,32.35964731637799,35.58511900706293
ANASTROZOLUM,1587.9273620289555,1687.1708615253017,1982.422075570837,1572.456661255723,1553.8927442520894,1518.0164250976409,1667.1909842225398,1678.161445970917,1661.4542298180766,1746.953671344262,1780.0172390136681,1821.989307597651
ANETHOLUM*+DICHLOROBENZYL ALCOHOL*+MENTHA PIPERITA+MENTHOLUM*,2328.115970607557,1985.6252914247689,1874.6275605264404,1533.5681882556798,1433.2843028869738,1293.2280070399108,1228.062582810163,1405.0686558742668,2218.4071267734516,2498.6055159407024,2453.6782397224047,2271.4192311956685
ANETHUM GRAVEOLENS*&,20548.920650433174,21209.511109219704,20453.14774971378,16537.894535573898,15506.839037726835,14572.068912914043,16331.757086528658,16930.403498885204,16296.679302235287,17558.709418380207,18408.339384760995,19769.02043133048
ANETHUM GRAVEOLENS+ARCTOSTAPHYLOS UVA-URSI+CALENDULA+ELEUTHEROCOCCUS SENTICOSUS+MENTHA PIPERITA,744.291207503145,612.7122866144107,519.8186840517976,30.54453615008177,0.0,0.0,0.0,0.0,0.0,0.0,215.0882096920518,337.5192298492816
ANISUM VULG.*&+CAPSICUM ANNUUM*&+MENTHOLUM*,8548.945265950435,8846.469822946316,8497.877824808647,6782.405382564142,5465.257385034168,4326.804943275817,3794.9093461347666,4687.752024687556,8498.005323795416,9907.866319347333,10101.071472054497,10451.22155048586
ANISUM VULGARE GAERTN.*&,0.0,0.0,0.0,0.0,0.0,0.0,0.0,0.0,0.0,0.0,1.5934786844554125,0.0
ANISUM VULGARE GAERTN.*&+CAPSICUM ANNUUM*&+LEVOMENTHOLUM,3606.520017862021,3565.3414642931316,3442.1355299125958,2202.3768908827437,1736.1640881334388,1099.9291544085704,831.4213159032522,1463.1971535735738,3105.689532184407,3809.087543547651,3643.073661112822,3917.9762636395344
ANISUM VULGARE GAERTN.*&+THYMUS SERPYLLUM*&,34.6351056714916,29.603642268092422,20.599036530556454,17.645945575590527,13.36089366406614,14.568278843811225,5.790379260262307,10.655359151584081,13.157274544033012,14.742078662552743,12.765627070839741,9.565682554405633
ANTAZOLINUM+NAPHAZOLINUM,0.0,0.0,0.0,1.7577627858010816,0.0,4.853224483527283,14.580640323741324,11.917993390466606,0.0,1.5411189113023265,0.35663744417753396,0.5576726650317418
ANTILYMPHOCYTE SERUM*,0.2870127795616801,0.2709666305548024,0.2898781414687779,0.23595578031943587,0.2173663215194398,0.19824318459892076,4.714693105181984,0.1588014717679106,0.20663659515613014,0.6862531239861835,0.31969477716970374,0.0769965298359977
ANTITHROMBINUM III,0.7707295256218183,0.9053201483630189,0.7753854223270268,1.3270304172692806,0.7143391889941313,0.8293789821450592,0.9022035924368492,0.6868560564413286,1.2233708034159596,0.8257753767667122,0.7040918112183615,0.9743377345507286
ANTRAL*,122121.88128111327,121559.52695710534,107206.29608156117,89355.41316478794,83716.78101503149,74158.97467888845,75222.71899363614,80154.31422909642,87050.19500112679,96620.6498024132,102678.83622710448,109219.46035051961
ANTRAL*+LECITHIN*,28.148416801979906,0.0,0.0,0.0,0.0,0.0,0.0,0.0,315.08916435296976,1190.9705428448824,572.7412262441362,291.6461535692629
APIXABANUM,8275.40106804486,8300.674110010474,8440.61808506671,8023.513606595445,8208.37076530218,8131.239633751311,8247.292269994363,8209.10392047255,8407.187982338844,9182.688373315625,9186.198227580797,9470.487252476676
APOMORPHINUM*,0.019688589758114446,0.013010019399374767,0.0,0.0,0.0,0.0,0.0,0.0,0.0,0.0,0.0,9.128825052999445e-05
APREPITANTUM,104.529576925426,134.83265312906474,103.1842175651627,69.64337258722806,66.50220007806736,76.1923655439258,75.33960138979953,135.14009353968552,109.86679073278131,84.48765196044494,96.59584441576285,117.72590185320416
APROTININUM,3371.2229104153225,2881.0939678090067,2408.1007892727175,1919.0686219924496,2006.9528637169985,2003.9278326454014,2141.7157833368865,2449.5593194388402,2440.8205238691644,2745.346262962187,3003.5972297853714,3168.856378792681
AQUA PRO INJECTIONIBUS*,59430.55453910855,54227.22054085011,60717.493531518085,29893.712913327297,12717.079808049471,7416.8587131019885,9867.513226418814,19353.083426347082,39814.12497556449,101542.79560421321,88399.83949640699,64471.8323994368
ARALIA MANDSHURICA RUPP. ET MAXIM*&,252.03239513593235,310.15488497400554,273.31631113176604,229.95328634527658,249.18310080338694,268.0499866571773,291.83932962751163,305.08183829108106,262.97767950923867,262.9185867710668,250.75794686783127,268.24686923254495
ARCTOSTAPHYLOS UVA-URSI*&,8016.445425784551,7365.624259052383,6831.826737669983,4616.8069325674,4424.301300488667,3759.8802068290133,3604.9907439046256,3710.38138556845,4097.538510902843,5255.494023173692,6337.590244993705,7023.733034453051
ARGININUM,404075.25333167077,418355.4280201519,379599.3426769107,296099.3537082916,321152.0038393702,302827.17285020713,304083.11336485035,306743.3726825389,338895.4838426636,407296.3116767373,435375.52124997,426010.75541453017
ARGININUM ASPARTATUM*,25327.005478041603,26743.513834198,23472.763507564352,19997.932634698656,16519.694924847347,11876.055745407535,11927.96659029691,11322.577854649648,14537.458254573066,27467.78516295304,33504.953678098245,28507.347478655654
ARGININUM+INOSINUM,0.26470659849949485,0.0,0.8655895083050322,0.0,0.0,0.14352112980164308,0.0,0.0,0.6149470489684628,0.0,0.0,0.0
ARGININUM+LEVOCARNITINUM,8376.720680783128,8960.188055558589,8053.095112922715,6315.761516357777,3010.4977966495944,0.0,0.0,0.0,676.7000019852403,12473.899972870375,15380.798307122244,10958.785332067493
ARGYREIA*&+MUCUNA PRURIENS*&+PRUNUS AVIUM*&+TRIBULUS TERRESTRIS*&,75.78239705866547,89.21791996839106,27.596683781028474,0.0,0.0,0.0,0.0,0.0,0.0,0.0,0.0,0.0
ARIPIPRAZOLUM,8681.992393730643,8914.31630712686,9519.362113587094,8096.303034498545,7990.443646970966,8036.753212692167,8264.04834101239,8474.194719411827,8745.481297874643,8999.950036388154,9076.530102942228,9221.11123192875
ARMODAFINILUM,4278.564944375432,4143.478960472075,3971.8208555499377,3967.37893565996,4352.639491550532,4514.0688994326265,4439.923716706669,4571.87877290306,4511.537256075684,4588.902794875727,4549.285536521821,4604.492220871662
ARONIA MELANOCARPA*&,201.2701209039055,205.12844974422106,158.33076360836023,176.0462654915582,150.23911779000312,80.15825042064571,67.50760731704645,66.21874362605371,74.40770346514608,145.41012212830665,230.31650785072168,185.40366722054046
ARTEMISIA ABSINTHIUM*&,29503.43319730053,30107.098562831852,31037.910953562,26310.386964451198,21694.103871467643,21976.658295385885,23229.878332825563,27060.773261082388,27319.014101992936,25633.257673026455,27101.660228158362,27656.80237056897
ARTEMISIA ABSINTHIUM+ATROPA BELLADONNA+MENTHA PIPERITA+VALERIANA,13682.604077082056,12407.573288674563,12476.708515520115,10692.086154568102,9823.608923378042,8960.549795997542,9939.714751664686,11608.215373769952,11824.384529025712,12148.768510801865,12245.23515379434,12696.649525759864
ARTICAINUM+EPINEPHRINUM,1216.8287634448002,1379.5970600169212,1488.9549255046825,916.4964461249548,928.2316908512369,922.7347148623264,1127.6591623012619,1180.687548482474,1252.4962856575082,1274.628503627599,1415.6487062337355,1540.4352965487087
ASCORBIC ACID,1161733.884235064,1193671.2273150731,1472740.967614423,863740.2380892468,654187.2539044489,493629.2207919535,459156.1101373001,599390.0146489209,1035622.8672935606,1500256.8596446156,1396809.2257608026,1200673.6116890954
ASCORBIC ACID+BENDAZOLUM+GLUTAMILUM-TRIPTOPHANUM*,171.69481908074374,187.12857521235065,11.127811570817578,0.0,0.0,0.0,0.0,0.0,32.787132089939846,44.435077245159064,20.375664822515837,3.2487663375827047
ASCORBIC ACID+BETACAROTENUM+SELENIUM*+TOCOPHEROLI ACETAS*,0.0,0.0,0.0,0.0,0.0,0.0,0.0,0.0,0.9416551805907198,0.0,3.9284061115003213,0.0
ASCORBIC ACID+HESPERIDINUM+RUSCUS ACULEATUS&,10008.800360715177,11175.017067699098,10950.402140315971,9910.065105439196,12280.60678456751,15463.656234899887,16253.867902195523,15277.669343061762,13020.63940278448,12047.471957592386,11538.683308468444,11183.734096199021
ASCORBIC ACID+KALII CHLORIDUM*+MACROGOLUM+NATRII CHLORIDUM*+NATRII SULFAS*+SODIUM ASCORBATUM,836.2039045194803,882.2434620136338,787.6082825018714,691.8717133853761,843.8120325850946,793.628662437784,849.0271408128505,858.0410980058182,1034.4034382531072,972.442884943853,1006.2480167893642,985.7628967586879
ASCORBIC ACID+MALVA SYLVESTRIS+PLANTAGO (SEMENI PSYLLIUM),15854.309661390205,11486.95323120975,9112.358101180418,0.0,0.0,0.0,0.0,0.0,11018.141607954463,17726.485301381406,11647.772670237995,12442.028979438306
ASCORBIC ACID+SODIUM ASCORBATUM,105.38272338332203,187.10373565589228,1544.7553210782828,985.8353650205302,0.0,0.0,0.0,0.0,180.03782917577624,503.6396251245319,222.06423748787125,0.5639029828770674
ASCORBIC ACID+SODIUM ASCORBATUM+ZINCI OXYDUM*,7663.970753468293,8434.526462476562,8861.46031726306,0.0,0.0,0.0,0.0,0.0,3625.360127838101,10582.165462611472,9228.078218010058,4489.079309908808
ASPARAGINAT K-MG*,271630.5718302218,264599.7499215174,280625.19766212837,224887.1615221914,249519.9786778161,265051.1356698902,261193.2305311238,254437.46848768505,243803.4633205084,252942.3348543413,260026.22614898198,264629.2000522689
ATENOLOLUM,14508.925029624195,14855.416163145908,17336.478043714786,11807.301333978474,12016.680263452236,11138.474050175564,11430.864351285987,11735.09474106414,12363.550215076646,14003.84271911178,13689.31870166842,14845.88668882048
ATENOLOLUM+CHLORTALIDONUM,45824.545139552036,44892.987257455694,50841.2328914841,39934.57973841229,38256.55435566031,36997.709989164214,37894.69723567279,37519.00977258514,39317.0341418205,44147.06317691426,42943.00514469473,46567.36105862459
ATENOLOLUM+CHLORTALIDONUM+NIFEDIPINUM,84278.64247326774,89061.06877397039,91965.39198891426,74366.71353525115,70816.92054670243,64837.79193024522,66512.61801146124,66561.3914508158,71968.68837668125,80322.00969175537,79858.19531819643,89361.37479373108
ATEZOLIZUMABUM,0.0,0.0,0.0,0.0,0.0,0.0,0.0,0.0,0.0,0.0,0.0,0.0
ATOMOXETINUM,59.68413886554041,44.52330782012481,40.85897285320049,43.92983474906922,45.87445413517237,49.97447951346304,47.127629685503756,60.770479692544505,61.06708956758526,68.63950733702605,65.43217142198684,74.34623255936363
ATORVASTATINUM,139702.10230387558,142150.60131430312,149869.16339260904,116319.05272521767,119906.89426126842,116399.30236007289,119422.57090908036,123888.69381825025,125178.01541554999,136178.4563633537,140300.5503915605,145417.74048408988
ATORVASTATINUM+LEVAMLODIPINUM,1.6652847135333078,4.25005995280863,0.5069752817670907,0.0,2.660159740574251,0.0,1.8913402893483706,0.0778752386899092,1.2253983357013452,0.0,0.0,0.08372594176786341
ATOSIBANUM,1.0256323293357004,0.7529976029298597,0.4932673155534507,1.1686605794005867,0.4653526842265592,0.5974838618356004,0.7951662976710969,0.6744897400877574,0.35752598776934924,1.532332479662886,0.8149551669259789,0.7814308104847167
ATRACURII BESILAS,163.01666045587862,207.7322752356505,172.08093488386373,186.8776304268299,189.0279546855985,136.0655819170091,164.9734515265332,167.5227150385482,163.18949367255584,221.0794844041576,158.36244481383468,447.594580965972
ATROPA BELLADONNA*&,16343.395365553164,15725.671632853164,18618.56367036641,15598.232724050247,16207.740990670562,14777.825427640053,14284.766000888892,13972.159483161207,13786.560092652297,14633.382403918415,15510.822076604549,16794.7880384267
ATROPA BELLADONNA*&+NATRII HYDROCARBONAS*,1111.0429511415255,1076.8157305377872,1101.3391491645498,847.8510791757124,818.259818294395,705.6460046990939,764.3201489326057,931.7474594291679,866.6097029361704,986.485892851525,967.7096398935615,1046.5190326369434
ATROPA BELLADONNA*&+PHENOLUM PURUM*,3939.243565874696,2698.666907106534,2243.2941216313216,1367.0088347904684,2250.530746857102,2140.168018049725,2485.2655765431405,1646.4969648771894,1651.792217083745,2278.890960388306,2204.3504965712714,2519.853067056959
ATROPA BELLADONNA*&+PHENYLII SALICYLAS,2031.100255826321,1832.164211814293,1975.520626118424,1620.076207075482,1505.0779213548824,1437.4797422921567,1692.6844485557303,1804.8202630803426,1817.0341642137867,1962.0017346342952,1931.1854404844564,2078.0252546783386
ATROPA BELLADONNA*&+XEROFORMIUM*+ZINCI SULFAS*,28690.124405499773,25607.331867703502,26871.152182951337,23302.063180634468,24522.180724265832,23279.223904655773,22766.861994452585,22801.392411774894,22259.45589111759,24053.055820076617,25667.89530872869,28438.92804513519
ATROPINI OXYDUM,3178.725008065535,3075.6827481730306,4262.473494079533,2482.587844625242,2284.3282788823144,3517.711180108477,3515.177254909914,4459.455868571568,3056.652913321399,2904.931902941767,2649.000048458568,3019.6691186925145
AVANAFILUM,2332.5711581499068,2159.8855934748935,2374.2699424573057,2323.595022365659,2366.8338870147636,2407.3005794564706,2610.80113413226,2454.998778595313,2524.539294888179,2630.3805086448947,2064.9478803726897,2279.628178477349
AVIBACTAMUM+CEFTAZIDIMUM,46.670471560658946,50.12849909347248,39.892162797967266,44.26753543980705,47.25707523152283,46.60194874313942,48.402289230676644,49.42540329895038,47.36393623181333,56.660004256347634,54.433300354219035,55.70317891076012
AVISAN*+EQUISETUM ARVENSE*&+HYPERICUM PERFORATUM*&+POLYGONUM AVICULARE*&,7927.70574131309,7476.967330321739,7966.116622979062,5717.7552785553235,5401.457024466736,5321.076442646267,5620.152398640297,5966.909984885922,6151.449275332827,6847.409529140752,7310.083753637494,7802.446754685294
AXITINIB,17.551271458819457,22.383237042130737,13.734632959738354,15.62717314478305,14.840228743777406,11.35289667393149,21.562054469013358,23.744404156037447,21.624507356615325,26.748813368036217,23.735681628131537,33.97539968716639
AZACITIDINUM,6.609275088353234,6.721893800611528,6.804640451440669,6.863489453126487,6.903220335497649,6.963656722417084,6.939857512975139,6.942269826444088,6.936851358241754,6.9251682647023936,10.18047347089341,8.209769316868732
AZAPENTHACENUM*,17567.55224351528,19755.786038602717,20771.43343049373,18646.7472998276,19762.89275111576,20926.550267967345,22105.722637269675,21148.6020885326,20537.239605364004,19964.16797465019,19570.3918259002,18510.335662721267
AZATHIOPRINUM,507.4816764136988,538.7768931279153,665.9809161797552,561.2079843016942,545.7162884797119,548.6655815025931,553.3440656013647,588.0607025608488,623.6410618089029,626.444798887813,605.0688382314079,589.6503193867504
AZELASTINUM,0.0,0.0,323.17130386041725,482.5256446852846,819.0258293207271,928.4034890046299,501.7339287273005,3264.6245924809864,1399.0734354594836,134.27482181783012,0.0,0.0
AZELASTINUM+FLUTICASONUM,1.8498149573303175,11.206719324582032,11.936515894237807,14.028626225816835,16.65778756693446,10.379389715682962,7.578544510536169,12.144941422273135,16.10353202751712,11.129077587566703,7.902587111460781,4.033667806430444
AZELASTINUM+MOMETASONUM,0.0,0.0,0.0,0.0,0.0,0.0,0.0,1954.9816662482076,1429.0216330164144,289.32025405532033,0.0,0.0
AZILSARTANUM MEDOXOMILUM,5557.56678914736,5725.00286592207,6717.458230203744,4822.35822449099,4588.616722782692,4397.44882427796,4812.701808336081,4789.875898444481,4778.214473393113,5203.353436213921,5317.907509332474,5763.57927068922
AZILSARTANUM MEDOXOMILUM+CHLORTALIDONUM,9887.728457062953,10314.334875623357,10818.990955778663,8292.227314449128,8786.579737708991,7979.785322328785,8102.588610240513,8535.247716279577,8563.936449539611,9435.568428659564,9750.235191346444,10081.588298421906
AZITHROMYCINUM,455028.5446341406,408889.0750918793,446897.1243137523,233735.0177469329,146479.36934915947,113703.38508662292,170953.75053227574,211223.91774448022,423008.0459699259,655843.8070059643,509427.95429047756,459764.7681737701
AZITHROMYCINUM+FLUCONAZOLUM+SECNIDAZOLUM,0.0,0.0,0.0,0.0,0.0,0.0,0.0,0.0,0.0,0.0,0.0,0.0
AZOXIMERI BROMIDUM,42.224621765844056,54.47457576490111,78.47734830007339,66.35197566413791,59.91608689131612,40.52058520898536,36.309793199047384,38.04516892702367,10.846678845331324,16.5058961159041,12.798879268288964,9.57887512612351
AZTREONAMUM,1095.4470109151587,1129.507587544217,1068.439774382334,1190.3204493876988,1094.9443149268614,1152.399132893062,1072.3739128008935,1241.6506622620295,1072.196187365809,1279.5843329837035,1258.32497501289,1244.28201417111
BACITRACINUM+NEOMYCINUM,21444.708663070694,19075.605724561046,17755.041497732203,18350.648240248018,22335.083758239547,30913.513496611653,34661.43941128824,35290.36026700838,28266.38387556337,26492.073686386244,24239.024059023435,25018.912481112064
BACLOFENUM,5676.349822945462,5384.41799779237,5439.619934780207,5009.267281480783,5113.2525559515525,5004.150972638477,5186.309103098323,5396.109804576512,5470.83736286937,5676.217206613964,5588.7628787199465,5776.767213515044
BALOXAVIRUM MARBOXILUM,0.693555600965398,0.040517754177662464,0.034080363660505444,0.02812333815981123,0.022550604672287256,0.01728530479529948,0.012265951806740644,0.007443356328924983,0.0027781668597038484,0.16423890219735834,0.0,0.0
BARII SULFAS*,3190.2799888778327,3813.5385151008813,2813.5681724783203,1701.5415347792714,2319.1522610190323,2299.1676784098404,2492.962448721485,2249.7379013698023,2588.523899887456,2508.1243351005774,2746.315519670075,2951.4209037246733
BASILIXIMABUM,0.010144109724540471,0.009957348870970283,0.0,0.0,0.0,0.0,0.0,0.0,0.0,0.0,0.0,0.004638457975025942
BECLOMETASONUM,4199.4594203927345,5031.918915978905,6104.252669547033,3903.123829500734,4606.248514562885,4201.833219711804,4775.74234093013,8775.300595003988,6947.403355362266,5515.280120748083,4946.138490155931,5262.406142781406
BECLOMETASONUM+CHLORAMPHENICOLUM+CLOTRIMAZOLUM+LIDOCAINUM,24067.002630347608,20986.031072103542,19424.129168992593,16021.118189988132,17933.057150268865,21131.60406197775,25825.575334829162,26494.292096594596,22113.312049491236,21916.421355292856,22527.458943418453,23589.16155740323
BECLOMETASONUM+CLOTRIMAZOLUM,527.6780539058129,289.3418826649427,314.994797631124,293.18218156294654,318.31154066728203,360.6144799096278,451.264283262382,472.7171779034628,484.0133455752048,518.697731671476,527.3086925073704,545.0625131349634
BECLOMETASONUM+CLOTRIMAZOLUM+GENTAMICINUM,1172.7877277502362,1103.179402626561,1032.4209679791336,493.5964457127059,171.82625335107934,0.0,0.0,0.0,0.0,0.0,0.0,0.0
BECLOMETASONUM+FORMOTEROLUM,1.4791126854356174,1.5106102016203535,1.5330803457156834,1.5483285921394883,1.5577993204260732,1.5626480342028821,1.5637991363718702,1.5619921492546016,1.5578186907083278,1.5517520550188497,1.5441708776148082,3.199378066839116
BEMIPARINUM NATRICUM,0.0,0.0,0.0,0.0,0.0,0.0,0.0,0.0,0.0,0.0,0.0,0.0
BENDAMUSTINE,27.560773894006683,28.941008901168033,22.461777457049926,29.33617285190826,22.989869717947755,77.35060776093216,45.29377874547252,25.62209608325762,23.603330503638517,19.67009859009606,20.477693609414914,16.711950175022814
BENDAZOLUM,18824.542887229793,19872.117662626293,24965.232380303874,13800.906651806308,10557.861366368637,6479.3776353788835,6743.98034794745,7290.293815362689,10801.37308665526,14779.004601049684,15463.705909925611,17385.738254386724
BENDAZOLUM+METAMIZOLUM NATRICUM+PAPAVERINUM*,98777.76738007255,103708.5344082401,107543.46250540602,83603.54305777058,83589.74837429408,80272.39510214471,84601.24375905706,87559.69195921876,89609.87219398002,96437.74205642082,98346.41362100534,103291.12734730476
BENDAZOLUM+METAMIZOLUM NATRICUM+PAPAVERINUM*+PHENOBARBITALUM,110.60064796890403,124.41320921916851,21.10311301237818,0.0,0.0,0.0,0.0,0.0,0.0,0.0,47.515817441174704,26.01949272696558
BENDAZOLUM+PAPAVERINUM*,34989.295186111834,36426.307425918836,40917.24258842296,26821.137289084778,24776.556020272743,19493.865975881625,20388.157711027256,21424.084469802274,23049.51404748081,27562.549880282142,29000.414717181735,32527.770757359915
BENFOTIAMINUM,12.334406509208998,5.514782910109577,4.880070193653026,0.0,0.0,0.0,0.0,0.0,0.0,0.0,0.0,0.0
BENFOTIAMINUM+PYRIDOXINUM,11291.800915442524,11318.791470959322,11489.373559773985,9754.20607522694,9926.896131990525,9448.927421802613,9741.85449805351,10050.316603455447,10353.48313217822,11113.503199557663,11464.018097862438,11087.14366090748
BENZALKONII CHLORIDUM,19120.67742998945,14924.766436806136,13753.970549733784,11682.266347550198,13020.336693277623,14332.389077333863,17220.02829205315,18760.290171302884,16348.161782176967,17058.53957835053,15785.494722763688,18916.216145768507
BENZALKONII CHLORIDUM+CHLORHEXIDINUM+DEXPANTHENOLUM,21.094913019143092,28.895829943313487,56.15764622785693,18.343782000698532,6.1481733641789305,58.18476920017022,55.30232861417025,79.13265889057732,10.472405856909901,26.746486175183023,14.325233175008513,12.675313520075953
BENZATHINI BENZYLPENICILLINUM,0.0893121240365971,0.025770931952868073,0.0,0.026642308043989572,0.007056404481480261,0.0,0.02784495255816126,0.0,0.006584954235432006,0.0,0.0012811427872349759,0.0036141588379384974
BENZATHINI BENZYLPENICILLINUM+BENZYLPENICILLINUM+BENZYLPENICILLINUM,28132.25805558842,30348.66243654381,38294.45881104972,26898.222380396048,25502.047705614696,23919.63403553121,28152.52076920602,28228.05102588746,31655.714500974216,36179.07175078521,34410.442820375596,31861.85774578951
BENZOBARBITALUM,4970.962977354471,5388.520754629096,6397.0521094857495,5178.626726408028,4920.184752982806,4673.137907279582,5184.707963753958,5198.368341970414,5427.554577580533,5407.937499105583,5576.866969362578,5575.750078605127
BENZOCAINUM,45398.42577108423,41884.83319471212,41267.513015970646,33778.45115533367,35293.520749180316,32524.745906613833,33871.41551491686,37052.73708391548,36364.43822147059,38751.9966138709,39193.45641014735,40501.94172952471
BENZOCAINUM+ATROPA BELLADONNA*&,15441.58427445873,14084.369528455423,14172.41072731824,11289.002682073955,11352.043241543995,10941.635084785485,12737.098355044141,14102.545566916528,14234.1723320799,14874.941539876061,14626.902701778454,15814.05822696583
BENZOCAINUM+ATROPA BELLADONNA*&+METAMIZOLUM NATRICUM+NATRII HYDROCARBONAS*,3816.4683947199073,3276.4176974960933,3504.832758166611,2777.6756251525962,2954.5743371909516,2553.536125271206,3155.841574184979,3466.3455517655666,3538.2947522796053,3810.6197311404067,3552.459332678617,3405.407432358754
BENZOCAINUM+BISMUTHI SUBGALLAS*+MENTHOLUM*+ZINCI OXYDUM*,17252.684853488892,14808.605018243532,15903.620798669861,12889.533013984292,13859.961142442422,13078.474388387061,12541.540795943893,12244.7644070323,11792.252461475708,12618.55863710636,13693.0243278649,15068.62995799493
BENZOCAINUM+CETYLPYRIDINII CHLORIDUM,14.207263470604046,6.792006751570103,9.415718686706938,2.8974055451803977,0.0,2.471443090401354,0.0,0.0,1.2924086969572992,0.0,0.0,2.1375937993783536
BENZOCAINUM+CHLORAMPHENICOLUM+NITROFURALUM,382.9453265480572,296.653310331437,364.61776187606256,285.58458762968456,345.4621127505039,546.084197365081,770.7455295746641,817.0034598602523,676.2346686066446,599.2689001216802,476.8399498516303,517.2500541535117
BENZOCAINUM+CHLORHEXIDINUM,16531.550978887077,17352.173779819343,12131.043529539882,4762.206438291016,2596.5734742666446,0.0,0.0,2886.096715518577,10678.457731947554,16739.875254065446,13231.861180734475,15338.57663104442
BENZOCAINUM+CHLORHEXIDINUM+ENOXOLONUM,19075.283742900563,18134.368168703648,19135.693630379737,7158.613520754228,6597.00575408744,4068.3986617876308,6046.439708981405,13144.239267770045,26736.267635834574,25412.555051319832,25609.18770474165,30550.605748512717
BENZOCAINUM+DEXTROMETHORPHANUM+NATRII BENZOAS+SULFOGAIACOLUM,83078.1914671339,81634.68712879527,69934.91346529301,41402.617541659856,30448.533009921997,21024.34919170036,16932.894344291708,22794.982673533454,51361.8227440955,73840.77540771381,70082.23014577711,78953.9137433964
BENZOCAINUM+HEPARINUM NATRICUM,50312.42855872264,46509.79847772727,46353.51535408131,41483.22459631486,48854.31773125202,51868.410380352056,51354.487040782406,48835.94771027701,43555.75758702303,45558.18722957014,43242.23268475816,46908.30919005888
BENZOCAINUM+LEVOMENTHOLUM+PROCAINUM,199752.8678026116,191169.24962158586,182234.71106904084,153236.1070192805,162034.4213717478,134459.69884599734,120973.66561767258,145714.84582728837,168733.05758725668,183206.23658750698,179658.35817998275,174134.0898462391
BENZOCAINUM+MENTHOLUM*+PROCAINUM,312853.5823776645,302486.48753047176,317499.12628272595,267595.4091145375,270402.74400999513,272963.68135636963,294907.5990634774,320072.66665917204,336544.7809657361,349369.67224099574,347172.9298912118,343698.4406413929
BENZOCAINUM+PHENAZONUM+PHENYLEPHRINUM,0.0,0.0,0.0,0.0,0.8557043602648142,0.569674273536358,2.102594911016611,0.0,1.626085808204623,4.066958259340275,0.0,0.0
BENZOYLI PEROXIDUM*,1230.3219223620345,520.1497575318999,333.7429119139724,0.0,121.9249757134587,84.02814519775688,297.41716703137627,802.4896707444509,391.48895996109013,102.91327758057946,0.0,0.0
BENZOYLI PEROXIDUM*+CLINDAMYCINUM,196.94348663299957,0.0,0.0,0.0,0.0,0.0,0.0,0.0,0.0,0.0,0.0,0.0
BENZYDAMINUM,350489.22812776186,342758.50136326713,321114.7922364173,226545.00601968323,213529.0825310417,192780.90722487422,193881.87926468597,230919.36998128117,352875.92563930317,352889.3852504664,325905.6368241427,365376.76756782964
BENZYDAMINUM+CETYLPYRIDINIUM CHLORIDE,63840.95055715424,58744.027119509934,58422.6529622814,23870.247029385475,19822.324075955643,10298.340706098708,8345.818203100062,16932.591993588067,50490.95481886538,55242.781271974156,44765.31942734807,57732.76294453412
BENZYDAMINUM+CHLORHEXIDINUM,16041.208483351093,17191.23436966191,17828.2840819267,16537.647228847778,16571.895038692317,15903.924278314147,15718.421076224407,16189.242654508673,18580.250974148243,19779.364298075358,20171.842676075634,20447.067355445415
BENZYL ALCOHOL+BENZYL CINNAMATUM*+BENZYLII BENZOAS*+ZINCI OXYDUM*,46329.42346619211,43168.22175345702,44324.87901060989,37989.174643673105,41560.28297746461,45236.67507183875,43067.43097467899,44978.04552429209,41731.65739132352,45654.92151228958,44607.71943640335,46136.748403035315
BENZYLII BENZOAS*,39078.06857356151,33603.63449998712,30992.641868190694,25370.425189816615,26032.293274180425,27984.977168734542,28872.02131144092,33621.5900526691,31740.910872714703,35039.25655581427,37369.69532935697,36146.66457525424
BENZYLNICOTINATUM*+CAMPHORA*+DIMETHYLIS SULFOXIDUM+NONIVAMIDUM+PINUS SILVESTRIS,3821.2358780981913,2651.4235777972317,2455.003258034376,1727.9405227020013,941.7250549140123,0.0,0.0,0.0,1006.5359803409408,2637.612623414718,3329.484258351649,3484.5126867791023
BENZYLPENICILLINUM,28355.198251315815,25900.00372359758,28316.56408941966,20701.30237007398,21954.16738259411,23827.627780606872,29394.49928701375,29931.744880135924,30728.293742630325,30877.152820622512,28529.542871012924,28200.710899321915
BETACAROTENUM+MENADIONUM+RETINOLUM+TOCOPHEROLI ACETAS*,1125.6641339164585,1089.7870702285431,1096.0758468969934,848.6484958505371,687.2170426321547,571.2943076762319,662.9701473302769,691.0848466722957,756.8974337646937,873.3027310573954,899.2449965103393,1014.3240364914777
BETAHISTINE,108154.72695111438,108226.83887558854,109923.38000605424,89141.76490131313,92935.12840840661,93356.01320496776,98411.13383310303,102512.70152649762,104080.0252720996,106582.10705946758,107214.78728024832,109930.4518477593
BETAMETHASONUM,51155.058468154406,51211.153995948924,56713.342239412654,48066.578655411744,50369.77600943915,51995.89051388919,52384.66953867733,58713.82977973597,51125.10899381099,48709.28178629914,48907.12264151777,51038.4455469208
BETAMETHASONUM+CALCIPOTRIOLUM,3159.682852705594,3383.046791999467,3647.3815782714087,3838.109369172515,3986.491514471327,4028.121696447962,4358.919013268525,4534.349008190823,4645.450647309768,4717.711248415528,4877.299363408762,4987.387616595094
BETAMETHASONUM+CETYLPYRIDINII CHLORIDUM,26433.50273158445,25569.721919154217,26331.275148231995,23870.020010516164,25489.35897936544,26393.514033466825,25581.925955769875,24554.802572634268,22611.03694514773,22824.185122180454,22059.777542828586,24265.472558369038
BETAMETHASONUM+CLOTRIMAZOLUM+GENTAMICINUM,94008.7675363104,91007.45900783384,97334.00634087365,85020.12876312656,88722.58205674995,91064.23644746971,93067.7921158666,94713.57400640515,88519.82927465708,88200.55044507966,90580.85113723879,94146.64304678717
BETAMETHASONUM+GENTAMICINUM,16613.893563861464,16148.062720252925,16870.22326826134,14910.952929563326,15528.677881500158,16339.410665944875,16267.912916395895,16336.071939651963,14701.288781152063,14355.287877247396,14372.688777018908,15683.972719731368
BETAXOLOLUM,18346.526271030216,18093.24410221992,20900.86374877769,14349.648447629905,14231.06558831768,13748.1794824739,14239.382379404877,16001.998878555663,17041.407459482296,18158.633305829597,18426.03696451344,19394.961673066522
BETULA PUBESCENS EHRH.*&,5690.8929755287845,5905.701000813693,5124.516654550927,3061.0020110500227,2433.7287297586076,1460.0949382347835,1037.681138525033,1604.1457322665415,2047.9686407690551,2965.1850010803737,3833.900122838738,3834.0918537547363
BEVACIZUMABUM,0.0,0.0,0.0,0.0,0.0,0.0,0.0,0.0,0.0,0.0,0.0,0.0
BIBROCATHOL,664.897042155771,711.3101561132606,602.569636387338,486.49020971468553,521.7536574846491,468.70900480870546,523.4274717760362,561.6460344579864,563.303473711632,614.4168142226342,681.7220757395215,680.551274061117
BICALUTAMIDUM,1482.654751011538,1634.4414535447345,1929.433363779128,1291.1794401744773,1203.2064494985927,1064.7078051657209,1253.6454379072586,1265.8876923083246,1374.5364440370126,1566.9867936277985,1611.4008215082629,1687.6429920204698
BICLOTYMOLUM,40964.08722319086,41154.42641615366,38062.07012890125,19760.91105747664,18021.303758714268,15670.82147808171,16117.306011952991,21877.707197427335,41201.181704184135,42753.835667966916,39420.726397370454,43561.81493927062
BICLOTYMOLUM+ENOXOLONUM+MURAMIDASE,12030.470545077076,11754.145488230926,11224.73635706354,7542.571166439162,6738.820328249189,5674.962572006739,5465.785281322312,6612.211963084298,11187.771422803422,12572.575104888247,11845.264964865639,12278.890167157084
BICYCLOLUM*,2415.1872688139906,2445.0943562345246,2496.608321919771,2075.6193902167865,1987.7397406032187,2118.5355166611844,2152.2892332563742,2335.037702281346,2214.838773250143,2151.6023257739994,2336.7030635419037,2612.6387495050467
BIDENS TRIPARTITES*&,12304.326822450661,12128.944052199578,11700.081270841714,6941.684080598451,7457.104163246841,8964.291264208576,7953.527179820962,8277.34414715389,6700.563155863248,8256.874197673742,9734.868465965148,10169.436115441285
BIDENS TRIPARTITES*&+HYPERICUM PERFORATUM*&+ROSA L.*&+VACCINIUM VITIS-IDAEA*&,895.2467608924173,751.3997152343932,698.9170943789936,333.5812133656938,240.79952422607323,135.16798858539698,107.81697574387562,182.10598114167806,148.32380113093984,426.903072793369,597.742305794332,599.3047078661223
BIDENS TRIPARTITES+CALENDULA+EUCALYPTUS VIMINALIS+GLYCYRRHIZA GLABRA/URALENSIS+MATRICARIA CHAMOMILLA+SALVIA,12596.01930069301,12023.85197115002,11712.180939524516,6927.53014623301,5762.062343608692,4680.05733351813,4849.5825574545715,5889.210768612616,10296.903769547946,11516.397402305098,11322.973140519713,12258.137763100298
BIFONAZOLUM,2351.257990343784,2451.5895549726297,2414.6719949502262,2234.2711352068245,2649.261235686623,2932.850504344984,2861.317107546192,2762.2155783816797,2370.9655433245916,2294.8587035534406,2374.616020011041,2312.541061451642
BIFONAZOLUM+UREA PURA*,1724.1930655859933,1870.8068667867556,1729.7762686809585,1411.1849511299133,1522.2846580226699,1794.4655844704678,1733.5622865622986,1517.8444091693561,1427.627668188595,1396.1786363375784,1514.9069717903578,1568.322801086174
BILASTINUM,60237.676926744105,60593.281399303945,63834.097742953374,61620.49158347448,69622.69942149293,72916.86405750921,70284.64813192384,105622.83815705706,89146.52774276519,62855.54097693328,57323.15112986931,58350.42401781966
BIMATOPROST,5993.512839852657,5931.311317838833,6263.230841695081,5521.360259127897,5697.129375458452,5838.017205741859,6124.9002142804775,6230.752542161546,6208.48622341794,6661.331390380897,6474.0584687650835,6559.446362999442
BIMATOPROST+TIMOLOLUM,1168.7043121662923,1207.8524772663882,1221.7924155704159,1169.324972437589,1159.5684241552788,1220.6401917533813,1221.7750120558148,1219.9266745217128,1222.520210718382,1267.7192458996685,1287.585080268649,1292.1819539877843
BIOTINUM,30261.11493173313,30737.882495494858,30918.59991888546,27366.15362997915,26526.997571235326,24261.30929662148,25479.114449311623,27275.956343844955,31700.666031852837,40959.87515464036,40211.297025251595,34258.6266941218
BIPERIDENUM,45.41851351457703,40.59932903133104,32.64588063895486,14.88862111927453,24.9027126977509,20.176285154752573,0.0,8.192027236652788,11.774634368535942,0.0,0.0,0.0
BISACODYLUM,82376.99605016518,77438.90824070958,79820.19394879947,69579.19967092574,72532.60780428111,72308.63266661973,75101.97891214497,74335.79226421953,70313.18250153352,74924.80824703907,74244.77239909784,83384.1340763992
BISMUTHI SUBCITRAS*,31205.340790197428,32078.944461766292,30682.608680043904,22031.746535688482,18210.447701226665,14480.861114679708,16713.218326464666,19171.84897691512,23528.383178297998,28563.408620426806,31289.891055152366,33759.451483955316
BISMUTHI SUBGALLAS*+BUFEXAMACUM+LIDOCAINUM,803.3452032140086,678.9125241621688,704.2876736131115,603.44268586628,569.3607883612294,485.7249630496035,468.42319549271747,437.644674139623,460.81554974956225,514.651142929928,548.3677101666351,685.4750566484156
BISOPROLOLUM,846443.2976652161,897169.9270160572,956968.5132475498,746529.1117835634,764883.6049631942,743653.0662577184,746173.0792441574,758516.3639841281,781458.3741269247,840787.9289919813,850515.5704348467,902948.4987399582
BISOPROLOLUM+HYDROCHLOROTHIAZIDUM,0.0,0.0,3.8159046539927806,0.0,0.0,0.0,0.0,0.0,0.0,0.0,0.0,0.009035220564471674
BISOPROLOLUM+PERINDOPRILUM,34530.689391815045,35744.97351356367,37948.2564588581,32840.20798652104,32754.90406743406,32179.116473934668,32658.042289743466,32578.07534439506,33158.9555759473,35005.64232555516,35521.30956731587,35718.90307662176
BLEOMYCINUM,0.0,0.0,0.3602578410995328,0.0,0.0,0.24594109555676863,0.2304334819652536,0.07090252307314739,0.0,0.0,0.0,0.0
BORTEZOMIBUM,32.772787281214015,38.960753719958596,28.703532094627516,33.62176001803589,33.515947580435835,34.574102854029036,44.94543229657684,27.960101074288325,36.42304132013076,43.027798740477934,36.108409900428924,30.60330405206296
BOTULINUM TOXIN,2353.6886907154194,2325.523699615519,2009.615648608342,2169.280749675343,2332.683572401686,2111.8465724555026,2217.8117143712984,2020.390569776677,1729.025195973723,1818.7476388041023,1317.6991349411476,1129.5650737235264
BOVHYALURONIDASUM AZOXIMERUM,1.0375467057570247,0.0,0.0,0.0,0.0,0.0,0.0,0.0,0.0,1.953151855433287,2.1410855112497145,0.0
BRENTUXIMAB VEDOTIN,0.3909315431021484,0.38749602350988904,0.38579601017006326,0.3758844018321843,0.3678035174958627,0.7275872123607872,0.48126257058670835,0.710851259501427,0.3423706129671836,0.3378344980737705,0.3772540084930217,0.3966380191624043
BREXPIPRAZOLUM,477.99795435127487,502.02916080912144,536.3894977470766,550.8042086411348,582.1597747934908,598.2300534412299,636.1304089595828,650.883837505019,655.0310854261842,671.4727617542919,675.4434450689951,702.955785020964
BRIMONIDINUM,13755.441734096508,14027.030453193005,14844.82700724208,12314.85622925322,13010.776385634017,12634.303289510533,13790.282791383628,14102.860771653983,13209.94553464215,13188.497323804564,14338.189533906376,14920.892080759708
BRIMONIDINUM+BRINZOLAMIDUM,7694.950088636385,7598.459655667488,7746.617996316543,6715.204955859963,7069.6616105188705,6905.7544212701705,6619.7233568953825,7284.9231924197275,7473.705347863374,8038.605759242468,8091.0083753699155,8428.601955296046
BRIMONIDINUM+TIMOLOLUM,1539.8908302234654,1398.3106981853912,1450.5899919436508,1392.0360263389775,1477.6030532439581,1524.0668741566615,1694.4037302755435,1575.145414559368,1599.4345613751468,1610.670078216489,1661.6086910782815,1649.3845807564348
BRINZOLAMIDUM,11708.085000076955,12132.341068397076,13460.809566287404,10482.7324078339,10663.329124305326,10863.4465407167,12278.25091708003,12277.798861404926,12173.677260099075,12458.814422288626,12695.956595274496,12883.615976897427
BRINZOLAMIDUM+TIMOLOLUM,26494.075127445965,26305.75670822659,29960.420204470982,24229.730833086385,24394.290367598613,23220.42942682828,23618.626905831912,27492.66552065471,27040.664244132848,28167.456254535246,28362.09689447706,29379.420038050408
BROLUCIZUMABUM,34.65201341404601,30.283555298068638,30.432805254300355,32.528621668299344,30.656091248512155,30.404083361696017,32.932893501256714,28.653958061918892,35.31362615946225,39.63897708651055,29.807674277162807,28.213848478698228
BROMELAINA+RUTOSIDUM+TRYPSINUM*,0.0,0.0,0.0,0.0,0.0,0.0,0.0,0.0,0.0,0.0,0.0,0.0
BROMFENACUM,7527.499134798009,7228.884350394011,6876.567743598791,6471.846478890597,6986.84668785202,7214.177675749138,7378.862886794813,7154.617476359334,7304.29636873893,7541.410703370586,7858.408591803893,8063.486123278516
BROMHEXINE,116495.59829456559,101832.59239497565,105116.22764279462,54235.5366085408,27657.782148628714,10176.748948189997,4662.465155330021,16582.560888532986,67943.08264258632,121443.03401331996,113712.70387739784,110251.62533615113
BROMHEXINE+GUAIFENESINUM+MENTHOLUM*+SALBUTAMOLUM,33899.77136234451,26588.796062966954,26952.110475201513,10344.266256725763,5709.60113368175,0.0,0.0,0.0,19084.815020527192,30706.647403405852,27321.739561445385,36650.4231396136
BROMHEXINUM+GUAIFENESINUM+SALBUTAMOLUM,35041.22429757071,27360.655432073607,27375.050495163538,13882.715101123136,10397.66374137844,4980.577609070323,2563.8820587114637,6273.374173912008,22911.576821560076,35025.36949516617,29934.852189538684,31650.63650052433
BROMHEXINUM+PHENYLEPHRINUM+SALBUTAMOLUM,3107.588037077948,3257.620285817445,3429.836915798767,3566.654907959822,3791.766194191625,4040.4430097906366,4089.231178288497,4247.975332040265,4531.916071783244,4916.225068217874,4994.206108509571,5320.164090465484
BROMHEXINUM+SALBUTAMOLUM,0.0,0.0,0.0,3.4297679593279513,0.0,0.0,0.0,0.0,0.0,0.0,0.0,0.0
BROMOCRIPTINUM,1466.2046718847314,1424.4611050603257,1505.4421851934653,1163.586182892642,1251.6309146446476,1229.315433638917,1276.2813824269967,1406.8756750501257,1416.4182427412934,1449.2346304868922,1436.0492742760355,1464.975322900015
BUDESONIDUM,98080.95631218227,98262.33825035852,98630.4959998992,80663.9295985315,78929.30827643703,71811.2446177612,65508.801489820245,69015.06278646721,90348.28362278451,107393.90969083807,107446.75874428064,119044.19938603441
BUDESONIDUM+FORMOTEROLUM,71323.22975767913,71368.85064594272,78245.55558629216,70750.55467612314,70903.7880079616,70763.31686970715,70636.49068486448,72563.08570576295,73945.88547211552,76364.75704664951,81742.39103895579,84023.53142814583
BUPIVACAINUM,4273.822104177024,4739.7852209359025,3642.854386140726,2495.603990102307,3337.931945069292,4100.623380840603,4677.032401255373,4530.584689384909,4508.075991686263,4429.685705325064,4271.722948033831,4401.798613998562
BUPIVACAINUM+EPINEPHRINUM,0.0,0.0,0.0,0.0,0.0,0.030082548946815613,0.0,0.0,0.0,0.0,0.0,0.0
BUPRENORPHINUM,833.5556201690734,42.17691663833966,0.0,0.0,0.0,0.0,0.0,0.0,409.1154868150188,645.6290521637147,2153.5256345214393,267.4549830377457
BUPROPIONUM,44.82493659924718,45.779477913047586,46.460442111628886,46.92254461803492,47.20955777070073,47.35649944037435,47.391383923654246,47.336622657819134,47.210144792692034,47.02629364813133,46.79654388002376,96.95807521307867
BUSPIRONUM,10373.570950876992,10615.07710760714,10937.142583619425,9496.687512949738,9147.766422932182,9015.36681453415,9461.85371367466,9814.660194976786,10061.253879332455,10712.627406588981,11044.092884601327,11690.4243158317
BUTAMIRATUM,24958.323259601355,23361.508656460952,22830.422190675497,14624.694234774006,12381.550286779677,8284.231545111086,5408.825768503082,8089.550763943543,20465.480777022778,28674.484004213038,26786.21940269212,29250.778938202253
BUTAMIRATUM+GUAIFENESINUM,64965.776055808834,59986.10197084374,59145.57985847043,41812.150524170574,35876.84101232946,28668.688558455346,24595.034550954835,29484.155300553204,51695.17425583067,66133.88697565143,62972.02350710682,72910.3486878699
BUTOCONAZOLUM,56.738231397737145,32.80019268243478,4.795079076127875,0.0,0.0,0.0,0.0,0.0,0.0,0.0,0.0,0.0
BUTORPHANOLUM,0.0,0.03523535936366046,0.0,0.0,0.0,0.0,0.0,0.0,0.0,0.0,0.548202726022557,0.0
CABAZITAXEL,0.1419257035756504,0.1375853785441004,0.11552278787145837,0.11168238468594267,0.11401973149012805,0.30649927828607426,0.30309258507542924,0.10377689985951113,0.09453402103937461,0.09134938733586333,0.08821134972565225,0.10311058899008131
CABERGOLINUM,15223.833472191129,15051.942679957707,14940.285390988976,12296.878504631994,13336.398740364415,13406.070273768357,14534.226445309514,15167.530727360447,15027.568297819194,15346.2136990042,15079.648164770206,15500.33628220102
CABOZANTINIBUM,0.6310335942345685,0.6009634475412426,0.5761769606394856,0.5624174015709835,0.5354793847690854,0.7111986017804706,0.6894436058424824,1.3021092395449954,0.49111137695990914,0.4223827173447438,0.6058694201055151,2.0775284127670357
CALAMAGROSTIS EPIGEIOS*+DESCHAMPSIA CAESPITOSA*,57562.95192961458,56925.008996521814,71208.6894646072,35631.404653635094,27043.00961941703,21300.91240660217,22519.751450909884,33178.03350091565,61346.297955479866,69705.19073369085,62142.18577081922,59918.03501508153
CALCII CARBONAS*+COLECALCIFEROLUM,55412.322791512386,54278.3801104267,51416.4339240466,38176.896133431,39512.177059427,35256.783758712256,36395.74387662892,37766.999929450736,41322.94073019666,49549.55692928186,50312.5346470385,50695.139179732265
CALCII CARBONAS*+MAGNESII CARBONAS,75349.61434840398,66922.956778237,72034.64166608786,63854.54212035299,62709.68862774953,50127.95197765121,53176.700401556984,55116.180884666064,61709.85501513775,69577.55006349954,66621.27624617342,71012.66533629695
CALCII CHLORIDUM*,5964.109316500997,5825.6239545857015,5918.960593644744,4207.783633483254,5106.317393945336,5212.5401309062745,6985.845649066304,7029.806192185604,5716.234755272317,5286.193334332961,5171.129926172753,5340.845328235862
CALCII CHLORIDUM*+CITICOLINUM+KALII CHLORIDUM*+NATRII CHLORIDUM*+NATRII LACTAS*,9654.92377036788,9673.30607224315,9872.60214536326,7939.024435479243,9870.732099191926,9688.286861781964,9891.132503473891,9545.413248447327,10126.410476045965,10314.189289744776,10461.342572323716,10416.014230006767
CALCII CHLORIDUM*+DEXTROSUM*+KALII CHLORIDUM*+NATRII ACETAS*+NATRII CHLORIDUM*+XYLITOLUM*,68.78314528560429,23.37204249735685,61.01473515138366,22.332133475571055,9.963102186410993,36.822462764570844,42.234995616684614,84.90744212905454,97.10250661866795,73.26485818666255,82.87513247911937,50.26993335981521
CALCII CHLORIDUM*+DEXTROSUM*+MAGNESII CHLORIDUM*+NATRII CHLORIDUM*+NATRII LACTAS*,0.0,0.0,0.0,0.0,0.0,0.0,0.0,0.0,0.0,0.0,0.21452683371702397,0.0
CALCII CHLORIDUM*+FRUCTOSUM*+KALII CHLORIDUM*+MAGNESII CHLORIDUM*+NATRII CHLORIDUM*,11946.457276449457,12110.50905931138,8580.993710719007,3857.4362569631976,4176.575519076639,5606.938553885481,8076.451006850638,8192.013394340853,9564.176529451111,11166.250262657402,13314.092474340543,13348.447868805126
CALCII CHLORIDUM*+GELATINUM*+KALII CHLORIDUM*+MAGNESII CHLORIDUM*+NATRII ACETAS*+NATRII CHLORIDUM*,57.43564265589126,61.20484111732505,62.57865979200148,4.390974637271896,23.310086419017573,42.83983574994345,24.97329512021342,30.60692252195873,67.63708434888424,66.29287371595404,58.8591651151391,71.67185814001655
CALCII CHLORIDUM*+HYDROXYETHYLAMYLUM*+KALII CHLORIDUM*+MAGNESII CHLORIDUM*+NATRII CHLORIDUM*+NATRII LACTAS*+XYLITOLUM*,448.71641076228264,441.38696816497725,316.82506810598363,176.33973345838643,283.3856359516162,315.0511137286312,456.4601880252423,434.4845790154695,394.5077208646321,465.1187760297834,410.07664884512405,510.73799842814435
CALCII CHLORIDUM*+KALII CHLORIDUM*+MAGNESII CHLORIDUM*+NATRII ACETAS*+NATRII CHLORIDUM*,6748.138718707884,6642.494916724234,3791.0627542148404,209.6211032848487,1773.4718616183766,2580.271347362712,5673.659415035706,6174.568348251625,6305.320373901881,6724.076873499611,6216.632152255315,7686.522054337394
CALCII CHLORIDUM*+KALII CHLORIDUM*+MAGNESII CHLORIDUM*+NATRII ACETAS*+NATRII CHLORIDUM*+XYLITOLUM*,14898.274637614202,14125.21728052686,11422.10815445688,9327.27161320078,8919.659939795793,9136.21376067169,10107.772376972296,10979.464429612672,11328.548031324857,13682.666072294494,14815.408864670095,14065.048658170466
CALCII CHLORIDUM*+KALII CHLORIDUM*+MAGNESII CHLORIDUM*+NATRII CHLORIDUM*+NATRII HYDROCARBONAS*+POVIDONUM,1699.466510356966,1525.5213257073244,1602.401387490251,1369.905646419231,1717.4656630650554,1598.3986858843539,1685.4357136424328,1603.8467453515361,1472.437380221457,1893.4108976200346,1807.6919210415356,1656.219749281376
CALCII CHLORIDUM*+KALII CHLORIDUM*+MAGNESII CHLORIDUM*+NATRII CHLORIDUM*+NATRII LACTAS*,2038.679413947912,1752.831416651652,1237.0096020626615,812.3397610455762,1144.4831949218005,1313.7386399466723,1208.1281955627546,1539.2592562404893,1894.8604467267946,1571.3715605312395,1736.8135014879197,1701.0042282392212
CALCII CHLORIDUM*+KALII CHLORIDUM*+MAGNESII CHLORIDUM*+NATRII CHLORIDUM*+NATRII LACTAS*+SORBITOL*,150592.7902677099,133251.81345005636,125506.9963508099,94182.9458262891,87799.28896154875,88941.82022463287,101199.19198997656,120497.35055712776,116132.18216572516,184040.77780747943,168674.0482757592,150357.1522052593
CALCII CITRAS*+MAGNESII HYDROXIDE*+ZINCI SULFAS*,0.0,0.0,0.0,0.0,0.0,0.0,0.0,0.0,0.0,4.203640792377264,15.597381248939001,0.0
CALCII FOLINAS,597.6072926684649,669.0952149593784,855.1792347037515,818.5065324108919,704.4000524882465,739.7485504617723,649.4714307522349,948.0706168962471,666.1696477230992,665.9201542962228,575.113841466364,669.8160731141188
CALCII GLUCONAS*,95488.98232071516,84978.43964894488,87095.15816721076,69451.14243750562,75036.35250942361,72029.32962264016,75360.01316889556,79398.82026158196,78083.40059141324,85329.66551096039,81826.35970228024,90330.44451101829
CALCII PANTOTHENAS+CYANOCOBALAMINUM+NICOTINAMIDUM+PYRIDOXINUM+RIBOFLAVINUM+SILIMARINUM*+THIAMINUM,21.189134788981416,10.449806538817628,2.9276717519680613,0.0,0.0,0.0,0.0,0.0,0.0,0.0,0.0,0.0
CALCITONINUM,0.7345297049227766,3.386156139989925,4.19976365092222,0.5493560225466345,0.0,0.0,0.0,0.0,0.0,0.0,0.0,0.027812127345690607
CALCITRIOLUM,725.6301118641267,824.6111158443757,900.8102748496362,944.9859578749061,948.3532601161835,893.8282577302667,751.4646116425948,710.2592505935186,700.6873175753191,693.032126981821,749.6975303280838,934.3698088261555
CALENDULA OFFICINALIS*&,183145.0054669319,179607.42335361973,245502.5381674434,163359.0121229758,156982.38339187522,156921.00531146827,161459.510951616,172059.5203682078,173431.23120595462,176343.9403806256,175692.1054248358,187539.78276467745
CALENDULA OFFICINALIS*&+CORIANDRUM SATIVUM*&+GLYCYRRHIZA GLABRA/URALENSIS*&+MELILOTUS OFFICINALIS*+SILYBUM MARIANUM*&,22.385891494391792,23.139948903197745,17.715813597162164,8.805195212027128,9.291817901747631,5.823419612580886,10.189751393471251,4.506576740915881,13.163670976587056,8.702820656073447,12.6678230071843,12.752485396338383
CALENDULA OFFICINALIS*&+MATRICARIA CHAMOMILLA*&+ACHILLEA MILLEFOLIUM*&,36233.427097726046,34512.6426801917,34011.64564641428,25239.619319642432,23745.411958475015,23588.684569791156,26185.190759094126,28240.24501078658,33040.92571239062,34999.86117392391,33913.87684340062,34935.04587923206
CAMILOPHINUM+COFFEINUM*+ERGOTAMINUM+MECLOXAMINUM+PROPYPHENAZONUM,8064.473085647584,7965.6687182689975,8569.088041593139,7506.560717479456,7166.424075415519,6521.147178991375,6279.277679079069,5254.195696376231,5070.969327440969,5775.040649519766,7038.173324409811,6980.933081548855
CAMPHORA*,50666.09315433981,46998.635784791135,49917.115864423096,37714.937103399585,39587.23886985167,34690.60465828425,34397.33366430122,38725.05484438571,39848.31456372421,44726.00351446591,44071.4382503302,45939.41161429251
CAMPHORA*+CARYOPHYLLUS AROMATICUS*&+EUCALYPTUS VIMINALIS*&+MENTHOLUM*,16314.66262408883,14834.654041565662,14752.867534591305,12032.080688055998,13631.26916987193,10333.34071436886,9611.35070901058,10908.191063768132,14495.768106618356,17491.301299942712,16577.04661364638,16636.424423653487
CAMPHORA*+CARYOPHYLLUS AROMATICUS*&+EUCALYPTUS VIMINALIS*&+MENTHOLUM*+OLEUM TEREBINTHINE*,5.587876949977182,0.0,0.0008533745708347307,0.0,0.1304287503285551,0.0,0.0,0.0,0.0,0.0,0.0,0.01217337825166842
CAMPHORA*+CHLOROBUTANOLUM+EUCALYPTUS VIMINALIS*&+HEXETIDINUM+MENTHOLUM*,46.1427731670908,60.68191403947971,62.09742318084737,0.0,0.0,0.0,0.0,0.0,76.79719665293372,41.531424375806196,42.04500299756066,23.185262338420753
CAMPHORA*+CHLOROBUTANOLUM+EUCALYPTUS VIMINALIS*&+LEVOMENTHOLUM,2.476664558650926,0.0,0.0,0.0,6.906704707538294,2.7992582525890466,40.56501534258908,23.840135268548543,21.325545463275546,18.54118787301658,0.6382160547688418,1.7431528541300825
CAMPHORA*+CHLOROBUTANOLUM+EUCALYPTUS VIMINALIS*&+MENTHOLUM*,15800.649325999388,14331.086045854961,15176.539821128146,7012.226440735412,4887.376535809943,3295.5922112582866,3433.806351005679,6020.903262192314,14991.83359053034,16213.44865258948,13472.287501625513,15002.840180243053
CAMPHORA*+CINEOLUM+LEVOMENTHOLUM+OXYMETAZOLINUM,40407.03155002893,40888.82961809182,38652.17494200588,31936.90807060086,30674.545042940583,28702.889890276107,27240.463037608264,29795.522824937725,37732.17752426504,35101.582153190626,35325.00792579484,41287.632213341945
CAMPHORA*+EUCALYPTUS VIMINALIS*&+LEVOMENTHOLUM+PINUS SILVESTRIS*&,359.7545882438533,0.0,0.0,0.0,0.0,0.0,0.0,0.0,0.0,223.4968999382347,0.0,0.0
CAMPHORA*+EUCALYPTUS VIMINALIS*&+MENTHOLUM*+METHYL SALICYLAT*+PINUS SILVESTRIS*&+THYMOL,9122.495665977836,7958.331509066962,7037.4806033215345,4125.898698508465,2922.1083944412812,1438.027770970811,1157.8752919777062,1914.2749285664943,6774.333857620802,9252.357420647517,8245.380290852161,8646.305006799153
CAMPHORA*+EUCALYPTUS VIMINALIS*&+MENTHOLUM*+MYRISTICA FRAGRANS*+OLEUM TEREBINTHINE*+THYMOL,32865.70993887703,25427.235308306063,20903.597393568652,7528.319251498091,1353.227727561014,0.0,0.0,797.0960509653141,21659.608726012266,36010.28105576917,28949.110709294084,32110.057021833367
CAMPHORA*+LEVOMENTHOLUM+PINUS SILVESTRIS*&,0.0,9.914978437433263,62.46474907684977,0.0,0.0,0.0,0.0,0.0,0.0,0.0,0.0,0.0
CAMPHORA*+MENTHA PIPERITA+VALERIANA,4531.223292477935,3565.277144057016,3592.0815840796495,2669.134683123655,2473.3273082379683,1964.0487831190728,2433.6565652786285,2957.977939352713,2984.221725745597,3342.9740038413456,3354.9898490548117,3727.9830830301107
CAMPHORA*+PINUS SILVESTRIS*&+EUCALYPTUS VIMINALIS*&,5733.655494112171,5048.130785845945,5318.007373775891,3227.334598662779,2306.903133115217,1232.1911152200946,908.0034554469275,1537.419282171321,5573.262698093765,7124.736185374648,6429.480129742283,5961.522039779321
CAMPHORA*+SPIRITUS AETHYLICUS*,28684.306036119102,29663.44740113997,37809.34445013264,23711.745098898533,29093.959767448945,28677.416354794685,28016.15126499599,29007.772481910062,26282.206690201267,29835.334440300754,32406.02735511811,33567.69137641744
CAMPHORA*+SULFANILAMIDUM,55.73913342602748,66.92437697220154,52.53699175912692,44.39870353865332,52.043292912260554,43.35018436113245,40.764117470216064,41.07288390746907,56.233117007257576,49.3361234370745,55.17374853091414,55.67826855597195
CANDESARTANUM,30227.999604740027,31850.426956819723,36080.68720564103,25141.974571855604,24337.926431984823,21919.62028724573,23263.324138612003,24854.32798686257,25830.87663262056,28962.812316384498,30004.01203055319,31519.75256904569
CANDESARTANUM+HYDROCHLOROTHIAZIDUM,14181.994959219333,14707.682105866534,16897.348492925885,12987.279072314963,13335.429405567818,11861.051941911699,12291.1018407284,12669.232829523356,13108.977490300913,14271.578288664556,14317.34559709706,14870.156913584666
CAPECITABINUM,399.0594775453713,504.70346057916964,585.5799224716154,390.6155674509793,410.8369588998773,374.57894752440285,504.8670138894305,422.31514244685934,382.14092075820975,413.735618872697,334.3510528296939,376.4490754606985
CAPSAICINUM+ETHYLIS NICOTINAS*+GLYCOL SALICYLATUM*,0.0,0.0,0.0,0.0,0.0,0.0,0.0,0.0,0.0,0.0,0.0,0.0
CAPSELLA BURSA-PASTORIS MEDIC.*&,1243.6250034112982,1198.2439897184995,1005.9890150521181,517.9828716068707,510.57059313853085,337.2514066517166,400.97989375012287,572.2837197167055,574.8394167778295,561.2358107145866,717.1847621518498,956.802959589518
CAPSICUM ANNUUM*&,11552.419491592434,9450.307981232869,11280.460194284482,6734.130186065029,6030.426800828729,3340.57271397895,2967.455665838391,4056.209048665201,6962.225176265909,10433.612299685741,11617.585819760861,10782.795257160222
CAPSICUM ANNUUM*&+DIMETHYLIS SULFOXIDUM,4741.082424012402,3738.436139884375,4029.6536757421295,2345.628240586385,1962.947582967805,273.4074640095414,0.0,216.5629706885352,1951.4117996823825,3651.964693005921,4052.6204474426663,3850.7612199369573
CAPTOPRILUM,106328.44072012146,113553.76235190358,130007.2401149564,95138.79678302575,85898.06257510833,72837.51726640156,71320.05827706323,74778.6219432197,82178.34173377199,95161.31162384093,97145.30119352319,104411.72130689613
CAPTOPRILUM+HYDROCHLOROTHIAZIDUM,464890.1019674891,483224.4915827508,559634.7551703199,432098.307135735,384828.37220342696,327674.68095294025,340604.29224791075,329927.84957924706,366722.4717396758,432360.2373633787,411694.9877577008,463505.4191685182
CARBAMAZEPIN,77399.5929473826,80842.55091643982,90617.96012552835,71869.71312664187,71675.92636137544,71774.80458300503,76549.07239415143,77166.45147691127,76534.2511769619,79435.97297084513,79698.41403979446,84630.87572879664
CARBAZOCHROMUM+TROXERUTINUM,9196.02231604324,9046.953092190268,8457.26395284115,8067.668081095114,8383.967223431546,8776.28437703395,8752.389939649132,8781.617829474537,8897.99638106812,9006.533062076247,9327.210246616007,9066.781433981076
CARBETOCINUM,44.80990638985756,40.110346421560976,46.593828205189865,35.232143390359184,32.545125296760816,29.743040580148307,41.08490256512449,36.40672191137162,45.67170714663551,44.92842509311279,44.83692920856083,50.86486225918541
CARBIDOPA+LEVODOPA*,20571.2563171153,21320.377478144976,23467.319147229904,20103.262822759025,20128.88330344351,19759.351228252275,20484.624308360475,20948.725912708214,21151.781536447597,21943.187575700278,21753.630747363615,23040.732424955466
CARBIMAZOLE,2566.780287568857,2663.9494273695495,3019.6724770817336,2307.8674547231135,2341.606374707847,2270.623248567266,2413.6052855264325,2590.187052965395,2462.0814047881972,2712.6070241180696,2675.3944574535985,2637.620541993653
CARBO ACTIVATUS MEDICINALIS*,444796.00464986893,360391.70620099566,426284.9376161611,268228.48510216305,252383.5937554597,314501.98211768654,392093.78310339677,348434.84118141636,296132.88769713,294664.5742286528,205559.64187519424,283773.3703810037
CARBOCISTEINUM,41282.29272748707,36109.16502316195,33992.31019051598,11227.332055213303,5560.748477785285,0.0,0.0,0.0,23355.18191376052,40994.36301869363,36296.763233454236,44184.95753607683
CARBOMERUM,7287.379481548483,7801.66754991597,8437.382355818627,6306.0705517494225,6122.515059702728,6406.649417274042,7182.760854539762,7494.118755561007,7213.091427586671,6983.854316415873,7265.680978687904,7704.680259714196
CARBOPLATINUM,200.12721484817686,130.06431201574287,0.0,0.0,0.0,0.0,0.0,0.0,0.0,0.0,0.0,0.0
CARDIOSPERMUM HALICACABUM*&,278.54451702230864,265.57114527624475,231.25154190551189,233.44695323504408,300.3723763247882,380.3094088227018,308.6673288471511,265.80035889282885,187.5730769554895,166.1499454317363,206.36093423885214,230.35921931066324
CARICA PAPAYA*&+CHYMOTRYPSINUM+TRYPSINUM*,0.0,0.0034314164374368347,0.0,0.01840223654530916,0.01387512534214604,0.0,0.0,0.11226149074203513,0.035716182492247034,0.03916834934059659,0.0,0.0
CARIPRAZINUM,246.10716875984883,248.1153068896261,242.1334834673573,225.3776908034517,219.48232274623663,241.58209437437398,252.48157775079335,251.89643052583818,246.76037881978348,263.8420035288492,267.84336937001115,260.7985281168501
CARNITINUM+COBAMAMIDUM*+COCARBOXYLASUM+LYSINUM+PYRIDOXALPHOSPHATUM*,22759.647936459114,27347.418786069957,20045.046735277938,8321.785964163631,2561.833016791501,0.0,0.0,4018.7522678022815,12584.944337779672,20671.421663280882,27896.021193201166,23068.71408665671
CARNITINUM+LYSINUM,669.2263164275861,299.9835688722926,0.0,0.0,0.0,0.0,0.0,0.0,0.0,0.0,0.0,0.0
CARUM CARVI*&,2811.9314413586767,2828.8011020918025,2612.2268008218916,1962.4172356490972,1830.3954697685626,1436.0569132156756,1618.2513055240534,1798.4386992506325,2003.3874443245031,2689.764173178301,3064.5957866230287,2591.523440429141
CARVEDILOLUM,212868.44168264535,229814.62313986535,239941.88760733622,191968.34208300788,204475.56856524013,195309.78745272083,197359.6554644003,196650.24197543875,203423.09728596447,219254.48723607993,223004.52089786727,237205.52192899198
CASPOFUNGINUM,0.04368502896908725,0.0,0.017359610438766916,0.0,0.0,0.0,0.0,0.0,0.020391414424627757,0.0,0.0,0.0
CASSIA ACUTIFOLIA/ANGUSTIFOLIA*&,125500.64686367125,115320.04127980139,126765.10259425594,102848.21422736996,105426.52291541167,99749.07524739542,93403.58809453284,91931.75335379325,88420.40934275203,102385.11591546945,98779.47415519379,113332.99452852373
CASSIA ACUTIFOLIA/ANGUSTIFOLIA*&+NATRII PICOSULFAS,14528.458566448293,13086.106417577215,14684.16451815248,13162.562818284829,11530.352078062837,11580.48010555737,11269.379547225135,10563.266520231475,9863.605518308676,10810.860136442569,11106.739250621817,12431.674361637342
CASSIA ACUTIFOLIA/ANGUSTIFOLIA*&+RHEUM*+SULFUR*+CARBO ACTIVATUS MEDICINALIS*,0.0,1.1551399935667561,0.0,0.0,2.7869982494993812,0.0,0.0,0.0,0.0,0.0,0.0,0.0
CEFALEXINUM,1831.1457851398918,1333.050467820897,1376.9497333321926,711.9694651077198,649.3571698946321,581.8736530906524,534.45515901396,683.731083119096,1108.2021417696958,1355.0917080566667,1256.2788804527333,1400.961737736078
CEFAZOLINUM,23406.249593885073,22983.661253964197,23381.414768468177,17577.714166512043,17740.126671387814,16940.1512617291,18418.15672044281,17683.764073854458,19824.788943024454,23869.666224801127,23363.41863666314,23432.19995259344
CEFDINIRUM,5651.520078832293,5142.932580932075,3724.1041811670543,3452.5894599101925,2375.5164814598575,1501.0748972547433,1226.5016284458063,1282.447811953811,2600.8355573153685,6274.151752159768,5765.2007065904445,5028.957868690136
CEFDITORENUM,0.0,0.0,0.8501598820596716,0.0,0.0,0.0,0.0,0.0,1.1633293976618413,5.814167429645345,1.0313487749320687,0.0
CEFEPIMUM,0.0,0.0,15636.38741605337,0.0,0.0,0.0,0.0,0.0,0.0,116814.97440569448,104042.04620135033,20798.377762076303
CEFEPIMUM+SULBACTAMUM,1353.1706100610572,1440.8626883469658,1429.0751656499488,1447.3793220191524,1472.9446735012655,1461.279160340643,1450.6573257694213,1600.0344858581307,1580.6248908737741,1601.9198785700055,1635.676019812795,1669.291256924815
CEFIXIMUM,92862.89073089971,88474.54218752585,83083.48204396323,51088.32142024949,46753.79121241498,44316.957337283784,46196.442528315245,49646.87417227684,69842.79377858255,96603.28175476356,90330.92322684475,99263.31469564617
CEFOPERAZONUM,1571.1199996913647,0.0,0.0,0.0,0.0,0.0,0.0,0.0,0.0,12828.660670022677,13004.266333768359,0.0
CEFOPERAZONUM+SULBACTAMUM,4198.250067203307,0.0,1807.5136312860845,0.0,0.0,0.0,0.0,0.0,0.0,70995.82078407271,55059.795568304355,18976.49403947958
CEFOTAXIMUM,27810.319539674492,20931.061437124987,16891.40203688589,2441.962798495108,0.0,0.0,0.0,0.0,7536.1084679258065,21829.84803413004,19053.67356889394,21747.835478505545
CEFPODOXIMUM,56618.92068420838,50656.9542976968,47601.52646484208,24457.567874912846,18146.671079323994,14019.628119207462,13032.585027468778,15572.628630432375,31122.587189157803,58788.97011249268,56414.335327515124,57688.459975887614
CEFTAZIDIMUM,16379.064404739542,7751.567908972454,2947.446220833359,0.0,0.0,0.0,0.0,0.0,0.0,28491.68867043348,31950.8256977988,24085.360828165598
CEFTRIAXONUM,410060.72833465977,324801.8602796771,316136.3876800922,70910.60464482548,0.0,0.0,0.0,0.0,135049.54416409702,593583.6052984367,517747.9400503097,386437.72529620916
CEFTRIAXONUM+SULBACTAMUM,17.417299173524043,0.0,0.0,0.0,0.0,0.0,0.0,0.0,0.0,24994.778712273306,27945.10473672878,6749.527528007529
CEFTRIAXONUM+TAZOBACTAMUM,345.4416032104983,0.0,0.0,0.0,0.0,0.0,0.0,0.0,0.0,1129.7088634212141,3230.0844460310636,1806.9897100628193
CEFUROXIMUM,54402.93295453325,50458.04166729109,49710.23551357404,29572.486666677098,27288.67966523623,25731.26534016023,28457.091556176114,30415.98340506551,42240.94416025371,57567.60164048096,54640.44050073945,58845.58326502291
CELECOXIBUM,11089.50030235595,10880.353643951657,10887.06712756443,9607.390724790854,9950.209212908194,9667.211613738273,10009.450744738542,10574.175659874958,10543.740802320299,10751.854526612775,10641.934316382958,10671.540558535313
CENTAURIUM VULG. RAF./PULCHELLUM (SWARTZ) DRUCE*&+LEVISTICUM OFFICINALE&+ROSMARINUS OFFICINALIS*&,154784.89506696624,154020.01122199447,153657.01394457225,121617.4327211896,118575.64114103865,116398.22087547304,124534.73126157567,126717.75176901296,131019.81997351797,141977.5863356771,152883.4512239596,160186.54733314068
CENTAURIUM VULGARE RAF./PULCHELLUM (SWARTZ) DRUCE*&,1481.3549935451047,1544.939026243569,1391.171924700201,943.8215157633668,835.9312609117603,707.0211293283356,705.8214963594561,838.4978622822131,899.0122273182794,1051.0569916449926,1247.867275404224,1341.08157470947
CERULOPLASMINUM*,0.0,0.0,0.0,0.0,0.0,0.0,0.0,0.0,0.0,0.0,0.0,0.0
CETIRIZINUM,100645.74902303088,98186.87428077406,117905.4585183662,109492.00953983753,134329.04598841217,147138.98477866958,138055.62304227304,187520.85888455345,150667.45958977542,108417.10618535054,93374.6154932083,98253.85697089207
CETIRIZINUM+CHLORPHENAMINUM+DEXTROMETHORPHANUM+PARACETAMOLUM,47546.65291658767,42393.657024994885,44349.78505426026,21730.429820212146,14542.39077551325,10000.827082293727,10712.732070257702,18379.984403168484,42259.8850120367,49562.23664167086,42470.230687917785,45283.03186745492
CETIRIZINUM+PARACETAMOLUM,0.0,0.10664996584037434,0.12589006804925926,0.0,0.0,0.0,0.0,0.0,0.0,6.718998683669444e-05,0.0011981179971599018,0.002324644234259805
CETIRIZINUM+PARACETAMOLUM+PHENYLEPHRINUM,84096.28379641678,88826.01011978148,85848.77232671394,68006.95622303584,61522.1589242777,56367.31089019349,55663.11365754951,60403.45928627378,133840.7915332979,74541.4327677068,78605.68664013132,116069.54251867063
CETRARIA ISLANDICA*&,127933.92932213606,92411.77131046384,100583.75086867265,33373.10168278625,20361.256701623653,1403.5922842401196,0.0,15823.168472338131,101710.9048034513,127499.63023588844,104643.52534938462,129155.45300772812
CETRORELIXUM,8.427414605830393,10.63411008365777,4.354946432577074,5.690695478369923,7.298374681661607,8.049198010952358,9.070536641042366,11.621887511771774,10.55084817501271,15.881096672262856,7.354375436720385,8.55247841494381
CETUXIMABUM,0.0,2.0927057590351437,0.0,1.7101912199808367,0.0,1.9019222873117259,6.093097803851392,5.2282105427291405,0.0,0.0,0.0,0.9480004785549638
CETYLPYRIDINII CHLORIDUM,68.74487973080392,25.3325004582987,34.71585222228951,15.469388815477167,4.106273272022297,0.0,0.0,0.0,0.0,0.0,0.0,0.0
CETYLPYRIDINII CHLORIDUM+MURAMIDASE,351.2739283432551,209.7317859486343,0.0,0.0,0.0,0.0,0.0,0.0,0.0,0.0,0.0,0.0
CHELIDONIUM MAJUS*&,6514.803690887196,6747.889205611127,5940.610036506697,3354.1359203395705,2613.2494465222926,2338.5574865848903,2798.179537751391,3368.1539978010114,3477.132384957129,3938.0423137984444,4699.930675987919,5453.1529848559185
CHLORAMBUCILUM,90.99021685536049,97.01269137534847,137.63455979378398,105.93874333097753,106.83117896317745,103.80941627138253,115.88109492039172,122.1743266420442,114.33800082181132,117.05602896807012,114.6075402875223,102.42703814552915
CHLORAMPHENICOLUM,239399.23740020185,232160.84231888747,267038.11700687854,216929.33671031386,237450.5360261046,268737.17263177974,304156.04266936233,304984.6722524709,275658.2294720003,258795.41560066637,235103.1968566417,243146.49101446447
CHLORAMPHENICOLUM+HYDROCORTISONUM+METRONIDAZOLUM+NYSTATINUM,0.0,46.998588946025706,119.18869955692603,126.49107540324559,154.4784634379006,157.23506122322382,251.6782268090819,278.8846466353677,256.3396698539956,181.76237578649722,100.87882789009785,74.51187693057773
CHLORAMPHENICOLUM+LIDOCAINUM+METRONIDAZOLUM,808.7918142281512,902.7651487431166,788.664656366203,708.3315024757862,696.9958193745671,820.139312904706,748.2201477399313,817.6764556192256,823.6347419337754,881.9694109965292,896.7555862578465,911.0973664780149
CHLORAMPHENICOLUM+METHYLURACILUM*,202560.40899564122,191780.7633854623,195700.0348955409,175360.19090182552,192749.95530507492,221885.09002589618,248916.80180077493,253272.62201889956,234462.0657916211,219323.59080802006,205672.62881936092,208389.45682665537
CHLORAMPHENICOLUM+METHYLURACILUM*+SULFADIMETHOXINUM+TRIMECAINUM,8339.539569504777,7688.444488148478,8588.744351821426,6866.509771517773,7749.74043603284,8303.374096402878,9411.706153456902,9646.275327858106,9186.004996137057,8517.641859518211,7482.991678981118,8003.479863309432
CHLORHEXIDINUM,255699.23297451143,275601.57077558734,473168.97108113253,242757.96099025357,257309.9057822349,303208.0532805047,333949.85894380504,347697.36273913004,310094.8290400747,298637.41054551495,285291.2886145519,286282.79353446607
CHLORHEXIDINUM+CHLOROCRESOLUM+HEXAMIDINUM,16205.045865248218,16280.961599704888,14735.192138645605,14331.816521173563,15055.05677857131,15894.831335864888,16889.271733075137,17497.823602218716,17491.51024890896,17814.17271763654,17376.53984399398,15375.03149645532
CHLORHEXIDINUM+DEXPANTHENOLUM,30005.77306148183,29153.219516677756,29125.08368700288,26001.619229431362,31913.121869542527,45568.49498779984,47214.72928857407,43439.02413536184,34238.96221896042,30514.719292007678,28992.46475661386,29735.398934467183
CHLORHEXIDINUM+LIDOCAINUM,6072.0229048673245,3094.592890889287,5178.870700768257,0.0,0.0,0.0,0.0,0.0,5200.131170948976,7424.216072245851,5273.723814344759,6326.494229085287
CHLORHEXIDINUM+LIDOCAINUM+TYROTHRICINUM,89318.12993389412,90647.14202794302,85520.08024883372,56885.036971197835,52589.0660947407,51757.69753922657,53137.267640466824,62521.40786711062,86768.0825940772,81773.85172130205,70785.9375687335,82545.01359233022
CHLORHEXIDINUM+METRONIDAZOLUM,55863.380863124126,53098.68163322994,52198.791078044815,44574.25826262691,44820.63243902278,44474.11380886969,49612.56613347741,57371.481621893785,55074.05284135711,52855.00064565796,54338.89731782883,56643.33228429576
CHLORIN E6*,0.03532679794022729,0.0,0.0,0.0,0.0,0.0,0.0,0.0,0.0,0.020415921981565596,0.020353425413558144,0.0
CHLORMADINONUM + ETHINYLESTRADIOLUM,6039.043684602284,5619.1420679298335,6118.966301793874,4638.368016087106,4806.875314723694,4749.015880834964,4924.87586092598,5258.259772200795,5132.183628422648,5552.154240602127,5359.996257547713,5684.316998306183
CHLORNITROPHENOLUM*,5120.247160178398,4580.763050829914,4763.002494554241,4042.639180736812,5103.572460885983,5954.029816208431,7174.078431669501,6855.59925524147,5770.058645302156,5438.524488553817,5628.5514943582575,5731.540230204924
CHLOROBUTANOLUM+CHOLINI SALICYLAS+HEXETIDINUM,137262.90636964954,133081.52359866232,130398.17430746295,83888.59820009388,73562.1610397891,63891.9846371357,65843.33204060343,81846.66888896805,138680.7304932502,138448.73070226633,125205.6349950697,135046.54055490287
CHLOROPYRAMINUM,87913.1581153527,81078.6636715347,95370.90953959787,79056.17965716588,85169.51237433785,97548.91197119298,92468.48427179459,105912.7323353934,91876.76660939,82912.36625170479,77873.67858867417,87484.87188136722
CHLOROQUINUM,20.612493616387923,38.248758049809595,91.43780632897264,112.51068168472877,107.59381870175932,124.02236504780946,129.4624388570752,151.92293463691345,134.7793679932098,132.13615141067248,111.92561487706834,41.09802238261071
CHLORPHENAMINUM+COFFEINUM*+DEXTROMETHORPHANUM+PARACETAMOLUM+PHENYLEPHRINUM,34706.71589637158,26077.440649964858,27849.82227862443,9703.014207337019,3853.585176092036,539.2625768809885,1291.765123297093,6314.7297862149135,28260.155742334107,35967.399933014414,25668.76471134359,28227.20195979187
CHLORPHENAMINUM+COFFEINUM*+PARACETAMOLUM+PHENYLEPHRINUM,267250.7412612982,245261.6503795248,273093.4881944173,143966.1325666425,100832.89138473386,74523.16575951816,78709.23577965678,112068.69351607889,241738.95862552777,291255.41643339803,257478.90440000544,253631.86209360263
CHLORPHENAMINUM+COFFEINUM*+PARACETAMOLUM+PHENYLPROPANOLAMINUM,82443.01424631457,84092.83953926737,87597.79216012587,83947.37984330894,82458.5635763516,84595.82534928201,83613.45795412255,84133.61122449127,94035.59622728248,100645.59461601169,97057.87771349134,99365.85017797127
CHLORPHENAMINUM+DEXTROMETHORPHANUM+PARACETAMOLUM+PHENYLEPHRINUM,0.0,0.0,0.0,0.0,0.0,0.0,0.0,0.0,0.0,0.18296386255350436,0.0,0.0
CHLORPHENAMINUM+PARACETAMOLUM+PHENYLEPHRINUM,148750.80740593572,116992.31547493127,111022.93939270065,58445.02558948908,41171.48560949275,24954.70628806864,25359.4806935023,39815.55128042214,102005.82601253095,133869.47966079094,125261.14004197187,125088.56660948954
CHLORPHENAMINUM+PARACETAMOLUM+PSEUDOEPHEDRINUM,0.0,0.0,0.0,0.0,0.0,0.0,0.0,0.0,0.0,0.0,0.0,0.4029308101566956
CHLORPHENAMINUM+PHENYLEPHRINUM,43316.8419659781,45000.26445179683,40641.49387184944,29172.68203928911,28020.52200463848,22254.602208315573,21336.80100265486,26170.6162695239,46691.54391441674,49733.80226172864,45937.86277097575,54973.39100977106
CHLORPROMAZINE,15621.149952500838,15695.111016035597,16719.786928588663,14154.879847709133,14064.741523068638,13879.564916855219,14423.079843147523,14697.438625320267,15356.641770579425,15631.449660770686,15883.018258647426,16532.4568288254
CHLORPROTHIXENE,5279.65885626083,5274.684332378449,5912.361828637921,4477.508941010881,4557.249746274627,4446.429505851003,4671.434428877483,4812.956282664047,4936.721681058676,5191.341915139761,5159.603217770006,5432.113375239582
CHLORQUINALDOLUM,2154.868315939286,2394.128881394796,1742.8473478742362,1095.6337351728203,1137.7092591267192,1224.0520924048706,1620.2551731424237,2001.190851847498,2304.9110089265896,2339.2051487048943,2462.714874642571,2411.993069507743
CHLORQUINALDOLUM+METRONIDAZOLUM,0.0,0.0,0.0,0.0,0.0,0.0,0.0,0.0,0.0,0.0,0.0,0.0
CHLORTALIDONUM,5912.168753673568,5996.302034382865,6034.32096353491,5488.866411441153,5649.910674350755,5610.24358926304,5635.40462577748,5552.538959573635,5535.4871311951665,5804.303573077,5970.621031167073,6104.943702223738
CHLORZOXAZONE+DICLOFENACUM+PARACETAMOLUM,700.9391486753788,769.0085652401101,842.5558595366299,1207.8306560185806,1043.9330542488756,1166.5911338778462,1412.3969586257572,1405.922179468821,1074.3037171880064,1320.8015084080898,1431.7579024288907,1476.8439786902663
CHOLE MEDICATA CONSERVATA*,3636.6407888159333,3737.591166558059,3632.672683366931,3191.493911429198,3685.9101084941835,3608.989880761343,4143.29291319024,4219.664553748531,4125.579080810332,3986.7275170749454,3932.533880701807,3600.3397862184665
CHOLE MEDICATA CONSERVATA*+HEMICELLULASE*+PANCREATINUM*,3435.48727260321,2951.740210220821,3114.653618497738,2198.390603302101,2047.94404932842,1898.4210643323036,1967.8489345182388,2007.6446888498158,2212.0203504979054,2242.2279379992065,2579.8902661830753,2936.415586912999
CHOLINI ALFOSCERAS,63719.5013132597,65141.02182626807,60343.56095659698,52053.23858078229,56754.85020005275,55707.562215391335,55437.560547584384,55956.38113326103,58434.36312172454,61992.03743241754,64352.196800894155,64412.656615597654
CHOLINI SALICYLAS,2561.765405277646,2008.5934366623765,2152.6931228982526,976.2713330150434,1106.3939622365683,1125.6053267418786,1542.6652794742188,1793.0813027881816,1902.7789825674433,2286.294387518942,2132.8679726082346,2649.591701807759
CHOLINI SALICYLAS+CETALKONII CHLORIDUM,13960.109167032133,13222.34459573605,12389.87497943272,10819.318127123594,11153.764286009831,11342.813653852356,12461.092388859914,13264.887417599497,12281.556281324702,13097.221813038403,13424.460679142898,13798.227812760033
CHONDROITINI SULFAS*,22950.092261971808,25130.14932829761,25449.096592805883,17918.059215860118,19996.112925751142,18389.52550511158,19397.52198004754,21597.235171443946,23841.0661360087,26775.157719108123,26935.11099703528,24720.160830824625
CHONDROITINI SULFAS*+DICLOFENACUM+GLUCOSAMINUM,16927.332574252294,16971.407804260445,17948.576457730716,15163.806649970667,16872.941273226374,16571.029841294672,17197.341965213058,16927.6525338115,16945.433458153995,17954.335467091732,17371.61394370566,16760.219194460544
CHONDROITINI SULFAS*+GLUCOSAMINUM,35914.265324083,38402.04018525127,40281.25492775632,31537.481175330817,32969.43422696083,31250.77992183529,31420.960131305284,32738.465552451722,33915.01634293931,40103.58662889982,39952.37811123866,37953.214950680165
CHONDROITINI SULFAS*+GLUCOSAMINUM+IBUPROFENUM,8551.171875170243,9223.03198590593,10546.844930065465,10112.38294096409,10695.206205253982,10022.149272256887,9653.956981430201,9733.71400433985,9904.679678238557,10616.995472928515,10015.456164251473,9394.875572880832
CHONDROITINI SULFAS*+LEVOMENTHOLUM,0.0,0.0,0.0,0.0,0.0,0.0,0.0,0.0,0.0,0.0,142.2758092355532,0.0
CHORIOGONADOTROPINUM ALFA,395.59902257383123,395.63764678281063,327.2850903011471,312.07518926696946,329.1610125907805,315.17741540098234,351.1386818002969,385.98903907090164,388.01986903853856,425.43947716380126,364.74530781516444,397.6325164874081
CHYMOTRYPSINUM,519.9468512162689,544.8501602674194,506.15563357113456,363.33923827690234,391.4385481043116,474.4560220290342,491.8908272316076,546.1550974564614,567.9205396991399,537.0393195560778,539.0591695044232,569.110675525895
CICLOPIROXUM,1085.4403671910782,1065.3264657856475,1052.0704613048147,1025.9219743636609,1094.53470145425,1113.843999770233,1140.2301550665318,1099.8605959470829,1067.9864652950355,1022.35707741691,960.2858837579217,977.8056454742431
CICLOSPORINUM,920.127257046352,948.5095597625732,939.7376282762001,830.9951094277519,810.5693206896434,747.1861160398068,847.4453786605878,905.4954150978629,923.934470588333,1080.8355413213594,1141.3086242484305,1260.0105169307376
CILOSTASOLUM,9977.871583450342,9893.416253564332,10328.949932528545,8671.779218572936,9235.043390281468,9374.419470521316,9384.655477586211,9439.429026111151,9431.88380780412,9703.643576031518,9726.114133486455,9930.394522323428
CIMICIFUGA RACEMOSA*&,10394.285690724735,9985.49428296089,9924.889824713138,8289.396126078258,9192.308635133677,10260.025710341337,11021.996838470788,11937.08680893767,10492.0930532745,9895.661516707285,9897.872555416838,9991.534454347806
CINACALCET,32.8086346032485,31.902051502957363,30.944746512027052,30.61646400858537,36.55459949513462,30.39346937367659,33.48572676581276,27.167894168824276,47.937989580536076,44.37122739920811,37.2857791434483,32.73458202814305
CINCHOCAINUM+DEQUALINII CHLORIDUM,252941.49718536707,227391.69608024516,228240.1782470507,122261.61023139815,97844.83926977919,72010.63715138695,67926.24690757623,102012.60336343071,234023.2911790174,271809.4912823896,233929.05881599046,283813.2070937741
CINEOLUM,1503.1409870735731,1509.9780021160263,1125.039903230289,706.6769132019989,494.3372102596669,361.73773698610137,311.98884744754935,426.97682489700753,931.2742959368743,1600.4865618490676,1614.6238636591224,1546.3655941874667
CINNARIZINUM,120463.0476862423,120005.089214234,127175.03468436288,97563.91170820143,101408.92317500775,100708.9653961883,106904.21102086818,113750.25376834761,115884.05261406663,118407.39913837732,119141.91940556138,122447.98506704408
CINNARIZINUM+DIMENHYDRINATUM,20743.787692941434,22832.69824102738,23220.627299946264,20856.779167531495,22193.44928204981,23255.680394114574,23128.03070421652,25056.268772748193,23979.538648023667,22802.383568694164,22662.297725680688,21825.684871720034
CINNARIZINUM+PIRACETAMUM,37075.490838379126,36861.38935602709,37015.08749645833,28751.162935116176,29599.961812355326,28028.801840459513,30563.257189255724,31939.059594605555,33780.545245198286,35923.02389198533,35304.19333572785,37149.74901703471
CIPROFLOXACINUM,164408.72130462626,158700.3032064701,164653.94891838703,125030.53167836236,125251.45207678438,135047.6689859638,155181.40430374912,157737.4827484192,164427.86009459704,179593.3817619811,168719.87848633007,174177.1408562511
CIPROFLOXACINUM+DEXAMETHASONUM,26579.434857946842,25021.4404637865,25139.299855710247,21504.575876501265,21807.645600386088,22992.20308674596,24562.226383085872,24868.576327409817,25105.57159012099,25058.98750754194,26190.37354873071,28328.241688933747
CIPROFLOXACINUM+ORNIDAZOLUM,10835.708730198037,11075.763471425102,9613.629229452594,7565.762200920437,8283.208143140557,8627.829661962496,9861.044442065897,10021.581831194462,10271.07370754316,11214.143973667968,11623.425351613656,11189.786419016054
CIPROFLOXACINUM+TINIDAZOLUM,9233.335057890956,8798.82967364773,8396.954456333728,6168.014572563101,7014.355355627176,7948.032272159018,9598.075295465067,9630.306404190487,9103.5143812514,9076.883852980707,8919.84972044473,8864.367904496528
CISPLATINUM,504.7214558562835,443.3569236097006,512.8936146782305,418.5604843988504,279.7122970411422,435.04766402077206,487.18947447027153,680.3984396956675,654.5767287417802,717.7088768444667,419.6413121924116,528.4959773365637
CITALOPRAM,463.84463451758796,463.4254092781632,511.6047208343309,434.0276618269729,472.54910636879424,436.77895374995893,480.8831234025983,475.93435087241755,480.7348245959807,508.6506953225389,499.19448365149316,503.2094060623643
CITICOLINUM,101243.18056672647,105830.39666216455,100793.17249100182,83381.76410655845,89705.63795149053,86971.51837992303,87669.7612751558,91037.49614382883,96352.74859125406,103735.03190168104,108998.51670250944,107540.16749565893
CITRULLINUM*,1929.3653897361946,1986.2861243548045,1699.106200907709,1361.5037510080485,1313.5348799463363,1337.190471954983,1505.0280344199157,1634.3663732498787,1691.0729331718649,2074.98566996747,2070.1433482619695,2001.5881797555867
CLADRIBINUM,0.2798139627930211,0.2751605771875478,0.2704799359440693,0.2657774901901868,0.26105760082798113,0.2563237565791167,0.25157874842092554,0.9228248091352728,0.24206372494765083,0.23729692483845355,0.23252555199199598,0.22775052095573012
CLARITHROMYCINUM,39903.48334073165,36459.172191698046,35450.96426346866,15970.596111882664,8064.465381611353,4026.064988391808,6263.048464813676,7821.055036948669,19176.48248565416,40296.80503561605,38318.47246658306,35500.27140235416
CLARITHROMYCINUM+LANSOPRAZOLUM+TINIDAZOLUM,3279.8458588188146,3194.9297778214873,2632.1134543962276,1903.9341370286238,1913.8548245071443,1711.8063158625641,1953.7544503195036,2126.887499257659,2282.9468797807863,2575.776525571892,3128.9303835773794,3374.231611354374
CLEMASTINUM,12420.447613099172,11627.48536369655,13297.52590810333,10656.973087557624,13191.067975049924,15173.277428972635,14401.602136039672,16892.87744562217,14369.149237217041,12281.832214421805,12836.123340114487,13421.796584597501
CLINDAMYCINUM,29286.14600423416,29889.81774344476,27835.317184493706,25206.55038701332,27051.42459870949,28717.03201774689,31298.182802657273,31684.554680266046,30842.618632033536,31859.18824312799,30703.896381684026,29277.41894220932
CLINDAMYCINUM+CLOTRIMAZOLUM,0.0,0.0,0.0,0.0,0.0,0.0,0.0,0.0,0.0,0.0,2.165555835228796,0.0
CLINDAMYCINUM+MICONAZOLUM,49.77538349897648,0.0,0.0,0.0,0.0,0.0,0.0,0.0,0.0,0.0,0.0,0.0
CLIOQUINOLUM+FLUMETASONUM,5004.023396252827,4857.773208886536,5066.225149185224,4219.678391615893,4411.239475752148,4509.935633252874,4524.420249445172,4670.913632590732,4257.6844292989,4256.711156857153,4408.6114290954765,4779.4565370778555
CLOBETASOLUM,44932.45390212775,43777.46192342683,46189.99001626495,40380.75816633426,42457.92716218856,41516.31563467082,40019.12888845546,39864.22916728201,38567.15266614208,38540.611941028976,39726.387436737314,41814.73670910283
CLOMIFENUM,893.876802758947,812.5695113789247,757.9442270940232,648.4213484852188,692.0811944172912,696.1408199820656,786.5490692530017,843.6738174888671,846.6733648966756,903.4899516420389,933.785369857446,827.7006532488882
CLOMIPRAMINUM,2404.2920554238262,2118.762706982858,2260.813217338169,1757.8980147305047,2151.540241752458,1963.1388124781065,2164.59045816671,2344.4069638256797,2544.22375746094,2797.783981477234,2771.776149798355,2982.045473563337
CLONAZEPAMUM,780.3267069980543,771.7930101522072,751.1508720142341,590.9611808425611,704.4374472439282,622.8008797037268,670.6460450102709,694.8441965942114,707.567537200069,793.2758290234602,868.2948818208783,942.3565433975182
CLONIDINUM,9813.563946091142,10318.523251046752,10842.418082807932,7009.8823650344,7096.914525202894,5408.218569416314,4700.707203472404,4847.442997879046,6341.207594618698,9723.014953574722,10216.384636636285,11020.995127598122
CLOPAMIDUM+DIHYDROERGOCRYSTIN+RESERPINUM,8105.708013745937,8837.078105267408,9876.297175428183,6666.899028500398,6671.6295079017655,5777.9996883664535,6070.732429681802,6321.2288196776735,6629.709328617969,7203.242732713799,7889.278052934059,8439.104906053864
CLOPERASTINUM,5.690638366147426,1.2358698149873248,0.0,0.0,0.0,0.0,0.0,0.0,0.0,0.0,3.2022173557129214,0.0
CLOPIDOGRELUM,223676.40123065605,267641.79725373426,238620.96085212426,173050.97254706034,199826.51233371536,184395.76940750337,184167.63480406758,178102.28490726935,201901.98978177665,232047.27428902435,245907.1439473752,257188.66949927437
CLOTRIMAZOLUM,162354.01891094318,151383.36612520445,155128.85942881685,134660.87960391017,148778.63247618824,162877.38870621411,170723.94762243814,175496.37868762077,156679.0182719703,156002.35707165327,154717.91284360306,155988.74219336628
CLOTRIMAZOLUM+HEXAMIDINUM+PREDNISOLONUM,5.425295321048093,4.2977594007543605,7.26660579650048,7.287358045078484,4.53923497592199,0.0,0.6080681258837362,1.678428436509511,0.2867918169912351,0.0,0.0,0.3475108272725578
CLOTRIMAZOLUM+METRONIDAZOLUM+NEOMYCINUM,13.83491480854284,6.934861177316037,3.4950069358522384,3.502512206198843,0.0,0.0,0.0,0.0,0.0,0.0,0.0,0.0
CLOZAPINUM,18243.86249706278,18811.92743723073,21010.055570971082,17152.277059569376,17424.420832054006,17098.567631647715,17849.623252928686,18210.927931559458,18845.961856070084,19580.270777284586,19920.615695862187,19918.55261233027
CLYCINE MAX&,0.0,0.20209379315274842,0.2242495944049289,0.2322213040368483,0.0,0.0,0.24936472086047257,0.0,0.0,0.0,0.0031964630417701465,0.0105553479877218
CMP DISODIUM SALT*+UMP DISODIUM SALT*,28839.8663992783,29325.478390987395,26278.82459007849,21898.205355075173,24647.129372796335,24206.93399269707,27316.38469434148,28498.593461380817,28570.490680736104,29950.605861944132,29657.59101263438,29594.55893891038
CO-TRIMOXAZOLUM*,56738.12406712913,52101.17891892234,54724.92008521383,31436.65110310393,25810.54560227292,21292.940486465013,26511.69967867558,28822.16271730095,44696.806833058145,55095.851410520816,51517.75395734786,54325.07687966638
COBIMETINIBUM,0.0,0.0,0.0,0.9401896522466946,1.308098323199542,0.0,1.6278020302663352,0.0,0.0,0.0,0.0,0.0
COCARBOXYLASUM,7999.840187547449,8334.44716477915,8310.56186354145,5852.2599395282305,5395.42431729459,4495.466136484616,4166.229908813575,4660.291643653681,5352.237348502703,7089.709829358859,7968.284131020723,7507.42028932715
CODEINUM*+CHLORPHENAMINUM,0.0,0.0,0.0,32.61089676315342,156.66477274461647,0.0,0.0,0.0,0.0,0.0,0.0,0.0
CODEINUM*+COFFEINUM*+METAMIZOLUM NATRICUM+PARACETAMOLUM+PHENOBARBITALUM,89508.60013629691,84537.87061416767,94422.5536196175,79554.55452626747,81687.51303905757,80781.31067768083,88002.2022858455,88778.42356507463,85278.5886318149,87232.22959669081,85872.58616479556,91253.83525596766
CODEINUM*+COFFEINUM*+PARACETAMOLUM,3768.0297599580613,3192.135603291475,5241.344100853455,2432.2679217982886,2330.3228014494016,2574.620928065542,3945.7484522537025,5333.216694499479,6199.10391119135,9335.685507440096,7008.113407334341,5638.7799501449845
CODEINUM*+COFFEINUM*+PARACETAMOLUM+PHENOBARBITALUM+PROPYPHENAZONUM,35334.466191826374,35940.46713178786,36222.387724890206,34915.45938847635,35974.35466902213,36428.418685679535,37639.954501643,39303.47242694722,39124.507256125165,40313.503443983136,38161.51222258713,39993.70266239986
CODEINUM*+COFFEINUM*+PARACETAMOLUM+PROPYPHENAZONUM,0.9160105563720804,0.0,0.0,0.0,0.0,0.0,0.0,0.0,1.364247463989646,0.0,0.0,0.0
CODEINUM*+IBUPROFENUM,1019.7509780928812,1072.388187440975,1087.1550061605083,872.331453782909,994.6558488630337,980.5668940279963,1010.1697567735552,1093.7921462206798,1110.4323860342927,1175.351483696069,1166.7091963136004,1143.8720931390997
CODEINUM*+MORPHINUM*+NOSCAPINUM+PAPAVERINUM*,612.2386101419424,636.0374108342228,658.5297341203968,679.7610038707703,699.7693727621331,718.7018858374355,736.6206358874808,753.5509110635315,769.339335109288,784.3180005812643,823.0625954081497,1078.752523122199
CODEINUM*+MORPHINUM*+NOSCAPINUM+PAPAVERINUM*+TEBAINUM*,5.290183251242972,0.0,121.24597593292452,50.78341286776421,83.84988517195706,74.70518577163259,42.024749007694176,14.520922352864716,0.8311837853223167,97.18911568760946,2.7599839657606253,121.12480134460269
CODEINUM*+NATRII HYDROCARBONAS*+THERPINI HYDRAS,163303.94263484166,110089.79660000878,119388.94365722162,77805.06158807108,99164.40701782986,101052.23724671607,145339.82571490426,131909.38997453393,99525.6324673169,117761.43554662242,169587.53069514612,109356.18149904416
CODEINUM*+PARACETAMOLUM,144.20674300569664,128.8117993177407,128.86662030513645,134.28445303281347,104.87229515271565,136.13734478639788,113.18536043110413,107.47094888462962,129.28979558521053,134.0688488834357,143.0504674597763,140.47853825860935
COFFEINUM*,42919.95498742545,44856.00577124871,44716.052193750475,38356.37592719508,42865.779109393916,52775.05265059619,58649.63927900118,60232.99077716835,49666.41337114527,44542.09964176998,42503.697653712916,44767.472258710455
COFFEINUM*+IBUPROFENUM+PARACETAMOLUM,45439.19723260042,42485.31294630379,44664.23425469353,38173.905238832405,40130.81916357055,42422.861040788135,47296.78567998927,50496.92012877723,46095.67482523467,44887.90731982768,42646.36405292915,44814.1553768374
COFFEINUM*+INDOMETACINUM+PROCHLORPERAZINUM,0.494865857403156,0.0,0.0,0.0,0.0,0.0,0.0,0.0,0.4866880728499188,0.06433986732138518,0.0,0.0
COFFEINUM*+METAMIZOLUM NATRICUM,4891.714232050365,4705.75693831881,5334.110855931507,3714.96934261961,3915.2830845680337,4871.275030724719,5337.401540248012,5748.484900464588,4951.174541235795,4630.004406450702,4443.772051220571,4935.251119634411
COFFEINUM*+METAMIZOLUM NATRICUM+THIAMINUM,41659.42207634777,41779.414269388035,43006.984116068066,34545.55168565996,35425.27103358131,36702.12380416624,40548.45891288202,40639.3342921025,40627.81548772674,42980.976536473965,39681.0130677196,42305.54798496395
COFFEINUM*+NAPROXENUM+SALICYLAMIDUM,102.84389948462865,114.22857978380799,103.37558904385497,79.04581081672625,62.053684476780575,32.803227429658804,36.23405621071973,31.621406528554218,33.86415230632362,44.98282377103115,41.641624638329944,32.700448438090405
COFFEINUM*+PARACETAMOLUM,175639.94958725458,178915.18555207603,211138.80861279124,146064.91815022135,143293.2136690235,158407.35197292318,160928.25170490102,176090.58537934124,164416.4066077515,175694.84107933764,154417.22214546465,177769.34568722424
COFFEINUM*+PARACETAMOLUM+PROPYPHENAZONUM,36.08035034649895,41.57250958021462,17.322116659413126,0.0,0.0,0.0,0.0,0.0,0.0,0.0,0.0,0.0
COLCHICINUM*,7153.199655027485,7265.227603609765,7581.629097902093,7346.975028762465,7543.678108877268,7443.1457083956175,7438.718123436806,7267.448390896265,7013.610540290338,7207.738195232103,7140.0926546120245,7336.956957542467
COLECALCIFEROLUM,55546.426041425315,45813.486176688566,39034.45485316812,21986.16236262074,14981.191738451793,6999.044207385602,5772.174350801607,9056.099433803376,27916.532068473756,50294.09114447902,59537.52097355221,56767.90100507971
COLESTYRAMINUM,208.34487814251483,212.42100389743084,187.29382592398105,183.4944049678386,183.31878962554202,184.34941877432217,186.8146435159637,191.3543447318943,194.9756271272562,185.3485744661631,204.010053759906,216.5855586175177
COLISTIMETHATUM NATRICUM,118.3286167098871,99.29536147831355,102.01629438669185,63.42737780703153,61.50298163694041,76.01220179450478,72.56831501419316,71.6231426835812,116.24814191272858,199.44207838968373,187.75516466488494,237.02357077868305
COLISTINUM,84.67505575543098,118.29022277163116,93.96409253352158,74.8917244919642,98.19556620764851,84.76837572912626,57.388759495238716,53.255202657058916,53.96649333544536,59.08846202708474,64.95297312932652,79.44911816005022
CONVALLARIA MAJALIS/TRANSCAUCASICA UTKIN EX GROSSH./KEISKEI MIG.*&,3882.436464173429,3639.636332833087,3373.240176036978,1893.0605950578902,1893.7168611049742,1328.1324818269181,1122.5907894899815,1173.6405497471073,1707.7515899685923,2910.9384461562213,2930.856027511682,2858.4792977765874
COPPER GLUCONATE*+FERRI GLUCONAS*+MANGANESE GLUCONATE*,6361.859166989914,6597.9836926914695,6349.7390116689385,5352.625765267143,5475.810066561934,5715.153606013991,6077.942135991865,6354.71505839039,6041.3530947254385,6207.597222209702,6532.276222613339,6747.930321352477
CORIANDRUM SATIVUM*&+HELICHRYSUM ARENARIUM*&+MENTHA PIPERITA+MENYANTHES TRIFOLIATA&,1353.9066006385426,1353.2736186273307,1282.7005343798505,886.3753683433561,735.6901368756495,504.2452530629738,541.7574473743222,615.8049041848902,733.9113709948344,900.7570458042787,992.3500870133236,1089.0966213420486
CORIFOLLITROPIN ALFA,27.779689511306174,31.907151269822236,47.86311256327026,24.846673484663867,37.79231410841392,85.96481849404914,23.220013889192494,29.535362091942353,34.428432540777415,46.905280786480645,57.8327512696784,32.23071954287178
CORTEXINUM*,130.03939957830804,11.40815114518487,36.61382270526555,0.0,17.794609106380552,0.0,0.0,0.0,0.0,27.80828910595821,25.292114340381445,0.0
CRATAEGUS L.*&,488356.78484991076,458683.7621292312,527410.6632152044,330715.1545465003,424118.5264740548,411583.0200786153,382424.3762247814,427369.52320423146,392692.8088503091,468544.28622968844,478607.7741957092,513612.0858310434
CRATAEGUS L.*&+GINKGO BILOBA*&+VISCUM ALBUM*,2950.5295457773054,3465.4783629485155,2836.6772967077122,1960.164323737298,1689.1866253831945,1357.8343467221403,1472.151603815525,1950.3752895124617,2482.696518092239,2958.423780978291,3389.5010713093598,3249.006383596442
CRATAEGUS L.*&+HERBA MELISSAE+HUMULUS LUPULUS*&,0.0,0.0,0.13135892042899575,0.0,0.0,0.0,0.08347683052195422,0.0,0.0,0.0,0.523862775843071,0.0
CRATAEGUS L.*&+HERBA MELISSAE+LEONURUS CARDIACA/QUINQUELOBATUS GILIB.*&+VALERIANA OFFICINALIS*&,30568.562900724042,32745.329617047944,34240.63274703953,24120.585807965297,21535.54081363839,20483.34497510934,19065.514061218582,19342.80468703846,21169.40414462684,26571.214667630025,31750.41724296505,33196.41426016556
CRATAEGUS L.*&+LEONURUS CARDIACA/QUINQUELOBATUS GILIB.*&+MENTHA PIPERITA+VALERIANA OFFICINALIS*&,1783.962519442945,2480.09130503183,3287.4578017996873,2188.6680675107223,1594.7401483763,1511.9804813655114,3550.373416053628,2980.5596321008716,2087.7032732354155,1951.7896544398,2209.2774277000567,2792.9671146050105
CRATAEGUS L.*&+PASSIFLORA INCARNATA*&,0.0,0.0,0.0,0.0,0.0,0.0,0.0,0.0,0.0,0.0,0.0,0.0
CRATAEGUS L.*&+VALERIANA OFFICINALIS*&+LEONURUS CARDIACA/QUINQUELOBATUS GILIB.*&,104495.15465788821,108667.45048232787,110740.2266802514,83197.86797696204,76361.53695270227,69180.39407166623,71317.43170520918,75730.20935041529,77751.57740495197,92571.48258695308,95095.96547092574,101266.6657164756
CRATAEGUS L.+LEONURUS CARDIACA/QUINQUELOBATUS GILIB.+TAURINUM,48648.48428935972,55076.358717095645,46722.65429473869,32516.151992307405,26328.55698581668,19036.399416078384,18650.916195742044,20733.801254927268,25505.602537729745,38092.524799426006,41323.089844237315,39023.95831554066
CRATAEGUS+VALERIANA+QUERCUS+HYPERICUM+MATRICARIA+THYMUS+ACHILLEA*&,14.178635495347292,3.3076987673990033,0.0,2.966705444588327,44.29804997547201,112.95162401640573,0.0,0.0,0.0,8.949206697204081,1.1774414749250184,0.0
CRIDANIMODUM,4298.634634528898,3545.0545867412498,3332.314356124354,567.3059792440647,0.0,0.0,0.0,0.0,910.7814245476084,2013.9032796620231,2313.885371366782,2019.6812523438125
CRIZOTINIBUM,9.870539835793005,9.88144167612328,6.479193101152156,5.6800241939399125,2.1889190209347733,2.747464835295321,1.9557314395484156,2.1641746757155484,5.591559217413908,8.878896803537252,12.00739682520059,12.964426795295914
CUCURBITA PEPO/MAXIMA/MOSCHATA*&,4169.987913231826,4079.499500896135,3431.8586988408624,2017.0919850099272,1732.2769417584623,1213.1828349705693,1452.3994773535373,1796.787519073192,2035.977480262199,2417.906577026685,2475.3537822515545,2862.1746742447326
CURCUMA LONGA*&+GLYCYRRHIZA GLABRA/URALENSIS*&+TERMINALIA BELERICA*+ZINGIBER OFFICINALE*,0.2906024863311346,0.0,0.0,0.24682013057872315,0.0,0.0979483515940146,0.11041772654278469,0.0,0.021182530520627116,0.0014837086097572935,0.009734331823327877,0.017936927905116855
CYANAMIDUM*,1319.8964847807792,1269.0839504469604,1229.009394777627,1231.862822039882,1291.1250356474077,1286.0410783311495,1284.4697842758646,1340.7578208293587,1081.740521869875,961.4117545000099,966.8530124018395,1319.3738905210246
CYANOCOBALAMINUM,42609.659394898525,42761.77384399461,45068.708276958605,37954.86349701693,36824.77574675074,33912.68762022492,35125.39079269138,35916.26420435171,37535.386607367094,43120.531403466535,41539.426514033235,41758.59467617372
CYANOCOBALAMINUM+DICLOFENACUM+PYRIDOXINUM+THIAMINUM,4116.940093693918,3988.8528918079714,4341.052667003854,3594.832023865201,3560.9406460589184,3093.8294805185333,3091.719284790864,3267.7614649133698,3299.4323457160144,3515.8749870627703,3866.973436844815,3869.730933375091
CYANOCOBALAMINUM+LIDOCAINUM+PYRIDOXINUM+THIAMINUM,0.0,0.0,35.33958452633388,0.0,0.0,0.0,0.0,12.870615770243397,12.764074759302389,16.392505857190415,13.804514642141502,0.0
CYANOCOBALAMINUM+NICOTINAMIDUM+PHOSPHOLIPIDES*+PYRIDOXINUM+RIBOFLAVINUM+THIAMINUM+TOCOPHEROLI ACETAS*,5792.712970915489,4721.066464018629,4173.038296734463,2228.245252082357,2196.12067393071,1326.3599389544952,1732.9539549949463,1685.8626845012252,1481.5726918000423,2832.3407130017736,3587.747247411268,3937.22616936814
CYANOCOBALAMINUM+OCTOTIAMINUM+PYRIDOXINUM+RIBOFLAVINUM,2258.8851634713747,1554.4288309889466,0.0,0.0,0.0,0.0,0.0,0.0,0.0,0.0,0.0,0.0
CYANOCOBALAMINUM+PYRIDOXINUM+RIBOFLAVINUM+THIAMINUM,0.0,0.0,0.0,0.0,0.3281132123403158,0.0,0.0,0.0,0.0,0.8193232311300417,0.0,0.0
CYANOCOBALAMINUM+PYRIDOXINUM+THIAMINUM,196444.57767256437,199593.05569219013,194536.42988477318,159208.31301572215,170913.35769736377,158533.58081955952,162700.5026941986,168710.46357079232,179740.1488489498,198323.5396483582,203845.8896647674,193689.81265477726
CYCLAMEN EUROPAEUM/CAUCASIUM*&,268.43795492273233,0.0,0.0,0.0,0.0,0.0,0.0,0.0,0.0,0.0,0.0,0.0
CYCLOBENZAPRINUM,10194.468271917089,8558.246616790007,6410.264616000376,6412.1591386806995,7134.755280136989,8094.833116614054,9645.499109107735,10152.27322641471,10623.167843572326,11268.159660610445,12042.163237552975,12056.354222419028
CYCLOPENTOLATUM,5326.542006466556,5218.934178485026,4617.585997900301,3885.5675352330227,4035.684046899699,4851.53813803354,5560.817092741113,7261.209138307673,6023.904456561419,5389.556792964919,4955.931543888217,4625.616226427354
CYCLOPHOSPHAMIDUM,525.299686658022,441.55426740037535,296.91085147189085,134.09943820673567,82.5320270722446,117.69221764228395,94.50248957594846,199.5224266005125,268.32729569779667,331.25451045325644,599.1716017352571,521.1193942384903
CYNARA SCOLYMUS*&,44943.46489367211,44415.64313830373,42472.72747654861,33430.0826896841,32265.5090027321,30480.46619571009,32747.14649263207,34125.31447270926,34746.8477993106,38787.47780313126,41647.79994872739,43523.8770077439
CYPROHEPTADINUM,682.7389248233429,638.5353051895038,609.7009823082175,628.8624968289732,670.860281271363,704.5862816510595,654.1568547806016,706.6590861100204,708.7046439993403,709.0552631365813,695.301931272159,726.933838606406
CYPROTERONUM,172.25681545252576,202.111822947546,198.6377393631231,140.56958291514582,127.78696817632508,127.84358680482936,132.96519212719377,134.59398680464636,155.5153329661694,172.01072031494874,181.4949406135333,211.0434272719619
CYPROTERONUM+ESTRADIOLI VALERAS,0.0,0.0,0.0,0.0,0.0,0.0,0.0,0.0,0.0,0.0,0.0,0.0
CYPROTERONUM+ETHINYLESTRADIOLUM,7060.393480632349,6464.3161343682,6990.093025347986,5425.138106122928,5518.155338733987,5610.860692813944,6015.374144069017,6444.306873064186,6394.3470242514295,6570.665513192332,6487.813472336163,7053.357007642336
CYTARABINUM,129.92558852085193,107.12382658902769,126.73870367874471,143.4260919856948,145.7706892664313,136.30225372619694,157.06859192918589,171.8375491267535,136.906201519984,175.03341006974483,141.92186354472994,162.03771295989446
CYTISINUM*,11246.466981403373,9007.061247361306,6178.087783717538,4096.992536392408,5033.59666212219,6290.640286295901,8872.719909224761,8672.119131157728,8057.622832293991,7960.2073167928875,8262.131227981892,8026.366280522979
CYTOCHROMUM C*,0.0,0.0,0.0,0.0,0.0,0.0,0.0,14.64194810866946,197.99702836164818,454.01046922421443,319.04939857445095,68.61391871482354
DABIGATRANUM ETEXILATUM,9468.61283747652,9836.377915412559,10882.43304678056,8224.078220894135,8561.182229204165,8151.738104871364,8588.163474424293,8805.310039085809,8726.482759834194,9673.435605452072,9638.258950965548,10256.165896395498
DABRAFENIBUM,0.10116760496669291,0.1004393545043512,0.09956222787718412,0.09856600031815677,0.0974744920136412,0.09630675911273504,0.09507804653471642,0.09380055021500783,0.2924840269019473,0.09113628199420515,0.08976355981071774,0.0883708558066341
DACARBAZINUM,41.32787839099091,17.7513426422918,0.0,0.0,0.0,0.0,0.0,0.0,0.0,0.0,7.604114644954519,0.5877185862795877
DACLATASVIRUM,0.0,2.851469540202921,0.0,5.956960367925953,0.7954938174866517,3.045830607699257,0.0,0.0,4.80916858234986,4.055210541846005,0.0,0.0
DALARGINUM*,2243.3213825073826,2173.191030731397,1468.9422860708196,1150.2852271025693,1132.8539166881792,1016.9884051168785,1239.2859326200496,1324.518691382797,1495.977635153207,1771.9519269297455,1984.5856971111875,2245.553850016552
DALTEPARINUM NATRICUM,0.0,0.0,0.0,0.0,0.0,0.0,0.0,0.0,0.0,0.0,3.9787068843395357,8.873025688404582
DAPAGLIFLOZINUM,38252.57891655834,39081.931442051995,41540.60398940935,39373.61855753721,40518.636345397026,41468.348092002234,42578.37209941556,43460.613954596585,44359.86996515693,46245.11232332764,47141.15601172816,48979.179463847046
DAPAGLIFLOZINUM+METFORMINUM,13802.440040151787,14063.026776585182,14817.443031920722,13156.748630213298,13282.41070431506,13395.26833043554,13749.12513097381,13925.195847208981,14021.704883356202,14552.09882341988,14673.69892220418,15289.069571773078
DAPOXETINE,0.0,0.0,0.0,0.0,0.0,0.0,0.0,0.0,0.0,0.0,0.0,0.0
DAPTOMYCINUM,0.0024842812273897577,0.16729494868619624,0.090159264814953,0.0,0.0,0.0,0.0,0.0,0.0839993697780631,0.0,0.0,0.0
DARATUMUMABUM,0.0033411998600188075,0.01909620482854257,0.00886658835323655,0.012649274722866692,0.0024418033684457784,0.002242205834784008,0.0020489073577295595,0.001860648125960965,0.001676420290421054,0.0014954175718640932,0.0,0.0011406363967919682
DARBEPOETIN ALFA,55.3150650597976,56.39846754908735,59.825471563303246,56.29855679746008,49.666107007569636,68.5168291984414,72.22168897392291,68.00345881709224,63.20995671441181,65.59503705505156,65.28338335034746,83.52314240936832
DARUNAVIRUM,0.0,0.023885599228361476,0.0,0.0,0.0,0.0,0.0,0.0,0.0,0.0,0.0,0.0
DASATINIBUM,0.0,0.0,0.0,0.0,0.0,0.0,0.0,0.0,0.0,0.0,0.0,0.010824058238305385
DECAMETOXINUM*,545885.2031062717,505542.2111497739,562120.7850221418,243839.963957602,178994.87894353617,133969.6963698495,130052.85374846618,217018.4802889254,531698.647758859,564373.6195723717,480396.391260748,551107.0340490148
DECAMETOXINUM*+ZINCI SULFAS*,1534.1178027151718,1638.3045362674036,1817.679376846338,1347.7871030466354,1352.5507377440217,1397.3398992390805,1470.0058821722764,1546.5053222559825,1450.9703280600966,1350.4769864405368,1399.9221668820385,1545.2885649723894
DEFERASIROXUM,1.4506976794655317,1.50073304466365,1.5522720042025848,1.5734393783652953,1.6063537464205926,1.6171277586738475,1.8818684329151623,2.3026774360451334,1.9076513516193288,2.3868819340155367,2.376456349892656,2.2584574075766426
DEGARELIX,63.44847181924758,64.64681368652798,64.54277337096079,60.00682730911553,56.620556650247835,52.59082631376217,64.64792823518215,57.671695962926634,67.26759633573072,72.78680282458252,74.03625420627242,75.52670150223285
DEMOXYTOCINUM,1645.5486854558517,1578.382057774975,1437.7599212874006,1162.0305777544677,1272.170668585249,1425.4531069070015,1671.8314232215293,1667.344041930279,1652.770102554406,1836.7165167108337,1659.9680136931045,1649.7339769360467
DENOSUMAB,248.85267742828006,266.5093797626467,266.70551017695857,236.08038305522663,246.72744990465958,259.1222719310246,262.2560980989351,287.7991275800821,274.5835197118182,302.1522019640257,275.7655163126102,309.2357363382964
DENOTIVIRUM,0.0,0.0,0.0,0.0,0.0,0.0,0.0,0.0,0.0,0.0,0.0,0.0
DEQUALINII CHLORIDUM,12422.94724091348,12471.35461274588,10365.296347611074,8467.705572902507,9636.30559053493,11116.653442040148,12534.640760643599,12946.63485292564,12893.157564150548,13439.03597052975,14326.82733303239,13582.601060433783
DEQUALINII CHLORIDUM+ENOXOLONUM+HYDROCORTISONUM+LIDOCAINUM+TYROTHRICINUM,12341.874424119944,11688.040472759552,10641.621301446183,7407.197154170419,6839.374226124748,6327.274673463149,6327.430621108807,7697.23776900027,10326.261877088378,10759.061153333803,10593.42736410508,12161.258322497037
DEQUALINII CHLORIDUM+MURAMIDASE,45351.72737847703,47526.750584769405,39603.45837058686,4786.791020024386,826.3119603579618,0.0,0.0,1829.4092807948948,50312.74465210857,45179.78256994307,41690.24492499421,59644.87882981866
DESLORATADINUM,116529.83802858867,117125.32426495146,133289.208741955,135273.39261147112,171259.67359499735,184536.83626973163,162090.62789743234,241674.5334875063,191085.54024747867,129163.25754336992,110709.84806799625,118021.2011756106
DESMOPRESSINUM,2292.919667960902,2783.248428724568,2877.389838335779,2291.8465670250257,2702.8683509767,2698.484179138318,2435.64164266789,2586.782414491825,2753.8310329512524,2814.2943287190706,2981.234966333603,3382.370677425508
DESOGESTRELUM,1557.0377395887149,1404.5392201978843,1392.6246529208406,1238.159247334827,1300.459171101637,1231.4261583507057,1316.222396385582,1436.005635049104,1365.1204742155426,1459.8477937843143,1504.518297674953,1629.0321490230845
DESOGESTRELUM+ETHINYLESTRADIOLUM,19166.319188892263,17936.43276795541,19334.406279552695,14909.921737177283,15011.714351623716,15757.780691527627,17518.663611797518,19031.282996360194,18611.6155523571,19746.18904550138,19446.858488363574,20934.07589100009
DESVENLAFAXINUM,879.5996262507201,922.6389910812369,867.3997047850501,757.2706975875004,775.9943136688605,765.9244283733485,781.9253419763387,820.3616946981307,875.5995987149641,921.3491437678307,933.0804016495238,971.1230297942781
DEXAMETHASONUM,141134.599356926,137914.32093675277,156664.30116188116,128871.77350325095,120005.8811376138,121047.59100637109,121800.07106264394,151224.8212689292,140728.59999522453,181993.59193752776,173385.7336526373,156051.21638599204
DEXAMETHASONUM+FRAMYCETINUM+GRAMICIDINUM,24.995100063107017,0.0,0.0,0.0,0.0,0.0,0.0,0.0,0.0,0.0,0.2705750530210409,0.0
DEXAMETHASONUM+GENTAMICINUM,0.0,0.0,0.0,0.0,0.0,0.0,0.0,44.02362885732701,0.0,0.0,0.0,0.0
DEXAMETHASONUM+NEOMYCINUM+PHENYLEPHRINUM+POLYMYXINUM B,26070.012551393844,25326.98550312327,25843.828767757714,17493.316682716177,14728.469517933845,12259.603889358881,12243.979489749818,15430.804073313471,24661.450243415293,28746.647282747654,25300.907017464444,28396.412508488782
DEXAMETHASONUM+NEOMYCINUM+POLYMYXINUM B,18018.936116669945,17209.78721742944,16600.929727156235,14319.38376405687,15520.895822696582,16607.826298727545,18560.90750867152,19623.996505745898,17988.330532524604,18184.572583066758,17743.808252619696,19478.496817381238
DEXAMETHASONUM+TOBRAMYCINUM,84006.58018620797,81072.32083280219,80659.74172707116,73842.35001947997,79727.11983040061,81232.55765613072,87696.84429370843,92760.76638076422,88188.43962740246,90548.66540170663,88858.8203981436,93058.63357228678
DEXIBUPROFENUM,32093.42096640944,33118.98528793843,32122.537836186893,26118.561365810958,27894.021280535497,31757.340703340404,32100.88173260962,32208.94324705028,31955.093549628094,32957.559682715626,30645.608480210936,34172.80740923247
DEXKETOPROFENUM,280635.4961430371,283377.2883614836,274525.8818307115,243516.02510056456,255987.54141091765,258525.1381536708,271452.7136423441,278612.6349277533,274860.3684505514,283045.0353632606,278859.3153878986,286883.5151020797
DEXLANSOPRAZOLUM,4042.1621340513307,4306.760831551104,3886.135120587324,2966.8198828526956,2795.747423701394,2396.1371874167507,2793.7347294254355,2932.337694068783,3059.004596819859,2792.6762500571185,3740.443703683325,4227.38259762069
DEXMEDETOMIDINE,130.08431723887125,176.03900922255474,70.93452880005452,37.85511045260729,33.292141765202416,0.0,0.0,0.0,44.346615507636784,280.4217757619906,257.0572699560267,279.6130313018085
DEXPANTHENOLUM,82639.00194137087,81999.35673989868,81854.4787092016,68157.57521512466,79154.64375034376,113735.06870899975,108854.36400640523,92473.87477481029,75444.95952001504,79357.33584665955,80447.73223845579,83553.80748237352
DEXPANTHENOLUM+DIMETHYLIS SULFOXIDUM+HEPARINUM NATRICUM,28545.32962513089,25863.134110503233,24975.052782762825,20001.304732565306,26602.174896033554,24520.466862484252,25962.743741768303,26014.311088244027,26134.83587855185,26868.541540500148,25036.32903050691,26234.9579571692
DEXPANTHENOLUM+HEPARINUM NATRICUM+TROXERUTINUM,406.78568433049463,515.962046312914,635.9805823006283,517.5356574925777,884.859164047916,1175.763015693964,1060.4127434125808,972.590771989253,758.8738412523687,653.8369430646396,561.4980709162347,640.0000195992889
DEXPANTHENOLUM+HYALURONIC ACID*,4845.417496276979,5020.137847100687,5042.951513088912,4209.060631208751,4473.514111033879,4599.51348022324,4759.666760903988,4891.747570777843,4706.118804006185,4866.0423759181185,4851.076618776922,4969.212998393224
DEXPANTHENOLUM+LIDOCAINUM+PREDNISOLONUM,7106.280183668142,6767.669616199389,6440.625466197714,5677.396050169698,5830.564021320611,6320.423502214669,7142.31459090324,7373.4477658274245,7327.528209740096,7455.7456688435595,7243.129140099657,7707.845421077861
DEXPANTHENOLUM+MYRAMISTINUM*,34690.88663560664,32827.67443915765,32610.71108338772,29890.93800016107,37331.87593496902,61057.983884204645,59152.33744498243,52169.54829499393,35723.79897639241,32649.819522900456,30446.54276149618,33825.43535376203
DEXPANTHENOLUM+NICOTINAMIDUM+PYRIDOXINUM+RIBOFLAVINUM+THIAMINUM,18.389254860519483,16.450296128387556,0.6066506208704325,0.0,0.0,0.0,0.0,0.0,0.0,0.0,0.0,0.0
DEXPANTHENOLUM+TROXERUTINUM,1.54741068759689,0.0,0.5731658573321774,2.2157976173521625,2.106800663600994,0.0,0.0,0.0,0.0,0.0,0.0,0.3535232519407874
DEXPANTHENOLUM+XYLOMETAZOLINUM,109103.1216712368,112702.90501834122,108537.8217815485,79274.56807763809,77064.47440003353,63178.01154347363,62477.16814374946,79660.69510949388,126620.81636761318,120495.85185963237,109923.05553877147,128513.56416760654
DEXTRANUM+NATRII CHLORIDUM*,704.969682298666,0.0,0.0,0.0,0.0,0.0,0.0,0.0,997.4680626494676,2901.8404187368005,2627.7104354210605,1924.9505805828612
DEXTROMETHORPHANUM+DOXYLAMINUM+PARACETAMOLUM,54.010031540778826,0.0,0.0,0.0,0.0,0.0,0.0,0.0,0.0,0.0,0.0,0.0
DEXTROMETHORPHANUM+LEVOCETIRIZINUM,4482.561268019081,4650.16093553525,4750.782017756022,4040.5002317404733,4089.944151135872,3868.102634860024,3546.8375700471825,4439.3780664047445,4513.90821169863,4444.598476141575,4320.184835903764,4274.767671921352
DEXTROSUM*,87336.66549692609,83078.58252303192,79026.87211344787,48080.50503995852,52849.441635759,50923.74691738493,61127.76605054504,65687.00614266258,64650.3503457897,75540.21625437589,72838.48658314823,81495.37811109742
DEXTROSUM*+GLYCINUM+SODIUM FORMATE*,46500.45333224553,23956.378480794865,16062.869871043025,16136.792254650305,26686.067032944848,25192.685726989195,27759.50315363341,29175.049966357503,23104.243887945497,24059.439896624626,21177.625974976654,43472.81890906699
DEXTROSUM*+KALII CHLORIDUM*,2285.4289696078904,2402.2367241201537,1931.052324402218,1279.4349781655944,1474.1556327362177,1465.320788073726,1712.566319139773,1564.1293071479345,1721.8938792511026,1955.1670562445274,2319.2806078836966,2125.2389154363227
DEXTROSUM*+KALII CHLORIDUM*+NATRII CHLORIDUM*+SODIUM CITRAS*,8745.341552468522,8533.53274561675,8513.068930088093,6347.659507617937,6331.753599594574,7696.035703128649,9240.776215908674,10435.833856085459,10115.719198179651,9506.82070180777,7875.740734663028,7944.805190900001
DIACEREINUM,5728.94805946556,5781.812876917575,6076.515375169267,4858.1292180607015,5182.85413666393,5387.278715836594,5717.048623464805,5753.230793857454,5691.436374461655,5819.823483235094,6072.661014543928,6094.332883881075
DIAZEPAMUM,1889.5069767658879,1459.1002269297037,1592.0126698504203,1008.6624669766572,1248.6425474673108,1089.1104546494973,1370.9486231849105,1302.9102008029047,1481.1117056869634,1422.107952383875,1790.2027925310676,2155.589307438486
DICLOFENACUM,917540.0251216267,893341.5727096733,984505.4278582437,884680.2994552332,930264.8034109571,922884.164053669,926521.1536459716,949342.0403979464,962010.0200776592,995242.0724995622,923458.5903152172,939022.2540458741
DICLOFENACUM+LEVOMENTHOLUM,3667.695994869039,3741.39719529742,4387.368494665205,3442.136088025423,3861.9365606784527,3456.4565686596516,3437.922535202614,3852.9563623792515,3927.177157157878,3958.6369711583966,3697.2745534197124,3544.333115528784
DICLOFENACUM+LEVOMENTHOLUM+METHYL SALICYLAT*,36535.45895334199,33252.903143679076,32655.34634690734,31023.313960448548,37316.91630224011,29619.44642663197,36297.815977104045,36841.141068440316,38156.04499246792,42294.51918264862,40221.23438575177,36548.59439919289
DICLOFENACUM+LIDOCAINUM,25907.593192781158,24440.51870715835,26415.79875366983,23610.06642588874,25012.252998673594,23614.584291911207,24843.96376151101,25561.529772200585,24908.731015761972,27234.232445620804,26166.998424517587,26208.836042644747
DICLOFENACUM+LINUM USITATISSIMUM*&+MENTHOLUM*+METHYL SALICYLAT*,26651.248589479605,24081.355489315934,26336.609951946884,24582.146064813514,28411.902297868706,21991.01342707473,21013.136473201434,22292.763852864668,27264.863499357147,33530.144159312986,30979.802430039555,29210.92638938268
DICLOFENACUM+NICOTINIC ACID,139.24816373793885,93.22394384808905,145.4667134189724,59.996822977552256,25.141205524443677,4.349347410231061,0.0,23.625456729062194,58.33892145334063,63.65309140764575,21.67383133047621,52.8594127234058
DICLOFENACUM+PARACETAMOLUM,118580.03628301887,112788.16202064871,127819.22340591796,121460.4777092987,129064.92234716861,125234.25685262987,129534.67605216416,130521.08260695693,132478.60024595645,130404.18995232141,118826.43811257873,123197.55623594989
DICLOFENACUM+PARACETAMOLUM+SERRAPEPTASUM,62298.83843797627,58879.65460852382,58795.399831096904,53255.383495290414,55912.79591278025,55347.843332907156,57657.82595514372,60261.34193906801,61341.74701234247,62689.771757097085,60920.687039035816,60700.48235072184
DICYCLOVERINUM+NIMESULIDUM,40402.440105532005,42539.62292449524,44181.51658024024,44751.965430927914,48361.22481681113,53726.60471113011,51251.79898846306,49092.0683296593,49275.80278152564,49172.30998852859,55664.77311291133,55655.532458804846
DICYCLOVERINUM+PARACETAMOLUM,73350.6898364548,73849.42777783389,79032.06254949784,73751.09038538972,66165.63707266396,62463.779641044035,75168.12011430884,74140.27251148137,67057.05204778012,70226.3856953798,68736.67583202028,71856.84955989337
DICYCLOVERINUM+SIMETICONUM,34633.705193187154,30433.04411733517,29624.092834147315,24207.720185090788,24740.506843339313,23508.49414743188,28972.752368199683,32176.19132230767,30991.721263087817,30702.458793205682,29937.891194793712,31903.675093557897
DIENOGESTUM,14934.76686008608,14732.712123247029,15260.818753503485,13369.101677436354,13694.807636310352,14089.792823137253,14661.882192326475,14921.702907405555,14755.57549919652,15346.645592356996,15335.078486613078,15379.924421745647
DIENOGESTUM+ESTRADIOLI VALERAS,26113.371928275432,25332.15907206167,27018.63570340074,22772.824324782086,22825.11253819725,23110.01722523947,24138.07909118333,24832.1187002485,24879.974903810722,25606.35038297059,25640.58888260857,27093.30859862904
DIENOGESTUM+ETHINYLESTRADIOLUM,23026.82785806004,21965.382928980576,23872.030584438875,18653.668707527377,19192.000804720046,19322.55888119605,20596.661341098723,21369.419707742723,21037.35839977979,21868.230152131317,21944.4639527344,23550.710591938736
DIGOXINUM,34031.335079146185,36434.21237862052,39315.63753647486,29518.78565979019,32430.423300293456,29741.728782125265,29076.90861321919,29555.60797611214,29703.145294214133,33921.80086976476,34206.79758989155,35209.02369736571
DIHYDRALAZINUM+HYDROCHLOROTHIAZIDUM+RESERPINUM,0.0,0.0,0.0,0.0,0.0,0.13591774131663356,0.15234268799076048,0.16055849973406305,0.16460700353270627,0.15452166097562192,0.16232924133395554,0.0
DILTIAZEMUM,0.0,0.0,0.0,0.0,0.0,0.0,0.0,0.0,0.0,0.0,0.0,0.0
DIMENHYDRINATUM,40193.47475878071,34969.71216098405,38530.32992398042,37190.133975611185,52447.20625814948,81888.49152541379,90403.23118045891,89008.99354572868,55230.07407917819,51706.183147171454,38909.00904279975,43204.30400053605
DIMETHYLII FUMARATUM,0.08562806144503507,0.08283200103137467,0.08020882316446412,0.07772395133495348,0.07534972433536274,0.27506401319970786,0.16084911475520186,0.0686908664636148,0.06657793829436294,0.06450126622297922,0.06245359902989003,0.060429135739436465
DIMETHYLIS SULFOXIDUM,73319.38008989886,72412.8733733315,74024.40079051939,60755.08551471149,68946.73088450701,70958.03357078516,73302.9473102495,75765.15109226276,72137.37170831513,73084.37579159884,73192.2450486676,74495.07644476437
DIMETHYLIS SULFOXIDUM+INDOMETACINUM+MENTHA PIPERITA,3885.2686493834485,4482.727133103173,4656.523523357642,3752.244238839905,3339.451614504404,2775.227518314692,2825.1826446416108,2663.5579489818347,2795.6737957327014,2941.8452764120843,2997.8288642342786,3043.146137770723
DIMETICONUM,1787.4138007456654,1589.0446727024214,1488.851530478996,1097.4015769114255,1133.1145742685396,1087.2091323653995,1354.8917390540573,1663.6511846161536,1694.865301277,1800.8571548168472,1860.0379978598958,1939.980432505503
DIMETICONUM+GUAIAZULENUM,0.0,0.0,0.0,0.0,0.0,0.0,0.0,0.0,0.0,0.0,0.0,0.0
DIMETINDENUM,39548.22987563352,36740.83862561796,39147.62694391614,36018.02571686534,74112.26245353534,137860.04436118202,106332.27200560994,76638.78343946293,43293.26390485597,36356.021195481044,34584.963546291765,37962.70154525096
DIMETINDENUM+PHENYLEPHRINUM,63402.42956438967,62939.83106852451,66070.76536741448,42111.238702108574,44293.76606544595,35420.61025169795,32185.51069628166,77811.74654753075,109404.37872411213,79996.9495609593,62121.80412601918,76729.11647364916
DINOPROSTONUM,166.99001291952771,165.83419995036172,130.03305932773802,96.13245658234808,113.27268413874532,148.6463759365721,197.0168391275426,191.07271943302817,193.65293343012567,237.24981438051265,207.2904288935315,181.9940302566556
DIOSMECTITUM*,53165.05041309218,53038.758678833154,53578.728933104176,41148.84877819924,43595.04269595353,56597.9086718352,70753.31149421877,74933.1129938039,67089.35743515022,59283.58782990554,49793.42218738803,51421.27371505228
DIOSMINUM,21920.37334659109,22327.14104231517,23801.506117093937,21469.08589511645,24961.763835733957,28043.110706427466,29329.39152118178,27216.916291184716,23488.396625386573,22346.086210947564,22391.18519759585,22768.094505113975
DIOSMINUM+HESPERIDINUM,179666.45996454166,182203.42295942793,189455.55371977147,167842.4914924809,204065.68967508298,235685.63058559928,240231.58007844683,226335.85363715942,193497.1620485641,178277.9487421224,174185.19126140358,173079.79484126315
DIOXYDINUM*,5691.308150451146,5480.521654720818,5280.106702704491,3046.2313856593655,2789.820976591199,2521.198493904604,2969.104752323263,3805.810403626124,5535.3527692363505,5994.504506292464,5386.317340505292,6231.818252443491
DIOXYDINUM*+LIDOCAINUM,17255.52868277766,15923.963436886812,15893.934598662607,14794.106486571705,16621.584555387457,18011.149568928522,21048.252138249853,20837.94235219538,19066.420681840267,17868.351904044655,17276.215440296626,17890.017227786677
DIPHENHYDRAMINUM,340980.0774257779,321232.1179749463,307209.56635220814,295544.3853919448,343665.9269616613,415766.00375536183,411399.1983282494,370199.9239244866,333345.33153940365,341555.5683692644,338300.1221710802,352311.0039504601
DIPHENHYDRAMINUM+METAMIZOLUM NATRICUM,49185.11516221312,45588.97590663578,40771.15102809778,27057.25245119125,27052.66291558989,28857.061413032672,31112.22353691077,32887.1081619371,34639.717587882056,37028.066054561874,35971.1133538296,42970.20611916765
DIPHENHYDRAMINUM+PARACETAMOLUM,2.4689364059855468,2.636720202599187,1.712111396600296,0.0,1.6160943547504452,3.2691031884518944,0.0,1.0034955477705338,3.4661166129985572,2.4709776218911728,0.04643058571546321,0.1767571134850927
DIPYRIDAMOLUM,3532.7520445362006,3245.010677903775,3341.790179096309,2434.461974548806,2326.294805409276,2201.5792645961237,2263.799426444074,2478.4541504209064,2656.4649241008424,4176.111337543265,4409.423462795674,4008.280557496072
DISODIUM FOSFAS*+SODIUM DIHYDROPHOSPHAS,17337.22801617412,17250.08449157783,15200.340284682126,13983.686731946891,14933.99530254003,15208.96837179587,15674.588639981872,16111.145467312,15990.536341957431,16489.637654455102,16820.416917234572,16905.33454023947
DISULFIRAMUM,14704.385164703652,11194.540607081866,11596.819868014172,11155.419783789746,12541.347423439936,12189.844042189816,13821.310644219453,15253.43043287289,14633.90997082537,14757.56330821709,14239.935685160191,14871.531693744406
DOBUTAMINUM,205.28261231239094,206.11430998179208,89.04137153492903,0.0,0.0,0.0,0.0,106.9843978343174,64.90966232264549,45.19717733092365,13.358492755162416,247.03044851216913
DOCETAXELUM,76.0484791000137,60.46828805896908,66.104724111935,61.756861840109394,30.99436090845043,0.0,44.93352844710614,147.8382608514527,219.56943566073164,89.63296439395631,68.54477626633759,105.52921465004432
DOCOSANOLUM*,0.0,0.0,0.0,0.0,0.0,0.0,0.0,0.0,0.0,0.0,0.0,0.0
DOCUSATUM NATRICUM,5187.630957334748,5316.09149108112,5744.883922912894,5453.142273212992,5855.9693582877435,5879.028631182222,6049.353254332482,6448.766557687364,6184.552405205949,6127.822688055491,6120.394119169803,6368.381668895927
DOLUTEGRAVIR50 MG TABLETS+LAMIVUDINUM+TENOFOVIRUM,0.0,0.0,0.5926751826389342,0.0,0.0,0.0,0.0,0.0,0.0,0.0,0.0,0.0
DOMPERIDONUM,86812.36076276757,77129.00250912634,68371.41329020892,53279.282899070546,51122.4147701554,48998.932851018835,60547.42589970514,71178.42412264973,73764.41728500096,72958.98479887749,69440.2033939743,75890.33125404725
DOMPERIDONUM+OMEPRAZOLUM,13489.836599066002,13582.884480355642,15386.811935540172,11112.823449840616,10496.413411433796,8977.648130861153,9954.280656555866,10731.467427264452,11206.969993984141,12036.043197512714,12188.225310488393,13458.903751021757
DONEPEZILUM,5704.1071442737375,5558.521287839937,5865.173134062721,5262.6415424107745,5466.900800459041,5489.932338267481,5653.495699884057,5750.317320547142,5912.469148447435,6006.302742137495,5935.154148459368,6171.018604886692
DOPAMINUM,118.7031491001083,48.15486591494651,39.61882969746435,0.0,60.476830470102904,0.0,0.0,19.85194954268171,0.0,117.31262014686844,112.44015572818117,206.27637452387873
DORNASUM ALFA,0.0,0.0,0.0,0.0,0.0,0.0,0.0,0.0,0.0,0.0,0.0,91.5635162875068
DORZOLAMIDUM,19634.79636704686,19698.080039417553,21213.631226161015,17801.964024402685,18305.606911842922,18510.986670642014,19189.578326528186,19563.64830008403,19547.472127775603,20243.052238775766,20350.3253764228,20622.223335387323
DORZOLAMIDUM+TIMOLOLUM,42500.00230535478,42427.61587773041,44994.75489550781,39168.87438641691,40724.1010268011,42213.96245918665,44096.784543973496,45271.716548541546,44103.25027690176,44950.15114286452,44163.09518954971,45255.72205792121
DOXAZOSINUM,16497.38610768906,16666.065336907464,17998.687015197447,14367.547852744688,14592.685617697734,13602.670924575421,13670.25306499283,14385.565072242009,14798.11497295661,16347.815988443537,16221.506295748339,17023.28083650743
DOXEPINUM,4006.271688511721,3995.5365146955537,4328.649725406442,3557.0540437389773,3569.2312481688277,3478.7795614765323,3500.7039618865188,3563.9752319783306,3626.967597815604,3841.2908402492453,3914.032783959982,4074.9040886923954
DOXOFYLLINUM,8319.994181715289,7495.589982781398,7532.382379677629,5146.984453237963,3077.031068129574,1206.3109160862086,427.66535049486174,1151.2298540651282,4175.784412964686,9546.03941612768,10116.41797470142,9372.887777603755
DOXORUBICINUM,461.6593548136619,567.2815119936854,551.2242479071957,393.00304680749525,271.2010960972265,125.53374569850308,160.1884755490159,291.3160695989176,299.15675500833055,389.7331135053523,408.2596104724615,380.53661821564015
DOXYCYCLINUM,72926.68272539761,71026.3128779585,73034.7283799461,58309.69656147502,66459.08688663707,71486.34212670554,77480.73369869922,70232.17833623302,74681.04422619892,85565.73951811055,79941.4527315787,75710.07508229208
DOXYLAMINUM,201878.5960530809,178224.83954499254,176472.72302932487,140832.38210759376,137272.72126101184,131699.54447454927,137780.75453618224,149897.94007629162,155087.32639918214,165249.17654829758,167771.1289583929,192477.87757727216
DOXYLAMINUM+PASSIFLORA INCARNATA*,10347.560928863415,7244.663223433699,8184.142476316934,5254.639295850531,3965.5637687044127,3496.6451642145275,4118.352897849627,5260.788901984711,5992.25832251979,6758.300076174861,6597.019296325924,8598.68208967378
DRONEDARONE,44.080552749853396,53.28078937118963,40.90232921007579,26.045311623001886,33.666248095159936,34.827947814703556,32.69345813215561,41.27601692793443,43.63301450637466,43.60396311094401,45.81447253641667,50.16223061861197
DROSPIRENON+ESTRADIOLUM,3083.535514116866,3105.5227819038805,2834.547599856748,1967.4640579422987,2120.1294281339956,2161.2563280106096,2329.2040516351576,2939.758834258052,3081.890864079624,3024.4498916601387,3167.979317447806,3206.600661801196
DROSPIRENON+ETHINYLESTRADIOLUM,37011.794745424086,33510.71117803239,36449.227036594704,27810.37203592024,29263.21194785637,29665.376989880948,32061.338535976312,34094.06368532829,33393.600517285544,34415.12789532705,34639.84451023594,37410.574514638734
DROSPIRENONUM+ETHINYLESTRADIOLUM+ACIDUM LEVOMEFOLICUM,78859.66461039783,78160.43517921778,82712.4762969023,71652.9998536784,71407.73856172778,71641.60459079579,73604.28407667871,77808.17472801358,76927.11831170996,77018.02664129558,75997.10476759257,79829.48233125868
DROTAVERINUM,667989.816499022,614613.4841056723,666457.3638024958,479691.92957145773,452192.0413981305,468168.57487097185,511703.2824607482,531533.9173440725,571849.871262235,591950.9756082684,583505.028296598,657652.2064587652
DROTAVERINUM+PARACETAMOLUM,1.4110628189371657,0.0,0.0,1.5835905841272258,0.0,4.7482849471161,1.2971863592265713,0.0,0.0,2.23816095539947,0.0,0.0
DULOXETINUM,25923.795870938455,26616.16815773141,27355.927621543426,25743.884003523548,26375.289257763376,26509.520840649926,27517.71483575086,28297.87092245545,28950.873196183526,29831.342847583914,30220.89470777299,31457.43166631132
DUTASTERIDUM,7600.379688621591,7723.846100673437,7755.595936288795,7132.369710754964,7256.431036301779,7158.097202713116,7201.5900418160645,7180.131419072306,7476.667226851181,7658.315379048163,7715.6310067796285,8052.485814938684
DUTASTERIDUM+TAMSULOSINUM,9192.854589831943,9096.613473040574,9501.03930874062,8463.57434930751,8785.742734497904,8724.099197080624,8983.301733186063,9064.054239138071,9622.33311644433,10001.967846537123,10342.697536777123,10622.92543915697
DYDROGESTERONUM,32979.43473235656,31961.03269445621,31053.338752549374,26248.27128743736,27840.389803761198,27840.75310523372,29864.14303482518,30139.9174669118,29401.354300994542,31624.653856674184,33083.296389631345,34206.85250441052
DYDROGESTERONUM+ESTRADIOLUM,40969.99992550425,40431.12158445919,44176.572820875714,35661.3257192615,36757.012747222696,36530.464278844236,38769.71541339403,39460.65823028643,38510.88319305293,39714.14907251869,40186.47048534388,42009.34792485659
EBASTINUM,1915.9931853890685,1900.0453698607264,1980.4868198553906,1620.6788822684603,1755.751834616254,1818.9526989118272,2163.283092765624,4007.4303102659997,2750.758986683638,1704.6868302350872,1542.4000074935848,1470.7398517177205
ECHINACEA PURPUREA*&,27711.348742382706,24626.876805256758,55815.733705569895,11358.125275834293,818.8261820597107,0.0,0.0,4604.409829084519,26449.274024715454,39027.42223123411,34246.997246462925,27188.36170865985
ECONAZOLUM,0.0,0.0,0.0,0.0,0.0,216.35232839782338,254.06121147012118,293.4749251521881,78.37330332207091,0.0,0.0,30.881431364641347
ECTERICIDUM*,558.3486130670144,318.4536564620763,292.362463225917,0.0,0.0,0.0,1.5806802949069834,187.07714253113664,650.1378843679117,707.9260498851224,556.8297543466822,666.7250899637208
EDARAVONUM,2159.9961112478727,2044.9812097855358,2390.0024262650113,3351.1821370979396,1409.5490434136311,0.0,0.0,0.0,0.0,3446.7035213357863,3769.112576699989,2882.0605586407
EDOXABANUM,31684.289989697885,32864.96324301782,34043.306753357785,34159.10480786677,35455.354579336345,36069.24218191844,36633.60642405747,37513.27227377558,38052.81405069379,39172.28035845212,39884.73077050856,40820.2362816482
ELETRIPTANUM,1405.1795641326714,1445.610239423986,1474.4571782694345,1452.8914674913108,1461.109539570792,1475.6734053649993,1533.8248751881954,1595.521768838932,1598.754115125831,1650.2383414170845,1658.2734537124754,1728.3632077117961
ELEUTHEROCOCCUS SENTICOSUS*&,22993.572922077663,25087.6921316476,30529.458874237225,20414.733773195578,20452.863120704198,24910.65189433559,28407.038822783605,29897.551498307395,25757.869533553217,23919.43976053493,23285.955469665747,22982.833686838218
ELTROMBOPAG,308.86341418117854,348.7487746346677,390.83573979657007,336.71958872520275,337.29254466721966,481.5507862199442,454.1408562612346,516.9035890933777,477.5456521582032,677.6747794091744,353.23275800906237,363.1442176880834
EMBLICA OFFICINALIS*+GLYCYRRHIZA GLABRA/URALENSIS*&+MENTHOLUM*+ZINGIBER OFFICINALE*,75591.62259076338,74889.78998815801,56551.17746461777,14814.739404329617,1295.2241146431334,0.0,0.0,576.6442119458734,49648.30779491231,86785.74861982948,52780.67683830725,66986.07177163352
EMOXYPINUM*,112365.15910207196,121551.63777273703,104572.76842524574,76206.77426322935,85968.42224959293,78892.05515466041,78262.2359946911,80297.44638269227,94608.53040906989,111152.96214614867,120714.30405178832,117307.39969227671
EMPAGLIFLOZINUM,37484.83333606382,39321.12975812422,41389.47235088487,41345.85270581077,43803.21653479365,45043.43376413068,46547.38212380412,47826.016257297175,48830.71237591885,50792.78048041272,52273.31417148517,54420.9200698073
EMPAGLIFLOZINUM+METFORMINUM,30559.564514981408,31955.959483819337,33427.61174643543,30295.763338140783,32638.25599248093,32698.843556324126,33304.060284195235,33552.149017892836,33581.51925712563,34454.32712661684,34695.50324485354,36059.53849939848
EMTRICITABINE+TENOFOVIRUM,0.0,37.47376198659803,0.0,0.0,0.0,6.230389226988409,0.0,25.07794227686547,0.0,0.0,0.0,0.0
ENALAPRILATUM,87.81268696525947,91.79057383082582,93.7504143041069,85.58021766355978,97.09439133195008,96.91526124749035,90.83628816075054,105.98304067218672,96.65597366216366,106.37105103497322,105.6502439140489,120.21192919813743
ENALAPRILUM,784742.1876746184,887411.0766644713,934663.7198126746,690835.1798875582,728635.7415037866,672485.0683530907,669550.2441888547,658756.2604137872,694997.2809500548,778274.4297353895,804736.685119979,880299.1517839713
ENALAPRILUM+HYDROCHLOROTHIAZIDUM,126540.94546335845,132495.69187135244,147798.9134497636,104811.35894007106,99754.04874668003,94669.52995377553,95083.30759133308,96789.04613782969,101968.09324781834,116249.90169312443,116920.24150698214,124155.77432096387
ENALAPRILUM+INDAPAMIDUM,1426.2337545529913,1205.6877659509275,1095.8677415043974,494.6300883822945,0.0,0.0,0.0,0.0,0.0,0.0,0.0,0.0
ENALAPRILUM+LERCANIDIPINUM,6571.949526649349,7580.166030551981,7292.620908361499,6312.688085296528,6145.405101531961,5857.014389207724,5713.372294035747,5839.049092585578,5864.439006112856,6277.067011622091,6347.691090716894,6592.672428680148
ENALAPRILUM+NITRENDIPINUM,1128.9028551914087,1371.9429977018358,1855.8406541386312,1212.4255217165187,1214.8553582072816,1203.766769828344,1299.9082415536461,1393.4781613623406,1441.4324396377478,1275.4762046865267,1163.3839591540022,1302.7605051564342
ENISAMIUM IODIDE,84577.80681525788,80170.71148945263,73220.61548373033,0.0,0.0,0.0,0.0,0.0,46435.425081665206,73183.59127288134,67267.10490832938,52138.65911579774
ENOXAPARINUM NATRII,9480.302077204205,12805.198284270346,13563.627696658461,11108.359273304159,2462.116981355914,0.0,0.0,0.0,4009.0729403457394,38323.69854866522,33570.21508205599,15581.2731555038
ENTECAVIRUM,0.0,0.49097292303058976,0.0,0.1210693818365925,0.0,0.0,0.0,1.5639230722347182,1.0712005418911008,1.1867434400946713,0.0,0.25442379644752006
ENZALUTAMIDUM,0.7629647684158103,0.6271931934119495,0.6139703763096664,0.675186565528646,0.5907539598046351,0.5526023181262324,0.8286754476843159,1.2529283942315885,0.5053251943702125,0.8198370773819172,0.868441026692087,1.1991186290410285
EPINEPHRINUM,2719.8402161441495,3313.1584547385505,3257.8193625354384,1648.9192056943168,1664.6933971427857,1430.9798672229272,1548.6293602084081,1897.4452715181596,2346.1179174873287,2549.03235118403,2525.9170150627588,2952.204663087108
EPIRUBICINUM,108.9870465915494,118.86187903167644,98.84040850142185,83.50149559486196,90.48542878725786,92.64563885881836,104.42047043371056,79.91699921126809,84.98288575095792,99.80625850035356,95.28762021751388,95.5577731088859
EPLERENONUM,76335.48619437171,77250.80380630906,81709.44462968901,73205.25150393942,74935.24802651675,74739.69001500469,75688.28279610767,76799.70833019495,76697.60617961733,80384.60632860806,81402.10786218868,84403.64351112976
EPOETINUM ALFA,889.8552705569036,935.2281521501551,1001.6376978248674,904.3529747647485,914.3508367167644,958.7843666784883,948.2404310479785,934.764122943682,978.4619168603556,1030.6393923938058,1041.2014132206773,1049.4726702822854
EPOETINUM BETA,191.52798800703482,229.37918681751947,231.26196287063067,195.96440071784312,232.04816800033677,246.8157988310551,285.24012050035327,209.76779484051542,207.93895131736866,206.89889350357484,224.10586425726322,241.2108578649375
EPTACOGUM ALFA (ACTIVATUM),0.0,0.0,0.0,0.0,0.0,0.0018945787565664565,0.0,0.0,0.0,0.0,0.0,0.0
EPTIFIBATIDUM,26.940941109991122,28.011674107302802,22.855048835243842,23.532536947688364,15.655715767735675,14.812247153865219,23.699860592860542,19.600339674148493,20.293511269270546,24.01323687545988,25.079405690503044,29.97992907262926
EQUISETUM ARVENSE*&,5671.296368564381,5940.939377516649,5807.170683539256,3468.071827218137,3453.885241022038,2779.834070925953,2697.2664337098777,2542.5452227978135,2674.6423529289577,3349.2317558946665,4178.538577128029,4669.462932975515
ERDOSTEINUM,59127.11485371295,56284.696033412,46899.823616015376,34923.93512094219,21271.036163727782,12308.901636800367,9273.746254102562,13362.393386788435,32718.061731781258,70410.78984661963,57788.06097733447,55875.76092075047
ERGOCALCIFEROLUM,702.1798651990323,625.090684156893,470.354231571028,0.0,0.0,0.0,0.0,0.0,0.0,535.8428685541211,1065.0243170715844,759.3431681334002
ERLOTINIBUM,4.664136330499991,9.174912617370861,5.469881910274057,4.229005608003117,4.071852829592866,6.029678870271168,3.48348796622031,3.7520835063861258,4.008108201925281,4.260076221763107,4.628398901039868,3.8074053078677808
ERTAPENEMUM,17.77218004516279,0.0,37.343489711980496,0.0,0.0,10.245088449925214,0.0,9.050786411950922,6.3532866647698505,30.76921523601637,31.97188646200498,22.03435181178726
ERYTHROMYCINUM,9175.727272104803,8796.790958607422,10224.886673966785,5622.819212411538,4416.329209324605,4101.661173012326,6027.906310119771,5439.017585962991,8065.566572794832,9720.899728417571,8485.323819073028,8696.268257754662
ERYTHROMYCINUM+ZINCI ACETAS*,2098.293044476464,2143.001598874316,2398.05284083661,2212.0646328504586,2308.251664905548,1868.355688993633,3334.932106708113,3201.1508393237086,3437.933023860198,3645.612769933402,3179.0849652359766,3552.875919922049
ESCITALOPRAM,68180.24344945032,69451.64958476005,72245.25860992834,63034.025980462284,63678.24497909361,63235.37812441742,64717.30640909909,66946.03637617076,68029.4470415129,70944.446670212,71318.19541410019,74747.94381741807
ESDEPALETRINUM+PIPERONYL*,0.6183476760088737,0.0,0.0,0.0,0.0,0.0,0.0,0.0,0.30769725039646323,0.0,3.0080391905126165,0.0
ESMOLOLUM,62.868489345594654,69.12535780314481,71.26070652861813,84.36363946842997,85.9022397797126,68.28457398817187,79.35709531437249,76.31056633476615,104.88759711051424,104.02387569054592,92.2191525140044,84.80002793220439
ESOMEPRAZOLUM,111542.30488799403,113472.56323358674,109218.89464115287,93611.20649829779,92704.26951510564,92297.1250596439,97362.2346263665,102340.93261083656,107633.21092950452,115560.58591553093,118118.15183544398,121049.09090246641
ESTRADIOLI VALERAS,4089.4753319108436,3970.3383228910097,3655.1303575756706,3082.5308272239263,3497.7224448430597,3923.189380838895,4434.354171536091,4994.110045994374,5372.95278746153,5903.297822535783,5328.7578924957115,5138.484390364184
ESTRADIOLI VALERAS+LEVONORGESTRELUM,0.0,0.0,97.98876699041881,0.0,65.55641967770322,245.45100131053084,454.63420093187995,665.7490949440473,635.5309444688688,827.2487584038131,904.4329438668566,551.1282265523787
ESTRADIOLUM,9142.329666889285,8855.803121443727,8927.75726213646,7419.514751739824,8122.456920471695,8216.250432506375,8602.127019183297,8841.828865574018,8798.49651973577,9081.462420114356,9358.131317466403,9487.241012397222
ESTRAMUSTINUM,51.73605699739828,46.318955593349386,48.676894255335164,18.48162098005379,9.893096364368688,0.0,18.44913525151693,6.5085899097551945,21.50455683091372,36.12191040184648,32.885681290064774,63.70104862970436
ESTRIOLI SUCCINAS,2809.8454461032898,2794.040412750981,2754.68464464096,2377.1762887247687,2422.4786625636416,2395.7620202065646,2562.9589648927285,2772.781579213486,2803.010329241917,2867.0047878364876,2809.9642132839685,2824.5780122137803
ETAMSYLATUM,11286.605652617227,12854.13782959073,12607.588838632722,8859.982113329494,8892.823200550096,8945.778137789765,10029.32375504468,10081.922316311797,9818.34123278868,10837.682833433364,10354.3053814123,11172.236687258632
ETANERCEPT,65.67613446341304,71.6632632515393,72.41183441937568,76.70657584793666,80.155579024186,89.6363308607393,90.32974392458136,97.96818515434775,101.20550314174221,109.4450540488834,112.95972622978394,118.24596362075584
ETHAMBUTOLUM,56.99159240963679,90.82421831612282,92.8460139009949,86.09474522857577,47.48622515032376,50.023103947405396,30.071901844753935,25.34223502231601,33.04419642404891,79.01786040511848,42.34888644965742,26.228202144971775
ETHINYLESTRADIOLUM+ETONOGESTRELUM,1187.6947944494743,1107.0206450219143,1145.9218586279628,786.6525626608986,902.0176590353435,1012.4678692829964,1034.7941706292156,1192.2053448542872,1151.0144173824417,1190.373808553062,1189.5770546376546,1329.0589846534251
ETHINYLESTRADIOLUM+GESTODENUM,17821.74832316043,16816.951713239338,18069.130600406665,13779.81708524471,14235.397648219348,14964.69987370325,16187.543829194574,16997.517168691826,16983.631215393816,17516.227427859612,17492.555772936437,18563.820624102103
ETHINYLESTRADIOLUM+LEVONORGESTRELUM,6657.482557673569,6221.833088627253,6602.600421642493,5240.162396306977,5504.505284290856,5543.716902930253,6055.331506094063,6304.202896877401,6102.604117756366,6489.55600271183,6663.7588189284925,7099.327180154115
ETIFOXINUM,1380.0420902698395,1512.8963439236334,1510.3223834123812,1148.6934515690923,1175.6633426601736,1213.8678920987513,1287.0069682153264,1347.213265674299,1310.9881402071899,1336.4506763992156,1313.4281419185484,1276.5039508997274
ETODOLACUM,6030.436181636336,6243.733614025503,6075.108161992965,5293.756002423061,5988.680076823263,6243.810338399553,6593.247549716712,6621.321120826566,6459.769379770572,6598.860588981906,6767.6209584071,6500.803856003383
ETOPOSIDUM,76.10839320330162,0.0,0.0,0.0,0.0,0.0,0.0,0.0,8.70926504467549,114.60848424050128,73.63898841072123,72.04252056045648
ETORICOXIBUM,52026.01843985786,52164.91494296411,53317.4333305561,50386.19242573667,53992.8084869881,54180.985721096215,54654.78069348968,55247.25865651142,53770.713412035795,54330.59600156227,54307.86925829042,53596.52104877991
EUCALYPTUS VIMINALIS*&,171440.5980084311,159012.3245799123,179272.29073873657,67403.72936743542,43092.7843720338,24057.51567735181,26235.4848232456,54057.313441599996,138218.49563792278,162898.00789662043,150568.16300521788,165176.5199937351
EUCALYPTUS VIMINALIS*&+GLYCEROLUM+MENTHOLUM*,1260.1131397023169,940.8696368813879,908.3979986146422,450.1022519912426,156.00081868252028,0.0,0.0,16.723992171479495,641.8224667866987,1100.3824104688715,975.3427294046068,1082.4973485431917
EUCALYPTUS VIMINALIS*&+LARIX DECIDUA*+PINUS SILVESTRIS*&,4898.344087357725,4874.73431153779,4909.794995744305,5381.010847971978,5619.457234616579,5518.890448794721,5714.645524999697,5700.916090826139,5667.636248349756,5570.71207923111,5478.792048798655,5434.019329315153
EUCALYPTUS VIMINALIS*&+MATRICARIA CHAMOMILLA*&,0.0,0.0,0.0,0.0,0.0,0.0,0.0,0.0,0.0,0.0,1.1330087662236425,0.2513061590142649
EUCALYPTUS VIMINALIS*&+MATRICARIA CHAMOMILLA*&+MENTHA PIPERITA+SALVIA OFFICINALIS*&+SULFANILAMIDUM+SULFATHIAZOLUM+THYMOL,6297.7905708913495,6055.283011233464,6516.1347385557765,2555.7442954622566,1298.5533160360615,655.4819075437308,572.8253557984917,2144.156689450924,5485.536331421494,5094.540620046578,4447.4234259952655,4999.213445802841
EUCALYPTUS VIMINALIS*&+MENTHA PIPERITA+PLANTAGO (SEMENI PSYLLIUM)+TUSSILAGO FARFARA*&,0.0,0.874850436482822,0.0,0.0,0.0,0.0,0.0,0.0,0.0,0.0,1.939554838280655,0.0
EUCALYPTUS VIMINALIS*&+MENTHA PIPERITA+SALVIA OFFICINALIS*&+SULFANILAMIDUM+SULFATHIAZOLUM+THYMOL,373.2578216206591,0.0,0.0,0.0,0.0,0.0,0.0,0.0,0.0,0.0,0.0,0.0
EUCALYPTUS VIMINALIS*&+MENTHOLUM*,111.82048757770791,52.377905846769536,63.243561773494285,0.0,0.0,0.0,0.0,0.0,0.0,50.59838142811378,51.45091273037289,63.367859083655595
EUCALYPTUS VIMINALIS*&+MENTHOLUM*+METHYL SALICYLAT*+PINUS SILVESTRIS*&,3420.6921006412385,2859.7061467623853,2750.491606054414,2147.359395883146,2078.054650141242,1390.8890759428273,1565.0876389792056,1916.934311803419,2681.361872457898,3291.2269433765923,3413.2636225066567,3481.821188205818
EUCALYPTUS VIMINALIS*&+PINUS SILVESTRIS*&,11138.51039093433,7077.448906021544,7003.10781656311,3388.4302434681626,1549.1962834640024,0.0,0.0,0.0,8544.802957399143,12126.810946967775,12005.944637094477,12559.672887667637
EUCALYPTUS VIMINALIS*&+XYLOMETAZOLINUM,0.0,0.0,1.117183430024176,0.0,0.0,0.0,0.0,0.0,1.3282962040669526,3.320945604384432,0.7060107762082958,0.0
EUCALYPTUS VIMINALIS+GUAIASULENUM*+MENTHA PIPERITA+PINUS SILVESTRIS+THYMOL+TOCOPHEROLI ACETAS*,0.0,0.0,0.0,0.0,0.0,0.0,0.0,0.0,0.0,0.0,0.0,0.0
EUCALYPTUS VIMINALIS+MENTHA PIPERITA+PINUS SILVESTRIS+THYMOL+TOCOPHEROLI ACETAS*,38850.10726298686,39832.99986937572,38280.920055570474,29527.35590560989,25166.905086725063,20903.135732700837,19872.79155056509,24415.06150594013,41116.021171323795,38962.74980471436,30389.088412510442,35649.31939983094
EUCALYPTUS VIMINALIS+MENTHA PIPERITA+SULFANILAMIDUM+SULFATHIAZOLUM+THYMOL,35338.156701436325,33336.11267491168,35760.77188231955,13560.20496196327,9698.67902023111,4616.173208191834,7609.592419360797,16492.639102577603,43405.289184239824,37494.608094425246,30835.630891707668,38248.94448173224
EVEROLIMUSUM,20.28089303148739,24.588589019019427,22.782793711240103,20.2610053672117,25.52922259418403,21.83864427795695,26.08222952717034,24.261145628736106,23.743126412183774,24.91475894113696,24.31371286649457,29.084923908975703
EXEMESTANUM,1575.2296115085655,1705.2705688687463,2082.979606165615,1382.0679074118348,1277.045619817535,1276.2888611508201,1286.8801256261727,1363.9214086151792,1402.2815064151096,1550.5270560637782,1694.1989671914378,1889.9219675022896
EZETIMIBUM,5252.9437193400445,5352.268930173028,5454.2715623014865,5455.831331466327,5719.807210260272,6006.2419767575,5792.769053417356,5698.490378207314,5654.659101501352,5641.732143598656,5758.587040738572,5799.205021912578
EZETIMIBUM+ROSUVASTATINUM,8379.896278319233,8554.558331563661,8255.880458849395,7265.804645368174,6850.416879273389,6462.785151087754,7345.462653229436,7624.395939632974,7825.459053445996,8237.334029186606,8565.459694469282,9063.38231138562
FABOMOTIZOLUM,33123.40436728058,32921.38841295526,33516.79109417409,32721.283083828228,32958.12892023062,33158.289434031605,33140.01848975147,34662.510379006446,35426.907335089505,36742.747144635025,37523.31443695052,36417.53371548199
FACTOR COAGULATIONIS VIII*,0.05641891883615176,0.04767232372485555,0.11523375838880559,0.12304161687295252,0.0,0.0,0.0,0.0,0.0,0.0,0.0,0.2741087547747174
FACTOR COAGULATIONIS VIII*+WILLEBRAND FACTOR*,0.0,0.0,0.0,0.0,0.5085483042939647,0.0,0.0,0.0,0.0,0.0,0.0,0.021940321410132815
FAMCICLOVIRUM,2350.0627905909932,2371.0727242553153,2324.831922281157,2249.6712214504405,2315.2630167059947,2284.419483243506,2239.322787498876,2298.7792875862124,2401.995723713917,2545.50539907997,2648.6503517224555,2754.121517777552
FAMOTIDINUM,63727.19742448369,57401.49619188317,62259.18386448568,49564.63066125067,46151.90035734565,37517.50197290457,40978.969924034674,42723.43374362173,46355.315857974354,59527.244608139416,64862.275866954435,64781.33033268942
FAVIPIRAVIRUM,2140.289402907615,1838.7140208507114,0.0,0.0,0.0,0.0,0.0,0.0,0.0,916.836766552246,745.4084389128451,0.0
FEBUXOSTATUM,24065.39564201281,24702.551576448674,25540.254816760687,23722.76129765504,24244.167857102628,25141.838691175773,25631.963686143208,26276.510633960213,26242.59733698431,26699.87960745515,26205.50516700039,27971.12945116631
FELODIPINUM,1435.6125581916938,1438.428791408932,1640.484105254834,1038.068045697965,1077.3982814084652,863.7044976229652,897.1942953162643,1028.681095414424,1040.1600477972001,1254.3319448503623,1279.7131393403915,1370.5654663954442
FENOFIBRATUM,4457.479038374916,4455.924314417928,4466.30590741127,3888.924953964877,4080.129963366695,4092.957343047083,4281.990218950327,4382.039491831853,4499.236682296008,4610.175806826266,4787.557278609405,4897.406628194849
FENOTEROLUM,3155.992309157817,3279.9667076918226,4480.140995399273,2651.2115944454767,2476.349242562685,2419.4305299366956,2693.9347287161495,2880.3932566199555,3079.037247823246,3419.444809666123,3335.8056280206683,3464.9626515845503
FENPIVERINII BROMIDUM+IBUPROFENUM+PITOFENONUM,7633.949972300912,6947.2171067074505,8271.212366830632,3525.8497275271184,4793.939168682255,6617.608274204302,7890.962311219886,11605.413093430298,13109.43127179657,10467.952967087529,9530.721875918243,10100.03415558076
FENPIVERINII BROMIDUM+KETOROLACUM+PITOFENONUM,11018.279724384936,11726.810270450245,12401.363374958328,12700.409509987046,13265.69862401037,13787.156668078569,14708.823895689398,15354.168947665727,15861.14873278928,16652.212114402693,17312.62541268148,18235.587731792366
FENSPIRIDUM,48570.51816999304,26827.442496914915,1553.6300301389888,0.0,0.0,0.0,0.0,0.0,0.0,0.0,0.0,0.0
FENTANYLUM,329.2353621925086,331.71603920831285,354.06450096544086,430.7635905156278,443.759982300262,410.33301587245387,469.396162874692,470.0202006209671,429.8709509624717,584.37827138016,476.47884785879523,612.2632291861879
FENTICONAZOLUM,6072.382459280843,6162.69803703039,5369.8750384353625,4861.769578764677,5249.887750233462,5621.740826613825,6299.9010269234495,6873.113726376485,6561.148425144247,6573.227123363793,6462.299021144762,6188.502678574874
FERRI (III) HYDROXYDI POLYMALTOSUM COMPLEXUS*,27415.797138259,26786.701006523188,24941.79207951742,21886.15651629569,22998.102044101193,23995.07884472848,24208.801863613193,25644.382657103844,25771.169270279246,26003.509339202457,27077.94657272391,27856.501937923957
FERRI SACCHARAS*,7429.40914343469,7802.98176156328,7346.723744813029,6497.6180201597,6962.0733291839115,7509.535465150155,8777.666662670024,8497.168709432794,7394.141035589882,7588.186785262427,7671.115673747339,7101.702273282143
FERRI SULFAS*,14389.904167926035,15060.42305979942,15494.949387302022,14024.330863307987,14107.939258116654,14904.554787967478,15829.650425852024,16546.388150163555,16318.823943616664,17723.195392383044,18208.78896540004,17284.761437817524
FERRI SULFAS*+SERINUM,0.0,144.991728378711,0.0,0.0,0.0,0.0,0.0,357.93717347364236,79.15367233093711,0.0,0.0,10.291225181230102
FERRICUM CARBOXYMALTOSUM,982.9099663818788,940.9798478530452,912.3367314128625,912.3468166436004,932.2430632110752,954.9026388479388,918.8396777403141,912.0826872370982,902.1760732174098,913.1033603845431,931.4477685011339,989.6658733772908
FERROUS FUMARATE*,6869.430806430142,6894.534856066082,6459.71611783652,5976.184349314554,6150.192556558664,6201.901544415637,6391.849156762897,6558.683668702391,6366.189300315669,6579.980227667977,6778.375791611505,6611.269864828013
FEXOFENADINUM,27298.91629996887,27521.207464205116,30106.024583701917,28618.65646740717,35409.25456247918,38909.785226644606,36159.69274608474,63016.59534974465,45009.688020780406,26878.491145716802,22571.123033773736,23178.823132327077
FILGRASTIMUM,497.00307006399726,286.8240343032032,27.354512946582023,0.0,0.0,181.61412125901347,191.9022115192881,193.21119097952229,114.94648179972403,150.3756217079004,344.9042408864552,598.5300434813137
FINASTERIDUM,7113.500802146374,6881.67898259405,7394.782889441772,5196.465377409531,5253.029130273317,4946.459495053928,5403.399949367996,5708.19687530883,6138.83457855108,6848.743703634457,6876.614366190742,7366.98345872535
FINGOLIMODUM,0.0,0.0,2.488478443356321,0.0,0.0,0.0,0.0,0.0,0.0,0.0,1.0653969747760956,0.0
FLADEXANUM*,408.79710076803894,415.42398954368747,418.94261365117495,387.92902602413335,358.1940690094688,304.67321648470585,327.28324755186395,296.95758549255913,339.3681689320838,361.4697487706721,347.43452572851146,386.6170603817515
FLECAINIDUM,7829.282011578067,8011.935554591617,8417.399692363351,7643.445395155362,7939.842384716639,7781.351496708712,7826.961025010049,7826.83504880518,8068.363743319418,8452.573675016807,8478.254082038191,8425.533140617372
FLUCONAZOLUM,382758.74130017956,348756.0338207836,335216.5594342662,274167.9147220513,283349.41934927856,293459.7422480596,343718.48096408346,367596.7315339018,359909.0911867557,396562.4949060379,382803.8178784628,376018.53545340203
FLUDARABINUM,1.9240589913762538,1.4474709039323015,1.5467834292536056,7.055216444787116,3.9185458524903884,1.9425923739294726,4.492812586357205,4.725971751575857,6.637882079027245,1.8591933362648203,0.0,0.0
FLUDROCORTISONUM,1096.595512938134,1161.76692856754,1068.4186306181607,1008.6017618057539,936.5040363029248,1043.432025447758,1182.298986310721,1071.6723245481876,1131.6927646852573,1247.9452863420097,1253.737873214508,1210.8801122596028
FLUMAZENILUM,3.2733689579414516,3.1958409856182453,3.120576762802747,3.1551235395934167,2.9751191160690196,8.91027373229257,4.884355580314477,2.9911792137750703,3.6445962755866126,2.872488080078914,2.560759678715822,2.789335112668417
FLUOCINOLONI ACETONIDUM,85274.77990051682,78626.9993798158,83176.85481565846,73778.42461673601,74130.34951000148,80715.68367701732,80636.30566303346,76355.69910424977,70236.72770962628,70126.21324633095,70840.74552809812,80330.5436059153
FLUOCINOLONI ACETONIDUM+NEOMYCINUM,606.4832330567876,587.055723487565,689.4663133314924,568.0773827059398,420.083635704803,482.363635603199,505.281833021221,527.438988454944,424.862910301228,431.3654452775603,517.5856707579314,617.4152486415338
FLUOCINONIDUM+GENTAMICINUM,43038.94057405832,40662.89354148319,43502.338470688424,37868.06296931797,42807.01472348695,55031.605882087504,54765.9389642333,51845.349185215266,43176.6863172662,39045.12337817231,39548.499582162534,42996.31910062008
FLUOCORTOLONUM+LIDOCAINUM,2824.985000785972,1774.2907364414855,2580.6022708953155,1042.6696443878095,1090.9028891112257,905.4276308193855,1420.2135701153393,2554.338867481527,2739.388051303901,2140.777544291223,2399.0632846105077,2857.6992227953597
FLUORESCEINUM*,0.0,0.0,0.020099588547597056,0.09025607522430353,0.028328972262251055,0.03233499758919147,0.04828752554732618,0.062197255610416335,0.0,0.02592084845169685,0.011747037023660038,0.0
FLUOROURACILUM,1291.9938478054867,1062.498519607308,975.0289621890826,699.0688213948181,475.4054138997237,533.868193043965,415.5527214996747,745.947049404559,919.4456168687835,1122.65997598048,1502.2537684101537,1802.2795074942096
FLUOXETINUM,40026.591503595184,40485.43167764117,43201.04353285705,40095.60368518432,40893.879519767404,41088.046052493526,42190.212548455536,43219.88890949162,43162.4238423481,44022.758818433926,45307.61583558767,46461.992991755906
FLUPENTIXOL,3476.04874974736,3668.862867732788,3929.1376718182682,3109.2414247837914,3073.055136853347,3038.9364162061297,3169.009749385494,3291.7751256261236,3369.192936315766,3460.573094564618,3502.156330860837,3525.53162959495
FLUPHENAZINUM,997.5689085179147,1239.958015640243,1626.826482999678,1242.854038548799,1238.6828646496685,1253.9623071919368,1292.5482428873238,1323.9933731052063,1386.558658941085,1456.5900692713603,1400.3827791971535,1348.2449287993607
FLUPIRTINE,7.006756921161262,6.149855920699248,3.871040427359371,5.292293339717196,0.0,0.0,0.0,0.0,0.0,0.0,0.0,0.0
FLURBIPROFENUM,199945.41450507802,196514.1441236151,173305.46726351272,122410.68642049895,115407.90759115602,106695.22437274974,105907.9960430928,130158.35482443532,189208.8348945774,196894.88559575914,182617.6872017726,202553.2591316515
FLUTAMIDUM,10484.259690616569,10139.313045048872,10188.2649690504,8866.293748707303,9158.924812888505,9358.32290468915,9965.192618585348,10272.976430157993,10412.869919871784,10531.342352098505,10454.647138335562,10527.539007780888
FLUTICASONUM,13058.13040162161,12146.523750192624,12503.218453500665,6096.291440598327,5289.176654727705,3308.077250482441,1974.8057515374626,2606.2773768327183,4989.270701520162,7294.796185721354,8173.212997533537,10419.366071434528
FLUTICASONUM FUROAS,9454.201707830096,9139.17690363765,11500.986591597943,9678.882273280433,10789.941149940676,10261.43178258313,12471.472220011343,37585.401701268165,24325.522817587876,11289.196841957908,7733.044792768181,9194.814684730654
FLUTICASONUM+SALMETEROLUM,24635.70519210675,26922.356900185874,32366.061289544414,22396.012223926504,21596.462794327424,20845.683473543402,21711.642639811434,22622.544595721116,23898.758383344102,26727.080836337744,27355.641421627904,28588.166512755284
FLUVOXAMINUM,813.9389331255561,825.839664365724,862.9215767265721,718.067633983964,748.969007158591,714.9306330670063,662.7660611624519,723.147731007522,736.3947942522916,813.2445722168206,883.0077219571576,876.2131691181407
FOENICULUM VULGARE MILL.*&,163.58884625886597,161.70286630009332,176.27280614524517,0.0,0.0,0.0,0.0,0.0,0.0,0.0,0.0,0.9248483487113006
FOLIC ACID,50526.206750717436,49954.152989208895,49838.322481530275,40597.334976915576,41899.71107475202,40773.81005454937,43186.94093991546,45704.19454973653,44546.682339121595,48022.27347215784,49071.96088011504,47429.754108008994
FOLLITROPIN DELTA,0.08718095019844513,0.048776946945510845,0.1884170674884815,0.3292924870681762,1.09475614587725,0.9622903960698272,0.019481119369207295,0.0,0.0,0.0,0.0,0.0
FOLLITROPINUM ALFA,202.05257082886368,257.3921226248898,167.33555400336118,185.22288904778873,177.81094702498123,175.77678334838566,222.2432423487597,225.4065994907094,175.13827514591958,220.01060561173824,201.98865992604357,204.14609331913832
FOLLITROPINUM ALFA+LUTROPINUM ALFA,192.98483850821347,206.54276928033752,193.03769806030405,185.2622252465446,155.92043115780433,153.83118004907942,144.74596332436678,138.44317410686395,144.604726895129,186.63495328800832,158.2617185645791,164.68371494810302
FOLLITROPINUM BETA,0.0,0.0,60.915663096039054,0.0,0.0,718.8574843308224,29.488552950917267,121.7463589445203,259.5467548369297,188.76602264838448,449.8611879950752,387.6602713699551
FONDAPARINUXUM NATRICUM,0.0,0.0,0.0,0.0,0.0,0.0,0.0,0.0,0.0,0.0,0.0,108.86575413190417
FONTURACETAMUM,0.0,0.0,0.0,0.0,0.0,0.0,0.0,0.0,0.0,0.0,0.0,0.0
FORMALDEHYDUM*,21245.874076376494,22048.776702317446,35872.26085980819,32537.09264253877,41878.55452546121,39535.78848853715,32888.56731573588,29976.75483423286,28912.921305768414,28293.217339734845,23947.000623645974,21476.534507512853
FORMOTEROLUM,3252.586408359664,3417.28688178022,4101.673587551952,2645.8436792046255,2509.2904795620525,1921.8494468832807,2724.218547775551,2663.9581555246555,2973.603768759226,3516.1929863821706,3347.460287515814,3554.9692554580156
FOSFOCREATININUM,706.1201424927941,721.7262119813864,585.886919475567,470.1909373742177,496.02160359644483,450.1671884775328,406.83990828570984,482.6235360355579,660.3614901387429,704.3613053245973,770.9114093765875,692.2141445214857
FOSFOMYCINUM,59799.35471490086,56031.719715838764,55008.68785607227,49040.30850774227,50216.818368561464,51438.239596700005,57280.69311869402,57629.77647577243,56525.747300918345,59713.35930051828,60905.771439681404,62812.834890495076
FOSFRUCTOSUM,152.9411146658259,61.47343141960353,0.0,0.0,0.0,0.0,0.0,0.0,0.0,0.0,0.0,0.0
FOSINOPRILUM,219.49688151803178,35.92057946554506,0.0,0.0,0.0,0.0,0.0,0.0,0.0,0.0,0.0,0.0
FOSINOPRILUM+HYDROCHLOROTHIAZIDUM,44.37718761129422,16.928053696273587,9.264974961033964,0.0,0.0,0.0,0.0,0.0,0.0,0.0,0.0,0.0
FRAMYCETINUM,16571.47896977412,16902.68096828136,16073.126913627868,1113.5044164457686,391.01716524079893,0.0,0.0,0.0,17220.761906856605,24171.236090273,17977.01938354681,19107.380364706576
FRANGULA ALNUS*&,8348.284794321818,8411.44907190625,8791.417814618419,6521.183329432777,6917.546661928885,6133.213448570399,5440.2829985282315,5110.899159139121,4994.517808272455,5826.832048223746,6552.702360829403,7552.285131558552
FREMANEZUMAB,32.906633507735755,32.448820562443395,37.56310824455349,38.43347642858555,43.97030901415518,30.927113120954868,33.189094444738615,29.85561754210958,29.99057405835034,33.12267730968694,35.7956979491002,34.6186524989748
FULVESTRANTUM,31.135848143003226,32.3231605863962,18.470054886762174,16.167414672706506,20.154746847113557,0.0,0.0,0.0,0.0,0.0,41.1536525980761,17.68344760697021
FURAZIDINUM*,90700.0416746245,93067.39497902495,98555.0993786442,77113.59265443854,70271.83983117293,66268.90172865934,70383.68340274738,76232.88849811676,82843.72553051116,87386.63171252562,90493.75121423606,91863.16377170337
FURAZOLIDONUM,13613.111632016578,14686.96159531247,17070.35888442654,12649.637234195148,13656.078032487385,14829.059189598538,16172.73303376481,16943.861027575185,15640.013541100845,14992.003270398718,13817.505172314377,13614.466012324256
FUROSEMIDUM,114770.12206876441,111065.13982680893,123008.97402240818,100775.98896805124,117266.75851372938,129467.22413943548,123567.38382916406,117372.2023701106,101121.42479203147,106840.2071187318,104539.26456925574,113583.19091883855
FUROSEMIDUM+SPIRONOLACTONUM,28.19622255516462,17.41596740962603,20.99406154270892,23.04043509868897,1.2722321929867686,0.0,0.0,0.0,0.0,0.0,0.0,0.0
GABAPENTINUM,15269.231659823421,14798.413508967458,16078.745369166267,13631.863238208889,13454.429514326568,13539.740116104287,14224.923778410044,14485.14908913823,14647.564918604357,14926.339963060831,14682.649179509595,14968.374933552184
GABEXATUM,132.4688904166589,135.55950226185897,142.38324358704133,147.3789579182069,142.79304660505647,155.46349092980583,149.42987311056004,159.6813962545188,176.18490331352191,177.12089509181718,167.10354735343995,188.85072707422387
GADOBUTROLUM,152.45399761840076,147.71843020656664,144.95851437101427,125.9211197964874,145.16214223078083,146.5370982721306,165.86440119912538,146.2611816346362,165.3535440769598,154.19917212473368,139.91421265686773,137.80238317648997
GADODIAMIDUM,0.016405179479567954,0.0,0.0,0.0,0.0,0.0,0.0,0.0,0.0,0.0,0.0,0.0
GALANTAMINUM,1.3921282551430703,1.6220462747213253,0.48262459146756365,0.8801311459481892,0.0,0.0,0.36415798197261307,0.45513346268676563,0.7297577483417222,0.0,0.0,0.052158395618441045
GALAVITUM*,0.0,0.0,0.0,0.0,0.0,0.0,0.0,11.729594351569759,87.83280690107928,198.94867780203728,89.69947538415398,2.9734143111977147
GANCICLOVIRUM,244.56603645110874,204.47437691287803,110.10060782633329,0.0,74.77842426502097,122.83932134016761,294.52479754432505,358.0823370516907,395.3387272016237,420.94979786561,443.4246129408388,345.7680235450622
GANIRELIXUM,0.0,14.831521509093676,115.35201011720453,0.0,18.67047020079744,422.29330816476045,0.0,120.15203132078031,130.57869615493948,111.29034105366442,211.69117000404202,91.50254619574169
GATIFLOXACINUM,163.6109367877086,168.8028660805801,250.8023351608897,0.0,0.0,0.0,0.0,0.0,0.0,418.2959190336112,623.1529826914175,514.2929592636751
GEFITINIBUM,8.048667683506187,9.771826116306226,4.7382850603642925,6.000079490117483,5.81924263128104,7.669806048284447,7.817799727335711,6.719252155332438,6.736190394827357,8.412640155245557,7.014625860540875,6.726170713469452
GELATINUM*+KALII CHLORIDUM*+MAGNESII CHLORIDUM*+NATRII CHLORIDUM*+NATRII LACTAS*,10.970258673323713,9.96188348793294,7.7791110973308,9.176820942559562,7.586516576453043,8.308200841278307,7.428276010848993,5.2494639042160145,4.930741976620109,10.84929219225386,9.554460122471335,37.347722224355785
GELATINUM*+NATRII CHLORIDUM*,86.65080291668373,89.25814903517144,57.89436791384599,29.38168500067004,42.784280654013735,33.48669916057306,43.973375949704945,39.29305936489485,46.67794808093122,49.795401037644694,42.42410538689991,60.27661085018852
GEMCITABINUM,163.92420171430587,140.434492682482,84.97000175599479,27.476085313776878,48.37742845897458,65.70017927410456,72.83765622518057,86.23731408501328,165.37671667185134,152.89831504029382,306.84687003401973,194.82539032797234
GEMTUZUMABUM,2.1668540591843115,2.2358506183278273,2.2790750099754074,2.330715842501847,2.3809522938632037,2.423954583117732,2.4678844183707738,2.5128954223224023,3.4771335365376883,2.7607374055034493,3.415838741482162,3.0365626711231775
GENTAMICINUM,4934.163852285665,4588.363304003365,5117.165248817368,3552.469588108415,3369.6246429810994,3254.4390703190893,4123.424995629326,4075.12371931736,4529.73148170763,5386.796875059694,5179.303573181186,5265.076115118226
GENTAMICINUM+METHOXAN+TRYPTOPHANUM+ZINCI SULFAS*,11526.595769927124,11440.569314582388,12389.152040831745,10219.13571235638,11313.34014010123,12823.388372822257,13931.733649524222,14124.848161410944,12398.728061445465,12462.683471998229,11472.580490965587,11223.966396664615
GENTAMICINUM+TRYPTOPHANUM+ZINCI SULFAS*,3913.587456724079,4206.377855552884,4158.265207847382,3552.915322914434,3646.828448199528,4344.367581659057,4632.3739216581325,4707.849226888848,4084.0489043048715,3994.373679469144,3908.2177328320154,3812.235208753765
GENTIANA LUTEA&+PRIMULA&+RUMEX CONFERTUS&+SAMBUCUS NIGRA*&+VERBENA OFFICINALIS&,235988.26325322478,238773.33602738113,238108.4665817437,155334.42256027134,128645.6204781309,99657.2159474561,88873.88705795376,118236.56428138938,236431.71079517534,277506.6283412417,239488.91151313228,274469.4355856822
GIDAZEPAMUM*,267862.0767133031,265986.80978460045,280815.71538634517,237593.17141244787,223632.4897780368,212533.43441521487,222043.1100696642,230989.55693793047,233651.92557725037,247267.10003341315,247770.2567430503,267332.1084554667
GINKGO BILOBA*&,12900.942294636952,12933.544115551202,12695.292524769406,9666.14620463077,10290.448101006661,9640.494170594176,10299.470378750988,11164.837497763243,11325.876545459849,12313.088736103935,12698.518641106008,13066.599917594465
GINKGO BILOBA*&+HEPTAMINOL+TROXERUTINUM,1916.4986658825962,2002.3435713420297,1909.5343054345003,1983.8373024334,2076.0789097574434,2066.145005341602,1992.0882915338523,1896.180130212576,1975.6280108804788,2031.7599251397246,1849.8310662720446,1804.5263889028242
GLATIRAMERI ACETAS*,21.822823937768362,18.89862021014273,25.405098961857174,24.369323697043676,14.836145219007825,19.630644170394103,25.03448506531806,25.38219951507218,31.907412808690424,33.40702517739997,39.081356806182555,20.094263843023572
GLAUCINUM*,19487.07160504238,18786.643368057183,9407.740673495417,0.0,0.0,0.0,0.0,0.0,3060.1630811770974,17224.67610917612,13434.482426601731,14944.442975568627
GLAUCINUM*+EPHEDRINUM*,55408.0115837584,48484.84681401475,47222.42905651381,28561.258508807015,22356.568128935556,15162.968683332365,11876.450385143777,16664.57100488688,37409.05435897533,54337.24950054006,50990.05367208582,56390.8410676164
GLIBENCLAMIDUM,11208.845982994619,11299.684865617917,13081.945543871092,8679.54652797265,9643.219602630175,9381.816763315881,10022.093205728332,10623.96836578121,10889.017007592494,11521.10035707425,11182.28527884297,11308.311494284295
GLIBENCLAMIDUM+METFORMINUM,15495.380040239923,15668.318531799505,18097.40957011524,12302.52944583591,12788.529591480517,12371.434353064275,13274.663607399361,14399.526855935503,14575.39409983249,15668.129340018155,15304.142977234758,16236.611732076119
GLICLAZIDUM,160169.41248794916,173561.18258197667,182029.4986161873,145485.3898025444,157122.70791061872,150992.1975560668,152906.38443141384,155328.35789068005,162590.7534170816,169864.48859719155,174114.6555002681,189348.08498171784
GLICLAZIDUM+METFORMINUM,0.0,0.0,0.0,0.0,0.0,0.0,0.0,0.0,0.0,0.0,0.0,0.0
GLIMEPIRIDUM,86798.63962759303,88617.18138213007,99989.84024116398,75382.04918379537,76073.23459330479,74261.35397631659,77054.79933813032,80557.44748298555,81057.88225427404,86046.88712670912,85939.81768006143,89393.3123781476
GLIMEPIRIDUM+METFORMINUM,14330.463353279538,14013.736910848189,16451.25541341881,12467.507071991007,12864.238455364459,12741.839218578922,12715.91868566619,13661.259515851707,14215.785836515814,15073.2133495628,15086.335016516094,15912.742006594417
GLIMEPIRIDUM+METFORMINUM+PIOGLITAZONUM,28.636152180445848,0.0,0.0,0.0,0.0,0.0,0.0,0.0,0.0,0.0,0.0,0.0
GLIPIZIDUM+METFORMINUM,115.80834259452214,105.05125715227638,126.8895325606359,120.18969664947967,153.11057168271088,155.1696154714519,128.73039426460096,46.983361061276355,0.860078260772795,8.67699578252612,15.574873562084946,18.35191954788813
GLIQUIDONUM,1241.2959599444662,1279.3755696264418,1521.8291546768296,1135.2883200219464,1179.8383496028468,1143.206270572374,1172.2749046528024,1238.9749092219524,1265.452810182079,1278.6430282549873,1307.327900018121,1397.2956947334346
GLUCAGONUM,48.25775185868058,55.05220686710635,48.53956598359967,43.72164838654705,52.56990941865766,42.52751335409884,40.12339161220453,31.82028932844176,49.734802611184264,36.43140834713097,49.33448804564104,57.160346914201824
GLUCOSAMINILMURAMILPENTAPEPTIDUM*,1451.7373472017232,1453.3145999100707,1302.1989448941981,1251.3397636989494,1272.9949615601995,1147.4980626666493,1242.5502863692582,1210.3734081487946,1312.483248389873,1450.095663400185,1508.370938225884,1446.1365009038923
GLUCOSAMINUM,13413.02118436337,14424.751615900215,15225.633022202208,12366.174008316324,13410.78745828014,13212.309279323712,14283.357797231089,14256.512472629509,14958.899274020769,15913.030576206293,15923.953879027235,15503.125982356507
GLUTATHIONUM*,774.5314233066939,860.9449027760523,765.6109088577905,683.914936229433,721.3729806329986,789.780638662103,875.4003875916382,863.3530092415181,966.9431290676738,1045.33284743485,1112.2754446348426,918.5791449010884
GLUTOXIMUM*,559.9429530953466,266.19914828579886,0.0,0.0,0.0,0.0,0.0,0.0,0.0,0.0,0.0,0.0
GLYCEROLUM,65743.3154097375,60505.59025577636,129004.76196733929,72280.31877132156,63969.110049239185,54871.40450630519,55170.31310668989,57185.04782172947,56915.310228493036,66671.84438863573,69827.36035148177,81007.67215649049
GLYCEROLUM+IODUM*+KALII IODIDUM*,0.0,0.0,0.0,0.0,0.0,0.0,0.0,0.0,0.0,0.0,0.0,53.422426787711515
GLYCINUM,85541.338292848,84339.89660040976,89939.0385340946,60883.286968677945,54480.043403980075,47898.381839857226,52826.1882761944,58671.99831289959,63292.36722989921,69912.33605113435,72734.83159575795,76033.35651909221
GLYCOPYRRONII BROMIDUM+INDACATEROLUM,6.531755882972805,11.295635935338415,0.0,0.0,0.0,0.0,0.0,0.0,0.0,0.0,1.4881922110180916,0.0
GLYCYRRHIZA GLABRA/URALENSIS*&,21021.624547236876,18781.20964301309,18871.682737639072,7287.960231344858,2849.3184443144837,0.0,0.0,487.8648023774058,10792.41257316053,20836.240207792027,24522.297733502233,19158.7331720754
GOLIMUMABUM,0.0,2.63992952999251,9.837224194701323,5.143936760239715,10.004196331566199,6.872125558391379,9.189840957940326,8.921453221576837,6.287067506096539,0.0,2.896696738661097,10.27889674952164
GONADOTROPINUM CHORIONICUM,0.0,0.0,0.0,0.0,0.0,0.0,0.0,0.0,0.0,0.0,0.0,0.0
GOSERELINUM,1340.2811081119441,1051.4735965182608,1399.7259362291436,1084.8213569836794,1101.074442573137,546.611660030533,825.1453829822791,843.4555103295049,739.6851611931154,995.1572308698333,1317.362835597036,1378.6068683646288
GRISEOFULVINUM,1996.5090709376,1758.1543954022704,1315.3901636708674,926.3842869826053,953.8102943288557,919.766208902716,1316.5596492586646,1903.9347102402837,2059.9742677224394,2197.4634224050237,2324.557854847952,2216.3209094991544
GUAIFENESINUM,20.500236469506273,1.0154514737123597,0.0,0.0,0.0,0.0,0.0,0.0,0.0,0.0,0.0,0.0
GUAIFENESINUM+PARACETAMOLUM+PHENYLEPHRINUM,41622.140082882936,29190.05589854648,22116.241484058704,7064.73288544987,1221.6873395441835,0.0,0.0,2845.1944107587333,27865.09709171681,33105.42816946466,28677.92556464432,36257.62401376941
GUANFACINUM,0.0,0.0,31.5085184282826,0.0,3.098662809108909,30.24511440384515,56.268398936094215,87.26274981835367,137.82995378062134,71.57024020689553,8.070592604375104,28.156597778818867
HALOPERIDOLUM,5897.836714425222,6132.68755264791,6614.488595218279,5891.881001266794,5377.6380980978265,5149.553347554873,5659.285519112729,5926.459628351235,6194.170487734261,6363.811947232898,6355.77108682403,6610.520770489156
HARPAGOPHYTUM PROCUMBENS*,994.4108513557189,1316.901668218671,1384.957763331705,1021.1024810448052,1103.8080968379588,1027.5580310951543,1011.1370201235834,947.3888529689998,1231.2353608680064,1210.696408809884,1016.8966887860597,815.0631543896727
HEDERA HELIX*&,178258.83792157928,148391.50949530522,143696.4746139692,68609.52616858362,45423.22767195844,22392.495934341507,6663.978803931211,27504.004159286207,133963.49070325345,171305.5381981105,142288.25285367938,168971.73683781773
HEDERA HELIX*&+THYMUS SERPYLLUM*&,9043.342732851936,10284.405082756655,11028.675547231696,5309.277303362995,2150.021292819297,700.4286689356039,0.0,995.9213272866236,6215.622050163256,9832.499213015826,10309.934727849148,11634.653324267072
HELICHRYSUM ARENARIUM*&,16686.982906512625,16929.82154412206,15146.011897888406,10671.533224580282,9984.999729612582,8025.116777317224,7989.839059159733,8857.509928312542,9980.165667313588,11780.384902193226,13451.805733775735,14492.33144272054
HEPARIN SODIUM,41111.87563382124,38940.60087935342,41708.45394579861,35022.96286897422,46114.48647753414,63676.58463440153,63014.96522991491,57923.19737634506,42256.59836350862,40041.75922325892,40019.00638107861,42271.9709773538
HEPARINUM NATRICUM+POLIDOCANOLUM+PREDNISOLONUM,55454.319588925566,49873.75519033238,52190.6939836001,47253.71933035653,47437.85351990395,44351.95838368413,46658.60578685053,44111.67562152594,45606.24220140852,46724.03497745682,48491.642310437746,50395.45768896473
HERBA MELISSAE,10338.267281436674,10706.819143325762,11584.15491702709,6132.188220178198,4112.9043468891405,1521.4847324479463,1038.408525085046,1709.5086433847775,3409.946622214616,5812.0672894685395,7401.386907461729,8268.246886046336
HERBA MELISSAE+PASSIFLORA INCARNATA*+VALERIANA OFFICINALIS*&,21708.33599530269,23787.593614663398,20613.03256144399,17962.028970160485,17700.873748425714,16149.336022329917,15600.801892745309,16329.809840369646,17389.99024976114,19042.590628566362,19476.434182902565,19755.087477663554
HEXAMETHONII BROMIDUM,315.404397069137,223.15733412940236,199.81128116577796,145.4144361830419,158.98895758501638,137.61097209475935,125.46298109071711,108.89658567564666,177.19746673175376,260.75456896480273,250.3154481394053,220.06374886725075
HEXESTROLUM,0.0,0.0,0.0,0.0,0.0,0.0,0.0,0.0,2.874910313717042,0.0,0.0,0.0
HEXETIDINUM,23481.109083733325,19440.971454707014,17705.308466073344,8135.3939897538085,5896.37752328555,5583.374264698337,8537.814372415949,10850.274373177423,15960.72508837399,17366.34957511863,17549.693479101727,18892.198916875586
HEXOPRENALINUM,270.3310443766384,308.03985514597497,249.92497128019951,227.10953170633434,247.34004756599728,240.80852777248307,315.65257945642674,288.41348832233706,288.1422829338203,286.3517861417622,249.326656226871,298.4134198137131
HIDROSMIN,2542.631817750949,2679.0494957679757,2393.04521984317,2034.1553807648975,2262.8630911638525,2592.013241144589,2659.196142790751,2573.8868457692533,2481.603389813628,2500.9374067107,2704.5466018899306,2675.0307396948874
HUMULUS LUPULUS*&+MENTHA PIPERITA+MENYANTHES TRIFOLIATA&+VALERIANA OFFICINALIS*&,202.15004743546749,274.12284327856185,236.1226440541767,53.580848775807524,0.0,0.0,10.120932282400759,50.26373576294375,33.39914264851731,72.88903225811534,115.8721080469331,137.76533277912637
HUMULUS LUPULUS*&+VALERIANA OFFICINALIS*&,694.7687941547034,705.7082771819685,687.6680985023636,310.4633904572626,282.65385891976473,303.5268685883494,382.7335112218,344.4614602271435,390.03045433000113,477.0682845108703,594.9611835541486,635.2305376873541
HYALURONIC ACID*,12249.135685370267,12362.12359078734,11978.842530514155,10256.226297688781,10904.65752682164,11090.271525521095,11357.511739873824,11751.12932674917,11583.771611642613,11227.404454950534,11635.897744990032,12218.949392414797
HYALURONIDASUM,2698.560605617,2773.2233530447606,1856.6355056966117,1736.6171825277338,1845.014878702273,1941.6853903515462,2300.8265543806065,2630.4382403134964,2545.7131437694493,2741.365021243854,3092.6720779330185,2740.9692779939915
HYALURONIDASUM+PERTUZUMABUM+TRASTUZUMABUM,2.231315791834231,0.0,0.0,0.0,0.0,0.0,0.0,0.0,0.0,0.0,0.0,0.0
HYDROCHLOROTHIAZIDUM,47897.022332674,59887.70778017271,57305.521306218354,42586.38929510157,52164.86845425481,51540.02374962408,48956.556753966186,44565.902325486546,46384.6167507495,49460.78425900656,52562.719433658865,58446.26674142742
HYDROCHLOROTHIAZIDUM+IRBESARTANUM,7932.1912241551945,8341.001432992463,9315.790854132854,7280.354445115745,7353.066171972631,6956.750807528715,6900.619370044155,7128.362274127085,7281.720251464002,7914.699087404113,8107.614210226776,8464.673162555482
HYDROCHLOROTHIAZIDUM+LEVAMLODIPINUM,4.939781821069907,0.0,0.0,0.0,0.0,0.0,0.0,0.0,0.0,0.0,0.0,0.0
HYDROCHLOROTHIAZIDUM+LISINOPRILUM,157180.6607138139,162767.0803164413,182578.35472724558,138509.36418459142,133084.54087917056,124016.94216353622,126512.8659197312,129901.0456533896,134473.28176901877,149592.42979022447,152592.79413589145,160835.05154112747
HYDROCHLOROTHIAZIDUM+LOSARTANUM,14695.081385302015,15888.620550862417,20016.689590896185,12643.900530508638,12126.350989784043,11692.276264789805,12297.358992379854,12710.210082037334,13106.277061348765,14913.174352383341,14884.00229279645,16118.569952712374
HYDROCHLOROTHIAZIDUM+NEBIVOLOLUM,10997.730560571024,11543.289631605923,12642.324879611442,10417.544795739055,10335.601546582651,10009.41529040644,10056.614477561405,10418.948135880986,10257.36214180696,10842.403477959,10917.062477825802,11471.201058221635
HYDROCHLOROTHIAZIDUM+OLMESARTANUM MEDOXOMILUM,1282.5272377850542,1419.3957410942978,1707.2307098989588,1019.5620510999538,955.5908902180155,916.4841276697309,943.6600837883691,931.2742148405454,964.0300858395525,966.6669487960237,935.101405318467,1152.9567366936874
HYDROCHLOROTHIAZIDUM+QUINAPRILUM,0.0,0.0,60.68070151401825,0.0,0.0,0.0,0.0,0.0,0.0,0.0,0.0,0.0
HYDROCHLOROTHIAZIDUM+RAMIPRILUM,15049.324090811619,15422.420657461958,17218.112048209296,12783.150098234217,12669.290675681223,11941.343275065892,12023.351092000688,12226.436282975592,12695.615373182574,13764.257982775223,13846.758207876406,14906.430125384419
HYDROCHLOROTHIAZIDUM+TELMISARTANUM,14097.192879748272,14590.84533454306,16116.678414305807,13085.572687788112,12993.640595304,12447.832555151786,12531.463064714882,12714.96879650752,12860.126689418224,13980.776035391085,13953.954561773007,14565.566509543522
HYDROCHLOROTHIAZIDUM+TRIAMTERENUM,0.3585042935214293,6.951891851366964,13.116106835988198,27.15880787604632,23.955370668769483,42.28090212652448,37.47625381605968,27.908034725786102,23.27262339469414,42.06417943482474,20.644654477616776,21.37380257293718
HYDROCHLOROTHIAZIDUM+VALSARTANUM,173856.76337024278,182348.30123867525,199748.34859438258,153319.2415399098,153280.76215729295,146177.93251216089,147362.15985701658,148409.80999386258,155784.4367643007,167670.5304416126,168845.34444442345,181739.73630763355
HYDROCHLOROTHIAZIDUM+ZOFENOPRILUM,212.95820421990373,174.9161590740256,220.10225649441674,152.7596679678232,178.83613068364207,172.32703439339073,180.8226908982834,200.64974963929117,201.46073016919098,234.62964813020452,254.08571603610895,244.96510389792613
HYDROCORTISONUM,61955.975787090065,61980.704015826675,60070.1723122919,50313.008662940054,54624.03345693454,58993.79380560611,58848.598998019304,60213.92726542585,60034.874792827046,60072.65852822396,62767.24683001745,65883.15238492822
HYDROCORTISONUM+NATAMYCINUM+NEOMYCINUM,8138.578051411924,7759.019795425418,7026.093964962415,5769.563274918215,6323.411897209056,6014.923169367929,6335.830161421231,6595.898929390075,6473.46071809135,6799.925723378571,7250.049301934551,7921.293739105537
HYDROCORTISONUM+OXYTETRACYCLINUM,13921.723457779592,13210.639738553973,13288.096375899237,11228.686898501202,11881.90612930853,13168.513126680155,13907.873937303204,14157.413398527411,13379.197780232525,13414.176498322377,12725.677485520018,13561.169088003886
HYDROCORTISONUM+ZINCI SULFAS*,12684.063802791701,11415.565807714496,13227.27106966885,11859.548137248446,11584.899049328242,11137.189437008188,10978.294605168265,11249.957997712441,10553.450369763897,11535.319925421178,12253.291627963119,13255.063848012787
HYDROGENII PEROXIDUM*,398008.47408403014,498301.9599017992,793370.872450964,489822.20679495437,521346.6039440292,637235.2301579339,706715.5487834279,668794.040599931,518141.4366478928,456819.16351574054,425055.38906247995,433765.3745541662
HYDROTALCITUM+MAGNESII HYDROXIDE*,897.6310954700346,842.254016186567,919.4170547881342,857.9677876977291,855.0098760537463,783.8486487669011,987.2547689657661,1016.5303671531996,1061.6299477314876,847.620314222459,829.7897094435773,884.9403276488131
HYDROXYCARBAMIDUM,755.5507129185356,859.1137497331329,1069.4015233359637,718.7694863693815,709.9004009472688,619.5780767607318,663.2347615626555,677.2178535553473,760.3216713006539,821.5560696480521,847.709732477124,882.0220068915346
HYDROXYCHLOROQUINUM,2010.1181291186037,2135.2250897338213,3073.6869231329147,1577.4738547591078,1685.788064966981,1769.9668980401977,1868.4978294056903,2004.8532394050028,2040.8170323113707,2249.3151315433847,2364.105875835913,2206.156336176856
HYDROXYETHYLAMYLUM*,906.3597052286079,834.6666339004123,715.4224252957608,375.878906869944,435.66474058719615,523.8508560189028,819.9435968221726,1009.4936379226943,1017.7307192610158,1023.7202327895789,940.6456920703332,992.455107952842
HYDROXYETHYLAMYLUM*+NATRII CHLORIDUM*,94.03938753503978,127.79009273495339,97.31323216579283,23.93511898137298,29.32240370474571,78.00120675435237,128.64242446494637,2.33917390433011,84.08234872674576,89.6882638555868,144.20237122956826,92.21503239966191
HYDROXYPROGESTERONI CAPROAS,831.8219089923057,772.874002962407,777.8602455738865,450.6978070984693,501.5324237535341,540.0362845129847,635.4163405559437,689.5985528257097,735.1116900769213,794.7023673132893,833.9230765377825,921.963011352776
HYDROXYZINUM,28004.103020375907,27163.696925362492,26555.040334430952,24566.723346764902,24071.613641711258,22166.876562747526,22924.258384655728,24696.459327261484,25012.259166425276,26145.630122835493,26859.019173042863,26290.79309828794
HYMECROMONUM,1735.1466267493388,1834.5592945847582,1912.4748322429239,1973.1926657592871,2020.1523359622083,2056.1054755143755,2083.25339054594,2103.357125961022,2135.6815176829177,2367.5536344502652,2519.195131253974,2510.9553320867713
HYPERICUM PERFORATUM*&,15399.83687099713,15778.610490385787,15633.051332103987,10418.648351685832,9458.565113558587,6471.545269264068,6354.960540035732,7795.046302860348,9510.978859327319,11362.418850708173,12283.081190020137,12652.619407676988
HYPERICUM PERFORATUM*&+VALERIANA OFFICINALIS*&,1433.4542097358772,1132.0282090549522,1258.6967591076002,609.2585497471066,655.4513328561,779.1181099406829,886.1000822057376,955.4362106151689,1111.6992639401026,1307.006257197438,1475.5292024006935,1473.3841091606873
HYPERICUM PERFORATUM/QUADRANGULUM*&+ELEUTHEROCOCCUS SENTICOSUS*&+ECHINACEA PURPUREA/ANGUSTIFOLIA*&,30.990048122088815,72.04479076051618,167.94871301796545,0.0,0.0,0.0,0.0,0.0,3.714118555619269,66.59227228099991,31.52372340801187,0.0
HYPERICUM PERFORATUM/QUADRANGULUM*&+MATRICARIA CHAMOMILLA*&+HELICHRYSUM ARENARIUM*&,934.9648646576351,926.7454430555899,964.9645829620616,1125.6009720753468,1010.1615605540828,1087.0327085251793,992.6283040901644,1289.8394577302602,1162.3802578304446,1072.4179750987,1011.4420261014124,931.6199440916897
HYPPOPHAE RHAMNOIDES*&,51323.72123575562,45948.45041607484,39354.88938914247,23748.65106532109,23850.428109455162,16096.419453146924,14989.319081418465,17371.1450800408,23678.092930496405,33114.535040193616,37818.68049617034,39831.991031112615
HYPROMELLOSUM,1847.7878756328116,1832.0760013221914,1870.4260761998964,1688.102910428263,1790.0831521371576,1793.525719830475,1946.098548311331,1966.309585422217,1879.0559894371277,1775.4934869752583,1828.3438593319636,1896.8205315435305
IBRUTINIBUM,0.0,0.0,0.0,0.0,0.0,0.0,0.0,0.0015036474307776534,0.0,0.0015372389575179298,0.0,0.0
IBUPROFENUM,1365313.1407957387,1385644.5642830017,1353973.4862497502,985685.3842000872,971542.4613372947,972154.2694239989,1029883.2602703,1140532.2981242791,1281378.9223844004,1344127.6917694355,1260646.724454401,1341538.6589793127
IBUPROFENUM+LEVOMENTHOLUM,47645.43052750622,44784.15480521538,46587.86249906929,43959.315325838994,45805.97145894134,45719.5334371098,46498.99409133116,50064.71768639481,46655.76043413232,48906.64930400889,46763.58067159676,47629.9068373536
IBUPROFENUM+PARACETAMOLUM,36118.37004916311,40359.52072848217,43470.741868825455,30145.18017798811,25929.146622206248,24651.113974468786,26371.712853166846,27607.237753013313,28977.957869778515,30189.21896007869,28913.646029206866,30512.28828139743
IBUPROFENUM+PHENYLEPHRINUM,11225.015746520607,11586.318637043532,16617.701831095663,6247.983667971152,5217.451619105332,4383.887661646461,4116.194977313153,5016.2941114802925,10261.936700447794,11775.30685325558,18333.3682571356,11646.257061873395
ICHTHYOLUM*,25248.901646072918,22632.45937696051,23258.988505932877,20473.709553373068,22387.039335587513,24165.076905621365,27193.187505910748,28791.616130404545,26307.209574261873,26000.442873610038,24549.76485735086,24989.926188605816
ICHTHYOLUM*+ATROPA BELLADONNA*&,2405.700555029007,2100.3891342439765,2361.4659602136744,1769.5838206003634,1886.9363636831947,1615.8399553273605,1630.755543104795,1604.372527208834,1599.568637823148,1783.0898186222225,1917.6961160968199,2108.8875744131637
IDARUBICINUM,2.775943288017826,4.331021910526284,2.4662002294833147,2.8450583055992036,1.827260187442178,3.046537113866822,2.084674075956801,2.9394990665790477,1.8148744800271097,3.9866902317358237,1.7988582540530578,1.617308092857109
IDARUCIZUMABUM,0.0,0.0,0.0,0.0,0.012725061278705985,0.0,0.0,0.0,0.0,0.13637983231607403,0.0,0.2441137793083278
IFOSFAMIDUM,83.14495275043456,38.2089291255207,7.595975688218115,9.571878401004557,3.1392660338622207,23.431441602776864,32.94824752053709,22.573957717373766,21.84719133747162,23.89084369617841,34.484031045772355,29.972046388076013
ILOPROSTUM,56.61884634187832,80.02168427640972,54.92736951706069,47.5077326026073,62.74583796407043,50.630137146266776,39.74659138504969,38.820769669101864,47.12792718936944,65.60906809860936,75.94299571902712,64.19635270838717
IMATINIBUM,123.24896087724228,126.05314939355738,139.18010404671304,84.8128865298672,78.70290545151995,93.13389898974634,115.84391841371774,89.75531242914681,93.00471230646079,97.4090177525653,98.25138348902091,117.27920650131009
IMIPENEMUM+CILASTATINUM,0.0,0.0,0.0,0.0,0.0,0.0,0.0,0.0,0.0,3216.840255623941,3050.451915736358,0.0
IMIPRAMINUM,539.4517975005969,633.7857315520738,747.5100973539663,565.3480085561922,565.4191560786837,525.7948926573883,587.8467004810634,643.5409653007149,638.4767957171472,745.0994786110044,754.7020434868017,803.3653139481506
IMIQUIMODUM,805.5934797408875,778.3101835226521,725.216978556955,658.5842465932889,725.3226930312474,743.4460821905053,785.6482255268031,871.0421722047327,849.599561555968,824.3161050458472,817.7111718466422,828.5374572961694
IMMUNOGLOBULINUM HUMANUM*,345.32431204693296,67.25970777756953,781.6845897413502,144.2506606916472,0.0,0.0,0.0,0.0,0.0,1175.5011760404536,1810.9554873858347,1263.57230184141
INDACATEROLUM,5.224084944828257,0.0,0.0,0.0,0.0,0.0,0.0,1.5392399452852337,5.266124529290216,0.0,0.0,0.09405604971585135
INDAPAMIDUM,96521.2904795682,97170.36331811106,110579.30349847573,81284.85155229791,81782.21830488612,79361.60481648707,80880.65673529825,82797.90937987763,84126.07580507157,92593.48165475712,94202.15584403601,98750.75710498955
INDAPAMIDUM+PERINDOPRILUM,256649.69437022338,263761.17763769295,285227.85337775917,227702.6606959027,224121.33927650814,218337.59726708307,220801.28198563357,222702.49848656455,227836.78041339992,252241.47948095883,250447.4562610965,259493.77361129728
INDAPAMIDUM+PERINDOPRILUM+ROSUVASTATINUM,6296.3430878632125,6533.801361159163,6724.950376361308,6403.406996374339,6606.706040957708,6689.285188882902,6790.221834982828,6866.081904348748,6979.772625817366,7355.531266783544,7362.063831272406,7518.525723107816
INDOMETACINUM,32883.30854976367,30703.69311973563,33726.052652679005,29934.18295599955,34314.073475621786,33444.79776828542,34650.77667938215,36043.33808522535,36579.74348686574,39507.47008514387,37064.739240732204,34746.80444216869
INDOMETACINUM+TROXERUTINUM,11807.704909739015,11397.76475034333,11528.72777992598,10417.550960691287,12470.823862402729,12882.917740871075,12724.200800744948,12217.694405743241,11763.10924684107,12294.846676818523,11352.910577899682,11459.123255863806
INFLIXIMABUM,0.0,0.0,0.0,0.0,0.0,0.0,0.0,0.0,1.4298653078021495,0.0,0.0,0.5788262259112158
INOSINUM,51837.798858250244,52356.58744886518,54066.06650340773,39490.1015290923,39223.35813169058,35881.0799958197,36940.89926917364,37379.88566990732,38939.63537254486,48864.516916705434,50210.28913408447,52656.981490038284
INOSINUM PRANOBEX*,362174.76689287944,350900.32286953233,322008.1618915882,126000.37854996625,60940.9805174023,22479.804732084685,25954.01034456416,83488.78347528128,318938.6526205885,419196.3457775679,329242.9353438848,316736.59083767195
INSULINUM ASPARTUM,13155.048445891383,14749.293668994673,15825.558378291425,13925.817876542935,14080.064805958265,14627.74888030464,14265.244270595855,13460.548313642943,14846.151278894731,15396.554981910274,15572.852075136823,16472.63588053218
INSULINUM ASPARTUM+INSULINUM DEGLUDECUM,1404.5442849406318,1403.9381692167176,1561.1895502487127,1343.766453198822,1328.38540197114,1349.9033942745555,1346.2858779325143,1314.8367283772886,1370.4002272695384,1415.7690421868892,1399.7122073280866,1369.0811051819378
INSULINUM DEGLUDECUM,6708.893124288062,7239.148709028381,7258.7414430812805,6558.305668981136,6668.386012135593,6947.131566681924,6770.582072050535,6685.984080700315,7215.509117467202,7228.29583094534,7332.754137299169,7784.109356884905
INSULINUM DEGLUDECUM+LIRAGLUTIDUM,2330.913943796506,2409.982308652454,2448.752703751295,2324.001527580884,2389.0497587046843,2448.453126757985,2398.498274894311,2414.4389141095116,2427.9139698496424,2451.097721288457,2526.4479336410213,2592.631983861648
INSULINUM DETEMIRUM,1667.1413776364766,1964.0030977451456,2375.723558577843,1891.6494119897643,2042.367579465064,2034.8923981910661,1988.380537917631,1777.5749344446454,2191.291136412019,2218.7135827316815,2305.183424533174,2308.9795827201306
INSULINUM GLARGINUM,22045.73315794903,24611.491783703703,25399.62458372395,21521.49592315665,22507.934494119312,23142.229250305947,23402.86095467176,22350.22821758092,24163.967127324748,24315.941754536318,24769.292955722078,25685.859016087183
INSULINUM GLARGINUM+LIXISENATIDUM,7032.760570748927,7378.587064764604,7639.241462073386,7264.466367510613,7632.9441556698675,7861.703882415048,7908.552150816856,7756.129933792459,8091.223355613169,8249.85843433673,8441.889787118002,8717.059300254097
INSULINUM GLULISINUM,8897.29161993148,10074.753645696841,10501.34703796792,9035.443923443581,9327.341203482905,9572.523599173157,9256.865687384148,8733.895929611741,9810.613895052607,9944.858039064095,10201.86752593208,10712.079687085261
INSULINUM HUMANUM,54657.00980064778,74587.89014100199,82147.21017786997,62660.940826426086,70887.752656086,70156.89760779444,69567.53932544893,61981.828070752264,75459.49619232197,78214.20812134477,86435.76286744792,93169.95698977743
INSULINUM LISPRUM,0.0,0.0,0.0,0.0,0.0,0.0,0.0,0.0,0.0,0.0,0.0,3.4206813402816323
INTERFERONUM ALFA,72906.9408152021,59152.81704998059,54415.172630412424,7798.080087366942,0.0,0.0,0.0,5992.678478764152,61417.919329093595,71514.38900196622,63489.39893287341,65103.6902702082
INTERFERONUM BETA,1.2124661404788624,1.1539547946734638,1.0447738925220598,1.036257345293851,1.0334722820041988,1.0412724058653917,1.880340679447261,1.2052234728056708,1.5103578819853134,1.6840935838219424,1.51471031978416,1.2404318830468488
INULA HELENIUM*&,4996.796248353003,4833.801063777919,5107.9948189241895,2998.6873258475393,2301.3540341925545,1532.363703674902,1551.7293420671149,1926.9089555872204,2959.130549209639,4168.71572691391,4452.1401718836605,4616.921230665797
IODIXANOLUM,0.0,0.8288967453008763,0.0010033818453874938,0.0,0.0,0.3943394163469307,0.0,0.0,0.0,0.04214586850019807,0.01747119943790961,0.0
IODUM*,261373.72131276416,320032.3336744004,455427.5440796305,324661.1541197357,385304.41546774097,487923.63626206625,407078.76741344744,390485.6416504737,290541.74715601566,278167.2096763704,251147.1242085752,242164.6079502602
IODUM*+KALII IODIDUM*,34694.116576031665,31352.181228251215,41126.27814735945,20207.681279978635,16724.92738340657,15042.837463481508,17555.42032487406,21961.084211320693,32131.39091781058,33127.71108033508,31333.201607687293,34998.04242690164
IOHEXOLUM,1761.7790904789854,1768.6603777827927,1775.3391107655993,1126.0066002916055,1235.3570950521719,1260.3499940003855,1557.8248162987184,1529.083177277145,1791.4999691996475,1581.8819058774102,1655.4155583593817,1641.59298348472
IOPAMIDOLUM,0.17407620814153996,0.0,1.0484851840930252,0.0,0.0,0.6871586550553564,0.0,0.0,0.0,0.0,0.08434553895665783,0.10828807062781581
IOPROMIDUM,2750.995931443417,2700.94472062993,2911.4520601202917,2725.4662398537303,2525.604291781632,2510.364241465104,2293.947309353031,1728.2464718045237,1567.4241099068681,1518.4017285298935,1600.4069315694646,1602.513002142272
IPIDACRINUM,29127.87868614066,29498.720093354703,28858.018785283202,24953.514904983265,27439.65616690058,27160.4871425917,28384.621089301854,28748.805812827257,28511.817557804832,30020.067319944166,30706.972295812902,29990.45744266515
IPIDACRINUM+PHENIBUTUM*,0.0,0.0,0.0,0.0,0.0,0.0,0.0,0.0,0.0,0.0,0.0,0.0
IPRATROPII BROMIDUM,3338.2023571626546,3272.0935673278927,3407.2133810282976,3115.772477556834,3119.7610003478767,3077.847864148924,2937.2262007579757,2998.0077156134303,3274.0121730660067,3562.439784596282,3671.159919388715,3813.1432727908755
IPRATROPII BROMIDUM+FENOTEROLUM,50478.97957301944,48027.521353047414,47686.95194689474,31986.674791797544,32612.794637544735,28643.998883967448,25536.26865093057,28462.58603432602,42077.947910867326,53709.502581925335,52444.42148859667,58658.61218375872
IPRATROPII BROMIDUM+SALBUTAMOLUM,6.472256254469482,7.506861724744809,0.0,15.193743671405024,0.0,0.0,0.0,0.0,0.0,0.0,0.0,0.0
IPRATROPII BROMIDUM+XYLOMETAZOLINUM,12970.2027448965,11643.405381873625,12201.370902680663,8715.113930551634,8056.5581640737555,7719.820562116789,7975.903891776557,10610.799166729714,16361.993997917576,15465.417674093209,12428.276826259056,13628.11275921707
IRBESARTANUM,6665.842164161663,6938.93507571308,7521.82616488753,5905.530196160404,5906.076981112017,5485.0471690066215,5615.816879255621,5810.461007388138,5963.607069827463,6551.431479712238,6678.9081675533735,6908.423477759597
IRINOTECAN,62.98947418573066,46.206168789817355,21.820604161889154,10.18803214834905,16.2690542263194,30.56695157749814,14.061949147243576,0.6142268918423711,20.501528776323834,49.39924997271147,18.746906618624013,62.47491162415649
IRON COMPLEX DEXTRAN*,4472.478693380416,4419.312852878252,3952.2286481619885,3346.455752074445,3690.304302889879,3458.792411227695,3570.7805655834163,3712.82875675346,3383.762577374965,3610.9069015576356,3875.080028589241,4229.159397899993
ISOCONAZOLUM,0.0,0.0,0.0,0.26679129306385724,0.0,0.0,0.0,0.0,0.0,0.0,0.0,0.0
ISOFLURANUM,0.0,0.0,0.0,0.0,0.05809815067115863,0.0,0.06720452728588902,0.0,0.0,0.0,0.0,0.0
ISONIAZIDUM,2521.461507461859,2838.7491874614784,3071.2726326003794,2880.139089850705,3453.432356790172,3344.5242714809497,3152.510704372778,2962.303951825446,2515.0434509267857,2559.0687513470625,2551.700692822489,2574.7167471420357
ISOSORBIDI DINITRATE,28444.037935829605,29743.013276586276,33324.76990637625,20820.318460747843,22148.481843472,17362.69161313108,16719.81455037832,17458.03139683434,18894.995757038694,25885.90115530396,25737.704239727092,28060.400126000197
ISOSORBIDI MONONITRAS,9405.38845104837,9205.03407877602,9933.397142280726,8189.318554407086,8380.47344543076,8097.22991957229,8226.065660208104,9140.441614039344,9805.876538426925,10202.402639259579,9798.192881248291,9563.096836161854
ISOTRETINOINUM,36506.098663392746,37427.0440515997,35634.68881754832,31966.809992351482,32153.047555566474,31308.490087772705,31253.252340520612,32432.504727783096,33644.844742834466,35311.30830428524,36117.22103481546,38495.825475971156
ISOXSUPRINUM,4787.283753560357,4891.098104253383,4826.913167414083,4072.3612005489213,4303.318409663072,4363.288959560672,4501.727782085032,4469.066022710799,4285.242997817693,4589.936560509487,4841.535793269201,4947.265962083254
ITOPRIDUM,24043.58813318232,24673.83142655045,23282.912578610896,20593.606817625187,20376.38792620256,19781.590530430385,19680.288331178584,20093.409889143077,20816.03325288061,22227.232461236566,23997.05274528727,25535.55108989376
ITRACONAZOLUM,40498.50054662889,40086.6088156149,38069.3641164386,31657.06424273246,34694.92102940246,37505.72954437334,41899.75504198495,42411.63452570913,39347.39999832339,39593.78746204968,39533.415718665616,37953.494209593264
IVABRADINUM,15465.07870657456,15676.606024885106,16645.590436299306,12903.616522196447,12817.419147679919,12413.885004832468,12787.135047320275,13157.73083807629,13110.538427446867,14419.763855709098,15135.62275508465,15684.886831350857
IVERMECTINUM,2006.899269597588,1711.8452392896438,1561.8582541652668,1592.3137051877434,2142.847905127703,2160.573504201649,2030.0274225827845,2086.643596409671,2041.9107745931583,2216.1075562619267,2215.6128207189195,2162.6676714064924
JOSAMYCINUM,0.0,0.0,0.0,0.0,0.0,0.0,0.0,0.0,0.0,0.0,0.0,0.0
KALII CHLORIDUM*,13218.638136496342,12294.89932166152,9157.806117640288,7371.920202269919,8416.022117820256,9107.433098107142,10896.678530183284,11925.932323690815,12076.601206343468,12349.410960312212,12234.649011333833,13783.501699997752
KALII CHLORIDUM*+CALCII CHLORIDUM*+NATRII CHLORIDUM*,42874.96393001294,39776.52468839761,37014.467952343424,25599.088020738214,29492.264332692175,30663.78043949345,37441.31478217261,38970.74331355405,38810.02559589732,45193.600879010046,43451.87296273836,41031.862486959144
KALII CHLORIDUM*+CALCII CHLORIDUM*+NATRII LACTAS*+NATRII CHLORIDUM*,1997.601236042065,2086.999511275708,2581.7060388257783,1448.03076822899,1066.9532591147179,1249.5163591864539,2481.912346607001,1611.5630439065949,1574.3675091094267,2620.532988634848,2028.2908796183415,1883.6734997682922
KALII CHLORIDUM*+MACROGOLUM+NATRII CHLORIDUM*+NATRII HYDROCARBONAS*,524.6110326285151,567.3915372979031,431.97614775750424,172.6748428492749,179.79200564678172,79.11034260887686,155.91241890264303,163.3886866617463,305.26310759311866,264.44965106230677,271.8310925617471,227.51965248538966
KALII CHLORIDUM*+MACROGOLUM+NATRII CHLORIDUM*+NATRII HYDROCARBONAS*+NATRII SULFAS*,11966.060237384867,13109.443981353026,11295.79882387404,9855.921745237338,10769.615129674457,10837.25728457064,10867.050055834072,11069.1873201913,11815.84417902357,11616.562713435871,11770.926188312194,11420.00961555974
KALII CHLORIDUM*+MAGNESII CHLORIDUM*+NATRII ACETAS*+NATRII CHLORIDUM*+SODIUM GLUCONATE,1139.4330972137222,1332.2377387560796,799.70564665515,757.1989676395912,773.166619092329,907.862934919704,999.5545822467886,898.6156947736413,932.6171794603082,883.1421618748265,987.1715424716257,968.56564161425
KALII CHLORIDUM*+NATRII ACETAS*+NATRII CHLORIDUM*,0.0,0.0,4.96791503723947,1.708017354082748,0.0,0.0,0.0,1.9796684944034049,0.0,1.4244346682667668,3.86781833259172,0.0
KALII CHLORIDUM*+NATRII HYDROCARBONAS*+NATRII CHLORIDUM*,5823.84015821781,5230.0858878973995,5382.775362388498,3607.3194327288074,4286.629579748487,5748.37818811166,6883.566765549626,7676.5741182474285,6749.266491153106,6609.767680225069,5670.231122230076,5700.431966581508
KALII CHLORIDUM*+NATRII LACTAS*+NATRII CHLORIDUM*,118.46690426015886,28.668074634935717,0.0,0.0,0.0,95.76595786519576,131.8023276436329,0.0,33.47741138769608,43.25525974035555,61.11776609216469,53.96399754316556
KALII IODIDUM*,65796.65840289884,69319.73758552235,64480.38545332163,49768.199069261515,54263.6836837139,70035.56749697629,57196.80586928667,68543.90108883544,66357.42778617493,69605.803265747,55765.150571105114,55851.54213709209
KALII PERMANGANAS*,0.0,2148.557438488847,3398.161627830603,1369.9279849166787,1860.2052761982081,367.046914836102,492.3968313590891,70.03897019014778,0.0,0.0,0.0,0.0
KALIUM BROMIDUM*+THYMUS SERPYLLUM*&,103596.26665952061,89564.24475146303,88100.20902340538,25757.437039347737,729.673250490043,0.0,0.0,0.0,61454.92295192184,106969.12377249156,83981.33662733572,98648.63270959957
KANAMYCINUM,34.02671807806661,0.0,0.0,0.0,0.0,0.0,0.0,0.0,0.0,0.0,0.0,0.0
KETAMINUM,0.0,0.0,1.2270832541705792,0.0,0.0,0.0,0.0,3.028123296321958,13.302618760948317,25.501535832843885,1.4371901905548643,77.10223437691809
KETOCONAZOLUM,70372.88408437347,68169.71471474477,62149.29668806096,52439.90253573309,55019.95948288997,53452.70650963465,53643.36560004956,54950.59554140066,53613.65496350072,60548.28717019991,61611.974804578465,62749.15558110047
KETOCONAZOLUM+PYRITHIONUM ZINCUM,17759.674369521417,17637.658807211872,16350.508363365905,13737.9988142908,12071.865181032384,11340.783080427318,12006.111005944931,12711.624552360689,12724.654195494964,14550.19071600405,14994.280738412988,16670.657162341802
KETOPROFENUM,82749.61343777645,81089.77740771907,79619.5925948429,68181.48835571176,72663.6801755766,69471.34844263825,72211.04946745733,74621.39949848238,76590.37913447218,80816.57765443379,80548.50048157283,81173.28235445386
KETOROLACUM,183430.6360268378,171497.11615956097,174120.81818304982,148279.67971915126,154528.92006534283,155036.33425960643,172308.42153232766,175646.81926781507,172938.7581735153,183152.40201538586,167447.69020619267,179721.97387614846
KETOTIFENUM,23809.147096533634,23853.47801521654,28099.783960665794,22749.69312752811,23088.847271520885,21854.815397218015,19887.277108278635,26970.48088763006,27426.18032161411,26255.02107930427,22845.333295959317,24763.755879786266
L-LYSINI AESCINAS*,22161.112243036867,22398.97927382468,19010.579685062323,13515.725600659825,16963.979519745226,16403.949441620938,17722.816565728892,19417.676251622644,19990.104786945045,20343.916001810347,21074.55296030999,20048.86291371709
LACOSAMIDUM,666.1976052369423,730.8445724422284,765.3397431349857,756.5863071408405,762.4396947941382,802.9077649125063,833.0729833726919,888.8285927576032,887.3707735210046,960.3027970939713,1017.2491713360255,1011.967778713712
LACTULOSUM,72715.65723017449,64887.450814039184,61854.53886257023,49250.42408283437,47515.527040484965,43270.56018804474,42584.04988753184,41171.592428560805,39449.40964282326,49289.50499567252,56982.79645939121,64513.36641180546
LAMINARIA*,2613.8679508431105,2803.609606196298,2945.4479084727354,1883.9867282877724,1826.9483621336888,1721.847047204309,1404.978973254692,1454.4298920888875,1437.414005150129,1564.4062735930102,1663.014666341202,1925.8491585336433
LAMIVUDINUM,33.05587225546361,10.64363770153724,35.166215937807124,13.990644406233958,4.255753060386379,16.32020586311927,17.880533984716518,9.257162361405278,0.0,23.51661168618775,36.31792216081508,43.664536419927906
LAMOTRIGINUM,32196.34934739251,34075.246084754675,37066.27160562523,29654.146553302508,28889.505442425165,29230.241884704108,30129.647969508093,31088.924968332107,31550.01029837215,33042.95349338501,33192.975780376124,34368.40174094985
LANATOSIDUM C,389.6942836640395,389.05115934378057,500.20256930685645,348.5836066966004,398.07434602767864,348.0448469118244,390.9243570384241,359.5666745589869,414.53363799472044,417.31671816259035,420.0486917161694,470.92937997831586
LANREOTIDUM,6.495012450481228,9.40057894077805,9.332195289447853,11.623051524816034,9.986499669542924,11.456021341756779,9.589201835960202,10.243709387755285,10.161278585623693,12.64169710035076,13.11479506856476,19.654436599568296
LANSOPRAZOLUM,4909.12016931292,4595.5898751563245,4766.088639608762,3857.511050948431,3724.34677979788,3343.471162655156,3697.412068718695,3942.9957933472388,4069.9329728277908,4561.297716189949,4445.041310657392,4799.589986009062
LAPATINIB,38.29610970223141,28.684797705179392,17.688082756051255,12.33264544526222,15.60183024514447,22.299912733563744,25.33031337281264,22.859768532725234,42.73046730916879,37.75816097883711,41.368250563085226,34.02985687899721
LARIX DECIDUA*+PINUS SILVESTRIS*&,671.2096600281282,0.0,0.0,0.0,0.0,0.0,19.158677896301924,153.31073109094714,0.0,50.08647253146887,0.0,0.0
LATANOPROSTENUM BUNOD,119.21651982235016,169.16491927007004,186.30196697495333,135.65153328556744,123.82191448076608,34.77854758363243,0.0,0.0,0.0,0.0,0.0,0.0
LATANOPROSTUM,47959.80250311793,47606.95096691951,51247.31509561569,42073.055756227535,43182.926842371904,45830.365068942316,46721.23060785355,47256.31959663744,47449.45534531946,48948.29690191997,48544.947504855285,50043.14534485844
LATANOPROSTUM+TIMOLOLUM,3947.3710514505688,4056.072897730507,4732.71233624376,3432.5170485436656,3458.868779872891,3468.7337264255752,3833.673245157024,3968.4604216314865,4075.6261243003582,4294.300247924761,4306.659908313584,4469.048398113944
LAVANDULA ANGUSTIFOLIA*&,1986.8205680988062,1629.1843661451617,1467.054020142124,1218.8791588995712,1099.9494854654072,1012.6119622779531,1157.013759287868,1249.8778124556775,1471.000070549803,1810.8576925849811,1879.0556057730014,1918.6989518832954
LECITHIN*,658.8447244965286,1261.4653895824754,1109.2810743047485,98.65837473608053,0.0,0.0,0.0,0.0,858.0368071777044,3738.239076955534,3589.535245431314,799.4321328654523
LECITHIN*+QUERCETIN*,0.0,0.0,0.0,0.0,0.0,0.0,0.0,0.0,0.0,0.0,122.19953715101586,126.5263425504055
LEDUM PALUSTRE*&,1230.8193220891153,1047.9574934571995,1077.3811838720335,554.9220895242673,354.78996736642125,119.3182229605111,159.43878075614987,245.7999803130275,577.5092932788965,1032.2346969719583,1038.3385732467746,1058.6440275869945
LEDUM+MENTHA+CALENDULA+MATRICARIA+GLYCYRRHIZA+VIOLA*&,3793.0461146391776,2549.8229584383866,2422.9957387292134,0.0,0.0,0.0,0.0,0.0,381.4164602416379,2435.678076932025,2267.1114755357935,1970.6918996702664
LEFLUNOMIDUM,3165.353256343109,3076.45710302727,3355.457030166209,2667.285821668968,2841.460104662784,2831.3259808494463,2953.3795315903826,3083.958021974743,3157.711664073838,3298.181827544724,3229.833608113042,3350.228682359305
LENALIDOMIDUM,5.165235555164056,5.175395884938159,5.255748892860956,5.212484945025014,10.167784889218266,6.393820530839256,8.776755085016596,6.2367436061224675,5.341933395810444,8.674464390651421,7.810469530387751,8.06807510777466
LENOGRASTIMUM,0.0,0.0,0.0,0.0,0.0,0.0,0.0,0.0,0.0,0.0,0.0,0.15168911868633028
LEONURUS CARDIACA/QUINQUELOBATUS GILIB.*&,183426.0841632513,193691.75963762184,205251.35839872426,124885.24018921219,121888.45320320853,100317.63319601158,98298.68277186005,119320.94241414488,127858.73850957864,151543.7109675317,165276.95451550017,181188.12973548096
LERCANIDIPINUM,75662.93196588317,75226.97331640458,81055.66689534909,72813.00065703208,70891.97576490583,66828.6731497322,67813.24955612067,69371.92157975881,70823.65129719669,76960.18276967436,78343.72684618388,81582.03420591883
LESPEDEZA BICOLOR,3947.3072702473846,4009.0638604847586,4298.67324087138,3891.9436533773987,4173.768891578935,4531.135190336883,4622.147537539965,4813.619923499152,4442.6199404632225,4137.878062231201,4075.7358678423034,4357.965420527908
LETROZOLUM,9803.99531985639,10350.175023131244,12351.473048268492,8721.313330895657,8831.427019514753,8491.831032927399,8975.884506174878,9465.492347290232,9672.232082699878,10182.47093354496,10564.036676738391,10703.194333810507
LEUPRORELINUM,57.5354822067454,60.559494941792956,49.1158091587279,11.513964561172786,24.791192912025608,30.597279621604777,15.193653018165021,36.29265576431015,38.144961990123164,49.87511099967048,47.491134236205255,71.60025685432998
LEVAMISOLUM,13302.429916418996,12871.447418912778,12228.833135439623,10306.639023192907,9663.630247927355,8294.721742246724,8663.521052234033,10480.371814755697,11933.43213930484,13167.744113475972,14097.962607344689,13617.511516971479
LEVAMLODIPINUM,42713.08538264783,40552.11971299596,38735.455349711236,31863.399231520263,29543.08010940427,24818.470584148257,23605.914736380233,25116.57303060261,28787.0486384173,35424.42929710584,38350.95439649345,42551.186248440325
LEVANA*,28122.987051430173,26097.39603411938,26775.782170868137,23000.661230864524,22745.36982945903,22089.74445893201,22656.06871310779,24081.2510670458,24285.967500793602,25390.617198389235,25399.91950706312,27899.77830459961
LEVETIRACETAMUM,14027.291382622287,15211.190354491617,16499.370055576965,12971.886340035131,12812.87389119155,12755.736455706568,13322.425830908473,13489.16465465988,13784.402237250893,14582.886826913593,14634.447822233635,15332.149542079555
LEVOCARNITINUM,18260.01469006158,19495.253314639795,18044.59973755883,15283.918399150516,15532.005251680332,14876.57225696064,14922.270584441347,15076.974769682372,16656.64244113165,18420.396501547537,19251.988873136703,18558.899093664502
LEVOCETIRIZINUM,115510.09220059514,116020.45404800632,141874.53408742452,123929.48788044839,149244.51467635683,167126.90827457284,157183.931714635,212269.681828174,164540.93368049455,117749.48732384022,103034.74640000609,112146.45822242806
LEVOCETIRIZINUM+MONTELUKASTUM,5284.939742286104,5441.4656953119575,5874.047306412831,5451.915043973717,6085.989282702613,5629.074322365921,5392.392402776757,9788.245715785613,9062.364014872888,4525.748302822896,3277.161381863092,3089.6178937754376
LEVOCETIRIZINUM+PARACETAMOLUM,15717.560702387036,17800.34341488254,19617.469520249877,8690.665939914683,6380.190611017466,4370.369083270628,3907.7789964440944,5972.712062353802,14939.606850452506,15779.761416302408,14109.690604353264,15239.29869016488
LEVOCETIRIZINUM+PARACETAMOLUM+PHENYLEPHRINUM,102525.670001978,98366.94975280615,119000.92572768375,36343.51108180086,13870.856739309625,0.0,1110.1416139244175,21170.762487653654,79837.7337608521,102825.96575362592,90934.06272206003,89418.65927102239
LEVODOPUM+BENSERAZIDUM,510.38533829829635,554.6094219966337,627.1866224368264,473.49671627050304,484.94672481896714,518.753465139261,530.6147908770188,508.9153849487476,546.6629936876535,573.7450141603007,603.4053640199411,587.701577389176
LEVODOPUM+CARBIDOPUM+ENTACAPONUM,531.8843915167488,511.33559832535093,517.797968884764,458.36527044482574,500.51531680540614,611.203559006402,602.6039578797297,567.3932820909233,628.5089465724094,602.9784832701296,577.392717740837,562.908710429934
LEVODROPROPIZINUM,51236.20409729947,48176.7037330759,41390.75669454505,27206.989916568386,21259.509347035073,15589.043344256428,13064.010994881526,14676.33676822962,27911.440239756103,45346.29306982531,45391.16898672869,50448.45817309941
LEVOFLOXACINUM,78893.75400569588,62397.16266052992,57697.57051760071,0.0,0.0,0.0,0.0,0.0,26633.63119982775,200457.36508146458,186489.9055199778,111604.76880399212
LEVOFLOXACINUM+ORNIDAZOLUM,247.22561015086262,416.4828308278179,162.07681659416693,0.0,0.0,134.45516514795213,429.4979209494129,549.928334815366,590.3764751329138,916.084796611736,886.0184630195793,829.680405370638
LEVOMENTHOLUM+METHYL SALICYLAT*,8239.29047263133,7178.359590016305,6545.017167336344,4591.539512604435,4273.595272230967,3116.2581633442496,2762.9327596469357,3565.0127201011437,6626.830971876567,9186.599456708966,8765.554127986947,8559.838948421388
LEVOMENTHOLUM+OENOTHERA BIENNIS*&+THYMUS SERPYLLUM*&,7764.707370723531,4939.420891948024,5799.5478076217,106.20503885472453,0.0,0.0,0.0,0.0,4508.3343516970135,7559.886466279462,4893.780656639507,6040.650507621622
LEVOMEPROMAZINUM,1613.2714564327214,1600.6901049899816,1796.629750704365,1371.102594144446,1374.2047957650857,1338.3760839301722,1437.0202413308152,1564.1822941199046,1538.4042632197506,1532.7053653682024,1646.3665739555374,1732.1374676939815
LEVONORGESTRELUM,37560.635413973745,31384.533673006616,29310.834498960332,26491.520178450726,29496.25254077047,30872.893449353698,33074.65959494769,34786.80593015031,32629.156417039838,34168.891025278885,33807.392130597545,34993.74963357989
LEVOSIMENDANUM,2.8513798552696694,2.9860534761722466,3.2713018767132174,3.647296317910663,3.66819949773176,5.254165979245326,3.689342597366735,4.8038688452655975,3.8378772414530413,3.0514936785146345,3.1428377544066723,4.212023087187631
LEVOTHYROXINUM NATRICUM,179782.27032819818,201711.2173491456,244648.41373044913,194615.69800003764,153321.0185802542,152115.25260897318,158452.04219649406,163264.07983105644,165327.10350325206,181050.60160555432,181121.0856519418,188868.85125359747
LIDOCAINUM,95369.51141741032,83946.7454728967,86242.93351450727,45787.66394501716,26135.947886646518,22200.73383717147,27588.02579481291,37953.68735814743,60346.11580603656,136444.23816156926,123701.2300432169,99457.64394575647
LIDOCAINUM+MATRICARIA CHAMOMILLA,486.44524948081795,387.1446826579168,341.9274882715602,259.8029918344394,283.57825375670717,342.40652236648583,451.5211963262733,467.9921945660676,426.55585222986747,431.66763743287186,350.20312466723965,332.72677352669854
LIDOCAINUM+MATRICARIA CHAMOMILLA*&+POLIDOCANOLUM,460.3832873492658,231.84169087618443,244.31367026898926,75.77251035450291,116.84923899418365,87.68147847719814,176.7989266348793,374.56294173229423,281.1298103814959,291.5853618721269,323.6866596359016,393.3285544181913
LIDOCAINUM+MATRICARIA CHAMOMILLA*&+THYMOL,5803.416991354079,5329.904831804956,5330.356966238455,4838.492135858053,4827.224133626531,4612.197593914108,5162.00582421697,5492.805070532055,5282.909529656924,5274.553359029616,5185.015884600568,5603.228167130127
LIDOCAINUM+METRONIDAZOLUM+MICONAZOLUM,757.1454796679703,776.3849443387027,802.0500626159945,762.1729037785337,784.1743232492707,821.9350053665662,820.2218976011083,830.7961579294478,814.888712732825,795.9895031162326,791.0584819636643,745.2784115823156
LIDOCAINUM+NEOMYCINUM+POLYMYXINUM B,264.5173779954912,297.31085180264256,328.42136686803315,357.93307112875107,385.9259051250299,412.47581237009166,437.6549392014971,461.5318246399291,485.62758075503643,512.9440640129851,566.1320380566333,603.9793283466959
LIDOCAINUM+NIFEDIPINUM,1642.1398138185893,1753.21753382063,1858.1339703093704,1957.1971874604758,2074.9678462408274,2240.387974568964,2375.8736989674953,2500.191939632902,2582.9730707518397,2710.709547801633,2819.3505034857385,2918.51431387244
LIDOCAINUM+NITROFURALUM+PHENAZONUM,0.0,0.0,15.300802383596725,40.41365056362542,14.62040790731496,34.36989258193315,14.158359121294303,3.639611152449783,0.0,0.0,1.0631240275181328,0.9953382760951452
LIDOCAINUM+OFLOXACINUM,39701.56753255547,37326.53262987347,36248.860324843736,31487.773297935826,33709.326493525354,38694.96866711285,45617.73842309871,45012.230645003256,42160.326039642765,41049.249172470234,38388.08889584808,40330.411491666215
LIDOCAINUM+PHENAZONUM,138297.62752812728,131450.57574649155,131147.9972925639,109251.58110080271,107130.66511877472,117013.12650453324,124489.483384521,127189.21785989216,128555.36921157001,139539.28246429327,135137.61003785278,151299.44266808132
LIDOCAINUM+PRILOCAINUM,1148.8135324445248,1088.8653466923888,961.3605495772046,938.2236633715809,994.701505893606,985.9619313977502,1037.5824232875893,1036.9669682859849,1001.6815557712257,1005.618577245942,1002.868345912239,1034.7379123318005
LIDOCAINUM+TOLPERISONUM,6866.1185997545435,6692.258048567216,6952.655060576509,5565.908923143098,4876.940266155525,4582.602793524622,4386.305868379055,4480.210581221756,4555.645004455073,4768.0951960008815,4806.035202196684,4607.257860112481
LIDOCAINUM+TRIBENOSIDUM,32493.591580637178,29340.698187880633,27453.636746695687,25922.580066768016,27912.99519584616,26931.48857212896,27857.457346175477,28313.454838432986,27697.24010525927,29340.367591740585,27931.886853945914,31236.68633673046
LINCOMYCINUM,39044.71203451121,37007.30210849605,37352.97012556109,30037.884497090323,31263.54675219089,32122.33891414854,37994.990601591846,37609.08430942367,37665.63563356633,38886.791450757635,38121.14926238786,39150.91906956925
LINEZOLIDUM,0.0,0.0,0.0,0.0,0.0,0.0,0.0,0.0,0.0,5999.509249611203,6180.261144054203,2595.5914624427237
LINUM USITATISSIMUM*&,44758.42210616466,50211.36904397779,43814.31621651226,28490.11797682382,27655.777007357025,18086.621054067557,16372.576313719954,17444.933743725836,19022.48491001452,24186.16066532941,30973.369291865303,35442.739015377985
LINUM USITATISSIMUM*&+MENTHOLUM*+METHYL SALICYLAT*+PHENOXYETHANOL+ROFECOXIBUM,35.66088466665309,1.733372966905883,1.4407347101923134,0.0,0.0,0.0,0.0,0.0,0.0,0.0,0.0,0.0983349650749692
LIRAGLUTIDUM,2781.814203752392,2706.39756758354,2847.0501521188685,2166.2293132175378,1830.0349355668825,1330.2313269167666,1306.0403334670825,2095.5298321777436,1868.4329246166808,1949.3800920382391,1522.8773194458947,1288.235794842427
LISINOPRILUM,140542.49163565793,140529.32269265584,161801.19306059938,104513.23537394131,99836.06353541158,89362.14255260387,85443.24688273203,88500.59726014927,96733.59198249114,119731.79263251144,119972.13621382622,135201.5556798707
LITHIUM,1194.3328974565347,1219.7298621186437,1339.9696668638467,1128.8904696879881,1157.7781206871214,1116.6601774524968,1148.9319196958027,1103.8163631431416,1124.9142727343133,1305.8081751621248,1235.7343707847451,1304.9489449424332
LOMEFLOXACINUM,403.1004240852817,402.0851750506636,92.21283845147698,0.0,0.0,0.0,310.5856221915748,238.40330930674554,311.24612162739015,427.03263411241346,419.30330672894013,344.83730745066964
LOMUSTINUM,2.8396183567600524,2.590578152349872,3.958993946587774,4.702974539744142,3.9890069720352805,2.9138808756342414,4.294627956279454,8.004473578561672,1.7367980341534892,6.655105556392989,6.858999531950636,4.968162670162803
LOPERAMIDUM,459707.942669548,459446.4983904509,479850.4147956813,408874.6033483733,438358.43761903496,488649.6904640722,558714.20736861,616628.245520748,558906.2802709665,510475.5466996491,460850.7820711031,468306.91899677424
LOPERAMIDUM+SIMETICONUM,748.4844156763531,949.5855661872237,976.1359747315134,666.1817897025383,704.0191298149515,781.5728900404752,893.3053863564874,954.3988715448905,909.2939478312061,776.4498969958516,724.1529444631616,707.3004705726026
LOPINAVIRUM+RITONAVIRUM,0.0,0.0,0.0,0.0,0.0,0.0,0.05332844050653181,0.05717575255750191,0.04102009289013678,0.04886205584810359,0.1307021169063359,0.0
LORATADINUM,229904.95034852406,227640.56131947399,272684.39407411666,236214.56065571363,269081.31829887384,296617.0547912848,264164.9719630963,329428.3476784283,285062.1922285766,242352.93384657797,224603.41391886183,240729.46315457168
LORNOXICAMUM,55905.52104213699,54475.52739010457,53802.531853974615,47974.706010566624,51916.58352133619,50894.85131544783,52382.027336233106,53733.672738357294,53137.39964555262,55027.768556804855,55476.180271302605,54722.675828396765
LOSARTANUM,140287.51373166748,159947.6491787544,149844.25087029443,119636.79195739696,135886.64096094953,126837.03709766208,126425.40214090262,126387.0811093656,141682.50401800653,153731.30807878976,161175.95026128684,175635.77014115505
LUTEIN+VACCINIUM MYRTILLUS *&+ZEAXANTHINUM*,24.629891865066565,3.497564032222904,22.76406064341394,27.981616809832744,29.08762062043374,37.870782546380504,0.0,0.0,0.0,0.0,0.0,1.1135448646543686
LYNESTRENOLUM,409.6969071605443,399.34299148517476,395.71711468258405,258.78006897821655,251.88488815242727,225.5751992295007,328.0659038288646,315.87572324606043,330.763234517522,330.6100992723964,366.8412468140006,437.01582058498894
LYSINI ACETYLSALICYLAS*,0.0,0.0,0.0,0.0,0.0,0.0,224.5378648663277,222.22946560099595,0.0,136.78507048664906,175.42059419839222,0.0
MACROGOLUM,18781.6952535706,18793.614727148444,18059.633414151867,15509.767471895755,15813.491826232017,15949.426417842176,15616.171199271454,15275.214132556026,15158.098787324836,16079.842419281033,17619.81163298714,19149.082912093178
MAGALDRATUM,1097.9656892968928,957.3348628874412,1010.3148622211194,837.2163221493009,816.8949505530853,654.7229137373521,664.6859447460048,790.0862300141663,846.7631186899347,965.3016900917886,1026.9672076745105,1157.743482201928
MAGNESII LACTAS*+MAGNESYUM PIDOLATE*+PYRIDOXINUM,16676.874746510657,16484.396428440537,14805.698327693804,12381.953200805785,12181.52205300473,11516.613288473254,12252.397230557435,13011.401337934138,14176.812777544868,15485.651682942818,15609.762560970543,15557.20701710208
MAGNESII LACTAS*+PYRIDOXINUM,66141.15456001821,68024.73285666374,68148.75122123773,51008.4612401545,51754.35658254547,49657.82818371585,55947.670391909676,56320.76948572234,58250.588088030025,65276.69229713376,61884.894991674315,62958.796874564345
MAGNESII OROTAS*,0.0,245.8164252915714,283.72273342839935,0.0,0.0,0.0,0.0,0.0,0.0,0.0,0.0,0.0
MAGNESII OXYDUM*,705.7852511055744,687.8868659019183,641.796106169113,693.987046812988,720.7337477582078,620.9310569445028,721.9616527236585,643.9392777771021,779.9501262499767,870.3523534583964,874.5216836552511,833.7710962428545
MAGNESII SULFAS*,113772.30070549798,116249.06171022709,112830.90994457444,89727.44756261638,94458.61588761392,82414.38557817606,82332.48196118978,77799.14049816482,78667.8291583089,88404.4655169882,92984.95083449568,103969.00131906573
MAGNESII SULFAS*+NATRII SULFAS*+POTASSIUM SULFAS*,8169.872795678589,8333.048093562687,7338.8281502639675,6420.186014018987,7284.056523417003,7407.772749329413,7618.98994845334,7625.70872614648,6569.79516669499,6922.311737527797,7716.80681258804,7788.8166910302325
MAGNESIUM ASPARGINATE*+PYRIDOXINUM,251.86561605323683,290.71268729874,146.48922014954655,0.0,0.0,0.0,0.0,0.0,0.8338694417826211,69.07909684480859,289.49255462163325,336.2969966974973
MAGNESIUM CITRATUM*+PYRIDOXINUM,81021.47289925592,82708.2469726108,83731.579137213,69946.46017481308,70703.75231081145,70999.89372552847,75005.68576322039,84825.78189929223,81609.88811406802,84788.26919180695,83859.40855991642,80638.03856032228
MAGNESIUM GLUCONATE*+POTASSIUM GLUCONATE*,6415.137275985863,6749.840325164158,6763.152829969425,5095.8004992762635,5271.691900184364,4779.135886373474,4781.08754078739,4812.49732978115,4401.412426438788,4411.233369227527,5327.337388921146,6058.511870138669
MAHONIA AQUIFOLIUM NUTT.*&,718.604033821679,705.7679031224453,745.5093617194908,634.5292917535596,694.069198937247,656.9834878406292,614.9956821197674,650.68300069951,632.5676187197367,664.1888762923502,692.4186455068735,755.4980240349245
MALATHIONUM*+PERMETHRINUM+PIPERONYL*,0.0,0.0,0.0,0.0,0.0,0.0,0.0,3.7735063802717033,0.0,0.11655035166077354,4.426992110473201,0.0
MANNITOLI HEXANITRAS,12420.247373693092,12996.498340924798,12426.743646191118,10335.506421885151,11898.395973921342,11847.435347031262,12250.913377000163,12714.452732456251,12445.541148302094,12785.694812459733,13185.340675266809,13253.594296993435
MANNITOLI HEXANITRAS+SORBITOL*,682.1079937581737,864.7041130893145,764.6710584014068,487.4806644982602,614.101599222923,674.4635968498328,756.4452447985404,761.0994130046863,771.4283974167829,724.3448347936398,847.766434542305,824.6585641884171
MATRICARIA CHAMOMILLA*&,122716.12771081224,117500.87264972962,113199.09949538982,62214.81506644419,49143.55361781397,22589.339753436027,26139.754756459966,38807.72125340534,60920.0597454879,81861.83223368027,90050.22551876033,95318.23024135063
MATRICARIA CHAMOMILLA*&+SALVIA OFFICINALIS*&,0.0,0.0,0.0,0.0,0.0,0.0,0.0,0.0,0.0,0.0,1.9190446838522899,0.0
MATRICARIA CHAMOMILLA*&+SPIRITUS AETHYLICUS*,0.0,0.0,0.37210229766062786,2.488039852117849,2.9120242941276375,3.454846246179481,2.079138206264968,3.3834061727773705,0.03205494443130319,0.08940836019846232,0.14572549125620204,0.20121359454640597
MEBENDAZOLUM,19265.39993362083,18891.259474839262,17433.25303118161,13818.259399623095,13366.616417743882,11677.696755608109,12072.9937492671,14763.671667561892,15691.896725565326,17690.59709533568,18322.144114519557,19087.050853234272
MEBEVERINUM,86913.84743298886,86561.22430749878,81268.44246567856,66844.76125079417,62788.22733745851,57493.4568653618,62211.39434625626,66426.19258954364,69318.1238427454,76044.0459038786,82503.272211357,90263.33591591156
MEBHYDROLINUM,144482.41183272222,132136.5272775022,154539.743072726,135479.9603483049,159499.5084081678,191024.543495458,173824.83380469002,196152.18109147545,160437.0639603036,133880.06649476598,127250.88436173566,143574.0728947113
MEBICARUM*,68357.86887985299,71397.0923512823,69356.43311431073,53371.17811061841,52512.37889354954,49113.57750577942,50984.95438144829,55829.709867868354,57462.525042889356,61122.13516879114,63467.82445539754,66201.14387056761
MECOBALAMINUM,7982.629825486718,8239.617497397123,7875.411118948787,6733.269500213455,7080.183289248529,7108.322604499932,7340.617140724391,7414.7998537273,7589.915508152968,7926.571515716838,8370.628605791277,8785.814961874166
MEDROXYPROGESTERONUM,763.3269342773644,716.4499974263232,745.7971463061458,525.7567637706599,511.2731561029267,563.5453683293961,715.6114364712271,677.1717893453477,751.7695700053002,749.4256928939176,679.8344895654677,909.6018252633628
MEFLOQUINUM,8.424461669090206,4.732773562770435,7.105003405583469,15.031567607702748,1.276799297267024,0.0,0.0,0.0,0.0,0.0,0.11194037147315239,0.10495980336531519
MEGESTROLUM,0.5974709137882062,0.0,0.0,0.0,0.0,0.0,0.0,0.0,0.0,0.06600912577330087,1.1251766064243878,0.0
MELATONINUM*,34656.29065043839,30976.125307434144,28564.446475653695,23325.027252852284,21079.810117234105,18934.623851362514,19415.57468128819,21335.627987851687,21847.678075725435,25911.210388647385,29648.0352816079,30840.979038599242
MELDONIUM,69266.45487628857,74874.84166911352,67897.02974294001,46409.25444156776,49946.973240036474,42762.35091837801,42577.483700617784,43715.011765976175,52695.433657829395,68589.79101087854,75779.40593288439,71084.44051005563
MELISSA+MENTHA PIPERITA+VALERIANA,21841.425898356203,21121.418675049263,15452.93064049929,9517.874356954893,10759.464274214966,8085.605152118605,9629.778398537099,13169.424339767469,14893.395636847352,20410.67601860685,19819.093268110013,21914.234011808137
MELOXICAMUM,270497.285204626,271100.39766628295,281955.49430912884,237949.65829692603,256177.71136068422,245386.11088521118,251587.87757835313,259797.58800638714,262773.55502233474,277525.6781086133,277479.4932511566,272844.9504387116
MELPHALANUM,4.631202196152895,4.27713076097149,3.084606872065042,5.311721020178561,8.420145597908054,7.873218519330326,8.20201011570682,9.013376652046691,7.090003140357269,7.016437590244407,6.755118409392795,3.430396323950184
MEMANTINE,21167.464408361193,20453.18211411325,21791.168989190017,18551.92159972657,19266.895598630945,19061.472708229572,19811.313506383613,20285.760855381974,20653.664645055796,21269.860387269982,20946.652091516466,21468.997765388787
MENADIONI NATRII BISULFIS,3701.403592282595,3830.0992755515954,4035.073928029534,3076.618955874627,3309.24668401344,3186.071772387229,3505.5539489489997,3506.803796061157,3420.079379613622,3826.395552318335,3514.9077963448426,3737.9004974287895
MENOTROPINUM*,155.991896286609,155.1779237637672,136.30512401723598,103.61566249175317,123.49607154310901,139.29517705593588,153.67603973793948,161.53990815528454,148.61218116090276,167.16237783713945,185.06811344987094,142.00908021179833
MENTHA PIPERITA,72983.4812050928,71550.42647227301,76484.79570352206,52974.794106026144,50251.80544553426,43140.07753464564,42070.733423439604,45211.719951979634,54658.35219231652,67659.78460209089,71117.45954741526,68713.33532117959
MENTHA PIPERITA+VALERIANA OFFICINALIS*&,530.032379613069,523.6356905066193,543.5217284406874,161.00514800716942,34.14407287958261,0.0,16.338894509694626,78.75283773928547,49.43898154218573,129.00248580373332,236.19147843219895,379.38046175419913
MENTHOL SOLITION IN ISOVALERAT,879777.4008952915,888485.1134809403,997079.332562241,709596.3184400626,703279.6961551013,703343.9005399138,727324.7634605452,736481.1844098311,762880.2233820413,825062.3831725912,797682.5136178121,877253.7473867703
MENTHOLUM*+METHYL SALICYLAT*,3144.8481765827196,2935.3293633208873,2955.16044758222,2490.824249862083,2505.9582265567715,2242.4871427833186,2137.366010635354,2300.33403978778,2891.414197980519,3467.642859405507,3422.3399234162944,3368.077709495722
MEPIVACAINUM,2.0975997858804276,1.667403094211871,3.1065836125080333,2.049265898775973,1.2595495994213326,2.3015144315686284,2.6952241689174747,1.85472983042756,4.544072231266636,3.2112840235689064,1.6563913290417316,1.6894150450510002
MERCAPTOPURINUM,24.89760158635221,23.831765072029796,22.786515143706065,21.710534484181288,21.493969239695673,21.30453632724138,24.383609280412152,27.962286926082975,23.89344832575383,31.62579672862472,28.935894734055644,24.57219242153458
MEROPENEMUM,0.0,0.0,0.0,0.0,0.0,0.0,0.0,0.0,0.0,3005.215930599585,5555.811246078981,467.4761195239152
MESALAZINUM,9891.303977174346,10251.006049961747,10432.283329086356,8757.151973280737,8977.388509530938,8829.90255942579,9224.482620236366,9624.842689779518,9301.307566308731,9938.182688426798,9701.974407015941,10651.00060278195
MESNUM,3.2579752581465966,0.0,4.8051825271951065,0.0,0.0,0.0,0.0,0.0,0.0,2.7924314215893133,15.66873294017514,4.439499134204667
MESTEROLONUM,54.28377730444731,0.0,0.0,0.0,0.0,0.0,0.0,0.0,0.0,0.0,0.0,0.0
METADOXINE,3752.1431030512895,2066.87792334867,1396.272981642702,1105.3622303340528,2089.5264313432613,2281.0629942067544,2625.511446553677,2865.92741048734,2396.7221836903987,2442.8912043089704,2187.092822859955,4104.848919756871
METAMIZOLUM NATRICUM,1092148.2183747017,1087923.8277647868,1291649.3985420403,916032.5180290277,904217.6488838025,930880.2232328068,1016099.4503771951,1038244.5853578906,1077657.1890076317,1109646.9763926095,1000640.2083657765,1112222.542809495
METAMIZOLUM NATRICUM+PITOFENONUM+FENPIVERINII BROMIDUM,631923.8676396329,683137.0287416923,647595.6522183939,558010.4327948092,536507.3518509958,540881.5876909993,584773.8673580562,608602.2660867559,609012.83246477,659992.4333622352,613614.4290752617,648492.0822407368
METAMIZOLUM NATRICUM+TEMPIDONUM,147736.33088169646,143640.07948013677,158085.47293104796,113447.31426393581,115546.22910240508,110970.28114533942,144787.4797518458,143064.22720920987,145316.99694726002,137452.90930985907,138576.75457209733,141025.77375404676
METFORMINUM,594396.8875882889,637000.2784042131,661833.7905059662,522352.86643638223,558459.3066297288,560902.9122334195,567218.2825653856,566351.8838799723,591947.1239806553,615988.4915102151,635167.3741828768,680888.0453700195
METFORMINUM+SAXAGLIPTINUM,678.4235793680068,621.7592068848,760.7223297373567,397.752648858524,410.5371249945795,400.1329267425464,481.0077889800417,499.0866996091597,525.6440489515765,597.5125492646314,620.5863703541977,684.7340480649724
METFORMINUM+SITAGLIPTINUM,6205.328001906157,6435.64973339767,8149.005979107689,5688.432636192519,5690.780422377189,5333.816711841737,5846.816603930186,6095.674978117753,6129.4513379846185,6116.707286394922,6117.636505639974,6262.455141552828
METFORMINUM+VILDAGLIPTINUM,13559.238849481668,13971.43133985336,14047.168540152936,13385.363508394821,13349.74269099055,13764.42884506936,13942.461376334628,14145.738609349064,13992.698003762835,14411.436327296078,14435.072194124894,14713.598095590167
METHADONUM,9295.091346814295,6367.541886807575,2501.4042750122444,3742.206941786051,8230.153831415146,1227.2600993284866,9459.238669869215,19222.330682511856,2673.2746488360276,27121.66617810542,9347.056557731,5721.436417641514
METHIONINUM,3987.425849314952,3676.7221817763766,3787.8848941472947,3286.546710445809,3252.5330098863974,3621.2776958406466,3862.0246910058245,3743.6587335397444,3487.725213968659,3483.6108447135693,3399.1209957112746,3779.607562911219
METHIONINUM+NICOTINAMIDUM+THIAMINUM+TOCOPHEROLI ACETAS*+ZINCI SULFAS*,1309.716828728553,1313.8850841095505,1075.2240799119863,891.3576680515731,915.8217300608809,818.6753711659654,879.1506755476712,914.0065105506742,888.4299700507147,1020.8231291483854,1182.2008479241604,1255.1294144424182
METHIONINUM+PHOSPHOLIPIDES*,12.504348574341446,10.907221247693437,14.730697342115253,9.375246686553401,5.875315618507068,9.847328158600487,16.319687126426658,0.6947752005989455,0.0,0.0,1.051959530710496,2.1174222036182986
METHOCARBAMOLUM,466.7089656780422,399.7843376816285,198.71884084159666,60.56904892667035,105.78982095182869,43.566644129054396,0.0,0.0,0.0,0.0,0.0,0.0
METHOTREXATUM,13811.218873570784,14897.676124096175,15721.847745022184,13001.485662268686,13510.280216571586,13802.743280519599,14400.793552183706,14251.113190020691,14129.06512079597,14880.818485921893,15007.921798528327,15459.277469119168
METHYL SALICYLAT*,3784.339376327667,3341.5926299369366,3226.232417597904,2414.7230325002224,2671.893509195627,2313.615875325499,1553.5473530029426,1549.5485199184495,2267.3714382243993,3023.791757642711,2540.584797950907,2507.9236149710114
METHYLDOPUM,5893.602826690925,5723.692558062848,5642.479038909203,4915.837319335109,5030.926639424651,4407.816391245104,4083.7660884502857,4032.6213419632504,4471.99184052244,5264.521335118613,5265.751626544369,5634.092555433793
METHYLERGOMETRINUM,5.7662168559745375,11.462610851428881,1.1909516660196608,23.807649935919564,32.40543417006678,24.55928717561183,43.51239519827514,34.216107234633085,32.41590248194673,34.405364298024935,27.45615936911478,30.780021044213935
METHYLPHENIDATUM,24.292081723153068,23.297941375693416,22.382706785972427,21.528596802442372,20.76738650386507,32.75969595324995,29.804421201004605,46.30227908745505,25.597443084862153,28.529251971034565,17.091976768219233,19.502634294213696
METHYLPREDNISOLONI ACEPONAS,4585.562503861827,4692.925221964999,4901.1305300402,4378.486310093023,4324.1312677279475,4272.6707674285535,3970.9251007817006,3889.908901056884,3426.302274869694,3545.3401075126085,4085.909907219604,4549.834480577865
METHYLPREDNISOLONUM,45317.68249768914,44942.80978564968,48223.75160590418,41402.14985199387,31146.220038751693,24519.06057804403,26767.987799363967,28678.714366306023,33438.68760974573,61646.18819438359,73101.85665197994,57271.389807943095
METHYLURACILUM*,35196.215400566216,34601.09578768894,34850.41084781779,28733.22324635155,30259.727115609232,29754.90696144606,30004.387988546183,30280.01636065697,29889.09260877627,31040.173957702384,33985.98778727394,36306.20680136188
METHYLURACILUM*+MYRAMISTINUM*,20089.24001456645,19545.99824241573,19002.476247923834,15681.22047555899,17776.613680895793,19839.188868393907,22489.267641621078,19133.688083431487,18487.72626010848,20613.929024678757,21359.877859563654,23408.197950700247
METOCLOPRAMIDUM,41973.28871325116,38464.05180053685,38186.75873282721,31049.396341121294,30685.016090218363,31696.121951957793,35980.79550381115,39373.01000775561,38828.380873373,42808.99322832868,38598.360374755044,40481.19375435792
METOPROLOLUM,82992.98896880567,86316.10723781928,95679.51185680895,73448.77515577954,73054.04899873484,70498.47207687792,71635.7185431712,72704.43891998465,74047.21122521421,81679.40307317673,83266.76815532554,88696.48702482341
METOXYPOLYETHYLENGLYCOLUM-EPOETINUM BETA*,110.45005277141794,126.30850715547436,137.0526066449368,131.977622218724,153.52977065997112,172.139225395186,172.17732516557524,168.8319409641039,175.4929695851441,186.54392846419353,154.8396315496504,183.79993000023313
METRONIDAZOLUM,125784.80928752712,122121.89504761391,115117.10637549432,90867.28415760979,108952.24470311323,126762.34465932702,150977.64894410907,134147.73149174586,120953.41344966624,126388.35973581368,121515.66508454266,123842.53728333693
METRONIDAZOLUM+MICONAZOLUM,22679.980150799052,23178.269793812153,20561.554266488823,15519.721002896347,15738.34315028854,17458.686426468485,20959.628205678622,23220.910787312925,23019.833610886548,24129.373828011638,23989.66515997788,22290.747383817074
MEXILETINUM,261.48134111199295,257.40377458499245,289.6835918829808,252.1473162409603,275.0345662469326,270.71903677129933,270.1872837103814,271.19735178123585,256.31727675750824,284.6434872581149,317.09512617818893,288.06630783383696
MIANSERINUM,20549.668934725756,20626.87167120335,20644.53768544794,16761.868721906136,16602.1033761352,15864.203724580977,15996.093428400116,17336.257016517942,18103.826112074723,19123.296413582662,19742.997279851534,21098.06379792915
MICAFUNGINUM,0.0,0.0,0.0,0.0,0.0,0.0,0.0,0.0,0.0,0.0,0.0,0.049523530693130896
MICONAZOLUM,7677.786542619269,7414.874926701281,8313.235359335049,7332.70023081022,9790.258653358514,11818.739516765309,12242.820732858901,11568.393031101932,9113.512995064519,8591.556291602741,7925.92625420148,7895.089149648627
MICONAZOLUM+NEOMYCINUM+ORNIDAZOLUM+PREDNISOLONUM,21639.042305136772,20892.29463035425,17998.58755121175,13525.677748581274,14240.119367160416,14871.59412270725,17625.178587828246,15551.103220608564,14597.600787516338,14409.815501726081,16438.6307337774,18455.30678010198
MIDAZOLAMUM,2.209605476277671,2.196850471917145,2.180076921332309,2.1600885337680245,2.5455282766201806,2.1129105238054904,2.0866467744573223,4.815066227882372,2.030432243525997,2.8869555089444803,1.9708045741828517,2.4281142792771333
MIDECAMYCINUM,1569.7178918174236,1283.5478756576294,1277.7597117434098,353.25662962564854,88.43041294505474,0.0,112.06895816312101,239.79782281587734,728.7019635516968,1343.717525153968,1286.5966234493985,1274.4537510993594
MIFEPRISTONUM,374.63751520968754,0.0,0.0,0.0,0.0,0.0,0.0,0.0,0.0,0.0,0.0,0.0
MINOXIDILUM,8127.406524725908,7889.041827668576,7676.866381968695,7528.940525058396,7648.318977498192,7510.957223820585,7890.539874331443,8173.531008821341,8540.792503091332,8954.046339152406,8781.59089991501,8909.77524914407
MIRABEGRONUM,1211.7734573813625,1254.006692264882,1203.644412930798,1087.0277222226298,1101.687102415195,1040.1649393283474,1084.0503416179686,1090.0201962087656,1148.974412640503,1196.1833185449923,1185.6231760276837,1167.9577947729367
MIRTAZAPINUM,5949.261454408262,6058.149757050652,6175.434605833081,5214.4278915275445,4721.686326751635,4843.910881599425,5122.890732146176,5252.484819252097,5536.373895605353,5547.001763356475,5528.208264225894,5938.930471589947
MISOPROSTOL,3687.737914019089,3614.4346067955566,3419.159233370163,3050.4226069832785,3016.800978227203,2929.7937475757735,2875.6884354080607,2808.2478580273237,2761.2966684761645,2919.7465891886695,3067.8877981121036,3359.8380376042837
MITOXANTRONUM,6.6745151997848895,5.0145926573143225,4.026205054013055,8.877845402047232,4.412308111149757,11.120628709106967,8.386035618147922,5.583911576055874,8.201762773057423,7.5651941613338485,7.945889702630177,5.801596566342428
MOLSIDOMINUM,67916.05750121849,68884.78507607791,74028.60158375656,61061.956437690525,60075.23876862876,54870.64748117037,55335.344898994736,57415.44808104527,60044.142274476755,67692.891277013,68425.89172683304,70762.89853448013
MOMETASONUM,245322.67299810232,239721.96008662833,235359.83672227268,201940.34939561176,202315.20089910657,189292.460266726,183321.69312564508,235063.1175776039,250672.3837039946,249483.34316993062,239584.71090750306,260129.6552623846
MOMETASONUM+OLOPATADINUM,1089.1157589582683,1317.791287080691,1013.5465720404258,649.9456624700072,878.7013972754679,652.4780475816314,0.0,523.5905989155323,0.0,0.0,0.0,0.0
MONTELUKASTUM,35489.7137325307,35226.895272707494,38216.26970262611,31924.20004433815,31700.78711548494,28493.73597017955,28359.609851712383,38384.092954715816,41296.243434895725,40029.78621681681,38637.189240130836,38568.12085655922
MORPHINUM*,6720.142354924946,6116.716174876375,6863.030737589395,6733.327094511684,7360.399286801392,6447.302947385036,7449.038582603824,7835.5001975307305,7583.188996224132,8065.779141930728,8970.423965247881,8704.370530653476
MOSAPRIDUM,4454.011068288895,4572.0271599571315,4029.5779750533193,3545.2449688918705,3398.0765057243125,2976.9096769518665,3042.9117556955093,3498.8117604520244,3719.716506018837,3935.7694442338875,4081.418536567528,4448.671352196041
MOXIFLOXACINUM,16374.943705828615,11523.301733041144,16664.710099184595,13533.599936472801,0.0,0.0,0.0,0.0,6558.528801808159,43571.09256481228,38231.381119589,22879.645107783814
MOXONIDINUM,66378.75153652421,69245.16959383174,73194.2988524035,60870.98867198669,61538.378940378985,57543.48116781859,57027.876562496036,56783.162490963725,58775.68484646365,64567.50434358934,66767.51755401565,69221.86653508246
MUPIROCINUM,14773.995401390757,14827.914593862097,14374.384076946048,13154.690636111978,13722.764617555782,13199.50815016358,13897.123356377162,14469.742552516243,15197.030439084543,15273.482281560608,14794.988082149042,14382.81674294424
MURAMIDASE+PYRIDOXINUM,60900.28110245869,59528.11721435035,53434.98739399983,26551.416427855547,23782.982545076273,19142.748728989016,21212.263766255353,27999.08348620456,59003.07255230009,60895.83669531266,54665.26849985887,62279.98683363197
MYRAMISTINUM*,165456.20268379428,162250.66873998454,167490.30028557585,136752.78742268792,141725.64623301668,148077.6243819187,155442.84880167944,167812.57423812704,168502.13648792426,166551.80338840102,157380.12400942156,168405.35800687704
MYRAMISTINUM*+TRIAMCINOLONUM,24995.255859395747,23857.04035876511,25221.16353158652,21695.062443169572,22477.309945761936,25316.911521161757,26827.42595480753,25635.477075050076,22900.746744570035,22255.308053511926,22192.24027399137,24877.70362370084
MYRAMISTINUM*+XYLOMETAZOLINUM,27656.144490575338,28362.85110048249,27107.884326946703,19101.532846656548,18577.77560096291,15865.934942946486,14559.831555071827,16727.653983310578,27173.571064440064,30701.081067882147,28599.245009174287,32149.695300746476
MYRTUS COMMUNIS*,34548.45122063514,34630.064920232515,31309.422495136863,29247.647170286786,27546.709125633184,25187.22970513675,23772.59078396606,23988.179462255954,28272.713020114323,33002.426481627466,33245.71506606444,35556.87014884046
NABUMETONUM,7141.901227722755,7403.582624447792,6817.266792341855,5415.016377171136,5903.792295548592,5805.719680764589,6147.8814394514175,6385.239096914913,6619.149073399741,6907.570905101634,7029.342220977182,6731.413524191651
NADROPARINUM CALCICUM,0.0,0.0,0.0,0.0,0.0,0.0,0.0,0.0,0.0,0.0,3858.631296860179,0.0
NAFTIDROFURYLUM,497.313757111029,715.7689308303143,508.55584496550915,58.79775143343184,28.786451767536363,0.0,0.0,0.0,0.0,0.0,0.0,0.0
NAFTIFINUM,66969.09142918383,66190.44711217043,73362.73032963503,73445.86517468198,97049.96972179486,113876.08083056046,110396.79838864823,104176.31030619374,80273.08331130547,68574.95638647013,62489.17951767715,63177.62629371809
NALBUPHINE HYDROCHLORIDE,223225.57695068975,222174.09642723933,229148.52026980577,223376.58826008826,234891.00179070106,243490.13488462765,246314.4159637023,251863.12042866758,253262.45211022906,260226.55164755686,258478.2418478626,267473.4260779975
NALOXONUM,189.17797030359316,152.0183609731368,125.91751446459273,195.2808782135786,210.5720101685883,177.15695668841715,231.22895486010128,233.95739435326965,209.69898690362544,162.35110189973108,170.19923485243666,146.2105821704222
NALTREXONUM,0.0,0.019701396508550892,0.016294152398817038,0.0,0.0,0.0,0.0,0.0,0.023788574000501314,0.0,0.0,0.0
NANDROLONUM,0.0,0.0,0.0,0.0,0.0,0.0,0.0,0.0,0.0,0.0,0.0,0.0
NAPHAZOLINUM,816871.3150141297,760668.0769265529,757590.0152118129,593828.8849953414,563450.6275774853,515897.05999852135,527550.596690671,629324.5187997117,774906.0920422653,780737.3145916288,737046.2909864408,815025.1828576113
NAPROXENUM,88725.95541407341,88095.61659957487,89952.96881677292,71048.87305932828,78912.4669221694,81497.23248123922,90823.19259729196,100731.98395893103,95391.49151703916,95762.40083232257,88780.42035334618,92599.32483896197
NATAMYCINUM,22696.284240623107,17186.106330835162,13717.762385611075,12456.702412038094,11967.718815785985,12596.389921390575,14974.107188480531,15491.324184758774,13973.25216438765,18957.57333069703,18894.12864635081,17801.730481480114
NATRII ACETAS*+NATRII CHLORIDUM*,0.0,2.68832292129652,5.3665284835952285,0.0,1.8825532401794995,7.522393538923898,1.6284260446601762,5.629812315989959,2.6142815997945474,0.45201729357898035,6.3915661153472865,5.829765439502696
NATRII AMIDOTRIZOAS,705.130493572049,808.1005318043492,667.319618516891,477.25714401362643,602.1838205377165,711.7310178836908,833.4546318871718,746.8273792166583,790.2474332069496,718.4473325258845,795.1931081077346,808.931584699916
NATRII CHLORIDUM*,1251125.5047804466,1360045.5088169158,1244874.465459318,739717.7197864648,787829.1062614082,713947.058854589,741858.0467423598,808862.4424658015,1061909.4772577814,1318752.604904591,1347481.1880352648,1322764.1935530298
NATRII FLUORIDUM*,0.0,14.5789234596215,0.0,0.0,0.0,0.0,0.0,0.0,0.0,0.0,0.0,0.0
NATRII HYDROCARBONAS*,15832.32690922899,13617.962732246348,13509.913008609656,5667.384447649747,3824.356816831248,2666.879130125873,2829.574598711006,4020.926991528538,9628.096923732,15391.856087444205,15821.108636363388,16376.041893448171
NATRII HYDROCARBONAS*+THERMOPSIS LANCEOLATA*&,84082.2068415975,64485.007481241904,66968.63271037894,33136.747211110065,17136.454729116485,4097.509860943115,544.8546838259354,8132.8404595536995,44062.92379755741,81109.53398538187,70151.05765306295,68424.83450462934
NATRII HYDROCARBONAS+GLYCYRRHIZA GLABRA/URALENSIS*&+THERMOPSIS LANCEOLATA*&+CODEINUM,3883.2727148026306,3836.357543004715,3912.324209122926,3840.2983455740386,3981.6488582914717,3834.3824720219623,3753.3793665628978,3938.8524857521898,4464.484584660167,4814.321067343093,5045.757057045976,5229.909852364826
NATRII OXYBUTYRAS*,5.031163763891525,2.598856061779573,6.541967499423164,2.4562142488711807,31.338169247762742,9.938690846209138,19.076465724299407,7.143643226104768,18.181542826882207,9.498420106837303,9.40327953013453,9.577724668105457
NATRII PENTOSANI POLYSULFAS,1083.2017503611155,1122.8746615343866,1009.053530067335,995.0667644880255,1310.7130916189099,1476.853892917949,1476.7226735515121,1370.773837652694,1191.590908527972,1101.706304822526,977.8627614525005,1019.5004663508123
NATRII PICOSULFAS,294693.9190537096,269933.5652217248,267963.3988910633,223476.98296146045,238710.57975270465,237286.9083206263,226085.02470989004,219536.49135622734,211079.86300822362,224589.86066474687,243021.7123248919,274855.0799879344
NATRII TETRABORAS*,2859.878841986115,405.1016715706352,0.0,0.0,0.0,739.2188337639227,1467.7700057712295,2616.095467580495,344.88860470163513,2314.901333369053,227.29377400544104,0.0
NATRII THIOSULFAS*,6375.9904970520465,5902.113575416876,5618.841879620271,4394.371964494518,5358.088273905444,5561.97396294572,5179.68955568947,6135.552271396001,5408.635085472755,5619.438778245694,5646.010373975573,5769.729492071007
NEBIVOLOLUM,165760.55640416886,172327.8471139649,185070.6178605737,140976.22183663255,140721.62839625153,134323.2194227186,137426.50362266417,139687.87436139243,142862.31513114696,158046.33112572253,159730.80570015477,168948.09473847252
NEFOPAMUM,9684.38209013196,9844.060229642855,9327.770182207392,8602.787585214843,8829.352948576623,9011.757480221873,9240.239746493888,9519.791400467326,9775.621764601894,10342.70669686537,10175.862883631973,10135.464474001077
NEOMYCINUM+NYSTATINUM+ORNIDAZOLUM+PREDNISOLONUM,5945.108076526872,5990.5363747905785,5641.342235852226,5148.502947152221,5164.0159386429,5132.998754286125,5551.821829251385,6019.524311674273,6129.795520063265,6332.098909225139,6493.299643005319,5911.0810524801445
NEOMYCINUM+NYSTATINUM+POLYMYXINUM B,13958.98730766765,13256.980799487039,11850.981596221236,9395.881836887283,9725.901632698811,9935.513072626716,11928.117827847735,13392.739235303234,13319.732364546326,13845.794071219483,14441.625439836705,14559.781338009161
NEOMYCINUM+NYSTATINUM+PREDNISOLONUM+TERNIDAZOLUM,25942.948109621633,24068.51092800875,22572.360353765944,18520.251465419213,19384.449125789346,20756.398425132968,24150.443835655373,26518.192135120822,26145.547145740675,27005.971125284093,27007.72427996633,25956.75437475963
NEOSTIGMINI BROMIDUM,5734.939347696378,5737.796945614022,6026.758600108188,4635.87709986356,5403.062675827903,5272.269112759422,5627.6958384646805,5488.884395188935,5368.238016728381,5596.025290119982,5722.577084993307,5676.420097052011
NEPAFENAC,2831.0758180998855,3022.7581759488776,2881.9352256067873,2363.4416287118315,2409.392314574584,2442.568026643501,2782.829359677351,3056.905989483148,3203.833656706501,3400.661353863901,3316.759074968536,3312.844415230961
NEUROPEPTIDES*,10518.79197816568,10708.627684531048,11284.47416615571,8356.953667987807,9476.09038598586,8597.536876916669,8395.04598619369,9028.873190147675,10089.34086984323,11417.25453013205,11229.29137489547,10776.725967238583
NICERGOLINUM,29456.55503281508,30459.576878850654,29731.855315001158,23662.721423243584,24306.60126915956,23386.655305214386,24023.28149338027,25389.178603235014,26818.592850440848,28490.575607527542,30206.85837251893,30217.667543834075
NICETHAMIDUM,1446.842547055374,1432.326223183632,1343.0428660590085,978.7218823320809,1170.3463973233083,1592.2197112890603,1615.5684644344326,1542.2599689235,1176.8832744875244,1250.7796209115143,1239.022000023477,1412.3336052858162
NICOBOXILUM+NONIVAMIDUM,1800.5120511623763,0.0,0.0,0.0,0.0,0.0,0.0,0.0,324.4462698958084,1390.687613873917,394.26567944262456,0.0
NICORANDILUM,5234.51299292226,5360.8646324615365,5452.571514418048,5338.082990308349,5310.283741345677,5145.657512500631,5053.905299749686,4752.605499874019,5083.942030298576,5613.435224963312,5761.461351020191,5832.579822190784
NICOTINIC ACID,52282.239755001974,52031.0954240478,49799.06999718388,43229.27289359216,45360.2292486182,39994.57157053846,42060.625465974066,44563.38342022199,45468.17902151972,54679.42234045734,55692.81543350684,53207.13514584587
NICOTINUM*,12757.468574859568,11343.25998021727,9303.709845542611,8247.034878842062,8881.8976465208,10284.683801702966,10583.017466887877,10455.599940074984,10820.39065966385,10568.565176374115,10448.844730781508,10769.0699153466
NIFEDIPINUM,116553.16659580576,121302.4486983254,125545.39974155261,96797.59593734579,88387.26185519173,69730.84195068,65567.75018828204,67674.6497395751,81772.34034182102,99938.8221848292,103918.43622044721,113295.12761015305
NIFURATELUM,5681.42865316305,5898.105051503058,5059.036534554059,4137.082485373853,4308.260010408683,4599.139994815542,5055.708746720022,5412.990912622601,5401.603409723658,5895.498171783498,5969.819545810364,6061.480209410851
NIFURATELUM+NYSTATINUM,3026.904376171713,2978.5553451787537,2596.6859809567677,2133.5335501515606,2243.1238660797762,2475.3571793947294,2865.636490619074,2962.9478001709303,2976.763908384797,3044.0514555282707,3439.5909538154315,3470.4116130175416
NIFUROXAZIDUM,113108.19780394033,111242.84811728809,120567.53123926383,88924.16420814201,97674.00305454212,132739.2314029598,171214.95575299155,195431.68850431452,178686.30597667047,145874.95962585282,114216.25901649626,110879.38140030863
NIMESULIDUM,542773.3306720966,532819.5383741958,573456.1054491844,488933.74522248463,495614.624754434,478318.4144933028,492188.36559770716,517957.91899453977,545381.3074253151,574073.4938832447,541887.8467628974,543286.6675799291
NIMESULIDUM+TIZANIDINUM,4385.428187207962,4640.1852971459,5321.594223384664,4056.907802664088,4272.889104376042,4122.898984034018,3972.5333260488114,4250.86963794906,4251.730725757673,4432.413234292976,4095.3208794096327,4192.656233791372
NIMODIPINUM,1832.4900392973177,1873.309110124475,1785.495333832603,1461.6068798455067,1500.4582837022324,1410.905973834014,1469.405492985841,1567.7164753537045,1696.1074282943969,1853.8803576933528,1890.5572682589195,2010.476563757774
NIMORAZOLUM,0.07746183267063456,0.0,0.6674744771194776,0.0,0.0,1.1929208749940654,0.0,0.0,0.0,0.0,0.0,0.0
NINTEDANIB,8.309997664472984,6.4786902226193686,0.8866815017010752,0.0,0.0,2.5637795771070797,2.58930191554965,0.38435701886830653,0.0,0.0,2.406251679184837,8.359265760034862
NITRENDIPINUM,1473.8816244406444,1527.4951527292021,1503.3521398501841,1144.4194940371058,1186.7035418767798,1086.2757446386547,1089.1892713382908,1094.5718571881362,1125.0124903581482,1267.2295613842941,1361.792182695347,1442.0344442343257
NITROFURALUM,125310.08940974325,125607.66694017223,139856.55005253985,83411.6892304584,77979.41966081773,75272.9146931296,76519.47380700357,78513.41218612717,111565.89837745053,120455.96761853369,117168.48729942463,127533.74173216186
NITROFURANTOINUM,52095.27759459722,30266.135381763757,28895.336643950446,32034.335486153264,34589.69639236897,33932.975349794986,37785.639148189264,34282.00041935815,30721.93726874672,42452.38178071103,43022.54322273594,53819.12740880933
NITROGLICERINUM*,60880.70141921258,63416.19107336542,63755.70345481495,48068.774818101825,51252.839366858556,44272.09606399125,43507.14927982463,45576.66651061861,47924.34935338104,57396.48668571825,58556.99760971527,62301.676207040146
NITROXOLINUM,68760.5138341357,64538.48371547382,62861.43922110004,57135.536826156706,61021.92211075776,58062.12233899433,62703.04452213927,66773.21986921094,71403.38014742399,80185.72437055016,84139.16134960677,74583.10093340778
NONACOGUM ALFA,0.07557790362822342,0.0,0.07144518361081219,0.0,0.09281609164657094,0.14937408225094329,0.18786932163635844,0.12631436004660768,0.0,0.0,0.0,0.0
NORELGESTROMINUM+ETHINYLESTRADIOLUM,69.77303940129237,110.98614776271205,67.13383217343714,0.0,38.685291345331464,92.59234020430098,183.74437701306553,177.09400418166672,142.72770363813686,143.2622609249024,13.913104475904149,6.296577038294828
NOREPINEPHRINUM,275.6932714460411,267.726589442369,292.16965089694736,208.103307118126,204.05583915258484,124.75547183766808,135.92918504325053,181.04976266523244,221.57903182033402,261.13125420193126,298.98063916472495,294.4849541924759
NORETHISTERONUM,10271.140697673332,10130.62349330504,10667.018111916543,8913.85058891189,8971.428152614302,8948.217385682376,9618.755554242973,10100.958471197593,10272.62038686743,10275.691501509438,10303.21277532919,10763.421776491128
NORFLOXACINUM,36153.06715412834,34029.62800469482,35013.27244414449,26246.04159303317,25579.638515888917,26853.001324013378,32163.652323143124,31322.587203727882,30711.92827169491,34442.38971767509,34317.564922767764,35708.4777990173
NYSTATINUM,34298.41454374584,32319.747381929712,32132.403840806895,24466.501596238733,25294.235188914306,26782.05065138484,29116.755609691376,29975.74736466669,29722.552556977036,33625.7868991554,33401.716161228185,33623.634159216504
OBINUTUZUMABUM,2.522481478732288,1.0350921397166395,0.0,0.0,4.8604643978047175,0.0,0.0,0.7654187905559844,1.1756827782836823,0.0,0.0,0.35437833017477344
OCRELIZUMABUM,2.6433292534336,0.0,5.708358092148519,4.976788320598152,0.0,0.0,4.844875973155889,0.0,0.0,7.135317461434945,0.0,6.799725338267433
OCTENIDINI DIHYDROCHLORIDUM+PHENOXYETHANOL,2032.5869801796985,2170.169707983433,2026.7587133995237,1922.5767409054997,2374.3915860833845,2804.6702853987968,3099.2356680242287,3293.761997297679,3242.249883889542,3112.2262163361365,2471.9505054665165,2222.2447599439233
OCTOCOGUM ALFA,0.02836230314237001,0.0,0.0,0.0,0.0,0.0,0.1702727403625264,0.0,0.0,0.16495580871540733,0.0,0.2346496466374463
OCTREOTIDUM,4019.452048339463,3732.6516459360805,3569.450049714959,3230.4330984396443,3235.5962631209773,3463.5391205676274,3623.7053322265306,3827.0798272552374,3631.6949489797867,3692.56137206101,3669.9636362275724,3948.9201732624056
OFLOXACINUM,43606.76862558405,38392.70748363014,36981.69491116179,23605.184794281828,29935.747841872617,34122.108621039995,38463.82278546864,34129.5472581063,33304.88637731121,39173.582013769854,36259.60566403152,39026.373725335616
OFLOXACINUM+ORNIDAZOLUM,18256.22161598636,18974.019812766597,16498.07185649254,11733.555777775047,12383.998001102798,13557.30766606675,15782.515684339665,16090.22798525975,16578.14091229756,17858.41514022956,18901.028808876923,19229.91883009655
OLANZAPINUM,9389.930995475825,9611.261719871376,10273.73502302353,8975.201175994458,8881.53573629322,8786.82798355343,9029.45933342701,9445.043730783294,9630.13402324815,10050.844316066143,9983.570309219616,10587.943617691795
OLAPARIBUM,12.237449444125728,9.647772470697308,5.238174098400812,6.867838607009848,6.123313420343312,2.1694364774563177,2.226478129592957,4.049454657748505,4.357579086719178,4.209821836341952,1.9245592424864046,9.067292373848204
OLEUM JECORIS*,7207.935137073245,7472.906661680397,6203.891628851532,3849.4757500738515,3105.894394537121,1807.777457593148,1595.104855523382,1964.982921352983,3148.6847215020744,5042.237909106762,6484.788206675927,6443.430992216667
OLEUM VASELINI (PARAFFINUM LIQUIDUM)*,31874.88696880476,30574.09039250658,33907.25369129021,27429.954090139294,26788.037369040725,25455.283751984047,25471.52021816088,25978.81795092452,26449.019896957594,28627.50961360624,30053.32874674732,32595.118613082355
OLMESARTANUM MEDOXOMILUM,4781.074887637772,4644.000644141314,4670.727101358596,4198.419719146869,4422.988865391937,4301.489234402438,4445.1065816252885,4366.351111418018,4541.31458726665,4888.500019960004,5060.956618129134,4971.260548678889
OLODATEROL+TIOTROPIUM BROMIDE,594.1863955969487,715.2125560261502,707.2276978176916,423.18162469910476,560.3345796524155,530.745557063244,439.6017524400868,501.75452218974124,545.6993514376446,797.2374282841475,756.41650320953,797.0747765980158
OLOPATADINUM,4258.3707517566345,4255.9889075146,4999.883742540538,5517.670720980846,6652.835814152652,7883.791399109662,7384.206977494828,14633.569350622523,9020.797159544238,4934.9829171011725,4272.707833566282,4171.524877157931
OMALIZUMABUM,13.011312141508986,13.535658993362139,13.860117469565417,13.975465245248797,14.174724460516252,14.328312827450977,15.21096451571951,20.858466861055096,20.124249732044316,18.173857023556447,21.027323851486912,19.653478308552035
OMEPRAZOLUM,599404.9080232156,561360.6941540531,579565.0501220742,489189.9115598419,486213.54857340705,452384.0628476102,467326.7321303235,491493.20581984514,517144.78623481333,572094.1684301388,574057.0512497502,630797.4017687901
ONDANSETRON,41431.743466396394,40454.644121205325,38968.07713624447,35411.96003946779,35939.09565323844,36225.518635446955,38391.84511240577,40042.90438516481,42222.90269456404,42725.72143327543,39960.608115436546,41041.27595235741
ONONIS ARVENSIS*&,61.57426565556629,60.819271715869185,31.799818492424947,39.31119784198296,22.5332432499428,27.21582150462409,35.16042603668255,30.533851590642733,38.13793396212429,34.615341787622974,54.08740997633534,54.44800645561864
OPIPRAMOLUM,10257.127563513965,10749.929842082329,11213.494221393015,11663.48859640891,12535.46776734475,13454.701094404541,14052.265969782085,14756.689116061492,15254.265719697672,15690.310407822784,16167.950076212383,16409.88857585324
ORIGANUM VULGARE*&,4148.0441296180925,4184.8982274651025,4108.20247095527,2659.5336309599616,2364.8747241762744,1767.531763961883,1816.8559610029292,2198.9010838483264,2622.1757473372018,3475.856443340862,3694.189165356349,3745.571508181297
ORLISTATUM,173.15074936248755,189.51882909140696,249.68917945414796,176.93494632394612,241.30264639939023,240.67589303935088,185.54717693092488,0.0,0.0,0.0,0.0,0.0
ORNIDAZOLUM,22427.898890665594,23895.675994467983,19006.33213547044,10839.801906232955,13137.543380803512,14151.902218420502,19798.145346474645,20301.205506878494,22215.33489316212,24317.14046014957,24935.773371700074,24276.668558901016
ORNITHINUM,4638.7821835480645,4583.115309661112,4220.506864010848,3826.850360949929,3837.682211960489,3630.8023462282313,3916.4147071017182,4030.2708492598026,4216.544416445563,4575.338723653469,4613.320022879086,4852.541315718873
ORTHOSIPHON STAMINEUS*&,6537.535865590139,6313.952357782611,5302.027114026169,3332.2100815105973,3592.6708179877196,3098.720969658998,2729.088653485599,2782.208363036463,2752.0484931667334,3907.90495976053,4786.557695525151,5016.0570466264235
OSELTAMIVIRUM,36745.46030745907,39886.2394503789,24090.069781997332,7272.595464574661,0.0,0.0,0.0,0.0,11543.80799941221,36718.19774220204,28497.735753716475,24172.04038021059
OSIMERTINIBUM,5.594954716557732,4.061331522633997,2.2300180744691698,3.9005524229114674,7.112965008639464,3.245680184196022,2.873437431615427,4.875228336525112,1.8382461674270179,1.4638455391227028,1.2715101434534097,3.4548269338921345
OTILONII BROMIDUM,7831.719882238462,7777.426966936252,7470.682871315767,6405.302631440663,6369.307076161864,6061.606068560108,6805.071899099987,7110.306400153174,7236.343437617008,7634.932504209358,7849.239194104521,8320.086382641937
OXALIPLATINUM,0.0,0.0,0.0,0.0,0.0,0.0,0.0,0.0,0.0,124.6417440707999,203.17470098529094,71.39469146825928
OXCARBAZEPINE,4759.937904095571,5092.321240460889,6115.305394910186,4653.6950038266705,4504.877776316899,4489.147079666126,4504.918007702552,4753.225035488735,4836.729343074726,5206.545874500563,5080.190184998275,5361.60311875349
OXELADINUM,102.77073168150298,0.0,0.0,0.0,0.0,0.0,0.0,0.0,0.0,234.37484666534846,0.0,0.0
OXOLINUM*,55447.33494576738,37028.32460433662,62002.66413297028,0.0,0.0,0.0,0.0,0.0,25499.23761559436,42888.309954424374,36845.997627266675,33356.38196731878
OXYBUPROCAINUM,2717.4230217640024,2746.2977835894217,2806.43869074356,2503.3845141606753,2607.8954705881706,2680.3405334239715,2620.0676813864156,2714.928497450175,2501.2366479949865,2432.773866124639,2513.921138322165,2406.87885377399
OXYBUTYNINUM,32100.081481953086,31172.10739386082,31393.40880207554,27695.72300733583,27718.254250232596,25176.191523238533,24811.592420331806,26385.991416694946,28752.202492473985,31867.495631785743,31986.33842192366,32212.607732722536
OXYCODONUM,6.04312040578701,5.896816105041749,7.00343390367866,5.5607893818213086,5.221135003568548,9.207072740199461,9.171484168737312,11.89547455080071,12.81832809568455,8.385472170824745,14.758448670170019,6.422891108879359
OXYMETAZOLINUM,1160058.1197808906,1115197.526096398,1119007.95813091,808688.304740626,734896.2786105047,631662.512688514,630499.9573330275,771861.3040307442,1210189.1095710238,1212755.5349853537,1088553.1698989237,1217167.9828118861
OXYTOCINUM,5402.274159145344,5643.327087565067,6063.958834151191,4390.348157995394,4248.913180234774,3543.71251594957,4102.1824494660095,4449.608150894014,4295.3369318380055,4474.45553832218,4040.9854790695313,4084.0083873669023
PACLITAXELUM,103.52775285080634,226.3722751128544,0.0,0.0,0.0,0.0,0.0,0.0,0.0,251.39794456355762,411.39116996680116,304.1697437875897
PAEONIA OFFICINALIS*&,34675.679401158704,38328.58103031699,45801.461243451915,24601.77232376812,24049.33049782937,20637.646746886643,19331.785455940746,22120.58773299231,23188.647664441836,27751.55291940975,30474.858033192344,32048.175434026707
PALBOCICLIBUM,54.4599170087568,55.380075425414084,51.134974539956985,38.15566621280827,52.471391932306325,35.571144889121776,35.6733196357911,34.563431814343616,53.98989393840263,75.76583601886682,73.61496206445517,82.45343528214288
PALIPERIDONUM,0.0,0.0,0.0,4.224661098975632,0.0,2.696612142557102,0.0,0.20853126335282876,0.0,0.5142699535656783,2.6391201263742783,0.33645316820548543
PALONOSETRONUM,1128.4626234497368,1229.6862800491674,1325.5325463026495,1416.2702917274812,1502.5109423650947,1593.3051529548507,1701.5034454991421,1819.5608159002422,1896.523310265311,2018.9545723961494,2118.5683639044696,2230.185058321397
PANAX SHIN-SENG NEES/QUINQUEAFOLIUM/REPENS*&,7844.969923539804,8644.174795537769,10231.436657904129,7181.49571256521,6923.830521062067,7270.126332627541,7893.264946647913,8401.721002632199,8018.713812187624,8280.842024599951,8338.994559297807,8108.609351824081
PANCREATINUM*,1253994.614362692,977401.8805728161,936636.3344901234,830387.3213731777,786748.807028829,688988.8821025582,779328.8411107498,856762.285266511,862883.2583403281,924258.3797485899,921677.1194244073,1160382.6773142696
PANITUMUMABUM,5.410790847759891,5.284534884681618,5.0941137207763765,5.023560396209559,5.653301343113483,5.366077707193999,8.486882405015791,5.340909769830598,7.4875152682398225,5.916183273524579,6.586501284309762,4.1141392994952835
PANTOPRAZOLUM,399464.0433429226,396971.7354793987,381595.06288188323,322907.6208971746,315334.1938027113,300650.80502044444,314049.77728793456,324329.58159523044,342183.9511343708,384727.28685898683,399884.6247319833,415729.5415236841
PAPAVERINUM*,36979.13465966122,36900.02425727567,37539.76137076595,24987.718896956896,22604.067153308373,18143.557993788283,18677.325701570924,20705.984903195764,24099.287299894357,29746.282252651956,30727.273250256756,34043.511083739315
PARACETAMOLUM,1173403.5094233719,1224775.5097099065,1666853.6743471369,848911.4068649239,538913.1508871551,475593.06651294255,532495.9842215747,721888.0475964826,1146072.4287044108,1460853.5927987562,1227177.9860822342,1184977.9295170193
PARACETAMOLUM+PHENIRAMINUM+PHENYLEPHRINUM,47715.07834359113,58467.45199567356,57642.61754212418,27247.16180406932,14812.986238410114,7701.2160106674055,7990.855653257902,16140.750792114955,58174.83432798526,73854.23458146617,67885.6842090356,56563.574135875744
PARACETAMOLUM+PHENYLEPHRINUM,41365.27495235807,30546.46383212231,33644.3598725272,13395.093641444604,7028.96759317203,2989.7520911474676,3519.6938261213145,9889.641750693889,33484.58182694545,37545.55842454019,33181.35703920949,38281.81006753843
PARECOXIBUM,343.403339953425,325.30191385691086,294.93019759764906,206.19704920818896,230.6463551145705,234.88442445762496,254.32110455001805,268.9022732418819,270.86143281332244,275.05018508842437,265.86341152645525,278.9470172948294
PARICALCITOL,0.04654191878541785,0.04438082607434744,0.04238937896856419,0.040533648347010676,0.24878649091284094,0.03712619202857821,0.03553537998424111,0.034000157411844506,0.0325094064170003,0.031054232684198012,0.029627520761029258,0.028223578285567326
PAROXETINUM,21683.190793741334,22011.11648286174,23192.41793346344,19061.74159325015,19065.669020384885,18718.243461398037,19179.42951351392,19848.96845451199,20388.9953066158,21538.543287604218,21390.93097170032,22439.38321828255
PASSIFLORA INCARNATA*,15979.463792173192,16955.202455178027,17148.501968688317,11288.938962602966,11095.727940841103,10786.146906538032,10944.447062201993,12277.57656983958,12691.382759056069,13772.727493535678,14082.526664225785,14872.062983884283
PAZOPANIBUM,34.32707505681289,16.789594042280385,54.847583056717184,12.460748094329407,18.14725395048199,5.085632461466841,1.2131090963175415,0.0,10.217962163478346,6.500494336115088,4.072893900287309,25.188387377687878
PEFLOXACINUM,61.97228659163571,45.32806202697194,40.96424985753218,25.96232946355524,19.21370625626798,3.8217153763359164,0.0,5.310640713884716,1.5979066120443157,6.056510382286746,2.6874851310078967,6.705812309283832
PEGINTERFERONUM ALFA-2A,0.0,1.9650462688725092,0.0,0.0,0.0,0.0,0.0,0.0,0.0,0.0,0.0,0.0
PEGVISOMANTUM,0.19052622039365516,0.19870171257499236,0.20062312589608183,0.19630316429993594,0.20375389653241643,0.448986787902092,0.200012730452103,0.20084207162343254,0.20148464148501466,0.20194977860233682,0.346246354612612,0.2083827975711925
PELARGONIUM SIDOIDES*&,36917.11988854197,36561.43990468858,33536.746177622525,11255.13025598634,6093.203778694071,145.56005687692596,0.0,4723.255825506923,36482.06527437722,41181.972293490144,36965.206168797136,38816.771529059406
PEMBROLIZUMABUM,690.1719346686056,673.1195358778742,671.3131520495126,748.1967801910466,717.6232179084973,634.3839032866812,620.5535867934517,658.6384688030915,633.6183096150269,743.1669174687984,770.511338956039,804.7460113500549
PEMETREXEDUM,0.0,0.0,0.0,0.0,0.0,0.0,0.0,1.892216614161434,0.0,0.0,0.0,9.532543622245608
PENCICLOVIRUM,13090.800292095266,10851.24967596111,11697.322227899582,8832.904914296145,8524.586908259187,7026.854748275409,8405.895265134182,9247.693923466986,10321.52509497902,9330.523477034443,10564.928427524568,11511.235432762462
PENICILLAMINUM,129.12123161740226,146.43836003316795,175.14755217950653,148.97799531030344,148.93383922866695,153.6952037770838,136.70138482954334,139.578219085237,155.263575903518,183.71895077186883,182.27314008027548,183.09998094072688
PENTANEDIOIC ACID IMIDAZOLYL ETHANAMIDE,51.54461526040415,0.0,28.929863191570654,0.0,0.0,0.0,0.0,0.0,0.0,0.0,0.0,0.0
PENTOXIFYLLINUM,64081.18556581161,67230.63886549984,62525.19728513372,48938.04300072415,58070.36815307979,58787.487254847576,61515.80391614513,60350.61142506647,58880.58561208684,63900.35874158645,66544.68902506943,65913.3598317391
PERINDOPRILUM,51679.881929472554,53615.20923185929,59939.15528943969,44570.60315117504,44105.95845623434,41847.213315952795,42440.22861939857,43621.39347782623,44783.79078023936,49057.76603784089,50030.91685959313,51812.826532665946
PERMETHRINUM,10513.808352329124,10073.016744211076,9192.565092948644,8561.014607170706,8883.824653780366,8426.181926300102,9509.5681795479,10872.470817378147,10087.048162874355,10744.078874503328,11069.424679038515,10879.175357898675
PERTUZUMABUM,0.0,0.0,0.0,0.0,0.0,0.0,0.0,0.0,0.0,0.0,0.0,0.05395186797285234
PHENAZEPAMUM*,1833.5497108558222,1928.142919406158,2033.4380711311155,1136.0691773957726,1482.945447292188,1300.9186480940114,1543.0197936201598,1390.0280949257678,1853.2013208549458,2024.556886482978,2046.4831238700936,2465.2782986644766
PHENIBUTUM*,255691.72559361046,261056.05335983573,252753.3513996011,197654.12525819862,192618.6985718618,182444.4454495776,191991.33357853547,207148.4091084869,219067.79375923338,231562.43610661573,238326.0670113068,254834.9879618449
PHENINDIONUM,1320.7529479588043,1413.0868460233792,1564.6948734497548,1053.5174043655695,994.2451380729372,1017.6702340135464,1197.3144197407491,1445.8662772972264,1156.1038723171228,1368.7148573077561,1443.9901542749767,1401.76130082347
PHENOBARBITALUM,486.3488190902817,487.3402964864266,518.7325908790303,462.5159388688011,474.69332973630515,465.54115490599605,508.98212751743665,504.2484180822767,543.7109630098366,561.7969114275721,616.7551826374482,655.2441120810367
PHENOLUM PURUM*,77060.65251907996,72936.5252379902,70875.9932868611,41743.07159970051,37737.417323714755,35097.250576668856,36128.08425277485,45217.71706740234,85996.77919284705,87498.41316694551,73720.480219967,82355.6937361269
PHENYLACETYLPROLILGLYCINI AETHYLICUM AETHER*,0.19115913175570443,0.0,0.0,0.0,0.0,0.0,0.0,0.0,0.19880841771798555,0.16711340581357673,0.0,0.0
PHENYLBUTAZONUM,582.8690933478833,575.4892622133083,508.6254380947564,469.69561958902295,552.0250055735444,597.9317551502695,593.7967956007577,604.3156687502565,588.8004080589634,545.2054402950371,576.5415068730041,642.0696009244859
PHENYLEPHRINUM,61831.538805655335,57910.94800547287,58614.20423056722,45921.10727588306,46736.68337737607,42612.298723810825,45684.32946619898,57582.26012534983,65536.04911791088,59928.654777200056,59316.00376987172,62200.56222924942
PHENYLEPHRINUM+TROPICAMIDUM,1249.4964808009324,1157.9735534190818,1066.4233190442785,990.9698430261705,1057.5403874469225,1082.1494512845925,1161.0468085683335,1290.9795446258427,1286.202090518431,1178.4262557543454,1201.6952593664187,1197.4477594358436
PHENYTOINUM,1145.3390914515765,1322.727749740122,1470.5863846788225,1154.210600937646,1075.0852822525674,1089.897535612368,1178.7482466080723,1299.648123712499,1263.0401337039036,1401.40825000489,1406.620451353543,1364.5039207403288
PHLOROGLUCINOLUM,709.5355878802573,619.6389515128405,611.0268547000962,541.4971895310903,550.2214696770745,567.8025060750513,706.0441474746219,681.9330728754674,710.3546254773332,755.6866798400151,729.9995356113498,752.3338325096067
PHLOROGLUCINOLUM+SIMETICONUM,0.0,0.0,0.0,0.0,0.0,0.0,0.0,0.0,0.0,0.0,0.0,0.0
PHOSPHOLIPIDES*,64451.21642504743,67396.3523608023,68181.7908112678,34429.54087350184,38271.71302515069,29871.888048331406,32745.64216873762,36408.4363669242,45000.6914273351,52305.43917752546,57254.42067953937,61299.7679830121
PHTHALYLSULFATHIAZOLUM,48782.37191694347,52337.348791546494,54392.057900731554,41245.27839758225,45561.06920456546,54470.04105965464,67933.28855322863,72334.45695759049,65614.8060905826,58969.94460647892,50997.0870286986,50660.09057597701
PHYTOMENADIONUM,1193.7325571491556,1122.0480178018126,1064.8679840455275,977.9319547620887,1040.010729056927,931.9349462143869,1047.7331176619443,1177.1992525415792,1207.134158166877,1275.7184803887044,1263.5015358877556,1248.6999780085857
PIDOTIMODUM,3.4930438601750216,1.4057921274429623,0.0,0.0,0.9648645862169468,0.0,0.0,0.0,0.0,0.10255296195207841,0.0,0.018082456919778
PILOCARPINUM*,4128.325168239025,4355.38678158663,4864.2318627065015,3246.654518044191,3405.8568327561284,3477.69127496747,3866.1006191783304,4421.842684988811,4082.5593280789835,4281.80123299291,4301.494147365842,4553.570269305975
PILOCARPINUM*+TIMOLOLUM,2828.8966903492774,2804.1172732057676,3279.560335934417,2513.0685825607934,2530.45257630535,2761.4835677444526,2802.7517573391906,2961.837705458437,2929.766660397292,3051.219620791832,3005.86298555092,3144.604673801647
PIMECROLIMUSUM,9719.29026151889,9337.693930822046,8724.790014361264,7910.448829289332,7683.792229328479,7422.670897456491,7209.636180055594,7126.65355423157,7187.545001669045,7606.703707715718,8601.35462064975,9836.270499093667
PINAVERII BROMIDUM,31.044984769593412,35.57108906852834,34.79937817591746,33.79901513006994,34.10653036163309,35.5555482151248,37.33016816615934,38.74406979522814,35.97339676672438,38.32546401216253,37.30532347675424,38.12421671666878
PINUS SILVESTRIS*&,12056.275875696325,10824.533703024463,9959.816625125934,7164.734823046067,6466.620841621125,4030.57631672013,4205.440957038288,5285.316529531767,8798.026847765508,11525.246962591456,11303.15891469117,11788.631536609895
PIOGLITAZONUM,3843.27546401776,3944.717407074577,4070.803204420835,3565.115285198649,3551.6087927217045,3649.750241640955,3557.0944436771624,3685.1940482069326,3703.2219747315557,3926.104958852059,3911.5343890492677,4150.946576107841
PIPECURONII BROMIDUM,0.0,0.0,1.65605092461602,0.0,0.3136132148225598,0.0,0.0,0.0,0.0,1.7652920877574005,0.13388830612683006,0.13453404992490198
PIPERACILLINUM+TASOBACTAMUM,0.0,0.0,0.0,0.0,0.0,0.0,0.0,0.0,0.0,0.0,529.9594680783168,329.5541720498025
PIPERAZINUM*,0.0,0.0,0.0,0.0,426.5508455639799,63.73000174829932,136.12390134596473,154.20450718630832,0.0,0.0,0.0,0.0
PIRACETAMUM,63990.635777376454,63375.5245917124,65049.57868708224,49456.93420727919,52154.55246733784,49527.42531928583,53614.29904474533,56315.460669013984,58818.42101233002,61724.878730883924,60374.05514962811,63442.61892852458
PIRENZEPINUM,7.275701140977144,21.957990931411494,27.071570691896163,0.0,0.0,0.0,0.0,0.0,0.0,0.0,0.0,0.0
PIRIBEDILUM,1193.0845000099139,1205.936097126393,1272.947535697598,990.6320474325837,1038.3158176985937,1028.3689947894236,1089.4388973401092,1149.677380258679,1166.9683274715571,1243.955246119881,1217.0729419165618,1343.435259431928
PIROXICAMUM,15280.403769922937,15429.892879583193,16175.552118075495,13455.631859633437,14400.144403643892,13930.466789616356,14884.489049158428,14715.587207556187,14362.634485038498,15237.623857788447,14578.126506752506,14252.795776687854
PITAVASTATINUM,1030.2818673847798,1024.665677338385,1087.1570877352788,939.0553784868032,962.730373522032,938.7283319842246,1024.6926611879883,1006.5136869850085,1011.9036700566343,1114.9332189479442,1099.4692204950015,1142.774384166657
PIX BETULA+XEROFORMIUM*,52544.86366889276,48538.93318591153,49265.725453652674,44821.74552197174,49813.10943075313,54914.6012119044,64291.92329095157,68400.88240831543,62293.39035633269,58521.2377688726,54597.70595303071,53033.78035448333
PLANTAGO (SEMENI PSYLLIUM),39190.50071038937,33753.84763973443,31780.624548367465,19763.244640430883,15830.321679238603,11587.040675441769,10386.388437561287,13990.680812413893,28231.90607745296,37969.97445464122,34053.78612154879,35373.52042023185
PLANTAGO (SEMENI PSYLLIUM)+SAMBUCUS NIGRA*&+TILIA CORDATA/PLATYPHYLLUS SCOP.*&+VIOLA TRICOLOR/ARVENSIS MURR.*&,4.013800579334292,0.0,0.0,0.0,0.0,0.0,0.0,0.0,0.0,0.0,0.0,0.0
PLANTAGO MAJOR/PSYLLUM/LANCEOLATA*&+THYMUS SERPYLLUM*&,6205.636520962528,5156.581993454693,5522.723038022471,1876.1893402507396,839.0442486074057,0.0,0.0,263.5355785676293,5006.770705557108,7247.6158737227415,6111.667074829297,6204.36350228859
PLATYPHYLLINI HYDROTARTRAS*,11860.48383406406,11058.669267662824,11052.230967175437,8018.374119306193,7406.839551424186,6948.149049530055,7583.328710324405,8058.088325672817,8143.928797847582,8772.173584007389,9027.950168452975,10662.19956127006
POLATUZUMABUM VEDOTINUM,0.0012188338111691621,0.0010601456860643709,0.0,0.0,0.0,0.0,0.0,0.0,0.0,0.0,0.0,0.00017019858899156677
POLIDOCANOLUM,379.9983918374786,485.2201235715412,372.3649553605695,335.4074671935705,331.4741230617494,339.60569415807106,327.46519743690646,321.99144646175307,330.8402920834087,410.88761498251154,444.8341197035719,444.4499698821985
POLYGONUM AVICULARE*&,4507.674869192177,4602.199490791193,4302.565521385217,3011.7594791752454,2725.3373787220767,2283.9968316743525,2128.075527350983,2116.152817207096,2222.423782406797,2768.175687881367,3376.173145575832,3772.620645046214
POLYGONUM HYDROPIPER*&,14986.563233305935,14543.508946451337,15143.996518634778,12243.904378048663,12567.484467246906,13066.789540272624,14299.295000360333,14615.78557009763,13041.31742755459,13242.940715187297,13565.195546960585,14753.552814046345
POLYMYXINUM B,124.80391813560949,77.45036485310717,61.07634256608837,40.867145075456385,16.66140742193383,49.91243763809885,32.830482150013914,32.35973809852903,145.89396319632414,125.74856361354331,187.08106428630168,222.17788516349145
PORACTANT ALFA*,0.07726074977492348,0.02394545823813915,0.2529552978067111,0.034225242259568155,0.033703270619853225,0.009347766106080721,0.007125435293062164,0.0,0.020979082756713886,0.023016707007567028,0.017108879206248984,0.043244689763194
POSACONAZOLUM,0.0,0.0,0.0,0.004284508680156318,0.0,0.0,0.0,0.0,0.0,0.0,0.0,0.024935621686268884
POTENTILLA ALBA/ERECTA*,4169.99068818705,3719.9920868305167,3564.1196642615428,3229.438984722618,2710.5260996077345,2702.83785003208,3134.7689088878124,3537.0814144886526,3705.7594774855793,3977.359186399375,4202.007012046666,5614.127731080753
POVIDONUM,98023.18747691928,100144.10767328374,102971.17050684102,84568.98905015254,92113.94656126741,106479.467646625,116595.64199137673,118339.52574364384,112311.20382192319,106897.98056101236,100390.23222874939,101615.6670394047
PRAMIPEXOLUM,15128.97843935715,14900.5540957297,16664.53223394249,14183.898357627477,14217.958869690221,13816.86889245517,14373.25212378188,15365.197121958005,15497.127133613661,16403.52715605294,16529.09238711912,17261.204585086805
PRAMIRACETAMUM,3916.963966089976,4120.797293089721,3926.390566081569,3239.894595867101,3370.6912310875805,3358.112350656018,3454.2702577028203,3815.972394732316,3734.177515747966,4074.0166239525397,4288.008121908251,4219.512731664875
PRASUGREL,880.2154130422587,878.2654202269425,815.3295700147005,735.864633884918,755.3684290211031,757.3028091700625,807.248857329241,830.3598398965948,785.5655699904892,635.7178981056156,748.3251046377279,748.3070139034289
PREDNICARBATUM,1640.9404792388161,1651.1724711282118,1671.4306859789895,1481.1714791988727,1460.4719351140398,1415.3625211854348,1346.8080113818116,1360.332624878174,1397.8333370145244,1337.563328062866,1463.1355422408,1534.4943349224081
PREDNISOLONUM,39572.84691975879,38312.381640383726,41186.657466675286,33377.36137750015,34232.05975595163,34725.59810850444,36899.664040338284,38801.96003559697,37168.47008159554,40069.623368186,38643.86924724996,40450.08840029275
PREDNISOLONUM+UREA PURA*,608.9135170527938,410.25818666917377,619.8928632048451,28.769546313844558,0.0,0.0,0.0,0.0,0.0,0.0,0.0,0.0
PREDNISONUM,11873.59230297325,9938.091403454924,11269.4971010117,8556.001276228559,8786.89983357348,8002.568696620854,6434.332604230191,8065.650147489096,11337.891799267656,13791.55313786194,13400.529025908807,15657.206153517733
PREGABALINUM,265235.28195579414,264887.1014324043,277354.670355773,264494.6482535624,270620.57407705125,274529.75982995477,283693.8907158022,290896.93987794634,292517.82380257227,300331.3844515559,301804.0941886795,310408.983559536
PRENOXDIAZINUM,5073.698080369288,0.0,0.0,0.0,0.0,0.0,0.0,0.0,0.0,79.85028585358577,0.0,0.0
PRIDINOLUM,1169.6713337840697,1325.827520583115,1474.0134174364846,1614.6275388414617,1748.048473570466,1874.6358809572964,1994.7314373690617,2108.659735354515,2216.929137834971,2322.304589585681,2542.316388143131,2780.448916166986
PRIFINII BROMIDUM,0.0,0.0,0.0,0.0,0.0,0.0,0.0,0.0,0.0,0.0,0.0,0.0
PRIMULA*&+THYMUS SERPYLLUM*&,5732.781100330345,4979.2095165084465,5050.120954646818,2596.3544103534014,901.2034801145546,0.0,0.0,381.94483151478016,3424.9234378272095,6713.934628073041,6026.439085465594,6387.799756575525
PROCAINAMIDUM,2.039294367437833,0.0,0.0,0.0,0.0,0.0,0.0,0.0,0.0,0.0,0.0,0.0
PROCAINUM,45835.15773344179,41325.94514842114,41841.56568173834,28694.511109725798,28606.08765344946,28101.271489762097,31159.419160145924,32974.92229778668,35088.53380923298,48068.80201972374,47912.33038945006,43600.82728656479
PROCHLORPERAZINUM,3697.989522353135,3681.8235070677197,3609.792099285066,3125.7903775046234,3362.438404525948,3334.681830588687,3426.526375884557,3527.6858165669328,3559.319173558513,3674.150863597456,3690.6796200742906,3743.4240297014367
PROGESTERONUM,51270.57935794231,50760.84780258399,49493.937329844965,40020.311723201405,41711.71160943423,41453.24348996812,45046.29336594289,47065.94483827035,47332.54718767998,51441.77223875534,52404.69585116326,53609.12271263727
PROMESTRIENUM,773.0805848219572,858.6934277033406,844.9874108164499,750.9263061149395,852.2295311617332,910.2150200071704,963.7439198915225,909.6647486070065,880.1903203873958,941.2444866197094,1056.3075284135627,1113.2268706566474
PROMESTRIENUM+CHLORQUINALDOLUM,0.0,0.0,0.0,0.0,0.0,0.0,0.0,22.30413944543072,61.705872924784614,86.23860280357191,33.310529801906014,0.0
PROPAFENONUM,11380.672774349645,11848.217516822258,13492.363793990122,10105.926098914188,10229.734826043215,9715.648290936213,9883.320346040384,10313.6224733135,10546.837058321766,11232.726409518153,11420.811973665035,11900.846108172316
PROPOFOLUM,388.0844455374894,203.63610795275264,132.23657297804465,176.6576800913596,5.864100875092986,308.7859725951612,435.0394050642971,84.70008613268726,187.52336608048074,121.98032513179696,381.20542746593145,534.1994444263203
PROPOLIS*,96410.85297421057,93207.83277249601,113306.360258971,66680.6766959976,61583.115493465506,52658.47897928647,54433.22221578984,63890.50925283918,86846.29573032526,100956.5121601608,98601.6565518758,96096.08131309443
PROPRANOLOLUM,79907.56524708665,79445.72189544013,87987.41396299761,65357.02316591826,66655.8796771295,60685.30523497316,61428.79763012278,64481.501895117166,66526.58965598737,73555.12141355818,72187.23716848956,81430.87892130934
PROSTATILENUM*,18718.357369490102,18167.556730894157,15485.280307375002,11638.385255917276,10544.598502108694,8973.418786419428,9557.927501225613,10333.198160428161,12511.9371751478,15053.88527428111,16725.383440945356,17348.449661634353
PROSTATILENUM*+TOCOPHEROLI ACETAS*+ZINCI SULFAS*,3011.464230221093,2702.317444922137,2387.860807347046,1678.4494879510466,1465.1796230983205,1201.4081218802125,1236.3833115697998,1468.3514539855428,2034.1223585822113,2531.691472923618,2894.6479550608174,3056.436331434651
PROTAMINE SULPHATE,146.24770345308434,141.0340835259736,138.30889389159253,103.26684849139531,118.29571847854508,115.69012077557252,104.17334892050202,112.90723774375323,178.7360551096618,169.6624153096962,170.26520977703132,156.31355165820702
PROXYMETACAINUM,0.0,0.0,0.0,0.0,0.0,0.0,0.0,0.0,0.0,13.469580693597209,0.0,0.0
PYRANTELUM,24731.98930838057,21737.08151164621,20271.78697945461,17385.06065889722,16897.718507647194,14776.176891843066,15648.41290439564,19339.298619633602,20240.102497019852,22379.490904124737,23061.804135004535,23139.05242490427
PYRAZINAMIDUM,58.56023662961823,72.60261564500152,62.5576838368732,3.388606746408911,20.08089163772538,6.646370411733591,26.46718337429897,25.297763815993648,17.662823362861165,15.179338059642888,0.0,0.0
PYRIDOSTIGMINI BROMIDUM,2155.4605800745285,2408.189811096959,2709.9881232836174,2116.500900401658,2055.978449464803,1806.0494160840333,2305.1251167481305,2338.9866046481225,2301.1563223368294,2633.5682238565078,2319.1862724409643,2482.5752386772438
PYRIDOXINUM,22628.850097714538,22393.807058943195,22332.61210994891,17507.220032776255,16969.37385306092,14805.212791311438,15757.888623934634,16334.986372055975,18392.896052575834,22461.636879014506,21896.275822188218,21125.774858749977
PYRITHIONUM ZINCUM,3069.9334406074877,3109.7445109939054,3129.748572137716,2707.8338258874396,2947.002033721896,2692.9434048241374,2483.7281065406064,2522.540272748458,2593.384410549416,2637.8161256248577,2682.727102519889,2820.948288870589
PYRITINOLUM,7.5476155330799735,2.8648474915220516,4.971772152468546,6.951650975418576,0.0,0.0,0.0,0.0,0.0,0.0,0.0,0.22187816932047189
QUERCETIN*,12372.893780229177,9154.071254501063,0.0,0.0,0.0,0.0,0.0,0.0,0.0,20369.785169889667,42724.33594500134,19342.419673843102
QUERCUS ROBUR/PETRAE*&,16312.17817296187,13603.281040271502,12446.371142167858,7522.313616921614,6925.274545889886,6126.962806361958,9018.456031762626,9476.422673845474,9743.900161776386,10924.53715326298,13152.969873127437,15758.922534950878
QUETIAPINUM,58994.320148631065,59067.40310736721,63010.08436429047,55744.88880449149,56029.262368806376,55596.80090102946,57043.47885276531,58341.899853038274,58981.621149421524,61740.36392710952,61920.199512037056,64828.89346384215
QUIFENADINUM,4874.714599375265,4641.296270552807,5372.06378159876,4480.45356453944,4766.438764995903,5031.650699464988,4557.605221144176,7114.787412591443,5701.742139853175,4193.158095766477,4200.33703460104,4618.657959772603
QUINAGOLIDUM,0.0,0.0,0.0,0.33752694415476203,0.0,0.4938769826594447,0.0,0.05191855662169687,0.0,0.0,0.0,0.0
QUINAPRILUM,0.0,0.0,22.654188508282985,0.0,0.0,0.0,0.0,0.0,0.0,0.0,0.0,0.0
RABEPRAZOLUM,42295.67436433689,43442.42440977519,41674.28617938506,33225.02892833219,33007.296860749135,29409.642939941932,31856.699136555413,32915.39142710543,32710.988592804686,38083.01045862333,41070.07968453748,43884.76959852804
RACECADOTRILUM,1551.681515504714,1294.614406874696,1122.2944031048862,1031.2816832232415,1094.6271904521302,1232.712079369445,1482.5028736375007,1675.7019921861488,1682.448170159272,1573.5639956719742,1321.12633921634,1273.4838971860363
RAMIPRILUM,130682.435822636,133961.32993992587,145771.69489260743,114531.30211360233,114461.64674924793,108662.10971661413,110977.86134935675,112632.72191440052,115663.76122528524,127028.42473284269,127800.30279773832,135117.07730850452
RANITIDINUM,506738.892228864,473060.9370119424,478474.1045264297,411366.355026044,400827.55151375965,367241.7839919568,425021.4988625389,448325.13124702906,482156.0408426456,530241.4830071633,489685.578826802,523628.99557053734
RANOLAZINE,2483.072976391505,2596.01659048921,2665.9890810229017,2275.195604170781,2297.811658302139,2249.7051668678014,2293.6405571460537,2344.6128350512654,2400.219656202089,2571.797393436244,2645.3592009495637,2792.14507522809
RASAGILINUM,1322.7190765214061,1327.5286741787804,1380.2373405792011,1208.3952619740585,1262.232587364465,1257.5670359513106,1288.8779830953079,1279.5729290850263,1305.3222741513218,1372.5743384788793,1392.0165782154456,1469.6489582792194
RAUVOLFIA*,31661.925809631968,34220.81709830783,38016.679047334575,25836.964623694643,24258.498646021377,19997.671692016425,18995.44211049639,19314.39413283702,20591.95407884528,24476.744652337788,25362.63732194033,28881.49678284741
REBAMIPIDUM,30658.410502862134,31860.801752152314,30672.050203579267,27332.786597036153,26483.085535421473,26171.274991488805,26858.499739354047,27362.324714427305,28532.886305348176,30760.15758132429,32678.961458102865,34516.307805643795
REGORAFENIBUM,1.549920010466097,1.710939216841601,1.839713019997524,1.9646536900948453,2.0981528837864944,2.2165826748927557,2.430296533542898,2.463630256359727,2.7949028501349087,3.316417371320526,2.7304617235460564,3.5093094152595046
REMDESIVIRUM,55.08592704804835,42.627694392157565,0.0,0.0,0.0,0.0,0.0,0.0,0.0,0.0,0.0,0.0
REMIFENTANILUM,5.484589341512016,5.891237495415057,6.274810646457622,6.636462544782735,8.449289253026269,7.522332030692303,8.064580074309712,7.884973120580926,9.500403919373255,9.319720583060644,10.62772881839834,9.881194046803827
REPAGLINIDUM,735.5911053067036,742.5049081572936,848.8971683871964,623.3829945205487,673.815673376661,647.2146344109814,705.371421187868,733.5616685588079,751.80108440499,763.2114350313659,764.7065334818973,812.7442301917528
RETINOLUM,35953.75735609207,37122.606929867994,36199.223112200765,29204.213381379013,26510.552120033637,20826.210434269382,21851.359608969997,23910.694672042515,27053.61364581257,28660.692948140648,30422.342113315135,31432.083568766757
RETINOLUM+TOCOPHEROLI ACETAS*,67184.87239961168,66127.17042869372,66739.88850875289,50465.25982959379,39423.852143060096,24008.252050626674,26557.959633473474,30859.14775654448,44248.74871179483,57547.65233278868,59463.754486377315,60792.57906604175
RHODIOLA ROSEA*&,2272.240339195585,2316.4189981672753,2322.538607200698,1877.9201762835078,1882.285713405826,1802.0772249597524,1775.1543160589642,2026.1714707944052,2009.7662764388288,2033.064002810439,2045.0500657637976,2153.557997982557
RIBAVIRINUM,133.96003382523114,237.08770964908177,436.03283224759014,241.20231226582428,95.0356782198391,38.319352922478686,57.88927462401804,43.349793924677066,101.9067913046319,301.34897114802334,210.31129696216422,136.54653955290442
RIBOCIKLIBUM,0.3212357268061031,0.1360514531970938,0.11404535134239535,0.09698178689114564,0.08667225236265493,0.07696594177237136,0.06774221033265355,0.30690454221338836,0.2503757247504852,0.05809398781267168,0.05000991529492993,0.6500839743132456
RIBOFLAVINUM,0.24425489447356732,0.0,0.0,0.0,0.0,0.0,0.0,0.0,0.0,0.0,0.0,0.0
RICINUS COMMUNIS*&,72335.7681366325,75215.75422202217,76538.05187721916,64014.52278826198,63886.186303981485,53732.56550344237,53405.13124989629,57608.443033944684,56254.154448068635,59190.97316625305,66311.28612768582,70428.41608371728
RIFAMPICINUM,6231.999605054174,6914.895633050009,7591.693755752317,5750.885154219804,5744.474373299435,6032.079448868778,7108.822009629894,6794.055758544428,6924.921657981695,7841.540077837148,7569.302114027153,7588.992243284795
RIFAMYCINUM,4061.175457075435,3805.0438221873405,3675.4744005230455,2928.1299494377877,2932.239074815762,3203.69426136432,3568.288296849347,3719.1094114835464,3651.521389437087,4088.4948580460978,4025.5739191794864,4554.3902543323775
RIFAXIMINUM,9223.798637210417,9691.317206336138,8098.045839852878,7234.2801248824435,7720.284931122267,8382.204154330298,8738.932511112896,9065.870574755141,9194.45480388511,9462.588765405259,9451.896112837543,9927.652168999546
RILUZOLUM,157.27813972554725,146.38774799411337,146.25794730693784,114.10181945516916,126.59902987172583,123.59491090294281,138.37372842588812,123.77409514221597,139.59450121324994,161.07693876804876,141.09860150985944,172.61964440127966
RIMANTADINUM,115442.69322615454,100051.39680805396,121191.8724894112,14328.352650334702,0.0,0.0,0.0,0.0,86629.54575824593,120992.82536042889,89775.02225801299,84414.729791918
RISDIPLAMUM,0.00044846274976501966,0.0,0.0,0.002258465657433349,0.0,0.0,0.0,0.0,0.0,7.153836522933474e-06,0.0,0.0
RISPERIDONUM,21737.273380408227,22561.19090428333,24632.392387845757,20830.211039158054,20957.09182467024,20764.735117542336,20962.262816302362,21666.766839772743,21967.54312301139,23127.301614064665,23437.51427136963,24242.404661675955
RITUXIMABUM,28.98760766854573,58.36059705194084,56.32029481039353,21.764159268892275,34.14415708742785,34.9782615939929,32.36805145098153,45.73438958830904,24.169166349907645,54.743094010923116,55.20954239147207,95.53840734764785
RIVAROXABANUM,85450.01301496474,85506.86070190454,87780.9265843266,79841.14702313449,74102.51150705107,67977.18042705453,66616.49369592758,67086.54564389626,69292.34013514142,88942.4382610078,97747.00129457116,92855.22785429207
RIVASTIGMINUM,1554.00947646137,1541.595894138582,1511.7287961556074,1361.5828582954541,1390.8796225519818,1457.9295538193564,1484.8700937470358,1550.4877119020039,1555.5559543728973,1617.0274899439191,1647.8221539600634,1663.4349899990734
RIZATRIPTANUM,8852.003049827847,8957.285581506347,9105.062828855262,7785.624648740507,7903.087326654817,8184.292690992375,8328.942604468535,8489.770957255576,8577.563261491323,9129.403926886032,8838.007281207912,9300.94038667153
ROCURONII BROMIDUM,2.3346377542100685,3.4817070785124065,0.0,1.9131792644963797,16.33829638565782,5.700308782225763,0.0,2.7306589922722075,5.791554966433638,6.026190445401568,0.0,26.884797894103993
ROFECOXIBUM,0.0,0.0,0.0,0.0,0.0,0.0,0.0,0.0,0.0,0.0,0.0,0.0
ROPINIROLUM,0.0,0.0,0.0,0.0,0.0,0.0,0.0,0.0,0.8090164570367286,1.6702889941998633,2.3459013001182116,0.0
ROPIVACAINUM,442.8838553846076,438.8354793853097,431.67288232768277,483.59917526464324,466.6385136964617,481.9821453483953,502.8204555594382,493.063010401635,468.41859764342786,511.0052656648373,525.3443604268822,500.66056059253094
ROSA L.*&,20259.291208676463,14195.413526897384,14754.048646325466,0.0,0.0,0.0,0.0,0.0,0.0,10065.900339440324,23733.54541517061,20613.48034060617
ROSUVASTATINUM,317296.77524182753,323185.5257810902,332723.16459327284,281508.21082379133,286813.5489889786,280929.3139019008,283964.5730130111,287314.1778826717,290700.6305591726,309457.63148114586,317966.2789994968,329418.13659495
ROSUVASTATINUM+VALSARTANUM,6879.096844187837,7192.518454574707,7739.028193750373,6364.264155275399,6328.961628032315,6168.227236459526,6333.851073773519,6409.8208285299515,6365.727904856704,6985.94153667526,7201.292896211029,7365.575197078153
RUPATADINUM,5148.6918803411945,5122.062278603638,4668.367502187197,4500.655786027647,4766.386118073611,4716.532488683987,4635.215290145892,5439.697636289018,5393.6100181771235,5256.916428661212,5453.164862022086,5671.41491368439
RUTOSIDUM,2.223813218341434,0.0,0.0,0.0,0.0,0.0,0.0,0.0,0.0,0.0,0.0,0.0
RUXOLITINIB,0.008308555750139309,0.0,0.008080633077158197,0.0,0.0,0.0,0.0,0.00376615770292527,0.0,0.0,0.003662179642697654,0.0036343906024992488
SABALIS SERRULATAE*&,13854.488237153804,13035.476652286654,12522.982527821667,8857.777571678407,8269.550750192528,7260.734836432555,8089.509248853306,9193.00832221864,10842.04672433963,12681.67018946516,13383.392104994311,13881.308780846364
SACUBITRILUM+VALSARTANUM,21236.72383844555,21551.851605478492,22383.713601748,19910.984915792258,20400.407881722524,20059.24901694449,20375.46191299358,20673.766081828435,20736.901759809763,21792.590671480248,21964.436755155424,23083.71485223506
SALBUTAMOLUM,157690.46616776942,160628.17903679688,182691.2998120966,136400.76051241418,135620.25875274607,130589.41662508936,135536.13380304177,141072.89322548156,153480.01004351114,166305.47437801267,161934.37392569165,174562.40364391264
SALMETEROLUM,0.3335719827512151,0.0,0.0,0.0,0.0,0.0,0.0,0.0,0.0,0.0,0.0,0.0
SALVIA OFFICINALIS*&,18102.95688934275,17986.32956203859,17890.374487747344,9043.344815866463,7661.962265913849,5243.705813503858,6231.826239127964,7863.3221671793435,11945.709697172542,14881.4281087192,16981.198425508628,18013.069866492267
SAMBUCUS NIGRA*&,3348.3102261500626,2708.6865326950183,3038.8923114680747,1169.8104680236133,121.87092680513865,0.0,0.0,0.0,1478.6513665994598,3049.9449133512826,2920.816884289836,2807.6707945777725
SAMBUCUS+HYPERICUM+TILIA+ARCTOSTAPHYLOS+EQUISETUM*&,0.24425489447356732,0.0,0.0,0.0,0.0,0.0,0.0,0.0,0.0,0.0,0.0,0.0
SANGUIRITRINUM*,0.0,0.0,0.0,0.0,0.0,0.0,0.0,0.0,0.0,0.0,0.0,0.0
SAXAGLIPTINUM,736.5305203793583,713.1723804666344,819.9442652021954,557.2081696563848,593.6732898854767,599.8749827344909,622.0063336794427,678.4222111011445,664.0877097042464,744.9069052524686,716.3878583567868,816.0018175059818
SCOPOLAMINUM*,1321.656077940367,961.2868528529277,649.9420246584964,0.0,0.0,0.0,0.0,0.0,0.0,0.0,0.0,0.0
SCUTELLARIA BAICALENSIS*&,31.649161508047996,37.83316575547736,20.12217954519635,14.104000968747023,0.0,0.0,0.0,0.0,0.0,2.146550202515522,0.0,0.0
SECNIDAZOLUM,9702.294191284605,10040.088604757011,8555.136979269308,6856.252122613516,7082.560681023254,7564.4139714854155,9171.535847589512,9484.130192207165,9911.735311635655,10451.715050912819,10929.408886068919,10192.28359792817
SECUKINUMAB,207.7600214534187,190.3641738587567,197.20115035374113,190.30558612044277,196.10518930451818,197.26812642249257,204.09333068758622,214.9675486703752,208.97897762732046,195.33937536359076,193.2285481233211,186.40314090181943
SELEGILINUM,76.978595403446,143.30227987017648,0.0,0.0,44.608309359626105,24.970473485801293,75.66361039941162,37.589525542970065,78.435663270487,72.85997906517076,86.28123731358794,85.6928495249919
SELENIUM*,5199.397669690806,5396.616101442876,5516.006059070149,3770.1092373975844,3269.838192285155,3331.537368420826,3996.263121554982,4422.480136287926,4727.1841602998975,5608.511391735096,5959.9511891088705,5867.2990392335105
SEQUIFENADINUM,611.9343516810029,633.435141756721,676.6682903496657,573.2617257563913,607.4437906141422,606.6427590327129,551.8672502999395,722.703359846091,585.8003640153821,503.6828838831851,553.3394163097979,574.541158783458
SERENOA REPENS*&,628.4588800952027,661.1580046936309,608.0370147363636,437.09233313453973,430.7034982170705,396.75134064708527,500.4077249550869,501.16494276547826,520.3848273777814,579.1616454316138,595.2968102386699,634.1114524483047
SERENOA REPENS*&+URTICA DIOICA*&,5.3093916017422185,2.6733685343759035,3.212542633969931,2.3010744671322327,0.0,0.0,0.0,0.0,0.0,0.0,0.0,0.0
SERRAPEPTASUM,74416.70115240551,68938.16538616363,52992.14662379535,47898.123864525856,33244.67230773545,26334.000512928324,27722.851727707755,30569.090150156502,46151.805538740664,93310.16490023317,100533.47624005232,73194.13276253287
SERTACONAZOLUM,16845.744749046367,15990.000943103294,14833.98976970199,13131.824302334102,14307.134999792946,15937.531429113173,18531.619243922505,19523.042567123128,18242.99989703678,17986.761632320857,17518.507291901267,16937.36449091875
SERTINDOLE,163.91395548886294,176.47114728186148,226.95363764318444,153.17756685916692,161.88264715887706,156.58864832556932,155.5917861858473,168.09103340099378,177.36036810003515,192.85497278619238,187.3713934620423,204.33166692964645
SERTRALINUM,32684.506157144475,33435.53069580863,33920.12745810977,30344.22239932052,30670.58868365894,30279.632042499503,31140.03266094178,31922.725087065417,32353.145359334158,33435.271108518966,33821.82163923665,35317.33279518061
SEVELAMERUM,24.64479033909947,28.650658253574946,24.40954097081802,22.143235530275163,26.743579563503562,31.506443175748963,25.78172245120797,26.437334257237858,23.661212087724454,27.983302737776413,26.715563643480667,41.64796075370674
SEVOFLURAN,17.27762319745068,15.246296361243761,19.40935453662388,15.328320721273627,14.454013313339075,22.516287031337082,18.857825650081146,24.341976189422045,24.998616265240415,27.222047970240766,13.922912978586695,22.69212462960909
SILDENAFILUM,215406.47154635275,190874.03028673335,175449.02604186087,163108.81460878588,178329.27142514894,185249.38964106241,204473.6765766161,215458.65008788212,211725.79885971794,220073.7162400096,213275.19410706594,233161.817563534
SILIBININUM,0.0,0.0014269200634485315,0.0,0.0,0.0,0.0727533849573852,0.0,0.0,0.01317736057087973,0.0,0.0,0.0
SILICII DIOXIDUM*,95899.77808055613,67587.17699515866,56106.09764498459,29459.521682989296,35635.11243153699,62303.77054851904,92968.62176024864,113610.49264777623,88869.05927594223,74041.06569661896,64762.136351304245,94833.30319319647
SILIMARINUM*,177515.13281143794,150213.62382356392,148977.51535057503,108538.72848949434,102521.15971794013,83607.33741800714,103810.9682953711,110574.22291457265,116218.17132724421,132961.24837469187,145126.77992996032,155538.01429148548
SILODOSIN,9696.280395108955,10224.577440604757,10711.822070724906,9522.509706238186,9468.233796874942,9283.654419878996,9533.536848631986,9810.120092846468,10378.701411749362,10897.59480160625,11001.055458869436,11247.310220168598
SILVER PROTEINATE,25908.03319024119,25428.791718914643,25307.967627599453,10949.812640293327,9522.599336194473,3595.2601786614287,863.3275383810434,5893.614511902769,29931.681976466185,34245.430633862976,28502.203845526426,34563.42190060326
SILYBUM MARIANUM*&,14093.347945960155,12174.031326242522,11773.26057161873,7636.22650907001,8497.737000181362,5605.384334220756,5744.363542602593,6587.673850458387,7101.985837893338,9241.213168991617,10672.709975020563,12470.335160994036
SIMETICONUM,145554.58861344776,134160.8020518714,125877.05889930381,105358.33967394326,108176.39799034836,105213.54154016598,119526.03207671359,133319.8702026452,131916.451200084,133668.37369472865,129576.49978713779,135882.6575577587
SIMOCTOCOG ALFA,0.0,0.0,0.0,0.0,0.0,0.0,0.0,0.20428305545532036,0.2187115298634102,0.21303330355492786,0.0032697166731878724,0.007437841332841727
SIMVASTATINUM,153159.04808077437,184240.89598731423,165481.7861463332,135240.3549073356,158893.6401499247,158566.9317777831,156274.34371385694,153081.23349650326,159229.27835640748,164889.77767811797,175100.54336927354,187366.68415598513
SITAGLIPTINUM,457.7605077901347,471.3704726969793,543.5579552087289,414.6050518044026,438.8194396672155,412.9852605437398,459.54582783123305,460.07219224750173,493.3755943667907,532.1438266484957,509.7375230601337,540.996390775718
SODIUM CITRAS*,17308.684633851044,14913.899014515742,14310.590180286734,11585.529174142757,11176.58283046681,11147.283016765285,11693.377227043296,12026.30825650494,11830.31514131349,14917.30791039956,16615.370986907656,18247.32030935336
SODIUM CITRAS*+SODIUM LAURYL SULFOACTATE*+SORBITOL*,33434.54287093005,30489.97013204986,27234.840642473915,22974.77015234136,23912.368061763515,24128.84229082944,25205.709175610387,25541.95298496335,24996.177133973917,26084.458354710583,27871.814032828108,30481.391676850322
SODIUM DIHYDROPHOSPHAS+SODIUM HYDROPHOSPHAS,0.0,42.48788632192094,0.0,0.0,0.0,0.0,212.99263770198002,63.587323024322416,72.27164316327493,603.846871155514,874.1104254303845,0.0
SODIUM MEPHENAMINUM*+VINILINUM*,1943.6709473351093,1775.3020668040788,1646.4482250633328,1373.9696143548147,1464.0443884720796,1558.27467044997,1631.0837587163612,1652.3582920135539,1820.5811813353862,1828.3131554769311,1844.2827974742465,1931.734973756177
SOFOSBUVIRUM,4.43610170502356,5.480781797615286,0.0,10.343486121222444,6.794051820154829,3.8726918758275515,0.0,0.0,0.0,2.7228466028519036,0.0,0.0
SOFOSBUVIRUM+LEDIPASVIRUM,0.7897005587735255,4.620661266683026,0.08237487329959792,0.0,0.0,0.0,8.190557096732523,0.3862167387840376,0.0,0.0,0.0,0.0
SOFOSBUVIRUM+VELPATASVIRUM,62.65264169427366,65.8263189749674,62.82145270838112,71.22777007187881,83.51271188395626,74.20744692218449,81.78088552525597,83.82169251492851,77.73829947187211,77.55091639772316,88.90154279403632,88.70997818728847
SOLIDAGO VIRGAUREA&,535.2536130865948,803.3546864638431,525.8915313284645,0.0,0.0,0.0,4.85585160660105,111.980794256786,52.3731345397573,206.5865929289571,397.5357458031393,518.7262542653089
SOLIFENACINUM,17511.89895977701,17764.363210120646,17653.638702365537,16099.643188131447,16155.644868714164,15371.75550515033,15238.968506269257,15566.45379913439,16367.446125396486,17454.224478376153,17760.13165272988,18231.752284182858
SOLIFENACINUM+TAMSULOSINUM,1155.4416869549377,1193.1093842122855,1162.8274835019092,1129.8707044173534,1143.8652226334546,1101.7019786900808,1134.1677250191274,1161.85946356611,1233.3915958874416,1299.0208432282525,1377.1377825846466,1393.2456755535072
SOLIZYMUM*,4736.649139256757,4260.91652384006,4336.392938814287,3352.5665781012526,3186.968396838412,2829.672359135724,3041.509636281161,3500.862365305094,3629.7226558318275,3812.1645955607983,3998.513054651563,4568.319129231757
SOMATROPINUM,382.0990610329752,698.8474626517118,549.0059693871008,0.0,69.11105831918167,76.9082022422773,119.5073028211539,0.0,0.0,8.409526858817514,271.66190427598644,377.78519165012153
SOPHORA JAPONICA*&,6929.360905079187,7212.954320942464,8456.33523646165,5488.163351705558,6085.205226729253,6063.2205095767695,6786.288118683347,7329.7607887971735,7036.862307716798,7306.46170568106,7212.228606881034,7524.817910669577
SORAFENIBUM,1.6012521393042969,1.562579549854041,1.5187287803221778,1.4535354667250282,1.4448681178756497,2.068621540824488,3.8787115812119004,1.5350709155501712,1.303645685049129,1.5883928026766363,3.0812777988069837,2.2382730977396026
SOTALOLUM,14146.211468167849,14437.411675259871,16352.957046546162,12439.046549187862,12436.124156913891,12493.44224870739,12753.856327754856,13327.8687966055,13399.651577298682,14518.999407465904,14307.917677212346,14972.70269862217
SPECTINOMYCINUM,1.8252441963909574,3.926948760258962,1.4171082042969982,0.0,0.0,1.6071187564884033,0.0,0.0,0.0,0.0,6.579244776745458,0.0
SPIRAMYCINUM,4555.886905323879,3487.4588732099937,3026.7291275966845,192.73041118383844,0.0,0.0,0.0,0.0,1023.0158343759581,5598.339457074053,5032.522235310327,3856.4671379771444
SPIRITUS AETHYLICUS*,707560.9829397829,748194.1689077184,1235167.4115438615,828436.3663145714,756079.622792934,725840.554637419,743842.507974802,742250.7725065035,739758.6339936595,818424.5862451792,820197.4251081899,797933.2380603934
SPIRONOLACTONUM,206572.9984651092,223077.37595352344,224713.8514064944,185809.34603111056,215293.02359304306,219206.7963048286,218872.1891364965,208818.30646407028,202984.7029883689,216053.8616700473,220234.97727762954,233851.9072259348
STREPTODORNASUM+STREPTOKINASUM,19077.949850968052,20511.456869803133,17637.437828022063,15042.10353774808,15195.61904867977,15541.186000576005,16856.077705243864,16548.824412129026,18284.268720788026,20192.59551086611,20081.51108607945,19583.50848940099
STREPTOKINASUM,0.0,0.0,0.0,0.0,0.0,0.0,0.0,0.0,0.0,0.0,0.0,0.0
STREPTOMYCINUM,5998.426003840236,5861.504633830135,8159.703671414718,7699.09783507505,8839.41649959598,8564.617964805388,10424.668070565576,9385.710288766395,8869.862196919716,7755.159057035036,6779.959078719956,6723.358829660556
STRONTIUM RANELATE*,1.617329224189341,0.0,0.0,1.6955953326034332,0.0,0.0,0.0,0.0,0.0,0.0,0.0,0.69174504548335
STROPHANTINUM*,436.5137958543726,438.5352523604301,467.40580211509405,228.8242904559343,379.2584204536419,213.92871002537362,169.78045119242825,222.4216713750394,277.0850966224297,372.46211668135936,443.0607518112523,439.8716212585599
SUCRALFATUM,0.0,0.0,0.0,0.0,0.0,0.0,0.0,0.0,0.0,0.0,0.0,0.0
SULBUTIAMINUM,1247.4244573821306,1312.7943788955736,1158.189694044644,1111.0637241022164,1115.7003260865908,1127.4877856124062,1122.898331171375,1106.828945556866,1135.6232150035753,1167.6280084992588,1302.5748212341218,1207.2696493603285
SULFACETAMIDUM,55615.78228304671,55147.4545342381,63633.330678397644,44497.716336931735,46752.73720696545,51039.50544619888,54870.83758079204,62687.74563167304,63124.399215584264,59724.28402591968,54740.74941739449,60934.9868737808
SULFADIAZINUM,820.5222527346734,343.81471160375196,256.8438939810371,0.0,174.3161993939916,512.0323300592981,748.7232498735651,585.986801007002,374.95565719577365,503.71595742881493,632.9502128972692,631.3360325540569
SULFADIMETHOXINUM,2515.735382411278,2060.1411287418487,3606.2636214458034,1721.6953232044755,984.6860735651292,378.661320097662,948.4243379934823,1213.396438684426,1878.921168030736,1580.856494599644,528.8269885300219,277.6699914537935
SULFADIMIDINUM,4802.124894499511,4362.882566982204,4768.311442728846,2745.7868810866503,2330.249569533383,1839.2932580512575,2432.193746626046,2680.086075246367,4130.379075903111,5604.774614188997,5321.134982578193,4990.086015050039
SULFANILAMIDUM,253752.0675588496,245381.35458508373,275340.77383246727,182920.8996567703,172929.543142609,178599.72875767612,194125.25567612605,215495.3896372822,253774.6408326034,266289.3914152566,238796.21710777533,250214.33328818655
SULFANILAMIDUM+SULFATHIAZOLUM,92774.25889706497,84247.47557630744,80716.13672909289,49570.81546071274,40942.64225540014,34037.64550054156,34271.69190604619,45076.910839841396,92263.00339626905,92604.80565080268,81332.09406382107,84791.1874036273
SULFASALAZINUM,5701.724022344755,5676.297193497354,6285.893677626988,4821.617612138256,5016.121106954825,4828.53145001564,5332.6964716718485,5498.590836204375,5576.2582750379515,5925.72097331237,5885.313479139464,5915.662631008697
SULFATHIAZOLUM ARGENTI*,10079.396775858477,10213.59593325098,10582.886707789597,9494.043976045112,10188.79723927414,11379.797298481983,12235.155994472872,12754.412799890204,11514.714092848686,10798.16897584009,10163.62753085783,10835.273423496645
SULFOCAMPHOCAINUM*,4637.634771466775,4239.754740352939,6090.244541802523,4543.884209302839,3139.298569643741,1831.8774842571102,2062.1272422884595,3157.0192750541873,4172.16672760742,10387.55171599066,11180.506333037896,7708.03665301634
SULFUR*,16053.911364912294,15690.211903917118,14360.707157182658,12175.40578185678,12572.453103657757,12636.660983160225,13100.576508823882,14591.325751416492,13799.511567552265,14898.867042522566,15697.05864456049,15122.081548252512
SULODEXIDUM,3327.3147722713384,3578.491029249503,3400.1128661185035,2938.5535669001724,3242.198158811976,3338.115863627888,3153.7000587670846,3192.977846164912,3144.0813073696418,3313.178507619893,3275.054299106563,3281.794963582368
SULPIRIDUM,41390.39081286855,42892.945996587805,42851.2468485924,33884.14183522522,33553.55892956068,31452.016910058195,32594.211999485397,33883.50517605633,34706.39242234225,37372.492924400154,39506.486831075665,42326.75266144525
SUMATRIPTANUM,82110.79555891696,81177.1432841166,86040.8415782524,69412.47112753714,71018.68888094104,74238.69559764027,76757.33188497578,81468.85822882023,78143.65701787196,83636.4369630894,81976.96263323951,89083.77208333566
SUNITINIBUM,0.0,0.0,3.1580894587197506,0.0,0.0,0.0,0.0,0.0,0.0,2.4901265116479685,0.0,0.7185984597403898
SUXAMETHONII CHLORIDUM,20.268477437455374,0.0,128.42995062813037,0.0,91.974101183416,0.0,145.46388525205253,92.7787720651078,173.25159476923358,0.0,109.26077657348311,287.4991381369785
SYGETHINUM*,0.0,1.449369562440057,1.4882370169874575,0.0,2.919343867567944,0.0,0.26401788683803995,0.0,0.0,0.3062935723715768,0.5992554135961908,0.0
SYMPHYTUM OFFICINALE*,987.4752852423276,613.1933173733731,0.0,0.0,545.2548765199583,188.29366858386294,394.61927178208305,421.98512388775606,353.73637511938995,513.5367456517943,589.4124116248138,576.3427139503256
SYMPHYTUM OFFICINALE*+TOCOPHEROLI ACETAS*,49086.207068580625,50400.57171412196,53290.347592933445,41434.86325836109,43732.24235308163,39913.97779123652,38739.593104138854,39245.84471683917,47468.42056937786,50063.31221378724,51547.82929169319,48011.033116396386
TACROLIMUSUM,4662.83107017377,4900.085269927009,4747.863233841855,4417.006609085984,4571.0187133935415,4340.025400951841,4621.9281551107315,4518.1901625501,4030.332372613847,4022.8887447770976,3992.2580466199515,4838.089692206489
TADALAFILUM,7120.33244873611,7038.679184620807,6425.930057018476,6253.696238626526,6588.695067602881,6789.025614473878,7461.20633566059,7642.757596299873,7302.333288501214,7442.505325952198,7178.810439602901,7779.8664142133775
TAFLUPROSTUM,4482.932798949025,4647.245963769719,5182.264813492349,3687.5474111365284,4160.286207117944,3944.8323617691512,3886.9368033561896,4914.615874491895,4749.775449266533,4836.337426952318,4822.652526967021,4830.741324844855
TAFLUPROSTUM+TIMOLOLUM,31.630302299850968,30.509032057266566,12.2542761577253,0.0,4.834956487059383,7.756996585138321,3.213688958127726,0.0,0.0,0.0,0.0,0.0
TALAZOPARIBUM,0.4428044401044011,0.4326889696905887,0.4197823116146095,0.4162427034088971,0.41219673509939797,0.4077456787068695,0.40297055184791764,0.399936168615827,0.9966943802852253,0.5872866678758147,0.39174621620335726,0.38209957312046205
TAMOXIFENUM,6831.28351636989,7100.8207921586445,8643.680293645444,5781.524375690674,5673.724122182656,5727.542000232032,5726.837183527325,6267.511011019353,6139.18655386877,6784.908669004097,6620.343241968152,7303.4905811951885
TAMSULOSINUM,132679.85839867062,131218.83938562387,137679.89659013506,111623.37156869266,110340.87316648732,105964.56045967163,111561.65710916767,116894.61444371312,122907.56752629804,130460.37720731462,132061.57376707645,136880.11822983454
TANACETUM VULGARE*&,6162.399498515909,6593.606324275484,6479.032346372447,5016.41852553932,4701.508430362121,4189.266115709664,4318.803625477001,4773.955794780172,4803.4556917120135,5184.405770746788,5633.289595463911,5823.626816726911
TAURINUM,140185.7131077353,142310.3651318645,155350.83369848656,117796.81909910296,125069.08956691474,130446.05488848285,145913.40369305603,144317.6808840333,143364.5251841338,133758.2843715329,133434.62346877088,145674.44889388
TAZAROTENUM+ULOBETASOLUM,425.6303279805191,478.2734726888075,528.2142815287278,575.5878712936988,620.5226029374674,663.140419366094,703.5571663403356,741.8828973329116,778.2221631429052,833.1222870294455,904.0336260887052,971.7538195620483
TEGAFURUM,0.30973776978442125,6.773970228992013,0.6522218812705569,0.0,0.0,0.0,0.0,0.11977786191495543,0.0,0.0,6.389263313481779,5.503847513074645
TEICOPLANINUM,37.919920473888524,52.23532594727387,71.52908500228111,95.45872692258587,0.0,13.799268381461856,32.29757765482739,77.02605974981878,81.73508010211089,182.8193310602435,194.72616650304863,166.8738695335916
TELMISARTANUM,41799.06886403386,43220.382002126025,47143.07790654253,36326.83482401849,35803.70735194202,34024.7767682236,34436.35649519164,34832.29687070883,35711.96736506534,39654.26235449331,40473.46453997845,43006.88408230933
TEMOZOLOMIDUM,172.40552255049334,215.40525837785856,336.33796979607195,156.76506168696392,211.62285795599865,206.01881772754763,187.64370830110798,221.6797435162776,287.0266944447344,322.505977943821,330.01872749941145,330.5558499002051
TENOFOVIRUM,369.0297235903797,396.76097066157024,311.61825156386857,271.6247595310532,268.5774491501468,315.96188409076757,290.8573152886102,287.8079434922302,325.82832930047215,370.36892119241156,334.9316779513091,359.641766603773
TENOFOVIRUM ALAFENAMIDUM,0.0,0.30653185676397227,0.0,0.0,0.0,0.0,0.0,0.0,0.0,0.0,0.0,0.0
TENONITROZOLUM,0.0,0.0,3.9023772072515968,0.0,0.0,0.0,0.0,0.0,0.0,0.0,19.12190787051187,0.0
TENOXICAMUM,43340.12728858841,45791.658627347926,43908.25958765812,40600.371045208856,44015.442900552036,47764.94547412916,49637.813022293434,49955.96495012746,50575.15918169725,51342.80765625567,51996.24352520499,52249.67890966703
TEOBONDITHIOMYCOCIDUM*,0.0,0.0,0.0,0.0,4.803215090479765,5.331644719325649,11.347716346825804,3.4523015732493803,1.684097678811691,0.0,4.919442259207083,0.0
TERAZOSINUM,228.75335301867176,237.8424380426801,227.15609411412348,201.76660702351495,211.80660540326483,208.27459215930148,234.38816961636755,231.5730196342571,231.2836877008055,253.85021020628093,234.21061626289804,245.24132916042842
TERBINAFINUM,62685.73003680663,61814.573081729606,66993.447534895,61257.38471465431,77556.83887568876,93595.19102174333,94919.86915581404,93009.57728029754,75043.0841971114,68749.27574778948,65013.126605558966,64005.25810900152
TERIFLUNOMIDE,57.26845857738552,55.57346168245651,45.28365354586105,53.358174729682474,50.018008767899936,60.54599001779363,61.308811118779744,63.66303007830366,68.40507700343849,75.03526049590369,107.52377372733274,62.23270021077743
TERLIPRESSINUM,25.107576881669893,26.13234173257246,33.18840512760406,20.181107357938846,17.154320656516223,7.86554280968765,21.753172046534324,31.381926950321184,25.370382387660207,17.320598251840963,20.8838224574951,32.05025333632793
TESTOSTERONUM,4147.129253903037,4081.9412374059316,4189.333225597522,3520.132417540069,3971.8665724833813,4061.0650978273065,4556.8491194917215,4636.990338212527,4186.878514578448,4139.291457060459,3943.343412435343,3918.791778124524
TETRACYCLINUM,54366.33743369969,55566.05999681189,59661.86545135833,48817.87921905215,51008.1272372639,50813.83425588998,58902.55527484752,60689.98429407024,59609.78971350509,58696.60705310966,53352.34112885002,53080.70939349896
TETRACYCLINUM+TRIAMCINOLONUM,0.3171668032716471,0.0,0.0,0.0,0.0,0.0,0.0,0.0,0.0,0.0,0.0,0.0
TETRYZOLINUM,58070.65051595569,53493.49187877592,56788.33733341111,52767.63286149824,56815.85604834695,65552.66256220489,72187.90653767026,81340.84208242154,71084.20968260156,60713.60572712457,55948.477727121965,63047.494091498906
THALIDOMIDUM,2.7915102372541383,2.722415854871529,2.876948128904312,1.3711817280694112,2.5311763873403628,3.506979894695995,4.176630480519374,2.710158729116948,1.7835891079338793,4.756941190926296,1.8342306372591017,3.799469974264218
THIAMAZOLUM,16386.070615480032,16863.836735808163,20433.89871453803,15040.534179989267,15031.684034817608,15308.025001147638,16263.473656679014,16876.819663571467,16534.189951552777,17234.017664405175,16918.507717154454,17791.40884182122
THIAMINUM,14982.668574834992,14105.049463984935,14367.33463559941,10887.334833185523,11538.12505154894,10149.935686534194,11535.340654816928,12075.284289737641,12553.515657968741,14510.645612848139,14413.074437046189,13660.08235669915
THIAMPHENICOLI GLYCINATIS ACETHYLCYSTEINATUM*,103.5010212152884,114.96713203290233,62.663273924003754,73.19144067389516,75.24642731081858,64.73246985736759,84.57735713161708,90.12612018802696,124.68038387016513,182.32344805288594,180.9391526360729,185.9325695396327
THIOCOLCHICOSIDUM,85263.03131324632,84849.38409832989,79869.97707293741,73906.22939916416,80839.39920668626,79686.95499924464,81194.75117983205,83407.13727084268,84239.9600901919,85908.81189221199,87942.86528036876,86768.30953743488
THIOPENTALUM NATRIСUM,0.0,0.0,0.0,0.0,0.0,0.0,0.0,0.0,0.0,0.0,0.0,468.4430285616379
THIORIDAZINUM,3557.8054444742747,3496.094008377716,3752.6474169330886,2988.5223012100078,3001.7927660641626,2763.5484953801065,3019.105636265482,3227.0963064064035,3238.140599951759,3410.8749922206644,3465.44506346841,3568.830477899226
THYMUS SERPYLLUM*&,18423.134020498364,16751.98775923744,15891.435658203132,7812.021285350127,5102.65949504216,1971.9185707702236,1289.7255393271153,3146.1348221470616,10182.695156377456,16458.00433173621,15467.889779997653,16240.09944658124
THYROTROPINUM ALFA,0.0,0.0,0.0,0.005597020134206794,0.0,0.0,0.0,0.0,0.0,0.0,0.0,0.0
TIAPRIDUM,612.1377984157643,617.8456539978245,662.2809499110972,537.4265980893397,446.29652807955785,404.11948351935683,451.14125931882023,377.8492914060154,455.4975285233959,513.4295296649246,572.9737420257719,662.2469233620741
TIBOLONUM,841.6622922284039,817.3074434207513,761.7287837133343,747.927075286106,781.7773278830284,816.0903492992717,816.5687857709715,845.6519542870365,862.0297084385936,855.7055310985446,834.2430085652106,886.0158098772486
TICAGRELORUM,11022.487228127851,10936.236335990388,11658.965366264852,10250.14673446887,10444.332373016523,10372.995427839083,10588.348815681573,10632.411669940004,10612.19049733119,11168.225703228578,11256.45001193093,11828.707202877249
TICLOPIDINUM,73.70233370851922,80.89959674117188,73.7533079175024,83.75657760877522,101.53829411200185,92.29676806479156,94.72104797723169,99.96997265739222,102.22501315172902,102.69694629740684,103.9143935641575,108.29425212776644
TIGECYCLINE,113.09831010589662,104.08869323787908,82.19055595352343,79.19200233609722,97.77071565221462,85.28964251516689,81.63674021558705,81.80677458598154,90.39715829235547,115.57582146751295,124.01510821769729,116.54769382790313
TILIA CORDATA/PLATYPHYLLUS SCOP.*&,6369.1263934292865,5482.865876163165,4749.004885467799,375.79311602903954,0.0,0.0,0.0,0.0,2109.6824073235,4476.812472218795,4211.1315472525675,4315.588230397114
TILIQUINOLUM+TILBROQUINOLUM,64.9926193185844,67.36964555947964,61.26807494341565,42.12722684178419,28.694956751698825,20.112749070850327,10.992591317391309,17.14967350584387,1.8269476478257083,1.4235753526309587,7.441285907694944,3.7266627429659174
TILORONUM,231199.52695406871,212205.28423018006,200300.45505068012,78191.89750669122,40274.376071111095,16276.100722257965,22183.985442786478,62101.647818820304,200939.75511925833,259509.2015592198,203096.85851079994,194980.50427167508
TIMOLOLUM,46615.02427121429,46009.992468945056,52281.470046134935,38882.89792689213,40192.46045050317,41997.869888397276,45995.09165771785,46736.400492179564,45150.023378754224,47439.91630701924,46319.374868636536,49408.44753693564
TIMOLOLUM+TRAVOPROSTUM,1102.0324530379953,1052.826849385093,1218.3918539870838,944.0569451929881,1004.6005056820243,928.5088415975656,1145.3029978543107,1186.131410384019,1120.3444279320981,1205.050729494874,1204.5896582694068,1261.3074888133451
TINIDAZOLUM,0.0,0.0,0.0,0.0,0.0,0.0,0.0,0.0,0.0,0.0,0.0,0.0
TINIDAZOLUM+TIOCONAZOLUM,430.96094255100803,487.76104124722633,267.1215900013668,211.014898801845,299.4272156393934,251.41473890659807,383.1644273175278,388.63984784343734,496.3722540613307,548.0030488328114,616.2117544471621,650.2595887358083
TIOCONAZOLUM,416.8976565924686,328.944068526343,277.03909076585705,204.40260124988282,233.26690232951825,290.2082358856408,326.28839542295367,283.1140157452183,58.217204695444764,0.0,0.0,0.0
TIOGUANINUM,0.044820743032950805,0.04245123617701649,0.10044715611599783,0.03273541749091173,0.07725755201457167,0.0,0.03882569691508263,0.29580435182509485,0.14487880117683338,0.14202988608195305,0.09724227942977762,0.12450371953176603
TIOTROPIUM BROMIDE,15252.15676802163,15890.053288184597,16560.505432325524,16232.10641924551,16860.164306805607,17167.918149973804,17006.514050969698,15899.355106901905,17851.63926002361,18288.11505547534,19192.47931114058,19804.80670400868
TIPIRACILUM+TRIFLURIDINUM,46.71070563073322,44.950880372856005,44.12094625713494,44.87412505513882,52.35339418412263,44.836335577890395,44.20981478348533,46.748524238541975,44.795417893168036,50.26205890744959,51.536897809455546,51.82949502164103
TIZANIDINUM,27994.19442398472,27391.338057692963,27403.800903420328,24194.022718762986,26165.08530979788,25483.80012138655,26004.57870941827,26948.995118604398,26732.73578471408,28124.82505636258,27745.43081244216,27713.636956066584
TOBRAMYCINUM,50220.44897277461,47532.141873144465,49803.62874287075,43649.613988082165,45351.72953368171,48830.47931959174,48418.25809775015,50765.63726970727,51295.100356703384,55917.820975730676,54620.116820382886,58609.05404553507
TOCILIZUMAB,0.0,0.0,0.0,0.0,0.0,0.0,0.0,0.0,0.0,0.0,0.0,17.730226713234288
TOCOPHEROLI ACETAS*,64204.967479976396,66840.59476739191,61844.3006857378,47744.2003088279,45605.165695713484,34021.16289363536,37012.35834038634,41492.71238620056,46564.63931126538,54820.46413973068,57894.00489091639,56937.70678027839
TOFACITINIBUM,58.70355854743491,62.81857659195965,62.48697591226963,65.5460802532078,62.71614861064853,58.243788181291315,57.641084722495734,59.76850684014945,58.509629418962625,68.71371236670335,77.78616360958611,69.91690948858253
TOLPERISONUM,45529.751856925286,45282.3936804923,44059.865007753804,35046.8843379709,34155.04527055246,33161.31988502561,33945.95744501202,35395.99976140903,35878.10348293454,37213.70032856282,37796.12887347335,37306.54197780967
TOLTERODINUM,18.4931119897974,0.0,0.0,0.0,0.0,0.0,0.0,0.0,0.0,0.0,0.0,0.0
TOPIRAMATUM,6423.582503132093,6872.15737461094,7805.356323197187,6253.209333469349,6181.615193090247,6096.894132190134,6348.307534873213,6452.18210842284,6636.970018665711,7258.430598263174,7253.373313344314,7808.7197368123925
TOPOTECAN,0.045473736149464074,0.057573763939780136,0.0,0.3908886180728671,0.0,0.0,0.0,0.0,0.06020580644148571,0.05299031764491731,0.0,0.0
TORASEMIDUM,99943.9748559811,99893.18674023284,108153.25440273285,89493.3842878315,96612.33395100909,100245.40183664979,98367.53590026095,97226.52250624856,87995.07874613727,93319.05069314688,94899.35720585322,100018.0597711169
TOREMIFENUM,2152.2036918179656,2224.573920375429,2611.5620014709148,1623.5803645968165,1642.2193533470515,1758.8556425967533,1849.0869722460293,1948.6403342149622,2082.268922039624,2273.877290548866,2163.4062836057733,2395.035376300814
TRAMADOLUM,2117.923180345722,1849.7501308767705,2187.1350682952198,1390.6059952235883,2263.1153137598926,1760.0469455825441,2398.376828034275,2253.358910989269,2726.579154346875,2239.450326026568,2661.5866403639307,2919.1074688274334
TRAMAZOLINUM,40090.09331035853,39515.32146558988,39225.31180522368,29014.619892379465,27525.27097755283,24897.65366114025,24466.20002345893,29462.6805287626,37762.01154845429,40797.90497965636,37019.79114006675,41125.15188384382
TRAMETINIBUM,0.10109569307565938,0.10035092061791148,0.10945585286010441,0.09844054886224995,0.09732905587235761,0.09614061168883496,0.09489060655040805,0.09359135264805776,0.29225269973456874,0.09088252761216874,0.08948714012263995,0.08807158033940815
TRANDOLAPRILUM+VERAPAMILUM,0.0,0.0,0.0,0.0,0.0,0.0,0.0,0.0,0.0,0.0,1.2258939428950877,0.0
TRANEXAMIC ACID,23114.78220877664,24834.21624744092,23688.564419355935,18650.379097871562,18967.85178166767,20043.36126968816,21838.163001088164,22194.44572719176,21829.40204905826,22374.045647535055,22258.4542673001,23816.221704095748
TRASTUZUMABUM,0.0,0.0,0.0,0.0,0.0,0.0,0.0,0.0,0.0,0.0,0.0,0.0
TRASTUZUMABUM EMTANSINUM,0.0,0.0,0.0,0.0,0.0,0.0,0.0,0.0,0.0,0.0,0.0,0.0
TRAVOPROSTUM,11588.29874256009,11907.475014117983,13112.825050814141,9940.703699620917,10672.457238116182,10937.442688362245,11844.72606800894,12126.306191176143,11958.152909159753,12237.130902996487,12416.408317515727,12725.801668580963
TRAZODONUM,15797.875081466278,16171.66140807847,16580.799389060245,14991.220141693124,15186.023827394558,14980.91879951111,15340.008693722031,15972.513463922607,16201.35836631334,16850.224894284733,17256.31566655775,18228.899270917314
TRETINOINUM,1499.1161900790416,1532.93785381787,1529.5297080098221,1536.8009145642727,1572.0804030087222,1590.2017169651713,1615.0080913312192,1629.816514024947,1458.9253753808184,1700.5881876664048,1602.3817606957625,1394.2291423201382
TRIAMCINOLONUM,10526.708835304458,10157.014751938646,11381.780963601095,9411.457811286155,9437.7119677893,9289.101971346916,9083.398652548107,9616.05147586416,9424.342012872097,9370.317920833548,9697.020925557807,10400.336407692314
TRIBULUS TERRESTRIS*&,1246.6033748590742,1250.2831930975756,1077.2776819201074,885.0063072098642,939.129841673401,899.7393034759609,1063.42790714974,1082.585824320494,1124.2575922888293,1289.2020408952278,1146.4706340120777,1223.6681427372885
TRIDECANAMINI UNDECYLENAS*,112.91728744130826,189.08734144881853,0.0,0.0,30.5244056561645,106.33402631475464,6.739221580870988,10.03481272413702,0.0,0.0,9.784510877239757,0.0
TRIFLUOPERAZINUM,4014.89100159175,4397.350212409369,4885.8810431529055,3736.261712826059,3469.9523294823534,3184.8705957726274,3546.3095292151847,3530.1251964524117,3819.1584607945724,4110.49874238642,3994.8377903654746,4266.56946641237
TRIFLUSALUM,1017.5810015278395,1062.5095105379664,1100.2417687602388,870.1818263522273,804.0537234399884,881.5466921243681,897.9269180860424,884.2177498695523,790.7942663105309,899.1861304774847,885.2366728252181,1060.2781577175751
TRIHEXYPHENIDYLUM,9947.510909172095,9919.061354925438,9946.181329144112,8939.566926135058,9037.39182134382,8933.116955126834,10335.278279769247,9966.832957099185,10808.202716579137,10887.931341779104,11706.337459555083,12185.099971391872
TRIMEBUTINUM,29393.506528272075,29499.98658353585,27681.772491986943,24130.320682987876,23454.528300028687,21897.501857901414,22605.38216843965,24107.896281110312,24457.351035486907,26116.086703228248,27174.31110166139,29887.96648464797
TRIMEPERIDINUM,0.0,0.0,0.0,0.0,0.0,0.0,0.0,0.0,0.0,0.0,0.0,1.4170830091065678
TRIMETAZIDINUM,112988.51305552831,117035.39002405068,121139.76795696805,91888.63386140141,88602.51734304758,77883.33768646396,78317.44471929656,79685.63990366213,84969.19640925403,102919.20637182701,111058.7982999849,116233.71980061065
TRIPTORELINUM,1065.2888795553838,1086.4586070753353,1076.8465545817112,657.4002780772255,774.8514223640511,772.4257032839256,723.0144935102392,850.2492911817044,967.14649480929,1143.7460232017725,1174.0654114061726,1180.723087460107
TROPICAMIDUM,160.09857322970643,154.2943709426881,118.17070941871387,123.37188050517496,132.17691767998429,135.6914477254722,133.42717206750297,155.75105184676806,151.7942559758206,157.67691958470306,161.3507507774495,182.63951603728708
TROPISETRONUM,209.68966943874068,216.81094773219064,251.7547200752029,209.077687657865,257.33401143224694,289.5058201600049,287.84441685046346,331.1444439110826,266.67321526783024,350.53338206148067,258.86506520465326,269.39956142744364
TROSPII CHLORIDUM,0.0,0.0,0.0,0.0,0.0,0.0,0.0,0.0,0.0,0.0,0.0,0.0
TROXERUTINUM,72193.24073717678,71272.30649182873,82577.15598146306,76142.14925908326,101028.10556709219,131691.2138994121,131901.51745118076,116331.04157850843,83314.85856628334,71671.82184241599,68530.16934923491,73166.39664060276
TRYPSINUM*,0.0,0.0,0.0,1.2201503892570813,0.0,0.0,0.0,0.0,0.0,0.0,0.0,0.0
TUSSILAGO FARFARA*&,4891.367469114753,4176.269223701333,4371.236062491462,2207.0557686444345,832.1149686876784,0.0,0.0,62.992511205434305,2030.2837032199457,4041.8616919524234,3890.1599180592702,4011.981134065616
TUSSILAGO FARFARA*&+PLANTAGO MAJOR/PSYLLUM/LANCEOLATA*&+GLYCYRRHIZA GLABRA/URALENSIS*&,27665.468933167933,22626.58085714535,21716.323893131972,8858.973018725923,1865.3430160057578,0.0,0.0,0.0,9759.540778605648,21564.547507932883,22052.87038819932,23147.938589217156
TYROTHRICINUM,7072.049203769543,6372.034797666487,5772.03577703522,5704.676264781388,6220.769559229502,6529.093899039176,7503.404675138097,7625.564200268414,6487.467924623848,5111.179808359376,5424.735419598979,7280.303212841844
UDENAFILUM,668.8269001765112,527.1746158525891,374.0374303495505,304.4515239032182,329.8770407022515,338.41009609757697,457.0579823699362,594.8033333439225,478.7110560792106,625.7798762235402,611.3183742951021,717.307414708451
ULINASTATINUM,0.0,0.0,0.0,118.1248864577654,0.0,0.0,0.0,0.0,0.0,213.5046476735136,0.0,0.0
ULIPRISTAL,0.0,0.0,0.0,0.0,0.0,0.0,0.0,0.0,0.0,0.0,0.0,0.0
ULOBETASOLUM,116.08111988641679,131.44792328084924,146.02990164865534,159.86629624116648,172.99438624714736,185.44958689592445,197.26554265535805,208.47421576991525,219.10597037183987,230.39165238676358,251.36266544403642,274.74104299154095
UMIFENOVIRUM,11890.78873101541,9850.648058361607,10477.051075948477,0.0,0.0,0.0,0.0,0.0,7071.7980304744,27801.187143608156,14355.551989825064,5316.721822508517
UNKNOWN_SKU_-144109,8740.251834013885,9293.373575020041,9870.526773766109,10329.44315736509,10942.201866574345,11744.944885113355,12136.840297515635,12482.969384088019,12987.987561122005,13397.80317409451,13879.69015120861,14380.574524257223
UNKNOWN_SKU_-173007,615.194685893327,709.4273613069545,705.6860452332994,698.6939359698188,698.8251921544772,664.5723406976473,669.0350031276265,643.9144766670529,664.7885990940373,665.7272406310681,669.9046974561358,652.3572065116332
UNKNOWN_SKU_-414261,234.52997055151764,235.65730597150554,316.17969000630103,328.16291293294273,327.4268069730613,237.4992379039613,233.39289834748658,232.20714240111204,235.95705334281757,257.13989779498723,258.79308905552824,277.74775776276624
UNKNOWN_SKU_-484753,1302.983989736424,1405.5805369344441,1502.6463943385538,1594.4580964384486,1681.2783509993392,1763.3567303981758,1840.9303283930612,2021.6523840541927,2169.1928744982583,2277.4470779861113,2347.464108865562,2445.075425767031
UNKNOWN_SKU_-876242,600.0570221973461,644.5287918456306,673.35393877977,700.9074941354711,738.8974374916562,776.3069494483011,816.5246515753828,877.8468343643792,917.4176737821949,962.6414369973886,954.3446778200916,1023.6904223699285
UNKNOWN_SKU_100008,250.57404475198928,232.40256991171276,244.9975535293497,160.9853039133177,174.78166771035026,148.00492223783468,129.27528934968055,131.35894652901544,152.72843576234172,188.611390638861,178.78151802993472,236.59178343265194
UNKNOWN_SKU_10006,0.0,0.01598506121126786,0.0,0.0,0.0,0.0,0.0,0.0,0.0,0.0,0.0,1.4152077546481876
UNKNOWN_SKU_100110,0.021775923994212843,0.021068579858437308,0.020404732891022768,0.01977568365829703,0.019174472613322325,0.06859553211854845,0.04203440806393525,0.017487537161450576,0.016952068780668725,0.016425722417249135,0.015906673667719355,0.01539346300930142
UNKNOWN_SKU_10183,15569.085931850255,14897.940656309223,13452.977762300405,11750.916773517356,13702.184508914923,14292.09962365698,14691.502241874638,14989.004862872769,14097.207486095278,13921.014511097297,13825.627457522913,14223.855941087422
UNKNOWN_SKU_10184,8081.476692540258,8189.834869572745,7145.013606697482,5601.755191896022,5760.608255553603,5536.580101978418,5896.967774617018,6463.3753082266485,7088.117130613104,7904.507984021016,8184.660062246096,8371.28432032491
UNKNOWN_SKU_102781,363.39531748162284,385.3040025310536,369.87701336581904,361.70228482885227,416.56656479449975,516.8408515622386,513.6143437716506,452.0972003344011,504.2003483798224,557.4145296113803,545.3207373918476,496.0861664114422
UNKNOWN_SKU_102783,4.351678004263708,4.0105027982622845,3.842538904647586,4.092344060942269,7.701164457164456,4.198797045328646,5.455479387046438,5.4538015316071125,5.408635518442094,5.003078979096518,4.232410018806499,2.7120511217609247
UNKNOWN_SKU_103259,0.0,0.0,0.0,0.0,0.0,0.0,0.0,0.0,0.0,73.83050652968979,204.05171568382974,0.0
UNKNOWN_SKU_103260,46.250377855518536,57.91444748199031,50.019350307368875,24.791719691872917,14.52606232367729,13.35918355332198,4.606527661238893,9.510450071773587,2.556435124402519,0.0,0.0,2.4799648779482943
UNKNOWN_SKU_103964,12175.393198917505,11545.75595309428,9950.277580497945,7362.401906483114,6516.803591333491,4932.573163276031,5239.3238448923,5826.701814247558,6788.6624137940025,8083.621517493398,8982.751824515153,9986.786294194797
UNKNOWN_SKU_103967,2114.9033726154166,1899.9387440669193,1702.7700548430141,1502.3697170787832,1565.632060482292,1368.4457488199916,1420.3881131050443,1439.77261814798,1325.168835797221,1356.536423531507,1402.3187073338286,1472.3175479905797
UNKNOWN_SKU_104008,6.60326692939541,0.0,0.0,0.0,0.0,0.0,0.0,0.0,0.0,15.36535000341884,4.291038761283559,0.0
UNKNOWN_SKU_104320,1233.2137821542321,1265.1376404999885,1021.3985256761766,700.9526323167108,831.4977161287209,923.6319816779126,1011.955192616849,1016.8259598675813,1008.8471721677502,1089.7755405074688,1120.8312336788267,1418.4755867154965
UNKNOWN_SKU_105760,196.56647731100094,157.04973907743116,151.1800441282525,65.43438380658674,32.51995118693119,3.2277007288839243,0.0,0.0,0.0,0.0,0.0,0.6638598266282258
UNKNOWN_SKU_10596,1000.7340755142279,1114.0629668893855,925.6033892976526,776.1162365324077,675.9098236283527,655.6516026132498,694.7711351093086,676.9812704142968,846.1002879664286,884.5136113162752,969.9315793042937,1046.4296630028493
UNKNOWN_SKU_106097,3703.3826567328215,4082.8607868675713,3893.158197171537,1806.0494316108734,1220.6921253585078,691.8603865527834,1078.4155017043668,1418.5249000218018,1808.4989248719135,2572.195450948168,2696.9747780053376,3289.643545847238
UNKNOWN_SKU_10705,57.666091409126395,59.35320334219373,51.023370243468385,39.15278111930889,40.01238717480208,44.446149374017416,48.87123648821046,44.42018353438569,50.695018526146654,58.00336387437621,59.65851750778063,59.137517769324965
UNKNOWN_SKU_10759,2599.3521434808144,2451.669797603607,2506.547022207761,689.0419031970009,329.08490929431173,0.0,0.0,859.9439720392747,2883.690569591804,3331.930148939745,2636.961313724017,3110.2809468573537
UNKNOWN_SKU_10760,12665.771844655412,12893.173585367216,12176.849916919706,9170.997121144748,10335.593023507834,9755.107484381357,10354.603992063223,10630.243737191764,11578.356472277648,13023.083199329412,13600.170319953872,12675.887355436484
UNKNOWN_SKU_108540,10694.925592137623,13059.797355367218,13253.246689096213,9535.473679224726,8436.863994472855,7669.905369816676,7759.218393237052,8212.67753511867,8706.949971769282,9478.411444235091,10337.272145353056,10527.76742939275
UNKNOWN_SKU_109746,5.870204588187821,10.703289334911371,14.509496671050991,0.0,0.0,0.0,2.5386430176065105,15.25647731101092,10.433284284495244,13.420869402043447,10.877477034842787,2.4081026798430267
UNKNOWN_SKU_110103,0.0,0.0,0.0,0.0,0.0,0.0,0.0,0.0,0.0,0.0,0.0,0.0
UNKNOWN_SKU_110698,0.0,0.0,0.0,0.0,0.0,0.0,0.0,0.0,0.0,0.0,0.0,2.2236409671360953
UNKNOWN_SKU_110699,325.9563012694213,281.83980952609045,227.46029404195647,134.34955956518002,108.03864989428953,71.64800006810782,84.79075811769314,114.37904246789208,188.94294785858216,238.51215008166463,296.1559897706615,288.40793943238964
UNKNOWN_SKU_110933,469.98354398174064,455.03455612752,380.57292916728886,483.31679092224925,475.16264364936274,369.44088915419906,441.42104888121327,500.6027399859701,483.25645619292084,547.9221924816268,624.1799448357367,690.5481100421702
UNKNOWN_SKU_111081,4.082956315591245,0.0,9.711890529791305,3.571722819217521,4.162047920401937,0.0,0.0,0.0,0.0,2.7029053571746164,0.0,3.9178012201481645
UNKNOWN_SKU_111082,0.0,0.0,0.0,0.0,0.0,0.0,0.0,0.0,0.0,0.0,0.0,0.0
UNKNOWN_SKU_111239,0.0,0.0,0.7574406260315527,0.0,0.0,0.0,0.0,0.0,0.0,0.2675339431491735,0.0,0.0
UNKNOWN_SKU_11147,37380.51208528847,36643.8352530331,33965.920205900664,28194.473786866565,29169.79627031113,29957.847475738647,30304.968858752512,30789.545983835455,32849.80610257365,35734.94581623608,37930.068005837864,39353.975376191156
UNKNOWN_SKU_11149,23264.526572613173,21672.071328745158,20104.301427732444,13404.985801003953,13255.717593702859,12658.578921943667,14834.048678618004,16358.771578039163,19063.745791657773,20525.84345663436,20121.691082697318,22813.327477629373
UNKNOWN_SKU_11150,2144.8984497659008,1941.2444566708964,2516.884567168497,915.2151605401807,359.8101402111315,104.6074289214962,208.32976486339157,655.6293385905119,1859.3339025458115,2819.004058683655,2401.307488567534,2094.7799374482406
UNKNOWN_SKU_111504,0.0,25.579077880076966,0.0,0.0,0.0,0.0,0.0,0.0,0.0,0.0,0.0,0.0
UNKNOWN_SKU_11151,262.2755401537962,297.59065520771765,216.13728262179106,169.4431199239862,180.79632513667866,164.177824677769,184.16795968157766,201.67340305556093,226.32429312568397,249.2215405527187,279.5242738652828,264.7473958862706
UNKNOWN_SKU_111615,1.297278414559433,1.3350835931234413,1.3785643088137087,1.425836784773922,1.4510114329905845,1.4901931448508734,1.5894815671726075,1.6069713644327142,1.5827524678842753,1.7129103122177178,2.177526060388948,1.8206768172060759
UNKNOWN_SKU_111763,0.16769739023558355,0.0,0.0,0.0,0.0,0.0,0.0,0.0,0.0,0.0,0.0,0.0
UNKNOWN_SKU_111830,7094.05077118128,5887.33938728585,5707.938930072257,3053.8804142041336,2378.3078514123854,1986.2216510817375,2080.82174071997,3042.7932623333068,6454.737129526727,7901.225273184214,7705.254038012954,8232.868899778696
UNKNOWN_SKU_111831,40862.84447048852,32806.991016281536,33891.246088814805,16723.799982740296,11716.259733779545,12666.247370509802,11508.98211579287,13514.950147918182,29506.21760951729,50668.778214695456,46195.05613473682,47291.40590666879
UNKNOWN_SKU_111832,37.404909661838545,18.96055498702058,22.55974249717997,0.0,0.0,0.0,0.0,0.0,0.0,0.0,0.0,0.0
UNKNOWN_SKU_112037,2977.461367529173,2654.4822628946595,2869.7590958861315,1867.3274789783918,1649.2323021512834,1407.7918773886795,1397.5596542776802,1754.2795924879633,2647.647259755273,3003.9727102682027,2874.5711873776313,2919.4796857642564
UNKNOWN_SKU_112053,37.03767663410851,39.30532731949904,29.469201333359752,20.465387509267053,16.799870239118647,32.03253469521731,45.89317179125069,28.60348289522205,41.11908430673449,9.515511510410956,10.356223216643254,7.320605200303579
UNKNOWN_SKU_112054,0.0,6.023166415635589,0.0,0.0,0.16757183444204926,0.0,0.6583630547565895,0.02008788344722845,0.0,1.7678559712991204,0.0,0.0
UNKNOWN_SKU_112055,8.746074871035267,0.0,0.0,0.014652781858155883,0.0,2.0526880249822863,0.0,0.0,0.0,0.0,0.15204218459023577,0.0
UNKNOWN_SKU_112237,5870.605268614539,6685.692566108213,5968.680080179842,3419.876167513832,2458.725513457712,1939.0410662895047,1560.3443846316259,1766.1187153820101,2635.1114560590067,3771.292124677293,4976.844735648609,4817.159700502346
UNKNOWN_SKU_112242,672.410328932262,564.3308382073096,100.62915176794182,0.0,0.0,0.0,0.0,0.0,25.406059010664706,312.7430713947882,0.0,149.6556264215911
UNKNOWN_SKU_112263,1005.5877696928494,1127.3756921597542,1242.9002583060367,1352.474635947728,1456.3963345100574,1554.9479879469939,1648.3980985148062,1737.0017433569508,1831.8192457597113,1962.8548128450566,2111.565141378858,2273.4799932886917
UNKNOWN_SKU_112283,0.0,0.0,0.0,0.0,0.0,0.0,0.0,0.0,0.0,0.0,0.0,0.0
UNKNOWN_SKU_112578,2.6830641430553586,0.1368828408431938,0.0,6.709427767324807,0.0,0.0,0.2599530615948309,0.0,0.0,2.4242251309051515,0.4498023507673726,0.0
UNKNOWN_SKU_112587,330.28194834651185,89.3114279746807,188.0507244939056,191.82904705963384,105.27294436954026,80.82633768641597,77.20255220991245,116.55234687969869,279.1519426884601,362.85704957924816,18.09289199796129,42.878233168203366
UNKNOWN_SKU_112637,340.3861841860224,360.7341694232564,302.4956106833409,226.23061676170585,192.31967469469515,217.44157411138383,275.8301467150321,320.11165786824796,345.90671986111806,393.08462252571144,409.7299977276833,381.02375095955824
UNKNOWN_SKU_112638,0.0,0.0,0.0,0.0,0.0,0.0,0.0,0.0,0.0,0.0,0.0,0.0
UNKNOWN_SKU_112640,16.925325207889514,0.0,14.608697997134056,0.0,14.98613733398129,0.0,0.0,0.39077759177358473,0.0,0.25885265452857364,0.7516471773870341,1.2418007932189932
UNKNOWN_SKU_112641,0.0,0.0,1432.7136128253096,5888.709398082898,6197.201270912458,9122.44481379963,10344.024892732861,11144.931000502958,13407.399531342537,13702.060000637717,92.79842069736151,954.1656013685842
UNKNOWN_SKU_112662,0.0,0.0,0.0,0.0,0.0,0.0,329.76776242317715,575.9812135625324,0.0,0.0,0.0,0.0
UNKNOWN_SKU_113055,0.0,0.0,0.0,0.0,0.0,0.0,0.3233707335101089,0.0,0.34027412003158414,0.0,0.0,0.0
UNKNOWN_SKU_113181,14.416949695895259,0.0,0.0,4.225628277561334,0.0,0.0,3.3063849317133482,3.918528050421878,1.8427509088229908,0.0,0.0,0.0
UNKNOWN_SKU_113184,11.86576260279631,0.0,0.0,0.0,0.0,0.0,0.0,0.9159768067176337,0.0,0.09571524771971163,0.0,0.0
UNKNOWN_SKU_113366,6.333045053614864,5.607441477919565,0.0,0.0,0.0,0.0,0.0,0.0,0.0,3.547312338699399,0.0,0.0
UNKNOWN_SKU_11375,11877.091426898376,8986.800937657112,9602.124849014868,0.0,0.0,0.0,0.0,0.0,12266.350809099582,13442.294865424192,8655.924413234647,8995.289154233771
UNKNOWN_SKU_11376,11219.634752559172,9792.341851396059,11835.014727964874,2506.6618267192307,349.21430322202104,0.0,0.0,1794.4273962518282,11915.82114884532,14103.525748419419,11055.869025578006,10586.24564480418
UNKNOWN_SKU_116937,30.787802551561924,31.42367435708753,30.261219743773367,31.533955032561426,31.735320728346586,29.620685310779,31.40134883552631,33.27254635547276,31.379451170858392,34.249177916911265,36.21278549709799,37.73527986971189
UNKNOWN_SKU_11720,18.245197280192627,19.90630416836763,0.0,0.0,0.0,0.0,0.0,0.0,0.0,4.078982555105886,0.7037317021803817,0.0
UNKNOWN_SKU_11721,22.340309605602286,1.6148575496585664,185.69516681348938,0.0,0.0,0.0,0.0,0.0,0.0,30.79085758285818,7.562934108734694,0.0
UNKNOWN_SKU_11722,5371.93710339027,4036.654319458567,2957.8280640275716,0.0,0.0,0.0,0.0,0.0,2156.878157835859,3252.107736729963,832.0277715596087,1578.2321711376871
UNKNOWN_SKU_11724,30.408802181308317,0.0,188.31187295872496,93.34478652512752,172.49280934824168,99.59331957672447,177.09181972950205,1163.9387118217164,916.5455174654793,373.1706539504809,162.45685510847443,209.2503080048602
UNKNOWN_SKU_11725,1092.7731901169566,126.25234239093129,1745.5772124179473,0.0,0.0,0.0,0.0,0.0,4242.568227894811,6621.449558275901,2960.716570788606,3212.133729006603
UNKNOWN_SKU_11785,3350.875250196091,3267.6255030574926,3503.2851606278655,2171.7136526717613,1912.0781374655062,714.4411153716051,1066.9800617344426,1120.2230781311782,2166.978561060122,3209.584887194658,3232.9541143745114,3119.5736975474138
UNKNOWN_SKU_118652,0.31577461713615707,0.32040796435091945,0.3232751867184504,0.3387295092081962,0.33905351179571386,0.356473258461449,0.4351696003897582,0.36728721852812657,0.40294185763454227,0.4522261135153959,0.49921406281579983,0.369964966851844
UNKNOWN_SKU_118653,0.4968409600263477,0.48514481414463073,0.474266863818807,0.4640434699376979,0.4543437212123605,0.44506288861164056,0.43611718891061435,0.6694395955293433,0.6389764872038763,0.8866849669230527,0.4825307170779435,0.39448628358140614
UNKNOWN_SKU_118654,0.6574512418067439,0.6650783649676625,0.6697768403788648,0.672132397590294,0.6726136202419046,0.6715953752456605,0.6693775561311326,0.6662000777219775,0.6622548718771211,0.657695484083703,1.5386447507314358,0.6472009409320898
UNKNOWN_SKU_118656,0.008247208900851889,0.007776410391729074,0.007344811873399982,0.052944573347705866,0.006569422816119729,0.00621434267981998,0.005875318859749339,0.005549140092661983,0.005233237367961255,0.004925555477169833,0.004624450253505853,0.0043286063635438275
UNKNOWN_SKU_118657,0.28646291172297084,0.18272726954464102,0.17482326915847307,0.17875932847485887,0.16454344450867073,0.16418321442403733,0.19968585552688095,0.16305822425782773,0.3263068342354725,0.2254378733974804,0.18045722028463326,0.2013704595106738
UNKNOWN_SKU_118668,0.010202444443386315,0.009026759166441535,0.00794317121162647,0.006933261114515182,0.07398229330356693,0.0050784793215490585,0.004212388402675536,0.0033764759343174796,0.07456470622637179,0.001772250726756009,0.0009952465938041395,0.00023060355418341033
UNKNOWN_SKU_118669,0.0,0.0,0.0,0.0,0.0,0.0,0.0,0.0,0.0,0.020567029891311733,0.0,0.0
UNKNOWN_SKU_118686,0.02293994415499574,0.02180582168826877,0.02075770682130564,0.0,0.0,0.0,0.0,0.0,0.0,0.014741587565505776,0.013979784374442845,0.0
UNKNOWN_SKU_11918,5390.294093877422,4802.2671686817985,4411.42070754725,3427.29741766156,3166.3134647749594,2938.5741814876305,3114.477033879716,3382.5355948153356,3462.8887225857825,3970.70150382409,4797.952807836688,5171.320530068715
UNKNOWN_SKU_11929,0.0,1.2358022137185685,0.0,1.1257213766552225,1.435716480718353,0.0952367651358478,0.10237719383683469,0.0,0.0,0.0,0.020449486217074264,0.058568376536769995
UNKNOWN_SKU_119531,1463.95662452319,1599.2959877578237,1576.1772597292488,1371.3332586901063,1462.7638392425104,1694.785285068151,1589.6026231123813,1944.4234749314837,1690.3539377704824,1673.8488894253999,1601.533032133051,1599.4489276828901
UNKNOWN_SKU_119950,0.0,0.0,0.0,0.0,0.0,0.0,0.0,0.0,0.0,0.0,0.0,0.0
UNKNOWN_SKU_121259,13628.617618674285,11686.218180514923,11123.863238378657,2479.398293060861,571.0053451978429,0.0,0.0,1953.3713549392278,10508.413828265415,12104.441615317588,10342.958453350544,11215.608132168134
UNKNOWN_SKU_12144,1984.1444872329973,2166.5748114743737,2148.266489150331,1973.4996495739535,2039.9811961957078,1903.9266517759675,2022.5852345230317,2063.400319003539,1886.7994048708017,1931.7676918474683,1872.8713397116576,1871.4704762858655
UNKNOWN_SKU_12156,331.9920557384122,180.9363403204324,231.18957754425958,0.0,21.01258590955922,307.6664026901922,462.34286567290974,788.5134456172934,453.6337191310116,323.4625475001966,415.93781975375555,406.0706471148128
UNKNOWN_SKU_122182,7684.709865856834,7194.04250343333,6040.574865564546,4230.6834073395385,4039.319292829551,3938.6454532915814,3327.690233731225,3768.130710152959,6060.3845433603665,7478.711061996312,6900.150128975088,8208.563234628125
UNKNOWN_SKU_122221,457.4427707325051,377.1024111719053,310.1618963492104,88.39245731683923,54.25187891672738,0.0,0.0,40.8800234868221,361.8622231558535,472.89455571686335,495.3585945914564,547.3199985169157
UNKNOWN_SKU_122356,956.2497902070108,935.3817813535861,989.7229515423103,709.9774649647542,681.8914529741735,627.9470206531735,687.5710520678374,794.634654471033,824.8631136650538,801.4962582917346,1000.1611512645435,923.3710429142551
UNKNOWN_SKU_122357,1286.3566664027628,888.9800593595554,975.5326937583322,494.3727213106963,358.90106338593034,182.0000570794598,63.15477206762614,233.86646409150183,773.2097377439449,1161.3910766992421,1237.436467896822,1457.8939008882292
UNKNOWN_SKU_12316,859.7350064467898,1052.1823005227852,1536.0676745443482,1617.4927125223664,1986.1358816655472,2027.2543557408587,2343.765073761876,2445.4091869394542,2515.3208162422857,290.140058445317,461.7393909685088,630.7579957478295
UNKNOWN_SKU_12320,2437.814777620548,2354.1039560084682,2373.929179241172,1531.4592383497022,942.5163661588938,601.9287489286146,491.75133566675845,799.466085579641,1656.400966032314,2476.6551509168194,2483.3279793467923,2292.3213226131365
UNKNOWN_SKU_123653,0.0,0.0,0.0,0.0,0.0,0.0,0.0,0.0,0.20130137138650459,0.0,0.0,0.0
UNKNOWN_SKU_125447,3.853504591006022,5.688997781814521,0.0,0.0,0.0,0.0,0.0,0.0,0.0,0.0,0.0,0.0
UNKNOWN_SKU_125449,429.76965082136377,518.8749779915122,320.99124117247703,0.0,0.0,0.0,0.0,0.0,0.0,239.303833490551,523.5827371304745,504.978661487259
UNKNOWN_SKU_125621,74.78036215574008,69.3668811261108,61.621752317967236,56.24650528701228,75.9983636778082,77.08950640600479,69.63047660412195,75.57970877817554,72.7191505329783,71.65595995238043,66.67626350346195,77.45496235988706
UNKNOWN_SKU_125623,1260.290250989669,1260.015445789538,1048.2981033799194,584.6815312027106,755.1927752114298,913.5346721688918,1146.4770914853475,1184.9247286889984,1162.159340202405,1058.8227311636165,1155.2511456830728,1180.305979049123
UNKNOWN_SKU_125624,0.05125471749179278,0.0,0.0,0.0,0.0,0.0,0.0,0.0,0.7171295509079314,0.0,0.0,1.417130947600313
UNKNOWN_SKU_126052,2564.0524408357064,1526.1138887753054,1610.3698634092852,0.0,0.0,0.0,0.0,70.5493586721434,1735.6999370205594,2762.148415981592,2666.5056154327203,2131.9233912759223
UNKNOWN_SKU_126053,517.7122412736254,488.78621320904847,445.9479356309628,367.4118584420703,330.9955415645322,311.49703293607786,358.74797090689026,465.6244661571162,790.0598072308729,1062.5170249634543,915.4053440230956,622.3425441443844
UNKNOWN_SKU_126231,334.8530076395699,335.6676375858834,334.93260956182843,315.1702551614785,317.9096396600927,331.57561527787817,335.9548637910007,377.91553062039293,356.50893210280077,393.19572130762117,391.2248206903717,396.96736821546625
UNKNOWN_SKU_126357,0.0,0.0,0.0,0.0,0.0,0.0,0.0,0.0,255.76102865685016,33.69936133834062,0.0,0.0
UNKNOWN_SKU_126358,0.0,0.06261700373078243,0.0661954240445232,0.0,0.0,0.0,0.22207401895675877,0.0,0.0,0.0,0.0,0.0
UNKNOWN_SKU_127632,0.0,0.0,0.0,0.02953611781811132,0.0,0.0,0.0,0.0,0.030624633254895738,0.0,0.031095441426646827,0.0
UNKNOWN_SKU_127638,9.549082219482218,13.9252500973818,11.04043546944306,10.084034836833663,11.077565400487739,11.864640921152596,9.478952407426076,12.632252666186455,10.156343942936354,14.685068034077865,8.412298376732673,9.847933720598112
UNKNOWN_SKU_127641,0.0017771674147971268,0.0711773389500092,0.0,0.09198184936721641,0.011385652447482294,0.06679021755687421,0.014195392289566969,0.05760105472090038,0.0030071073111463363,0.04641347202852231,0.0,0.0
UNKNOWN_SKU_128521,432.7063738687939,413.4403353084227,235.64349128980155,0.0,0.0,0.0,0.0,0.0,0.0,119.92803421662762,0.0,0.0
UNKNOWN_SKU_128523,944.6603025488414,724.878908307529,525.9553222837485,46.21798283399323,0.0,0.0,0.0,0.0,365.19021231934465,636.8282710780855,679.4938474543476,912.9314379246266
UNKNOWN_SKU_128524,148.45071838126864,401.9395873405321,453.74778731483383,0.0,0.0,0.0,0.0,0.0,0.0,282.5102816911609,108.72118125046285,0.0
UNKNOWN_SKU_128581,0.0,0.0,0.0,0.06343289485434368,0.0,0.0,0.0,0.0,0.0,0.0,0.0,0.0
UNKNOWN_SKU_128583,873.4760341533477,907.0848240394223,1254.343892505658,961.8926256230473,998.9388401590322,1055.7030620426829,1125.4167909066164,1243.382751401818,1196.639131946725,1364.3438115388515,1325.598575225837,1337.3633188029385
UNKNOWN_SKU_129199,216.09262426043654,220.84526336313783,207.23038098039194,169.99748140928833,183.83056808749848,178.2212437651597,159.4579906423817,174.41959447925248,175.41268388384213,208.57936174260695,215.7409103647119,213.4715555974889
UNKNOWN_SKU_129201,230.39193162368227,251.5977738240747,212.12068003784802,210.9896374623259,210.38863585536757,187.39086702326014,202.0104844110335,224.1060107747115,216.8074643191132,235.84525960809387,251.06292829273764,248.781695693912
UNKNOWN_SKU_129351,0.0,0.0,0.0,0.0,0.0,0.0,0.0,1.1978327876570989,0.04748354058014398,0.0,0.0,0.0
UNKNOWN_SKU_129396,7019.335024349319,7402.587838704516,7198.426218502093,4624.040250653577,3596.7960046881826,3660.5467362292875,4220.669449775593,4833.044548926058,5084.38835655985,6099.240330980305,6391.682838830087,6864.511373423334
UNKNOWN_SKU_12976,4821.320627702881,4705.914689451896,4615.481996478226,4016.05309972641,3784.7616399520757,3341.132129759726,3385.2905792329657,3542.992196438676,3764.0623478303623,4057.56092657083,4184.974247190323,4877.950561313037
UNKNOWN_SKU_130500,163.43412664805106,175.5206907094735,180.31269750419602,194.42357489555366,218.7613793537146,216.41086452533872,230.75154637475282,228.01176506806746,224.6727437630876,287.9706444597279,276.53662105790744,264.29686976254914
UNKNOWN_SKU_13135,1079.9386154553035,801.9429879613223,819.2689677520151,791.7291744631482,883.2252967486999,801.4263388299488,763.8268547171107,519.6131707198888,316.12359683250327,303.008627549462,352.5391326405478,403.75053838705423
UNKNOWN_SKU_132593,0.0,0.0,0.0,0.0,0.0,0.0,0.11389036940438471,0.24354459610835885,0.1051064325979622,0.10459435691606883,0.0,0.0
UNKNOWN_SKU_13324,15.881740327155526,23.472416836037848,12.211867795852793,11.711138316413837,15.658264485571756,21.76247517360718,22.3163534767446,23.30196587196362,13.292965540847923,18.69667502866446,16.372152371626765,24.7242439987057
UNKNOWN_SKU_134323,0.0,0.0,0.0,0.14472619660796093,0.1717672056287971,6.266340162887145,4.029338678735501,3.7474776414558635,2.2713289616738317,0.0,0.1379072829044059,0.28529312495770087
UNKNOWN_SKU_134730,22.409287327499925,0.0,0.0,0.0,0.0,0.0,0.0,0.0,0.0,0.0,0.0,0.0
UNKNOWN_SKU_134963,105.28577787791474,96.3611389765722,81.42717334035507,86.17894631623824,78.1773101818017,96.77454675910938,104.64408150581241,80.86825478803175,87.34613889866412,107.35139167202693,117.84813937557408,102.5288830232687
UNKNOWN_SKU_134972,245.7473121892948,243.5316232338151,191.83040149427157,165.40955352747702,187.00780457888158,218.9641348448455,230.8497284824568,223.7303328173861,240.3189457101698,233.71276544923697,258.93035066533093,193.6449482630464
UNKNOWN_SKU_134973,312.5860305318013,314.98445691933654,295.81980753200423,257.5982975247781,255.11209902163682,268.3233497217634,255.3981597845043,255.11661733733666,285.58479288224214,275.50474282080614,284.1445122742969,254.5341373397292
UNKNOWN_SKU_134975,355.24137096935897,367.7092979644749,333.5568902968833,294.9330148991256,295.75996531723524,324.91917638803847,311.40259598099675,307.90578239167894,350.1347822565404,359.4668328847452,349.2069241236247,315.4642478510439
UNKNOWN_SKU_134976,155.37661802929517,178.96811527171243,165.54533245992246,156.6495256047667,170.82049951491823,207.32649803731564,176.30331624950978,158.04879021354128,181.24078877904265,169.2668070257199,187.60324101733795,154.0184076049086
UNKNOWN_SKU_134977,131.84386742945364,148.91954703221734,123.21042647436158,108.6942657880103,124.75407299886261,156.80625452747776,143.0647355103032,123.63505605649685,151.4084482533851,154.245897770829,148.17619314471744,149.86996520376155
UNKNOWN_SKU_134978,158.01318612877947,174.20597448569566,137.4291842209647,146.24553105891596,157.42838757901296,174.8648518448266,168.1506023072136,170.75058172685922,183.60954431231175,194.13649343040979,188.76703177462431,186.89964149973193
UNKNOWN_SKU_134979,239.36340363017888,235.88236452468308,207.75688483795255,169.20825268623412,198.0910985625254,235.96632686122442,231.79986109784966,223.08124008481587,254.58009487205487,252.80253029951206,262.1994302391439,229.51270178851533
UNKNOWN_SKU_134982,134.9239122833626,133.86777693159382,115.51005970324907,94.23787697364355,86.86292184302945,99.91054879160846,96.25304140354197,101.00502654615907,131.75900571332306,154.96898010012455,155.28415066263602,156.70467816571548
UNKNOWN_SKU_134983,288.90536223050924,316.71152660730337,264.43367416875543,234.18100827793373,231.19569162529305,251.8194543631972,224.42408061353717,244.80579767382577,278.04958738207336,299.6694352086881,308.8285295299966,273.76342104706
UNKNOWN_SKU_134987,189.72554877055825,209.23695338598242,159.6758542942151,134.72155223669452,115.32148780657138,105.58201347836614,109.52741123169528,116.18110665025188,154.0850402009905,206.15516425747464,206.9270407185553,206.96751910331312
UNKNOWN_SKU_134988,445.00061761836685,468.3381266648845,387.1553500176862,310.33834481551526,287.33315676936616,278.70742244803455,282.27805110655686,311.32497014896245,451.4189214984746,518.3012986936719,473.83401656541747,449.18740697840155
UNKNOWN_SKU_135560,69.4556826435655,95.80215855959099,92.39575924239747,109.32585973862876,85.36876008559994,72.95150031316297,56.29611244519948,61.498222100814814,89.1359297752932,49.918915864862,41.47772468650315,39.555191693802186
UNKNOWN_SKU_136044,1.5126313097424933,0.0,0.0,0.0,0.0,0.0,0.0,0.0,0.0,0.0,0.0,0.0
UNKNOWN_SKU_136404,6971.838218178851,7056.191177925187,6489.27938062084,5060.0685776759465,4200.269370218614,4045.8934391513303,4682.134529196087,5392.448436130475,6009.688596576569,7183.1101598320265,7793.557645334975,7355.373468635916
UNKNOWN_SKU_136937,1009.6694463969447,1128.5186347577041,1018.6001029789601,879.8553950886121,646.7685463089819,302.0467848179255,264.2434931577287,449.8569773622189,507.4666822584592,630.4625637080992,622.2073864004594,704.5257620869957
UNKNOWN_SKU_137638,2.4932432569196257,0.0,0.0,0.0,0.0,0.0,0.0,1.4537120575231177,0.728178616518653,0.0,0.5200006476350473,0.0
UNKNOWN_SKU_138248,54705.65097187708,50353.59193202859,48762.04911648766,40001.3592803928,37484.169427854766,37767.487962162224,39789.33400594605,41149.65445731099,43964.33363474082,48064.957393022545,50589.3744159858,52941.74605069428
UNKNOWN_SKU_138415,10.018831333653473,8.113514726302105,28.119998811913092,17.171123451893973,1.3243605353707455,0.0,0.0,2.1384631489359247,10.441581778972639,30.30201405449409,21.747097246403328,11.522301171422807
UNKNOWN_SKU_138417,23.136648916818896,16.936711390367027,27.185110744031896,13.68217960179011,5.518184062823032,15.488937006475716,13.96748873622419,22.989879494849315,19.846941476575772,39.33814043678326,48.35544897977557,27.73324518899581
UNKNOWN_SKU_13885,370.5783050780647,337.01572724894834,333.9029417291953,283.5767900569326,275.67714546266234,292.954706530786,294.2768321288248,311.36340935079573,294.87274787191234,316.5054954323455,340.44257022423193,312.325106801281
UNKNOWN_SKU_13889,35213.845003251416,33468.39947373223,31581.95483444586,25493.29410734575,25782.28090999464,30766.21293644273,34605.54714193018,37663.837090649125,37918.356833953265,37344.48761292556,32059.51802043236,33414.625330766794
UNKNOWN_SKU_13891,23068.465869172705,22790.792250927443,21568.816747495443,17468.612535914053,16136.50895781316,18127.196686496653,20661.10786060766,24558.49859106068,25814.093766587306,27759.088498172816,25948.46087460544,25466.824966915752
UNKNOWN_SKU_13896,267.8274377622208,308.25222612922937,248.83176046273618,188.3326915694416,152.470740094706,106.70048255481734,117.90798016280647,123.68208188909773,186.03226691003073,240.1689185666771,310.8079435318942,262.27766714396773
UNKNOWN_SKU_139037,2260.6518845593705,1971.072037793341,2019.872555990408,800.9161661579544,440.46184990188283,79.68959250691705,155.30698220083582,421.52168956586297,1758.5938510677759,2372.9343758791983,2109.8751913382275,2157.4174393153426
UNKNOWN_SKU_139312,0.0,0.0,0.0,0.0,0.0,0.0,0.0,0.0,0.0,6.763171312758445,0.0,0.0
UNKNOWN_SKU_139362,21.88264798560001,16.872409153157477,9.256483271977007,1.1456077518061747,6.061172520443057,6.68548952012611,10.8120083046461,7.749488517035644,9.876137871720823,8.463722540242516,20.577655459833416,24.321066980279696
UNKNOWN_SKU_13957,455.5774311857781,439.90996277964405,400.6143281994849,91.75103575400178,7.934568336461382,0.0,0.0,33.94052494724349,62.176324692713706,199.1796948565789,388.567056917919,367.5262112818599
UNKNOWN_SKU_13958,1387.1386823116134,1163.833226687985,1062.7645168709382,504.32680369915636,343.63548784358704,72.22248984098769,314.1781461207645,347.82712582644183,543.8987642728403,817.500929711815,1060.6511167448502,1254.8009210531345
UNKNOWN_SKU_13960,3898.536972634757,3616.2932772984977,2808.5570240581114,1933.9711244944215,1384.5339078720863,1136.280437602838,1536.6179644160597,1723.2074888952552,2214.225811507231,2966.4127726254314,3365.2946445486077,3594.1468451157702
UNKNOWN_SKU_13961,3452.682558099097,3297.010025143678,2963.8203411522245,2200.482136331941,1953.234714848597,1692.1379200348028,1903.6296265566489,2236.9501341470077,2386.116882592175,2883.5610237211918,3063.0434789972846,3314.646185591041
UNKNOWN_SKU_13963,943.6527691082201,1011.6355127205161,1115.900800674842,637.655205754097,375.3608721020347,295.3694366552206,249.8059545033923,364.2768279818006,358.4497393089339,584.5295865923554,679.174423034251,742.3293991766969
UNKNOWN_SKU_13965,3127.983241349225,2957.1256391894453,3135.2738103579914,2025.4792661884503,1474.329042447725,1136.9214231143756,1199.8296779680318,1352.5378132993458,1413.722335084432,2052.7500240006025,2191.3357216913046,2446.17412771781
UNKNOWN_SKU_13966,974.9310344198767,1089.7139767781396,1009.8339035272415,593.1976654476408,656.3478707807727,836.3247973560005,985.7403091112191,1118.7937767874287,809.0160025885812,782.2391486084277,806.6666688360348,825.0292445610141
UNKNOWN_SKU_13967,3438.8669813297024,3125.5114489846237,3131.8884657213716,2469.9753040858577,2720.7379729966915,2962.137080926557,3356.6997059245027,3399.0992721371244,2799.7794325036893,2901.967957316499,2804.566628353241,2946.473138302721
UNKNOWN_SKU_140299,15.652678601467459,26.27132181556342,7.1127897072069635,0.0,0.0,0.0,0.0,0.0,0.0,0.0,0.0,0.0
UNKNOWN_SKU_14103,0.0,0.9717593335858796,0.11173373653405447,0.2495070349414969,0.0,0.0,0.0,0.0,0.0,0.0,0.0,0.007935913658364047
UNKNOWN_SKU_141640,0.0,0.0,0.0,0.0,0.0,0.0,0.0,0.0,0.0,0.0,0.0,0.0
UNKNOWN_SKU_142203,2.475886491231374,0.0,3.9910150674174876,7.131385676131968,1.182573667164272,4.601838171398502,7.164475363174563,0.0,10.757226703562665,0.5801022069911443,5.229869848001744,1.6419850197153543
UNKNOWN_SKU_142316,1362.7641213652264,1376.875098421989,1183.0467919318057,1050.1810586040658,1080.975783806281,991.6972758324596,911.2337813178091,1011.1162975704959,1210.0748224370518,1266.7861541947036,1286.0333314652316,1344.8547851460607
UNKNOWN_SKU_142372,0.0,0.0,0.2700371765880689,0.0,0.0,0.0,0.0,0.0,0.0,0.0,0.0,0.0006393884733276681
UNKNOWN_SKU_143725,37.933998467445356,57.684227300900496,44.1029631283594,3.6984806001220054,0.0,0.0,0.0,0.0,0.0,0.0,0.0,0.0
UNKNOWN_SKU_144091,74.53319488328665,68.41693127620738,70.4464832135504,46.19228758643116,48.95789390774219,61.901741787797384,65.39098291484795,63.863338639494785,63.86298604221862,70.2864667874041,52.88861420655889,66.2764949648891
UNKNOWN_SKU_144097,27.093903742711653,26.644752985666806,23.731452885726956,22.141633311471104,20.658998157762447,26.38131054049154,21.164380952370852,25.766057787570325,17.12021976142593,22.730769846206442,26.265630419726875,23.36473938423925
UNKNOWN_SKU_144098,0.0,0.0,0.0,0.0,0.0,0.0,0.0,0.0,0.0,0.0,0.0,1.7040235403210664
UNKNOWN_SKU_144101,0.41756548049246156,3.4102467979162348,3.0254888232361927,1.510379414873098,0.6201888595635615,0.12833338669687144,0.07834597978445845,0.029853025635467212,0.0,0.0,0.0,0.0
UNKNOWN_SKU_144108,0.0,0.0,0.5140017981952207,0.0,0.0,0.0,0.0,0.0,0.0,0.0,0.0,0.0012170428871616304
UNKNOWN_SKU_144109,3084.160387583644,3312.422952068265,4069.163905462018,2922.8023699830783,2696.2064434059844,2093.627403950366,1884.1802741919282,2206.8710721912353,2336.3130123967385,2785.4578663671973,3086.4146513496225,3428.53378114162
UNKNOWN_SKU_144459,17860.522232261937,18869.35212550813,17326.083404419875,15538.929299713905,15730.950580571103,15585.44377771331,15658.187395326275,16774.126112386457,16735.132973921503,17070.045572707662,16241.230221882386,17253.062118926242
UNKNOWN_SKU_144460,13761.097301232281,14906.389740870907,13393.702583381732,11605.26260862114,11942.166957452704,11132.257313696817,12138.466076982848,12207.520526958704,12725.636979289895,12415.474933858652,12667.489215553096,13070.100108016946
UNKNOWN_SKU_145471,22.555698615375967,2.5731926935088723,0.0,0.0,0.0,0.0,0.0,0.0,0.0,0.0,0.0,0.0
UNKNOWN_SKU_145472,4.330783790832356,0.0,147.53327428044133,0.0,0.0,0.0,0.0,0.0,0.0,0.0,0.0,0.0
UNKNOWN_SKU_145664,8827.408207571754,8563.917944412256,7559.3427937346205,6646.525733042468,8338.641144338706,8693.689733225652,9123.21486418517,9781.931228802743,8680.969380346758,8611.541761431927,8174.567526150024,8554.846797774459
UNKNOWN_SKU_145707,8206.48383561633,8068.208376517405,8540.136659252155,6849.776335453848,6254.1627264290955,5968.5000892231865,6967.976629472354,7512.166111685577,8086.6495474700505,9688.370946111521,9514.86751503859,9367.971020194138
UNKNOWN_SKU_145718,14861.625420022787,16651.107204077714,17390.521035711754,17028.544505409103,17584.25368555709,16038.285434065585,15812.474437262492,15972.035244210128,17396.334694158344,18719.005858507022,18047.49679437607,17542.615947461425
UNKNOWN_SKU_147057,9.774302120571452,4.65278778903927,1.0849121948888243,0.07314759064376641,0.9362717783230186,1.2873069995417188,1.5434710475919777,0.896138157107484,0.38280771579518724,10.655079233820649,3.772632319316317,11.77321065878815
UNKNOWN_SKU_147328,14655.370197897957,9022.595958988379,6467.247216818752,0.0,0.0,0.0,0.0,0.0,4554.840352591108,16754.506474407248,9900.6932208182,11000.70086690501
UNKNOWN_SKU_149078,0.0,0.0,0.0,0.0,0.0,0.0,0.0,0.0,0.0,0.0,0.0,0.1759357628869493
UNKNOWN_SKU_149102,0.0,0.0,0.0,0.0,0.0,0.0,0.0,0.0,0.0,7.9532981536570535,0.0,0.0
UNKNOWN_SKU_149110,0.7234400501512077,1.0790922504191207,1.339514316273907,0.9733522745981917,1.9083229468980754,4.385399790378437,1.4469615708031833,2.4489113007834353,2.006771390408092,0.36775976774827424,0.5388507752608751,0.6508238869114118
UNKNOWN_SKU_149111,0.0,0.0,4.366627851561528,0.0,8.485351564821142,0.0,0.0,0.0,0.0,0.0,0.0,1.5327852667332653
UNKNOWN_SKU_149112,0.0,0.7729309807950426,0.5082041479244812,0.0,0.9437112624113781,0.0,2.6718906420236426,4.1115035801582644,5.738420271316142,0.8191799648926248,0.16421406040399145,0.27186767746326557
UNKNOWN_SKU_149199,55500.80502877615,52881.53834676014,45448.29749195032,34720.25649890547,30282.584995272584,29892.87308316928,33441.27524428965,40179.452663988915,45870.58069055135,51665.71920260429,48216.95450304965,52972.57203420893
UNKNOWN_SKU_149311,10.504459805646285,21.4174911833262,153.1506054213412,51.46778594762429,52.554219504521846,25.531255485910954,39.28597340689332,1.2772368795502729,0.0,65.03274586061531,3.5331222501410977,44.718512497632815
UNKNOWN_SKU_149312,1.8819797046105877,1.0781337126992694,1.6504561411763263,4.780513305964086,0.0,0.0,0.01795681494182333,0.0,0.0,0.0,2.4955511043643503,0.0
UNKNOWN_SKU_149313,0.0,0.0,0.0,0.0,0.0,0.0,0.0,0.0,0.0,1.1139974582580714,0.0,0.0
UNKNOWN_SKU_150578,22.91956810682772,21.670213426237694,36.79394112939001,26.1841347395362,3.611901075277494,4.764125591494867,4.499516652093103,20.904640948196043,16.711951832702727,30.54981198793242,28.446511559740507,15.140282664811313
UNKNOWN_SKU_150781,58.731279784459524,60.52862279933169,67.366838028123,65.86975102804965,73.65722224488451,53.616740035245996,47.891095084428784,63.08811994066857,47.652480642553996,57.79151002095592,66.67307434057103,72.66346661315671
UNKNOWN_SKU_150788,0.0,0.0,0.0,2.6957378340963283,3.145595296943978,8.8632867687503,0.941245447723558,0.0,0.9232813497240187,1.3138576170871403,0.0,0.32902284636900225
UNKNOWN_SKU_150789,33.84284733498742,38.41121978656869,29.700759815074587,26.40803390512022,29.684295244397624,29.92374638306044,30.757749361231596,35.77899381100942,42.367631438072586,37.27938360696402,41.205627409318055,42.4814645184422
UNKNOWN_SKU_153289,133.45347759930064,121.92110258275311,166.45850376429146,140.90372590429843,137.02880481108036,136.07496913128222,132.63000178222006,119.84772909774662,130.2276121449442,198.1304197774786,135.24396707828245,151.35090611370185
UNKNOWN_SKU_154004,0.0,0.0,22.599384833084606,0.0,0.0,0.0,0.0,0.0,0.0,0.0,0.0,0.0
UNKNOWN_SKU_155873,187.65624665987127,291.3388236421221,136.77894780085967,0.0,0.0,0.0,0.0,0.0,34.07966733370617,177.13566076468533,247.28291808240596,222.1047865095187
UNKNOWN_SKU_156476,2680.34358893779,2968.655342761376,2961.832496028636,2020.224768850835,2251.0719373169854,1914.3466222982966,1950.8693204917377,1997.058429254881,2366.9222664737877,2782.288286457304,2914.030852652508,2703.373055817062
UNKNOWN_SKU_156477,17475.61632277131,19737.684157968797,18979.486856190677,11829.7002448321,14128.318985809143,12627.019608654684,11882.192936995029,12382.338029731201,15913.499333984051,18446.562007450244,19279.6013762871,17339.917301420486
UNKNOWN_SKU_156478,4820.180691656101,5274.64851390766,4985.332665623881,3343.992280911837,4201.148267057178,3839.098549888424,3763.478270068399,3762.8575401273547,4590.625650089498,5019.626831974188,5263.600871396916,4885.185996850073
UNKNOWN_SKU_156492,3421.5713575408104,4186.475369420652,4195.514530244336,3374.8266102230946,3670.3250255259127,3629.8825090879773,3720.8992472574396,3440.5665891128224,3286.855613916939,3575.5739850800423,3851.8866333303376,3954.735903250384
UNKNOWN_SKU_161193,0.0,0.0,0.2254019810442535,0.19102732059591454,0.0,0.23788564228162098,0.0,0.0,0.2295350395470175,0.2506434089652278,0.1637150447609798,0.0
UNKNOWN_SKU_161579,29.326106961013686,31.278256716863645,34.26283748292177,29.06016305714643,25.694084477904322,23.39408257588879,21.60574201565453,28.05753052884528,28.82382230077604,26.75411667969881,23.058413144215187,26.226711277206448
UNKNOWN_SKU_161655,0.8917403020962114,0.0,1.7940565617767383,0.0,3.0118279371303744,3.237546543399794,0.5866905865148023,0.4373749791062804,0.0,0.3817141471165314,0.0,0.10110018380119101
UNKNOWN_SKU_161824,3.9354541050002223,0.0,0.25841667508195776,2.345836783356396,0.4752267738381307,0.026592670085702208,0.0,0.0,0.0,0.07589835110297805,0.007199451208499852,0.08649423515510113
UNKNOWN_SKU_163831,0.0,0.5148291001448742,2.05666273755362,3.586013226252499,0.7693771959834816,3.2131519505401496,3.2996553329573644,4.259141617663018,2.5418142241994213,1.2358358882004257,0.8433367981731101,0.8644211049231387
UNKNOWN_SKU_16469,0.0,0.0,14.493725120388774,0.0,0.0,0.0,0.0,0.0,0.0,0.0,0.0,0.0
UNKNOWN_SKU_16470,0.0,0.0,2398.610140221319,287.1768572194003,124.83952034273278,471.6773403662671,313.31688590996265,538.6294118697867,0.0,0.0,0.0,97.22660976422685
UNKNOWN_SKU_16471,0.0,0.0,495.15950588958594,0.0,65.85620411807533,0.0,0.0,6.037523199338338,0.0,0.0,0.0,0.0
UNKNOWN_SKU_16472,0.0,0.0,676.6742001208079,0.0,0.0,0.0,112.0292867921377,218.46516620415582,0.0,0.0,0.0,0.0
UNKNOWN_SKU_165098,12456.839546260302,15855.296004585403,8784.72287438525,4522.315273364884,3813.6408956883533,3857.39029668689,6321.672320625479,8689.096042916113,13191.60832388838,23530.919851805957,21419.732377279783,18349.433700798592
UNKNOWN_SKU_165099,20632.35041456992,15680.557891718472,13812.876056265872,4728.99797073236,5653.482485134109,3828.9354794840765,5767.010457792612,10058.773423268005,15353.427178476877,25424.783565472542,24127.042857897643,19986.629674666277
UNKNOWN_SKU_165457,0.5608247370824767,0.0,0.0,0.0,0.0,0.0,0.0,0.0,0.5414166879500439,0.0,0.0,0.0
UNKNOWN_SKU_165460,0.09961545526569764,0.21135397659445215,0.2650582140520098,0.11873502441261002,0.1383898930956442,0.0,0.0,0.0,0.0,0.0,0.0,0.003637049693306159
UNKNOWN_SKU_165461,0.0,0.0,0.0,0.0,0.0,0.10009766218972793,0.0,0.0,0.0,0.0,0.0,0.0
UNKNOWN_SKU_166612,258.9983107715362,275.22516493884905,245.6955338520269,195.6795145618967,214.82918470912023,186.0886064062266,223.7002293432393,211.051613272177,220.95640599465486,276.2075257519646,280.4465071371401,275.772977824608
UNKNOWN_SKU_167109,19.128865055389877,15.170901059330847,15.264340198688128,5.173701846378452,15.99820150073521,0.0,0.0,0.0,0.0,0.0,2.9350196661203256,0.0
UNKNOWN_SKU_167898,749.5900589364431,401.0189181712546,0.0,0.0,0.0,0.0,0.0,0.0,0.0,0.0,0.0,0.0
UNKNOWN_SKU_168102,0.0,0.0,0.0,0.0,0.0,0.0,0.0,0.0,1.2925667004817667,0.0,0.0,0.0
UNKNOWN_SKU_168103,396.61706994846975,826.6497879484789,418.4284963301478,513.2939970171445,627.2985315484034,941.6146931550722,1342.600956422069,2087.8425010173273,880.7418706751961,795.9599003831527,687.6092581311794,348.53687831126234
UNKNOWN_SKU_168104,0.0,0.0,0.3110083344152242,0.0,0.0,0.0,0.0,0.0,0.0,0.0,0.0,0.0007363991382463471
UNKNOWN_SKU_168105,13.361956831159972,22.01010210268555,87.33963354635779,208.89867392774744,517.5753214593109,543.3696547110134,520.1597365388272,931.9656172275302,282.76733700494424,98.1309280533273,0.0,0.0
UNKNOWN_SKU_168128,62.9098208133923,89.30241338130564,76.11237245925398,58.84622474523032,56.40199159762905,14.72369010316573,11.13173393121274,0.0,0.0,0.0,0.5877787490045066,2.4428299659721198
UNKNOWN_SKU_168774,1.98344700800966,0.0,0.24164023304337373,0.7238356062664381,0.1275872924525584,0.0,0.4820968058620442,0.0,0.0,0.0,0.026686954959924847,0.06503608466102934
UNKNOWN_SKU_168779,1.3349678454053753,1.321781421380761,0.0,0.0,0.0,0.0,0.0,0.0,0.0,0.0,0.0,0.0014712016897129587
UNKNOWN_SKU_168784,4.318207798566276,0.0,0.0,0.0,0.0,0.0,0.0,0.0,0.0,0.0,0.0,0.0
UNKNOWN_SKU_169053,11830.745140445466,9111.013026983284,8670.730013346072,6374.8714795688375,3429.457729679587,2429.0866069007243,4126.90118581017,5950.757126070263,8025.285355410877,11849.218616015907,10539.973101632459,10296.276967258244
UNKNOWN_SKU_169055,0.1931452074276127,0.19613913267875743,0.20096194723366045,0.48564787323157,0.20822428838388501,0.0,0.05513181439438275,0.0,0.0,0.0,0.0,0.008577606880776023
UNKNOWN_SKU_169057,0.158609895579627,0.0,0.23332969777103682,0.0,0.029619986100687404,0.0,0.0,0.21034055973378687,0.30307544851464885,0.0,0.0,0.0
UNKNOWN_SKU_169185,2.189081370528103,3.746467775882304,0.0,0.0,10.3066540435794,17.937157978785695,9.300219143066318,6.75452609060641,10.51022966475407,1.40505054018778,3.0523652566503374,0.4712750459359709
UNKNOWN_SKU_169186,1.081266168879767,0.0,0.5104106919275816,0.22401545428326197,0.0,3.3766291372029036,0.5253933440633626,2.108309462836983,0.0,0.9001724335208572,0.0,2.3894202413621626
UNKNOWN_SKU_169533,19.396273615989138,9.181504720845552,13.368953455800426,0.0,0.0,0.0,0.0,0.0,1.6326883211098209,0.0,0.9779783224819427,0.0
UNKNOWN_SKU_16998,1771.4247386516124,2475.0816321313514,5215.08919159422,1418.9676838435917,0.0,0.0,0.0,0.0,0.0,2275.1906950300204,3867.4227993457766,1692.702527477457
UNKNOWN_SKU_170570,2991.0715480349572,2309.233541154178,2309.4869743269674,0.0,0.0,0.0,0.0,0.0,0.0,1519.1783135140186,1749.2523016341238,1646.4161308076145
UNKNOWN_SKU_170571,9273.436438981875,8216.041727085525,7705.622507999129,3971.6228831606813,2298.2729337206038,1269.424324599213,1557.3523877327743,1558.6169886703028,4457.1716198509985,7802.55707522623,8462.992789957094,8822.137512172452
UNKNOWN_SKU_171082,0.0,0.0,0.2830734540785275,0.0,0.0,0.0,0.0,0.0,0.0,0.0,0.0,0.0006702555030745159
UNKNOWN_SKU_171151,12.527855045579194,33.01075502747534,72.96786228723509,36.70113536928578,13.622141109169146,8.866532975318684,0.0,0.0,0.0,0.0,0.0,0.0
UNKNOWN_SKU_171152,4903.892898541101,5148.706441456443,5026.5225328045535,3953.7458628988807,3267.4037839901794,2615.963377879055,2634.637510005994,2905.2388727233847,3569.699219913132,5315.977154680769,6845.295959510717,5419.051060390512
UNKNOWN_SKU_171330,0.0,0.0,0.0,0.328358514540132,0.0,0.0,0.0,0.0,0.0,0.0,0.0,0.0
UNKNOWN_SKU_171331,425.0456141557491,2139.1212810563375,2094.1256381389085,0.0,0.0,0.0,0.0,0.0,945.8593252432491,1496.9264384231412,1316.4811525291561,2506.5995473760677
UNKNOWN_SKU_17148,0.0,0.0,0.18383992363064083,0.0,0.0,0.1379041431753417,0.13647451388218482,0.18300488657991829,0.0,0.0,0.0,0.0
UNKNOWN_SKU_17174,0.06628974046178927,0.08767304813446584,0.0,0.15865713121646266,0.0,0.9041396701460954,0.0,0.12338122081821516,0.0,0.0,0.0,0.0
UNKNOWN_SKU_17234,1094.1975203145978,1157.7820392965316,1084.481204301473,791.4580861248204,766.1799414028925,731.6745754447445,762.5626324976204,851.1074279593158,987.5180141480657,1180.4472329184605,1222.87455775417,1189.0035674421324
UNKNOWN_SKU_172918,6.226783490586243,0.0,0.0,0.0,0.0,0.0,0.0,0.0,0.0,0.0,0.0,0.0
UNKNOWN_SKU_173007,1571.6452981391644,1619.6842824579994,1892.849436181475,1247.468725428663,1281.7721230948216,1056.7352074961566,922.3976412856321,1105.2463545856203,1194.101291494019,1394.511607289146,1485.0082261936554,1561.0206875856707
UNKNOWN_SKU_17353,228.53313887137878,55.39156776378078,15.816824075812935,0.0,0.0,0.0,0.0,0.0,0.0,0.0,0.0,0.0
UNKNOWN_SKU_17354,193.7336381454989,60.05645748293449,14.382799087920443,0.0,0.0,0.0,0.0,0.0,0.0,0.0,0.0,0.0
UNKNOWN_SKU_173997,0.349977162230783,0.0,0.0,0.0,0.0,0.0,0.0,0.0,0.0,0.0,0.0,0.0
UNKNOWN_SKU_174014,0.0,0.0,0.0,0.0,0.0,0.0,0.0,0.0,0.0,0.0,0.0,0.0
UNKNOWN_SKU_174064,2877.0346253337398,3105.3473479345307,2933.110005759536,2031.269411763914,1938.22381631179,1748.3010196944642,1584.636862144977,1546.8648158497608,1560.5276585579613,1695.172412468895,2150.3978953420155,2526.572361384885
UNKNOWN_SKU_174065,4397.706921775489,3969.982309503484,3773.0423562793803,3160.294930293596,3164.6055260984654,3139.87973933586,3087.028846519273,3121.445068859502,3605.0293833251835,4043.870971491228,4512.167578617559,4929.774200912124
UNKNOWN_SKU_174360,733.7370261306258,741.0660370361069,851.116327560992,855.4412417814,904.9530549582266,955.667987300188,1047.1990149742574,1083.252118914013,1070.7028838663177,1026.2577776286612,960.7599744390366,1023.4772136878368
UNKNOWN_SKU_174774,198.24808380379574,107.21827127206376,67.6571119385369,0.0,0.0,0.0,0.0,0.0,93.76585934686337,120.4660172413886,88.56603424886764,72.91713854670974
UNKNOWN_SKU_175483,0.0,442.4171846442132,372.1814620615163,9.435587913113807,372.1063925121472,549.9269401091279,309.96288210446846,0.0,0.0,0.0,0.0,0.0
UNKNOWN_SKU_175485,19.715628548958577,5.297075336143364,10.299433210459133,0.17371995447968658,0.0,0.0,0.0,0.0,0.14346774579937493,0.0,0.0,0.0
UNKNOWN_SKU_175505,794.2434348523047,795.7032378486429,748.2754832465473,665.6468825657042,740.1744050218633,731.4528259876242,744.9959657610664,775.8360805806539,816.1597754371574,917.8967343231936,947.6875044328563,903.9965235214199
UNKNOWN_SKU_175506,0.0,0.0,0.0,0.0,0.01977572069704457,0.020663494954197975,0.0,0.018356093830039298,0.019171583402244213,0.0159719050405583,0.020760092331759725,0.0
UNKNOWN_SKU_175507,361.40677446914236,341.0114441104138,281.7418735161233,272.00371073338334,286.6834741998838,276.5179786657767,339.80227593118326,366.852407436201,360.6612063329075,479.8113391429652,493.52373908370384,470.6395527289871
UNKNOWN_SKU_175722,0.0,0.0,0.0,0.948719275690827,0.9646217615373349,0.14023205252073756,0.0,0.0,0.0,0.0,0.0,0.0
UNKNOWN_SKU_175732,832.9431593059743,836.4110075101648,1007.1646882407857,1053.2350349925512,459.44631456123227,125.18714038344586,147.06080320848548,187.22073563578567,282.6048837448948,629.4088043994504,685.2773430903637,595.5227762103632
UNKNOWN_SKU_175948,37.14293848555012,0.0,9.82448079269873,0.0,0.0,0.0,0.0,0.0,0.0,0.0,0.0,0.0
UNKNOWN_SKU_175950,10.593356545252224,0.0,22.426859691060756,0.0,0.0,0.0,0.0,0.0,0.0,0.0,2.474470639620712,0.0
UNKNOWN_SKU_177334,1055.5059625671097,1386.7564829953415,1174.5151565204774,834.7679525231371,1211.3024465078156,1973.6578988781089,1790.2913179568943,1393.2231104024736,1214.4056015414872,1347.815451635249,1605.6647888928092,1380.1037158814083
UNKNOWN_SKU_177336,9.758481514302789,16.4995106074367,24.430994454325052,0.0,0.0,0.0,0.0,15.250208603148595,32.726716285181865,40.77698300318967,34.92025694997718,3.144736679788407
UNKNOWN_SKU_177337,0.0,0.0,66.71537924048971,0.0,44.90578013280835,0.0,64.56928480614317,163.03858971867626,184.744135899328,120.68267509447443,64.64240870121691,38.89029783723598
UNKNOWN_SKU_177338,412.2978160756536,190.1303103228411,0.0,0.0,358.5296871900449,582.0696546164104,1023.8250904080163,967.9069008918154,58.41581112936984,0.0,0.0,120.952800009767
UNKNOWN_SKU_177339,0.0,0.0,0.0,0.0,0.0,0.0,0.0,0.0,0.0,0.0,0.0,0.0
UNKNOWN_SKU_180996,3.8387090807737607,34.704656458115984,0.0,0.0,0.0,0.0,0.0,0.0,15.413666585133086,0.0,21.173510941607077,0.0
UNKNOWN_SKU_181573,1.0241538827952872,1.0757994531156614,1.1151757593302825,1.144736654260301,1.1664452201626379,1.181871922842829,1.1922731349453035,1.198653954585605,1.201818460256168,2.09240991475094,1.2649429283050795,1.4898291891067128
UNKNOWN_SKU_181585,0.0,0.0,76.33525858763153,0.0,0.0,0.0,0.0,0.0,52.565621971754915,0.0,0.0,88.7989103935006
UNKNOWN_SKU_18250,0.0,0.0,0.0,0.18904863284962936,0.0,0.0,0.0,0.0,0.0,0.0,0.0,0.1502450450634885
UNKNOWN_SKU_184465,0.0,1.6194427553960329,1.2117456021773283,0.0,1.2471538382470344,0.0,1.6117507136661826,1.459813641480306,0.0,0.0,0.0,0.0
UNKNOWN_SKU_18529,0.0,0.0,0.0,0.0,0.0,0.0,0.0,0.0,0.0,0.0,0.0,0.0
UNKNOWN_SKU_18530,1451.9462701819011,1762.715075468242,1933.8690737956751,1333.9440265559824,1247.1561428625885,1066.5619900062343,1014.7920218195118,1122.499401368494,1227.1178591060407,1579.6543793944386,1558.8325497235178,1695.0904400851416
UNKNOWN_SKU_18564,0.0,0.0,0.0,0.0,0.0,0.0,0.0,0.0,0.0,42.82118289931067,0.0,18.52165975980867
UNKNOWN_SKU_18565,40.636515571332836,13.926304476556776,0.0,0.0,0.0,0.0,0.0,0.0,0.0,0.0,0.6553393292862868,0.0
UNKNOWN_SKU_187316,1980.145020664275,1949.0731464492642,1889.947823959723,1584.6881428505576,1580.7461748456926,1618.4979773242678,1737.4455961895956,1832.4838681643246,1775.3258626265758,1907.8148350788438,1957.4605899231256,2005.8781706810184
UNKNOWN_SKU_187674,0.0,0.0,0.0,0.0,0.0,0.0,0.0,0.0,0.0,0.0,0.0,0.0
UNKNOWN_SKU_187675,12059.618631154763,13129.320402150033,16517.281963520247,10622.216925746641,10084.357618786422,6421.40585609892,4679.133760470493,5487.190648548189,7237.323971146696,10195.67030653998,9965.648404088302,10992.164275683914
UNKNOWN_SKU_187687,46.28168271797476,43.68793669237056,18.976146040267317,4.125119686964823,3.5067047727029337,0.0,1.376764567630108,9.649239182375474,31.603625042551887,31.517939899073106,25.8569979526702,17.12025056392797
UNKNOWN_SKU_187766,35.96865328211904,30.76175214693656,30.461017018777166,38.0624395972897,35.31391199714058,39.65923172726286,33.19410642114301,35.22215833059311,38.186928594834654,37.11988129612809,38.766407312620814,45.31182797855287
UNKNOWN_SKU_188151,0.0,0.0,344.3181966771804,0.0,0.0,0.7947602027143859,64.96002292798626,193.44158720656446,643.6085927277876,0.0,42.17423215375901,0.0
UNKNOWN_SKU_189173,0.0,0.0,0.0,0.0,0.0,0.0,0.0,0.0,0.0,914.7302358352181,442.50668887926895,0.0
UNKNOWN_SKU_189194,0.0,0.0,0.0,0.0,0.0,0.0,0.0,0.0,0.0,0.0,0.0,0.0
UNKNOWN_SKU_189196,0.0,0.0,0.0,0.0,0.0,0.0,0.0,0.0,0.0,1875.024251570901,16.21937666482046,0.0
UNKNOWN_SKU_189199,0.0,0.0,0.0,0.0,0.0,0.0,0.0,0.0,0.0,136.06459509354784,57.83034971406592,0.0
UNKNOWN_SKU_189203,0.0,0.06217763494469741,0.2575877828617752,0.09420725990619033,0.09619420025247549,0.5936751112402567,0.1467511987412344,0.14350342745276967,0.30599656913275086,0.19428244118748886,0.0,0.0
UNKNOWN_SKU_189204,0.0,0.0,0.0,0.0,0.0,0.1318609052986572,0.1395538638810511,0.0,0.0,0.0,0.0,0.0
UNKNOWN_SKU_189222,0.0,0.0,0.0,0.0,0.0,0.0,0.0,0.0,0.0,0.0,977.5360996069796,0.0
UNKNOWN_SKU_190679,0.0,0.0,0.0,0.0,0.0,1.822898742559921,220.20529561694048,0.0,0.0,0.0,0.0,0.0
UNKNOWN_SKU_191063,56891.66304603271,57150.48584307682,69369.0655797396,75293.16006809735,86623.79755781105,78698.03944860952,63698.4840602758,56278.46644863634,55644.68265835227,54678.775525152516,56173.89331762023,49043.87825062191
UNKNOWN_SKU_19107,0.0,0.0,0.0,0.0,0.0,0.0,0.0,0.0,0.0,0.0,0.0,0.0
UNKNOWN_SKU_19110,3954.3408373524053,2921.457090399362,3034.404674165075,1629.933722505792,623.8867425065127,0.0,0.0,380.85723570740674,1955.5074783803911,3760.9242538469257,3490.6454555483,3558.428998237546
UNKNOWN_SKU_19111,2431.5606394998626,1742.199375963076,2080.1733620216705,1053.6879477565706,441.031413232515,14.236382501294884,75.0449548043432,446.97240953480673,1289.4125702072008,2542.0380956331423,2419.8191128619187,2202.141723532964
UNKNOWN_SKU_191669,1766.5283218502036,1892.959029601527,1792.8307317292315,849.8796293580424,443.6650833877368,200.8661825381389,425.7653977851064,664.3807059093274,981.63768833535,2011.5112102028145,2290.2143636234323,1528.4104222865733
UNKNOWN_SKU_19208,16126.86334745836,13767.159628523943,13978.591990803476,3723.91041805416,940.1420972817759,0.0,0.0,1897.2969592518857,12735.903479948205,16544.762033932326,20304.72101454669,17326.341536465232
UNKNOWN_SKU_19209,1221.1413404117245,1193.0770388374244,994.0331534546174,716.6280010250032,725.6470349579449,734.2986179809304,982.3142402759515,1097.164693988601,1034.9718128353525,1206.9594637893865,1242.2475404292456,1227.3167576177657
UNKNOWN_SKU_193020,1318.1553227643662,1208.418973268998,1269.4225543006555,263.69727975393414,0.0,0.0,0.0,0.0,1095.8091922920353,1540.0829539147508,1326.017023840876,1314.8913404097282
UNKNOWN_SKU_193451,0.0,0.0,0.0,0.0,0.0,0.0,0.0,0.0,0.0,0.0,0.0,0.0
UNKNOWN_SKU_193452,561.3248442322589,588.4540046645159,491.9581212292711,405.530202700025,386.06665609557786,309.0462070309698,361.90183599823314,355.13952739099335,337.7216687241514,328.8129700096275,409.9927992569581,492.2978508737722
UNKNOWN_SKU_193465,0.0,0.0,0.5680092335128347,0.0,0.0,0.0,0.0,0.0,0.0,0.0,0.0,0.0013449205818271623
UNKNOWN_SKU_193466,2037.3343381196069,2024.2212266834254,2019.388233227728,1855.8509341564186,1657.966590592619,1533.9078114348276,1679.6362838018424,1858.8945573887027,1872.4154719514386,1902.3024992948758,1950.3300168628734,2027.2723266105197
UNKNOWN_SKU_194139,92.51320816830446,50.620475570670074,37.748186352801575,0.0,0.0,0.0,0.0,0.0,15.893589465242343,99.33955549013203,49.590625170282756,39.18177777464231
UNKNOWN_SKU_194710,0.0,0.42888977678122886,0.0,0.0,0.0,0.0,0.0,0.0,0.0,0.0,0.24101232208006845,0.0
UNKNOWN_SKU_194711,114.61597974819097,114.45586460704831,49.5688858589577,64.77641622530882,42.274753883213265,20.208937374360374,11.873397532101649,10.613279023118196,113.45229758075502,185.763025791688,113.141521725258,79.44623183693753
UNKNOWN_SKU_194713,1110.755662474236,1140.6354095598117,959.838527817325,798.9727430123882,556.7594357574911,495.1277105426261,473.70325095978654,557.8022038825674,816.8582868098445,1202.6392737407186,1099.9269838744708,894.940872570525
UNKNOWN_SKU_19497,0.45566566866030167,0.0,0.0,0.0,0.0,0.0,0.0,0.0,0.0,0.0,0.0003549345265664097,0.003621990146356984
UNKNOWN_SKU_19499,0.0,0.0,3.938249887408092,0.0,0.0,0.0,0.0,2.504264368838111,6.667824199250431,0.09583221917905971,1.042198790720747,0.0
UNKNOWN_SKU_19500,0.1186735310415169,0.0,0.0,0.0,0.0,0.0,0.06710227458885804,0.032115475207853364,0.0,0.0,0.0,0.0
UNKNOWN_SKU_19505,54.66076946598836,70.63927682668884,15.883330561873338,0.0,0.0,0.0,0.0,0.0,15.021102445535503,27.781125983319097,8.469992660170037,33.97793384827487
UNKNOWN_SKU_19506,195.1744627190677,195.77663770523517,161.90539003092942,127.51500422824498,114.4345079228577,77.488723215308,107.13390778602852,154.5358677793651,153.90044811079454,198.05432471269842,170.82803833098163,189.4152215623684
UNKNOWN_SKU_19507,173.63242806331525,189.42503395146,138.90986264641595,130.66086958682078,130.9836191235848,118.10776273743613,126.41382161295732,155.9862126978144,134.3264695501402,136.3826190164409,151.48668257392166,158.28027740434635
UNKNOWN_SKU_19508,78.15451572325512,71.8517870133247,36.6139481409625,38.709621138654825,32.913303632390786,15.084193722961668,21.339649891000484,32.33115892101363,25.270710240606263,36.10149539186247,37.72886760844955,53.411509477301315
UNKNOWN_SKU_19509,113.22724201067173,138.42818213439762,137.6379641305721,29.550419624705327,12.522213917205534,0.0,10.258241410548116,23.605961037460794,18.405966636184594,67.4886010123573,46.6773384104891,76.38895822618827
UNKNOWN_SKU_19510,117.45495019357665,100.07728516483022,17.21668929076332,0.0,0.0,0.0,0.0,0.0,3.5731998355473493,56.59017406984886,36.140489606220314,51.689078184247734
UNKNOWN_SKU_19512,102.0246448052334,113.93307253201594,65.38464010938529,71.51151956722408,46.91664852943846,51.983977095153264,69.57306534366843,57.089961338423876,65.95030353017155,63.770602679513004,73.45166739492949,92.38014456320599
UNKNOWN_SKU_19513,122.34063825077597,100.40604045320025,91.74428930599824,56.59241547909518,50.275643508431315,45.9357530227588,42.58056772507936,65.93234657779438,46.38489675082498,69.02326398010801,86.281884854393,93.8871086446796
UNKNOWN_SKU_196883,8.116228350686583,15.718114695942152,12.669054725189111,8.266837701629198,9.095695035823777,6.910211856221952,6.195256265583005,5.7199227461143565,5.769486883581951,3.9013691465985385,2.9611059100543224,14.746326273861458
UNKNOWN_SKU_197612,3721.0635778426854,3490.669121245405,4221.198734128184,2295.0596025950044,2012.0134755290628,2126.1249520369097,2198.5741114037874,2349.6098170578875,2399.4203597417695,2873.2883720494756,3289.0791600562407,3427.2737686222513
UNKNOWN_SKU_198172,8.617769040425824,9.021991861757304,10.110855403650518,0.0,0.0,0.0,0.0,0.0,0.0,0.0,0.0,5.835628911519743
UNKNOWN_SKU_19829,22.076748010050697,22.679163163023787,21.61688655251327,24.52535276669332,22.907824664329418,21.49540196124875,19.343029387487167,20.073504436578705,26.12748472738072,8.777494997807672,11.475933748878322,14.13107955656049
UNKNOWN_SKU_198711,1109.28981252187,1053.1346851473809,1071.199618979937,764.6874017781303,604.9486637488321,672.3303090575416,715.2662610366569,857.3880583520973,863.1529319365969,1014.4190665363451,1136.783809948291,1251.1166404099963
UNKNOWN_SKU_198865,6124.032974783612,7637.805563094465,6666.838626018782,3394.906868633867,2585.833655001564,810.5732763713604,580.2027657428262,3268.522549515631,4991.236168809505,6444.172056520239,6616.182958964457,6341.323073195466
UNKNOWN_SKU_19911,11.277137307538249,6.683354134450149,0.0,0.0,0.0,2.8991569025268644,7.218807987712505,2.982016491315309,10.420070929651851,1.6884021157753724,0.0,0.0
UNKNOWN_SKU_19913,0.0,0.0,0.0,0.0,0.0,0.0,0.0,0.0,0.0,124.22959339296324,94.2792909666154,0.0
UNKNOWN_SKU_199519,844.6137340141694,821.5778194988775,845.8299117265994,789.4792093487326,768.5430712863948,668.0725846764801,573.4526192285037,644.9762707100782,692.8036157352934,725.4367155954211,701.4568193234788,743.3637261458805
UNKNOWN_SKU_199521,0.0,0.0,0.0,0.0,0.0,0.3892686862933864,0.0,0.0,0.0,0.0,0.0,0.0
UNKNOWN_SKU_200600,0.0,0.0,0.0,0.0,0.0,0.0,0.0,0.0,0.0,0.0,0.0,0.0
UNKNOWN_SKU_200601,0.0,0.0,0.0,0.0,0.0,0.0,0.0,0.0,0.0,0.0,0.0,0.0
UNKNOWN_SKU_200614,1669.9565710035567,2040.6219676459068,3465.4126824590926,1124.0052518089478,0.0,0.0,0.0,0.0,233.92047245809783,1949.5162688039836,3190.4625033799975,2085.785488540115
UNKNOWN_SKU_20472,0.0,0.0,0.0,0.0,0.0,0.0,0.0,0.0,0.0,0.0,0.0,0.0
UNKNOWN_SKU_20473,0.0,0.0,1.9366561218103158,0.0,0.0,0.0,0.0,0.0,0.0,0.0,0.0,0.0
UNKNOWN_SKU_20474,0.0,0.0,0.0,0.0,0.0,0.0,0.0,0.0,0.0,0.0,0.0,0.0
UNKNOWN_SKU_20639,51.419724444386624,7.820135884491353,6.889252699814927,0.2949338153135743,0.0,0.0,0.0,0.0,0.9644981916090014,0.5994561881875677,0.0,0.06840116033211174
UNKNOWN_SKU_20640,29.01225494789296,15.802013099272722,3.0097001983148495,0.0,0.0,0.0,0.0,0.0,0.0,1.7068168290749286,0.0,0.0
UNKNOWN_SKU_20984,27.323526275421948,46.89858447312932,31.412923112428864,22.82548610500215,25.583028580194423,35.890154641481885,41.49534757164551,38.34299399691005,36.07140321825534,41.72282267646521,24.99745032416677,25.993444523461662
UNKNOWN_SKU_20985,150.15046248621903,229.1323086902441,168.5008672242458,149.65830247172522,148.4925705970085,248.59942995620543,204.59845098762037,226.83702560764237,191.90037613684106,225.0735637797577,154.2494966807063,129.5049375767853
UNKNOWN_SKU_20986,0.0,5.996682222704011,0.0,0.0,0.0,0.0,0.0,0.0,0.0,6.885295862230301,8.896519190594482,0.0
UNKNOWN_SKU_21159,0.0,9.48331136625893,0.0,0.0,0.0,0.0,0.0,0.4188241814951281,13.096505997457466,0.0,9.325239143368508,0.0
UNKNOWN_SKU_21987,2846.8774245576897,2994.6907112377444,3291.356054168896,2261.9402421009254,1997.571506033656,1569.9424307669483,1651.4618841406896,1719.6097604267902,1911.260375042778,2335.068380322676,2331.0990981337013,2409.41918596963
UNKNOWN_SKU_221044,62.185443491620504,48.24976588728731,0.0,0.0,0.0,0.0,0.0,0.0,0.0,0.0,0.0,0.052926188778901206
UNKNOWN_SKU_22107,3579.2299108119864,3374.760824066616,4049.310255642813,3325.9049018762616,3268.905319835514,3107.7171551754077,3126.578924419816,3049.574240787834,3312.629994854741,3476.343699080759,3838.462963434066,4057.687875889203
UNKNOWN_SKU_22110,20287.411588597373,18826.760007344245,20506.949925059165,18116.32424194852,18021.526078177427,17643.299129877974,18775.99875395583,18758.74323593554,19554.38600423673,21283.7134015951,23348.360902199223,23889.537285399936
UNKNOWN_SKU_221834,1811.5548087223956,1845.1674634119738,1988.1326408452148,1720.3814364733857,1759.4995266575004,1658.8194524863707,1696.1176468310448,1783.5800559883626,1824.116236995795,1930.705835483319,1941.3513679549167,1972.2152476137726
UNKNOWN_SKU_222162,0.0,0.0,0.0,0.0,0.0,0.0,0.0,0.0,0.0,86.72651572323161,95.38688914125282,0.0
UNKNOWN_SKU_225761,94.5960410693848,22.442763252361758,26.93179801458109,50.20508284019427,15.78576771652255,0.0,2.600993582780916,28.847867358105063,73.02022339420212,109.45136523891748,56.79353573052754,51.02532913965331
UNKNOWN_SKU_22623,13262.646569636723,10256.588026018897,6499.350779565873,2401.202570844691,458.91119230897675,0.0,0.0,705.0993848393264,2429.3209972696204,5880.497475655089,7194.148246804698,7218.413252165618
UNKNOWN_SKU_22710,1196.8968745768816,1269.284867636596,1250.417001511986,964.5036480399167,1113.1755046898804,1097.88752943747,1095.0192886631605,1134.5152354713318,1231.7285323454873,1308.8441092724306,1298.3947102416043,1165.111730444562
UNKNOWN_SKU_22712,1013.9330391054385,1032.7820418944907,1020.289280691445,781.1615082947213,711.3933269430552,722.0688184274347,767.7352481806507,799.7084285489366,863.013409409278,1074.9582306632637,1160.0165242321652,1081.508795652999
UNKNOWN_SKU_227753,13070.626627007969,13485.322356616607,14010.742621326024,11712.877314116062,11247.3431493706,10529.481498596739,12232.893859000154,13833.84742834539,13737.949964844087,14145.871675065551,14207.210324265228,14329.93212464748
UNKNOWN_SKU_227754,1578.9289485781908,1577.0212264923912,1365.1359864175279,1683.4079319514128,1618.4200259722973,1611.9994387827805,1661.9567066249435,1668.7418584924499,1598.5569175802307,1590.8719024442316,1609.5372279292083,1532.4972259109659
UNKNOWN_SKU_22848,1776.4070783931973,1599.2765290134028,1599.2468728938406,1174.232331382464,1247.930281557637,1131.3362250820478,1141.2581632858498,1926.477697233165,1798.9713077752913,1608.3053795932651,1597.4986204319173,1743.7575964871128
UNKNOWN_SKU_22902,29.562133422181457,0.0,0.0,0.0,0.0,0.0,0.0,0.0,0.0,0.0,0.0,0.0
UNKNOWN_SKU_230221,83.6707785529865,81.01580532425812,75.1149488307447,70.11658572540327,72.71701733059942,63.58008470422564,75.8072606925959,67.10612357276142,76.53113596636311,76.6586679707138,74.98821566366362,79.98577590749278
UNKNOWN_SKU_230328,3.7290040516069816,9.183283404856903,0.0,0.0,0.0,0.0,10.660472289970228,5.779771146000514,3.5631538783457195,0.0,1.29975940640863,0.0
UNKNOWN_SKU_233063,0.0,0.0,0.0,0.0,0.0,0.0,0.0,0.0,0.0,0.0,9.075932034904547,0.0
UNKNOWN_SKU_23413,350.5199970935365,0.0,0.0,0.0,0.0,0.0,0.0,0.0,0.0,986.2432612112178,15.736298024311182,0.0
UNKNOWN_SKU_23430,0.0,7.142428996938953,4.476311830270925,0.9182601641774037,3.4626608985434872,0.0,0.0,0.0,0.0,0.0,0.07019340547414199,0.23770196226717888
UNKNOWN_SKU_24301,56.33481676839708,57.29874273727097,49.443054448741314,39.69127475428879,44.556221935097994,57.61655061611656,59.12918449730264,54.21566253862271,54.776415908049984,61.53898953996302,59.98221938186465,63.72037419175718
UNKNOWN_SKU_2440,7986.736554075017,8365.30523271464,7731.67793211425,6980.184248121849,7643.491457415845,8061.919781338952,8906.594596965353,8581.169805954385,7861.506129633528,6968.773745064753,7576.018393897646,8652.475869451873
UNKNOWN_SKU_245367,11688.714279868851,13065.266780741114,13744.892117587853,11139.95212321418,12459.206263864167,11154.079312533087,11392.232287617155,11457.52160383334,12041.843992955217,12543.38524040165,13913.163174507725,11936.641657941516
UNKNOWN_SKU_2462,0.0,0.0,0.0,0.0,0.0,0.0,13.30913397459662,0.0,0.12001274612881918,1.538150896725651,0.0,0.05228272605522655
UNKNOWN_SKU_2464,0.0,6.065909774487373,0.4119767174583169,0.0,0.0,0.0,0.0,0.0,0.0,3.929445765276351,0.8727282664107117,0.0
UNKNOWN_SKU_2465,0.0,0.0,0.0,0.0,0.0,0.7533567549863882,0.0,0.18730013694273182,0.0,0.3324461409057661,2.852355124834682,0.0
UNKNOWN_SKU_246583,0.6215740225036303,0.0,0.0,0.0,0.0,0.0,0.0,0.0,0.0,0.0,0.0,0.0
UNKNOWN_SKU_25189,0.20626741878293964,0.0,0.18188765198770016,0.0,0.0,0.22859343743196273,0.0,0.0,0.18081418940993368,0.0,0.0,0.0
UNKNOWN_SKU_25263,166.1767308782644,158.87477121058123,124.8629684111388,109.44089110628889,133.37539419711305,170.9639616044765,141.4805804650713,156.00804048825128,152.98057344149933,211.40476473880184,164.20268271134793,124.9431820240889
UNKNOWN_SKU_25357,0.0,0.0,0.0,0.0,0.0,0.0,15.288885914888594,38.67305681211971,20.310883110343603,11.73763372936173,9.734323805015247,0.0
UNKNOWN_SKU_25359,27.903239490567938,26.828116190530505,13.729227997847044,16.48812789104676,18.87365825295302,28.38609298982451,34.9912512266682,33.56658826348962,31.10126834029325,31.346222849082633,32.34019690346063,25.42578659430951
UNKNOWN_SKU_25360,0.03196432577312629,0.032033459530597996,0.03200930001809801,0.03191050588962066,0.03175200406836143,0.03154573609287669,0.031301255194011536,0.031026203956442067,0.030726696447909138,0.08240762392260544,0.03007289938388512,0.029725653234431514
UNKNOWN_SKU_26416,0.21296718243442914,0.49409212506067657,0.0,0.0,0.0,0.0,0.0,0.9111265877197366,0.35284382267041714,0.44659249254260375,0.0,0.0
UNKNOWN_SKU_26435,0.0,0.10916442418136604,0.0,0.0,0.0,0.0,0.7897103697338295,0.0,0.0,0.0,0.27413051907211583,0.0
UNKNOWN_SKU_26437,0.0,0.0,0.0,0.0,0.0,0.0,0.0,0.0,0.0,0.0,10.851388405680119,0.0
UNKNOWN_SKU_26439,0.0,0.0,0.0,0.0,0.0,0.0,1.2977538331749385,1.8313887691953943,1.6699896327102863,6.481763238220728,0.0,0.0
UNKNOWN_SKU_265208,56.288097422365674,58.156421166737275,59.90744545075887,61.55453524744796,63.69678728117116,73.22704344007678,66.3119035179057,67.60173731871174,68.55069615634608,74.64872377896724,78.44756674732594,86.00478429413526
UNKNOWN_SKU_26526,466.6859854165748,448.0261031320084,427.78101542049853,413.03576336743413,484.828779841126,534.5844111362228,518.0041342884435,640.1083309263636,389.50450635284307,385.75386481016994,399.5901696921748,527.682831713922
UNKNOWN_SKU_26695,1540.6003002443513,1460.921518907478,1192.6835587448975,800.0262555217523,790.275877850155,873.9598406197952,1148.9080757424263,1442.960128747449,1636.431236058387,1869.5687868140549,1799.8346923255078,1650.4212816415898
UNKNOWN_SKU_272359,5.655838497619247,5.775180317663786,6.697254273838344,6.700713938916918,7.0760821711187045,5.297777257019062,6.596133825878274,5.433419581104572,6.897848685424538,6.001592469019438,5.688787996034286,5.691544917785092
UNKNOWN_SKU_273063,8.076479635920903,9.088926708531968,9.324411179624434,11.146325569502018,5.838983894407698,6.181837367335852,7.179646958681991,11.312621444762513,14.30052784663054,25.894779781128577,10.346508141730617,11.034617643215864
UNKNOWN_SKU_273644,72.42344723658229,77.81871234747123,77.67031059900543,68.07417536305577,86.26665333711907,63.47562187919269,73.8513828756746,85.27737783568314,96.21675996651297,96.14685183399985,98.19351149081234,103.72542537908535
UNKNOWN_SKU_27672,509.7928107744543,491.52883459960566,485.6039300698406,380.4794828561425,293.8850014952979,289.63449281673616,301.3487622840007,349.7296542679263,430.9962442651807,478.47899267309805,527.9838678095459,475.19444432881824
UNKNOWN_SKU_28796,5084.950254840569,3552.8975950856025,2347.2654341613184,390.5780723015787,0.0,0.0,0.0,353.4377816120291,3325.384984660591,5095.758313979131,4969.6673443136515,4664.269335460955
UNKNOWN_SKU_29410,910.109059903758,892.5128677092498,885.58337708229,808.8920477093691,804.6068473396792,813.1725501725741,915.9841755675368,920.6997390121539,1019.4464528964945,1056.3064871326137,1028.1203776501561,951.0941531928366
UNKNOWN_SKU_29411,0.0,0.0,83.07986326577841,0.0,0.0,0.0,0.0,0.0,0.0,65.39256656717691,0.0,0.0
UNKNOWN_SKU_294525,0.0,0.0,0.0,0.0,0.0,0.0,0.0,0.0,0.0,0.0,183.18765271268907,0.0
UNKNOWN_SKU_295127,492.62812285898485,0.0,0.0,0.0,0.0,0.0,0.0,0.0,0.0,1516.4960724259006,0.0,0.0
UNKNOWN_SKU_295129,0.0,0.0,0.021560211246039455,0.0,0.0,0.0,0.0,0.0,1.026356994360555,0.0,0.0,0.0
UNKNOWN_SKU_298486,1148.7479271286986,695.1934152148368,683.9216138526834,241.1471809318964,92.72664276420244,54.562020398983236,102.67453067574354,456.07834706608776,1133.6824083472989,1420.6402655412035,1350.1899594652634,1269.8319227734469
UNKNOWN_SKU_299849,1868.5848335786293,2224.798828436306,2152.6482287681265,1095.3035534792627,1154.998417693851,1008.4665135112007,955.0099946107598,1145.9369839360866,1212.7539798420275,1435.1049810124593,1739.123186394484,1831.2111551457833
UNKNOWN_SKU_301727,368.3156497275989,239.5707930165022,240.43610548161058,275.1137786641136,236.18069452814177,147.17249093961868,212.773623871172,305.88742649679773,669.6221653317924,675.5030935656875,39.944501728538,84.85776582389622
UNKNOWN_SKU_301728,243.29069514314324,186.71125905091844,140.23791224038183,91.933850247449,58.0497088312398,37.71959196291802,60.34509841508927,121.66934702172895,294.50100067511363,288.416289122906,15.843030625385722,36.50265252981842
UNKNOWN_SKU_301729,0.0,0.0,0.0,0.0,0.0,1.0855355784704375,1.2204348924835973,0.0,0.0,0.0,0.0,0.0
UNKNOWN_SKU_301732,1509.3193899409175,1330.2289818105323,1230.8558644754364,1179.7609797765745,986.4194811866978,547.9414914840106,842.1563088910741,1477.882971985939,3739.8335116310445,3068.4627525163423,0.0,185.61088506496958
UNKNOWN_SKU_301733,2709.6478839325378,1850.8758165424954,1735.4577396796428,1422.7868552385407,917.698924734839,429.1325573810584,633.2794405472141,1345.023724129319,3916.9631280441836,3789.681828225255,0.0,195.77269222370342
UNKNOWN_SKU_301765,3.6292015406928804,0.3662102299540852,1.5162539137887232,0.0,0.0,0.0,0.0,0.0,0.6407484472633416,2.1397416146158452,0.0,0.0
UNKNOWN_SKU_301768,4.848530185258129,0.5314012191911591,0.42014439254486285,0.0,0.4548643315545799,0.0,0.0,0.6761926993219392,0.0,0.0,1.1083320778561152,0.0
UNKNOWN_SKU_305255,580.213744460889,632.6833979445646,550.3660256495375,419.73863273154916,404.24842331519085,397.0175607001373,403.7213755261271,395.8517323049516,436.34132264604426,490.17269983695104,577.1079065077092,613.6245767623486
UNKNOWN_SKU_30879,825.7645499582338,803.5978214766345,795.1587264935223,603.1197383091998,684.1356355639092,752.0434411698437,868.9395734567588,930.399967088458,842.8269697959846,768.242859764173,757.5538595408914,761.3425471644332
UNKNOWN_SKU_30880,4390.3596769998385,4347.67478702383,4295.328627251969,2990.4798516434266,2851.627783365541,2587.7774809521793,2878.2241912304366,3425.8217116619885,3856.183480216177,3989.8834472684757,4136.525973119261,4354.028146008837
UNKNOWN_SKU_30881,1019.1742394003335,935.2647302387442,867.863808044232,632.8637554233819,490.8155984614616,355.88895802668503,387.1467308136232,476.7440341779337,671.2149620041416,972.0287893998677,1089.517336451208,1057.83325922704
UNKNOWN_SKU_30882,285.518947509222,336.73774660609774,281.19780283275054,195.84726476322555,201.81665125675812,179.9103774007367,192.54317526507205,188.02523050569286,178.62389164734213,244.23783750981403,282.887611148944,285.0024470094007
UNKNOWN_SKU_30883,1610.8272500518553,1586.8015343805398,1326.6022518684952,1043.920515883866,997.5336171211698,955.02178813602,1077.4112149729067,1222.1408464674232,1301.9046416880433,1416.6849678895462,1487.4289188757557,1590.1753696897306
UNKNOWN_SKU_31041,0.0,0.0,0.0,0.0,0.0,0.0,0.0,1.4239501672671253,0.0,2.0884037586227917,6.389898622039324,0.0
UNKNOWN_SKU_31448,87.04242969624079,57.68730750018648,24.542764675268508,0.0,0.0,0.0,0.0,0.0,0.0,0.0,0.0,0.0
UNKNOWN_SKU_31449,81.30761363268115,36.0938456173777,9.460155850869874,0.0,0.0,0.0,0.0,0.0,3.7771891694242745,3.9669032126516175,0.0,0.0
UNKNOWN_SKU_31450,409.8719412536626,445.7034362559639,430.7108619882855,364.6094323046235,334.22131828817464,324.4734568054961,390.369797349834,355.315899515785,404.5938109790266,416.8551698801006,429.4684867314403,411.8505699429929
UNKNOWN_SKU_315577,0.01061637011699279,0.0,0.0,0.0,0.0,0.0,0.0,0.0,0.0,0.0,0.0,1.7593488704018174
UNKNOWN_SKU_31625,0.0,0.0,28.131010365352573,0.0,0.0,0.0,0.0,0.0,0.0,0.0,0.0,4.075052645335285
UNKNOWN_SKU_316983,87.5389615712387,81.04309173501096,69.24812695799869,0.0,0.0,0.0,0.0,0.0,0.0,0.0,10.358812851902144,0.0
UNKNOWN_SKU_31709,15.295278530805122,19.93078819436723,18.737944522049368,15.618018181027537,25.240825705042525,8.32222032108697,0.0,0.0,0.0,0.0,0.0,0.0
UNKNOWN_SKU_31743,266.28412548968885,258.43350036928155,249.43619927267787,240.8095573951171,230.5450428927906,205.51103029065155,213.05461920866244,209.44828934279332,205.11722444982016,210.3691715351638,204.1807282031608,215.86397253728057
UNKNOWN_SKU_31745,262.730428245418,256.72399245905865,213.48611429398895,188.30508222595097,193.13952703553838,170.0171533472261,192.86572486059404,191.1502525353062,221.08234513909372,235.02368968614147,230.7956357877975,238.95886313314003
UNKNOWN_SKU_31746,270.87680904562427,299.6794992157592,257.64112053775216,209.30628678123142,234.56548896189986,235.50991989231952,239.91693382254024,291.1020141526018,180.975147602536,162.7015235483683,197.45849349091918,214.13673863084477
UNKNOWN_SKU_31747,982.3691372654265,1015.4421887035778,969.5483583898032,613.9386226744881,633.3149626379403,585.9401631444063,669.4648520852837,777.9555317736898,690.3214040601191,872.5418304249669,1019.9823000525496,945.7788042903198
UNKNOWN_SKU_31749,51.040800501135394,33.820805370362685,18.239449943710603,8.301006280355043,9.0660920276367,11.925201303428125,15.788329402027362,22.870672558872858,16.700387762315355,17.528400603035458,29.070251553577638,23.76997299197749
UNKNOWN_SKU_31750,55.28193076266979,45.43839720431611,55.58892056602438,28.4402894637822,3.170334790379698,27.62092126004891,4.534340644175497,11.608826359867972,14.534965140813195,16.87282637396058,2.6796655688697086,18.696087133188232
UNKNOWN_SKU_31751,166.00334417266833,186.6935039069893,267.4657957955852,120.60019340760118,106.42427559835318,100.04890545209398,96.93437343622578,129.19491192467046,128.08150681656542,133.20294683122057,131.41906294408395,120.09011993551378
UNKNOWN_SKU_32301,0.0,0.0,0.0,0.0,0.0,0.0,0.0,0.0,0.0,0.0,0.0,0.0
UNKNOWN_SKU_326032,0.0,4.8205695266074775,25.293896618002265,5.018473823210334,0.0,0.0,0.0,0.0,0.0,16.563958538332653,19.439132084120374,9.957186452842816
UNKNOWN_SKU_326096,0.0,0.0,0.0,0.0,0.0,0.0,0.0,0.0,3.62655576256526,0.0,0.0,0.0
UNKNOWN_SKU_326585,5699.66580820002,5558.9964502396515,6302.761288794946,3707.79268456277,2938.26772610062,2463.57128425449,3189.1264557011746,3220.4329177821146,3597.662412370455,4621.485132964717,5080.087234363718,5441.958040406508
UNKNOWN_SKU_327268,15.72487716000017,18.734007624440842,7.4300177475910445,9.341931597708875,9.852568429400804,9.692983646352012,12.238821571510647,11.864597663235221,19.601924288212544,16.633691339792072,15.570210732653356,20.957331998540056
UNKNOWN_SKU_327754,4000.778566436362,3880.5169180673493,4023.8859210726127,2861.8154451772957,2456.052586161514,1897.45902064936,2159.0036899401107,2800.408947073183,3175.1950744801134,3333.2726981061287,2865.5651187074154,3042.410976888916
UNKNOWN_SKU_327758,2170.838706655787,2037.3542306417892,2237.9363798667114,1573.007429282771,1521.8335988517401,1556.9034645430359,1638.0410871321935,1658.8817152396412,1941.229947761721,2132.220263815505,1849.2118466946538,2086.645643034094
UNKNOWN_SKU_32978,1566.8461841701414,1508.9661731034128,1322.188378420633,1215.920756845012,1451.4980737551184,1298.733741453806,1435.5096897833594,1544.4362626176048,1402.9821350556042,1479.974247176607,1450.9137510440116,1509.5759683085387
UNKNOWN_SKU_329981,6008.836172505022,4386.431854377254,2651.222859669428,618.296923697555,0.0,0.0,69.8022260030466,617.8982559419983,2100.2731396875465,4817.911506478374,6412.452659705419,4605.128842081447
UNKNOWN_SKU_329991,7133.082064784702,6212.459956959548,7304.704421852523,3104.12334492,1327.5130345270782,893.9213373658431,1664.1197307899474,2655.4173966823337,4400.6688805493395,7354.427418796042,7864.114400546502,7477.75973709997
UNKNOWN_SKU_33063,751.0629299441558,732.1793138060013,602.4587068638023,433.9497072783672,487.67119357834406,516.5786685866501,659.4461345616193,715.0771933099192,687.3671262768838,708.7717586187796,741.2489504606215,736.6605899024191
UNKNOWN_SKU_33064,2689.144356903289,2813.5560259290237,2735.95941260835,2057.3721734105497,2279.1764335110474,2233.509893050185,2333.617912140234,2464.3595788710104,2626.786963714371,2791.2709230477976,2895.508941973277,2611.2906085723994
UNKNOWN_SKU_33065,650.7515617613683,621.448744231722,515.0654542535726,415.7361863166217,386.5201360126292,417.3202598150035,582.019722902471,640.9994574180133,534.132609076015,614.2236944479852,685.6363267911291,621.7253967112124
UNKNOWN_SKU_330988,94.29417770148447,99.1003775757869,99.35415075669589,106.65278258289017,105.41410132531267,108.38636960071776,108.72579750250888,112.83375310540886,101.0837308691959,107.68812636169264,114.01085603715708,101.38185305899573
UNKNOWN_SKU_331003,3.5412546100043465,1.259699262169479,0.9367047755103638,0.0,0.0,0.0,0.25393848867532526,0.0,0.0,0.0,0.6260717569041703,0.0
UNKNOWN_SKU_331735,0.835884133502983,1.1493869942264068,0.0,0.0,0.0,0.0,0.0,0.0,0.0,8.08673875725318,0.0,0.0
UNKNOWN_SKU_331737,0.0,0.0,0.0,0.0,0.0,0.0,0.0,0.0,0.0,0.0,0.0,1.4345995409651167
UNKNOWN_SKU_33374,0.0,0.0,0.0,0.0,0.0,0.0,0.0,32.11258427438912,0.0,7.68855438890256,0.0,0.0
UNKNOWN_SKU_336755,2159.5293598825583,2313.3343836870376,2173.513448076551,1301.2309449340912,1276.695187766053,1201.5120273775517,1262.0985444126795,1443.1384033867116,1721.488535911867,1990.3128872779203,2163.857013716693,2283.789360213639
UNKNOWN_SKU_33730,288.1358280360127,282.90032665312117,270.1432543047962,187.99332518412461,210.7547106455756,197.66074777272476,203.06410623243244,228.42932175818683,257.3696229367788,288.4819926376406,312.76041715631845,311.023285529249
UNKNOWN_SKU_33761,5955.743960924834,5188.312455995392,5487.842328295237,4041.429302378513,2180.826357888536,1433.791078539955,1314.1563313044912,1749.7440097595208,2311.8948287669464,3983.734160216288,4561.99870161916,4503.07941098486
UNKNOWN_SKU_33849,475.3846695484803,536.6404625725381,500.536287378003,377.2217376085935,397.3888881792839,413.62419902205494,470.26883808249005,503.4493397170565,523.0945314109281,557.1966751522439,613.5927805315147,580.6380552211498
UNKNOWN_SKU_33850,278.77221339747246,279.9436615085302,273.20800782732925,199.5122727123213,234.15007245026754,262.75590007057747,213.38614999677807,208.24473776769133,217.1631958143747,239.8811500816741,261.3231013254665,264.62145015045314
UNKNOWN_SKU_341690,0.0,0.0,0.0,0.0,0.0,0.21598197824857604,0.0,0.0,0.0,0.0,0.0,0.0
UNKNOWN_SKU_34351,201.67668233101432,0.0,0.0,0.0,0.0,0.0,0.0,0.0,0.0,0.0,0.0,0.0
UNKNOWN_SKU_344131,0.0,0.0,0.0,0.0,0.0,0.0,0.0,0.0,0.0,0.0,0.0,0.0
UNKNOWN_SKU_347566,1021.9031948908303,911.1796832173864,912.8672471489842,225.55407156461592,3.0807043674739134,0.0,0.0,0.0,148.46706782543356,394.9625677278924,534.9817409202121,641.218652744421
UNKNOWN_SKU_348820,2482.0478820094922,2321.4184241660855,2396.4055398585733,2299.3279143797763,2462.1776959639515,2332.5822031985053,2371.7276909533616,2511.9983631244595,2466.623982828551,2234.8735605590373,2201.1547047106387,2166.092301999134
UNKNOWN_SKU_349387,1967.8484556236017,1412.4562889784684,1532.7512533561653,273.4331225521273,0.0,0.0,0.0,0.0,1419.2660937385745,2657.250381020877,1861.075308540524,2834.6663482500435
UNKNOWN_SKU_35676,282.72339003950987,315.6169970729041,328.7192571925341,243.37723978115287,203.54140034496254,173.11970328892497,149.70412013700962,219.651428108392,302.2342489784127,325.56028016734393,362.71167961140355,342.19857365956597
UNKNOWN_SKU_3595,4892.733812578745,4673.727130996737,3979.7343207686426,2844.1062076236785,3188.2094521452173,2911.827782799958,3535.106182361261,4202.3938370478145,4453.2960958345675,4861.54803790148,5145.55052659252,5035.471852582863
UNKNOWN_SKU_36071,1.1739886590545656,0.0,0.0,0.0,0.0,0.0009457430166779357,0.0,1.4743037329939326,1.8350024980512032,0.0,0.0,0.027149793917015552
UNKNOWN_SKU_36547,0.0,1.4887139783554735,0.8654520960634298,0.0,0.02993397972793263,0.0,0.0,0.0,0.0,0.0,0.0,0.014263731705256855
UNKNOWN_SKU_366062,345.7028279462321,219.9200298151065,132.42621020434314,32.87637340986967,0.984122868428301,7.476341329412293,122.8413349923369,98.10614881681374,136.9428187705325,197.40137362764472,237.42543640747175,245.74030552547075
UNKNOWN_SKU_366063,407.55527602416134,374.01564312532906,274.8660783455799,118.65096806109693,188.15422137282707,192.94256556152766,260.1701824518046,304.9056175033426,275.8081070838895,285.19864028764357,350.0652083899631,367.45980441113534
UNKNOWN_SKU_36733,256.40911751425307,202.2209886420012,124.32078490513322,59.26452127657238,17.592609734657316,0.0,0.0,0.0,72.98660540203879,174.95457383969833,115.01164795075974,156.5260066005423
UNKNOWN_SKU_36736,322.84782934711683,278.4342572094117,181.46680099966437,169.60063753228326,165.49430825879514,101.49944634042151,91.81895830613931,108.41316937913038,135.50153973794002,165.75163752540448,197.08111725579283,209.83850254052032
UNKNOWN_SKU_36737,12.613390248113983,8.685105359611928,0.3681148480878633,0.0,0.0,0.0,1.1500308309545315,0.9890422215498318,0.0,5.104203341984273,11.522492428206355,14.669961096461595
UNKNOWN_SKU_36799,0.0,0.0,0.0,1.3998907888262444,5.6595179606723995,0.040589634242673256,4.245616909192259,2.841008665245278,13.711892006181058,20.828768615023037,16.720039838189994,2.5844267528169027
UNKNOWN_SKU_372801,7206.691087963659,7597.498596389803,7492.793343503045,6116.703081565965,5798.020012388625,6106.997497419078,6965.211825815768,7329.762828905445,7458.111571749512,7923.487706397092,7571.305354487481,7264.190613332118
UNKNOWN_SKU_374962,10860.723170937425,9649.265554657515,7467.126537210141,680.31519882879,0.0,0.0,0.0,0.0,2353.195742807802,8175.9842167662155,7971.438471509494,8003.370550880662
UNKNOWN_SKU_37509,472.0592692170124,195.5098376535226,228.43702208332292,230.28529170674844,267.8582922641178,218.46298720873398,233.97579182123502,283.2267006182261,339.1874083904828,339.74942518924206,268.6121855631787,200.90715233353387
UNKNOWN_SKU_378920,3.620992947218437,3.6161386912080653,3.627865400320302,3.6924568815306245,3.649340180419416,3.6272569334509823,3.67440044979677,3.666525376793933,3.7010354323121963,3.7350535906473414,3.7534782312359907,7.619028057627443
UNKNOWN_SKU_38120,1.3539021463086025,0.034454584616547934,0.0,0.0,0.2173576243825987,0.24672482981539473,0.0,2.392667709556377,0.927602295009154,0.0,0.0,0.0
UNKNOWN_SKU_38270,0.0,0.0,0.0,0.0,0.0,0.0,0.0,0.0,0.0,37.134388678506355,0.0,0.0
UNKNOWN_SKU_382754,0.0,0.0,0.0,0.0,0.0,0.0,0.0,0.0,0.0,0.0,6.679150975647794,0.0
UNKNOWN_SKU_382756,126.33119160252126,142.7453336403746,101.67963593417493,91.85206643273287,108.06059949509681,115.79561460850564,127.94421536275036,135.80848462966375,137.77768870671213,145.78844063186847,174.71483083551115,121.10253166194296
UNKNOWN_SKU_382759,246.21939476173975,224.6860901046784,219.7477846065607,224.11082830943948,219.95905375326493,232.4098018509896,229.4239464699187,231.34991778399186,253.77772445845196,266.97097472527963,288.8648964048565,304.39835592654515
UNKNOWN_SKU_382879,314.6978153547878,373.2442379863932,640.8984015731094,117.66611906718029,84.9199127732384,0.0,1.015153769448915,91.07288200046582,124.15118590662263,138.94963670416251,167.2903270485161,162.24984496234256
UNKNOWN_SKU_38402,1895.9575889052055,1816.1272969513327,1823.8699410764816,1079.0093340648466,993.5425261437856,790.1067574951837,1025.6886202645492,1263.3005881682884,1544.3982401795258,1543.7636394767633,1599.8204366027996,1673.5303519918752
UNKNOWN_SKU_3903,0.0,54.379743082434686,44.95605151130712,0.0,0.0,0.0,0.0,0.0,0.0,53.03286325573856,141.40994490628748,0.0
UNKNOWN_SKU_390891,14.055495135301326,27.334096985647776,13.162253208909103,12.813652930502325,20.424447450761065,18.605157809952217,20.124600840289304,16.893830007543137,15.180088084330363,12.702769288744305,11.929388995259623,11.325559503456038
UNKNOWN_SKU_390895,36.11945271093566,34.713539917233966,35.95931710100004,32.78124626674032,70.68609701805997,45.37888503784312,47.926822872397054,52.59328055876763,41.77375412659151,39.23584039957805,30.701216836694698,28.985625405115442
UNKNOWN_SKU_391094,1065.2880676659647,1099.478903000075,1379.2864682943155,425.20341755665936,2.7042739934868223,0.0,0.0,376.1490781794016,1379.9979905994883,2087.3636175625093,1708.8974161598778,1055.3397520647252
UNKNOWN_SKU_392696,2468.3294104139122,2660.3557331417383,3331.8959019171134,1858.9248244376586,1409.8789630161177,1193.1381568495935,1127.6074531753356,1409.8689468687303,1253.2976280613955,1503.3212373783667,1435.3241284134303,1526.4971370806802
UNKNOWN_SKU_39426,0.0,0.03462508929462349,0.16568745026937243,0.06332694727367819,0.9910281531016296,0.0,0.0,0.0,1.5553445913600794,0.6765903094932848,0.0,0.0
UNKNOWN_SKU_3946,1285.8043357345034,1243.0778819569844,1282.103272290958,788.8367145308507,768.5828060813662,620.456414476973,755.314563875417,820.3743272265565,742.0107238327563,1053.8926220312633,1128.724646742462,1177.7470916407185
UNKNOWN_SKU_39955,332.1438160808917,358.6447106404122,320.21297460700606,278.0215340992585,331.1507300120381,354.67803506123914,370.49422741957756,373.3359296252258,346.02843970872186,347.27479609449614,352.9050295220932,337.95556458314815
UNKNOWN_SKU_40096,4074.514933352746,4408.075245529588,4145.067275376647,3241.7618793598785,3362.8953426520484,4941.225493391369,6071.567794088412,6245.6430147516285,4977.61217138779,4312.4944768023015,4354.1501012394965,4388.223580894838
UNKNOWN_SKU_40097,2297.007758644623,2586.3096459141225,2372.461777902547,1819.100505666113,1826.5393100497909,2690.25097572956,3291.442130446199,3489.717276392338,2763.239615322075,2526.4741086386884,2396.8543254648066,2423.3267210985264
UNKNOWN_SKU_402052,895.4674259691964,831.7468123217802,765.3125724735888,526.7310316647773,425.7664500874695,472.527435895365,509.77607561142304,601.6152384540111,607.127619797823,754.3081759426143,928.1636719281889,933.48111978639
UNKNOWN_SKU_402053,1122.564284557132,1066.3608069679112,1051.747107086031,869.5768293700246,772.4380893867161,738.9097795895665,871.313013941344,977.377483612263,875.2365415384952,1044.1968700689781,1088.3846150828617,1207.9478932834654
UNKNOWN_SKU_402054,0.0,0.016337865896680348,0.4829176651566356,0.0,0.0,0.0,0.0,0.0,0.0,0.07433728345389146,0.8511143650818156,0.016060676119080963
UNKNOWN_SKU_404672,512.1868140078484,511.644438753826,517.235166327523,513.1716415875532,527.0957771495996,554.3067899985621,546.2292362700944,650.421044293068,621.8135459799112,548.7395066474302,544.6191533465914,569.2002017758125
UNKNOWN_SKU_40483,32.762966218417155,0.0,0.0,0.0,0.0,0.0,0.0,0.0,0.0,0.0,0.0,0.0
UNKNOWN_SKU_40554,2957.8293660393756,2983.799498360921,2896.666783601319,2363.8273911767997,2468.9974566203455,2588.283488358345,2764.8270931319057,2882.2031563339174,2918.742786278688,2879.904469617666,2868.7849956720115,2947.023795898649
UNKNOWN_SKU_406440,3.9063104711275227,4.15385557300169,4.287169342747759,4.154698046791349,4.177998698272956,4.207916907704977,4.27872916349733,4.280256656377946,7.873956338929174,4.182993773216893,8.420301408893803,5.818625205682065
UNKNOWN_SKU_40701,7181.533819161401,7239.753366438067,6542.134914012115,2582.2512618240626,2237.2642498263294,46.4505499808497,0.0,0.0,556.1073509866728,1406.066269919961,2623.9161148192998,3942.0907004914816
UNKNOWN_SKU_407977,6.911635724029675,8.338142155416037,6.615706789272002,6.922517985103647,7.620726430515837,6.722452675592463,8.14979316040064,7.354825036994053,7.60961002701566,10.528197507779819,7.9506269811380195,15.736930048571455
UNKNOWN_SKU_408131,1076.3397746625212,467.27328082534297,476.78695777560523,0.0,0.0,0.0,0.0,0.0,59.2029419831604,275.91559084189885,294.9613819488949,479.7056868544973
UNKNOWN_SKU_411685,0.0,0.0,0.0,0.0,0.0,0.0,0.0,0.0,0.0,0.0,0.0,0.0
UNKNOWN_SKU_41217,109.95858406508952,320.5774250083068,0.0,0.0,0.0,0.0,103.25339133132383,80.10719113249179,0.0,0.0,0.0,0.0
UNKNOWN_SKU_412540,0.0,6.111337152208268,0.0,1.5726798102293391,0.0,0.0020591891622127045,1.4412175674553849,1.6956220694786412,0.0,0.0,0.0,0.3442994740491504
UNKNOWN_SKU_412543,0.0,0.0,0.0,0.0,0.0,0.0,0.0,0.0,0.0,0.0,0.0,1.0882755461505056
UNKNOWN_SKU_412544,0.0,0.0,0.0,0.0,0.0,0.0,0.18538261202963707,0.0,0.0,0.0,0.0,0.0
UNKNOWN_SKU_412545,0.6651658537257603,0.0,0.0,3.311777036797525,3.035068741199948,3.326917775741614,0.0,0.0,0.72241720731032,0.0,0.0,0.11241962813790451
UNKNOWN_SKU_414261,334.2135935385975,357.0055033988912,379.94057180895993,403.8997408413149,421.7008054648418,442.9465708999819,478.86900210615477,491.66736579480863,535.5883653418194,564.0522689542694,575.6350314288866,595.2444098225624
UNKNOWN_SKU_414264,0.026689325296472336,0.0,0.0,0.0,0.0,0.0,0.0,0.0,0.0,1.748631968378546,0.0,0.0
UNKNOWN_SKU_41608,2348.2790122874803,2278.93489898882,2059.133605849197,1004.3773688368049,795.5811767261962,306.0262205370145,217.70785308497466,453.0867566226482,776.3802769520923,1175.2390907149522,1426.8725392245467,1684.1320955315273
UNKNOWN_SKU_421650,0.0,0.0,0.0,0.0,0.0,0.0,0.0,0.0,0.0,0.0,48.564863596780725,0.0
UNKNOWN_SKU_421651,1.7014919133908863,0.1522132864643864,0.0,0.0,0.0,0.0,0.0,0.0,0.0,0.0,0.0,0.006775701593157685
UNKNOWN_SKU_421652,0.0,0.0,0.0,0.0,0.0,0.0,0.0,0.0,0.0,4.052483663342414,23.101585195967843,0.0
UNKNOWN_SKU_421653,0.0,0.0,0.0,0.0,0.0,0.0,0.0,0.0,0.0,9.13220056942008,0.4551599888524933,0.0
UNKNOWN_SKU_421654,0.0,0.0,0.3842818939248962,0.0,0.0,0.0,0.0,0.0,0.0,0.27861132109739073,1.4521198236872568,0.0680713326221663
UNKNOWN_SKU_421655,0.0,0.0,0.0,0.0,0.5887769393052587,0.0,0.0,0.0,0.0,0.0,0.0,0.0
UNKNOWN_SKU_424280,0.0,0.3152262086950028,0.0,0.0,0.0,0.0,0.0,0.0,0.0,0.0,0.0002660657192390947,0.0029835361935956414
UNKNOWN_SKU_4266,0.0,0.0,0.0,0.0,0.0,0.0,0.0,0.0,0.0,0.0,0.0,0.0
UNKNOWN_SKU_4267,22.855726778635585,0.0,0.0,0.0,0.0,0.0,0.0,0.0,0.0,0.0,0.0,0.0
UNKNOWN_SKU_427470,11.457189838644787,7.047031180866039,2.16347396845243,0.0,0.0,2.053019590182278,3.0725435511429877,2.8783324337209466,8.105133253592705,6.487543623299502,10.564041632874332,12.119009754343589
UNKNOWN_SKU_427474,0.0,1.4388231895634214,0.9442664989751957,1.4082154226924444,3.4873688378540737,0.9054858461712063,1.8275737290127427,1.9200383114738024,2.0088042536304793,3.217411283543651,0.4510911836620184,0.1868293799445424
UNKNOWN_SKU_428841,286.47637998290213,461.8941602499955,288.461670431995,531.8269645459192,737.0424858053827,885.8205887812783,1042.513557130319,938.1936177778763,828.2301522642468,692.1410658216678,602.3850826359288,530.7075820556624
UNKNOWN_SKU_428842,1057.3781877519345,1032.7708619715222,1069.8444358567785,921.3643294745696,907.0668788783884,860.5019529110294,970.7702466467283,996.1415161448733,1051.2019662529754,1074.5109608490432,1076.455191035483,1075.9964096942213
UNKNOWN_SKU_428846,2527.6414045850147,2708.979092188774,1906.022381365974,1141.5049518019262,1008.7017472448817,1007.8595226934385,1188.7000821464767,1128.8908688030997,1363.0386372225923,1410.5863910523778,1276.6517332103986,1453.420346031009
UNKNOWN_SKU_429709,73867.76776004692,70053.07723060128,67026.92067034013,55312.78968542658,53227.929960791094,52198.168844378066,53843.69021454301,55723.69357397031,60899.70492480751,73899.60586877263,71733.2924872401,79448.21884530943
UNKNOWN_SKU_434231,16.931483509269302,7.131905669981041,6.82327279560517,6.960195893159211,7.175163768257182,5.644567465390295,5.7867198201515215,13.625871101015242,8.412221522760955,7.213931257212264,7.197128441828049,7.547915586575411
UNKNOWN_SKU_434983,33.78562184051344,20.934402446453994,16.14158708680521,18.32069495468496,16.870941404587537,23.323298720108376,17.264544728123823,15.089301690134963,17.444067415342648,21.373240151107574,13.661138495318294,15.634017326285647
UNKNOWN_SKU_435431,15089.946867737055,12950.280556374084,20170.316872718548,4793.778091228962,0.0,0.0,0.0,1477.2855785053926,13105.240683032649,18113.3253320893,14131.627616769463,13190.342009948443
UNKNOWN_SKU_435435,21144.937025675637,19538.037520218808,18262.42063483085,3423.545445497968,51.681613009157445,0.0,0.0,3057.2009554330652,26048.0116968672,22448.80260899202,18580.454857669363,19778.87137558873
UNKNOWN_SKU_435648,11.990319352498357,11.84211750923648,12.437812939322727,1.0158261880874813,2.2644936917950282,16.705284599456817,9.234174230281994,0.0,5.333774631818345,6.4229369702584584,0.0,10.785250070760336
UNKNOWN_SKU_437039,37002.50485950678,33007.61991825176,33837.418641268836,0.0,0.0,0.0,0.0,0.0,30275.56924277959,51099.02083303895,38142.38078126754,33522.010215871516
UNKNOWN_SKU_437040,9182.71169604858,9772.013509952114,7405.6671774128135,6154.053127719244,5466.1917043022595,5095.014381906544,4993.331940327844,5252.398203402754,7217.631830200555,8357.550547976667,7768.700138535428,7938.120427320309
UNKNOWN_SKU_437161,1121.6205751849507,1147.9173442396404,1267.979496854884,0.0,0.0,0.0,0.0,0.0,0.0,0.0,0.0,5.660685651067297
UNKNOWN_SKU_437164,4276.191112013129,4614.040204501745,4318.015611418452,2533.777269877629,2689.811929570784,2425.45219025112,2583.232131721203,2932.5382178230807,3531.2184196303956,3828.84671400206,3993.9962824252057,4232.552870089534
UNKNOWN_SKU_437167,6280.14474627814,6756.549792443569,6650.007920123342,4646.086513014592,4102.1398780750205,3447.389860870795,3659.6715378548415,4535.16857018951,6236.069086804675,6438.767190844238,6770.675364823316,6541.34919475401
UNKNOWN_SKU_437169,1507.7002888647014,2826.158306463047,2684.865573500879,1479.807040090299,1594.0346663209903,1401.1200202646992,1630.8987563788214,1908.9481982292743,1867.4654046687922,2029.8632227795622,2008.4979302273337,2287.480149144705
UNKNOWN_SKU_437351,0.0,0.0,0.0,0.0,0.0,0.0,0.0,0.0,0.0,42630.00735376333,31345.61464144616,0.0
UNKNOWN_SKU_43832,1484.801150013013,1289.273514063816,1011.2773537345786,929.2667739013077,886.6226584648109,911.0873145457324,978.6033878405894,998.0629949065944,1031.2214289895178,1109.8741246859763,1125.2458296732623,1241.5091420932104
UNKNOWN_SKU_438586,0.0,18.54801398359467,0.0,0.0,0.0,0.0,0.0,93.44532114086833,37.62818243447793,23.898806618017975,0.0,0.0
UNKNOWN_SKU_43898,20.673365253503313,0.08566455748894874,0.0,0.0,0.0,0.0,0.0,0.0,0.0,0.0,0.0,0.0
UNKNOWN_SKU_439124,1.6261195360669947,2.0309183121753014,2.951675532561808,2.831199508370874,1.312136888517989,0.3330049921355416,0.7362176745294444,0.0,0.936934895776276,1.0169161959416153,0.0,0.11298022677931518
UNKNOWN_SKU_439213,0.0,0.0,1.7710231816773963,0.0,0.0,0.0,0.0,0.0,0.0,0.0,3.9387463787168357,3.1397608808580024
UNKNOWN_SKU_44049,22.840454973900414,17.113534292118715,1.207798802542201,3.148611466729836,0.0,0.0,0.0,0.0,2.3882270671315964,0.0,0.0,0.0
UNKNOWN_SKU_443798,29.72856614641048,29.072425161750854,27.16657189055552,23.80734879013162,22.165429826324875,30.82335417181185,23.129153164733793,30.568051875603725,34.65623036083204,26.464632665547054,27.348814025851446,20.260818630627323
UNKNOWN_SKU_443910,10.759778176883326,11.794212428935149,11.065638352388214,0.0,0.0,0.0,0.0,4.170476589414752,5.381120811641588,1.5227147112346655,3.935468352720747,0.0
UNKNOWN_SKU_445158,28.810235548024824,24.68126927097032,19.257945040657646,13.975534447738433,19.095454764733983,21.413239809661352,16.496516636934174,19.026986890083354,20.79241188393362,16.614600670344768,21.8114004908046,19.6026891385034
UNKNOWN_SKU_446070,4369.923707876475,4727.6292567696,4453.517745897992,3504.318987214598,3270.7784302817768,3066.6832347494114,3184.1959283374126,3184.4053332217054,3272.318507143033,3711.385496293988,4350.638737628644,4330.342980710262
UNKNOWN_SKU_44708,34.43426360765946,0.0,0.0,0.0,0.4596637824439207,0.0,0.0,0.0,0.0,0.0,0.0,0.06525801882253401
UNKNOWN_SKU_44795,1806.7801249730858,1772.1008241009933,1390.2331417250753,1240.6083541460966,1338.36188240467,1284.1644633332849,1412.8958863979328,1572.5951831714071,1617.3671789119426,1864.9273338261269,1974.3788160792308,2046.2777602034698
UNKNOWN_SKU_447995,0.0,0.0,0.8008370098208598,0.0,0.0,0.0,0.0,0.0,1.3626578029911476,0.0,0.0,0.0
UNKNOWN_SKU_447996,0.0,0.0,0.0,0.0,0.0,0.0,0.0,0.0,0.0,21.208595500958438,3.5547901750971835,0.0
UNKNOWN_SKU_448030,164.00327554364353,175.47976444603617,179.63376062491054,135.20136262497027,150.07904928197834,177.7176036645451,158.90045222755867,214.94433613492993,217.6342483177871,249.11858312103325,235.4644560205902,261.65515939719614
UNKNOWN_SKU_448034,438.9495446409418,444.5142996758017,419.2300761960485,414.00066990460505,385.87711736380925,414.6778478235316,389.31360468366836,433.64898266413684,437.2784575408706,438.61680993461664,444.9518643419724,470.59348036021606
UNKNOWN_SKU_448035,611.0945153716796,606.6027584447966,579.4831287299087,601.895600784617,615.4989542550022,587.0298128579287,563.7174755668884,589.6385815606749,595.1396421823224,624.455466506259,665.0275017920267,683.9441058472594
UNKNOWN_SKU_44819,48.455185988811394,46.50714618548485,68.53722087241516,39.723387151550945,48.35602670445113,37.080244876362855,34.39932594348379,32.38549732677207,51.74014096299426,49.62756240156356,11.956406082010552,15.676787555959702
UNKNOWN_SKU_44915,6.306997739357136,1.5441491413624613,0.0,0.0,0.0,0.0,0.0,0.0,1.009105410329934,0.32783483357276244,1.0354183165960336,0.0
UNKNOWN_SKU_44974,0.0,0.0,0.0,0.0,0.0,0.0,0.0,1.0172672956625746,0.0,0.0,0.0,0.0
UNKNOWN_SKU_44979,541.6456922543907,542.804086504485,463.16224769505766,394.52822243801313,366.94724802287493,334.9543142812617,375.6350130784685,388.33061790673133,402.07534755983886,477.73977707282245,475.72036647370646,516.1410837849112
UNKNOWN_SKU_44980,296.318795539044,304.2706980505059,256.6655911627597,184.37407675564683,208.4446363330408,180.21925509804004,197.53312121312374,216.43438520827482,241.16796750747986,270.1974044499282,304.07072510697094,309.4843527356894
UNKNOWN_SKU_449836,29736.461439650288,31003.943729054226,27279.891509896624,22461.39248388981,20315.033612403604,19584.207664533897,19136.04085555739,19732.346957695438,23865.70058872513,29947.54424286814,28974.839915501805,29425.654802927987
UNKNOWN_SKU_451343,15.010006407252144,8.92981597149726,14.278714470350984,7.060484116891587,6.1141506815817,14.62973478079141,16.088052907616813,11.118558256534756,7.181213383126744,12.068388331857959,11.520779138300552,7.659342630912256
UNKNOWN_SKU_451350,1.5731204867129924,1.6684470507912728,2.5602592328680114,3.08005990934352,2.3090513813380404,2.5041954897477705,0.7922617072896718,0.0,1.3034996668295302,2.6495578413974252,0.13635531186585315,0.0
UNKNOWN_SKU_452155,55.514330200879115,44.78676995378229,27.121255571053453,0.0,0.0,0.0,0.0,0.0,0.0,0.0,0.0,0.0
UNKNOWN_SKU_452160,142.8113116745905,18.260426806489498,1.3044299984216252,0.0,0.0,0.0,0.0,0.0,0.0,0.0,0.0,0.0
UNKNOWN_SKU_460954,117.72617343077937,116.9929651590821,96.87507911966259,99.64465086606532,88.81578884112582,77.79017979911254,75.04677314344022,89.1895283968407,100.82521317749938,99.77924157996465,100.48754487987517,107.60846809774193
UNKNOWN_SKU_460985,22.60944923418164,20.29086218165981,23.003919074790996,19.0058911244446,14.487395299316134,12.632125174362013,14.348635609547369,13.814170492844308,14.008524934630508,15.323935023208122,20.518989629218865,14.548559849176113
UNKNOWN_SKU_462672,18.23255593844877,0.0,0.0,0.0,0.0,0.0,0.0,0.0,0.0,0.0,0.0,0.0
UNKNOWN_SKU_463413,9.289129203940124,7.810540520991061,7.263589774551216,5.876195067795131,10.302278598738617,6.787766455496698,7.16658842177864,8.894677792108254,9.141971196283151,5.618408432611074,7.3859323094843665,6.424488494875762
UNKNOWN_SKU_463519,7.783374512910874,9.323253125426252,17.810135732026495,6.451021533894628,1.4391098919770764,0.7717602950309761,0.0,6.346800081874827,7.438451596713001,6.555152525171481,6.248692984526206,9.616905068597926
UNKNOWN_SKU_46423,3151.8149766563265,3007.573672612273,2749.1016626640567,1738.7698879925065,1582.0531015422912,1369.2651056691427,1299.0437422576479,1242.9532848154765,1402.4331521487632,1802.5044793024174,1799.7541743123636,1499.0717636073464
UNKNOWN_SKU_46424,7754.554477546785,8239.79696532629,8460.812022401797,7737.671134914105,7724.661491775856,7572.708844117159,7840.609392842105,8077.169298673965,8442.179090191355,8313.575190257172,7935.47793716173,7995.866801537279
UNKNOWN_SKU_465730,1098.077752601719,2870.7300170442873,6160.427012482753,0.0,0.0,0.0,0.0,0.0,0.0,44.669395346834335,2128.751186200094,0.0
UNKNOWN_SKU_4658,353.7669311128352,276.0684701415794,0.0,0.0,0.0,0.0,0.0,0.0,0.0,0.0,0.0,0.0
UNKNOWN_SKU_46948,2033.1565183312,2171.4702963058935,2224.466089677591,1911.941495366891,2317.243790910273,2390.5595983369217,2580.8430152701817,2514.097719808733,1999.5526544315153,1747.988973121683,1637.5319990657604,1674.6739908129653
UNKNOWN_SKU_470410,7.4605582484251505,4.179870304765759,0.0,0.0,0.0,0.21909159955932278,4.146063698648923,0.0,0.0,0.0,1.2434901503985096,1.048949252296093
UNKNOWN_SKU_47233,10940.965572398301,10870.938351336283,10888.897634947907,8728.516522298443,8587.810292640115,8442.907569374689,8919.710851223588,9444.019737163944,9024.224706377472,9910.457742209532,11007.840431336419,11370.266443099166
UNKNOWN_SKU_4741,0.0,0.0,0.0,0.0,0.0,0.0,0.0,0.0,0.0,0.0,0.0,0.0
UNKNOWN_SKU_4784,2.429686185529888,2.4654015230067756,0.0,0.0,0.0,0.0,0.0,0.0,0.0,0.0,0.0,0.002747589160896069
UNKNOWN_SKU_480610,0.0,0.640765403769576,0.1316232957774338,2.650205913912756,0.24296831295004995,0.2662745367089207,2.150415820245053,0.0,0.29808892121838404,0.5999562414397315,0.0,0.0
UNKNOWN_SKU_48194,0.0,0.0,0.0,0.0,0.0,0.0,0.0,0.0,0.060037251115273305,0.0,0.0,0.0
UNKNOWN_SKU_484741,0.02741052851427633,0.0,0.014572094541975398,0.0,0.0,0.0,0.0,0.016932631438867366,0.0,0.0,0.0,0.005835328929496368
UNKNOWN_SKU_484745,0.0,0.0,0.033283270664077366,0.005183433072327886,0.0,0.00899205371431254,0.008899445341913075,0.004808353920459181,0.004718476059761757,0.00862956904766951,0.00854143871446138,0.0
UNKNOWN_SKU_484755,9476.986109925265,10107.498626580003,10702.915979849908,11264.992927904219,12035.808491003716,13084.226338396142,13312.772955866847,14543.203604911922,14996.186083952642,15462.188301489228,16174.59167059689,16754.956333697068
UNKNOWN_SKU_485538,2965.2331059653875,2935.3695280025127,2864.791636457441,2845.9510940466143,2805.0388309431814,2812.132391285664,2794.67741038488,2894.8383964894815,3298.335356198392,3421.80029479075,3451.1932164898653,3492.378924674387
UNKNOWN_SKU_48678,42.97061715483865,0.0,0.0,0.0,0.0,0.0,0.0,0.0,0.0,0.0,0.0,0.0
UNKNOWN_SKU_48811,390.4625705258727,423.18539266388706,464.43858952406225,360.06928616196626,337.0031826220534,330.93203893988675,364.2168631439174,390.24686165690565,413.1601996170601,437.1046091349475,425.0718758990212,443.92422846004405
UNKNOWN_SKU_48812,0.0,0.0,0.0,0.0,0.0,0.0,0.0,0.0,0.0,0.0,0.0,0.0
UNKNOWN_SKU_48813,126.44509724184319,129.3561616933397,127.6887839130531,109.92745234734012,102.21135775328597,96.74865273655892,106.56865938169354,111.23003535631746,127.85490679453285,128.08697460362146,125.56159950940858,137.0278700925545
UNKNOWN_SKU_49139,1959.4216434871946,1297.926483460888,535.7179432142243,1208.364298791275,3111.844571027298,6768.795576590499,6051.218368815439,5712.500590369775,3474.987155387624,2744.347595176285,2936.2263347815965,1432.4461142402274
UNKNOWN_SKU_49143,586.6180779490671,313.9737522980961,660.1239687987147,888.278219020604,2616.5624962195097,1554.0615950000301,1004.4129510458406,1521.4241129038846,577.9515194117137,1403.6599216393724,2897.8615204428943,1951.473676507106
UNKNOWN_SKU_49597,19.379012076591586,19.56626309938001,9.563861083490156,6.9705366366576875,2.8200742450711234,0.0,0.0,0.0,0.0,0.0,0.0,0.0
UNKNOWN_SKU_49819,955.0489667039387,820.5048944500552,632.3648477055754,24.877221368619644,0.0,0.0,195.49442470608926,304.5485272035409,373.57582026012875,424.62606576402663,800.3578732257718,987.355730253797
UNKNOWN_SKU_49820,1708.653185981366,1690.2866944101838,1671.0928902057522,1753.7612358947217,1933.840101498412,2015.3693830338786,1976.0297973147667,1986.8651177919915,1923.929563226286,1925.1245086262363,1872.7566539987113,1841.0137593492054
UNKNOWN_SKU_49875,745.703483170058,578.4046214734502,419.835937190653,464.7992214509761,259.1389758272635,252.95827681371657,374.27864707982735,722.3599331616126,643.9261892682891,659.5735668986122,369.9322099763992,298.17215522927677
UNKNOWN_SKU_49876,1228.5503342315817,1193.1076376840595,1282.4488022576566,1148.1482557281483,1290.8055403161559,1107.7510897981765,1218.0772511954074,1494.2791021248067,1400.2815046799396,1298.1587485356613,1294.1190654318523,1288.0762407604198
UNKNOWN_SKU_499942,9.31952196001252,7.755271837840173,9.029855513372645,13.345106227068975,7.920090571296393,7.789661819948682,8.584902592140866,9.419478983164964,9.133923869254597,14.653863551396654,7.262199070380653,8.589251258838207
UNKNOWN_SKU_499955,74.02689755775617,62.84253029415864,43.759568575528476,49.96693129287218,51.941353558995,61.8666234641411,56.39897148050582,65.39658198584547,72.37720248236499,74.92783097182848,71.3584658556471,72.12190585494989
UNKNOWN_SKU_499958,4.234144595277691,6.180106527453737,6.733092855634142,4.172098700618031,2.64592015904471,3.3311941082256196,4.0624300500099135,4.626035585876915,3.058336797010083,4.401594548356185,2.790017531872631,3.1657727011253565
UNKNOWN_SKU_500331,80.04057498793335,76.94500650433434,80.83506391528786,93.80002204188341,91.90010074099257,83.74787589811264,85.42140822164143,81.1691462782972,75.41464892145453,83.24716323381313,83.93808688153274,77.86733799754117
UNKNOWN_SKU_501109,0.0,0.0,0.0,0.0,0.0,0.0,0.0,0.0,0.0,0.0,0.0,0.0
UNKNOWN_SKU_501110,740.4784634312625,723.8270565150306,731.1470410126091,723.9385386412358,723.7012467747014,733.5793233120378,725.270094572471,740.7466216113816,832.1221532730741,822.8364886329922,821.3942669514906,774.7111996368536
UNKNOWN_SKU_501788,489.35927760491603,487.80411415129333,438.28933281879245,364.39525718318913,359.4473461051038,454.81156667303287,500.3590925577734,623.9460626959633,542.7101882369125,512.3540381000691,490.8748674209918,417.6128803081273
UNKNOWN_SKU_50212,9023.477555716827,8105.233082991879,8665.387831291499,8115.425556410772,8355.198462985769,7432.289914725343,7836.50860259658,8359.397879373148,8227.63962727398,8732.961752074223,9144.854178393996,9626.212045929391
UNKNOWN_SKU_502261,0.0,0.0,0.0,0.0,0.0,0.0,0.0,0.0,0.0,0.0,265.4248642900778,46.07714806754484
UNKNOWN_SKU_502262,0.0,0.0,0.0,0.0,0.0,0.0,0.0,0.0,0.0,0.0,0.0,0.0
UNKNOWN_SKU_502264,0.0,0.0,0.0,0.0,0.0,0.0,0.0,0.0,0.0,0.0,1629.024519497285,253.06542409970223
UNKNOWN_SKU_502265,0.0,0.0,0.0,0.0,0.0,0.0,0.0,0.0,0.0,0.0,0.0,0.0
UNKNOWN_SKU_50250,2659.9325119839127,2360.5074840800703,2466.4206106316847,1932.8318607476635,1832.3148097151334,1578.8051177637967,1497.7149130774155,1553.7994982029982,1447.135115178151,2085.3347576329597,3100.5472204714965,3191.374739617013
UNKNOWN_SKU_50274,32.714251692267695,14.203899133220725,2.458826366338806,0.0,0.0,0.0,0.0,0.0,0.0,0.0,0.0,0.0
UNKNOWN_SKU_50493,0.0,0.5989297965205052,0.0,0.0,0.0,0.0,0.0,0.0,0.0,0.0,0.0005055248665542869,0.005668718767831725
UNKNOWN_SKU_50841,1013.3284455979515,1140.5233106089204,1698.6781916702103,1061.2678855717563,726.6302297455079,709.2370941370239,652.6847747027509,780.2415082078473,769.4458840644392,865.441973802227,903.8350346449721,911.6736723716826
UNKNOWN_SKU_51054,6479.63509828215,6182.540541003414,6006.149665227663,6300.431734654296,6555.988160242839,7283.126870760907,8028.709009222599,9133.201490039188,7938.173044739692,6922.337458547333,7060.54175964068,7206.869170562592
UNKNOWN_SKU_51208,41.29520378707241,5.187679538333908,5.838665863155274,0.0,0.0,0.0,0.0,0.0,3.100695981286904,0.5665190842028616,0.0,0.0
UNKNOWN_SKU_51209,16.699979126808824,3.973344899327517,8.669439684611156,6.267317680106755,0.5982222437719207,0.0,0.0,0.0,0.5496754155886467,0.0,0.22055651809931964,0.0
UNKNOWN_SKU_51222,1507.8783165913615,1294.9726291101279,961.3427527011348,536.1811251499337,419.02169668496606,228.63842748898526,159.85488570819405,365.17152585955444,892.1075115566363,1377.9901736902943,1555.4793769732144,1577.272213175544
UNKNOWN_SKU_5146,0.0,0.0,0.0,0.0,0.0,0.0,0.0,0.0,0.0,0.0,0.0,0.0
UNKNOWN_SKU_5147,0.0,0.0,0.0,0.0,0.0,0.0,0.0,0.0,0.0,10.697845656379421,0.0,0.0
UNKNOWN_SKU_51972,841.8911453541,820.6703694879944,718.0492112013337,586.3669469782293,590.3029980059696,516.1661012343858,553.2944462233428,632.6525846207322,696.9549577448678,725.6479186504001,799.89214978105,876.3013970917938
UNKNOWN_SKU_519748,0.0013827487581894986,0.029341058314619264,0.027354719018946188,0.027412660641590834,0.001506026998889666,0.033627733143911834,0.029772111119112654,0.02793462655845644,0.028111651969114564,0.0,0.0,0.00670355400083871
UNKNOWN_SKU_519749,0.0,0.0,0.0,0.0,0.0,0.0,0.0,0.0,0.0,0.0,0.0,0.02699394784075101
UNKNOWN_SKU_522241,10.922480248654093,11.551443096934412,11.642169639421995,12.325371691406485,13.149725477413034,12.74587341074054,11.770425784022954,12.651962375262531,13.64103397356141,12.776163828566633,13.817849027442875,14.17256180299659
UNKNOWN_SKU_5247,0.0,0.0,0.0,0.0,0.0,0.0,0.0,0.0,0.0,668.661983227335,0.0,0.0
UNKNOWN_SKU_5248,0.0,0.0,0.0,0.0,0.0,0.0,0.0,0.0,0.0,0.0,0.0,0.0
UNKNOWN_SKU_5260,255.17051322015317,738.7734442833365,2158.6244384809243,500.49428318603276,0.0,0.0,0.0,0.0,0.0,1119.1883840119908,1746.8835850401729,1184.7435952097608
UNKNOWN_SKU_528335,160.70884545837316,207.83846356369222,231.05949447473273,173.73045563035038,178.46656098162967,116.9987816894384,98.6854946824705,155.65660150368146,186.45202338743545,221.3604973212238,217.93061289503987,204.82404178087774
UNKNOWN_SKU_5301,274.00818344475687,283.3270850588274,284.35428920643255,158.21453538086584,72.32721517676141,0.0,0.0,0.0,0.0,0.0,4.8383069760675,1.5808124473656449
UNKNOWN_SKU_530622,2.5083777393821847,4.490298340203144,3.6663334037996176,6.063660037616503,3.9792199276097144,3.2597664225439904,2.6959022014311165,2.9261094074805225,4.8747737552597545,3.730203816422843,2.6046464482930207,3.502299136728868
UNKNOWN_SKU_5320,3451.4251048264123,1598.2136855178978,0.0,0.0,0.0,0.0,0.0,0.0,0.0,0.0,0.0,0.0
UNKNOWN_SKU_5352,26039.946587840124,20334.081236937363,23787.091148990934,14259.568471409559,6454.536922120224,7041.681475464538,8250.549710915744,10095.798092052497,14731.684589737662,26046.31318066157,21865.06784617646,20776.23977136415
UNKNOWN_SKU_542844,1621.982281355534,1643.4772452297298,2387.5616762346162,1578.5676809440538,728.897344617134,414.80073546112726,274.188708041851,416.6975460119593,1341.4586762935753,2211.936840424397,4192.212231634584,2523.942204508263
UNKNOWN_SKU_5436,712.8752546196769,828.1508927440169,973.1117651217883,465.980424902305,0.0,0.0,0.0,0.0,407.8077607139747,778.6729926458514,859.7179400696523,685.5506598869927
UNKNOWN_SKU_5438,0.0,0.0,0.0,0.0,0.0,0.2199488800079993,0.0,0.0,0.0,0.0,0.3026874225428816,0.0
UNKNOWN_SKU_5471,630.1684905502794,723.9814710109929,690.0806373189914,512.9303523048176,604.9613062329063,568.738851314805,544.6864693197513,614.6585456631362,645.3625886772716,601.2610050280074,543.9725200480239,572.7633140034646
UNKNOWN_SKU_54798,0.0,0.0,0.0,0.0,0.0,0.0,0.0,0.0,0.1948770113210378,0.0,0.0,0.17758570486083258
UNKNOWN_SKU_54965,24.81555758012565,20.835258915656727,23.538415871828178,11.29913732451195,12.292310374405549,6.00144470206703,0.0,0.0,0.0,0.0,0.0,0.0
UNKNOWN_SKU_54966,1003.9933385541188,0.0,0.0,0.0,0.0,0.0,0.0,0.0,0.0,0.0,0.0,0.0
UNKNOWN_SKU_550085,11.597655842195497,0.16863047287950694,6.356162234768957,0.0,0.0,0.2890018865659596,1.9318385287296822,0.0,0.0,0.0,0.0,0.0
UNKNOWN_SKU_55166,237.1750112345709,180.1597680923822,224.52190911628065,0.0,0.0,0.0,0.0,0.0,74.03183068172339,248.79510795129897,281.9824653046089,293.2478867249061
UNKNOWN_SKU_55278,100.10022716894278,43.42107941584841,14.769572716568247,0.0,0.0,0.0,0.0,0.0,10.053766813978056,0.0,2.145443735403603,0.0
UNKNOWN_SKU_55279,44.81049861643493,15.656960574503934,9.152788045932748,0.0,0.0,0.0,0.0,0.0,0.0,0.0,0.0,0.0
UNKNOWN_SKU_552960,3215.68458856154,3567.361337634775,3672.8935450622985,3650.4189191732535,3693.171626630953,3600.6738007660488,3576.7703482430607,3576.7795943936067,3693.034599482979,3799.7686117234125,4016.2150296846953,4207.631372222657
UNKNOWN_SKU_553375,6.766271257093049,6.548144005741813,6.574179742865881,6.492345870770191,9.254216311298698,6.951050201926559,9.255854852633906,6.097436111404838,7.992438656626643,6.459378231009143,6.056667428720201,7.240636325094103
UNKNOWN_SKU_554423,994.8883864837873,1025.520004572025,953.5398085730401,907.5741613042774,964.4261530196924,1047.1330559224493,1107.89188777508,1214.30306278761,1194.6097123280588,1315.2239414908431,1323.0390343514955,1376.9044181704426
UNKNOWN_SKU_554599,0.05779188278728905,0.0,0.0,0.0,0.0,0.0,0.0,0.028374170580599847,0.0,0.05051958644671034,0.001611504740274012,0.0
UNKNOWN_SKU_554601,0.0,0.0,0.0,0.0,0.031133046034393944,0.04127235408782321,0.0,0.0,0.031662216167216845,0.03178571520102788,0.0,0.0
UNKNOWN_SKU_554602,0.618504222852837,0.6537597700933578,0.7241120822953326,0.6233418064664707,0.5772734602129395,0.5497666576196727,2.506709089954618,0.5720109102321315,0.5296002408637008,0.5074195797785146,0.5894229253199237,0.5435734761626094
UNKNOWN_SKU_55954,3736.324682846857,3700.6828012160936,3453.921609387448,2828.5117694004975,2505.317410886902,2237.8574375519916,2282.5773723600287,2439.0148336824245,2929.715916216306,3411.3478957193774,3385.8897927977987,3687.7644239365027
UNKNOWN_SKU_55955,2659.41859576909,2665.3121074144483,2506.8853498510457,2154.413976920635,2018.4565116966173,1948.3561726377143,2006.7747345109035,2100.0324171297657,2224.1117963451666,2483.749732837799,2621.4373151522154,2785.21981412406
UNKNOWN_SKU_55966,10330.686168614,9998.667842623996,8991.804508811701,2806.973168741588,1225.6010236652137,0.0,0.0,2378.333725849845,10630.404377270685,12003.227425387075,9145.621990859901,10435.12257021788
UNKNOWN_SKU_56114,3459.8511639213248,3798.2842843334274,4483.857551266054,2792.6893354150993,2649.1879333372817,2035.5739822779728,2361.8087920334706,2496.8962104408142,2595.023715769635,2955.1304906356368,3129.6622811313823,3205.1968841309244
UNKNOWN_SKU_56173,0.0,0.0,0.0,0.0,0.0,0.0,0.0,0.0,0.0,6.105115152428297,0.0,0.0
UNKNOWN_SKU_56174,0.0,0.0,0.0,0.0,0.0,0.0,0.0,0.0,0.0,0.0,15.692353997905393,0.0
UNKNOWN_SKU_562647,140.63472986028003,26.64072499334813,0.0,0.0,69.01853268453905,136.3939605286653,133.59845112294371,238.60059191734422,0.0,0.0,0.0,0.0
UNKNOWN_SKU_56316,18016.291059803196,21489.804547566087,25189.258293041752,22978.310644687637,0.0,0.0,0.0,0.0,0.0,0.0,0.0,262.71644347879555
UNKNOWN_SKU_5683,4170.701303262189,3724.481147013349,1570.5985966183307,0.0,0.0,0.0,0.0,0.0,0.0,410.4281547832102,2235.2199996666727,1451.2702501775016
UNKNOWN_SKU_57085,0.0,3.978653820010999,0.0,8.590374235963228,11.508272722778651,11.20566697763805,17.488657846932625,31.463726007775346,34.03325600185657,33.746755462528625,15.285830496473316,8.986965989036126
UNKNOWN_SKU_57086,15.514389095153044,11.445588782214907,12.834683235948866,13.7824935030205,19.204876420762268,18.872517459040154,28.14636499374693,24.17277772559682,15.434442615161203,11.265109230897174,9.75417722757042,5.933166328993483
UNKNOWN_SKU_579167,3641.45077993375,3686.685299257648,3343.8735785678364,3379.3964658670566,3741.1262395575027,3796.363922360929,4099.205932454741,4402.294604380859,4458.478605772823,4355.840870737465,4180.711346560247,3949.2635910695435
UNKNOWN_SKU_5835,2397.2612633160807,1127.1600081689448,0.0,0.0,0.0,0.0,0.0,0.0,628.4262183469568,2305.178824874949,760.4382166825085,2279.585036713713
UNKNOWN_SKU_586535,133.19538473040092,176.1888491532156,1197.729217246066,443.5651082749446,270.478217652646,153.22710170940553,108.34660550941177,117.85500510401525,97.06692133429652,100.23805087312007,96.35375105877739,81.84950776190172
UNKNOWN_SKU_586545,7299.187021544167,7271.718284738954,6982.15105528367,6608.823031708326,7197.785172836939,6528.159445728714,6640.70702403102,8239.21004666175,7209.1978247552215,5594.960207218883,5237.116673178698,6958.827605935436
UNKNOWN_SKU_586966,0.0,0.0,0.0,0.0,0.0,0.0,0.0,0.9220621549009982,0.0,0.0,0.0,0.0
UNKNOWN_SKU_587159,5736.0783407867875,6162.027141020854,5610.079556145591,4474.938863182862,4704.714883750163,5013.170275141484,5201.000363192024,5525.98620856994,5753.882659809755,5641.883195739089,5323.871399420039,5906.594937302282
UNKNOWN_SKU_589,1127.5355045582685,1076.8105067104002,932.2680325221307,712.7927772615396,662.1440971430923,544.9758771383591,635.4448252245975,726.5387077836134,813.3701379208512,944.8356061206665,1038.1715047705434,1078.55094778047
UNKNOWN_SKU_590,365.3313237697565,319.08859342812485,323.16632924373306,272.2868379851331,306.7703650671668,261.3675068217073,301.86994031425337,307.4614071972038,316.98290079247766,358.64201575761047,350.5884278186301,356.7374775563596
UNKNOWN_SKU_591,1577.5017653410484,1760.748093848524,1612.7320189495856,1176.8656213255167,1339.739765521344,1210.8511431730872,1271.492307589564,1395.3881014178276,1546.5879987755202,1684.4279789567565,1808.5876253968272,1647.0542048439663
UNKNOWN_SKU_59487,2055.98656420262,2053.3043371510616,1937.2261850735829,1310.2076929753664,1307.5905288605622,1205.5460271324857,1449.356055313793,1621.3905074226059,1497.4568986734243,1706.7436412378465,1972.972664853152,1953.887113309164
UNKNOWN_SKU_6017,0.0,0.0,0.0,0.0,0.0,0.0,0.0,0.0,98.69290943765147,254.93625366557598,0.0,0.0
UNKNOWN_SKU_602896,343.51546524448526,350.6394806311936,369.07311810213696,412.2995965531036,411.3489739350924,417.14020530155204,406.7631979532593,410.86686382595155,430.0431692585796,435.45518227314676,472.54311749055597,453.42637880066513
UNKNOWN_SKU_602897,2720.244404441201,2899.8414491466915,2898.3567117474995,2797.3165813488586,2929.393527600742,2904.972296670623,2856.6120974176015,3013.9127782578225,2972.942995186625,3086.8443713995794,3110.8416489324777,2979.6508327193224
UNKNOWN_SKU_603731,3450.5603141479555,3709.7599904520894,3650.861650028323,3201.0160962222353,3081.4931717102913,2989.288350633662,3130.9208123052845,3071.358300175508,3219.162209004612,3288.282454600822,3517.275769610716,3481.2571401515556
UNKNOWN_SKU_607542,0.19039831481150285,0.1860767739888613,0.18189395088895866,0.17782210196724718,0.17383903238808857,0.16992698628297231,0.52207175895709,0.3322619866545946,0.158488578370809,0.15474426130199115,0.15102321720514744,0.14732079148588312
UNKNOWN_SKU_6094,0.0,0.0,0.0,0.0,0.0,0.0,0.0,0.0,0.0,11.278443726055954,2.3208514834851464,0.0
UNKNOWN_SKU_6108,0.0,0.0,0.0,0.0,0.0,0.0,0.0,0.0,0.0,0.0,0.0,0.0
UNKNOWN_SKU_61500,1273.7553772563883,1299.4104915171702,1402.6730990691685,948.3601012541415,303.1074191454918,251.79898960194544,431.90996211048184,575.5832562606838,579.8328077242188,716.8209650384196,771.5756070331541,858.368636772314
UNKNOWN_SKU_61586,0.0,0.0,0.0,0.0,0.0,0.0,3.9464423247766636,2.024729819901253,0.18817415331684795,2.76094395736524,2.201174137919878,0.0
UNKNOWN_SKU_61623,2696.648197363962,2318.425314457559,2025.383358840967,486.1953450562239,56.03568473695907,0.0,0.0,0.0,0.0,0.0,0.0,0.0
UNKNOWN_SKU_61624,1046.4996835187276,802.9373383491638,1161.472331955108,1413.5655965814578,611.5234780241333,0.0,0.0,0.0,0.0,0.0,0.0,0.0
UNKNOWN_SKU_61925,0.0,0.0,0.0,0.0,0.0,0.0,0.0,0.0,0.0,2.95397399764095,0.0,0.0
UNKNOWN_SKU_61926,1.4082432548522805,2.457144334824039,3.2512785358395124,0.0,0.0,0.0,0.0,0.12886137074940374,0.06073218680820058,0.12444217669330426,0.0,0.03550190583443841
UNKNOWN_SKU_6215,1822.7409214921768,882.4362746631966,0.0,0.0,0.0,0.0,0.0,0.0,0.0,0.0,0.0,0.0
UNKNOWN_SKU_62432,900.2951098363894,1243.3558114263492,1888.7591226844247,0.0,0.0,0.0,0.0,0.0,0.0,0.0,760.0878274026554,0.0
UNKNOWN_SKU_6269,2206.4433288357814,2139.4747996760634,2378.648204189356,1068.6843556410568,614.9535046434846,354.8978516864936,422.21475716196824,900.8645093834143,2388.7625390016383,2632.147990537285,2053.3545796068693,2236.9876787036033
UNKNOWN_SKU_6288,0.0,0.0,0.0,0.0,0.0,0.0,0.09907704042061627,0.0,0.47357978054802374,2.0941892571773137,2.0989750324235077,0.0
UNKNOWN_SKU_630188,0.6858518050432982,0.0,0.0,0.0,0.0,0.0,0.0,0.0,0.0,0.6291599491314303,0.0,0.27020845317186337
UNKNOWN_SKU_63391,9.2513341021157,29.930352895860402,0.0,0.0,0.0,0.0,0.0,0.0,0.0,0.0,0.0,0.0
UNKNOWN_SKU_63517,0.0,0.0,0.0,0.0,0.0,0.0,0.0,0.0,0.0,0.0,0.0,0.0
UNKNOWN_SKU_64210,138.91034239667206,62.13394902295795,51.37922182051351,18.742227555084767,0.0,7.418120803142443,2.5185092307683625,12.863207469395896,38.554553556824736,35.196817923294624,4.673016912997348,9.02556360128634
UNKNOWN_SKU_64211,69.71188903221208,58.03549393957033,34.10603321416488,7.741319982548493,0.4928047459633653,0.0,0.829417781663107,2.536649031378973,13.259289379859649,13.85905700735216,0.7245264580541395,3.3273573673237067
UNKNOWN_SKU_64404,0.0,0.5377388265973576,0.0,0.0,0.0,0.0,0.0,0.0,0.0,0.0,0.00045387681517257764,0.005089561742016097
UNKNOWN_SKU_64420,696.4837700539965,723.7188447629583,703.8815579894217,518.1887820298867,489.32521472155315,456.86781433418037,451.01334748357647,463.6088274623877,567.3806649047307,631.8203883178995,705.056820507729,736.8766197188864
UNKNOWN_SKU_64586,3.6311206691022297,9.98096661398079,18.44604381445158,14.05010601939614,19.62415622791972,14.67859683930653,10.831349772983902,0.0,0.0,0.0,0.0,0.9660581588239081
UNKNOWN_SKU_647290,2.125574465119316,2.0997455763362245,2.0892042769240886,2.0548930490087174,2.073565878290758,2.2778259533307277,2.0521558249770404,2.0329415339084282,2.990491912667875,2.415054027289771,2.5828255306016246,2.4419645448654443
UNKNOWN_SKU_647296,7.166984404795703,7.705878114271247,8.205860300262456,8.740476538943547,9.255195127680024,10.131410948969119,10.448449141183199,11.021568585776018,12.005965220128639,13.004775184753067,11.907077813135716,13.853898472088677
UNKNOWN_SKU_647301,1.9866477271375174,2.1162617409598443,2.2450242149690767,2.399377726155869,2.5557427226613436,2.828518630219566,2.962084903277899,3.574802023561337,2.9950124487086245,3.0930415134765696,4.189198285884139,3.6617763805493517
UNKNOWN_SKU_647302,3.26109775510634,3.3229262660033965,3.3915604616640187,3.453260057850029,3.5142717845351576,3.7588300351944492,3.6271574836291953,4.235465669950623,4.025955557264398,4.306818060520904,5.312234548923003,4.248377323213416
UNKNOWN_SKU_647417,3.069367849806487,3.0104835524024027,3.005295203114868,2.996263612320572,2.963757428320867,3.7880715697568355,3.3134419715413426,3.9520573816046802,4.170068798291082,3.117597020275936,2.868738686499552,3.4575711081141756
UNKNOWN_SKU_647418,5.535021847554496,5.696345795098428,5.8159692162848895,5.9643771374317565,6.0920303335410075,6.599366540864524,6.684801608841592,6.804730594439533,6.701528801777306,6.967552769767918,8.957141210378726,7.874615899978724
UNKNOWN_SKU_647419,2.871184160067144,2.8672132061089797,2.9227524419715354,3.014026358163775,3.0452482206692144,3.262620632172194,3.3423360652228364,3.382577368743759,3.4255182492114473,3.6673237277785624,4.104150574540134,3.9541477210864393
UNKNOWN_SKU_647421,7.573822782386529,8.342577752267662,9.10582202283507,9.82563112905443,10.475976829143153,11.49473229340777,11.895677033639481,12.678501586039935,13.644811960000693,13.880133864443742,14.729916722844967,16.503537487506456
UNKNOWN_SKU_65897,457.47627701508236,472.016994498268,423.57074942396605,356.1209343036745,306.4170631465909,286.12794716007386,325.91303531000995,364.4338867691086,365.86774887553736,432.07321949983,458.32797693841394,508.98056382843083
UNKNOWN_SKU_66229,5142.945797515714,4730.633515112989,3544.6030566817776,2366.0560574277793,2322.1054255155495,2843.9150874767347,3601.0501845366543,3352.581229675559,3107.6222332776515,2563.3248036502973,3204.3438274393807,3722.7456139616197
UNKNOWN_SKU_66230,5896.467795244077,5967.805351557051,5743.724555540465,5180.505477660236,5367.132174289089,5515.167090525208,5721.18298244714,5955.280454917723,5331.747191827226,5404.910940287866,6077.616297989413,6439.63134308369
UNKNOWN_SKU_66274,1692.1165548507684,1499.4580360669966,1493.8922613845193,414.26428198307804,146.05213880646465,0.0,0.0,267.8434067311066,1469.5351999830482,1851.926074929142,1581.8486152305577,1564.0996878162284
UNKNOWN_SKU_66276,0.0,0.09543072524653204,0.0,0.0,0.9763571315189736,0.0,0.23702627594188214,0.0,2.2313277820541217,1.17635696872923,0.0,0.0
UNKNOWN_SKU_66277,1423.8598344523482,1441.6175718957243,1420.9820991663457,1057.0276582987644,933.76524292062,904.3560479340258,985.2554292606716,1093.6260716379093,1428.7409228556205,1606.8383411457103,1765.6678130937034,1695.1765279680192
UNKNOWN_SKU_662790,0.019587198744222045,0.005224177367300766,0.018890915030976306,0.0045814599271292965,0.014291050609264248,0.004015877920184769,0.0037528945341337447,0.003499662590505484,0.0032542318008154346,0.003015041934275954,0.0027808448062569286,0.002550641869054268
UNKNOWN_SKU_66436,4723.788699213159,4582.270262816748,5122.735507308952,0.0,0.0,0.0,0.0,0.0,3621.32228036099,6044.875076609698,4216.382907218,3889.8807653139793
UNKNOWN_SKU_66439,2543.820515256614,2005.9895876669282,2375.0394916079613,604.3764607735684,175.50308211883566,0.0,13.15674569180851,361.0156480917715,2041.8766160245234,2929.224836383507,2404.6212586834745,2221.8578425362293
UNKNOWN_SKU_66440,1114.9029888949703,903.7491276114238,929.8207779010631,455.3176374492514,239.18266440427874,66.60542528477743,73.66637330565334,189.3438710388308,663.4858085418493,1153.3156978607412,1092.2331486323314,1076.180648566081
UNKNOWN_SKU_66470,1149.494709223804,1101.6364884285865,1053.1386514978863,935.2707216587997,1040.0363174930044,970.3623338658416,1055.5802866695853,1119.1025886180537,1115.8303698823026,1203.543334599175,1306.6800460781474,1314.6769549667983
UNKNOWN_SKU_66473,829.9490258069095,803.430598743188,674.6846885453922,456.41439184033743,363.81738592947477,297.2458126539659,358.3257854867403,434.57619520614173,481.4865544348438,620.5356732709872,703.2869997930832,729.4144924639412
UNKNOWN_SKU_66474,0.0,0.0,0.0,0.0,0.0,0.0,0.0,0.0,0.0,0.0,0.0,0.0
UNKNOWN_SKU_66475,678.990975146759,705.1739126879888,642.431379031059,369.17526841560124,274.13029623332153,159.4914347975835,235.17546195907914,274.748199998362,342.0971067398743,543.1849484431706,713.6363381158935,755.0489661641578
UNKNOWN_SKU_66534,557.9660403772675,547.0811379542934,580.8266534707627,241.87090333878666,227.13534068805438,175.68232802231705,242.7281553445759,367.12905465723134,411.33401156220447,454.65621454103155,468.4830143789417,472.45829170411844
UNKNOWN_SKU_66537,386.55747304529433,408.9242891518563,453.82317699125997,250.69972221693683,267.6251933516322,237.1814052135424,266.15380965722454,300.3107681663242,345.8949699277578,350.5149662910586,350.19479833585325,344.58769892584274
UNKNOWN_SKU_66538,27.813148571645623,26.849983542840718,21.229829069116064,9.732083039455588,1.5738637650464575,0.0,0.0,2.8803100998327533,26.271955610625213,11.041649568578444,0.0,4.572266006124993
UNKNOWN_SKU_66541,630.5036809563574,640.190199495076,703.3639307472793,439.69343217026966,411.8719497298902,356.2864801988148,421.77942099518253,382.0106900535047,456.00622172139083,514.5207634769276,570.1149133025854,603.5743495843396
UNKNOWN_SKU_667737,0.0,0.0,0.0,0.0,0.0,0.0,0.0,0.0,0.0,1423.1751301833267,58.28634328108899,0.0
UNKNOWN_SKU_66925,0.0,0.0,0.0,0.0,0.0,0.0,0.0,0.0,0.0,0.0,0.0,0.0
UNKNOWN_SKU_66926,3307.4912016405897,3162.4971501010095,3826.885285862953,2339.613971466117,2252.753496942258,1493.2296943167803,1627.529229210007,1840.9070341181973,1928.56425503836,2420.5790087681,3136.3201887454993,2957.7265097210297
UNKNOWN_SKU_67585,398.17360146770574,394.85815391874587,305.46401338444053,143.05731846185859,215.42618002865578,193.9158867869557,316.5990696984582,339.27463353252256,332.6373021046366,369.5356544671904,425.4805538620957,408.5818908828826
UNKNOWN_SKU_67683,267.41193475343005,0.0,0.0,0.0,1763.6359338650227,579.8917580750706,332.9877777098503,0.0,0.0,512.6933918346601,2566.3161257844845,897.2260732110844
UNKNOWN_SKU_676866,29.192764955824245,41.269725562953056,15.042598466549965,0.0,0.0,0.0,0.0,0.0,0.0,0.0,0.0,0.0
UNKNOWN_SKU_678068,745.6318992705021,745.8275589796781,710.2677878306533,688.1340719950679,766.5404004102337,794.1319642260008,876.4181163622488,966.7955391548817,772.2815784726222,973.3537110104489,820.5351181243448,647.2503448990958
UNKNOWN_SKU_67839,3539.7116865413354,2693.537160439083,694.2633903491685,0.0,145.27802363697356,0.0,0.0,0.0,0.0,0.0,0.0,1493.7886304509013
UNKNOWN_SKU_68079,689.9320887998351,539.2481103039443,471.75173189733994,297.4694335621649,211.4455992841332,185.40573625181614,157.22905021607093,259.37850577758303,461.7188746169013,512.4095740784641,525.0313380378226,514.399953595418
UNKNOWN_SKU_68080,1130.9335500064453,729.6632290197321,470.5726202992696,376.2621813918075,282.1674783347461,255.08816395800488,233.4555605255199,412.98952584844017,950.2239461756841,1038.3607305063874,1042.7346060398581,1069.6653545355425
UNKNOWN_SKU_68081,144.34318086565276,147.9142953408078,150.95819414516077,152.9419204128721,154.67030865127012,162.23602646621748,166.21440794240436,169.3853203475828,175.92825749595448,185.07881443888078,193.8326672174508,195.10315666453573
UNKNOWN_SKU_68082,99.53874270400915,108.84801565304174,115.55757032791104,120.04575038344973,124.70683074352388,132.77703134722645,139.56172814583175,142.16242190035922,150.95391321962444,153.05804259067986,156.47428240316742,161.5094105688007
UNKNOWN_SKU_684229,216.942985289453,207.23914348596676,187.74212811486433,177.06657388966897,175.16578858119925,166.52681840611007,161.00130033772533,155.5521439547041,344.30607691997363,604.162081363876,455.28574299068435,307.01553036381756
UNKNOWN_SKU_6865,2690.475599624465,2432.9029990606787,2311.7774593709723,1250.2259683805303,1076.582516349499,975.6342954859965,949.9506595565174,1508.8186915742563,2851.9572579497703,2789.227451811504,2643.7913476622134,2892.955005104104
UNKNOWN_SKU_686645,8.208264318475077,6.979617079532028,2.3481186270827754,0.0,0.0,0.0,0.0,0.0,0.0,11.03837844969266,11.929282432852872,0.0
UNKNOWN_SKU_68713,0.0,0.0,23.00655189422781,0.0,0.0,0.0,22.41590676689338,0.0,0.0,0.0,0.0,0.0
UNKNOWN_SKU_68715,1201.3215029248495,1245.807104542291,1195.1930813627787,911.2701583457047,985.7721154585802,1144.9671766754159,1343.0423211754196,1354.5855323019575,1217.441196729723,1168.2740237984706,1164.4529809800042,1207.212842251766
UNKNOWN_SKU_68753,0.0,0.0,0.0,1.341721281649584,0.0,0.21714309379007643,0.0,0.0,0.0,0.0,0.0,0.0
UNKNOWN_SKU_68871,252.44235117834205,296.41412400962963,814.2613867314531,1147.761841365705,1261.716849529901,1544.5963005180506,1898.9153057653643,2269.755154420009,1072.7172778005174,397.5612209617184,2.763819947472598,0.0
UNKNOWN_SKU_69084,535.4646758611012,541.8262179583603,718.9841064156078,418.72482391484414,326.07702900397004,198.715547303491,252.4053631528874,258.7336116746652,328.7775712352055,401.26265628257005,412.45841054241777,501.87650055412456
UNKNOWN_SKU_691225,0.16501740896967154,0.0,0.0,0.12474688713133257,0.0,0.0,0.0,0.0,0.0,0.0,0.0,0.05181467424162099
UNKNOWN_SKU_691227,0.6330309310923609,0.0,0.0,0.0,1.0276125683215096,0.0,1.1805038457010668,0.0,0.34418630545793805,0.20031218463820172,0.0,0.0
UNKNOWN_SKU_69311,1121.2162431085085,992.295688607375,1105.231507134837,422.28162408517574,11.391579773815693,0.0,0.0,140.75837083069428,678.9336256837066,1324.1028916944856,1182.9813666314774,1012.4460087094398
UNKNOWN_SKU_69312,3877.058738317535,3855.667727670148,3687.6952974795513,2871.522931654388,3118.0442173215697,3176.703224182628,3236.258007998788,3416.86221337903,3505.533956010536,4013.0013284430543,4146.536004716382,4040.764524062357
UNKNOWN_SKU_69628,1758.0833669645965,1485.790355136861,1401.522470264837,934.5506869573815,839.7309849015815,316.0201478471047,354.57240279368807,573.3519313411177,1148.8284787692262,1400.189441301876,1558.4159359181608,1160.5304562013523
UNKNOWN_SKU_6979,1843.6074222965062,1474.3394465500476,1674.2505301929468,523.4464613473332,69.81467051090897,0.0,0.0,258.28860741615813,1265.7474443262356,1692.1567780943642,1603.9401093489337,1612.8486385926562
UNKNOWN_SKU_70314,308.42801845916756,315.4958844456011,293.91226464791833,252.8898562229424,237.61241689613195,214.01015284785404,237.41322902240194,274.0453773752106,244.09558347062784,284.66783576013194,313.9469250049056,317.29828381389484
UNKNOWN_SKU_706582,5576.9730871977345,5908.225710845981,6586.069494865023,6617.441081236323,6377.815479842268,6254.133050071125,6176.360433341747,6284.303439002048,6634.169885932543,7335.208402069722,7456.033183953253,7422.866718295814
UNKNOWN_SKU_707813,666.4891161391012,616.4629716077911,577.9355641238935,550.7199462779257,537.7625601423017,504.20295937495297,475.1759869022242,477.0547170651915,592.6104093367157,639.9696712950854,654.0449890029314,714.4407513103586
UNKNOWN_SKU_70951,211.18789143911596,221.41777345418907,206.41073552637533,145.08776164425214,156.7396389986814,160.92179734235265,192.7277804774175,190.6752234455971,192.08623428026866,213.87609940813368,246.79624797055354,254.80942328061727
UNKNOWN_SKU_71586,0.0,0.0,0.0,0.0,0.0,0.0,0.0,0.0,0.0,0.0,0.0,0.0
UNKNOWN_SKU_716892,14490.780310385697,14750.194222014918,15434.983318987932,15270.823242037555,15645.95764985995,15467.882618216487,15429.310919080452,15730.198185826477,17456.848970160456,17923.43269620299,17908.40551686866,18689.116077426304
UNKNOWN_SKU_718932,2338.3438336597433,2341.3910639098367,2417.492089176875,2302.600950457468,2294.693680548906,2256.7811056890187,2307.120686868073,2429.072392878279,2266.491798753407,2149.553764520472,1994.816178201087,1994.6093502125423
UNKNOWN_SKU_718960,559.588362052777,295.5789230744147,5.436969891169213,0.0,468.9896717057395,563.3927627945619,602.6580336650642,444.25064836091036,218.3391381170312,154.73352792137246,199.2418377642898,191.8444836380678
UNKNOWN_SKU_7201,22679.83102717356,22317.026626468774,24972.69294480464,20915.118638373027,24549.876232127433,29722.477746030647,34707.28959605291,35344.21611497043,29173.694369004137,28588.65561113079,28004.61244373181,29155.943348712317
UNKNOWN_SKU_72132,0.0,0.0,0.0,0.0,0.0,0.0,0.0,0.0,0.0,0.0,0.0,0.0
UNKNOWN_SKU_723526,280.8439192478214,245.15880059536775,199.53779275314918,177.63167355911867,188.00906528363868,173.51806574299903,186.59075319023168,195.5299902277622,202.02806693753095,192.19281538509037,206.86690122288226,186.62605697286014
UNKNOWN_SKU_726217,8.026479818728513,8.512796042933038,9.236160612637534,9.324021110567005,10.755752740310196,10.286661945276427,9.949989846704543,11.256915509771451,11.50055904639521,11.88398456289798,12.362202960285806,14.548174594514439
UNKNOWN_SKU_72874,0.572136123989071,0.2657136237438452,1.2325025652655348,0.0,1.0638705138606948,0.0,1.1625323228109778,0.6279319131525813,2.7807518407317593,0.0,0.0,0.0
UNKNOWN_SKU_730565,1104.3890667322617,1073.5864530601998,1116.3955204443064,1074.0651326733478,1181.288380778337,1125.6209375840845,1066.7133413504384,1258.2508226852776,1197.744366074905,1007.8167591083629,932.3794318568852,952.7619283774592
UNKNOWN_SKU_732028,24767.87567026794,24605.32186339985,21852.0977140432,19541.666090695697,19054.49208815551,17398.492582261177,16529.100273683525,16503.448922959218,20144.259938517593,20933.906047102108,20174.915430107532,23575.72743264969
UNKNOWN_SKU_73438,0.0,0.0,0.0,0.0,0.0,0.0,0.0,0.0,0.0,0.0,0.0,0.0
UNKNOWN_SKU_739610,5576.841477988164,5758.166966245203,5588.417847042554,5001.148241872156,4861.724647927556,4536.911462963597,4794.15340518415,4714.9690491523115,4857.421254518561,5226.08790900328,5095.158122782776,5180.350783998092
UNKNOWN_SKU_741016,673.2361320504231,656.9015817568313,655.2841859231804,631.4245136574822,659.0294202461462,608.1967899182999,591.1045300572455,579.3993665696246,629.0190801807503,642.0498954708736,642.3887921041946,604.884553812074
UNKNOWN_SKU_741377,1.296151734544044,1.314959635986443,1.326635854334027,1.3326067262057593,1.3340133208968097,2.1017684938433154,1.8666025293941846,1.3190996550285448,1.589727252729698,1.5348592280842854,1.33479470556162,1.749772984737153
UNKNOWN_SKU_741379,11.05550658521006,11.996192411553515,12.886136652887107,13.727876388461326,14.73382184356414,15.602262732219124,17.157374282748666,17.429222962059036,17.733771913711195,20.464886124088057,20.05833733025338,21.641808682417746
UNKNOWN_SKU_741380,5.607411607513985,6.16900531675832,6.6998880401792285,7.20159532706788,8.289585949250885,8.809245739963531,9.217891240779334,9.388773166193133,9.521079694975032,9.875939596956622,10.612425203477923,13.841555229311947
UNKNOWN_SKU_74268,166.63685266725298,181.0100542927146,164.63301820492057,115.52459194652195,118.03945355163968,107.90374544757047,121.13878157615177,141.3508130908534,151.2228409144513,186.94846578516626,146.43376829357484,152.18921291213834
UNKNOWN_SKU_74278,207.07175850012013,50.38968929856972,52.54117214238639,0.0,0.0,0.0,0.0,0.0,24.395809270313702,37.412435555180274,0.0,0.0
UNKNOWN_SKU_74506,0.0,0.1506254989292377,0.0,0.3416459984006659,0.0,0.0,0.6010208652304212,0.5744363024202586,0.5414973545894667,0.15427489874217126,0.1348256364816729,0.0
UNKNOWN_SKU_748035,10643.026257157406,10848.491156903561,11443.95589876217,11901.75851431074,12013.919828811278,11827.107702473395,11729.391623464773,11889.820782319557,13138.034931465068,13510.556272843161,13240.94016800732,13231.168506200333
UNKNOWN_SKU_75047,0.0,0.0,0.0,0.0,0.0,0.0,31.14402778390567,0.0,0.0,0.0,0.0,0.0
UNKNOWN_SKU_7508,4600.540738775559,2395.289918015321,2506.8011077533383,0.0,0.0,0.0,0.0,0.0,1928.3680568883494,6274.035343275211,5668.041018730908,5046.8878054416755
UNKNOWN_SKU_75626,179.74796239963746,68.2033904756464,21.72024557885425,0.0,0.0,0.0,0.0,0.0,1.981591753580659,0.0,0.0,0.0
UNKNOWN_SKU_75677,14.833927844969335,0.0,0.0,0.0,0.0,0.0,0.0,0.0,0.0,0.0,0.0,0.0
UNKNOWN_SKU_756860,176.738639769153,168.40012885437648,172.98878541847077,160.36237596566176,150.42951369933007,142.01908918218027,146.17941486437596,176.70714070604805,177.82598667530124,175.60132874661932,172.90666769958932,173.24800415788084
UNKNOWN_SKU_75766,3904.737244984618,3894.0438448790787,3826.689734630712,2271.9534562680833,2109.519843414046,1585.332362966883,2033.5377884452178,2214.42193866395,2688.383468675002,3336.6429025199086,3450.8662594319017,3871.728754797559
UNKNOWN_SKU_75767,201.22046528652925,207.33890453123064,122.97313033654993,153.64838539036361,101.80366384297271,140.3541610146182,122.30283316149286,156.4252452885508,0.0,0.0,7.504447666652865,22.05443453091162
UNKNOWN_SKU_758543,4799.208788267501,5055.693843210542,5387.336951852665,5486.7957115089175,5683.000939628593,5577.41551278852,5413.941163736685,5461.557238583677,5937.489416134554,6255.830391254122,6249.068524063948,6457.590456679516
UNKNOWN_SKU_762617,392.16901817518294,413.1105620741439,430.2140663302545,438.84483292565744,452.565198743388,454.6165838223298,457.23953719942244,460.6517804597582,469.8342491091749,473.5851318782186,469.29790806090796,460.46338298656065
UNKNOWN_SKU_76356,2803.3656449611913,2649.757329577473,2651.520189301616,1898.2447891120519,1802.3391809915197,1405.8830065262136,1481.7055789850888,1612.3019489833086,1779.2489570130047,2101.1512754678806,2428.3614422629007,2448.7838877300373
UNKNOWN_SKU_76377,4749.392830509336,4247.753664562543,4482.705820051846,2802.425032690022,2699.2606910472978,2277.246305979855,2328.678286172635,2363.9073585735946,2409.427704741098,3327.8434699218337,3884.4187703131593,4265.895698872955
UNKNOWN_SKU_76563,17873.189973516262,17770.886607786728,14662.089511313134,10920.91503024429,17081.264641499245,13555.333526613238,12340.278230814467,12456.739190285476,15350.733153972313,22210.811521031814,25582.911410789453,21938.210918705587
UNKNOWN_SKU_76567,11.374428761034284,12.176751553340177,12.79878894806291,13.27659802471912,13.639024446922111,13.909144745562521,14.105420145352875,14.242619626063178,14.332558371509444,14.384688528744476,24.002571815410526,17.224257605621386
UNKNOWN_SKU_76573,16.75499415434112,10.380326002431298,2.423985090239359,0.0,0.0,0.0,0.0,0.5581058067233935,0.0,0.0,0.20853398329908895,0.0
UNKNOWN_SKU_77021,0.0,0.9007515251297509,10.64287364482788,12.743701598991489,0.0,7.3354185765214135,2.2835283195616665,3.7227463723989773,0.0,0.0,0.5590465655801942,0.008882002834245006
UNKNOWN_SKU_77496,779.6047180349782,789.1238809792677,823.0047317570388,825.6121328015953,818.2879740595802,820.6977674883075,830.4247226536288,858.8470072082255,947.6351552742423,995.0139941493953,1094.3749856718573,1145.3184993121665
UNKNOWN_SKU_77881,0.5781448577921768,0.5610273805387982,0.9528611786485055,0.435698688353144,0.0,0.0,0.0,0.0,1.7706008122545203,0.0,0.0,0.008017174549806994
UNKNOWN_SKU_77882,0.0,0.0,0.0,0.0,0.0,0.0,0.0,0.0,1.020633268959646,0.0,0.0,0.0
UNKNOWN_SKU_7849,26.994457060845185,27.634540918552837,29.499533039450824,25.643651770901094,19.07347179079317,14.101852841438706,3.2498827166870026,0.0,0.0,0.0,0.0,0.33375774087287624
UNKNOWN_SKU_78790,61328.56423450369,79206.19528738497,79769.5798241607,63043.393548051936,61602.74622163564,50894.85365497328,53499.218896114064,56188.4287834974,62781.889187874745,71015.31080584732,69472.84339469607,71250.14796024573
UNKNOWN_SKU_791549,206.73285799168187,208.95714639915093,180.20644403260047,170.13094904683442,177.81761996569588,171.02922360825931,166.23877342978437,174.17348019447874,178.52431251370854,294.59124527656667,273.42025839432745,225.08813579601036
UNKNOWN_SKU_793670,478.96836147967383,227.90728094189325,129.72958305793145,0.0,0.0,0.0,0.0,0.0,368.58180428715673,1391.8653675579822,780.3477847209058,547.552484997507
UNKNOWN_SKU_79522,1233.6076263204081,2168.8633493083225,2749.5664161676727,0.0,0.0,0.0,0.0,0.0,0.0,0.0,2081.440407246796,0.0
UNKNOWN_SKU_79549,0.0,6.5097271617744275,0.0,0.0,0.0,0.0,0.0,0.0,0.0,0.0,5.595327014109939,0.0
UNKNOWN_SKU_79550,0.0,0.0,0.0,0.0,0.0,0.0,0.0,0.0,0.0,0.0,0.0,0.0
UNKNOWN_SKU_79632,0.0,0.0,1266.6192197702635,2127.8233303173747,1988.5774693802375,954.8228312557014,104.68357138124611,149.07661410685546,175.3210989125165,295.16993738221913,230.23785878315516,27.204246529077523
UNKNOWN_SKU_80069,29.236473595239644,14.523803198991276,3.9300692715452334,0.0,0.0,0.0,0.0,0.0,0.0,0.0,0.0,0.0
UNKNOWN_SKU_80070,27.803671833945486,8.660372135872413,7.996353160964937,0.0,0.0,0.0,0.0,0.0,9.051582151141288,0.0,0.2810750471044563,0.6833025419094532
UNKNOWN_SKU_803420,165.41783528473235,178.1550041663658,190.20381795206993,201.59869439664106,212.37233036713593,223.8677878872583,237.0505758795268,250.23872782033416,268.60087551225337,287.4603191677289,301.547093988583,306.5520334165466
UNKNOWN_SKU_810214,2.709336217071972,2.7670311866218973,2.808190440950362,2.8361211231016585,2.8534689475112205,2.862350485727394,2.864458994988858,2.8611490810865536,2.8535044286532347,2.8423919853951043,2.828505309477124,5.860399247431266
UNKNOWN_SKU_814645,27.87567143371102,28.746848476015728,29.56080783041748,30.33211038131143,31.051188968872957,36.32435479126869,34.27780348675692,34.27162091168302,33.9577886295751,35.23018912578485,38.4526107613964,41.98275247943965
UNKNOWN_SKU_814656,10.023988375108045,10.274943673821067,10.505575992260848,10.752701479441043,10.979095476924636,12.129494559196452,12.346598472017087,12.347071973859094,12.333546585271408,13.194622250775513,14.39286891766682,14.224828035875966
UNKNOWN_SKU_814661,7.701640905599295,7.924351217906089,8.15273935163561,8.39952141571672,8.601377713631841,9.556954533689273,8.956865849781899,9.12369493710796,9.287995907105783,10.236295165641781,11.119092798289046,11.562863886342013
UNKNOWN_SKU_814666,15.26031592233208,16.14432055178991,16.97165989003603,17.77886720163103,18.51634908790746,20.334391820131255,21.88516735600504,23.636739055346325,22.787067109981727,24.822013702146542,24.4993479049643,25.90275033790235
UNKNOWN_SKU_814670,0.1829879603524311,0.1811265150763808,0.17896661698279814,0.1765679566351896,0.20197828648436034,0.2032358084909545,0.16837108422348737,0.16540856293677125,0.39036780403465593,0.3232644550402213,0.20811103397193106,0.20491755524455652
UNKNOWN_SKU_814672,35.719666089609234,36.7116984533523,37.66161062430415,38.55650861210436,39.419343125910494,42.54491733942228,44.0498942676544,42.38080377487087,43.55604923212246,49.217913841907404,50.63656664659905,52.14006823645205
UNKNOWN_SKU_814673,5.837706409648722,6.168777953178729,6.499646600276888,6.84332249576479,7.136765277222947,7.8888866003528495,8.372552538070908,8.708585859647714,8.71376819589033,9.888842096065467,9.590512981976499,9.97945100433663
UNKNOWN_SKU_814674,6.4631914339328835,7.006335192353677,7.5124144274824936,7.970882365483933,8.451119571214365,8.890437581287339,9.496082355485727,9.65123755560326,11.55902766034398,10.960520924476729,12.502732190031901,12.236625556938378
UNKNOWN_SKU_814675,3.480908848609749,3.5224484212735407,3.610014863595335,3.719906832092232,3.8164080504554754,3.871788056191749,3.9063029099324003,3.9681958692772117,5.323698028945974,4.687028928922491,4.556397132191374,5.194000773588003
UNKNOWN_SKU_814676,24.10368948194523,26.631543967907778,29.04484447644633,31.334318706432082,33.50635797179268,36.63503402075938,39.71211501415188,40.95708070474888,42.497136857690165,45.25922894985852,45.408055184292586,53.80407885387908
UNKNOWN_SKU_814677,2.0283731823749007,2.04275375908465,2.10217883849545,2.134796195472247,2.160746216136743,2.402162267304551,2.4231710474505075,2.417892920125704,3.0644422307036785,2.510927607289292,2.899452246582163,2.746114185446928
UNKNOWN_SKU_814680,22.285320891065286,23.701110999837574,25.028873662076503,26.23271025010873,27.432517067644604,35.77399560320893,33.5446622709003,30.745857664112343,31.49075534656904,43.728370203808154,39.809566377090555,35.1890648006141
UNKNOWN_SKU_814684,3.2032079129844924,3.234602098384948,3.226467821809508,3.2107107756533515,3.192855513832622,4.836121679480234,3.9694849871025193,3.229726008304543,3.263469200370358,4.797214129127205,3.9053604472368786,2.9562278768288133
UNKNOWN_SKU_814692,1.4601429877644139,1.5029403606069998,1.571082680033908,1.6327026987159226,1.6679265316902883,1.6808739882423873,1.7076588871933334,1.7083893564231838,1.7351681174179936,2.3900927555895146,2.0112559770789114,2.2207458527202903
UNKNOWN_SKU_814699,1.804880075293303,1.8156658623201434,1.8216482013053275,1.8237877818571873,1.822853155662387,1.819459164070259,1.814097680160269,1.807162202395989,1.9989675295482772,2.50576550063382,2.159757586865966,2.169104965215395
UNKNOWN_SKU_814703,0.1722822862725845,0.14579271799801674,0.14322340291712332,0.14059029039116938,0.16590613990916697,0.16318115906232583,0.13242351392361368,0.33163973735140473,0.2828350556323983,0.15201364979595394,0.14517886466555924,0.1423333761000042
UNKNOWN_SKU_814707,0.004740327280154158,0.0,0.0,0.00686542158234487,0.006299466304411926,0.00575356509957044,0.0012237071532021004,0.0,0.0,0.0037013866536166028,0.0,0.0
UNKNOWN_SKU_814709,7.42198433504344,7.954435836948627,8.47611666706503,9.000565358982085,9.465243519609764,10.74153967551253,11.992772926926634,11.032196419076506,12.035000639925357,12.248316553038242,12.771218573801955,14.092727396833956
UNKNOWN_SKU_814714,1.2034774680608955,1.1890428196711436,1.1948738728404202,1.1977174872569196,1.2261711506711972,1.196712853283697,1.1937249872547753,1.1895134663127158,1.2123230214401464,1.780349437423169,1.503749342090665,1.3646480377057402
UNKNOWN_SKU_814715,1.9950127375513929,2.0127828327746937,2.0425058831128236,2.0905912975428156,2.102966603246298,2.0811738219685734,2.082446571105882,2.079771744575218,2.0739388575101745,2.065579522017629,2.0551990277830816,4.2912016065549325
UNKNOWN_SKU_814716,11.467411618437804,12.425451177885211,13.350395024989588,14.256897945368086,15.083481985357,17.188543088975813,17.494357403043026,18.45508726703622,18.11678690345909,20.593407823690164,21.102803963539028,22.588736562024785
UNKNOWN_SKU_814718,13.03418008598854,13.273775170137636,13.490990208331569,13.694744202868097,13.87791020593009,16.15131761709128,16.9217543659467,16.747968985611642,16.55267258254563,17.616540707885207,16.5482151352101,17.784305549421042
UNKNOWN_SKU_814724,1.320898870058132,1.282246826326725,1.262898683978443,1.2749936627366607,1.2346431383800789,1.4239362115316567,1.2009441626897626,1.837724016253091,1.726321391740597,1.3767727847674456,1.5431073918257678,1.3713485701092696
UNKNOWN_SKU_814726,3.659761771107991,4.002407938664209,4.349598096814554,4.678305046029318,5.00945294675528,5.71591975141688,5.562539514817338,6.028104589019709,6.503367708483898,6.539043970946815,7.187812719258522,7.85631932912658
UNKNOWN_SKU_814745,28.938490113776773,31.146445031595313,33.252641103217286,35.275166270952525,37.155804079995356,41.472048898280406,44.66512037534556,44.61997717825182,46.71733004070713,49.34965415973402,50.53320097250394,54.13200934432972
UNKNOWN_SKU_814747,11.088453088572802,12.444415852620018,13.730645038064761,14.950627323837157,16.107675054920822,17.204934959050192,18.245396427572985,19.433899382269527,20.36714174883113,21.889686556664536,22.929968683706164,25.2783012639956
UNKNOWN_SKU_814749,7.431129074801322,7.923102907077909,8.431478103311658,8.913734595304712,9.319278318269104,11.991444910656272,10.68550322899507,10.982658686987921,12.812056427652122,12.264784336854104,12.86587590616698,13.652312952585202
UNKNOWN_SKU_814750,0.32302703216324824,0.2599349911712398,0.2219197634901644,0.19196598645783525,0.1692613699445033,0.14915608184636892,0.3251302564803926,0.4307680013001429,0.45573660226847446,0.6297698881556709,0.22465492197795928,0.056221354148321245
UNKNOWN_SKU_814751,4.973312551866192,5.10392857541684,5.194145681646583,5.334383816421467,5.461041928314232,6.228499018468987,5.805115137972631,5.659232335357719,5.765175556730179,7.597253500890643,7.067759431699711,7.096971949824952
UNKNOWN_SKU_814752,5.372352425713758,5.696758098264656,5.981910366876811,6.246771901747161,6.546257239562797,7.221235190176452,8.066531122948229,9.168929138770217,7.6951741334899095,9.931973758162417,8.264000281290105,9.095892357950211
UNKNOWN_SKU_814758,0.018183486174272,0.0,0.0,0.002546657663377437,0.027854344651215224,0.0,0.0,0.0,0.0,0.0,0.0,0.0
UNKNOWN_SKU_814759,5.725005217076418,5.5838805391669455,5.494732061079436,5.362364542849495,5.259821792505608,5.568338856470566,6.167303771882599,7.994226968452292,6.190716789948112,8.858459911384838,6.187205672774281,4.828753546125905
UNKNOWN_SKU_814761,17.41367671770708,18.934901788512384,20.39302349685828,21.80419701086774,23.108369740257576,26.91329172425878,26.28652550014078,27.697455478309536,27.643296848650703,32.149104041555674,32.59177876589625,34.658077645100654
UNKNOWN_SKU_814907,15.550526955323614,16.68819486040242,17.75910233493971,18.750387400462554,19.755031177421674,23.18986573024526,22.097581520140086,23.732734485252593,23.91375276682189,27.118943099025145,28.096496879330658,28.094495935333313
UNKNOWN_SKU_814910,0.0032432812388422244,0.0,0.0,0.0,0.0,0.008678889982641727,0.004256292135569049,0.0,0.0,0.00307845643677725,0.0,0.0
UNKNOWN_SKU_814928,1.5897974641807937,1.5970596268479424,1.6000349029666572,1.6455806698466249,1.6203828293355949,1.590990102911767,1.5838414677577002,1.5752881056194425,2.335610961893832,1.95903479289834,1.771739403686942,1.9318686383028194
UNKNOWN_SKU_82158,2.0196174655278245,0.0,1.3710912779827003,0.5141832403583104,0.0,0.0,0.6175761007631015,0.0,0.0,0.0,0.0,0.5419507327767323
UNKNOWN_SKU_82601,0.0,0.0,0.0130362774904585,0.0,0.0,0.0,0.0,0.0,0.0,0.0,0.0,3.0867029746852945e-05
UNKNOWN_SKU_82619,940.1414649699087,648.2413934429019,875.1860873188233,128.22619351708784,0.0,0.0,0.0,301.39783250585106,1148.8773451543454,1562.4489063706683,1413.9197064412533,1088.9198975952481
UNKNOWN_SKU_82802,0.0,0.0,0.0,0.0,0.0,0.0,0.0,0.0,0.0,0.0,0.0,0.0
UNKNOWN_SKU_82803,0.0,0.0,44.77581928049297,77.78676694803573,174.00993475142255,177.67847866348455,263.8001234624868,284.5430489710412,324.3585990472373,190.41944877754682,125.34973823114697,90.88957946337976
UNKNOWN_SKU_82850,0.0,0.5380670212539573,0.8401327392279325,2.491840106605167,3.2672607935050095,3.1980521360229384,4.673540003035338,4.460785089643312,2.770635951927747,0.9617714347533488,0.10473461401188544,0.0
UNKNOWN_SKU_82851,1.9669023270332295,0.9889813820731834,0.0,2.2622275580909292,2.3160833563052847,0.0,2.3830880424941667,2.3396135332138157,1.6201811889181807,1.5151825766103195,0.0,0.0
UNKNOWN_SKU_82902,241.0086750087323,202.94151259240778,190.60042005862587,75.77618343087786,41.513431527957025,0.0,0.0,15.646775785670073,151.71765500890112,257.5361957867635,225.784465808331,195.54091922486253
UNKNOWN_SKU_82907,193.1319874902736,197.09164021988335,173.9698848264665,118.25260293462821,112.36529984405283,112.62157979448779,107.24992617773097,104.85472570722081,136.8974877537079,181.38221981379286,186.66292788475604,219.46721676442186
UNKNOWN_SKU_82936,0.6525615837428144,0.0,0.0,0.0,0.0,0.0,0.0,0.0,0.0,0.0,0.0,0.0
UNKNOWN_SKU_82937,0.0,0.9956358107504655,0.12252501154891654,0.0,0.0,0.0,0.0,0.0,0.0,0.0,0.22525024699638124,0.0
UNKNOWN_SKU_83097,138.95994127058287,0.0,0.0,0.0,0.0,0.0,0.0,0.0,0.0,0.0,0.0,0.0
UNKNOWN_SKU_83098,785.0841281931707,720.8617919139004,670.7439031627823,631.4479724341854,629.6888081236058,638.5434569474401,721.1099562788052,776.7203360161953,823.6522200784052,859.059307600471,807.8509578904215,810.2910583946797
UNKNOWN_SKU_832847,26.929836518629035,27.729222526684516,28.480765033170236,29.186856213164678,29.849768632992404,30.673661230661754,32.42458499728065,31.970488374401608,33.019222381499524,36.31254548707555,40.842128236205795,39.21355764671253
UNKNOWN_SKU_83308,22.594638911526662,11.046345124198679,5.102361997642759,0.0,0.0,0.0,0.0,0.0,0.0,0.0,0.0,0.0
UNKNOWN_SKU_83309,7.311228671839124,5.507787450085061,0.0,0.0,0.0,0.0,0.0,0.0,0.0,0.0,0.0,0.0
UNKNOWN_SKU_834596,15.748018014000614,17.716337690956912,19.583680450472734,21.355095138420097,23.03537815837743,24.62908609374423,26.140547698750026,27.573875289912866,28.9329755679249,31.213559898443666,33.21515407884383,36.21310761663132
UNKNOWN_SKU_83879,0.0,0.0,0.0,0.0,0.0,0.0,0.0,0.0,0.0,0.03085054483696759,0.0,0.0
UNKNOWN_SKU_83919,0.04390431703108433,0.05117027047702832,0.0324433277600408,0.04972206811270809,0.033005354921099204,0.030292278894069394,0.057582112598702835,0.028874274088666885,0.056168297806895424,0.02746381130773554,0.02676051663466493,0.03005817542246574
UNKNOWN_SKU_839506,174.74607279438868,196.92911464960957,217.97521841595935,237.94123099788163,256.88115695459777,274.84630061736806,291.88540110088985,308.0447605641254,323.8843660580892,351.12600528124483,365.97737654713256,405.9161932536159
UNKNOWN_SKU_84141,1289.7273874084306,1259.5438649045464,1076.5571023612883,948.4097477865325,889.9855195865775,927.1233924864638,1072.6865462662226,1226.8043247498797,1296.0854029966554,1457.4283210539256,1431.3015109595917,1319.7129183439747
UNKNOWN_SKU_84142,0.0,0.5117790211754163,0.0,0.0,0.0,0.0,0.0,0.0,0.0,0.0,0.0004319655206470076,0.004843858761367049
UNKNOWN_SKU_84170,53.676461096557325,57.68040691987988,55.52420358965213,41.63788093658412,38.39746282524391,40.20376834728595,40.72945277603377,50.46224033014623,49.070310384550396,47.929806439187914,50.45844329401213,45.15319278898571
UNKNOWN_SKU_84182,11.111774900827362,0.0,0.0,0.0,0.0,0.0,0.0,0.0,0.0,0.0,0.0,0.0
UNKNOWN_SKU_84186,0.843807444610339,1.1790779226604433,3.311209114769879,0.2664288781267812,1.634919498481655,0.11002680443490709,0.0,0.0,0.0,0.0,0.0,0.0
UNKNOWN_SKU_84190,0.0,0.0,0.0,0.0,0.0,0.0,0.0,0.03017418678035433,0.8898237676127825,0.0,0.0,0.47410301252632814
UNKNOWN_SKU_844014,152.0358698572437,168.02904535517834,183.18948125020844,197.55881452247928,211.1766003031288,224.08041596673803,236.30596001915904,247.88714604095122,266.284191933646,285.11970470369823,306.8987610072402,320.7569836675971
UNKNOWN_SKU_84455,0.12174728464697077,0.0,0.10923974292381772,0.0,0.0,0.0,0.0,0.0,0.0,0.18637794005397534,0.23080802479461954,0.0
UNKNOWN_SKU_84642,497.6449330530116,513.1493524242136,470.30497983559553,510.7791736791219,508.0882206683638,292.81595017417806,414.0530256932499,403.91277802292814,383.3734718010912,430.68891873804284,410.4893682020244,633.6846196876305
UNKNOWN_SKU_84849,827.4077994541686,898.732029220197,951.5949155614994,481.7307271630217,399.39807897271965,212.65386294895814,203.74559265842902,316.813678954486,474.0312505198116,669.9892103005519,690.6802806536249,765.0578394645629
UNKNOWN_SKU_851710,140.7197905426312,146.70748848650192,150.37232662348197,153.21064794391592,156.302178288631,161.03205720641319,161.55086726860915,170.43266191799816,172.23099192522056,192.25293052238473,232.79109727999355,193.6296807900248
UNKNOWN_SKU_851712,3553.0279259548097,3795.9385525428274,3995.3548917997778,4162.587858092213,4421.047520068359,4610.006442944032,4794.778963674252,4936.926402366296,5115.612213122069,5402.179077338387,5519.679942342223,5692.871008094198
UNKNOWN_SKU_86088,0.0,0.0,0.0,0.0,0.0,0.0,0.0,0.0,0.0,0.0,0.0,0.0
UNKNOWN_SKU_86100,1090.1648170080628,888.0246896839897,697.8047734874151,591.5774261928399,509.3541340198635,493.49888594416666,532.434073146293,600.6908085706782,742.0955825728705,852.1971874373087,909.0118569915433,947.0785782976146
UNKNOWN_SKU_86101,0.0,0.0,0.0,0.0,0.0,0.0,0.0,0.0,0.0,0.0,0.0,0.0
UNKNOWN_SKU_86275,0.0,0.0,0.0,0.0,0.056973732290658545,0.06301228831343622,0.12300728984185566,0.0,0.0,0.0,0.000701857221307077,0.002579728519138725
UNKNOWN_SKU_86277,0.0,0.0,1.4035773611037994,0.0,0.0,0.0,0.0,0.0,0.4983975728519302,0.28949688153445524,1.2670860811895608,0.0
UNKNOWN_SKU_86345,0.6739931895246813,0.018978370272400208,0.0,0.0,0.0,0.0,0.0,0.0,0.0,0.0,0.0,0.0004028667514561976
UNKNOWN_SKU_865510,101.25521868883766,105.27915977453374,108.37780800291279,110.73622194543819,112.50244845928067,113.79492503017684,114.70840164671596,115.31867829976942,126.44839498203434,140.09206368766849,135.61049401199796,137.96073363128372
UNKNOWN_SKU_87499,8.844214537207078,0.0,0.0,0.0,0.0,0.0,0.0,0.0,0.0,0.0,0.0,0.0
UNKNOWN_SKU_87747,5714.175637340681,4050.995787227664,4007.436695689626,2937.7270110115724,2922.2724518215055,2482.8503930218253,3348.5823345344584,3682.463876296939,3711.8930982593024,4078.977264381567,3672.3585858317533,4383.750431544279
UNKNOWN_SKU_87833,9029.533272856363,6465.404540369873,4318.783663744394,229.67867180772373,0.0,0.0,0.0,0.0,5421.180612396861,8318.359286911971,4461.868735887769,5573.9992044321225
UNKNOWN_SKU_8788,601.5558428806153,617.2758863279231,644.6419062483144,471.42710734717235,409.99725338880415,381.5109553846546,346.71390214388015,371.7310447138057,461.0827439322914,542.522888469625,606.718989262037,573.2462550585119
UNKNOWN_SKU_88009,287.46852972796233,311.5876635111492,282.2955585899353,263.73566270520104,246.0459340496502,271.63033917744644,279.2488513319201,268.6598491077357,326.79683538062494,310.48941245117305,343.3324621598484,326.5014899790253
UNKNOWN_SKU_88076,432.9707369739534,470.2433004052079,460.30837087791366,402.9594469837804,413.5557275961761,410.0093718137946,425.9353069155916,435.3594747247314,471.4134286997454,517.4352116074585,483.54245766133135,527.4436742321317
UNKNOWN_SKU_88613,58.81452088734932,26.601894395398944,0.0,0.0,0.0,0.0,0.0,0.0,173.24287924379854,159.02997235591266,80.64312075502318,130.15631338373095
UNKNOWN_SKU_88889,0.0,0.0,0.0,0.0,0.0,0.49594371083074473,0.0,0.0,0.0,0.0,0.0,0.0
UNKNOWN_SKU_88911,730.3570818498144,886.2197849292603,1116.695166286955,227.9578902672472,0.0,0.0,0.0,0.0,383.5053982682732,809.7341892171255,906.4024408703453,668.6866610870579
UNKNOWN_SKU_893449,23.474371790383103,24.105474199283837,24.598106056940683,24.97996147360242,25.273195737468072,25.49553307909685,25.66115288293614,25.781398656543825,25.865345205966236,25.920252376040423,26.761928042636036,32.65501850644878
UNKNOWN_SKU_895627,33.02894296449328,34.9146847610972,36.69170004025212,38.503425127830525,40.02702453341122,47.305404541094106,46.58122612077406,50.26491719385123,49.18868428565576,51.03452359525128,55.70423151174825,55.05741460480157
UNKNOWN_SKU_8964,1211.8026233164398,1276.0828206636058,1246.973210661372,1150.973754779618,1145.9284221942482,1114.074788245986,1173.1737132074093,1168.9130852965814,1076.9436150879524,1096.9686710410824,1094.75614792362,1197.4603615496833
UNKNOWN_SKU_8965,901.8874946363146,943.1326491658307,913.8586830978627,768.056220551907,809.5345608235615,739.9119433493044,799.8041596783174,808.985443049947,786.5575800556695,816.8711999686668,847.0432062074833,880.5243215069557
UNKNOWN_SKU_897744,16089.666160934083,17905.885094501107,19628.170122401167,21261.217939917617,22809.490407569636,24277.226292850446,25668.45242487861,26986.994291316758,28238.49410544439,31172.16436987703,33114.440962099434,35104.24776572211
UNKNOWN_SKU_903465,149.19477939517805,165.77554153395135,181.49679881113195,196.40152646979948,210.53055099087948,223.92265753125145,236.61469198995073,250.305657971061,266.58880889846165,285.4497355248382,301.94644906524195,323.94546017397136
UNKNOWN_SKU_903466,1121.1458113721128,1304.3166127870265,1290.836347484904,1294.8740688015969,1312.5632774061644,1348.1880989342128,1356.6354527395683,1390.7332122083653,1419.096357057432,1388.5511180177546,1396.6431142837705,1468.8034840901948
UNKNOWN_SKU_90830,0.0,0.0,0.0,0.0,0.0,0.0,0.0,0.0,0.0,0.0,0.0,0.0
UNKNOWN_SKU_90831,1717.7851092374367,2088.6981494469564,2310.9487158185175,1585.7517031197121,1463.0398271646131,1215.0616606044798,1194.7608615603183,1231.744356528935,1320.143286707774,1502.0705650547907,1684.4009219363493,1827.5993416455417
UNKNOWN_SKU_90901,1288.9155043425887,1137.3750146957966,1143.9356877364012,867.2851653300322,800.0803072490387,632.3012302771522,662.3933453589166,920.29339289165,1154.2254762528034,1355.6370936509559,1354.8331683842584,1273.5880775859523
UNKNOWN_SKU_91265,1341.7452732459524,2299.3645505047507,2968.024928632988,1179.8825874567794,0.0,0.0,0.0,0.0,1037.826847531045,1970.9190605024255,2322.9893872007315,1511.9690048805764
UNKNOWN_SKU_91356,8.786730704987102,9.735782943219348,0.0,0.0,0.0,0.0,0.0,0.0,0.0,0.0,0.0,0.0
UNKNOWN_SKU_91371,25.676874309212714,28.711481657930783,28.349165147352583,18.05770954933737,17.51054268137255,30.66640679744803,36.28109570075577,34.8512444338493,27.902161030771477,29.149691918756563,21.22211423959198,19.29604970670766
UNKNOWN_SKU_91378,4.420803983054932,7.8949232063011205,0.0,0.0,0.0,0.0,0.0,0.0,10.634237353896168,16.0726540652414,24.352260454601005,0.0
UNKNOWN_SKU_91537,202.44546679651984,223.59847694429476,178.1863456904674,0.0,0.0,0.0,0.0,0.0,0.0,0.0,0.0,0.0
UNKNOWN_SKU_91765,119.92764958803706,129.6962429287505,109.43994183027371,94.25212518044475,81.41029608953413,91.39765704575807,94.63677003968972,97.64328466378753,97.78372059201827,104.28929356355532,107.80377616973747,110.62938648363566
UNKNOWN_SKU_91767,0.0,0.0,0.0,0.0,0.0,0.0,0.0,0.0,0.0,0.05484541304349795,0.0,0.0
UNKNOWN_SKU_92153,952.4877865590727,967.4387475806275,3053.257575291311,0.0,0.0,128.3262863138434,812.6867960486875,1198.1805950369967,2377.2445188160946,2248.453461146445,1383.1841711004838,1649.1010602970246
UNKNOWN_SKU_92158,334.1861075418585,474.1804408486944,443.09633372367136,189.196674253161,98.86897290626109,81.35043805824927,89.2228364093479,81.12118131973517,529.8522834775531,626.0391914333158,585.749544027434,396.14785233223665
UNKNOWN_SKU_92161,194.23051589222538,261.1850261691535,441.0994161634107,184.56410993153108,119.653446718742,94.43369792122544,82.85508065592677,114.99376861640252,162.9299007574977,319.5015882430886,233.04492000427592,177.13796718594043
UNKNOWN_SKU_92162,2.195038727743852,1.1716108362428526,1.116809951216546,2.054510671369993,4.520212675667245,0.9651157072795373,0.7581795607438653,2.31817207168982,2.7757075086210774,4.787277286340576,2.3832745366906676,6.672013765145233
UNKNOWN_SKU_92178,1003.4864217828421,1062.686149134972,1000.1197909777761,1128.3965644131197,1215.348243122495,1057.1814460510955,1163.0910683550762,1143.542626159361,1018.6553323638893,909.4917572886122,879.0399571894906,883.3399770712939
UNKNOWN_SKU_92572,1.6283303389974624,3.1790782003046854,4.723012304854771,0.8382954039991466,4.8226576988189525,0.03548335017910498,1.4718796867715331,0.0,0.1567506948766888,1.452501009042521,0.07643707587949344,0.35892174485337813
UNKNOWN_SKU_93034,2503.3081918108373,2477.531952573695,2654.177327619102,1050.4327940905482,949.8403337028262,163.28433182776962,0.0,252.6443951460269,479.55428028769234,958.5977548361468,1264.52850091003,1571.0878642042576
UNKNOWN_SKU_93381,480.60810975792367,435.75855789412435,389.3350714812533,34.277747246763724,0.0,0.0,0.0,0.0,0.0,7.353827193948149,84.57138017799173,146.42154337057173
UNKNOWN_SKU_94634,0.13651691183168102,0.0,0.0,0.0,0.0,0.0,0.0,0.0,0.0,0.0,1.128317996964591e-05,0.0007233244964783142
UNKNOWN_SKU_94678,298.444395197262,322.3341700172349,301.3570628379254,217.62565005919043,230.2011928009148,166.28069995900674,164.19817865019263,183.1240345678539,205.07059226669517,262.49971139048074,263.7644796542216,276.20896722992666
UNKNOWN_SKU_94679,1141.169677997225,1215.260035753594,1196.9391952012559,805.4057960019531,814.8999498850784,605.4405462341458,558.1602965559673,649.6301700559916,666.5269420985787,858.4196329752156,972.2146589190925,1090.6635529167615
UNKNOWN_SKU_94694,879.3289422286317,738.9778215016624,747.9109847700457,648.5311752347105,573.4933874564006,507.0904170837109,540.0001006355176,558.0543073269213,668.5657325300025,794.2665325424258,816.0688324023229,784.4851321401987
UNKNOWN_SKU_94704,0.0,0.0,0.0,0.0,0.0,0.0,0.0,0.04771880427599965,0.052764865521751,0.049785710072672726,0.00078638126773075,0.0017709137780978134
UNKNOWN_SKU_94709,2.7645749588406545,0.0,0.0,0.0,0.0,0.0,0.0,0.0,0.0,0.0,0.0,24.66450812679087
UNKNOWN_SKU_95105,0.0,0.0,0.0,0.0,0.05868960819768517,0.04961392347223168,0.0,0.0,0.0,0.0,0.0,0.0
UNKNOWN_SKU_95108,6471.9350346067495,5175.552648912459,8164.579776422603,0.0,0.0,0.0,0.0,0.0,7049.814932006306,6108.001655356693,2996.0876701025772,7049.789917964861
UNKNOWN_SKU_95263,438.3418544607332,555.4882354800618,394.9339164555691,0.0,0.0,0.0,0.0,224.70919939207133,332.3701445454432,420.81267682818566,474.28807881442384,301.928176563459
UNKNOWN_SKU_95264,932.3993537741892,985.5518501057248,988.945079290987,694.62809475923,661.5025392538575,640.927326969593,673.6599892622147,831.4525512163453,871.2778328996835,943.1300903663872,934.5259284597832,855.1414310545339
UNKNOWN_SKU_95423,33833.23098661071,31893.109051331714,28562.378048315506,20995.99659110956,20065.1531705518,18549.039379312588,18758.89729152822,19322.10576650774,20286.087091698337,25601.873497057837,28255.398766552436,30362.06752735511
UNKNOWN_SKU_95863,4.1698660293461485,3.1361948647034836,4.773983301147173,3.946539418459947,3.9237096804679874,8.849771258232241,2.5033458886014666,2.297330961054668,2.2048443871750507,4.333180496229178,2.0077747516303024,3.8301755241090234
UNKNOWN_SKU_95895,2.839902978064746,5.487210478992807,0.0,0.0,0.0,0.0,0.0,0.0,7.814273586184649,14.359716801554303,0.0,0.0
UNKNOWN_SKU_9613,0.0,0.0,3.122320760366627,3.110882926901474,4.032363668742854,0.22537927082946363,0.5424227611122542,1.3878885619519905,0.8340922112372833,0.8772861392790212,0.04167229032591524,0.1314122197769345
UNKNOWN_SKU_9616,0.0,0.0,0.0,0.0,2.2089632975095603,0.8279667243694319,0.0,0.0,0.13796297736761454,0.11639514288771716,0.0,0.0
UNKNOWN_SKU_9668,1.955605539340104,4.505693420729567,0.0,0.0,0.3039985000725931,6.66892804494212,9.064701744744383,8.282350768492835,0.0,0.0,0.12400719772060675,0.46591538650037556
UNKNOWN_SKU_9692,1855.8834522331624,2033.038124949002,2365.556557258933,1397.7299972441383,982.0334433695627,780.8940944071637,747.5285093745038,1078.5135354856366,1585.0542505118037,2492.5503166699964,2880.308263733811,2146.8693155221254
UNKNOWN_SKU_97032,126.095613134803,129.39286375018077,109.42981472872916,98.47972599781403,89.46280549932811,97.41441958678556,85.1172613429977,94.48948523421357,131.89681483343247,135.22462899905378,127.88203081779697,139.31990275903775
UNKNOWN_SKU_97107,60.23715461865436,51.66590834753924,74.82803781022487,0.0,0.0,0.0,0.0,0.0,0.0,0.0,0.0,0.0
UNKNOWN_SKU_97109,0.0,0.0,0.0,0.0,0.0,0.0,0.0,0.0,0.0,0.0,0.0,0.0
UNKNOWN_SKU_97127,4196.471874980504,3412.874485170729,3073.524593828605,1396.1183012606025,1169.6596877118955,838.2104173786265,951.0414216177073,1627.6830455146674,3854.4703651379323,4294.6026413422405,3712.4060828113825,4111.167256492392
UNKNOWN_SKU_97128,1030.149760222992,873.3449325515389,873.4733728872856,250.40162762879118,155.66933389490532,24.047001380705638,95.2478378422552,266.615209484404,996.8434092710319,1060.1674715732436,928.707823887922,1038.7936082125739
UNKNOWN_SKU_97181,450.5468189319912,0.0,0.0,0.0,0.0,0.0,0.0,0.0,0.0,0.0,0.0,0.0
UNKNOWN_SKU_97366,13.39872661158628,12.762472524436056,17.660596345574444,16.773822493343722,13.80033050241773,16.022664000535492,16.336857889888282,28.377740092229075,17.418372944960296,16.623606318003837,8.607720107297245,1.8961382295905445
UNKNOWN_SKU_97863,8.966663624621024,7.723739942724858,11.245373600708897,0.9134531305971061,8.66108935800864,0.36477094343884486,6.636488815283981,0.0,0.0,0.19025854347077775,0.6951693093134148,1.1974705254884972
UNKNOWN_SKU_97914,0.0,0.0,0.0,0.0,0.0,0.0,0.0,22.32723136244202,0.0,21.901765513410552,2.490358607476054,0.0
UNKNOWN_SKU_97920,183.43271380485237,0.0,352.3663708310724,0.0,0.0,0.0,0.0,0.0,619.0995297934228,1111.9641956095343,768.0905547697868,559.6530686053522
UNKNOWN_SKU_9805,6.94402426186543,5.153622300097769,0.0,2.6096037724805576,0.0,0.0,0.0,0.0,0.0,0.5970531299459034,2.080728524440795,0.20999001584055754
UNKNOWN_SKU_98804,404.15719816521283,441.138099018632,401.8546228133429,285.94404496108706,294.11898579125796,265.88834156737033,297.1612293002358,293.0817425985035,321.79635634909334,377.10385046154084,427.0136488634743,397.74649069699655
UNKNOWN_SKU_98805,0.0,0.0,0.0,0.0,0.0,0.0,0.0,0.0,0.0,0.023994868206530354,0.0,0.0
UNKNOWN_SKU_98836,1.235347342830635,0.0,0.0,0.0,0.0,0.0,0.0,0.6697708281518153,0.0,0.0,2.931181499274568,0.0
UNKNOWN_SKU_98839,0.0,0.0,0.0,0.0,0.0,0.0,0.0,22.56971174022356,6.226973429058697,0.0,5.867330966732889,1.432648137857159
UNKNOWN_SKU_9891,33.67529432645483,0.0,8.43700413807414,15.119294686635676,11.810907397782781,0.0,0.0,0.0,34.472448767091855,55.49193202363699,66.51849890117101,0.0
UNKNOWN_SKU_99378,0.054784715163569475,0.0043498128794954285,0.0039504878846896505,0.003579624721298487,0.0032315310230390166,0.002901652896884898,0.0025863472284150648,0.0022826995260926564,0.001988378196688188,0.0017015179656180738,0.0014206266132154406,0.0011445103637467945
UNKNOWN_SKU_99503,1.217537525296773,1.3647607440728162,1.4364141189425665,1.420676142101338,1.51171638113468,1.6176959252488643,2.2007678091898484,1.6710774159662916,1.648762859436422,1.7739553477655552,1.7927795287107406,2.0373538176411756
UNKNOWN_SKU_99551,0.0,41.81934091445646,48.639276690732636,18.020744567102284,77.19183812354669,129.37943222405096,102.0718267598031,63.958861643753444,10.255608806262444,4.167725791618409,6.308538635251892,15.283908165507327
UNKNOWN_SKU_99692,7547.667567086196,7029.200891386193,7142.5284826405805,5662.876287458481,5838.956263127198,5134.779575476564,5275.1659571704495,5880.937994339952,6416.112155889944,7537.581216944331,8593.091397602235,9169.796073942953
UNKNOWN_SKU_99820,5500.0084448156085,5462.0676750485945,5634.765059623981,3853.0645676732875,3381.9469745017277,2826.140900353478,2531.5704414238753,3216.78567466919,5677.506261654437,6423.994331631635,6342.1647880023875,6342.807153487987
UNKNOWN_SKU_99821,5704.646035809451,5970.894047483062,6155.132455488248,3803.1187805586915,2388.077039281343,1543.3636449257601,1465.4369281075897,2268.8271533193492,5084.256532155053,6506.037233889913,5763.111793944097,5745.980640653742
UPADACITINIBUM,0.6396935291541801,3.470598893905361,1.206021990929979,0.5174592737733468,0.5025079052717141,0.5408456156940813,0.4382145892556482,0.4124085733285751,0.38726256581058977,0.6286445650198748,0.35844896961097594,0.3245912985075302
URAPIDILUM,4325.177787848233,4291.792222049231,3994.5378032527624,3550.793102058322,3818.2709749455034,3321.552507097983,3243.8005666627005,3334.297048157209,3769.751867195549,4177.013756268956,4442.504901370415,4459.987451294317
UREA PURA*,14302.269520459755,14382.955998055379,14644.655178353609,13767.029720813918,13872.001753003897,13753.931776977603,15290.1081943783,14413.717726520586,13682.172950456143,12908.115127826313,12598.912467944183,14421.911938260206
UROFOLLITROPINUM,0.0,0.016634098449928095,0.0,0.0,0.0,0.0,0.46665447349733746,0.0,0.0,0.45590567153979333,0.21778900247626218,0.0
UROKINASUM,0.02916476351923192,0.0,0.0,0.0,0.0,0.0,0.0,0.0,0.0,0.0,0.0,0.0
URSODESOXYCHOLIC ACID,79683.81794664405,81993.54147950448,76825.67025922432,63062.79483643173,62227.84885162915,59281.698017218594,61936.08170312166,64879.11660527563,67923.7672804303,73727.83137398554,78411.69220226127,82939.49801831333
URTICA DIOICA*&,12421.781501611265,12172.323922254007,11146.368322174703,7194.904305517761,5948.148755598707,4747.448779069967,5271.459261253481,5943.916510406787,6599.303173135936,8063.632966725758,9210.794865004118,10556.275247033302
URTICA DIOICA*&+FRANGULA ALNUS*&+ACHILLEA MILLEFOLIUM*&,966.7607609015452,784.5012032748818,750.7247165970707,472.0234473206687,587.906734575606,447.68505053531464,332.4599437645569,362.6959853998557,304.0147180209083,399.69460707842705,496.13299475058886,563.532056106661
USTECINUMAB,0.0,0.0,0.0,0.0,0.0,0.24553379865345723,0.0,0.0,0.0,0.0,0.0,0.0
VACCINIUM MYRTILLUS *&,1456.4258699133607,1519.1641187444784,1433.5418169480226,858.3226746495073,760.141259949345,537.9768273278645,489.3799803693297,543.3356019411518,682.0935983372588,871.8550945927941,942.4137907358721,1191.532246788984
VALACYCLOVIRUM,27466.63544507165,26436.140254561677,25111.896102431554,22141.03718100531,22695.614444142167,21877.59625492951,24019.182103837244,25688.97358324128,25888.279567042366,25991.243154361087,26362.88442449393,27964.04944087805
VALERIANA OFFICINALIS*&,438797.2325472002,475043.0388855778,526685.726334885,340644.86587293603,328079.06468198204,335636.58730782376,316155.2745871024,336318.6811891306,332190.19684935827,374154.52975614544,383075.5556601805,427836.25556201366
VALERIANA OFFICINALIS*&+CONVALLARIA MAJALIS/TRANSCAUCASICA UTKIN EX GROSSH./KEISKEI MIG.*&,406.0551443452485,335.24045086391874,504.89741494520666,344.95610507658887,288.7797760480463,349.26263169156414,315.92283507273015,268.74491664401467,309.117700767394,325.9838469324493,349.69308273084533,337.64719023591385
VALERIANA OFFICINALIS*&+MELISSA OFFICINALIS*&,453.40291749395186,460.8583528900757,400.0443805067802,213.69488189994934,193.95176231429014,159.69774594556827,197.34381215039627,248.1891444140643,262.26948952480404,291.0078449132013,350.1254085237249,385.820738711949
VALERIANA OFFICINALIS*&+PASSIFLORA INCARNATA&*,91.95951222852796,343.1880095486065,50.15079779088772,0.0,0.0,0.0,0.0,0.0,0.0,0.0,0.0,0.0
VALERIANA*&+ATROPA BELLADONNA*&+CONVALLARIA MAJALIS/TRANSCAUCASICA UTKIN EX GROSSH./KEISKEI MIG.*&+MENTHOLUM*,33617.30622957833,35163.071450877804,40337.04658168233,27811.982040090865,27202.330160582635,26778.596810740986,27099.143084632607,29304.525457510834,28151.18990957834,30046.2504249973,32899.1129910974,35085.252797742396
VALGANCICLOVIRUM,20.95903317826072,22.929796980647353,24.837347905501485,26.686946596699734,28.301590665924902,31.266027844275644,33.80276847629568,34.09009738930154,36.67408516924394,36.87459887277605,41.911312203718374,44.03771518070042
VALSARTANUM,131180.62388927926,137478.15515139018,150152.79758841984,114046.00456538453,111427.91597429717,105818.09572876822,107009.16215968599,108813.32393176113,112142.77357676218,122818.84632010398,125436.19954211831,132023.16794707067
VANCOMYCINUM,977.1734970829903,800.0631855432007,369.1707037467698,433.86168574502267,72.43463877902492,0.0,0.0,0.0,0.0,1595.333703275926,2531.6728574161402,3157.0727481637077
VARDENAFILUM,1.1493773102211384,0.6390124372373839,0.0,0.0,0.0,0.0,0.0,0.0,0.0,0.0,0.0,0.0
VARENICLINUM,0.0,11.828420583634076,3.7090502479714766,3.4310413926117116,0.0,0.0,0.0,0.0,0.0,0.0,0.0,0.973464730758482
VASELINUM*,72719.10326803026,71836.13872510348,69350.08875816966,61878.45765203023,61573.594034526264,57198.616007930745,59246.75525406192,61530.50911837448,63531.453477232164,66919.28943172589,68215.9334627285,77015.2035549382
VEDOLIZUMABUM,0.3463426264503017,0.3366867097562068,0.33266633872379825,0.3283544042207389,0.32380921894115894,0.3190774330403624,0.5941963666425927,0.5771958758472442,0.32209984553383303,0.4809273836059715,0.34569377638654974,0.30641125293387983
VEMURAFENIBUM,0.0,0.0,0.0,0.0,0.0,0.0,0.0,0.0,0.0,1.5175978980078435,1.8269401984486486,0.0
VENETOCLAXUM,3.91095482182846,3.1831210655603943,3.2128604919654147,3.232394441909867,4.8699331892167805,4.735676494018031,4.073814128438903,3.9145263759984137,3.8539845060396325,3.656351224438474,5.909781101777055,3.5404209801083923
VENLAFAXINUM,13843.897656026205,14148.686860653388,14619.202592115062,13184.923624069505,13454.860491492076,13431.522502609369,13720.682700236652,14206.28877504842,14529.537933185453,15161.203720481484,15254.41480547857,16111.045723291645
VERAPAMILUM,13562.872472205545,14366.653533569552,15716.589150207295,11574.919211064022,12014.920027295952,11613.964247828037,11956.991191800245,12239.433114524552,12228.39542025054,13960.841232377868,13910.745049626268,14745.298470971533
VERATRUM LOBELIANA/ALBA*&,6887.170600318481,4990.849978288852,4808.205809367566,3671.826802932952,5381.717926487681,7696.197954033878,8303.115504773257,9448.927474067175,6773.21897820473,6384.392910217185,6116.949984529572,5277.346772681898
VILANTEROLUM+UMECLIDINII BROMIDUM*,570.6493113378616,591.6464335295567,655.4600005799398,443.88672351727325,443.73397116416675,380.43163857870854,442.80764180736924,479.3467136873246,530.2142404883158,593.8409312261357,663.5021531134187,667.9437999202718
VILDAGLIPTINUM,9605.334134288989,9871.621948685595,10295.0703469103,9285.793612197482,8987.712771134646,8457.999044991795,8682.833410784933,8909.630250126864,9024.118668307827,9545.238749560016,9610.295761269184,9895.88711734394
VINCAMINUM,5768.9999843737105,5939.196479641461,5907.944317089337,4269.741628281313,4466.073318468569,4270.428111852052,4507.722987792512,4811.716729778556,5135.756764601068,5637.4358336927535,5704.989330199778,5951.788368639076
VINCRISTINUM,69.46695196346656,254.15142645413798,434.1152864023294,196.34225471653707,306.8325097235575,401.9869940848281,371.5592619294991,325.61495656089,236.6349926216572,358.80250182592533,394.1715895449943,211.30594007590355
VINILINUM*,2634.2325916579957,2512.3896623382425,2447.092922716839,2054.333934854114,2527.1419483983323,3431.4895630681062,3912.411658638323,4210.064938928896,4189.60236699575,4190.853913283634,3926.0603541483392,3766.278310674502
VINORELBINUM,15.42632786211714,26.970664296730483,2.5091962952130515,0.0,0.0,0.0,1.8448587365165974,0.0,13.48581484338108,9.310756688076724,20.05217301462513,20.558768926655738
VINPOCETINUM,76987.27219592364,78509.76306017896,80416.70857447847,63966.716608813316,65353.279859176466,61768.254482362216,65075.60300380605,69141.9722438564,71936.45125879192,77519.81409363558,76944.12358440577,79175.30959991713
VIOLA TRICOLOR/ARVENSIS MURR.*&,1674.41752977443,1505.643843248837,1607.6518729669563,740.9684756800458,452.4967367891114,145.6775246149582,43.509933814229385,219.49244011224073,706.9586240892436,1329.85735020944,1407.297310044191,1370.5898568505859
VIRIDE NITENS*,71227.63283853757,117481.36741118736,135596.68374877365,126589.26109830929,124314.88005740424,173721.40390414672,177709.09286100726,143956.52030596219,101119.76414139268,89919.41308920356,81398.00452691878,84357.6415565575
VITAMIN C+ACIDUM FOLICUM+CALCII PANTOTHENAS+CYANOCOBALAMINUM+NICOTINAMIDUM+PYRIDOXINUM+RIBOFLAVINUM+THIAMINUM,1450.8940295408893,1132.6740203311406,1377.288590512661,134.0276242071959,0.0,0.0,0.0,51.840796664235995,870.3762768750519,2067.700038593024,2297.2016255167205,1783.3178726049994
VITAMIN C+ALOE ARBORESCENS MILL.+ARONIA MELANOCARPA,91.96081169249604,140.41462111514906,31.15785220425795,0.0,0.0,0.0,0.0,0.0,0.0,0.0,0.0,0.0
VITAMIN C+AMBROXOLUM,0.0,0.0,0.0,0.0,0.0,0.0,0.0,0.0,0.0,0.0,0.0,0.0
VITAMIN C+CHLORHEXIDINUM,3924.5678049415787,3636.532752216411,4317.134420900403,501.68466671172473,0.0,0.0,0.0,0.0,3769.4512121669995,3999.8363649097764,3212.7977979681264,3380.046655278935
VITAMIN C+CHLORHEXIDINUM+TETRACAINUM,130.85361326810803,79.34585847005863,41.26393826596191,6.296285737027407,0.0,0.0,0.0,0.0,0.0,0.0,0.0,0.0
VITAMIN C+CHLORPHENAMINUM+COFFEINUM*+PARACETAMOLUM,12509.403270668425,11611.081583123982,14104.661545119547,9663.226826747119,8173.564364080296,7778.673705977958,8274.009691527208,9350.384591997728,12218.282624405261,13036.623162362408,14406.974904759249,15238.931610707836
VITAMIN C+CHLORPHENAMINUM+PARACETAMOLUM,37598.47702592325,34533.40712884256,32865.113439797075,15236.657517179752,12868.819407704948,6018.367548744169,5819.9250901946,13629.164951974013,48244.302670016594,41329.94027306974,38171.73818413131,46360.743541599615
VITAMIN C+COFFEINUM*+PARACETAMOLUM+PHENIRAMINUM+PHENYLEPHRINUM,0.0,0.0,0.0,0.0,0.0,0.0,0.0,0.0,8.220839060821625,0.0,6.3489885342701715,0.0
VITAMIN C+COFFEINUM*+PARACETAMOLUM+PHENYLEPHRINUM+THERPINI HYDRAS,37.876325777422544,0.0,0.0,0.0,0.0,0.0,0.0,0.0,2.0623937243080164,0.0,0.0,0.0
VITAMIN C+DEQUALINII CHLORIDUM,8334.107109681521,8058.400751804567,8328.847161140682,3498.4009842472524,2346.081138370185,934.3307573062084,687.9463480927025,1951.6259163595778,8914.718266610755,10065.73604244937,8215.933358757944,8199.239107442478
VITAMIN C+DEXTROSUM*,1279.2891664175372,762.0796942506865,1490.3195052362942,187.6483427438696,0.0,0.0,0.0,0.0,170.13265062110327,1872.5019913662486,1249.6156526814532,0.0
VITAMIN C+FERRI SULFAS*,39898.819891676394,40703.823596418,41955.25981244803,36720.15763750879,36737.922749794125,36974.87329185913,39377.15657774786,39903.05245869559,38141.63761569049,38918.05739352315,38848.946068026016,39387.06065986503
VITAMIN C+GINKGO BILOBA+PYRIDOXINUM+RIBOFLAVINUM+THIAMINUM+ZINCI OXYDUM*,4.643800936660417,1.026760977029069,0.0,0.46459298225634327,1.055990556823398,0.2606405975829048,0.720692611296373,0.0,0.0,0.030341723059783113,0.6949814361013263,0.0
VITAMIN C+METHIONINUM+VITAMIN PP+VITAMIN B6+RETINOLUM+VITAMIN B2+RUTOSIDUM+THIAMINUM+TOCOPHEROL*+VITAMIN B9+VITAMIN B12,3863.4060830784806,4215.157068223835,5695.856012994747,2414.5293254661024,1174.6105320978127,183.8100540578066,0.0,154.30420431315179,1319.9690617939577,3405.0535044332278,4144.81281519927,3671.837620466732
VITAMIN C+NICOTINAMIDUM+PYRIDOXINUM+RETINOLUM+RIBOFLAVINUM+THIAMINUM,0.0,0.0,2496.038564465308,0.0,0.0,0.0,0.0,0.0,0.0,335.6795168682115,2643.734015922368,1469.882997327404
VITAMIN C+PARACETAMOLUM,3739.056220286915,2449.579990112413,6363.025977520463,1487.385738994557,319.2165197214829,76.64371585067579,284.7172443016832,730.6314386101399,2547.632165604558,3302.732918747744,2160.243692809947,2044.9244836073594
VITAMIN C+PARACETAMOLUM+PHENIRAMINUM,296751.27710995136,234660.36903655287,223299.08199383845,122489.03017567137,95475.28373714216,70407.67240232324,71723.21035047254,105188.99652499643,239263.80488062,273581.5761811232,211861.03863753038,259771.5408186605
VITAMIN C+PARACETAMOLUM+PHENIRAMINUM+PHENYLEPHRINUM,349647.3549829334,341603.0450203306,325121.2655346606,218531.59163053698,177816.8589916504,156213.20776495346,157983.83886800834,198384.97103486452,365275.05125276186,438423.27391149197,363586.63452288846,373496.528296418
VITAMIN C+PARACETAMOLUM+PHENYLEPHRINUM,80538.4659258007,69895.693057757,68014.38360716758,23612.271690541536,11587.482601086223,3499.9441733674753,5104.563875037995,17616.34808021993,66893.50188821097,89585.22737844933,65481.92141448553,84367.13908716003
VITAMIN C+PROPOLIS*,81.3833818701638,0.0,3.9822618890917743,0.0,0.0,0.0,0.0,0.0,0.0,0.0,0.0,0.0
VITAMIN C+RETINOLUM+RIBOFLAVINUM+THIAMINUM,15648.623321446616,16413.13675981464,28368.756824096155,7047.518989108492,0.0,0.0,0.0,0.0,7027.897896572859,22214.649728612487,38945.44290783131,19869.017964793464
VITAMIN C+RUTOSIDUM,123858.09349810322,118178.96967130856,117144.1021899784,93296.13018501987,89498.6381611586,90387.80972217524,89021.34975109405,94873.56775433471,104732.26213703284,114040.85282329694,117685.80215241376,113580.10159581284
VITAMIN C+SALVIA+SALVIA,21103.78648727538,18402.571838660682,19132.54511493424,12684.425131118413,9591.794539231076,7718.622260886528,6339.627033376214,9158.969446533287,19205.52197222427,22853.404587942372,21440.05767568219,22648.599941039356
VITAMIN C+VITAMIN B5+VITAMIN D3+VITAMIN PP+PYRIDOXINUM+RETINOLUM+VITAMIN B2+THIAMINUM+TOCOPHEROL*+VITAMIN B9+VITAMIN B12,949.6867771866755,1217.4945581188838,1404.9824465490065,445.8112209774625,0.0,0.0,0.0,0.0,498.56825445600316,1018.8666494092001,1218.3702290561146,1005.5607564580027
VITAMIN C+VITAMIN B5+VITAMIN PP+PYRIDOXINUM+RETINOLUM+VITAMIN B2+RUTOSIDUM+THIAMINUM+TOCOPHEROL*+VITAMIN B9+VITAMIN B12,36249.898834162836,34203.4827092091,48752.07217757065,23014.7749205844,8270.673083319944,0.0,0.0,1130.1153630002918,15387.3017105508,34957.28035691573,51848.672042332204,38237.92095898995
VOGLIBOSUM,1940.680626416623,1930.4013218110676,2160.616055509229,1521.0328198503635,1372.0704087058784,1063.355857172896,1333.8975933291172,1490.1415596367,1392.7877100653723,1569.0464077909169,1634.8463433539582,1845.5416691869978
VORICONAZOLUM,51.57272451204537,77.1243645978453,31.32072267926658,38.88845515718494,30.175287152300946,22.171798761175083,17.54525406105572,23.997464313741567,34.72067852867156,74.02349591339689,84.31479583395848,39.86368178318907
VORTIOXETINE,3953.479177102733,3972.0577991760833,4088.515400474663,3397.3909851534277,3572.635356536339,3448.5483572825674,3618.747061519451,3700.8431285488573,3766.5134858122824,3929.482475262923,4037.3675704633347,4224.840750263564
WARFARINUM,25998.855785582695,27983.774289687783,33563.192137762075,22644.369461011727,22740.24356440167,22429.767091903843,23145.682158695792,24384.42005691958,25128.536620288825,26133.47171577444,26223.641636953158,26929.081418686346
XANTINOL NICOTINAT,3191.3045526564288,3138.5957506507916,3082.4848179654273,2378.5153807362785,2684.5935398721044,2515.8793760999088,2603.642154001297,2555.968885241551,2643.5839791528997,3038.0897632011215,3125.781699358845,3249.9621572041656
XEROFORMIUM*,3491.7936785420256,3372.4889181286558,3353.0195159663394,3013.4096004048674,3299.583274124069,3664.4890192678104,3849.2084215511836,4146.626349546263,3793.231498110705,4147.258023130639,4013.0308493149682,4032.83911643081
XEROGEL POLYMETHYLSILOXANE*,119566.19900826606,103629.02896672647,92925.53581007163,82139.06016132457,90856.85091890377,98265.11120154394,109193.51830423292,120399.41886296091,110505.54698652014,103010.78916194435,96756.72137886056,112196.95922897031
XIPAMIDUM,3934.5279071935984,3905.9487134179412,4053.4210282501526,3551.1589499686584,3696.7533571961994,3723.6829528309695,3734.8686991915224,3694.058966132702,3415.9628495383818,3391.1052261156633,3319.9751972302247,3527.3036439746115
XYLOMETAZOLINUM,1729329.57091505,1676820.1833718934,1677835.618568599,1203145.186357194,1102442.9694193015,928618.6835002184,923180.1367961825,1138112.545064185,1733248.5109098174,1780943.3304175548,1588997.132054975,1813606.8637961426
YOHIMBINUM*,1422.9419528723097,1436.9285158227476,1349.8899242825698,1217.8880091499002,1263.4618351432364,1400.0798540373773,1462.9488272521621,1554.7673639234617,1481.3839513599742,1409.8473794086558,1377.347479947073,1340.610118477279
ZALEPLONUM,2933.670271329024,2882.725684531024,2962.954192364089,2657.305975902004,2738.8303800038016,2794.5700805567035,2880.057618270489,3138.597025712982,3172.5471289384413,3158.4629887902715,2845.3198539432015,2853.163923337009
ZANAMIVIRUM,0.6051976732811212,0.0,0.33114487929278774,0.0,0.0,0.0,0.0,0.0,0.0,0.0033999249837706885,0.011733941385463395,0.02000949536662687
ZEA MAYS*&,4946.6075562282695,4979.103264797094,4506.306700782472,2851.707918701085,2657.8565621662897,2118.5335460687684,1478.9212023210648,1463.8421964532154,1842.974660889251,2661.4399015683925,3437.3137632420207,3633.247321711236
ZINCI HYALURONAS*,2062.130963228886,1988.758331094217,2032.2065578121562,1858.677071612181,1848.6354150778757,1713.2800222761043,1764.8820404603614,2281.1363874334415,2050.1601974375785,2049.258777866561,1999.5211746354228,1980.603424476185
ZINCI OXYDUM*,68923.64001259199,66555.09343124552,73742.4744226285,67184.992272195,83981.66880830834,107345.91029365912,102776.82493839986,93687.42211065262,77343.51010491495,71428.23195678493,69059.27529474103,70118.49462156606
ZINCI SULFAS*,2312.649135308871,1491.6942619030528,2435.0895066627,1872.7504459547183,898.0515408726342,572.4119602912681,706.1078393104772,1418.4276860101445,2811.47790685418,3450.42562701371,1220.950146625635,2051.0845057994766
ZIPRASIDONUM,0.0,0.0,0.0,0.0,0.0,0.0,0.0,0.0,0.0,2.75633980344015,0.0,0.0
ZOFENOPRILUM,2137.5096443815873,2102.3151241053574,2421.3663211102707,1719.8440919400964,1788.8867218298542,1612.4000389675555,1689.8559059036133,1810.8046126783547,1795.8667913240447,2026.8865474664917,2096.177565606347,2127.6319933441264
ZOLEDRONIC ACID,1303.98541012066,1441.9937404310951,1885.3143273246235,1319.2371194846246,1349.060475857805,1391.793883601529,1491.243732441687,1579.6295341589926,1395.2620981780158,1536.3172720384143,1531.250933771912,1600.0749858038896
ZOLMITRIPTANUM,30528.38503233168,30377.28439198312,31660.77820657284,25692.657185113196,26363.541894814047,27572.7155894433,28947.303272015288,30405.207344941442,29000.139730150946,30685.64596518713,30105.79848008464,32406.316018871228
ZONISAMIDUM,1147.3498819238218,1229.086847682588,1278.1057526777283,1163.9355999474237,1138.579642377947,1148.427470211256,1180.415094177212,1211.1370244691825,1233.1883457708668,1280.6747885317793,1303.8587966789582,1309.579591943091
ZOPICLONUM,32411.90336594011,28459.725873504678,23756.24368939239,23409.619351938625,26094.91889181169,25463.902733546198,28763.13321676987,25787.564213184876,25780.53882015295,28803.99071556346,30049.82164172795,31434.3177924956
ZUCLOPENTHIXOL,1668.1108758325884,1779.375307581985,2038.6327926869758,1599.8967204764426,1641.8586024134893,1531.1472476686008,1608.2109035781637,1676.9585680112878,1675.5286392632606,1832.2730359703128,1791.3248930414281,1826.6199184037941
