ATC5,2024-01,2024-02,2024-03,2024-04,2024-05,2024-06,2024-07,2024-08,2024-09,2024-10,2024-11,2024-12
A01A B03 Chlorhexidine,22547.376279060798,24302.35025381091,41723.7029240749,21406.22413102985,22689.404260278137,26736.67022238793,29447.460754392734,30659.705849402097,27343.941204761268,26333.634200792818,25156.78267275696,25244.212870539657
A01A B11 Various,8343.003530776976,8065.827175339036,9805.072090306578,5770.274859596128,5329.1526228449075,4556.850836773021,4710.429906261504,5528.825104598562,7515.32560454393,8736.366409209719,8532.586771873172,8315.764470037797
A01A B12 Hexetidine,23481.109083733325,19440.971454707014,17705.308466073344,8135.3939897538085,5896.37752328555,5583.374264698337,8537.814372415949,10850.274373177423,15960.72508837399,17366.34957511863,17549.693479101727,18892.198916875586
A01A B18 Clotrimazole,5181.4170601939295,4831.296207708773,4950.831055274356,4297.609530092091,4748.167921406991,5198.120047925293,5448.53758920366,5600.846450453969,5000.303310595191,4978.708132903796,4937.715977115292,4978.273623409655
"A01A B53** Chlorhexidine, combinations",872.6319461338217,808.5870369599152,959.9195627829668,111.5501346433399,0.0,0.0,0.0,0.0,838.14160198431,889.3679928101044,714.3691061841948,751.5570726298304
"A01A B67** Metronidazole, combinations",55863.380863124126,53098.68163322994,52198.791078044815,44574.25826262691,44820.63243902278,44474.11380886969,49612.56613347741,57371.481621893785,55074.05284135711,52855.00064565796,54338.89731782883,56643.33228429576
A01A D02 Benzydamine,292034.88848390174,287097.3329052727,270690.98598395166,194931.1180670654,184715.94211736915,167709.76522542248,168391.22540040576,198027.3180926232,296453.34231289366,297663.05444362626,276807.10796083335,308163.98010173935
A01A D11 Various,144511.37738087573,134453.18430991564,133734.13948642462,90660.71658097177,84834.63642662807,77231.82826731435,88361.5507497955,99017.71744365321,114602.69270456387,125348.40523362663,127488.69339187689,136111.1510362451
A02A B03 Aluminium phosphate,14411.865507150327,11797.176812045413,7169.429887414664,2465.729179163247,3475.836644015293,3906.1938473501104,6686.3360414711515,8562.569028221162,10916.94104907435,13510.81069721008,14362.886047171853,16731.43995859445
A02A B10 Combinations,54463.337619130645,49779.52612606307,48822.738181789624,42390.98267655149,39382.65032254156,35193.90928951424,38172.496513272985,39917.046742460574,43853.203375991274,49462.585132996435,49974.93058878115,54944.12660358955
A02A D01 Ordinary salt combinations,122484.97146435549,109613.85056495975,115498.73930462627,98834.07535554258,92933.88845545873,73883.48439457477,78119.8462050507,80532.68751261456,90943.88281784875,105437.48852121922,103544.84694309867,112765.91153978536
A02A D02 Magaldrate,1097.9656892968928,957.3348628874412,1010.3148622211194,837.2163221493009,816.8949505530853,654.7229137373521,664.6859447460048,790.0862300141663,846.7631186899347,965.3016900917886,1026.9672076745105,1157.743482201928
A02A F02 Ordinary salt combinations and antiflatulents,11814.83533301661,11161.49734826742,11450.972984863733,9484.703518536448,8522.779969870287,7226.498755333025,8260.383408098882,7961.297954707229,8908.887616389575,10165.736570131114,10607.162557520014,11524.6261718268
A02A F10** Other combinations,0.0,0.0,0.0,0.0,0.0,0.0,0.0,0.0,0.0,0.0,0.0,0.0
"A02A X Antacids, other combinations",0.0,0.0,0.0,0.0,0.0,0.0,0.0,0.0,0.0,0.0,0.0,0.0
A02B A02 Ranitidine,506738.892228864,473060.9370119424,478474.1045264297,411366.355026044,400827.55151375965,367241.7839919568,425021.4988625389,448325.13124702906,482156.0408426456,530241.4830071633,489685.578826802,523628.99557053734
A02B A03 Famotidine,63727.19742448369,57401.49619188317,62259.18386448568,49564.63066125067,46151.90035734565,37517.50197290457,40978.969924034674,42723.43374362173,46355.315857974354,59527.244608139416,64862.275866954435,64781.33033268942
A02B B01 Misoprostol,3687.737914019089,3614.4346067955566,3419.159233370163,3050.4226069832785,3016.800978227203,2929.7937475757735,2875.6884354080607,2808.2478580273237,2761.2966684761645,2919.7465891886695,3067.8877981121036,3359.8380376042837
A02B C01 Omeprazole,599404.9080232156,561360.6941540531,579565.0501220742,489189.9115598419,486213.54857340705,452384.0628476102,467326.7321303235,491493.20581984514,517144.78623481333,572094.1684301388,574057.0512497502,630797.4017687901
A02B C02 Pantoprazole,399464.0433429226,396971.7354793987,381595.06288188323,322907.6208971746,315334.1938027113,300650.80502044444,314049.77728793456,324329.58159523044,342183.9511343708,384727.28685898683,399884.6247319833,415729.5415236841
A02B C03 Lansoprazole,4909.12016931292,4595.5898751563245,4766.088639608762,3857.511050948431,3724.34677979788,3343.471162655156,3697.412068718695,3942.9957933472388,4069.9329728277908,4561.297716189949,4445.041310657392,4799.589986009062
A02B C04 Rabeprazole,42295.67436433689,43442.42440977519,41674.28617938506,33225.02892833219,33007.296860749135,29409.642939941932,31856.699136555413,32915.39142710543,32710.988592804686,38083.01045862333,41070.07968453748,43884.76959852804
A02B C05 Esomeprazole,111542.30488799403,113472.56323358674,109218.89464115287,93611.20649829779,92704.26951510564,92297.1250596439,97362.2346263665,102340.93261083656,107633.21092950452,115560.58591553093,118118.15183544398,121049.09090246641
A02B C06 Dexlansoprazolum,4042.1621340513307,4306.760831551104,3886.135120587324,2966.8198828526956,2795.747423701394,2396.1371874167507,2793.7347294254355,2932.337694068783,3059.004596819859,2792.6762500571185,3740.443703683325,4227.38259762069
"A02B C51** Omeprazole, combinations",13489.836599066002,13582.884480355642,15386.811935540172,11112.823449840616,10496.413411433796,8977.648130861153,9954.280656555866,10731.467427264452,11206.969993984141,12036.043197512714,12188.225310488393,13458.903751021757
"A02B D05 Omeprazole, amoxicillin and clarithromycin",3457.22800596215,3946.325344314492,3948.799289628208,3110.7885205110224,3025.5439798491166,2659.4372219514344,3074.91109026513,3283.7154595479287,3586.9166296060107,3876.7248402843175,3678.8842834588054,3712.483912630238
"A02B D09 Lansoprazole, clarithromycin and tinidazole",3279.8458588188146,3194.9297778214873,2632.1134543962276,1903.9341370286238,1913.8548245071443,1711.8063158625641,1953.7544503195036,2126.887499257659,2282.9468797807863,2575.776525571892,3128.9303835773794,3374.231611354374
A02B X02 Sucralfate,0.0,0.0,0.0,0.0,0.0,0.0,0.0,0.0,0.0,0.0,0.0,0.0
A02B X03 Pirenzepine,7.275701140977144,21.957990931411494,27.071570691896163,0.0,0.0,0.0,0.0,0.0,0.0,0.0,0.0,0.0
A02B X05 Bismuth subcitrate,31205.340790197428,32078.944461766292,30682.608680043904,22031.746535688482,18210.447701226665,14480.861114679708,16713.218326464666,19171.84897691512,23528.383178297998,28563.408620426806,31289.891055152366,33759.451483955316
A02B X13 Alginic acid,17457.572928314636,15760.614184218892,15849.155698832663,13703.386415406425,13161.500303575336,11726.94068831057,12174.086356075859,12516.179356042343,13383.370049456862,14466.631774325964,14535.704106576097,15973.976886408534
A02B X14 Rebamipide,30658.410502862134,31860.801752152314,30672.050203579267,27332.786597036153,26483.085535421473,26171.274991488805,26858.499739354047,27362.324714427305,28532.886305348176,30760.15758132429,32678.961458102865,34516.307805643795
A02B X20** Others,46271.131660781226,43722.820439289135,43163.828194494636,39427.78518021416,37868.65457105343,33741.09758446221,35027.63821014961,36011.91821988278,38507.02470916545,41623.81710539159,41822.55404495513,45960.79465751111
"A02B X62** Bismuth subnitrate, combinations",8117.3396475894515,7470.073138348277,7507.480788154675,5982.556249925893,5534.528364004032,4601.5668978913,5131.588496967349,5497.663229953631,5927.030248029365,6615.571795920054,7009.788488353006,7722.765142340138
A02X OTHER DRUGS FOR ACID RELATED DISORDERS,89733.76383997189,91279.95898043977,80212.12404114992,50941.29394548398,47489.421250566986,31727.925114556198,30453.927266637365,34567.26339725756,43568.09283768605,57027.76338754717,66277.53968493684,72591.13379899373
A03A A04 Mebeverine,86913.84743298886,86561.22430749878,81268.44246567856,66844.76125079417,62788.22733745851,57493.4568653618,62211.39434625626,66426.19258954364,69318.1238427454,76044.0459038786,82503.272211357,90263.33591591156
A03A A05 Trimebutine,29393.506528272075,29499.98658353585,27681.772491986943,24130.320682987876,23454.528300028687,21897.501857901414,22605.38216843965,24107.896281110312,24457.351035486907,26116.086703228248,27174.31110166139,29887.96648464797
A03A B06 Otilonium bromide,7831.719882238462,7777.426966936252,7470.682871315767,6405.302631440663,6369.307076161864,6061.606068560108,6805.071899099987,7110.306400153174,7236.343437617008,7634.932504209358,7849.239194104521,8320.086382641937
A03A B18 Prifinium bromide,0.0,0.0,0.0,0.0,0.0,0.0,0.0,0.0,0.0,0.0,0.0,0.0
A03A D01 Papaverine,36979.13465966122,36900.02425727567,37539.76137076595,24987.718896956896,22604.067153308373,18143.557993788283,18677.325701570924,20705.984903195764,24099.287299894357,29746.282252651956,30727.273250256756,34043.511083739315
A03A D02 Drotaverine,667989.816499022,614613.4841056723,666457.3638024958,479691.92957145773,452192.0413981305,468168.57487097185,511703.2824607482,531533.9173440725,571849.871262235,591950.9756082684,583505.028296598,657652.2064587652
A03A X04 Pinaverium,31.044984769593412,35.57108906852834,34.79937817591746,33.79901513006994,34.10653036163309,35.5555482151248,37.33016816615934,38.74406979522814,35.97339676672438,38.32546401216253,37.30532347675424,38.12421671666878
A03A X12 Phloroglucinol,709.5355878802573,619.6389515128405,611.0268547000962,541.4971895310903,550.2214696770745,567.8025060750513,706.0441474746219,681.9330728754674,710.3546254773332,755.6866798400151,729.9995356113498,752.3338325096067
A03A X13 Silicones,147342.0024141934,135749.8467245738,127365.91042978282,106455.7412508547,109309.5125646169,106300.75067253137,120880.92381576764,134983.52138726137,133611.316501361,135469.23084954548,131436.5377849977,137822.6379902642
A03A X18** Platyphylline,11860.48383406406,11058.669267662824,11052.230967175437,8018.374119306193,7406.839551424186,6948.149049530055,7583.328710324405,8058.088325672817,8143.928797847582,8772.173584007389,9027.950168452975,10662.19956127006
A03A X20** Other preparations,30389.92716875225,31056.62553703344,29649.099727424607,23879.032537394185,22262.181534565327,20575.535720879456,22614.89883990712,23689.40493369684,23865.961548800795,26627.520359843224,27995.672824482273,29324.498023025826
"A03A X58 Alverine, combinations",10198.390246080166,9662.355736349607,8882.115299612675,7537.782921270643,7325.969789644531,7324.845655391151,7583.698719035963,7976.931540999327,8321.58336961753,8591.260003559604,8762.284881760781,8997.185555369231
A03B A01 Atropine,1428.2566575765547,1381.9579707352023,1915.2037783122323,1115.4700730977886,1026.3885879167547,1580.5690645379127,1579.4305276951643,2003.7113991600963,1373.407533610109,1305.236634076769,1190.2419824085532,1356.7900688193142
A03B B01 Butylscopolamine,1321.656077940367,961.2868528529277,649.9420246584964,0.0,0.0,0.0,0.0,0.0,0.0,0.0,0.0,0.0
A03D A02 Pitofenone and analgesics,642942.1473640178,694863.8390121425,659997.0155933521,570710.8423047962,549773.0504750061,554668.7443590778,599482.6912537456,623956.4350344216,624873.9811975592,676644.6454766379,630927.0544879432,666727.6699725292
A03D A08** Dicycloverine and analgesics,23932.712712405704,24095.439905516163,25786.41935451807,24063.35458269915,21588.388425849083,20380.55397179311,24525.700137768556,24190.336128984833,21879.237476547285,22913.321162016146,22427.261681674336,23445.305569311637
A03D B02** Beladonna alcaloides with analgetics,19258.052669178636,17360.787225951517,17677.24348548485,14066.678307226552,14306.617578734948,13495.171210056691,15892.93992922912,17568.891118682095,17772.467084359505,18685.561271016468,18179.36203445707,19219.46565932458
A03D C Other antispasmodics in combination with analgesics,1.4110628189371657,0.0,0.0,1.5835905841272258,0.0,4.7482849471161,1.2971863592265713,0.0,0.0,2.23816095539947,0.0,0.0
A03E D Antispasmodics in combination with other drugs,59092.40244953797,52696.81445506926,53448.873491781036,40893.58335343721,41681.39267504889,41229.77796462498,49260.43402857259,58126.387512017434,58609.18093106006,56267.6678985809,54612.74330488431,57824.9030622138
A03F A01 Metoclopramide,41973.28871325116,38464.05180053685,38186.75873282721,31049.396341121294,30685.016090218363,31696.121951957793,35980.79550381115,39373.01000775561,38828.380873373,42808.99322832868,38598.360374755044,40481.19375435792
A03F A03 Domperidone,86812.36076276757,77129.00250912634,68371.41329020892,53279.282899070546,51122.4147701554,48998.932851018835,60547.42589970514,71178.42412264973,73764.41728500096,72958.98479887749,69440.2033939743,75890.33125404725
A03F A07 Itopridum,24043.58813318232,24673.83142655045,23282.912578610896,20593.606817625187,20376.38792620256,19781.590530430385,19680.288331178584,20093.409889143077,20816.03325288061,22227.232461236566,23997.05274528727,25535.55108989376
A03F A09 Mosapride,4454.011068288895,4572.0271599571315,4029.5779750533193,3545.2449688918705,3398.0765057243125,2976.9096769518665,3042.9117556955093,3498.8117604520244,3719.716506018837,3935.7694442338875,4081.418536567528,4448.671352196041
A04A A01 Ondansetron,41431.743466396394,40454.644121205325,38968.07713624447,35411.96003946779,35939.09565323844,36225.518635446955,38391.84511240577,40042.90438516481,42222.90269456404,42725.72143327543,39960.608115436546,41041.27595235741
A04A A03 Tropisetron,209.68966943874068,216.81094773219064,251.7547200752029,209.077687657865,257.33401143224694,289.5058201600049,287.84441685046346,331.1444439110826,266.67321526783024,350.53338206148067,258.86506520465326,269.39956142744364
A04A A05 Palonosetron,1128.4626234497368,1229.6862800491674,1325.5325463026495,1416.2702917274812,1502.5109423650947,1593.3051529548507,1701.5034454991421,1819.5608159002422,1896.523310265311,2018.9545723961494,2118.5683639044696,2230.185058321397
A04A D12 Aprepitant,104.529576925426,134.83265312906474,103.1842175651627,69.64337258722806,66.50220007806736,76.1923655439258,75.33960138979953,135.14009353968552,109.86679073278131,84.48765196044494,96.59584441576285,117.72590185320416
A04A D20** Other preparations,72983.4812050928,71550.42647227301,76484.79570352206,52974.794106026144,50251.80544553426,43140.07753464564,42070.733423439604,45211.719951979634,54658.35219231652,67659.78460209089,71117.45954741526,68713.33532117959
A05A A02 Ursodeoxycholic acid,79683.81794664405,81993.54147950448,76825.67025922432,63062.79483643173,62227.84885162915,59281.698017218594,61936.08170312166,64879.11660527563,67923.7672804303,73727.83137398554,78411.69220226127,82939.49801831333
A05A X02 Hymecromone,1735.1466267493388,1834.5592945847582,1912.4748322429239,1973.1926657592871,2020.1523359622083,2056.1054755143755,2083.25339054594,2103.357125961022,2135.6815176829177,2367.5536344502652,2519.195131253974,2510.9553320867713
"A05A X10** Other preparations, incl. combinations",346152.39974180993,318399.6238484171,290732.6172005825,228992.46938383448,218219.7700832148,184415.3287381763,191686.63070318216,203136.2501796025,217183.37637100427,250340.07189825075,272276.23546849855,288922.57402508735
A05B A01 Arginine glutamate,94255.32496626438,97586.34436114182,88546.02974566334,69068.67118429505,74912.49769903762,70638.0144546561,70930.97741234762,71551.51431584726,79051.37396021288,95006.67486593356,101556.48211420992,99372.03988525752
A05B A03 Silymarin,177515.13281143794,150213.62525048398,148977.51535057503,108538.72848949434,102521.15971794013,83607.4101713921,103810.9682953711,110574.22291457265,116218.18450460478,132961.24837469187,145126.77992996032,155538.01429148548
A05B A06 Ornithine oxoglurate,4638.7821835480645,4583.115309661112,4220.506864010848,3826.850360949929,3837.682211960489,3630.8023462282313,3916.4147071017182,4030.2708492598026,4216.544416445563,4575.338723653469,4613.320022879086,4852.541315718873
A05B A50** Various,229733.0933918272,228504.09117181288,210361.10886192074,146685.42051828158,144901.5386760377,121891.95597617525,127462.75268150233,138036.42283700404,155269.79283934084,179449.3412332451,195273.23387612993,207525.7292780844
"A05B A53** Silymarin, combinations",21.189134788981416,10.449806538817628,2.9276717519680613,0.0,0.0,0.0,0.0,0.0,0.0,0.0,0.0,0.0
A05C DRUGS FOR BILE THERAPY AND LIPOTROPICS IN COMBINATION,12.504348574341446,10.907221247693437,14.730697342115253,9.375246686553401,5.875315618507068,9.847328158600487,16.319687126426658,0.6947752005989455,0.0,0.0,1.051959530710496,2.1174222036182986
A06A A01 Liquid paraffin,31874.88696880476,30574.09039250658,33907.25369129021,27429.954090139294,26788.037369040725,25455.283751984047,25471.52021816088,25978.81795092452,26449.019896957594,28627.50961360624,30053.32874674732,32595.118613082355
A06A A02 Docusate sodium,626.7505194072884,642.2706492914392,694.0757760590827,658.8286214357137,707.4967103723326,710.28264703256,730.8606424422645,779.1162908094466,747.1949072984726,740.3410312262731,739.443538816761,769.4044837790531
A06A B02 Bisacodyl,82376.99605016518,77438.90824070958,79820.19394879947,69579.19967092574,72532.60780428111,72308.63266661973,75101.97891214497,74335.79226421953,70313.18250153352,74924.80824703907,74244.77239909784,83384.1340763992
A06A B05 Castor oil,72335.7681366325,75215.75422202217,76538.05187721916,64014.52278826198,63886.186303981485,53732.56550344237,53405.13124989629,57608.443033944684,56254.154448068635,59190.97316625305,66311.28612768582,70428.41608371728
A06A B06 Senna glycosides,125500.64686367125,115320.04127980139,126765.10259425594,102848.21422736996,105426.52291541167,99749.07524739542,93403.58809453284,91931.75335379325,88420.40934275203,102385.11591546945,98779.47415519379,113332.99452852373
A06A B07 Cascara,8348.284794321818,8411.44907190625,8791.417814618419,6521.183329432777,6917.546661928885,6133.213448570399,5440.2829985282315,5110.899159139121,4994.517808272455,5826.832048223746,6552.702360829403,7552.285131558552
A06A B08 Sodium picosulfate,280699.17519267165,257114.66784879894,255238.06290973246,212864.26606039275,227374.43331545798,226018.3707336002,215348.45429883013,209110.90478645012,201055.87396050701,213924.294222514,231480.83415686342,261802.4643938027
A06A B10** Field restharrow (Ononis arvensis),61.57426565556629,60.819271715869185,31.799818492424947,39.31119784198296,22.5332432499428,27.21582150462409,35.16042603668255,30.533851590642733,38.13793396212429,34.615341787622974,54.08740997633534,54.44800645561864
"A06A B58 Sodium picosulfate, combinations",28523.202427486234,25917.28329305994,27409.50049948332,23775.279719352526,22866.498515309515,22849.017692583486,22019.1878346804,21022.728199643818,19928.109893760957,21489.443312400315,22673.695708675303,25489.028322342896
A06A C01 Ispaghula (psylla seeds),4691.449235965302,4040.6338232453777,3804.4215831213696,2365.835018381515,1895.0293872479344,1387.0711559826887,1243.3424737265018,1674.8081197807553,3379.608624438903,4545.341458156602,4076.5391098795835,4234.522967064458
A06A C10** Other preparations,2613.8679508431105,2803.609606196298,2945.4479084727354,1883.9867282877724,1826.9483621336888,1721.847047204309,1404.978973254692,1454.4298920888875,1437.414005150129,1564.4062735930102,1663.014666341202,1925.8491585336433
A06A D04 Magnesium sulfate,63320.40406371934,64698.85476407625,62796.46947688321,49938.150147617605,52571.299764656476,45868.03785379625,45822.45408613319,43299.405756992026,43782.87771479551,49201.83948870716,51751.12590828372,57864.34072969813
A06A D10 Mineral salts in combinations,8169.872795678589,8333.048093562687,7338.8281502639675,6420.186014018987,7284.056523417003,7407.772749329413,7618.98994845334,7625.70872614648,6569.79516669499,6922.311737527797,7716.80681258804,7788.8166910302325
A06A D11 Lactulose,72715.65723017449,64887.450814039184,61854.53886257023,49250.42408283437,47515.527040484965,43270.56018804474,42584.04988753184,41171.592428560805,39449.40964282326,49289.50499567252,56982.79645939121,64513.36641180546
A06A D12 Lactitol,17.95906992726809,19.48015736429828,20.912660547400364,22.262078441734964,24.357421113711833,26.51327696602597,28.241868052922186,28.137095783280714,28.844578861415926,31.875684949128964,32.00555723929292,37.233136896466846
A06A D15 Macrogolum,18781.6952535706,18793.614727148444,18059.633414151867,15509.767471895755,15813.491826232017,15949.426417842176,15616.171199271454,15275.214132556026,15158.098787324836,16079.842419281033,17619.81163298714,19149.082912093178
"A06A D61 Lactulose, combinations",15.652678601467459,26.27132181556342,7.1127897072069635,0.0,0.0,0.0,0.0,0.0,0.0,0.0,0.0,0.0
"A06A D65 Macrogol, combinations",13326.875174532863,14559.078980664563,12515.383254133416,10720.468301471989,11793.219167906334,11709.9962896173,11871.989615549566,12090.617104858866,13155.510724869797,12853.455249442031,13049.005297663305,12633.292164803817
"A06A G10 Docusate sodium, incl. combinations",4560.88043792746,4673.820841789681,5050.808146853811,4794.313651777278,5148.472647915411,5168.745984149662,5318.492611890217,5669.650266877918,5437.3574979074765,5387.481656829218,5380.950580353042,5598.977185116874
"A06A G11 Sodium lauryl sulfoacetate, incl. combinations",33434.54287093005,30489.97013204986,27234.840642473915,22974.77015234136,23912.368061763515,24128.84229082944,25205.709175610387,25541.95298496335,24996.177133973917,26084.458354710583,27871.814032828108,30481.391676850322
A06A G20 Combinations,17337.22801617412,17292.57237789975,15200.340284682126,13983.686731946891,14933.99530254003,15208.96837179587,15887.581277683852,16174.732790336324,16062.807985120706,17093.484525610616,17694.52734266496,16905.33454023947
A06A X01 Glycerol,26817.51433007579,24680.98123164695,52622.64355160168,29484.039135410894,26093.793942944034,22382.726935631134,22504.65546363799,23326.490759821918,23216.46144768737,27196.27282502395,28483.446951016882,33044.03490093837
A06A X10** Other preparations,966.7607609015452,784.5012032748818,750.7247165970707,472.0234473206687,587.906734575606,447.68505053531464,332.4599437645569,362.6959853998557,304.0147180209083,399.69460707842705,496.13299475058886,563.532056106661
A07A A02 Nystatin,27754.71363282532,26153.550979057814,26001.950200887986,19798.604525423845,20468.417084825935,21672.37629543875,23561.649266126282,24256.756328346022,24051.86786705048,27210.4147809551,27029.093887631192,27208.67275639435
A07A A03 Natamycin,0.0,0.0,0.0,0.0,0.0,0.0,0.0,0.0,0.0,0.0,0.0,0.0
A07A A11 Rifaximin,9223.798637210417,9691.317206336138,8098.045839852878,7234.2801248824435,7720.284931122267,8382.204154330298,8738.932511112896,9065.870574755141,9194.45480388511,9462.588765405259,9451.896112837543,9927.652168999546
A07A B02 Phthalylsulfathiazole,48782.37191694347,52337.348791546494,54392.057900731554,41245.27839758225,45561.06920456546,54470.04105965464,67933.28855322863,72334.45695759049,65614.8060905826,58969.94460647892,50997.0870286986,50660.09057597701
A07A X03 Nifuroxazide,113108.19780394033,111242.84811728809,120567.53123926383,88924.16420814201,97674.00305454212,132739.2314029598,171214.95575299155,195431.68850431452,178686.30597667047,145874.95962585282,114216.25901649626,110879.38140030863
A07A X50** Combinations,27.189505618955206,28.711481657930783,28.349165147352583,18.05770954933737,17.51054268137255,30.66640679744803,36.28109570075577,34.8512444338493,27.902161030771477,29.149691918756563,21.22211423959198,19.29604970670766
A07B A01 Medicinal charcoal,444796.00464986893,360391.70620099566,426284.9376161611,268228.48510216305,252383.5937554597,314501.98211768654,392093.78310339677,348434.84118141636,296132.88769713,294664.5742286528,205559.64187519424,283773.3703810037
A07B C05 Diosmectite,53165.05041309218,53038.758678833154,53578.728933104176,41148.84877819924,43595.04269595353,56597.9086718352,70753.31149421877,74933.1129938039,67089.35743515022,59283.58782990554,49793.42218738803,51421.27371505228
A07B C10** Other,279712.28317679797,226327.23328642076,203274.19837372995,155338.66464318833,173900.83145836604,209169.22911011922,256517.37223113276,295362.1593275546,255557.28880430304,231336.58418531282,212834.6634897316,265992.9851328777
A07C A Oral rehydration salt formulations,8745.341552468522,8533.53274561675,8513.068930088093,6347.659507617937,6331.753599594574,7696.035703128649,9240.776215908674,10435.833856085459,10115.719198179651,9506.82070180777,7875.740734663028,7944.805190900001
A07D A03 Loperamide,459707.942669548,459446.4983904509,479850.4147956813,408874.6033483733,438358.43761903496,488649.6904640722,558714.20736861,616628.245520748,558906.2802709665,510475.5466996491,460850.7820711031,468306.91899677424
"A07D A53 Loperamide, combinations",748.4844156763531,949.5855661872237,976.1359747315134,666.1817897025383,704.0191298149515,781.5728900404752,893.3053863564874,954.3988715448905,909.2939478312061,776.4498969958516,724.1529444631616,707.3004705726026
A07E A06 Budesonide,515.0789033336274,516.0314430856154,517.9648488864685,423.61218689536753,414.50270344539257,377.12170145454735,344.02398690606896,362.4373598113018,474.47023964956236,563.9865199947777,564.2640604421075,625.1688194476985
A07E C01 Sulfasalazine,5701.724022344755,5676.297193497354,6285.893677626988,4821.617612138256,5016.121106954825,4828.53145001564,5332.6964716718485,5498.590836204375,5576.2582750379515,5925.72097331237,5885.313479139464,5915.662631008697
A07E C02 Mesalazine,9891.303977174346,10251.006049961747,10432.283329086356,8757.151973280737,8977.388509530938,8829.90255942579,9224.482620236366,9624.842689779518,9301.307566308731,9938.182688426798,9701.974407015941,10651.00060278195
"A07E F01** Escherichia coli, Stamm Nissle 1917",1703.1973261359728,1720.1721966275086,1401.9714548434654,1184.2694232389601,1306.6603597780836,1293.0728708321117,1453.3762414980622,1517.4286998535515,1492.1036283606709,1637.6977329890956,1745.0111785145634,2109.0236967576666
A07F A01 Lactic acid producing organisms,77198.13778707296,66997.30500571983,61393.35476638671,34379.422294280936,23385.406209233155,20626.18003383179,28284.97065843749,39259.495117765706,56421.99362363398,92316.72817587761,82668.48068654383,74540.07956397625
A07F A02 Saccharomyces boulardii,72460.84017856664,70912.88149897466,67132.84430606519,54138.678302501714,51917.07925041504,59046.30055950979,66914.0013575497,74944.54694674573,77200.25076886665,80210.17397732749,73372.84189486026,73501.01437965059
A07F A10** Other,153687.5785121521,148908.70904837994,140643.52494394378,118144.04045970351,112574.1680900624,112336.76830962098,119921.39451318362,130402.30664096156,143095.4292682733,166425.86038736548,162579.55546742777,176893.0096654346
"A07F A50** Other microorganisms, combinations",62.185443491620504,48.24976588728731,0.0,0.0,0.0,0.0,0.0,0.0,0.0,0.0,0.0,0.052926188778901206
"A07F A51 Lactic acid producing organisms, combinations",34959.78024900746,28773.162330462783,24743.11580935308,12068.311532387961,4870.533749879189,2660.03207899027,3624.9338277698125,6583.507966409748,12508.671747315371,24677.49057574806,29008.34362267248,25928.59973395379
A07X A04 Racecadotril,1551.681515504714,1294.614406874696,1122.2944031048862,1031.2816832232415,1094.6271904521302,1232.712079369445,1482.5028736375007,1675.7019921861488,1682.448170159272,1573.5639956719742,1321.12633921634,1273.4838971860363
A08A B01 Orlistat,173.15074936248755,189.51882909140696,249.68917945414796,176.93494632394612,241.30264639939023,240.67589303935088,185.54717693092488,0.0,0.0,0.0,0.0,0.0
A08A X10** Others,1018.9748455210748,1124.6324173764747,1067.6979741377918,1162.5209750344811,1317.989131239468,1194.8830985962334,1265.2180269292737,1207.5014878031143,1028.9109411701518,913.6594830802306,885.3484958247425,898.632462843682
"A09A A02 Multienzymes (lipaze, proteaze etc.)",1257729.1487270033,980612.0542834062,940000.4243078938,832826.5215338749,789027.2961210501,691092.814197181,781509.7446644766,858979.3782447036,865300.3959152758,926710.9768581243,924461.1904187935,1163534.9568737198
A09A A10** Others,4736.649139256757,4260.91652384006,4336.392938814287,3352.5665781012526,3186.968396838412,2829.672359135724,3041.509636281161,3500.862365305094,3629.7226558318275,3812.1645955607983,3998.513054651563,4568.319129231757
A10A B01 Insulin (human),16849.516448381237,22993.754805920078,25324.12172069183,19316.946846832383,21853.08634197083,21627.78030707272,21446.09451583405,19107.59178718373,23262.451182684737,24111.66639090624,26646.18524641981,28722.18455638277
A10A B04 Insulin lispro,0.0,0.0,0.0,0.0,0.0,0.0,0.0,0.0,0.0,0.0,0.0,0.303251891868939
A10A B05 Insulin aspart,11435.510118964483,12821.366465742318,13756.949183242026,12105.52981975526,12239.614641213984,12715.709183924677,12400.5887075884,11701.077124923051,12905.563508624115,13384.022188669156,13537.274926720902,14319.445121973402
A10A B06 Insulin glulisine,8897.29161993148,10074.753645696841,10501.34703796792,9035.443923443581,9327.341203482905,9572.523599173157,9256.865687384148,8733.895929611741,9810.613895052607,9944.858039064095,10201.86752593208,10712.079687085261
A10A C01 Insulin (human),23707.430120858182,32352.432008805106,35631.2804527448,27179.128191753363,30747.50061608603,30430.492879127043,30174.85924044435,26884.56362889047,32730.49037002816,33925.34425608229,37491.43642502748,40412.38722635596
A10A D01 Insulin (human),14100.063231408363,19241.70332627681,21191.808004433344,16164.865787840343,18287.165698029145,18098.624421594683,17946.585569170533,15989.672654678065,19466.55463960907,20177.197474356242,22298.141196000637,24035.38520703871
A10A D04 Insulin lispro,0.0,0.0,0.0,0.0,0.0,0.0,0.0,0.0,0.0,0.0,0.0,3.117429448412693
A10A D05 Insulin aspart,1719.5383269268998,1927.927203252355,2068.6091950493987,1820.2880567876753,1840.4501647442817,1912.039696379964,1864.655563007455,1759.4711887198928,1940.5877702706166,2012.5327932411183,2035.5771484159209,2153.1907585587765
A10A D06 Insulin degludec and insulin aspart,1404.5442849406318,1403.9381692167176,1561.1895502487127,1343.766453198822,1328.38540197114,1349.9033942745555,1346.2858779325143,1314.8367283772886,1370.4002272695384,1415.7690421868892,1399.7122073280866,1369.0811051819378
A10A E04 Insulin glargine,22045.73315794903,24611.491783703703,25399.62458372395,21521.49592315665,22507.934494119312,23142.229250305947,23402.86095467176,22350.22821758092,24163.967127324748,24315.941754536318,24769.292955722078,25685.859016087183
A10A E05 Insulin detemir,1667.1413776364766,1964.0030977451456,2375.723558577843,1891.6494119897643,2042.367579465064,2034.8923981910661,1988.380537917631,1777.5749344446454,2191.291136412019,2218.7135827316815,2305.183424533174,2308.9795827201306
A10A E06 Іnsulin degludec,6708.893124288062,7239.148709028381,7258.7414430812805,6558.305668981136,6668.386012135593,6947.131566681924,6770.582072050535,6685.984080700315,7215.509117467202,7228.29583094534,7332.754137299169,7784.109356884905
A10A E54 Insulin glargine and lixisenatide,7032.760570748927,7378.587064764604,7639.241462073386,7264.466367510613,7632.9441556698675,7861.703882415048,7908.552150816856,7756.129933792459,8091.223355613169,8249.85843433673,8441.889787118002,8717.059300254097
A10A E56 Insulin degludec and liraglutide,2330.913943796506,2409.982308652454,2448.752703751295,2324.001527580884,2389.0497587046843,2448.453126757985,2398.498274894311,2414.4389141095116,2427.9139698496424,2451.097721288457,2526.4479336410213,2592.631983861648
A10B A02 Metformin,594396.8875882889,637000.2784042131,661833.7905059662,522352.86643638223,558459.3066297288,560902.9122334195,567218.2825653856,566351.8838799723,591947.1239806553,615988.4915102151,635167.3741828768,680888.0453700195
A10B B01 Glibenclamide,11208.845982994619,11299.684865617917,13081.945543871092,8679.54652797265,9643.219602630175,9381.816763315881,10022.093205728332,10623.96836578121,10889.017007592494,11521.10035707425,11182.28527884297,11308.311494284295
A10B B08 Gliquidone,1241.2959599444662,1279.3755696264418,1521.8291546768296,1135.2883200219464,1179.8383496028468,1143.206270572374,1172.2749046528024,1238.9749092219524,1265.452810182079,1278.6430282549873,1307.327900018121,1397.2956947334346
A10B B09 Gliclazide,160169.41248794916,173561.18258197667,182029.4986161873,145485.3898025444,157122.70791061872,150992.1975560668,152906.38443141384,155328.35789068005,162590.7534170816,169864.48859719155,174114.6555002681,189348.08498171784
A10B B12 Glimepiride,86798.63962759303,88617.18138213007,99989.84024116398,75382.04918379537,76073.23459330479,74261.35397631659,77054.79933813032,80557.44748298555,81057.88225427404,86046.88712670912,85939.81768006143,89393.3123781476
A10B D02 Metformin and sulfonylureas,29941.651736113985,29787.10669979997,34675.554516094686,24890.226214476395,25805.878618527688,25268.443187114648,26119.31268733015,28107.769732848486,28792.040014609076,30750.01968536348,30406.052867312937,32167.705658218423
A10B D07 Metformin and sitagliptin,6205.328001906157,6435.64973339767,8149.005979107689,5688.432636192519,5690.780422377189,5333.816711841737,5846.816603930186,6095.674978117753,6129.4513379846185,6116.707286394922,6117.636505639974,6262.455141552828
A10B D08 Metformin and vildagliptin,13559.238849481668,13971.43133985336,14047.168540152936,13385.363508394821,13349.74269099055,13764.42884506936,13942.461376334628,14145.738609349064,13992.698003762835,14411.436327296078,14435.072194124894,14713.598095590167
A10B D10 Metformin and saxagliptin,678.4235793680068,621.7592068848,760.7223297373567,397.752648858524,410.5371249945795,400.1329267425464,481.0077889800417,499.0866996091597,525.6440489515765,597.5125492646314,620.5863703541977,684.7340480649724
A10B D15 Metformin and dapagliflozin,13802.440040151787,14063.026776585182,14817.443031920722,13156.748630213298,13282.41070431506,13395.26833043554,13749.12513097381,13925.195847208981,14021.704883356202,14552.09882341988,14673.69892220418,15289.069571773078
A10B D20 Metformin and empagliflozin,30559.564514981408,31955.959483819337,33427.61174643543,30295.763338140783,32638.25599248093,32698.843556324126,33304.060284195235,33552.149017892836,33581.51925712563,34454.32712661684,34695.50324485354,36059.53849939848
"A10B D30** Glimepiride, pioglitazone and metformine",28.636152180445848,0.0,0.0,0.0,0.0,0.0,0.0,0.0,0.0,0.0,0.0,0.0
A10B F03 Voglibose,1940.680626416623,1930.4013218110676,2160.616055509229,1521.0328198503635,1372.0704087058784,1063.355857172896,1333.8975933291172,1490.1415596367,1392.7877100653723,1569.0464077909169,1634.8463433539582,1845.5416691869978
A10B G03 Pioglitazone,3843.27546401776,3944.717407074577,4070.803204420835,3565.115285198649,3551.6087927217045,3649.750241640955,3557.0944436771624,3685.1940482069326,3703.2219747315557,3926.104958852059,3911.5343890492677,4150.946576107841
A10B H01 Sitagliptin,457.7605077901347,471.3704726969793,543.5579552087289,414.6050518044026,438.8194396672155,412.9852605437398,459.54582783123305,460.07219224750173,493.3755943667907,532.1438266484957,509.7375230601337,540.996390775718
A10B H02 Vildagliptin,9605.334134288989,9871.621948685595,10295.0703469103,9285.793612197482,8987.712771134646,8457.999044991795,8682.833410784933,8909.630250126864,9024.118668307827,9545.238749560016,9610.295761269184,9895.88711734394
A10B H03 Saxagliptin,736.5305203793583,713.1723804666344,819.9442652021954,557.2081696563848,593.6732898854767,599.8749827344909,622.0063336794427,678.4222111011445,664.0877097042464,744.9069052524686,716.3878583567868,816.0018175059818
A10B J02 Liraglutide,2781.814203752392,2706.39756758354,2847.0501521188685,2166.2293132175378,1830.0349355668825,1330.2313269167666,1306.0403334670825,2095.5298321777436,1868.4329246166808,1949.3800920382391,1522.8773194458947,1288.235794842427
A10B K01 Dapagliflozinum,38252.57891655834,39081.931442051995,41540.60398940935,39373.61855753721,40518.636345397026,41468.348092002234,42578.37209941556,43460.613954596585,44359.86996515693,46245.11232332764,47141.15601172816,48979.179463847046
A10B K03 Empagliflozin,37484.83333606382,39321.12975812422,41389.47235088487,41345.85270581077,43803.21653479365,45043.43376413068,46547.38212380412,47826.016257297175,48830.71237591885,50792.78048041272,52273.31417148517,54420.9200698073
A10B X02 Repaglinide,735.5911053067036,742.5049081572936,848.8971683871964,623.3829945205487,673.815673376661,647.2146344109814,705.371421187868,733.5616685588079,751.80108440499,763.2114350313659,764.7065334818973,812.7442301917528
A10X X** Others,26625.1631026746,27745.485941896823,28704.793924701946,20750.949790499744,20652.62678976578,17126.618197128257,16872.38464853075,18119.460220078283,19821.731912369352,22651.97287569177,25243.55950275829,28149.128162775247
A11A A01 Multivitamins and iron,43.03690689530044,0.08767304813446584,0.0,0.15865713121646266,0.0,0.9041396701460954,0.0,0.12338122081821516,0.0,0.0,0.0,0.0
"A11A A03 Multivitamins and other minerals, incl. combinations",4847.229163305941,4965.669284541317,5997.351405280673,3034.52906671354,2262.4056144533683,1493.594465260219,1634.165718025291,1840.9070341181973,2721.432758611968,4009.853039484041,4913.494551846712,4313.161301220569
A11A A04 Multivitamins and trace elements,6585.748488110762,8931.713517631655,13412.5600377227,2831.1606038047066,0.522738725691298,7.418120803142443,3.3479270124314695,16.417123796437444,1331.293547450771,5138.101782211845,11086.488110894266,4813.458081840069
"A11A B Multivitamins, other combinations",17304.052134135,19601.05567552509,26758.69876406687,11119.110771258122,8616.232327278585,6806.6438909437875,6888.249073507769,8057.134658956391,9878.299409122086,15659.789378427879,21349.537666421642,16962.68688316946
"A11B A Multivitamins, plain",56736.91773995757,55320.89200348223,84773.06778243494,32173.59199322725,9213.189449478836,601.9287489286146,491.75133566675845,1981.4222452441688,25440.54510448703,63070.83144131547,99436.74880000552,64658.02187278696
A11C A01 Retinol (vit. A),35953.75735609207,37122.606929867994,36199.223112200765,29204.213381379013,26510.552120033637,20826.210434269382,21851.359608969997,23910.694672042515,27053.61364581257,28660.692948140648,30422.342113315135,31432.083568766757
A11C C01 Ergocalciferol,702.1798651990323,625.090684156893,470.354231571028,0.0,0.0,0.0,0.0,0.0,0.0,535.8428685541211,1065.0243170715844,759.3431681334002
A11C C03 Alfacalcidol,57.06666564404873,0.0,0.0,0.0,0.0,0.0,90.52170466781774,0.0,0.0,0.0,0.0,0.0
A11C C05 Colecalciferol,55546.426041425315,45813.486176688566,39034.45485316812,21986.16236262074,14981.191738451793,6999.044207385602,5772.174350801607,9056.099433803376,27916.532068473756,50294.09114447902,59537.52097355221,56767.90100507971
A11D A01 Thiamine (vit. B1),14982.668574834992,14105.049463984935,14367.33463559941,10887.334833185523,11538.12505154894,10149.935686534194,11535.340654816928,12075.284289737641,12553.515657968741,14510.645612848139,14413.074437046189,13660.08235669915
A11D A02 Sulbutiamine,1247.4244573821306,1312.7943788955736,1158.189694044644,1111.0637241022164,1115.7003260865908,1127.4877856124062,1122.898331171375,1106.828945556866,1135.6232150035753,1167.6280084992588,1302.5748212341218,1207.2696493603285
A11D A03 Benfotiamine,12.334406509208998,5.514782910109577,4.880070193653026,0.0,0.0,0.0,0.0,0.0,0.0,0.0,0.0,0.0
A11D A04** Cocarboxylasum,7999.840187547449,8334.44716477915,8310.56186354145,5852.2599395282305,5395.42431729459,4495.466136484616,4166.229908813575,4660.291643653681,5352.237348502703,7089.709829358859,7968.284131020723,7507.42028932715
A11D B Vitamin B1 in combinations with vitamin B6 and/or vitamin B12,207736.3785880069,210911.84716314945,206061.14302907352,168962.5190909491,180840.2538293543,167982.5082413621,172442.35719225212,178773.650790018,190106.3960558873,209453.43535377303,215323.712277272,204776.95631568474
"A11E A Vitamin B-complex, plain",2277.274418331894,1570.8791271173343,0.6066506208704325,0.0,0.3281132123403158,0.0,0.0,0.0,0.0,0.8193232311300417,0.0,0.0
A11E B Vitamin B-complex with vitamin C,0.0,0.0,0.0,0.0,0.0,0.0,0.0,0.0,0.0,0.0,0.0,0.0
A11E C Vitamin B-complex with minerals,166724.94977698132,170262.80961116106,169267.38111494418,135738.4756575804,137173.72583063203,134847.78113189634,146291.72373573077,157319.09218162135,157213.6403705986,168843.77261645297,164753.70088377944,162416.76120263882
A11G A01 Ascorbic acid (vit. C),1161839.2669584474,1193858.331050729,1474285.7229355013,864726.0734542673,654187.2539044489,493629.2207919535,459156.1101373001,599390.0146489209,1035802.9051227364,1500760.49926974,1397031.2899982904,1200674.1755920781
A11G B10** Ascorbic acid in combination with different substances,14520.233007083565,15104.83186757323,16937.84931736438,6805.089423980193,6377.815479842268,6254.133050071125,6176.360433341747,6284.303439002048,10429.662664391748,19789.875856047445,17933.72705464476,11911.946028204622
A11H A02 Pyridoxine (vit. B6),22628.850097714538,22393.807058943195,22332.61210994891,17507.220032776255,16969.37385306092,14805.212791311438,15757.888623934634,16334.986372055975,18392.896052575834,22461.636879014506,21896.275822188218,21125.774858749977
A11H A03 Tocopherol (vit. E),64204.967479976396,66840.59476739191,61844.3006857378,47744.2003088279,45605.165695713484,34021.16289363536,37012.35834038634,41492.71238620056,46564.63931126538,54820.46413973068,57894.00489091639,56937.70678027839
A11H A04 Riboflafin (vit. B2),0.24425489447356732,0.0,0.0,0.0,0.0,0.0,0.0,0.0,0.0,0.0,0.0,0.0
A11H A05 Biotin,30261.11493173313,30737.882495494858,30918.59991888546,27366.15362997915,26526.997571235326,24261.30929662148,25479.114449311623,27275.956343844955,31700.666031852837,40959.87515464036,40211.297025251595,34258.6266941218
A11H A30 Dexpanthenol,0.0,0.0,0.0,0.0,0.0,0.0,0.0,0.0,0.0,0.0,0.0,0.0
A11J A Combinations of vitamins,67184.87239961168,66127.17042869372,66739.88850875289,50465.25982959379,39423.852143060096,24008.252050626674,26557.959633473474,30859.14775654448,44248.74871179483,57547.65233278868,59463.754486377315,60792.57906604175
A11J B Vitamins with minerals,112.83374351778095,110.52474452268584,104.69708587768196,77.73798118573593,80.45695663989422,71.79188121855353,74.11109700572632,76.90332707237498,85.0857924565985,100.89564407927398,106.37766909318061,103.22834423176862
"A11J C Vitamins, other combinations",52222.79888492585,58749.18709637159,48999.49798533923,30937.145816324413,28284.918800923613,25000.700780000927,25835.518226987726,29443.487502671196,39719.04822924528,50132.414301628356,60223.90937098292,53636.565883327836
A12A A03 Calcium gluconate,95488.98232071516,84978.43964894488,87095.15816721076,69451.14243750562,75036.35250942361,72029.32962264016,75360.01316889556,79398.82026158196,78083.40059141324,85329.66551096039,81826.35970228024,90330.44451101829
"A12A X Calcium, combinations with vitamin D and/or other drugs",73480.60004930694,72490.55566128058,69227.80288527369,52767.16351720938,53841.26403851551,49015.14658631033,50132.9516233872,51678.52907057706,56248.96587714391,65307.98797951468,66623.48035073942,67543.19596294213
A12B A01 Potassium chloride,2094.891520146781,1948.497270599617,1451.330324719663,1168.3028886535003,1333.7722983210804,1443.347201921799,1726.9070546398168,1890.0233319622653,1913.9013564122708,1957.1362823025963,1938.9487934502808,2184.411172398389
A12C B01 Zinc sulfate,2312.649135308871,1491.6942619030528,2435.0895066627,1872.7504459547183,898.0515408726342,572.4119602912681,706.1078393104772,1418.4276860101445,2811.47790685418,3450.42562701371,1220.950146625635,2051.0845057994766
A12C C02 Magnesium sulfate,0.0,0.0,0.0,0.0,0.0,0.0,0.0,0.0,0.0,0.0,0.0,0.0
A12C C09 Magnesium orotate,0.0,245.8164252915714,283.72273342839935,0.0,0.0,0.0,0.0,0.0,0.0,0.0,0.0,0.0
A12C C10 Magnesium oxide,263.9716315505367,257.2774339359958,240.03897078163834,259.55897028905235,269.5625376291806,232.23520741654252,270.0217879133305,240.84054109664206,291.7101300030657,325.5215809715122,327.08095741471874,311.8397788422807
A12C C30 Magnesium (different salts in combination),17802.07458310858,17702.030520572822,18679.719505257963,16122.795727317227,17635.46609804867,18549.664550206628,18619.746380921606,18399.53914968763,18155.296643634567,19002.33532547757,19529.8448620352,19860.08736208345
"A12C C55** Magnesium aspartate, combinations",223401.46602108073,217637.54297094778,230799.05968522455,184957.53712427808,205216.69804168527,217990.23534146158,214817.31685160412,209354.51298317613,200552.8012714985,208055.29985441375,213857.51881389847,217643.2160979796
"A12C C56** Magnesium gluconate, combinations",6080.167638491969,6397.393998672345,6410.011384306048,4829.720698868336,4996.427841316211,4529.590888889914,4531.440636681506,4561.210347656611,4171.590450459521,4180.89858775334,5049.167772714399,5742.163608583981
A12C D01 Sodium fluoride,0.0,14.5789234596215,0.0,0.0,0.0,0.0,0.0,0.0,0.0,0.0,0.0,0.0
A12C E02 Sodium selenite,5199.397669690806,5396.616101442876,5516.006059070149,3770.1092373975844,3269.838192285155,3331.537368420826,3996.263121554982,4422.480136287926,4727.1841602998975,5608.511391735096,5959.9511891088705,5867.2990392335105
A12C X Other mineral products,36657.58727548027,35791.207823773446,37747.12153174201,30226.978223040227,33202.110914739744,35175.79180019244,34650.410528704924,33889.56227771438,32885.61088441538,34284.48804708921,35293.91464984015,35665.08245080142
A13A TONICS,72199.50365550764,74865.2108499986,88102.45766629002,63860.62697714547,62492.77083691617,62840.62976336893,66360.59624701491,69663.36936507063,67768.2955034628,71373.28555614564,72926.23556996389,74375.90082965803
A14A B01 Nandrolone,0.0,0.0,0.0,0.0,0.0,0.0,0.0,0.0,0.0,0.0,0.0,0.0
A14B OTHER ANABOLIC AGENTS,42066.769899786006,41655.451908885734,42047.81631744365,34679.06584556811,37092.976669345815,37002.62012964612,37537.11129916448,37972.563836057314,37286.61546684971,38137.505172761754,40542.83773876952,42796.84379285388
A15 APPETITE STIMULANTS,41155.836734991164,41114.02732446616,41332.843499040806,32220.650490626354,27049.116829527422,26109.195731542473,27607.87911744558,32216.13765999908,34515.80119530311,34541.065784687715,36350.63623264609,37474.373756670924
A16A A01 Levocarnitine,18260.01469006158,19495.253314639795,18044.59973755883,15283.918399150516,15532.005251680332,14876.57225696064,14922.270584441347,15076.974769682372,16656.64244113165,18420.396501547537,19251.988873136703,18558.899093664502
A16A A02 Ademetionine,50399.04592312701,51083.086058733235,47865.89972014958,42124.465002214034,42783.24358079696,42213.20159659468,42758.40356216421,43395.06708755123,44417.094660792194,49173.55507231634,51988.22335446704,52019.64833311895
A16A A03 Glutamine,1825.2004200918354,2641.0506403368972,2785.9967236738185,1914.36589748423,2192.49354367343,2391.582767765662,2769.4172541803214,2702.46595045292,2620.6204146118735,2513.0398930799074,2136.113382995207,1585.1780820683184
A16A A10** Citrulline,1929.3653897361946,1986.2861243548045,1699.106200907709,1361.5037510080485,1313.5348799463363,1337.190471954983,1505.0280344199157,1634.3663732498787,1691.0729331718649,2074.98566996747,2070.1433482619695,2001.5881797555867
A16A A20** Combinations,2771.2898144967216,2492.0596300960237,2224.8348857746996,1547.8352025057684,1387.342883715441,1411.8561223758716,1764.1006069969085,1982.0044883864302,1895.1150871907403,2281.1793972103346,2604.8900461735675,2754.6451836825804
A16A X01 Tioctic acid,43613.72624437386,46118.31793414085,44230.03937692414,34479.156622120485,38678.63290924728,38485.30162991843,39111.99389742506,39714.50780240007,41417.95581734979,44390.22792027929,46102.69889359261,44764.33096321298
A16A X25** Various preparations,306226.51128233824,315213.08876976836,304505.04698453256,193188.93296519425,176131.65332312282,128012.72364217015,134939.5077358405,157036.3270452987,203691.36850060182,257360.66937895142,278278.15872900485,281630.93216030987
B01A A02 Phenindione,1320.7529479588043,1413.0868460233792,1564.6948734497548,1053.5174043655695,994.2451380729372,1017.6702340135464,1197.3144197407491,1445.8662772972264,1156.1038723171228,1368.7148573077561,1443.9901542749767,1401.76130082347
B01A A03 Warfarin,25998.855785582695,27983.774289687783,33563.192137762075,22644.369461011727,22740.24356440167,22429.767091903843,23145.682158695792,24384.42005691958,25128.536620288825,26133.47171577444,26223.641636953158,26929.081418686346
B01A A07 Acenocoumarol,585.9741344657291,663.6976515897579,829.3784476174058,643.7242667679483,678.1569044168073,672.4069968643187,0.0,0.0,0.0,0.0,0.0,26.51631708641918
B01A B01 Heparin,1664.5548568463528,1576.6433742789163,1688.70936965759,1418.0244040420564,1867.1026620348885,2578.1642551327477,2551.3763312994697,2345.218699716703,1710.9028706517847,1621.2275349684107,1620.3063083550683,1711.5252834861276
B01A B02 Antithrombin III,0.7707295256218183,0.9053201483630189,0.7753854223270268,1.3270304172692806,0.7143391889941313,0.8293789821450592,0.9022035924368492,0.6868560564413286,1.2233708034159596,0.8257753767667122,0.7040918112183615,0.9743377345507286
B01A B04 Dalteparin,0.0,0.0,0.0,0.0,0.0,0.0,0.0,0.0,0.0,0.0,3.9787068843395357,8.873025688404582
B01A B05 Enoxaparin,9480.302077204205,12805.198284270346,13563.627696658461,11108.359273304159,2462.116981355914,0.0,0.0,0.0,4009.0729403457394,38323.69854866522,33570.21508205599,15581.2731555038
B01A B06 Nadroparin,0.0,0.0,0.0,0.0,0.0,0.0,0.0,0.0,0.0,0.0,3858.631296860179,0.0
B01A B11 Sulodexide,3327.3147722713384,3578.491029249503,3400.1128661185035,2938.5535669001724,3242.198158811976,3338.115863627888,3153.7000587670846,3192.977846164912,3144.0813073696418,3313.178507619893,3275.054299106563,3281.794963582368
B01A B12 Bemiparin,0.0,0.0,0.0,0.0,0.0,0.0,0.0,0.0,0.0,0.0,0.0,0.0
B01A C04 Clopidogrel,223676.40123065605,267641.79725373426,238620.96085212426,173050.97254706034,199826.51233371536,184395.76940750337,184167.63480406758,178102.28490726935,201901.98978177665,232047.27428902435,245907.1439473752,257188.66949927437
B01A C05 Ticlopidine,73.70233370851922,80.89959674117188,73.7533079175024,83.75657760877522,101.53829411200185,92.29676806479156,94.72104797723169,99.96997265739222,102.22501315172902,102.69694629740684,103.9143935641575,108.29425212776644
B01A C06 Acetylsalicylic acid,657043.3633720904,666675.4890956761,799688.7030052713,541709.3116001241,539965.4091733287,649160.2208883879,1006991.6419087882,1580255.1391479736,1021510.757469547,780770.7879356317,753995.8837373413,685767.5198865953
B01A C07 Dipyridamole,3532.7520445362006,3245.010677903775,3341.790179096309,2434.461974548806,2326.294805409276,2201.5792645961237,2263.799426444074,2478.4541504209064,2656.4649241008424,4176.111337543265,4409.423462795674,4008.280557496072
B01A C11 Iloprost,56.61884634187832,80.02168427640972,54.92736951706069,47.5077326026073,62.74583796407043,50.630137146266776,39.74659138504969,38.820769669101864,47.12792718936944,65.60906809860936,75.94299571902712,64.19635270838717
B01A C16 Eptifibatide,26.940941109991122,28.011674107302802,22.855048835243842,23.532536947688364,15.655715767735675,14.812247153865219,23.699860592860542,19.600339674148493,20.293511269270546,24.01323687545988,25.079405690503044,29.97992907262926
B01A C18 Triflusal,1017.5810015278395,1062.5095105379664,1100.2417687602388,870.1818263522273,804.0537234399884,881.5466921243681,897.9269180860424,884.2177498695523,790.7942663105309,899.1861304774847,885.2366728252181,1060.2781577175751
B01A C22 Prasugrel,880.2154130422587,878.2654202269425,815.3295700147005,735.864633884918,755.3684290211031,757.3028091700625,807.248857329241,830.3598398965948,785.5655699904892,635.7178981056156,748.3251046377279,748.3070139034289
B01A C23 Cilostazol,9977.871583450342,9893.416253564332,10328.949932528545,8671.779218572936,9235.043390281468,9374.419470521316,9384.655477586211,9439.429026111151,9431.88380780412,9703.643576031518,9726.114133486455,9930.394522323428
B01A C24 Ticagrelor,11022.487228127851,10936.236335990388,11658.965366264852,10250.14673446887,10444.332373016523,10372.995427839083,10588.348815681573,10632.411669940004,10612.19049733119,11168.225703228578,11256.45001193093,11828.707202877249
"B01A C54** Clopidogrel, combinations",382.1387990931063,359.6560292642608,391.2497623314427,222.25109771544675,239.29371495290826,199.090157673136,194.14366077957652,224.5068121949875,240.42048225757452,306.2585672379026,378.32218415242346,405.2830266142987
B01A D01 Streptokinase,0.0,0.0,0.0,0.0,0.0,0.0,0.0,0.0,0.0,0.0,0.0,0.0
B01A D02 Alteplase,2.7193732115020834,0.0,0.0,0.0,6.958052788574397,0.0,0.0,0.0,0.0,7.070273960786507,0.0,6.105938544228813
B01A D04 Urokinase,0.02916476351923192,0.0,0.0,0.0,0.0,0.0,0.0,0.0,0.0,0.0,0.0,0.0
B01A D20** Combinations,9368.278076401202,10072.205515241727,8660.910811638605,7386.4649973640535,7461.849197798772,7631.54076972698,8277.221842688636,8126.344294929291,8978.538843957334,9915.62779584964,9861.079493254865,9616.533992040177
B01A E07 Dabigatran etexilate,9468.61283747652,9836.377915412559,10882.43304678056,8224.078220894135,8561.182229204165,8151.738104871364,8588.163474424293,8805.310039085809,8726.482759834194,9673.435605452072,9638.258950965548,10256.165896395498
B01A F01 Rivaroxaban,85450.01301496474,85506.86070190454,87780.9265843266,79841.14702313449,74102.51150705107,67977.18042705453,66616.49369592758,67086.54564389626,69292.34013514142,88942.4382610078,97747.00129457116,92855.22785429207
B01A F02 Apixaban,8275.40106804486,8300.674110010474,8440.61808506671,8023.513606595445,8208.37076530218,8131.239633751311,8247.292269994363,8209.10392047255,8407.187982338844,9182.688373315625,9186.198227580797,9470.487252476676
B01A F03 Edoxaban,31684.289989697885,32864.96324301782,34043.306753357785,34159.10480786677,35455.354579336345,36069.24218191844,36633.60642405747,37513.27227377558,38052.81405069379,39172.28035845212,39884.73077050856,40820.2362816482
B01A X05 Fondaparinux,0.0,0.0,0.0,0.0,0.0,0.0,0.0,0.0,0.0,0.0,0.0,108.86575413190417
B02A A01 Aminocaproic acid,13766.99971405161,16250.276979149812,17505.896537380082,5142.883930116002,4050.746790456451,2385.4428248805193,3574.443798571483,5561.4203236759595,14784.747289911249,16744.144609051196,14965.866610514855,15783.165957837497
B02A A02 Tranexamic acid,23114.78220877664,24834.21624744092,23688.564419355935,18650.379097871562,18967.85178166767,20043.36126968816,21838.163001088164,22194.44572719176,21829.40204905826,22374.045647535055,22258.4542673001,23816.221704095748
B02A B01 Apropinin,3371.2229104153225,2881.0939678090067,2408.1007892727175,1919.0686219924496,2006.9528637169985,2003.9278326454014,2141.7157833368865,2449.5593194388402,2440.8205238691644,2745.346262962187,3003.5972297853714,3168.856378792681
B02A B10** Gabexate,132.4688904166589,135.55950226185897,142.38324358704133,147.3789579182069,142.79304660505647,155.46349092980583,149.42987311056004,159.6813962545188,176.18490331352191,177.12089509181718,167.10354735343995,188.85072707422387
B02B A01 Phytomenadione,1193.7325571491556,1122.0480178018126,1064.8679840455275,977.9319547620887,1040.010729056927,931.9349462143869,1047.7331176619443,1177.1992525415792,1207.134158166877,1275.7184803887044,1263.5015358877556,1248.6999780085857
B02B A02 Menadione,3701.403592282595,3830.0992755515954,4035.073928029534,3076.618955874627,3309.24668401344,3186.071772387229,3505.5539489489997,3506.803796061157,3420.079379613622,3826.395552318335,3514.9077963448426,3737.9004974287895
B02B B01 Human fibrinogen,0.019587198744222045,0.005224177367300766,0.018890915030976306,0.0045814599271292965,0.014291050609264248,0.004015877920184769,0.0037528945341337447,0.003499662590505484,0.0032542318008154346,0.003015041934275954,0.0027808448062569286,0.002550641869054268
"B02B C30 Fibrinogen, human",0.572136123989071,0.2657136237438452,1.2325025652655348,0.0,1.0638705138606948,0.2199488800079993,1.1625323228109778,2.0518820804197064,2.7807518407317593,2.0884037586227917,6.692586044582205,0.0
B02B C50** Other preparations,0.0,0.0,0.0,0.0,0.0,0.0,0.0,0.0,0.0,0.0,0.0,0.0
"B02B D01 Coagulation factor IX, II, VII and X in combination",9.774302120571452,4.65278778903927,1.0849121948888243,0.07314759064376641,0.9362717783230186,1.2873069995417188,1.5434710475919777,0.896138157107484,0.38280771579518724,10.655079233820649,3.772632319316317,11.77321065878815
B02B D02 Coagulation factor VIII,0.07455059136289958,0.039027742356081745,0.09433803686763552,0.10073007034665712,0.0,0.0,0.1702727403625264,0.20428305545532036,0.2187115298634102,0.37798911227033516,0.0032697166731878724,0.4664911885458567
B02B D03 Factor VIII inhibitor bypassing activity,0.010230630615622184,0.008644581368773807,0.020895721521170082,0.02231154652629539,0.0,0.0,0.0,0.0,0.0,0.0,0.0,0.04970505419914876
B02B D04 Coagulation factor IX,0.07557790362822342,0.0,0.07144518361081219,0.0,0.09281609164657094,0.14937408225094329,0.18786932163635844,0.12631436004660768,0.0,0.0,0.0,0.0
B02B D06 Von Willebrand factor and coagulation factor VIII in combination,0.0,0.0,0.0,0.0,0.5085483042939647,0.0,0.0,0.0,0.0,0.0,0.0,0.021940321410132815
B02B D08 Coagulation factor VIIa,0.0,0.0,0.0,0.0,0.0,0.0018945787565664565,0.0,0.0,0.0,0.0,0.0,0.0
B02B X01 Etamsylate,11286.605652617227,12854.13782959073,12607.588838632722,8859.982113329494,8892.823200550096,8945.778137789765,10029.32375504468,10081.922316311797,9818.34123278868,10837.682833433364,10354.3053814123,11172.236687258632
B02B X05 Eltrombopag,308.86341418117854,348.7487746346677,390.83573979657007,336.71958872520275,337.29254466721966,481.5507862199442,454.1408562612346,516.9035890933777,477.5456521582032,677.6747794091744,353.23275800906237,363.1442176880834
B02B X10** Hemostatic plant preparations,36288.10122213752,35368.306487793416,34488.85974105165,25311.712184391778,23919.138779797424,21639.084696855472,23202.781271235457,24672.15677147297,24684.962612396517,27004.232325868903,29450.234737380342,32795.44450732302
B02B X19** Recombinant thrombopoietin,3.9063104711275227,4.15385557300169,4.287169342747759,4.154698046791349,4.177998698272956,4.207916907704977,4.27872916349733,4.280256656377946,7.873956338929174,4.182993773216893,8.420301408893803,5.818625205682065
B03A A02 Ferrous fumarate,6869.430806430142,6894.534856066082,6459.71611783652,5976.184349314554,6150.192556558664,6201.901544415637,6391.849156762897,6558.683668702391,6366.189300315669,6579.980227667977,6778.375791611505,6611.269864828013
B03A A07 Ferrous sulfate,14389.904167926035,15060.42305979942,15494.949387302022,14024.330863307987,14107.939258116654,14904.554787967478,15829.650425852024,16546.388150163555,16318.823943616664,17723.195392383044,18208.78896540004,17284.761437817524
B03A B02 Sacharated iron oxide,1466.4264119002385,1540.1626597511984,1450.1058606859535,1282.5082715522788,1374.1830627975914,1482.2418491959227,1732.547229596348,1677.182179809781,1459.4651470347715,1497.7661487622454,1514.13476032152,1401.7432048678836
B03A B05 Ferric oxide polymaltose complexes,26802.98498619068,26198.684197579492,24358.965897666658,21348.34870336737,22470.692163829615,23359.850694530705,23585.532414457222,24969.02834733906,25017.083581015224,25285.296607668504,26355.00805295614,27165.43598574352
"B03A C Iron, parenteral preparations",12031.183543365067,12211.128611487076,11344.00944555269,10011.720130253785,10737.847512758854,11076.216816227638,12158.009125553379,12120.252283378359,10974.70022841151,11332.643629976314,11686.447230283971,11609.85029187198
B03A D03 Ferrous sulfate and folic acid,7069.6518959592695,6865.3617826913805,7115.534851343536,5729.664465531718,6453.654916148729,7266.074835908801,8144.97993098332,8744.0547663094,9122.686193836726,8132.673695125048,8302.33045542217,8367.949422926333
B03A D04 Ferric oxide polymaltose complexes and folic acid,5960.733537715238,5808.892652577277,5285.875959915642,6290.885021235071,6017.69908573935,5960.593952791508,5854.733461881971,5932.187484603077,5676.5463182286985,5783.20740057793,5748.602281906051,5721.699802417284
"B03A E01 Iron, vitamin B12 and folic acid",2740.098473914605,2846.403995647059,2731.035167075812,2476.416858261604,2497.003365253027,2525.025724888955,2723.9563666404874,2863.045234084503,2692.5874820825047,2677.6948345236965,2781.994670519439,2837.560893358823
B03A E10 Various combinations,46260.67905866631,47446.79901748818,48304.99882411696,42072.78340277593,42213.73281635606,42690.02689787312,45455.098713739724,46615.70469055962,44262.14438274686,45125.654615732856,45381.22229063936,46145.28220639873
B03B A01 Cyanocobalamin,42609.659394898525,42761.77384399461,45068.708276958605,37954.86349701693,36824.77574675074,33912.68762022492,35125.39079269138,35916.26420435171,37535.386607367094,43120.531403466535,41539.426514033235,41758.59467617372
B03B A05 Mecobalamin,7982.629825486718,8239.617497397123,7875.411118948787,6733.269500213455,7080.183289248529,7108.322604499932,7340.617140724391,7414.7998537273,7589.915508152968,7926.571515716838,8370.628605791277,8785.814961874166
B03B B01 Folic acid,50526.206750717436,49954.152989208895,49838.322481530275,40597.334976915576,41899.71107475202,40773.81005454937,43186.94093991546,45704.19454973653,44546.682339121595,48022.27347215784,49071.96088011504,47429.754108008994
B03X A01 Erythropoietin,1081.3832585639384,1164.6073389676747,1232.899660695498,1100.3173754825916,1146.3990047171012,1205.6001655095433,1233.4805515483317,1144.5319177841975,1186.4008681777243,1237.5382858973805,1265.3072774779405,1290.683528147223
B03X A02 Darbepoetin alfa,55.3150650597976,56.39846754908735,59.825471563303246,56.29855679746008,49.666107007569636,68.5168291984414,72.22168897392291,68.00345881709224,63.20995671441181,65.59503705505156,65.28338335034746,83.52314240936832
B03X A03 Methoxy polyethylene glycol-epoetin beta,110.45005277141794,126.30850715547436,137.0526066449368,131.977622218724,153.52977065997112,172.139225395186,172.17732516557524,168.8319409641039,175.4929695851441,186.54392846419353,154.8396315496504,183.79993000023313
B05A A Plasma substitutes and plasma protein fractions,4.297289052858563,4.269898461301423,4.351977482615634,4.315798687997095,4.257746686666749,4.218295945158478,6.181109539751388,4.266910457606665,4.262297889343114,4.324778472073594,4.344512661296188,8.162601533790053
B05A A01 Albumin,5690.886927208994,5385.519404961001,5031.641390385721,4781.859781948617,4852.57969842205,4941.158834823915,5082.1745471685235,4910.724320267329,5283.872541969489,6020.3027225543365,6276.40647024533,6510.724671621244
B05A A02 Other plasma protein fractions,0.0,0.0,0.0,0.0,0.0,0.0,0.0,0.0,0.0,0.0,0.0,0.0
B05A A05 Dextran,704.969682298666,0.0,0.0,0.0,0.0,0.0,0.0,0.0,997.4680626494676,2901.8404187368005,2627.7104354210605,1924.9505805828612
B05A A06 Gelatin agents,888.7937303765245,901.4909106765364,979.3684663641702,898.3907223619015,978.633938607711,1040.3027230519829,1123.5739620550248,1158.4015647050826,1189.9486582727532,1153.195344574514,1071.597705063547,1192.7734049023977
B05A A07 Hetastarch,1458.6663629128273,1417.8401222366747,1140.6011610369803,586.3593121137224,759.4617312964933,928.8346076405958,1414.539357112077,1459.0072445634012,1506.510764535896,1593.2587541810556,1503.368105963185,1605.2560725012463
B05A A11** Povidone preparations,1699.466510356966,1525.5213257073244,1602.401387490251,1369.905646419231,1717.4656630650554,1598.3986858843539,1685.4357136424328,1603.8467453515361,1472.437380221457,1893.4108976200346,1807.6919210415356,1656.219749281376
B05B A01 Amino acids,774.2214301530807,785.5354707254648,771.9693590161452,834.5385105728228,927.898373824223,719.9847229950636,949.1724683506809,960.8109311256892,979.1405607511649,896.155222684896,817.7330593213846,984.1997417220356
B05B A02 Fat emulsions,134.9195571010987,122.23632879144812,172.19081021347628,140.90372590429843,140.04063274821073,139.312515674682,133.28379464332372,122.82148392089887,136.89543634419462,198.6079661437742,136.286786869249,151.458611823843
B05B A03 Carbohydrates,83579.4823874426,79504.58018118213,75627.1724866009,46012.10386613622,50575.883006863376,48733.03078801376,58498.07771954677,62861.18140356218,61869.122061433685,72290.51095611649,69705.00845052848,77989.48449359079
B05B A10 Combinations,353.88970329367663,359.0678740514478,342.4265976187456,355.2158124841313,393.9618266800875,359.21326213453426,363.59796812360554,445.6434508733257,409.60693040597596,482.69098262379896,406.8868230808818,404.45686754609136
B05B B01 Electrolytes,67812.98883290592,64350.05136234762,57537.34428530874,37556.05742753972,44077.792491808665,48573.95969110606,61240.30137232376,63667.11952389081,63292.74998653969,70419.98574233294,66708.18811994832,66199.17231504522
B05B B02 Electrolytes with carbohydrates,14300.669391342952,14536.11782592889,10573.060770272608,5159.203368604363,5660.694253999267,7109.081804723778,9831.252321607095,9841.050143617842,11383.172915320882,13194.682177088594,15716.24821470336,15523.956717601264
B05B B04 Electrolytes in combination with other drugs,154838.54980340032,138138.82834435787,130871.4945248228,98738.99939593558,94516.34568998321,95435.39296981643,107455.33606593467,125714.60202672555,122087.22397831007,187744.37975589986,173076.76328942264,155372.4661182667
B05B C01 Mannitol,12420.247373693092,12996.498340924798,12426.743646191118,10335.506421885151,11898.395973921342,11847.435347031262,12250.913377000163,12714.452732456251,12445.541148302094,12785.694812459733,13185.340675266809,13253.594296993435
B05D A Isotonic solutions,0.0,0.0,0.0,0.0,0.0,0.0,0.0,0.0,0.0,0.0,0.21452683371702397,0.0
B05X A01 Potassium chloride,11123.746616349561,10346.402051061901,7706.475792920625,6203.617313616419,7082.249819499175,7664.085896185343,9169.771475543468,10035.90899172855,10162.699849931198,10392.274678009617,10295.700217883554,11599.090527599363
B05X A02 Sodium bicarbonate,15832.32690922899,13617.962732246348,13509.913008609656,5667.384447649747,3824.356816831248,2666.879130125873,2829.574598711006,4020.926991528538,9628.096923732,15391.856087444205,15821.108636363388,16376.041893448171
B05X A03 Sodium chloride,1193777.9204062633,1297705.3804512217,1187813.4086984918,705811.4296609374,751717.5443348596,681222.0132537095,707853.6508870535,771786.779801123,1013234.9493130634,1258305.2109465315,1285716.9678765228,1262132.921224965
B05X A05 Magnesium sulfate,50451.89664177864,51550.20694615084,50034.44046769123,39789.29741499878,41887.31612295743,36546.34772437981,36510.027875056585,34499.7347411728,34884.95144351339,39202.62602828105,41233.82492621196,46104.660589367595
B05X A07 Calcium chloride,5964.109316500997,5825.6239545857015,5918.960593644744,4207.783633483254,5106.317393945336,5212.5401309062745,6985.845649066304,7029.806192185604,5716.234755272317,5286.193334332961,5171.129926172753,5340.845328235862
B05X A31 Electrolytes in combination with other drugs,24051.208327196844,22032.871111275228,19117.06781660331,14610.003420671228,12740.894473314342,12330.927877270095,13742.760804488085,15307.626208462207,15499.916694785905,20293.253413618855,20874.036423330374,19465.74897516985
B05X B Amino acids,8376.720680783128,8960.188055558589,8053.095112922715,6315.761516357777,3010.4977966495944,0.0,0.0,0.0,676.7000019852403,12473.899972870375,15380.798307122244,10958.785332067493
B05X B01 Arginine hydrochloride,309819.92836540635,320769.08365901007,291053.31293124735,227030.68252399657,246239.5061403326,232189.15839555103,233152.13595250272,235191.85836669162,259844.10988245072,312289.6368108037,333819.0391357601,326638.7155292727
B05X C Vitamins,6.766271257093049,6.548144005741813,6.574179742865881,6.492345870770191,9.254216311298698,6.951050201926559,9.255854852633906,6.097436111404838,7.992438656626643,6.459378231009143,6.056667428720201,7.240636325094103
B05Z B Hemofiltrates,56.288097422365674,58.156421166737275,59.90744545075887,61.55453524744796,63.69678728117116,73.22704344007678,66.42579388731009,67.8452819148201,68.65580258894404,74.7533181358833,78.44756674732594,86.00478429413526
B06A A03 Hyaluronidase,2699.5981523227565,2773.2233530447606,1856.6355056966117,1736.6171825277338,1845.014878702273,1941.6853903515462,2300.8265543806065,2630.4382403134964,2545.7131437694493,2743.318173099287,3094.8131634442684,2740.9692779939915
"B06A A55 Streptokinase, combinations",9709.671774566852,10439.251354561406,8976.527016383458,7655.638540384026,7733.769850880998,7909.645230849025,8578.855862555229,8422.480117199735,9305.729876830692,10276.967715016472,10220.431592824581,9966.974497360812
C01A A05 Digoxin,34031.335079146185,36434.21237862052,39315.63753647486,29518.78565979019,32430.423300293456,29741.728782125265,29076.90861321919,29555.60797611214,29703.145294214133,33921.80086976476,34206.79758989155,35209.02369736571
C01A A06 Lanatoside C,389.6942836640395,389.05115934378057,500.20256930685645,348.5836066966004,398.07434602767864,348.0448469118244,390.9243570384241,359.5666745589869,414.53363799472044,417.31671816259035,420.0486917161694,470.92937997831586
C01A C01 G-strophanthin,436.5137958543726,438.5352523604301,467.40580211509405,228.8242904559343,379.2584204536419,213.92871002537362,169.78045119242825,222.4216713750394,277.0850966224297,372.46211668135936,443.0607518112523,439.8716212585599
C01A X04** Preparations of Convallaria,3882.436464173429,3639.636332833087,3373.240176036978,1893.0605950578902,1893.7168611049742,1328.1324818269181,1122.5907894899815,1173.6405497471073,1707.7515899685923,2910.9384461562213,2930.856027511682,2858.4792977765874
C01B A02 Procainamide,2.039294367437833,0.0,0.0,0.0,0.0,0.0,0.0,0.0,0.0,0.0,0.0,0.0
C01B B01 Lidocaine,16903.757423525814,14879.130666378345,15286.118235857495,8115.628913405478,4632.46289661847,3934.9663622089074,4889.836268411004,6727.096688400791,10696.039938514537,24184.042357376475,21925.409437093684,17628.35797507874
C01B B02 Mexiletine,261.48134111199295,257.40377458499245,289.6835918829808,252.1473162409603,275.0345662469326,270.71903677129933,270.1872837103814,271.19735178123585,256.31727675750824,284.6434872581149,317.09512617818893,288.06630783383696
C01B C03 Propafenone,11380.672774349645,11848.217516822258,13492.363793990122,10105.926098914188,10229.734826043215,9715.648290936213,9883.320346040384,10313.6224733135,10546.837058321766,11232.726409518153,11420.811973665035,11900.846108172316
C01B C04 Flecainide,7829.282011578067,8011.935554591617,8417.399692363351,7643.445395155362,7939.842384716639,7781.351496708712,7826.961025010049,7826.83504880518,8068.363743319418,8452.573675016807,8478.254082038191,8425.533140617372
C01B C09 Ethacizine,10039.040642309115,10585.20285845072,12297.871438810515,7538.364710544862,8818.774135378857,7676.618482692564,7657.173567990041,7985.918443674536,8517.977151668647,9432.893325510446,10094.853072030402,10584.073676692877
C01B D01 Amiodarone,99009.0088778137,106390.33846651131,112610.8572861774,87276.1910906182,92629.60688287887,86719.78586539533,86369.0286001165,88362.0727366014,93915.29559449731,102644.105029522,105018.0565262497,113002.73247233986
C01B D07 Dronedarone,44.080552749853396,53.28078937118963,40.90232921007579,26.045311623001886,33.666248095159936,34.827947814703556,32.69345813215561,41.27601692793443,43.63301450637466,43.60396311094401,45.81447253641667,50.16223061861197
C01C A03 Norepinephrine,275.6932714460411,267.726589442369,292.16965089694736,208.103307118126,204.05583915258484,124.75547183766808,135.92918504325053,181.04976266523244,221.57903182033402,261.13125420193126,298.98063916472495,294.4849541924759
C01C A04 Dopamine,118.7031491001083,48.15486591494651,39.61882969746435,0.0,60.476830470102904,0.0,0.0,19.85194954268171,0.0,117.31262014686844,112.44015572818117,206.27637452387873
C01C A06 Phenylephrine,2110.398079291083,1976.5827569780208,2000.585888961417,1567.3524946314208,1595.1892632345196,1454.4181677827337,1559.2709323020947,1965.3641736418015,2236.838268209413,2045.4499496417784,2024.5393021936316,2122.9933719105047
C01C A07 Dobutamine,205.28261231239094,206.11430998179208,89.04137153492903,0.0,0.0,0.0,0.0,106.9843978343174,64.90966232264549,45.19717733092365,13.358492755162416,247.03044851216913
C01C A24 Epinephrine,2719.8402161441495,3313.1584547385505,3257.8193625354384,1648.9192056943168,1664.6933971427857,1430.9798672229272,1548.6293602084081,1897.4452715181596,2346.1179174873287,2549.03235118403,2525.9170150627588,2952.204663087108
C01C X08 Levosimendan,2.8513798552696694,2.9860534761722466,3.2713018767132174,3.647296317910663,3.66819949773176,5.254165979245326,3.689342597366735,4.8038688452655975,3.8378772414530413,3.0514936785146345,3.1428377544066723,4.212023087187631
C01D A02 Glyceryl trinitrate,60880.70141921258,63416.19107336542,63755.70345481495,48068.774818101825,51252.839366858556,44272.09606399125,43507.14927982463,45576.66651061861,47924.34935338104,57396.48668571825,58556.99760971527,62301.676207040146
C01D A08 Isosorbide dinitrate,28444.037935829605,29743.013276586276,33324.76990637625,20820.318460747843,22148.481843472,17362.69161313108,16719.81455037832,17458.03139683434,18894.995757038694,25885.90115530396,25737.704239727092,28060.400126000197
C01D A14 Isosorbide mononitrate,9405.38845104837,9205.03407877602,9933.397142280726,8189.318554407086,8380.47344543076,8097.22991957229,8226.065660208104,9140.441614039344,9805.876538426925,10202.402639259579,9798.192881248291,9563.096836161854
C01D X12 Molsidomine,67916.05750121849,68884.78507607791,74028.60158375656,61061.956437690525,60075.23876862876,54870.64748117037,55335.344898994736,57415.44808104527,60044.142274476755,67692.891277013,68425.89172683304,70762.89853448013
C01D X16 Nicorandil,5234.51299292226,5360.8646324615365,5452.571514418048,5338.082990308349,5310.283741345677,5145.657512500631,5053.905299749686,4752.605499874019,5083.942030298576,5613.435224963312,5761.461351020191,5832.579822190784
C01E A01 Alprostadil,609.6514825206178,614.897439563234,625.6043065032452,549.4083013611726,655.5883985534326,619.3681776131591,609.2237021668586,610.3694231157365,622.4081011807571,688.990744938692,680.4305612509579,620.9329156066892
C01E B02 Camphora,4637.634771466775,4239.754740352939,6090.244541802523,4543.884209302839,3139.298569643741,1831.8774842571102,2062.1272422884595,3157.0192750541873,4172.16672760742,10387.55171599066,11180.506333037896,7708.03665301634
C01E B04 Crataegus glycosides,488356.78484991076,458683.7621292312,527410.6632152044,330715.1545465003,424118.5264740548,411583.0200786153,382424.3762247814,427369.52320423146,392692.8088503091,468544.28622968844,478607.7741957092,513612.0858310434
C01E B06 Fosfocreatine,706.1201424927941,721.7262119813864,585.886919475567,470.1909373742177,496.02160359644483,450.1671884775328,406.83990828570984,482.6235360355579,660.3614901387429,704.3613053245973,770.9114093765875,692.2141445214857
"C01E B07 Fructose 1,6-diphosphate",152.9411146658259,61.47343141960353,0.0,0.0,0.0,0.0,0.0,0.0,0.0,0.0,0.0,0.0
C01E B10 Adenosine,22677.733704190447,23883.957244354824,24432.923210788827,17600.81383371016,17630.82526151933,15705.833038951916,15171.431696510665,16093.63682857644,17184.94516213363,20914.173017675406,22385.2462835568,23204.957600824193
C01E B14** Inosine,51837.798858250244,52356.58744886518,54066.06650340773,39490.1015290923,39223.35813169058,35881.0799958197,36940.89926917364,37379.88566990732,38939.63537254486,48864.516916705434,50210.28913408447,52656.981490038284
C01E B15 Trimetazidine,112988.51305552831,117035.39002405068,121139.76795696805,91888.63386140141,88602.51734304758,77883.33768646396,78317.44471929656,79685.63990366213,84969.19640925403,102919.20637182701,111058.7982999849,116233.71980061065
C01E B17 Ivabradinum,15465.07870657456,15676.606024885106,16645.590436299306,12903.616522196447,12817.419147679919,12413.885004832468,12787.135047320275,13157.73083807629,13110.538427446867,14419.763855709098,15135.62275508465,15684.886831350857
C01E B18 Ranolazine,2483.072976391505,2596.01659048921,2665.9890810229017,2275.195604170781,2297.811658302139,2249.7051668678014,2293.6405571460537,2344.6128350512654,2400.219656202089,2571.797393436244,2645.3592009495637,2792.14507522809
C01E B22 Meldonium,69266.45487628857,74874.84166911352,67897.02974294001,46409.25444156776,49946.973240036474,42762.35091837801,42577.483700617784,43715.011765976175,52695.433657829395,68589.79101087854,75779.40593288439,71084.44051005563
C01E B23 Tiazotic acid,44429.006999157,47654.90860366991,48391.71356073374,35054.93349490882,35522.798639931774,30848.195189654078,31945.786954806084,33935.33493206287,37630.8135349067,46284.9555227121,49285.851886712655,46498.47499225327
C01E B25** Cytochrome C,0.0,0.0,0.0,0.0,0.0,0.0,0.0,14.64194810866946,197.99702836164818,454.01046922421443,319.04939857445095,68.61391871482354
C01E B29** Others,51799.223608120345,56393.082216782044,49076.66475266204,37193.1096688146,34673.533710818854,26973.17618993206,26680.662693060363,29132.149600813256,36661.33508725029,54040.625860032684,61981.26685328992,56091.845109690046
C01E X Other cardiac combination products,1141477.6179102787,1167041.2472812661,1274731.5515345493,917127.3060408868,900228.6668895552,883635.2068990113,912905.1911539411,933334.3720601548,961706.4481917459,1060517.5383888187,1047979.8731745,1137410.404051755
"C02A A04 Rauwolfia alkaloids, whole root",31661.925809631968,34220.81709830783,38016.679047334575,25836.964623694643,24258.498646021377,19997.671692016425,18995.44211049639,19314.39413283702,20591.95407884528,24476.744652337788,25362.63732194033,28881.49678284741
C02A B01 Methyldopa (levorotatory),5893.602826690925,5723.692558062848,5642.479038909203,4915.837319335109,5030.926639424651,4407.816391245104,4083.7660884502857,4032.6213419632504,4471.99184052244,5264.521335118613,5265.751626544369,5634.092555433793
C02A C01 Clonidine,9813.563946091142,10318.523251046752,10842.418082807932,7009.8823650344,7096.914525202894,5408.218569416314,4700.707203472404,4847.442997879046,6341.207594618698,9723.014953574722,10216.384636636285,11020.995127598122
C02A C02 Guanfacine,0.0,0.0,31.5085184282826,0.0,3.098662809108909,30.24511440384515,56.268398936094215,87.26274981835367,137.82995378062134,71.57024020689553,8.070592604375104,28.156597778818867
C02A C05 Moxonidine,66378.75153652421,69245.16959383174,73194.2988524035,60870.98867198669,61538.378940378985,57543.48116781859,57027.876562496036,56783.162490963725,58775.68484646365,64567.50434358934,66767.51755401565,69221.86653508246
C02B C02** Hexamethonii bromide,315.404397069137,223.15733412940236,199.81128116577796,145.4144361830419,158.98895758501638,137.61097209475935,125.46298109071711,108.89658567564666,177.19746673175376,260.75456896480273,250.3154481394053,220.06374886725075
C02C A04 Doxazosin,16497.38610768906,16666.065336907464,17998.687015197447,14367.547852744688,14592.685617697734,13602.670924575421,13670.25306499283,14385.565072242009,14798.11497295661,16347.815988443537,16221.506295748339,17023.28083650743
C02C A06 Urapidil,4325.177787848233,4291.792222049231,3994.5378032527624,3550.793102058322,3818.2709749455034,3321.552507097983,3243.8005666627005,3334.297048157209,3769.751867195549,4177.013756268956,4442.504901370415,4459.987451294317
"C02L A51 Reserpine and diuretics, combinations with other drugs",8105.708013745937,8837.078105267408,9876.297175428183,6666.899028500398,6671.6295079017655,5778.13560610777,6070.884772369793,6321.389378177408,6629.873935621502,7203.397254374775,7889.440382175393,8439.104906053864
C02N COMBINATIONS OF ANTIHYPERTENZIVES IN ATC-GR. C02,1451.9462701819011,1762.715075468242,1933.8690737956751,1333.9440265559824,1247.1561428625885,1066.5619900062343,1014.7920218195118,1122.499401368494,1227.1178591060407,1579.6543793944386,1558.8325497235178,1695.0904400851416
C03A A03 Hydrochlorothiazide,47897.022332674,59887.70778017271,57305.521306218354,42586.38929510157,52164.86845425481,51540.02374962408,48956.556753966186,44565.902325486546,46384.6167507495,49460.78425900656,52562.719433658865,58446.26674142742
C03B A04 Chlortalidone,5912.168753673568,5996.302034382865,6034.32096353491,5488.866411441153,5649.910674350755,5610.24358926304,5635.40462577748,5552.538959573635,5535.4871311951665,5804.303573077,5970.621031167073,6104.943702223738
C03B A10 Xipamide,3934.5279071935984,3905.9487134179412,4053.4210282501526,3551.1589499686584,3696.7533571961994,3723.6829528309695,3734.8686991915224,3694.058966132702,3415.9628495383818,3391.1052261156633,3319.9751972302247,3527.3036439746115
C03B A11 Indapamide,96521.2904795682,97170.36331811106,110579.30349847573,81284.85155229791,81782.21830488612,79361.60481648707,80880.65673529825,82797.90937987763,84126.07580507157,92593.48165475712,94202.15584403601,98750.75710498955
"C03B X10** Other diuretics, incl. plant diuretics",30839.23673323984,30470.873054828746,27351.29981875138,17366.974277963443,16630.01203601389,13217.874394277253,12301.320653717374,12579.863670431176,13606.174176148423,18031.65485049098,22362.42116139397,24177.92285392616
C03C A01 Furosemide,114770.12206876441,111065.13982680893,123008.97402240818,100775.98896805124,117266.75851372938,129467.22413943548,123567.38382916406,117372.2023701106,101121.42479203147,106840.2071187318,104539.26456925574,113583.19091883855
C03C A04 Torasemide,99943.9748559811,99893.18674023284,108153.25440273285,89493.3842878315,96612.33395100909,100245.40183664979,98367.53590026095,97226.52250624856,87995.07874613727,93319.05069314688,94899.35720585322,100018.0597711169
C03C C01 Etacrynic acid,1.58063706171848,0.044333778484787534,0.0,0.4821498319564167,1.3024719746695796,0.994505682171591,0.0,0.0,0.0,0.0,0.0,0.031190660534571868
C03D A01 Spironolactone,206601.19468766436,223094.7919209331,224734.8454680371,185832.38646620925,215294.29582523604,219206.7963048286,218872.1891364965,208818.30646407028,202984.7029883689,216053.8616700473,220234.97727762954,233851.9072259348
C03D A04 Eplerenone,76335.48619437171,77250.80380630906,81709.44462968901,73205.25150393942,74935.24802651675,74739.69001500469,75688.28279610767,76799.70833019495,76697.60617961733,80384.60632860806,81402.10786218868,84403.64351112976
C03E A01 Hydrochlorothiazide and potassium-sparing agents,0.3585042935214293,6.951891851366964,13.116106835988198,27.15880787604632,23.955370668769483,42.28090212652448,37.47625381605968,27.908034725786102,23.27262339469414,42.06417943482474,20.644654477616776,21.37380257293718
C04A A01 Isoxsuprine,4787.283753560357,4891.098104253383,4826.913167414083,4072.3612005489213,4303.318409663072,4363.288959560672,4501.727782085032,4469.066022710799,4285.242997817693,4589.936560509487,4841.535793269201,4947.265962083254
C04A C01 Nicotinic acid,52282.239755001974,52031.0954240478,49799.06999718388,43229.27289359216,45360.2292486182,39994.57157053846,42060.625465974066,44563.38342022199,45468.17902151972,54679.42234045734,55692.81543350684,53207.13514584587
C04A D02 Xantinol nicotinate,3191.3045526564288,3138.5957506507916,3082.4848179654273,2378.5153807362785,2684.5935398721044,2515.8793760999088,2603.642154001297,2555.968885241551,2643.5839791528997,3038.0897632011215,3125.781699358845,3249.9621572041656
C04A D03 Pentoxifylline,64081.18556581161,67230.63886549984,62525.19728513372,48938.04300072415,58070.36815307979,58787.487254847576,61515.80391614513,60350.61142506647,58880.58561208684,63900.35874158645,66544.68902506943,65913.3598317391
C04A E02 Nicergoline,29456.55503281508,30459.576878850654,29731.855315001158,23662.721423243584,24306.60126915956,23386.655305214386,24023.28149338027,25389.178603235014,26818.592850440848,28490.575607527542,30206.85837251893,30217.667543834075
C04A X07 Vincamine,5768.9999843737105,5939.196479641461,5907.944317089337,4269.741628281313,4466.073318468569,4270.428111852052,4507.722987792512,4811.716729778556,5135.756764601068,5637.4358336927535,5704.989330199778,5951.788368639076
C04A X21 Naftidrofuryl,497.313757111029,715.7689308303143,508.55584496550915,58.79775143343184,28.786451767536363,0.0,0.0,0.0,0.0,0.0,0.0,0.0
C04A X29** Other,2950.5295457773054,3465.4783629485155,2836.6772967077122,1960.164323737298,1689.1866253831945,1357.8343467221403,1472.151603815525,1950.3752895124617,2482.696518092239,2958.423780978291,3389.5010713093598,3249.006383596442
C04A X31** Bendazolum,18824.542887229793,19872.117662626293,24965.232380303874,13800.906651806308,10557.861366368637,6479.3776353788835,6743.98034794745,7290.293815362689,10801.37308665526,14779.004601049684,15463.705909925611,17385.738254386724
"C04A X51** Bendazole, combinations",34989.295186111834,36426.307425918836,40917.24258842296,26821.137289084778,24776.556020272743,19493.865975881625,20388.157711027256,21424.084469802274,23049.51404748081,27562.549880282142,29000.414717181735,32527.770757359915
C05A A01 Hydrocortizone,14896.600501622368,13805.711595267487,15399.847669627874,13786.638128560473,13406.737295150842,12906.915827867424,12846.239453484983,13095.852353423319,12476.494272818278,13516.802207778535,14317.979355191033,15498.95387256532
C05A D03 Benzocaine,51784.13929597805,46667.511681383476,47292.97453642581,38582.473405569,40705.310582766404,37817.807580048706,38305.192770434776,40428.2284996948,39452.17503463311,42094.53237185418,43504.7861121847,45875.66636753145
C05A D05 Procaine,151.1021322753988,136.23687010171676,137.9366867028138,94.59554690517065,94.30404637485248,92.63984791864004,102.7214677200898,108.70653265311705,115.67435434228182,158.46565912011422,157.949828082454,143.73634340445454
"C05A X03 Other preparations, combinations",199764.08720256403,180974.8794882679,187489.55261741465,163435.28921206782,170374.82760000593,160936.82052163535,167922.4056352467,172381.86145103208,175440.21767358706,177173.3442686565,180219.1472985037,193127.13951887397
C05B A03 Heparin,37990.99342278827,35984.54434586528,38542.28431810965,32364.30183465423,42613.846375376874,58842.77160152317,58231.377009164506,53526.13512824677,39048.818030009366,37002.11162431723,36981.0859945133,39063.02367892417
C05B A04 Pentosan polysulfate sodium,1083.2017503611155,1122.8746615343866,1009.053530067335,995.0667644880255,1310.7130916189099,1476.853892917949,1476.7226735515121,1370.773837652694,1191.590908527972,1101.706304822526,977.8627614525005,1019.5004663508123
"C05B A53 Heparin, combinations",52175.54159723975,48555.93617650909,48697.864376264915,43379.417157905256,51629.409423911566,55742.16905511113,55139.60873032436,52172.5623687082,45899.0573953835,47697.280414923654,45315.00989253895,49158.022128621706
C05B B02 Polidocanol,379.9983918374786,485.2201235715412,372.3649553605695,335.4074671935705,331.4741230617494,339.60569415807106,327.46519743690646,321.99144646175307,330.8402920834087,410.88761498251154,444.8341197035719,444.4499698821985
C05C A01 Rutoside,2.223813218341434,0.0,0.0,0.0,0.0,0.0,0.0,0.0,0.0,0.0,0.0,0.0
C05C A03 Diosmin,21920.37334659109,22327.14104231517,23801.506117093937,21469.08589511645,24961.763835733957,28043.110706427466,29329.39152118178,27216.916291184716,23488.396625386573,22346.086210947564,22391.18519759585,22768.094505113975
C05C A04 Troxerutin,72193.24073717678,71272.30649182873,82577.15598146306,76142.14925908326,101028.10556709219,131691.2138994121,131901.51745118076,116331.04157850843,83314.85856628334,71671.82184241599,68530.16934923491,73166.39664060276
C05C A05 Hidrosmin,2542.631817750949,2679.0494957679757,2393.04521984317,2034.1553807648975,2262.8630911638525,2592.013241144589,2659.196142790751,2573.8868457692533,2481.603389813628,2500.9374067107,2704.5466018899306,2675.0307396948874
"C05C A51 Rutoside, combinations",123858.09349810322,118178.96967130856,117144.1021899784,93296.13018501987,89498.6381611586,90387.80972217524,89021.34975109405,94873.56775433471,104732.26213703284,114040.85282329694,117685.80215241376,113580.10159581284
"C05C A53 Diosmin, combinations",179666.45996454166,182203.42295942793,189455.55371977147,167842.4914924809,204065.68967508298,235685.63058559928,240231.58007844683,226335.85363715942,193497.1620485641,178277.9487421224,174185.19126140358,173079.79484126315
"C05C A54 Troxerutin, combinations",22921.77330235245,22447.061413875632,21896.09920405896,20471.27214183715,22932.97679625532,23725.347123246625,23468.67903192793,22895.492365430353,22636.73363878967,23333.139664034497,22529.951890787735,22330.784601999647
C05C X03 Hippocastani semen,1003.2812897774272,996.9206251496063,1068.6192076838797,1060.6125385329433,1305.8830755304396,1597.1113180079014,1504.442633837684,1263.6024428535252,1006.1956966637346,918.7684216909772,851.0804423147156,851.1074854997179
C05C X08** Aescin,24855.277967244885,25067.3587944658,21954.31093222505,16296.418741139132,20456.690914124298,20648.579650716725,21795.294431492646,22897.586910263904,22746.18468948102,22886.847976353612,23484.221414274063,22451.413617317732
C05C X10** Other preparations,61425.237375096716,63001.25889618505,53745.65146475047,45999.1615740471,31859.822215840435,31373.966334749646,30937.65188959323,30130.845888569303,31101.13928607413,57765.88908914377,83229.97202116698,56010.520127964664
"C05C X51** Aescin, combinations",8051.047677157578,8782.150573015497,9130.702498370902,7106.360047324307,9018.3024951561,10400.29126209061,10389.85948430729,9050.540470749716,7750.910468572727,7682.155675500213,8407.395849711274,8141.789197749196
C07A A05 Propranolol,79907.56524708665,79445.72189544013,87987.41396299761,65357.02316591826,66655.8796771295,60685.30523497316,61428.79763012278,64481.501895117166,66526.58965598737,73555.12141355818,72187.23716848956,81430.87892130934
C07A A07 Sotalol,14146.211468167849,14437.411675259871,16352.957046546162,12439.046549187862,12436.124156913891,12493.44224870739,12753.856327754856,13327.8687966055,13399.651577298682,14518.999407465904,14307.917677212346,14972.70269862217
C07A B02 Metoprolol,82992.98896880567,86316.10723781928,95679.51185680895,73448.77515577954,73054.04899873484,70498.47207687792,71635.7185431712,72704.43891998465,74047.21122521421,81679.40307317673,83266.76815532554,88696.48702482341
C07A B03 Atenolol,14508.925029624195,14855.416163145908,17336.478043714786,11807.301333978474,12016.680263452236,11138.474050175564,11430.864351285987,11735.09474106414,12363.550215076646,14003.84271911178,13689.31870166842,14845.88668882048
C07A B05 Betaxolol,10236.75216525707,10095.42912940347,11661.98761963393,8006.627120955504,7940.46182492649,7671.027419931017,7945.102318059204,8928.583768315588,9508.53922605195,10131.91413270858,10281.116490778502,10821.744289290622
C07A B07 Bisoprolol,846443.2976652161,897169.9270160572,956968.5132475498,746529.1117835634,764883.6049631942,743653.0662577184,746173.0792441574,758516.3639841281,781458.3741269247,840787.9289919813,850515.5704348467,902948.4987399582
C07A B09 Esmolol,62.868489345594654,69.12535780314481,71.26070652861813,84.36363946842997,85.9022397797126,68.28457398817187,79.35709531437249,76.31056633476615,104.88759711051424,104.02387569054592,92.2191525140044,84.80002793220439
C07A B12 Nebivolol,165760.55640416886,172327.8471139649,185070.6178605737,140976.22183663255,140721.62839625153,134323.2194227186,137426.50362266417,139687.87436139243,142862.31513114696,158046.33112572253,159730.80570015477,168948.09473847252
C07A G02 Carvedilol,212868.44168264535,229814.62313986535,239941.88760733622,191968.34208300788,204475.56856524013,195309.78745272083,197359.6554644003,196650.24197543875,203423.09728596447,219254.48723607993,223004.52089786727,237205.52192899198
C07B B07 Bisoprolol and thiazides,0.0,0.0,3.8159046539927806,0.0,0.0,0.0,0.0,0.0,0.0,0.0,0.0,0.009035220564471674
C07B B12 Nebivolol and thiazides,10997.730560571024,11543.289631605923,12642.324879611442,10417.544795739055,10335.601546582651,10009.41529040644,10056.614477561405,10418.948135880986,10257.36214180696,10842.403477959,10917.062477825802,11471.201058221635
C07C B03 Atenolol and other diuretics,45824.545139552036,44892.987257455694,50841.2328914841,39934.57973841229,38256.55435566031,36997.709989164214,37894.69723567279,37519.00977258514,39317.0341418205,44147.06317691426,42943.00514469473,46567.36105862459
C07F B07 Bisoprolol and amlodipine,13718.761473326793,14243.176176951198,16078.324472943255,12123.799642829421,12006.466711830883,11681.762500124578,11550.888063852059,11698.583447926569,12098.940688278704,12984.247013652937,13236.766207044846,14148.710094850903
C07F X04 Bisoprolol and acetylsalicylic acid,18.075417438904786,6.41571958835746,4.017835550764831,0.0,0.0,0.0,0.0,0.0,0.0,0.0,0.0,0.0
"C07F X12** Atenolol, other combinations",84928.13206336432,89727.68625871834,92682.6714248932,74828.88216772475,71367.1593718816,65280.145745098715,66986.89945356405,67044.52143022795,72483.92722145072,81003.46326432057,80497.85830850808,90032.01135374974
C08C A01 Amlodipine,380199.519835231,425510.84459550015,458586.2027823762,340006.85771053785,357802.8124317278,325816.97778734064,322664.6744504915,318590.52695967304,343401.11054567894,382577.0269931445,394515.1661297776,422435.1150177448
C08C A02 Felodipine,1435.6125581916938,1438.428791408932,1640.484105254834,1038.068045697965,1077.3982814084652,863.7044976229652,897.1942953162643,1028.681095414424,1040.1600477972001,1254.3319448503623,1279.7131393403915,1370.5654663954442
C08C A05 Nifedipine,116553.16659580576,121302.4486983254,125545.39974155261,96797.59593734579,88387.26185519173,69730.84195068,65567.75018828204,67674.6497395751,81772.34034182102,99938.8221848292,103918.43622044721,113295.12761015305
C08C A06 Nimodipine,1832.4900392973177,1873.309110124475,1785.495333832603,1461.6068798455067,1500.4582837022324,1410.905973834014,1469.405492985841,1567.7164753537045,1696.1074282943969,1853.8803576933528,1890.5572682589195,2010.476563757774
C08C A08 Nitrendipine,1473.8816244406444,1527.4951527292021,1503.3521398501841,1144.4194940371058,1186.7035418767798,1086.2757446386547,1089.1892713382908,1094.5718571881362,1125.0124903581482,1267.2295613842941,1361.792182695347,1442.0344442343257
C08C A13 Lercanidipine,75662.93196588317,75226.97331640458,81055.66689534909,72813.00065703208,70891.97576490583,66828.6731497322,67813.24955612067,69371.92157975881,70823.65129719669,76960.18276967436,78343.72684618388,81582.03420591883
C08C A17 Levamlodipine,42713.08538264783,40552.11971299596,38735.455349711236,31863.399231520263,29543.08010940427,24818.470584148257,23605.914736380233,25116.57303060261,28787.0486384173,35424.42929710584,38350.95439649345,42551.186248440325
C08D A01 Verapamil,13562.872472205545,14366.653533569552,15716.589150207295,11574.919211064022,12014.920027295952,11613.964247828037,11956.991191800245,12239.433114524552,12228.39542025054,13960.841232377868,13910.745049626268,14745.298470971533
C08D B01 Diltiazem,0.0,0.0,0.0,0.0,0.0,0.0,0.0,0.0,0.0,0.0,0.0,0.0
C08G A02 Amlodipine and diuretics,26260.956589417106,27098.295298852958,29775.022846234708,23389.519238516325,23277.633906717838,21802.780795655253,21758.651061181412,22410.125227978555,22980.628515792472,24707.37710041983,25831.451122497932,26948.33629453663
C09A A01 Captopril,106328.44072012146,113553.76235190358,130007.2401149564,95138.79678302575,85898.06257510833,72837.51726640156,71320.05827706323,74778.6219432197,82178.34173377199,95161.31162384093,97145.30119352319,104411.72130689613
C09A A02 Enalapril,784742.1876746184,887411.0766644713,934663.7198126746,690835.1798875582,728635.7415037866,672485.0683530907,669550.2441888547,658756.2604137872,694997.2809500548,778274.4297353895,804736.685119979,880299.1517839713
C09A A03 Lisinopril,140542.49163565793,140529.32269265584,161801.19306059938,104513.23537394131,99836.06353541158,89362.14255260387,85443.24688273203,88500.59726014927,96733.59198249114,119731.79263251144,119972.13621382622,135201.5556798707
C09A A04 Perindopril,51679.881929472554,53615.20923185929,59939.15528943969,44570.60315117504,44105.95845623434,41847.213315952795,42440.22861939857,43621.39347782623,44783.79078023936,49057.76603784089,50030.91685959313,51812.826532665946
C09A A05 Ramipril,130682.435822636,133961.32993992587,145771.69489260743,114531.30211360233,114461.64674924793,108662.10971661413,110977.86134935675,112632.72191440052,115663.76122528524,127028.42473284269,127800.30279773832,135117.07730850452
C09A A06 Quinapril,0.0,0.0,22.654188508282985,0.0,0.0,0.0,0.0,0.0,0.0,0.0,0.0,0.0
C09A A09 Fosinopril,219.49688151803178,35.92057946554506,0.0,0.0,0.0,0.0,0.0,0.0,0.0,0.0,0.0,0.0
C09A A15 Zofenopril,2137.5096443815873,2102.3151241053574,2421.3663211102707,1719.8440919400964,1788.8867218298542,1612.4000389675555,1689.8559059036133,1810.8046126783547,1795.8667913240447,2026.8865474664917,2096.177565606347,2127.6319933441264
C09A A17** Enalaprilatum,87.81268696525947,91.79057383082582,93.7504143041069,85.58021766355978,97.09439133195008,96.91526124749035,90.83628816075054,105.98304067218672,96.65597366216366,106.37105103497322,105.6502439140489,120.21192919813743
C09B A01 Captopril and diuretics,464890.1019674891,483224.4915827508,559634.7551703199,432098.307135735,384828.37220342696,327674.68095294025,340604.29224791075,329927.84957924706,366722.4717396758,432360.2373633787,411694.9877577008,463505.4191685182
C09B A02 Enalapril and diuretics,127967.17921791146,133701.37963730335,148894.781191268,105305.98902845336,99754.04874668003,94669.52995377553,95083.30759133308,96789.04613782969,101968.09324781834,116249.90169312443,116920.24150698214,124155.77432096387
C09B A03 Lisinopril and diuretics,157180.6607138139,162767.0803164413,182578.35472724558,138509.36418459142,133084.54087917056,124016.94216353622,126512.8659197312,129901.0456533896,134473.28176901877,149592.42979022447,152592.79413589145,160835.05154112747
C09B A04 Perindopril and diuretics,256649.69437022338,263761.17763769295,285227.85337775917,227702.6606959027,224121.33927650814,218337.59726708307,220801.28198563357,222702.49848656455,227836.78041339992,252241.47948095883,250447.4562610965,259493.77361129728
C09B A05 Ramipril and diuretics,15049.324090811619,15422.420657461958,17218.112048209296,12783.150098234217,12669.290675681223,11941.343275065892,12023.351092000688,12226.436282975592,12695.615373182574,13764.257982775223,13846.758207876406,14906.430125384419
C09B A06 Quinapril and diuretics,0.0,0.0,60.68070151401825,0.0,0.0,0.0,0.0,0.0,0.0,0.0,0.0,0.0
C09B A09 Fosinopril and diuretics,44.37718761129422,16.928053696273587,9.264974961033964,0.0,0.0,0.0,0.0,0.0,0.0,0.0,0.0,0.0
C09B A15 Zofenopril and diuretics,212.95820421990373,174.9161590740256,220.10225649441674,152.7596679678232,178.83613068364207,172.32703439339073,180.8226908982834,200.64974963929117,201.46073016919098,234.62964813020452,254.08571603610895,244.96510389792613
C09B B02 Enalapril and lercanidipine,6571.949526649349,7580.166030551981,7292.620908361499,6312.688085296528,6145.405101531961,5857.014389207724,5713.372294035747,5839.049092585578,5864.439006112856,6277.067011622091,6347.691090716894,6592.672428680148
C09B B03 Lisinopril and amlodipine,18413.211991522516,19070.759565552235,22039.27300275123,15528.36243296405,15202.89532037632,13395.779031240181,14183.780062733209,14647.821870808259,14760.499622937736,17175.825178781903,17384.14403902996,18519.89652640953
C09B B04 Perindopril and amlodipine,76334.91867390781,79024.18737433692,88428.24540997887,66095.40651379115,64554.043272139665,62364.493754117175,63252.52561499786,64215.68137900111,65590.7606655024,72131.78917000213,73463.84424890061,76588.91498731807
C09B B06 Enalapril and nitrendipine,1128.9028551914087,1371.9429977018358,1855.8406541386312,1212.4255217165187,1214.8553582072816,1203.766769828344,1299.9082415536461,1393.4781613623406,1441.4324396377478,1275.4762046865267,1163.3839591540022,1302.7605051564342
C09B B07 Ramipril and amlodipine,15410.500700977118,15626.731730248357,17759.97656250114,13835.704437139151,13590.628745685344,12851.157001358091,12792.631214732073,13135.620594267051,13621.840506730816,14846.24764553762,15046.62736541885,15940.251150159616
C09B B09** Lisinopril and calcium channel blockers,19174.021720384546,19858.73829631039,22949.90680880632,16169.973968079923,15831.058981987264,13949.275021909585,14769.835220775976,15253.050626718947,15370.38407553436,17885.50771017659,18102.434032048135,19285.11432009472
C09B B10 Trandolapril and verapamil,0.0,0.0,0.0,0.0,0.0,0.0,0.0,0.0,0.0,0.0,1.2258939428950877,0.0
"C09B X01 Perindopril, amlodipine and indapamide",480044.84997109434,507105.92792427784,540813.5978692296,457892.94290636154,454072.73538106447,439565.5230214598,442663.6801692631,446682.2561491038,454941.7068193801,493171.6113455701,497542.72423487826,521707.71666914865
C09B X02 Perindopril and bisoprolol,34530.689391815045,35744.97351356367,37948.2564588581,32840.20798652104,32754.90406743406,32179.116473934668,32658.042289743466,32578.07534439506,33158.9555759473,35005.64232555516,35521.30956731587,35718.90307662176
C09C A01 Losartan,140287.51373166748,159947.6491787544,149844.25087029443,119636.79195739696,135886.64096094953,126837.03709766208,126425.40214090262,126387.0811093656,141682.50401800653,153731.30807878976,161175.95026128684,175635.77014115505
C09C A03 Valsartan,131180.62388927926,137478.15515139018,150152.79758841984,114046.00456538453,111427.91597429717,105818.09572876822,107009.16215968599,108813.32393176113,112142.77357676218,122818.84632010398,125436.19954211831,132023.16794707067
C09C A04 Irbesartan,6665.842164161663,6938.93507571308,7521.82616488753,5905.530196160404,5906.076981112017,5485.0471690066215,5615.816879255621,5810.461007388138,5963.607069827463,6551.431479712238,6678.9081675533735,6908.423477759597
C09C A06 Candesartan,30227.999604740027,31850.426956819723,36080.68720564103,25141.974571855604,24337.926431984823,21919.62028724573,23263.324138612003,24854.32798686257,25830.87663262056,28962.812316384498,30004.01203055319,31519.75256904569
C09C A07 Telmisartanum,41799.06886403386,43220.382002126025,47143.07790654253,36326.83482401849,35803.70735194202,34024.7767682236,34436.35649519164,34832.29687070883,35711.96736506534,39654.26235449331,40473.46453997845,43006.88408230933
C09C A08 Olmesartan medoxomil,4781.074887637772,4644.000644141314,4670.727101358596,4198.419719146869,4422.988865391937,4301.489234402438,4445.1065816252885,4366.351111418018,4541.31458726665,4888.500019960004,5060.956618129134,4971.260548678889
C09C A09 Azilsartan medoxomil,5557.56678914736,5725.00286592207,6717.458230203744,4822.35822449099,4588.616722782692,4397.44882427796,4812.701808336081,4789.875898444481,4778.214473393113,5203.353436213921,5317.907509332474,5763.57927068922
C09D A01 Losartan and diuretics,14695.081385302015,15888.620550862417,20016.689590896185,12643.900530508638,12126.350989784043,11692.276264789805,12297.358992379854,12710.210082037334,13106.277061348765,14913.174352383341,14884.00229279645,16118.569952712374
C09D A03 Valsartan and diuretics,173856.76337024278,182348.30123867525,199748.34859438258,153319.2415399098,153280.76215729295,146177.93251216089,147362.15985701658,148409.80999386258,155784.4367643007,167670.5304416126,168845.34444442345,181739.73630763355
C09D A04 Irbesartan and diuretics,7932.1912241551945,8341.001432992463,9315.790854132854,7280.354445115745,7353.066171972631,6956.750807528715,6900.619370044155,7128.362274127085,7281.720251464002,7914.699087404113,8107.614210226776,8464.673162555482
C09D A06 Candesartan and diuretics,14181.994959219333,14707.682105866534,16897.348492925885,12987.279072314963,13335.429405567818,11861.051941911699,12291.1018407284,12669.232829523356,13108.977490300913,14271.578288664556,14317.34559709706,14870.156913584666
C09D A07 Telmisartan and diuretics,14097.192879748272,14590.84533454306,16116.678414305807,13085.572687788112,12993.640595304,12447.832555151786,12531.463064714882,12714.96879650752,12860.126689418224,13980.776035391085,13953.954561773007,14565.566509543522
C09D A08 Olmesartan medoxomil and diuretics,1282.5272377850542,1419.3957410942978,1707.2307098989588,1019.5620510999538,955.5908902180155,916.4841276697309,943.6600837883691,931.2742148405454,964.0300858395525,966.6669487960237,935.101405318467,1152.9567366936874
C09D A09 Azilsartanmedoxomil and diuretics,9887.728457062953,10314.334875623357,10818.990955778663,8292.227314449128,8786.579737708991,7979.785322328785,8102.588610240513,8535.247716279577,8563.936449539611,9435.568428659564,9750.235191346444,10081.588298421906
C09D B01 Valsartan and amlodipine,119153.30381580029,123915.5878776615,133520.62898283263,104556.11692265164,104456.29993018896,97947.96219190101,98239.89185695275,99105.91784467627,103206.50249053721,114090.95566290812,116117.00045648697,121557.12094703219
C09D B02 Olmesartan medoxomil and amlodipine,5320.487585256422,5571.649176816381,5928.078512819213,4954.469204692336,4850.605743561885,4784.736204213764,4836.740844267426,4999.754617719647,5052.2656182739875,5412.799464874131,5620.4016394568225,5792.74178501416
C09D B04 Telmisartan and amlodipine,7975.70796272428,8368.629726241861,8913.70283153633,8949.36131151884,9259.563097454988,9413.112224047092,9639.514924262357,9838.335619419624,10242.748809771792,11084.666870559115,11114.495758259836,11460.258631528288
"C09D X01 Valsartan, amlodipine and hydrochlorothiazide",109376.35709487919,114694.75701234423,121169.10908183818,104498.86439575965,104796.24549188725,101749.08138111068,100507.1363237751,101127.9903672085,102976.94165637242,110683.65852898038,112513.6814058601,117596.11048679803
C09D X04 Valsartan and sacubitril,21236.72383844555,21551.851605478492,22383.713601748,19910.984915792258,20400.407881722524,20059.24901694449,20375.46191299358,20673.766081828435,20736.901759809763,21792.590671480248,21964.436755155424,23083.71485223506
C10A A01 Simvastatin,153159.04808077437,184240.89598731423,165481.7861463332,135240.3549073356,158893.6401499247,158566.9317777831,156274.34371385694,153081.23349650326,159229.27835640748,164889.77767811797,175100.54336927354,187366.68415598513
C10A A05 Atorvastatin,139702.10230387558,142150.60131430312,149869.16339260904,116319.05272521767,119906.89426126842,116399.30236007289,119422.57090908036,123888.69381825025,125178.01541554999,136178.4563633537,140300.5503915605,145417.74048408988
C10A A07 Rosuvastatin,317296.77524182753,323185.5257810902,332723.16459327284,281508.21082379133,286813.5489889786,280929.3139019008,283964.5730130111,287314.1778826717,290700.6305591726,309457.63148114586,317966.2789994968,329418.13659495
C10A A08 Pitavastatin,1030.2818673847798,1024.665677338385,1087.1570877352788,939.0553784868032,962.730373522032,938.7283319842246,1024.6926611879883,1006.5136869850085,1011.9036700566343,1114.9332189479442,1099.4692204950015,1142.774384166657
C10A B05 Fenofibrate,4457.479038374916,4455.924314417928,4466.30590741127,3888.924953964877,4080.129963366695,4092.957343047083,4281.990218950327,4382.039491831853,4499.236682296008,4610.175806826266,4787.557278609405,4897.406628194849
C10A C01 Colestyramine,208.34487814251483,212.42100389743084,187.29382592398105,183.4944049678386,183.31878962554202,184.34941877432217,186.8146435159637,191.3543447318943,194.9756271272562,185.3485744661631,204.010053759906,216.5855586175177
"C10A X06 Omega-3-triglycerides, incl. other esters and acids",14005.336482786995,14627.706011415328,13981.59528554127,9614.169943847968,7330.646848962724,5033.496710314876,4727.631302914467,5497.970953360504,8280.799023703436,12899.392293219631,17944.152849864655,14662.19723494005
C10A X09 Ezetimibe,5252.9437193400445,5352.268930173028,5454.2715623014865,5455.831331466327,5719.807210260272,6006.2419767575,5792.769053417356,5698.490378207314,5654.659101501352,5641.732143598656,5758.587040738572,5799.205021912578
C10A X16 Inclisiran,15.748018014000614,17.716337690956912,19.583680450472734,21.355095138420097,23.03537815837743,24.62908609374423,26.140547698750026,27.573875289912866,28.9329755679249,31.213559898443666,33.21515407884383,36.21310761663132
C10A X19** Various **,3705.127638787011,3632.807572217759,3108.635207999794,1945.4277252607346,1717.9734174002679,1312.0962826569762,1509.8156074358706,1830.1181554480181,2002.0300688768261,2347.4002337907127,2391.8594098135763,2710.238987999041
C10B A06 Rosuvastatin and ezetimibe,8379.896278319233,8554.558331563661,8255.880458849395,7265.804645368174,6850.416879273389,6462.785151087754,7345.462653229436,7624.395939632974,7825.459053445996,8237.334029186606,8565.459694469282,9063.38231138562
C10B X03 Atorvastatin and amlodipine,84.88491506317817,79.46704682535882,97.96702030956847,47.663664488929214,49.961892735332675,57.72896073634871,53.69845615589626,52.901488146324034,57.17778181313139,70.57697287019373,79.60981732133159,82.57939176093666
C10B X05 Rosuvastatin and acetylsalisylic acid,7480.575538796812,7687.347602327604,7469.0375147249,6891.370506215392,7369.113960980447,7585.746186365148,7745.557428245569,7979.947883322565,7937.31890895682,8107.701591036885,8333.431198273594,8619.186745635623
"C10B X06 Atorvastatin, acetylsalicylic acid and ramipril",5290.608376888535,5382.567385393946,5660.52591512131,4550.247661826237,4686.310382113212,4541.918681265826,4508.173843510952,4527.838096230085,4530.084821328428,5093.224324330136,5273.674849654535,5390.838592837091
C10B X10 Rosuvastatin and valsartan,6879.096844187837,7192.518454574707,7739.028193750373,6364.264155275399,6328.961628032315,6168.227236459526,6333.851073773519,6409.8208285299515,6365.727904856704,6985.94153667526,7201.292896211029,7365.575197078153
"C10B X13 Rosuvastatin, perindopril and indapamide",6296.3430878632125,6533.801361159163,6724.950376361308,6403.406996374339,6606.706040957708,6689.285188882902,6790.221834982828,6866.081904348748,6979.772625817366,7355.531266783544,7362.063831272406,7518.525723107816
D01A A01 Nystatin,6543.700910920526,6166.196402871898,6130.453639918908,4667.897070814886,4825.818104088371,5109.674355946094,5555.106343565094,5718.991036320671,5670.684689926556,6415.372118200298,6372.622273596991,6414.961402822153
D01A A02 Natamycin,3156.353960302819,2390.0579585809614,1907.7181609674733,1732.34356662563,1664.341011925906,1751.7697959887782,2082.4370203191397,2154.365971209558,1943.248918624049,2636.4144467743895,2627.5912456471356,2475.672313131048
D01A C01 Clotrimazole,117920.09975025507,109951.9540924051,112672.36068867272,97806.16742268932,108060.09792663122,118300.23089131709,123999.3014551627,127465.58797540121,113798.26374077803,113306.79480903399,112373.88417022559,113296.90612370019
D01A C02 Miconazole,7677.786542619269,7414.874926701281,8313.235359335049,7332.70023081022,9790.258653358514,11818.739516765309,12242.820732858901,11568.393031101932,9113.512995064519,8591.556291602741,7925.92625420148,7895.089149648627
D01A C03 Econazole,0.0,0.0,0.0,0.0,0.0,6.906120120422661,8.109814474131689,9.367928232814208,2.5017315551201036,0.0,0.0,0.9857572417831517
D01A C05 Isoconazole,0.0,0.0,0.0,0.26679129306385724,0.0,0.0,0.0,0.0,0.0,0.0,0.0,0.0
D01A C07 Tioconazole,416.8976565924686,328.944068526343,277.03909076585705,204.40260124988282,233.26690232951825,290.2082358856408,326.28839542295367,283.1140157452183,58.217204695444764,0.0,0.0,0.0
D01A C08 Ketoconazole,56113.83484165734,54357.074638575155,49556.52187990134,41814.45834271485,43871.740651071734,42622.04660143034,42774.07408829269,43816.43132550777,42750.38346122754,48279.91108251716,49128.072885393805,50034.83655025024
D01A C10 Bifonazole,2351.257990343784,2451.5895549726297,2414.6719949502262,2234.2711352068245,2649.261235686623,2932.850504344984,2861.317107546192,2762.2155783816797,2370.9655433245916,2294.8587035534406,2374.616020011041,2312.541061451642
D01A C12 Fenticonazole,630.9064815974011,640.290061069461,557.9175866860985,505.12660555293263,545.4511851800181,584.0858590767097,654.5451341315627,714.1006067724762,681.6881340896845,682.943082875778,671.4179098237543,642.9711035951718
D01A C14 Sertaconazole,10418.301896324077,9889.064545940444,9174.125932098486,8121.4165398622,8848.291002850761,9856.614615988048,11460.936087247976,12074.084846298578,11282.438577415673,11123.967245992239,10834.373929969119,10474.964403367216
D01A C15 Fluconazole,3756.72396888261,3422.9921101121495,3290.104046521168,2690.920064258269,2781.03525897948,2880.2666762371887,3373.5492273787754,3607.9109455355165,3532.457821569829,3892.2058963639442,3757.1663892477113,3690.569783157734
D01A C20 Imidazoles/triazoles in combination with corticosteroids,527.6780539058129,289.3418826649427,314.994797631124,293.18218156294654,318.31154066728203,360.6144799096278,451.264283262382,472.7171779034628,484.0133455752048,518.697731671476,527.3086925073704,545.0625131349634
"D01A C51** Clotrimazole, combinations",102.52002719219355,112.68666867046447,111.65095472048428,116.45787618964563,135.86795976777543,123.22415411805251,104.77653911677125,100.45289356343103,98.3291496511719,105.12975683036957,107.97397317239489,124.88809871986157
"D01A C60 Bifonazole, combinations",1724.1930655859933,1870.8068667867556,1729.7762686809585,1411.1849511299133,1522.2846580226699,1794.4655844704678,1733.5622865622986,1517.8444091693561,1427.627668188595,1396.1786363375784,1514.9069717903578,1568.322801086174
D01A E04 Undecylenic acid,112.91728744130826,189.08734144881853,0.0,0.0,30.5244056561645,106.33402631475464,6.739221580870988,10.03481272413702,0.0,0.0,9.784510877239757,0.0
D01A E12 Salicylic acid,126002.42093286925,122342.22617341367,190540.11640609513,124252.4343084631,132512.80218342727,151047.40180954503,154498.52297155844,164386.5026069412,142342.10927762947,135422.73503580375,128154.04199544684,128419.0144813832
D01A E14 Ciclopirox,1085.4403671910782,1065.3264657856475,1052.0704613048147,1025.9219743636609,1094.53470145425,1113.843999770233,1140.2301550665318,1099.8605959470829,1067.9864652950355,1022.35707741691,960.2858837579217,977.8056454742431
D01A E15 Terbinafine,42240.212920879,41653.19167619777,45142.929443689056,41277.735328341914,52260.97527548692,63068.27398847314,63960.8963827872,62673.66345887512,50567.10439304497,46326.07842387324,43808.50807446018,43129.36499252055
D01A E16 Amorolfine,12059.829563660762,12235.455091985328,12564.848825564684,11269.706723347868,15676.401952494114,19617.55664673081,18387.317313039865,17752.65195700682,12515.426983100073,10547.193914894378,10658.96197124952,11062.524527253338
D01A E20 Combinations,5120.247160178398,4580.763050829914,4763.002494554241,4042.639180736812,5103.572460885983,5954.029816208431,7174.078431669501,6855.59925524147,5770.058645302156,5438.524488553817,5628.5514943582575,5731.540230204924
D01A E22 Naftifine,66969.09142918383,66190.44711217043,73362.73032963503,73445.86517468198,97049.96972179486,113876.08083056046,110396.79838864823,104176.31030619374,80273.08331130547,68574.95638647013,62489.17951767715,63177.62629371809
D01A E50** Other preparations,0.0,0.0,0.0,0.0,4.803215090479765,5.331644719325649,11.347716346825804,3.4523015732493803,1.684097678811691,0.0,4.919442259207083,0.0
"D01A E54 Undecylenic acid, combinations",9.115260278801275,3.6637598030516694,20.782390542207477,13.195526253287602,3.269465941907194,0.0,0.0,0.0,0.0,0.0,0.0,0.21267830728561243
D01B A01 Griseofulvin,1996.5090709376,1758.1543954022704,1315.3901636708674,926.3842869826053,953.8102943288557,919.766208902716,1316.5596492586646,1903.9347102402837,2059.9742677224394,2197.4634224050237,2324.557854847952,2216.3209094991544
D01B A02 Terbinafine,20445.51711592763,20161.38140553184,21850.518091205948,19979.649386312398,25295.863600201836,30526.917033270194,30958.972773026835,30335.91382142242,24475.979804066425,22423.197323916233,21204.618531098786,20875.893116480976
D02A B01** Zinc oxide,33681.37002368238,32523.916734650003,36036.22163653452,32831.733558248285,41039.87633012714,52457.43440812477,50224.62931407924,45782.85084910368,37795.963508284396,34905.30549800272,33747.651812129625,34265.26751084361
"D02A B51** Zinc oxide, combinations",46329.42346619211,43168.22175345702,44324.87901060989,37989.174643673105,41560.28297746461,45236.67507183875,43067.43097467899,44978.04552429209,41731.65739132352,45654.92151228958,44607.71943640335,46136.748403035315
D02A C Soft paraffin and fat products,72719.10326803026,71836.13872510348,69350.08875816966,61878.45765203023,61573.594034526264,57198.616007930745,59246.75525406192,61530.50911837448,63531.453477232164,66919.28943172589,68215.9334627285,77015.2035549382
D02A E01 Carbamide,14302.269520459755,14382.955998055379,14644.655178353609,13767.029720813918,13872.001753003897,13753.931776977603,15290.1081943783,14413.717726520586,13682.172950456143,12908.115127826313,12598.912467944183,14421.911938260206
D02A F Salicylic acid preparations,40027.26277961958,38991.25173193143,49340.88440142906,37837.06223767075,42564.800598215465,43966.3963581159,46708.804745705806,48533.677846311606,42812.04620505841,41161.49295064394,39151.402253260014,38676.47860393689
D02A X Other emollientsand protectives,88353.85903707726,84526.18923845804,141209.92606777805,92946.54165142006,93177.82037537894,98284.36661163412,97320.54883038093,93397.09135551522,92012.60442445848,92296.42815420438,91880.48415162523,101856.27761312235
D03A X03 Dexpanthenol,65651.83800886733,65151.90024945017,65020.65264339745,54140.5930739948,62877.71482115484,90376.30806669303,86493.94006661235,73464.52499962214,59931.905744872834,63037.06101558792,63903.21136133103,66374.16546253307
D03A X18** Calendula preparations,159867.0993338711,156779.14730553847,214298.92972439594,142595.92475134248,137029.77165767192,136976.1947902475,140937.8520036179,150190.59004046395,151387.9551129994,153930.4561534762,153361.4700467524,163703.29621523124
D03A X19** Comfrey preparations,1112.110696599774,743.2024097341306,140.75805299185552,109.4436599059464,657.9958717413336,292.763294664247,494.9384580908581,523.5024285927343,477.31913844453305,643.1614464163678,722.5726517996125,700.2274810021482
D03A X21** Propolis,88067.8494434336,85142.00559715697,103501.28816866443,60910.40183640147,56253.9628706206,48101.62814251345,49722.79230952834,58361.68414824062,79330.97012578133,92220.14575095108,90069.06978000262,87780.31684305663
"D03A X50** Other preparations, incl. combinations",257723.18919159358,244036.01800490855,247300.70894726852,219272.3070602239,241691.77353014066,276454.9527442155,310914.2725405567,312063.5220829473,289461.9005411881,276104.8407820941,262335.4364568215,268291.31692074955
"D03A X53** Dexpantenol, combinations",34690.88663560664,32827.67443915765,32610.71108338772,29890.93800016107,37331.87593496902,61057.983884204645,59152.33744498243,52169.54829499393,35723.79897639241,32649.819522900456,30446.54276149618,33825.43535376203
D03B A01 Trypsin,0.0,0.0,0.0,1.2201503892570813,0.0,0.0,0.0,0.0,0.0,0.0,0.0,0.0
D03B A09** Chymotrypsin,519.9468512162689,544.8501602674194,506.15563357113456,363.33923827690234,391.4385481043116,474.4560220290342,491.8908272316076,546.1550974564614,567.9205396991399,537.0393195560778,539.0591695044232,569.110675525895
D04A A13 Dimetindene,24014.844044080517,22310.113813376098,23771.586205258212,21871.200634927198,45003.13743933665,83712.65858560185,64568.071367481556,46537.31501547465,26288.938445634587,22076.441393668752,21001.003292593054,23052.064781864585
D04A A32 Diphenhydramine,34845.1853369269,32827.11638613862,31394.134102012962,30202.054507164357,35119.655697692564,42487.653727518875,42041.40435838629,37831.19840388002,34064.98099941993,34903.995484243715,34571.317320209884,36003.10704828434
D04A B01 Lidocaine,3673.4983399583043,3233.5095939611983,3321.9555011879884,1763.67588543484,1006.7196502099875,855.1407854000736,1062.6516320966598,1461.922216369859,2324.4468063400136,5255.638567651275,4764.795965302606,3830.967407726513
D04A X10** Various preparations,22888.62968989463,21904.07408106055,20886.582472105616,17578.28645105382,18641.09563328722,15599.84180738091,14001.711706027261,16759.30611602957,19286.516914382413,20903.31712111507,20541.942721639374,19944.72252080682
D05A X03 Calcitriol,725.6301118641267,824.6111158443757,900.8102748496362,944.9859578749061,948.3532601161835,893.8282577302667,751.4646116425948,710.2592505935186,700.6873175753191,693.032126981821,749.6975303280838,934.3698088261555
D05A X10** Others,718.604033821679,705.7679031224453,745.5093617194908,634.5292917535596,694.069198937247,656.9834878406292,614.9956821197674,650.68300069951,632.5676187197367,664.1888762923502,692.4186455068735,755.4980240349245
"D05A X52 Calcipotriol, combinations",3159.682852705594,3383.046791999467,3647.3815782714087,3838.109369172515,3986.491514471327,4028.121696447962,4358.919013268525,4534.349008190823,4645.450647309768,4717.711248415528,4877.299363408762,4987.387616595094
D05A X55 Tazarotene and ulobetasol,425.6303279805191,478.2734726888075,528.2142815287278,575.5878712936988,620.5226029374674,663.140419366094,703.5571663403356,741.8828973329116,778.2221631429052,833.1222870294455,904.0336260887052,971.7538195620483
D05B X10** Other preparations,370.5783050780647,337.01572724894834,333.9029417291953,283.5767900569326,275.67714546266234,292.954706530786,294.2768321288248,311.36340935079573,294.87274787191234,316.5054954323455,340.44257022423193,312.325106801281
D06A A04 Tetracycline,0.0,0.0,0.0,0.0,0.0,0.0,0.0,0.0,0.0,0.0,0.0,0.0
D06A X Other antibiotics for topical use,1543.8078337317345,1373.2557533630024,1278.1881341029175,1321.0659539589083,1607.90607206539,2225.468531844677,2495.2822876868313,2540.5583956122346,2034.9012683725844,1907.1684083669475,1744.9710234941506,1801.1153094517624
D06A X01 Fusidic acid,965.8730447978847,1192.5957233225104,995.3157586123401,550.3372793143355,564.037588346062,643.0301280415737,996.4660522681132,1227.9150841194762,1045.1086020706969,1029.2721089018046,1147.2044068368207,1332.7629376549642
D06A X02 Chloramphenicol,54070.83552134234,52435.96786624633,60313.367157767425,48995.77213526822,53630.70082156933,60697.116739567755,68696.84103673593,68883.99574275316,62260.3102154761,58451.66635693413,53100.52958325141,54917.19215987597
D06A X07 Gentamicin,0.0,0.0,0.0,0.0,0.0,0.0,0.0,0.0,0.0,0.0,0.0,0.0
D06A X08 Tyrothricin,7072.049203769543,6372.034797666487,5772.03577703522,5704.676264781388,6220.769559229502,6529.093899039176,7503.404675138097,7625.564200268414,6487.467924623848,5111.179808359376,5424.735419598979,7280.303212841844
D06A X09 Mupirocin,11420.659012664397,11462.339864371947,11111.749706137021,10168.896909090803,10608.031960901202,10203.541941248484,10742.815521329934,11185.464135028218,11747.675421201762,11806.774561284536,11436.886867228337,11118.268362757422
"D06A X54** Neomycin, combinations",19900.90082933896,17702.34997119804,16476.85336362929,17029.58228628911,20727.17768617416,28688.04496476698,32166.157123601402,32749.801871396146,26231.48260719078,24584.905278019298,22494.05303552928,23217.797171660306
D06B A01 Silver sulfadiazine,820.5222527346734,343.81471160375196,256.8438939810371,0.0,174.3161993939916,512.0323300592981,748.7232498735651,585.986801007002,374.95565719577365,503.71595742881493,632.9502128972692,631.3360325540569
D06B A02 Sulfathiazole,10079.396775858477,10213.59593325098,10582.886707789597,9494.043976045112,10188.79723927414,11379.797298481983,12235.155994472872,12754.412799890204,11514.714092848686,10798.16897584009,10163.62753085783,10835.273423496645
D06B A05 Sulfanilamidum,44398.806439808395,42934.18915152075,48176.16597169056,32005.53081512547,30257.35075806844,31249.45882647961,33965.948473873046,37705.064574332406,44402.756068364135,46592.45246811006,41781.99265102628,43779.8117627218
D06B B03 Aciclovir,142047.89673711386,122467.04880792173,122995.28991049589,107351.37022832005,96579.90361141959,83526.45381556876,101423.3567381831,114231.90090218207,124599.73203989577,125333.89252642312,124076.4352187642,138917.41232555092
D06B B06 Penciclovir,13090.800292095266,10851.24967596111,11697.322227899582,8832.904914296145,8524.586908259187,7026.854748275409,8405.895265134182,9247.693923466986,10321.52509497902,9330.523477034443,10564.928427524568,11511.235432762462
D06B B10 Imiquimod,805.5934797408875,778.3101835226521,725.216978556955,658.5842465932889,725.3226930312474,743.4460821905053,785.6482255268031,871.0421722047327,849.599561555968,824.3161050458472,817.7111718466422,828.5374572961694
D06B B11 Docosanol,0.0,0.0,0.0,0.0,0.0,0.0,0.0,0.0,0.0,0.0,0.0,0.0
D06B B16** Denotivir,0.0,0.0,0.0,0.0,0.0,0.0,0.0,0.0,0.0,0.0,0.0,0.0
"D06B B53 Aciclovir, combinations",0.0,0.0,0.0,0.0,0.0,0.0,0.0,0.0,0.0,0.0,0.0,0.0
D06B X01 Metronidazole,12982.894194821298,12604.82606170681,11881.825957780671,9378.877645648989,11245.519019990774,13083.790625603833,15583.176165125438,13846.074214347393,12484.221093263655,13045.189726815384,12542.253963272462,12782.422356681258
D06B X50** Combinations,39701.56753255547,37326.53262987347,36248.860324843736,31487.773297935826,33709.326493525354,38694.96866711285,45617.73842309871,45012.230645003256,42160.326039642765,41049.249172470234,38388.08889584808,40330.411491666215
"D06C ANTIBIOTICS AND CHEMOTERAPEUTICS, COMBINATIONS",42731.07775806648,41375.74295237585,43491.30706625624,37162.26751579345,40584.567033856125,44974.174206739146,49437.42750347847,51274.24689930284,46690.557574395214,45819.186072902026,42283.756830140366,42737.71819436393
D07A A02 Hydrocortisone,11540.194674586555,11544.800664080754,11188.93656040611,9371.524009722301,10174.514596790617,10988.445528622811,10961.40090017488,11215.712995181391,11182.3618879717,11189.399654005952,11691.30561506161,12271.687995203036
D07A A03 Prednisolone,7428.009914694729,7191.414639876338,7730.929761913234,6265.088072666043,6425.518987380982,6518.1584627130915,6926.240886745077,7283.310812548427,6976.69704785063,7521.257195886966,7253.6364263299,7592.672275939558
D07A B02 Hydrocortisone butyrate,20297.53658330708,20305.63785394394,19679.724265247853,16483.157935591233,17895.502465009173,19327.089481606974,19279.52188411118,19726.820148787727,19668.160365502335,19680.538780041526,20563.31891444789,21584.127741804128
D07A B09 Triamcinolone,7587.9812265107175,7321.4941593731055,8204.343981322278,6784.073379766043,6802.99819755863,6695.875460460143,6547.598069520872,6931.550897209512,6793.360715559433,6754.418459002192,6989.916210985052,7496.888025086399
D07A B10 Alclometasone,1135.1549359899095,1137.2925869000105,1134.876523410253,977.2614884006084,1002.2544761750548,931.0434821767734,843.19810276031,825.9260150093012,847.9633605906557,909.6930528379013,1044.3450224178591,1077.1364138639874
D07A C01 Betamethasone,19482.85037462318,19504.214845849157,21599.77124809917,18306.575889194362,19183.76869818467,19803.08859597987,19951.158479888894,22361.67438322471,19471.44385599326,18551.354984543774,18626.704400527953,19438.43732605719
D07A C04 Fluocinolone acetonide,85274.77990051682,78626.9993798158,83176.85481565846,73778.42461673601,74130.34951000148,80715.68367701732,80636.30566303346,76355.69910424977,70236.72770962628,70126.21324633095,70840.74552809812,80330.5436059153
D07A C13 Mometasone,45592.09204219135,44551.22527092563,43740.54467831429,37529.68644992805,37599.35088020932,35179.13434540223,34069.49469517406,43685.40078806929,46586.311206369544,46365.33348421926,44525.71814135247,48343.90168950215
D07A C14 Methylprednisolone aceponate,4585.562503861827,4692.925221964999,4901.1305300402,4378.486310093023,4324.1312677279475,4272.6707674285535,3970.9251007817006,3889.908901056884,3426.302274869694,3545.3401075126085,4085.909907219604,4549.834480577865
D07A C17 Fluticasone,7019.231688639951,6529.209143414742,6720.9458383032315,3276.9838213377225,2843.1295476317887,1778.2147942228924,1061.5316805519724,1400.9712102873314,2681.9189220965486,3921.224782885188,4393.406552531205,5600.797530331822
D07A C18 Prednicarbate,1640.9404792388161,1651.1724711282118,1671.4306859789895,1481.1714791988727,1460.4719351140398,1415.3625211854348,1346.8080113818116,1360.332624878174,1397.8333370145244,1337.563328062866,1463.1355422408,1534.4943349224081
D07A C21 Ulobetasol,116.08111988641679,131.44792328084924,146.02990164865534,159.86629624116648,172.99438624714736,185.44958689592445,197.26554265535805,208.47421576991525,219.10597037183987,230.39165238676358,251.36266544403642,274.74104299154095
D07A D01 Clobetasol,44932.45390212775,43777.46192342683,46189.99001626495,40380.75816633426,42457.92716218856,41516.31563467082,40019.12888845546,39864.22916728201,38567.15266614208,38540.611941028976,39726.387436737314,41814.73670910283
D07B B01 Flumetasone and antiseptics,8884.822171393953,8556.712903722597,9066.805467357113,7527.60389603633,7820.795416751307,7884.208611094893,7901.397944341363,8094.661388710143,7427.526121976772,7476.121486361675,7730.732555641203,8472.829788836429
D07B B03 Triamcinolone and antiseptics,24995.255859395747,23857.04035876511,25221.16353158652,21695.062443169572,22477.309945761936,25316.911521161757,26827.42595480753,25635.477075050076,22900.746744570035,22255.308053511926,22192.24027399137,24877.70362370084
D07B C01 Betamethasone and antiseptics,26433.50273158445,25569.721919154217,26331.275148231995,23870.020010516164,25489.35897936544,26393.514033466825,25581.925955769875,24554.802572634268,22611.03694514773,22824.185122180454,22059.777542828586,24265.472558369038
D07C A01 Hydrocortisone and antibiotics,22060.301509191515,20969.659533979393,20314.190340861653,16998.250173419416,18205.318026517587,19183.436296048083,20243.704098724436,20753.312327917487,19852.658498323875,20214.10222170095,19975.72678745457,21482.462827109423
D07C B01 Triamcinolone and antibiotics,0.3171668032716471,0.0,0.0,0.0,0.0,0.0,0.0,0.0,0.0,0.0,0.0,0.0
D07C C01 Betamethasone and antibiotics,110622.66110017187,107155.52172808677,114204.22960913499,99931.08169268988,104251.2599382501,107403.6471134146,109335.7050322625,111049.6459460571,103221.11805580914,102555.83832232705,104953.5399142577,109830.61576651853
D07C C02 Fluocinolone acetonide and antibiotics,606.4832330567876,587.055723487565,689.4663133314924,568.0773827059398,420.083635704803,482.363635603199,505.281833021221,527.438988454944,424.862910301228,431.3654452775603,517.5856707579314,617.4152486415338
D07C C04 Beclometasone and antibiotics,1172.7877277502362,1103.179402626561,1032.4209679791336,493.5964457127059,171.82625335107934,0.0,0.0,0.0,0.0,0.0,0.0,0.0
D07C C05 Fluocinonide and antibiotics,43038.94057405832,40662.89354148319,43502.338470688424,37868.06296931797,42807.01472348695,55031.605882087504,54765.9389642333,51845.349185215266,43176.6863172662,39045.12337817231,39548.499582162534,42996.31910062008
D07X A02 Prednisolone,614.338812373842,414.55594606992815,627.1594690013455,36.05690435892304,4.53923497592199,0.0,0.6080681258837362,1.678428436509511,0.2867918169912351,0.0,0.0,0.3475108272725578
D07X C01 Betamethasone,45960.88587171305,44957.69896881315,46437.655607315675,40328.35747894015,41516.70953706218,40123.93054438225,39334.27511106076,39392.82332522602,39130.63845738067,39372.05752392685,41015.483737986244,43052.24407005621
D07X C03 Mometasone,5883.013274174496,5698.040180053732,6053.140302367568,5321.873797829083,5563.865991808743,4828.76114460292,4341.382664448706,4781.975277935785,4605.420766335894,4784.5089546664285,4943.665702941304,5192.36369917165
D08A C02 Chlorhexidine,224527.70743029096,242003.81100321107,415486.36289646785,213164.06704679827,225942.02795339754,266244.8701371718,293239.0345996691,305310.62149551726,272292.0997471131,262231.42073088256,250512.28444179182,251382.91797473002
"D08A C52 Chlorhexidine, combinations",43549.177562147706,42848.16492485358,41276.75540344808,38026.98008471127,44137.34722554436,57421.20446488862,59915.85108681731,57083.61911924548,48693.32898432614,45622.1049213793,43797.24804898417,42472.77241644084
D08A D Boric acid products,116834.36096516342,116587.2809864374,167780.53818443313,130041.75840031463,190125.70348318748,251979.99878970222,239124.43270867673,189562.714209488,146372.5184130442,121479.80018420808,117316.26574459928,113144.18630475641
D08A F01 Nitrofural,125310.08940974325,125607.66694017223,139856.55005253985,83411.6892304584,77979.41966081773,75272.9146931296,76519.47380700357,78513.41218612717,111565.89837745053,120455.96761853369,117168.48729942463,127533.74173216186
D08A G02 Povidone-iodine,89726.67505203509,91668.08424478657,94255.86938774581,77411.21662432021,84317.58202934868,97467.23034784009,106727.18925720527,108323.47371597211,102805.37849685215,97850.32105567039,91893.37724513705,93015.09338070967
D08A G03 Iodine,255885.4686098828,313312.383744177,445864.60317949805,317844.00950523926,377213.90051848744,477678.3514565956,398531.0406782527,382286.33275491674,284441.03235913377,272326.3319756911,245873.60674731052,237079.70286703325
D08A J10 Decamethoxine,61606.07712879189,57053.15380363924,63438.34974957072,27518.649601003028,20200.533473165986,15119.199788742095,14677.163061493959,24491.701110370574,60005.04816161829,63692.59422857495,54215.3129705576,62195.388797218846
D08A J21** Other preparations,79260.78960733583,78265.57323274836,79945.23199680426,65493.03045686871,68098.9627260032,70583.64287591868,74570.45218292548,79560.08484728161,79806.2705862275,78969.7388369856,75492.9701902627,80892.67553685818
"D08A J57 Octenidine, combinations",2032.5869801796985,2170.169707983433,2026.7587133995237,1922.5767409054997,2374.3915860833845,2804.6702853987968,3099.2356680242287,3293.761997297679,3242.249883889542,3112.2262163361365,2471.9505054665165,2222.2447599439233
D08A X01 Hydrogen peroxide,398008.47408403014,498301.9599017992,793370.872450964,489822.20679495437,521346.6039440292,637235.2301579339,706715.5487834279,668794.040599931,518141.4366478928,456819.16351574054,425055.38906247995,433765.3745541662
D08A X06 Potassium permanganate,0.0,2148.557438488847,3398.161627830603,1369.9279849166787,1860.2052761982081,367.046914836102,492.3968313590891,70.03897019014778,0.0,0.0,0.0,0.0
D08A X08 Etanol,707560.9829397829,748194.1689077184,1235167.4115438615,828436.3663145714,756079.622792934,725840.554637419,743842.507974802,742250.7725065035,739758.6339936595,818424.5862451792,820197.4251081899,797933.2380603934
D08A X09** Viride nitens,71227.63283853757,117481.36741118736,135596.68374877365,126589.26109830929,124314.88005740424,173721.40390414672,177709.09286100726,143956.52030596219,101119.76414139268,89919.41308920356,81398.00452691878,84357.6415565575
D08A X10** Other preparations,214087.36689739363,196414.8309046315,211812.22158025348,134065.7079403039,131402.51661566153,133158.2243201799,153299.82252060136,177735.84779389383,208420.65161984894,220538.65975681003,205245.85473941918,213696.98610407108
"D08A X53 Propanol, combinations",1483.0994487209005,1703.9758254347182,7523.507706481711,662.9921520754623,413.7383567614784,776.7528783668648,1410.8690653768062,2159.745818318105,3072.8024105597665,3198.78151810919,2204.3619096688844,2326.2855033445735
D10A B02 Sulphur,16053.911364912294,15690.211903917118,14360.707157182658,12175.40578185678,12572.453103657757,12636.660983160225,13100.576508823882,14591.325751416492,13799.511567552265,14898.867042522566,15697.05864456049,15122.081548252512
D10A D01 Tretinoin,1499.1161900790416,1532.93785381787,1529.5297080098221,1536.8009145642727,1572.0804030087222,1590.2017169651713,1615.0080913312192,1629.816514024947,1458.9253753808184,1700.5881876664048,1602.3817606957625,1394.2291423201382
D10A D03 Adapalene,2351.1465834603387,2228.4281674315757,2211.901693291533,2356.757972662466,2109.48725484218,1551.4497392689188,1355.732385493277,2011.9355611557314,1792.9955603686624,1472.9554184219744,1448.3667635475915,1796.087698331053
"D10A D53 Adapalene, combinations",24862.013722751173,22708.537307527753,21845.201237767396,20610.661621120416,22394.446514869935,22538.345437447133,23884.367082571465,25475.354790244208,25314.569018240876,23725.73980926762,25335.170050150788,26236.332160379872
D10A E01 Benzoyl peroxide,1230.3219223620345,520.1497575318999,333.7429119139724,0.0,121.9249757134587,84.02814519775688,297.41716703137627,802.4896707444509,391.48895996109013,102.91327758057946,0.0,0.0
D10A F01 Clindamycin,12752.606711559798,13015.474631153009,12120.845559332,10976.153147437752,11779.500752501888,12504.786911621943,13628.745004927801,13796.990037880898,13430.370295636845,13873.033951118741,13369.963907558535,12748.806525979418
"D10A F51 Clindamycin, combinations",196.94348663299957,0.0,0.0,0.0,0.0,0.0,0.0,0.0,0.0,0.0,0.0,0.0
"D10A F52 Erythromycin, combinations",2098.293044476464,2143.001598874316,2398.05284083661,2212.0646328504586,2308.251664905548,1868.355688993633,3334.932106708113,3201.1508393237086,3437.933023860198,3645.612769933402,3179.0849652359766,3552.875919922049
D10A X03 Azelaic acid,14607.45025428343,14094.908057120887,13756.072463269706,14188.460952067622,15270.659906984802,14980.988834797407,15875.541740926348,16474.600229708354,15509.138384612808,15572.257072415236,14811.514986536025,14614.26348171152
D10A X30 Various combinations,4036.3847806305253,3760.270590251727,3734.4912972604657,3471.6245487913056,3398.579931221295,3073.9893888879974,3357.237938735596,4497.775422719861,4094.3678913858075,4006.9910933008346,3663.572450043674,3566.8518204658812
D10B A01 Isotretinoin,36506.098663392746,37427.0440515997,35634.68881754832,31966.809992351482,32153.047555566474,31308.490087772705,31253.252340520612,32432.504727783096,33644.844742834466,35311.30830428524,36117.22103481546,38495.825475971156
D11A A10** Other drugs used for hyperhidrosis,78154.46244761709,79199.26254539427,107955.2679701405,115848.18532982522,136708.7764788596,128311.13617183625,107040.00545703497,97552.46068373603,98154.03648638193,96990.31042417685,80461.4019077623,71505.60883357846
D11A C30 Others,17759.674369521417,17637.658807211872,16350.508363365905,13737.9988142908,12071.865181032384,11340.783080427318,12006.111005944931,12711.624552360689,12724.654195494964,14550.19071600405,14994.280738412988,16670.657162341802
D11A F Wart and anti-corn preparations,5587.948890839725,5501.204006523362,5810.074659570864,5634.493432111398,6290.2518273334645,6483.4166149914545,6714.635522608214,6612.220936208412,5987.579497663851,5593.290111564546,5352.810879642503,5305.321498620906
D11A H01 Tacrolimus,3819.426665959408,4013.7667575284154,3889.0783665015006,3618.066486340291,3744.2211613049335,3555.0094991365154,3785.922195787509,3700.9481426647976,3301.3331825609334,3295.2359445904194,3270.1456714113833,3962.984827161702
D11A H02 Pimecrolimus,9719.29026151889,9337.693930822046,8724.790014361264,7910.448829289332,7683.792229328479,7422.670897456491,7209.636180055594,7126.65355423157,7187.545001669045,7606.703707715718,8601.35462064975,9836.270499093667
D11A H08 Abrocitinib,0.17914235851398266,0.17816850550451896,0.17698870067405276,0.17564413438678456,0.17416775893407477,0.17258593614901163,0.1709197554980659,0.2591860885544141,0.1953984325765974,0.22556758537144872,0.23570218518443461,0.17780914261192804
D11A X01 Minoxidil,8127.406524725908,7889.041827668576,7676.866381968695,7528.940525058396,7648.318977498192,7510.957223820585,7890.539874331443,8173.531008821341,8540.792503091332,8954.046339152406,8781.59089991501,8909.77524914407
D11A X12 Pyrithione zinc,3069.9334406074877,3109.7445109939054,3129.748572137716,2707.8338258874396,2947.002033721896,2692.9434048241374,2483.7281065406064,2522.540272748458,2593.384410549416,2637.8161256248577,2682.727102519889,2820.948288870589
D11A X18 Diclofenac,28.245305866975272,27.500387202754094,30.306750851405468,27.23376089156218,28.637022026522583,28.409818405500374,28.521778516947258,29.224290569628216,29.614258256021717,30.637264838344468,28.427501389360728,28.90660903638123
D11A X20** Various,27055.925022483814,25448.811601668625,23657.23614685075,17951.703747623516,18976.773391449828,20052.25652937285,19955.35372906095,21833.55816989796,21112.776355379392,22802.62239743815,24087.205472499554,23445.26454048441
D11A X22 Ivermectin,2006.899269597588,1711.8452392896438,1561.8582541652668,1592.3137051877434,2142.847905127703,2160.573504201649,2030.0274225827845,2086.643596409671,2041.9107745931583,2216.1075562619267,2215.6128207189195,2162.6676714064924
G01A A02 Natamycin,19539.930280320288,14796.048372254201,11810.044224643601,10724.358845412464,10303.37780386008,10844.620125401798,12891.670168161392,13336.958213549216,12030.003245763603,16321.158883922639,16266.537400703675,15326.058168349064
G01A A05 Chloramphenicol,2577.387180027238,2499.4581653438513,2874.949088503496,2335.4748222289186,2556.407339014196,2893.241227748923,3274.5630003547003,3283.484078331758,2967.753759058304,2786.2076490408076,2531.1357385352203,2617.730347075702
G01A A10 Clindamycin,6929.27726561858,7072.109608863869,6586.0024914137975,5964.02054801434,6400.528818210904,6794.62149331103,7405.33720340915,7496.755100021484,7297.54799652351,7538.0744452428835,7264.725482579772,6927.212390558691
G01A A50** Combinations,13687.269337309928,12998.927701757719,11620.296905770723,9212.986768200059,9536.582580156646,9742.113839068148,11695.931645932502,13132.043538520998,13060.457779361013,13576.279458153234,14162.678256854313,14276.368641456098
"G01A A51 Nystatin, combinations",271.7179703577208,258.0530977293197,230.6846904505119,182.89506868722566,189.31905254216628,193.39923355857027,232.1861819152317,260.69569678223615,259.27458518531256,269.51461306624856,281.11273881762054,283.41269655306303
G01A C03 Chlorquinaldol,2154.868315939286,2394.128881394796,1742.8473478742362,1095.6337351728203,1137.7092591267192,1224.0520924048706,1620.2551731424237,2001.190851847498,2304.9110089265896,2339.2051487048943,2462.714874642571,2411.993069507743
G01A C05 Dequalinium,12422.94724091348,12471.35461274588,10365.296347611074,8467.705572902507,9636.30559053493,11116.653442040148,12534.640760643599,12946.63485292564,12893.157564150548,13439.03597052975,14326.82733303239,13582.601060433783
G01A D03 Ascorbic acid,0.0,0.0,0.0,0.0,0.0,0.0,0.0,0.0,0.0,0.0,0.0,0.0
G01A F01 Metronidazole,6656.948942461,6463.095382449812,6092.378752936639,4808.997800319325,5766.11384366158,6708.683353765362,7990.237502974824,7099.542499175786,6401.2554640860435,6688.890832274252,6431.01168383458,6554.15747155524
G01A F02 Clotrimazole,39252.502100494174,36600.11582509058,37505.66768486978,32557.10265112876,35970.366628150034,39379.03776697174,41276.108578071784,42429.94426176559,37880.45122059708,37716.85412971547,37406.312696262175,37713.56244625644
G01A F05 Econazole,0.0,0.0,0.0,0.0,0.0,209.44620827740073,245.95139699598948,284.1069969193739,75.87157176695081,0.0,0.0,29.895674122858196
G01A F11 Ketoconazole,14259.049242716123,13812.640076169611,12592.77480815962,10625.444193018246,11148.218831818234,10830.659908204314,10869.291511756872,11134.164215892884,10863.271502273185,12268.37608768275,12483.901919184658,12714.31903085023
G01A F12 Fenticonazole,5441.475977683442,5522.407975960929,4811.957451749264,4356.642973211744,4704.436565053443,5037.654967537115,5645.355892791887,6159.013119604008,5879.460291054563,5890.284040488015,5790.881111321009,5545.531574979703
G01A F15 Butoconazole,56.738231397737145,32.80019268243478,4.795079076127875,0.0,0.0,0.0,0.0,0.0,0.0,0.0,0.0,0.0
G01A F19 Sertaconazol,6427.442852722291,6100.93639716285,5659.863837603503,5010.407762471902,5458.843996942185,6080.9168131251245,7070.68315667453,7448.957720824552,6960.561319621109,6862.794386328619,6684.133361932147,6462.400087551534
G01A F20 Combinations of imidazole derivatives,23931.69687132555,24449.350640575398,21634.22092604204,16496.411317682923,16821.944689177206,18532.03617074165,22163.014530597262,24440.34679308581,24331.094577680706,25473.36637996068,25396.935396388708,23686.285384135197
G01A X05 Nifuratel,5681.42865316305,5898.105051503058,5059.036534554059,4137.082485373853,4308.260010408683,4599.139994815542,5055.708746720022,5412.990912622601,5401.603409723658,5895.498171783498,5969.819545810364,6061.480209410851
G01A X06 Furazolidone,13613.111632016578,14686.96159531247,17070.35888442654,12649.637234195148,13656.078032487385,14829.059189598538,16172.73303376481,16943.861027575185,15640.013541100845,14992.003270398718,13817.505172314377,13614.466012324256
G01A X10** Various preparations,18310.23968640799,18760.546902608363,25164.036490101207,15122.311730275102,16095.685085972733,19025.02118283145,20769.721748995624,21485.302237542634,20241.24739807078,19826.353285417914,19359.41396120458,19704.3446559454
G01A X11 Povidone-iodine,7156.381038861376,7311.223107038098,7517.618546510037,6174.130073628653,6724.964955265927,7773.74887420167,8512.300640676754,8639.616400752822,8199.506567485952,7804.303255895751,7329.1919279596505,7418.657274568577
G01A X14 Lactobacillus,12034.301979243579,11723.958871242065,10241.867420795283,8454.135696392292,8653.66375282433,9406.215233924391,10430.125054758873,10522.164747380892,9633.979137432936,9283.459685429007,10604.99915978029,11539.281375215753
G01B F Imidazole derivatives and corticosteroids,53527.09849128528,50998.3405220996,46331.478840386844,37320.92323655596,38943.06289503057,40918.22636334957,47579.12247954409,48367.70431403902,47129.283123174275,47929.647912021814,50040.53348463915,50397.65408427233
G02A B01 Methylergometrine,5.7662168559745375,11.462610851428881,1.1909516660196608,23.807649935919564,32.40543417006678,24.55928717561183,43.51239519827514,34.216107234633085,32.41590248194673,34.405364298024935,27.45615936911478,30.780021044213935
G02A D02 Dinoprostone,166.99001291952771,165.83419995036172,130.03305932773802,96.13245658234808,113.27268413874532,148.6463759365721,197.0168391275426,191.07271943302817,193.65293343012567,237.24981438051265,207.2904288935315,181.9940302566556
G02A X Other uterotonics,1243.6250034112982,1198.2439897184995,1005.9890150521181,517.9828716068707,510.57059313853085,337.2514066517166,400.97989375012287,572.2837197167055,574.8394167778295,561.2358107145866,717.1847621518498,956.802959589518
G02B A03 Plastic IUD with progestogens,5533.387221007761,4623.531408600571,4318.036563174896,3902.6985993419366,4345.352124048364,4548.157191841146,4872.518708077498,5124.750028109448,4806.887720625232,5033.719554300857,4980.463975895654,5155.236723326518
G02B B01 Vaginal ring with progestogen and estrogen,1187.6947944494743,1107.0206450219143,1145.9218586279628,786.6525626608986,902.0176590353435,1012.4678692829964,1034.7941706292156,1192.2053448542872,1151.0144173824417,1190.373808553062,1189.5770546376546,1329.0589846534251
G02B B03** Benzalkonium chloride,19120.67742998945,14924.766436806136,13753.970549733784,11682.266347550198,13020.336693277623,14332.389077333863,17220.02829205315,18760.290171302884,16348.161782176967,17058.53957835053,15785.494722763688,18916.216145768507
G02B B10** Others,0.0,0.0,0.0,0.0,0.0,0.0,0.0,0.0,0.0,0.0,0.0,0.0
G02C A05** Hexoprenaline,270.3310443766384,308.03985514597497,249.92497128019951,227.10953170633434,247.34004756599728,240.80852777248307,315.65257945642674,288.41348832233706,288.1422829338203,286.3517861417622,249.326656226871,298.4134198137131
G02C B01 Bromocriptine,1466.2046718847314,1424.4611050603257,1505.4421851934653,1163.586182892642,1251.6309146446476,1229.315433638917,1276.2813824269967,1406.8756750501257,1416.4182427412934,1449.2346304868922,1436.0492742760355,1464.975322900015
G02C B03 Cabergolin,15223.833472191129,15051.942679957707,14940.285390988976,12296.878504631994,13336.398740364415,13406.070273768357,14534.226445309514,15167.530727360447,15027.568297819194,15346.2136990042,15079.648164770206,15500.33628220102
G02C B04 Quinagolide,0.0,0.0,0.0,0.33752694415476203,0.0,0.4938769826594447,0.0,0.05191855662169687,0.0,0.0,0.0,0.0
G02C C03 Benzydamine,4041.117653907109,3951.9828848518287,3702.4323479758127,2612.04895831182,2461.976220062986,2222.7511289981358,2235.4452639086658,2662.4850859048333,4068.6361185970136,4068.791307024849,3757.6704696835795,4212.770000473851
G02C X01 Atosiban,1.0256323293357004,0.7529976029298597,0.4932673155534507,1.1686605794005867,0.4653526842265592,0.5974838618356004,0.7951662976710969,0.6744897400877574,0.35752598776934924,1.532332479662886,0.8149551669259789,0.7814308104847167
G02C X03 Agni casti fructus,3854.860980833365,3750.727739496422,3574.954179506806,3130.313102728093,3172.0262056906095,3255.491230920634,3525.6435937136466,3730.159550942782,3556.3149580687736,3629.2587275468427,3744.095138672476,3801.0425094900133
G02C X04 Cimicifugae rhizoma,10387.448357021969,9978.925851167583,9918.361258372566,8283.943383177513,9186.261958766747,10253.276692499432,11014.746598031208,11929.234624729917,10485.191382146708,9889.152176670603,9891.361760964726,9984.962049345699
G02C X10** Others,43393.58819750343,42831.733953258314,43481.676130475025,34703.939405177116,35576.19820020992,37205.97182720691,41687.741019979396,47424.259659866664,44692.413680203324,43913.1786917638,43904.42212030828,43559.757661333984
G03A A07 Levonorgestrel and ethinylestradiol,6154.106592506425,5751.396822521428,6103.374125356304,4843.950798150668,5088.306573104775,5124.553379413478,5597.484517404052,5827.53860368035,5641.1828205623015,5998.877057919696,6159.908302151266,6562.543096923079
G03A A09 Desogestrel and ethinylestradiol,19166.319188892263,17936.43276795541,19334.406279552695,14909.921737177283,15011.714351623716,15757.780691527627,17518.663611797518,19031.282996360194,18611.6155523571,19746.18904550138,19446.858488363574,20934.07589100009
G03A A10 Gestodene and ethinylestradiol,17821.74832316043,16816.951713239338,18069.130600406665,13779.81708524471,14235.397648219348,14964.69987370325,16187.543829194574,16997.517168691826,16983.631215393816,17516.227427859612,17492.555772936437,18563.820624102103
G03A A12 Drospirenone and ethinylestradiol,115871.45935582192,111671.14635725017,119161.703333497,99463.37188959864,100670.95050958416,101306.98158067674,105665.62261265503,111902.23841334187,110320.71882899551,111433.15453662263,110636.9492778285,117240.05684589743
G03A A13 Norelgestromin end ethinylestradiol,69.77303940129237,110.98614776271205,67.13383217343714,0.0,38.685291345331464,92.59234020430098,183.74437701306553,177.09400418166672,142.72770363813686,143.2622609249024,13.913104475904149,6.296577038294828
G03A A15 Chlormadinone and ethinylestradiol,1575.1560286896608,1465.633627875681,1596.0021425568236,1209.8195882320517,1253.7711310901343,1238.6797290625623,1284.549062406166,1371.505160944017,1338.6208818565126,1448.1612786802127,1398.0409581001936,1482.633121481513
G03A A16 Dienogest and ethinylestradiol,23026.82785806004,21965.382928980576,23872.030584438875,18653.668707527377,19192.000804720046,19322.55888119605,20596.661341098723,21369.419707742723,21037.35839977979,21868.230152131317,21944.4639527344,23550.710591938736
G03A A20** Other combinations,4463.887655912623,4153.508440054153,4522.96415923705,3428.548427855055,3553.10418363356,3510.336151772402,3640.3267985198145,3886.754611256778,3793.5627465661355,4103.992961921915,3961.95529944752,4201.683876824671
G03A B03 Levonorgestrel and ethinylestradiol,503.37596516714376,470.43626610582555,499.2262962861889,396.21159815630915,416.1987111860809,419.1635235167751,457.8469886900105,476.66429319705077,461.42129719406455,490.67894479213317,503.85051677722595,536.7840832310353
G03A B08 Dienogest and estradiol,26113.371928275432,25332.15907206167,27018.63570340074,22772.824324782086,22825.11253819725,23110.01722523947,24138.07909118333,24832.1187002485,24879.974903810722,25606.35038297059,25640.58888260857,27093.30859862904
G03A C06 Medroxyprogesterone,409.89536247518964,384.72313526893436,400.48212357071134,282.3236670714029,274.54618228955877,302.61559320093016,384.27284034128047,363.631313906743,403.6892274564636,402.430599842233,365.0611448518833,488.4428324638988
G03A C09 Desogestrel,1557.0377395887149,1404.5392201978843,1392.6246529208406,1238.159247334827,1300.459171101637,1231.4261583507057,1316.222396385582,1436.005635049104,1365.1204742155426,1459.8477937843143,1504.518297674953,1629.0321490230845
G03A D01 Levonorgestrel,32027.248192965984,26761.00226440604,24992.797935785435,22588.82157910879,25150.900416722103,26324.736257512548,28202.14088687019,29662.05590204086,27822.268696414605,29135.171470978028,28826.92815470189,29838.512910253376
G03A D02 Ulipristal,0.0,0.0,0.0,0.0,0.0,0.0,0.0,0.0,0.0,0.0,0.0,0.0
G03B A03 Testosterone,4147.129253903037,4081.9412374059316,4189.333225597522,3520.132417540069,3971.8665724833813,4061.0650978273065,4556.8491194917215,4636.990338212527,4186.878514578448,4139.291457060459,3943.343412435343,3918.791778124524
G03B B01 Mesterolone,54.28377730444731,0.0,0.0,0.0,0.0,0.0,0.0,0.0,0.0,0.0,0.0,0.0
G03C A03 Estradiol,13231.80499880013,12826.141444334737,12582.88761971213,10502.045578963749,11620.179365314754,12139.439813345269,13036.481190719389,13835.938911568392,14171.4493071973,14984.760242650138,14686.889209962115,14625.725402761405
G03C A04 Estriol,2809.8454461032898,2794.040412750981,2754.68464464096,2377.1762887247687,2422.4786625636416,2395.7620202065646,2562.9589648927285,2772.781579213486,2803.010329241917,2867.0047878364876,2809.9642132839685,2824.5780122137803
G03C A09 Promestriene,773.0805848219572,858.6934277033406,844.9874108164499,750.9263061149395,852.2295311617332,910.2150200071704,963.7439198915225,909.6647486070065,880.1903203873958,941.2444866197094,1056.3075284135627,1113.2268706566474
"G03C A53 Estradiol, combinations",0.0,0.0,0.0,0.0,0.0,0.0,0.0,0.0,0.0,0.0,0.0,0.0
G03C B05** Hexestrol,0.0,0.0,0.0,0.0,0.0,0.0,0.0,0.0,2.874910313717042,0.0,0.0,0.0
G03C X01 Tibolone,841.6622922284039,817.3074434207513,761.7287837133343,747.927075286106,781.7773278830284,816.0903492992717,816.5687857709715,845.6519542870365,862.0297084385936,855.7055310985446,834.2430085652106,886.0158098772486
G03D A03 Hydroxyprogesterone,831.8219089923057,772.874002962407,777.8602455738865,450.6978070984693,501.5324237535341,540.0362845129847,635.4163405559437,689.5985528257097,735.1116900769213,794.7023673132893,833.9230765377825,921.963011352776
G03D A04 Progesterone,51270.57935794231,50760.84780258399,49493.937329844965,40020.311723201405,41711.71160943423,41453.24348996812,45046.29336594289,47065.94483827035,47332.54718767998,51441.77223875534,52404.69585116326,53609.12271263727
G03D B01 Dydrogesterone,32979.43473235656,31961.03269445621,31053.338752549374,26248.27128743736,27840.389803761198,27840.75310523372,29864.14303482518,30139.9174669118,29401.354300994542,31624.653856674184,33083.296389631345,34206.85250441052
G03D B08 Dienogestum,14934.76686008608,14732.712123247029,15260.818753503485,13369.101677436354,13694.807636310352,14089.792823137253,14661.882192326475,14921.702907405555,14755.57549919652,15346.645592356996,15335.078486613078,15379.924421745647
G03D C02 Norethisterone,10271.140697673332,10130.62349330504,10667.018111916543,8913.85058891189,8971.428152614302,8948.217385682376,9618.755554242973,10100.958471197593,10272.62038686743,10275.691501509438,10303.21277532919,10763.421776491128
G03D C03 Lynestrenol,409.6969071605443,399.34299148517476,395.71711468258405,258.78006897821655,251.88488815242727,225.5751992295007,328.0659038288646,315.87572324606043,330.763234517522,330.6100992723964,366.8412468140006,437.01582058498894
G03F A14 Didrogesteron and estrogen,17258.43313042789,17031.432988097586,18609.187926455143,15022.177358734958,15483.730723107166,15388.298172474511,16331.572911018136,16622.62954816653,16222.540971187058,16729.411455850102,16928.374783507774,17696.253925611738
G03F A15 Dienogest and estrogen,0.0,0.0,0.0,0.0,0.0,0.0,0.0,0.0,0.0,0.0,0.0,0.0
G03F A17 Drospirenon and estrogen,3083.535514116866,3105.5227819038805,2834.547599856748,1967.4640579422987,2120.1294281339956,2161.2563280106096,2329.2040516351576,2939.758834258052,3081.890864079624,3024.4498916601387,3167.979317447806,3206.600661801196
G03F B08 Dydrogesterone and estrogen,23711.56679507636,23399.688596361604,25567.38489442057,20639.14836052654,21273.282024115528,21142.16610636972,22438.14250237589,22838.028682119904,22288.342221865874,22984.73761666859,23258.095701836108,24313.093999244855
G03F B09 Levonorgestrel and estrogen,0.0,0.0,97.98876699041881,0.0,65.55641967770322,245.45100131053084,454.63420093187995,665.7490949440473,635.5309444688688,827.2487584038131,904.4329438668566,551.1282265523787
G03G A01 Chorionic gonadotropin,0.0,0.0,0.0,0.0,0.0,0.0,0.0,0.0,0.0,0.0,0.0,0.0
G03G A02 Human menopausal gonadotropin,155.991896286609,155.1779237637672,136.30512401723598,103.61566249175317,123.49607154310901,139.29517705593588,153.67603973793948,161.53990815528454,148.61218116090276,167.16237783713945,185.06811344987094,142.00908021179833
G03G A04 Urofollitropin,0.0,0.016634098449928095,0.0,0.0,0.0,0.0,0.46665447349733746,0.0,0.0,0.45590567153979333,0.21778900247626218,0.0
G03G A05 Follitropin alfa,202.05257082886368,257.3921226248898,167.33555400336118,185.22288904778873,177.81094702498123,175.77678334838566,222.2432423487597,225.4065994907094,175.13827514591958,220.01060561173824,201.98865992604357,204.14609331913832
G03G A06 Follitropin beta,0.0,0.0,60.915663096039054,0.0,0.0,718.8574843308224,29.488552950917267,121.7463589445203,259.5467548369297,188.76602264838448,449.8611879950752,387.6602713699551
G03G A08 Choriogonadotropin alfa,395.59902257383123,395.63764678281063,327.2850903011471,312.07518926696946,329.1610125907805,315.17741540098234,351.1386818002969,385.98903907090164,388.01986903853856,425.43947716380126,364.74530781516444,397.6325164874081
G03G A09 Corifollitropin alfa,27.779689511306174,31.907151269822236,47.86311256327026,24.846673484663867,37.79231410841392,85.96481849404914,23.220013889192494,29.535362091942353,34.428432540777415,46.905280786480645,57.8327512696784,32.23071954287178
G03G A10 Follitropin delta,0.08718095019844513,0.048776946945510845,0.1884170674884815,0.3292924870681762,1.09475614587725,0.9622903960698272,0.019481119369207295,0.0,0.0,0.0,0.0,0.0
G03G A30 Combinations,192.98483850821347,206.54276928033752,193.03769806030405,185.2622252465446,155.92043115780433,153.83118004907942,144.74596332436678,138.44317410686395,144.604726895129,186.63495328800832,158.2617185645791,164.68371494810302
G03G B02 Clomifene,893.876802758947,812.5695113789247,757.9442270940232,648.4213484852188,692.0811944172912,696.1408199820656,786.5490692530017,843.6738174888671,846.6733648966756,903.4899516420389,933.785369857446,827.7006532488882
G03H A01 Cyproterone,172.25681545252576,202.111822947546,198.6377393631231,140.56958291514582,127.78696817632508,127.84358680482936,132.96519212719377,134.59398680464636,155.5153329661694,172.01072031494874,181.4949406135333,211.0434272719619
G03H B01 Cyproterone and estrogen,7060.393480632349,6464.3161343682,6990.093025347986,5425.138106122928,5518.155338733987,5610.860692813944,6015.374144069017,6444.306873064186,6394.3470242514295,6570.665513192332,6487.813472336163,7053.357007642336
G03X A03** Cimicifuga preparations,6.837333702765795,6.7190572922354,6.528566340571399,5.794388899145325,6.0466763669300585,6.749017841905126,7.851261304811782,8.426620510174104,7.443168482382639,6.6636149354241585,6.645620088593134,6.572405002107908
G03X A10** Various preparations,38382.29827309807,37621.335749217156,36548.03751928621,29633.43104771598,30124.76398089256,30679.337756367124,33689.75161426393,35597.135965233174,33107.53016742545,34920.36124492627,36875.678954227,37721.44653405505
G03X B01 Mifepristone,374.63751520968754,0.0,0.0,0.0,0.0,0.0,0.0,0.0,0.0,0.0,0.0,0.0
G03X B02 Ulipristal,0.0,0.0,0.0,0.0,0.0,0.0,0.0,0.0,0.0,0.0,0.0,0.0
G04B C Urinary concrement solvents,27644.850581178805,26724.485059651546,26873.934685049604,19267.43570546575,17853.011465783107,16617.949818021432,17925.945043796535,18609.49511093622,19235.06940000243,22096.594906772832,24563.12919015295,26086.547696560156
G04B D04 Oxybutininum,32100.081481953086,31172.10739386082,31393.40880207554,27695.72300733583,27718.254250232596,25176.191523238533,24811.592420331806,26385.991416694946,28752.202492473985,31867.495631785743,31986.33842192366,32212.607732722536
G04B D07 Tolterodine,18.4931119897974,0.0,0.0,0.0,0.0,0.0,0.0,0.0,0.0,0.0,0.0,0.0
G04B D08 Solifenacin,17511.89895977701,17764.363210120646,17653.638702365537,16099.643188131447,16155.644868714164,15371.75550515033,15238.968506269257,15566.45379913439,16367.446125396486,17454.224478376153,17760.13165272988,18231.752284182858
G04B D09 Trospium,0.0,0.0,0.0,0.0,0.0,0.0,0.0,0.0,0.0,0.0,0.0,0.0
G04B D12 Mirabegron,1211.7734573813625,1254.006692264882,1203.644412930798,1087.0277222226298,1101.687102415195,1040.1649393283474,1084.0503416179686,1090.0201962087656,1148.974412640503,1196.1833185449923,1185.6231760276837,1167.9577947729367
G04B D20** Other preparations,12527.23841526225,10781.999260698762,10228.595596620085,4159.927965386632,2491.412460756142,1439.4414779464391,1750.2181125933685,1749.767241205609,4678.253964990092,9556.75907842639,10443.040727379015,10707.512506113208
G04B E03 Sildenafilum,215406.47154635275,190874.03028673335,175449.02604186087,163108.81460878588,178329.27142514894,185249.38964106241,204473.6765766161,215458.65008788212,211725.79885971794,220073.7162400096,213275.19410706594,233161.817563534
G04B E04 Yohimbin,1422.9419528723097,1436.9285158227476,1349.8899242825698,1217.8880091499002,1263.4618351432364,1400.0798540373773,1462.9488272521621,1554.7673639234617,1481.3839513599742,1409.8473794086558,1377.347479947073,1340.610118477279
G04B E08 Tadalafil,7120.33244873611,7038.679184620807,6425.930057018476,6253.696238626526,6588.695067602881,6789.025614473878,7461.20633566059,7642.757596299873,7302.333288501214,7442.505325952198,7178.810439602901,7779.8664142133775
G04B E09 Vardenafil,1.1493773102211384,0.6390124372373839,0.0,0.0,0.0,0.0,0.0,0.0,0.0,0.0,0.0,0.0
G04B E10 Avanafil,2332.5711581499068,2159.8855934748935,2374.2699424573057,2323.595022365659,2366.8338870147636,2407.3005794564706,2610.80113413226,2454.998778595313,2524.539294888179,2630.3805086448947,2064.9478803726897,2279.628178477349
G04B E11 Udenafil,668.8269001765112,527.1746158525891,374.0374303495505,304.4515239032182,329.8770407022515,338.41009609757697,457.0579823699362,594.8033333439225,478.7110560792106,625.7798762235402,611.3183742951021,717.307414708451
G04B E19** Others,1484.801150013013,1289.273514063816,1011.2773537345786,929.2667739013077,886.6226584648109,911.0873145457324,978.6033878405894,998.0629949065944,1031.2214289895178,1109.8741246859763,1125.2458296732623,1241.5091420932104
G04B E30 Combinations,0.0,7.142428996938953,4.476311830270925,0.9182601641774037,3.4626608985434872,0.0,0.0,0.0,0.0,0.0,0.07019340547414199,0.23770196226717888
G04B X14 Dapoxetine,0.0,0.0,0.0,0.0,0.0,0.0,0.0,0.0,0.0,0.0,0.0,0.0
"G04B X50** Other preparations, incl. combinations",363869.8437209642,347121.2262361839,340971.5765353992,263260.9537043336,250431.93006963815,246018.28830045313,261029.73938440252,267802.5179766628,281802.63326645043,316787.6697386148,341979.1073643568,360744.54587060935
G04C A01 Alfuzosin,265.06266261040554,279.2713781183594,257.6346905080512,232.45888040313338,236.4141723025278,216.49274580537204,246.5715445909761,259.42292360278805,255.23596679556636,303.38314133311763,370.27882094648743,405.358104620512
G04C A02 Tamsulosin,132679.85839867062,131218.83938562387,137679.89659013506,111623.37156869266,110340.87316648732,105964.56045967163,111561.65710916767,116894.61444371312,122907.56752629804,130460.37720731462,132061.57376707645,136880.11822983454
G04C A03 Terazosin,228.75335301867176,237.8424380426801,227.15609411412348,201.76660702351495,211.80660540326483,208.27459215930148,234.38816961636755,231.5730196342571,231.2836877008055,253.85021020628093,234.21061626289804,245.24132916042842
G04C A04 Silodosin,9696.280395108955,10224.577440604757,10711.822070724906,9522.509706238186,9468.233796874942,9283.654419878996,9533.536848631986,9810.120092846468,10378.701411749362,10897.59480160625,11001.055458869436,11247.310220168598
G04C A52 Tamsulosin and dutasteride,9192.854589831943,9096.613473040574,9501.03930874062,8463.57434930751,8785.742734497904,8724.099197080624,8983.301733186063,9064.054239138071,9622.33311644433,10001.967846537123,10342.697536777123,10622.92543915697
G04C A53 Tamsulosin and solifenacin,1155.4416869549377,1193.1093842122855,1162.8274835019092,1129.8707044173534,1143.8652226334546,1101.7019786900808,1134.1677250191274,1161.85946356611,1233.3915958874416,1299.0208432282525,1377.1377825846466,1393.2456755535072
G04C B01 Finasteride,7113.500802146374,6881.67898259405,7394.782889441772,5196.465377409531,5253.029130273317,4946.459495053928,5403.399949367996,5708.19687530883,6138.83457855108,6848.743703634457,6876.614366190742,7366.98345872535
G04C B02 Dutasteride,7600.379688621591,7723.846100673437,7755.595936288795,7132.369710754964,7256.431036301779,7158.097202713116,7201.5900418160645,7180.131419072306,7476.667226851181,7658.315379048163,7715.6310067796285,8052.485814938684
G04C X02 Sabalis serrulatae fructus,14482.947117249008,13696.634656980284,13131.01954255803,9294.869904812946,8700.254248409597,7657.48617707964,8589.916973808393,9694.173264984118,11362.431551717413,13260.831834896773,13978.68891523298,14515.42023329467
G04C X10** Other drugs,18779.058981164097,17962.738618677336,15638.644636136645,11638.341529778832,10558.589446962624,8966.63537302447,9533.32622177868,10448.407593923488,12729.447340763581,15293.500544040404,16828.699219830694,17590.09378755948
H01A C01 Somatropin,382.0990610329752,698.8474626517118,549.0059693871008,0.0,69.11105831918167,76.9082022422773,119.5073028211539,0.0,0.0,8.409526858817514,271.66190427598644,377.78519165012153
H01A X01 Pegvisomant,0.19052622039365516,0.19870171257499236,0.20062312589608183,0.19630316429993594,0.20375389653241643,0.448986787902092,0.200012730452103,0.20084207162343254,0.20148464148501466,0.20194977860233682,0.346246354612612,0.2083827975711925
H01B A02 Desmopressin,2292.919667960902,2783.248428724568,2877.389838335779,2291.8465670250257,2702.8683509767,2698.484179138318,2435.64164266789,2586.782414491825,2753.8310329512524,2814.2943287190706,2981.234966333603,3382.370677425508
H01B A04 Terlipressin,25.107576881669893,26.13234173257246,33.18840512760406,20.181107357938846,17.154320656516223,7.86554280968765,21.753172046534324,31.381926950321184,25.370382387660207,17.320598251840963,20.8838224574951,32.05025333632793
H01B B01 Demoxytocin,1645.5486854558517,1578.382057774975,1437.7599212874006,1162.0305777544677,1272.170668585249,1425.4531069070015,1671.8314232215293,1667.344041930279,1652.770102554406,1836.7165167108337,1659.9680136931045,1649.7339769360467
H01B B02 Oxytocin,5402.274159145344,5643.327087565067,6063.958834151191,4390.348157995394,4248.913180234774,3543.71251594957,4102.1824494660095,4449.608150894014,4295.3369318380055,4474.45553832218,4040.9854790695313,4084.0083873669023
H01B B03 Carbetocin,44.80990638985756,40.110346421560976,46.593828205189865,35.232143390359184,32.545125296760816,29.743040580148307,41.08490256512449,36.40672191137162,45.67170714663551,44.92842509311279,44.83692920856083,50.86486225918541
H01C B02 Octreotide,4019.452048339463,3732.6516459360805,3569.450049714959,3230.4330984396443,3235.5962631209773,3463.5391205676274,3623.7053322265306,3827.0798272552374,3631.6949489797867,3692.56137206101,3669.9636362275724,3948.9201732624056
H01C B03 Lanreotide,6.495012450481228,9.40057894077805,9.332195289447853,11.623051524816034,9.986499669542924,11.456021341756779,9.589201835960202,10.243709387755285,10.161278585623693,12.64169710035076,13.11479506856476,19.654436599568296
H01C C01 Ganirelix,0.0,14.831521509093676,115.35201011720453,0.0,18.67047020079744,422.29330816476045,0.0,120.15203132078031,130.57869615493948,111.29034105366442,211.69117000404202,91.50254619574169
H01C C02 Cetrorelix,8.427414605830393,10.63411008365777,4.354946432577074,5.690695478369923,7.298374681661607,8.049198010952358,9.070536641042366,11.621887511771774,10.55084817501271,15.881096672262856,7.354375436720385,8.55247841494381
H02A A02 Fludrocortisone,1096.595512938134,1161.76692856754,1068.4186306181607,1008.6017618057539,936.5040363029248,1043.432025447758,1182.298986310721,1071.6723245481876,1131.6927646852573,1247.9452863420097,1253.737873214508,1210.8801122596028
H02A B01 Betamethasone,31672.20809353123,31706.93915009977,35113.570991313485,29760.00276621738,31186.007311254478,32192.801917909328,32433.511058788434,36352.15539651126,31653.665137817723,30157.926801755373,30280.418240989824,31600.00822086361
H02A B02 Dexamethasone,92977.10448174032,90855.63912528628,103207.81129543937,84898.56069564087,79057.8596587604,79744.12063054493,80239.84185787893,99624.3732679271,92709.638918764,119894.32279316096,114223.6102764219,102803.92133844981
H02A B04 Methylprednisolone,45317.68249768914,44942.80978564968,48223.75160590418,41402.14985199387,31146.220038751693,24519.06057804403,26767.987799363967,28678.714366306023,33438.68760974573,61646.18819438359,73101.85665197994,57271.389807943095
H02A B06 Prednisolone,32144.837005064066,31120.967000507393,33455.72770476205,27112.273304834103,27806.540768570652,28207.439645791346,29973.42315359321,31518.649223048546,30191.77303374491,32548.366172299033,31390.232820920057,32857.416124353185
H02A B07 Prednisone,11873.59230297325,9938.091403454924,11269.4971010117,8556.001276228559,8786.89983357348,8002.568696620854,6434.332604230191,8065.650147489096,11337.891799267656,13791.55313786194,13400.529025908807,15657.206153517733
H02A B08 Triamcinolone,2938.7276087937416,2835.5205925655414,3177.4369822788185,2627.384431520112,2634.713770230672,2593.2265108867737,2535.800583027235,2684.500578654648,2630.9812973126654,2615.8994618313563,2707.1047145727543,2903.448382605915
H02A B09 Hydrocortisone,15031.381282342723,15037.380694503614,14573.859135477194,12206.63555156291,13252.550115459857,14312.71474169486,14277.488462303283,14608.73608615597,14565.295466409658,14574.462326035497,15228.206918847447,15984.16893608022
H03A A01 Levothyroxine sodium,179782.27032819818,201711.2173491456,244648.41373044913,194615.69800003764,153321.0185802542,152115.25260897318,158452.04219649406,163264.07983105644,165327.10350325206,181050.60160555432,181121.0856519418,188868.85125359747
H03B B01 Carbimazole,2566.780287568857,2663.9494273695495,3019.6724770817336,2307.8674547231135,2341.606374707847,2270.623248567266,2413.6052855264325,2590.187052965395,2462.0814047881972,2712.6070241180696,2675.3944574535985,2637.620541993653
H03B B02 Thiamazole,16386.070615480032,16863.836735808163,20433.89871453803,15040.534179989267,15031.684034817608,15308.025001147638,16263.473656679014,16876.819663571467,16534.189951552777,17234.017664405175,16918.507717154454,17791.40884182122
H03C A Iodine therapy,35828.25494486273,37746.677281344375,35111.504824731994,27100.277851217175,29548.204125543165,38136.46814895477,31145.3771735365,37324.21102738028,36133.61070178069,37902.44862856546,30365.797902164988,30412.840702307112
H04A A01 Glucagon,48.25775185868058,55.05220686710635,48.53956598359967,43.72164838654705,52.56990941865766,42.52751335409884,40.12339161220453,31.82028932844176,49.734802611184264,36.43140834713097,49.33448804564104,57.160346914201824
H05B A01 Calcitonin (salmon synthetic),0.7345297049227766,3.386156139989925,4.19976365092222,0.5493560225466345,0.0,0.0,0.0,0.0,0.0,0.0,0.0,0.027812127345690607
H05B X01 Cinacalcet,32.8086346032485,31.902051502957363,30.944746512027052,30.61646400858537,36.55459949513462,30.39346937367659,33.48572676581276,27.167894168824276,47.937989580536076,44.37122739920811,37.2857791434483,32.73458202814305
H05B X02 Paricalcitol,0.04654191878541785,0.04438082607434744,0.04238937896856419,0.040533648347010676,0.24878649091284094,0.03712619202857821,0.03553537998424111,0.034000157411844506,0.0325094064170003,0.031054232684198012,0.029627520761029258,0.028223578285567326
J01A A02 Doxycycline,72926.68272539761,71026.3128779585,73034.7283799461,58309.69656147502,66459.08688663707,71486.34212670554,77480.73369869922,70232.17833623302,74681.04422619892,85565.73951811055,79941.4527315787,75710.07508229208
J01A A07 Tetracycline,30607.50140474857,31282.92873292837,33588.810959342605,27483.795622542515,28716.875179831382,28607.49089939154,33161.32975698027,34167.627749436826,33559.49303404664,33045.38373626783,30036.635409537015,29883.710472640705
J01A A12 Tigecycline,113.09831010589662,104.08869323787908,82.19055595352343,79.19200233609722,97.77071565221462,85.28964251516689,81.63674021558705,81.80677458598154,90.39715829235547,115.57582146751295,124.01510821769729,116.54769382790313
J01B A01 Chloramphenicol,115292.63178006414,111806.68241843973,128603.28056871987,104471.31917060434,114354.15381157538,129421.53127270233,146478.9571260794,146878.01806898334,132754.65324282175,124633.6658430439,113223.69527934793,117097.27717420745
J01B A02 Thiamphenicol,103.5010212152884,114.96713203290233,62.663273924003754,73.19144067389516,75.24642731081858,64.73246985736759,84.57735713161708,90.12612018802696,124.68038387016513,182.32344805288594,180.9391526360729,185.9325695396327
J01C A01 Ampicillin,38538.68345859353,35546.61538595687,37526.90044804759,20213.986017920237,15424.799994018402,12196.762695096997,18662.10957615992,19000.641801210317,30745.058701450693,38401.996941843056,34426.25985435699,35200.77690456819
J01C A04 Amoxicillin,133941.8174222819,119777.00980907067,123235.56983575656,75689.05157436001,66310.52228249761,59361.95336626243,70320.4187505291,74870.97917519722,112379.48163218654,136192.15691503277,120402.01885856458,134074.62413064478
J01C E01 Benzylpenicillin,28355.198251315815,25900.00372359758,28316.56408941966,20701.30237007398,21954.16738259411,23827.627780606872,29394.49928701375,29931.744880135924,30728.293742630325,30877.152820622512,28529.542871012924,28200.710899321915
J01C E08 Benzathine benzylpenicillin,0.0893121240365971,0.025770931952868073,0.0,0.026642308043989572,0.007056404481480261,0.0,0.02784495255816126,0.0,0.006584954235432006,0.0,0.0012811427872349759,0.0036141588379384974
J01C E30 Combinations,28132.25805558842,30348.66243654381,38294.45881104972,26898.222380396048,25502.047705614696,23919.63403553121,28152.52076920602,28228.05102588746,31655.714500974216,36179.07175078521,34410.442820375596,31861.85774578951
J01C R01 Ampicillin and beta-lactamase inhibitor,1836.1969353223944,1403.2063015877761,1906.9706582288661,0.0,0.0,0.0,0.0,0.0,0.0,1459.7391542336572,3138.6962493758588,2435.6815891184046
J01C R02 Amoxicillin and beta-lactamase inhibitor,303555.2277362361,286264.1829099902,276991.55152896006,203299.32010410257,187927.7650441833,177746.63267621445,198344.50446180606,199792.37237024607,249721.29957696467,310924.49662230624,295614.85433854617,312108.6137915047
J01C R05 Piperacillin and beta-lactamase inhibitor,0.0,0.0,0.0,0.0,0.0,0.0,0.0,0.0,0.0,0.0,529.9594680783168,329.5541720498025
J01D B01 Cefalexin,1831.1457851398918,1333.050467820897,1376.9497333321926,711.9694651077198,649.3571698946321,581.8736530906524,534.45515901396,683.731083119096,1108.2021417696958,1355.0917080566667,1256.2788804527333,1400.961737736078
J01D B04 Cefazolin,23406.249593885073,22983.661253964197,23381.414768468177,17577.714166512043,17740.126671387814,16940.1512617291,18418.15672044281,17683.764073854458,19824.788943024454,23869.666224801127,23363.41863666314,23432.19995259344
J01D C02 Cefuroxime,54402.93295453325,50458.04166729109,49710.23551357404,29572.486666677098,27288.67966523623,25731.26534016023,28457.091556176114,30415.98340506551,42240.94416025371,57567.60164048096,54640.44050073945,58845.58326502291
J01D D01 Cefotaxime,27810.319539674492,20931.061437124987,16891.40203688589,2441.962798495108,0.0,0.0,0.0,0.0,7536.1084679258065,21829.84803413004,19053.67356889394,21747.835478505545
J01D D02 Ceftazidime,16379.064404739542,7751.567908972454,2947.446220833359,0.0,0.0,0.0,0.0,0.0,0.0,28491.68867043348,31950.8256977988,24085.360828165598
J01D D04 Ceftriaxone,410060.72833465977,324801.8602796771,316136.3876800922,70910.60464482548,0.0,0.0,0.0,0.0,135049.54416409702,593583.6052984367,517747.9400503097,386437.72529620916
J01D D08 Cefixime,92862.89073089971,88474.54218752585,83083.48204396323,51088.32142024949,46753.79121241498,44316.957337283784,46196.442528315245,49646.87417227684,69842.79377858255,96603.28175476356,90330.92322684475,99263.31469564617
J01D D12 Cefoperazone,1571.1199996913647,0.0,0.0,0.0,0.0,0.0,0.0,0.0,0.0,12828.660670022677,13004.266333768359,0.0
J01D D13 Cefpodoxime,56618.92068420838,50656.9542976968,47601.52646484208,24457.567874912846,18146.671079323994,14019.628119207462,13032.585027468778,15572.628630432375,31122.587189157803,58788.97011249268,56414.335327515124,57688.459975887614
J01D D15 Cefdinir,5651.520078832293,5142.932580932075,3724.1041811670543,3452.5894599101925,2375.5164814598575,1501.0748972547433,1226.5016284458063,1282.447811953811,2600.8355573153685,6274.151752159768,5765.2007065904445,5028.957868690136
J01D D16 Cefditoren,0.0,0.0,0.8501598820596716,0.0,0.0,0.0,0.0,0.0,1.1633293976618413,5.814167429645345,1.0313487749320687,0.0
J01D D52 Ceftazidime and beta-lactamase inhibitor,46.670471560658946,50.12849909347248,39.892162797967266,44.26753543980705,47.25707523152283,46.60194874313942,48.402289230676644,49.42540329895038,47.36393623181333,56.660004256347634,54.433300354219035,55.70317891076012
"J01D D54 Ceftriaxone, combinations",341.51684588601387,0.0,0.0,0.0,0.0,0.0,0.0,0.0,0.0,1116.8736024247396,3193.3856307452324,1786.4594785159393
J01D D62 Cefoperazone and beta-lactamase inhibitor,4198.250067203307,0.0,1807.5136312860845,0.0,0.0,0.0,0.0,0.0,0.0,70995.82078407271,55059.795568304355,18976.49403947958
J01D D63 Ceftriaxone and beta-lactamase inhibitor,21.342056498008418,0.0,0.0,0.0,0.0,0.0,0.0,0.0,0.0,25007.61397326978,27981.80355201461,6770.057759554409
J01D E01 Cefepime,0.0,0.0,15636.38741605337,0.0,0.0,0.0,0.0,0.0,0.0,116814.97440569448,104042.04620135033,20798.377762076303
"J01D E51** Cefepimum, combinations",1353.1706100610572,1440.8626883469658,1429.0751656499488,1447.3793220191524,1472.9446735012655,1461.279160340643,1450.6573257694213,1600.0344858581307,1580.6248908737741,1601.9198785700055,1635.676019812795,1669.291256924815
J01D F01 Aztreonam,1095.4470109151587,1129.507587544217,1068.439774382334,1190.3204493876988,1094.9443149268614,1152.399132893062,1072.3739128008935,1241.6506622620295,1072.196187365809,1279.5843329837035,1258.32497501289,1244.28201417111
J01D H02 Meropenem,0.0,0.0,0.0,0.0,0.0,0.0,0.0,0.0,0.0,3005.215930599585,5555.811246078981,467.4761195239152
J01D H03 Ertapenem,17.77218004516279,0.0,37.343489711980496,0.0,0.0,10.245088449925214,0.0,9.050786411950922,6.3532866647698505,30.76921523601637,31.97188646200498,22.03435181178726
J01D H51 Imipenem and cilastatin,0.0,0.0,0.0,0.0,0.0,0.0,0.0,0.0,0.0,3216.840255623941,3050.451915736358,0.0
J01E B03 Sulfadimidine,4802.124894499511,4362.882566982204,4768.311442728846,2745.7868810866503,2330.249569533383,1839.2932580512575,2432.193746626046,2680.086075246367,4130.379075903111,5604.774614188997,5321.134982578193,4990.086015050039
J01E B06 Sulfanilamide,209353.2611190412,202447.16543356297,227164.6078607767,150915.36884164487,142672.19238454057,147350.26993119653,160159.307202253,177790.3250629498,209371.88476423928,219696.93894714653,197014.22445674904,206434.52152546472
J01E D01 Sulfadimethoxine,2515.735382411278,2060.1411287418487,3606.2636214458034,1721.6953232044755,984.6860735651292,378.661320097662,948.4243379934823,1213.396438684426,1878.921168030736,1580.856494599644,528.8269885300219,277.6699914537935
J01E E01 Sulfamethoxazole and trimethoprim,56738.12406712913,52101.17891892234,54724.92008521383,31436.65110310393,25810.54560227292,21292.940486465013,26511.69967867558,28822.16271730095,44696.806833058145,55095.851410520816,51517.75395734786,54325.07687966638
J01F A01 Erythromycin,9175.727272104803,8796.790958607422,10224.886673966785,5622.819212411538,4416.329209324605,4101.661173012326,6027.906310119771,5439.017585962991,8065.566572794832,9720.899728417571,8485.323819073028,8696.268257754662
J01F A02 Spiramycin,4555.886905323879,3487.4588732099937,3026.7291275966845,192.73041118383844,0.0,0.0,0.0,0.0,1023.0158343759581,5598.339457074053,5032.522235310327,3856.4671379771444
J01F A03 Midecamycin,1569.7178918174236,1283.5478756576294,1277.7597117434098,353.25662962564854,88.43041294505474,0.0,112.06895816312101,239.79782281587734,728.7019635516968,1343.717525153968,1286.5966234493985,1274.4537510993594
J01F A07 Josamycin,0.0,0.0,0.0,0.0,0.0,0.0,0.0,0.0,0.0,0.0,0.0,0.0
J01F A09 Clarithromycin,39903.48334073165,36459.172191698046,35450.96426346866,15970.596111882664,8064.465381611353,4026.064988391808,6263.048464813676,7821.055036948669,19176.48248565416,40296.80503561605,38318.47246658306,35500.27140235416
J01F A10 Azithromycin,449285.8989583357,403728.7283253963,441257.1004762731,230785.18656650043,144630.74001171006,112268.40202810497,168796.24452999595,208558.18582026174,417669.51203691075,647566.7908786917,502998.7658948517,453962.3494266926
J01F F01 Clindamycin,9604.262027055784,9802.233503427882,9128.469133747909,8266.376691561229,8871.3950279967,9417.623612813917,10264.100594320324,10390.809542363664,10114.700339873183,10448.079846766363,10069.20699154572,9601.40002567121
J01F F02 Lincomycin,39044.71203451121,37007.30210849605,37352.97012556109,30037.884497090323,31263.54675219089,32122.33891414854,37994.990601591846,37609.08430942367,37665.63563356633,38886.791450757635,38121.14926238786,39150.91906956925
J01G A01 Streptomycin,5998.426003840236,5861.504633830135,8159.703671414718,7699.09783507505,8839.41649959598,8564.617964805388,10424.668070565576,9385.710288766395,8869.862196919716,7755.159057035036,6779.959078719956,6723.358829660556
J01G B01 Tobramycin,651.3106337112841,616.445891629431,645.9048786128075,566.0932613972216,588.1680531868222,633.2840721378348,627.9379617242771,658.3811984400003,665.2478224103497,725.200036248205,708.3700689126376,760.1027253322732
J01G B03 Gentamicin,4934.163852285665,4588.363304003365,5117.165248817368,3552.469588108415,3369.6246429810994,3254.4390703190893,4123.424995629326,4075.12371931736,4529.73148170763,5386.796875059694,5179.303573181186,5265.076115118226
J01G B04 Kanamycin,34.02671807806661,0.0,0.0,0.0,0.0,0.0,0.0,0.0,0.0,0.0,0.0,0.0
J01G B06 Amikacin,13819.978389349764,11351.944497111408,9685.225801159015,4543.030462235376,1452.5622089347635,2228.4628241325536,2471.070534129083,3870.04951996459,7085.0179264712915,15215.047469514931,16934.365121788138,15450.744461444987
J01M A01 Ofloxacin,14045.621072538206,12366.186219712084,11911.702923973213,7603.165550157355,9642.222617323427,10990.637990220901,12389.092264199333,10993.033954903049,10727.412937568646,12617.703773092637,11679.119949691654,12570.288385453225
J01M A02 Ciprofloxacin,83080.48656025754,80195.85763473078,83204.40717290867,63181.5473309307,63293.184803969496,68243.49681178844,78417.65614593793,79709.31658331765,83090.15794490385,90753.73509013248,85259.03909355083,88016.75175856178
J01M A03 Pefloxacin,61.97228659163571,45.32806202697194,40.96424985753218,25.96232946355524,19.21370625626798,3.8217153763359164,0.0,5.310640713884716,1.5979066120443157,6.056510382286746,2.6874851310078967,6.705812309283832
J01M A06 Norfloxacin,28393.40657811673,26725.72867801714,27498.25003501655,20612.760926760173,20089.390297275306,21089.446745553767,25260.253951756582,24599.7096114266,24120.11856417597,27049.897885751714,26951.864677733043,28044.241007567653
J01M A07 Lomefloxacin,403.1004240852817,402.0851750506636,92.21283845147698,0.0,0.0,0.0,310.5856221915748,238.40330930674554,311.24612162739015,427.03263411241346,419.30330672894013,344.83730745066964
J01M A12 Levofloxacin,69538.11429256646,54997.776228350456,50855.486643044824,0.0,0.0,0.0,0.0,0.0,23475.273977531524,176686.06773123285,164374.9435921363,98370.08349389934
J01M A14 Moxifloxacin,11024.329099943594,7757.991288713719,11219.412523731058,9111.412062659181,0.0,0.0,0.0,0.0,4415.48876267927,29333.967328853752,25739.039778054088,15403.578900142518
J01M A16 Gatifloxacin,163.6109367877086,168.8028660805801,250.8023351608897,0.0,0.0,0.0,0.0,0.0,0.0,418.2959190336112,623.1529826914175,514.2929592636751
J01M B04 Pipemidic acid,7232.799211893244,6666.9464383077375,5948.6264585057415,4380.210313730551,3701.7872369768074,3428.5946146402193,3674.9531558373546,3761.5922278614717,3596.108924547173,3727.134920962141,4288.935557160522,5023.3559051856355
J01R A05 Levofloxacine and ornidazole,247.22561015086262,416.4828308278179,162.07681659416693,0.0,0.0,134.45516514795213,429.4979209494129,549.928334815366,590.3764751329138,916.084796611736,886.0184630195793,829.680405370638
J01R A09 Ofloxacin and ornidazole,18256.22161598636,18974.019812766597,16498.07185649254,11733.555777775047,12383.998001102798,13557.30766606675,15782.515684339665,16090.22798525975,16578.14091229756,17858.41514022956,18901.028808876923,19229.91883009655
J01R A11 Ciprofloxacin and tinidazole,9233.335057890956,8798.82967364773,8396.954456333728,6168.014572563101,7014.355355627176,7948.032272159018,9598.075295465067,9630.306404190487,9103.5143812514,9076.883852980707,8919.84972044473,8864.367904496528
J01R A12 Ciprofloxacin and ornidazole,10835.708730198037,11075.763471425102,9613.629229452594,7565.762200920437,8283.208143140557,8627.829661962496,9861.044442065897,10021.581831194462,10271.07370754316,11214.143973667968,11623.425351613656,11189.786419016054
J01X A01 Vancomycin,977.1734970829903,800.0631855432007,369.1707037467698,433.86168574502267,72.43463877902492,0.0,0.0,0.0,0.0,1595.333703275926,2531.6728574161402,3157.0727481637077
J01X A02 Teicoplanin,37.919920473888524,52.23532594727387,71.52908500228111,95.45872692258587,0.0,13.799268381461856,32.29757765482739,77.02605974981878,81.73508010211089,182.8193310602435,194.72616650304863,166.8738695335916
J01X B01 Colistin,203.00367246531806,217.58558424994473,195.98038692021345,138.31910229899572,159.69854784458892,160.78057752363102,129.9570745094319,124.87834534064011,170.21463524817395,258.5305404167685,252.70813779421147,316.47268893873326
J01X B02 Polymyxin B,124.80391813560949,77.45036485310717,61.07634256608837,40.867145075456385,16.66140742193383,49.91243763809885,32.830482150013914,32.35973809852903,145.89396319632414,125.74856361354331,187.08106428630168,222.17788516349145
J01X D01 Metronidazole,106144.96615024481,103053.9736034573,97142.90166477702,76679.40871164147,91940.61183946088,106969.87067995784,127404.23527600881,113202.11477822269,102067.93689231655,106654.27917672404,102542.39943743561,104505.95745510043
J01X D02 Tinidazole,0.0,0.0,0.0,0.0,0.0,0.0,0.0,0.0,0.0,0.0,0.0,0.0
J01X D03 Ornidazole,9856.474562630281,10501.524183986501,8352.785525537354,4763.809230351208,5773.606470209068,6219.390630780267,8700.766707843548,8921.84848187263,9763.058249112122,10686.746785768964,10958.619759070143,10668.960444431226
J01X E01 Nitrofurantoin,52095.27759459722,30266.135381763757,28895.336643950446,32034.335486153264,34589.69639236897,33932.975349794986,37785.639148189264,34282.00041935815,30721.93726874672,42452.38178071103,43022.54322273594,53819.12740880933
J01X E03 Furazidine,88362.74268986008,90669.09037207125,96015.37911536776,75126.41030595257,68460.96635347219,64561.18215243799,68569.92776687485,74268.4014967601,80708.88025368986,85134.71780143408,88161.76824118156,89495.8916574181
J01X X01 Fosfomycin,59799.35471490086,56031.719715838764,55008.68785607227,49040.30850774227,50216.818368561464,51438.239596700005,57280.69311869402,57629.77647577243,56525.747300918345,59713.35930051828,60905.771439681404,62812.834890495076
J01X X04 Spectinomycin,1.8252441963909574,3.926948760258962,1.4171082042969982,0.0,0.0,1.6071187564884033,0.0,0.0,0.0,0.0,6.579244776745458,0.0
J01X X07 Nitroxoline,68760.5138341357,64538.48371547382,62861.43922110004,57135.536826156706,61021.92211075776,58062.12233899433,62703.04452213927,66773.21986921094,71403.38014742399,80185.72437055016,84139.16134960677,74583.10093340778
J01X X08 Linezolid,0.0,0.0,0.0,0.0,0.0,0.0,0.0,0.0,0.0,5999.509249611203,6180.261144054203,2595.5914624427237
J01X X09 Daptomycin,0.0024842812273897577,0.16729494868619624,0.090159264814953,0.0,0.0,0.0,0.0,0.0,0.0839993697780631,0.0,0.0,0.0
J01X X13** Dioxydinum,5691.308150451146,5480.521654720818,5280.106702704491,3046.2313856593655,2789.820976591199,2521.198493904604,2969.104752323263,3805.810403626124,5535.3527692363505,5994.504506292464,5386.317340505292,6231.818252443491
J01X X16** Bacteriophages,1586.5979219205258,1594.0282463116876,1500.5752231014242,1467.0605280563648,1479.4747741491515,1527.6306808055006,1469.2996943107844,1605.3903027733973,1643.0304562602505,1746.1588704200153,1819.2574905457018,1841.8695689560466
J01X X50** Combinations,69.72395579323967,64.66944480119491,72.90906249525433,27.412728964486217,17.525600280602927,9.78406036299732,10.66982853116406,21.98481442836581,56.212708026092415,66.24973100497591,61.23525036192906,67.17638944282021
J02A C01 Fluconazole,379002.0173312969,345333.04171067144,331926.455387745,271476.994657793,280568.3840902991,290579.4755718224,340344.93173670466,363988.8205883663,356376.6333651858,392670.2890096739,379046.65148921503,372327.9656702443
J02A C02 Itraconazole,40498.50054662889,40086.6088156149,38069.3641164386,31657.06424273246,34694.92102940246,37505.72954437334,41899.75504198495,42411.63452570913,39347.39999832339,39593.78746204968,39533.415718665616,37953.494209593264
J02A C03 Voriconazole,51.57272451204537,77.1243645978453,31.32072267926658,38.88845515718494,30.175287152300946,22.171798761175083,17.54525406105572,23.997464313741567,34.72067852867156,74.02349591339689,84.31479583395848,39.86368178318907
J02A C04 Posaconazole,0.0,0.0,0.0,0.004284508680156318,0.0,0.0,0.0,0.0,0.0,0.0,0.0,0.024935621686268884
J02A X04 Caspofungin,0.04368502896908725,0.0,0.017359610438766916,0.0,0.0,0.0,0.0,0.0,0.020391414424627757,0.0,0.0,0.0
J02A X05 Micafungin,0.0,0.0,0.0,0.0,0.0,0.0,0.0,0.0,0.0,0.0,0.0,0.049523530693130896
J02A X10** Other,2.475886491231374,0.9007515251297509,14.633888712245367,19.875087275123455,1.182573667164272,11.937256747919916,9.448003682736228,3.7227463723989773,10.757226703562665,0.5801022069911443,5.788916413581939,1.6508670225495994
J04A B02 Rifampicin,6231.999605054174,6914.895633050009,7591.693755752317,5750.885154219804,5744.474373299435,6032.079448868778,7108.822009629894,6794.055758544428,6924.921657981695,7841.540077837148,7569.302114027153,7588.992243284795
J04A C01 Isoniazid,2521.461507461859,2838.7491874614784,3071.2726326003794,2880.139089850705,3453.432356790172,3344.5242714809497,3152.510704372778,2962.303951825446,2515.0434509267857,2559.0687513470625,2551.700692822489,2574.7167471420357
J04A K01 Pyrazinamide,58.56023662961823,72.60261564500152,62.5576838368732,3.388606746408911,20.08089163772538,6.646370411733591,26.46718337429897,25.297763815993648,17.662823362861165,15.179338059642888,0.0,0.0
J04A K02 Ethambutol,56.99159240963679,90.82421831612282,92.8460139009949,86.09474522857577,47.48622515032376,50.023103947405396,30.071901844753935,25.34223502231601,33.04419642404891,79.01786040511848,42.34888644965742,26.228202144971775
J05A B01 Aciclovir,147563.59470380496,127222.42546335109,127771.17808663283,111519.80741106605,100330.08640334505,86769.77316107145,105361.61006953016,118667.50803196228,129437.92045696611,130200.5882821854,128894.30410081438,144311.55406437634
J05A B06 Ganciclovir,197.14484049297712,164.82692775474086,88.75217132793297,0.0,60.278936265914595,99.0208565477331,237.4166301898176,288.65040398003305,318.6828042267492,339.3279048882031,357.44486788686913,278.72382788110644
J05A B09 Famciclovir,2350.0627905909932,2371.0727242553153,2324.831922281157,2249.6712214504405,2315.2630167059947,2284.419483243506,2239.322787498876,2298.7792875862124,2401.995723713917,2545.50539907997,2648.6503517224555,2754.121517777552
J05A B11 Valaciclovir,27466.63544507165,26436.140254561677,25111.896102431554,22141.03718100531,22695.614444142167,21877.59625492951,24019.182103837244,25688.97358324128,25888.279567042366,25991.243154361087,26362.88442449393,27964.04944087805
J05A B14 Valganciclovir,20.95903317826072,22.929796980647353,24.837347905501485,26.686946596699734,28.301590665924902,31.266027844275644,33.80276847629568,34.09009738930154,36.67408516924394,36.87459887277605,41.911312203718374,44.03771518070042
J05A B16 Remdesivir,55.08592704804835,42.627694392157565,0.0,0.0,0.0,0.0,0.0,0.0,0.0,0.0,0.0,0.0
J05A C02 Rimantadine,115442.69322615454,100051.39680805396,121191.8724894112,14328.352650334702,0.0,0.0,0.0,0.0,86629.54575824593,120992.82536042889,89775.02225801299,84414.729791918
J05A E10 Darunavir,0.0,0.023885599228361476,0.0,0.0,0.0,0.0,0.0,0.0,0.0,0.0,0.0,0.0
J05A F05 Lamivudine,33.05587225546361,10.64363770153724,35.166215937807124,13.990644406233958,4.255753060386379,16.32020586311927,17.880533984716518,9.257162361405278,0.0,23.51661168618775,36.31792216081508,43.664536419927906
J05A F07 Tenofovir disoproxil,369.0297235903797,396.76097066157024,311.61825156386857,271.6247595310532,268.5774491501468,315.96188409076757,290.8573152886102,287.8079434922302,325.82832930047215,370.36892119241156,334.9316779513091,359.641766603773
J05A F10 Entecavir,0.0,0.49097292303058976,0.0,0.1210693818365925,0.0,0.0,0.0,1.5639230722347182,1.0712005418911008,1.1867434400946713,0.0,0.25442379644752006
J05A F13 Tenofovir alafenamide,0.0,0.30653185676397227,0.0,0.0,0.0,0.0,0.0,0.0,0.0,0.0,0.0,0.0
J05A H01 Zanamivir,0.6051976732811212,0.0,0.33114487929278774,0.0,0.0,0.0,0.0,0.0,0.0,0.0033999249837706885,0.011733941385463395,0.02000949536662687
J05A H02 Oseltamivir,36745.46030745907,39886.2394503789,24090.069781997332,7272.595464574661,0.0,0.0,0.0,0.0,11543.80799941221,36718.19774220204,28497.735753716475,24172.04038021059
J05A P01 Ribavirin,133.96003382523114,237.08770964908177,436.03283224759014,241.20231226582428,95.0356782198391,38.319352922478686,57.88927462401804,43.349793924677066,101.9067913046319,301.34897114802334,210.31129696216422,136.54653955290442
J05A P07 Daclatasvir,0.0,2.851469540202921,0.0,5.956960367925953,0.7954938174866517,3.045830607699257,0.0,0.0,4.80916858234986,4.055210541846005,0.0,0.0
J05A P08 Sofosbuvir,4.43610170502356,5.480781797615286,0.0,10.343486121222444,6.794051820154829,3.8726918758275515,0.0,0.0,0.0,2.7228466028519036,0.0,0.0
J05A P51 Sofosbuvir and ledipasvir,0.7897005587735255,4.620661266683026,0.08237487329959792,0.0,0.0,0.0,8.190557096732523,0.3862167387840376,0.0,0.0,0.0,0.0
J05A P55 Sofosbuvir and velpatasvir,62.65264169427366,65.8263189749674,62.82145270838112,71.22777007187881,83.51271188395626,74.20744692218449,81.78088552525597,83.82169251492851,77.73829947187211,77.55091639772316,88.90154279403632,88.70997818728847
J05A R02 Lamivudine and abacavir,0.0,0.0,0.2428996650159566,0.0,0.0,0.0,0.0,0.0,0.0,0.0,0.0,0.0
J05A R03 Tenofovir disoproxil and emtricitabine,0.0,37.47376198659803,0.0,0.0,0.0,6.230389226988409,0.0,25.07794227686547,0.0,0.0,0.0,0.0
J05A R10 Lopinavir and ritonavir,0.0,0.0,0.0,0.0,0.0,0.0,0.05332844050653181,0.05717575255750191,0.04102009289013678,0.04886205584810359,0.1307021169063359,0.0
"J05A R27 Dolutegravir, lamivudine and tenofovir disoproxil",0.0,0.0,0.5926751826389342,0.0,0.0,0.0,0.0,0.0,0.0,0.0,0.0,0.0
J05A X05 Inosine pranobex,362174.76689287944,350900.32286953233,322008.1618915882,126000.37854996625,60940.9805174023,22479.804732084685,25954.01034456416,83488.78347528128,318938.6526205885,419196.3457775679,329242.9353438848,316736.59083767195
J05A X13 Umifenovir,11890.78873101541,9850.648058361607,10477.051075948477,0.0,0.0,0.0,0.0,0.0,7071.7980304744,27801.187143608156,14355.551989825064,5316.721822508517
J05A X17 Enisamium iodide,84577.80681525788,80170.71148945263,73220.61548373033,0.0,0.0,0.0,0.0,0.0,46435.425081665206,73183.59127288134,67267.10490832938,52138.65911579774
J05A X19 Tilorone,231199.52695406871,212205.28423018006,200300.45505068012,78191.89750669122,40274.376071111095,16276.100722257965,22183.985442786478,62101.647818820304,200939.75511925833,259509.2015592198,203096.85851079994,194980.50427167508
J05A X20** Others,120962.48001774216,114047.75367295888,123030.90427296667,48473.36501205855,35630.03936786353,27448.117189558336,29089.61560518564,41953.95660261085,112285.72193078631,150795.4731527012,120266.12587197244,109688.8800435891
J05A X21 Pentanedioic acid imidazolyl ethanamide,51.54461526040415,0.0,28.929863191570654,0.0,0.0,0.0,0.0,0.0,0.0,0.0,0.0,0.0
J05A X25 Baloxavir marboxil,0.693555600965398,0.040517754177662464,0.034080363660505444,0.02812333815981123,0.022550604672287256,0.01728530479529948,0.012265951806740644,0.007443356328924983,0.0027781668597038484,0.16423890219735834,0.0,0.0
J05A X27 Favipiravir,2140.289402907615,1838.7140208507114,0.0,0.0,0.0,0.0,0.0,0.0,0.0,916.836766552246,745.4084389128451,0.0
"J06B A02 Immunoglobulins, normal human, for intravascular adm.",204.07861508621403,39.74891872798204,461.957362813682,85.24877638856125,0.0,0.0,0.0,0.0,0.0,694.6937810910563,1070.2324596197318,746.7417625262591
J06B B01 Anti-D (rh) immunoglobulin,141.24569696071893,27.510789049587487,319.7272269276683,59.001884303085966,0.0,0.0,0.0,0.0,0.0,480.8073949493974,740.7230277661027,516.8305393151511
J06B B05 Rabies immunoglobulin,0.21296718243442914,0.49409212506067657,0.0,0.0,0.0,0.0,0.0,0.9111265877197366,0.35284382267041714,0.44659249254260375,0.0,0.0
J07A F01 Diphtheria toxoid,0.0,0.0,0.0,0.0,0.0,0.0,0.09907704042061627,0.0,0.47357978054802374,2.0941892571773137,2.0989750324235077,0.0
"J07A G51 Hemophilus influenzae B, combinations with toxoid",0.0,9.48331136625893,0.2700371765880689,0.0,0.0,0.0,0.0,0.4188241814951281,13.096505997457466,1.1139974582580714,9.325239143368508,0.0006393884733276681
"J07A H08 Meningococcus A, C, Y, W-135, tetravalent purified polysaccharides antigen conjugated",583.9553186743008,510.2468774036551,465.22113083337354,414.6003400233834,375.2331138216264,454.81156667303287,502.9600861405543,652.7939300540684,615.7304116311146,621.8054033389866,547.6684031515193,468.6382094477806
"J07A J52 Pertussis, purified antigen, combinations with toxoid",2356.0387134356642,2124.576271409367,954.1464395443721,1721.6582958084196,3739.1431025757015,7712.233168488131,7614.024620854449,7800.343091387102,4357.021592763302,3540.3074955594375,3623.835592912776,1780.9829925514898
"J07A L02 Pneumococcus, purified polysaccharides antigen conjugated",140.63472986028003,26.64072499334813,344.3181966771804,0.0,69.01853268453905,137.1887207313797,198.55847405093,432.0421791239087,643.6085927277876,914.7302358352181,484.68092103302797,0.0
"J07A L52 Pneumococcus purified polysaccharides antigen and Haemophilus influenzae, conjugated",1161.3060478190664,1142.4898622767205,1036.7146110365088,944.3513072380046,1033.9537371135627,1013.2892454053741,1091.3943755181278,1148.1402636917894,1183.7380020388916,1403.7256378402187,1446.920791604926,1380.327621168192
J07A M01 Tetanus toxoid,0.0,0.0,0.0,0.0,0.0,0.0,1.2977538331749385,1.8313887691953943,1.6699896327102863,6.481763238220728,0.0,0.0
"J07A M51 Tetanus toxoid, combinations with diphtheria toxoid",0.0,0.10916442418136604,0.0,0.0,0.0,0.0,0.7897103697338295,0.0,0.0,0.0,11.125518924752235,0.0
"J07A P03 Typhoid, purified polysaccharide antigen",0.20626741878293964,0.0,0.18188765198770016,0.0,0.0,0.22859343743196273,0.0,0.0,0.18081418940993368,0.0,0.0,0.0
J07A X20** Others,2965.2331059653875,2935.3695280025127,2864.791636457441,2845.9510940466143,2805.0388309431814,2812.132391285664,2794.67741038488,2894.8383964894815,3298.335356198392,3421.80029479075,3451.1932164898653,3492.378924674387
"J07B A01 Encephalitis, tick borne, inactivated, whole virus",0.7980483400620324,0.06217763494469741,0.2575877828617752,0.21895414703752292,1.1238067685739852,0.725536016538914,1.4668089083233524,0.14350342745276967,0.6501828745906889,0.3945946258256906,0.0,0.05181467424162099
"J07B B01 Influenza, inactivated, whole virus",0.6739931895246813,0.018978370272400208,0.0,0.0,0.0,0.0,0.0,0.0,0.0,0.0,0.0,0.0004028667514561976
"J07B B02 Influenza, purified antigen",567.4629823829895,207.23914348596676,187.74212811486433,177.06657388966897,175.16578858119925,166.52681840611007,161.00130033772533,155.5521439547041,344.30607691997363,47654.67667318619,31948.972752121128,307.01553036381756
"J07B C01 Hepatitis B, purified antigen",27.935203816341065,32.92605942454848,14.186250292813916,16.52003839693638,18.905410257021384,28.417638725917385,63.62057237134742,72.27067127956578,51.56289089321358,48.63386086436897,42.977321874270466,25.507825840628914
"J07B C02 Hepatitis A, inactivated, whole virus",177.47398876164098,282.02757538607744,199.91379033667468,172.48378857672736,174.07559917720292,285.2429413526737,246.09379855926588,265.3673197414952,227.9717793550964,274.014128459359,190.99582132030224,155.49838210024694
J07B C20 Combinations,166.1767308782644,158.87477121058123,124.8629684111388,109.44089110628889,133.37539419711305,170.9639616044765,141.4805804650713,156.00804048825128,152.98057344149933,211.40476473880184,164.20268271134793,124.9431820240889
"J07B D01 Measles, live attenuated",0.6858518050432982,0.0,0.0,0.0,0.0,0.0,0.0,0.0,0.0,0.6291599491314303,0.0,0.27020845317186337
"J07B D52 Measles, combinations with mumps and rubella, live attenuated",516.8609332628117,510.07374003489014,477.1279877114519,458.8216898852727,575.939324309947,598.8063396262997,586.0555580011298,709.5954414926744,446.68788360331195,437.9431179074575,442.3844905688901,567.9940166224935
"J07B F03 Poliomyelitis oral, trivalent, inactivated, whole virus",0.0,0.0,3.122320760366627,3.110882926901474,4.032363668742854,0.22537927082946363,0.5424227611122542,1.3878885619519905,0.8340922112372833,0.8772861392790212,0.04167229032591524,0.1314122197769345
"J07B G01 Rabies, inactivated, whole virus",12.386439510256873,22.49562489602547,155.55850218854908,56.24829925358838,54.76318280203141,26.359222210280386,39.303930221835145,1.2772368795502729,0.13796297736761454,65.4166749466522,6.0286733545054485,44.718512497632815
"J07B H01 Rota virus, live attenuated",1627.390751171241,1774.8166784672972,1756.4899572334448,1565.75683358566,1681.525218596225,1911.1961495934897,1820.3541694871342,2172.4352399995514,1915.02668153357,1961.8195338851278,1878.0696531909584,1863.7457974454392
"J07B H02 Rota virus, pentavalent, live, reassorted",745.6318992705021,745.8275589796781,710.2677878306533,688.1340719950679,766.5404004102337,794.1319642260008,876.4181163622488,966.7955391548817,772.2815784726222,973.3537110104489,820.5351181243448,647.2503448990958
"J07B K01 Varicella, live attenuated",109.95858406508952,320.5774250083068,0.0,0.0,0.0,0.0,103.25339133132383,102.43442249493381,0.0,21.901765513410552,2.490358607476054,0.0
"J07B L01 Yellow fever, live attenuated",33.78562184051344,20.934402446453994,16.14158708680521,18.32069495468496,16.870941404587537,23.323298720108376,17.264544728123823,15.089301690134963,17.444067415342648,21.373240151107574,13.661138495318294,15.634017326285647
"J07B M01 Papillomavirus (human types 6, 11, 16, 18)",873.4760341533477,907.0848240394223,1254.343892505658,961.9560585179016,998.9388401590322,1055.7030620426829,1125.4167909066164,1243.382751401818,1196.639131946725,1364.3438115388515,1325.598575225837,1337.3633188029385
"J07B M02 Papillomavirus (human types 16, 18)",367.74699548588654,389.31450532931586,373.71955227046664,365.7946288897945,424.2677292516642,521.0396486075673,519.0698231586971,457.5510018660082,509.6089838982645,562.4176085904768,549.5531474106541,498.7982175332031
J07C A02 Diphtheria-pertussis-poliomyelitis-tetanus,3805.5159945508376,3011.9613865513984,1596.1754189613946,1356.6605152934526,1924.5701946261856,2087.965955229064,2419.075042304192,3201.7207716475396,1355.4846148054617,495.6921490150457,2.763819947472598,1493.7893668500396
J07C A06 Diphtheria-haemophilus influenzae B-pertussis-poliomyelitis-tetanus,1529.6507553122217,1595.7136293944923,1354.721600553078,1004.8989015699715,3152.7560003385342,2724.578880561439,2289.517869096529,1567.3965905969524,1392.9299140551957,2155.1000887464756,4445.401173071621,2502.417924888503
J07C A09 Diphteria-Haemophilus influenzae B- pertussis-poliomyelitis-tetanus-hepatitis B,8378.433222352218,7585.69203703705,7642.296584293631,7497.101250728931,9814.34766905645,8082.221040728744,7645.119975076861,9760.634159565634,7788.175701161295,8515.116201284156,8134.978193621592,8910.301282442542
L01A A01 Cyclophosphamide,525.299686658022,441.55426740037535,296.91085147189085,134.09943820673567,82.5320270722446,117.69221764228395,94.50248957594846,199.5224266005125,268.32729569779667,331.25451045325644,599.1716017352571,521.1193942384903
L01A A02 Chlorambucil,90.99021685536049,97.01269137534847,137.63455979378398,105.93874333097753,106.83117896317745,103.80941627138253,115.88109492039172,122.1743266420442,114.33800082181132,117.05602896807012,114.6075402875223,102.42703814552915
L01A A03 Melphalan,4.631202196152895,4.27713076097149,3.084606872065042,5.311721020178561,8.420145597908054,7.873218519330326,8.20201011570682,9.013376652046691,7.090003140357269,7.016437590244407,6.755118409392795,3.430396323950184
L01A A06 Ifosfamide,83.14495275043456,38.2089291255207,7.595975688218115,9.571878401004557,3.1392660338622207,23.431441602776864,32.94824752053709,22.573957717373766,21.84719133747162,23.89084369617841,34.484031045772355,29.972046388076013
L01A A09 Bendamustine,27.560773894006683,28.941008901168033,22.461777457049926,29.33617285190826,22.989869717947755,77.35060776093216,45.29377874547252,25.62209608325762,23.603330503638517,19.67009859009606,20.477693609414914,16.711950175022814
L01A D02 Lomustine,2.8396183567600524,2.590578152349872,3.958993946587774,4.702974539744142,3.9890069720352805,2.9138808756342414,4.294627956279454,8.004473578561672,1.7367980341534892,6.655105556392989,6.858999531950636,4.968162670162803
L01A X03 Temozolomide,172.40552255049334,215.40525837785856,336.33796979607195,156.76506168696392,211.62285795599865,206.01881772754763,187.64370830110798,221.6797435162776,287.0266944447344,322.505977943821,330.01872749941145,330.5558499002051
L01A X04 Dacarbazine,41.32787839099091,17.7513426422918,0.0,0.0,0.0,0.0,0.0,0.0,0.0,0.0,7.604114644954519,0.5877185862795877
L01B A01 Methotrexate,753.282976162832,812.5398570102977,857.491316918599,709.1190070815259,736.8693656580705,752.8207055973746,785.4391944257727,777.2754204884087,770.618750019124,811.6204181127433,818.5528085466931,843.170370976412
L01B A04 Pemetrexed,0.0,0.0,0.0,0.0,0.0,0.0,0.0,1.892216614161434,0.0,0.0,0.0,9.532543622245608
L01B B02 Mercaptopurine,24.89760158635221,23.831765072029796,22.786515143706065,21.710534484181288,21.493969239695673,21.30453632724138,24.383609280412152,27.962286926082975,23.89344832575383,31.62579672862472,28.935894734055644,24.57219242153458
L01B B03 Tioguanine,0.044820743032950805,0.04245123617701649,0.10044715611599783,0.03273541749091173,0.07725755201457167,0.0,0.03882569691508263,0.29580435182509485,0.14487880117683338,0.14202988608195305,0.09724227942977762,0.12450371953176603
L01B B04 Cladribine,0.2798139627930211,0.2751605771875478,0.2704799359440693,0.2657774901901868,0.26105760082798113,0.2563237565791167,0.25157874842092554,0.9228248091352728,0.24206372494765083,0.23729692483845355,0.23252555199199598,0.22775052095573012
L01B B05 Fludarabine,1.9240589913762538,1.4474709039323015,1.5467834292536056,7.055216444787116,3.9185458524903884,1.9425923739294726,4.492812586357205,4.725971751575857,6.637882079027245,1.8591933362648203,0.0,0.0
L01B C01 Cytarabine,129.92558852085193,107.12382658902769,126.73870367874471,143.4260919856948,145.7706892664313,136.30225372619694,157.06859192918589,171.8375491267535,136.906201519984,175.03341006974483,141.92186354472994,162.03771295989446
L01B C02 Fluorouracil,1291.9938478054867,1062.498519607308,975.0289621890826,699.0688213948181,475.4054138997237,533.868193043965,415.5527214996747,745.947049404559,919.4456168687835,1122.65997598048,1502.2537684101537,1802.2795074942096
L01B C03 Tegafur,0.30973776978442125,6.773970228992013,0.6522218812705569,0.0,0.0,0.0,0.0,0.11977786191495543,0.0,0.0,6.389263313481779,5.503847513074645
L01B C05 Gemcitabine,163.92420171430587,140.434492682482,84.97000175599479,27.476085313776878,48.37742845897458,65.70017927410456,72.83765622518057,86.23731408501328,165.37671667185134,152.89831504029382,306.84687003401973,194.82539032797234
L01B C06 Capecitabine,399.0594775453713,504.70346057916964,585.5799224716154,390.6155674509793,410.8369588998773,374.57894752440285,504.8670138894305,422.31514244685934,382.14092075820975,413.735618872697,334.3510528296939,376.4490754606985
L01B C07 Azacitidine,6.609275088353234,6.721893800611528,6.804640451440669,6.863489453126487,6.903220335497649,6.963656722417084,6.939857512975139,6.942269826444088,6.936851358241754,6.9251682647023936,10.18047347089341,8.209769316868732
"L01B C59 Trifluridine, combinations",46.71070563073322,44.950880372856005,44.12094625713494,44.87412505513882,52.35339418412263,44.836335577890395,44.20981478348533,46.748524238541975,44.795417893168036,50.26205890744959,51.536897809455546,51.82949502164103
L01C A02 Vincristine,69.46695196346656,254.15142645413798,434.1152864023294,196.34225471653707,306.8325097235575,401.9869940848281,371.5592619294991,325.61495656089,236.6349926216572,358.80250182592533,394.1715895449943,211.30594007590355
L01C A04 Vinorelbine,15.42632786211714,26.970664296730483,2.5091962952130515,0.0,0.0,0.0,1.8448587365165974,0.0,13.48581484338108,9.310756688076724,20.05217301462513,20.558768926655738
L01C B01 Etoposide,76.10839320330162,0.0,0.0,0.0,0.0,0.0,0.0,0.0,8.70926504467549,114.60848424050128,73.63898841072123,72.04252056045648
L01C D01 Paclitaxel,103.52775285080634,226.3722751128544,0.0,0.0,0.0,0.0,0.0,0.0,0.0,251.39794456355762,411.39116996680116,304.1697437875897
L01C D02 Docetaxel,76.0484791000137,60.46828805896908,66.104724111935,61.756861840109394,30.99436090845043,0.0,44.93352844710614,147.8382608514527,219.56943566073164,89.63296439395631,68.54477626633759,105.52921465004432
L01C D04 Cabazitaxel,0.1419257035756504,0.1375853785441004,0.11552278787145837,0.11168238468594267,0.11401973149012805,0.30649927828607426,0.30309258507542924,0.10377689985951113,0.09453402103937461,0.09134938733586333,0.08821134972565225,0.10311058899008131
L01C E01 Topotecan,0.045473736149464074,0.057573763939780136,0.0,0.3908886180728671,0.0,0.0,0.0,0.0,0.06020580644148571,0.05299031764491731,0.0,0.0
L01C E02 Irinotecan,62.98947418573066,46.206168789817355,21.820604161889154,10.18803214834905,16.2690542263194,30.56695157749814,14.061949147243576,0.6142268918423711,20.501528776323834,49.39924997271147,18.746906618624013,62.47491162415649
L01C X10** Others,0.0,0.0,0.0,0.0,0.0,0.0,0.0,0.9220621549009982,0.0,0.0,0.0,0.0
L01D B01 Doxorubicin,461.6593548136619,567.2815119936854,551.2242479071957,393.00304680749525,271.2010960972265,125.53374569850308,160.1884755490159,291.3160695989176,299.15675500833055,389.7331135053523,408.2596104724615,380.53661821564015
L01D B03 Epirubicin,108.9870465915494,118.86187903167644,98.84040850142185,83.50149559486196,90.48542878725786,92.64563885881836,104.42047043371056,79.91699921126809,84.98288575095792,99.80625850035356,95.28762021751388,95.5577731088859
L01D B06 Idarubicin,2.775943288017826,4.331021910526284,2.4662002294833147,2.8450583055992036,1.827260187442178,3.046537113866822,2.084674075956801,2.9394990665790477,1.8148744800271097,3.9866902317358237,1.7988582540530578,1.617308092857109
L01D B07 Mitoxantrone,6.6745151997848895,5.0145926573143225,4.026205054013055,8.877845402047232,4.412308111149757,11.120628709106967,8.386035618147922,5.583911576055874,8.201762773057423,7.5651941613338485,7.945889702630177,5.801596566342428
L01D C01 Bleomycin,0.0,0.0,0.3602578410995328,0.0,0.0,0.24594109555676863,0.2304334819652536,0.07090252307314739,0.0,0.0,0.0,0.0
L01E A01 Imatinib,123.24896087724228,126.05314939355738,139.18010404671304,84.8128865298672,78.70290545151995,93.13389898974634,115.84391841371774,89.75531242914681,93.00471230646079,97.4090177525653,98.25138348902091,117.27920650131009
L01E A02 Dasatinib,0.0,0.0,0.0,0.0,0.0,0.0,0.0,0.0,0.0,0.0,0.0,0.010824058238305385
L01E B01 Gefitinib,8.048667683506187,9.771826116306226,4.7382850603642925,6.000079490117483,5.81924263128104,7.669806048284447,7.817799727335711,6.719252155332438,6.736190394827357,8.412640155245557,7.014625860540875,6.726170713469452
L01E B02 Erlotinib,4.664136330499991,9.174912617370861,5.469881910274057,4.229005608003117,4.071852829592866,6.029678870271168,3.48348796622031,3.7520835063861258,4.008108201925281,4.260076221763107,4.628398901039868,3.8074053078677808
L01E B03 Afatinib,0.0,0.0017782729516133864,0.002025094233741716,0.0022718983002890576,0.0,0.0,0.003012238332215589,0.003259001742446874,0.0,0.0,0.0039992624132444594,0.0
L01E B04 Osimertinib,5.594954716557732,4.061331522633997,2.2300180744691698,3.9005524229114674,7.112965008639464,3.245680184196022,2.873437431615427,4.875228336525112,1.8382461674270179,1.4638455391227028,1.2715101434534097,3.4548269338921345
L01E C01 Vemurafenibum,0.0,0.0,0.0,0.0,0.0,0.0,0.0,0.0,0.0,1.5175978980078435,1.8269401984486486,0.0
L01E C02 Dabrafenib,0.10116760496669291,0.1004393545043512,0.09956222787718412,0.09856600031815677,0.0974744920136412,0.09630675911273504,0.09507804653471642,0.09380055021500783,0.2924840269019473,0.09113628199420515,0.08976355981071774,0.0883708558066341
L01E D01 Crizotinibum,9.870539835793005,9.88144167612328,6.479193101152156,5.6800241939399125,2.1889190209347733,2.747464835295321,1.9557314395484156,2.1641746757155484,5.591559217413908,8.878896803537252,12.00739682520059,12.964426795295914
L01E D03 Alectinib,0.6121109512391678,0.0,0.0,0.0,0.0,0.0,0.0,0.0,0.0,0.0,3.8824874042483897,0.4753790287046682
L01E E01 Trametinib,0.10109569307565938,0.10035092061791148,0.10945585286010441,0.09844054886224995,0.09732905587235761,0.09614061168883496,0.09489060655040805,0.09359135264805776,0.29225269973456874,0.09088252761216874,0.08948714012263995,0.08807158033940815
L01E E02 Cobimetinib,0.0,0.0,0.0,0.9401896522466946,1.308098323199542,0.0,1.6278020302663352,0.0,0.0,0.0,0.0,0.0
L01E F01 Palbociclib,54.4599170087568,55.380075425414084,51.134974539956985,38.15566621280827,52.471391932306325,35.571144889121776,35.6733196357911,34.563431814343616,53.98989393840263,75.76583601886682,73.61496206445517,82.45343528214288
L01E F02 Ribociclib,0.3212357268061031,0.1360514531970938,0.11404535134239535,0.09698178689114564,0.08667225236265493,0.07696594177237136,0.06774221033265355,0.30690454221338836,0.2503757247504852,0.05809398781267168,0.05000991529492993,0.6500839743132456
L01E G02 Everolimus,8.694607892290994,10.541357316620434,9.767196035334457,8.686081865231822,10.944615698471889,9.362430372334273,11.181694925534003,10.40097928292065,10.178899616034107,10.681189402646828,10.423515347756704,12.468977996829214
L01E H01 Lapatinib,38.29610970223141,28.684797705179392,17.688082756051255,12.33264544526222,15.60183024514447,22.299912733563744,25.33031337281264,22.859768532725234,42.73046730916879,37.75816097883711,41.368250563085226,34.02985687899721
L01E J01 Ruxolitinib,0.008308555750139309,0.0,0.008080633077158197,0.0,0.0,0.0,0.0,0.00376615770292527,0.0,0.0,0.003662179642697654,0.0036343906024992488
L01E K01 Axitinib,17.551271458819457,22.383237042130737,13.734632959738354,15.62717314478305,14.840228743777406,11.35289667393149,21.562054469013358,23.744404156037447,21.624507356615325,26.748813368036217,23.735681628131537,33.97539968716639
L01E L01 Ibrutinib,0.0,0.0,0.0,0.0,0.0,0.0,0.0,0.0015036474307776534,0.0,0.0015372389575179298,0.0,0.0
L01E L02 Acalabrutinib,0.16535983040570001,0.1616200294542326,0.15799718007955496,0.1544678919663091,0.15701345286220864,0.14761889296542455,0.47827223643449346,0.2309639025962449,0.1656862269121423,0.1344330777513565,0.13119954980922405,0.12798171884201434
L01E X01 Sunitinib,0.0,0.0,3.1580894587197506,0.0,0.0,0.0,0.0,0.0,0.0,2.4901265116479685,0.0,0.7185984597403898
L01E X02 Sorafenib,1.6012521393042969,1.562579549854041,1.5187287803221778,1.4535354667250282,1.4448681178756497,2.068621540824488,3.8787115812119004,1.5350709155501712,1.303645685049129,1.5883928026766363,3.0812777988069837,2.2382730977396026
L01E X03 Pazopanib,34.32707505681289,16.789594042280385,54.847583056717184,12.460748094329407,18.14725395048199,5.085632461466841,1.2131090963175415,0.0,10.217962163478346,6.500494336115088,4.072893900287309,25.188387377687878
L01E X05 Regorafenib,1.549920010466097,1.710939216841601,1.839713019997524,1.9646536900948453,2.0981528837864944,2.2165826748927557,2.430296533542898,2.463630256359727,2.7949028501349087,3.316417371320526,2.7304617235460564,3.5093094152595046
L01E X07 Cabozantinib,0.6310335942345685,0.6009634475412426,0.5761769606394856,0.5624174015709835,0.5354793847690854,0.7111986017804706,0.6894436058424824,1.3021092395449954,0.49111137695990914,0.4223827173447438,0.6058694201055151,2.0775284127670357
L01E X09 Nintedanib,8.309997664472984,6.4786902226193686,0.8866815017010752,0.0,0.0,2.5637795771070797,2.58930191554965,0.38435701886830653,0.0,0.0,2.406251679184837,8.359265760034862
L01F A01 Rituximab,28.98760766854573,58.36059705194084,56.32029481039353,21.764159268892275,34.14415708742785,34.9782615939929,32.36805145098153,45.73438958830904,24.169166349907645,54.743094010923116,55.20954239147207,95.53840734764785
L01F A03 Obinutuzumab,2.522481478732288,1.0350921397166395,0.0,0.0,4.8604643978047175,0.0,0.0,0.7654187905559844,1.1756827782836823,0.0,0.0,0.35437833017477344
L01F C01 Daratumumab,0.0033411998600188075,0.01909620482854257,0.00886658835323655,0.012649274722866692,0.0024418033684457784,0.002242205834784008,0.0020489073577295595,0.001860648125960965,0.001676420290421054,0.0014954175718640932,0.0,0.0011406363967919682
L01F D01 Trastuzumab,0.0,0.0,0.0,0.0,0.0,0.0,0.0,0.0,0.0,0.0,0.0,0.0
L01F D02 Pertuzumab,0.0,0.0,0.0,0.0,0.0,0.0,0.0,0.0,0.0,0.0,0.0,0.05395186797285234
L01F D03 Trastuzumab emtansine,0.0,0.0,0.0,0.0,0.0,0.0,0.0,0.0,0.0,0.0,0.0,0.0
L01F E01 Cetuximab,0.0,2.0927057590351437,0.0,1.7101912199808367,0.0,1.9019222873117259,6.093097803851392,5.2282105427291405,0.0,0.0,0.0,0.9480004785549638
L01F E02 Panitumumab,5.410790847759891,5.284534884681618,5.0941137207763765,5.023560396209559,5.653301343113483,5.366077707193999,8.486882405015791,5.340909769830598,7.4875152682398225,5.916183273524579,6.586501284309762,4.1141392994952835
L01F F02 Pembrolizumab,690.1719346686056,673.1195358778742,671.3131520495126,748.1967801910466,717.6232179084973,634.3839032866812,620.5535867934517,658.6384688030915,633.6183096150269,743.1669174687984,770.511338956039,804.7460113500549
L01F F05 Atezolizumab,0.0,0.0,0.0,0.0,0.0,0.0,0.0,0.0,0.0,0.0,0.0,0.0
L01F G01 Bevacizumab,0.0,0.0,0.0,0.0,0.0,0.0,0.0,0.0,0.0,0.0,0.0,0.0
L01F X02 Gemtuzumab ozogamicin,2.1668540591843115,2.2358506183278273,2.2790750099754074,2.330715842501847,2.3809522938632037,2.423954583117732,2.4678844183707738,2.5128954223224023,3.4771335365376883,2.7607374055034493,3.415838741482162,3.0365626711231775
L01F X05 Brentuximab vedotin,0.3909315431021484,0.38749602350988904,0.38579601017006326,0.3758844018321843,0.3678035174958627,0.7275872123607872,0.48126257058670835,0.710851259501427,0.3423706129671836,0.3378344980737705,0.3772540084930217,0.3966380191624043
L01F X14 Polatuzumab vedotin,0.0012188338111691621,0.0010601456860643709,0.0,0.0,0.0,0.0,0.0,0.0,0.0,0.0,0.0,0.00017019858899156677
L01X A01 Cisplatin,504.7214558562835,443.3569236097006,512.8936146782305,418.5604843988504,279.7122970411422,435.04766402077206,487.18947447027153,680.3984396956675,654.5767287417802,717.7088768444667,419.6413121924116,528.4959773365637
L01X A02 Carboplatin,200.12721484817686,130.06431201574287,0.0,0.0,0.0,0.0,0.0,0.0,0.0,0.0,0.0,0.0
L01X A03 Oxaliplatin,0.0,0.0,0.0,0.0,0.0,0.0,0.0,0.0,0.0,124.6417440707999,203.17470098529094,71.39469146825928
L01X D10** Chlorin e6,0.03532679794022729,0.0,0.0,0.0,0.0,0.0,0.0,0.0,0.0,0.020415921981565596,0.020353425413558144,0.0
L01X G01 Bortezomib,32.772787281214015,38.960753719958596,28.703532094627516,33.62176001803589,33.515947580435835,34.574102854029036,44.94543229657684,27.960101074288325,36.42304132013076,43.027798740477934,36.108409900428924,30.60330405206296
L01X K01 Olaparib,12.237449444125728,9.647772470697308,5.238174098400812,6.867838607009848,6.123313420343312,2.1694364774563177,2.226478129592957,4.049454657748505,4.357579086719178,4.209821836341952,1.9245592424864046,9.067292373848204
L01X K04 Talazoparib,0.4428044401044011,0.4326889696905887,0.4197823116146095,0.4162427034088971,0.41219673509939797,0.4077456787068695,0.40297055184791764,0.399936168615827,0.9966943802852253,0.5872866678758147,0.39174621620335726,0.38209957312046205
L01X X05 Hydroxycarbamide,755.5507129185356,859.1137497331329,1069.4015233359637,718.7694863693815,709.9004009472688,619.5780767607318,663.2347615626555,677.2178535553473,760.3216713006539,821.5560696480521,847.709732477124,882.0220068915346
L01X X11 Estramustine,51.73605699739828,46.318955593349386,48.676894255335164,18.48162098005379,9.893096364368688,0.0,18.44913525151693,6.5085899097551945,21.50455683091372,36.12191040184648,32.885681290064774,63.70104862970436
L01X X20** Others,15.881740327155526,23.472416836037848,12.211867795852793,11.711138316413837,15.658264485571756,21.76247517360718,22.3163534767446,23.30196587196362,13.292965540847923,18.69667502866446,16.372152371626765,24.7242439987057
L01X X35 Anagrelide,31.611152481654635,23.711787434921927,55.599948967972,29.64373176484828,31.270011572785542,37.05908898957158,34.49120449343664,37.584950466964926,45.007600816223786,27.717374666067105,32.35964731637799,35.58511900706293
L01X X52 Venetoclax,3.91095482182846,3.1831210655603943,3.2128604919654147,3.232394441909867,4.8699331892167805,4.735676494018031,4.073814128438903,3.9145263759984137,3.8539845060396325,3.656351224438474,5.909781101777055,3.5404209801083923
L01X Y02 Pertuzumab and trastuzumab,2.231315791834231,0.0,0.0,0.0,0.0,0.0,0.0,0.0,0.0,0.0,0.0,0.0
L01X Y18** Other,0.0,0.0034314164374368347,0.0,0.01840223654530916,0.01387512534214604,0.0,0.0,0.11226149074203513,0.035716182492247034,0.03916834934059659,0.0,0.0
L02A B01 Megestrol,0.5974709137882062,0.0,0.0,0.0,0.0,0.0,0.0,0.0,0.0,0.06600912577330087,1.1251766064243878,0.0
L02A B02 Medroxyprogesterone,353.43157180217474,331.72686215738884,345.3150227354345,243.43309669925694,236.7269738133679,260.9297751284659,331.33859612994655,313.54047543860474,348.0803425488366,346.99509305168465,314.7733447135844,421.15899279946393
L02A E02 Leuprorelin,57.5354822067454,60.559494941792956,49.1158091587279,11.513964561172786,24.791192912025608,30.597279621604777,15.193653018165021,36.29265576431015,38.144961990123164,49.87511099967048,47.491134236205255,71.60025685432998
L02A E03 Goserelin,1340.2811081119441,1051.4735965182608,1399.7259362291436,1084.8213569836794,1101.074442573137,546.611660030533,825.1453829822791,843.4555103295049,739.6851611931154,995.1572308698333,1317.362835597036,1378.6068683646288
L02A E04 Triptorelin,1065.2888795553838,1086.4586070753353,1076.8465545817112,657.4002780772255,774.8514223640511,772.4257032839256,723.0144935102392,850.2492911817044,967.14649480929,1143.7460232017725,1174.0654114061726,1180.723087460107
L02B A01 Tamoxifen,6831.28351636989,7100.8207921586445,8643.680293645444,5781.524375690674,5673.724122182656,5727.542000232032,5726.837183527325,6267.511011019353,6139.18655386877,6784.908669004097,6620.343241968152,7303.4905811951885
L02B A02 Toremifene,2152.2036918179656,2224.573920375429,2611.5620014709148,1623.5803645968165,1642.2193533470515,1758.8556425967533,1849.0869722460293,1948.6403342149622,2082.268922039624,2273.877290548866,2163.4062836057733,2395.035376300814
L02B A03 Fulvestrant,31.135848143003226,32.3231605863962,18.470054886762174,16.167414672706506,20.154746847113557,0.0,0.0,0.0,0.0,0.0,41.1536525980761,17.68344760697021
L02B B01 Flutamide,10484.259690616569,10139.313045048872,10188.2649690504,8866.293748707303,9158.924812888505,9358.32290468915,9965.192618585348,10272.976430157993,10412.869919871784,10531.342352098505,10454.647138335562,10527.539007780888
L02B B03 Bicalutamid,1482.654751011538,1634.4414535447345,1929.433363779128,1291.1794401744773,1203.2064494985927,1064.7078051657209,1253.6454379072586,1265.8876923083246,1374.5364440370126,1566.9867936277985,1611.4008215082629,1687.6429920204698
L02B B04 Enzalutamide,0.7629647684158103,0.6271931934119495,0.6139703763096664,0.675186565528646,0.5907539598046351,0.5526023181262324,0.8286754476843159,1.2529283942315885,0.5053251943702125,0.8198370773819172,0.868441026692087,1.1991186290410285
L02B G03 Anastrozole,1587.9273620289555,1687.1708615253017,1982.422075570837,1572.456661255723,1553.8927442520894,1518.0164250976409,1667.1909842225398,1678.161445970917,1661.4542298180766,1746.953671344262,1780.0172390136681,1821.989307597651
L02B G04 Letrozole,9803.99531985639,10350.175023131244,12351.473048268492,8721.313330895657,8831.427019514753,8491.831032927399,8975.884506174878,9465.492347290232,9672.232082699878,10182.47093354496,10564.036676738391,10703.194333810507
L02B G06 Exemestane,1575.2296115085655,1705.2705688687463,2082.979606165615,1382.0679074118348,1277.045619817535,1276.2888611508201,1286.8801256261727,1363.9214086151792,1402.2815064151096,1550.5270560637782,1694.1989671914378,1889.9219675022896
L02B X02 Degarelix,63.44847181924758,64.64681368652798,64.54277337096079,60.00682730911553,56.620556650247835,52.59082631376217,64.64792823518215,57.671695962926634,67.26759633573072,72.78680282458252,74.03625420627242,75.52670150223285
L02B X03 Abirateronum,52.79991503464176,62.596965878230336,56.180626836513255,56.34077588655164,56.49771540999441,53.36488731216068,54.16344511730577,58.46271164483388,54.224545150268455,50.55963223802814,59.447722191647976,56.93181443795589
L03A A02 Filgrastim,497.00307006399726,286.8240343032032,27.354512946582023,0.0,0.0,181.61412125901347,191.9022115192881,193.21119097952229,114.94648179972403,150.3756217079004,344.9042408864552,598.5300434813137
L03A A10 Lenograstim,0.0,0.0,0.0,0.0,0.0,0.0,0.0,0.0,0.0,0.0,0.0,0.15168911868633028
L03A B05 Interferon alfa-2b,70212.73288786189,56966.87992467287,52404.31073126833,7509.909318514204,0.0,0.0,0.0,5771.224640721328,59148.27746390258,68871.64152671055,61143.2074729878,62697.84418115487
L03A B07 Interferon beta-1a,0.0,0.0,0.0,0.0,0.0,0.0,0.0,0.0,0.0,0.0,0.0,0.0
L03A B08 Interferon beta-1b,1.2124661404788624,1.1539547946734638,1.0447738925220598,1.036257345293851,1.0334722820041988,1.0412724058653917,1.880340679447261,1.2052234728056708,1.5103578819853134,1.6840935838219424,1.51471031978416,1.2404318830468488
L03A B11 Peginterferon alfa-2a,0.0,1.9650462688725092,0.0,0.0,0.0,0.0,0.0,0.0,0.0,0.0,0.0,0.0
L03A X03 BCG vaccine,35.96865328211904,30.76175214693656,30.461017018777166,38.0624395972897,35.31391199714058,39.65923172726286,33.19410642114301,35.22215833059311,38.186928594834654,37.11988129612809,38.766407312620814,45.31182797855287
L03A X05 Pidotimod,3.4930438601750216,1.4057921274429623,0.0,0.0,0.9648645862169468,0.0,0.0,0.0,0.0,0.10255296195207841,0.0,0.018082456919778
L03A X13 Glatiramer acetate,21.822823937768362,18.89862021014273,25.405098961857174,24.369323697043676,14.836145219007825,19.630644170394103,25.03448506531806,25.38219951507218,31.907412808690424,33.40702517739997,39.081356806182555,20.094263843023572
L03A X18 Cridanimod,4298.634634528898,3545.0545867412498,3332.314356124354,567.3059792440647,0.0,0.0,0.0,0.0,910.7814245476084,2013.9032796620231,2313.885371366782,2019.6812523438125
L03A X22** Echinacea,27711.348742382706,24626.876805256758,55815.733705569895,11358.125275834293,818.8261820597107,0.0,0.0,4604.409829084519,26449.274024715454,39027.42223123411,34246.997246462925,27188.36170865985
L03A X29** Others,52079.90205104003,46514.33214471711,52892.78015287005,15429.687996103383,5313.427258509414,4163.001430221449,4513.22294204477,10446.474616054567,51945.65611633904,58675.9696792322,49620.304753587414,47476.091954235235
L04A A04 Antithymocyte immunoglobulin (rabbit),0.2870127795616801,0.2709666305548024,0.2898781414687779,0.23595578031943587,0.2173663215194398,0.19824318459892076,4.714693105181984,0.1588014717679106,0.20663659515613014,0.6862531239861835,0.31969477716970374,0.0769965298359977
L04A A06 Mycophenolic acid,482.78139703452734,633.9491803973859,670.9323532393817,570.049837664687,600.5447713566401,577.3832644619114,589.7970050978373,648.3237437582868,754.2296808383551,732.0057766541186,813.3759994584384,952.5495238536028
L04A A13 Leflunomide,3165.353256343109,3076.45710302727,3355.457030166209,2667.285821668968,2841.460104662784,2831.3259808494463,2953.3795315903826,3083.958021974743,3157.711664073838,3298.181827544724,3229.833608113042,3350.228682359305
L04A A18 Everolimus,11.586285139196395,14.04723170239899,13.015597675905648,11.574923501979876,14.58460689571214,12.476213905622675,14.900534601636338,13.860166345815458,13.564226796149665,14.23356953849013,13.890197518737866,16.61594591214649
L04A A27 Fingolimod,0.0,0.0,2.488478443356321,0.0,0.0,0.0,0.0,0.0,0.0,0.0,1.0653969747760956,0.0
L04A A29 Tofacitinib,58.70355854743491,62.81857659195965,62.48697591226963,65.5460802532078,62.71614861064853,58.243788181291315,57.641084722495734,59.76850684014945,58.509629418962625,68.71371236670335,77.78616360958611,69.91690948858253
L04A A31 Teriflunomide,57.26845857738552,55.57346168245651,45.28365354586105,53.358174729682474,50.018008767899936,60.54599001779363,61.308811118779744,63.66303007830366,68.40507700343849,75.03526049590369,107.52377372733274,62.23270021077743
L04A A33 Vedolizumab,0.3463426264503017,0.3366867097562068,0.33266633872379825,0.3283544042207389,0.32380921894115894,0.3190774330403624,0.5941963666425927,0.5771958758472442,0.32209984553383303,0.4809273836059715,0.34569377638654974,0.30641125293387983
L04A A36 Ocrelizumab,2.6433292534336,0.0,5.708358092148519,4.976788320598152,0.0,0.0,4.844875973155889,0.0,0.0,7.135317461434945,0.0,6.799725338267433
L04A A44 Upadacitinib,0.6396935291541801,3.470598893905361,1.206021990929979,0.5174592737733468,0.5025079052717141,0.5408456156940813,0.4382145892556482,0.4124085733285751,0.38726256581058977,0.6286445650198748,0.35844896961097594,0.3245912985075302
L04A B01 Etanercept,65.67613446341304,71.6632632515393,72.41183441937568,76.70657584793666,80.155579024186,89.6363308607393,90.32974392458136,97.96818515434775,101.20550314174221,109.4450540488834,112.95972622978394,118.24596362075584
L04A B02 Infliximab,0.0,0.0,0.0,0.0,0.0,0.0,0.0,0.0,1.4298653078021495,0.0,0.0,0.5788262259112158
L04A B04 Adalimumab,370.9830692229266,367.638084226434,391.39451645708107,397.0076824694397,404.9550355071676,426.15013816519115,445.80424051945107,421.2195426307,375.0282045475402,364.8731543088534,355.5127343457451,440.0912186030995
L04A B06 Golimumab,0.0,2.63992952999251,9.837224194701323,5.143936760239715,10.004196331566199,6.872125558391379,9.189840957940326,8.921453221576837,6.287067506096539,0.0,2.896696738661097,10.27889674952164
L04A C02 Basiliximab,0.010144109724540471,0.009957348870970283,0.0,0.0,0.0,0.0,0.0,0.0,0.0,0.0,0.0,0.004638457975025942
L04A C05 Ustekinumab,0.0,0.0,0.0,0.0,0.0,0.24553379865345723,0.0,0.0,0.0,0.0,0.0,0.0
L04A C07 Tocilizumab,0.0,0.0,0.0,0.0,0.0,0.0,0.0,0.0,0.0,0.0,0.0,17.730226713234288
L04A C10 Secukinumabum,207.7600214534187,190.3641738587567,197.20115035374113,190.30558612044277,196.10518930451818,197.26812642249257,204.09333068758622,214.9675486703752,208.97897762732046,195.33937536359076,193.2285481233211,186.40314090181943
L04A D01 Ciclosporin,768.0689431301903,791.7608456185772,784.4385452581068,693.6665885688216,676.6163231315819,623.7076948578385,707.3983205734032,755.8551289046457,771.2469844924765,902.2189110939726,952.6983382992032,1051.7838034474876
L04A D02 Tacrolimus,843.4044042143616,886.3185123985936,858.7848673403539,798.9401227456927,826.7975520886081,785.015901815326,836.0059593232223,817.2420198853019,728.999190052913,727.6528001866782,722.1123752085683,875.1048650447873
L04A X01 Azathioprine,507.4816764136988,538.7768931279153,665.9809161797552,561.2079843016942,545.7162884797119,548.6655815025931,553.3440656013647,588.0607025608488,623.6410618089029,626.444798887813,605.0688382314079,589.6503193867504
L04A X02 Thalidomide,2.7915102372541383,2.722415854871529,2.876948128904312,1.3711817280694112,2.5311763873403628,3.506979894695995,4.176630480519374,2.710158729116948,1.7835891079338793,4.756941190926296,1.8342306372591017,3.799469974264218
L04A X03 Methotrexate (oral formulations only and prefilled syringe/pen),13057.935897407951,14085.136267085878,14864.356428103585,12292.366655187161,12773.410850913515,13049.922574922224,13615.354357757933,13473.837769532283,13358.446370776848,14069.19806780915,14189.368989981633,14616.107098142757
L04A X04 Lenalidomide,5.165235555164056,5.175395884938159,5.255748892860956,5.212484945025014,10.167784889218266,6.393820530839256,8.776755085016596,6.2367436061224675,5.341933395810444,8.674464390651421,7.810469530387751,8.06807510777466
L04A X07 Dimethyl fumarate,0.08562806144503507,0.08283200103137467,0.08020882316446412,0.07772395133495348,0.07534972433536274,0.27506401319970786,0.16084911475520186,0.0686908664636148,0.06657793829436294,0.06450126622297922,0.06245359902989003,0.060429135739436465
M01A B01 Indometacin,21317.32297575801,19904.339667994493,21863.650246950154,19405.48789738675,22244.847588457702,21681.320625219596,22463.12279427131,23365.881140713565,23713.61765802309,25611.58037019248,24028.026748318745,22525.37488885182
M01A B05 Diclofenac,714969.3689754922,696113.3498619234,767150.4296670322,689364.2763570041,724884.8238382592,719133.6512251446,721967.6814391774,739750.2680880353,749621.4641010899,775516.6827284178,719581.2580548169,731708.8410831208
M01A B08 Etodolac,6030.436181636336,6243.733614025503,6075.108161992965,5293.756002423061,5988.680076823263,6243.810338399553,6593.247549716712,6621.321120826566,6459.769379770572,6598.860588981906,6767.6209584071,6500.803856003383
M01A B15 Ketorolac,171544.47055402643,160384.23368291598,162837.92181408,138671.26943626135,144515.56376883644,144990.09790987172,161142.9670855987,164265.03919109562,161732.4583926425,171284.26589455144,156597.207446379,168076.12688535664
M01A B16 Aceclofenac,10794.460612888266,10911.942344696525,12958.362997113532,8720.783919550042,10446.717029931951,9831.799397044551,10720.6144439643,11747.056457287545,11528.295139584827,11294.942005759522,10783.419455503232,11115.180476337693
M01A B19** Amtolmetine guacil,1089.6163562902964,1226.1340272290374,1148.1360749553014,834.3296241115829,1010.5599744118795,941.1813656273875,1018.2315895750651,1044.4200797084777,965.1511827904787,998.3703762313507,1156.725241959319,1210.2470455169644
"M01A B55 Diclofenac, combinations",211604.3471561456,200866.19679337897,218214.03051722518,203128.59031036164,214594.84495893025,208457.10509184463,216540.5820122355,221017.63796260773,223102.81433696492,225164.8706505102,211212.85491540586,215453.44954138182
M01A C01 Piroxicam,15280.403769922937,15429.892879583193,16175.552118075495,13455.631859633437,14400.144403643892,13930.466789616356,14884.489049158428,14715.587207556187,14362.634485038498,15237.623857788447,14578.126506752506,14252.795776687854
M01A C02 Tenoxicam,43340.12728858841,45791.658627347926,43908.25958765812,40600.371045208856,44015.442900552036,47764.94547412916,49637.813022293434,49955.96495012746,50575.15918169725,51342.80765625567,51996.24352520499,52249.67890966703
M01A C05 Lornoxicam,55905.52104213699,54475.52739010457,53802.531853974615,47974.706010566624,51916.58352133619,50894.85131544783,52382.027336233106,53733.672738357294,53137.39964555262,55027.768556804855,55476.180271302605,54722.675828396765
M01A C06 Meloxicam,270497.285204626,271100.39766628295,281955.49430912884,237949.65829692603,256177.71136068422,245386.11088521118,251587.87757835313,259797.58800638714,262773.55502233474,277525.6781086133,277479.4932511566,272844.9504387116
M01A E01 Ibuprofen,1313885.1381644632,1333450.7267166057,1302972.6206366455,948557.0295262962,934946.8359345173,935535.5987087927,991090.0798368221,1097571.2393925039,1233112.5162223398,1293497.6931239963,1213161.2494193015,1291006.1828590469
M01A E02 Naproxen,88725.95541407341,88095.61659957487,89952.96881677292,71048.87305932828,78912.4669221694,81497.23248123922,90823.19259729196,100731.98395893103,95391.49151703916,95762.40083232257,88780.42035334618,92599.32483896197
M01A E03 Ketoprofen,21660.779067687494,21226.29556931205,20841.455724176987,17847.38434929013,19020.655893598836,18185.021870608,18902.173965279075,19533.11418758098,20048.52001380905,21154.78200868727,21084.609349587205,21248.154066616586
M01A E09 Flurbiprofen,6729.036344266897,6613.559111838122,5832.485784997668,4119.654156056058,3883.9800678547767,3590.7602299412088,3564.266558882983,4380.397031317606,6367.70355456024,6626.372725044351,6145.882651664825,6816.801704207014
M01A E14 Dexibuprofen,32093.42096640944,33118.98528793843,32122.537836186893,26118.561365810958,27894.021280535497,31757.340703340404,32100.88173260962,32208.94324705028,31955.093549628094,32957.559682715626,30645.608480210936,34172.80740923247
M01A E17 Dexketoprofen,276276.1760426085,278975.3779612058,270261.4669181285,239733.3093800404,252011.09634224704,254509.27470550258,267236.0365392672,274284.73743664304,270590.75770827034,278648.2860961733,274527.5860255423,282427.139871383
"M01A E51 Ibuprofen, combinations",48363.1367737766,53018.22755296668,61175.598706081626,37265.49529974217,32141.254090174614,30015.568530143242,31498.077587253552,33717.324010714285,40350.3269562606,43139.87729703034,48413.72348265607,43302.41743640992
M01A G01 Mefenamic acid,309943.12633603043,288807.36790038587,288852.21025500994,154477.8784418489,111540.46889445989,87320.05075968843,89359.41655501099,120169.24669440887,247500.74550906685,310875.92446393304,263682.1711309658,282632.18796773173
M01A H01 Celecoxib,11089.50030235595,10880.353643951657,10887.06712756443,9607.390724790854,9950.209212908194,9667.211613738273,10009.450744738542,10574.175659874958,10543.740802320299,10751.854526612775,10641.934316382958,10671.540558535313
M01A H02 Rofecoxib,0.0,0.0,0.0,0.0,0.0,0.0,0.0,0.0,0.0,0.0,0.0,0.0
M01A H04 Parecoxib,343.403339953425,325.30191385691086,294.93019759764906,206.19704920818896,230.6463551145705,234.88442445762496,254.32110455001805,268.9022732418819,270.86143281332244,275.05018508842437,265.86341152645525,278.9470172948294
M01A H05 Etoricoxib,52026.01843985786,52164.91494296411,53317.4333305561,50386.19242573667,53992.8084869881,54180.985721096215,54654.78069348968,55247.25865651142,53770.713412035795,54330.59600156227,54307.86925829042,53596.52104877991
M01A X01 Nabumetone,7141.901227722755,7403.582624447792,6817.266792341855,5415.016377171136,5903.792295548592,5805.719680764589,6147.8814394514175,6385.239096914913,6619.149073399741,6907.570905101634,7029.342220977182,6731.413524191651
M01A X05 Glucosamine,13413.02118436337,14424.751615900215,15225.633022202208,12366.174008316324,13410.78745828014,13212.309279323712,14283.357797231089,14256.512472629509,14958.899274020769,15913.030576206293,15923.953879027235,15503.125982356507
M01A X17 Nimesulide,457040.9845492954,448659.41755852493,482877.3416441806,411705.4904284867,417331.109054878,402766.8765843356,414446.03572901577,436145.22651515855,459237.0251349607,483397.21209802706,456295.3649420059,457473.23866441695
M01A X20** Combinations,57.04014542918513,23.18417533486369,11.92642243251017,0.0,0.0,0.0,0.0,0.0,9.051582151141288,0.0,0.2810750471044563,0.6833025419094532
M01A X21 Diacerein,5728.94805946556,5781.812876917575,6076.515375169267,4858.1292180607015,5182.85413666393,5387.278715836594,5717.048623464805,5753.230793857454,5691.436374461655,5819.823483235094,6072.661014543928,6094.332883881075
M01A X25 Chondroitin sulfate,19866.597673148306,21753.74985305321,22029.844472221095,15510.65108853537,17309.504728265845,15918.77280665722,16791.338380464807,18695.50575682876,20637.863395774923,23177.740636887105,23316.203148619385,21398.84598439161
"M01A X26 Avocado and soyabean oil, unsaponifiables",2663.702152685305,2510.7915888602392,2303.4577379113275,1778.6384572633415,1933.840101498412,2015.3693830338786,2171.524222020856,2291.413644995532,2297.5053834864148,2349.750574390263,2673.114527224483,2828.3694896030024
"M01A X67** Nimesulide, combinations",44787.868292739964,47179.80822164114,49503.110803624906,48808.873233592,52634.11392118718,57849.50369516412,55224.33231451187,53342.937967608355,53527.53350728332,53604.723222821565,59760.093992320966,59848.18869259622
M01B X Other antiinflammatory/antirheumatic agents in combination with other drugs,25478.504449422537,26194.439790166372,28495.42138779618,25276.189590934755,27568.147478480358,26593.17911355156,26851.298946643255,26661.36653815135,26850.113136392552,28571.330940020245,27387.07010795713,26155.094767341376
M01C C01 Penicillamine,129.12123161740226,146.43836003316795,175.14755217950653,148.97799531030344,148.93383922866695,153.6952037770838,136.70138482954334,139.578219085237,155.263575903518,183.71895077186883,182.27314008027548,183.09998094072688
M02A A01 Phenylbutazone,582.8690933478833,575.4892622133083,508.6254380947564,469.69561958902295,552.0250055735444,597.9317551502695,593.7967956007577,604.3156687502565,588.8004080589634,545.2054402950371,576.5415068730041,642.0696009244859
M02A A07 Piroxicam,0.0,0.0,0.0,0.0,0.0,0.0,0.0,0.0,0.0,0.0,0.0,0.0
M02A A10 Ketoprofen,61088.83437008897,59863.481838407024,58778.13687066592,50334.10400642163,53643.02428197777,51286.32657203025,53308.875502178256,55088.2853109014,56541.85912066313,59661.79564574652,59463.89113198563,59925.12828783727
M02A A12 Naproxen,0.0,0.0,0.0,0.0,0.0,0.0,0.0,0.0,0.0,0.0,0.0,0.0
M02A A13 Ibuprofen,88034.8154124499,86602.28245538083,86795.13048796951,70903.0610476287,71789.14979520036,71745.78327238437,74519.16616534388,81426.65190613347,84112.83820111232,88205.8277439473,83414.7472374826,87127.36178035445
M02A A15 Diclofenac,195712.61011258818,190551.04532787934,209996.42705570918,188703.58325634722,198426.8236661372,196852.52265106916,197628.29777430426,202496.0258177983,205198.12414603325,212286.56883598218,196975.0486007681,200294.80051157734
M02A A23 Indometacin,10609.402502610195,10761.162954518815,11552.98566111344,9873.326996632117,10356.15502043941,9614.17733225203,9910.736707969216,10033.869529259315,10275.672079669133,11020.518888370396,10577.001364849955,10148.336410442209
M02A A25 Aceclofenac,1156.4398868905544,1169.0260239395732,1388.264627208551,934.2812699209952,1119.1851722584245,1053.307375921453,1148.5285462223815,1258.4940672758355,1235.05757308009,1210.057817986789,1155.2570177083512,1190.799477046284
M02A A26 Nimesulide,85732.3461228012,84160.12081567085,90578.76380500381,77228.2547939979,78283.51569955601,75551.53790896726,77742.3298686914,81812.69247938118,86144.28229035441,90676.28178521762,85592.48182089155,85813.42891551214
M02A A27 Dexketoprofen,4359.320100428582,4401.910400277823,4264.414912583021,3782.7157205241547,3976.445068670601,4015.8634481682093,4216.677103076844,4327.897491110231,4269.61074228109,4396.749267087305,4331.729362356292,4456.375230696674
"M02A A65** Diclofenac, combinations",70087.03642042115,64110.13778526124,66501.92209362227,61938.85072006005,72629.06704605627,57955.0235045414,63738.61150254975,66131.59422153706,72550.40436108634,82830.29258105939,77821.87902403921,72214.80159615885
"M02A A75** Rofecoxib, combinations",35.66088466665309,1.733372966905883,1.4407347101923134,0.0,0.0,0.0,0.0,0.0,0.0,0.0,0.0,0.0983349650749692
M02A B01 Capsaicin,5628.635293359938,4604.43261041555,5496.1297433062055,3281.041072214501,2938.1787209052764,1627.612769049927,1445.8205663648823,1976.2891596153227,3392.174805976301,5083.523712931786,5660.386001073973,5253.654612325722
M02A C Preparations with salicylic acid derivatives,16071.51067716381,14414.826724235281,13474.32309828588,10012.906376611076,10247.526639188622,8599.662216814844,7440.968687529323,8413.780272714415,12728.7519835572,16542.41273949875,15535.91754013047,15346.701406423894
M02A X03 Dimethyl sulfoxide,73319.38008989886,72412.8733733315,74024.40079051939,60755.08551471149,68946.73088450701,70958.03357078516,73302.9473102495,75765.15109226276,72137.37170831513,73084.37579159884,73192.2450486676,74495.07644476437
M02A X10 Various,784413.2230475941,758940.91352693,820752.2107093097,647210.7389790508,673346.8157867914,631199.2732252032,639930.0031938752,699602.3287649526,755106.4510520669,812735.790340265,808913.358063357,797089.7727571314
"M02A X53 Dimethylsulfoxid, Kombinationen",28339.658733214932,25676.788605648166,24795.105959624485,19857.19407636157,26410.504555924585,24343.795359438693,25775.680543266863,25826.876343774027,25946.532745401593,26674.952011996313,24855.940708156886,26045.933438157223
M03A B01 Suxamethonium,20.268477437455374,0.0,128.42995062813037,0.0,91.974101183416,0.0,145.46388525205253,92.7787720651078,173.25159476923358,0.0,109.26077657348311,287.4991381369785
M03A C04 Atracurium,163.01666045587862,207.7322752356505,172.08093488386373,186.8776304268299,189.0279546855985,136.0655819170091,164.9734515265332,167.5227150385482,163.18949367255584,221.0794844041576,158.36244481383468,447.594580965972
M03A C06 Pipecuronium bromide,0.0,0.0,1.65605092461602,0.0,0.3136132148225598,0.0,0.0,0.0,0.0,1.7652920877574005,0.13388830612683006,0.13453404992490198
M03A C09 Rocuronium bromide,2.3346377542100685,3.4817070785124065,0.0,1.9131792644963797,16.33829638565782,5.700308782225763,0.0,2.7306589922722075,5.791554966433638,6.026190445401568,0.0,26.884797894103993
M03A X01 Botulinum toxin,2353.6886907154194,2325.523699615519,2009.615648608342,2169.280749675343,2332.683572401686,2111.8465724555026,2217.8117143712984,2020.390569776677,1729.025195973723,1818.7476388041023,1317.6991349411476,1129.5650737235264
M03B A03 Methocarbamol,466.7089656780422,399.7843376816285,198.71884084159666,60.56904892667035,105.78982095182869,43.566644129054396,0.0,0.0,0.0,0.0,0.0,0.0
M03B X01 Baclofen,5676.349822945462,5384.41799779237,5439.619934780207,5009.267281480783,5113.2525559515525,5004.150972638477,5186.309103098323,5396.109804576512,5470.83736286937,5676.217206613964,5588.7628787199465,5776.767213515044
M03B X02 Tizanidine,27994.19442398472,27391.338057692963,27403.800903420328,24194.022718762986,26165.08530979788,25483.80012138655,26004.57870941827,26948.995118604398,26732.73578471408,28124.82505636258,27745.43081244216,27713.636956066584
M03B X03 Pridinol,1169.6713337840697,1325.827520583115,1474.0134174364846,1614.6275388414617,1748.048473570466,1874.6358809572964,1994.7314373690617,2108.659735354515,2216.929137834971,2322.304589585681,2542.316388143131,2780.448916166986
M03B X04 Tolperisone,52395.870456679826,51974.651729059515,51012.52006833031,40612.793261114,39031.98553670798,37743.92267855023,38332.26331339107,39876.21034263079,40433.74848738961,41981.795524563706,42602.164075670036,41913.799837922146
M03B X05 Thiocolchicoside,81850.1794005908,81453.0893812942,76672.99474872608,70947.9600006082,77603.61349802591,76497.29856087902,77944.74167871983,80068.5718506417,80868.05899205242,82470.11110402235,84422.74675591882,83295.20534911692
M03B X08 Cyclobenzaprine,10194.468271917089,8558.246616790007,6410.264616000376,6412.1591386806995,7134.755280136989,8094.833116614054,9645.499109107735,10152.27322641471,10623.167843572326,11268.159660610445,12042.163237552975,12056.354222419028
M04A A01 Allopurinol,32918.645332845685,33241.75938347562,36842.5414114761,29314.417821373,30400.294936787053,30315.15981661482,31067.67570797356,31470.30160855708,30667.253916520414,32153.602550387623,32456.388244977905,33333.48798814666
M04A A03 Febuxostat,24065.39564201281,24702.551576448674,25540.254816760687,23722.76129765504,24244.167857102628,25141.838691175773,25631.963686143208,26276.510633960213,26242.59733698431,26699.87960745515,26205.50516700039,27971.12945116631
M04A C01 Colchicine,7153.199655027485,7265.227603609765,7581.629097902093,7346.975028762465,7543.678108877268,7443.1457083956175,7438.718123436806,7267.448390896265,7013.610540290338,7207.738195232103,7140.0926546120245,7336.956957542467
M05B A02 Clodronic acid,1.7096251140701972,0.0,1.0541090336702374,0.0,0.0,0.0,0.0,0.0,0.0,0.0,0.0,0.10537216812695926
M05B A03 Pamidronic acid,0.0,0.0,0.0,0.0,0.0,0.0,0.0,0.0,0.0,5.382261701833307,0.0,0.0
M05B A04 Alendronic acid,4889.5239568661145,4716.613655950478,4799.692367760341,4024.4906897506035,4261.507499885187,4432.872300535226,4727.06549359763,4793.245000589926,4833.859558726137,5015.752957777477,5014.859429560923,5126.312359530053
M05B A06 Ibandronic acid,2280.1638142876586,2099.524494178278,2172.1379775183927,1699.1021036181035,1831.4799439254912,1812.53355559902,1996.3533843654618,2001.0877868062332,2199.12544818647,2326.235716718278,2393.4380709713428,2402.296093801414
M05B A07 Risedronic acid,852.9888754064284,787.0429809300086,786.8863438706843,597.2759127450365,625.53564636633,706.381911785176,837.0030026420648,812.9567538493872,918.6202333370569,939.7274954490042,917.0813836603737,976.7533727512808
M05B A08 Acidum zoledronicum,1303.98541012066,1441.9937404310951,1885.3143273246235,1319.2371194846246,1349.060475857805,1391.793883601529,1491.243732441687,1579.6295341589926,1395.2620981780158,1536.3172720384143,1531.250933771912,1600.0749858038896
M05B B03 Alendronic acid and colecalciferol,49.568322253249136,47.16349888779737,26.364020856730775,4.451619093172312,2.9356783436203315,0.0,0.0,0.0,0.0,0.0,0.0,0.0
M05B X03 Strontium ranelate,1.617329224189341,0.0,0.0,1.6955953326034332,0.0,0.0,0.0,0.0,0.0,0.0,0.0,0.69174504548335
M05B X04 Denosumab,248.85267742828006,266.5093797626467,266.70551017695857,236.08038305522663,246.72744990465958,259.1222719310246,262.2560980989351,287.7991275800821,274.5835197118182,302.1522019640257,275.7655163126102,309.2357363382964
M05B X10** Other preparations,8309.584383422134,8643.739489924052,7913.144733113914,7149.784885654132,7808.98576567464,8163.419227679374,8998.413555271492,8689.582975333515,7997.007669371468,7134.525382590157,7773.099511153439,8862.314371992394
M09A B09** Serratiopeptidasum,74416.70115240551,68938.16538616363,52992.14662379535,47898.123864525856,33244.67230773545,26334.000512928324,27722.851727707755,30569.090150156502,46151.805538740664,93310.16490023317,100533.47624005232,73194.13276253287
"M09A B52 Trypsin, combinations",0.0,0.0,0.0,0.0,0.0,0.0,0.0,0.0,0.0,668.661983227335,0.0,0.0
M09A X01 Hyaluronic acid,520.4789904672544,525.2799684674185,508.99394270688543,435.79812049925886,463.3506629965713,471.23760205424423,482.592927078906,499.3181630065088,492.2069531348113,477.0645281739785,494.42184877794057,519.1963423125624
M09A X10 Risdiplam,0.00044846274976501966,0.0,0.0,0.002258465657433349,0.0,0.0,0.0,0.0,0.0,7.153836522933474e-06,0.0,0.0
M09A X15** Other drugs,81214.8916726254,85528.32704451727,86507.00779317624,69212.51457164822,74065.17864304871,68843.75715158139,69586.11949882425,72281.35589331463,76047.74590138331,86828.1983605423,90898.84743773012,84990.43810564131
N01A B06 Isoflurane,0.0,0.0,0.0,0.0,0.05809815067115863,0.0,0.06720452728588902,0.0,0.0,0.0,0.0,0.0
N01A B08 Sevoflurane,17.27762319745068,15.246296361243761,19.40935453662388,15.328320721273627,14.454013313339075,22.516287031337082,18.857825650081146,24.341976189422045,24.998616265240415,27.222047970240766,13.922912978586695,22.69212462960909
N01A F03 Thiopental,0.0,0.0,0.0,0.0,0.0,0.0,0.0,0.0,0.0,0.0,0.0,468.4430285616379
N01A H06 Remifentanil,5.484589341512016,5.891237495415057,6.274810646457622,6.636462544782735,8.449289253026269,7.522332030692303,8.064580074309712,7.884973120580926,9.500403919373255,9.319720583060644,10.62772881839834,9.881194046803827
N01A X03 Ketamine,0.0,0.0,1.2270832541705792,0.0,0.0,0.0,0.0,3.028123296321958,13.302618760948317,25.501535832843885,1.4371901905548643,77.10223437691809
N01A X10 Propofol,388.0844455374894,203.63610795275264,132.23657297804465,176.6576800913596,5.864100875092986,308.7859725951612,435.0394050642971,84.70008613268726,187.52336608048074,121.98032513179696,381.20542746593145,534.1994444263203
N01A X11 Sodium oxybate,5.031163763891525,2.598856061779573,6.541967499423164,2.4562142488711807,31.338169247762742,9.938690846209138,19.076465724299407,7.143643226104768,18.181542826882207,9.498420106837303,9.40327953013453,9.577724668105457
N01B A02 Procaine,45684.05560116639,41189.70827831943,41703.62899503553,28599.915562820628,28511.783607074605,28008.631641843458,31056.697692425834,32866.215765133566,34972.85945489069,47910.33636060363,47754.3805613676,43457.090943160336
N01B A05 Benzocaine,10866.97132859507,10025.92653157218,9878.159278214696,8085.510763748966,8448.171308856332,7785.412714952191,8107.763540425975,8869.272991252985,8704.515648313192,9276.022879123082,9381.694625827551,9694.905319988186
N01B B01 Bupivacaine,4273.822104177024,4739.7852209359025,3642.854386140726,2495.603990102307,3337.931945069292,4100.623380840603,4677.032401255373,4530.584689384909,4508.075991686263,4429.685705325064,4271.722948033831,4401.798613998562
N01B B02 Lidocaine,74792.2556539262,65834.10521255716,67634.85977746178,35908.35914617684,20496.76533981806,17410.626689562487,21635.537894305246,29764.66845337678,47325.629061182015,107004.55723654151,97011.0246408206,77998.31856295122
N01B B03 Mepivacaine,2.0975997858804276,1.667403094211871,3.1065836125080333,2.049265898775973,1.2595495994213326,2.3015144315686284,2.6952241689174747,1.85472983042756,4.544072231266636,3.2112840235689064,1.6563913290417316,1.6894150450510002
N01B B09 Ropivacaine,442.8838553846076,438.8354793853097,431.67288232768277,483.59917526464324,466.6385136964617,481.9821453483953,502.8204555594382,493.063010401635,468.41859764342786,511.0052656648373,525.3443604268822,500.66056059253094
N01B B20 Combinations,1148.8135324445248,1088.8653466923888,961.3605495772046,938.2236633715809,994.701505893606,985.9619313977502,1037.5824232875893,1036.9669682859849,1001.6815557712257,1005.618577245942,1002.868345912239,1034.7379123318005
"N01B B51 Bupivacaine, combinations",0.0,0.0,0.0,0.0,0.0,0.030082548946815613,0.0,0.0,0.0,0.0,0.0,0.0
"N01B B52 Lidocaine, combinations",1677.2121664331005,854.7874288478663,1430.505958854289,0.0,0.0,0.0,0.0,0.0,1436.3785189236207,2050.7145176638605,1456.7062546382601,1747.502151776302
"N01B B58 Articaine, combinations",1216.8287634448002,1379.5970600169212,1488.9549255046825,916.4964461249548,928.2316908512369,922.7347148623264,1127.6591623012619,1180.687548482474,1252.4962856575082,1274.628503627599,1415.6487062337355,1540.4352965487087
N02A A01 Morphine,6720.142354924946,6116.716174876375,6863.030737589395,6733.327094511684,7360.399286801392,6447.302947385036,7449.038582603824,7835.5001975307305,7583.188996224132,8065.779141930728,8970.423965247881,8704.370530653476
N02A A05 Oxycodone,6.04312040578701,5.896816105041749,7.00343390367866,5.5607893818213086,5.221135003568548,9.207072740199461,9.171484168737312,11.89547455080071,12.81832809568455,8.385472170824745,14.758448670170019,6.422891108879359
"N02A A51 Morphine, combinations",617.5287933931854,636.0374108342228,779.7757100533214,730.5444167385346,783.6192579340901,793.407071609068,778.645384895175,768.0718334163963,770.1705188946103,881.5071162688737,825.8225793739103,1199.8773244668016
N02A B03 Fentanyl,329.2353621925086,331.71603920831285,354.06450096544086,430.7635905156278,443.759982300262,410.33301587245387,469.396162874692,470.0202006209671,429.8709509624717,584.37827138016,476.47884785879523,612.2632291861879
N02A B04** Trimeperidine,0.0,0.0,0.0,0.0,0.0,0.0,0.0,0.0,0.0,0.0,0.0,1.4170830091065678
N02A E01 Buprenorphine,2.2599622375226036,0.11435138410854052,0.0,0.0,0.0,0.0,0.0,0.0,1.1092067867049853,1.7504498104656194,5.83870649275712,0.7251323694271933
N02A F01 Butorphanol,0.0,0.03523535936366046,0.0,0.0,0.0,0.0,0.0,0.0,0.0,0.0,0.548202726022557,0.0
N02A F02 Nalbufine,223225.57695068975,222174.09642723933,229148.52026980577,223376.58826008826,234891.00179070106,243490.13488462765,246314.4159637023,251863.12042866758,253262.45211022906,260226.55164755686,258478.2418478626,267473.4260779975
N02A J06 Codeine and paracetamol,144.20674300569664,128.8117993177407,128.86662030513645,134.28445303281347,104.87229515271565,136.13734478639788,113.18536043110413,107.47094888462962,129.28979558521053,134.0688488834357,143.0504674597763,140.47853825860935
N02A X02 Tramadol,2117.923180345722,1849.7501308767705,2187.1350682952198,1390.6059952235883,2263.1153137598926,1760.0469455825441,2398.376828034275,2253.358910989269,2726.579154346875,2239.450326026568,2661.5866403639307,2919.1074688274334
N02B A01 Acetylsalicylic acid,807636.3781117316,814664.6743765507,975867.6086570208,658885.4681831014,656838.6837879856,787402.1786446411,1216538.2526976094,1903617.9614035015,1238486.9735174223,954888.0137603822,921767.680810625,843696.9789439804
N02B A17** Lysini acetilsalicylas,0.0,0.0,0.0,0.0,0.0,0.0,224.5378648663277,222.22946560099595,0.0,136.78507048664906,175.42059419839222,0.0
"N02B A51 Acetylsalicylic acid, comb. excl. psycholeptics",2875504.3099585944,2773162.7123151855,2974979.593246486,2371657.831173347,2432747.8390255067,2696286.954543792,3035625.6164175696,3089295.815632158,2863416.639540724,2913849.194944237,2600834.840570995,2951220.8623337704
"N02B A55 Salicylamide, combinations excl. psycholeptics",102.84389948462865,114.22857978380799,103.37558904385497,79.04581081672625,62.053684476780575,32.803227429658804,36.23405621071973,31.621406528554218,33.86415230632362,44.98282377103115,41.641624638329944,32.700448438090405
N02B B02 Methamizole sodium,1092148.2183747017,1087923.8277647868,1291649.3985420403,916032.5180290277,904217.6488838025,930880.2232328068,1016099.4503771951,1038244.5853578906,1077657.1890076317,1109646.9763926095,1000640.2083657765,1112222.542809495
"N02B B52 Methamizole sodium, combinations excl. psycholeptics",194514.0188506838,195782.68152258272,196655.70850550337,148921.3165372414,149982.9654080333,150702.85535006833,161599.32774909787,166834.61931372297,169828.5798108246,181076.78905390736,178442.3120937751,193502.13257107078
"N02B B72 Metamizole sodium, combinations with neuroleptics",243403.85409968076,234454.4170080111,258729.4406883278,198978.46838439096,203391.59649256428,197987.16987775403,239232.6428561879,238570.36169292094,237292.66241223627,231585.74031760028,231029.09420658668,239151.48851113213
"N02B B74 Propyphenazone, combinations with psycholeptics",29286.143758107904,29788.41342730036,30022.076700240257,28938.859794288674,29816.5003179205,30192.84063094577,31196.993683146404,32575.76150831079,32427.43042296383,33412.902032932725,31629.274570334514,33147.84265400911
N02B E01 Paracetamol,1173403.5094233719,1224775.5097099065,1666853.6743471369,848911.4068649239,538913.1508871551,475593.06651294255,532495.9842215747,721888.0475964826,1146072.4287044108,1460853.5927987562,1227177.9860822342,1184977.9295170193
"N02B E51 Paracetamol, combinations excl. psycholeptics",1859652.1886586451,1707451.0332858886,1770079.5938034097,1025407.9880333942,810959.7621054265,682287.5858370509,712995.5781375137,930064.541258632,1744797.6598935996,1966160.88007505,1694551.8730902006,1840530.382701727
N02B F01 Gabapentin,15269.231659823421,14798.413508967458,16078.745369166267,13631.863238208889,13454.429514326568,13539.740116104287,14224.923778410044,14485.14908913823,14647.564918604357,14926.339963060831,14682.649179509595,14968.374933552184
N02B F02 Pregabalin,265235.28195579414,264887.1014324043,277354.670355773,264494.6482535624,270620.57407705125,274529.75982995477,283693.8907158022,290896.93987794634,292517.82380257227,300331.3844515559,301804.0941886795,310408.983559536
N02B G06 Nefopam,9684.38209013196,9844.060229642855,9327.770182207392,8602.787585214843,8829.352948576623,9011.757480221873,9240.239746493888,9519.791400467326,9775.621764601894,10342.70669686537,10175.862883631973,10135.464474001077
N02B G07 Flupirtine,7.006756921161262,6.149855920699248,3.871040427359371,5.292293339717196,0.0,0.0,0.0,0.0,0.0,0.0,0.0,0.0
"N02C A52 Ergotamine, combinations excl. psycholeptics",8064.473085647584,7965.6687182689975,8569.088041593139,7506.560717479456,7166.424075415519,6521.147178991375,6279.277679079069,5254.195696376231,5070.969327440969,5775.040649519766,7038.173324409811,6980.933081548855
N02C C01 Sumatriptan,82110.79555891696,81177.1432841166,86040.8415782524,69412.47112753714,71018.68888094104,74238.69559764027,76757.33188497578,81468.85822882023,78143.65701787196,83636.4369630894,81976.96263323951,89083.77208333566
N02C C03 Zolmitriptan,30528.38503233168,30377.28439198312,31660.77820657284,25692.657185113196,26363.541894814047,27572.7155894433,28947.303272015288,30405.207344941442,29000.139730150946,30685.64596518713,30105.79848008464,32406.316018871228
N02C C04 Rizatriptan,8852.003049827847,8957.285581506347,9105.062828855262,7785.624648740507,7903.087326654817,8184.292690992375,8328.942604468535,8489.770957255576,8577.563261491323,9129.403926886032,8838.007281207912,9300.94038667153
N02C C06 Eletriptan,1405.1795641326714,1445.610239423986,1474.4571782694345,1452.8914674913108,1461.109539570792,1475.6734053649993,1533.8248751881954,1595.521768838932,1598.754115125831,1650.2383414170845,1658.2734537124754,1728.3632077117961
N02C D03 Fremanezumab,32.906633507735755,32.448820562443395,37.56310824455349,38.43347642858555,43.97030901415518,30.927113120954868,33.189094444738615,29.85561754210958,29.99057405835034,33.12267730968694,35.7956979491002,34.6186524989748
N02C X10** Other preparations,0.494865857403156,0.0,0.0,0.0,0.0,0.0,0.0,0.0,0.4866880728499188,0.06433986732138518,0.0,0.0
N03A A02 Phenobarbital,486.3488190902817,487.3402964864266,518.7325908790303,462.5159388688011,474.69332973630515,465.54115490599605,508.98212751743665,504.2484180822767,543.7109630098366,561.7969114275721,616.7551826374482,655.2441120810367
N03A A05** Benzobarbital,4970.962977354471,5388.520754629096,6397.0521094857495,5178.626726408028,4920.184752982806,4673.137907279582,5184.707963753958,5198.368341970414,5427.554577580533,5407.937499105583,5576.866969362578,5575.750078605127
N03A B02 Phenytoin,1145.3390914515765,1322.727749740122,1470.5863846788225,1154.210600937646,1075.0852822525674,1089.897535612368,1178.7482466080723,1299.648123712499,1263.0401337039036,1401.40825000489,1406.620451353543,1364.5039207403288
N03A E01 Clonazepam,780.3267069980543,771.7930101522072,751.1508720142341,590.9611808425611,704.4374472439282,622.8008797037268,670.6460450102709,694.8441965942114,707.567537200069,793.2758290234602,868.2948818208783,942.3565433975182
N03A F01 Carbamazepine,77399.5929473826,80842.55091643982,90617.96012552835,71869.71312664187,71675.92636137544,71774.80458300503,76549.07239415143,77166.45147691127,76534.2511769619,79435.97297084513,79698.41403979446,84630.87572879664
N03A F02 Oxcarbazepine,4759.937904095571,5092.321240460889,6115.305394910186,4653.6950038266705,4504.877776316899,4489.147079666126,4504.918007702552,4753.225035488735,4836.729343074726,5206.545874500563,5080.190184998275,5361.60311875349
N03A G01 Valproic acid,37015.736867666,39868.1389098121,44917.5169879302,35255.347094825884,34184.43122474367,34149.194973079124,35659.977616148695,36793.58537500558,37139.80122649231,38538.05315208292,38762.22913695664,41202.76356925682
N03A G04 Vigabatrin,326.7819426516324,364.95816000478794,401.1646996661678,435.5000455203609,468.05775725772656,498.9267165841061,528.1913611200489,555.9319066050766,590.1685579917353,636.245709984943,672.8761375543727,726.6731769212131
N03A X09 Lamotrigine,32196.34934739251,34075.246084754675,37066.27160562523,29654.146553302508,28889.505442425165,29230.241884704108,30129.647969508093,31088.924968332107,31550.01029837215,33042.95349338501,33192.975780376124,34368.40174094985
N03A X11 Topiramate,6423.582503132093,6872.15737461094,7805.356323197187,6253.209333469349,6181.615193090247,6096.894132190134,6348.307534873213,6452.18210842284,6636.970018665711,7258.430598263174,7253.373313344314,7808.7197368123925
N03A X14 Levetiracetam,14027.291382622287,15211.190354491617,16499.370055576965,12971.886340035131,12812.87389119155,12755.736455706568,13322.425830908473,13489.16465465988,13784.402237250893,14582.886826913593,14634.447822233635,15332.149542079555
N03A X15 Zonisamide,1147.3498819238218,1229.086847682588,1278.1057526777283,1163.9355999474237,1138.579642377947,1148.427470211256,1180.415094177212,1211.1370244691825,1233.1883457708668,1280.6747885317793,1303.8587966789582,1309.579591943091
N03A X18 Lacosamide,666.1976052369423,730.8445724422284,765.3397431349857,756.5863071408405,762.4396947941382,802.9077649125063,833.0729833726919,888.8285927576032,887.3707735210046,960.3027970939713,1017.2491713360255,1011.967778713712
N04A A01 Trihexyphenidyl,9947.510909172095,9919.061354925438,9946.181329144112,8939.566926135058,9037.39182134382,8933.116955126834,10335.278279769247,9966.832957099185,10808.202716579137,10887.931341779104,11706.337459555083,12185.099971391872
N04A A02 Biperiden,45.41851351457703,40.59932903133104,32.64588063895486,14.88862111927453,24.9027126977509,20.176285154752573,0.0,8.192027236652788,11.774634368535942,0.0,0.0,0.0
N04B A02 Levodopa and decarboxylase inhibitor,21081.641655413598,21874.98690014161,24094.50576966673,20576.759539029525,20613.830028262477,20278.104693391535,21015.239099237493,21457.641297656963,21698.44453013525,22516.93258986058,22357.036111383557,23628.434002344642
"N04B A03 Levodopa, decarboxylase inhibitor and COMT inhibitor",531.8843915167488,511.33559832535093,517.797968884764,458.36527044482574,500.51531680540614,611.203559006402,602.6039578797297,567.3932820909233,628.5089465724094,602.9784832701296,577.392717740837,562.908710429934
N04B B01 Amantadine,7372.266183798167,6975.811715460567,7586.377390693238,6333.102780782123,5863.308342755986,5549.798042237826,6062.6082517260475,6262.295269219375,6410.346133116789,6649.26767413747,6982.706956856768,7740.124432934955
N04B C04 Ropinirole,0.0,0.0,0.0,0.0,0.0,0.0,0.0,0.0,0.8090164570367286,1.6702889941998633,2.3459013001182116,0.0
N04B C05 Pramipexole,15128.97843935715,14900.5540957297,16664.53223394249,14183.898357627477,14217.958869690221,13816.86889245517,14373.25212378188,15365.197121958005,15497.127133613661,16403.52715605294,16529.09238711912,17261.204585086805
N04B C07 Apomorphine,0.019688589758114446,0.013010019399374767,0.0,0.0,0.0,0.0,0.0,0.0,0.0,0.0,0.0,9.128825052999445e-05
N04B C08 Piribedil,1193.0845000099139,1205.936097126393,1272.947535697598,990.6320474325837,1038.3158176985937,1028.3689947894236,1089.4388973401092,1149.677380258679,1166.9683274715571,1243.955246119881,1217.0729419165618,1343.435259431928
N04B D01 Selegiline,76.978595403446,143.30227987017648,0.0,0.0,44.608309359626105,24.970473485801293,75.66361039941162,37.589525542970065,78.435663270487,72.85997906517076,86.28123731358794,85.6928495249919
N04B D02 Rasagiline,1322.7190765214061,1327.5286741787804,1380.2373405792011,1208.3952619740585,1262.232587364465,1257.5670359513106,1288.8779830953079,1279.5729290850263,1305.3222741513218,1372.5743384788793,1392.0165782154456,1469.6489582792194
N05A A01 Chlorpromazine,15621.149952500838,15695.111016035597,16719.786928588663,14154.879847709133,14064.741523068638,13879.564916855219,14423.079843147523,14697.438625320267,15356.641770579425,15631.449660770686,15883.018258647426,16532.4568288254
N05A A02 Levomepromazine,1613.2714564327214,1600.6901049899816,1796.629750704365,1371.102594144446,1374.2047957650857,1338.3760839301722,1437.0202413308152,1564.1822941199046,1538.4042632197506,1532.7053653682024,1646.3665739555374,1732.1374676939815
N05A B02 Fluphenazine,997.5689085179147,1239.958015640243,1626.826482999678,1242.854038548799,1238.6828646496685,1253.9623071919368,1292.5482428873238,1323.9933731052063,1386.558658941085,1456.5900692713603,1400.3827791971535,1348.2449287993607
N05A B04 Prochlorperazine,3697.989522353135,3681.8235070677197,3609.792099285066,3125.7903775046234,3362.438404525948,3334.681830588687,3426.526375884557,3527.6858165669328,3559.319173558513,3674.150863597456,3690.6796200742906,3743.4240297014367
N05A B06 Trifluoperazine,4014.89100159175,4397.350212409369,4885.8810431529055,3736.261712826059,3469.9523294823534,3184.8705957726274,3546.3095292151847,3530.1251964524117,3819.1584607945724,4110.49874238642,3994.8377903654746,4266.56946641237
N05A C02 Thioridazine,3557.8054444742747,3496.094008377716,3752.6474169330886,2988.5223012100078,3001.7927660641626,2763.5484953801065,3019.105636265482,3227.0963064064035,3238.140599951759,3410.8749922206644,3465.44506346841,3568.830477899226
N05A D01 Haloperidol,5897.836714425222,6132.68755264791,6614.488595218279,5891.881001266794,5377.6380980978265,5149.553347554873,5659.285519112729,5926.459628351235,6194.170487734261,6363.811947232898,6355.77108682403,6610.520770489156
N05A E03 Sertindole,163.91395548886294,176.47114728186148,226.95363764318444,153.17756685916692,161.88264715887706,156.58864832556932,155.5917861858473,168.09103340099378,177.36036810003515,192.85497278619238,187.3713934620423,204.33166692964645
N05A E04 Ziprasidone,0.0,0.0,0.0,0.0,0.0,0.0,0.0,0.0,0.0,2.75633980344015,0.0,0.0
N05A F01 Flupentixol,3476.04874974736,3668.862867732788,3929.1376718182682,3109.2414247837914,3073.055136853347,3038.9364162061297,3169.009749385494,3291.7751256261236,3369.192936315766,3460.573094564618,3502.156330860837,3525.53162959495
N05A F03 Chlorprothixene,5279.65885626083,5274.684332378449,5912.361828637921,4477.508941010881,4557.249746274627,4446.429505851003,4671.434428877483,4812.956282664047,4936.721681058676,5191.341915139761,5159.603217770006,5432.113375239582
N05A F05 Zuclopenthixol,1668.1108758325884,1779.375307581985,2038.6327926869758,1599.8967204764426,1641.8586024134893,1531.1472476686008,1608.2109035781637,1676.9585680112878,1675.5286392632606,1832.2730359703128,1791.3248930414281,1826.6199184037941
N05A H02 Clozapine,18243.86249706278,18811.92743723073,21010.055570971082,17152.277059569376,17424.420832054006,17098.567631647715,17849.623252928686,18210.927931559458,18845.961856070084,19580.270777284586,19920.615695862187,19918.55261233027
N05A H03 Olanzapine,9389.930995475825,9611.261719871376,10273.73502302353,8975.201175994458,8881.53573629322,8786.82798355343,9029.45933342701,9445.043730783294,9630.13402324815,10050.844316066143,9983.570309219616,10587.943617691795
N05A H04 Quetiapine,58994.320148631065,59067.40310736721,63010.08436429047,55744.88880449149,56029.262368806376,55596.80090102946,57043.47885276531,58341.899853038274,58981.621149421524,61740.36392710952,61920.199512037056,64828.89346384215
N05A L01 Sulpiride,41390.39081286855,42892.945996587805,42851.2468485924,33884.14183522522,33553.55892956068,31452.016910058195,32594.211999485397,33883.50517605633,34706.39242234225,37372.492924400154,39506.486831075665,42326.75266144525
N05A L03 Tiapride,612.1377984157643,617.8456539978245,662.2809499110972,537.4265980893397,446.29652807955785,404.11948351935683,451.14125931882023,377.8492914060154,455.4975285233959,513.4295296649246,572.9737420257719,662.2469233620741
N05A L05 Amisulpride,5782.811728190726,5944.885859420869,6633.116405471943,5415.118483379767,5418.743786772989,5347.95527055453,5459.937298646725,5702.935362187444,5788.895454086984,6114.531168673577,6016.840581409815,6205.49895266577
N05A N01 Lithium,1194.3328974565347,1219.7298621186437,1339.9696668638467,1128.8904696879881,1157.7781206871214,1116.6601774524968,1148.9319196958027,1103.8163631431416,1124.9142727343133,1305.8081751621248,1235.7343707847451,1304.9489449424332
N05A X08 Risperidone,21737.273380408227,22561.19090428333,24632.392387845757,20830.211039158054,20957.09182467024,20764.735117542336,20962.262816302362,21666.766839772743,21967.54312301139,23127.301614064665,23437.51427136963,24242.404661675955
N05A X12 Aripiprazole,8681.992393730643,8914.31630712686,9519.362113587094,8096.303034498545,7990.443646970966,8036.753212692167,8264.04834101239,8474.194719411827,8745.481297874643,8999.950036388154,9076.530102942228,9221.11123192875
N05A X13 Paliperidone,0.0,0.0,0.0,4.224661098975632,0.0,2.696612142557102,0.0,0.20853126335282876,0.0,0.5142699535656783,2.6391201263742783,0.33645316820548543
N05A X15 Cariprazine,246.10716875984883,248.1153068896261,242.1334834673573,225.3776908034517,219.48232274623663,241.58209437437398,252.48157775079335,251.89643052583818,246.76037881978348,263.8420035288492,267.84336937001115,260.7985281168501
N05A X16 Brexpiprazole,477.99795435127487,502.02916080912144,536.3894977470766,550.8042086411348,582.1597747934908,598.2300534412299,636.1304089595828,650.883837505019,655.0310854261842,671.4727617542919,675.4434450689951,702.955785020964
N05B A01 Diazepam,1889.5069767658879,1459.1002269297037,1592.0126698504203,1008.6624669766572,1248.6425474673108,1089.1104546494973,1370.9486231849105,1302.9102008029047,1481.1117056869634,1422.107952383875,1790.2027925310676,2155.589307438486
N05B A25** Phenazepam,1833.5497108558222,1928.142919406158,2033.4380711311155,1136.0691773957726,1482.945447292188,1300.9186480940114,1543.0197936201598,1390.0280949257678,1853.2013208549458,2024.556886482978,2046.4831238700936,2465.2782986644766
N05B A29** Gidazepamum,267862.0767133031,265986.80978460045,280815.71538634517,237593.17141244787,223632.4897780368,212533.43441521487,222043.1100696642,230989.55693793047,233651.92557725037,247267.10003341315,247770.2567430503,267332.1084554667
N05B B01 Hydroxyzine,28004.103020375907,27163.696925362492,26555.040334430952,24566.723346764902,24071.613641711258,22166.876562747526,22924.258384655728,24696.459327261484,25012.259166425276,26145.630122835493,26859.019173042863,26290.79309828794
N05B E01 Buspirone,10373.570950876992,10615.07710760714,10937.142583619425,9496.687512949738,9147.766422932182,9015.36681453415,9461.85371367466,9814.660194976786,10061.253879332455,10712.627406588981,11044.092884601327,11690.4243158317
N05B X03 Etifoxine,1380.0420902698395,1512.8963439236334,1510.3223834123812,1148.6934515690923,1175.6633426601736,1213.8678920987513,1287.0069682153264,1347.213265674299,1310.9881402071899,1336.4506763992156,1313.4281419185484,1276.5039508997274
N05B X04 Fabomotizole,33123.40436728058,32921.38841295526,33516.79109417409,32721.283083828228,32958.12892023062,33158.289434031605,33140.01848975147,34662.510379006446,35426.907335089505,36742.747144635025,37523.31443695052,36417.53371548199
N05B X05 Lavandulae aetheroleum,1531.3559559715075,1255.7053326961466,1130.742225819791,939.4597023809225,847.7938183653226,780.4778068138174,891.7765096029284,963.3521330877703,1133.7836719832687,1395.7313294830583,1448.295351731548,1478.8507401523204
N05C B02 Barbiturates in combination with other drugs,797289.4480015854,796809.0681916269,807555.2598079445,679856.4572167062,606324.1215182751,562131.3689399991,569656.9605434615,601644.8657936474,624453.7788274788,683114.57249118,699243.1902015827,780975.7880750117
N05C D08 Midazolam,2.209605476277671,2.196850471917145,2.180076921332309,2.1600885337680245,2.5455282766201806,2.1129105238054904,2.0866467744573223,4.815066227882372,2.030432243525997,2.8869555089444803,1.9708045741828517,2.4281142792771333
N05C D18** Levana,28122.987051430173,26097.39603411938,26775.782170868137,23000.661230864524,22745.36982945903,22089.74445893201,22656.06871310779,24081.2510670458,24285.967500793602,25390.617198389235,25399.91950706312,27899.77830459961
N05C F01 Zopiclone,32411.90336594011,28459.725873504678,23756.24368939239,23409.619351938625,26094.91889181169,25463.902733546198,28763.13321676987,25787.564213184876,25780.53882015295,28803.99071556346,30049.82164172795,31434.3177924956
N05C F03 Zaleplon,2933.670271329024,2882.725684531024,2962.954192364089,2657.305975902004,2738.8303800038016,2794.5700805567035,2880.057618270489,3138.597025712982,3172.5471289384413,3158.4629887902715,2845.3198539432015,2853.163923337009
N05C H01 Melatonin,34656.29065043839,30976.125307434144,28564.446475653695,23325.027252852284,21079.810117234105,18934.623851362514,19415.57468128819,21335.627987851687,21847.678075725435,25911.210388647385,29648.0352816079,30840.979038599242
N05C M09 Valerianae radix,438797.2325472002,475043.0388855778,526685.726334885,340644.86587293603,328079.06468198204,335636.58730782376,316155.2745871024,336318.6811891306,332190.19684935827,374154.52975614544,383075.5556601805,427836.25556201366
N05C M18 Dexmedetetomidine,130.08431723887125,176.03900922255474,70.93452880005452,37.85511045260729,33.292141765202416,0.0,0.0,0.0,44.346615507636784,280.4217757619906,257.0572699560267,279.6130313018085
N05C M20** Leonurus,183426.0841632513,193691.75963762184,205251.35839872426,124885.24018921219,121888.45320320853,100317.63319601158,98298.68277186005,119320.94241414488,127858.73850957864,151543.7109675317,165276.95451550017,181188.12973548096
N05C M23** Paeonia preparations,34675.679401158704,38328.58103031699,45801.461243451915,24601.77232376812,24049.33049782937,20637.646746886643,19331.785455940746,22120.58773299231,23188.647664441836,27751.55291940975,30474.858033192344,32048.175434026707
"N05C M50** Other preparations, incl. combinations",411574.23474748025,409841.8722341179,409121.0946184182,301287.9152625907,278790.9187260444,253640.29146576422,267168.92294405424,291217.12450508703,308973.46882695414,346566.0877994381,359902.1701404197,394518.71945153154
"N05C X Hypnotics and sedatives in combination, excl. barbiturates",0.0,165.6348469651994,61.14368511512669,0.0,0.0,0.0,0.0,98.36233085550859,132.26526144660147,0.0,110.71952980008194,233.91281521187432
N05C X50** Other drugs,44538.680134726514,32914.77936379995,24047.164668759164,10584.84723442702,5914.996408661767,0.0,0.0,0.0,6660.039781904832,12234.997655146388,16007.531875440098,22860.27637337554
N06A A02 Imipramine,539.4517975005969,633.7857315520738,747.5100973539663,565.3480085561922,565.4191560786837,525.7948926573883,587.8467004810634,643.5409653007149,638.4767957171472,745.0994786110044,754.7020434868017,803.3653139481506
N06A A04 Clomipramine,2404.2920554238262,2118.762706982858,2260.813217338169,1757.8980147305047,2151.540241752458,1963.1388124781065,2164.59045816671,2344.4069638256797,2544.22375746094,2797.783981477234,2771.776149798355,2982.045473563337
N06A A05 Opipramol,10257.127563513965,10749.929842082329,11213.494221393015,11663.48859640891,12535.46776734475,13454.701094404541,14052.265969782085,14756.689116061492,15254.265719697672,15690.310407822784,16167.950076212383,16409.88857585324
N06A A09 Amitriptyline,39432.88072626776,39704.52637279291,42674.181260227,36060.32874038822,35650.39949473113,33522.00606841942,34344.34089758399,35511.8783311296,36762.97264818004,38365.275672034324,38521.23726133172,40823.96570298358
N06A A12 Doxepin,4006.271688511721,3995.5365146955537,4328.649725406442,3557.0540437389773,3569.2312481688277,3478.7795614765323,3500.7039618865188,3563.9752319783306,3626.967597815604,3841.2908402492453,3914.032783959982,4074.9040886923954
N06A B03 Fluoxetine,40026.591503595184,40485.43167764117,43201.04353285705,40095.60368518432,40893.879519767404,41088.046052493526,42190.212548455536,43219.88890949162,43162.4238423481,44022.758818433926,45307.61583558767,46461.992991755906
N06A B04 Citalopram,463.84463451758796,463.4254092781632,511.6047208343309,434.0276618269729,472.54910636879424,436.77895374995893,480.8831234025983,475.93435087241755,480.7348245959807,508.6506953225389,499.19448365149316,503.2094060623643
N06A B05 Paroxetine,21683.190793741334,22011.11648286174,23192.41793346344,19061.74159325015,19065.669020384885,18718.243461398037,19179.42951351392,19848.96845451199,20388.9953066158,21538.543287604218,21390.93097170032,22439.38321828255
N06A B06 Sertraline,32684.506157144475,33435.53069580863,33920.12745810977,30344.22239932052,30670.58868365894,30279.632042499503,31140.03266094178,31922.725087065417,32353.145359334158,33435.271108518966,33821.82163923665,35317.33279518061
N06A B08 Fluvoxamine,813.9389331255561,825.839664365724,862.9215767265721,718.067633983964,748.969007158591,714.9306330670063,662.7660611624519,723.147731007522,736.3947942522916,813.2445722168206,883.0077219571576,876.2131691181407
N06A B10 Escitalopram,68180.24344945032,69451.64958476005,72245.25860992834,63034.025980462284,63678.24497909361,63235.37812441742,64717.30640909909,66946.03637617076,68029.4470415129,70944.446670212,71318.19541410019,74747.94381741807
N06A X03 Mianserin,20549.668934725756,20626.87167120335,20644.53768544794,16761.868721906136,16602.1033761352,15864.203724580977,15996.093428400116,17336.257016517942,18103.826112074723,19123.296413582662,19742.997279851534,21098.06379792915
N06A X05 Trazodone,15797.875081466278,16171.66140807847,16580.799389060245,14991.220141693124,15186.023827394558,14980.91879951111,15340.008693722031,15972.513463922607,16201.35836631334,16850.224894284733,17256.31566655775,18228.899270917314
N06A X11 Mirtazapine,5949.261454408262,6058.149757050652,6175.434605833081,5214.4278915275445,4721.686326751635,4843.910881599425,5122.890732146176,5252.484819252097,5536.373895605353,5547.001763356475,5528.208264225894,5938.930471589947
N06A X12 Bupropion,44.82493659924718,45.779477913047586,46.460442111628886,46.92254461803492,47.20955777070073,47.35649944037435,47.391383923654246,47.336622657819134,47.210144792692034,47.02629364813133,46.79654388002376,96.95807521307867
N06A X16 Venlafaxine,13843.897656026205,14148.686860653388,14619.202592115062,13184.923624069505,13454.860491492076,13431.522502609369,13720.682700236652,14206.28877504842,14529.537933185453,15161.203720481484,15254.41480547857,16111.045723291645
N06A X21 Duloxetine,25923.795870938455,26616.16815773141,27355.927621543426,25743.884003523548,26375.289257763376,26509.520840649926,27517.71483575086,28297.87092245545,28950.873196183526,29831.342847583914,30220.89470777299,31457.43166631132
N06A X22 Agomelatine,4197.437031749916,4272.384149087157,4221.027287302602,3478.1724422206116,3501.4636105006693,3376.9007894703664,3402.0691769917767,3419.0749313545566,3485.348979190432,3721.2724618047832,3871.495492241916,4228.608960937274
N06A X23 Desvenlafaxine,879.5996262507201,922.6389910812369,867.3997047850501,757.2706975875004,775.9943136688605,765.9244283733485,781.9253419763387,820.3616946981307,875.5995987149641,921.3491437678307,933.0804016495238,971.1230297942781
N06A X25 Herba Hyperic,1222.7251662915419,1252.7992534804835,1241.2420631344894,827.2258755117128,750.9966305640781,513.8314991132625,504.5748372650295,618.9156006493496,755.1582075046581,902.1599121528051,975.2591937467337,1004.6000031605346
N06A X26 Vortioxetine,3953.479177102733,3972.0577991760833,4088.515400474663,3397.3909851534277,3572.635356536339,3448.5483572825674,3618.747061519451,3700.8431285488573,3766.5134858122824,3929.482475262923,4037.3675704633347,4224.840750263564
N06B A04 Methylphenidate,24.292081723153068,23.297941375693416,22.382706785972427,21.528596802442372,20.76738650386507,32.75969595324995,29.804421201004605,46.30227908745505,25.597443084862153,28.529251971034565,17.091976768219233,19.502634294213696
N06B A09 Atomoxetine,59.68413886554041,44.52330782012481,40.85897285320049,43.92983474906922,45.87445413517237,49.97447951346304,47.127629685503756,60.770479692544505,61.06708956758526,68.63950733702605,65.43217142198684,74.34623255936363
N06B A13 Armodafinil,4278.564944375432,4143.478960472075,3971.8208555499377,3967.37893565996,4352.639491550532,4514.0688994326265,4439.923716706669,4571.87877290306,4511.537256075684,4588.902794875727,4549.285536521821,4604.492220871662
N06B C01 Caffeine,42919.95498742545,44856.00577124871,44716.052193750475,38356.37592719508,42865.779109393916,52775.05265059619,58649.63927900118,60232.99077716835,49666.41337114527,44542.09964176998,42503.697653712916,44767.472258710455
N06B X02 Pyritinol,7.5476155330799735,2.8648474915220516,4.971772152468546,6.951650975418576,0.0,0.0,0.0,0.0,0.0,0.0,0.0,0.22187816932047189
N06B X03 Piracetam,63990.635777376454,63375.5245917124,65049.57868708224,49456.93420727919,52154.55246733784,49527.42531928583,53614.29904474533,56315.460669013984,58818.42101233002,61724.878730883924,60374.05514962811,63442.61892852458
N06B X06 Citicoline,101243.18056672647,105830.39666216455,100793.17249100182,83381.76410655845,89705.63795149053,86971.51837992303,87669.7612751558,91037.49614382883,96352.74859125406,103735.03190168104,108998.51670250944,107540.16749565893
N06B X16 Pramiracetam,3916.963966089976,4120.797293089721,3926.390566081569,3239.894595867101,3370.6912310875805,3358.112350656018,3454.2702577028203,3815.972394732316,3734.177515747966,4074.0166239525397,4288.008121908251,4219.512731664875
N06B X18 Vinpocetine,76987.27219592364,78509.76306017896,80416.70857447847,63966.716608813316,65353.279859176466,61768.254482362216,65075.60300380605,69141.9722438564,71936.45125879192,77519.81409363558,76944.12358440577,79175.30959991713
N06B X20** Others,10189.322048811242,11063.984103580808,9967.83784467086,7430.6971470383705,6858.881173261361,6343.601778568734,6250.654847143613,6747.812686332493,7738.422918386818,8769.350004291446,9821.118385254656,9371.307845383963
N06B X21 Temgicoluril,68357.86887985299,71397.0923512823,69356.43311431073,53371.17811061841,52512.37889354954,49113.57750577942,50984.95438144829,55829.709867868354,57462.525042889356,61122.13516879114,63467.82445539754,66201.14387056761
N06B X22 Phenibut,260584.4594061892,265729.78049083246,256733.0857203697,200498.2314658223,195806.90802400702,185356.27323237754,195526.43976089676,211350.80294553473,223521.08985506793,236423.98414451722,243471.61753789932,259870.45981442774
N06B X23** Gamma-aminobutyric acid (GABA) and derivatives,31694.418688650047,30642.40718560241,29671.894946210625,24147.877163255132,26432.37054544867,26252.156859761428,27753.898319769578,30267.64189633402,30814.301166143516,32262.212990549033,30823.19485863139,31748.7551616552
N06B X26** Tissue hydrolysates and derivatives,10518.79197816568,10708.690301534778,11284.540361579753,8356.953667987807,9476.09038598586,8597.536876916669,8395.591430946157,9028.873190147675,10345.442172620113,11450.95389147039,11229.29137489547,10776.725967238583
"N06B X53** Piracetam, combinations",64369.71515179064,66236.4413174299,67677.54641254204,51618.25905123247,54108.174124785546,49370.841546228716,52130.421245983984,54106.13196838891,58981.267908913585,64428.66322393403,64629.10803855113,64761.592852845526
N06D A02 Donepezil,5704.1071442737375,5558.521287839937,5865.173134062721,5262.6415424107745,5466.900800459041,5489.932338267481,5653.495699884057,5750.317320547142,5912.469148447435,6006.302742137495,5935.154148459368,6171.018604886692
N06D A03 Rivastigmine,1554.00947646137,1541.595894138582,1511.7287961556074,1361.5828582954541,1390.8796225519818,1457.9295538193564,1484.8700937470358,1550.4877119020039,1555.5559543728973,1617.0274899439191,1647.8221539600634,1663.4349899990734
N06D A04 Galantamine,1.3921282551430703,1.6220462747213253,0.48262459146756365,0.8801311459481892,0.0,0.0,0.36415798197261307,0.45513346268676563,0.7297577483417222,0.0,0.0,0.052158395618441045
N06D A05 Ipidacrine,8112.923955734478,8216.213596864323,8037.760471364423,6950.247597286992,7642.707052315756,7564.950718275125,7905.906052795179,8007.341622464988,7941.333805276639,8361.423292682848,8552.74542410501,8353.176118719657
N06D X01 Memantine,21167.464408361193,20453.18211411325,21791.168989190017,18551.92159972657,19266.895598630945,19061.472708229572,19811.313506383613,20285.760855381974,20653.664645055796,21269.860387269982,20946.652091516466,21468.997765388787
N06D X02 Folium Ginkgo,12900.942294636952,12933.544115551202,12695.292524769406,9666.14620463077,10290.448101006661,9640.494170594176,10299.470378750988,11164.837497763243,11325.876545459849,12313.088736103935,12698.518641106008,13066.599917594465
N06D X10** Other,0.0,0.0,0.0,0.0,0.0,0.0,0.0,0.0,0.0,6.105115152428297,15.692353997905393,0.0
N07A A01 Neostigmine,5734.939347696378,5737.796945614022,6026.758600108188,4635.87709986356,5403.062675827903,5272.269112759422,5627.6958384646805,5488.884395188935,5368.238016728381,5596.025290119982,5722.577084993307,5676.420097052011
N07A A02 Pyridostigmine,2155.4605800745285,2408.189811096959,2709.9881232836174,2116.500900401658,2055.978449464803,1806.0494160840333,2305.1251167481305,2338.9866046481225,2301.1563223368294,2633.5682238565078,2319.1862724409643,2482.5752386772438
N07A A07** Ipidacrinum,21014.95473040618,21282.50649649038,20820.25831391878,18003.267307696275,19796.949114584822,19595.536424316575,20478.715036506677,20741.46419036227,20570.483752528195,21658.644027261318,22154.226871707888,21637.28132394549
N07A X02 Choline alfoscerate,63719.5013132597,65141.02182626807,60343.56095659698,52053.23858078229,56754.85020005275,55707.562215391335,55437.560547584384,55956.38113326103,58434.36312172454,61992.03743241754,64352.196800894155,64412.656615597654
N07B A01 Nicotine,12757.468574859568,11343.25998021727,9303.709845542611,8247.034878842062,8881.8976465208,10284.683801702966,10583.017466887877,10455.599940074984,10820.39065966385,10568.565176374115,10448.844730781508,10769.0699153466
N07B A03 Varenicline,0.0,11.828420583634076,3.7090502479714766,3.4310413926117116,0.0,0.0,0.0,0.0,0.0,0.0,0.0,0.973464730758482
N07B A04 Cytisinicline,11246.466981403373,9007.061247361306,6178.087783717538,4096.992536392408,5033.59666212219,6290.640286295901,8872.719909224761,8672.119131157728,8057.622832293991,7960.2073167928875,8262.131227981892,8026.366280522979
N07B B01 Disulfiram,14704.385164703652,11194.540607081866,11596.819868014172,11155.419783789746,12541.347423439936,12189.844042189816,13821.310644219453,15253.43043287289,14633.90997082537,14757.56330821709,14239.935685160191,14871.531693744406
N07B B04 Naltrexone,0.0,0.019701396508550892,0.016294152398817038,0.0,0.0,0.0,0.0,0.0,0.023788574000501314,0.0,0.0,0.0
N07B B10** Others,53139.339104247745,28801.30652769391,20010.340625883986,19689.938063869253,31518.21657369063,30058.523540980907,33104.99407424631,34926.17146029181,27985.68872856137,28943.717102610215,25782.485561282458,50406.61768765342
N07B C01 Buprenorphine,831.2956579315509,42.06256525423112,0.0,0.0,0.0,0.0,0.0,0.0,408.0062800283138,643.8786023532491,2147.6869280286824,266.72985066831853
N07B C02 Methadone,9295.091346814295,6367.541886807575,2501.4042750122444,3742.206941786051,8230.153831415146,1227.2600993284866,9459.238669869215,19222.330682511856,2673.2746488360276,27121.66617810542,9347.056557731,5721.436417641514
N07C A01 Betahistine,108154.72695111438,108226.83887558854,109923.38000605424,89141.76490131313,92935.12840840661,93356.01320496776,98411.13383310303,102512.70152649762,104080.0252720996,106582.10705946758,107214.78728024832,109930.4518477593
N07C A02 Cinnarizine,120463.0476862423,120005.089214234,127175.03468436288,97563.91170820143,101408.92317500775,100708.9653961883,106904.21102086818,113750.25376834761,115884.05261406663,118407.39913837732,119141.91940556138,122447.98506704408
N07C A05** Others,43463.58821212817,38285.93458177178,41732.8306820435,39828.9961668177,55174.541959193884,84754.40679765164,93447.30712492275,92159.85655117033,58475.61370083749,54896.577029240296,42121.1265006316,46477.82928641373
"N07C A52 Cinnarizine, combinations",20743.787692941434,22832.69824102738,23220.627299946264,20856.779167531495,22193.44928204981,23255.680394114574,23128.03070421652,25056.268772748193,23979.538648023667,22802.383568694164,22662.297725680688,21825.684871720034
N07X X02 Riluzole,157.27813972554725,146.38774799411337,146.25794730693784,114.10181945516916,126.59902987172583,123.59491090294281,138.37372842588812,123.77409514221597,139.59450121324994,161.07693876804876,141.09860150985944,172.61964440127966
N07X X14 Edaravone,2159.9961112478727,2044.9812097855358,2390.0024262650113,3351.1821370979396,1409.5490434136311,0.0,0.0,0.0,0.0,3446.7035213357863,3769.112576699989,2882.0605586407
N07X X19** Various preparations,216558.65743899028,224064.73397121127,212626.64847663805,152134.63597004153,156037.3610251967,142229.7066748149,150266.27312673465,160173.91519728646,178657.2710239133,200449.63784230713,211295.6330242564,211547.8239889745
P01A A30 Tilbroquinol and tiliquinol,64.9926193185844,67.36964555947964,61.26807494341565,42.12722684178419,28.694956751698825,20.112749070850327,10.992591317391309,17.14967350584387,1.8269476478257083,1.4235753526309587,7.441285907694944,3.7266627429659174
P01A B03 Ornidazole,12571.424328035311,13394.151810481482,10653.546609933084,6075.992675881747,7363.936910594444,7932.511587640235,11097.378638631097,11379.357025005864,12452.276644049996,13630.393674380604,13977.15361262993,13607.708114469788
P01A B06 Nimorazole,0.07746183267063456,0.0,0.6674744771194776,0.0,0.0,1.1929208749940654,0.0,0.0,0.0,0.0,0.0,0.0
P01A B07 Secnidazole,9702.294191284605,10040.088604757011,8555.136979269308,6856.252122613516,7082.560681023254,7564.4139714854155,9171.535847589512,9484.130192207165,9911.735311635655,10451.715050912819,10929.408886068919,10192.28359792817
P01A X08 Tenonitrozole,0.0,0.0,3.9023772072515968,0.0,0.0,0.0,0.0,0.0,0.0,0.0,19.12190787051187,0.0
P01B A01 Chloroquine,20.612493616387923,38.248758049809595,91.43780632897264,112.51068168472877,107.59381870175932,124.02236504780946,129.4624388570752,151.92293463691345,134.7793679932098,132.13615141067248,111.92561487706834,41.09802238261071
P01B A02 Hydroxychloroquine,2010.1181291186037,2135.2250897338213,3073.6869231329147,1577.4738547591078,1685.788064966981,1769.9668980401977,1868.4978294056903,2004.8532394050028,2040.8170323113707,2249.3151315433847,2364.105875835913,2206.156336176856
P01B C02 Mefloquine,8.424461669090206,4.732773562770435,7.105003405583469,15.031567607702748,1.276799297267024,0.0,0.0,0.0,0.0,0.0,0.11194037147315239,0.10495980336531519
P02C A01 Mebendazole,19265.39993362083,18891.259474839262,17433.25303118161,13818.259399623095,13366.616417743882,11677.696755608109,12072.9937492671,14763.671667561892,15691.896725565326,17690.59709533568,18322.144114519557,19087.050853234272
P02C A03 Albendazole,260680.0854364268,244917.28462988423,224840.9112199933,184286.27132742375,176823.3562487112,161501.3146210844,180905.19775432604,212764.3494962625,220315.51972515485,246717.8875436118,256496.6366337206,254020.3711411508
P02C B01 Piperazine,0.0,0.0,0.0,0.0,426.5508455639799,63.73000174829932,136.12390134596473,154.20450718630832,0.0,0.0,0.0,0.0
P02C C01 Pyrantel,24731.98930838057,21737.08151164621,20271.78697945461,17385.06065889722,16897.718507647194,14776.176891843066,15648.41290439564,19339.298619633602,20240.102497019852,22379.490904124737,23061.804135004535,23139.05242490427
P02C E01 Levamisole,13302.429916418996,12871.447418912778,12228.833135439623,10306.639023192907,9663.630247927355,8294.721742246724,8663.521052234033,10480.371814755697,11933.43213930484,13167.744113475972,14097.962607344689,13617.511516971479
P02C X10** Others,6162.399498515909,6593.606324275484,6479.032346372447,5016.41852553932,4701.508430362121,4189.266115709664,4318.803625477001,4773.955794780172,4803.4556917120135,5184.405770746788,5633.289595463911,5823.626816726911
P03A C04 Permethrin,10513.808352329124,10073.016744211076,9192.565092948644,8561.014607170706,8883.824653780366,8426.181926300102,9509.5681795479,10872.470817378147,10087.048162874355,10744.078874503328,11069.424679038515,10879.175357898675
"P03A C54 Permethrin, combinations",0.0,0.0,0.0,0.0,0.0,0.0,0.0,3.7735063802717033,0.0,0.11655035166077354,4.426992110473201,0.0
"P03A C55** Esdepalethrin, combinations",0.6183476760088737,0.0,0.0,0.0,0.0,0.0,0.0,0.0,0.30769725039646323,0.0,3.0080391905126165,0.0
P03A X01 Benzyl benzoate,39078.06857356151,33603.63449998712,30992.641868190694,25370.425189816615,26032.293274180425,27984.977168734542,28872.02131144092,33621.5900526691,31740.910872714703,35039.25655581427,37369.69532935697,36146.66457525424
P03A X10** Others preparations,6887.170600318481,4990.849978288852,4808.205809367566,3671.826802932952,5381.717926487681,7696.197954033878,8303.115504773257,9448.927474067175,6773.21897820473,6384.392910217185,6116.949984529572,5277.346772681898
R01A A04 Phenylephrine,7874.018916447692,7374.746106477387,7464.303198642075,5847.884014192694,5951.744629260732,5426.519422057753,5817.731231511551,7332.888914570347,8345.774671493009,7631.693638356885,7553.674787232273,7921.012691374192
R01A A05 Oxymetazoline,1145264.8734669657,1100976.349233863,1104738.1900308433,798375.7823943507,725524.7639602512,623607.4514996497,622459.7212356254,762018.4054759108,1194756.5848733,1197290.282821089,1074671.766119637,1201646.462408615
R01A A07 Xylometazoline,1729329.57091505,1676820.1833718934,1677835.618568599,1203145.186357194,1102442.9694193015,928618.6835002184,923180.1367961825,1138112.545064185,1733248.5109098174,1780943.3304175548,1588997.132054975,1813606.8637961426
R01A A08 Naphazoline,816871.3150141297,760668.0769265529,757590.0152118129,593828.8849953414,563450.6275774853,515897.05999852135,527550.596690671,629324.5187997117,774906.0920422653,780737.3145916288,737046.2909864408,815025.1828576113
R01A A09 Tramazoline,40090.09331035853,39515.32146558988,39225.31180522368,29014.619892379465,27525.27097755283,24897.65366114025,24466.20002345893,29462.6805287626,37762.01154845429,40797.90497965636,37019.79114006675,41125.15188384382
R01A B01 Phenylephrine,70697.79891674481,69772.61840336466,72986.5283811801,47529.37069619779,49808.12611742075,40448.343090762566,37575.70578940652,84605.7527112492,117136.83522518692,87067.80174795791,69120.37094750875,84068.02610054368
R01A B02 Naphazoline,0.0,0.0,0.0,1.7577627858010816,0.0,4.853224483527283,14.580640323741324,11.917993390466606,0.0,1.5411189113023265,0.35663744417753396,0.5576726650317418
R01A B06 Xylometazoline,149729.46890670864,152709.16150069734,147848.1941946059,107091.21485484627,103698.80816507021,86763.7670485369,85012.90359059785,106999.14825953418,170157.7097261749,166665.6715472121,150951.28338498104,174291.3722275701
R01A B07 Oxymetazoline,55200.27786395396,55110.00648062682,52921.943042072715,42249.43041687617,40046.05969319402,36757.95107914044,35280.69913501034,39638.42137977121,53164.70222198896,50566.83431745533,49206.411705081526,56809.15261661313
R01A B08 Tuaminoheptane,6664.821240079484,6722.284873848213,6726.646561857916,4623.108693260401,4073.9623793771084,3342.3025092651965,3448.820594170387,4388.00744308926,7820.084903219077,9433.735252317656,7980.602312591237,8512.769941804823
R01A C01 Cromoglicic acid,1382.4282686972836,1437.5399033261506,2560.8096440124627,2962.153014299118,3690.3295869179074,4482.755744668122,3845.879285542733,12382.543083943297,6926.0377113021805,2268.714233435509,1497.3929112859569,1590.7749867599216
R01A C03 Azelastine,0.0,0.0,294.2863369301826,439.39762829511477,745.8215141097598,845.4230270716736,456.88908091456165,2972.8332970689,1274.0246163549516,122.27337323176886,0.0,0.0
R01A C09** Loratadine,0.0,0.0,0.0,0.0,0.0,0.0,0.0,0.0,0.0,0.0,0.0,0.0
R01A D01 Beclometasone,1362.1959882328106,1632.2243113420122,1980.0616377521167,1266.0723892944661,1494.1478459992122,1362.96598731736,1549.1272581555743,2846.48047984555,2253.5579063708624,1789.0141807253376,1604.3993605024993,1706.9884045880685
R01A D05 Budesonide,826.7431334214928,828.2720364578436,831.3753085189345,679.931685189916,665.3102304136846,605.3107108908882,552.1862127648694,581.7411596167118,761.5629568680811,905.2437980476783,905.6892728236623,1003.4463173748519
R01A D08 Fluticasone,122.07325507466808,113.5511475550621,116.88568949647957,56.9908644766833,49.44559374498,30.925388672386106,18.461369186542743,24.364648937640204,46.64193848972467,68.19502395126126,76.4068579759015,97.40490353784615
R01A D09 Mometasone,199730.58095591096,195170.73481570272,191619.29204395838,164410.66294568373,164715.85001889727,154113.3259213238,149252.19843047103,191377.7167895346,204086.07249762505,203118.00968571135,195058.9927661506,211785.75357288244
R01A D12 Fluticasone furoate,9454.201707830096,9139.17690363765,11500.986591597943,9678.882273280433,10789.941149940676,10261.43178258313,12471.472220011343,37585.401701268165,24325.522817587876,11289.196841957908,7733.044792768181,9194.814684730654
"R01A D53 Dexamethasone, combinations",26070.012551393844,25326.98550312327,25843.828767757714,17493.316682716177,14728.469517933845,12259.603889358881,12243.979489749818,15430.804073313471,24661.450243415293,28746.647282747654,25300.907017464444,28396.412508488782
"R01A D58 Fluticasone, combinations",1.8498149573303175,11.206719324582032,11.936515894237807,14.028626225816835,16.65778756693446,10.379389715682962,7.578544510536169,12.144941422273135,16.10353202751712,11.129077587566703,7.902587111460781,4.033667806430444
"R01A D59 Mometasone, combinations",1089.1157589582683,1317.791287080691,1013.5465720404258,649.9456624700072,878.7013972754679,652.4780475816314,0.0,2478.5722651637398,1429.0216330164144,289.32025405532033,0.0,0.0
R01A X06 Mupirocin,3353.336388726361,3365.574729490151,3262.6343708090253,2985.7937270211755,3114.7326566545808,2995.9662089150947,3154.3078350472265,3284.278417488024,3449.355017882782,3466.707720276071,3358.101214920706,3264.548380186817
R01A X08 Framycetin,16571.47896977412,16902.68096828136,16073.126913627868,1113.5044164457686,391.01716524079893,0.0,0.0,0.0,17220.761906856605,24171.236090273,17977.01938354681,19107.380364706576
R01A X10 Various,117134.89086565671,121636.71582633823,114299.90403338682,65356.75295975824,61940.52643446641,48846.09148316273,46776.09596889436,59977.84783313866,113874.56703259419,130043.69998355227,117622.09897718129,126991.95791456984
R01A X30 Combinations,69773.18912028873,61972.82595967791,62486.56260918047,34167.72865953374,26159.025735304436,24437.610928059235,22951.78248614858,28956.79155001131,58940.61614008923,82055.34705953773,72907.35925683824,78347.81327059217
"R01B A51 Phenylpropanolamine, combinations",82423.30946017861,84072.74042676117,87576.85532543735,83927.31549726811,82438.85507375494,84575.60601764133,83593.47341908175,84113.50236710437,94013.12068669526,100621.53921319114,97034.67981442568,99342.10064813087
"R01B A53 Phenylephrine, combinations",43316.8419659781,45000.26445179683,40641.49387184944,29172.68203928911,28020.52200463848,22254.602208315573,21336.80100265486,26170.6162695239,46691.54391441674,49733.80226172864,45937.86277097575,54973.39100977106
R02A A01 Ambazone,58213.71926725203,53250.032587941954,50555.497697453044,21014.342638021066,16810.869443434654,9369.593740724671,9278.495231515852,17580.29407710793,51693.37840654077,54994.59992304619,45765.34798920968,53316.90369509962
R02A A02 Dequalinium,12341.874424119944,11688.040472759552,10641.621301446183,7407.197154170419,6839.374226124748,6327.274673463149,6327.430621108807,7697.23776900027,10326.261877088378,10759.061153333803,10593.42736410508,12161.258322497037
R02A A03 Dichlorobenzyl alcohol,138699.12555815026,135502.2286314852,139561.04048446336,74513.39738956105,55384.26779499594,37099.37341418693,36194.28031257893,58325.67236841593,141786.47260704002,139404.79607443855,111244.43260713635,128205.91210773528
R02A A05 Chlorhexidine,6130.238671941266,4396.795858079796,5982.720805114184,390.13453206838483,0.0,0.0,0.0,0.0,5567.593870468308,6874.285732239353,5172.021843149254,5835.800438979229
R02A A06 Cetylpyridinium,68.74487973080392,25.3325004582987,34.71585222228951,15.469388815477167,4.106273272022297,0.0,0.0,0.0,0.0,0.0,0.0,0.0
R02A A16 Benzalkonium,0.0,0.0,0.0,0.0,0.0,0.0,0.0,0.0,0.0,0.0,0.0,0.0
R02A A19 Phenolum,77060.65251907996,72936.5252379902,70875.9932868611,41743.07159970051,37737.417323714755,35097.250576668856,36128.08425277485,45217.71706740234,85996.77919284705,87498.41316694551,73720.480219967,82355.6937361269
R02A A20 Various,1326453.3896724514,1236690.6722607168,1299141.9526957057,629453.3257080307,500475.3340522915,386024.305935108,389804.86004251824,574240.0791625117,1290888.1744920502,1355051.894947661,1186853.563092111,1346284.53001003
"R02A A50** Chlorhexidine, combinations",0.0,0.0,0.0,0.0,0.0,0.0,0.0,0.0,0.0,0.0,0.0,0.0
"R02A A51** Dequalinium, combinations",252941.49718536707,227391.69608024516,228240.1782470507,122261.61023139815,97844.83926977919,72010.63715138695,67926.24690757623,102012.60336343071,234023.2911790174,271809.4912823896,233929.05881599046,283813.2070937741
"R02A B52** Thyrotricine, combinations",89318.12993389412,90647.14202794302,85520.08024883372,56885.036971197835,52589.0660947407,51757.69753922657,53137.267640466824,62521.40786711062,86768.0825940772,81773.85172130205,70785.9375687335,82545.01359233022
R02A X01 Flurbiprofen,193216.37816081112,189900.58501177697,167472.98147851505,118291.0322644429,111523.92752330124,103104.46414280855,102343.72948420982,125777.9577931177,182841.13134001716,190268.5128707148,176471.80455010777,195736.45742744446
R02A X03 Benzydamine,70454.43047330405,68900.41994280451,64549.65798641651,45539.486223153806,42923.05923230186,38752.31514876775,38973.629676595956,46418.80945726183,70934.1981819607,70936.90379789066,65512.70106970142,73447.08482106189
R02A X09** Інші препарати,31663.648487869308,30135.041994302155,28987.380465984315,24063.62037685725,23461.36049445864,22118.47948570922,21845.04685995928,23851.228840485033,32140.024971706138,35618.19520376101,33166.370038739195,36174.524220249485
R03A C02 Salbutamol,157690.46616776942,160628.17903679688,182691.2998120966,136400.76051241418,135620.25875274607,130589.41662508936,135536.13380304177,141072.89322548156,153480.01004351114,166305.47437801267,161934.37392569165,174562.40364391264
R03A C04 Fenoterol,3155.992309157817,3279.9667076918226,4480.140995399273,2651.2115944454767,2476.349242562685,2419.4305299366956,2693.9347287161495,2880.3932566199555,3079.037247823246,3419.444809666123,3335.8056280206683,3464.9626515845503
R03A C12 Salmeterol,0.3335719827512151,0.0,0.0,0.0,0.0,0.0,0.0,0.0,0.0,0.0,0.0,0.0
R03A C13 Formoterol,3252.586408359664,3417.28688178022,4101.673587551952,2645.8436792046255,2509.2904795620525,1921.8494468832807,2724.218547775551,2663.9581555246555,2973.603768759226,3516.1929863821706,3347.460287515814,3554.9692554580156
R03A C18 Indacaterol,5.224084944828257,0.0,0.0,0.0,0.0,0.0,0.0,1.5392399452852337,5.266124529290216,0.0,0.0,0.09405604971585135
R03A K06 Salmeterol and fluticasone,24635.70519210675,26922.356900185874,32366.061289544414,22396.012223926504,21596.462794327424,20845.683473543402,21711.642639811434,22622.544595721116,23898.758383344102,26727.080836337744,27355.641421627904,28588.166512755284
R03A K07 Formoterol and budesonide,71323.22975767913,71368.85064594272,78245.55558629216,70750.55467612314,70903.7880079616,70763.31686970715,70636.49068486448,72563.08570576295,73945.88547211552,76364.75704664951,81742.39103895579,84023.53142814583
R03A K08 Formoterol and beclometasone,1.4791126854356174,1.5106102016203535,1.5330803457156834,1.5483285921394883,1.5577993204260732,1.5626480342028821,1.5637991363718702,1.5619921492546016,1.5578186907083278,1.5517520550188497,1.5441708776148082,3.199378066839116
R03A L01 Fenoterol and ipratropium bromide,50478.97957301944,48027.521353047414,47686.95194689474,31986.674791797544,32612.794637544735,28643.998883967448,25536.26865093057,28462.58603432602,42077.947910867326,53709.502581925335,52444.42148859667,58658.61218375872
R03A L02 Salbutamol and ipratropium bromide,6.472256254469482,7.506861724744809,0.0,15.193743671405024,0.0,0.0,0.0,0.0,0.0,0.0,0.0,0.0
R03A L03 Vilanterol and umeclidinium bromide,570.6493113378616,591.6464335295567,655.4600005799398,443.88672351727325,443.73397116416675,380.43163857870854,442.80764180736924,479.3467136873246,530.2142404883158,593.8409312261357,663.5021531134187,667.9437999202718
R03A L04 Indacaterol and glycopyrronium bromide,6.531755882972805,11.295635935338415,0.0,0.0,0.0,0.0,0.0,0.0,0.0,0.0,1.4881922110180916,0.0
R03A L06 Olodaterol and tiotropium bromide,594.1863955969487,715.2125560261502,707.2276978176916,423.18162469910476,560.3345796524155,530.745557063244,439.6017524400868,501.75452218974124,545.6993514376446,797.2374282841475,756.41650320953,797.0747765980158
R03B A01 Beclometasone,2837.2634321599244,3399.694604636893,4124.191031794917,2637.051440206267,3112.100668563673,2838.867232394444,3226.615082774556,5928.820115158437,4693.845448991404,3726.265940022746,3341.7391296534324,3555.4177381933373
R03B A02 Budesonide,96739.13427542716,96918.03477081505,97281.1558424938,79560.38572644621,77849.49534257795,70828.81220541577,64612.59129014931,68070.8842670392,89112.25042626688,105924.67937279562,105976.80541101487,117415.58424921185
R03B A05 Fluticasone,5916.825457906993,5503.763459222819,5665.386925700955,2762.3167547839216,2396.6015133509363,1498.9370675871621,894.8127017989474,1180.9415176077468,2260.709840933889,3305.3763788849046,3703.3995870264307,4721.16363756486
R03B B01 Ipratropium bromide,3338.2023571626546,3272.0935673278927,3407.2133810282976,3115.772477556834,3119.7610003478767,3077.847864148924,2937.2262007579757,2998.0077156134303,3274.0121730660067,3562.439784596282,3671.159919388715,3813.1432727908755
R03B B04 Thiotropium bromide,15252.15676802163,15890.053288184597,16560.505432325524,16232.10641924551,16860.164306805607,17167.918149973804,17006.514050969698,15899.355106901905,17851.63926002361,18288.11505547534,19192.47931114058,19804.80670400868
"R03C C52** Salbutamolum, combinations",3107.588037077948,3257.620285817445,3429.836915798767,3570.08467591915,3791.766194191625,4040.4430097906366,4089.231178288497,4247.975332040265,4531.916071783244,4916.225068217874,4994.206108509571,5320.164090465484
R03D A04 Theophylline,35745.673771932605,32475.17844211447,36303.43995480899,23250.185341513665,23939.843027426432,19434.041752705692,19181.07410947814,21449.135771445137,26776.523277567787,38754.05265901494,34934.90034072171,35742.000662636165
R03D A11 Doxofylline,8319.994181715289,7495.589982781398,7532.382379677629,5146.984453237963,3077.031068129574,1206.3109160862086,427.66535049486174,1151.2298540651282,4175.784412964686,9546.03941612768,10116.41797470142,9372.887777603755
"R03D A54 Theophylline, combinations excl. psycholeptics",660.4085479054712,733.2822915951512,0.0,0.0,0.0,0.0,0.0,0.0,0.0,537.1244746748077,772.5835375396565,781.0999994458716
"R03D A74 Theophylline, combinations with psycholeptics",1488.6692915972324,1553.4369185134371,1417.952746914976,1228.1111365047816,1186.9179750452004,1144.4447727461095,1313.8311377754121,1300.2707566674287,1016.9521786496168,1418.8138431039415,1820.9949015359757,1872.1614751501781
R03D B04 Theophylline and adrenergics,0.0,0.0,0.0,0.0,0.0,0.0,0.0,0.0,0.0,0.0,0.0,2.963240674792411
R03D C03 Montelukast,35489.7137325307,35226.895272707494,38216.26970262611,31924.20004433815,31700.78711548494,28493.73597017955,28359.609851712383,38384.092954715816,41296.243434895725,40029.78621681681,38637.189240130836,38568.12085655922
"R03D C53 Montelukast, combinations",5284.939742286104,5441.4656953119575,5874.047306412831,5451.915043973717,6085.989282702613,5629.074322365921,5392.392402776757,9788.245715785613,9062.364014872888,4525.748302822896,3277.161381863092,3089.6178937754376
R03D X03 Fenspiride,48570.51816999304,26827.442496914915,1553.6300301389888,0.0,0.0,0.0,0.0,0.0,0.0,0.0,0.0,0.0
R03D X05 Omalizumab,13.011312141508986,13.535658993362139,13.860117469565417,13.975465245248797,14.174724460516252,14.328312827450977,15.21096451571951,20.858466861055096,20.124249732044316,18.173857023556447,21.027323851486912,19.653478308552035
"R03D X50** Different preparations, incl. combinations",6433.63777188307,4663.656466362438,5146.829376670505,2683.6216702623624,1064.9181557390277,14.236382501294884,75.0449548043432,827.8296452422135,3244.9200485875917,6302.962349480068,5912.939039049839,5760.570721770509
R05C A03 Guaifenesin,20.500236469506273,1.0154514737123597,0.0,0.0,0.0,0.0,0.0,0.0,0.0,0.0,0.0,0.0
R05C A05 Altheae radix,225184.10271734215,186849.84534433615,189690.50678431793,72954.3360650525,28585.55181822504,0.0,0.0,11918.970315231358,132411.4867448784,204596.33718457658,171446.42267093586,192754.87545918475
R05C A10 Combinations,265839.5772842419,221432.50400041998,211200.8372558573,69112.63387775248,15115.284496887127,5411.062953691195,3757.857002544638,6126.674028858678,133409.7975894063,251196.3109862149,211774.92289307984,231738.09996284745
R05C A12 Hederae helicis folium,178258.83792157928,148391.50949530522,143696.4746139692,68609.52616858362,45423.22767195844,22392.495934341507,6663.978803931211,27504.004159286207,133963.49070325345,171305.5381981105,142288.25285367938,168971.73683781773
R05C A13 Cineole,1503.1409870735731,1509.9780021160263,1125.039903230289,706.6769132019989,494.3372102596669,361.73773698610137,311.98884744754935,426.97682489700753,931.2742959368743,1600.4865618490676,1614.6238636591224,1546.3655941874667
R05C A15** Pines buds,1649.0653833293075,1480.5868747846712,1362.31030130225,979.9971648987257,884.5086730745803,551.304892762851,575.2229938489668,722.9290884392304,1203.3999276259933,1576.4308975911777,1546.0535476018804,1612.4568137194162
R05C A17** Plantain preparations,30124.388889317644,26048.215309363648,24663.561405360917,15636.565301421357,12687.60612009316,9418.842846718222,8545.183912177945,11274.983043502807,22062.71124368795,29458.09636586313,26516.180011198554,27550.025132170926
R05C A18** Thymes preparations,18423.134020498364,16751.98775923744,15891.435658203132,7812.021285350127,5102.65949504216,1971.9185707702236,1289.7255393271153,3146.1348221470616,10182.695156377456,16458.00433173621,15467.889779997653,16240.09944658124
R05C A19 Myrtol,34548.45122063514,34630.064920232515,31309.422495136863,29247.647170286786,27546.709125633184,25187.22970513675,23772.59078396606,23988.179462255954,28272.713020114323,33002.426481627466,33245.71506606444,35556.87014884046
R05C A20** Coils foot sheet,4891.367469114753,4176.269223701333,4371.236062491462,2207.0557686444345,832.1149686876784,0.0,0.0,62.992511205434305,2030.2837032199457,4041.8616919524234,3890.1599180592702,4011.981134065616
R05C A21** Anis preparations,0.0,0.0,0.0,0.0,0.0,0.0,0.0,0.0,0.0,0.0,1.5934786844554125,0.0
R05C A22** Ledum Palustre,1230.8193220891153,1047.9574934571995,1077.3811838720335,554.9220895242673,354.78996736642125,119.3182229605111,159.43878075614987,245.7999803130275,577.5092932788965,1032.2346969719583,1038.3385732467746,1058.6440275869945
R05C A23** Licorice root,21021.624547236876,18781.20964301309,18871.682737639072,7287.960231344858,2849.3184443144837,0.0,0.0,487.8648023774058,10792.41257316053,20836.240207792027,24522.297733502233,19158.7331720754
R05C A24** Elecampane root,4996.796248353003,4833.801063777919,5107.9948189241895,2998.6873258475393,2301.3540341925545,1532.363703674902,1551.7293420671149,1926.9089555872204,2959.130549209639,4168.71572691391,4452.1401718836605,4616.921230665797
R05C A25** Marjoram herb,4148.0441296180925,4184.8982274651025,4108.20247095527,2659.5336309599616,2364.8747241762744,1767.531763961883,1816.8559610029292,2198.9010838483264,2622.1757473372018,3475.856443340862,3694.189165356349,3745.571508181297
R05C A26** Violet herb,1674.41752977443,1505.643843248837,1607.6518729669563,740.9684756800458,452.4967367891114,145.6775246149582,43.509933814229385,219.49244011224073,706.9586240892436,1329.85735020944,1407.297310044191,1370.5898568505859
R05C A50** Others,260260.69306601436,217304.53763384142,211826.41242910983,97618.36233457089,53683.3691192171,11844.47919771399,3213.1320890661304,22203.984602364748,152473.62768117237,246312.53961148698,223687.5198239513,237548.5427369183
R05C B01 Acetylcysteine,252341.91799508466,214769.83571010598,198531.71296653544,103062.66785609133,61420.75885214832,34015.0731334063,24730.930042825,46647.2106547723,142991.36942874247,249410.260332331,222644.01973961407,236771.99794985296
R05C B02 Bromhexine,116495.59829456559,101832.59239497565,105116.22764279462,54235.5366085408,27657.782148628714,10176.748948189997,4662.465155330021,16582.560888532986,67943.08264258632,121454.31245704602,113715.02472888134,110251.62533615113
R05C B03 Carbocisteine,41282.29272748707,36109.16502316195,33992.31019051598,11227.332055213303,5560.748477785285,0.0,0.0,0.0,23355.18191376052,40994.36301869363,36296.763233454236,44184.95753607683
R05C B06 Ambroxol,477180.24760371074,411192.440224411,415379.60235759243,219417.0885007589,139551.22505191335,75368.70592945824,51111.099468115375,102042.1863356624,330062.79226632125,510249.9626474697,447954.04418900976,467185.819858863
R05C B10 Combinations,182969.04821850854,156263.52842950367,126444.38824436933,76046.44553059849,42388.06147479389,23797.648132139846,15550.543240456187,30080.827109548816,96018.48912339687,178596.09209984753,160237.82530654798,155023.8196530025
R05C B13 Dornase alfa (desoxyribonuclease),0.0,0.0,0.0,0.0,0.0,0.0,0.0,0.0,0.0,0.0,0.0,91.5635162875068
R05C B15 Erdosteine,59127.11485371295,56284.696033412,46899.823616015376,34923.93512094219,21271.036163727782,12308.901636800367,9273.746254102562,13362.393386788435,32718.061731781258,70410.78984661963,57788.06097733447,55875.76092075047
"R05C B56** Ambroxol, combinations",77884.86002552755,68254.69573736026,64430.43382408119,39587.73701071272,29186.14027727275,19554.360807775556,14160.589949432595,23601.32638001302,56192.78024173216,83098.81044836226,73662.85773092115,80148.96427422302
R05D B09 Oxeladin,102.77073168150298,0.0,0.0,0.0,0.0,0.0,0.0,0.0,0.0,234.37484666534846,0.0,0.0
R05D B13 Butamirate,24958.323259601355,23361.508656460952,22830.422190675497,14624.694234774006,12381.550286779677,8284.231545111086,5408.825768503082,8089.550763943543,20465.480777022778,28674.484004213038,26786.21940269212,29250.778938202253
R05D B18 Prenoxdiazine,5073.698080369288,0.0,0.0,0.0,0.0,0.0,0.0,0.0,0.0,79.85028585358577,0.0,0.0
R05D B20 Combinations,1662.947315169409,1455.1640373140567,1417.275397017249,857.202177040448,670.9822981143251,455.08252942498035,356.44504679368015,500.1497584719291,1122.7489442613337,1630.810790494066,1530.3522077517493,1692.4447399051862
R05D B21 Cloperastine,5.690638366147426,1.2358698149873248,0.0,0.0,0.0,0.0,0.0,0.0,0.0,0.0,3.2022173557129214,0.0
R05D B27 Levodropropizine,51236.20409729947,48176.7037330759,41390.75669454505,27206.989916568386,21259.509347035073,15589.043344256428,13064.010994881526,14676.33676822962,27911.440239756103,45346.29306982531,45391.16898672869,50448.45817309941
R05D B30** Other preparations,74761.15301601976,63527.071278765856,62679.04155908357,34206.623934029245,27480.91453199533,20078.18381325169,19136.04085555739,25301.10642598363,59661.53788531704,74819.38987357015,65802.77507925683,74880.2458398114
R05D B31** Glaucinum,19487.07160504238,18786.643368057183,9407.740673495417,0.0,0.0,0.0,0.0,0.0,3060.1630811770974,17224.67610917612,13434.482426601731,14944.442975568627
R05F A02 Opium derivatives and expectorants,167187.2153496443,113926.1541430135,123301.26786634455,81645.35993364512,103146.05587612133,104886.61971873805,149093.20508146717,135848.24246028613,103990.11705197708,122575.75661396552,174633.2877521921,114586.09135140899
R05F B01 Cough suppressants and mucolytics,62414.0939436209,54759.88036190631,53510.78772994033,33343.62654750006,26327.038319885698,18448.985418735825,15141.622180888908,20393.278708221253,42779.87632903348,61679.91734347523,58263.2260301503,63503.61699653622
R05F B02 Cough suppressants and expectorants,159182.47791387705,148698.23800566053,136083.60114032653,86603.1983092986,67874.57030571546,49693.03775015571,41527.92889524654,52279.137974086654,111601.79995732532,152101.473330333,145060.1982899784,164423.93531893395
R05X OTHER COLD PREPARATIONS,704015.5600612356,647144.7586848296,612013.8166757827,305106.42973130324,220895.6408752224,164249.37331357345,150965.73146013552,206838.40761993037,592792.4939769958,770666.5900097974,638477.647070339,715858.832595614
R06A A02 Diphenhydramine,306134.892088851,288405.0015888077,275815.4322501952,265342.33088478044,308546.2712639688,373278.350027843,369357.7939698631,332368.7255206066,299280.3505399837,306651.57288502075,303728.80485087034,316307.89690217574
R06A A04 Clemastine,12420.447613099172,11627.48536369655,13297.52590810333,10656.973087557624,13191.067975049924,15173.277428972635,14401.602136039672,16892.87744562217,14369.149237217041,12281.832214421805,12836.123340114487,13421.796584597501
R06A A09 Doxylamine,85369.8705054376,75367.23441849106,74626.30416150799,59554.81392557517,58049.51424815879,55692.744437657835,58264.34997498516,63388.43237239548,65582.90591763139,69880.1214139069,70946.59777583933,81394.52029680602
R06A B03 Dimetindene,15533.385831553003,14430.724812241855,15376.040738657928,14146.825081938145,29109.125014198682,54147.38577558017,41764.20063812838,30101.46842398828,17004.32545922138,14279.579801812295,13583.960253698708,14910.636763386372
R06A C03 Chloropyramine,87913.1581153527,81078.6636715347,95370.90953959787,79056.17965716588,85169.51237433785,97548.91197119298,92468.48427179459,105912.7323353934,91876.76660939,82912.36625170479,77873.67858867417,87484.87188136722
R06A E07 Cetirizine,100645.74902303088,98186.87428077406,117905.4585183662,109492.00953983753,134329.04598841217,147138.98477866958,138055.62304227304,187520.85888455345,150667.45958977542,108417.10618535054,93374.6154932083,98253.85697089207
R06A E09 Levocetirizine,119992.65346861423,120670.61498354157,146625.31610518054,127969.98811218886,153334.4588274927,170995.01090943287,160730.76928468217,216709.05989457876,169054.84189219316,122194.0857999818,107354.93123590985,116421.22589434942
R06A X02 Cyproheptadine,682.7389248233429,638.5353051895038,609.7009823082175,628.8624968289732,670.860281271363,704.5862816510595,654.1568547806016,706.6590861100204,708.7046439993403,709.0552631365813,695.301931272159,726.933838606406
R06A X13 Loratadine,229904.95034852406,227640.56131947399,272684.39407411666,236214.56065571363,269081.31829887384,296617.0547912848,264164.9719630963,329428.3476784283,285062.1922285766,242352.93384657797,224603.41391886183,240729.46315457168
R06A X15 Mebhydrolin,144482.41183272222,132136.5272775022,154539.743072726,135479.9603483049,159499.5084081678,191024.543495458,173824.83380469002,196152.18109147545,160437.0639603036,133880.06649476598,127250.88436173566,143574.0728947113
R06A X17 Ketotifen,23764.87646448111,23809.12495443268,28047.535335738816,22707.392439911157,23045.91596205692,21814.17864164239,19850.298785459367,26920.332084280875,27375.184192575907,26206.202599036144,22802.854775399042,24717.710252013567
R06A X18 Acrivastine,0.0,0.0,0.0,0.0,0.0,2.1456704224465484,0.0,0.0,2.8633396872371493,0.0,0.0,0.0
R06A X22 Ebastine,1915.9931853890685,1900.0453698607264,1980.4868198553906,1620.6788822684603,1755.751834616254,1818.9526989118272,2163.283092765624,4007.4303102659997,2750.758986683638,1704.6868302350872,1542.4000074935848,1470.7398517177205
R06A X26 Fexofenadine,27298.91629996887,27521.207464205116,30106.024583701917,28618.65646740717,35409.25456247918,38909.785226644606,36159.69274608474,63016.59534974465,45009.688020780406,26878.491145716802,22571.123033773736,23178.823132327077
R06A X27 Desloratadine,116529.83802858867,117125.32426495146,133289.208741955,135273.39261147112,171259.67359499735,184536.83626973163,162090.62789743234,241674.5334875063,191085.54024747867,129163.25754336992,110709.84806799625,118021.2011756106
R06A X28 Rupatadine,5148.6918803411945,5122.062278603638,4668.367502187197,4500.655786027647,4766.386118073611,4716.532488683987,4635.215290145892,5439.697636289018,5393.6100181771235,5256.916428661212,5453.164862022086,5671.41491368439
R06A X29 Bilastine,60237.676926744105,60593.281399303945,63834.097742953374,61620.49158347448,69622.69942149293,72916.86405750921,70284.64813192384,105622.83815705706,89146.52774276519,62855.54097693328,57323.15112986931,58350.42401781966
R06A X31 Quifenadine,4874.714599375265,4641.296270552807,5372.06378159876,4480.45356453944,4766.438764995903,5031.650699464988,4557.605221144176,7114.787412591443,5701.742139853175,4193.158095766477,4200.33703460104,4618.657959772603
R06A X32 Sequifenadine,611.9343516810029,633.435141756721,676.6682903496657,573.2617257563913,607.4437906141422,606.6427590327129,551.8672502999395,722.703359846091,585.8003640153821,503.6828838831851,553.3394163097979,574.541158783458
R06A X33** Different preparations,1145.5576470904532,1085.380665489135,1315.7730317554197,1167.4099191984753,1353.7811901265786,1225.214257160809,1243.8051610799405,2426.360011096409,2119.671004352026,1382.5101277700785,1098.7717553180803,1162.0122363823193
R07A A02 Natural phocpholipides,0.07726074977492348,0.02394545823813915,0.2529552978067111,0.034225242259568155,0.033703270619853225,0.009347766106080721,0.007125435293062164,0.0,0.020979082756713886,0.023016707007567028,0.017108879206248984,0.043244689763194
R07A B02 Nikethamide,1446.842547055374,1432.326223183632,1343.0428660590085,978.7218823320809,1170.3463973233083,1592.2197112890603,1615.5684644344326,1542.2599689235,1176.8832744875244,1250.7796209115143,1239.022000023477,1412.3336052858162
R07A B12** Liquid ammonia,72638.48585448282,96800.82965153118,160898.44509533822,292567.75305655226,515835.149831692,396195.06685797195,215691.50048516435,143887.09299308664,107941.12820559289,92235.65278176626,80625.10604887333,79695.05946872741
R07A X10** Other,23541.15452694043,17829.50337543203,16061.091912296437,6940.01219408439,5452.42881348517,5283.021221712392,4673.05474750689,6889.530567683361,18029.420001693976,27660.086904974443,25376.0989559356,24569.826286763022
S01A A01 Chloramphenicol,67458.38291876813,65418.73386885756,75246.52019188774,61126.77058221237,66909.27405394567,75725.28339176073,85705.6815061923,85939.17436240267,77675.51225464417,72923.87575164752,66247.83625550717,68514.29133330533
S01A A09 Tetracycline,23758.836028951122,24283.13126388352,26073.054492015726,21334.083596509638,22291.252057432514,22206.343356498437,25741.225517867253,26522.356544633418,26050.29667945845,25651.22331684183,23315.705719313002,23196.99892085825
S01A A12 Tobramycin,49569.13833906333,46915.69598151503,49157.723864257954,43083.52072668495,44763.561480494885,48197.1952474539,47790.32013602587,50107.25607126728,50629.85253429303,55192.62093948247,53911.74675147025,57848.951320202796
S01A A13 Fusidic acid,0.0,0.0,0.0,0.0,0.0,0.0,0.0,0.0,0.0,0.0,0.0,0.0
S01A A26 Azithromycin,5742.645675804884,5160.3467664829695,5640.02383747917,2949.8311804324835,1848.629337449402,1434.9830585179545,2157.5060022797998,2665.7319242184885,5338.533933015173,8277.016127272716,6429.188395625858,5802.418747077517
S01A B04 Sulfacetamide,55615.78228304671,55147.4545342381,63633.330678397644,44497.716336931735,46752.73720696545,51039.50544619888,54870.83758079204,62687.74563167304,63124.399215584264,59724.28402591968,54740.74941739449,60934.9868737808
S01A D03 Aciclovir,0.0,0.0,0.0,0.0,0.0,0.0,0.0,0.0,0.0,0.0,0.0,0.0
S01A D09 Ganciclovir,47.421195958131634,39.64744915813717,21.348436498400314,0.0,14.499487999106384,23.818464792434515,57.10816735450744,69.43193307165764,76.65592297487451,81.62189297740689,85.9797450539697,67.04419566395573
S01A D10** Others,53954.78095878443,36031.58105347783,60333.65112006815,0.0,0.0,0.0,0.0,0.0,24812.838732665074,41733.82492678423,35854.16202837395,32458.48126667477
S01A E01 Ofloxacine,27600.729397769985,24300.51029925911,23407.415547755292,14940.80709087628,18947.711594906938,21597.451868471835,24345.522444482216,21602.160123984144,21080.19432525266,24794.761702866945,22950.37205337931,24701.58680680738
S01A E03 Ciprofloxacine,3274.8048875646828,3161.100727957072,3279.689498196875,2490.44328662138,2494.84372958313,2689.971450054744,3091.0089029368846,3141.9226143092546,3275.1861070184987,3577.2632966269307,3360.677452582351,3469.37892133611
S01A E05 Levofloxacin,9355.639713129425,7399.386432179461,6842.083874555886,0.0,0.0,0.0,0.0,0.0,3158.3572222962252,23771.297350231744,22114.961927841516,13234.685310092776
S01A E07 Moxifloxacin,5350.614605885022,3765.3104443274256,5445.297575453537,4422.18787381362,0.0,0.0,0.0,0.0,2143.04003912889,14237.125235958527,12492.341341534913,7476.066207641296
S01A X03 Zinc compounds,1534.1178027151718,1641.345667632816,1817.679376846338,1347.7871030466354,1352.5507377440217,1397.3398992390805,1470.0058821722764,1546.5053222559825,1450.9703280600966,1350.4769864405368,1399.9221668820385,1545.2885649723894
S01A X05 Bibrocathol,664.897042155771,711.3101561132606,602.569636387338,486.49020971468553,521.7536574846491,468.70900480870546,523.4274717760362,561.6460344579864,563.303473711632,614.4168142226342,681.7220757395215,680.551274061117
S01A X20** Other preparations,36711.117766684285,33998.02658863478,37802.970699008816,16398.38849291706,12037.516391977208,9009.544997033052,8746.134906543424,14594.627115918724,35757.06313926647,37954.475216830026,32306.954637915223,37062.289129465185
S01B A01 Dexamethasone,48157.494875185665,47058.681811466486,53456.48986644179,43973.212807610085,40948.02147885342,41303.47037582616,41560.22920476502,51600.44800100212,48018.96107646052,62099.26914436679,59162.123376215415,53247.29504754222
S01B A02 Hydrocortisone,15086.863246853707,15092.884803298373,14627.652351160741,12251.691166063614,13301.4662796749,14365.54405368147,14330.187751429963,14662.658035300763,14619.05707294336,14628.257768140986,15284.415381660505,16043.167711840832
S01B C01 Indometacin,4841.851720778915,4520.917630325495,4965.940267973057,4407.612300820591,5052.5224812290835,4924.527329128485,5102.099821783235,5307.145364234305,5386.127544906215,5817.216102993083,5457.539991797777,5116.239280645377
S01B C03 Diclofenac,6829.800727679353,6649.677132667827,7328.264384650896,6585.206080990312,6924.518884534153,6869.580359049705,6896.652653973056,7066.522201543217,7160.817572280053,7408.183670323901,6873.856158242879,6989.705842139674
S01B C05 Ketorolac,2790.4849669704777,2608.9432762585334,2648.8570072084954,2255.7421493264064,2350.8102994389187,2358.5294662683505,2621.2854645394295,2672.071684859153,2630.874620197743,2786.2522616652263,2547.3403592513596,2734.066005540519
S01B C10 Nepafenac,2831.0758180998855,3022.7581759488776,2881.9352256067873,2363.4416287118315,2409.392314574584,2442.568026643501,2782.829359677351,3056.905989483148,3203.833656706501,3400.661353863901,3316.759074968536,3312.844415230961
S01B C11 Bromfenac,7527.499134798009,7228.884350394011,6876.567743598791,6471.846478890597,6986.84668785202,7214.177675749138,7378.862886794813,7154.617476359334,7304.29636873893,7541.410703370586,7858.408591803893,8063.486123278516
S01C A Corticosteroids and antiinfectives in combination,29.192764955824245,41.269725562953056,15.042598466549965,0.0,0.0,0.0,0.0,0.0,0.0,0.0,0.0,0.0
S01C A01 Dexamethasone and antiinfectives,100773.43809992015,97055.67809336663,96161.79230762123,87198.80083609514,94078.31822856137,96560.02439218889,104731.68766689647,110722.9834602201,104806.94509878452,107321.58049314667,105371.07569520718,111149.72119764093
S01E A05 Brimonidine,13755.441734096508,14027.030453193005,14844.82700724208,12314.85622925322,13010.776385634017,12634.303289510533,13790.282791383628,14102.860771653983,13209.94553464215,13188.497323804564,14338.189533906376,14920.892080759708
S01E B01 Pilocarpine,4128.325168239025,4355.38678158663,4864.2318627065015,3246.654518044191,3405.8568327561284,3477.69127496747,3866.1006191783304,4421.842684988811,4082.5593280789835,4281.80123299291,4301.494147365842,4553.570269305975
"S01E B51 Pilocarpine, combinations",2828.8966903492774,2804.1172732057676,3279.560335934417,2513.0685825607934,2530.45257630535,2761.4835677444526,2802.7517573391906,2961.837705458437,2929.766660397292,3051.219620791832,3005.86298555092,3144.604673801647
S01E C01 Acetazolamide,6897.526330325737,6976.490239204602,7186.800576032618,5610.54565521995,5897.304928294744,5831.409156479499,6016.30294875223,6186.002792295338,6203.481876854747,6572.3611542271965,6704.870185850082,7024.033420873311
S01E C03 Dorzolamide,19634.79636704686,19698.080039417553,21213.631226161015,17801.964024402685,18305.606911842922,18510.986670642014,19189.578326528186,19563.64830008403,19547.472127775603,20243.052238775766,20350.3253764228,20622.223335387323
S01E C04 Brinzolamide,11708.085000076955,12132.341068397076,13460.809566287404,10482.7324078339,10663.329124305326,10863.4465407167,12278.25091708003,12277.798861404926,12173.677260099075,12458.814422288626,12695.956595274496,12883.615976897427
"S01E C54 Brinzolamide, combinations",7694.950088636385,7598.459655667488,7746.617996316543,6715.204955859963,7069.6616105188705,6905.7544212701705,6619.7233568953825,7284.9231924197275,7473.705347863374,8038.605759242468,8091.0083753699155,8428.601955296046
S01E D01 Timolol,46615.02427121429,46009.992468945056,52281.470046134935,38882.89792689213,40192.46045050317,41997.869888397276,45995.09165771785,46736.400492179564,45150.023378754224,47439.91630701924,46319.374868636536,49408.44753693564
S01E D02 Betaxolol,8109.774105773147,7997.81497281645,9238.876129143762,6343.021326674401,6290.603763391191,6077.152062542885,6294.280061345674,7073.4151102400765,7532.8682334303485,8026.719173121019,8144.920473734939,8573.217383775902
"S01E D51 Timolol, combinations",76783.70638197892,76478.94454058165,83590.91597388143,70336.54021201652,72223.86711384093,72584.09851653325,75613.78012410623,80714.04599029284,79161.83984536059,81495.34769893555,80985.63542195669,83307.06451764311
S01E E01 Latanoprost,47959.80250311793,47606.95096691951,51247.31509561569,42073.055756227535,43182.926842371904,45830.365068942316,46721.23060785355,47256.31959663744,47449.45534531946,48948.29690191997,48544.947504855285,50043.14534485844
S01E E03 Bimatoprost,5993.512839852657,5931.311317838833,6263.230841695081,5521.360259127897,5697.129375458452,5838.017205741859,6124.9002142804775,6230.752542161546,6208.48622341794,6661.331390380897,6474.0584687650835,6559.446362999442
S01E E04 Travoprost,11588.29874256009,11907.475014117983,13112.825050814141,9940.703699620917,10672.457238116182,10937.442688362245,11844.72606800894,12126.306191176143,11958.152909159753,12237.130902996487,12416.408317515727,12725.801668580963
S01E E05 Tafluprost,4482.932798949025,4647.245963769719,5182.264813492349,3687.5474111365284,4160.286207117944,3944.8323617691512,3886.9368033561896,4914.615874491895,4749.775449266533,4836.337426952318,4822.652526967021,4830.741324844855
S01E E06 Latanoprostene bunod,119.21651982235016,169.16491927007004,186.30196697495333,135.65153328556744,123.82191448076608,34.77854758363243,0.0,0.0,0.0,0.0,0.0,0.0
S01F A01 Atropine,1750.46835048898,1693.7247774378286,2347.2697157673015,1367.117771527453,1257.93969096556,1937.1421155705643,1935.7467272147499,2455.7444694114724,1683.24537971129,1599.695268864998,1458.758066050015,1662.8790498732005
S01F A04 Cyclopentolate,5326.542006466556,5218.934178485026,4617.585997900301,3885.5675352330227,4035.684046899699,4851.53813803354,5560.817092741113,7261.209138307673,6023.904456561419,5389.556792964919,4955.931543888217,4625.616226427354
S01F A06 Tropicamide,160.09857322970643,154.2943709426881,118.17070941871387,123.37188050517496,132.17691767998429,135.6914477254722,133.42717206750297,155.75105184676806,151.7942559758206,157.67691958470306,161.3507507774495,182.63951603728708
"S01F A56 Tropicamide, combinations",1249.4964808009324,1157.9735534190818,1066.4233190442785,990.9698430261705,1057.5403874469225,1082.1494512845925,1161.0468085683335,1290.9795446258427,1286.202090518431,1178.4262557543454,1201.6952593664187,1197.4477594358436
S01F B01 Phenylephrine,16495.921503993894,15449.954359421143,15637.574782759055,12251.20699939891,12468.793034141612,11368.456105582645,12188.03748691576,15362.264329792964,17484.240936149352,15988.254605014325,15824.806579598102,16594.372578418494
S01G A02 Tetryzoline,58070.65051595569,53493.49187877592,56788.33733341111,52767.63286149824,56815.85604834695,65552.66256220489,72187.90653767026,81340.84208242154,71084.20968260156,60713.60572712457,55948.477727121965,63047.494091498906
S01G X01 Cromoglicic acid,3952.2144232664978,4109.772686651299,7321.080622753247,8468.478352274531,10550.257217879409,12815.718769085466,10994.957153753196,35400.36505416383,19800.800344231233,6486.011114416264,4280.886028797828,4547.8553854868005
S01G X07 Azelastine,0.0,0.0,28.884966930234686,43.1280163901698,73.2043152109672,82.9804619329564,44.844847812738884,291.7912954120866,125.04881910453186,12.00144858606126,0.0,0.0
S01G X08 Ketotifen,44.27063205252195,44.353060783866425,52.248624926976326,42.30068761695432,42.931309463966144,40.63675557562883,36.978322819271696,50.148803349183396,50.99612903819925,48.81848026812811,42.47852056027196,46.045627772701934
S01G X09 Olopatadine,4258.3707517566345,4255.9889075146,4999.883742540538,5517.670720980846,6652.835814152652,7883.791399109662,7384.206977494828,14633.569350622523,9020.797159544238,4934.9829171011725,4272.707833566282,4171.524877157931
S01H A02 Oxybuprocaine,2717.4230217640024,2746.2977835894217,2806.43869074356,2503.3845141606753,2607.8954705881706,2680.3405334239715,2620.0676813864156,2714.928497450175,2501.2366479949865,2432.773866124639,2513.921138322165,2406.87885377399
S01H A04 Proxymetacaine,0.0,0.0,0.0,0.0,0.0,0.0,0.0,0.0,0.0,13.469580693597209,0.0,0.0
S01J A01 Fluorescein,0.0,0.0,0.020099588547597056,0.09025607522430353,0.028328972262251055,0.03233499758919147,0.04828752554732618,0.062197255610416335,0.0,0.02592084845169685,0.011747037023660038,0.0
S01L A05 Aflibercept,131.53917179051962,138.89259018990748,110.15660887718664,100.60110779477877,118.95119089662131,110.64534134586414,122.00554567302727,120.50739310252658,141.09815501389483,122.59684851075826,152.48628727601786,160.38112225599434
S01L A06 Brolucizumab,34.65201341404601,30.283555298068638,30.432805254300355,32.528621668299344,30.656091248512155,30.404083361696017,32.932893501256714,28.653958061918892,35.31362615946225,39.63897708651055,29.807674277162807,28.213848478698228
S01X A04 Potassium iodide,21752.229896644483,22916.952090517058,21317.072967692045,16453.256654274846,17939.453935474285,23153.603877686764,18909.137649574815,22660.462258848074,21937.61901578983,23011.52477236487,18435.83557109993,18464.396431941415
S01X A12 Dexpanthenol,16995.167605609662,16863.621033751788,16833.826065804154,14016.982141129853,16278.590080913797,23390.24564595216,22386.50174167643,19017.763574311502,15515.673010556959,16320.274831071638,16544.520877124764,17183.30242247145
S01X A18 Ciclosporin,152.0583139161618,156.748714143996,155.2990830180932,137.32852085893035,133.9529975580615,123.47842118196829,140.04705808718455,149.6402861932172,152.68748609585654,178.6166302273868,188.61028594922726,208.2267134832499
S01X A20 Artificial tears and other indifferent preparations,26291.875869819254,26896.69812412763,27186.317931137124,22177.67270765429,22995.1699110512,23612.63463004046,24975.77985232664,25819.497776153257,25094.36327118255,24570.404358360818,25269.400202348792,26455.521355250155
S01X A29** Azapentacene,17567.55224351528,19755.786038602717,20771.43343049373,18646.7472998276,19762.89275111576,20926.550267967345,22105.722637269675,21148.6020885326,20537.239605364004,19964.16797465019,19570.3918259002,18510.335662721267
S01X A30** Others,212114.13972336182,213081.37703123002,233030.7136751057,170980.47825776922,177802.98549481726,175325.07077365194,196402.61108913063,208571.71386872925,210379.96622874064,205295.19601765764,206819.38805042015,219219.54259361568
S02A A12 Rifamycin,4061.175457075435,3805.0438221873405,3675.4744005230455,2928.1299494377877,2932.239074815762,3203.69426136432,3568.288296849347,3719.1094114835464,3651.521389437087,4088.4948580460978,4025.5739191794864,4554.3902543323775
S02A A22** Decametoxinum,19300.510593084084,17874.129480017884,19874.54157793042,8621.292133585712,6328.606339756329,4736.680036801004,4598.194761737164,7672.98225685006,18798.925717355534,19954.193594240365,16985.0649653942,19485.135497463634
"S02A A30 Antiinfectives, combinations",877.0230663031001,897.9499086827257,948.4571225376081,864.1810015759165,910.5829629368433,960.6473875290942,1013.0919887252597,1082.7606128216078,1109.4090734808306,1129.5055788946388,1148.7407261488638,1227.4025548413924
S02C A05 Fluocinolone acetonide and antiinfectives,1005.5877696928494,1127.3756921597542,1242.9002583060367,1352.474635947728,1456.3963345100574,1554.9479879469939,1648.3980985148062,1737.0017433569508,1831.8192457597113,1962.8548128450566,2111.565141378858,2273.4799932886917
S02C A06 Dexamethazone and antiinfectives,23416.301360983634,22091.463135281556,22062.193642057046,18895.30138163994,19354.79151029605,20453.239754925416,22008.165042527333,22443.364944214853,22305.014022350544,22308.00063058861,23071.343268199566,25009.93818196514
S02C A08** Beclometasone and antimicrobial drugs,24067.002630347608,20986.031072103542,19424.129168992593,16021.118189988132,17933.057150268865,21131.60406197775,25825.575334829162,26494.292096594596,22113.312049491236,21916.421355292856,22527.458943418453,23589.16155740323
S02D A08** Choline salicylate,2561.765405277646,2008.5934366623765,2152.6931228982526,976.2713330150434,1106.3939622365683,1125.6053267418786,1542.6652794742188,1793.0813027881816,1902.7789825674433,2286.294387518942,2132.8679726082346,2649.591701807759
S02D A30 Combinations,138297.62752812728,131450.57574649155,131163.2980949475,109291.99475136634,107146.1412310423,117048.0660713887,124505.74433855331,127192.85747104461,128556.99529737822,139543.34942255262,135138.6731618803,151300.4380063574
S03A A07 Ciprofloxacin,78053.42985680402,75343.34484378225,78169.8522472815,59358.54106081027,59463.42354323175,64114.20072412062,73672.73925487431,74886.24355079228,78062.51604267467,85262.38337522166,80100.16194019691,82691.01017635323
S03A A09** Norfloxacine,7759.660576011608,7303.8993266776815,7515.022409127936,5633.280666272994,5490.248218613609,5763.55457845961,6903.398371386542,6722.877592301284,6591.80970751894,7392.491831923374,7365.700245034723,7664.23679144965
S03A A11** Ofloxacine,1960.41815527586,1726.0109646589488,1662.5764394332814,1061.2121532481924,1345.8136296422538,1534.0187623472593,1729.2080767870948,1534.3531792191102,1497.279114489903,1761.116537810275,1630.1136609605578,1754.4985330750137
S03A A12** Myramistinum,102405.3396397128,100421.34758067943,103664.29791623542,84640.0160014639,87717.85344238042,91649.26531556042,96207.80283784201,103863.76202234154,104290.5508356214,103083.43668560706,97406.8351038222,104230.65200402307
S03C A01 Dexamethasone and antiinfectives,4440.206799984079,4156.407285369947,4175.985360259367,3572.207442303044,3622.551514625862,3819.322894489922,4080.1254760420243,4131.014438342319,4170.382628912985,4162.644368580048,4350.8538111402695,4705.712698995696
V01A A02 Grass pollen,19.049396639814656,19.916620305877473,20.849838884206363,21.800298236970534,22.577012811674244,25.144791036201322,25.23625667924525,26.817866930827908,27.94192780928053,27.63260738226616,30.65994719426338,31.789872216685794
V01A A03 House dust mites,9.15363213193322,9.822139855231091,10.450884515231532,11.139854265099416,11.810937850341368,12.959929579188685,13.410534044461098,14.596370609337356,15.000977668837264,16.097816698229636,16.096276099019853,17.51567485263803
V01A A05 Tree pollen,5.386672220225655,5.422671842339621,5.480764738588107,5.508153106858746,5.587837662825915,6.036655988525177,5.679313308606236,6.26840720385905,7.016447469932273,6.721872087810675,7.895060079524628,6.69034186807886
V01A A20 Various,306.14002156748535,323.3033661527061,339.8461212886785,355.74582469822997,370.6612410737245,421.1322976525305,427.1750925722383,434.144577968809,444.38659812527084,493.8797579750479,495.5416541234421,520.8638173182388
V03A B06 Thiosulfate,6375.9904970520465,5902.113575416876,5618.841879620271,4394.371964494518,5358.088273905444,5561.97396294572,5179.68955568947,6135.552271396001,5408.635085472755,5619.438778245694,5646.010373975573,5769.729492071007
V03A B14 Protamine,146.24770345308434,141.0340835259736,138.30889389159253,103.26684849139531,118.29571847854508,115.69012077557252,104.17334892050202,112.90723774375323,178.7360551096618,169.6624153096962,170.26520977703132,156.31355165820702
V03A B15 Naloxone,189.17797030359316,152.0183609731368,125.91751446459273,195.2808782135786,210.5720101685883,177.15695668841715,231.22895486010128,233.95739435326965,209.69898690362544,162.35110189973108,170.19923485243666,146.2105821704222
V03A B21 Potassium iodide,8216.173561391628,8656.108213660918,8051.807660897587,6214.6645637694955,6776.025622696452,8745.495470334761,7142.291046175351,8559.227802607082,8286.198068604412,8691.82986481668,6963.517097840198,6974.305002843565
V03A B25 Flumazenil,3.2733689579414516,3.1958409856182453,3.120576762802747,3.1551235395934167,2.9751191160690196,8.91027373229257,4.884355580314477,2.9911792137750703,3.6445962755866126,2.872488080078914,2.560759678715822,2.789335112668417
V03A B26 Methionine,3987.425849314952,3676.7221817763766,3787.8848941472947,3286.546710445809,3252.5330098863974,3621.2776958406466,3862.0246910058245,3743.6587335397444,3487.725213968659,3483.6108447135693,3399.1209957112746,3779.607562911219
V03A B32 Glutathione,774.5314233066939,860.9449027760523,765.6109088577905,683.914936229433,721.3729806329986,789.780638662103,875.4003875916382,863.3530092415181,966.9431290676738,1045.33284743485,1112.2754446348426,918.5791449010884
V03A B37 Idarucizumab,0.0,0.0,0.0,0.0,0.012725061278705985,0.0,0.0,0.0,0.0,0.13637983231607403,0.0,0.2441137793083278
V03A C03 Deferasirox,1.4506976794655317,1.50073304466365,1.5522720042025848,1.5734393783652953,1.6063537464205926,1.6171277586738475,1.8818684329151623,2.3026774360451334,1.9076513516193288,2.3868819340155367,2.376456349892656,2.2584574075766426
V03A E02 Sevelamer,24.64479033909947,28.650658253574946,24.40954097081802,22.143235530275163,26.743579563503562,31.506443175748963,25.78172245120797,26.437334257237858,23.661212087724454,27.983302737776413,26.715563643480667,41.64796075370674
V03A F01 Mesna,3.2579752581465966,0.0,4.8051825271951065,0.0,0.0,0.0,0.0,0.0,0.0,2.7924314215893133,15.66873294017514,4.439499134204667
V03A F03 Calcium folinate,597.6072926684649,669.0952149593784,855.1792347037515,818.5065324108919,704.4000524882465,739.7485504617723,649.4714307522349,948.0706168962471,666.1696477230992,665.9201542962228,575.113841466364,669.8160731141188
V03A F06 Sodium folinate,0.0,0.0,0.0,0.0,0.0,0.0,0.0,0.0,0.0,0.0,0.0,0.0
V03A X Other therapeutic products,41477.43681081885,40726.46538520628,37861.462653025534,31212.505156307307,32446.091843012517,33297.30928478844,33740.301478736554,34398.75449807605,36549.07505572389,39963.59719943503,42326.43652820391,43652.63562660407
V03A X05** Delta Sleep-Inducing Peptide,0.0,0.0,0.0,0.0,0.0,0.0,0.0,0.0,0.0,0.0,0.0,0.0
V03A X10** Other drugs,40.83836816187116,34.046421078376355,48.710961622654594,34.164074373484624,29.323808037310023,27.35306396015789,26.348156360888296,33.18178737438933,37.45481837192938,34.94550473305894,35.03339142054791,41.83994060283783
V04C A02 Glucose,3662.5013696592414,3483.9367927398375,3314.026539810769,2016.2770648594776,2216.264512451601,2135.509659911017,2563.419677297052,2754.6134100435074,2711.1407945697038,3167.812097265662,3054.513878642138,3417.5444214010818
V04C F01 Tuberculin,1.0241538827952872,1.0757994531156614,77.45043434696181,2.093455929951128,2.1310669816999726,1.5380859536121425,1.1922731349453035,1.198653954585605,53.767440432011085,2.09240991475094,1.2649429283050795,90.28873958260732
V04C J01 Thyrotropin,0.0,0.0,0.0,0.005597020134206794,0.0,0.0,0.0,0.0,0.0,0.0,0.0,0.0
V04C X01 Indocyanine green,0.19039831481150285,0.1860767739888613,0.18189395088895866,0.17782210196724718,0.17383903238808857,0.16992698628297231,0.52207175895709,0.3322619866545946,0.158488578370809,0.15474426130199115,0.15102321720514744,0.14732079148588312
"V06D D Amino acids, incl. combinations with polypeptides",1811.5548087223956,1845.1674634119738,1988.1326408452148,1720.3814364733857,1759.4995266575004,1658.8194524863707,1696.1176468310448,1783.5800559883626,1824.116236995795,1930.705835483319,1941.3513679549167,1972.2152476137726
"V07A B Solvents and diluting agents, incl. irrigating solutions",60115.42710782556,55091.92465393942,61482.16458991949,30381.193577825557,13331.181407272396,8091.322309951822,10623.958471217355,20114.230558156047,40585.60613784679,102267.19022471693,89247.60671733056,65321.15724266579
V08A A01 Diatrizoic acid,705.130493572049,808.1005318043492,667.319618516891,477.25714401362643,602.1838205377165,711.7310178836908,833.4546318871718,746.8273792166583,790.2474332069496,718.4473325258845,795.1931081077346,808.931584699916
V08A B02 Iohexol,1761.7790904789854,1768.6603777827927,1775.3391107655993,1126.0066002916055,1235.3570950521719,1260.3499940003855,1557.8248162987184,1529.083177277145,1791.4999691996475,1581.8819058774102,1655.4155583593817,1641.59298348472
V08A B04 Iopamidol,0.17407620814153996,0.0,1.0484851840930252,0.0,0.0,0.6871586550553564,0.0,0.0,0.0,0.0,0.08434553895665783,0.10828807062781581
V08A B05 Iopromide,2750.995931443417,2700.94472062993,2911.4520601202917,2725.4662398537303,2525.604291781632,2510.364241465104,2293.947309353031,1728.2464718045237,1567.4241099068681,1518.4017285298935,1600.4069315694646,1602.513002142272
V08A B09 Iodixanol,0.0,0.8288967453008763,0.0010033818453874938,0.0,0.0,0.3943394163469307,0.0,0.0,0.0,0.04214586850019807,0.01747119943790961,0.0
V08B A02 Barium sulfate without suspending agents,3190.2799888778327,3813.5385151008813,2813.5681724783203,1701.5415347792714,2319.1522610190323,2299.1676784098404,2492.962448721485,2249.7379013698023,2588.523899887456,2508.1243351005774,2746.315519670075,2951.4209037246733
V08C A01 Gadopentetic acid,10.810045846851928,0.0,0.0,0.0,0.0,0.28553736509565936,0.0,0.36834936897928555,0.8412830507528323,0.0,0.0,0.06086565536862731
V08C A02 Gadoteric acid,493.91461277883565,651.0898929266987,553.5049433856394,488.2114100934423,510.7210098003346,564.3519159064986,575.62666713208,603.8616944531952,713.4285426507379,594.488847549422,575.1271178090195,652.8453603573477
V08C A03 Gadodiamide,0.016405179479567954,0.0,0.0,0.0,0.0,0.0,0.0,0.0,0.0,0.0,0.0,0.0
V08C A09 Gadobutrol,152.45399761840076,147.71843020656664,144.95851437101427,125.9211197964874,145.16214223078083,146.5370982721306,165.86440119912538,146.2611816346362,165.3535440769598,154.19917212473368,139.91421265686773,137.80238317648997
V08C A10 Gadoxetic acid,0.0,0.0,0.0,0.0,0.0,0.0,0.09247116020935708,0.0,0.0,0.0,0.0,1.3236217314146024
