SKU,forecast_2024,model
111615,6.0,Seasonal Naive
102118,22.85,Seasonal Naive
419910,4019.4,Seasonal Naive
295288,22.93,Seasonal Naive
447002,39.21,Seasonal Naive
426961,115.05,Seasonal Naive
136632,8.94,Seasonal Naive
83277,0.0,Seasonal Naive
156475,2.06,Seasonal Naive
355119,0.0,Seasonal Naive
188093,0.0,Seasonal Naive
412521,18.72,Seasonal Naive
183766,0.0,Seasonal Naive
95414,0.0,Seasonal Naive
189171,0.0,Seasonal Naive
92494,31.809999999999995,Seasonal Naive
170781,403.24999999999994,Seasonal Naive
265228,138.81,Seasonal Naive
316951,16.87,Seasonal Naive
88289,0.0,Seasonal Naive
295287,10.96,Seasonal Naive
174362,11.469999999999999,Seasonal Naive
412555,103.89999999999999,Seasonal Naive
159567,0.0,Seasonal Naive
75118,0.0,Seasonal Naive
231103,0.24000000000000002,Seasonal Naive
149425,0.0,Seasonal Naive
137257,1.22,Seasonal Naive
384032,0.0,Seasonal Naive
435144,0.83,Seasonal Naive
123875,92.35000000000001,Seasonal Naive
138747,0.0,Seasonal Naive
140727,713.72,Seasonal Naive
66678,24.270000000000003,Seasonal Naive
188001,5.8,Seasonal Naive
185929,0.0,Seasonal Naive
10705,493.93000000000006,Seasonal Naive
108746,0.0,Seasonal Naive
149426,0.0,Seasonal Naive
378920,19.84,Seasonal Naive
184858,2.0,Seasonal Naive
184856,3.61,Seasonal Naive
161396,0.0,Seasonal Naive
330895,177.01000000000002,Seasonal Naive
406440,29.630000000000003,Seasonal Naive
139412,218.09000000000003,Seasonal Naive
147057,58.62,Seasonal Naive
132997,0.0,Seasonal Naive
386946,12.78,Seasonal Naive
105312,0.0,Seasonal Naive
554599,0.0,Seasonal Naive
554602,10.4,Seasonal Naive
81722,80.15,Seasonal Naive
184855,0.39,Seasonal Naive
177911,0.0,Seasonal Naive
30646,11239.17,Seasonal Naive
326369,161.56,Seasonal Naive
47077,0.0,Seasonal Naive
39250,5.2299999999999995,Seasonal Naive
105640,240.08,Seasonal Naive
134339,58.910000000000004,Seasonal Naive
86272,0.0,Seasonal Naive
189169,190.15000000000003,Seasonal Naive
173999,260.42,Seasonal Naive
37688,1.48,Seasonal Naive
37686,64.9,Seasonal Naive
5438,0.0,Seasonal Naive
121394,41.54,Seasonal Naive
74519,2007.96,Seasonal Naive
9176,2.76,Seasonal Naive
91723,1.5999999999999999,Seasonal Naive
324139,73.03,Seasonal Naive
502464,0.0,Seasonal Naive
118088,1.43,Seasonal Naive
188966,64.03,Seasonal Naive
401846,0.0,Seasonal Naive
307571,0.0,Seasonal Naive
438609,18.95,Seasonal Naive
138891,337.17,Seasonal Naive
443814,0.0,Seasonal Naive
42547,0.0,Seasonal Naive
69314,0.0,Seasonal Naive
389852,0.0,Seasonal Naive
317427,343.28999999999996,Seasonal Naive
92373,128.06,Seasonal Naive
110762,509.1,Seasonal Naive
105376,0.0,Seasonal Naive
50320,0.0,Seasonal Naive
86270,0.0,Seasonal Naive
10600,0.0,Seasonal Naive
285543,0.0,Seasonal Naive
142426,0.0,Seasonal Naive
36216,0.0,Seasonal Naive
110761,123.82,Seasonal Naive
73962,3.8200000000000003,Seasonal Naive
99390,0.0,Seasonal Naive
281487,7.54,Seasonal Naive
437374,5.199999999999999,Seasonal Naive
360356,384.39,Seasonal Naive
410903,28171.44,Seasonal Naive
330891,348.15,Seasonal Naive
305398,0.0,Seasonal Naive
377039,0.0,Seasonal Naive
159563,0.0,Seasonal Naive
153023,0.0,Seasonal Naive
363712,0.0,Seasonal Naive
362374,2067.8,Seasonal Naive
124492,0.0,Seasonal Naive
90073,0.0,Seasonal Naive
274909,4187.09,Seasonal Naive
111056,0.0,Seasonal Naive
94601,6.45,Seasonal Naive
136828,0.14,Seasonal Naive
502484,0.0,Seasonal Naive
161764,0.0,Seasonal Naive
343128,0.0,Seasonal Naive
438274,0.0,Seasonal Naive
238300,1033.72,Seasonal Naive
295129,0.0,Seasonal Naive
66103,0.0,Seasonal Naive
71100,0.0,Seasonal Naive
189199,104.63000000000001,Seasonal Naive
101737,2.35,Seasonal Naive
440758,576.22,Seasonal Naive
438610,147.34,Seasonal Naive
100082,0.0,Seasonal Naive
154607,0.0,Seasonal Naive
115587,0.0,Seasonal Naive
88441,240.83999999999997,Seasonal Naive
197986,0.0,Seasonal Naive
93060,0.56,Seasonal Naive
12472,0.0,Seasonal Naive
378474,0.0,Seasonal Naive
69964,0.0,Seasonal Naive
299212,0.0,Seasonal Naive
317957,524.5,Seasonal Naive
198282,0.0,Seasonal Naive
98795,0.0,Seasonal Naive
85050,0.0,Seasonal Naive
324005,0.0,Seasonal Naive
4273,2.19,Seasonal Naive
161390,0.0,Seasonal Naive
140991,0.0,Seasonal Naive
99881,386.69000000000005,Seasonal Naive
80144,0.0,Seasonal Naive
485156,0.0,Seasonal Naive
134961,0.0,Seasonal Naive
112249,0.0,Seasonal Naive
84145,0.0,Seasonal Naive
439573,246.96,Seasonal Naive
187599,560.78,Seasonal Naive
308550,0.0,Seasonal Naive
378699,4.27,Seasonal Naive
336260,47.1,Seasonal Naive
68065,1.9700000000000002,Seasonal Naive
83750,0.0,Seasonal Naive
336176,0.0,Seasonal Naive
325843,4.86,Seasonal Naive
19500,0.0,Seasonal Naive
100084,0.0,Seasonal Naive
390268,0.0,Seasonal Naive
121179,0.0,Seasonal Naive
117831,1.01,Seasonal Naive
407127,0.0,Seasonal Naive
378703,0.0,Seasonal Naive
406471,455.18999999999994,Seasonal Naive
114223,213.29000000000002,Seasonal Naive
324135,102.72,Seasonal Naive
150773,35.71,Seasonal Naive
85813,0.0,Seasonal Naive
181002,0.0,Seasonal Naive
337200,947.82,Seasonal Naive
408898,0.0,Seasonal Naive
178301,0.0,Seasonal Naive
88588,0.0,Seasonal Naive
86277,0.43,Seasonal Naive
171324,0.0,Seasonal Naive
112248,0.0,Seasonal Naive
324132,0.0,Seasonal Naive
7600,0.0,Seasonal Naive
190518,129.87,Seasonal Naive
74544,0.0,Seasonal Naive
225761,1453.9299999999998,Seasonal Naive
105528,0.0,Seasonal Naive
130287,0.0,Seasonal Naive
65917,0.36,Seasonal Naive
163831,16.92,Seasonal Naive
170691,0.0,Seasonal Naive
534030,79.33,Seasonal Naive
96858,0.0,Seasonal Naive
534028,8.99,Seasonal Naive
64184,249.67999999999998,Seasonal Naive
502479,85.03999999999999,Seasonal Naive
137247,0.0,Seasonal Naive
127374,0.0,Seasonal Naive
164721,0.0,Seasonal Naive
57176,0.0,Seasonal Naive
287775,0.0,Seasonal Naive
30557,0.0,Seasonal Naive
317956,404.44000000000005,Seasonal Naive
83748,0.0,Seasonal Naive
246656,4.0600000000000005,Seasonal Naive
440481,322.65,Seasonal Naive
327027,0.0,Seasonal Naive
161776,0.0,Seasonal Naive
173938,258.68,Seasonal Naive
99617,9928.14,Seasonal Naive
40504,0.0,Seasonal Naive
299208,0.0,Seasonal Naive
111763,0.0,Seasonal Naive
40915,0.0,Seasonal Naive
440761,0.0,Seasonal Naive
123533,0.0,Seasonal Naive
330553,0.0,Seasonal Naive
230158,0.0,Seasonal Naive
389544,0.0,Seasonal Naive
105527,0.0,Seasonal Naive
530509,0.0,Seasonal Naive
110939,0.0,Seasonal Naive
190958,0.0,Seasonal Naive
250891,0.0,Seasonal Naive
309183,0.0,Seasonal Naive
110487,1105.0,Seasonal Naive
134323,0.0,Seasonal Naive
9977,0.0,Seasonal Naive
105524,0.0,Seasonal Naive
348835,5.09,Seasonal Naive
50730,0.0,Seasonal Naive
51878,0.0,Seasonal Naive
410517,0.0,Seasonal Naive
245043,79.54,Seasonal Naive
20985,1940.6500000000003,Seasonal Naive
165460,0.0,Seasonal Naive
34717,0.0,Seasonal Naive
18545,0.0,Seasonal Naive
172011,7.02,Seasonal Naive
480610,0.0,Seasonal Naive
134050,0.0,Seasonal Naive
108855,0.0,Seasonal Naive
142227,0.0,Seasonal Naive
237253,0.0,Seasonal Naive
272359,64.11,Seasonal Naive
177334,7883.73,Seasonal Naive
68871,30152.34,Seasonal Naive
90662,0.0,Seasonal Naive
7677,0.0,Seasonal Naive
117312,0.0,Seasonal Naive
110768,2936.3700000000003,Seasonal Naive
12679,0.0,Seasonal Naive
389543,0.0,Seasonal Naive
79651,124.29,Seasonal Naive
450322,0.0,Seasonal Naive
128339,0.0,Seasonal Naive
12937,0.0,Seasonal Naive
316906,251.35000000000002,Seasonal Naive
325018,212.69,Seasonal Naive
135613,0.0,Seasonal Naive
402054,0.0,Seasonal Naive
107875,108.29,Seasonal Naive
383035,2886.1100000000006,Seasonal Naive
171158,12.26,Seasonal Naive
141891,0.0,Seasonal Naive
414258,344.30000000000007,Seasonal Naive
306345,0.0,Seasonal Naive
20563,0.0,Seasonal Naive
164836,32.949999999999996,Seasonal Naive
107710,0.0,Seasonal Naive
285541,0.0,Seasonal Naive
118671,11.879999999999999,Seasonal Naive
336424,7.220000000000001,Seasonal Naive
389669,447.53999999999996,Seasonal Naive
443818,0.0,Seasonal Naive
190679,27.02,Seasonal Naive
337197,356.95,Seasonal Naive
174603,0.0,Seasonal Naive
77289,0.0,Seasonal Naive
352954,11.909999999999998,Seasonal Naive
67449,0.0,Seasonal Naive
434983,211.85000000000002,Seasonal Naive
134074,0.0,Seasonal Naive
169118,209.65,Seasonal Naive
70200,0.0,Seasonal Naive
100012,0.0,Seasonal Naive
177752,0.0,Seasonal Naive
118324,0.0,Seasonal Naive
273081,0.0,Seasonal Naive
84177,0.0,Seasonal Naive
134632,0.0,Seasonal Naive
90615,0.0,Seasonal Naive
126274,0.0,Seasonal Naive
141889,0.0,Seasonal Naive
44127,0.0,Seasonal Naive
446307,4308.84,Seasonal Naive
317313,0.0,Seasonal Naive
317426,294.45,Seasonal Naive
316907,3.24,Seasonal Naive
390793,0.0,Seasonal Naive
17830,0.0,Seasonal Naive
363652,0.0,Seasonal Naive
225952,0.0,Seasonal Naive
175338,665.6,Seasonal Naive
135101,0.0,Seasonal Naive
132334,0.0,Seasonal Naive
86137,24604.429999999997,Seasonal Naive
91059,0.0,Seasonal Naive
303612,0.0,Seasonal Naive
17174,0.0,Seasonal Naive
136015,17.35,Seasonal Naive
389690,0.0,Seasonal Naive
63157,778.89,Seasonal Naive
102934,0.0,Seasonal Naive
19497,0.0,Seasonal Naive
20984,393.28000000000003,Seasonal Naive
14351,0.0,Seasonal Naive
103264,12.76,Seasonal Naive
326594,249.05000000000004,Seasonal Naive
230182,0.0,Seasonal Naive
33457,0.0,Seasonal Naive
485160,0.0,Seasonal Naive
410515,0.0,Seasonal Naive
61586,0.0,Seasonal Naive
325842,421.93000000000006,Seasonal Naive
94604,0.0,Seasonal Naive
111015,0.0,Seasonal Naive
20863,0.0,Seasonal Naive
187931,0.0,Seasonal Naive
82431,0.0,Seasonal Naive
161530,0.0,Seasonal Naive
161579,385.96,Seasonal Naive
31588,0.0,Seasonal Naive
20943,0.0,Seasonal Naive
187998,181.85999999999999,Seasonal Naive
7771,88066.75,Seasonal Naive
412540,0.0,Seasonal Naive
295279,4947.639999999999,Seasonal Naive
110472,50.510000000000005,Seasonal Naive
61784,0.0,Seasonal Naive
337437,0.0,Seasonal Naive
63732,0.0,Seasonal Naive
105121,0.0,Seasonal Naive
79592,0.0,Seasonal Naive
330973,0.0,Seasonal Naive
237247,0.0,Seasonal Naive
549987,2541.2299999999996,Seasonal Naive
88291,0.08,Seasonal Naive
389849,0.0,Seasonal Naive
446299,7528.970000000001,Seasonal Naive
39426,1.3900000000000001,Seasonal Naive
174067,7.220000000000001,Seasonal Naive
29984,0.0,Seasonal Naive
363781,0.0,Seasonal Naive
82135,0.0,Seasonal Naive
346265,0.0,Seasonal Naive
196186,0.0,Seasonal Naive
26706,1.47,Seasonal Naive
485159,0.0,Seasonal Naive
169055,0.0,Seasonal Naive
137373,0.0,Seasonal Naive
127394,0.0,Seasonal Naive
121908,0.0,Seasonal Naive
383341,0.0,Seasonal Naive
135595,0.0,Seasonal Naive
317955,368.09999999999997,Seasonal Naive
192567,0.0,Seasonal Naive
298018,0.0,Seasonal Naive
140733,642.98,Seasonal Naive
84683,0.0,Seasonal Naive
166631,0.0,Seasonal Naive
9845,0.0,Seasonal Naive
128865,0.0,Seasonal Naive
446303,2878.9500000000003,Seasonal Naive
173087,0.0,Seasonal Naive
154467,0.0,Seasonal Naive
358441,0.0,Seasonal Naive
145005,0.0,Seasonal Naive
133177,0.0,Seasonal Naive
17903,0.0,Seasonal Naive
402583,0.0,Seasonal Naive
57175,0.0,Seasonal Naive
71341,12.669999999999998,Seasonal Naive
169057,0.0,Seasonal Naive
299054,0.0,Seasonal Naive
342973,0.0,Seasonal Naive
98803,0.0,Seasonal Naive
86062,0.0,Seasonal Naive
51839,0.0,Seasonal Naive
196182,0.0,Seasonal Naive
287528,1204.7199999999998,Seasonal Naive
126944,0.0,Seasonal Naive
95413,0.0,Seasonal Naive
175495,0.0,Seasonal Naive
111856,3.84,Seasonal Naive
25510,0.0,Seasonal Naive
229378,0.0,Seasonal Naive
79590,0.0,Seasonal Naive
85625,0.0,Seasonal Naive
84164,0.0,Seasonal Naive
30428,83.00000000000001,Seasonal Naive
353040,195.2,Seasonal Naive
80145,0.0,Seasonal Naive
327233,0.0,Seasonal Naive
60010,0.0,Seasonal Naive
99731,0.0,Seasonal Naive
139652,691.1600000000001,Seasonal Naive
164157,7240.71,Seasonal Naive
164767,0.0,Seasonal Naive
180407,0.0,Seasonal Naive
421640,0.0,Seasonal Naive
392610,0.0,Seasonal Naive
173997,0.0,Seasonal Naive
149311,1133.3200000000002,Seasonal Naive
10536,180.62,Seasonal Naive
31041,4.0600000000000005,Seasonal Naive
169119,0.0,Seasonal Naive
82895,10183.039999999999,Seasonal Naive
20767,310.69,Seasonal Naive
237249,0.0,Seasonal Naive
188117,258.94,Seasonal Naive
273644,691.99,Seasonal Naive
165004,467.65,Seasonal Naive
113083,6.02,Seasonal Naive
96857,0.0,Seasonal Naive
100107,0.0,Seasonal Naive
108274,33.96,Seasonal Naive
60001,3439.4100000000003,Seasonal Naive
18409,26.18,Seasonal Naive
97914,838.92,Seasonal Naive
96976,1.2600000000000002,Seasonal Naive
102781,3268.0499999999997,Seasonal Naive
465857,5.05,Seasonal Naive
12938,0.0,Seasonal Naive
157093,0.0,Seasonal Naive
161428,0.0,Seasonal Naive
97212,51.46,Seasonal Naive
98224,0.0,Seasonal Naive
317023,0.0,Seasonal Naive
99470,0.0,Seasonal Naive
389713,0.0,Seasonal Naive
137867,8.07,Seasonal Naive
120988,0.0,Seasonal Naive
402695,0.0,Seasonal Naive
161772,0.0,Seasonal Naive
373843,0.0,Seasonal Naive
359504,0.0,Seasonal Naive
47803,0.0,Seasonal Naive
238295,1116.04,Seasonal Naive
135591,0.0,Seasonal Naive
138311,181.15000000000003,Seasonal Naive
69574,0.0,Seasonal Naive
84251,42.03,Seasonal Naive
389576,1493.52,Seasonal Naive
142203,90.82,Seasonal Naive
122180,0.0,Seasonal Naive
105594,4651.97,Seasonal Naive
308709,0.0,Seasonal Naive
12471,0.0,Seasonal Naive
362144,0.9299999999999999,Seasonal Naive
110836,0.0,Seasonal Naive
117830,0.0,Seasonal Naive
358578,0.0,Seasonal Naive
431126,735.65,Seasonal Naive
303615,0.0,Seasonal Naive
26888,0.0,Seasonal Naive
18799,0.0,Seasonal Naive
134015,23.63,Seasonal Naive
169117,0.0,Seasonal Naive
373826,0.0,Seasonal Naive
219797,860.1,Seasonal Naive
316596,0.0,Seasonal Naive
77385,47.36,Seasonal Naive
188002,59.900000000000006,Seasonal Naive
118775,0.0,Seasonal Naive
155151,0.0,Seasonal Naive
410884,0.0,Seasonal Naive
91425,1992.1799999999998,Seasonal Naive
484871,6265.070000000001,Seasonal Naive
360666,0.0,Seasonal Naive
169132,0.0,Seasonal Naive
175493,0.0,Seasonal Naive
19911,350.47999999999996,Seasonal Naive
366326,0.0,Seasonal Naive
448034,5270.910000000001,Seasonal Naive
50039,0.0,Seasonal Naive
238362,0.0,Seasonal Naive
132332,0.0,Seasonal Naive
80091,0.0,Seasonal Naive
31463,133.24,Seasonal Naive
448939,368.17,Seasonal Naive
50138,16.45,Seasonal Naive
77290,0.0,Seasonal Naive
245044,0.0,Seasonal Naive
134629,0.0,Seasonal Naive
174110,0.0,Seasonal Naive
485161,13.98,Seasonal Naive
299776,0.0,Seasonal Naive
175339,14952.669999999996,Seasonal Naive
353089,0.0,Seasonal Naive
348831,0.0,Seasonal Naive
33976,0.0,Seasonal Naive
159888,0.0,Seasonal Naive
289674,0.0,Seasonal Naive
295283,179.16,Seasonal Naive
70828,59.580000000000005,Seasonal Naive
287544,0.0,Seasonal Naive
86242,0.0,Seasonal Naive
110071,0.0,Seasonal Naive
182808,0.0,Seasonal Naive
88602,0.0,Seasonal Naive
113469,0.0,Seasonal Naive
84158,0.0,Seasonal Naive
48270,22.91,Seasonal Naive
82909,0.0,Seasonal Naive
192470,0.0,Seasonal Naive
82850,0.0,Seasonal Naive
82222,0.0,Seasonal Naive
163859,0.0,Seasonal Naive
85513,0.0,Seasonal Naive
138610,0.0,Seasonal Naive
448934,61.300000000000004,Seasonal Naive
84157,1.31,Seasonal Naive
40749,59.050000000000004,Seasonal Naive
70831,0.0,Seasonal Naive
196887,0.0,Seasonal Naive
23430,0.0,Seasonal Naive
421513,0.0,Seasonal Naive
51909,105.21000000000001,Seasonal Naive
111049,0.0,Seasonal Naive
240822,0.0,Seasonal Naive
83894,138.78,Seasonal Naive
153632,0.0,Seasonal Naive
82851,0.0,Seasonal Naive
359507,0.0,Seasonal Naive
136047,1312.62,Seasonal Naive
111775,0.0,Seasonal Naive
187584,0.0,Seasonal Naive
92128,0.0,Seasonal Naive
167736,0.0,Seasonal Naive
227734,546.65,Seasonal Naive
154922,0.0,Seasonal Naive
109291,0.0,Seasonal Naive
99703,0.0,Seasonal Naive
12761,0.0,Seasonal Naive
126326,364.31,Seasonal Naive
500828,1822.0600000000002,Seasonal Naive
20962,0.0,Seasonal Naive
406453,0.0,Seasonal Naive
88596,0.0,Seasonal Naive
187933,0.0,Seasonal Naive
62826,0.0,Seasonal Naive
161427,0.0,Seasonal Naive
192595,0.0,Seasonal Naive
8057,0.0,Seasonal Naive
90633,0.0,Seasonal Naive
274956,0.0,Seasonal Naive
328136,18534.280000000002,Seasonal Naive
51963,446.19,Seasonal Naive
169235,0.0,Seasonal Naive
44967,0.0,Seasonal Naive
156473,262.03,Seasonal Naive
486220,164.61,Seasonal Naive
99788,0.0,Seasonal Naive
26745,170.01,Seasonal Naive
69003,0.0,Seasonal Naive
105260,0.0,Seasonal Naive
402633,0.0,Seasonal Naive
28581,73.36000000000001,Seasonal Naive
541667,26791.15,Seasonal Naive
410623,1911.0500000000002,Seasonal Naive
237248,0.0,Seasonal Naive
90614,0.0,Seasonal Naive
51964,225.02,Seasonal Naive
5713,0.0,Seasonal Naive
36928,0.0,Seasonal Naive
246583,0.0,Seasonal Naive
185318,0.0,Seasonal Naive
422769,2224.12,Seasonal Naive
92638,309.35999999999996,Seasonal Naive
16581,4.0600000000000005,Seasonal Naive
174592,0.0,Seasonal Naive
165457,0.0,Seasonal Naive
44364,12.32,Seasonal Naive
44968,0.0,Seasonal Naive
153345,0.0,Seasonal Naive
374849,1.98,Seasonal Naive
10623,0.0,Seasonal Naive
113060,0.0,Seasonal Naive
138312,232.95,Seasonal Naive
4651,0.0,Seasonal Naive
149312,0.21000000000000002,Seasonal Naive
298950,0.0,Seasonal Naive
82936,0.0,Seasonal Naive
136564,362.64,Seasonal Naive
117309,0.0,Seasonal Naive
52420,0.0,Seasonal Naive
167960,0.0,Seasonal Naive
305377,0.0,Seasonal Naive
153364,0.0,Seasonal Naive
250607,0.0,Seasonal Naive
63239,125.34,Seasonal Naive
108286,0.0,Seasonal Naive
144191,0.0,Seasonal Naive
100053,5.45,Seasonal Naive
92255,0.0,Seasonal Naive
336283,0.0,Seasonal Naive
140275,0.0,Seasonal Naive
380082,0.0,Seasonal Naive
86345,0.0,Seasonal Naive
412505,30731.079999999998,Seasonal Naive
189196,0.0,Seasonal Naive
68827,0.0,Seasonal Naive
414280,0.0,Seasonal Naive
404897,0.0,Seasonal Naive
264506,0.0,Seasonal Naive
13510,1352.5900000000001,Seasonal Naive
6252,0.0,Seasonal Naive
276856,712.3000000000001,Seasonal Naive
125337,0.0,Seasonal Naive
55995,0.0,Seasonal Naive
184465,0.0,Seasonal Naive
70803,9.45,Seasonal Naive
31743,3397.9799999999996,Seasonal Naive
164834,0.0,Seasonal Naive
136706,0.0,Seasonal Naive
131252,1949.02,Seasonal Naive
157729,0.0,Seasonal Naive
136589,65.47,Seasonal Naive
161870,38278.229999999996,Seasonal Naive
44782,0.0,Seasonal Naive
166138,0.0,Seasonal Naive
307740,0.0,Seasonal Naive
336287,0.0,Seasonal Naive
159615,0.0,Seasonal Naive
439080,5661.860000000001,Seasonal Naive
35129,0.0,Seasonal Naive
118270,0.0,Seasonal Naive
54737,0.0,Seasonal Naive
145686,0.0,Seasonal Naive
131129,257.75,Seasonal Naive
90664,0.0,Seasonal Naive
54284,61.330000000000005,Seasonal Naive
309758,0.0,Seasonal Naive
86131,4702.900000000001,Seasonal Naive
405017,0.0,Seasonal Naive
268111,0.01,Seasonal Naive
46374,0.0,Seasonal Naive
12466,0.0,Seasonal Naive
308636,0.0,Seasonal Naive
155837,0.0,Seasonal Naive
337107,229.61,Seasonal Naive
378601,0.0,Seasonal Naive
90641,0.0,Seasonal Naive
118323,0.0,Seasonal Naive
4083,0.0,Seasonal Naive
35625,0.0,Seasonal Naive
100052,0.0,Seasonal Naive
67307,0.0,Seasonal Naive
330827,0.0,Seasonal Naive
44833,0.0,Seasonal Naive
337198,91.87,Seasonal Naive
294738,342.23999999999995,Seasonal Naive
247693,76089.69,Seasonal Naive
379519,0.0,Seasonal Naive
329660,0.0,Seasonal Naive
298425,0.0,Seasonal Naive
137248,1.31,Seasonal Naive
276859,4258.98,Seasonal Naive
131131,436.15999999999997,Seasonal Naive
13540,0.0,Seasonal Naive
189004,0.0,Seasonal Naive
449981,1216.79,Seasonal Naive
389675,0.0,Seasonal Naive
315837,0.0,Seasonal Naive
314723,0.0,Seasonal Naive
309721,0.0,Seasonal Naive
86446,0.0,Seasonal Naive
137332,0.0,Seasonal Naive
95097,0.0,Seasonal Naive
90640,0.0,Seasonal Naive
7601,0.0,Seasonal Naive
149125,0.0,Seasonal Naive
363704,0.0,Seasonal Naive
226051,0.0,Seasonal Naive
45090,0.0,Seasonal Naive
160791,39.17999999999999,Seasonal Naive
146542,11704.24,Seasonal Naive
91373,0.0,Seasonal Naive
402692,0.0,Seasonal Naive
13812,0.0,Seasonal Naive
112257,2831.85,Seasonal Naive
194504,0.0,Seasonal Naive
194469,0.0,Seasonal Naive
313247,0.0,Seasonal Naive
117833,0.85,Seasonal Naive
22059,1176.9,Seasonal Naive
69549,0.0,Seasonal Naive
390797,24356.320000000003,Seasonal Naive
138310,0.0,Seasonal Naive
79602,0.0,Seasonal Naive
28222,0.0,Seasonal Naive
106109,0.0,Seasonal Naive
528335,2810.8599999999997,Seasonal Naive
14039,0.0,Seasonal Naive
390749,0.0,Seasonal Naive
491214,0.0,Seasonal Naive
33977,58.48,Seasonal Naive
112609,0.0,Seasonal Naive
174210,605.49,Seasonal Naive
190224,0.0,Seasonal Naive
68082,233.47000000000003,Seasonal Naive
382754,0.0,Seasonal Naive
360191,0.0,Seasonal Naive
90437,7642.969999999999,Seasonal Naive
44847,0.0,Seasonal Naive
136024,4074.43,Seasonal Naive
144098,0.78,Seasonal Naive
150788,0.0,Seasonal Naive
75236,0.0,Seasonal Naive
111011,2.5,Seasonal Naive
164160,7925.030000000001,Seasonal Naive
485631,33058.8,Seasonal Naive
102769,0.0,Seasonal Naive
128676,0.0,Seasonal Naive
82807,0.0,Seasonal Naive
105525,0.0,Seasonal Naive
324030,4585.099999999999,Seasonal Naive
29442,0.0,Seasonal Naive
501642,2845.52,Seasonal Naive
188968,174.04,Seasonal Naive
282131,0.0,Seasonal Naive
93919,417.92,Seasonal Naive
137438,0.0,Seasonal Naive
220261,0.0,Seasonal Naive
238340,881.9000000000001,Seasonal Naive
108273,0.0,Seasonal Naive
220262,0.0,Seasonal Naive
47226,40491.3,Seasonal Naive
363812,0.0,Seasonal Naive
8211,0.0,Seasonal Naive
104961,0.0,Seasonal Naive
100015,1052.27,Seasonal Naive
390745,0.0,Seasonal Naive
31736,10.620000000000001,Seasonal Naive
231049,0.0,Seasonal Naive
29725,0.0,Seasonal Naive
233975,0.0,Seasonal Naive
129271,148.98,Seasonal Naive
530505,3047.2000000000003,Seasonal Naive
21318,0.0,Seasonal Naive
23108,0.0,Seasonal Naive
188080,0.0,Seasonal Naive
67420,2.64,Seasonal Naive
13235,0.0,Seasonal Naive
174158,0.0,Seasonal Naive
549288,761.01,Seasonal Naive
149112,0.0,Seasonal Naive
136708,0.0,Seasonal Naive
99988,0.0,Seasonal Naive
110964,0.0,Seasonal Naive
88624,0.0,Seasonal Naive
122837,0.0,Seasonal Naive
238359,10952.3,Seasonal Naive
407038,12.22,Seasonal Naive
90559,0.0,Seasonal Naive
265861,0.0,Seasonal Naive
486129,113972.11000000002,Seasonal Naive
414282,76.11,Seasonal Naive
223529,0.0,Seasonal Naive
171170,0.0,Seasonal Naive
238345,0.0,Seasonal Naive
429516,0.0,Seasonal Naive
18142,21.4,Seasonal Naive
9888,0.0,Seasonal Naive
298422,0.0,Seasonal Naive
126327,0.0,Seasonal Naive
85534,0.0,Seasonal Naive
75708,0.0,Seasonal Naive
200593,0.0,Seasonal Naive
142201,120.94999999999999,Seasonal Naive
26705,206.01999999999998,Seasonal Naive
180409,0.0,Seasonal Naive
364397,1549.2599999999998,Seasonal Naive
373828,57.04999999999999,Seasonal Naive
81356,103.84,Seasonal Naive
83884,0.0,Seasonal Naive
12436,0.0,Seasonal Naive
117386,0.0,Seasonal Naive
111451,13.36,Seasonal Naive
308706,0.0,Seasonal Naive
414421,11691.779999999999,Seasonal Naive
414257,0.0,Seasonal Naive
24317,0.0,Seasonal Naive
60033,434.32,Seasonal Naive
117313,0.0,Seasonal Naive
85514,0.0,Seasonal Naive
91274,0.0,Seasonal Naive
326709,0.0,Seasonal Naive
6511,187.89000000000001,Seasonal Naive
21185,0.0,Seasonal Naive
77881,0.0,Seasonal Naive
181040,0.0,Seasonal Naive
166003,0.0,Seasonal Naive
500969,3250.6299999999997,Seasonal Naive
413480,0.0,Seasonal Naive
55211,0.12,Seasonal Naive
137255,0.0,Seasonal Naive
343223,0.0,Seasonal Naive
376306,0.0,Seasonal Naive
7678,0.0,Seasonal Naive
3677,25.85,Seasonal Naive
193460,0.0,Seasonal Naive
549986,16620.0,Seasonal Naive
4236,0.0,Seasonal Naive
185315,0.0,Seasonal Naive
19188,0.0,Seasonal Naive
2000,0.0,Seasonal Naive
2462,28.84,Seasonal Naive
257452,697.37,Seasonal Naive
62986,0.0,Seasonal Naive
83954,32.73,Seasonal Naive
90811,0.0,Seasonal Naive
6288,0.0,Seasonal Naive
66246,956.51,Seasonal Naive
81562,0.0,Seasonal Naive
298952,0.0,Seasonal Naive
43792,0.0,Seasonal Naive
188308,0.0,Seasonal Naive
108606,0.0,Seasonal Naive
75711,0.0,Seasonal Naive
330840,0.0,Seasonal Naive
378511,2347.1900000000005,Seasonal Naive
181585,271.98,Seasonal Naive
36071,0.0,Seasonal Naive
378598,0.0,Seasonal Naive
132336,0.0,Seasonal Naive
90399,0.0,Seasonal Naive
78889,0.0,Seasonal Naive
12259,0.0,Seasonal Naive
182803,0.0,Seasonal Naive
326702,0.0,Seasonal Naive
97366,483.35999999999996,Seasonal Naive
438275,12.530000000000001,Seasonal Naive
5384,0.0,Seasonal Naive
103524,0.0,Seasonal Naive
135246,0.0,Seasonal Naive
28221,0.0,Seasonal Naive
50904,0.0,Seasonal Naive
108555,348.9,Seasonal Naive
22647,0.0,Seasonal Naive
12470,0.0,Seasonal Naive
62935,0.0,Seasonal Naive
100013,0.0,Seasonal Naive
93486,0.0,Seasonal Naive
327024,0.0,Seasonal Naive
187746,0.0,Seasonal Naive
408916,0.0,Seasonal Naive
347235,0.0,Seasonal Naive
137638,0.0,Seasonal Naive
153614,0.0,Seasonal Naive
99406,0.0,Seasonal Naive
146003,2.06,Seasonal Naive
105526,0.0,Seasonal Naive
185305,0.0,Seasonal Naive
194452,0.0,Seasonal Naive
168779,0.0,Seasonal Naive
1435,0.0,Seasonal Naive
145691,0.0,Seasonal Naive
178053,0.0,Seasonal Naive
13324,144.46,Seasonal Naive
157719,0.0,Seasonal Naive
196748,235.34000000000003,Seasonal Naive
4991,10339.940000000002,Seasonal Naive
138407,0.0,Seasonal Naive
108582,0.0,Seasonal Naive
43711,2560.49,Seasonal Naive
85460,0.0,Seasonal Naive
118823,0.0,Seasonal Naive
74517,505.93,Seasonal Naive
153036,0.0,Seasonal Naive
410773,0.0,Seasonal Naive
362300,0.0,Seasonal Naive
140729,623.9,Seasonal Naive
156469,575.89,Seasonal Naive
174066,11.01,Seasonal Naive
189598,0.0,Seasonal Naive
110977,0.0,Seasonal Naive
197319,0.0,Seasonal Naive
18955,0.0,Seasonal Naive
75707,14.34,Seasonal Naive
6077,0.0,Seasonal Naive
113184,35.65,Seasonal Naive
112054,0.0,Seasonal Naive
77258,0.0,Seasonal Naive
417247,101.85999999999999,Seasonal Naive
38426,19257.65,Seasonal Naive
480359,1557.6100000000001,Seasonal Naive
541650,39970.520000000004,Seasonal Naive
112798,24.03,Seasonal Naive
72108,0.0,Seasonal Naive
82130,28.12,Seasonal Naive
136810,50487.799999999996,Seasonal Naive
9365,1.18,Seasonal Naive
439124,0.0,Seasonal Naive
350381,23.68,Seasonal Naive
309768,0.0,Seasonal Naive
139362,172.02999999999997,Seasonal Naive
298298,6194.4400000000005,Seasonal Naive
8092,0.0,Seasonal Naive
103106,0.0,Seasonal Naive
287286,531.59,Seasonal Naive
156646,62.35999999999999,Seasonal Naive
67306,0.0,Seasonal Naive
48522,0.0,Seasonal Naive
127638,129.54000000000002,Seasonal Naive
29152,0.0,Seasonal Naive
33584,0.0,Seasonal Naive
19632,20380.81,Seasonal Naive
8321,0.0,Seasonal Naive
289673,0.0,Seasonal Naive
196172,0.0,Seasonal Naive
119440,0.0,Seasonal Naive
182807,0.0,Seasonal Naive
378694,1737.18,Seasonal Naive
325120,184.25,Seasonal Naive
63144,51.650000000000006,Seasonal Naive
306343,0.0,Seasonal Naive
52408,0.0,Seasonal Naive
50914,0.0,Seasonal Naive
412545,0.0,Seasonal Naive
105639,0.0,Seasonal Naive
308563,0.0,Seasonal Naive
315840,0.0,Seasonal Naive
531448,3.5599999999999996,Seasonal Naive
196113,61.769999999999996,Seasonal Naive
166011,1.34,Seasonal Naive
2076,0.0,Seasonal Naive
327857,6.7,Seasonal Naive
99389,0.0,Seasonal Naive
554811,48102.82,Seasonal Naive
410832,0.0,Seasonal Naive
273063,82.78,Seasonal Naive
336296,1366.55,Seasonal Naive
13823,0.0,Seasonal Naive
378707,0.0,Seasonal Naive
97214,301.39,Seasonal Naive
52009,0.0,Seasonal Naive
49347,822.5200000000001,Seasonal Naive
421620,10.99,Seasonal Naive
4247,81.17,Seasonal Naive
554808,0.0,Seasonal Naive
450150,0.0,Seasonal Naive
80299,1512.6100000000001,Seasonal Naive
75267,0.0,Seasonal Naive
337047,205.12000000000003,Seasonal Naive
174236,0.0,Seasonal Naive
336266,0.0,Seasonal Naive
92142,235.43,Seasonal Naive
29988,0.0,Seasonal Naive
459691,93.0,Seasonal Naive
124794,0.0,Seasonal Naive
65783,1.4,Seasonal Naive
63158,0.0,Seasonal Naive
143881,0.0,Seasonal Naive
66126,0.0,Seasonal Naive
11250,1155.76,Seasonal Naive
405012,0.0,Seasonal Naive
509819,0.0,Seasonal Naive
94726,116.57000000000001,Seasonal Naive
150777,0.0,Seasonal Naive
112158,0.0,Seasonal Naive
229228,0.0,Seasonal Naive
178055,0.0,Seasonal Naive
315623,0.0,Seasonal Naive
141583,0.0,Seasonal Naive
93053,116.39000000000001,Seasonal Naive
38120,0.0,Seasonal Naive
444388,27.27,Seasonal Naive
94709,42.919999999999995,Seasonal Naive
5844,0.0,Seasonal Naive
72874,0.62,Seasonal Naive
421642,0.0,Seasonal Naive
500143,25692.269999999997,Seasonal Naive
308699,0.0,Seasonal Naive
90452,0.0,Seasonal Naive
194595,0.0,Seasonal Naive
12762,0.0,Seasonal Naive
334178,1.87,Seasonal Naive
295213,0.0,Seasonal Naive
325418,9.530000000000001,Seasonal Naive
90064,0.0,Seasonal Naive
154592,0.0,Seasonal Naive
83310,0.0,Seasonal Naive
139654,593.6600000000001,Seasonal Naive
134070,0.0,Seasonal Naive
18812,538.76,Seasonal Naive
190974,0.0,Seasonal Naive
398147,0.0,Seasonal Naive
177910,64.96000000000001,Seasonal Naive
107352,0.0,Seasonal Naive
11347,1005.17,Seasonal Naive
129289,0.0,Seasonal Naive
417305,140.33,Seasonal Naive
44750,70673.85999999999,Seasonal Naive
287548,0.0,Seasonal Naive
220263,0.0,Seasonal Naive
163572,404.37999999999994,Seasonal Naive
336301,0.0,Seasonal Naive
377043,0.0,Seasonal Naive
134617,0.0,Seasonal Naive
488874,0.0,Seasonal Naive
326010,0.0,Seasonal Naive
257453,1241.57,Seasonal Naive
149110,0.0,Seasonal Naive
49798,0.0,Seasonal Naive
350791,0.0,Seasonal Naive
178162,0.0,Seasonal Naive
288292,0.0,Seasonal Naive
449170,0.0,Seasonal Naive
412255,0.0,Seasonal Naive
390564,0.0,Seasonal Naive
112035,0.0,Seasonal Naive
541665,24599.16,Seasonal Naive
112562,0.0,Seasonal Naive
168774,0.0,Seasonal Naive
404693,35.64,Seasonal Naive
90616,0.0,Seasonal Naive
92883,6995.97,Seasonal Naive
61926,0.0,Seasonal Naive
110489,4784.82,Seasonal Naive
25514,0.0,Seasonal Naive
330902,221.64,Seasonal Naive
421311,112.61999999999999,Seasonal Naive
167739,1198.7699999999998,Seasonal Naive
135957,0.0,Seasonal Naive
291003,35.42,Seasonal Naive
97217,0.0,Seasonal Naive
65609,3541.1600000000003,Seasonal Naive
12242,0.0,Seasonal Naive
91372,0.0,Seasonal Naive
392597,0.0,Seasonal Naive
189620,0.0,Seasonal Naive
327542,0.0,Seasonal Naive
342485,0.0,Seasonal Naive
230054,40769.79,Seasonal Naive
47002,0.0,Seasonal Naive
103163,0.0,Seasonal Naive
310402,21.34,Seasonal Naive
156374,0.0,Seasonal Naive
79549,0.0,Seasonal Naive
105262,0.0,Seasonal Naive
160899,0.0,Seasonal Naive
484867,4695.780000000001,Seasonal Naive
93234,0.0,Seasonal Naive
25263,1997.6100000000001,Seasonal Naive
35377,0.0,Seasonal Naive
186886,0.0,Seasonal Naive
86244,0.0,Seasonal Naive
88593,12.92,Seasonal Naive
33886,16499.32,Seasonal Naive
46338,2957.4300000000003,Seasonal Naive
167145,0.0,Seasonal Naive
112129,0.0,Seasonal Naive
112281,23.57,Seasonal Naive
90454,0.83,Seasonal Naive
124167,2278.13,Seasonal Naive
87405,0.74,Seasonal Naive
402397,24.42,Seasonal Naive
330801,0.0,Seasonal Naive
56653,0.0,Seasonal Naive
179774,0.0,Seasonal Naive
449879,330.23,Seasonal Naive
121399,7.08,Seasonal Naive
118321,0.0,Seasonal Naive
99303,0.0,Seasonal Naive
111975,0.0,Seasonal Naive
305373,0.0,Seasonal Naive
21904,0.0,Seasonal Naive
390525,1152.4,Seasonal Naive
503401,119.81,Seasonal Naive
64421,0.0,Seasonal Naive
113608,0.0,Seasonal Naive
325184,431.39000000000004,Seasonal Naive
238339,414.7800000000001,Seasonal Naive
93716,0.0,Seasonal Naive
484522,13828.580000000002,Seasonal Naive
156571,1.1099999999999999,Seasonal Naive
198281,0.0,Seasonal Naive
85093,0.0,Seasonal Naive
303485,1.6,Seasonal Naive
192565,0.0,Seasonal Naive
74493,0.0,Seasonal Naive
82836,0.0,Seasonal Naive
179692,0.0,Seasonal Naive
352912,66.92,Seasonal Naive
343130,55.199999999999996,Seasonal Naive
444391,20.770000000000003,Seasonal Naive
4784,0.0,Seasonal Naive
188009,1.55,Seasonal Naive
165689,0.0,Seasonal Naive
72017,0.0,Seasonal Naive
183115,0.0,Seasonal Naive
156556,0.0,Seasonal Naive
110307,0.0,Seasonal Naive
59526,914.48,Seasonal Naive
171814,0.0,Seasonal Naive
66430,0.0,Seasonal Naive
459441,2806.3800000000006,Seasonal Naive
112141,0.0,Seasonal Naive
287527,338.94,Seasonal Naive
144193,0.0,Seasonal Naive
414277,21.77,Seasonal Naive
480356,0.0,Seasonal Naive
110698,0.0,Seasonal Naive
313636,0.0,Seasonal Naive
141577,0.0,Seasonal Naive
87850,3223.4199999999996,Seasonal Naive
67308,79.4,Seasonal Naive
98836,0.0,Seasonal Naive
127145,0.0,Seasonal Naive
19499,0.0,Seasonal Naive
71572,0.0,Seasonal Naive
12217,144.55,Seasonal Naive
308561,0.0,Seasonal Naive
124142,15334.039999999999,Seasonal Naive
307574,0.0,Seasonal Naive
82924,69.16000000000001,Seasonal Naive
19941,0.0,Seasonal Naive
51877,0.0,Seasonal Naive
112671,0.81,Seasonal Naive
99995,0.0,Seasonal Naive
163593,0.0,Seasonal Naive
97928,0.0,Seasonal Naive
179689,2124.21,Seasonal Naive
429459,356.75,Seasonal Naive
491216,0.0,Seasonal Naive
156468,153.89999999999998,Seasonal Naive
60015,132.53,Seasonal Naive
72049,94.96,Seasonal Naive
63676,849.4300000000001,Seasonal Naive
528407,0.0,Seasonal Naive
500752,0.0,Seasonal Naive
236829,0.0,Seasonal Naive
75047,0.0,Seasonal Naive
219795,0.0,Seasonal Naive
86057,54.019999999999996,Seasonal Naive
439079,4511.37,Seasonal Naive
183774,0.0,Seasonal Naive
171153,1276.9399999999998,Seasonal Naive
179773,0.0,Seasonal Naive
449881,2563.0699999999997,Seasonal Naive
326867,16867.100000000002,Seasonal Naive
8908,91.66,Seasonal Naive
7550,0.0,Seasonal Naive
188000,74.13,Seasonal Naive
444013,1385.6299999999999,Seasonal Naive
77805,192.17999999999998,Seasonal Naive
410841,4192.549999999999,Seasonal Naive
181330,0.0,Seasonal Naive
161926,0.0,Seasonal Naive
30120,0.0,Seasonal Naive
139317,0.0,Seasonal Naive
295264,88.65,Seasonal Naive
93050,20.88,Seasonal Naive
157655,0.0,Seasonal Naive
67309,116.60999999999999,Seasonal Naive
484300,5982.48,Seasonal Naive
161802,0.0,Seasonal Naive
52422,0.0,Seasonal Naive
50547,439.25,Seasonal Naive
2464,136.67999999999998,Seasonal Naive
138415,143.50000000000003,Seasonal Naive
174231,0.0,Seasonal Naive
180398,0.0,Seasonal Naive
70009,763.61,Seasonal Naive
273102,0.0,Seasonal Naive
35495,0.0,Seasonal Naive
138458,0.0,Seasonal Naive
36860,0.0,Seasonal Naive
80296,0.0,Seasonal Naive
23104,0.0,Seasonal Naive
5084,0.0,Seasonal Naive
74296,0.0,Seasonal Naive
331621,0.0,Seasonal Naive
66676,310.67999999999995,Seasonal Naive
402620,0.0,Seasonal Naive
125393,0.0,Seasonal Naive
482500,0.0,Seasonal Naive
434753,1104.75,Seasonal Naive
273104,0.0,Seasonal Naive
105261,0.0,Seasonal Naive
135090,184.38,Seasonal Naive
504759,37465.729999999996,Seasonal Naive
444015,1753.47,Seasonal Naive
112669,0.0,Seasonal Naive
54749,118.69,Seasonal Naive
235315,17.34,Seasonal Naive
33474,614.4699999999999,Seasonal Naive
325086,6216.37,Seasonal Naive
348731,5.14,Seasonal Naive
327651,4794.1900000000005,Seasonal Naive
200596,0.0,Seasonal Naive
465854,0.0,Seasonal Naive
66667,278.54,Seasonal Naive
103256,0.0,Seasonal Naive
198122,0.0,Seasonal Naive
298416,0.0,Seasonal Naive
6465,0.0,Seasonal Naive
107899,0.0,Seasonal Naive
126325,830.68,Seasonal Naive
141014,0.0,Seasonal Naive
192594,0.0,Seasonal Naive
130256,0.0,Seasonal Naive
111989,0.0,Seasonal Naive
336101,0.0,Seasonal Naive
17040,0.0,Seasonal Naive
56593,0.0,Seasonal Naive
134634,2180.8199999999997,Seasonal Naive
382756,1465.6000000000001,Seasonal Naive
75590,0.0,Seasonal Naive
118320,0.0,Seasonal Naive
378597,46.230000000000004,Seasonal Naive
330794,0.0,Seasonal Naive
66755,0.0,Seasonal Naive
393193,2.5,Seasonal Naive
136703,0.0,Seasonal Naive
109824,999.3699999999999,Seasonal Naive
258487,922.2600000000001,Seasonal Naive
240897,0.0,Seasonal Naive
87851,21282.18,Seasonal Naive
27913,0.0,Seasonal Naive
174196,0.0,Seasonal Naive
189013,0.0,Seasonal Naive
47426,144.69,Seasonal Naive
417296,116.32,Seasonal Naive
175460,0.0,Seasonal Naive
374332,0.0,Seasonal Naive
374333,0.0,Seasonal Naive
374334,0.0,Seasonal Naive
84178,0.0,Seasonal Naive
404549,1373.35,Seasonal Naive
79750,0.0,Seasonal Naive
232833,0.0,Seasonal Naive
112673,0.0,Seasonal Naive
492733,0.0,Seasonal Naive
155794,0.0,Seasonal Naive
125435,0.0,Seasonal Naive
49638,0.0,Seasonal Naive
62988,2.02,Seasonal Naive
410833,1948.8300000000002,Seasonal Naive
327667,1176.0,Seasonal Naive
454214,1608.35,Seasonal Naive
504761,595766.5800000001,Seasonal Naive
325085,0.0,Seasonal Naive
153020,0.0,Seasonal Naive
401995,622.9199999999998,Seasonal Naive
40921,57.99,Seasonal Naive
163050,0.0,Seasonal Naive
173937,368.65999999999997,Seasonal Naive
49553,65.66,Seasonal Naive
289717,1208.45,Seasonal Naive
50999,586.55,Seasonal Naive
124467,0.0,Seasonal Naive
49346,675.3599999999999,Seasonal Naive
404718,3611.4399999999996,Seasonal Naive
179589,12.16,Seasonal Naive
89240,0.0,Seasonal Naive
219805,19230.079999999998,Seasonal Naive
22640,0.0,Seasonal Naive
99292,0.0,Seasonal Naive
315549,0.0,Seasonal Naive
389579,0.0,Seasonal Naive
126562,7.16,Seasonal Naive
97215,0.0,Seasonal Naive
404668,12948.12,Seasonal Naive
423334,0.0,Seasonal Naive
109721,0.0,Seasonal Naive
122835,29.75,Seasonal Naive
136054,211.32,Seasonal Naive
479345,2509.19,Seasonal Naive
504752,179.72000000000003,Seasonal Naive
66104,0.0,Seasonal Naive
191412,0.0,Seasonal Naive
295266,11046.240000000002,Seasonal Naive
92572,0.0,Seasonal Naive
273105,0.0,Seasonal Naive
347503,0.0,Seasonal Naive
221365,0.0,Seasonal Naive
541645,51748.46,Seasonal Naive
141483,0.0,Seasonal Naive
109301,0.0,Seasonal Naive
90812,0.0,Seasonal Naive
169781,0.0,Seasonal Naive
40895,0.0,Seasonal Naive
164720,0.0,Seasonal Naive
129272,107.68,Seasonal Naive
84144,29.39,Seasonal Naive
8845,540.97,Seasonal Naive
40506,246.14000000000001,Seasonal Naive
334468,0.0,Seasonal Naive
25357,54.67,Seasonal Naive
326780,0.0,Seasonal Naive
446652,0.0,Seasonal Naive
482502,0.0,Seasonal Naive
451350,0.0,Seasonal Naive
174438,15506.079999999998,Seasonal Naive
307568,1079.0299999999997,Seasonal Naive
10324,0.0,Seasonal Naive
110966,0.0,Seasonal Naive
129431,939.5200000000001,Seasonal Naive
308546,890.55,Seasonal Naive
410540,5400.349999999999,Seasonal Naive
241040,0.0,Seasonal Naive
7705,7789.13,Seasonal Naive
138614,0.0,Seasonal Naive
6003,266.52,Seasonal Naive
404972,0.0,Seasonal Naive
164723,0.0,Seasonal Naive
161824,0.0,Seasonal Naive
132246,959.1399999999999,Seasonal Naive
71312,10.75,Seasonal Naive
168784,0.0,Seasonal Naive
238338,74.5,Seasonal Naive
138417,344.44999999999993,Seasonal Naive
124163,2109.05,Seasonal Naive
176081,0.0,Seasonal Naive
309740,988.48,Seasonal Naive
16364,2757.59,Seasonal Naive
42014,0.0,Seasonal Naive
235200,0.0,Seasonal Naive
305399,0.0,Seasonal Naive
35975,0.0,Seasonal Naive
258484,0.0,Seasonal Naive
65918,0.0,Seasonal Naive
230095,0.0,Seasonal Naive
37445,185.92999999999998,Seasonal Naive
273103,0.0,Seasonal Naive
123549,3625.63,Seasonal Naive
22135,0.0,Seasonal Naive
46306,25.610000000000003,Seasonal Naive
66391,0.0,Seasonal Naive
166000,1288.68,Seasonal Naive
112578,0.0,Seasonal Naive
90617,0.0,Seasonal Naive
84255,60.63999999999999,Seasonal Naive
112280,167.73999999999998,Seasonal Naive
83921,0.0,Seasonal Naive
40587,15.02,Seasonal Naive
105263,0.0,Seasonal Naive
142316,12899.74,Seasonal Naive
84151,954.5,Seasonal Naive
61627,1178.9500000000003,Seasonal Naive
500825,91.28,Seasonal Naive
155304,0.0,Seasonal Naive
17365,309.59,Seasonal Naive
99555,0.0,Seasonal Naive
49996,0.0,Seasonal Naive
134628,0.0,Seasonal Naive
336103,0.0,Seasonal Naive
188060,0.0,Seasonal Naive
136128,0.0,Seasonal Naive
150781,837.6,Seasonal Naive
408378,0.0,Seasonal Naive
512412,6103.150000000001,Seasonal Naive
378710,0.53,Seasonal Naive
28482,42.59,Seasonal Naive
188016,0.0,Seasonal Naive
327030,0.0,Seasonal Naive
97386,8.3,Seasonal Naive
169177,0.0,Seasonal Naive
112664,0.0,Seasonal Naive
129479,0.0,Seasonal Naive
90580,0.0,Seasonal Naive
9668,0.0,Seasonal Naive
54228,46.959999999999994,Seasonal Naive
112723,0.0,Seasonal Naive
463413,79.42,Seasonal Naive
501855,8038.61,Seasonal Naive
8251,0.0,Seasonal Naive
108553,266.06,Seasonal Naive
68843,0.0,Seasonal Naive
24301,453.73999999999995,Seasonal Naive
111513,0.0,Seasonal Naive
190773,1933.2400000000002,Seasonal Naive
66753,0.0,Seasonal Naive
97032,1215.77,Seasonal Naive
145001,16053.56,Seasonal Naive
126835,223.78000000000003,Seasonal Naive
121055,0.0,Seasonal Naive
378524,5502.03,Seasonal Naive
70447,76.34,Seasonal Naive
360671,0.0,Seasonal Naive
167146,0.0,Seasonal Naive
125469,1910.4099999999999,Seasonal Naive
144160,0.0,Seasonal Naive
77768,0.0,Seasonal Naive
465856,0.0,Seasonal Naive
98225,0.0,Seasonal Naive
264542,0.0,Seasonal Naive
174198,0.0,Seasonal Naive
312841,1077.3500000000001,Seasonal Naive
17599,2214.23,Seasonal Naive
192667,227.52999999999997,Seasonal Naive
68841,0.0,Seasonal Naive
125633,0.0,Seasonal Naive
200592,0.0,Seasonal Naive
25248,0.0,Seasonal Naive
309244,1152.61,Seasonal Naive
230147,0.0,Seasonal Naive
123538,0.0,Seasonal Naive
177903,16.490000000000002,Seasonal Naive
169268,0.0,Seasonal Naive
134638,0.0,Seasonal Naive
167730,697.19,Seasonal Naive
18381,0.0,Seasonal Naive
314747,0.0,Seasonal Naive
47003,0.0,Seasonal Naive
411524,0.0,Seasonal Naive
324000,1585.06,Seasonal Naive
174237,0.0,Seasonal Naive
501672,90206.03,Seasonal Naive
7115,0.0,Seasonal Naive
225767,211.14,Seasonal Naive
100087,0.0,Seasonal Naive
105131,2117.63,Seasonal Naive
264514,86.44,Seasonal Naive
123753,0.0,Seasonal Naive
142064,0.0,Seasonal Naive
410837,0.0,Seasonal Naive
63514,217.86000000000004,Seasonal Naive
126349,11164.76,Seasonal Naive
246707,0.0,Seasonal Naive
145330,0.0,Seasonal Naive
16993,0.0,Seasonal Naive
402567,1399.46,Seasonal Naive
99880,1936.2399999999998,Seasonal Naive
87410,578.99,Seasonal Naive
43699,0.0,Seasonal Naive
82374,0.0,Seasonal Naive
30593,1481.45,Seasonal Naive
379557,626.4100000000001,Seasonal Naive
438586,263.38,Seasonal Naive
156570,0.0,Seasonal Naive
220264,0.0,Seasonal Naive
91353,0.0,Seasonal Naive
136595,30.35,Seasonal Naive
449982,7974.59,Seasonal Naive
58620,114.29000000000002,Seasonal Naive
298414,0.0,Seasonal Naive
125177,0.0,Seasonal Naive
9770,12.469999999999999,Seasonal Naive
163921,199.0,Seasonal Naive
124014,120.39,Seasonal Naive
169186,0.0,Seasonal Naive
189602,1.9400000000000002,Seasonal Naive
82158,0.0,Seasonal Naive
110940,0.0,Seasonal Naive
122785,111.49000000000001,Seasonal Naive
58619,15.389999999999999,Seasonal Naive
112632,0.0,Seasonal Naive
484624,12793.609999999999,Seasonal Naive
82923,740.1899999999999,Seasonal Naive
193278,89.78,Seasonal Naive
180862,39.71,Seasonal Naive
56082,156.51,Seasonal Naive
463519,67.51,Seasonal Naive
382759,2055.46,Seasonal Naive
111557,0.0,Seasonal Naive
35213,0.0,Seasonal Naive
299067,40945.91,Seasonal Naive
188118,100.25,Seasonal Naive
126275,421.14,Seasonal Naive
9805,23.56,Seasonal Naive
393185,0.0,Seasonal Naive
99308,0.0,Seasonal Naive
404465,0.0,Seasonal Naive
14011,0.0,Seasonal Naive
336347,181.89000000000001,Seasonal Naive
75670,0.0,Seasonal Naive
110072,0.0,Seasonal Naive
171428,692.75,Seasonal Naive
327664,3569.0499999999997,Seasonal Naive
111559,1702.35,Seasonal Naive
82973,0.0,Seasonal Naive
230221,1015.83,Seasonal Naive
129205,286.62,Seasonal Naive
328047,762.2900000000001,Seasonal Naive
221740,118.53,Seasonal Naive
144199,1660.2799999999997,Seasonal Naive
55406,0.0,Seasonal Naive
7581,0.0,Seasonal Naive
174197,0.0,Seasonal Naive
13615,514.7,Seasonal Naive
137256,0.0,Seasonal Naive
188151,0.0,Seasonal Naive
16992,0.0,Seasonal Naive
311814,9585.45,Seasonal Naive
44915,0.0,Seasonal Naive
82455,0.0,Seasonal Naive
4519,0.0,Seasonal Naive
62518,551.34,Seasonal Naive
188105,0.0,Seasonal Naive
135922,0.0,Seasonal Naive
228831,0.0,Seasonal Naive
453837,0.0,Seasonal Naive
71385,8.64,Seasonal Naive
10223,448.56,Seasonal Naive
470410,72.64,Seasonal Naive
91351,0.0,Seasonal Naive
112242,12666.549999999997,Seasonal Naive
127611,190.56,Seasonal Naive
35134,486.17999999999995,Seasonal Naive
16991,0.0,Seasonal Naive
520892,2326.23,Seasonal Naive
156572,1.1,Seasonal Naive
327327,0.0,Seasonal Naive
142142,2211.65,Seasonal Naive
62827,0.0,Seasonal Naive
172918,0.0,Seasonal Naive
112252,0.0,Seasonal Naive
326711,0.0,Seasonal Naive
93834,0.0,Seasonal Naive
66252,0.0,Seasonal Naive
125236,1273.3899999999999,Seasonal Naive
98298,1221.5,Seasonal Naive
292571,0.0,Seasonal Naive
149306,0.0,Seasonal Naive
112582,369512.16,Seasonal Naive
11621,0.0,Seasonal Naive
154683,0.0,Seasonal Naive
395251,0.0,Seasonal Naive
326849,0.0,Seasonal Naive
447996,0.0,Seasonal Naive
246710,0.0,Seasonal Naive
18954,0.0,Seasonal Naive
138406,0.0,Seasonal Naive
55031,44394.01999999999,Seasonal Naive
324174,0.0,Seasonal Naive
153618,595.84,Seasonal Naive
134013,0.0,Seasonal Naive
29020,463.2200000000001,Seasonal Naive
164770,71.0,Seasonal Naive
63075,1215.11,Seasonal Naive
427577,6377.380000000002,Seasonal Naive
84257,392.03999999999996,Seasonal Naive
297701,1272.9099999999999,Seasonal Naive
163920,0.0,Seasonal Naive
530038,14.17,Seasonal Naive
153360,0.0,Seasonal Naive
134963,1285.71,Seasonal Naive
334179,213.32999999999998,Seasonal Naive
6772,0.0,Seasonal Naive
171155,3686.13,Seasonal Naive
407101,0.0,Seasonal Naive
525010,14994.71,Seasonal Naive
107281,7759.379999999999,Seasonal Naive
174155,0.0,Seasonal Naive
189006,0.0,Seasonal Naive
288321,0.0,Seasonal Naive
161117,0.0,Seasonal Naive
89964,0.0,Seasonal Naive
411685,0.0,Seasonal Naive
128526,55.93,Seasonal Naive
484864,0.0,Seasonal Naive
429515,1449.41,Seasonal Naive
109046,0.0,Seasonal Naive
52416,0.0,Seasonal Naive
86105,0.0,Seasonal Naive
117530,419.42999999999995,Seasonal Naive
227251,0.0,Seasonal Naive
135089,1200.9799999999998,Seasonal Naive
429728,1050.8000000000002,Seasonal Naive
153340,0.0,Seasonal Naive
408374,29146.559999999998,Seasonal Naive
18569,0.0,Seasonal Naive
118289,0.0,Seasonal Naive
228839,0.0,Seasonal Naive
307192,169.68,Seasonal Naive
17803,9617.83,Seasonal Naive
62555,0.0,Seasonal Naive
121979,0.0,Seasonal Naive
66443,144.55,Seasonal Naive
292644,3082.0099999999998,Seasonal Naive
336696,0.0,Seasonal Naive
502008,0.12,Seasonal Naive
21122,0.0,Seasonal Naive
98839,0.0,Seasonal Naive
155298,0.0,Seasonal Naive
66929,1.52,Seasonal Naive
298410,0.0,Seasonal Naive
72047,504.36,Seasonal Naive
115023,0.0,Seasonal Naive
491213,573.57,Seasonal Naive
106026,0.0,Seasonal Naive
137823,0.0,Seasonal Naive
231136,0.0,Seasonal Naive
336105,0.0,Seasonal Naive
545635,45362.490000000005,Seasonal Naive
150789,331.61,Seasonal Naive
73446,0.0,Seasonal Naive
337103,263.15,Seasonal Naive
29403,0.0,Seasonal Naive
72048,815.3599999999999,Seasonal Naive
167729,697.87,Seasonal Naive
417253,85.28,Seasonal Naive
109791,0.0,Seasonal Naive
310403,269.67,Seasonal Naive
136130,0.0,Seasonal Naive
109984,0.0,Seasonal Naive
60016,770.0899999999999,Seasonal Naive
451343,149.28,Seasonal Naive
87499,0.0,Seasonal Naive
134976,1640.78,Seasonal Naive
86178,1850.41,Seasonal Naive
313620,0.0,Seasonal Naive
330810,0.0,Seasonal Naive
453905,0.0,Seasonal Naive
124741,32794.16,Seasonal Naive
4200,0.0,Seasonal Naive
500398,50210.21000000001,Seasonal Naive
233063,2.04,Seasonal Naive
310404,5.02,Seasonal Naive
80152,470.4599999999999,Seasonal Naive
107642,217.35,Seasonal Naive
201845,0.0,Seasonal Naive
17061,11.2,Seasonal Naive
86041,639.01,Seasonal Naive
305374,2.44,Seasonal Naive
379454,312.08000000000004,Seasonal Naive
390917,1985.39,Seasonal Naive
84779,465.09,Seasonal Naive
112055,0.0,Seasonal Naive
167645,0.0,Seasonal Naive
308736,0.0,Seasonal Naive
25785,0.0,Seasonal Naive
327232,0.0,Seasonal Naive
290984,2534.2799999999997,Seasonal Naive
305397,0.0,Seasonal Naive
312660,168.19,Seasonal Naive
88278,5591.08,Seasonal Naive
7400,3083.5499999999997,Seasonal Naive
112295,1420.76,Seasonal Naive
449164,91.39,Seasonal Naive
111877,0.0,Seasonal Naive
237433,0.0,Seasonal Naive
137684,0.0,Seasonal Naive
117836,1520.11,Seasonal Naive
33727,0.0,Seasonal Naive
83309,0.0,Seasonal Naive
94625,18237.4,Seasonal Naive
327546,0.0,Seasonal Naive
54615,734.1,Seasonal Naive
257708,0.0,Seasonal Naive
111082,0.0,Seasonal Naive
379559,947.5100000000001,Seasonal Naive
326609,701.1299999999999,Seasonal Naive
89237,0.0,Seasonal Naive
407099,0.0,Seasonal Naive
25359,224.35000000000002,Seasonal Naive
298296,158.32999999999998,Seasonal Naive
287289,71.84,Seasonal Naive
98223,0.0,Seasonal Naive
152411,0.0,Seasonal Naive
227610,7920.53,Seasonal Naive
102466,975.22,Seasonal Naive
9806,1.98,Seasonal Naive
64101,0.0,Seasonal Naive
427266,0.0,Seasonal Naive
134978,1688.38,Seasonal Naive
35135,239.0,Seasonal Naive
337231,391.22999999999996,Seasonal Naive
61615,0.0,Seasonal Naive
80151,1041.45,Seasonal Naive
13050,412.56999999999994,Seasonal Naive
74512,0.0,Seasonal Naive
325811,0.0,Seasonal Naive
11455,0.0,Seasonal Naive
118650,2255.3399999999997,Seasonal Naive
161314,300.54,Seasonal Naive
410835,0.0,Seasonal Naive
71988,0.0,Seasonal Naive
18173,5081.7699999999995,Seasonal Naive
125621,1015.6700000000001,Seasonal Naive
74268,1884.36,Seasonal Naive
167737,23652.94,Seasonal Naive
449165,128.37,Seasonal Naive
434921,73.58000000000001,Seasonal Naive
41200,50.32,Seasonal Naive
99349,766.6,Seasonal Naive
404739,0.0,Seasonal Naive
201849,0.0,Seasonal Naive
25786,0.0,Seasonal Naive
188957,13013.14,Seasonal Naive
44550,0.0,Seasonal Naive
167593,864.65,Seasonal Naive
315577,0.0,Seasonal Naive
112279,59.53,Seasonal Naive
153341,2399.71,Seasonal Naive
38283,2.88,Seasonal Naive
439213,99.37,Seasonal Naive
134977,1561.6399999999999,Seasonal Naive
307038,0.74,Seasonal Naive
105624,0.0,Seasonal Naive
127293,0.0,Seasonal Naive
201846,0.0,Seasonal Naive
297634,1.63,Seasonal Naive
283701,140.0,Seasonal Naive
141434,0.0,Seasonal Naive
188483,998.72,Seasonal Naive
187687,346.8299999999999,Seasonal Naive
507633,8590.8,Seasonal Naive
110678,704.2500000000001,Seasonal Naive
352776,252.43000000000004,Seasonal Naive
443798,329.32,Seasonal Naive
421619,1281.6799999999998,Seasonal Naive
150778,73.75,Seasonal Naive
179694,0.0,Seasonal Naive
112797,2762.1200000000003,Seasonal Naive
316528,6951.95,Seasonal Naive
152423,0.0,Seasonal Naive
229223,479.96000000000004,Seasonal Naive
97137,0.0,Seasonal Naive
13488,3672.1100000000006,Seasonal Naive
194711,2096.75,Seasonal Naive
156569,1.01,Seasonal Naive
492731,1.63,Seasonal Naive
365036,17420.82,Seasonal Naive
126295,6809.5199999999995,Seasonal Naive
8925,7670.670000000001,Seasonal Naive
230159,0.0,Seasonal Naive
94954,0.0,Seasonal Naive
31470,0.0,Seasonal Naive
47424,0.0,Seasonal Naive
500916,11069.529999999999,Seasonal Naive
445158,225.23,Seasonal Naive
109817,1568.11,Seasonal Naive
378519,3570.4600000000005,Seasonal Naive
68730,0.63,Seasonal Naive
166015,0.0,Seasonal Naive
40541,688.9400000000002,Seasonal Naive
84182,0.0,Seasonal Naive
72059,0.0,Seasonal Naive
105583,799.34,Seasonal Naive
141433,0.0,Seasonal Naive
511564,0.0,Seasonal Naive
79010,0.0,Seasonal Naive
180863,341.39,Seasonal Naive
327352,0.0,Seasonal Naive
99925,0.0,Seasonal Naive
75709,0.47,Seasonal Naive
500252,2209501.09,Seasonal Naive
80292,0.0,Seasonal Naive
30595,1665.56,Seasonal Naive
20801,0.0,Seasonal Naive
6555,0.0,Seasonal Naive
76987,0.0,Seasonal Naive
427872,0.0,Seasonal Naive
30123,0.0,Seasonal Naive
231080,6360.72,Seasonal Naive
281488,153.56,Seasonal Naive
336523,2907.32,Seasonal Naive
107295,0.0,Seasonal Naive
39954,48.11,Seasonal Naive
111512,0.0,Seasonal Naive
90401,5979.249999999999,Seasonal Naive
144196,14.1,Seasonal Naive
118212,1898.09,Seasonal Naive
110825,0.0,Seasonal Naive
91619,1038.3,Seasonal Naive
41196,7.16,Seasonal Naive
400572,0.0,Seasonal Naive
511568,0.0,Seasonal Naive
129262,169.52,Seasonal Naive
325909,191.01,Seasonal Naive
62516,213.48,Seasonal Naive
84170,864.79,Seasonal Naive
76990,0.0,Seasonal Naive
435339,504.51,Seasonal Naive
430442,1922.0599999999997,Seasonal Naive
500984,367302.64999999997,Seasonal Naive
410726,73.45,Seasonal Naive
76144,8899.46,Seasonal Naive
23088,953.31,Seasonal Naive
45543,9.68,Seasonal Naive
145639,8.42,Seasonal Naive
191631,1472.58,Seasonal Naive
152407,0.0,Seasonal Naive
336535,30992.840000000004,Seasonal Naive
2001,0.0,Seasonal Naive
35211,0.0,Seasonal Naive
156425,177.56000000000003,Seasonal Naive
309769,0.0,Seasonal Naive
55334,2241.03,Seasonal Naive
123534,0.0,Seasonal Naive
66930,0.0,Seasonal Naive
11349,690.59,Seasonal Naive
97863,0.0,Seasonal Naive
188063,0.0,Seasonal Naive
11937,1556.4900000000002,Seasonal Naive
356590,0.0,Seasonal Naive
106028,0.0,Seasonal Naive
392865,1247.77,Seasonal Naive
111081,0.0,Seasonal Naive
121146,0.0,Seasonal Naive
181705,0.0,Seasonal Naive
267000,1899.78,Seasonal Naive
52409,0.0,Seasonal Naive
326812,142.63,Seasonal Naive
501544,38066.439999999995,Seasonal Naive
202134,0.0,Seasonal Naive
327859,38.95,Seasonal Naive
112749,0.0,Seasonal Naive
465855,8.6,Seasonal Naive
113467,0.0,Seasonal Naive
29023,0.0,Seasonal Naive
21782,65.97,Seasonal Naive
443910,23.25,Seasonal Naive
71990,0.0,Seasonal Naive
402697,0.0,Seasonal Naive
394023,818.6899999999998,Seasonal Naive
444020,1588.0,Seasonal Naive
363677,0.0,Seasonal Naive
291004,1489.0900000000001,Seasonal Naive
363811,0.0,Seasonal Naive
402694,0.0,Seasonal Naive
49220,10262.66,Seasonal Naive
69944,2037.25,Seasonal Naive
77021,0.0,Seasonal Naive
538772,0.0,Seasonal Naive
305375,2.0,Seasonal Naive
54756,1336.9199999999998,Seasonal Naive
226041,0.0,Seasonal Naive
121214,477.17999999999995,Seasonal Naive
66460,1067.96,Seasonal Naive
40916,355.82000000000005,Seasonal Naive
137484,618.83,Seasonal Naive
31671,1491.4299999999998,Seasonal Naive
154473,1618.3900000000003,Seasonal Naive
56055,936.54,Seasonal Naive
107895,0.0,Seasonal Naive
452117,9836.51,Seasonal Naive
80092,311.18,Seasonal Naive
83886,730.6499999999999,Seasonal Naive
5323,23029.750000000004,Seasonal Naive
64586,0.0,Seasonal Naive
169185,0.0,Seasonal Naive
126348,0.0,Seasonal Naive
180413,0.0,Seasonal Naive
124335,0.0,Seasonal Naive
117834,561.4,Seasonal Naive
71438,0.0,Seasonal Naive
156414,16271.029999999999,Seasonal Naive
62520,788.17,Seasonal Naive
200598,496.66999999999996,Seasonal Naive
74192,0.0,Seasonal Naive
520891,1930.77,Seasonal Naive
5421,0.0,Seasonal Naive
111780,2549.3399999999997,Seasonal Naive
128680,0.0,Seasonal Naive
438677,0.0,Seasonal Naive
74216,3.1500000000000004,Seasonal Naive
292545,299.38,Seasonal Naive
3363,4182.36,Seasonal Naive
404570,0.0,Seasonal Naive
273017,0.0,Seasonal Naive
309239,447.05,Seasonal Naive
402602,0.0,Seasonal Naive
222110,0.0,Seasonal Naive
190530,2562.09,Seasonal Naive
292578,6958.589999999999,Seasonal Naive
117774,0.0,Seasonal Naive
80300,4170.280000000001,Seasonal Naive
77371,991.3600000000001,Seasonal Naive
35673,31.71,Seasonal Naive
82154,221.69,Seasonal Naive
85322,5688.44,Seasonal Naive
30594,2187.9,Seasonal Naive
110760,0.0,Seasonal Naive
89238,0.0,Seasonal Naive
446005,0.0,Seasonal Naive
88254,863.54,Seasonal Naive
183767,0.0,Seasonal Naive
325077,308.23,Seasonal Naive
267004,0.0,Seasonal Naive
379558,1490.12,Seasonal Naive
21807,1177.23,Seasonal Naive
486003,414.37,Seasonal Naive
50445,0.0,Seasonal Naive
183760,0.0,Seasonal Naive
30306,0.0,Seasonal Naive
94572,0.0,Seasonal Naive
167731,514.67,Seasonal Naive
55033,33627.71,Seasonal Naive
438581,88.30000000000001,Seasonal Naive
264486,363.65999999999997,Seasonal Naive
77246,695.18,Seasonal Naive
45545,19.69,Seasonal Naive
149102,0.0,Seasonal Naive
288322,0.0,Seasonal Naive
45473,0.0,Seasonal Naive
178290,0.0,Seasonal Naive
141576,0.0,Seasonal Naive
55977,1.18,Seasonal Naive
75677,0.0,Seasonal Naive
363648,0.0,Seasonal Naive
124483,1360.34,Seasonal Naive
121400,1.07,Seasonal Naive
196792,2274.33,Seasonal Naive
394479,1159.8,Seasonal Naive
77761,0.0,Seasonal Naive
153261,697.8100000000001,Seasonal Naive
305400,0.0,Seasonal Naive
118291,0.81,Seasonal Naive
336584,0.0,Seasonal Naive
443882,1019.58,Seasonal Naive
40917,0.0,Seasonal Naive
307191,215.26000000000002,Seasonal Naive
117835,2048.25,Seasonal Naive
421663,12656.51,Seasonal Naive
80138,2203.94,Seasonal Naive
187747,12992.390000000001,Seasonal Naive
412557,665.33,Seasonal Naive
88002,0.0,Seasonal Naive
275390,0.0,Seasonal Naive
115654,448.59,Seasonal Naive
407037,20.240000000000002,Seasonal Naive
506218,5889.919999999999,Seasonal Naive
29989,0.0,Seasonal Naive
3760,15191.83,Seasonal Naive
316925,0.0,Seasonal Naive
316968,0.0,Seasonal Naive
93711,0.0,Seasonal Naive
84794,1556.9499999999998,Seasonal Naive
503913,373.81000000000006,Seasonal Naive
190529,2136.8999999999996,Seasonal Naive
44909,0.0,Seasonal Naive
149111,0.0,Seasonal Naive
126272,0.0,Seasonal Naive
161528,0.0,Seasonal Naive
51055,0.0,Seasonal Naive
189046,0.0,Seasonal Naive
427198,1973.0299999999997,Seasonal Naive
348794,0.0,Seasonal Naive
410772,0.0,Seasonal Naive
3526,184.24000000000004,Seasonal Naive
225959,0.0,Seasonal Naive
134982,1674.98,Seasonal Naive
453847,1060.9299999999998,Seasonal Naive
54230,25.85,Seasonal Naive
379554,608.9000000000001,Seasonal Naive
135088,350.34000000000003,Seasonal Naive
79499,0.0,Seasonal Naive
4946,3.9299999999999997,Seasonal Naive
5444,0.0,Seasonal Naive
104972,0.0,Seasonal Naive
404973,444.72,Seasonal Naive
93705,0.0,Seasonal Naive
229384,0.0,Seasonal Naive
4741,0.0,Seasonal Naive
492734,2.22,Seasonal Naive
177902,0.0,Seasonal Naive
309742,2094.55,Seasonal Naive
138427,0.0,Seasonal Naive
438414,6067.660000000001,Seasonal Naive
171224,2014.23,Seasonal Naive
530039,1632.9699999999998,Seasonal Naive
122485,1345.98,Seasonal Naive
38247,607.5799999999999,Seasonal Naive
31095,0.0,Seasonal Naive
348706,0.0,Seasonal Naive
484303,16790.23,Seasonal Naive
122449,571.84,Seasonal Naive
98221,827.4900000000001,Seasonal Naive
379556,1152.1599999999999,Seasonal Naive
230068,0.0,Seasonal Naive
49630,1151.48,Seasonal Naive
111991,12.9,Seasonal Naive
21329,277.53000000000003,Seasonal Naive
326037,0.0,Seasonal Naive
137485,1304.92,Seasonal Naive
19709,1613.7000000000003,Seasonal Naive
373838,0.0,Seasonal Naive
438269,0.0,Seasonal Naive
11460,66.2,Seasonal Naive
136590,542.09,Seasonal Naive
411714,0.0,Seasonal Naive
77281,0.0,Seasonal Naive
68032,95.39,Seasonal Naive
150774,182.41000000000003,Seasonal Naive
83566,3196.6399999999994,Seasonal Naive
33087,0.0,Seasonal Naive
44784,0.0,Seasonal Naive
525013,22665.300000000003,Seasonal Naive
414276,0.0,Seasonal Naive
72652,0.0,Seasonal Naive
91355,0.0,Seasonal Naive
411929,2975.51,Seasonal Naive
257445,2063.04,Seasonal Naive
316594,0.0,Seasonal Naive
251049,0.0,Seasonal Naive
136592,52.73,Seasonal Naive
129201,2485.8999999999996,Seasonal Naive
337144,4413.71,Seasonal Naive
156564,1964.0100000000002,Seasonal Naive
178173,1200.95,Seasonal Naive
414271,2.26,Seasonal Naive
181706,0.0,Seasonal Naive
438603,0.0,Seasonal Naive
494143,0.0,Seasonal Naive
348791,0.0,Seasonal Naive
8258,594.37,Seasonal Naive
76573,0.0,Seasonal Naive
141444,0.0,Seasonal Naive
326016,0.0,Seasonal Naive
482505,0.0,Seasonal Naive
75906,99.91,Seasonal Naive
5007,127.18999999999998,Seasonal Naive
412491,0.14,Seasonal Naive
68639,3.31,Seasonal Naive
112283,2.19,Seasonal Naive
134987,2272.47,Seasonal Naive
99496,1539.95,Seasonal Naive
446064,0.0,Seasonal Naive
113069,0.0,Seasonal Naive
414359,16391.140000000003,Seasonal Naive
7779,0.0,Seasonal Naive
448930,103.61,Seasonal Naive
738,180.97000000000003,Seasonal Naive
411935,0.0,Seasonal Naive
394481,5406.999999999999,Seasonal Naive
75228,0.0,Seasonal Naive
31589,0.0,Seasonal Naive
57085,0.0,Seasonal Naive
87404,5487.719999999999,Seasonal Naive
153289,1874.5000000000002,Seasonal Naive
105957,2814.92,Seasonal Naive
68842,0.0,Seasonal Naive
185317,0.0,Seasonal Naive
91765,1326.11,Seasonal Naive
500528,605921.9099999999,Seasonal Naive
337071,1095.03,Seasonal Naive
73438,0.0,Seasonal Naive
127295,0.0,Seasonal Naive
89438,0.0,Seasonal Naive
19719,3388.56,Seasonal Naive
500826,710.0500000000001,Seasonal Naive
7953,459.69999999999993,Seasonal Naive
16471,0.0,Seasonal Naive
128430,1207.7699999999998,Seasonal Naive
79251,0.0,Seasonal Naive
429513,3372.49,Seasonal Naive
40053,0.0,Seasonal Naive
11465,0.0,Seasonal Naive
183753,0.0,Seasonal Naive
402606,191.22,Seasonal Naive
514,455.78,Seasonal Naive
326778,0.0,Seasonal Naive
112640,0.0,Seasonal Naive
167666,0.0,Seasonal Naive
115025,0.0,Seasonal Naive
167153,50319.3,Seasonal Naive
503144,6375.45,Seasonal Naive
296853,754.1999999999999,Seasonal Naive
119825,0.0,Seasonal Naive
104442,0.0,Seasonal Naive
169152,0.0,Seasonal Naive
79284,5534.37,Seasonal Naive
347430,0.06999999999999999,Seasonal Naive
24718,9452.96,Seasonal Naive
126465,0.0,Seasonal Naive
273095,0.0,Seasonal Naive
23799,0.01,Seasonal Naive
54758,4601.969999999999,Seasonal Naive
74443,546.28,Seasonal Naive
27968,301.93000000000006,Seasonal Naive
331622,0.0,Seasonal Naive
36862,0.0,Seasonal Naive
431343,12190.410000000002,Seasonal Naive
288319,4627.03,Seasonal Naive
21159,0.0,Seasonal Naive
201853,0.0,Seasonal Naive
435648,194.41,Seasonal Naive
33722,0.0,Seasonal Naive
112255,0.0,Seasonal Naive
448035,7119.609999999999,Seasonal Naive
288290,0.0,Seasonal Naive
6293,0.0,Seasonal Naive
309184,0.0,Seasonal Naive
81880,0.0,Seasonal Naive
85691,1498.39,Seasonal Naive
112936,2402.56,Seasonal Naive
229222,0.0,Seasonal Naive
18529,0.0,Seasonal Naive
126053,6962.1,Seasonal Naive
187700,0.0,Seasonal Naive
70319,0.0,Seasonal Naive
62553,0.0,Seasonal Naive
336522,14496.539999999997,Seasonal Naive
136588,0.0,Seasonal Naive
402605,262.74,Seasonal Naive
408379,0.0,Seasonal Naive
54799,0.0,Seasonal Naive
51058,6117.18,Seasonal Naive
540632,0.49000000000000005,Seasonal Naive
174920,2018.78,Seasonal Naive
440855,74641.24999999999,Seasonal Naive
19508,846.6300000000001,Seasonal Naive
134012,0.0,Seasonal Naive
136596,105.17,Seasonal Naive
146512,0.0,Seasonal Naive
283801,0.0,Seasonal Naive
43898,0.0,Seasonal Naive
126270,1.1500000000000001,Seasonal Naive
36570,6490.279999999999,Seasonal Naive
391343,826.4100000000001,Seasonal Naive
82056,0.0,Seasonal Naive
144091,784.6200000000001,Seasonal Naive
12266,1759.72,Seasonal Naive
161383,4021.03,Seasonal Naive
470404,11028.33,Seasonal Naive
51209,11.15,Seasonal Naive
131251,236.85,Seasonal Naive
174911,2699.11,Seasonal Naive
305462,1357.78,Seasonal Naive
141440,0.0,Seasonal Naive
47067,194.57000000000002,Seasonal Naive
448224,813.96,Seasonal Naive
32513,687.1,Seasonal Naive
430436,9494.109999999999,Seasonal Naive
93453,0.0,Seasonal Naive
79241,0.0,Seasonal Naive
325046,7672.74,Seasonal Naive
389677,0.0,Seasonal Naive
404474,1287.13,Seasonal Naive
136593,45.769999999999996,Seasonal Naive
48813,1286.7500000000002,Seasonal Naive
393218,0.0,Seasonal Naive
402195,941.9699999999999,Seasonal Naive
152424,935.6500000000001,Seasonal Naive
169223,0.0,Seasonal Naive
174259,7019.68,Seasonal Naive
308565,5185.62,Seasonal Naive
105986,0.0,Seasonal Naive
98235,65.75,Seasonal Naive
156604,0.0,Seasonal Naive
430441,2614.41,Seasonal Naive
485637,9075.36,Seasonal Naive
230055,44169.78999999999,Seasonal Naive
50549,6757.21,Seasonal Naive
108192,0.0,Seasonal Naive
479899,18048.469999999998,Seasonal Naive
330798,0.0,Seasonal Naive
198136,10837.630000000001,Seasonal Naive
175485,0.0,Seasonal Naive
431349,18157.62,Seasonal Naive
407197,1015.6300000000001,Seasonal Naive
3789,1372.69,Seasonal Naive
50166,0.0,Seasonal Naive
28762,0.0,Seasonal Naive
392598,0.0,Seasonal Naive
4048,0.0,Seasonal Naive
12998,2578.54,Seasonal Naive
4711,0.0,Seasonal Naive
309243,3503.36,Seasonal Naive
292549,44960.259999999995,Seasonal Naive
423696,5941.68,Seasonal Naive
6475,453.14,Seasonal Naive
112599,0.0,Seasonal Naive
6388,0.0,Seasonal Naive
28223,8309.15,Seasonal Naive
86088,0.0,Seasonal Naive
169533,0.0,Seasonal Naive
337069,804.2099999999999,Seasonal Naive
79501,0.0,Seasonal Naive
84793,1654.4799999999998,Seasonal Naive
389731,2436.2499999999995,Seasonal Naive
294671,0.87,Seasonal Naive
231141,0.0,Seasonal Naive
326252,34387.869999999995,Seasonal Naive
504675,0.0,Seasonal Naive
434914,0.0,Seasonal Naive
165994,1727.14,Seasonal Naive
423330,1.82,Seasonal Naive
183803,0.0,Seasonal Naive
12659,742.6700000000001,Seasonal Naive
75085,0.0,Seasonal Naive
327214,1906.9,Seasonal Naive
102896,0.0,Seasonal Naive
443817,3.85,Seasonal Naive
134979,2559.0499999999997,Seasonal Naive
88295,3124.09,Seasonal Naive
389531,0.0,Seasonal Naive
129199,2400.86,Seasonal Naive
123624,3138.48,Seasonal Naive
6038,126.01,Seasonal Naive
92158,4852.89,Seasonal Naive
188915,0.0,Seasonal Naive
378119,6311.08,Seasonal Naive
89505,0.0,Seasonal Naive
72399,0.0,Seasonal Naive
66260,0.74,Seasonal Naive
515766,4052.77,Seasonal Naive
82153,879.2,Seasonal Naive
228824,0.0,Seasonal Naive
28188,2933.2999999999993,Seasonal Naive
83268,0.0,Seasonal Naive
5958,573.8499999999999,Seasonal Naive
29308,2597.2000000000003,Seasonal Naive
6936,1223.6599999999999,Seasonal Naive
19777,536.75,Seasonal Naive
80288,965.88,Seasonal Naive
317320,2852.84,Seasonal Naive
84674,1411.4499999999998,Seasonal Naive
84253,308.48,Seasonal Naive
239543,0.0,Seasonal Naive
92251,66.6,Seasonal Naive
23607,6793.849999999999,Seasonal Naive
145423,0.0,Seasonal Naive
90342,0.0,Seasonal Naive
55182,0.0,Seasonal Naive
498207,7771.2,Seasonal Naive
307575,0.0,Seasonal Naive
94618,0.0,Seasonal Naive
122490,1567.12,Seasonal Naive
104964,500.59000000000003,Seasonal Naive
124253,0.0,Seasonal Naive
49597,0.0,Seasonal Naive
453954,31315.380000000005,Seasonal Naive
449163,454.63,Seasonal Naive
188068,0.0,Seasonal Naive
86056,2314.84,Seasonal Naive
187186,1360.01,Seasonal Naive
112672,0.0,Seasonal Naive
149232,1344.27,Seasonal Naive
32327,0.0,Seasonal Naive
290981,1039.3,Seasonal Naive
36799,0.0,Seasonal Naive
112250,15742.86,Seasonal Naive
187610,1035.58,Seasonal Naive
163570,5195.8,Seasonal Naive
74300,3212.06,Seasonal Naive
550085,0.0,Seasonal Naive
438222,0.0,Seasonal Naive
32345,18135.960000000003,Seasonal Naive
310526,0.0,Seasonal Naive
66442,76.91999999999999,Seasonal Naive
336106,0.0,Seasonal Naive
74818,0.0,Seasonal Naive
48675,1384.75,Seasonal Naive
54730,70.56,Seasonal Naive
394022,717.86,Seasonal Naive
79599,0.0,Seasonal Naive
406975,0.0,Seasonal Naive
84778,2135.31,Seasonal Naive
76917,0.0,Seasonal Naive
485545,41236.05,Seasonal Naive
128422,2908.4300000000003,Seasonal Naive
31745,3028.72,Seasonal Naive
98565,0.0,Seasonal Naive
2010,2003.18,Seasonal Naive
443815,6.260000000000001,Seasonal Naive
128409,8.86,Seasonal Naive
309743,1542.9,Seasonal Naive
362379,9767.530000000002,Seasonal Naive
442799,589.81,Seasonal Naive
111067,0.0,Seasonal Naive
410667,0.0,Seasonal Naive
19505,1141.18,Seasonal Naive
352934,5703.299999999999,Seasonal Naive
44783,0.0,Seasonal Naive
187605,300.96,Seasonal Naive
327955,7216.16,Seasonal Naive
344131,0.0,Seasonal Naive
4780,4341.86,Seasonal Naive
434862,284.46000000000004,Seasonal Naive
183750,0.0,Seasonal Naive
19633,5128.709999999999,Seasonal Naive
66447,549.55,Seasonal Naive
71586,305.34000000000003,Seasonal Naive
70296,0.0,Seasonal Naive
402743,0.25,Seasonal Naive
407103,0.0,Seasonal Naive
503400,27771.02,Seasonal Naive
66668,904.8299999999999,Seasonal Naive
134423,0.0,Seasonal Naive
438673,0.0,Seasonal Naive
99498,0.0,Seasonal Naive
174139,2472.7,Seasonal Naive
84174,0.0,Seasonal Naive
4956,0.0,Seasonal Naive
307036,0.0,Seasonal Naive
21256,209.07000000000002,Seasonal Naive
155842,0.0,Seasonal Naive
44049,0.0,Seasonal Naive
70318,0.0,Seasonal Naive
231078,11547.720000000001,Seasonal Naive
112032,0.0,Seasonal Naive
98234,196.8,Seasonal Naive
44536,0.0,Seasonal Naive
146511,0.0,Seasonal Naive
337048,61.989999999999995,Seasonal Naive
306344,1869.5800000000002,Seasonal Naive
324247,0.0,Seasonal Naive
164904,4627.110000000001,Seasonal Naive
144024,275.14,Seasonal Naive
352930,0.0,Seasonal Naive
48811,4336.78,Seasonal Naive
5673,0.0,Seasonal Naive
189077,0.0,Seasonal Naive
167109,0.0,Seasonal Naive
330609,13909.15,Seasonal Naive
337186,0.0,Seasonal Naive
314721,83.0,Seasonal Naive
20990,2593.8599999999997,Seasonal Naive
7850,0.0,Seasonal Naive
141019,734.1700000000001,Seasonal Naive
38167,0.0,Seasonal Naive
430437,5106.450000000001,Seasonal Naive
65756,0.0,Seasonal Naive
26277,0.0,Seasonal Naive
429387,0.0,Seasonal Naive
139502,144679.43,Seasonal Naive
90344,0.0,Seasonal Naive
438411,9028.17,Seasonal Naive
485667,3424.9,Seasonal Naive
431464,0.0,Seasonal Naive
14072,99.17999999999999,Seasonal Naive
446735,0.0,Seasonal Naive
25498,0.0,Seasonal Naive
92275,0.0,Seasonal Naive
444021,6586.869999999999,Seasonal Naive
134972,2812.0699999999997,Seasonal Naive
105126,3743.22,Seasonal Naive
480995,5047.15,Seasonal Naive
76763,1215.4399999999998,Seasonal Naive
324044,0.0,Seasonal Naive
189604,0.0,Seasonal Naive
99984,2645.4199999999996,Seasonal Naive
105599,2064.8800000000006,Seasonal Naive
379555,545.5699999999998,Seasonal Naive
161020,3542.38,Seasonal Naive
134983,2952.39,Seasonal Naive
90461,0.0,Seasonal Naive
26526,5950.09,Seasonal Naive
142323,1864.89,Seasonal Naive
414367,0.0,Seasonal Naive
42012,0.0,Seasonal Naive
324028,29039.539999999997,Seasonal Naive
79242,0.0,Seasonal Naive
443240,0.0,Seasonal Naive
82459,0.0,Seasonal Naive
410751,3681.92,Seasonal Naive
438224,0.0,Seasonal Naive
29410,8710.95,Seasonal Naive
446994,3678.3199999999997,Seasonal Naive
141020,1851.7499999999998,Seasonal Naive
440450,686.74,Seasonal Naive
129429,0.0,Seasonal Naive
33476,1651.9,Seasonal Naive
462672,2.9400000000000004,Seasonal Naive
406473,2737.94,Seasonal Naive
94727,2090.29,Seasonal Naive
71427,8658.76,Seasonal Naive
453840,41.49,Seasonal Naive
512470,30942.77,Seasonal Naive
324042,398.80000000000007,Seasonal Naive
390234,2722.5800000000004,Seasonal Naive
22902,0.0,Seasonal Naive
19513,1485.38,Seasonal Naive
443544,1521.11,Seasonal Naive
93860,2965.2099999999996,Seasonal Naive
303464,0.0,Seasonal Naive
434785,48992.14,Seasonal Naive
43698,0.0,Seasonal Naive
389656,0.0,Seasonal Naive
82449,0.0,Seasonal Naive
90072,1947.3199999999997,Seasonal Naive
410698,3688.04,Seasonal Naive
404632,106.38,Seasonal Naive
188176,0.0,Seasonal Naive
99350,6643.38,Seasonal Naive
486199,0.0,Seasonal Naive
316917,3031.3500000000004,Seasonal Naive
183116,370.31,Seasonal Naive
28580,381.88,Seasonal Naive
407199,0.0,Seasonal Naive
106057,714.6999999999999,Seasonal Naive
85300,0.0,Seasonal Naive
110791,392.12999999999994,Seasonal Naive
93054,1052.09,Seasonal Naive
325095,0.0,Seasonal Naive
88529,2199.46,Seasonal Naive
136591,72.44999999999999,Seasonal Naive
126259,1603.49,Seasonal Naive
98237,974.8100000000001,Seasonal Naive
298431,0.0,Seasonal Naive
406654,288.73999999999995,Seasonal Naive
121156,0.0,Seasonal Naive
89239,0.0,Seasonal Naive
111117,0.0,Seasonal Naive
382719,3632.36,Seasonal Naive
438181,8115.89,Seasonal Naive
166679,64.30999999999999,Seasonal Naive
326747,71072.24,Seasonal Naive
42013,0.0,Seasonal Naive
294657,3832.9999999999995,Seasonal Naive
361941,0.0,Seasonal Naive
174238,19069.13,Seasonal Naive
107572,0.0,Seasonal Naive
40511,1072.42,Seasonal Naive
352810,137537.65000000002,Seasonal Naive
80070,0.0,Seasonal Naive
438105,14147.41,Seasonal Naive
113074,5783.110000000001,Seasonal Naive
287245,41.080000000000005,Seasonal Naive
308552,0.0,Seasonal Naive
4811,6203.650000000001,Seasonal Naive
479900,1473.03,Seasonal Naive
289640,22869.14,Seasonal Naive
141640,0.0,Seasonal Naive
292552,37798.26,Seasonal Naive
161900,0.0,Seasonal Naive
478156,1455.85,Seasonal Naive
108551,2.44,Seasonal Naive
109059,0.0,Seasonal Naive
362304,2925.3399999999997,Seasonal Naive
5230,265.01000000000005,Seasonal Naive
48259,0.0,Seasonal Naive
44832,0.0,Seasonal Naive
440858,103080.62,Seasonal Naive
188029,1510.56,Seasonal Naive
99740,4315.69,Seasonal Naive
59819,0.0,Seasonal Naive
38240,3090.7500000000005,Seasonal Naive
416643,103.99,Seasonal Naive
500827,3166.8399999999997,Seasonal Naive
192666,696.8100000000001,Seasonal Naive
128678,0.0,Seasonal Naive
443334,31.18,Seasonal Naive
147028,11019.23,Seasonal Naive
64261,0.0,Seasonal Naive
230328,0.0,Seasonal Naive
307582,10.120000000000001,Seasonal Naive
80069,0.0,Seasonal Naive
19234,0.0,Seasonal Naive
26473,3070.7100000000005,Seasonal Naive
407049,107.77999999999999,Seasonal Naive
538773,75689.45,Seasonal Naive
111891,2116.0800000000004,Seasonal Naive
134635,0.0,Seasonal Naive
71342,0.0,Seasonal Naive
19512,1303.8899999999999,Seasonal Naive
152466,10.57,Seasonal Naive
178716,1689.21,Seasonal Naive
137463,0.0,Seasonal Naive
306346,3003.7200000000003,Seasonal Naive
294415,0.0,Seasonal Naive
40483,0.0,Seasonal Naive
486200,0.0,Seasonal Naive
79334,935.36,Seasonal Naive
134988,4690.32,Seasonal Naive
136594,58.84,Seasonal Naive
134973,3113.77,Seasonal Naive
6094,0.0,Seasonal Naive
193463,0.0,Seasonal Naive
5404,3921.77,Seasonal Naive
389744,2211.5899999999997,Seasonal Naive
112806,2261.6,Seasonal Naive
39311,87.12,Seasonal Naive
88305,0.0,Seasonal Naive
11928,1135.66,Seasonal Naive
86179,5648.01,Seasonal Naive
294371,0.0,Seasonal Naive
29503,9881.73,Seasonal Naive
122362,0.0,Seasonal Naive
240771,120588.21999999999,Seasonal Naive
407105,1605.0800000000002,Seasonal Naive
292645,2756.9700000000003,Seasonal Naive
184844,97175.2,Seasonal Naive
7843,3242.3900000000003,Seasonal Naive
75794,0.0,Seasonal Naive
431339,24852.93,Seasonal Naive
325637,4215.1900000000005,Seasonal Naive
11464,0.0,Seasonal Naive
129261,1060.67,Seasonal Naive
183758,0.0,Seasonal Naive
108326,4.93,Seasonal Naive
486197,0.0,Seasonal Naive
443772,6938.9400000000005,Seasonal Naive
512478,82249.65999999999,Seasonal Naive
316932,3591.92,Seasonal Naive
486202,0.0,Seasonal Naive
145651,0.0,Seasonal Naive
84175,0.0,Seasonal Naive
280752,5776.749999999999,Seasonal Naive
494144,0.0,Seasonal Naive
155789,1705.9700000000003,Seasonal Naive
98217,0.0,Seasonal Naive
9149,768.77,Seasonal Naive
296701,0.0,Seasonal Naive
183755,0.0,Seasonal Naive
121181,0.0,Seasonal Naive
230067,0.0,Seasonal Naive
3361,5193.549999999999,Seasonal Naive
153595,2492.48,Seasonal Naive
407961,9.36,Seasonal Naive
125456,727.8200000000002,Seasonal Naive
109070,125.95,Seasonal Naive
194713,9072.97,Seasonal Naive
179853,0.0,Seasonal Naive
404669,15778.239999999998,Seasonal Naive
12468,6098.219999999999,Seasonal Naive
404343,594.21,Seasonal Naive
44708,0.0,Seasonal Naive
400571,0.0,Seasonal Naive
174064,39750.450000000004,Seasonal Naive
54965,0.0,Seasonal Naive
139510,87540.4,Seasonal Naive
348807,10386.999999999998,Seasonal Naive
95233,2261.6,Seasonal Naive
264570,0.0,Seasonal Naive
126300,0.0,Seasonal Naive
438220,0.0,Seasonal Naive
84179,0.0,Seasonal Naive
141016,2117.01,Seasonal Naive
169271,0.5,Seasonal Naive
183747,0.0,Seasonal Naive
352831,3708.0200000000004,Seasonal Naive
503390,0.0,Seasonal Naive
178697,3666.79,Seasonal Naive
83308,0.0,Seasonal Naive
292108,0.0,Seasonal Naive
104008,33.84,Seasonal Naive
50274,0.0,Seasonal Naive
296702,1467.58,Seasonal Naive
20640,0.0,Seasonal Naive
119950,48.239999999999995,Seasonal Naive
294768,7633.49,Seasonal Naive
454151,1871.12,Seasonal Naive
127265,2212.87,Seasonal Naive
390239,0.0,Seasonal Naive
44085,71029.71,Seasonal Naive
12018,0.0,Seasonal Naive
20570,10.15,Seasonal Naive
453893,11804.339999999998,Seasonal Naive
76136,0.0,Seasonal Naive
285432,6905.040000000001,Seasonal Naive
331746,8333.13,Seasonal Naive
77392,1081.45,Seasonal Naive
265246,0.0,Seasonal Naive
19829,0.0,Seasonal Naive
7300,594.4200000000001,Seasonal Naive
234796,0.0,Seasonal Naive
117663,0.0,Seasonal Naive
133970,0.0,Seasonal Naive
24086,1375.95,Seasonal Naive
57086,0.0,Seasonal Naive
106027,6691.679999999999,Seasonal Naive
378800,148.01000000000002,Seasonal Naive
94725,0.0,Seasonal Naive
176038,1943.46,Seasonal Naive
313635,0.0,Seasonal Naive
136707,1001.74,Seasonal Naive
161423,0.0,Seasonal Naive
415018,0.0,Seasonal Naive
309242,5296.18,Seasonal Naive
99586,0.0,Seasonal Naive
68840,0.0,Seasonal Naive
305998,18440.36,Seasonal Naive
286415,1342.3100000000002,Seasonal Naive
330667,0.0,Seasonal Naive
79895,1274.3300000000002,Seasonal Naive
94552,1115.08,Seasonal Naive
18775,0.0,Seasonal Naive
88595,941.83,Seasonal Naive
105295,1372.14,Seasonal Naive
438290,89919.11000000002,Seasonal Naive
378825,5596.780000000001,Seasonal Naive
115590,4.67,Seasonal Naive
92161,2150.16,Seasonal Naive
20700,4011.2600000000007,Seasonal Naive
144093,10.059999999999999,Seasonal Naive
174557,388.59,Seasonal Naive
554822,182.03,Seasonal Naive
112793,15562.040000000003,Seasonal Naive
71467,2389.32,Seasonal Naive
166004,3955.3100000000004,Seasonal Naive
7851,8.47,Seasonal Naive
434784,4545.4400000000005,Seasonal Naive
93405,0.0,Seasonal Naive
389723,319.49,Seasonal Naive
135565,0.0,Seasonal Naive
54161,0.0,Seasonal Naive
240898,0.0,Seasonal Naive
378735,5.16,Seasonal Naive
143728,0.0,Seasonal Naive
438268,0.0,Seasonal Naive
454149,10.34,Seasonal Naive
223326,0.0,Seasonal Naive
100042,3139.1300000000006,Seasonal Naive
5816,0.0,Seasonal Naive
179601,0.0,Seasonal Naive
326251,18233.800000000003,Seasonal Naive
187941,6744.46,Seasonal Naive
136709,2543.9799999999996,Seasonal Naive
236990,0.0,Seasonal Naive
112581,156.68999999999997,Seasonal Naive
347504,0.0,Seasonal Naive
77388,0.0,Seasonal Naive
150799,1312.6699999999998,Seasonal Naive
458788,30882.35,Seasonal Naive
190772,5303.9800000000005,Seasonal Naive
187944,4834.72,Seasonal Naive
141687,2102.38,Seasonal Naive
165421,0.0,Seasonal Naive
142363,22.39,Seasonal Naive
408217,0.0,Seasonal Naive
4941,2139.18,Seasonal Naive
187950,0.0,Seasonal Naive
227608,0.0,Seasonal Naive
104487,2212.12,Seasonal Naive
149152,282.23,Seasonal Naive
82902,1608.7399999999998,Seasonal Naive
100006,0.0,Seasonal Naive
326038,0.0,Seasonal Naive
324082,5475.910000000001,Seasonal Naive
90628,6615.590000000001,Seasonal Naive
134975,3609.77,Seasonal Naive
189054,0.0,Seasonal Naive
77245,650.44,Seasonal Naive
46381,14.18,Seasonal Naive
54162,0.0,Seasonal Naive
316595,0.0,Seasonal Naive
448030,3034.8,Seasonal Naive
65937,2557.93,Seasonal Naive
22071,5.96,Seasonal Naive
393195,745.21,Seasonal Naive
189531,0.0,Seasonal Naive
503391,0.0,Seasonal Naive
167968,0.0,Seasonal Naive
288307,0.0,Seasonal Naive
168705,0.0,Seasonal Naive
325015,2190.01,Seasonal Naive
82907,2248.75,Seasonal Naive
121148,3959.5799999999995,Seasonal Naive
378741,0.0,Seasonal Naive
23603,0.0,Seasonal Naive
288316,167.13,Seasonal Naive
171307,613.15,Seasonal Naive
111113,1153.3700000000001,Seasonal Naive
404859,147.38,Seasonal Naive
434912,0.0,Seasonal Naive
482526,55285.33,Seasonal Naive
237251,13599.5,Seasonal Naive
29024,5339.969999999999,Seasonal Naive
325921,70281.67,Seasonal Naive
71830,0.0,Seasonal Naive
189072,3519.3799999999997,Seasonal Naive
407970,0.0,Seasonal Naive
142428,303.53000000000003,Seasonal Naive
79250,0.0,Seasonal Naive
111919,0.0,Seasonal Naive
5151,0.0,Seasonal Naive
94356,6594.16,Seasonal Naive
163567,5294.980000000001,Seasonal Naive
29016,3348.4,Seasonal Naive
125213,0.0,Seasonal Naive
86054,8183.23,Seasonal Naive
71278,523.16,Seasonal Naive
228869,0.0,Seasonal Naive
71373,4433.5,Seasonal Naive
149150,91965.2,Seasonal Naive
112677,17730.170000000002,Seasonal Naive
226045,66.06,Seasonal Naive
166096,2263.2499999999995,Seasonal Naive
92238,636.26,Seasonal Naive
19510,1224.47,Seasonal Naive
66919,1522.8200000000002,Seasonal Naive
18628,71.59,Seasonal Naive
44264,2822.9000000000005,Seasonal Naive
90623,9436.949999999999,Seasonal Naive
488731,27397.629999999997,Seasonal Naive
172016,0.0,Seasonal Naive
380065,0.0,Seasonal Naive
132705,2433.12,Seasonal Naive
90117,0.0,Seasonal Naive
44989,0.0,Seasonal Naive
157750,71.6,Seasonal Naive
188039,694.5099999999999,Seasonal Naive
175507,2796.19,Seasonal Naive
23573,655.7900000000001,Seasonal Naive
83565,2764.76,Seasonal Naive
7849,0.0,Seasonal Naive
111631,13.91,Seasonal Naive
74073,5421.78,Seasonal Naive
352826,225653.69,Seasonal Naive
351867,8989.34,Seasonal Naive
488729,2904.42,Seasonal Naive
402612,0.0,Seasonal Naive
427272,1396.2400000000002,Seasonal Naive
380067,0.0,Seasonal Naive
165999,3418.02,Seasonal Naive
54164,0.0,Seasonal Naive
7777,2638.4799999999996,Seasonal Naive
8979,6552.1,Seasonal Naive
4985,918.2,Seasonal Naive
94355,5367.400000000001,Seasonal Naive
165654,1886.8799999999999,Seasonal Naive
200552,0.0,Seasonal Naive
414283,0.0,Seasonal Naive
145718,161855.77999999997,Seasonal Naive
49255,0.0,Seasonal Naive
453981,1434.8999999999999,Seasonal Naive
111921,0.0,Seasonal Naive
37679,1006.72,Seasonal Naive
448854,1436.7400000000002,Seasonal Naive
444770,1938.6,Seasonal Naive
97900,15.989999999999998,Seasonal Naive
16472,0.0,Seasonal Naive
55032,17601.97,Seasonal Naive
488568,5336.79,Seasonal Naive
19507,2143.66,Seasonal Naive
137395,2283.07,Seasonal Naive
47577,1643.4399999999998,Seasonal Naive
63196,4877.54,Seasonal Naive
10540,7719.589999999998,Seasonal Naive
183763,0.0,Seasonal Naive
326745,140322.32,Seasonal Naive
402699,7.12,Seasonal Naive
33370,0.0,Seasonal Naive
10334,1788.53,Seasonal Naive
79894,1285.6100000000001,Seasonal Naive
287269,0.0,Seasonal Naive
191071,3502.63,Seasonal Naive
325922,86529.37,Seasonal Naive
500098,41861.3,Seasonal Naive
50771,4070.59,Seasonal Naive
27499,0.0,Seasonal Naive
64365,2938.96,Seasonal Naive
174131,0.0,Seasonal Naive
65312,10396.050000000001,Seasonal Naive
134631,2239.7099999999996,Seasonal Naive
5826,3252.0099999999998,Seasonal Naive
317925,0.0,Seasonal Naive
446060,0.0,Seasonal Naive
500457,953.96,Seasonal Naive
60034,786.8700000000001,Seasonal Naive
107811,12820.300000000001,Seasonal Naive
12708,0.0,Seasonal Naive
168702,0.0,Seasonal Naive
410836,8099.66,Seasonal Naive
118293,4.57,Seasonal Naive
95424,2145.85,Seasonal Naive
39640,0.0,Seasonal Naive
104443,0.0,Seasonal Naive
453854,1976.7400000000005,Seasonal Naive
362341,0.0,Seasonal Naive
453852,543.91,Seasonal Naive
174459,235.81000000000003,Seasonal Naive
17256,2578.0099999999998,Seasonal Naive
491446,41.019999999999996,Seasonal Naive
78965,777.3800000000001,Seasonal Naive
9801,16.009999999999998,Seasonal Naive
265245,0.0,Seasonal Naive
412495,0.07,Seasonal Naive
328699,0.41,Seasonal Naive
90116,0.0,Seasonal Naive
111917,0.0,Seasonal Naive
258471,1924.45,Seasonal Naive
47575,1655.48,Seasonal Naive
388077,7513.91,Seasonal Naive
325680,8566.560000000001,Seasonal Naive
59772,8784.619999999999,Seasonal Naive
99309,0.0,Seasonal Naive
82802,0.0,Seasonal Naive
479395,7065.64,Seasonal Naive
434787,7158.490000000001,Seasonal Naive
55980,0.0,Seasonal Naive
111920,0.0,Seasonal Naive
389728,11953.340000000002,Seasonal Naive
141096,1944.71,Seasonal Naive
356881,2413.44,Seasonal Naive
95693,14341.869999999999,Seasonal Naive
86046,11123.45,Seasonal Naive
141883,7822.159999999999,Seasonal Naive
264545,52.660000000000004,Seasonal Naive
125992,284.56,Seasonal Naive
515764,0.0,Seasonal Naive
167159,0.0,Seasonal Naive
74199,0.0,Seasonal Naive
75635,9.02,Seasonal Naive
486005,336.85,Seasonal Naive
77315,0.0,Seasonal Naive
461796,0.0,Seasonal Naive
512459,12211.880000000001,Seasonal Naive
404574,0.34,Seasonal Naive
77391,761.6800000000001,Seasonal Naive
95229,5345.56,Seasonal Naive
448222,1467.29,Seasonal Naive
67546,13377.13,Seasonal Naive
111916,0.0,Seasonal Naive
235562,0.0,Seasonal Naive
79302,4505.96,Seasonal Naive
79249,0.0,Seasonal Naive
344924,272.2699999999999,Seasonal Naive
110792,437.98,Seasonal Naive
404620,19.970000000000002,Seasonal Naive
55279,0.0,Seasonal Naive
110965,8917.23,Seasonal Naive
232902,21.979999999999997,Seasonal Naive
137394,1691.9600000000003,Seasonal Naive
189071,2008.3700000000003,Seasonal Naive
285597,62228.57,Seasonal Naive
81881,1085.92,Seasonal Naive
174097,2555.0899999999997,Seasonal Naive
23602,0.0,Seasonal Naive
404899,0.0,Seasonal Naive
86043,4972.74,Seasonal Naive
12697,3156.1099999999997,Seasonal Naive
201852,0.0,Seasonal Naive
88226,3.77,Seasonal Naive
133496,35288.37,Seasonal Naive
135996,12085.270000000002,Seasonal Naive
140299,0.0,Seasonal Naive
59334,1531.2,Seasonal Naive
7781,7128.0,Seasonal Naive
141394,0.0,Seasonal Naive
183757,0.0,Seasonal Naive
298397,0.0,Seasonal Naive
227098,0.0,Seasonal Naive
406653,690.1899999999999,Seasonal Naive
408376,0.0,Seasonal Naive
35676,3858.83,Seasonal Naive
193451,0.0,Seasonal Naive
74816,0.0,Seasonal Naive
153104,18.439999999999998,Seasonal Naive
295220,0.0,Seasonal Naive
90630,6416.899999999999,Seasonal Naive
453866,1588.66,Seasonal Naive
440137,16290.87,Seasonal Naive
7852,18.669999999999998,Seasonal Naive
41217,1657.1799999999998,Seasonal Naive
63678,5648.3099999999995,Seasonal Naive
175505,6057.77,Seasonal Naive
51208,0.0,Seasonal Naive
81295,0.0,Seasonal Naive
18671,7.73,Seasonal Naive
315517,526.59,Seasonal Naive
174014,0.0,Seasonal Naive
435216,0.0,Seasonal Naive
404572,0.0,Seasonal Naive
462582,1284.1499999999999,Seasonal Naive
82803,10.14,Seasonal Naive
156705,30739.899999999998,Seasonal Naive
440867,21594.44,Seasonal Naive
183768,0.0,Seasonal Naive
153085,16751.48,Seasonal Naive
125994,2105.85,Seasonal Naive
112030,0.0,Seasonal Naive
145636,1472.0900000000001,Seasonal Naive
123547,3626.77,Seasonal Naive
18565,0.0,Seasonal Naive
501548,33393.700000000004,Seasonal Naive
194606,4025.04,Seasonal Naive
108401,0.0,Seasonal Naive
25118,2304.75,Seasonal Naive
447935,0.0,Seasonal Naive
71831,0.0,Seasonal Naive
141628,13255.61,Seasonal Naive
402756,164.55,Seasonal Naive
119531,20340.38,Seasonal Naive
193464,18407.609999999997,Seasonal Naive
66200,0.0,Seasonal Naive
43937,0.0,Seasonal Naive
305255,7981.360000000001,Seasonal Naive
149162,129.67,Seasonal Naive
442675,0.0,Seasonal Naive
88009,4263.6,Seasonal Naive
324638,11795.6,Seasonal Naive
4501,2047.61,Seasonal Naive
174065,49325.630000000005,Seasonal Naive
443543,1020.99,Seasonal Naive
54728,188.37999999999997,Seasonal Naive
181387,4569.619999999999,Seasonal Naive
90636,0.0,Seasonal Naive
380069,0.0,Seasonal Naive
324700,176.4,Seasonal Naive
136619,3320.1499999999996,Seasonal Naive
41526,0.0,Seasonal Naive
412196,17963.89,Seasonal Naive
331958,0.0,Seasonal Naive
109746,0.0,Seasonal Naive
12264,136.45000000000002,Seasonal Naive
484299,10810.42,Seasonal Naive
13627,719.75,Seasonal Naive
82450,0.0,Seasonal Naive
70314,3478.62,Seasonal Naive
111889,566.3,Seasonal Naive
450134,4262.72,Seasonal Naive
406379,0.0,Seasonal Naive
3906,13606.550000000001,Seasonal Naive
234798,0.0,Seasonal Naive
163368,6.0600000000000005,Seasonal Naive
82457,0.0,Seasonal Naive
187051,11058.61,Seasonal Naive
190532,0.0,Seasonal Naive
167677,1235.0100000000002,Seasonal Naive
122911,0.25,Seasonal Naive
74047,2652.2400000000002,Seasonal Naive
142202,443.3,Seasonal Naive
20536,330.96,Seasonal Naive
87845,462.19,Seasonal Naive
29031,3896.2499999999995,Seasonal Naive
306976,12195.350000000002,Seasonal Naive
115558,6.85,Seasonal Naive
402787,1594.4699999999998,Seasonal Naive
166094,3632.89,Seasonal Naive
20639,0.0,Seasonal Naive
171845,35.239999999999995,Seasonal Naive
232874,1658.49,Seasonal Naive
431466,0.0,Seasonal Naive
337556,5682.299999999999,Seasonal Naive
155152,3467.97,Seasonal Naive
153513,467.6,Seasonal Naive
144094,92.51,Seasonal Naive
8021,2539.95,Seasonal Naive
1455,2561.44,Seasonal Naive
324681,0.0,Seasonal Naive
11378,4667.610000000001,Seasonal Naive
381924,42613.0,Seasonal Naive
49626,0.0,Seasonal Naive
363653,24.11,Seasonal Naive
174916,2826.2599999999998,Seasonal Naive
175916,3689.0899999999997,Seasonal Naive
460056,11916.18,Seasonal Naive
63391,1805.81,Seasonal Naive
440136,25291.009999999995,Seasonal Naive
71564,0.0,Seasonal Naive
79644,0.0,Seasonal Naive
56059,50.85999999999999,Seasonal Naive
181630,29869.26,Seasonal Naive
157738,99.97,Seasonal Naive
46815,4273.23,Seasonal Naive
90438,27523.050000000003,Seasonal Naive
19943,2770.5,Seasonal Naive
88618,7874.4800000000005,Seasonal Naive
118651,3587.5099999999998,Seasonal Naive
72536,0.55,Seasonal Naive
288317,636.3900000000001,Seasonal Naive
109069,848.9399999999999,Seasonal Naive
166095,4157.28,Seasonal Naive
410838,10220.970000000001,Seasonal Naive
80153,3786.0,Seasonal Naive
117172,2727.66,Seasonal Naive
37678,378.81999999999994,Seasonal Naive
4779,4471.88,Seasonal Naive
437361,123744.20999999999,Seasonal Naive
331592,8200.89,Seasonal Naive
412294,0.0,Seasonal Naive
99480,31082.359999999997,Seasonal Naive
487199,0.0,Seasonal Naive
188046,2568.13,Seasonal Naive
8055,0.0,Seasonal Naive
21030,1739.42,Seasonal Naive
425110,7042.389999999999,Seasonal Naive
39557,3774.33,Seasonal Naive
189603,2.33,Seasonal Naive
188111,6923.01,Seasonal Naive
149196,17749.839999999997,Seasonal Naive
221948,8214.72,Seasonal Naive
288318,456.74000000000007,Seasonal Naive
11583,8348.71,Seasonal Naive
13796,29.689999999999998,Seasonal Naive
97042,0.0,Seasonal Naive
11720,2.58,Seasonal Naive
415025,0.0,Seasonal Naive
414284,2271.29,Seasonal Naive
265862,46457.59,Seasonal Naive
408938,3034.96,Seasonal Naive
155885,610.7,Seasonal Naive
142364,1610.25,Seasonal Naive
348707,0.0,Seasonal Naive
23724,2989.17,Seasonal Naive
49219,1.12,Seasonal Naive
85673,0.0,Seasonal Naive
111870,3161.51,Seasonal Naive
78884,2618.4300000000003,Seasonal Naive
145707,119041.38,Seasonal Naive
327251,129185.63,Seasonal Naive
378435,15849.849999999999,Seasonal Naive
437243,2934.7100000000005,Seasonal Naive
122838,2949.84,Seasonal Naive
18364,129.56,Seasonal Naive
153086,10479.060000000001,Seasonal Naive
52433,8.42,Seasonal Naive
68781,1340.24,Seasonal Naive
49624,0.0,Seasonal Naive
458787,23767.859999999997,Seasonal Naive
110084,2189.22,Seasonal Naive
71374,8801.050000000001,Seasonal Naive
108557,1707.42,Seasonal Naive
143811,0.0,Seasonal Naive
336404,346.0,Seasonal Naive
13885,3878.87,Seasonal Naive
127601,0.0,Seasonal Naive
106110,0.0,Seasonal Naive
325110,0.0,Seasonal Naive
305993,45307.65,Seasonal Naive
121158,4910.79,Seasonal Naive
174357,76.61,Seasonal Naive
38242,0.0,Seasonal Naive
223402,0.0,Seasonal Naive
431346,22629.629999999997,Seasonal Naive
51094,0.0,Seasonal Naive
11894,11.649999999999999,Seasonal Naive
390186,16548.13,Seasonal Naive
35661,1426.38,Seasonal Naive
188991,3055.0099999999993,Seasonal Naive
274580,0.0,Seasonal Naive
115559,56.05,Seasonal Naive
305281,3555.17,Seasonal Naive
183761,0.0,Seasonal Naive
94619,0.0,Seasonal Naive
145702,3192.0900000000006,Seasonal Naive
5667,0.0,Seasonal Naive
74336,1795.9099999999999,Seasonal Naive
50805,0.0,Seasonal Naive
18289,2155.47,Seasonal Naive
77352,0.0,Seasonal Naive
64194,9857.39,Seasonal Naive
434586,4.47,Seasonal Naive
90317,0.0,Seasonal Naive
139361,0.0,Seasonal Naive
190318,0.0,Seasonal Naive
4294,83879.94,Seasonal Naive
357919,1.34,Seasonal Naive
111884,555.4300000000001,Seasonal Naive
19506,2549.35,Seasonal Naive
161618,3023.5,Seasonal Naive
30743,0.0,Seasonal Naive
64396,1813.7799999999997,Seasonal Naive
183749,0.0,Seasonal Naive
141018,4314.64,Seasonal Naive
33400,5624.97,Seasonal Naive
488754,0.0,Seasonal Naive
149220,0.0,Seasonal Naive
36906,2280.94,Seasonal Naive
66704,3246.3700000000003,Seasonal Naive
306006,42.39000000000001,Seasonal Naive
31746,3560.9100000000008,Seasonal Naive
331957,0.0,Seasonal Naive
166612,3565.9300000000003,Seasonal Naive
7695,7508.98,Seasonal Naive
66254,0.0,Seasonal Naive
315817,2390.2599999999998,Seasonal Naive
490457,3151.1600000000008,Seasonal Naive
99508,2516.7700000000004,Seasonal Naive
152467,10.0,Seasonal Naive
99985,4354.09,Seasonal Naive
46345,162.1,Seasonal Naive
91617,9767.15,Seasonal Naive
169097,0.0,Seasonal Naive
381901,0.0,Seasonal Naive
70951,3200.9600000000005,Seasonal Naive
55183,4.26,Seasonal Naive
373842,2019.38,Seasonal Naive
287266,411.61000000000007,Seasonal Naive
100050,0.0,Seasonal Naive
105124,12830.080000000002,Seasonal Naive
127337,3109.61,Seasonal Naive
97985,34.879999999999995,Seasonal Naive
79326,1160.0500000000002,Seasonal Naive
221044,0.0,Seasonal Naive
50796,87.49000000000001,Seasonal Naive
442796,29375.679999999997,Seasonal Naive
88281,18573.56,Seasonal Naive
443819,11.6,Seasonal Naive
13614,4850.09,Seasonal Naive
326019,0.0,Seasonal Naive
184824,0.0,Seasonal Naive
123756,11196.689999999999,Seasonal Naive
171138,9.61,Seasonal Naive
438654,0.0,Seasonal Naive
136585,0.0,Seasonal Naive
110506,3.03,Seasonal Naive
166742,4417.07,Seasonal Naive
303883,4310.24,Seasonal Naive
305388,3103.65,Seasonal Naive
305463,5188.429999999999,Seasonal Naive
5013,0.0,Seasonal Naive
512461,43961.229999999996,Seasonal Naive
76892,0.0,Seasonal Naive
113597,628.7,Seasonal Naive
84800,6.87,Seasonal Naive
99771,2774.33,Seasonal Naive
55669,56.769999999999996,Seasonal Naive
466981,1536.02,Seasonal Naive
450122,725.6999999999998,Seasonal Naive
481227,0.0,Seasonal Naive
358590,3323.7899999999995,Seasonal Naive
298392,0.0,Seasonal Naive
56265,580.53,Seasonal Naive
5226,1413.3300000000002,Seasonal Naive
409361,14964.939999999999,Seasonal Naive
450135,13221.5,Seasonal Naive
100008,3124.88,Seasonal Naive
4356,0.0,Seasonal Naive
171151,0.0,Seasonal Naive
38415,0.0,Seasonal Naive
111779,9517.14,Seasonal Naive
81300,279.42,Seasonal Naive
327181,106.36000000000001,Seasonal Naive
19509,1261.43,Seasonal Naive
352935,20573.75,Seasonal Naive
22062,401.66,Seasonal Naive
140829,0.0,Seasonal Naive
166097,0.0,Seasonal Naive
146002,849.9200000000001,Seasonal Naive
63238,1227.3600000000001,Seasonal Naive
33730,3707.1800000000003,Seasonal Naive
174510,4.43,Seasonal Naive
298080,8604.05,Seasonal Naive
11151,3219.28,Seasonal Naive
412543,0.0,Seasonal Naive
404369,12422.559999999998,Seasonal Naive
3485,0.0,Seasonal Naive
156375,0.0,Seasonal Naive
71442,1191.99,Seasonal Naive
70945,3037.37,Seasonal Naive
66094,4487.1,Seasonal Naive
188288,6199.490000000001,Seasonal Naive
324491,1907.4099999999999,Seasonal Naive
38234,1.59,Seasonal Naive
49671,0.0,Seasonal Naive
169844,2213.8399999999997,Seasonal Naive
84926,68643.67,Seasonal Naive
169845,1850.8399999999997,Seasonal Naive
438526,9126.300000000001,Seasonal Naive
64193,4540.64,Seasonal Naive
93463,0.0,Seasonal Naive
49618,0.0,Seasonal Naive
438104,9191.11,Seasonal Naive
94650,23350.71,Seasonal Naive
175950,0.0,Seasonal Naive
63549,18164.67,Seasonal Naive
226054,27.46,Seasonal Naive
56263,0.0,Seasonal Naive
103260,0.0,Seasonal Naive
343078,10689.829999999998,Seasonal Naive
166137,1388.5300000000002,Seasonal Naive
487770,6857.85,Seasonal Naive
317929,25428.81,Seasonal Naive
85973,3518.41,Seasonal Naive
88620,5201.200000000001,Seasonal Naive
429386,4223.16,Seasonal Naive
157744,34.650000000000006,Seasonal Naive
500925,2143784.66,Seasonal Naive
49958,2500.31,Seasonal Naive
392606,8415.25,Seasonal Naive
294165,5167.210000000001,Seasonal Naive
88280,3789.89,Seasonal Naive
33975,2719.95,Seasonal Naive
7297,1353.2800000000002,Seasonal Naive
199519,9184.529999999999,Seasonal Naive
49223,0.0,Seasonal Naive
88594,924.9300000000001,Seasonal Naive
221834,22378.36,Seasonal Naive
336407,831.9200000000001,Seasonal Naive
232875,1876.4099999999999,Seasonal Naive
160757,2628.46,Seasonal Naive
342011,9.34,Seasonal Naive
194011,11521.110000000002,Seasonal Naive
112053,0.0,Seasonal Naive
184823,0.0,Seasonal Naive
305988,120790.45,Seasonal Naive
136017,8550.58,Seasonal Naive
362150,7699.34,Seasonal Naive
7701,0.0,Seasonal Naive
18540,0.0,Seasonal Naive
125441,0.0,Seasonal Naive
83584,0.0,Seasonal Naive
325618,8792.46,Seasonal Naive
89592,0.0,Seasonal Naive
3904,6241.750000000001,Seasonal Naive
161921,12295.1,Seasonal Naive
18724,8771.13,Seasonal Naive
134336,6512.400000000001,Seasonal Naive
12399,4655.54,Seasonal Naive
87846,543.7299999999999,Seasonal Naive
129303,0.0,Seasonal Naive
33850,3931.88,Seasonal Naive
362316,81.41999999999999,Seasonal Naive
112946,26938.9,Seasonal Naive
74020,3.1100000000000003,Seasonal Naive
150832,6471.43,Seasonal Naive
174908,2930.55,Seasonal Naive
13834,0.0,Seasonal Naive
153651,4721.79,Seasonal Naive
105139,1933.89,Seasonal Naive
412384,0.0,Seasonal Naive
141332,594.21,Seasonal Naive
39658,58953.159999999996,Seasonal Naive
431469,554.41,Seasonal Naive
443613,0.0,Seasonal Naive
431385,3084.6499999999996,Seasonal Naive
187955,21563.709999999995,Seasonal Naive
50795,2651.3399999999997,Seasonal Naive
174774,1711.19,Seasonal Naive
13556,1000.27,Seasonal Naive
295259,22391.65,Seasonal Naive
190968,6148.82,Seasonal Naive
121279,0.0,Seasonal Naive
13511,3052.5,Seasonal Naive
453845,1118.9299999999998,Seasonal Naive
13896,3679.01,Seasonal Naive
8320,0.0,Seasonal Naive
225958,2553.05,Seasonal Naive
329004,2562.1599999999994,Seasonal Naive
231048,1244.07,Seasonal Naive
135247,0.0,Seasonal Naive
112302,25322.25,Seasonal Naive
78787,1190.0700000000002,Seasonal Naive
89625,4181.47,Seasonal Naive
110812,0.0,Seasonal Naive
144892,0.0,Seasonal Naive
168103,6658.370000000001,Seasonal Naive
161864,2767.58,Seasonal Naive
168704,0.0,Seasonal Naive
56197,0.0,Seasonal Naive
238334,0.0,Seasonal Naive
294670,2.02,Seasonal Naive
198172,26.17,Seasonal Naive
189095,0.0,Seasonal Naive
6310,0.0,Seasonal Naive
123546,2863.8399999999997,Seasonal Naive
97004,2293.37,Seasonal Naive
56057,1620.48,Seasonal Naive
26073,512.88,Seasonal Naive
85972,4113.8,Seasonal Naive
143725,125.02000000000001,Seasonal Naive
407217,0.0,Seasonal Naive
308545,1908.3900000000003,Seasonal Naive
7259,16.28,Seasonal Naive
189194,12.110000000000001,Seasonal Naive
362213,3.41,Seasonal Naive
104965,2386.3,Seasonal Naive
389602,8682.47,Seasonal Naive
112602,0.0,Seasonal Naive
75266,1977.08,Seasonal Naive
117745,0.0,Seasonal Naive
48528,4344.77,Seasonal Naive
289677,2174.43,Seasonal Naive
413761,3565.7,Seasonal Naive
462579,2015.3,Seasonal Naive
174138,14742.7,Seasonal Naive
107305,0.0,Seasonal Naive
7185,3771.72,Seasonal Naive
142182,5476.469999999999,Seasonal Naive
62198,107.99000000000001,Seasonal Naive
428804,0.0,Seasonal Naive
82464,0.0,Seasonal Naive
125447,0.0,Seasonal Naive
85314,4345.15,Seasonal Naive
59522,0.0,Seasonal Naive
68709,0.0,Seasonal Naive
328135,2169.9300000000003,Seasonal Naive
88076,5987.219999999999,Seasonal Naive
65897,4937.98,Seasonal Naive
84141,14459.39,Seasonal Naive
18564,201.32,Seasonal Naive
4888,4067.12,Seasonal Naive
298389,0.0,Seasonal Naive
126025,25484.020000000004,Seasonal Naive
86243,0.0,Seasonal Naive
61588,416.31999999999994,Seasonal Naive
18627,18892.769999999997,Seasonal Naive
102047,897.85,Seasonal Naive
20511,16686.19,Seasonal Naive
127414,1420.72,Seasonal Naive
17149,0.0,Seasonal Naive
112617,0.0,Seasonal Naive
188871,8052.130000000001,Seasonal Naive
24185,3748.38,Seasonal Naive
76831,5404.19,Seasonal Naive
414423,30350.5,Seasonal Naive
193112,231.71999999999997,Seasonal Naive
444293,9531.670000000002,Seasonal Naive
81734,4687.41,Seasonal Naive
110797,1211.77,Seasonal Naive
141459,3040.4399999999996,Seasonal Naive
356564,900.54,Seasonal Naive
26074,3347.0699999999997,Seasonal Naive
357916,3.5300000000000002,Seasonal Naive
97986,30.15,Seasonal Naive
326372,24746.92,Seasonal Naive
125402,5834.449999999999,Seasonal Naive
117863,4674.780000000001,Seasonal Naive
95378,2.98,Seasonal Naive
118455,0.0,Seasonal Naive
99291,9608.82,Seasonal Naive
99733,15149.319999999998,Seasonal Naive
153343,1703.71,Seasonal Naive
23604,0.0,Seasonal Naive
194139,579.6999999999999,Seasonal Naive
324039,151.99,Seasonal Naive
378736,1175.39,Seasonal Naive
123768,389.8,Seasonal Naive
60090,3289.87,Seasonal Naive
36733,2869.4700000000003,Seasonal Naive
378822,15796.98,Seasonal Naive
9891,0.0,Seasonal Naive
12731,1577.8799999999999,Seasonal Naive
59815,3222.45,Seasonal Naive
66538,2.36,Seasonal Naive
68743,16432.879999999997,Seasonal Naive
84661,3244.73,Seasonal Naive
181388,7254.039999999999,Seasonal Naive
187937,0.0,Seasonal Naive
85347,217.04000000000002,Seasonal Naive
84703,3894.57,Seasonal Naive
110947,0.0,Seasonal Naive
489492,0.0,Seasonal Naive
488773,0.0,Seasonal Naive
90574,0.0,Seasonal Naive
25038,1181.5100000000002,Seasonal Naive
3360,4038.95,Seasonal Naive
174270,8084.74,Seasonal Naive
12120,4719.3099999999995,Seasonal Naive
412489,11299.59,Seasonal Naive
127371,21802.219999999998,Seasonal Naive
8608,3335.09,Seasonal Naive
99357,109533.72999999998,Seasonal Naive
130424,23813.780000000002,Seasonal Naive
30749,1414.8700000000001,Seasonal Naive
431301,4384.259999999999,Seasonal Naive
402783,0.0,Seasonal Naive
437245,6408.759999999999,Seasonal Naive
501042,248528.41000000003,Seasonal Naive
51057,0.0,Seasonal Naive
97876,9620.36,Seasonal Naive
71867,5578.42,Seasonal Naive
22606,0.0,Seasonal Naive
109009,14428.29,Seasonal Naive
84803,76.92999999999999,Seasonal Naive
83895,2150.1,Seasonal Naive
402196,2060.8700000000003,Seasonal Naive
84693,2198.8300000000004,Seasonal Naive
102762,6146.78,Seasonal Naive
440446,1073.17,Seasonal Naive
13644,1924.4999999999998,Seasonal Naive
331028,11895.27,Seasonal Naive
331117,0.0,Seasonal Naive
443305,1349.6200000000001,Seasonal Naive
99340,10985.710000000001,Seasonal Naive
438595,0.0,Seasonal Naive
44819,0.0,Seasonal Naive
31450,5360.65,Seasonal Naive
11072,0.0,Seasonal Naive
92583,349.67,Seasonal Naive
296608,4491.259999999999,Seasonal Naive
69552,5294.5,Seasonal Naive
19407,3117.47,Seasonal Naive
57190,0.0,Seasonal Naive
64211,0.0,Seasonal Naive
126231,1830.2,Seasonal Naive
246742,0.0,Seasonal Naive
111502,58.699999999999996,Seasonal Naive
85348,11455.820000000003,Seasonal Naive
229503,270.0,Seasonal Naive
331119,0.0,Seasonal Naive
79301,5450.049999999999,Seasonal Naive
108285,0.0,Seasonal Naive
189055,0.0,Seasonal Naive
485305,31184.570000000003,Seasonal Naive
450116,634.9,Seasonal Naive
40313,0.0,Seasonal Naive
105138,91.1,Seasonal Naive
39955,4816.239999999999,Seasonal Naive
405033,2706.52,Seasonal Naive
137328,0.0,Seasonal Naive
96870,0.0,Seasonal Naive
521166,9283.619999999999,Seasonal Naive
79521,0.0,Seasonal Naive
90608,0.0,Seasonal Naive
166077,9443.159999999998,Seasonal Naive
145471,64.13,Seasonal Naive
516954,0.0,Seasonal Naive
193452,6236.17,Seasonal Naive
63503,4351.55,Seasonal Naive
325421,9510.71,Seasonal Naive
30882,4041.1899999999996,Seasonal Naive
402784,0.0,Seasonal Naive
88613,2142.5000000000005,Seasonal Naive
421686,15332.74,Seasonal Naive
257710,3321.3199999999997,Seasonal Naive
160797,1418.14,Seasonal Naive
189048,2746.6800000000003,Seasonal Naive
244773,13917.88,Seasonal Naive
189034,1011.33,Seasonal Naive
102485,13146.75,Seasonal Naive
485505,36588.759999999995,Seasonal Naive
109047,847.5,Seasonal Naive
363627,51461.23,Seasonal Naive
289675,0.0,Seasonal Naive
406366,0.0,Seasonal Naive
77814,820.3299999999999,Seasonal Naive
10228,7283.95,Seasonal Naive
161490,9904.18,Seasonal Naive
315406,2222.52,Seasonal Naive
227836,1.63,Seasonal Naive
590,4351.85,Seasonal Naive
85510,6281.13,Seasonal Naive
325945,1146.59,Seasonal Naive
22255,0.0,Seasonal Naive
105775,0.0,Seasonal Naive
150761,0.0,Seasonal Naive
542739,6014.34,Seasonal Naive
283838,217.99999999999997,Seasonal Naive
88252,7347.429999999999,Seasonal Naive
421676,0.0,Seasonal Naive
359495,35294.81,Seasonal Naive
414457,683408.74,Seasonal Naive
29015,7764.6799999999985,Seasonal Naive
307534,1941.18,Seasonal Naive
105959,5329.619999999999,Seasonal Naive
126312,415.7699999999999,Seasonal Naive
44857,2239.2100000000005,Seasonal Naive
106232,5293.25,Seasonal Naive
66707,4799.22,Seasonal Naive
39930,0.0,Seasonal Naive
76807,0.0,Seasonal Naive
189009,5113.22,Seasonal Naive
3362,4241.44,Seasonal Naive
407125,0.0,Seasonal Naive
454185,2.87,Seasonal Naive
24033,0.0,Seasonal Naive
412295,0.0,Seasonal Naive
427502,12.46,Seasonal Naive
172088,4843.040000000001,Seasonal Naive
391341,6476.880000000001,Seasonal Naive
393208,8396.300000000001,Seasonal Naive
49957,14061.049999999997,Seasonal Naive
326911,82430.67,Seasonal Naive
326764,4417.85,Seasonal Naive
31449,0.0,Seasonal Naive
404560,1543.13,Seasonal Naive
68697,0.0,Seasonal Naive
41535,0.0,Seasonal Naive
96627,0.0,Seasonal Naive
22136,6230.56,Seasonal Naive
122839,5580.42,Seasonal Naive
20675,1546.4800000000002,Seasonal Naive
59524,0.0,Seasonal Naive
174096,6627.7300000000005,Seasonal Naive
51958,0.0,Seasonal Naive
173754,0.0,Seasonal Naive
24173,0.0,Seasonal Naive
105127,7601.15,Seasonal Naive
99543,0.0,Seasonal Naive
97875,6814.25,Seasonal Naive
167160,0.0,Seasonal Naive
92272,27863.0,Seasonal Naive
65592,727.79,Seasonal Naive
18167,1305.9,Seasonal Naive
93406,0.0,Seasonal Naive
135249,193.71,Seasonal Naive
395334,47366.090000000004,Seasonal Naive
29018,7628.91,Seasonal Naive
338560,7721.14,Seasonal Naive
98253,0.77,Seasonal Naive
124139,10748.98,Seasonal Naive
33374,261.47,Seasonal Naive
81876,47.72,Seasonal Naive
12124,0.0,Seasonal Naive
446654,0.0,Seasonal Naive
108296,0.0,Seasonal Naive
97338,0.0,Seasonal Naive
91303,0.0,Seasonal Naive
24281,0.0,Seasonal Naive
141619,19945.54,Seasonal Naive
20768,2750.0800000000004,Seasonal Naive
427271,19565.13,Seasonal Naive
449171,21047.53,Seasonal Naive
233114,2877.47,Seasonal Naive
244772,8716.72,Seasonal Naive
165311,2403.97,Seasonal Naive
74041,2641.35,Seasonal Naive
39940,5291.139999999999,Seasonal Naive
63223,481.61,Seasonal Naive
90300,0.0,Seasonal Naive
144159,5824.660000000001,Seasonal Naive
187751,1367.43,Seasonal Naive
136695,0.0,Seasonal Naive
391353,11024.49,Seasonal Naive
174601,0.0,Seasonal Naive
188031,4342.219999999999,Seasonal Naive
111832,0.81,Seasonal Naive
91302,0.0,Seasonal Naive
292990,36684.07,Seasonal Naive
410608,5132.73,Seasonal Naive
66474,8.75,Seasonal Naive
476311,13162.89,Seasonal Naive
135564,0.0,Seasonal Naive
294440,0.0,Seasonal Naive
124921,0.0,Seasonal Naive
141447,37169.75,Seasonal Naive
443265,1643.2699999999998,Seasonal Naive
44980,3048.1900000000005,Seasonal Naive
175328,2200.94,Seasonal Naive
117876,1335.7599999999998,Seasonal Naive
283837,533.8000000000001,Seasonal Naive
5974,20009.579999999994,Seasonal Naive
295261,25794.12,Seasonal Naive
86306,0.0,Seasonal Naive
107143,0.0,Seasonal Naive
128672,0.0,Seasonal Naive
56464,5600.969999999999,Seasonal Naive
378927,12236.88,Seasonal Naive
107787,16.21,Seasonal Naive
141426,6180.1900000000005,Seasonal Naive
171419,24768.839999999997,Seasonal Naive
94620,1212.9900000000002,Seasonal Naive
88022,9449.45,Seasonal Naive
378921,6772.049999999999,Seasonal Naive
399190,13025.93,Seasonal Naive
161446,17500.81,Seasonal Naive
31479,5566.910000000001,Seasonal Naive
49222,0.0,Seasonal Naive
346379,0.0,Seasonal Naive
22604,0.0,Seasonal Naive
110799,0.0,Seasonal Naive
12269,11697.52,Seasonal Naive
326744,7203.8,Seasonal Naive
7551,222.09999999999997,Seasonal Naive
28206,388.78999999999996,Seasonal Naive
296703,0.0,Seasonal Naive
63137,7974.030000000001,Seasonal Naive
189622,1944.1999999999998,Seasonal Naive
362314,0.0,Seasonal Naive
175330,2942.7599999999998,Seasonal Naive
78982,4956.620000000001,Seasonal Naive
27672,4765.04,Seasonal Naive
378122,25583.16,Seasonal Naive
64423,5411.400000000001,Seasonal Naive
106120,3550.12,Seasonal Naive
163568,14375.17,Seasonal Naive
5839,2079.19,Seasonal Naive
18730,5654.7699999999995,Seasonal Naive
97138,3491.12,Seasonal Naive
4280,8366.39,Seasonal Naive
40422,37261.119999999995,Seasonal Naive
76513,12.469999999999999,Seasonal Naive
5338,0.0,Seasonal Naive
82127,5310.18,Seasonal Naive
294163,9500.089999999998,Seasonal Naive
165686,0.0,Seasonal Naive
200600,0.0,Seasonal Naive
94648,20162.38,Seasonal Naive
10551,0.0,Seasonal Naive
91616,3017.3599999999997,Seasonal Naive
94844,0.0,Seasonal Naive
98804,5557.579999999999,Seasonal Naive
126564,12.169999999999998,Seasonal Naive
98239,1800.0700000000002,Seasonal Naive
351869,14868.139999999998,Seasonal Naive
84221,5186.15,Seasonal Naive
4502,5999.8099999999995,Seasonal Naive
10229,6797.41,Seasonal Naive
234007,27.049999999999997,Seasonal Naive
33027,8675.61,Seasonal Naive
173755,0.0,Seasonal Naive
393197,3478.3999999999996,Seasonal Naive
404716,22801.18,Seasonal Naive
76255,2412.85,Seasonal Naive
190167,8290.96,Seasonal Naive
47795,39712.850000000006,Seasonal Naive
406472,1693.8400000000001,Seasonal Naive
187725,2278.15,Seasonal Naive
94680,10042.490000000002,Seasonal Naive
435302,18425.96,Seasonal Naive
298428,0.0,Seasonal Naive
47571,5553.98,Seasonal Naive
10636,4599.26,Seasonal Naive
402789,0.0,Seasonal Naive
4968,6669.950000000001,Seasonal Naive
128844,13769.83,Seasonal Naive
117742,0.0,Seasonal Naive
122356,10940.609999999999,Seasonal Naive
40420,8728.83,Seasonal Naive
363768,12932.45,Seasonal Naive
13541,11.55,Seasonal Naive
5954,2944.0800000000004,Seasonal Naive
52434,6063.24,Seasonal Naive
306846,0.0,Seasonal Naive
439149,5.499999999999999,Seasonal Naive
172556,43977.229999999996,Seasonal Naive
402758,746.0,Seasonal Naive
294511,16660.6,Seasonal Naive
225477,6828.5599999999995,Seasonal Naive
93439,2787.16,Seasonal Naive
392633,0.0,Seasonal Naive
5769,0.0,Seasonal Naive
121222,3086.8199999999997,Seasonal Naive
138401,17195.23,Seasonal Naive
137998,0.0,Seasonal Naive
113042,0.0,Seasonal Naive
143813,0.0,Seasonal Naive
11015,8409.779999999999,Seasonal Naive
235822,1363.43,Seasonal Naive
275043,5993.74,Seasonal Naive
349288,66945.2,Seasonal Naive
51953,0.0,Seasonal Naive
360230,26.59,Seasonal Naive
47832,4683.61,Seasonal Naive
273096,0.0,Seasonal Naive
161916,9.27,Seasonal Naive
139042,7652.64,Seasonal Naive
19771,594.63,Seasonal Naive
43939,2129.01,Seasonal Naive
68035,16808.170000000002,Seasonal Naive
25166,11767.41,Seasonal Naive
184818,4218.7,Seasonal Naive
55278,0.0,Seasonal Naive
287265,830.8799999999999,Seasonal Naive
126545,4355.09,Seasonal Naive
110241,18920.75,Seasonal Naive
23830,11015.79,Seasonal Naive
378802,40831.29,Seasonal Naive
85533,0.0,Seasonal Naive
520890,391535.89,Seasonal Naive
140732,2130.2200000000007,Seasonal Naive
123754,13746.579999999998,Seasonal Naive
511176,73800.20000000001,Seasonal Naive
19970,52.36,Seasonal Naive
174098,18778.649999999998,Seasonal Naive
142340,3.29,Seasonal Naive
81403,819.0899999999999,Seasonal Naive
135995,27106.5,Seasonal Naive
276855,9367.920000000002,Seasonal Naive
307055,15376.31,Seasonal Naive
326446,0.0,Seasonal Naive
219804,7618.139999999999,Seasonal Naive
84723,4935.58,Seasonal Naive
193826,0.0,Seasonal Naive
44858,4190.150000000001,Seasonal Naive
127335,4485.449999999999,Seasonal Naive
44806,0.0,Seasonal Naive
169180,39230.40000000001,Seasonal Naive
83727,0.0,Seasonal Naive
356891,8091.720000000001,Seasonal Naive
44979,5493.58,Seasonal Naive
228813,0.0,Seasonal Naive
7298,10319.96,Seasonal Naive
122148,0.0,Seasonal Naive
2400,1.02,Seasonal Naive
38431,2207.3,Seasonal Naive
452155,0.0,Seasonal Naive
111883,339.09999999999997,Seasonal Naive
144158,0.0,Seasonal Naive
52688,4554.33,Seasonal Naive
84583,9385.330000000002,Seasonal Naive
85535,0.0,Seasonal Naive
72658,0.0,Seasonal Naive
38455,2008.4299999999996,Seasonal Naive
716750,13459.590000000002,Seasonal Naive
546948,5596.9400000000005,Seasonal Naive
298966,0.0,Seasonal Naive
80767,2296.7400000000002,Seasonal Naive
175914,10161.38,Seasonal Naive
29973,7967.02,Seasonal Naive
130426,19015.41,Seasonal Naive
33849,6876.119999999999,Seasonal Naive
239542,0.0,Seasonal Naive
103437,2802.68,Seasonal Naive
48527,8185.57,Seasonal Naive
289678,11820.06,Seasonal Naive
80291,0.0,Seasonal Naive
307524,0.0,Seasonal Naive
5412,1230.1,Seasonal Naive
376293,98523.19000000002,Seasonal Naive
160278,4823.38,Seasonal Naive
200628,36.33,Seasonal Naive
184828,1058.1599999999996,Seasonal Naive
123758,4538.75,Seasonal Naive
121220,8194.289999999999,Seasonal Naive
74994,5.9799999999999995,Seasonal Naive
148917,0.0,Seasonal Naive
21019,7283.999999999999,Seasonal Naive
325112,1456.05,Seasonal Naive
79013,0.14,Seasonal Naive
153297,8004.329999999999,Seasonal Naive
331960,0.0,Seasonal Naive
138846,11233.940000000002,Seasonal Naive
294510,41831.92,Seasonal Naive
190304,6396.43,Seasonal Naive
41606,1599.6599999999999,Seasonal Naive
498194,18343.98,Seasonal Naive
56297,13982.47,Seasonal Naive
316969,78654.68999999999,Seasonal Naive
3680,2180.0699999999997,Seasonal Naive
102895,0.0,Seasonal Naive
274957,0.0,Seasonal Naive
111006,11442.189999999999,Seasonal Naive
165656,9789.460000000001,Seasonal Naive
85512,2461.4500000000003,Seasonal Naive
188179,0.0,Seasonal Naive
325103,10699.84,Seasonal Naive
183257,3127.23,Seasonal Naive
63074,10708.360000000002,Seasonal Naive
55081,6103.2699999999995,Seasonal Naive
459889,7380.22,Seasonal Naive
138440,11458.699999999999,Seasonal Naive
70013,2140.44,Seasonal Naive
167494,1.56,Seasonal Naive
223399,0.0,Seasonal Naive
388127,861.1,Seasonal Naive
31448,0.0,Seasonal Naive
110933,4143.25,Seasonal Naive
165536,17430.06,Seasonal Naive
167653,19702.530000000002,Seasonal Naive
76418,0.0,Seasonal Naive
155040,1335.1899999999998,Seasonal Naive
347238,891.14,Seasonal Naive
112258,397.95000000000005,Seasonal Naive
423335,6117.2699999999995,Seasonal Naive
164120,5416.76,Seasonal Naive
113087,9145.339999999998,Seasonal Naive
67465,9993.099999999999,Seasonal Naive
443647,27251.530000000002,Seasonal Naive
3487,10810.210000000001,Seasonal Naive
78985,16302.55,Seasonal Naive
90573,4613.9400000000005,Seasonal Naive
429234,0.0,Seasonal Naive
90626,16759.33,Seasonal Naive
410732,0.0,Seasonal Naive
124061,3493.3299999999995,Seasonal Naive
77496,2023.21,Seasonal Naive
88795,0.0,Seasonal Naive
160276,3120.799999999999,Seasonal Naive
95689,17173.0,Seasonal Naive
160876,8230.250000000002,Seasonal Naive
356578,15804.49,Seasonal Naive
62196,1140.48,Seasonal Naive
60013,1320.7600000000002,Seasonal Naive
431471,11544.749999999998,Seasonal Naive
420985,384169.48999999993,Seasonal Naive
308553,0.0,Seasonal Naive
392635,0.0,Seasonal Naive
323997,305010.22,Seasonal Naive
138887,19556.590000000004,Seasonal Naive
137445,1460.3600000000001,Seasonal Naive
94678,3186.55,Seasonal Naive
97109,0.0,Seasonal Naive
406449,5700.0199999999995,Seasonal Naive
188041,4963.4400000000005,Seasonal Naive
34489,2442.7499999999995,Seasonal Naive
114702,29858.469999999998,Seasonal Naive
289683,18275.11,Seasonal Naive
190981,0.0,Seasonal Naive
389550,7874.61,Seasonal Naive
95227,28359.879999999997,Seasonal Naive
48428,7454.61,Seasonal Naive
27652,3848.6000000000004,Seasonal Naive
129305,23.06,Seasonal Naive
149218,0.0,Seasonal Naive
7653,2416.7999999999997,Seasonal Naive
4017,0.0,Seasonal Naive
40676,1329.03,Seasonal Naive
153591,63760.53999999999,Seasonal Naive
297638,6155.750000000001,Seasonal Naive
450115,481.2099999999999,Seasonal Naive
356760,14037.18,Seasonal Naive
298573,0.0,Seasonal Naive
198170,10473.6,Seasonal Naive
105993,0.0,Seasonal Naive
462580,6892.2,Seasonal Naive
163569,22249.11,Seasonal Naive
265868,0.0,Seasonal Naive
34715,3302.44,Seasonal Naive
134545,0.0,Seasonal Naive
190527,10064.94,Seasonal Naive
100129,9245.970000000001,Seasonal Naive
353077,0.0,Seasonal Naive
110780,828.95,Seasonal Naive
85521,0.0,Seasonal Naive
127244,13932.97,Seasonal Naive
421524,15120.929999999998,Seasonal Naive
26894,7368.699999999999,Seasonal Naive
443266,8008.839999999999,Seasonal Naive
187594,7106.51,Seasonal Naive
19948,5169.870000000001,Seasonal Naive
117685,9.23,Seasonal Naive
81657,662.4699999999999,Seasonal Naive
378776,149.44,Seasonal Naive
63430,1421.1499999999999,Seasonal Naive
99331,12931.43,Seasonal Naive
74535,25951.97,Seasonal Naive
110802,1618.96,Seasonal Naive
440130,44737.03,Seasonal Naive
88225,0.67,Seasonal Naive
93355,2510.58,Seasonal Naive
155364,34613.299999999996,Seasonal Naive
85677,16086.41,Seasonal Naive
112637,4872.169999999999,Seasonal Naive
113468,0.0,Seasonal Naive
174370,10377.45,Seasonal Naive
166088,7428.659999999999,Seasonal Naive
11461,817.79,Seasonal Naive
66530,87.36,Seasonal Naive
437362,527166.41,Seasonal Naive
112624,1000.23,Seasonal Naive
6461,6569.41,Seasonal Naive
68751,561.75,Seasonal Naive
174376,0.0,Seasonal Naive
153593,4497.69,Seasonal Naive
315420,2753.12,Seasonal Naive
172014,2473.33,Seasonal Naive
5471,6226.92,Seasonal Naive
200601,0.0,Seasonal Naive
178718,434.05,Seasonal Naive
84135,8963.880000000001,Seasonal Naive
75029,693.71,Seasonal Naive
155887,2934.73,Seasonal Naive
84655,620.65,Seasonal Naive
85504,3703.3200000000006,Seasonal Naive
88004,39253.92,Seasonal Naive
340860,0.0,Seasonal Naive
415104,7248.25,Seasonal Naive
56191,0.0,Seasonal Naive
90329,4291.36,Seasonal Naive
98849,7124.469999999999,Seasonal Naive
34991,15381.880000000001,Seasonal Naive
66537,4118.09,Seasonal Naive
230255,1154.97,Seasonal Naive
29469,4267.299999999999,Seasonal Naive
274962,5584.830000000001,Seasonal Naive
34993,16193.070000000002,Seasonal Naive
6374,0.0,Seasonal Naive
55161,7157.56,Seasonal Naive
66253,2709.54,Seasonal Naive
48260,0.0,Seasonal Naive
481229,0.0,Seasonal Naive
127242,10212.050000000001,Seasonal Naive
90516,0.0,Seasonal Naive
380081,0.45,Seasonal Naive
428842,9731.460000000001,Seasonal Naive
554812,84157.39000000001,Seasonal Naive
305424,2990.9100000000003,Seasonal Naive
45765,3458.77,Seasonal Naive
28480,1644.17,Seasonal Naive
97071,0.0,Seasonal Naive
391371,6.79,Seasonal Naive
318108,12.74,Seasonal Naive
99504,8121.120000000001,Seasonal Naive
86110,3793.9500000000003,Seasonal Naive
450167,261.69,Seasonal Naive
4239,0.0,Seasonal Naive
110699,4051.91,Seasonal Naive
84835,0.0,Seasonal Naive
190601,10334.310000000001,Seasonal Naive
4958,1251.9099999999999,Seasonal Naive
84588,2538.4799999999996,Seasonal Naive
85676,7015.320000000001,Seasonal Naive
303598,13.120000000000001,Seasonal Naive
326824,12611.640000000001,Seasonal Naive
146001,5380.090000000001,Seasonal Naive
74995,6.9,Seasonal Naive
153652,7542.74,Seasonal Naive
141882,21468.239999999998,Seasonal Naive
99878,1515.6499999999999,Seasonal Naive
153602,0.0,Seasonal Naive
5838,3391.0099999999998,Seasonal Naive
123058,0.0,Seasonal Naive
99551,0.0,Seasonal Naive
150831,22885.829999999998,Seasonal Naive
142291,87.64,Seasonal Naive
20992,6092.74,Seasonal Naive
362208,35232.4,Seasonal Naive
165312,6658.45,Seasonal Naive
362178,21835.89,Seasonal Naive
166169,1579.42,Seasonal Naive
124221,3865.26,Seasonal Naive
92266,25.05,Seasonal Naive
124048,0.0,Seasonal Naive
143854,5583.839999999999,Seasonal Naive
12485,0.0,Seasonal Naive
328073,2.57,Seasonal Naive
5022,2377.23,Seasonal Naive
298426,1.21,Seasonal Naive
363838,666.23,Seasonal Naive
13536,8214.83,Seasonal Naive
406364,0.0,Seasonal Naive
329658,11975.49,Seasonal Naive
265261,1699.3000000000002,Seasonal Naive
67469,13905.559999999998,Seasonal Naive
77370,9149.939999999999,Seasonal Naive
86029,7271.740000000001,Seasonal Naive
37699,3015.64,Seasonal Naive
99335,20849.17,Seasonal Naive
24034,8797.84,Seasonal Naive
190575,0.36,Seasonal Naive
76656,0.0,Seasonal Naive
35572,3852.71,Seasonal Naive
91401,2379.87,Seasonal Naive
27887,0.0,Seasonal Naive
134730,1.69,Seasonal Naive
48495,0.0,Seasonal Naive
68780,1155.2000000000003,Seasonal Naive
12342,4.46,Seasonal Naive
428841,4234.129999999999,Seasonal Naive
435307,5953.0199999999995,Seasonal Naive
139509,5361.88,Seasonal Naive
37453,2867.8999999999996,Seasonal Naive
273009,6245.889999999999,Seasonal Naive
49731,0.0,Seasonal Naive
99361,14426.839999999998,Seasonal Naive
225910,0.0,Seasonal Naive
29029,13192.649999999998,Seasonal Naive
113041,0.0,Seasonal Naive
176043,0.0,Seasonal Naive
10376,13586.650000000003,Seasonal Naive
143883,229.64000000000001,Seasonal Naive
145634,12.51,Seasonal Naive
420724,68786.83,Seasonal Naive
295322,0.0,Seasonal Naive
294172,7944.609999999999,Seasonal Naive
438398,71416.36,Seasonal Naive
37476,11703.74,Seasonal Naive
317952,1625.7399999999998,Seasonal Naive
167655,29272.61,Seasonal Naive
75077,36527.65,Seasonal Naive
95735,3205.22,Seasonal Naive
462583,4593.79,Seasonal Naive
395339,81384.53,Seasonal Naive
134962,7658.52,Seasonal Naive
91646,0.0,Seasonal Naive
168105,4681.2,Seasonal Naive
175055,0.0,Seasonal Naive
85255,5.15,Seasonal Naive
166184,252.68,Seasonal Naive
28950,8249.92,Seasonal Naive
112270,2.5,Seasonal Naive
275042,0.0,Seasonal Naive
97920,7350.58,Seasonal Naive
98164,0.96,Seasonal Naive
37495,13173.819999999998,Seasonal Naive
222019,0.0,Seasonal Naive
59853,3076.8800000000006,Seasonal Naive
150736,2262.65,Seasonal Naive
56173,40.03,Seasonal Naive
79518,72.38000000000001,Seasonal Naive
394470,6955.08,Seasonal Naive
412493,39451.810000000005,Seasonal Naive
3932,7615.31,Seasonal Naive
404756,33242.29,Seasonal Naive
78927,25251.479999999996,Seasonal Naive
325104,12229.06,Seasonal Naive
5447,2790.5,Seasonal Naive
500458,2795.1400000000003,Seasonal Naive
145558,4580.240000000001,Seasonal Naive
363649,13177.380000000001,Seasonal Naive
82270,3811.2299999999996,Seasonal Naive
348764,18496.54,Seasonal Naive
71428,2240.92,Seasonal Naive
65593,976.21,Seasonal Naive
66478,3282.3100000000004,Seasonal Naive
12013,18437.079999999998,Seasonal Naive
28880,14052.539999999999,Seasonal Naive
39127,1473.22,Seasonal Naive
293393,1.74,Seasonal Naive
50442,32345.62,Seasonal Naive
5456,1805.9799999999998,Seasonal Naive
113470,0.0,Seasonal Naive
331172,14539.69,Seasonal Naive
14001,0.0,Seasonal Naive
467974,0.0,Seasonal Naive
97903,861.7499999999999,Seasonal Naive
443533,0.0,Seasonal Naive
35418,0.0,Seasonal Naive
180414,0.0,Seasonal Naive
107360,3955.32,Seasonal Naive
142236,86763.4,Seasonal Naive
326579,0.0,Seasonal Naive
233756,823.3399999999999,Seasonal Naive
401969,4697.539999999999,Seasonal Naive
4882,3385.2900000000004,Seasonal Naive
167150,106606.18000000001,Seasonal Naive
379467,25441.6,Seasonal Naive
356780,17359.26,Seasonal Naive
143809,0.0,Seasonal Naive
188959,13541.02,Seasonal Naive
38270,705.5400000000001,Seasonal Naive
29443,0.0,Seasonal Naive
9070,7196.630000000001,Seasonal Naive
114669,4599.42,Seasonal Naive
312313,1188.9499999999998,Seasonal Naive
18629,17345.640000000003,Seasonal Naive
223090,8566.039999999999,Seasonal Naive
20709,16337.73,Seasonal Naive
427569,26746.82,Seasonal Naive
30302,2448.0200000000004,Seasonal Naive
239534,0.0,Seasonal Naive
75140,7510.630000000001,Seasonal Naive
12268,12392.379999999997,Seasonal Naive
326086,8885.05,Seasonal Naive
231143,8483.710000000001,Seasonal Naive
83888,11288.419999999998,Seasonal Naive
251283,3708.3099999999995,Seasonal Naive
79591,4925.499999999999,Seasonal Naive
75945,26526.800000000003,Seasonal Naive
125430,4964.23,Seasonal Naive
75844,17351.63,Seasonal Naive
55221,7517.110000000001,Seasonal Naive
88694,14223.609999999999,Seasonal Naive
31710,4773.999999999999,Seasonal Naive
62635,0.0,Seasonal Naive
431459,0.0,Seasonal Naive
27110,1546.41,Seasonal Naive
309782,273.13,Seasonal Naive
124249,0.0,Seasonal Naive
190602,6431.32,Seasonal Naive
98279,14435.490000000002,Seasonal Naive
187593,10629.86,Seasonal Naive
347550,0.0,Seasonal Naive
97877,34788.3,Seasonal Naive
67585,5355.48,Seasonal Naive
487655,81.15,Seasonal Naive
43487,10392.970000000001,Seasonal Naive
376276,122962.5,Seasonal Naive
20473,0.0,Seasonal Naive
138766,3198.0200000000004,Seasonal Naive
289636,18615.71,Seasonal Naive
95691,30957.19,Seasonal Naive
452151,45.21,Seasonal Naive
86307,4323.22,Seasonal Naive
343083,45735.78,Seasonal Naive
4695,4220.780000000001,Seasonal Naive
317809,6290.870000000001,Seasonal Naive
381904,4265.98,Seasonal Naive
99749,8.120000000000001,Seasonal Naive
274912,0.0,Seasonal Naive
135897,7439.42,Seasonal Naive
416844,1451.43,Seasonal Naive
126543,13828.510000000002,Seasonal Naive
69941,9437.01,Seasonal Naive
33089,10755.15,Seasonal Naive
122221,5570.73,Seasonal Naive
75638,0.0,Seasonal Naive
190524,20200.76,Seasonal Naive
201898,1399.1699999999998,Seasonal Naive
84789,3541.6099999999997,Seasonal Naive
111040,0.0,Seasonal Naive
141333,2577.9,Seasonal Naive
86470,7371.089999999999,Seasonal Naive
411933,0.0,Seasonal Naive
287270,287.80999999999995,Seasonal Naive
12360,0.0,Seasonal Naive
130951,64959.520000000004,Seasonal Naive
366062,3888.59,Seasonal Naive
87911,1522.3099999999997,Seasonal Naive
51972,9481.44,Seasonal Naive
425107,5512.91,Seasonal Naive
41650,679115.98,Seasonal Naive
303551,1201.25,Seasonal Naive
417333,51032.42,Seasonal Naive
112033,162.13000000000002,Seasonal Naive
298017,10243.97,Seasonal Naive
90830,0.72,Seasonal Naive
153066,9718.289999999999,Seasonal Naive
18530,19247.260000000002,Seasonal Naive
124145,21356.08,Seasonal Naive
9369,16146.079999999996,Seasonal Naive
503916,14147.05,Seasonal Naive
81918,13786.400000000001,Seasonal Naive
443611,14199.089999999998,Seasonal Naive
5071,1376.3300000000002,Seasonal Naive
67417,4372.85,Seasonal Naive
307714,16238.349999999999,Seasonal Naive
81935,2365.34,Seasonal Naive
155299,13098.3,Seasonal Naive
123061,0.0,Seasonal Naive
71802,10.65,Seasonal Naive
502472,67681.06999999999,Seasonal Naive
230150,2902.8599999999997,Seasonal Naive
81285,41740.020000000004,Seasonal Naive
166735,4008.78,Seasonal Naive
174418,10400.140000000001,Seasonal Naive
174000,0.0,Seasonal Naive
51949,0.0,Seasonal Naive
156754,27791.01,Seasonal Naive
54287,45934.33,Seasonal Naive
59335,6308.36,Seasonal Naive
136577,15412.14,Seasonal Naive
83515,19203.26,Seasonal Naive
175948,0.0,Seasonal Naive
112031,400.06,Seasonal Naive
8621,7358.25,Seasonal Naive
119439,0.0,Seasonal Naive
431309,5351.919999999999,Seasonal Naive
76657,0.0,Seasonal Naive
70448,0.0,Seasonal Naive
297637,6051.62,Seasonal Naive
30576,30855.379999999997,Seasonal Naive
27952,5412.79,Seasonal Naive
132362,12559.099999999999,Seasonal Naive
121185,29823.489999999998,Seasonal Naive
233755,1834.7099999999998,Seasonal Naive
35364,16966.01,Seasonal Naive
92178,14507.39,Seasonal Naive
325169,20597.850000000002,Seasonal Naive
79593,5077.910000000001,Seasonal Naive
81785,0.0,Seasonal Naive
482531,60323.5,Seasonal Naive
4696,990.2800000000001,Seasonal Naive
223398,0.0,Seasonal Naive
123654,0.0,Seasonal Naive
234757,8300.48,Seasonal Naive
407213,0.0,Seasonal Naive
317314,0.0,Seasonal Naive
10537,6351.4400000000005,Seasonal Naive
111046,6569.85,Seasonal Naive
155947,44529.51,Seasonal Naive
488774,65.65,Seasonal Naive
136869,12609.62,Seasonal Naive
438396,58529.05,Seasonal Naive
108308,18450.18,Seasonal Naive
504671,0.0,Seasonal Naive
29694,38768.45,Seasonal Naive
36013,0.0,Seasonal Naive
4681,0.0,Seasonal Naive
407974,0.0,Seasonal Naive
90632,3655.6600000000003,Seasonal Naive
65599,8737.34,Seasonal Naive
68713,536.1,Seasonal Naive
109990,1066.8,Seasonal Naive
112481,5121.39,Seasonal Naive
29028,23779.85,Seasonal Naive
31892,16552.91,Seasonal Naive
328381,0.0,Seasonal Naive
48427,11482.22,Seasonal Naive
165711,1405.29,Seasonal Naive
125425,12785.720000000001,Seasonal Naive
404459,25954.82,Seasonal Naive
84788,9325.05,Seasonal Naive
62422,12082.24,Seasonal Naive
417334,43770.6,Seasonal Naive
83276,0.0,Seasonal Naive
233007,8457.83,Seasonal Naive
99538,0.0,Seasonal Naive
12298,12241.320000000002,Seasonal Naive
64210,0.0,Seasonal Naive
82227,0.0,Seasonal Naive
29305,7808.329999999999,Seasonal Naive
112959,97612.25,Seasonal Naive
102755,7144.37,Seasonal Naive
67471,16146.060000000003,Seasonal Naive
431117,4905.679999999999,Seasonal Naive
326617,12394.759999999998,Seasonal Naive
62423,0.0,Seasonal Naive
502470,3.74,Seasonal Naive
122189,4602.9400000000005,Seasonal Naive
309739,34283.93,Seasonal Naive
328218,6862.21,Seasonal Naive
431308,0.0,Seasonal Naive
144893,3444.2500000000005,Seasonal Naive
263107,2341.75,Seasonal Naive
6328,9423.039999999999,Seasonal Naive
407963,10921.720000000001,Seasonal Naive
6530,23959.39,Seasonal Naive
81287,22523.559999999998,Seasonal Naive
55166,4182.91,Seasonal Naive
560,5884.540000000001,Seasonal Naive
512,1764.2200000000003,Seasonal Naive
36736,3177.34,Seasonal Naive
84711,6873.67,Seasonal Naive
5723,7154.68,Seasonal Naive
102894,0.0,Seasonal Naive
449775,53569.51999999999,Seasonal Naive
74536,18139.35,Seasonal Naive
429320,3741.78,Seasonal Naive
392620,0.0,Seasonal Naive
40421,13011.79,Seasonal Naive
80143,2508.81,Seasonal Naive
5163,5734.89,Seasonal Naive
92263,430.19,Seasonal Naive
153262,7763.51,Seasonal Naive
60417,16033.64,Seasonal Naive
117166,10974.400000000001,Seasonal Naive
378777,4563.29,Seasonal Naive
66470,8718.36,Seasonal Naive
185926,0.0,Seasonal Naive
81875,674.7499999999999,Seasonal Naive
336405,930.4200000000001,Seasonal Naive
161710,616.67,Seasonal Naive
6254,5792.31,Seasonal Naive
408902,3.44,Seasonal Naive
6423,2438.15,Seasonal Naive
4275,6748.58,Seasonal Naive
280744,3368.7499999999995,Seasonal Naive
140830,0.0,Seasonal Naive
327234,12424.849999999999,Seasonal Naive
60640,6906.5199999999995,Seasonal Naive
225835,10862.919999999998,Seasonal Naive
325635,24538.54,Seasonal Naive
9368,10738.1,Seasonal Naive
406679,14169.28,Seasonal Naive
99319,13016.86,Seasonal Naive
77276,20453.99,Seasonal Naive
146958,13700.230000000003,Seasonal Naive
129887,0.0,Seasonal Naive
63432,3702.05,Seasonal Naive
145687,9952.18,Seasonal Naive
105720,0.0,Seasonal Naive
289679,27031.609999999997,Seasonal Naive
99806,5838.48,Seasonal Naive
8964,14363.130000000001,Seasonal Naive
92386,33001.37,Seasonal Naive
156401,3588.26,Seasonal Naive
68054,5801.08,Seasonal Naive
161443,35845.64,Seasonal Naive
366063,5893.389999999999,Seasonal Naive
99325,15723.95,Seasonal Naive
74023,16632.250000000004,Seasonal Naive
72873,13294.800000000001,Seasonal Naive
88497,0.0,Seasonal Naive
41539,838.97,Seasonal Naive
155291,18454.7,Seasonal Naive
37375,0.0,Seasonal Naive
37465,3412.22,Seasonal Naive
223327,0.41,Seasonal Naive
81936,570.38,Seasonal Naive
178287,9755.69,Seasonal Naive
420846,643.41,Seasonal Naive
327706,0.0,Seasonal Naive
407972,0.0,Seasonal Naive
176052,20919.409999999996,Seasonal Naive
29498,13511.44,Seasonal Naive
188081,99.74,Seasonal Naive
81736,8417.230000000001,Seasonal Naive
4371,13830.439999999999,Seasonal Naive
138885,13052.84,Seasonal Naive
21012,3049.6499999999996,Seasonal Naive
400564,0.0,Seasonal Naive
387984,12313.140000000001,Seasonal Naive
75845,16128.470000000001,Seasonal Naive
91262,2617.93,Seasonal Naive
77781,0.0,Seasonal Naive
124060,4744.090000000001,Seasonal Naive
86140,23230.17,Seasonal Naive
1454,8085.530000000001,Seasonal Naive
85970,3487.35,Seasonal Naive
95705,12499.169999999998,Seasonal Naive
82084,27405.139999999996,Seasonal Naive
36925,0.0,Seasonal Naive
69084,4717.17,Seasonal Naive
5382,14460.479999999998,Seasonal Naive
427278,11135.82,Seasonal Naive
196820,9662.5,Seasonal Naive
112303,55672.36,Seasonal Naive
328807,36772.630000000005,Seasonal Naive
311757,2141.66,Seasonal Naive
179378,8611.039999999999,Seasonal Naive
97364,5812.43,Seasonal Naive
5699,70051.31,Seasonal Naive
11987,6759.48,Seasonal Naive
106049,13440.84,Seasonal Naive
9366,18318.08,Seasonal Naive
408942,8083.46,Seasonal Naive
343031,13294.490000000002,Seasonal Naive
225914,8868.67,Seasonal Naive
352933,72374.34000000001,Seasonal Naive
452135,0.0,Seasonal Naive
8788,5561.620000000001,Seasonal Naive
65903,5661.71,Seasonal Naive
161309,9307.95,Seasonal Naive
169175,0.0,Seasonal Naive
91176,4540.55,Seasonal Naive
342977,13718.329999999998,Seasonal Naive
229233,10759.19,Seasonal Naive
84222,16737.56,Seasonal Naive
171331,27559.390000000003,Seasonal Naive
373793,0.0,Seasonal Naive
116938,7744.509999999999,Seasonal Naive
24205,2356.42,Seasonal Naive
134551,0.85,Seasonal Naive
141582,0.0,Seasonal Naive
73965,8868.94,Seasonal Naive
287757,4.93,Seasonal Naive
450141,10500.16,Seasonal Naive
104884,240.37999999999997,Seasonal Naive
387998,137588.65,Seasonal Naive
177336,0.0,Seasonal Naive
199325,0.0,Seasonal Naive
138007,5241.27,Seasonal Naive
139503,13824.1,Seasonal Naive
268098,172.2,Seasonal Naive
443905,8698.29,Seasonal Naive
156993,223.44,Seasonal Naive
180996,306.22999999999996,Seasonal Naive
389720,885.69,Seasonal Naive
161003,2905.1099999999997,Seasonal Naive
122452,8434.84,Seasonal Naive
44089,0.0,Seasonal Naive
108577,13007.32,Seasonal Naive
172036,0.0,Seasonal Naive
287263,0.0,Seasonal Naive
65741,8370.17,Seasonal Naive
54288,109427.29,Seasonal Naive
74960,2162.86,Seasonal Naive
306843,0.0,Seasonal Naive
166148,4720.469999999999,Seasonal Naive
144105,8081.58,Seasonal Naive
31568,20.95,Seasonal Naive
272961,10813.83,Seasonal Naive
4016,0.0,Seasonal Naive
11950,92333.73999999999,Seasonal Naive
84777,14586.01,Seasonal Naive
484302,16178.09,Seasonal Naive
156332,28.23,Seasonal Naive
143995,43576.73,Seasonal Naive
414262,2441.9300000000003,Seasonal Naive
324176,34357.32,Seasonal Naive
251284,7205.619999999999,Seasonal Naive
25647,0.0,Seasonal Naive
30879,10980.369999999999,Seasonal Naive
379295,7568.33,Seasonal Naive
191403,26243.8,Seasonal Naive
132360,22906.7,Seasonal Naive
12289,13948.060000000001,Seasonal Naive
98521,2729.4100000000003,Seasonal Naive
74198,0.0,Seasonal Naive
10541,8899.91,Seasonal Naive
86265,0.0,Seasonal Naive
431467,294.32,Seasonal Naive
59714,13687.78,Seasonal Naive
84834,0.0,Seasonal Naive
423331,7744.82,Seasonal Naive
49310,0.16999999999999998,Seasonal Naive
93300,0.0,Seasonal Naive
71322,13477.3,Seasonal Naive
20766,2123.7999999999997,Seasonal Naive
111105,34906.64,Seasonal Naive
32301,0.0,Seasonal Naive
511177,247871.68,Seasonal Naive
187316,23055.739999999998,Seasonal Naive
199529,10078.119999999999,Seasonal Naive
716749,10516.8,Seasonal Naive
325420,12819.22,Seasonal Naive
113067,13173.310000000001,Seasonal Naive
44499,315.8200000000001,Seasonal Naive
76530,0.0,Seasonal Naive
79550,0.0,Seasonal Naive
391342,397.51,Seasonal Naive
127333,493.9,Seasonal Naive
49136,2238.12,Seasonal Naive
63748,12757.609999999999,Seasonal Naive
4281,0.0,Seasonal Naive
155042,3625.28,Seasonal Naive
65977,34131.09,Seasonal Naive
188096,0.0,Seasonal Naive
11394,19791.64,Seasonal Naive
154608,15685.240000000002,Seasonal Naive
285409,16010.6,Seasonal Naive
303885,13728.870000000003,Seasonal Naive
7504,4702.07,Seasonal Naive
421617,1703.2199999999998,Seasonal Naive
371467,75929.38,Seasonal Naive
22712,13931.480000000001,Seasonal Naive
12379,18553.5,Seasonal Naive
132704,23235.129999999997,Seasonal Naive
187749,6.81,Seasonal Naive
104320,11512.470000000001,Seasonal Naive
546952,16657.48,Seasonal Naive
86044,4140.2,Seasonal Naive
175342,0.0,Seasonal Naive
81658,965.65,Seasonal Naive
78966,33034.67,Seasonal Naive
28582,2006.7199999999998,Seasonal Naive
346381,0.0,Seasonal Naive
33375,19998.33,Seasonal Naive
226450,3061.78,Seasonal Naive
49121,4006.02,Seasonal Naive
378503,17396.870000000003,Seasonal Naive
138346,10396.490000000002,Seasonal Naive
38425,3413.63,Seasonal Naive
76142,21988.300000000003,Seasonal Naive
4410,0.0,Seasonal Naive
100049,17658.149999999998,Seasonal Naive
110766,11918.259999999998,Seasonal Naive
178909,51150.92,Seasonal Naive
99745,0.1,Seasonal Naive
174369,5607.33,Seasonal Naive
11721,0.0,Seasonal Naive
85253,79.83999999999999,Seasonal Naive
13304,3459.35,Seasonal Naive
81339,11081.369999999999,Seasonal Naive
306053,0.0,Seasonal Naive
66130,1.85,Seasonal Naive
427273,38470.729999999996,Seasonal Naive
175343,0.0,Seasonal Naive
171137,3.4799999999999995,Seasonal Naive
479719,2199.29,Seasonal Naive
310524,2242.72,Seasonal Naive
135250,26576.54,Seasonal Naive
296843,23335.84,Seasonal Naive
94694,7994.07,Seasonal Naive
20715,4120.53,Seasonal Naive
38433,2940.3799999999997,Seasonal Naive
106158,0.0,Seasonal Naive
111163,57875.18,Seasonal Naive
8965,10443.529999999999,Seasonal Naive
36012,2429.92,Seasonal Naive
107812,4718.1,Seasonal Naive
88465,9919.13,Seasonal Naive
407128,6007.549999999999,Seasonal Naive
83098,6380.23,Seasonal Naive
8230,0.0,Seasonal Naive
36926,0.0,Seasonal Naive
89659,7921.040000000001,Seasonal Naive
102759,12554.24,Seasonal Naive
86168,15847.58,Seasonal Naive
41199,4065.4900000000007,Seasonal Naive
137996,15995.67,Seasonal Naive
87839,44262.159999999996,Seasonal Naive
5663,10158.550000000001,Seasonal Naive
232877,0.0,Seasonal Naive
6152,4687.95,Seasonal Naive
89250,31052.800000000003,Seasonal Naive
3919,11496.180000000002,Seasonal Naive
71280,4786.84,Seasonal Naive
75075,16730.27,Seasonal Naive
324191,11603.510000000002,Seasonal Naive
161308,0.0,Seasonal Naive
352734,3705.4900000000002,Seasonal Naive
75802,0.0,Seasonal Naive
117674,0.0,Seasonal Naive
112060,3047.26,Seasonal Naive
298119,31731.940000000002,Seasonal Naive
75401,5.69,Seasonal Naive
75626,0.0,Seasonal Naive
189053,8145.349999999999,Seasonal Naive
155276,14033.069999999998,Seasonal Naive
3496,0.0,Seasonal Naive
421621,0.0,Seasonal Naive
145685,15155.36,Seasonal Naive
84851,3223.67,Seasonal Naive
144156,12709.880000000001,Seasonal Naive
139018,28346.819999999996,Seasonal Naive
406847,31717.65,Seasonal Naive
12167,24519.73,Seasonal Naive
30695,7400.03,Seasonal Naive
124047,0.0,Seasonal Naive
188045,1646.4700000000003,Seasonal Naive
161018,10894.86,Seasonal Naive
17277,55.48,Seasonal Naive
362221,76524.90000000001,Seasonal Naive
293461,9457.96,Seasonal Naive
64420,8745.18,Seasonal Naive
47462,6886.67,Seasonal Naive
330868,11912.539999999999,Seasonal Naive
486004,1408.19,Seasonal Naive
294407,10676.289999999999,Seasonal Naive
4993,19662.380000000005,Seasonal Naive
378739,30.27,Seasonal Naive
37374,0.0,Seasonal Naive
1578,11569.51,Seasonal Naive
40852,4363.84,Seasonal Naive
17354,0.0,Seasonal Naive
45763,6131.77,Seasonal Naive
39931,34195.81,Seasonal Naive
108519,13648.82,Seasonal Naive
299601,4131.1,Seasonal Naive
134053,6610.29,Seasonal Naive
190523,39165.7,Seasonal Naive
303484,9587.359999999999,Seasonal Naive
110945,0.0,Seasonal Naive
477118,39208.340000000004,Seasonal Naive
126313,2088.12,Seasonal Naive
38262,10403.86,Seasonal Naive
93228,6460.209999999999,Seasonal Naive
408943,26667.219999999994,Seasonal Naive
389600,28081.92,Seasonal Naive
109293,3532.9500000000003,Seasonal Naive
111058,0.0,Seasonal Naive
5248,0.97,Seasonal Naive
4080,0.0,Seasonal Naive
406963,114046.68999999999,Seasonal Naive
111992,910.08,Seasonal Naive
111616,1962.6,Seasonal Naive
95379,13479.839999999998,Seasonal Naive
352925,4332.34,Seasonal Naive
66534,6586.34,Seasonal Naive
118546,12809.92,Seasonal Naive
289682,24445.37,Seasonal Naive
111137,11530.880000000001,Seasonal Naive
46423,65466.03999999999,Seasonal Naive
546950,87516.53,Seasonal Naive
56644,10564.91,Seasonal Naive
136576,24849.430000000004,Seasonal Naive
25736,21275.350000000002,Seasonal Naive
342975,9738.64,Seasonal Naive
56080,6369.059999999999,Seasonal Naive
56174,5.17,Seasonal Naive
102959,17582.879999999997,Seasonal Naive
75902,0.0,Seasonal Naive
75846,23637.83,Seasonal Naive
406705,0.0,Seasonal Naive
174360,3053.62,Seasonal Naive
64170,45794.520000000004,Seasonal Naive
77354,8275.210000000001,Seasonal Naive
94737,13613.680000000002,Seasonal Naive
20601,30371.33,Seasonal Naive
63139,36541.3,Seasonal Naive
144889,15893.110000000002,Seasonal Naive
7610,15728.989999999998,Seasonal Naive
84802,10349.289999999999,Seasonal Naive
6108,6.63,Seasonal Naive
379279,72.89,Seasonal Naive
13256,9578.15,Seasonal Naive
296609,1433.66,Seasonal Naive
130293,0.0,Seasonal Naive
69311,11096.080000000002,Seasonal Naive
46424,75274.59,Seasonal Naive
124798,13792.960000000003,Seasonal Naive
87844,5163.09,Seasonal Naive
9685,4754.26,Seasonal Naive
155270,0.0,Seasonal Naive
318168,2255.06,Seasonal Naive
161306,0.0,Seasonal Naive
295324,4208.410000000001,Seasonal Naive
378258,11577.569999999998,Seasonal Naive
30881,13200.1,Seasonal Naive
9934,23584.829999999998,Seasonal Naive
399312,0.0,Seasonal Naive
268112,246.87,Seasonal Naive
4211,8152.600000000001,Seasonal Naive
105129,17449.71,Seasonal Naive
174152,5142.510000000001,Seasonal Naive
361943,26156.02,Seasonal Naive
171190,325.67999999999995,Seasonal Naive
99136,3638.79,Seasonal Naive
33063,9987.36,Seasonal Naive
76806,0.0,Seasonal Naive
135094,7881.690000000001,Seasonal Naive
353162,0.0,Seasonal Naive
378542,31639.380000000005,Seasonal Naive
27653,8389.02,Seasonal Naive
135226,6968.789999999999,Seasonal Naive
41713,7919.580000000001,Seasonal Naive
86101,165.39999999999998,Seasonal Naive
110064,0.0,Seasonal Naive
61941,793.45,Seasonal Naive
92188,37423.159999999996,Seasonal Naive
295319,6.83,Seasonal Naive
84724,8901.800000000001,Seasonal Naive
153512,8763.789999999999,Seasonal Naive
84804,582.0999999999999,Seasonal Naive
174460,1440.2000000000003,Seasonal Naive
4537,6356.41,Seasonal Naive
86171,18031.670000000002,Seasonal Naive
75122,64988.66,Seasonal Naive
33080,27960.329999999998,Seasonal Naive
410817,39090.35,Seasonal Naive
17234,14637.03,Seasonal Naive
142346,3495.879999999999,Seasonal Naive
84642,6401.019999999999,Seasonal Naive
9164,1675.94,Seasonal Naive
171326,0.0,Seasonal Naive
324011,38132.42,Seasonal Naive
389528,0.0,Seasonal Naive
108315,3696.5000000000005,Seasonal Naive
79332,4160.83,Seasonal Naive
402052,12565.210000000001,Seasonal Naive
247731,20611.750000000004,Seasonal Naive
307743,278.82000000000005,Seasonal Naive
378058,209.25,Seasonal Naive
362338,56224.78,Seasonal Naive
45735,3.46,Seasonal Naive
500232,130773.03000000001,Seasonal Naive
136938,42757.17999999999,Seasonal Naive
155866,5732.160000000001,Seasonal Naive
142242,29233.94,Seasonal Naive
440129,90676.56999999999,Seasonal Naive
20953,4894.870000000001,Seasonal Naive
62638,45030.3,Seasonal Naive
5386,13013.849999999999,Seasonal Naive
378797,2064.4399999999996,Seasonal Naive
5982,16260.19,Seasonal Naive
160096,2824.3999999999996,Seasonal Naive
118089,23996.289999999997,Seasonal Naive
83978,15669.72,Seasonal Naive
348768,19310.71,Seasonal Naive
10596,6755.880000000001,Seasonal Naive
95046,4668.26,Seasonal Naive
153617,10284.910000000002,Seasonal Naive
150858,4909.38,Seasonal Naive
373802,0.0,Seasonal Naive
337180,35089.11,Seasonal Naive
468031,6497.53,Seasonal Naive
169353,61774.740000000005,Seasonal Naive
179040,0.0,Seasonal Naive
30445,0.0,Seasonal Naive
43231,7478.379999999999,Seasonal Naive
112259,16886.21,Seasonal Naive
76804,1.0,Seasonal Naive
51962,0.0,Seasonal Naive
33723,21358.01,Seasonal Naive
156331,45.14,Seasonal Naive
97339,0.0,Seasonal Naive
153592,6229.61,Seasonal Naive
68742,44191.530000000006,Seasonal Naive
298126,13362.7,Seasonal Naive
307712,6.54,Seasonal Naive
79735,0.0,Seasonal Naive
423669,6090.630000000001,Seasonal Naive
91304,0.0,Seasonal Naive
72132,0.0,Seasonal Naive
79494,16883.1,Seasonal Naive
306054,0.0,Seasonal Naive
64425,7695.42,Seasonal Naive
175763,34892.14,Seasonal Naive
109792,0.0,Seasonal Naive
91071,13555.069999999998,Seasonal Naive
194010,85919.38,Seasonal Naive
109011,35334.11,Seasonal Naive
30753,9177.46,Seasonal Naive
112660,3791.68,Seasonal Naive
63392,3923.78,Seasonal Naive
97007,2684.77,Seasonal Naive
129467,10119.740000000002,Seasonal Naive
118318,11446.0,Seasonal Naive
451329,4028.9800000000005,Seasonal Naive
148113,28637.129999999997,Seasonal Naive
81937,9513.93,Seasonal Naive
188103,27780.640000000003,Seasonal Naive
124849,22918.82,Seasonal Naive
65150,0.0,Seasonal Naive
452160,14.629999999999999,Seasonal Naive
356758,6713.180000000001,Seasonal Naive
233008,26808.499999999996,Seasonal Naive
135964,16628.44,Seasonal Naive
160863,0.0,Seasonal Naive
298400,3799.7300000000005,Seasonal Naive
336187,23369.43,Seasonal Naive
85443,23218.949999999997,Seasonal Naive
94752,0.0,Seasonal Naive
97335,0.0,Seasonal Naive
68079,7294.959999999999,Seasonal Naive
22107,29024.07,Seasonal Naive
395335,225017.09999999998,Seasonal Naive
150830,13951.890000000001,Seasonal Naive
7377,4184.2300000000005,Seasonal Naive
63517,0.0,Seasonal Naive
29087,5898.01,Seasonal Naive
410497,9284.59,Seasonal Naive
179819,2.4299999999999997,Seasonal Naive
5041,14.879999999999999,Seasonal Naive
117678,0.0,Seasonal Naive
155271,0.0,Seasonal Naive
429378,228312.66,Seasonal Naive
79622,12180.779999999999,Seasonal Naive
32260,0.0,Seasonal Naive
289642,0.0,Seasonal Naive
75089,10833.05,Seasonal Naive
74048,13932.62,Seasonal Naive
144157,0.0,Seasonal Naive
82342,9810.95,Seasonal Naive
6913,0.0,Seasonal Naive
228407,616.65,Seasonal Naive
35483,5084.570000000001,Seasonal Naive
485560,212637.06000000003,Seasonal Naive
90375,17.740000000000002,Seasonal Naive
143820,18226.19,Seasonal Naive
190531,17706.03,Seasonal Naive
112345,863.9999999999998,Seasonal Naive
175398,0.0,Seasonal Naive
139041,15800.61,Seasonal Naive
190317,3952.0600000000004,Seasonal Naive
92978,9112.14,Seasonal Naive
107969,7450.85,Seasonal Naive
314715,30796.739999999994,Seasonal Naive
46354,11207.16,Seasonal Naive
90838,0.0,Seasonal Naive
49319,8176.49,Seasonal Naive
127576,8721.62,Seasonal Naive
500067,20048.62,Seasonal Naive
239530,276.6,Seasonal Naive
35719,3647.5199999999995,Seasonal Naive
9748,3414.0299999999997,Seasonal Naive
56194,0.0,Seasonal Naive
267001,4006.86,Seasonal Naive
49876,12160.94,Seasonal Naive
11724,3890.67,Seasonal Naive
122357,14340.829999999998,Seasonal Naive
141448,17116.78,Seasonal Naive
310518,0.0,Seasonal Naive
129276,3292.31,Seasonal Naive
404903,304972.31,Seasonal Naive
339312,6716.61,Seasonal Naive
327250,3769.1400000000003,Seasonal Naive
294673,10179.380000000001,Seasonal Naive
99672,18517.64,Seasonal Naive
297666,15526.31,Seasonal Naive
75913,11234.900000000001,Seasonal Naive
87446,0.0,Seasonal Naive
139312,9.61,Seasonal Naive
382855,3227.83,Seasonal Naive
44541,4029.22,Seasonal Naive
389686,0.0,Seasonal Naive
117668,25.28,Seasonal Naive
17353,0.0,Seasonal Naive
22254,0.0,Seasonal Naive
38261,10772.91,Seasonal Naive
436942,110381.04,Seasonal Naive
76958,7150.34,Seasonal Naive
13548,11059.55,Seasonal Naive
327137,11843.539999999997,Seasonal Naive
95736,8281.369999999999,Seasonal Naive
21808,28272.08,Seasonal Naive
117546,0.0,Seasonal Naive
110752,2919.37,Seasonal Naive
112028,1090.3300000000002,Seasonal Naive
228818,0.0,Seasonal Naive
490245,0.0,Seasonal Naive
118315,12638.92,Seasonal Naive
5216,6650.19,Seasonal Naive
511999,47948.76,Seasonal Naive
308733,47893.45,Seasonal Naive
18408,135.86999999999998,Seasonal Naive
77257,0.0,Seasonal Naive
110779,1796.46,Seasonal Naive
110750,0.0,Seasonal Naive
115638,24224.35,Seasonal Naive
170728,1.61,Seasonal Naive
187703,1797.21,Seasonal Naive
112801,6144.800000000001,Seasonal Naive
295326,22652.440000000002,Seasonal Naive
437223,245776.3,Seasonal Naive
316958,35563.88,Seasonal Naive
390189,19220.729999999996,Seasonal Naive
161559,34218.659999999996,Seasonal Naive
76254,4048.9699999999993,Seasonal Naive
105760,0.0,Seasonal Naive
90942,15878.22,Seasonal Naive
79557,5470.62,Seasonal Naive
178910,24682.879999999997,Seasonal Naive
63222,16889.550000000003,Seasonal Naive
129206,45322.05,Seasonal Naive
265144,1873.3300000000002,Seasonal Naive
454010,0.0,Seasonal Naive
92879,10592.099999999999,Seasonal Naive
124235,5267.219999999999,Seasonal Naive
117676,390.32000000000005,Seasonal Naive
29983,776.9899999999999,Seasonal Naive
406450,35270.7,Seasonal Naive
446858,14596.42,Seasonal Naive
132881,25576.69,Seasonal Naive
448345,23627.490000000005,Seasonal Naive
7144,3282.0799999999995,Seasonal Naive
506813,1095.6100000000001,Seasonal Naive
450766,0.0,Seasonal Naive
110718,5.17,Seasonal Naive
111130,0.0,Seasonal Naive
336409,3315.4900000000002,Seasonal Naive
261589,0.0,Seasonal Naive
88723,52859.89,Seasonal Naive
265201,30383.51,Seasonal Naive
98276,4923.9,Seasonal Naive
26580,0.8300000000000001,Seasonal Naive
126321,2678.11,Seasonal Naive
79620,7829.129999999999,Seasonal Naive
112586,5167.150000000001,Seasonal Naive
441669,4949.84,Seasonal Naive
100099,12814.249999999998,Seasonal Naive
6398,21004.75,Seasonal Naive
4937,9776.67,Seasonal Naive
38289,6588.750000000001,Seasonal Naive
298421,25378.290000000005,Seasonal Naive
265204,26220.359999999997,Seasonal Naive
10444,10230.980000000001,Seasonal Naive
392617,44073.72,Seasonal Naive
76345,41118.26,Seasonal Naive
415091,0.0,Seasonal Naive
161867,0.0,Seasonal Naive
140657,0.63,Seasonal Naive
364283,24397.300000000003,Seasonal Naive
70768,13362.54,Seasonal Naive
105518,7177.84,Seasonal Naive
19858,10377.1,Seasonal Naive
36588,0.0,Seasonal Naive
363699,49043.83,Seasonal Naive
6802,43522.35,Seasonal Naive
297668,14704.570000000003,Seasonal Naive
343512,1376.4699999999998,Seasonal Naive
360229,1428.9899999999998,Seasonal Naive
136070,29745.319999999996,Seasonal Naive
751,505.14000000000004,Seasonal Naive
4372,25058.090000000004,Seasonal Naive
358439,0.0,Seasonal Naive
439565,128273.02,Seasonal Naive
240891,5043.31,Seasonal Naive
39312,6535.42,Seasonal Naive
343521,1563.59,Seasonal Naive
32929,9692.599999999999,Seasonal Naive
161019,28375.99,Seasonal Naive
49353,10769.929999999998,Seasonal Naive
379277,82508.39000000001,Seasonal Naive
408945,13707.559999999998,Seasonal Naive
406706,22399.71,Seasonal Naive
178911,16588.67,Seasonal Naive
441674,0.0,Seasonal Naive
82088,12061.82,Seasonal Naive
22710,18075.82,Seasonal Naive
169099,8278.51,Seasonal Naive
4283,15941.13,Seasonal Naive
127241,11483.380000000001,Seasonal Naive
501766,121718.00000000001,Seasonal Naive
8888,5086.169999999999,Seasonal Naive
23237,14988.990000000002,Seasonal Naive
78967,9951.62,Seasonal Naive
91393,20022.559999999998,Seasonal Naive
406451,23248.46,Seasonal Naive
33065,8930.300000000001,Seasonal Naive
28255,8587.81,Seasonal Naive
93267,3314.46,Seasonal Naive
339398,3905.2900000000004,Seasonal Naive
78716,7742.289999999999,Seasonal Naive
10609,7833.5,Seasonal Naive
240678,18474.400000000005,Seasonal Naive
29411,3472.3499999999995,Seasonal Naive
448194,10.69,Seasonal Naive
137217,57694.69,Seasonal Naive
75056,164.15,Seasonal Naive
164125,5402.22,Seasonal Naive
303553,0.0,Seasonal Naive
546522,62592.850000000006,Seasonal Naive
87751,25921.29,Seasonal Naive
4255,14249.65,Seasonal Naive
1771,79394.81,Seasonal Naive
226800,1413.4599999999998,Seasonal Naive
428846,59890.10000000001,Seasonal Naive
44280,0.0,Seasonal Naive
408903,8.499999999999998,Seasonal Naive
133990,6220.380000000001,Seasonal Naive
442798,117585.91999999998,Seasonal Naive
449769,142683.24,Seasonal Naive
393192,13563.61,Seasonal Naive
127390,82222.38,Seasonal Naive
113080,9915.7,Seasonal Naive
108599,67916.99,Seasonal Naive
84787,15007.029999999999,Seasonal Naive
84662,9628.92,Seasonal Naive
193466,15747.1,Seasonal Naive
66541,6773.669999999999,Seasonal Naive
391339,5256.54,Seasonal Naive
427318,12026.17,Seasonal Naive
293489,3174.0499999999997,Seasonal Naive
48603,9359.830000000002,Seasonal Naive
66277,10719.16,Seasonal Naive
229377,7885.99,Seasonal Naive
169217,9052.390000000001,Seasonal Naive
187973,2903.83,Seasonal Naive
104973,24385.84,Seasonal Naive
95888,21575.859999999997,Seasonal Naive
64810,20703.85,Seasonal Naive
27888,0.36,Seasonal Naive
79886,21211.69,Seasonal Naive
102820,16270.42,Seasonal Naive
161536,13869.09,Seasonal Naive
792580,65798.26999999999,Seasonal Naive
169355,75851.52,Seasonal Naive
127313,40284.96000000001,Seasonal Naive
121141,10436.42,Seasonal Naive
187740,12901.130000000001,Seasonal Naive
68705,2706.43,Seasonal Naive
167147,12972.349999999999,Seasonal Naive
379465,46960.87,Seasonal Naive
184849,8677.73,Seasonal Naive
86100,9714.539999999999,Seasonal Naive
389772,47682.08,Seasonal Naive
124228,8974.14,Seasonal Naive
176041,12272.429999999998,Seasonal Naive
31894,13919.280000000002,Seasonal Naive
298420,38010.479999999996,Seasonal Naive
414270,0.0,Seasonal Naive
71281,15183.219999999998,Seasonal Naive
49143,7223.43,Seasonal Naive
31888,5049.32,Seasonal Naive
93393,13832.28,Seasonal Naive
82228,21703.390000000003,Seasonal Naive
389739,56149.69,Seasonal Naive
90281,3900.0600000000004,Seasonal Naive
239561,3175.2500000000005,Seasonal Naive
107970,3835.28,Seasonal Naive
16973,1111.0100000000002,Seasonal Naive
193865,9745.39,Seasonal Naive
298402,6247.99,Seasonal Naive
91769,9529.779999999999,Seasonal Naive
13060,27308.329999999998,Seasonal Naive
251069,9357.25,Seasonal Naive
42575,4865.32,Seasonal Naive
66922,2401.7000000000003,Seasonal Naive
112590,0.0,Seasonal Naive
343045,2192.4500000000003,Seasonal Naive
99876,52.440000000000005,Seasonal Naive
66294,11050.62,Seasonal Naive
450121,522.29,Seasonal Naive
263086,2041.81,Seasonal Naive
484832,25838.170000000002,Seasonal Naive
298387,0.0,Seasonal Naive
312664,1529.08,Seasonal Naive
86011,19645.83,Seasonal Naive
75016,9155.689999999999,Seasonal Naive
190985,10701.08,Seasonal Naive
74319,3061.7200000000003,Seasonal Naive
55198,30756.970000000005,Seasonal Naive
9751,16334.93,Seasonal Naive
188290,10675.970000000001,Seasonal Naive
174193,0.0,Seasonal Naive
38383,15300.479999999998,Seasonal Naive
7519,24264.31,Seasonal Naive
154920,587.02,Seasonal Naive
223344,268.23,Seasonal Naive
30298,11148.330000000002,Seasonal Naive
175785,5609.03,Seasonal Naive
110789,2886.8500000000004,Seasonal Naive
112679,42342.81999999999,Seasonal Naive
83882,10281.51,Seasonal Naive
127243,12613.820000000002,Seasonal Naive
410763,41282.899999999994,Seasonal Naive
92873,96510.33,Seasonal Naive
66473,9397.21,Seasonal Naive
3933,52376.96,Seasonal Naive
134351,33380.759999999995,Seasonal Naive
8647,14797.900000000001,Seasonal Naive
5439,336.2,Seasonal Naive
402053,12842.23,Seasonal Naive
38435,3186.4399999999996,Seasonal Naive
99805,5889.370000000001,Seasonal Naive
46325,111045.70000000001,Seasonal Naive
108518,16568.19,Seasonal Naive
12293,126.11,Seasonal Naive
346399,21562.62,Seasonal Naive
272941,25.950000000000003,Seasonal Naive
88005,37818.22,Seasonal Naive
190600,11799.29,Seasonal Naive
65622,22830.29,Seasonal Naive
149219,0.0,Seasonal Naive
84849,9940.35,Seasonal Naive
327532,19763.01,Seasonal Naive
86151,6835.029999999999,Seasonal Naive
343570,0.0,Seasonal Naive
94612,717.72,Seasonal Naive
82515,920.11,Seasonal Naive
91466,0.0,Seasonal Naive
31747,11500.51,Seasonal Naive
118253,39693.01,Seasonal Naive
412382,11163.06,Seasonal Naive
468033,15211.48,Seasonal Naive
395340,278109.47000000003,Seasonal Naive
327134,9770.529999999999,Seasonal Naive
188804,0.0,Seasonal Naive
89601,30518.02,Seasonal Naive
326616,24557.49,Seasonal Naive
6004,2587.9200000000005,Seasonal Naive
85699,19326.17,Seasonal Naive
179130,1938.4799999999998,Seasonal Naive
327135,7477.219999999999,Seasonal Naive
338993,3822.4,Seasonal Naive
356582,48977.19,Seasonal Naive
60007,0.0,Seasonal Naive
449768,51028.770000000004,Seasonal Naive
24035,4693.869999999999,Seasonal Naive
29448,6059.42,Seasonal Naive
155873,3785.64,Seasonal Naive
72885,28866.079999999994,Seasonal Naive
12127,0.0,Seasonal Naive
183081,0.0,Seasonal Naive
82086,17955.07,Seasonal Naive
112626,12203.390000000001,Seasonal Naive
348767,25492.680000000004,Seasonal Naive
86182,2167.5199999999995,Seasonal Naive
49225,108109.01999999999,Seasonal Naive
124848,45226.82,Seasonal Naive
49021,30606.489999999998,Seasonal Naive
66387,0.0,Seasonal Naive
317885,33265.77,Seasonal Naive
134725,376.55999999999995,Seasonal Naive
459870,0.0,Seasonal Naive
52057,8695.11,Seasonal Naive
500914,251933.18,Seasonal Naive
71997,9717.93,Seasonal Naive
105774,77966.34999999999,Seasonal Naive
221396,0.0,Seasonal Naive
17179,7481.99,Seasonal Naive
34855,8594.74,Seasonal Naive
63704,15183.48,Seasonal Naive
296704,661.0799999999999,Seasonal Naive
450771,0.0,Seasonal Naive
488263,649.1300000000001,Seasonal Naive
67484,0.0,Seasonal Naive
48812,13027.01,Seasonal Naive
402580,40021.87,Seasonal Naive
19265,17783.79,Seasonal Naive
306847,11527.68,Seasonal Naive
5147,0.0,Seasonal Naive
11403,22778.1,Seasonal Naive
295269,7279.850000000001,Seasonal Naive
327136,15358.99,Seasonal Naive
88727,44403.39,Seasonal Naive
444392,17.869999999999997,Seasonal Naive
91537,10823.389999999998,Seasonal Naive
91314,3683.8599999999997,Seasonal Naive
97167,14679.800000000001,Seasonal Naive
93237,5950.219999999999,Seasonal Naive
93895,17003.499999999996,Seasonal Naive
5926,2300.07,Seasonal Naive
86184,13445.950000000003,Seasonal Naive
20599,38675.78,Seasonal Naive
88530,27980.780000000002,Seasonal Naive
188791,19630.29,Seasonal Naive
99762,2962.99,Seasonal Naive
99452,13807.410000000002,Seasonal Naive
93065,8605.189999999999,Seasonal Naive
97107,19.01,Seasonal Naive
326350,60922.71,Seasonal Naive
50841,12171.569999999998,Seasonal Naive
137686,165141.21000000002,Seasonal Naive
149068,44766.27,Seasonal Naive
84242,12457.71,Seasonal Naive
41712,20954.98,Seasonal Naive
141626,68531.98,Seasonal Naive
93224,7346.4800000000005,Seasonal Naive
223323,216992.31000000003,Seasonal Naive
280808,6863.860000000001,Seasonal Naive
106032,1975.8,Seasonal Naive
3918,12702.04,Seasonal Naive
75767,0.0,Seasonal Naive
43938,18525.71,Seasonal Naive
508,0.0,Seasonal Naive
221395,0.0,Seasonal Naive
443865,45275.65,Seasonal Naive
102893,0.0,Seasonal Naive
171173,41605.12,Seasonal Naive
54250,19278.68,Seasonal Naive
54808,14661.630000000001,Seasonal Naive
54163,0.0,Seasonal Naive
153308,0.0,Seasonal Naive
106128,16128.45,Seasonal Naive
44091,110309.48,Seasonal Naive
104086,5975.95,Seasonal Naive
501764,201008.79,Seasonal Naive
110721,20642.15,Seasonal Naive
366694,0.0,Seasonal Naive
48678,0.0,Seasonal Naive
198874,0.0,Seasonal Naive
137258,733.2500000000001,Seasonal Naive
77260,35496.09999999999,Seasonal Naive
39957,55267.37,Seasonal Naive
294672,8616.77,Seasonal Naive
8249,9742.140000000001,Seasonal Naive
178908,24078.289999999997,Seasonal Naive
51047,0.0,Seasonal Naive
85715,10694.58,Seasonal Naive
587,14794.990000000002,Seasonal Naive
49956,43000.979999999996,Seasonal Naive
94454,293.69,Seasonal Naive
398134,30711.170000000006,Seasonal Naive
146016,12824.59,Seasonal Naive
13342,547.4399999999999,Seasonal Naive
118304,32185.39,Seasonal Naive
6182,7430.360000000001,Seasonal Naive
488203,0.0,Seasonal Naive
107840,8435.789999999999,Seasonal Naive
30300,23348.24,Seasonal Naive
142120,11905.15,Seasonal Naive
112616,16345.72,Seasonal Naive
127542,67635.45999999999,Seasonal Naive
44254,13060.45,Seasonal Naive
26752,5777.240000000001,Seasonal Naive
356730,25.76,Seasonal Naive
64116,7412.43,Seasonal Naive
398136,26229.35,Seasonal Naive
86097,0.0,Seasonal Naive
18777,8971.400000000001,Seasonal Naive
13894,59605.090000000004,Seasonal Naive
110667,0.0,Seasonal Naive
65904,12423.87,Seasonal Naive
65311,27687.58,Seasonal Naive
161424,1041.54,Seasonal Naive
351789,8310.369999999999,Seasonal Naive
135119,25453.65,Seasonal Naive
201899,3153.5499999999997,Seasonal Naive
69893,14690.309999999998,Seasonal Naive
102758,4419.59,Seasonal Naive
94980,14927.71,Seasonal Naive
182534,23573.0,Seasonal Naive
494909,0.0,Seasonal Naive
190972,8534.76,Seasonal Naive
161048,0.0,Seasonal Naive
155272,0.0,Seasonal Naive
421682,82287.04,Seasonal Naive
416846,406.23,Seasonal Naive
136008,93588.29000000001,Seasonal Naive
27963,104.83,Seasonal Naive
108559,14955.1,Seasonal Naive
33667,6521.349999999999,Seasonal Naive
303483,19585.73,Seasonal Naive
26360,1.79,Seasonal Naive
136865,29439.899999999998,Seasonal Naive
84169,41863.409999999996,Seasonal Naive
102008,1041.14,Seasonal Naive
346335,0.0,Seasonal Naive
389549,39532.09,Seasonal Naive
421342,6509.75,Seasonal Naive
188180,55.98,Seasonal Naive
97487,0.0,Seasonal Naive
188375,48761.119999999995,Seasonal Naive
48274,5710.709999999999,Seasonal Naive
98166,45201.32,Seasonal Naive
221828,38932.99,Seasonal Naive
75399,7.12,Seasonal Naive
325098,0.0,Seasonal Naive
284057,28297.100000000002,Seasonal Naive
316977,17598.49,Seasonal Naive
70942,5263.16,Seasonal Naive
236841,24604.57,Seasonal Naive
379461,10333.25,Seasonal Naive
234799,102740.75,Seasonal Naive
12093,19489.12,Seasonal Naive
108353,634.18,Seasonal Naive
59395,5013.919999999999,Seasonal Naive
326124,54170.97,Seasonal Naive
84984,108229.24,Seasonal Naive
19117,1282.72,Seasonal Naive
93840,44885.53,Seasonal Naive
127311,18774.4,Seasonal Naive
61605,1745.22,Seasonal Naive
421503,6635.5,Seasonal Naive
11559,4.67,Seasonal Naive
128523,10196.949999999999,Seasonal Naive
35363,178.38,Seasonal Naive
92874,1482.4599999999998,Seasonal Naive
326822,8481.27,Seasonal Naive
142209,30461.15,Seasonal Naive
160489,7354.09,Seasonal Naive
306007,6736.449999999999,Seasonal Naive
44510,7.319999999999999,Seasonal Naive
406452,40624.81,Seasonal Naive
344933,1795.0800000000002,Seasonal Naive
59396,3756.59,Seasonal Naive
123539,6197.240000000001,Seasonal Naive
43909,2996.0200000000004,Seasonal Naive
343050,2371.83,Seasonal Naive
378379,25469.99,Seasonal Naive
378738,16.79,Seasonal Naive
482204,141464.18,Seasonal Naive
12536,21863.08,Seasonal Naive
817,706.22,Seasonal Naive
166069,24102.979999999996,Seasonal Naive
280738,6178.490000000001,Seasonal Naive
50392,2462.4,Seasonal Naive
13193,2890.3200000000006,Seasonal Naive
87723,29452.85,Seasonal Naive
167493,1879.6799999999998,Seasonal Naive
62300,5977.55,Seasonal Naive
356759,8500.54,Seasonal Naive
404965,24583.58,Seasonal Naive
306879,17560.370000000003,Seasonal Naive
188806,0.0,Seasonal Naive
75402,0.0,Seasonal Naive
5261,27738.469999999998,Seasonal Naive
29313,27734.889999999996,Seasonal Naive
4082,14.67,Seasonal Naive
143142,11498.0,Seasonal Naive
327235,11535.59,Seasonal Naive
110225,10756.169999999998,Seasonal Naive
75001,3816.9300000000003,Seasonal Naive
189033,46686.17,Seasonal Naive
75143,19277.53,Seasonal Naive
310399,42957.22,Seasonal Naive
331761,0.0,Seasonal Naive
273010,14445.63,Seasonal Naive
336623,5609.1900000000005,Seasonal Naive
137214,44665.090000000004,Seasonal Naive
268118,53173.53999999999,Seasonal Naive
30741,0.0,Seasonal Naive
435310,28599.29,Seasonal Naive
325125,580.5,Seasonal Naive
285549,20899.620000000003,Seasonal Naive
87755,32505.98,Seasonal Naive
61818,32100.969999999998,Seasonal Naive
52708,1041.8000000000002,Seasonal Naive
187752,8566.03,Seasonal Naive
5436,8657.59,Seasonal Naive
246612,10796.009999999998,Seasonal Naive
307050,6442.57,Seasonal Naive
30747,12411.249999999998,Seasonal Naive
76706,287.62999999999994,Seasonal Naive
82890,5.6,Seasonal Naive
195285,17235.850000000002,Seasonal Naive
98835,166340.64,Seasonal Naive
113068,11325.25,Seasonal Naive
176074,2455.59,Seasonal Naive
44542,24264.6,Seasonal Naive
83256,1780.29,Seasonal Naive
111134,40465.74,Seasonal Naive
174426,11.43,Seasonal Naive
137211,26249.47,Seasonal Naive
246468,10300.220000000001,Seasonal Naive
95141,24577.63,Seasonal Naive
60419,32557.47,Seasonal Naive
60241,0.0,Seasonal Naive
189208,29689.109999999997,Seasonal Naive
221987,2588.65,Seasonal Naive
114671,11943.26,Seasonal Naive
315412,30295.649999999998,Seasonal Naive
79724,209.83999999999997,Seasonal Naive
85615,5195.31,Seasonal Naive
11954,31767.36,Seasonal Naive
5247,0.0,Seasonal Naive
112029,2234.6400000000003,Seasonal Naive
49585,9570.980000000001,Seasonal Naive
55220,31317.68,Seasonal Naive
326115,9259.07,Seasonal Naive
303552,0.0,Seasonal Naive
124508,49314.54,Seasonal Naive
18271,0.0,Seasonal Naive
230589,27253.289999999997,Seasonal Naive
83971,24760.559999999998,Seasonal Naive
108586,18553.72,Seasonal Naive
181685,104899.73999999999,Seasonal Naive
136721,81784.28,Seasonal Naive
62775,0.0,Seasonal Naive
19913,0.0,Seasonal Naive
160280,9585.28,Seasonal Naive
44455,3697.66,Seasonal Naive
109071,536.2,Seasonal Naive
62911,70279.76999999999,Seasonal Naive
177337,0.0,Seasonal Naive
275714,22920.109999999997,Seasonal Naive
71569,24981.059999999998,Seasonal Naive
493331,23372.35,Seasonal Naive
110675,5654.249999999999,Seasonal Naive
107843,38276.43,Seasonal Naive
12640,18343.81,Seasonal Naive
66440,9816.27,Seasonal Naive
523740,27291.56,Seasonal Naive
110073,17684.82,Seasonal Naive
4812,44655.90000000001,Seasonal Naive
99396,16474.879999999997,Seasonal Naive
435296,19249.32,Seasonal Naive
44762,52437.549999999996,Seasonal Naive
44526,9718.12,Seasonal Naive
136053,23041.24,Seasonal Naive
102821,16940.17,Seasonal Naive
591,22670.6,Seasonal Naive
19734,13594.430000000002,Seasonal Naive
16470,0.0,Seasonal Naive
33078,50928.88,Seasonal Naive
82516,1601.9299999999998,Seasonal Naive
155273,0.0,Seasonal Naive
97213,2138.2400000000002,Seasonal Naive
30883,18942.969999999998,Seasonal Naive
105693,8707.78,Seasonal Naive
67467,34267.44,Seasonal Naive
95140,14845.16,Seasonal Naive
484582,1638.6999999999998,Seasonal Naive
382879,2791.3199999999997,Seasonal Naive
165465,9662.410000000002,Seasonal Naive
82619,12036.349999999999,Seasonal Naive
16100,52044.450000000004,Seasonal Naive
327211,26700.270000000004,Seasonal Naive
13957,6596.089999999999,Seasonal Naive
144890,32778.18,Seasonal Naive
121172,39127.22,Seasonal Naive
54746,11970.43,Seasonal Naive
184827,4045.21,Seasonal Naive
183992,43227.70999999999,Seasonal Naive
113040,0.0,Seasonal Naive
154582,46056.39,Seasonal Naive
135896,0.0,Seasonal Naive
132244,1279.3,Seasonal Naive
316972,16014.74,Seasonal Naive
3774,51277.75,Seasonal Naive
41550,8316.060000000001,Seasonal Naive
362172,7773.660000000001,Seasonal Naive
76147,20773.3,Seasonal Naive
91177,8717.86,Seasonal Naive
294381,0.0,Seasonal Naive
190319,15983.210000000001,Seasonal Naive
61974,4644.15,Seasonal Naive
404462,120084.65000000001,Seasonal Naive
233767,25459.830000000005,Seasonal Naive
102958,44472.1,Seasonal Naive
163371,0.0,Seasonal Naive
379476,9.860000000000001,Seasonal Naive
19264,3317.06,Seasonal Naive
503902,12603.130000000001,Seasonal Naive
287701,26469.100000000006,Seasonal Naive
442263,64019.380000000005,Seasonal Naive
92903,6294.16,Seasonal Naive
144123,198.7,Seasonal Naive
35663,3680.93,Seasonal Naive
494717,29580.62,Seasonal Naive
328921,63647.899999999994,Seasonal Naive
416663,0.0,Seasonal Naive
9866,4375.9,Seasonal Naive
76416,0.0,Seasonal Naive
156753,15006.48,Seasonal Naive
331125,0.0,Seasonal Naive
7926,2.1,Seasonal Naive
362219,94555.20999999999,Seasonal Naive
26560,0.0,Seasonal Naive
36132,33038.45,Seasonal Naive
95737,12378.8,Seasonal Naive
112234,36399.619999999995,Seasonal Naive
84241,11376.429999999998,Seasonal Naive
64152,7952.5,Seasonal Naive
391094,12749.55,Seasonal Naive
285445,12170.63,Seasonal Naive
148918,34559.15,Seasonal Naive
12816,1196.26,Seasonal Naive
32978,16432.54,Seasonal Naive
103182,47037.37,Seasonal Naive
72956,444.48,Seasonal Naive
68689,23845.98,Seasonal Naive
150841,14343.71,Seasonal Naive
49120,13861.670000000002,Seasonal Naive
10215,22717.46,Seasonal Naive
179809,17766.05,Seasonal Naive
115592,34295.119999999995,Seasonal Naive
407054,6932.830000000001,Seasonal Naive
75255,26036.379999999997,Seasonal Naive
14297,49180.490000000005,Seasonal Naive
352761,172.63,Seasonal Naive
138400,59710.939999999995,Seasonal Naive
165538,39762.18,Seasonal Naive
66475,8303.16,Seasonal Naive
114481,17662.749999999996,Seasonal Naive
31673,8065.959999999999,Seasonal Naive
127610,17662.37,Seasonal Naive
66293,9863.19,Seasonal Naive
155061,22638.15,Seasonal Naive
76514,8.18,Seasonal Naive
118655,48096.86,Seasonal Naive
324914,9479.599999999999,Seasonal Naive
112474,7073.020000000001,Seasonal Naive
161918,35202.659999999996,Seasonal Naive
62326,18723.260000000002,Seasonal Naive
20474,0.0,Seasonal Naive
76348,34823.88,Seasonal Naive
34998,10858.32,Seasonal Naive
13557,8993.48,Seasonal Naive
314756,46659.51999999999,Seasonal Naive
49311,40130.020000000004,Seasonal Naive
310144,127.87,Seasonal Naive
164893,0.0,Seasonal Naive
23540,40822.57,Seasonal Naive
298444,20051.72,Seasonal Naive
11988,26176.829999999998,Seasonal Naive
12276,18151.83,Seasonal Naive
495069,3156.93,Seasonal Naive
112941,63704.42999999999,Seasonal Naive
74278,0.0,Seasonal Naive
110715,0.0,Seasonal Naive
444390,67.31,Seasonal Naive
426308,0.0,Seasonal Naive
462987,2324.19,Seasonal Naive
398133,48915.14000000001,Seasonal Naive
70229,13479.099999999999,Seasonal Naive
111048,4.26,Seasonal Naive
90831,20920.179999999997,Seasonal Naive
76511,43000.340000000004,Seasonal Naive
171172,75525.81,Seasonal Naive
95453,2961.67,Seasonal Naive
111865,13894.89,Seasonal Naive
378170,102299.81999999999,Seasonal Naive
586,21589.54,Seasonal Naive
362177,57718.71,Seasonal Naive
66388,2004.68,Seasonal Naive
287517,11359.96,Seasonal Naive
21798,199.5,Seasonal Naive
28876,35358.060000000005,Seasonal Naive
171230,12848.6,Seasonal Naive
166146,2070.1500000000005,Seasonal Naive
18973,58159.39,Seasonal Naive
185313,1408.4900000000002,Seasonal Naive
60035,23759.009999999995,Seasonal Naive
187578,4656.78,Seasonal Naive
310519,0.0,Seasonal Naive
113576,41567.58,Seasonal Naive
91179,10333.839999999998,Seasonal Naive
164996,7290.089999999999,Seasonal Naive
283687,11247.429999999998,Seasonal Naive
136937,11456.319999999998,Seasonal Naive
81767,2518.4200000000005,Seasonal Naive
5301,0.0,Seasonal Naive
44490,14557.090000000002,Seasonal Naive
6153,6062.330000000001,Seasonal Naive
28466,21584.949999999997,Seasonal Naive
76505,20035.48,Seasonal Naive
118666,99097.93,Seasonal Naive
138922,29947.620000000003,Seasonal Naive
429412,549.18,Seasonal Naive
85096,14332.930000000002,Seasonal Naive
144149,22401.579999999998,Seasonal Naive
145722,28975.24,Seasonal Naive
5445,9684.05,Seasonal Naive
115552,4966.35,Seasonal Naive
443535,24297.090000000004,Seasonal Naive
135585,5937.459999999999,Seasonal Naive
134354,60941.23000000001,Seasonal Naive
136618,10829.989999999998,Seasonal Naive
301728,0.0,Seasonal Naive
44795,19376.559999999998,Seasonal Naive
63171,15099.71,Seasonal Naive
306061,20394.920000000002,Seasonal Naive
178550,226738.32,Seasonal Naive
90444,0.0,Seasonal Naive
346380,0.0,Seasonal Naive
55955,26571.43,Seasonal Naive
325383,24022.97,Seasonal Naive
336257,84350.09,Seasonal Naive
46353,4417.49,Seasonal Naive
40736,8608.669999999998,Seasonal Naive
462589,3179.8799999999997,Seasonal Naive
164993,4503.46,Seasonal Naive
429373,19419.380000000005,Seasonal Naive
96642,0.0,Seasonal Naive
362173,76432.69,Seasonal Naive
285406,28732.07,Seasonal Naive
298127,4176.459999999999,Seasonal Naive
295321,15350.7,Seasonal Naive
85670,29593.25,Seasonal Naive
589,13375.49,Seasonal Naive
47557,13087.74,Seasonal Naive
86155,11607.089999999998,Seasonal Naive
19773,4859.960000000001,Seasonal Naive
294525,15.36,Seasonal Naive
105123,184763.08000000002,Seasonal Naive
73997,0.0,Seasonal Naive
49556,11901.73,Seasonal Naive
44559,5780.04,Seasonal Naive
122873,3.98,Seasonal Naive
21010,0.0,Seasonal Naive
19209,16241.470000000001,Seasonal Naive
504396,14957.480000000001,Seasonal Naive
234797,101784.03,Seasonal Naive
74537,89049.66,Seasonal Naive
429408,9795.480000000001,Seasonal Naive
348733,4087.2,Seasonal Naive
13543,88845.71,Seasonal Naive
188964,29650.800000000007,Seasonal Naive
135562,4342.5,Seasonal Naive
125449,7957.779999999999,Seasonal Naive
174498,43337.93,Seasonal Naive
437351,48022.729999999996,Seasonal Naive
421615,14841.280000000002,Seasonal Naive
3905,22625.809999999994,Seasonal Naive
7954,23064.21,Seasonal Naive
450169,53195.23999999999,Seasonal Naive
111076,47501.80999999999,Seasonal Naive
7109,1015.5199999999999,Seasonal Naive
12071,32.62,Seasonal Naive
63169,0.0,Seasonal Naive
112598,2843.85,Seasonal Naive
89593,47276.95,Seasonal Naive
164894,36479.64,Seasonal Naive
68715,15934.999999999998,Seasonal Naive
289638,0.0,Seasonal Naive
292558,10429.96,Seasonal Naive
74250,162.77999999999997,Seasonal Naive
138350,0.0,Seasonal Naive
112067,18500.57,Seasonal Naive
69013,32530.389999999996,Seasonal Naive
103155,211661.98,Seasonal Naive
75403,0.0,Seasonal Naive
98544,11381.679999999998,Seasonal Naive
491742,88845.74,Seasonal Naive
188056,16501.38,Seasonal Naive
46436,4440.209999999999,Seasonal Naive
61604,3676.79,Seasonal Naive
265880,17223.66,Seasonal Naive
296616,15000.39,Seasonal Naive
24717,32079.12,Seasonal Naive
44848,5175.68,Seasonal Naive
143997,48755.04000000001,Seasonal Naive
379427,3708.75,Seasonal Naive
325101,64860.64,Seasonal Naive
20472,0.0,Seasonal Naive
74821,58494.87,Seasonal Naive
450768,0.0,Seasonal Naive
83612,0.0,Seasonal Naive
91587,47427.439999999995,Seasonal Naive
121175,29004.109999999997,Seasonal Naive
97337,0.0,Seasonal Naive
80113,5298.84,Seasonal Naive
85740,2443.83,Seasonal Naive
274955,3044.3399999999997,Seasonal Naive
171297,4323.469999999999,Seasonal Naive
19107,0.0,Seasonal Naive
440478,3675.9500000000003,Seasonal Naive
429479,43834.92,Seasonal Naive
169788,673.42,Seasonal Naive
69012,19201.8,Seasonal Naive
343047,4160.2699999999995,Seasonal Naive
54844,20034.95,Seasonal Naive
39969,36429.69,Seasonal Naive
121151,29243.49,Seasonal Naive
95264,11185.460000000001,Seasonal Naive
45719,13140.079999999998,Seasonal Naive
161803,0.0,Seasonal Naive
166093,18055.37,Seasonal Naive
24134,4409.49,Seasonal Naive
246620,11046.47,Seasonal Naive
107841,16413.94,Seasonal Naive
23168,40756.079999999994,Seasonal Naive
20520,5335.44,Seasonal Naive
79643,43724.54,Seasonal Naive
92271,13.37,Seasonal Naive
390238,19498.989999999998,Seasonal Naive
108600,219509.2,Seasonal Naive
85455,21603.15,Seasonal Naive
38284,11107.09,Seasonal Naive
409379,0.0,Seasonal Naive
103967,22879.21,Seasonal Naive
105985,0.0,Seasonal Naive
149187,54928.659999999996,Seasonal Naive
105125,68920.35,Seasonal Naive
174591,32181.920000000002,Seasonal Naive
175481,12858.150000000001,Seasonal Naive
34808,6942.889999999999,Seasonal Naive
317974,26285.93,Seasonal Naive
110826,23147.189999999995,Seasonal Naive
124341,19119.96,Seasonal Naive
283686,12895.850000000002,Seasonal Naive
171135,5959.679999999999,Seasonal Naive
98177,21754.56,Seasonal Naive
46789,5103.73,Seasonal Naive
443675,0.0,Seasonal Naive
299066,5.25,Seasonal Naive
149069,185881.8,Seasonal Naive
62294,6047.46,Seasonal Naive
12144,23427.489999999998,Seasonal Naive
69881,10863.920000000002,Seasonal Naive
175990,176899.53,Seasonal Naive
59394,5770.550000000001,Seasonal Naive
174358,30758.93,Seasonal Naive
265205,57386.58,Seasonal Naive
8208,11693.31,Seasonal Naive
107131,42430.11,Seasonal Naive
143821,32949.049999999996,Seasonal Naive
125654,4857.959999999999,Seasonal Naive
282164,43406.66,Seasonal Naive
115636,48351.03,Seasonal Naive
439483,46436.71,Seasonal Naive
99863,8150.14,Seasonal Naive
51357,29053.71,Seasonal Naive
94679,12970.929999999998,Seasonal Naive
4292,20265.65,Seasonal Naive
65733,28014.519999999997,Seasonal Naive
169267,11755.880000000001,Seasonal Naive
27384,47646.44,Seasonal Naive
46409,6605.83,Seasonal Naive
141496,5084.750000000001,Seasonal Naive
117672,13.95,Seasonal Naive
390939,9387.21,Seasonal Naive
33763,15473.899999999998,Seasonal Naive
484862,123633.77,Seasonal Naive
443537,54917.85999999999,Seasonal Naive
143856,20833.47,Seasonal Naive
103244,56999.119999999995,Seasonal Naive
171240,10051.77,Seasonal Naive
117687,8.81,Seasonal Naive
337113,11353.34,Seasonal Naive
161709,779.57,Seasonal Naive
392642,30047.82,Seasonal Naive
88516,4444.52,Seasonal Naive
165428,0.0,Seasonal Naive
107952,2165.7400000000002,Seasonal Naive
193020,11088.51,Seasonal Naive
221359,0.0,Seasonal Naive
75876,35591.39,Seasonal Naive
95237,22432.690000000002,Seasonal Naive
90766,0.0,Seasonal Naive
68572,14261.410000000002,Seasonal Naive
62296,18169.93,Seasonal Naive
77795,15669.02,Seasonal Naive
166013,31843.56,Seasonal Naive
298486,9977.99,Seasonal Naive
68080,13314.33,Seasonal Naive
91455,11916.37,Seasonal Naive
407168,118767.65,Seasonal Naive
164768,0.0,Seasonal Naive
153025,101412.90999999999,Seasonal Naive
105632,0.0,Seasonal Naive
41942,57490.44,Seasonal Naive
19856,1767.83,Seasonal Naive
165989,0.0,Seasonal Naive
20594,10291.650000000001,Seasonal Naive
443286,114432.29,Seasonal Naive
129275,6665.85,Seasonal Naive
79719,17083.890000000003,Seasonal Naive
306307,0.0,Seasonal Naive
90378,8299.16,Seasonal Naive
50496,16967.499999999996,Seasonal Naive
37690,11161.16,Seasonal Naive
229385,64.66,Seasonal Naive
407992,0.0,Seasonal Naive
83898,367.23999999999995,Seasonal Naive
35664,25233.66,Seasonal Naive
108567,22308.42,Seasonal Naive
62297,46867.17,Seasonal Naive
257709,21518.2,Seasonal Naive
230252,11162.039999999999,Seasonal Naive
429475,46012.87,Seasonal Naive
82060,25144.77,Seasonal Naive
326235,3475.4100000000008,Seasonal Naive
29391,21671.210000000003,Seasonal Naive
164126,60814.509999999995,Seasonal Naive
61824,13.07,Seasonal Naive
77872,51697.329999999994,Seasonal Naive
44527,24016.859999999993,Seasonal Naive
392615,66813.68000000001,Seasonal Naive
63170,43217.59,Seasonal Naive
411652,6218.6900000000005,Seasonal Naive
100086,0.0,Seasonal Naive
11955,37663.50000000001,Seasonal Naive
7855,12889.36,Seasonal Naive
6535,25466.000000000004,Seasonal Naive
155277,42465.659999999996,Seasonal Naive
351865,51018.46,Seasonal Naive
29086,9662.86,Seasonal Naive
6126,3368.1699999999996,Seasonal Naive
79497,16530.239999999998,Seasonal Naive
374956,5155.969999999999,Seasonal Naive
198711,14689.279999999999,Seasonal Naive
28579,9646.44,Seasonal Naive
47822,56376.33,Seasonal Naive
93381,4770.05,Seasonal Naive
107771,12146.73,Seasonal Naive
7399,298.48,Seasonal Naive
311797,2084.72,Seasonal Naive
167719,28321.170000000002,Seasonal Naive
274964,26052.25,Seasonal Naive
48291,8047.8,Seasonal Naive
325377,56863.22,Seasonal Naive
358534,54989.259999999995,Seasonal Naive
57158,7375.0,Seasonal Naive
69961,14148.96,Seasonal Naive
96998,22684.98,Seasonal Naive
91364,21102.46,Seasonal Naive
144150,17774.95,Seasonal Naive
99598,6107.4800000000005,Seasonal Naive
316960,47945.590000000004,Seasonal Naive
29477,663.37,Seasonal Naive
38259,22357.32,Seasonal Naive
112162,6808.07,Seasonal Naive
149395,50.06,Seasonal Naive
240675,46247.48999999999,Seasonal Naive
292562,36751.87,Seasonal Naive
6181,17971.63,Seasonal Naive
13026,36558.869999999995,Seasonal Naive
110062,0.0,Seasonal Naive
6379,31665.68,Seasonal Naive
340962,43925.64000000001,Seasonal Naive
24239,270.87999999999994,Seasonal Naive
120990,51748.3,Seasonal Naive
292561,60218.06999999999,Seasonal Naive
331972,4353.68,Seasonal Naive
134422,0.0,Seasonal Naive
96904,34537.82000000001,Seasonal Naive
380043,11468.310000000001,Seasonal Naive
127389,162460.72,Seasonal Naive
38378,64.47,Seasonal Naive
274911,0.0,Seasonal Naive
241086,44958.009999999995,Seasonal Naive
68745,13715.12,Seasonal Naive
73436,2869.31,Seasonal Naive
19940,11793.380000000001,Seasonal Naive
425105,1400.6499999999999,Seasonal Naive
35217,44105.75,Seasonal Naive
81740,16857.95,Seasonal Naive
108538,0.0,Seasonal Naive
325111,194.96,Seasonal Naive
144395,3439.459999999999,Seasonal Naive
12976,45782.6,Seasonal Naive
293488,7517.5199999999995,Seasonal Naive
141506,22759.68,Seasonal Naive
296588,0.0,Seasonal Naive
143909,15669.660000000002,Seasonal Naive
9963,26252.09,Seasonal Naive
459900,89300.99999999999,Seasonal Naive
352804,6411.19,Seasonal Naive
50446,13093.57,Seasonal Naive
118307,48472.3,Seasonal Naive
75792,9549.669999999998,Seasonal Naive
5286,0.0,Seasonal Naive
171808,34033.28999999999,Seasonal Naive
53309,23169.18,Seasonal Naive
171410,107521.46999999999,Seasonal Naive
325814,100087.24,Seasonal Naive
112790,103436.59,Seasonal Naive
22053,31276.25,Seasonal Naive
414442,8306.17,Seasonal Naive
46313,22.46,Seasonal Naive
427672,215.82000000000002,Seasonal Naive
144126,18296.62,Seasonal Naive
429706,44493.63,Seasonal Naive
294380,0.0,Seasonal Naive
153263,6085.43,Seasonal Naive
227101,8601.9,Seasonal Naive
69068,7595.51,Seasonal Naive
123745,13481.3,Seasonal Naive
331979,52085.32000000001,Seasonal Naive
298009,1289.96,Seasonal Naive
324169,71302.98000000001,Seasonal Naive
19720,22311.96,Seasonal Naive
115547,53539.85,Seasonal Naive
167713,21212.660000000003,Seasonal Naive
284024,36625.81999999999,Seasonal Naive
154646,71223.5,Seasonal Naive
112261,8812.869999999999,Seasonal Naive
189094,20204.559999999998,Seasonal Naive
331974,8418.050000000001,Seasonal Naive
6091,8792.84,Seasonal Naive
311802,9113.53,Seasonal Naive
20505,18128.280000000002,Seasonal Naive
292350,1991.3799999999999,Seasonal Naive
147085,41845.81,Seasonal Naive
103541,22316.499999999996,Seasonal Naive
68568,10318.010000000002,Seasonal Naive
115215,6438.990000000001,Seasonal Naive
21623,0.0,Seasonal Naive
175887,12125.690000000002,Seasonal Naive
175732,8414.62,Seasonal Naive
6192,102.89,Seasonal Naive
449655,255314.73000000004,Seasonal Naive
22259,9675.140000000001,Seasonal Naive
351790,16937.63,Seasonal Naive
98543,1987.1000000000001,Seasonal Naive
108403,5581.629999999999,Seasonal Naive
123572,16665.15,Seasonal Naive
153111,17755.76,Seasonal Naive
450147,0.0,Seasonal Naive
36006,15636.350000000002,Seasonal Naive
188374,55289.03,Seasonal Naive
298946,19936.760000000002,Seasonal Naive
23746,8763.01,Seasonal Naive
150068,16632.73,Seasonal Naive
36191,663.0900000000001,Seasonal Naive
86183,30595.54,Seasonal Naive
317868,20729.28,Seasonal Naive
36924,0.0,Seasonal Naive
480988,141542.58,Seasonal Naive
360627,10234.599999999999,Seasonal Naive
171191,37116.72,Seasonal Naive
97128,10573.54,Seasonal Naive
47814,2354.98,Seasonal Naive
297669,46695.63,Seasonal Naive
315519,0.0,Seasonal Naive
5979,13422.580000000002,Seasonal Naive
326652,13042.35,Seasonal Naive
21144,2032.38,Seasonal Naive
30667,3987.7300000000005,Seasonal Naive
43832,19662.570000000003,Seasonal Naive
5574,18811.53,Seasonal Naive
5610,24387.5,Seasonal Naive
234172,103667.39000000001,Seasonal Naive
173007,17421.56,Seasonal Naive
68055,24806.989999999998,Seasonal Naive
275444,27059.579999999998,Seasonal Naive
193866,54803.81999999999,Seasonal Naive
411817,20671.02,Seasonal Naive
429422,5386.2300000000005,Seasonal Naive
422190,20256.840000000004,Seasonal Naive
137353,14212.009999999998,Seasonal Naive
174564,37720.28,Seasonal Naive
129162,0.0,Seasonal Naive
163367,6084.29,Seasonal Naive
112587,0.0,Seasonal Naive
306055,0.0,Seasonal Naive
22848,23881.63,Seasonal Naive
180403,7988.960000000001,Seasonal Naive
36572,6922.53,Seasonal Naive
31895,6471.58,Seasonal Naive
115220,1267.8400000000001,Seasonal Naive
12358,32770.130000000005,Seasonal Naive
99569,19192.089999999997,Seasonal Naive
88589,18235.36,Seasonal Naive
268095,11604.48,Seasonal Naive
44381,1212.48,Seasonal Naive
241248,23021.839999999997,Seasonal Naive
392643,55102.350000000006,Seasonal Naive
28578,14066.390000000001,Seasonal Naive
57465,33895.0,Seasonal Naive
18708,68656.37,Seasonal Naive
107681,97.89,Seasonal Naive
28653,37464.3,Seasonal Naive
5472,53782.479999999996,Seasonal Naive
121196,37637.85,Seasonal Naive
9195,15746.76,Seasonal Naive
81469,88706.08,Seasonal Naive
185334,21936.46,Seasonal Naive
5192,0.0,Seasonal Naive
78968,22045.9,Seasonal Naive
98162,50380.21,Seasonal Naive
9848,54329.29,Seasonal Naive
79556,13492.78,Seasonal Naive
39629,12690.39,Seasonal Naive
22691,8602.029999999999,Seasonal Naive
336229,43446.06,Seasonal Naive
314671,13643.120000000003,Seasonal Naive
84719,13005.880000000001,Seasonal Naive
154578,62558.65000000001,Seasonal Naive
170755,72543.07,Seasonal Naive
60585,2597.13,Seasonal Naive
78925,77422.29,Seasonal Naive
31662,15451.47,Seasonal Naive
72151,35024.939999999995,Seasonal Naive
64851,2.9699999999999998,Seasonal Naive
426659,38241.590000000004,Seasonal Naive
377133,0.0,Seasonal Naive
63384,45457.329999999994,Seasonal Naive
100007,17.169999999999998,Seasonal Naive
143176,46972.97,Seasonal Naive
103439,23596.920000000002,Seasonal Naive
13472,7988.369999999999,Seasonal Naive
183280,124683.43999999999,Seasonal Naive
110781,1808.8600000000001,Seasonal Naive
86111,9415.240000000002,Seasonal Naive
38061,1117.4399999999998,Seasonal Naive
306973,55176.49,Seasonal Naive
3503,21957.51,Seasonal Naive
443337,16038.64,Seasonal Naive
77773,17585.55,Seasonal Naive
12571,38855.7,Seasonal Naive
98254,10331.420000000002,Seasonal Naive
95263,6684.85,Seasonal Naive
484722,225418.54000000004,Seasonal Naive
331989,3514.57,Seasonal Naive
178311,6.82,Seasonal Naive
165430,20097.18,Seasonal Naive
292991,30630.699999999997,Seasonal Naive
92433,8.72,Seasonal Naive
298117,5723.15,Seasonal Naive
39656,76556.48999999999,Seasonal Naive
415542,39169.630000000005,Seasonal Naive
175399,0.0,Seasonal Naive
40554,39865.72,Seasonal Naive
145221,0.0,Seasonal Naive
237950,0.0,Seasonal Naive
299849,18502.030000000002,Seasonal Naive
3543,868.39,Seasonal Naive
180322,28643.510000000002,Seasonal Naive
554814,297268.19,Seasonal Naive
146959,69777.36,Seasonal Naive
240655,47025.85,Seasonal Naive
2011,61316.700000000004,Seasonal Naive
294658,14621.260000000002,Seasonal Naive
161813,0.0,Seasonal Naive
307012,17411.83,Seasonal Naive
63931,26140.67,Seasonal Naive
251134,7869.28,Seasonal Naive
427253,183061.46999999997,Seasonal Naive
76929,11393.74,Seasonal Naive
327768,18462.839999999997,Seasonal Naive
35665,24146.130000000005,Seasonal Naive
92582,1720.7499999999998,Seasonal Naive
31788,17212.77,Seasonal Naive
72022,37197.65,Seasonal Naive
17545,30608.469999999998,Seasonal Naive
20600,53633.26999999999,Seasonal Naive
32291,10495.26,Seasonal Naive
136601,19356.58,Seasonal Naive
5237,0.0,Seasonal Naive
59635,16450.12,Seasonal Naive
5009,3263.38,Seasonal Naive
325117,1175.15,Seasonal Naive
336755,23637.86,Seasonal Naive
75400,5.81,Seasonal Naive
41660,39416.54,Seasonal Naive
326116,12421.86,Seasonal Naive
3946,16341.86,Seasonal Naive
74513,0.34,Seasonal Naive
149210,35518.84,Seasonal Naive
135559,1801.9099999999999,Seasonal Naive
448796,15020.690000000002,Seasonal Naive
10646,7788.35,Seasonal Naive
81561,1817.43,Seasonal Naive
452041,39992.22,Seasonal Naive
338752,136535.67,Seasonal Naive
6389,9806.37,Seasonal Naive
172554,126603.32999999999,Seasonal Naive
316648,8111.639999999999,Seasonal Naive
306871,57646.329999999994,Seasonal Naive
399310,0.0,Seasonal Naive
108744,12179.54,Seasonal Naive
126945,30836.509999999995,Seasonal Naive
325116,3424.9000000000005,Seasonal Naive
50479,15809.409999999998,Seasonal Naive
94542,26296.159999999996,Seasonal Naive
330107,14575.9,Seasonal Naive
126320,2577.0299999999997,Seasonal Naive
137435,12057.84,Seasonal Naive
44221,28975.360000000008,Seasonal Naive
377138,0.0,Seasonal Naive
317326,9592.34,Seasonal Naive
150833,66909.54000000001,Seasonal Naive
6531,88250.46,Seasonal Naive
51222,14754.18,Seasonal Naive
312781,88921.35,Seasonal Naive
62409,38606.340000000004,Seasonal Naive
76346,100522.63999999998,Seasonal Naive
10096,37748.409999999996,Seasonal Naive
19736,20481.859999999997,Seasonal Naive
169269,16026.439999999999,Seasonal Naive
327758,22941.440000000002,Seasonal Naive
49066,14154.330000000002,Seasonal Naive
121034,9435.32,Seasonal Naive
188779,8864.300000000001,Seasonal Naive
115549,4158.49,Seasonal Naive
47460,16193.38,Seasonal Naive
86153,13961.139999999998,Seasonal Naive
86070,17625.7,Seasonal Naive
82109,53664.38999999999,Seasonal Naive
317869,18381.43,Seasonal Naive
75877,34231.42,Seasonal Naive
390237,9162.83,Seasonal Naive
136803,16272.289999999999,Seasonal Naive
331971,3609.9300000000003,Seasonal Naive
292559,28007.12,Seasonal Naive
49819,21110.43,Seasonal Naive
82234,0.0,Seasonal Naive
186287,2818.35,Seasonal Naive
97211,7516.3099999999995,Seasonal Naive
106174,22.980000000000004,Seasonal Naive
440483,4903.210000000001,Seasonal Naive
140652,77149.81,Seasonal Naive
68601,11673.249999999998,Seasonal Naive
153387,45177.600000000006,Seasonal Naive
6979,12233.169999999998,Seasonal Naive
69943,62017.12,Seasonal Naive
190834,9.82,Seasonal Naive
86066,11517.12,Seasonal Naive
29982,8382.36,Seasonal Naive
97025,33791.60999999999,Seasonal Naive
4918,3783.81,Seasonal Naive
135120,33206.2,Seasonal Naive
33583,17814.280000000002,Seasonal Naive
80277,20514.88,Seasonal Naive
449099,10994.78,Seasonal Naive
71519,59218.25,Seasonal Naive
44706,0.0,Seasonal Naive
80018,40582.59999999999,Seasonal Naive
92495,9502.260000000002,Seasonal Naive
52463,31272.71,Seasonal Naive
110790,3970.3299999999995,Seasonal Naive
29447,14813.369999999999,Seasonal Naive
167712,25480.97,Seasonal Naive
107941,0.0,Seasonal Naive
78935,27228.71,Seasonal Naive
461467,14698.29,Seasonal Naive
88017,30062.190000000002,Seasonal Naive
289681,107726.22,Seasonal Naive
390235,262.65,Seasonal Naive
5578,28802.850000000002,Seasonal Naive
107839,30308.759999999995,Seasonal Naive
41195,9372.95,Seasonal Naive
100126,86884.85,Seasonal Naive
12014,14758.18,Seasonal Naive
91585,9828.61,Seasonal Naive
98514,60595.44,Seasonal Naive
139037,16015.420000000002,Seasonal Naive
449774,47240.2,Seasonal Naive
175466,22651.94,Seasonal Naive
51885,945.98,Seasonal Naive
19183,43484.32000000001,Seasonal Naive
472721,60604.57000000001,Seasonal Naive
141038,5.960000000000001,Seasonal Naive
102465,54962.32000000001,Seasonal Naive
174573,90722.15,Seasonal Naive
47221,48549.72,Seasonal Naive
10125,17.49,Seasonal Naive
337350,27411.719999999998,Seasonal Naive
100131,33760.329999999994,Seasonal Naive
185314,7196.899999999999,Seasonal Naive
83112,94199.49,Seasonal Naive
71420,53945.060000000005,Seasonal Naive
90358,0.0,Seasonal Naive
156330,2724.94,Seasonal Naive
5264,740.55,Seasonal Naive
9692,28827.779999999995,Seasonal Naive
84679,12332.54,Seasonal Naive
43886,5339.37,Seasonal Naive
68647,22243.48,Seasonal Naive
74334,5875.82,Seasonal Naive
4563,61586.33000000001,Seasonal Naive
7191,12075.66,Seasonal Naive
481031,80813.13,Seasonal Naive
144874,185090.65000000002,Seasonal Naive
26695,22836.0,Seasonal Naive
309754,39865.38999999999,Seasonal Naive
66138,53349.49,Seasonal Naive
372801,97561.62,Seasonal Naive
111866,26823.870000000003,Seasonal Naive
55390,59672.009999999995,Seasonal Naive
193422,27750.899999999998,Seasonal Naive
26889,69546.51,Seasonal Naive
70217,23754.52,Seasonal Naive
62311,17782.64,Seasonal Naive
167643,17342.67,Seasonal Naive
470465,32016.87,Seasonal Naive
110776,7753.3099999999995,Seasonal Naive
71788,35672.630000000005,Seasonal Naive
408131,6960.900000000001,Seasonal Naive
347566,9951.359999999999,Seasonal Naive
92800,54689.58999999999,Seasonal Naive
161313,31407.499999999996,Seasonal Naive
84832,53110.92,Seasonal Naive
158972,55247.810000000005,Seasonal Naive
441810,29117.69,Seasonal Naive
33047,23876.62,Seasonal Naive
150057,33343.0,Seasonal Naive
83577,51271.8,Seasonal Naive
387685,41937.01,Seasonal Naive
97361,24828.11,Seasonal Naive
135993,76876.97,Seasonal Naive
26543,0.0,Seasonal Naive
30924,18289.96,Seasonal Naive
112633,7170.969999999999,Seasonal Naive
105137,745.17,Seasonal Naive
40537,23313.989999999998,Seasonal Naive
81477,16774.52,Seasonal Naive
128524,13945.970000000003,Seasonal Naive
28872,47719.91,Seasonal Naive
233883,15557.310000000001,Seasonal Naive
137442,53881.66999999999,Seasonal Naive
12320,26205.25,Seasonal Naive
272986,22402.21,Seasonal Naive
342529,0.0,Seasonal Naive
165984,0.0,Seasonal Naive
299599,16818.079999999998,Seasonal Naive
284120,0.0,Seasonal Naive
43913,31117.41,Seasonal Naive
78882,27927.91,Seasonal Naive
6256,44.26,Seasonal Naive
70216,25171.410000000007,Seasonal Naive
166605,41189.78,Seasonal Naive
110061,0.0,Seasonal Naive
33064,38074.99,Seasonal Naive
412476,26699.440000000002,Seasonal Naive
347505,25074.86,Seasonal Naive
301832,18985.95,Seasonal Naive
402745,12582.68,Seasonal Naive
117866,0.0,Seasonal Naive
412456,13447.199999999999,Seasonal Naive
317979,46162.51,Seasonal Naive
153603,10927.88,Seasonal Naive
188895,30.1,Seasonal Naive
230220,86896.33,Seasonal Naive
110979,0.0,Seasonal Naive
169270,17040.969999999998,Seasonal Naive
150840,39390.03999999999,Seasonal Naive
171152,62525.0,Seasonal Naive
25511,61648.85,Seasonal Naive
84239,24208.129999999997,Seasonal Naive
2434,32447.089999999997,Seasonal Naive
143722,26224.699999999997,Seasonal Naive
10380,10013.039999999999,Seasonal Naive
128521,13687.329999999998,Seasonal Naive
94703,33604.55,Seasonal Naive
133663,26508.29,Seasonal Naive
66230,66083.15,Seasonal Naive
495108,37512.61,Seasonal Naive
295211,18251.89,Seasonal Naive
143910,41813.05,Seasonal Naive
412480,14760.78,Seasonal Naive
80276,18873.239999999998,Seasonal Naive
17494,10195.529999999999,Seasonal Naive
67486,21534.61,Seasonal Naive
298940,32869.59,Seasonal Naive
326045,76089.40000000001,Seasonal Naive
138865,0.0,Seasonal Naive
139571,10024.829999999998,Seasonal Naive
9771,1.89,Seasonal Naive
90538,0.0,Seasonal Naive
10443,27395.119999999995,Seasonal Naive
79308,31783.79,Seasonal Naive
80073,9564.900000000001,Seasonal Naive
85089,30000.870000000006,Seasonal Naive
163033,15121.689999999999,Seasonal Naive
156342,0.0,Seasonal Naive
94652,39305.94,Seasonal Naive
265876,0.0,Seasonal Naive
45738,22670.59,Seasonal Naive
328124,110103.62,Seasonal Naive
56590,15420.03,Seasonal Naive
38172,40605.49,Seasonal Naive
32347,26671.469999999998,Seasonal Naive
74538,105447.98000000001,Seasonal Naive
39970,72542.52,Seasonal Naive
93352,16915.36,Seasonal Naive
98215,9.599999999999998,Seasonal Naive
174134,70451.92000000001,Seasonal Naive
153381,99546.40000000001,Seasonal Naive
281179,5799.11,Seasonal Naive
69015,7833.49,Seasonal Naive
110829,60921.579999999994,Seasonal Naive
111504,268.37,Seasonal Naive
51977,19257.14,Seasonal Naive
63710,7593.629999999999,Seasonal Naive
309775,16078.67,Seasonal Naive
411999,28013.629999999997,Seasonal Naive
88911,9382.890000000001,Seasonal Naive
101832,74387.23,Seasonal Naive
149167,70696.76,Seasonal Naive
188845,21347.11,Seasonal Naive
132600,393.15999999999997,Seasonal Naive
174188,0.0,Seasonal Naive
318186,37593.020000000004,Seasonal Naive
47229,23661.07,Seasonal Naive
105916,0.0,Seasonal Naive
17434,67840.87,Seasonal Naive
166739,16244.15,Seasonal Naive
49354,15279.37,Seasonal Naive
412459,22289.249999999996,Seasonal Naive
125623,19542.550000000003,Seasonal Naive
83893,18881.100000000002,Seasonal Naive
80072,12000.35,Seasonal Naive
81844,3954.2299999999996,Seasonal Naive
60164,0.0,Seasonal Naive
392869,259260.06000000003,Seasonal Naive
106212,38701.25000000001,Seasonal Naive
22110,162611.53,Seasonal Naive
4319,35726.58,Seasonal Naive
89953,10780.310000000001,Seasonal Naive
94544,46177.27000000001,Seasonal Naive
51038,19576.47,Seasonal Naive
74078,72805.33,Seasonal Naive
138422,0.0,Seasonal Naive
77877,24644.76,Seasonal Naive
71998,20772.36,Seasonal Naive
394103,59579.61,Seasonal Naive
75917,38403.84,Seasonal Naive
135618,45185.369999999995,Seasonal Naive
47785,0.0,Seasonal Naive
9693,18418.739999999998,Seasonal Naive
76162,98673.92,Seasonal Naive
109008,78988.01999999999,Seasonal Naive
153299,31456.34,Seasonal Naive
60243,0.0,Seasonal Naive
13558,3220.56,Seasonal Naive
108585,29404.810000000005,Seasonal Naive
106153,36471.530000000006,Seasonal Naive
316554,54656.67,Seasonal Naive
134319,21301.950000000004,Seasonal Naive
61957,12961.240000000002,Seasonal Naive
358764,81925.53,Seasonal Naive
374731,26735.5,Seasonal Naive
145405,30492.620000000003,Seasonal Naive
126559,29551.32,Seasonal Naive
294408,22869.149999999998,Seasonal Naive
77386,24294.28,Seasonal Naive
33354,26788.030000000002,Seasonal Naive
19707,32248.159999999996,Seasonal Naive
189058,100841.41,Seasonal Naive
363854,9038.099999999999,Seasonal Naive
402545,56.41,Seasonal Naive
22054,26029.010000000002,Seasonal Naive
86115,8733.08,Seasonal Naive
136802,18588.370000000003,Seasonal Naive
326121,75100.51000000001,Seasonal Naive
135095,6877.42,Seasonal Naive
50045,28595.22,Seasonal Naive
62914,25297.43,Seasonal Naive
30305,4116.849999999999,Seasonal Naive
31893,23236.340000000004,Seasonal Naive
87308,32637.0,Seasonal Naive
141039,11.56,Seasonal Naive
316986,8061.0599999999995,Seasonal Naive
336303,21162.72,Seasonal Naive
92875,2601.9,Seasonal Naive
310425,1197.17,Seasonal Naive
63167,24171.9,Seasonal Naive
258500,34006.93,Seasonal Naive
46312,1815.07,Seasonal Naive
108996,9673.060000000001,Seasonal Naive
412483,23498.010000000002,Seasonal Naive
303580,8411.589999999998,Seasonal Naive
127692,46219.979999999996,Seasonal Naive
109012,66173.4,Seasonal Naive
44303,23410.230000000003,Seasonal Naive
186842,14384.05,Seasonal Naive
511997,174073.62,Seasonal Naive
443530,6313.349999999999,Seasonal Naive
377137,0.0,Seasonal Naive
138886,61519.770000000004,Seasonal Naive
294441,24132.140000000003,Seasonal Naive
326592,16556.84,Seasonal Naive
404530,34234.87,Seasonal Naive
334273,187.14,Seasonal Naive
138006,73488.23,Seasonal Naive
82053,4754.21,Seasonal Naive
97227,9701.7,Seasonal Naive
124340,19342.5,Seasonal Naive
145586,31984.41,Seasonal Naive
11584,93563.25,Seasonal Naive
117697,24561.560000000005,Seasonal Naive
324066,9690.3,Seasonal Naive
84831,63154.93000000001,Seasonal Naive
84579,68701.29999999999,Seasonal Naive
39968,50669.229999999996,Seasonal Naive
65862,0.0,Seasonal Naive
161391,27032.030000000002,Seasonal Naive
111990,1458.89,Seasonal Naive
175482,22322.46,Seasonal Naive
91283,3025.2,Seasonal Naive
95919,28275.5,Seasonal Naive
49875,11455.800000000001,Seasonal Naive
359468,38194.15,Seasonal Naive
178583,9049.04,Seasonal Naive
70829,43991.020000000004,Seasonal Naive
298419,93678.19999999998,Seasonal Naive
61973,10304.74,Seasonal Naive
160916,40999.09,Seasonal Naive
407062,51981.030000000006,Seasonal Naive
89409,0.0,Seasonal Naive
167148,2395.67,Seasonal Naive
449780,64143.07000000001,Seasonal Naive
13958,18960.82,Seasonal Naive
297649,15828.63,Seasonal Naive
326894,2959.0,Seasonal Naive
337234,987.1700000000001,Seasonal Naive
138337,20331.39,Seasonal Naive
141581,0.0,Seasonal Naive
6017,0.0,Seasonal Naive
153616,32277.300000000003,Seasonal Naive
66274,29690.059999999998,Seasonal Naive
5972,13432.480000000001,Seasonal Naive
62910,0.0,Seasonal Naive
59487,25524.050000000003,Seasonal Naive
137859,0.0,Seasonal Naive
167671,13068.580000000002,Seasonal Naive
316993,12405.78,Seasonal Naive
123910,13451.180000000002,Seasonal Naive
63548,53924.95,Seasonal Naive
494908,0.0,Seasonal Naive
189222,32.88,Seasonal Naive
63382,15912.88,Seasonal Naive
99992,64770.73,Seasonal Naive
11150,20574.09,Seasonal Naive
159319,15185.109999999999,Seasonal Naive
289680,108883.62,Seasonal Naive
166005,58161.240000000005,Seasonal Naive
306844,17262.789999999997,Seasonal Naive
141489,56731.240000000005,Seasonal Naive
47605,23811.149999999998,Seasonal Naive
6269,19997.120000000003,Seasonal Naive
99971,12256.3,Seasonal Naive
141118,11935.17,Seasonal Naive
309777,123639.68,Seasonal Naive
11790,57325.71000000001,Seasonal Naive
83513,6289.820000000001,Seasonal Naive
48050,0.0,Seasonal Naive
112583,16200.08,Seasonal Naive
21857,39525.94,Seasonal Naive
68649,18647.96,Seasonal Naive
7417,14097.969999999998,Seasonal Naive
97125,58236.33,Seasonal Naive
68645,32167.520000000004,Seasonal Naive
171298,51916.35,Seasonal Naive
76546,10062.05,Seasonal Naive
56289,10267.14,Seasonal Naive
69806,21321.809999999994,Seasonal Naive
138861,5092.79,Seasonal Naive
153298,30049.74,Seasonal Naive
51954,30902.239999999994,Seasonal Naive
143131,75280.33,Seasonal Naive
156497,10050.84,Seasonal Naive
184833,12572.380000000001,Seasonal Naive
50905,0.0,Seasonal Naive
141580,3443.7200000000003,Seasonal Naive
356761,103930.77000000002,Seasonal Naive
166081,61350.44999999999,Seasonal Naive
75801,0.0,Seasonal Naive
329657,49.900000000000006,Seasonal Naive
200614,30124.719999999998,Seasonal Naive
441007,378453.05000000005,Seasonal Naive
38173,22566.7,Seasonal Naive
72659,28332.569999999996,Seasonal Naive
19735,23885.629999999997,Seasonal Naive
112096,84933.38,Seasonal Naive
97031,0.0,Seasonal Naive
174419,59658.72000000001,Seasonal Naive
50250,35895.56,Seasonal Naive
153582,27200.670000000006,Seasonal Naive
190533,44689.20000000001,Seasonal Naive
130412,20681.239999999998,Seasonal Naive
402810,10427.859999999997,Seasonal Naive
240651,5788.840000000001,Seasonal Naive
185335,42907.8,Seasonal Naive
20471,37553.979999999996,Seasonal Naive
439456,14857.16,Seasonal Naive
93056,42586.530000000006,Seasonal Naive
84181,42490.71,Seasonal Naive
325113,775.5,Seasonal Naive
109288,53675.36,Seasonal Naive
17788,25938.4,Seasonal Naive
202137,79746.29999999999,Seasonal Naive
86264,35498.98,Seasonal Naive
72217,0.0,Seasonal Naive
117683,24.0,Seasonal Naive
352787,37590.21,Seasonal Naive
31154,95041.35999999999,Seasonal Naive
343109,151133.71999999997,Seasonal Naive
51959,24464.25999999999,Seasonal Naive
121189,363.28000000000003,Seasonal Naive
55954,41941.22,Seasonal Naive
78715,15932.899999999996,Seasonal Naive
13963,9689.11,Seasonal Naive
316983,0.0,Seasonal Naive
60075,8863.83,Seasonal Naive
91178,25440.960000000006,Seasonal Naive
171185,10024.41,Seasonal Naive
153095,8.74,Seasonal Naive
12158,17836.57,Seasonal Naive
307051,29048.58,Seasonal Naive
89594,79337.14,Seasonal Naive
459886,97454.1,Seasonal Naive
56338,48145.76,Seasonal Naive
89591,60337.100000000006,Seasonal Naive
301727,0.0,Seasonal Naive
95463,93989.83,Seasonal Naive
13422,16945.3,Seasonal Naive
105800,5124.21,Seasonal Naive
23582,14514.11,Seasonal Naive
90901,9610.880000000001,Seasonal Naive
9172,64681.11,Seasonal Naive
51093,7489.63,Seasonal Naive
36255,52423.83000000001,Seasonal Naive
60264,26331.870000000003,Seasonal Naive
55933,37030.740000000005,Seasonal Naive
443890,124562.25000000001,Seasonal Naive
47977,175102.8,Seasonal Naive
85707,28459.3,Seasonal Naive
99879,28675.510000000002,Seasonal Naive
155365,168162.9,Seasonal Naive
66071,19457.260000000002,Seasonal Naive
257430,10008.84,Seasonal Naive
46948,29475.11,Seasonal Naive
177338,20.119999999999997,Seasonal Naive
184848,1556.48,Seasonal Naive
166606,39155.55,Seasonal Naive
443893,62275.72,Seasonal Naive
63155,46321.079999999994,Seasonal Naive
24270,39815.329999999994,Seasonal Naive
141806,2337.34,Seasonal Naive
45768,33235.78999999999,Seasonal Naive
404562,0.0,Seasonal Naive
69312,50744.96,Seasonal Naive
103451,14696.61,Seasonal Naive
165422,40663.11,Seasonal Naive
236987,54971.23,Seasonal Naive
78923,87836.44999999998,Seasonal Naive
38428,36679.58000000001,Seasonal Naive
466721,2996.61,Seasonal Naive
20646,41497.149999999994,Seasonal Naive
47222,20501.239999999998,Seasonal Naive
74996,67072.95,Seasonal Naive
13966,13397.120000000003,Seasonal Naive
82970,5.470000000000001,Seasonal Naive
121198,47012.24999999999,Seasonal Naive
107644,39971.3,Seasonal Naive
326757,36126.81,Seasonal Naive
7747,2454.38,Seasonal Naive
50793,15529.8,Seasonal Naive
189050,98972.4,Seasonal Naive
173987,15334.76,Seasonal Naive
90275,15562.77,Seasonal Naive
181386,61307.6,Seasonal Naive
118531,37987.92,Seasonal Naive
100112,939.08,Seasonal Naive
21049,41036.61,Seasonal Naive
429399,25928.670000000002,Seasonal Naive
6059,8.159999999999998,Seasonal Naive
165467,13767.599999999999,Seasonal Naive
49561,22479.660000000003,Seasonal Naive
221362,0.0,Seasonal Naive
74477,110865.80999999998,Seasonal Naive
126050,38167.49,Seasonal Naive
4697,18313.42,Seasonal Naive
13747,23204.830000000005,Seasonal Naive
96641,0.0,Seasonal Naive
235559,225282.53000000003,Seasonal Naive
126285,7213.420000000001,Seasonal Naive
25031,11516.689999999999,Seasonal Naive
379457,12695.730000000001,Seasonal Naive
38443,13623.53,Seasonal Naive
359449,17281.420000000002,Seasonal Naive
241029,10113.49,Seasonal Naive
68750,16002.880000000001,Seasonal Naive
130998,102391.98999999999,Seasonal Naive
225834,63332.52,Seasonal Naive
337111,12467.35,Seasonal Naive
61500,15445.98,Seasonal Naive
336701,28340.3,Seasonal Naive
98058,0.0,Seasonal Naive
21987,26897.92,Seasonal Naive
142283,26.89,Seasonal Naive
43903,11189.490000000002,Seasonal Naive
38223,29177.649999999998,Seasonal Naive
325100,121875.63,Seasonal Naive
135967,8026.080000000001,Seasonal Naive
67483,0.0,Seasonal Naive
551822,48999.96,Seasonal Naive
24282,10748.029999999999,Seasonal Naive
449147,93795.79,Seasonal Naive
11372,47571.29,Seasonal Naive
149266,35704.700000000004,Seasonal Naive
480993,242935.74999999997,Seasonal Naive
134718,22774.46,Seasonal Naive
66439,18090.3,Seasonal Naive
167151,146152.86000000002,Seasonal Naive
30761,39524.74,Seasonal Naive
149974,54621.26,Seasonal Naive
6050,37848.87,Seasonal Naive
446247,51582.78,Seasonal Naive
126526,6370.95,Seasonal Naive
20504,11463.91,Seasonal Naive
306049,0.0,Seasonal Naive
174217,54099.14,Seasonal Naive
124816,42.58,Seasonal Naive
20840,4768.79,Seasonal Naive
181674,12731.48,Seasonal Naive
331257,200698.83,Seasonal Naive
108521,32574.68,Seasonal Naive
343448,6858.879999999999,Seasonal Naive
5105,15792.779999999997,Seasonal Naive
112036,28425.12,Seasonal Naive
6424,60884.950000000004,Seasonal Naive
5122,6.86,Seasonal Naive
143824,7232.289999999999,Seasonal Naive
312912,17153.11,Seasonal Naive
80019,47373.56,Seasonal Naive
36222,44787.79000000001,Seasonal Naive
112577,36473.38,Seasonal Naive
149328,84013.57,Seasonal Naive
389653,12570.970000000001,Seasonal Naive
84657,3858.9299999999994,Seasonal Naive
52427,12273.36,Seasonal Naive
176045,16084.47,Seasonal Naive
378423,37403.5,Seasonal Naive
198168,56799.93000000001,Seasonal Naive
429372,44766.68,Seasonal Naive
64137,89414.39,Seasonal Naive
174052,48872.09,Seasonal Naive
326486,4557.74,Seasonal Naive
136112,24873.38,Seasonal Naive
127560,197994.65999999997,Seasonal Naive
62626,21390.8,Seasonal Naive
59986,32323.96,Seasonal Naive
452044,98871.06,Seasonal Naive
294377,12769.600000000002,Seasonal Naive
224460,24190.440000000002,Seasonal Naive
161434,40361.740000000005,Seasonal Naive
392603,16163.14,Seasonal Naive
182786,120798.49,Seasonal Naive
112644,16318.470000000001,Seasonal Naive
412393,53042.280000000006,Seasonal Naive
126018,84358.15999999999,Seasonal Naive
83041,15734.49,Seasonal Naive
30822,18895.920000000002,Seasonal Naive
33051,31984.19,Seasonal Naive
24315,16017.99,Seasonal Naive
32346,35248.31,Seasonal Naive
145332,36421.72,Seasonal Naive
77787,9912.04,Seasonal Naive
38402,22859.539999999997,Seasonal Naive
100089,10.56,Seasonal Naive
127356,26861.42,Seasonal Naive
132862,39505.909999999996,Seasonal Naive
99593,39113.149999999994,Seasonal Naive
161004,32906.97,Seasonal Naive
29695,94339.02999999998,Seasonal Naive
121183,55352.08,Seasonal Naive
108363,32153.690000000002,Seasonal Naive
77871,98525.09,Seasonal Naive
111969,19122.879999999997,Seasonal Naive
226026,163.91000000000003,Seasonal Naive
41555,53147.11,Seasonal Naive
503402,6215.03,Seasonal Naive
49672,42610.19,Seasonal Naive
357939,11913.52,Seasonal Naive
117752,29371.34,Seasonal Naive
4712,0.0,Seasonal Naive
166671,7393.490000000002,Seasonal Naive
36212,31189.309999999998,Seasonal Naive
5458,23222.420000000002,Seasonal Naive
86156,82277.26000000001,Seasonal Naive
178912,97284.94,Seasonal Naive
412404,157903.05,Seasonal Naive
36133,42604.78,Seasonal Naive
36190,5500.62,Seasonal Naive
39714,15296.380000000001,Seasonal Naive
84670,27140.05,Seasonal Naive
8307,31312.070000000003,Seasonal Naive
296819,7579.1900000000005,Seasonal Naive
167898,0.0,Seasonal Naive
110785,44225.44,Seasonal Naive
91879,31210.459999999995,Seasonal Naive
11986,57457.88999999999,Seasonal Naive
79784,24117.969999999994,Seasonal Naive
44447,31908.34,Seasonal Naive
103259,0.0,Seasonal Naive
164059,138216.05000000002,Seasonal Naive
389513,0.0,Seasonal Naive
326735,94661.79000000001,Seasonal Naive
167821,91854.32999999999,Seasonal Naive
55332,38605.3,Seasonal Naive
60036,26826.53,Seasonal Naive
74075,64799.98000000001,Seasonal Naive
299605,44755.880000000005,Seasonal Naive
389638,131860.34,Seasonal Naive
287569,6771.619999999999,Seasonal Naive
79331,15296.070000000002,Seasonal Naive
44345,5784.61,Seasonal Naive
4291,42484.95,Seasonal Naive
317303,6302.469999999999,Seasonal Naive
65739,38738.729999999996,Seasonal Naive
81843,10584.939999999999,Seasonal Naive
110111,43882.11,Seasonal Naive
103215,52891.130000000005,Seasonal Naive
287745,42893.850000000006,Seasonal Naive
219802,50257.54,Seasonal Naive
326001,89991.66,Seasonal Naive
402079,6511.8499999999985,Seasonal Naive
309774,24735.100000000002,Seasonal Naive
102464,85020.01000000001,Seasonal Naive
326754,7019.639999999999,Seasonal Naive
21406,27220.07,Seasonal Naive
228895,64421.299999999996,Seasonal Naive
143723,30437.09999999999,Seasonal Naive
54527,3881.2799999999997,Seasonal Naive
75912,23977.600000000002,Seasonal Naive
426310,82014.74,Seasonal Naive
133662,57322.52,Seasonal Naive
400574,38129.63999999999,Seasonal Naive
19744,0.0,Seasonal Naive
7768,30810.68,Seasonal Naive
77262,18131.980000000003,Seasonal Naive
48143,38970.340000000004,Seasonal Naive
41871,13757.849999999999,Seasonal Naive
7748,3456.98,Seasonal Naive
43904,22146.3,Seasonal Naive
85680,28688.989999999998,Seasonal Naive
72023,82.12999999999998,Seasonal Naive
310117,59523.86,Seasonal Naive
158383,0.0,Seasonal Naive
365087,0.0,Seasonal Naive
4748,17635.730000000003,Seasonal Naive
194137,76690.94,Seasonal Naive
9689,397450.12999999995,Seasonal Naive
7468,50708.40000000001,Seasonal Naive
43911,27532.43,Seasonal Naive
110827,28509.210000000003,Seasonal Naive
112037,26903.610000000004,Seasonal Naive
28949,52259.25,Seasonal Naive
27342,52735.360000000015,Seasonal Naive
330834,135532.07,Seasonal Naive
112648,7929.0,Seasonal Naive
93465,49166.77,Seasonal Naive
312907,329202.85,Seasonal Naive
25378,39517.270000000004,Seasonal Naive
411601,56254.43,Seasonal Naive
297997,71817.77,Seasonal Naive
170669,44580.13,Seasonal Naive
123403,41285.41,Seasonal Naive
81777,11.14,Seasonal Naive
298445,63691.42,Seasonal Naive
64424,29005.2,Seasonal Naive
51979,60209.66,Seasonal Naive
439151,19154.2,Seasonal Naive
140687,21361.96,Seasonal Naive
86098,0.0,Seasonal Naive
90110,0.0,Seasonal Naive
57466,56885.969999999994,Seasonal Naive
141088,36274.79000000001,Seasonal Naive
443288,213490.42,Seasonal Naive
306972,25482.78,Seasonal Naive
6534,36482.63,Seasonal Naive
44029,2550.9100000000003,Seasonal Naive
100019,23864.940000000002,Seasonal Naive
329974,23344.49,Seasonal Naive
199542,79710.92,Seasonal Naive
136620,8709.16,Seasonal Naive
54818,9698.52,Seasonal Naive
491755,45307.76999999999,Seasonal Naive
292085,26820.530000000002,Seasonal Naive
42595,27393.1,Seasonal Naive
427319,2882.9,Seasonal Naive
9592,43674.23,Seasonal Naive
50883,982.89,Seasonal Naive
150564,49916.57000000001,Seasonal Naive
354247,92213.54000000001,Seasonal Naive
52138,40589.68000000001,Seasonal Naive
406463,76717.16,Seasonal Naive
21483,17612.52,Seasonal Naive
227394,5883.630000000001,Seasonal Naive
10331,8766.099999999999,Seasonal Naive
258501,126762.32999999999,Seasonal Naive
160195,84148.76999999999,Seasonal Naive
74565,44655.8,Seasonal Naive
285016,10253.420000000002,Seasonal Naive
94663,50904.689999999995,Seasonal Naive
5385,49925.16,Seasonal Naive
92267,38519.469999999994,Seasonal Naive
66921,0.0,Seasonal Naive
423700,71131.2,Seasonal Naive
145665,45444.99,Seasonal Naive
74355,34139.52,Seasonal Naive
110800,31807.770000000004,Seasonal Naive
64197,33033.759999999995,Seasonal Naive
65882,356.1,Seasonal Naive
411864,27395.280000000002,Seasonal Naive
183994,103000.18000000001,Seasonal Naive
83250,43406.32,Seasonal Naive
187691,19833.96,Seasonal Naive
84227,49919.670000000006,Seasonal Naive
23541,60338.78000000001,Seasonal Naive
87616,42156.70999999999,Seasonal Naive
7131,88.24,Seasonal Naive
94667,44053.40999999999,Seasonal Naive
106225,107011.00000000001,Seasonal Naive
161435,46392.469999999994,Seasonal Naive
74993,62286.62999999999,Seasonal Naive
12156,6635.03,Seasonal Naive
334263,312.6,Seasonal Naive
174429,11483.15,Seasonal Naive
434749,60307.31999999999,Seasonal Naive
189548,69614.54000000001,Seasonal Naive
71279,8097.349999999999,Seasonal Naive
445284,0.0,Seasonal Naive
11992,0.0,Seasonal Naive
6023,14238.42,Seasonal Naive
41543,19051.219999999998,Seasonal Naive
14298,32846.67,Seasonal Naive
334284,11.559999999999999,Seasonal Naive
29427,13627.85,Seasonal Naive
70039,39587.48,Seasonal Naive
40427,569666.0599999999,Seasonal Naive
54523,5847.160000000001,Seasonal Naive
316959,90021.57,Seasonal Naive
12574,61564.719999999994,Seasonal Naive
70218,34400.1,Seasonal Naive
65153,41382.56999999999,Seasonal Naive
78972,60384.740000000005,Seasonal Naive
105283,56124.290000000015,Seasonal Naive
50906,0.0,Seasonal Naive
80121,23817.25,Seasonal Naive
161002,21277.839999999997,Seasonal Naive
184836,35078.28,Seasonal Naive
72121,57208.74,Seasonal Naive
83097,13574.069999999998,Seasonal Naive
325913,8.219999999999999,Seasonal Naive
160919,36873.079999999994,Seasonal Naive
287268,225.02,Seasonal Naive
70203,27407.97,Seasonal Naive
348847,94355.61,Seasonal Naive
99820,54281.21,Seasonal Naive
448024,75.74,Seasonal Naive
356920,42843.15000000001,Seasonal Naive
35218,33633.0,Seasonal Naive
92625,0.0,Seasonal Naive
239531,22182.59,Seasonal Naive
298382,23.32,Seasonal Naive
13570,31487.91,Seasonal Naive
21462,124379.63,Seasonal Naive
190597,66410.06,Seasonal Naive
84672,32639.11,Seasonal Naive
184887,42298.649999999994,Seasonal Naive
165534,9426.08,Seasonal Naive
95920,79194.76,Seasonal Naive
265928,15.870000000000001,Seasonal Naive
77307,0.0,Seasonal Naive
169103,51459.350000000006,Seasonal Naive
74476,138206.87,Seasonal Naive
111614,54000.770000000004,Seasonal Naive
73995,0.0,Seasonal Naive
112613,19711.71,Seasonal Naive
7655,69832.93999999999,Seasonal Naive
122182,64421.93,Seasonal Naive
112596,4085.3900000000003,Seasonal Naive
338981,55724.74,Seasonal Naive
326498,51666.74,Seasonal Naive
48410,55233.490000000005,Seasonal Naive
76356,24014.1,Seasonal Naive
187988,117.85999999999999,Seasonal Naive
38409,0.0,Seasonal Naive
76545,49917.50000000001,Seasonal Naive
359474,30671.700000000004,Seasonal Naive
199313,53609.67,Seasonal Naive
107275,54375.759999999995,Seasonal Naive
91261,40133.810000000005,Seasonal Naive
134270,80882.59,Seasonal Naive
12905,20463.02,Seasonal Naive
115007,0.0,Seasonal Naive
134025,43040.03,Seasonal Naive
92265,37624.97000000001,Seasonal Naive
111104,116957.27,Seasonal Naive
69847,64497.82,Seasonal Naive
188888,451.37,Seasonal Naive
79634,401.59,Seasonal Naive
108402,3287.1000000000004,Seasonal Naive
25878,28856.41,Seasonal Naive
126045,2987.9100000000003,Seasonal Naive
137999,40423.030000000006,Seasonal Naive
169265,27318.629999999997,Seasonal Naive
3596,36769.93,Seasonal Naive
7186,12066.79,Seasonal Naive
118282,70045.91,Seasonal Naive
129469,122788.16,Seasonal Naive
37121,12639.229999999998,Seasonal Naive
546521,157273.66,Seasonal Naive
138479,31462.390000000003,Seasonal Naive
112622,0.0,Seasonal Naive
114580,40125.28,Seasonal Naive
79632,0.0,Seasonal Naive
81765,7713.88,Seasonal Naive
6865,26401.25,Seasonal Naive
6215,67789.16999999998,Seasonal Naive
285031,29.87,Seasonal Naive
84864,44412.61,Seasonal Naive
156492,41158.72,Seasonal Naive
98250,21755.48,Seasonal Naive
124796,39148.560000000005,Seasonal Naive
64259,266625.73,Seasonal Naive
176113,0.0,Seasonal Naive
247708,0.0,Seasonal Naive
79718,54428.280000000006,Seasonal Naive
112484,22723.48,Seasonal Naive
378842,12997.16,Seasonal Naive
124339,1606.7600000000002,Seasonal Naive
114397,0.0,Seasonal Naive
85679,153634.3,Seasonal Naive
136728,5.85,Seasonal Naive
34278,0.0,Seasonal Naive
4531,44654.54999999999,Seasonal Naive
190310,101258.68,Seasonal Naive
88909,0.0,Seasonal Naive
171378,11.52,Seasonal Naive
40097,38381.86,Seasonal Naive
22940,21382.13,Seasonal Naive
114398,85836.76999999999,Seasonal Naive
47994,16445.45,Seasonal Naive
67544,44995.80999999999,Seasonal Naive
80016,78720.84,Seasonal Naive
18153,0.0,Seasonal Naive
88615,6867.3,Seasonal Naive
150839,53423.20999999999,Seasonal Naive
4886,2144.92,Seasonal Naive
43912,53968.520000000004,Seasonal Naive
111746,75917.7,Seasonal Naive
407022,254144.49,Seasonal Naive
122106,226.26999999999998,Seasonal Naive
166673,17776.69,Seasonal Naive
135615,122747.82999999999,Seasonal Naive
5250,9229.67,Seasonal Naive
170754,155111.28999999998,Seasonal Naive
98557,18744.97,Seasonal Naive
188057,29865.739999999998,Seasonal Naive
75013,46843.01,Seasonal Naive
9835,14168.049999999997,Seasonal Naive
314748,22892.74,Seasonal Naive
55168,66264.04000000001,Seasonal Naive
87447,33069.28,Seasonal Naive
111875,55339.09999999999,Seasonal Naive
3722,19237.74,Seasonal Naive
251140,33874.740000000005,Seasonal Naive
66229,74180.27,Seasonal Naive
127716,36717.899999999994,Seasonal Naive
44530,23061.85,Seasonal Naive
310426,6928.629999999999,Seasonal Naive
103438,52838.609999999986,Seasonal Naive
4344,45257.77,Seasonal Naive
138820,14354.48,Seasonal Naive
150567,30081.07,Seasonal Naive
112638,19.48,Seasonal Naive
44300,39984.020000000004,Seasonal Naive
156476,39548.770000000004,Seasonal Naive
104482,38346.409999999996,Seasonal Naive
90120,0.0,Seasonal Naive
229388,30667.05,Seasonal Naive
285423,10616.08,Seasonal Naive
402657,11013.570000000002,Seasonal Naive
30118,40535.42,Seasonal Naive
75963,73414.37999999999,Seasonal Naive
112949,46769.94,Seasonal Naive
469395,264885.95,Seasonal Naive
12733,27612.13,Seasonal Naive
12305,35346.469999999994,Seasonal Naive
356918,30581.920000000002,Seasonal Naive
358438,0.0,Seasonal Naive
8821,72667.67000000001,Seasonal Naive
124222,31315.950000000004,Seasonal Naive
247709,168311.22,Seasonal Naive
7848,46874.67999999999,Seasonal Naive
325323,0.0,Seasonal Naive
22122,44794.33,Seasonal Naive
75131,60900.819999999985,Seasonal Naive
121024,9573.7,Seasonal Naive
5935,4284.8,Seasonal Naive
402206,0.0,Seasonal Naive
21280,39933.7,Seasonal Naive
414259,1111.18,Seasonal Naive
336255,222556.17999999996,Seasonal Naive
88003,0.0,Seasonal Naive
61933,49996.159999999996,Seasonal Naive
273028,0.0,Seasonal Naive
85301,23121.88,Seasonal Naive
121257,54702.170000000006,Seasonal Naive
175798,45739.42,Seasonal Naive
137451,1853.42,Seasonal Naive
62640,82920.27,Seasonal Naive
87725,91421.29999999999,Seasonal Naive
34898,12181.95,Seasonal Naive
51935,52194.82,Seasonal Naive
31086,36849.79000000001,Seasonal Naive
107805,0.0,Seasonal Naive
401887,278435.72000000003,Seasonal Naive
325724,28138.62,Seasonal Naive
75654,62199.44,Seasonal Naive
44137,355.10999999999996,Seasonal Naive
20598,92561.9,Seasonal Naive
27385,112378.66,Seasonal Naive
141121,9253.539999999999,Seasonal Naive
165658,109229.81,Seasonal Naive
47817,4724.83,Seasonal Naive
96658,0.0,Seasonal Naive
111068,17063.38,Seasonal Naive
74812,40948.950000000004,Seasonal Naive
112629,22624.87,Seasonal Naive
285005,584.85,Seasonal Naive
94841,150791.21999999997,Seasonal Naive
111857,0.0,Seasonal Naive
51036,56241.700000000004,Seasonal Naive
307581,93842.97999999998,Seasonal Naive
22157,41013.39,Seasonal Naive
438298,162522.50999999998,Seasonal Naive
5625,60069.01999999999,Seasonal Naive
174420,80098.69,Seasonal Naive
149304,44779.83,Seasonal Naive
46321,9899.990000000002,Seasonal Naive
74540,6.7,Seasonal Naive
38447,10802.21,Seasonal Naive
68746,14619.320000000002,Seasonal Naive
126633,6211.72,Seasonal Naive
79588,283099.49,Seasonal Naive
30432,29771.320000000003,Seasonal Naive
180387,27287.55,Seasonal Naive
54966,0.0,Seasonal Naive
73996,0.0,Seasonal Naive
429725,0.0,Seasonal Naive
94574,74040.1,Seasonal Naive
26544,52275.14,Seasonal Naive
153459,87452.05999999998,Seasonal Naive
451387,156316.25999999998,Seasonal Naive
70352,74302.68000000001,Seasonal Naive
50212,89016.78,Seasonal Naive
132919,50527.95999999999,Seasonal Naive
42494,41268.82,Seasonal Naive
189045,45399.72000000001,Seasonal Naive
50707,0.0,Seasonal Naive
89669,219748.85,Seasonal Naive
44021,113060.99999999999,Seasonal Naive
13496,7218.14,Seasonal Naive
288305,19748.510000000002,Seasonal Naive
111897,42510.42,Seasonal Naive
112643,38726.54,Seasonal Naive
78980,7425.26,Seasonal Naive
69809,56626.82,Seasonal Naive
443899,53517.05,Seasonal Naive
80015,106456.37,Seasonal Naive
144797,17318.23,Seasonal Naive
19779,14023.1,Seasonal Naive
393202,158581.88,Seasonal Naive
88628,61893.98,Seasonal Naive
110116,12639.009999999998,Seasonal Naive
155361,2636.2,Seasonal Naive
78717,3814.55,Seasonal Naive
109103,47343.18,Seasonal Naive
75044,102079.46,Seasonal Naive
100080,22231.1,Seasonal Naive
134965,69799.53,Seasonal Naive
99781,47299.98000000001,Seasonal Naive
236984,16430.13,Seasonal Naive
236840,53531.24,Seasonal Naive
135817,69897.94,Seasonal Naive
88242,130659.2,Seasonal Naive
327561,80067.61999999998,Seasonal Naive
174054,5799.0,Seasonal Naive
45787,38657.100000000006,Seasonal Naive
142348,1866.4199999999998,Seasonal Naive
126284,11492.83,Seasonal Naive
17057,28326.370000000003,Seasonal Naive
416078,63861.840000000004,Seasonal Naive
111126,369462.45,Seasonal Naive
89954,3338.5400000000004,Seasonal Naive
21266,21004.27,Seasonal Naive
230587,92308.66,Seasonal Naive
66392,0.0,Seasonal Naive
62782,70732.22,Seasonal Naive
112661,28175.679999999997,Seasonal Naive
6417,0.0,Seasonal Naive
326937,0.0,Seasonal Naive
127264,62933.229999999996,Seasonal Naive
153386,3.44,Seasonal Naive
75798,0.0,Seasonal Naive
9778,17376.49,Seasonal Naive
193148,36188.44,Seasonal Naive
346388,40749.06,Seasonal Naive
107309,9080.85,Seasonal Naive
296764,189.68,Seasonal Naive
85611,26483.51,Seasonal Naive
134964,89297.78,Seasonal Naive
153132,59969.39,Seasonal Naive
181675,85031.95,Seasonal Naive
51961,61365.30000000001,Seasonal Naive
175483,0.0,Seasonal Naive
284991,769.66,Seasonal Naive
273098,0.0,Seasonal Naive
34356,180284.55,Seasonal Naive
391340,37444.310000000005,Seasonal Naive
68729,23073.53,Seasonal Naive
135958,70715.13,Seasonal Naive
96975,23255.05,Seasonal Naive
99454,46310.810000000005,Seasonal Naive
1848,104307.94,Seasonal Naive
175796,47354.880000000005,Seasonal Naive
81679,127229.23999999999,Seasonal Naive
5963,20710.06,Seasonal Naive
153151,43281.47000000001,Seasonal Naive
81773,0.0,Seasonal Naive
176073,41877.93,Seasonal Naive
265874,531.3699999999999,Seasonal Naive
92256,52250.16,Seasonal Naive
84882,3707.1500000000005,Seasonal Naive
238021,0.0,Seasonal Naive
41608,24734.449999999997,Seasonal Naive
11715,79005.33,Seasonal Naive
305457,99559.88000000002,Seasonal Naive
18672,25245.78,Seasonal Naive
359472,54645.18000000001,Seasonal Naive
5683,73766.92000000001,Seasonal Naive
30602,49921.8,Seasonal Naive
331975,13270.37,Seasonal Naive
155265,62106.69,Seasonal Naive
408901,0.0,Seasonal Naive
389527,0.0,Seasonal Naive
19111,25634.910000000003,Seasonal Naive
102556,5932.009999999999,Seasonal Naive
111968,51684.869999999995,Seasonal Naive
62224,62937.1,Seasonal Naive
55896,35640.37,Seasonal Naive
63711,13657.89,Seasonal Naive
296589,0.0,Seasonal Naive
452049,109267.17,Seasonal Naive
10759,31068.589999999997,Seasonal Naive
65740,41187.810000000005,Seasonal Naive
21586,54743.64,Seasonal Naive
99700,26303.719999999994,Seasonal Naive
155359,51667.0,Seasonal Naive
136111,19531.77,Seasonal Naive
299062,121414.97,Seasonal Naive
145727,39260.740000000005,Seasonal Naive
423289,62718.369999999995,Seasonal Naive
188780,25775.420000000002,Seasonal Naive
61959,90384.09000000001,Seasonal Naive
222190,43951.00000000001,Seasonal Naive
446070,46492.46,Seasonal Naive
327761,70437.62,Seasonal Naive
62408,88491.81999999999,Seasonal Naive
303599,68742.92,Seasonal Naive
9945,89239.84,Seasonal Naive
458311,110096.70999999999,Seasonal Naive
100083,11.559999999999999,Seasonal Naive
347471,42374.770000000004,Seasonal Naive
107849,27057.79,Seasonal Naive
339878,86555.07,Seasonal Naive
115657,59017.509999999995,Seasonal Naive
282123,45650.13,Seasonal Naive
138442,68474.54,Seasonal Naive
327418,179318.75,Seasonal Naive
79625,65882.18,Seasonal Naive
19571,83529.92,Seasonal Naive
167830,139772.04,Seasonal Naive
294720,0.0,Seasonal Naive
275451,93331.09999999999,Seasonal Naive
49209,49171.630000000005,Seasonal Naive
105235,57413.43,Seasonal Naive
12255,40037.85,Seasonal Naive
62301,13174.739999999998,Seasonal Naive
71313,7711.920000000001,Seasonal Naive
44558,0.0,Seasonal Naive
27414,38373.86,Seasonal Naive
309776,209262.18999999997,Seasonal Naive
13637,25177.120000000003,Seasonal Naive
528395,12610.56,Seasonal Naive
4383,47868.95999999999,Seasonal Naive
451454,0.0,Seasonal Naive
118659,4.05,Seasonal Naive
180998,25651.63,Seasonal Naive
222039,24894.75,Seasonal Naive
22265,23287.52,Seasonal Naive
127649,18496.16,Seasonal Naive
191669,20804.71,Seasonal Naive
112635,0.0,Seasonal Naive
124507,94477.48999999999,Seasonal Naive
314774,89435.84,Seasonal Naive
171142,44989.759999999995,Seasonal Naive
69596,25862.49,Seasonal Naive
45718,53415.91,Seasonal Naive
7829,63974.270000000004,Seasonal Naive
33762,79992.17,Seasonal Naive
19635,86328.35999999999,Seasonal Naive
69628,20843.319999999996,Seasonal Naive
251061,138562.86000000002,Seasonal Naive
99972,70855.25,Seasonal Naive
5260,9804.76,Seasonal Naive
257426,0.0,Seasonal Naive
109010,147142.64,Seasonal Naive
83926,97101.04000000001,Seasonal Naive
95482,824.7599999999999,Seasonal Naive
80188,29538.770000000004,Seasonal Naive
163925,45649.44,Seasonal Naive
7920,41179.73,Seasonal Naive
124229,42884.51,Seasonal Naive
106113,14.14,Seasonal Naive
187546,38172.96,Seasonal Naive
65600,47816.40000000001,Seasonal Naive
74845,49280.56,Seasonal Naive
85495,15549.679999999998,Seasonal Naive
63184,261821.31999999995,Seasonal Naive
85814,13987.0,Seasonal Naive
78953,28822.589999999997,Seasonal Naive
56114,37055.100000000006,Seasonal Naive
161560,91771.43,Seasonal Naive
51950,35711.810000000005,Seasonal Naive
6234,19775.590000000004,Seasonal Naive
91459,16084.039999999997,Seasonal Naive
466719,10493.660000000002,Seasonal Naive
12582,132164.5,Seasonal Naive
111139,207569.85,Seasonal Naive
95425,46090.060000000005,Seasonal Naive
79306,0.0,Seasonal Naive
228915,105694.29999999999,Seasonal Naive
134052,28241.0,Seasonal Naive
158384,0.0,Seasonal Naive
77331,51369.18000000001,Seasonal Naive
19514,56469.7,Seasonal Naive
107773,65574.93000000001,Seasonal Naive
55946,100164.65,Seasonal Naive
293398,58484.22,Seasonal Naive
79522,20623.9,Seasonal Naive
19838,17945.32,Seasonal Naive
326763,73398.05,Seasonal Naive
226438,182670.58000000002,Seasonal Naive
56430,34244.96000000001,Seasonal Naive
4296,125549.84,Seasonal Naive
136599,84552.43000000001,Seasonal Naive
317319,2046.92,Seasonal Naive
144492,79991.54999999999,Seasonal Naive
103521,6326.02,Seasonal Naive
389792,0.0,Seasonal Naive
429389,6382.169999999999,Seasonal Naive
122675,6746.37,Seasonal Naive
52412,34263.37,Seasonal Naive
29409,16.64,Seasonal Naive
43703,43750.15,Seasonal Naive
91404,23178.83,Seasonal Naive
56025,26.009999999999998,Seasonal Naive
410539,1405.58,Seasonal Naive
77355,62482.67,Seasonal Naive
84219,4364.360000000001,Seasonal Naive
79697,25194.19,Seasonal Naive
6268,37853.65,Seasonal Naive
38380,9529.620000000003,Seasonal Naive
325727,44337.329999999994,Seasonal Naive
328698,50620.26,Seasonal Naive
444321,36913.29,Seasonal Naive
4072,71615.2,Seasonal Naive
77899,62169.439999999995,Seasonal Naive
134356,48525.329999999994,Seasonal Naive
34999,29516.500000000004,Seasonal Naive
76533,54664.450000000004,Seasonal Naive
291352,108.42,Seasonal Naive
324268,53.4,Seasonal Naive
134952,57352.90999999999,Seasonal Naive
107279,51427.880000000005,Seasonal Naive
85400,41742.65,Seasonal Naive
229237,6315.82,Seasonal Naive
14128,23001.25,Seasonal Naive
13961,36130.450000000004,Seasonal Naive
186294,30337.399999999998,Seasonal Naive
11918,63160.700000000004,Seasonal Naive
6554,0.0,Seasonal Naive
129161,21.61,Seasonal Naive
55210,9669.78,Seasonal Naive
91265,16951.17,Seasonal Naive
174173,106255.64,Seasonal Naive
136602,27247.74,Seasonal Naive
282121,35663.58,Seasonal Naive
336131,91.82999999999998,Seasonal Naive
53308,33183.09,Seasonal Naive
165068,99945.74999999999,Seasonal Naive
87571,21228.329999999998,Seasonal Naive
145331,62490.91,Seasonal Naive
338982,77288.89,Seasonal Naive
378247,96531.81999999999,Seasonal Naive
133665,173824.00999999998,Seasonal Naive
337033,15084.89,Seasonal Naive
160901,57548.4,Seasonal Naive
54329,100787.98999999999,Seasonal Naive
4532,60579.31,Seasonal Naive
395519,35239.89,Seasonal Naive
31953,55781.49,Seasonal Naive
358675,167046.53,Seasonal Naive
108322,94479.40000000001,Seasonal Naive
125387,11083.54,Seasonal Naive
5299,28726.51,Seasonal Naive
4354,44066.23,Seasonal Naive
28192,66094.76,Seasonal Naive
4949,12624.83,Seasonal Naive
132599,73573.64,Seasonal Naive
20883,42114.61,Seasonal Naive
112477,34331.15,Seasonal Naive
462590,57841.01,Seasonal Naive
160829,69360.47,Seasonal Naive
126212,0.0,Seasonal Naive
67357,28919.939999999995,Seasonal Naive
91073,36325.630000000005,Seasonal Naive
167826,137963.49,Seasonal Naive
129168,25097.110000000004,Seasonal Naive
153152,56687.08999999999,Seasonal Naive
52441,130093.84,Seasonal Naive
165713,50010.01,Seasonal Naive
294522,9576.890000000001,Seasonal Naive
106121,231778.06000000003,Seasonal Naive
38400,22801.49,Seasonal Naive
87837,95620.84,Seasonal Naive
231097,146601.35000000003,Seasonal Naive
54252,70097.53,Seasonal Naive
289672,1.03,Seasonal Naive
241095,25835.079999999998,Seasonal Naive
137861,0.0,Seasonal Naive
75273,83970.31,Seasonal Naive
202138,124397.28999999998,Seasonal Naive
55414,52716.55,Seasonal Naive
62751,47615.84,Seasonal Naive
400575,127247.98999999999,Seasonal Naive
3508,57513.28,Seasonal Naive
40898,36623.159999999996,Seasonal Naive
85451,66136.58,Seasonal Naive
175936,42016.619999999995,Seasonal Naive
126240,0.0,Seasonal Naive
117872,17206.03,Seasonal Naive
134331,18999.22,Seasonal Naive
112089,63433.16,Seasonal Naive
79844,161792.84,Seasonal Naive
174823,0.0,Seasonal Naive
84829,48157.850000000006,Seasonal Naive
177857,28637.389999999996,Seasonal Naive
30771,39409.22,Seasonal Naive
198162,19192.920000000002,Seasonal Naive
118516,33025.909999999996,Seasonal Naive
21333,34251.41,Seasonal Naive
187533,46993.8,Seasonal Naive
77774,81262.93,Seasonal Naive
155060,89733.99,Seasonal Naive
49256,118743.26000000001,Seasonal Naive
37509,0.0,Seasonal Naive
99821,71697.63,Seasonal Naive
13563,50405.21,Seasonal Naive
171866,126091.62,Seasonal Naive
379546,52024.96,Seasonal Naive
5110,12938.48,Seasonal Naive
30880,54006.86,Seasonal Naive
91362,66824.01,Seasonal Naive
119626,40647.42,Seasonal Naive
51916,84875.06,Seasonal Naive
84694,17118.36,Seasonal Naive
9773,35064.41,Seasonal Naive
200595,0.0,Seasonal Naive
10398,24313.879999999997,Seasonal Naive
135992,112178.60999999999,Seasonal Naive
130413,83465.46,Seasonal Naive
412509,448055.41000000003,Seasonal Naive
331186,33646.47,Seasonal Naive
20592,24883.92,Seasonal Naive
102653,29175.59,Seasonal Naive
82915,90475.92000000001,Seasonal Naive
68599,16198.359999999999,Seasonal Naive
167495,96926.13000000002,Seasonal Naive
372217,107225.51999999999,Seasonal Naive
165712,30328.83,Seasonal Naive
26470,92204.03,Seasonal Naive
24182,91680.55999999998,Seasonal Naive
411932,178341.91999999998,Seasonal Naive
349387,46308.54,Seasonal Naive
78876,22855.8,Seasonal Naive
265249,0.0,Seasonal Naive
141403,79383.12000000001,Seasonal Naive
106051,97033.78,Seasonal Naive
50884,2661.81,Seasonal Naive
87746,85070.01000000001,Seasonal Naive
108534,50948.079999999994,Seasonal Naive
281257,3232.6699999999996,Seasonal Naive
43914,74580.09999999999,Seasonal Naive
20321,40702.78,Seasonal Naive
127391,24491.590000000004,Seasonal Naive
74550,61730.12,Seasonal Naive
47992,8626.55,Seasonal Naive
318169,13507.91,Seasonal Naive
118396,44920.18,Seasonal Naive
112161,159972.64,Seasonal Naive
28947,86335.53,Seasonal Naive
103523,13515.730000000001,Seasonal Naive
46379,51237.43,Seasonal Naive
8975,70669.72000000002,Seasonal Naive
136404,87140.63,Seasonal Naive
307711,48313.22,Seasonal Naive
503138,20433.86,Seasonal Naive
57012,70466.9,Seasonal Naive
402080,40403.34,Seasonal Naive
82443,2143.0899999999997,Seasonal Naive
105630,16954.019999999997,Seasonal Naive
135980,82590.47,Seasonal Naive
459984,372046.05,Seasonal Naive
316617,163450.51,Seasonal Naive
2349,140088.24999999997,Seasonal Naive
112059,43754.26000000001,Seasonal Naive
294766,42446.13,Seasonal Naive
111879,121339.03,Seasonal Naive
134048,103102.16,Seasonal Naive
142225,202372.85,Seasonal Naive
110816,19380.67,Seasonal Naive
30755,91305.18000000001,Seasonal Naive
411467,15315.03,Seasonal Naive
379544,79613.51,Seasonal Naive
402604,141457.65,Seasonal Naive
11064,38871.630000000005,Seasonal Naive
117900,0.0,Seasonal Naive
427710,159281.41,Seasonal Naive
113580,8047.299999999999,Seasonal Naive
143984,93101.37,Seasonal Naive
99288,72569.72,Seasonal Naive
44519,7340.26,Seasonal Naive
108961,4627.83,Seasonal Naive
38192,35739.75,Seasonal Naive
81708,0.0,Seasonal Naive
82204,21421.850000000002,Seasonal Naive
402663,10902.640000000001,Seasonal Naive
7766,59791.24999999999,Seasonal Naive
72124,52284.36,Seasonal Naive
88251,22469.510000000002,Seasonal Naive
76897,102973.59,Seasonal Naive
28253,54361.11,Seasonal Naive
111075,582706.5300000001,Seasonal Naive
72634,4939.530000000001,Seasonal Naive
85639,56248.83,Seasonal Naive
38553,16068.53,Seasonal Naive
63472,44824.54,Seasonal Naive
31155,90973.83,Seasonal Naive
112580,20012.5,Seasonal Naive
13580,30652.769999999997,Seasonal Naive
36545,76239.37999999999,Seasonal Naive
63491,28497.510000000002,Seasonal Naive
328378,219408.90999999997,Seasonal Naive
136853,112496.51,Seasonal Naive
177339,14.08,Seasonal Naive
459454,115477.88999999998,Seasonal Naive
175861,55675.92,Seasonal Naive
427715,102456.26,Seasonal Naive
9780,31981.43,Seasonal Naive
127312,92052.04,Seasonal Naive
103148,10825.249999999998,Seasonal Naive
150503,15515.46,Seasonal Naive
28495,85582.47,Seasonal Naive
124236,57279.68000000001,Seasonal Naive
166672,7838.059999999999,Seasonal Naive
2221,0.9,Seasonal Naive
97181,1052.89,Seasonal Naive
92878,67922.41,Seasonal Naive
96896,52780.700000000004,Seasonal Naive
10119,0.0,Seasonal Naive
328863,42696.06,Seasonal Naive
81522,133686.83000000002,Seasonal Naive
79614,87527.94999999998,Seasonal Naive
169309,52636.119999999995,Seasonal Naive
12201,34173.61,Seasonal Naive
40064,21449.969999999998,Seasonal Naive
359499,63532.549999999996,Seasonal Naive
71584,23670.519999999997,Seasonal Naive
265869,565.0199999999999,Seasonal Naive
295320,59922.409999999996,Seasonal Naive
427670,64023.229999999996,Seasonal Naive
108321,4.58,Seasonal Naive
110695,122722.56999999999,Seasonal Naive
107673,135750.51,Seasonal Naive
493007,320849.36,Seasonal Naive
5604,63914.37,Seasonal Naive
54251,110285.18000000002,Seasonal Naive
360739,89703.31,Seasonal Naive
40853,43046.41,Seasonal Naive
174417,156295.92,Seasonal Naive
82951,126313.64,Seasonal Naive
103243,144504.40999999997,Seasonal Naive
267002,54235.42000000001,Seasonal Naive
129471,8826.13,Seasonal Naive
309750,28296.32,Seasonal Naive
175046,36066.270000000004,Seasonal Naive
63236,2456.9300000000003,Seasonal Naive
340773,102922.19,Seasonal Naive
178579,28526.289999999997,Seasonal Naive
46440,44498.15,Seasonal Naive
108305,44549.700000000004,Seasonal Naive
79725,2710.31,Seasonal Naive
188827,101721.05,Seasonal Naive
75642,172998.46999999997,Seasonal Naive
40096,55665.42999999999,Seasonal Naive
13895,128279.36000000002,Seasonal Naive
408383,7846.53,Seasonal Naive
412507,421629.27,Seasonal Naive
226432,166864.83,Seasonal Naive
111467,0.0,Seasonal Naive
87722,130204.97,Seasonal Naive
362322,182017.06,Seasonal Naive
24133,29669.970000000005,Seasonal Naive
190592,158773.81,Seasonal Naive
78796,49404.29,Seasonal Naive
437164,51108.740000000005,Seasonal Naive
167894,6045.37,Seasonal Naive
310527,153834.63,Seasonal Naive
358332,18998.51,Seasonal Naive
187616,0.0,Seasonal Naive
485402,65343.25,Seasonal Naive
273032,114103.89,Seasonal Naive
472719,126318.54000000001,Seasonal Naive
97001,34203.32,Seasonal Naive
91490,12212.88,Seasonal Naive
84192,15651.27,Seasonal Naive
165710,27334.29,Seasonal Naive
85402,46017.57,Seasonal Naive
407031,297690.73,Seasonal Naive
264569,0.0,Seasonal Naive
77845,13319.100000000002,Seasonal Naive
429398,41123.950000000004,Seasonal Naive
166020,19486.249999999996,Seasonal Naive
167016,0.0,Seasonal Naive
51039,109687.76999999999,Seasonal Naive
174608,81603.56999999999,Seasonal Naive
71426,90190.22,Seasonal Naive
154916,48047.100000000006,Seasonal Naive
21403,15522.880000000001,Seasonal Naive
664,5456.12,Seasonal Naive
13967,40576.58,Seasonal Naive
133660,79758.73000000001,Seasonal Naive
7373,43986.520000000004,Seasonal Naive
340877,89805.56999999999,Seasonal Naive
365097,46420.56999999999,Seasonal Naive
437161,0.0,Seasonal Naive
86757,16330.65,Seasonal Naive
20580,46703.18000000001,Seasonal Naive
98159,78543.53,Seasonal Naive
5521,2725.8200000000006,Seasonal Naive
156589,146257.99000000002,Seasonal Naive
44849,21944.199999999997,Seasonal Naive
251081,359088.24000000005,Seasonal Naive
149166,237417.35,Seasonal Naive
65791,112023.88999999998,Seasonal Naive
185310,157340.53999999998,Seasonal Naive
90393,0.0,Seasonal Naive
112754,20847.26,Seasonal Naive
221360,118038.36,Seasonal Naive
127387,47104.28,Seasonal Naive
173922,92711.58,Seasonal Naive
17169,46.33,Seasonal Naive
145587,69378.23,Seasonal Naive
13490,50789.98999999999,Seasonal Naive
165419,160085.03999999998,Seasonal Naive
37680,123757.98,Seasonal Naive
174220,1.5,Seasonal Naive
139036,37025.45,Seasonal Naive
18042,0.0,Seasonal Naive
298005,0.0,Seasonal Naive
94977,174358.89999999997,Seasonal Naive
149388,64363.42999999999,Seasonal Naive
40839,38723.18,Seasonal Naive
4316,85977.18,Seasonal Naive
237439,158396.47,Seasonal Naive
127609,169668.13999999998,Seasonal Naive
170778,83863.74,Seasonal Naive
78815,31188.269999999997,Seasonal Naive
14114,21575.79,Seasonal Naive
290983,30399.03,Seasonal Naive
99780,54438.53,Seasonal Naive
126052,21219.61,Seasonal Naive
223405,94798.32999999999,Seasonal Naive
31994,75754.02999999998,Seasonal Naive
44557,113221.00999999998,Seasonal Naive
346396,23655.319999999996,Seasonal Naive
7467,90259.72,Seasonal Naive
198142,55328.42999999999,Seasonal Naive
110065,9475.350000000002,Seasonal Naive
117245,52411.00000000001,Seasonal Naive
80191,135161.56,Seasonal Naive
305394,70258.75,Seasonal Naive
110731,225425.30999999997,Seasonal Naive
112237,128139.12999999999,Seasonal Naive
25034,73299.61,Seasonal Naive
130414,112775.93000000001,Seasonal Naive
389694,44601.38,Seasonal Naive
454112,1349210.16,Seasonal Naive
303574,4115.9,Seasonal Naive
133635,111136.27,Seasonal Naive
86363,96081.43000000001,Seasonal Naive
122358,41420.729999999996,Seasonal Naive
188752,57376.79000000001,Seasonal Naive
153131,61606.86,Seasonal Naive
177870,67004.64,Seasonal Naive
33765,90039.79,Seasonal Naive
5956,18907.53,Seasonal Naive
83918,315496.23,Seasonal Naive
339494,258629.58999999997,Seasonal Naive
112568,10816.300000000001,Seasonal Naive
94671,51603.420000000006,Seasonal Naive
25152,28208.569999999996,Seasonal Naive
66409,47809.7,Seasonal Naive
316961,108577.90000000002,Seasonal Naive
153461,36433.87,Seasonal Naive
221831,131182.02,Seasonal Naive
11585,56750.69,Seasonal Naive
309773,27291.789999999997,Seasonal Naive
284058,58873.829999999994,Seasonal Naive
21214,132845.48,Seasonal Naive
82974,0.0,Seasonal Naive
135563,32295.71,Seasonal Naive
80581,86775.7,Seasonal Naive
437167,75366.45000000001,Seasonal Naive
174872,53190.979999999996,Seasonal Naive
426013,20630.56,Seasonal Naive
52440,173806.03,Seasonal Naive
375231,163049.00999999998,Seasonal Naive
56161,73558.15000000001,Seasonal Naive
143545,336.03000000000003,Seasonal Naive
145653,107533.25,Seasonal Naive
141611,89149.53,Seasonal Naive
112502,105669.57999999999,Seasonal Naive
197612,45498.64,Seasonal Naive
11896,52719.76,Seasonal Naive
110103,0.0,Seasonal Naive
41091,24818.94,Seasonal Naive
4310,55983.31,Seasonal Naive
154846,0.0,Seasonal Naive
13798,56592.95,Seasonal Naive
41619,9192.14,Seasonal Naive
3903,0.0,Seasonal Naive
21796,82225.02,Seasonal Naive
70956,57.64,Seasonal Naive
111468,0.0,Seasonal Naive
724,1.63,Seasonal Naive
420343,38390.729999999996,Seasonal Naive
21624,40070.03,Seasonal Naive
103455,117177.61,Seasonal Naive
105748,32777.73,Seasonal Naive
79616,64233.909999999996,Seasonal Naive
36254,114113.14,Seasonal Naive
145472,421.26000000000005,Seasonal Naive
111112,33626.29,Seasonal Naive
66926,30200.98,Seasonal Naive
88123,122932.81999999998,Seasonal Naive
17332,8284.54,Seasonal Naive
7209,38192.30999999999,Seasonal Naive
389662,163902.82,Seasonal Naive
46781,22175.950000000004,Seasonal Naive
440792,59515.08,Seasonal Naive
32485,28639.44,Seasonal Naive
157402,0.0,Seasonal Naive
280882,44564.05,Seasonal Naive
47330,76840.95,Seasonal Naive
86188,121118.21,Seasonal Naive
234754,60790.56999999999,Seasonal Naive
327104,127304.71,Seasonal Naive
21184,48139.670000000006,Seasonal Naive
183281,602752.88,Seasonal Naive
11879,1813.5900000000001,Seasonal Naive
77310,3745.63,Seasonal Naive
75274,211157.06,Seasonal Naive
39718,90696.14,Seasonal Naive
82061,17510.260000000002,Seasonal Naive
104456,37717.75,Seasonal Naive
389555,169789.45,Seasonal Naive
178894,20234.58,Seasonal Naive
144109,33481.72,Seasonal Naive
35632,72879.18999999999,Seasonal Naive
75129,96432.51,Seasonal Naive
4073,73489.89,Seasonal Naive
89951,24830.29,Seasonal Naive
99379,366126.89,Seasonal Naive
156975,75724.75000000001,Seasonal Naive
55115,18329.420000000002,Seasonal Naive
27964,4286.38,Seasonal Naive
185911,32736.180000000004,Seasonal Naive
303602,39645.22,Seasonal Naive
110793,12412.82,Seasonal Naive
411930,94005.73999999999,Seasonal Naive
20731,101633.43999999999,Seasonal Naive
280793,36697.86000000001,Seasonal Naive
6142,49795.42999999999,Seasonal Naive
6495,51154.25,Seasonal Naive
412546,16.23,Seasonal Naive
189547,53428.95,Seasonal Naive
18102,71062.54,Seasonal Naive
155780,111648.86000000002,Seasonal Naive
55117,36414.85,Seasonal Naive
180405,14765.37,Seasonal Naive
83293,59471.93,Seasonal Naive
63488,47955.02,Seasonal Naive
40728,39820.219999999994,Seasonal Naive
61934,180262.03,Seasonal Naive
155262,115390.2,Seasonal Naive
115553,64929.18,Seasonal Naive
52428,22824.83,Seasonal Naive
240890,2868.95,Seasonal Naive
127568,316567.78,Seasonal Naive
191063,890634.4999999999,Seasonal Naive
181676,122938.28,Seasonal Naive
257427,96543.87,Seasonal Naive
88817,70808.56999999999,Seasonal Naive
441708,27953.229999999996,Seasonal Naive
142216,182664.97,Seasonal Naive
189499,6379.839999999998,Seasonal Naive
121949,15422.630000000001,Seasonal Naive
83323,36055.08,Seasonal Naive
49139,35451.64,Seasonal Naive
4267,1540.04,Seasonal Naive
35341,49350.43,Seasonal Naive
295143,42246.35,Seasonal Naive
128560,57326.90999999999,Seasonal Naive
69551,112736.68999999999,Seasonal Naive
48679,36432.21,Seasonal Naive
7183,19272.149999999998,Seasonal Naive
107804,0.0,Seasonal Naive
175937,27361.829999999998,Seasonal Naive
49577,1312.91,Seasonal Naive
3595,67169.1,Seasonal Naive
106151,89047.38,Seasonal Naive
421505,305136.39,Seasonal Naive
392864,22830.090000000004,Seasonal Naive
26893,183022.05,Seasonal Naive
324937,677.1900000000002,Seasonal Naive
92832,14309.41,Seasonal Naive
85469,91634.87,Seasonal Naive
25837,56701.37,Seasonal Naive
5003,30545.44,Seasonal Naive
36008,45515.82,Seasonal Naive
5239,0.0,Seasonal Naive
40425,95793.99,Seasonal Naive
161310,41260.35,Seasonal Naive
200603,213822.48000000004,Seasonal Naive
78697,121639.76,Seasonal Naive
158387,0.0,Seasonal Naive
299911,613.25,Seasonal Naive
137687,2638.4500000000003,Seasonal Naive
261521,348.25,Seasonal Naive
289658,97190.76999999999,Seasonal Naive
71570,191011.23,Seasonal Naive
153460,46679.310000000005,Seasonal Naive
188003,150443.61,Seasonal Naive
22052,41725.73,Seasonal Naive
193277,59886.37,Seasonal Naive
109290,82307.63999999998,Seasonal Naive
180864,16034.07,Seasonal Naive
10532,41684.80999999999,Seasonal Naive
153457,118414.93999999999,Seasonal Naive
54837,13311.41,Seasonal Naive
56019,25668.230000000003,Seasonal Naive
91315,14682.23,Seasonal Naive
97127,44347.270000000004,Seasonal Naive
61624,0.0,Seasonal Naive
181625,93499.21,Seasonal Naive
150197,209.90999999999997,Seasonal Naive
327774,88568.31,Seasonal Naive
81804,910.8899999999999,Seasonal Naive
80054,51165.240000000005,Seasonal Naive
87798,115719.03,Seasonal Naive
63749,65101.03999999999,Seasonal Naive
4899,20.62,Seasonal Naive
166220,34605.82,Seasonal Naive
46438,47848.560000000005,Seasonal Naive
164069,24042.270000000004,Seasonal Naive
72062,82063.17,Seasonal Naive
40744,73229.56,Seasonal Naive
129224,0.0,Seasonal Naive
329634,89893.74,Seasonal Naive
294721,0.0,Seasonal Naive
112087,0.0,Seasonal Naive
4266,1041.94,Seasonal Naive
4277,38258.53,Seasonal Naive
297709,30796.7,Seasonal Naive
438652,63330.729999999996,Seasonal Naive
107848,62539.26000000001,Seasonal Naive
105234,110854.95000000001,Seasonal Naive
3599,204998.19999999998,Seasonal Naive
56331,132801.08000000002,Seasonal Naive
423698,259193.52,Seasonal Naive
229227,7663.69,Seasonal Naive
62293,3149.68,Seasonal Naive
86074,71121.90000000001,Seasonal Naive
107656,58728.83,Seasonal Naive
395133,68187.97,Seasonal Naive
21434,92135.91,Seasonal Naive
153096,72507.41,Seasonal Naive
93034,27247.420000000002,Seasonal Naive
112665,37657.04,Seasonal Naive
60029,60525.94999999999,Seasonal Naive
18274,0.0,Seasonal Naive
129396,67350.72,Seasonal Naive
62913,8933.73,Seasonal Naive
21853,47571.0,Seasonal Naive
144493,84942.12999999999,Seasonal Naive
111830,41096.810000000005,Seasonal Naive
174866,120471.66,Seasonal Naive
296615,42969.53,Seasonal Naive
4235,66109.78000000001,Seasonal Naive
82097,51281.48,Seasonal Naive
108295,83808.55,Seasonal Naive
13568,52527.51,Seasonal Naive
167783,59568.990000000005,Seasonal Naive
7923,71573.70999999999,Seasonal Naive
138441,99096.48,Seasonal Naive
41365,77954.54999999999,Seasonal Naive
327422,151911.48,Seasonal Naive
459400,177152.26,Seasonal Naive
22149,8370.019999999999,Seasonal Naive
74563,43406.63,Seasonal Naive
17412,71225.39,Seasonal Naive
155338,95569.53,Seasonal Naive
11995,126773.56000000001,Seasonal Naive
38299,2268.56,Seasonal Naive
265877,1462.9800000000002,Seasonal Naive
13442,37402.1,Seasonal Naive
25334,8911.94,Seasonal Naive
21464,196934.66,Seasonal Naive
49961,36263.85999999999,Seasonal Naive
19971,22872.36,Seasonal Naive
56123,115837.27,Seasonal Naive
13787,18752.37,Seasonal Naive
3969,21162.529999999995,Seasonal Naive
39092,226.31,Seasonal Naive
132126,35094.56999999999,Seasonal Naive
7508,52773.91,Seasonal Naive
4298,83919.03000000001,Seasonal Naive
200626,32245.27,Seasonal Naive
171108,224670.37,Seasonal Naive
412475,66295.39,Seasonal Naive
66282,104920.29,Seasonal Naive
240707,102530.11,Seasonal Naive
327754,39910.66,Seasonal Naive
43906,26679.33,Seasonal Naive
143814,61290.69999999999,Seasonal Naive
62890,87875.37,Seasonal Naive
34351,29754.059999999998,Seasonal Naive
390966,7897.66,Seasonal Naive
337563,92966.2,Seasonal Naive
111283,60790.979999999996,Seasonal Naive
144824,129563.04000000001,Seasonal Naive
229235,137799.46,Seasonal Naive
113086,67533.5,Seasonal Naive
47230,169796.31,Seasonal Naive
110689,60331.72999999999,Seasonal Naive
72068,89182.95000000001,Seasonal Naive
133401,29573.710000000003,Seasonal Naive
39638,55627.09,Seasonal Naive
4079,0.0,Seasonal Naive
83576,143272.79,Seasonal Naive
136600,40398.08,Seasonal Naive
47830,78407.55,Seasonal Naive
326585,72618.39,Seasonal Naive
100003,9111.749999999998,Seasonal Naive
92153,23117.519999999997,Seasonal Naive
87800,10502.590000000002,Seasonal Naive
77847,18825.16,Seasonal Naive
161433,102107.72,Seasonal Naive
258495,6844.530000000002,Seasonal Naive
21882,59509.31,Seasonal Naive
140706,41621.21,Seasonal Naive
326300,123485.88999999998,Seasonal Naive
77415,8819.2,Seasonal Naive
62750,38939.96,Seasonal Naive
75063,0.0,Seasonal Naive
108540,98943.90999999999,Seasonal Naive
75916,52783.89,Seasonal Naive
21827,77641.05,Seasonal Naive
34977,0.0,Seasonal Naive
80122,19616.910000000003,Seasonal Naive
21881,139418.73,Seasonal Naive
49724,156936.28999999998,Seasonal Naive
143810,73709.3,Seasonal Naive
53324,70703.03,Seasonal Naive
85612,122712.62999999999,Seasonal Naive
100018,33298.58,Seasonal Naive
2440,65652.49,Seasonal Naive
195297,66213.92000000001,Seasonal Naive
26887,69990.74,Seasonal Naive
412462,331046.32000000007,Seasonal Naive
5152,36204.26,Seasonal Naive
306042,56199.560000000005,Seasonal Naive
9846,77958.06999999999,Seasonal Naive
9781,52684.270000000004,Seasonal Naive
389565,194320.37999999998,Seasonal Naive
34400,30745.780000000002,Seasonal Naive
19946,12551.93,Seasonal Naive
169790,94525.87000000001,Seasonal Naive
175797,43407.55,Seasonal Naive
33003,12067.229999999998,Seasonal Naive
33101,43057.65000000001,Seasonal Naive
63512,44543.04,Seasonal Naive
91590,128602.5,Seasonal Naive
95481,384.14,Seasonal Naive
62432,7641.24,Seasonal Naive
45767,126484.12000000001,Seasonal Naive
54974,86881.97,Seasonal Naive
66433,83023.01999999999,Seasonal Naive
49309,79922.58,Seasonal Naive
64112,19121.66,Seasonal Naive
90787,44513.549999999996,Seasonal Naive
51037,119758.2,Seasonal Naive
127613,66227.18000000001,Seasonal Naive
175989,555233.8200000001,Seasonal Naive
85742,6201.510000000001,Seasonal Naive
112803,17807.04,Seasonal Naive
181329,53782.409999999996,Seasonal Naive
87528,26212.14,Seasonal Naive
2480,161543.22,Seasonal Naive
305284,45060.55,Seasonal Naive
121240,156486.90999999997,Seasonal Naive
93569,147937.97000000003,Seasonal Naive
336302,105644.50000000001,Seasonal Naive
60260,72025.68,Seasonal Naive
157085,196727.98000000004,Seasonal Naive
392696,27120.370000000003,Seasonal Naive
5883,217419.50999999998,Seasonal Naive
25402,19100.690000000002,Seasonal Naive
83880,193728.3,Seasonal Naive
123651,49335.28,Seasonal Naive
140724,24741.31,Seasonal Naive
434584,743.87,Seasonal Naive
40678,22925.09,Seasonal Naive
37494,28854.170000000002,Seasonal Naive
108350,109038.34000000001,Seasonal Naive
84659,23670.1,Seasonal Naive
113002,144783.56999999998,Seasonal Naive
82123,15935.95,Seasonal Naive
326741,0.0,Seasonal Naive
85398,20760.97,Seasonal Naive
122394,94458.38,Seasonal Naive
77283,17847.63,Seasonal Naive
106112,382.22,Seasonal Naive
257703,140047.07,Seasonal Naive
183075,91584.95,Seasonal Naive
174137,48146.67,Seasonal Naive
74990,137119.09,Seasonal Naive
70333,117490.60999999999,Seasonal Naive
74219,135508.05,Seasonal Naive
462675,9.8,Seasonal Naive
72061,0.0,Seasonal Naive
13135,0.0,Seasonal Naive
10242,94.05,Seasonal Naive
22207,27573.52,Seasonal Naive
389642,128483.27,Seasonal Naive
23469,73043.46999999999,Seasonal Naive
308892,102723.87999999998,Seasonal Naive
390853,64114.22000000001,Seasonal Naive
200590,0.0,Seasonal Naive
13960,42835.66999999999,Seasonal Naive
2288,265421.11,Seasonal Naive
280859,29107.11,Seasonal Naive
124956,38.910000000000004,Seasonal Naive
91484,87193.44,Seasonal Naive
30934,51214.06999999999,Seasonal Naive
5118,70339.45,Seasonal Naive
126009,27204.739999999998,Seasonal Naive
145668,113608.63,Seasonal Naive
77308,56786.14,Seasonal Naive
163035,15931.48,Seasonal Naive
314746,92612.11,Seasonal Naive
13998,102521.22000000002,Seasonal Naive
26895,150605.96000000002,Seasonal Naive
429239,52829.41,Seasonal Naive
70316,265.75,Seasonal Naive
305387,7218.89,Seasonal Naive
76976,64070.59,Seasonal Naive
39298,6564.91,Seasonal Naive
37044,8845.43,Seasonal Naive
557233,43764.119999999995,Seasonal Naive
26452,80677.67,Seasonal Naive
79612,41783.009999999995,Seasonal Naive
485390,161436.34,Seasonal Naive
135224,28815.41,Seasonal Naive
92379,125763.71,Seasonal Naive
165098,190698.05999999997,Seasonal Naive
112645,14955.84,Seasonal Naive
144124,111881.5,Seasonal Naive
159413,106516.16999999998,Seasonal Naive
83516,37547.30000000001,Seasonal Naive
261522,3474.52,Seasonal Naive
336591,129396.08,Seasonal Naive
74194,120282.07,Seasonal Naive
36342,95577.35999999999,Seasonal Naive
240656,196616.92,Seasonal Naive
138760,149273.37,Seasonal Naive
25355,482.45000000000005,Seasonal Naive
298100,86644.21,Seasonal Naive
143983,126085.16,Seasonal Naive
55623,185253.25999999998,Seasonal Naive
81521,0.0,Seasonal Naive
171238,39116.19,Seasonal Naive
557235,79440.06999999999,Seasonal Naive
317889,100526.15000000001,Seasonal Naive
28796,47403.66,Seasonal Naive
24125,22096.84,Seasonal Naive
41364,55283.119999999995,Seasonal Naive
13795,49385.34,Seasonal Naive
75137,59203.94000000001,Seasonal Naive
75766,43274.56999999999,Seasonal Naive
72204,108643.97000000002,Seasonal Naive
13913,81190.53,Seasonal Naive
61954,14086.48,Seasonal Naive
83124,33027.82000000001,Seasonal Naive
99692,116268.59999999999,Seasonal Naive
84713,73942.72,Seasonal Naive
102957,242344.33000000002,Seasonal Naive
330018,54377.0,Seasonal Naive
125394,173090.61,Seasonal Naive
75932,67220.44,Seasonal Naive
5453,44721.72,Seasonal Naive
165659,180947.56,Seasonal Naive
404970,291873.64,Seasonal Naive
143812,75595.89,Seasonal Naive
55947,178641.93,Seasonal Naive
325115,2888.74,Seasonal Naive
171110,75356.69,Seasonal Naive
79610,42935.98,Seasonal Naive
37697,527506.54,Seasonal Naive
440174,24037.870000000003,Seasonal Naive
76377,46503.45999999999,Seasonal Naive
289688,0.0,Seasonal Naive
459867,0.0,Seasonal Naive
5949,117046.13999999998,Seasonal Naive
122124,4249.999999999999,Seasonal Naive
13281,69766.18,Seasonal Naive
82487,36245.78,Seasonal Naive
140658,200978.74,Seasonal Naive
415583,140726.46,Seasonal Naive
7189,29425.689999999995,Seasonal Naive
99594,97159.20999999999,Seasonal Naive
51182,81177.26,Seasonal Naive
308948,256337.74,Seasonal Naive
84695,31578.989999999998,Seasonal Naive
144460,150507.29,Seasonal Naive
63930,78353.78,Seasonal Naive
141543,181220.71000000002,Seasonal Naive
402546,153190.49,Seasonal Naive
72011,53613.689999999995,Seasonal Naive
315324,48105.18,Seasonal Naive
115548,81549.25,Seasonal Naive
362214,126853.26,Seasonal Naive
112132,48693.850000000006,Seasonal Naive
13965,33584.89,Seasonal Naive
88676,83943.86000000002,Seasonal Naive
28575,248619.74000000002,Seasonal Naive
183330,0.0,Seasonal Naive
32493,144828.95,Seasonal Naive
75148,96065.20000000001,Seasonal Naive
46797,47033.08,Seasonal Naive
237957,0.0,Seasonal Naive
487863,76168.18,Seasonal Naive
141461,30273.170000000002,Seasonal Naive
82927,11563.359999999999,Seasonal Naive
28476,155039.89,Seasonal Naive
346397,61742.35,Seasonal Naive
9236,183548.09,Seasonal Naive
3463,116539.27000000002,Seasonal Naive
379545,123290.17,Seasonal Naive
129163,102040.87,Seasonal Naive
17478,136822.80000000002,Seasonal Naive
87529,18026.04,Seasonal Naive
99782,81816.01000000001,Seasonal Naive
145664,138287.32,Seasonal Naive
17056,35988.53,Seasonal Naive
122393,96507.11,Seasonal Naive
84715,98158.19,Seasonal Naive
438749,119042.52,Seasonal Naive
50625,105523.41,Seasonal Naive
29496,109199.68999999999,Seasonal Naive
68731,92055.79000000001,Seasonal Naive
92551,45985.56,Seasonal Naive
327086,130338.15999999999,Seasonal Naive
5180,105866.85999999999,Seasonal Naive
90784,23686.3,Seasonal Naive
83131,15998.59,Seasonal Naive
94551,19606.04,Seasonal Naive
156478,65473.03,Seasonal Naive
135746,30930.560000000005,Seasonal Naive
47233,138916.43999999997,Seasonal Naive
21332,39648.35,Seasonal Naive
299063,1099064.4900000002,Seasonal Naive
107672,163920.84000000003,Seasonal Naive
75438,0.0,Seasonal Naive
4961,12104.259999999998,Seasonal Naive
77416,11907.46,Seasonal Naive
85404,86764.5,Seasonal Naive
138759,131408.09,Seasonal Naive
19569,37477.93,Seasonal Naive
88541,68088.99,Seasonal Naive
485057,158956.59999999998,Seasonal Naive
132884,166976.19000000003,Seasonal Naive
87445,0.0,Seasonal Naive
273079,131253.55,Seasonal Naive
31212,9971.759999999998,Seasonal Naive
189623,7.5,Seasonal Naive
134937,82789.29,Seasonal Naive
63232,108899.29,Seasonal Naive
27436,308604.33999999997,Seasonal Naive
56604,129615.57999999999,Seasonal Naive
80025,209929.48,Seasonal Naive
342527,56524.490000000005,Seasonal Naive
56026,20017.99,Seasonal Naive
108640,144.99999999999997,Seasonal Naive
144125,162975.28999999998,Seasonal Naive
36390,146922.03999999998,Seasonal Naive
436941,97267.38000000002,Seasonal Naive
297678,0.01,Seasonal Naive
9802,64903.32,Seasonal Naive
18392,4780.02,Seasonal Naive
79845,111153.27999999998,Seasonal Naive
21893,72473.3,Seasonal Naive
48943,65424.950000000004,Seasonal Naive
83292,193741.31999999998,Seasonal Naive
33455,74859.64,Seasonal Naive
11785,42324.340000000004,Seasonal Naive
289652,43368.32000000001,Seasonal Naive
118142,0.0,Seasonal Naive
156357,16159.81,Seasonal Naive
31569,34.94,Seasonal Naive
404627,76929.73999999999,Seasonal Naive
21977,11420.220000000001,Seasonal Naive
289687,0.0,Seasonal Naive
174154,118825.59999999999,Seasonal Naive
23751,86014.24,Seasonal Naive
220707,73844.93,Seasonal Naive
21283,139274.66,Seasonal Naive
81466,90674.67,Seasonal Naive
171381,46.35,Seasonal Naive
113273,0.0,Seasonal Naive
132861,107200.85000000002,Seasonal Naive
245367,171214.72000000003,Seasonal Naive
230253,117858.93999999999,Seasonal Naive
274965,0.0,Seasonal Naive
64850,54525.05000000002,Seasonal Naive
19110,37942.1,Seasonal Naive
10184,103700.92000000001,Seasonal Naive
167815,58737.590000000004,Seasonal Naive
189209,141537.74999999997,Seasonal Naive
398127,54314.88999999999,Seasonal Naive
70354,121859.29000000002,Seasonal Naive
144459,197530.64,Seasonal Naive
107837,132843.53,Seasonal Naive
175860,22184.36,Seasonal Naive
55196,55411.520000000004,Seasonal Naive
99152,174658.44999999998,Seasonal Naive
46844,58155.420000000006,Seasonal Naive
221363,208609.7,Seasonal Naive
12680,0.0,Seasonal Naive
66199,0.0,Seasonal Naive
10167,106034.27000000002,Seasonal Naive
20578,103912.22999999998,Seasonal Naive
4658,40200.64,Seasonal Naive
220706,66056.13,Seasonal Naive
157083,172504.44,Seasonal Naive
62917,45100.37,Seasonal Naive
7656,40745.14000000001,Seasonal Naive
137323,242074.82,Seasonal Naive
76355,29613.789999999997,Seasonal Naive
187678,231870.16,Seasonal Naive
134333,29020.35,Seasonal Naive
154460,0.0,Seasonal Naive
51881,216734.07,Seasonal Naive
348825,37684.45,Seasonal Naive
106221,44565.14,Seasonal Naive
21061,49801.48999999999,Seasonal Naive
86042,62016.19,Seasonal Naive
5428,0.0,Seasonal Naive
66436,37353.18,Seasonal Naive
6096,66009.7,Seasonal Naive
32495,97097.79,Seasonal Naive
77843,45101.21,Seasonal Naive
70960,85794.17,Seasonal Naive
328377,169227.94,Seasonal Naive
61936,96618.99000000002,Seasonal Naive
88591,80706.06,Seasonal Naive
352790,62813.99,Seasonal Naive
123582,117931.63,Seasonal Naive
80281,29759.05,Seasonal Naive
365039,0.0,Seasonal Naive
471583,63402.570000000014,Seasonal Naive
42556,5072.410000000001,Seasonal Naive
12304,68762.33,Seasonal Naive
83125,150569.81,Seasonal Naive
13656,258112.81999999998,Seasonal Naive
103245,27730.82,Seasonal Naive
80193,136380.27000000002,Seasonal Naive
93568,20.400000000000002,Seasonal Naive
13368,85100.65000000001,Seasonal Naive
4929,48709.23999999999,Seasonal Naive
67839,27730.319999999996,Seasonal Naive
118399,42895.81,Seasonal Naive
32955,181195.79,Seasonal Naive
10918,132803.00999999998,Seasonal Naive
5970,65037.369999999995,Seasonal Naive
183074,135615.52000000002,Seasonal Naive
189056,113627.34999999999,Seasonal Naive
113379,184013.96,Seasonal Naive
442267,65230.72000000001,Seasonal Naive
261645,119712.29000000001,Seasonal Naive
157653,43434.10999999999,Seasonal Naive
36343,112794.21,Seasonal Naive
315555,0.0,Seasonal Naive
33704,102462.69,Seasonal Naive
26981,93264.45000000001,Seasonal Naive
112567,63326.43999999999,Seasonal Naive
336607,292628.45,Seasonal Naive
158901,138362.52000000002,Seasonal Naive
83849,5984.58,Seasonal Naive
8721,121931.4,Seasonal Naive
47457,31195.29,Seasonal Naive
135991,220134.44999999998,Seasonal Naive
20789,40012.06999999999,Seasonal Naive
40041,147021.69,Seasonal Naive
33463,94410.39,Seasonal Naive
435189,39876.31,Seasonal Naive
87520,39233.94,Seasonal Naive
274974,125109.57,Seasonal Naive
70825,82270.50000000001,Seasonal Naive
80135,294602.32999999996,Seasonal Naive
87536,63170.86,Seasonal Naive
11989,121810.14,Seasonal Naive
349481,80276.86,Seasonal Naive
77301,65930.49,Seasonal Naive
528388,191931.78,Seasonal Naive
37356,94264.21,Seasonal Naive
29397,112459.70999999999,Seasonal Naive
149164,242070.46999999997,Seasonal Naive
13577,158631.55000000002,Seasonal Naive
37822,24628.660000000003,Seasonal Naive
83848,163312.92,Seasonal Naive
75908,42723.63,Seasonal Naive
93512,42532.11,Seasonal Naive
7190,29882.829999999998,Seasonal Naive
88107,11783.699999999999,Seasonal Naive
362332,151956.8,Seasonal Naive
66434,102097.6,Seasonal Naive
98542,34066.04,Seasonal Naive
5913,17242.15,Seasonal Naive
22209,94175.20999999999,Seasonal Naive
12316,0.0,Seasonal Naive
166222,113505.62999999999,Seasonal Naive
175196,83224.44,Seasonal Naive
352786,42948.30999999999,Seasonal Naive
11719,74807.72000000002,Seasonal Naive
111521,85615.97,Seasonal Naive
9196,38230.32,Seasonal Naive
639802,281445.01,Seasonal Naive
89338,138686.27,Seasonal Naive
404699,0.0,Seasonal Naive
19171,17425.91,Seasonal Naive
84160,104255.91,Seasonal Naive
88725,589913.25,Seasonal Naive
12735,177402.21000000002,Seasonal Naive
329670,126763.98,Seasonal Naive
112160,0.0,Seasonal Naive
226439,135156.18,Seasonal Naive
465730,43543.52,Seasonal Naive
6253,197480.99000000002,Seasonal Naive
309585,109639.64,Seasonal Naive
20576,38530.399999999994,Seasonal Naive
241301,218576.93999999997,Seasonal Naive
20841,42251.130000000005,Seasonal Naive
190983,96047.22000000002,Seasonal Naive
112654,73814.74,Seasonal Naive
50015,240353.72999999995,Seasonal Naive
33761,54019.52,Seasonal Naive
102770,155902.0,Seasonal Naive
115212,14826.369999999999,Seasonal Naive
183657,135073.97999999998,Seasonal Naive
528392,241537.95,Seasonal Naive
54543,31725.709999999995,Seasonal Naive
24278,58847.159999999996,Seasonal Naive
284121,67861.26999999999,Seasonal Naive
109287,47749.71000000001,Seasonal Naive
13441,54791.11,Seasonal Naive
144468,67751.29,Seasonal Naive
127622,156595.26999999996,Seasonal Naive
425611,58012.229999999996,Seasonal Naive
316615,333526.81,Seasonal Naive
16998,50559.28,Seasonal Naive
105277,0.0,Seasonal Naive
223322,62028.54,Seasonal Naive
85507,54429.05,Seasonal Naive
265813,200033.42,Seasonal Naive
141544,170242.72000000003,Seasonal Naive
50633,4124.629999999999,Seasonal Naive
404546,0.0,Seasonal Naive
130369,78427.54999999999,Seasonal Naive
6311,47672.51,Seasonal Naive
365035,265019.14,Seasonal Naive
176050,92184.69,Seasonal Naive
221832,185539.21999999994,Seasonal Naive
74987,157640.53999999998,Seasonal Naive
310407,463268.4499999999,Seasonal Naive
127612,616340.96,Seasonal Naive
485414,175743.24,Seasonal Naive
194169,471.36999999999995,Seasonal Naive
19942,59686.62000000001,Seasonal Naive
90237,108739.00000000001,Seasonal Naive
134046,14162.250000000002,Seasonal Naive
389697,305568.94,Seasonal Naive
109796,21348.86,Seasonal Naive
175954,260066.01,Seasonal Naive
38286,214727.69999999998,Seasonal Naive
63220,109217.65999999999,Seasonal Naive
120977,291051.34,Seasonal Naive
48604,13093.940000000002,Seasonal Naive
7141,49927.100000000006,Seasonal Naive
28252,96750.65,Seasonal Naive
327403,208936.01,Seasonal Naive
21534,56968.78,Seasonal Naive
61806,0.0,Seasonal Naive
108324,194893.46,Seasonal Naive
106149,113480.59000000001,Seasonal Naive
134665,152896.14,Seasonal Naive
143141,61231.69,Seasonal Naive
13579,81172.55,Seasonal Naive
30770,31774.08,Seasonal Naive
99494,233819.02000000002,Seasonal Naive
351785,114732.98000000001,Seasonal Naive
83118,90716.83999999998,Seasonal Naive
145641,89954.16,Seasonal Naive
28888,64980.619999999995,Seasonal Naive
12696,117032.63,Seasonal Naive
56043,40966.84,Seasonal Naive
490658,134585.16999999998,Seasonal Naive
95135,17.959999999999997,Seasonal Naive
11951,70404.83,Seasonal Naive
90786,84932.63,Seasonal Naive
36004,57528.450000000004,Seasonal Naive
54614,207961.03,Seasonal Naive
421326,415362.06999999995,Seasonal Naive
160194,252576.48000000004,Seasonal Naive
28650,88388.04,Seasonal Naive
46439,86322.75,Seasonal Naive
22264,53680.509999999995,Seasonal Naive
265867,151.76,Seasonal Naive
24759,1794.28,Seasonal Naive
223544,230.49,Seasonal Naive
324938,64445.420000000006,Seasonal Naive
115658,75163.5,Seasonal Naive
80139,203117.9,Seasonal Naive
424234,0.0,Seasonal Naive
49582,24919.21,Seasonal Naive
190976,279234.36,Seasonal Naive
390951,10418.369999999999,Seasonal Naive
7401,73170.41,Seasonal Naive
307580,53340.33,Seasonal Naive
19634,102603.31000000001,Seasonal Naive
5670,108610.53000000001,Seasonal Naive
221796,49677.33,Seasonal Naive
29468,67107.37000000001,Seasonal Naive
100171,143972.69,Seasonal Naive
36994,76108.65,Seasonal Naive
2450,177670.39,Seasonal Naive
410925,174185.49,Seasonal Naive
91292,114723.0,Seasonal Naive
48255,93968.41,Seasonal Naive
33764,195231.77999999997,Seasonal Naive
330119,37755.68,Seasonal Naive
25232,8112.67,Seasonal Naive
7968,137622.33,Seasonal Naive
356872,91197.44999999998,Seasonal Naive
407990,57244.78,Seasonal Naive
75669,199682.16999999998,Seasonal Naive
79696,196679.41,Seasonal Naive
317305,32600.820000000003,Seasonal Naive
298001,223735.49000000005,Seasonal Naive
240893,40415.78,Seasonal Naive
223527,211.12,Seasonal Naive
99893,66669.40000000001,Seasonal Naive
188123,109207.70999999999,Seasonal Naive
484420,0.0,Seasonal Naive
199541,172784.82,Seasonal Naive
226433,141643.47,Seasonal Naive
273029,236366.81,Seasonal Naive
66295,99366.29,Seasonal Naive
77870,163067.04,Seasonal Naive
142281,51439.42,Seasonal Naive
4376,3772.76,Seasonal Naive
89673,252035.0,Seasonal Naive
86076,80957.57,Seasonal Naive
41765,0.0,Seasonal Naive
112527,118367.29,Seasonal Naive
110516,67952.67,Seasonal Naive
127623,177541.14,Seasonal Naive
149215,89245.14000000001,Seasonal Naive
80027,176422.95,Seasonal Naive
111149,79803.12000000001,Seasonal Naive
78921,46671.59,Seasonal Naive
348821,72688.39,Seasonal Naive
5075,86099.34999999999,Seasonal Naive
7207,171800.05,Seasonal Naive
5656,181352.06,Seasonal Naive
76243,66358.45,Seasonal Naive
33029,19118.690000000002,Seasonal Naive
479897,64645.149999999994,Seasonal Naive
192868,246351.13999999996,Seasonal Naive
295311,171319.76,Seasonal Naive
80053,126999.63,Seasonal Naive
39716,69867.45000000001,Seasonal Naive
34810,76221.28,Seasonal Naive
69802,86379.62999999999,Seasonal Naive
289656,76398.84,Seasonal Naive
98218,15272.69,Seasonal Naive
41179,84833.31000000001,Seasonal Naive
134646,46166.43000000001,Seasonal Naive
10986,0.0,Seasonal Naive
90111,0.0,Seasonal Naive
82156,0.0,Seasonal Naive
378367,131845.69,Seasonal Naive
407027,590347.26,Seasonal Naive
194168,141157.87,Seasonal Naive
63215,12.17,Seasonal Naive
83257,25391.210000000003,Seasonal Naive
10336,43637.03999999999,Seasonal Naive
88424,20164.099999999995,Seasonal Naive
118281,95837.01000000001,Seasonal Naive
111995,97479.4,Seasonal Naive
412478,92493.98,Seasonal Naive
443896,147719.77000000002,Seasonal Naive
111289,99161.61000000002,Seasonal Naive
112572,303707.86000000004,Seasonal Naive
22642,145526.92,Seasonal Naive
193137,38640.31,Seasonal Naive
404569,28815.72,Seasonal Naive
71518,66631.41,Seasonal Naive
43672,103.58,Seasonal Naive
115550,64936.76,Seasonal Naive
410487,55891.880000000005,Seasonal Naive
138418,86382.76,Seasonal Naive
9757,257246.33000000002,Seasonal Naive
55226,206338.86,Seasonal Naive
164127,296767.69,Seasonal Naive
124534,87705.84999999999,Seasonal Naive
200616,66568.18000000001,Seasonal Naive
87747,63847.009999999995,Seasonal Naive
295127,0.0,Seasonal Naive
106097,49789.439999999995,Seasonal Naive
85672,99809.44000000002,Seasonal Naive
112662,124.0,Seasonal Naive
103309,178383.53999999998,Seasonal Naive
46824,239160.74000000002,Seasonal Naive
144096,160710.06999999998,Seasonal Naive
336653,250418.57,Seasonal Naive
38325,56699.170000000006,Seasonal Naive
96999,81211.63,Seasonal Naive
193885,18.14,Seasonal Naive
5731,49266.94,Seasonal Naive
39841,65390.02,Seasonal Naive
71099,120563.74999999999,Seasonal Naive
161486,0.0,Seasonal Naive
84876,112273.72,Seasonal Naive
35574,117345.12000000001,Seasonal Naive
167811,198181.65,Seasonal Naive
106167,823.7600000000001,Seasonal Naive
30303,164300.49,Seasonal Naive
94606,50064.11,Seasonal Naive
24757,859988.6800000002,Seasonal Naive
443898,100458.98,Seasonal Naive
112591,144308.58000000005,Seasonal Naive
11589,5.46,Seasonal Naive
126299,172574.87000000002,Seasonal Naive
382851,39047.34,Seasonal Naive
373836,363956.51,Seasonal Naive
71421,278666.43,Seasonal Naive
11582,280487.25,Seasonal Naive
86493,83186.22,Seasonal Naive
147084,165558.45000000004,Seasonal Naive
40651,52962.119999999995,Seasonal Naive
7263,14404.169999999998,Seasonal Naive
108440,19343.480000000003,Seasonal Naive
4858,74808.09999999999,Seasonal Naive
49926,48842.17,Seasonal Naive
123957,141311.21999999997,Seasonal Naive
237096,87662.93,Seasonal Naive
134936,117861.03000000001,Seasonal Naive
55212,23500.239999999998,Seasonal Naive
5106,130162.94,Seasonal Naive
138609,171819.72,Seasonal Naive
7125,27061.47,Seasonal Naive
466601,31532.6,Seasonal Naive
165500,8270.33,Seasonal Naive
189545,19362.14,Seasonal Naive
99877,92619.06,Seasonal Naive
12028,67756.81999999999,Seasonal Naive
92928,107262.67000000001,Seasonal Naive
412257,30247.04,Seasonal Naive
282703,183459.31999999998,Seasonal Naive
347236,28918.95,Seasonal Naive
444536,188756.63000000003,Seasonal Naive
398111,44468.05,Seasonal Naive
153533,177162.0,Seasonal Naive
13544,117622.74000000002,Seasonal Naive
14002,300011.52999999997,Seasonal Naive
99779,45945.23,Seasonal Naive
128405,66945.18000000001,Seasonal Naive
110753,32985.340000000004,Seasonal Naive
84714,99454.41,Seasonal Naive
112233,302910.91000000003,Seasonal Naive
129165,79818.27,Seasonal Naive
299058,731619.21,Seasonal Naive
110814,213845.2,Seasonal Naive
194445,270519.63,Seasonal Naive
98540,67364.37000000001,Seasonal Naive
448549,1968284.96,Seasonal Naive
4851,622776.48,Seasonal Naive
108323,19.650000000000002,Seasonal Naive
31030,59004.97,Seasonal Naive
167162,1155.29,Seasonal Naive
136612,33964.520000000004,Seasonal Naive
412470,65036.009999999995,Seasonal Naive
70201,61074.62000000001,Seasonal Naive
110823,146886.63999999998,Seasonal Naive
47414,77272.15,Seasonal Naive
98846,1474.58,Seasonal Naive
298109,0.0,Seasonal Naive
14985,40890.600000000006,Seasonal Naive
113481,79169.77,Seasonal Naive
47804,224258.30000000002,Seasonal Naive
6235,100883.09,Seasonal Naive
191067,4781.99,Seasonal Naive
20705,38311.39,Seasonal Naive
157401,0.0,Seasonal Naive
9703,40362.520000000004,Seasonal Naive
382998,190118.84999999998,Seasonal Naive
27836,94887.10000000002,Seasonal Naive
64114,35935.87,Seasonal Naive
138340,136416.82,Seasonal Naive
409666,0.0,Seasonal Naive
30976,66858.09,Seasonal Naive
347502,22997.12,Seasonal Naive
87801,10070.070000000002,Seasonal Naive
112091,59375.84000000001,Seasonal Naive
81467,115732.77000000003,Seasonal Naive
82892,37472.96000000001,Seasonal Naive
138829,51574.670000000006,Seasonal Naive
6494,59148.280000000006,Seasonal Naive
127557,278027.01,Seasonal Naive
18303,134815.94,Seasonal Naive
411973,29162.310000000005,Seasonal Naive
4327,66763.20999999999,Seasonal Naive
352806,43581.96,Seasonal Naive
66064,105351.37000000001,Seasonal Naive
13794,37108.09,Seasonal Naive
103958,116865.29000000001,Seasonal Naive
134114,45568.850000000006,Seasonal Naive
9779,134451.91999999998,Seasonal Naive
412468,82333.35,Seasonal Naive
117651,65158.88,Seasonal Naive
13443,122778.71,Seasonal Naive
12101,177139.41999999998,Seasonal Naive
122431,253468.66999999998,Seasonal Naive
105769,9133.98,Seasonal Naive
115213,54074.10999999999,Seasonal Naive
141579,211537.90000000002,Seasonal Naive
84193,19026.28,Seasonal Naive
110787,195023.16000000003,Seasonal Naive
303603,54467.47000000001,Seasonal Naive
24720,83237.01,Seasonal Naive
71435,167471.3,Seasonal Naive
22718,370466.77,Seasonal Naive
94684,118684.23999999999,Seasonal Naive
107838,171162.23,Seasonal Naive
23083,104079.13999999998,Seasonal Naive
4847,12605.17,Seasonal Naive
25354,26321.479999999996,Seasonal Naive
275394,144690.47999999998,Seasonal Naive
190221,32553.1,Seasonal Naive
411651,27748.510000000002,Seasonal Naive
154535,172259.66,Seasonal Naive
27403,35056.9,Seasonal Naive
408365,11017.16,Seasonal Naive
280890,136317.43,Seasonal Naive
295304,83450.88,Seasonal Naive
171807,210032.56999999998,Seasonal Naive
133664,138677.32,Seasonal Naive
5923,10213.02,Seasonal Naive
372157,599661.08,Seasonal Naive
43860,110238.26000000001,Seasonal Naive
21295,154258.04,Seasonal Naive
163873,158098.25000000003,Seasonal Naive
111966,34465.15,Seasonal Naive
12103,66976.7,Seasonal Naive
239533,191696.58,Seasonal Naive
29401,138444.07,Seasonal Naive
51113,251442.13,Seasonal Naive
125431,106256.36,Seasonal Naive
90118,30102.01,Seasonal Naive
113482,62811.6,Seasonal Naive
111871,38809.280000000006,Seasonal Naive
108283,172815.46000000002,Seasonal Naive
7670,27945.299999999996,Seasonal Naive
66435,138331.28,Seasonal Naive
6573,175574.37000000002,Seasonal Naive
8609,248525.8,Seasonal Naive
7548,6021.92,Seasonal Naive
111097,25017.270000000004,Seasonal Naive
7132,122073.74,Seasonal Naive
75440,152750.42,Seasonal Naive
9586,476.28999999999996,Seasonal Naive
63552,32187.980000000003,Seasonal Naive
64852,45288.89,Seasonal Naive
9684,119859.19,Seasonal Naive
141695,78028.21,Seasonal Naive
273078,127702.99000000002,Seasonal Naive
154191,61706.01999999999,Seasonal Naive
62217,229293.75999999998,Seasonal Naive
299057,786399.1900000001,Seasonal Naive
5272,97143.2,Seasonal Naive
223337,80183.75,Seasonal Naive
43070,284014.38,Seasonal Naive
84235,231039.03999999998,Seasonal Naive
113590,94298.87999999999,Seasonal Naive
174206,172325.93,Seasonal Naive
136055,229921.06,Seasonal Naive
196572,163725.56,Seasonal Naive
95127,94580.12999999999,Seasonal Naive
56244,220416.54,Seasonal Naive
5184,138996.71,Seasonal Naive
453757,104302.22,Seasonal Naive
11625,122378.38999999998,Seasonal Naive
111290,156514.16000000003,Seasonal Naive
223538,125147.84999999999,Seasonal Naive
31126,60030.88,Seasonal Naive
55203,30320.71,Seasonal Naive
149212,121413.47,Seasonal Naive
299847,273173.45,Seasonal Naive
51917,220169.02,Seasonal Naive
10183,198306.86000000002,Seasonal Naive
62200,15960.34,Seasonal Naive
12916,72263.23000000001,Seasonal Naive
4309,150650.13,Seasonal Naive
99595,184211.80999999997,Seasonal Naive
91402,87058.41,Seasonal Naive
63466,93216.2,Seasonal Naive
17519,314097.2,Seasonal Naive
174337,139999.12,Seasonal Naive
111869,429946.9799999999,Seasonal Naive
149235,89236.8,Seasonal Naive
149126,93733.20999999999,Seasonal Naive
86134,134908.66,Seasonal Naive
311799,21091.250000000004,Seasonal Naive
99300,64903.479999999996,Seasonal Naive
153456,117423.70999999999,Seasonal Naive
88690,169130.68000000002,Seasonal Naive
10760,174271.75999999998,Seasonal Naive
90741,274775.46,Seasonal Naive
105291,137363.7,Seasonal Naive
183279,293694.27999999997,Seasonal Naive
89674,346994.17000000004,Seasonal Naive
110813,157181.28,Seasonal Naive
326737,327718.82999999996,Seasonal Naive
51912,176138.91999999998,Seasonal Naive
59460,153982.40000000002,Seasonal Naive
23404,100985.67000000001,Seasonal Naive
13461,122474.34000000001,Seasonal Naive
240712,142966.2,Seasonal Naive
174821,341525.76,Seasonal Naive
63221,154761.23,Seasonal Naive
84246,95997.35,Seasonal Naive
81770,193656.91999999998,Seasonal Naive
110783,191439.58000000002,Seasonal Naive
170774,46904.57,Seasonal Naive
198865,82150.81,Seasonal Naive
485359,229928.78000000003,Seasonal Naive
136843,79819.65999999999,Seasonal Naive
174706,157634.50999999998,Seasonal Naive
63553,69717.3,Seasonal Naive
134720,107295.79999999999,Seasonal Naive
141613,34147.19,Seasonal Naive
62916,56688.73999999999,Seasonal Naive
144494,330614.02999999997,Seasonal Naive
61307,62550.02,Seasonal Naive
153501,22292.32,Seasonal Naive
118285,198563.73,Seasonal Naive
11953,152134.74999999997,Seasonal Naive
13025,184351.12999999998,Seasonal Naive
115656,64444.0,Seasonal Naive
167652,0.0,Seasonal Naive
108638,267849.1,Seasonal Naive
41715,364859.2,Seasonal Naive
307537,16505.46,Seasonal Naive
124494,320877.23000000004,Seasonal Naive
18304,190453.41,Seasonal Naive
121818,238141.11,Seasonal Naive
311723,79362.12,Seasonal Naive
30111,39826.380000000005,Seasonal Naive
11112,232080.0,Seasonal Naive
443892,122075.31,Seasonal Naive
60633,78559.09,Seasonal Naive
115216,47267.43,Seasonal Naive
19208,139077.82,Seasonal Naive
73434,174945.9,Seasonal Naive
271306,2028411.1500000001,Seasonal Naive
156348,108572.98999999999,Seasonal Naive
24031,101400.24,Seasonal Naive
111522,60835.6,Seasonal Naive
62919,224325.52999999997,Seasonal Naive
5067,226716.09000000003,Seasonal Naive
44309,234315.35000000003,Seasonal Naive
6765,205542.76,Seasonal Naive
35678,157453.12999999998,Seasonal Naive
50019,127029.01,Seasonal Naive
175952,229397.68999999997,Seasonal Naive
421504,508910.44,Seasonal Naive
301732,0.0,Seasonal Naive
103964,125020.44,Seasonal Naive
82132,48697.82,Seasonal Naive
127282,92979.49,Seasonal Naive
227753,151199.82,Seasonal Naive
167152,462756.50000000006,Seasonal Naive
6216,70753.09999999999,Seasonal Naive
10631,133067.24000000002,Seasonal Naive
99801,112266.45,Seasonal Naive
337041,1.75,Seasonal Naive
55121,240857.2,Seasonal Naive
446983,5843.55,Seasonal Naive
84581,321641.56999999995,Seasonal Naive
230392,573568.1900000001,Seasonal Naive
13891,274812.78,Seasonal Naive
65950,5301.710000000001,Seasonal Naive
94892,116169.04999999999,Seasonal Naive
72100,259940.62,Seasonal Naive
63511,113011.14,Seasonal Naive
84716,142212.63,Seasonal Naive
112730,55373.999999999985,Seasonal Naive
140327,47304.68,Seasonal Naive
105737,238777.70999999996,Seasonal Naive
20324,31569.649999999998,Seasonal Naive
133669,158435.28999999998,Seasonal Naive
139572,112773.40999999999,Seasonal Naive
122179,56876.340000000004,Seasonal Naive
92431,0.0,Seasonal Naive
124233,3574.01,Seasonal Naive
22056,44894.299999999996,Seasonal Naive
8881,69015.31,Seasonal Naive
153455,91870.44,Seasonal Naive
170776,202605.69000000003,Seasonal Naive
39432,2054.04,Seasonal Naive
92581,6965.110000000001,Seasonal Naive
148698,67502.96,Seasonal Naive
105236,253210.02999999997,Seasonal Naive
87516,123852.65999999999,Seasonal Naive
76242,118948.78,Seasonal Naive
21880,260653.81,Seasonal Naive
337226,65206.11,Seasonal Naive
158388,0.0,Seasonal Naive
66087,0.85,Seasonal Naive
62795,104326.31999999999,Seasonal Naive
435192,71494.03,Seasonal Naive
438731,128775.74,Seasonal Naive
170570,32308.26,Seasonal Naive
153276,8427.720000000001,Seasonal Naive
118086,41273.05,Seasonal Naive
11376,90870.79000000001,Seasonal Naive
100096,54373.38,Seasonal Naive
30026,43254.39,Seasonal Naive
100001,484979.6400000001,Seasonal Naive
144397,62211.64,Seasonal Naive
61623,0.0,Seasonal Naive
28191,226530.77999999997,Seasonal Naive
150688,393690.68,Seasonal Naive
7790,215002.41,Seasonal Naive
30927,103552.71999999999,Seasonal Naive
8428,233267.41999999998,Seasonal Naive
98219,151297.9,Seasonal Naive
106150,196521.67,Seasonal Naive
65776,174360.15,Seasonal Naive
107862,5446.39,Seasonal Naive
56132,376867.51,Seasonal Naive
4883,78586.72,Seasonal Naive
87833,80117.4,Seasonal Naive
86040,33497.37,Seasonal Naive
62933,0.0,Seasonal Naive
5061,55086.869999999995,Seasonal Naive
82052,35067.89,Seasonal Naive
17176,17862.74,Seasonal Naive
21069,304693.33999999997,Seasonal Naive
5112,120324.55,Seasonal Naive
110978,289409.14999999997,Seasonal Naive
5284,143690.36,Seasonal Naive
72500,226008.29000000004,Seasonal Naive
46912,367823.30000000005,Seasonal Naive
241218,150065.47,Seasonal Naive
69485,66153.2,Seasonal Naive
36225,159970.78,Seasonal Naive
112942,189471.98,Seasonal Naive
21771,548541.27,Seasonal Naive
70057,128114.38999999998,Seasonal Naive
22862,78307.56000000001,Seasonal Naive
164118,566152.6799999999,Seasonal Naive
264544,15971.929999999998,Seasonal Naive
171140,156944.56999999998,Seasonal Naive
91513,172799.74999999997,Seasonal Naive
487294,305805.03,Seasonal Naive
95108,110044.95999999998,Seasonal Naive
4844,168859.28000000003,Seasonal Naive
492477,168566.62000000002,Seasonal Naive
65724,37937.799999999996,Seasonal Naive
72815,121570.09000000003,Seasonal Naive
55966,99297.59000000001,Seasonal Naive
295153,225008.24,Seasonal Naive
88525,95953.6,Seasonal Naive
19590,75534.92,Seasonal Naive
83251,138952.75,Seasonal Naive
31774,69029.65,Seasonal Naive
26609,126403.48000000001,Seasonal Naive
66925,48506.97,Seasonal Naive
308942,93356.18,Seasonal Naive
197577,0.0,Seasonal Naive
94837,189368.41999999998,Seasonal Naive
29446,132917.37,Seasonal Naive
74218,211704.94999999998,Seasonal Naive
74437,107002.76,Seasonal Naive
90236,284594.95999999996,Seasonal Naive
99804,166989.77000000002,Seasonal Naive
19568,126559.38,Seasonal Naive
193446,389325.70999999996,Seasonal Naive
70251,31933.350000000002,Seasonal Naive
327845,12734.03,Seasonal Naive
389778,62405.709999999985,Seasonal Naive
33467,151627.7,Seasonal Naive
196806,318808.98,Seasonal Naive
411903,216672.54000000004,Seasonal Naive
106238,125178.55,Seasonal Naive
75079,0.0,Seasonal Naive
135222,115363.81,Seasonal Naive
60383,63435.99,Seasonal Naive
13630,50375.52999999999,Seasonal Naive
6051,154305.19,Seasonal Naive
41129,215120.50999999998,Seasonal Naive
284130,237856.73,Seasonal Naive
63227,238521.49000000005,Seasonal Naive
189070,65965.42,Seasonal Naive
114552,15532.490000000002,Seasonal Naive
35996,155871.16000000003,Seasonal Naive
191598,112279.63000000003,Seasonal Naive
12739,123666.97999999998,Seasonal Naive
163874,166535.15000000002,Seasonal Naive
22080,170253.27999999997,Seasonal Naive
62990,98761.39,Seasonal Naive
49932,325533.51,Seasonal Naive
312908,176104.88,Seasonal Naive
21475,300661.01,Seasonal Naive
46851,187706.72999999998,Seasonal Naive
62797,88847.59,Seasonal Naive
62991,203016.89,Seasonal Naive
31886,17454.829999999998,Seasonal Naive
167646,251069.56000000003,Seasonal Naive
83518,337605.24,Seasonal Naive
129463,165302.26,Seasonal Naive
166227,115116.82000000002,Seasonal Naive
30935,134767.13,Seasonal Naive
124226,5176.040000000001,Seasonal Naive
38166,196116.37000000005,Seasonal Naive
34979,15.17,Seasonal Naive
30650,134784.24000000002,Seasonal Naive
26920,205245.50999999998,Seasonal Naive
20402,263547.57,Seasonal Naive
412410,331252.55000000005,Seasonal Naive
98832,0.0,Seasonal Naive
17035,435842.1400000001,Seasonal Naive
44026,235787.34999999998,Seasonal Naive
109820,484797.51,Seasonal Naive
375230,403910.23000000004,Seasonal Naive
349485,25388.589999999997,Seasonal Naive
428179,12643.77,Seasonal Naive
62637,353609.33,Seasonal Naive
109818,356860.25,Seasonal Naive
194444,363037.96,Seasonal Naive
34976,0.0,Seasonal Naive
44761,58752.350000000006,Seasonal Naive
100005,132099.28999999998,Seasonal Naive
12077,253661.23,Seasonal Naive
4854,72017.06999999999,Seasonal Naive
77788,89306.15999999999,Seasonal Naive
82485,105926.77,Seasonal Naive
105275,403490.87,Seasonal Naive
29453,162628.28999999998,Seasonal Naive
282156,213056.99000000002,Seasonal Naive
378590,41425.34999999999,Seasonal Naive
57239,62694.18,Seasonal Naive
156644,70342.08,Seasonal Naive
82100,214231.01000000004,Seasonal Naive
83517,277272.0,Seasonal Naive
40701,90230.01000000001,Seasonal Naive
82375,500611.2799999999,Seasonal Naive
29400,318573.54,Seasonal Naive
41122,245161.89,Seasonal Naive
5051,23134.769999999997,Seasonal Naive
4863,0.0,Seasonal Naive
163043,17357.9,Seasonal Naive
76130,190116.73,Seasonal Naive
21626,168762.83,Seasonal Naive
294813,127085.94,Seasonal Naive
303575,167015.38,Seasonal Naive
112256,27383.769999999997,Seasonal Naive
136057,189769.41999999998,Seasonal Naive
135202,9394.73,Seasonal Naive
3602,0.0,Seasonal Naive
301752,124640.29999999999,Seasonal Naive
32342,8123.12,Seasonal Naive
7188,5899.849999999999,Seasonal Naive
299848,126113.85999999999,Seasonal Naive
7118,218448.54999999996,Seasonal Naive
124234,89402.12,Seasonal Naive
188137,1699.21,Seasonal Naive
98564,32276.839999999997,Seasonal Naive
84844,52005.729999999996,Seasonal Naive
26915,239840.40000000002,Seasonal Naive
11722,47721.41,Seasonal Naive
324260,34.04,Seasonal Naive
329991,81661.67,Seasonal Naive
107620,179913.09,Seasonal Naive
49878,182594.00999999998,Seasonal Naive
10325,0.0,Seasonal Naive
25459,180174.87,Seasonal Naive
79708,132904.63,Seasonal Naive
25463,0.0,Seasonal Naive
275417,87631.3,Seasonal Naive
379432,85.52000000000001,Seasonal Naive
182791,158590.37,Seasonal Naive
12170,106172.73,Seasonal Naive
123641,85905.59000000001,Seasonal Naive
13432,83800.98,Seasonal Naive
9786,63955.630000000005,Seasonal Naive
123045,259221.12,Seasonal Naive
13283,1348146.75,Seasonal Naive
23422,398179.74999999994,Seasonal Naive
21792,38885.71,Seasonal Naive
316612,451162.08999999997,Seasonal Naive
12303,140640.38999999998,Seasonal Naive
40063,102951.78,Seasonal Naive
13447,15585.609999999999,Seasonal Naive
20584,151690.69999999998,Seasonal Naive
122910,0.0,Seasonal Naive
274564,198916.14999999997,Seasonal Naive
11581,543843.5399999999,Seasonal Naive
177611,66805.00999999998,Seasonal Naive
124103,168272.77,Seasonal Naive
77890,219756.02000000002,Seasonal Naive
7583,104845.23,Seasonal Naive
5054,30267.969999999998,Seasonal Naive
331189,92278.23,Seasonal Naive
10917,144545.14,Seasonal Naive
61616,424779.50000000006,Seasonal Naive
404619,402771.62000000005,Seasonal Naive
62317,127947.50000000001,Seasonal Naive
41633,86807.01,Seasonal Naive
5060,424179.32,Seasonal Naive
144467,96782.48000000001,Seasonal Naive
18971,195178.19000000003,Seasonal Naive
19880,4693.120000000001,Seasonal Naive
126466,154329.31,Seasonal Naive
23608,196204.24,Seasonal Naive
33435,14967.49,Seasonal Naive
17027,168242.9,Seasonal Naive
111511,91554.17,Seasonal Naive
229322,0.0,Seasonal Naive
229239,306816.85000000003,Seasonal Naive
66303,108517.69,Seasonal Naive
9774,115430.42000000001,Seasonal Naive
41556,289045.77999999997,Seasonal Naive
136879,118005.77999999998,Seasonal Naive
295305,117873.24,Seasonal Naive
66920,0.0,Seasonal Naive
187589,203800.51,Seasonal Naive
155362,2280849.6,Seasonal Naive
408299,442556.0999999999,Seasonal Naive
18972,171891.77000000002,Seasonal Naive
197101,181064.95,Seasonal Naive
22266,123484.21,Seasonal Naive
174103,108653.12,Seasonal Naive
33301,295889.63,Seasonal Naive
112521,691994.71,Seasonal Naive
4747,73733.04000000001,Seasonal Naive
292367,75791.94,Seasonal Naive
67597,166514.43,Seasonal Naive
86130,85622.68000000001,Seasonal Naive
189616,180012.11000000002,Seasonal Naive
21862,252999.12,Seasonal Naive
66070,64445.36,Seasonal Naive
451103,97184.92000000001,Seasonal Naive
172008,507175.19999999995,Seasonal Naive
126357,0.0,Seasonal Naive
116958,448193.66,Seasonal Naive
223532,134083.67,Seasonal Naive
25477,215952.41000000003,Seasonal Naive
395346,158298.67,Seasonal Naive
60450,124600.24,Seasonal Naive
101751,224863.06,Seasonal Naive
50922,70471.38999999998,Seasonal Naive
9013,104557.78,Seasonal Naive
159320,90341.17000000001,Seasonal Naive
170571,105448.75,Seasonal Naive
38287,452626.87999999995,Seasonal Naive
200557,233364.35000000003,Seasonal Naive
165309,295348.66000000003,Seasonal Naive
317402,505270.02,Seasonal Naive
105794,249087.99000000002,Seasonal Naive
121259,99985.47,Seasonal Naive
460028,261.05,Seasonal Naive
149058,1081.5100000000002,Seasonal Naive
21414,42315.590000000004,Seasonal Naive
71433,280084.28,Seasonal Naive
13889,460575.6599999999,Seasonal Naive
65967,155833.05000000002,Seasonal Naive
188418,103790.17,Seasonal Naive
70250,25221.05,Seasonal Naive
79626,66228.37,Seasonal Naive
11725,35344.65,Seasonal Naive
116957,413324.88999999996,Seasonal Naive
36782,286720.84,Seasonal Naive
61186,21697.780000000002,Seasonal Naive
408932,0.0,Seasonal Naive
83850,59408.8,Seasonal Naive
55894,272811.91000000003,Seasonal Naive
329981,58888.93,Seasonal Naive
153026,160286.13999999998,Seasonal Naive
12729,177633.37,Seasonal Naive
5835,26700.78,Seasonal Naive
39972,35680.76,Seasonal Naive
485054,173440.74999999997,Seasonal Naive
82935,122800.06999999999,Seasonal Naive
38555,37068.090000000004,Seasonal Naive
126468,302048.79,Seasonal Naive
124227,60346.31,Seasonal Naive
11895,176790.52,Seasonal Naive
22123,136704.88000000003,Seasonal Naive
50178,246916.37999999998,Seasonal Naive
444532,429387.11,Seasonal Naive
178878,257369.31000000003,Seasonal Naive
80186,64760.329999999994,Seasonal Naive
27841,258769.38,Seasonal Naive
63495,105611.94,Seasonal Naive
317977,285986.68,Seasonal Naive
46544,158739.63,Seasonal Naive
165099,318971.02999999997,Seasonal Naive
127565,416803.54,Seasonal Naive
141382,79164.31,Seasonal Naive
121424,8823.21,Seasonal Naive
51043,201126.54999999996,Seasonal Naive
13789,68555.23000000001,Seasonal Naive
145657,105752.56,Seasonal Naive
171103,94642.33,Seasonal Naive
156752,368803.97000000003,Seasonal Naive
9783,55206.70999999999,Seasonal Naive
5814,0.0,Seasonal Naive
222136,148445.51,Seasonal Naive
301733,0.0,Seasonal Naive
289655,262008.33000000002,Seasonal Naive
84769,122232.66999999998,Seasonal Naive
82903,0.0,Seasonal Naive
99359,93216.37,Seasonal Naive
67485,136862.81,Seasonal Naive
102654,131370.91999999998,Seasonal Naive
44517,36448.42,Seasonal Naive
5050,208575.41,Seasonal Naive
21642,126320.85999999999,Seasonal Naive
82888,181915.27999999997,Seasonal Naive
33843,88.17,Seasonal Naive
295142,107605.13999999998,Seasonal Naive
112264,3226.64,Seasonal Naive
9679,181491.32,Seasonal Naive
128963,83305.74,Seasonal Naive
69744,28519.85,Seasonal Naive
273097,0.0,Seasonal Naive
308949,397510.83,Seasonal Naive
12714,308916.01,Seasonal Naive
65699,226154.63,Seasonal Naive
438399,303407.87,Seasonal Naive
29174,59138.5,Seasonal Naive
122720,223340.70999999996,Seasonal Naive
47446,308577.38000000006,Seasonal Naive
83575,342104.39,Seasonal Naive
379311,109892.67999999998,Seasonal Naive
114638,160826.74000000002,Seasonal Naive
190230,52088.67999999999,Seasonal Naive
51049,124710.01,Seasonal Naive
142419,92428.55,Seasonal Naive
5866,174269.04,Seasonal Naive
65743,2357.09,Seasonal Naive
60242,110016.18,Seasonal Naive
44348,18680.920000000002,Seasonal Naive
13824,17032.28,Seasonal Naive
136583,196194.11,Seasonal Naive
372197,567861.4500000001,Seasonal Naive
13138,19352.13,Seasonal Naive
26919,260099.90000000002,Seasonal Naive
122913,417395.37,Seasonal Naive
7198,0.0,Seasonal Naive
111127,205675.53999999998,Seasonal Naive
136597,117517.82999999997,Seasonal Naive
236848,530795.4199999999,Seasonal Naive
36911,150858.89,Seasonal Naive
29404,532892.9,Seasonal Naive
25028,239859.81,Seasonal Naive
169101,89597.59,Seasonal Naive
293481,37594.99999999999,Seasonal Naive
137690,239722.62,Seasonal Naive
79698,342315.47,Seasonal Naive
398089,152912.59000000003,Seasonal Naive
13518,211426.78,Seasonal Naive
136929,298267.63999999996,Seasonal Naive
32043,62035.740000000005,Seasonal Naive
28744,241574.57,Seasonal Naive
97740,98199.45000000001,Seasonal Naive
6572,131314.5,Seasonal Naive
82448,298267.74,Seasonal Naive
108587,177579.27,Seasonal Naive
48301,224760.84,Seasonal Naive
24131,18407.760000000002,Seasonal Naive
124138,105155.45000000001,Seasonal Naive
457326,96620.54,Seasonal Naive
64255,145237.68,Seasonal Naive
50551,297775.93999999994,Seasonal Naive
99351,105853.52,Seasonal Naive
52078,259177.16000000003,Seasonal Naive
294435,34431.130000000005,Seasonal Naive
136598,82952.04999999999,Seasonal Naive
301753,141919.30000000002,Seasonal Naive
639801,440889.41000000003,Seasonal Naive
83258,89316.62000000001,Seasonal Naive
26916,307906.71,Seasonal Naive
5912,0.0,Seasonal Naive
12636,191954.75999999998,Seasonal Naive
51911,236935.34,Seasonal Naive
17416,299883.5,Seasonal Naive
19398,310579.64999999997,Seasonal Naive
137824,61854.93000000001,Seasonal Naive
71563,91024.86,Seasonal Naive
100098,206685.49,Seasonal Naive
137681,113062.39000000001,Seasonal Naive
7048,260221.9,Seasonal Naive
27411,192290.03,Seasonal Naive
160804,235660.93000000002,Seasonal Naive
138905,38631.07000000001,Seasonal Naive
30986,176969.31,Seasonal Naive
112646,122160.13,Seasonal Naive
7202,26666.950000000004,Seasonal Naive
189617,321928.69,Seasonal Naive
101789,391461.02,Seasonal Naive
317860,73089.23999999999,Seasonal Naive
56207,172428.82,Seasonal Naive
20322,336540.85,Seasonal Naive
421325,297041.99000000005,Seasonal Naive
27418,202894.78000000003,Seasonal Naive
28934,194129.45,Seasonal Naive
123576,250947.63000000003,Seasonal Naive
285116,366197.1,Seasonal Naive
148983,427082.24,Seasonal Naive
189229,293306.42000000004,Seasonal Naive
92357,213507.77,Seasonal Naive
340277,194003.22999999995,Seasonal Naive
226447,294687.63,Seasonal Naive
62784,146904.36,Seasonal Naive
126963,329499.44,Seasonal Naive
167977,220639.31,Seasonal Naive
49929,105965.69,Seasonal Naive
51051,292896.31,Seasonal Naive
337036,492773.06999999995,Seasonal Naive
28894,221859.22000000003,Seasonal Naive
135643,279424.19,Seasonal Naive
139234,163721.63,Seasonal Naive
91579,315729.78,Seasonal Naive
311761,819709.1,Seasonal Naive
136110,186426.00999999995,Seasonal Naive
60240,161919.47,Seasonal Naive
118240,172220.16,Seasonal Naive
19800,37292.22,Seasonal Naive
184232,151375.12,Seasonal Naive
55103,60609.4,Seasonal Naive
18989,81697.43999999999,Seasonal Naive
288312,218569.91999999998,Seasonal Naive
4808,309053.49000000005,Seasonal Naive
111602,91027.69,Seasonal Naive
60032,58024.65000000001,Seasonal Naive
426951,294407.0,Seasonal Naive
84828,143414.71000000002,Seasonal Naive
410912,845400.0800000001,Seasonal Naive
20499,163516.25,Seasonal Naive
21070,413913.60000000003,Seasonal Naive
99353,310760.76000000007,Seasonal Naive
107817,362824.5,Seasonal Naive
191693,287136.72000000003,Seasonal Naive
392600,121659.41,Seasonal Naive
40838,197918.19,Seasonal Naive
200612,143295.48,Seasonal Naive
12720,238219.21000000002,Seasonal Naive
21839,322384.32000000007,Seasonal Naive
46846,175917.50000000003,Seasonal Naive
314775,411464.67000000004,Seasonal Naive
412472,267945.18,Seasonal Naive
91512,171010.69,Seasonal Naive
199386,224502.96999999997,Seasonal Naive
353145,374662.09,Seasonal Naive
324194,245423.28999999998,Seasonal Naive
19787,286060.32,Seasonal Naive
5417,22585.549999999996,Seasonal Naive
12177,320638.30999999994,Seasonal Naive
103447,261354.32,Seasonal Naive
378169,57599.869999999995,Seasonal Naive
110932,379866.61000000004,Seasonal Naive
62257,242532.06,Seasonal Naive
427315,211414.14999999997,Seasonal Naive
137358,172573.83999999997,Seasonal Naive
337035,350311.92999999993,Seasonal Naive
49733,295230.35000000003,Seasonal Naive
435431,112671.46,Seasonal Naive
11147,409615.24000000005,Seasonal Naive
142420,86561.87,Seasonal Naive
83867,262051.55,Seasonal Naive
165417,323861.09,Seasonal Naive
20549,225706.62,Seasonal Naive
52065,37317.22,Seasonal Naive
83259,120837.26000000001,Seasonal Naive
79572,179607.08000000002,Seasonal Naive
108174,74.0,Seasonal Naive
73433,547468.37,Seasonal Naive
29431,58269.97,Seasonal Naive
426950,187467.41999999998,Seasonal Naive
224751,10807.710000000001,Seasonal Naive
429354,136043.36,Seasonal Naive
13027,93171.38,Seasonal Naive
486,494833.36,Seasonal Naive
21467,772584.4099999999,Seasonal Naive
22690,285446.54,Seasonal Naive
94839,239657.11999999997,Seasonal Naive
156643,90510.7,Seasonal Naive
25476,268801.83999999997,Seasonal Naive
70807,331877.41000000003,Seasonal Naive
165714,394252.8599999999,Seasonal Naive
49896,313919.32999999996,Seasonal Naive
339311,457264.21,Seasonal Naive
20797,315909.32,Seasonal Naive
59621,151494.12,Seasonal Naive
21420,34312.57,Seasonal Naive
21035,24379.430000000004,Seasonal Naive
31881,351664.98000000004,Seasonal Naive
409316,100613.51999999999,Seasonal Naive
97136,269558.08,Seasonal Naive
122126,81037.25,Seasonal Naive
5726,199698.59999999998,Seasonal Naive
7157,307459.36,Seasonal Naive
7368,136281.41,Seasonal Naive
8977,240098.07,Seasonal Naive
71555,347540.6,Seasonal Naive
112522,450721.68,Seasonal Naive
83956,395152.99,Seasonal Naive
10531,858334.2600000001,Seasonal Naive
62796,331870.8,Seasonal Naive
4313,41209.06,Seasonal Naive
10195,182214.54,Seasonal Naive
7944,280413.16,Seasonal Naive
46435,11755.41,Seasonal Naive
33053,140952.28999999998,Seasonal Naive
20944,199834.38999999998,Seasonal Naive
17034,56225.82,Seasonal Naive
33729,511144.87000000005,Seasonal Naive
169053,129985.57999999999,Seasonal Naive
351791,266861.44,Seasonal Naive
49995,144168.87,Seasonal Naive
40893,200829.61000000002,Seasonal Naive
7939,65485.60999999999,Seasonal Naive
155261,146768.9,Seasonal Naive
173923,366708.91,Seasonal Naive
124369,0.0,Seasonal Naive
6034,385764.2100000001,Seasonal Naive
22623,97072.95,Seasonal Naive
144495,480835.68999999994,Seasonal Naive
4920,132636.82,Seasonal Naive
145714,374.24,Seasonal Naive
39088,113769.48,Seasonal Naive
98830,291340.58,Seasonal Naive
227395,49314.43000000001,Seasonal Naive
19489,172762.65,Seasonal Naive
90753,478283.82,Seasonal Naive
96901,97691.09,Seasonal Naive
40078,36285.950000000004,Seasonal Naive
47005,654013.6300000001,Seasonal Naive
110696,323588.18999999994,Seasonal Naive
227735,150952.32,Seasonal Naive
8051,30.25,Seasonal Naive
121250,707572.95,Seasonal Naive
20318,497572.35000000003,Seasonal Naive
91417,149644.16,Seasonal Naive
62780,105.82999999999998,Seasonal Naive
188472,5221.09,Seasonal Naive
1479,461886.13,Seasonal Naive
11375,88621.29999999999,Seasonal Naive
43232,163097.98,Seasonal Naive
137357,366070.98000000004,Seasonal Naive
77311,75503.2,Seasonal Naive
35995,221700.77999999997,Seasonal Naive
407017,85795.83,Seasonal Naive
6236,307739.82999999996,Seasonal Naive
54533,52167.75000000001,Seasonal Naive
33666,312314.73000000004,Seasonal Naive
12830,505770.25,Seasonal Naive
439135,77965.58000000002,Seasonal Naive
29176,157050.50000000003,Seasonal Naive
116724,439760.64,Seasonal Naive
20839,105027.73000000001,Seasonal Naive
134908,229719.81000000003,Seasonal Naive
126635,109086.62000000002,Seasonal Naive
18967,251583.52,Seasonal Naive
97926,429996.56999999995,Seasonal Naive
41547,227721.08,Seasonal Naive
193427,574777.9,Seasonal Naive
325919,266597.76,Seasonal Naive
136033,217220.52,Seasonal Naive
62632,343698.29,Seasonal Naive
374962,64307.69000000001,Seasonal Naive
372133,849078.8300000001,Seasonal Naive
357923,104742.92,Seasonal Naive
62203,440177.39,Seasonal Naive
7201,159691.81999999998,Seasonal Naive
83611,115787.64000000001,Seasonal Naive
86063,202485.56,Seasonal Naive
36170,546416.35,Seasonal Naive
105937,6889.960000000001,Seasonal Naive
17794,260668.05,Seasonal Naive
178877,220632.32999999996,Seasonal Naive
44170,454210.51,Seasonal Naive
13838,331497.85,Seasonal Naive
55120,457346.2499999999,Seasonal Naive
62798,355031.88999999996,Seasonal Naive
33462,228584.77999999997,Seasonal Naive
4295,351978.94000000006,Seasonal Naive
289670,301907.60000000003,Seasonal Naive
94633,330960.85,Seasonal Naive
111129,353243.52,Seasonal Naive
62646,367866.22000000003,Seasonal Naive
40536,0.0,Seasonal Naive
56600,125599.36000000002,Seasonal Naive
11365,406852.68,Seasonal Naive
82447,412170.23,Seasonal Naive
8241,322624.55999999994,Seasonal Naive
31880,110102.6,Seasonal Naive
75666,677982.03,Seasonal Naive
29175,248200.91,Seasonal Naive
46942,356801.42,Seasonal Naive
31563,351595.26,Seasonal Naive
6122,69920.04000000001,Seasonal Naive
135600,238591.37,Seasonal Naive
305283,185023.61,Seasonal Naive
24124,284938.0,Seasonal Naive
30862,216740.65000000002,Seasonal Naive
424227,0.0,Seasonal Naive
112641,0.0,Seasonal Naive
21645,69777.59,Seasonal Naive
66446,36093.47,Seasonal Naive
351922,276566.56999999995,Seasonal Naive
22281,25037.89,Seasonal Naive
93424,262617.96,Seasonal Naive
31365,0.0,Seasonal Naive
133666,478962.0700000001,Seasonal Naive
444535,619289.0900000001,Seasonal Naive
317859,114258.62,Seasonal Naive
64453,461456.66,Seasonal Naive
103105,184039.23999999996,Seasonal Naive
171281,728548.05,Seasonal Naive
110626,435696.55,Seasonal Naive
90121,87221.3,Seasonal Naive
82216,428714.29,Seasonal Naive
26615,340047.23000000004,Seasonal Naive
15463,443084.43000000005,Seasonal Naive
3875,324720.45,Seasonal Naive
137689,403284.98999999993,Seasonal Naive
94890,422435.26000000007,Seasonal Naive
25454,361427.93,Seasonal Naive
429709,756903.97,Seasonal Naive
446925,447958.61,Seasonal Naive
113062,4552.16,Seasonal Naive
63487,435867.05000000005,Seasonal Naive
11149,262071.48000000004,Seasonal Naive
113380,874535.32,Seasonal Naive
108325,244206.67,Seasonal Naive
7437,34297.1,Seasonal Naive
26451,0.0,Seasonal Naive
145621,12787.029999999999,Seasonal Naive
434714,130796.54,Seasonal Naive
111829,256442.54000000004,Seasonal Naive
32907,4318.25,Seasonal Naive
187246,447916.41,Seasonal Naive
40764,96657.87999999999,Seasonal Naive
90368,390920.65,Seasonal Naive
62315,303594.63,Seasonal Naive
83260,113861.21,Seasonal Naive
112612,102133.30000000002,Seasonal Naive
17196,348164.59,Seasonal Naive
287698,114900.92,Seasonal Naive
65951,96245.94,Seasonal Naive
138004,25242.820000000003,Seasonal Naive
9941,388274.7200000001,Seasonal Naive
5645,818445.9299999998,Seasonal Naive
18040,479369.69999999995,Seasonal Naive
102007,429421.91000000003,Seasonal Naive
97741,179692.53,Seasonal Naive
147328,83062.16,Seasonal Naive
174221,460200.95,Seasonal Naive
8911,215101.02000000002,Seasonal Naive
105786,276766.24,Seasonal Naive
365100,434458.12,Seasonal Naive
32041,129519.58000000002,Seasonal Naive
99348,314995.4,Seasonal Naive
165416,565145.2999999999,Seasonal Naive
175893,11395.49,Seasonal Naive
88532,615150.67,Seasonal Naive
29158,217374.15,Seasonal Naive
5017,63176.360000000015,Seasonal Naive
49231,32926.57,Seasonal Naive
29465,66786.19,Seasonal Naive
137469,188472.68,Seasonal Naive
61749,376237.58,Seasonal Naive
156477,247865.91,Seasonal Naive
30928,187383.45999999996,Seasonal Naive
17032,285053.11,Seasonal Naive
443895,280251.92000000004,Seasonal Naive
82134,241807.87,Seasonal Naive
19399,440275.77,Seasonal Naive
20674,0.0,Seasonal Naive
79001,497257.53,Seasonal Naive
175048,25099.580000000005,Seasonal Naive
54300,53914.3,Seasonal Naive
85989,336016.06,Seasonal Naive
65722,544103.9999999999,Seasonal Naive
59267,463084.82,Seasonal Naive
138248,584913.21,Seasonal Naive
86136,106834.36000000002,Seasonal Naive
29723,533953.48,Seasonal Naive
702382,254046.44999999998,Seasonal Naive
50621,443278.8400000001,Seasonal Naive
5074,320201.25,Seasonal Naive
408301,507930.16000000003,Seasonal Naive
166139,272733.35000000003,Seasonal Naive
66300,78817.75,Seasonal Naive
127385,109549.11,Seasonal Naive
161848,7393.13,Seasonal Naive
56304,413877.05000000005,Seasonal Naive
54290,315583.6099999999,Seasonal Naive
111002,48612.530000000006,Seasonal Naive
18021,322248.68,Seasonal Naive
59393,248434.27999999997,Seasonal Naive
138318,0.0,Seasonal Naive
448198,26702.210000000003,Seasonal Naive
141381,167431.59,Seasonal Naive
379310,152175.44999999998,Seasonal Naive
35198,201903.12000000002,Seasonal Naive
81771,327858.77,Seasonal Naive
133542,217070.08999999997,Seasonal Naive
325999,1069949.23,Seasonal Naive
191609,164602.6,Seasonal Naive
183065,222408.94999999998,Seasonal Naive
187675,150521.57,Seasonal Naive
136126,354597.20999999996,Seasonal Naive
97973,561909.23,Seasonal Naive
297692,278139.51999999996,Seasonal Naive
45766,165485.16999999998,Seasonal Naive
24758,566746.19,Seasonal Naive
699957,11793.04,Seasonal Naive
228802,422049.05,Seasonal Naive
7133,210169.05,Seasonal Naive
133670,292525.67000000004,Seasonal Naive
5028,283156.95999999996,Seasonal Naive
5080,92471.87,Seasonal Naive
63610,380004.87,Seasonal Naive
28586,299701.92000000004,Seasonal Naive
128559,208963.02,Seasonal Naive
11071,1.65,Seasonal Naive
38059,248438.96999999997,Seasonal Naive
62992,238252.86,Seasonal Naive
10648,382921.30000000005,Seasonal Naive
110517,266776.74,Seasonal Naive
5320,26141.599999999995,Seasonal Naive
14088,125233.74,Seasonal Naive
113008,60178.35999999999,Seasonal Naive
36158,1052046.14,Seasonal Naive
7921,222025.43,Seasonal Naive
4912,339428.76,Seasonal Naive
52047,614236.0599999999,Seasonal Naive
7284,310519.58999999997,Seasonal Naive
111831,446869.26,Seasonal Naive
94658,817904.73,Seasonal Naive
95423,381942.95000000007,Seasonal Naive
9863,347383.41,Seasonal Naive
133818,183053.84,Seasonal Naive
221839,336755.67,Seasonal Naive
22139,62363.82000000001,Seasonal Naive
143790,208822.94999999998,Seasonal Naive
174364,85897.09000000001,Seasonal Naive
54528,276312.92,Seasonal Naive
22861,144645.26,Seasonal Naive
47097,134970.2,Seasonal Naive
140653,367001.99,Seasonal Naive
108531,831732.3200000001,Seasonal Naive
74436,385712.19999999995,Seasonal Naive
56211,248200.64999999997,Seasonal Naive
381950,169778.19999999998,Seasonal Naive
182792,441978.41,Seasonal Naive
3603,579788.34,Seasonal Naive
147463,65121.66,Seasonal Naive
7280,360951.44999999995,Seasonal Naive
275046,207700.86999999997,Seasonal Naive
33077,213514.68,Seasonal Naive
17031,227545.32,Seasonal Naive
125480,230539.32,Seasonal Naive
4074,328086.8,Seasonal Naive
84138,305996.75000000006,Seasonal Naive
129473,678338.0800000001,Seasonal Naive
310102,106843.82,Seasonal Naive
130253,322800.95999999996,Seasonal Naive
41609,334969.38999999996,Seasonal Naive
350492,561949.02,Seasonal Naive
59754,121882.70000000001,Seasonal Naive
233116,82108.22,Seasonal Naive
389775,750125.79,Seasonal Naive
125572,8041.79,Seasonal Naive
62786,267799.51,Seasonal Naive
427313,311701.92999999993,Seasonal Naive
112220,60129.23,Seasonal Naive
29360,17.020000000000003,Seasonal Naive
62781,556331.11,Seasonal Naive
86161,475206.16000000003,Seasonal Naive
307538,102463.28,Seasonal Naive
108364,596351.15,Seasonal Naive
102897,344817.48,Seasonal Naive
69824,607074.81,Seasonal Naive
5281,81586.7,Seasonal Naive
40829,314338.43999999994,Seasonal Naive
4960,350720.07,Seasonal Naive
427674,320599.60000000003,Seasonal Naive
12882,24018.440000000002,Seasonal Naive
66132,493904.9099999999,Seasonal Naive
123763,447873.52999999997,Seasonal Naive
392861,0.0,Seasonal Naive
78874,178076.79,Seasonal Naive
122361,72854.77,Seasonal Naive
44196,452548.80000000005,Seasonal Naive
48491,7540.82,Seasonal Naive
75105,515460.7000000001,Seasonal Naive
112506,1168349.52,Seasonal Naive
12885,280.5,Seasonal Naive
128420,263498.85,Seasonal Naive
435435,200882.93000000002,Seasonal Naive
72887,410860.48,Seasonal Naive
54292,750569.69,Seasonal Naive
5802,525122.1799999999,Seasonal Naive
6763,117022.93000000001,Seasonal Naive
87791,264863.99,Seasonal Naive
112636,429318.66,Seasonal Naive
99302,173178.36000000002,Seasonal Naive
54736,567708.7499999999,Seasonal Naive
137322,414356.29000000004,Seasonal Naive
4276,860157.5499999999,Seasonal Naive
177764,47834.54,Seasonal Naive
21760,1243.22,Seasonal Naive
401889,674640.9400000001,Seasonal Naive
14121,55964.04000000001,Seasonal Naive
12490,0.0,Seasonal Naive
33749,298861.62,Seasonal Naive
112653,753111.6799999999,Seasonal Naive
83248,660076.21,Seasonal Naive
76689,293149.56,Seasonal Naive
282848,339947.41000000003,Seasonal Naive
136835,146519.87,Seasonal Naive
69096,432791.67000000004,Seasonal Naive
99352,600347.77,Seasonal Naive
127614,741220.5800000001,Seasonal Naive
21595,423734.46,Seasonal Naive
122125,114825.26,Seasonal Naive
109181,477963.31999999995,Seasonal Naive
327206,919255.14,Seasonal Naive
14104,443362.3300000001,Seasonal Naive
6420,681425.0199999999,Seasonal Naive
109182,324079.80999999994,Seasonal Naive
107816,482726.57999999996,Seasonal Naive
222179,274695.23999999993,Seasonal Naive
79716,408567.49,Seasonal Naive
437039,362746.79000000004,Seasonal Naive
48298,496557.76999999996,Seasonal Naive
4043,501947.19999999995,Seasonal Naive
141075,513544.69999999995,Seasonal Naive
35378,434756.95999999996,Seasonal Naive
12133,258823.55,Seasonal Naive
106217,314983.32999999996,Seasonal Naive
12300,731210.9199999999,Seasonal Naive
126352,66454.86,Seasonal Naive
88665,481546.35,Seasonal Naive
17190,265942.46,Seasonal Naive
17028,823309.4600000001,Seasonal Naive
99305,435307.92000000004,Seasonal Naive
3764,908845.13,Seasonal Naive
304166,1110761.74,Seasonal Naive
39296,630201.99,Seasonal Naive
7193,58856.90000000001,Seasonal Naive
193845,677032.6699999999,Seasonal Naive
114335,771105.17,Seasonal Naive
5738,369492.76,Seasonal Naive
118638,219195.74999999997,Seasonal Naive
4328,429473.3900000001,Seasonal Naive
93031,95307.71,Seasonal Naive
78813,786261.87,Seasonal Naive
10271,618043.86,Seasonal Naive
149199,560796.26,Seasonal Naive
4954,603724.16,Seasonal Naive
175764,365291.0,Seasonal Naive
107615,544319.6900000001,Seasonal Naive
94889,525653.24,Seasonal Naive
21327,367655.75000000006,Seasonal Naive
41223,160892.78000000003,Seasonal Naive
5477,505008.79,Seasonal Naive
167814,29311.550000000003,Seasonal Naive
136698,1617401.7000000002,Seasonal Naive
404568,144111.23,Seasonal Naive
339375,293062.9,Seasonal Naive
37689,407885.73,Seasonal Naive
84698,158961.24,Seasonal Naive
20649,635423.7,Seasonal Naive
22542,427008.44999999995,Seasonal Naive
41611,660600.75,Seasonal Naive
62634,927788.0,Seasonal Naive
95086,303632.14,Seasonal Naive
448200,111691.93999999999,Seasonal Naive
98547,362248.77999999997,Seasonal Naive
146200,508744.01999999996,Seasonal Naive
136696,792303.09,Seasonal Naive
86133,181928.86,Seasonal Naive
76894,723060.1599999999,Seasonal Naive
12491,0.0,Seasonal Naive
111509,785247.7,Seasonal Naive
46835,697075.14,Seasonal Naive
24268,349555.67000000004,Seasonal Naive
196188,784482.38,Seasonal Naive
27533,165473.84999999998,Seasonal Naive
191608,244149.63,Seasonal Naive
189544,740513.6900000001,Seasonal Naive
44501,1267014.39,Seasonal Naive
112610,0.0,Seasonal Naive
154576,890910.34,Seasonal Naive
129411,160294.72,Seasonal Naive
83891,1420124.05,Seasonal Naive
10338,445318.82000000007,Seasonal Naive
122164,474732.06,Seasonal Naive
29432,108341.43000000001,Seasonal Naive
28479,943464.1900000002,Seasonal Naive
112753,14367.55,Seasonal Naive
89868,446723.41000000003,Seasonal Naive
5153,1034359.4299999999,Seasonal Naive
13997,650985.73,Seasonal Naive
460027,9122.64,Seasonal Naive
83936,11311.710000000001,Seasonal Naive
165709,698892.15,Seasonal Naive
14042,153369.13,Seasonal Naive
43780,561857.5000000001,Seasonal Naive
8857,91314.25,Seasonal Naive
35586,1126816.42,Seasonal Naive
29306,397625.23999999993,Seasonal Naive
149387,599234.4700000001,Seasonal Naive
5100,0.0,Seasonal Naive
88666,1002187.12,Seasonal Naive
117140,166111.54,Seasonal Naive
356605,270609.79,Seasonal Naive
444531,1390384.5999999996,Seasonal Naive
19784,36428.420000000006,Seasonal Naive
111931,182024.43000000002,Seasonal Naive
356609,820787.8999999999,Seasonal Naive
13660,776446.1299999999,Seasonal Naive
108532,1231616.28,Seasonal Naive
112504,2249966.9,Seasonal Naive
134974,767014.6,Seasonal Naive
5352,225124.93999999997,Seasonal Naive
69125,1343544.8499999996,Seasonal Naive
185308,842708.29,Seasonal Naive
46539,665809.34,Seasonal Naive
61782,577079.8200000001,Seasonal Naive
51938,888489.23,Seasonal Naive
6165,671122.3200000001,Seasonal Naive
12039,583983.8200000001,Seasonal Naive
99499,566437.68,Seasonal Naive
29495,953765.05,Seasonal Naive
41398,302193.05,Seasonal Naive
89634,193453.88999999998,Seasonal Naive
29430,78569.20000000001,Seasonal Naive
113009,508447.65,Seasonal Naive
372418,835649.3300000001,Seasonal Naive
183329,237949.58000000002,Seasonal Naive
7127,593359.25,Seasonal Naive
95459,1008064.42,Seasonal Naive
23829,3014.6600000000003,Seasonal Naive
343006,1142830.74,Seasonal Naive
54535,117074.92000000001,Seasonal Naive
84137,327358.88999999996,Seasonal Naive
227392,578658.87,Seasonal Naive
356607,114857.10999999999,Seasonal Naive
52442,259360.4,Seasonal Naive
74479,568871.78,Seasonal Naive
38123,417475.31,Seasonal Naive
52137,100190.34999999999,Seasonal Naive
347413,234384.20999999996,Seasonal Naive
63609,856497.39,Seasonal Naive
308730,280990.07,Seasonal Naive
282158,893218.56,Seasonal Naive
59338,1120786.39,Seasonal Naive
153057,156279.38999999998,Seasonal Naive
22082,408792.69999999995,Seasonal Naive
118426,740019.9200000002,Seasonal Naive
38451,291357.37999999995,Seasonal Naive
69099,239861.43,Seasonal Naive
198875,759563.4299999999,Seasonal Naive
139517,248434.31,Seasonal Naive
7367,121559.62999999999,Seasonal Naive
178546,856412.0299999999,Seasonal Naive
304165,0.0,Seasonal Naive
20792,453786.56999999995,Seasonal Naive
19961,253496.21,Seasonal Naive
43233,126369.66,Seasonal Naive
35742,659670.12,Seasonal Naive
282637,193708.57,Seasonal Naive
50619,475105.92999999993,Seasonal Naive
7402,1053728.28,Seasonal Naive
66400,1060603.0,Seasonal Naive
70766,597268.0700000001,Seasonal Naive
159664,1043683.8499999999,Seasonal Naive
18114,518103.92999999993,Seasonal Naive
230189,110299.56999999999,Seasonal Naive
70279,1242636.61,Seasonal Naive
39433,137366.53,Seasonal Naive
47427,722288.91,Seasonal Naive
12049,589802.51,Seasonal Naive
87797,0.0,Seasonal Naive
116721,1307321.0899999999,Seasonal Naive
4935,983471.01,Seasonal Naive
25870,832199.42,Seasonal Naive
5136,100180.68999999999,Seasonal Naive
14101,975092.3500000001,Seasonal Naive
86039,150165.81,Seasonal Naive
25464,740182.6,Seasonal Naive
351589,833627.02,Seasonal Naive
22688,303509.6,Seasonal Naive
25192,279711.83999999997,Seasonal Naive
88461,340055.36000000004,Seasonal Naive
48825,675940.1499999999,Seasonal Naive
5397,495357.58999999997,Seasonal Naive
21777,626072.74,Seasonal Naive
275044,695803.1,Seasonal Naive
114480,2263323.52,Seasonal Naive
113281,464049.88,Seasonal Naive
117720,310390.53,Seasonal Naive
78790,959593.2699999998,Seasonal Naive
52128,704712.19,Seasonal Naive
190402,1210854.24,Seasonal Naive
113006,743574.5100000001,Seasonal Naive
17844,1337.5600000000002,Seasonal Naive
69784,1090749.57,Seasonal Naive
14098,1232563.14,Seasonal Naive
275392,999202.9100000001,Seasonal Naive
64439,1357241.5399999998,Seasonal Naive
136059,1210041.25,Seasonal Naive
55932,1083352.39,Seasonal Naive
130251,648078.15,Seasonal Naive
49897,60166.82,Seasonal Naive
178547,489040.25000000006,Seasonal Naive
82223,25955.230000000003,Seasonal Naive
35188,2022861.33,Seasonal Naive
13542,387624.83999999997,Seasonal Naive
19006,923914.2,Seasonal Naive
130981,1778054.7800000003,Seasonal Naive
7192,129226.51,Seasonal Naive
498887,2502688.92,Seasonal Naive
169102,1126240.2899999998,Seasonal Naive
47981,590472.6,Seasonal Naive
28183,195688.93,Seasonal Naive
46534,1040709.7499999998,Seasonal Naive
36915,1696285.4200000002,Seasonal Naive
386661,322576.57,Seasonal Naive
88722,482312.64999999997,Seasonal Naive
353144,1296697.3699999999,Seasonal Naive
56316,0.0,Seasonal Naive
62920,1298795.52,Seasonal Naive
26901,2253287.77,Seasonal Naive
41397,772.7399999999999,Seasonal Naive
45751,733000.61,Seasonal Naive
500173,3002655.7699999996,Seasonal Naive
114949,1101675.81,Seasonal Naive
75045,59505.61000000001,Seasonal Naive
199268,389616.22,Seasonal Naive
69828,1451746.13,Seasonal Naive
77879,71262.81,Seasonal Naive
39107,272830.28,Seasonal Naive
154575,587658.3400000001,Seasonal Naive
5794,0.0,Seasonal Naive
188630,1626026.71,Seasonal Naive
36159,549427.65,Seasonal Naive
173404,636828.56,Seasonal Naive
71102,1243018.54,Seasonal Naive
155363,1700495.05,Seasonal Naive
13301,2018885.4500000002,Seasonal Naive
191526,1652198.53,Seasonal Naive
7097,0.0,Seasonal Naive
136863,1078683.35,Seasonal Naive
7671,572016.82,Seasonal Naive
56133,828711.5199999999,Seasonal Naive
56332,649369.74,Seasonal Naive
51937,1776932.0300000003,Seasonal Naive
49910,131164.68,Seasonal Naive
21766,1237149.59,Seasonal Naive
7096,0.0,Seasonal Naive
112601,71151.67,Seasonal Naive
111077,2098267.77,Seasonal Naive
343005,950655.06,Seasonal Naive
439209,1171039.83,Seasonal Naive
55968,209015.9,Seasonal Naive
5882,1214936.87,Seasonal Naive
45494,1259873.9,Seasonal Naive
4842,265006.11000000004,Seasonal Naive
170732,2026515.9300000002,Seasonal Naive
21034,609158.1,Seasonal Naive
7199,77041.92,Seasonal Naive
408935,4609.83,Seasonal Naive
133996,386354.13,Seasonal Naive
4771,0.0,Seasonal Naive
51044,1419475.6199999999,Seasonal Naive
40535,960452.1600000003,Seasonal Naive
174363,801570.3900000001,Seasonal Naive
33004,175829.03,Seasonal Naive
111288,1442825.6400000001,Seasonal Naive
13224,3508673.6700000004,Seasonal Naive
297691,1286530.53,Seasonal Naive
83938,26567.48,Seasonal Naive
5799,1157595.35,Seasonal Naive
9897,2150123.5,Seasonal Naive
110820,1307723.0,Seasonal Naive
33728,9732.98,Seasonal Naive
156929,660723.9500000001,Seasonal Naive
7291,1639837.75,Seasonal Naive
161933,981186.56,Seasonal Naive
36220,2279980.8000000003,Seasonal Naive
95051,2309082.4999999995,Seasonal Naive
438721,1569069.7399999998,Seasonal Naive
69925,965966.37,Seasonal Naive
127606,1095503.46,Seasonal Naive
153062,2337929.06,Seasonal Naive
24724,34803.020000000004,Seasonal Naive
4850,1520302.92,Seasonal Naive
83939,40245.16,Seasonal Naive
75640,1082769.31,Seasonal Naive
23086,4195997.87,Seasonal Naive
36130,2392292.58,Seasonal Naive
81319,1518592.35,Seasonal Naive
29445,1692985.1400000001,Seasonal Naive
54976,0.0,Seasonal Naive
114619,2356145.42,Seasonal Naive
117854,1454198.19,Seasonal Naive
22543,3407272.42,Seasonal Naive
190973,3214096.57,Seasonal Naive
25561,4478942.699999999,Seasonal Naive
5798,1642858.98,Seasonal Naive
194618,8467581.2,Seasonal Naive
137995,731738.7999999999,Seasonal Naive
83937,77970.90000000001,Seasonal Naive
17193,4333666.62,Seasonal Naive
5558,9001990.53,Seasonal Naive
32935,2116968.61,Seasonal Naive
220709,1115073.74,Seasonal Naive
60076,58006.299999999996,Seasonal Naive
44347,3675970.4400000004,Seasonal Naive
382116,1288551.17,Seasonal Naive
98216,5849421.779999999,Seasonal Naive
21325,2960931.51,Seasonal Naive
194013,6770791.79,Seasonal Naive
4900,5405001.35,Seasonal Naive
13405,1527972.28,Seasonal Naive
23601,11636793.620000003,Seasonal Naive
7167,18445377.0,Seasonal Naive
376273,0.0,Seasonal Naive
111041,93.87,Seasonal Naive
313576,28.87,Seasonal Naive
326948,49.11,Seasonal Naive
323994,0.0,Seasonal Naive
416842,24.729999999999997,Seasonal Naive
87593,1.7800000000000002,Seasonal Naive
179662,0.0,Seasonal Naive
90990,0.0,Seasonal Naive
103170,97.27000000000001,Seasonal Naive
238335,0.0,Seasonal Naive
16988,0.0,Seasonal Naive
297658,0.0,Seasonal Naive
297644,10.38,Seasonal Naive
108622,0.0,Seasonal Naive
60265,0.0,Seasonal Naive
99752,35.269999999999996,Seasonal Naive
101668,0.0,Seasonal Naive
134340,665.27,Seasonal Naive
26416,1.78,Seasonal Naive
438623,96.29,Seasonal Naive
462668,608.06,Seasonal Naive
139410,49.04,Seasonal Naive
348729,20.87,Seasonal Naive
189170,85.60000000000001,Seasonal Naive
10739,0.0,Seasonal Naive
63578,167.2,Seasonal Naive
39249,2.49,Seasonal Naive
225912,0.0,Seasonal Naive
165664,0.0,Seasonal Naive
129864,0.0,Seasonal Naive
68066,0.0,Seasonal Naive
171325,0.0,Seasonal Naive
314725,0.0,Seasonal Naive
157720,0.0,Seasonal Naive
111854,1157.52,Seasonal Naive
126358,0.0,Seasonal Naive
297655,0.0,Seasonal Naive
438616,356.91,Seasonal Naive
80098,0.0,Seasonal Naive
127373,0.0,Seasonal Naive
85462,0.0,Seasonal Naive
408896,0.0,Seasonal Naive
113181,36.1,Seasonal Naive
16469,0.0,Seasonal Naive
501094,256.96,Seasonal Naive
172362,0.0,Seasonal Naive
109825,85.84,Seasonal Naive
336560,0.0,Seasonal Naive
110837,0.0,Seasonal Naive
199307,0.0,Seasonal Naive
336180,0.0,Seasonal Naive
493298,254.9,Seasonal Naive
198514,0.0,Seasonal Naive
19052,0.0,Seasonal Naive
297651,0.0,Seasonal Naive
377038,0.0,Seasonal Naive
161557,0.0,Seasonal Naive
161394,0.0,Seasonal Naive
420087,0.0,Seasonal Naive
431323,0.0,Seasonal Naive
121178,0.0,Seasonal Naive
196574,0.0,Seasonal Naive
112621,0.0,Seasonal Naive
50408,0.0,Seasonal Naive
135560,1830.9,Seasonal Naive
132564,0.0,Seasonal Naive
66276,0.0,Seasonal Naive
94571,0.0,Seasonal Naive
187702,0.0,Seasonal Naive
125624,0.0,Seasonal Naive
84233,0.0,Seasonal Naive
79597,0.0,Seasonal Naive
137324,0.0,Seasonal Naive
82094,0.0,Seasonal Naive
493290,139.52,Seasonal Naive
378658,1.0,Seasonal Naive
150802,6.41,Seasonal Naive
294367,0.0,Seasonal Naive
114527,0.0,Seasonal Naive
99613,0.0,Seasonal Naive
378609,0.0,Seasonal Naive
125426,0.0,Seasonal Naive
119420,0.0,Seasonal Naive
246646,0.0,Seasonal Naive
7599,0.0,Seasonal Naive
9128,0.0,Seasonal Naive
118811,0.0,Seasonal Naive
122160,0.0,Seasonal Naive
84173,0.0,Seasonal Naive
461046,757.4599999999999,Seasonal Naive
309793,0.0,Seasonal Naive
424280,0.0,Seasonal Naive
111035,0.0,Seasonal Naive
128675,0.0,Seasonal Naive
390533,142.35,Seasonal Naive
481535,0.0,Seasonal Naive
196576,0.0,Seasonal Naive
20941,152007.67,Seasonal Naive
122141,0.0,Seasonal Naive
263108,1762.0800000000002,Seasonal Naive
63071,0.0,Seasonal Naive
500414,0.0,Seasonal Naive
378032,12296.98,Seasonal Naive
82373,0.0,Seasonal Naive
9686,0.0,Seasonal Naive
353076,0.0,Seasonal Naive
63072,0.0,Seasonal Naive
244770,0.0,Seasonal Naive
56087,0.0,Seasonal Naive
112247,0.0,Seasonal Naive
194710,0.0,Seasonal Naive
7195,0.0,Seasonal Naive
84142,0.0,Seasonal Naive
515529,0.0,Seasonal Naive
178165,0.0,Seasonal Naive
537735,881.8100000000002,Seasonal Naive
52008,0.0,Seasonal Naive
64404,0.0,Seasonal Naive
126211,0.0,Seasonal Naive
377993,42766.81,Seasonal Naive
132563,0.0,Seasonal Naive
110306,0.0,Seasonal Naive
136892,0.0,Seasonal Naive
127372,0.0,Seasonal Naive
225837,140.69,Seasonal Naive
112144,0.0,Seasonal Naive
50493,0.0,Seasonal Naive
201848,0.0,Seasonal Naive
55325,0.0,Seasonal Naive
516974,0.0,Seasonal Naive
74506,0.0,Seasonal Naive
401906,210.63,Seasonal Naive
10006,0.0,Seasonal Naive
268115,0.0,Seasonal Naive
327585,0.0,Seasonal Naive
2465,6.83,Seasonal Naive
100085,0.0,Seasonal Naive
330887,0.0,Seasonal Naive
336114,0.0,Seasonal Naive
228420,171.19,Seasonal Naive
337439,3732.5499999999993,Seasonal Naive
499983,0.0,Seasonal Naive
435190,0.0,Seasonal Naive
529577,44606.219999999994,Seasonal Naive
228820,0.0,Seasonal Naive
444049,0.0,Seasonal Naive
56315,0.0,Seasonal Naive
410839,0.0,Seasonal Naive
128681,0.0,Seasonal Naive
84190,0.0,Seasonal Naive
74502,0.0,Seasonal Naive
14103,0.0,Seasonal Naive
194141,0.0,Seasonal Naive
26462,0.0,Seasonal Naive
6036,68.59,Seasonal Naive
83325,0.0,Seasonal Naive
129370,0.0,Seasonal Naive
105637,0.0,Seasonal Naive
82937,0.0,Seasonal Naive
488204,0.0,Seasonal Naive
222016,0.0,Seasonal Naive
52414,0.0,Seasonal Naive
353037,0.0,Seasonal Naive
155793,0.0,Seasonal Naive
74578,0.0,Seasonal Naive
111996,0.0,Seasonal Naive
66095,0.0,Seasonal Naive
528394,0.0,Seasonal Naive
179737,0.0,Seasonal Naive
25515,0.0,Seasonal Naive
459495,420.00999999999993,Seasonal Naive
327325,0.0,Seasonal Naive
86061,0.0,Seasonal Naive
113058,0.0,Seasonal Naive
337043,0.0,Seasonal Naive
24148,0.0,Seasonal Naive
137878,0.0,Seasonal Naive
11929,0.0,Seasonal Naive
411711,443.30000000000007,Seasonal Naive
407977,79.87,Seasonal Naive
92369,0.0,Seasonal Naive
463334,2.17,Seasonal Naive
49344,0.0,Seasonal Naive
301768,0.0,Seasonal Naive
144066,0.0,Seasonal Naive
500751,5784.52,Seasonal Naive
83970,0.0,Seasonal Naive
59331,0.0,Seasonal Naive
36547,0.0,Seasonal Naive
69572,0.0,Seasonal Naive
12085,0.0,Seasonal Naive
327077,0.0,Seasonal Naive
165687,0.0,Seasonal Naive
82667,0.0,Seasonal Naive
188121,4014.99,Seasonal Naive
512475,49925.15,Seasonal Naive
233976,0.0,Seasonal Naive
504133,19492.34,Seasonal Naive
223540,0.0,Seasonal Naive
223333,0.0,Seasonal Naive
193151,0.0,Seasonal Naive
70997,0.0,Seasonal Naive
51893,2.28,Seasonal Naive
88662,0.0,Seasonal Naive
227405,0.0,Seasonal Naive
78788,0.0,Seasonal Naive
27502,1649.5900000000001,Seasonal Naive
79595,0.0,Seasonal Naive
114222,1551.2399999999998,Seasonal Naive
146524,105.89,Seasonal Naive
308635,0.0,Seasonal Naive
63496,0.0,Seasonal Naive
187582,0.0,Seasonal Naive
61320,0.0,Seasonal Naive
336113,0.0,Seasonal Naive
565361,19240.72,Seasonal Naive
227736,27239.51,Seasonal Naive
337229,0.0,Seasonal Naive
77764,0.0,Seasonal Naive
111585,0.0,Seasonal Naive
541639,35045.87,Seasonal Naive
223331,0.0,Seasonal Naive
17843,0.0,Seasonal Naive
20593,0.0,Seasonal Naive
128421,119512.33,Seasonal Naive
80089,0.0,Seasonal Naive
530467,47179.020000000004,Seasonal Naive
481536,0.0,Seasonal Naive
21270,0.0,Seasonal Naive
431124,0.0,Seasonal Naive
192864,0.0,Seasonal Naive
75655,0.0,Seasonal Naive
453891,24.330000000000002,Seasonal Naive
150078,64398.73,Seasonal Naive
504134,32867.869999999995,Seasonal Naive
36568,5133.9,Seasonal Naive
150082,72699.76999999999,Seasonal Naive
395143,0.0,Seasonal Naive
461052,41763.729999999996,Seasonal Naive
504116,0.0,Seasonal Naive
20986,0.0,Seasonal Naive
535754,0.0,Seasonal Naive
378043,84842.13,Seasonal Naive
140640,6029.02,Seasonal Naive
541644,86754.54000000001,Seasonal Naive
537752,118395.31,Seasonal Naive
535756,49680.82000000001,Seasonal Naive
537742,170276.44,Seasonal Naive
391324,8761.08,Seasonal Naive
9765,0.0,Seasonal Naive
155348,1103.1299999999999,Seasonal Naive
97894,1.88,Seasonal Naive
18787,0.0,Seasonal Naive
305503,0.0,Seasonal Naive
299240,1395.1,Seasonal Naive
13469,0.0,Seasonal Naive
155346,6964.61,Seasonal Naive
155341,11040.550000000001,Seasonal Naive
99159,0.0,Seasonal Naive
506201,90487.36,Seasonal Naive
328728,0.0,Seasonal Naive
155344,18470.0,Seasonal Naive
299238,9574.509999999998,Seasonal Naive
38246,0.0,Seasonal Naive
228088,7059.88,Seasonal Naive
174205,0.0,Seasonal Naive
298930,37359.53,Seasonal Naive
437169,29056.4,Seasonal Naive
421649,0.0,Seasonal Naive
316896,0.13,Seasonal Naive
228417,156.54000000000002,Seasonal Naive
128337,0.0,Seasonal Naive
502970,191.47,Seasonal Naive
502967,72.31,Seasonal Naive
82601,0.0,Seasonal Naive
183056,0.0,Seasonal Naive
166223,326.40000000000003,Seasonal Naive
190970,0.0,Seasonal Naive
83955,0.0,Seasonal Naive
492682,54.480000000000004,Seasonal Naive
352914,0.0,Seasonal Naive
63554,1.63,Seasonal Naive
404801,8548.550000000001,Seasonal Naive
172548,0.24,Seasonal Naive
99472,0.0,Seasonal Naive
112253,0.0,Seasonal Naive
77765,0.34,Seasonal Naive
163201,0.0,Seasonal Naive
443816,0.0,Seasonal Naive
1714,0.0,Seasonal Naive
236835,0.0,Seasonal Naive
108349,0.0,Seasonal Naive
113043,0.0,Seasonal Naive
1555,65.35000000000001,Seasonal Naive
126323,0.0,Seasonal Naive
352913,338.05,Seasonal Naive
501098,40.60000000000001,Seasonal Naive
536982,47928.219999999994,Seasonal Naive
328145,0.0,Seasonal Naive
353041,110.71,Seasonal Naive
114221,310.88000000000005,Seasonal Naive
110308,96.25,Seasonal Naive
18981,0.0,Seasonal Naive
306974,31980.93999999999,Seasonal Naive
500039,0.0,Seasonal Naive
27736,0.0,Seasonal Naive
49609,0.0,Seasonal Naive
511263,289397.21,Seasonal Naive
147059,0.0,Seasonal Naive
6524,0.0,Seasonal Naive
404721,0.0,Seasonal Naive
103546,0.0,Seasonal Naive
138405,0.0,Seasonal Naive
175804,4234.87,Seasonal Naive
327289,25.03,Seasonal Naive
316616,0.0,Seasonal Naive
56120,0.0,Seasonal Naive
8232,0.0,Seasonal Naive
68081,377.51,Seasonal Naive
136788,0.0,Seasonal Naive
352789,0.0,Seasonal Naive
287546,0.0,Seasonal Naive
123987,0.0,Seasonal Naive
25189,0.0,Seasonal Naive
389666,0.0,Seasonal Naive
22921,0.0,Seasonal Naive
324857,0.0,Seasonal Naive
17148,0.0,Seasonal Naive
484523,11645.12,Seasonal Naive
134317,0.0,Seasonal Naive
173705,0.0,Seasonal Naive
84551,0.0,Seasonal Naive
49338,0.0,Seasonal Naive
164831,0.0,Seasonal Naive
378509,3541.38,Seasonal Naive
360330,5.92,Seasonal Naive
104975,2692.63,Seasonal Naive
142372,0.0,Seasonal Naive
272950,0.0,Seasonal Naive
47572,6.86,Seasonal Naive
108550,0.0,Seasonal Naive
171082,0.0,Seasonal Naive
120984,0.0,Seasonal Naive
121221,0.0,Seasonal Naive
28199,0.0,Seasonal Naive
12706,0.0,Seasonal Naive
60000,0.0,Seasonal Naive
168104,0.0,Seasonal Naive
153363,0.0,Seasonal Naive
163806,0.0,Seasonal Naive
117729,0.0,Seasonal Naive
40821,31.860000000000003,Seasonal Naive
196791,31.060000000000002,Seasonal Naive
88298,0.0,Seasonal Naive
452006,162303.58000000002,Seasonal Naive
108347,0.0,Seasonal Naive
4992,0.0,Seasonal Naive
544822,22805.42,Seasonal Naive
344133,0.0,Seasonal Naive
54229,37.7,Seasonal Naive
42594,2.14,Seasonal Naive
295328,0.0,Seasonal Naive
71001,0.0,Seasonal Naive
12760,0.0,Seasonal Naive
112501,1.69,Seasonal Naive
77333,9.74,Seasonal Naive
153531,0.0,Seasonal Naive
144108,0.0,Seasonal Naive
99473,0.0,Seasonal Naive
7429,0.0,Seasonal Naive
438416,0.0,Seasonal Naive
109722,0.0,Seasonal Naive
156555,0.0,Seasonal Naive
61925,0.0,Seasonal Naive
88025,0.0,Seasonal Naive
86112,0.0,Seasonal Naive
193465,0.0,Seasonal Naive
378521,2.23,Seasonal Naive
485023,0.0,Seasonal Naive
135969,0.0,Seasonal Naive
161395,0.0,Seasonal Naive
42593,0.0,Seasonal Naive
81531,1.88,Seasonal Naive
331965,0.0,Seasonal Naive
107597,0.0,Seasonal Naive
88600,0.0,Seasonal Naive
26437,0.0,Seasonal Naive
160503,0.0,Seasonal Naive
54231,131.16,Seasonal Naive
82960,0.0,Seasonal Naive
288403,0.0,Seasonal Naive
125432,0.0,Seasonal Naive
191522,1287.41,Seasonal Naive
452009,75306.87000000001,Seasonal Naive
429241,2641.94,Seasonal Naive
146541,0.0,Seasonal Naive
191399,0.0,Seasonal Naive
447995,0.0,Seasonal Naive
59863,0.0,Seasonal Naive
54244,45.15,Seasonal Naive
512303,581.6199999999999,Seasonal Naive
301765,0.0,Seasonal Naive
51005,2685.99,Seasonal Naive
453882,26.59,Seasonal Naive
331963,0.0,Seasonal Naive
134910,0.0,Seasonal Naive
22615,0.0,Seasonal Naive
197988,0.0,Seasonal Naive
386945,0.0,Seasonal Naive
40896,230.10999999999999,Seasonal Naive
505292,45.31,Seasonal Naive
91378,0.97,Seasonal Naive
127715,0.0,Seasonal Naive
155942,0.0,Seasonal Naive
287545,0.0,Seasonal Naive
109023,0.0,Seasonal Naive
485819,46877.329999999994,Seasonal Naive
197323,0.0,Seasonal Naive
504143,4028.04,Seasonal Naive
117254,0.0,Seasonal Naive
43087,0.0,Seasonal Naive
500343,13244.529999999999,Seasonal Naive
105232,0.0,Seasonal Naive
21884,0.0,Seasonal Naive
307533,3413.4300000000003,Seasonal Naive
120989,0.0,Seasonal Naive
500758,0.0,Seasonal Naive
111586,0.0,Seasonal Naive
508946,54284.35999999999,Seasonal Naive
4915,0.0,Seasonal Naive
9613,0.0,Seasonal Naive
93818,0.0,Seasonal Naive
165688,0.0,Seasonal Naive
507619,49984.020000000004,Seasonal Naive
316933,0.0,Seasonal Naive
94627,7727.35,Seasonal Naive
504527,121.74000000000001,Seasonal Naive
556342,1367.83,Seasonal Naive
552027,11691.01,Seasonal Naive
443775,5342.59,Seasonal Naive
540173,1021.62,Seasonal Naive
134731,0.0,Seasonal Naive
431305,0.0,Seasonal Naive
528262,184333.93,Seasonal Naive
535035,40234.65,Seasonal Naive
409672,64136.24,Seasonal Naive
313595,0.0,Seasonal Naive
313588,0.0,Seasonal Naive
313589,0.0,Seasonal Naive
535036,41954.259999999995,Seasonal Naive
313590,0.0,Seasonal Naive
76424,0.0,Seasonal Naive
414296,0.0,Seasonal Naive
487297,3618.32,Seasonal Naive
362395,63290.24999999999,Seasonal Naive
313594,0.0,Seasonal Naive
313593,0.0,Seasonal Naive
169150,2024.84,Seasonal Naive
529467,22899.859999999997,Seasonal Naive
124917,0.0,Seasonal Naive
265203,0.0,Seasonal Naive
528387,0.0,Seasonal Naive
797708,95441.01,Seasonal Naive
507609,169783.0,Seasonal Naive
76425,0.0,Seasonal Naive
173926,0.0,Seasonal Naive
196744,142043.71,Seasonal Naive
114985,0.0,Seasonal Naive
63738,0.0,Seasonal Naive
36787,0.0,Seasonal Naive
228415,1.4100000000000001,Seasonal Naive
421636,94.39000000000001,Seasonal Naive
440840,344.89000000000004,Seasonal Naive
114528,0.0,Seasonal Naive
69313,0.0,Seasonal Naive
128581,0.0,Seasonal Naive
104327,0.0,Seasonal Naive
92194,0.0,Seasonal Naive
105306,5705.619999999999,Seasonal Naive
103517,0.0,Seasonal Naive
356753,0.0,Seasonal Naive
537086,31822.399999999998,Seasonal Naive
285542,0.0,Seasonal Naive
62985,0.0,Seasonal Naive
5449,0.0,Seasonal Naive
71992,0.0,Seasonal Naive
66131,0.0,Seasonal Naive
83314,201.34,Seasonal Naive
135022,0.0,Seasonal Naive
549205,0.0,Seasonal Naive
67536,0.0,Seasonal Naive
67605,0.0,Seasonal Naive
295041,0.0,Seasonal Naive
108348,0.0,Seasonal Naive
188153,0.0,Seasonal Naive
410764,13423.96,Seasonal Naive
528323,2.82,Seasonal Naive
251078,0.0,Seasonal Naive
130911,0.0,Seasonal Naive
539090,12.01,Seasonal Naive
90066,0.0,Seasonal Naive
107880,0.0,Seasonal Naive
402585,0.0,Seasonal Naive
402646,0.0,Seasonal Naive
549214,18319.329999999998,Seasonal Naive
6072,0.0,Seasonal Naive
70944,0.0,Seasonal Naive
170723,0.0,Seasonal Naive
134021,0.0,Seasonal Naive
292105,0.0,Seasonal Naive
27961,9.959999999999999,Seasonal Naive
130977,0.0,Seasonal Naive
410766,18686.5,Seasonal Naive
103515,0.0,Seasonal Naive
17790,0.0,Seasonal Naive
200554,0.0,Seasonal Naive
362364,65.05,Seasonal Naive
119423,0.0,Seasonal Naive
171330,0.0,Seasonal Naive
578227,10469.23,Seasonal Naive
105738,0.0,Seasonal Naive
528259,0.0,Seasonal Naive
352921,4573.3099999999995,Seasonal Naive
50316,0.0,Seasonal Naive
68828,0.0,Seasonal Naive
60014,0.0,Seasonal Naive
170719,0.0,Seasonal Naive
336190,76.97,Seasonal Naive
439152,0.0,Seasonal Naive
356796,0.0,Seasonal Naive
421650,19.189999999999998,Seasonal Naive
500036,65265.5,Seasonal Naive
105636,0.0,Seasonal Naive
92635,0.0,Seasonal Naive
503194,333514.96,Seasonal Naive
547091,0.0,Seasonal Naive
122163,0.0,Seasonal Naive
139315,0.0,Seasonal Naive
5650,0.0,Seasonal Naive
484971,146450.62,Seasonal Naive
82656,0.0,Seasonal Naive
149059,0.0,Seasonal Naive
273005,0.0,Seasonal Naive
31750,878.2399999999999,Seasonal Naive
36737,192.24,Seasonal Naive
379286,0.11,Seasonal Naive
30438,0.0,Seasonal Naive
130964,0.0,Seasonal Naive
8158,0.0,Seasonal Naive
272951,0.0,Seasonal Naive
362313,0.0,Seasonal Naive
174249,0.0,Seasonal Naive
352922,3841.65,Seasonal Naive
22971,0.0,Seasonal Naive
62918,0.0,Seasonal Naive
68753,0.0,Seasonal Naive
524923,2.0,Seasonal Naive
342533,11448.820000000002,Seasonal Naive
529941,3204.6000000000004,Seasonal Naive
442188,36967.2,Seasonal Naive
378933,5509.06,Seasonal Naive
409669,79316.59999999999,Seasonal Naive
429331,137869.66999999998,Seasonal Naive
500032,69385.12,Seasonal Naive
109834,0.0,Seasonal Naive
20312,19114.91,Seasonal Naive
438383,0.0,Seasonal Naive
125208,0.0,Seasonal Naive
187674,0.0,Seasonal Naive
71840,0.0,Seasonal Naive
179131,0.0,Seasonal Naive
444003,0.0,Seasonal Naive
12879,0.0,Seasonal Naive
111855,618.3100000000001,Seasonal Naive
6266,137.07,Seasonal Naive
525227,15413.17,Seasonal Naive
578224,5058.320000000001,Seasonal Naive
506811,0.0,Seasonal Naive
377045,0.0,Seasonal Naive
188851,0.0,Seasonal Naive
110983,0.0,Seasonal Naive
565816,37875.21,Seasonal Naive
5146,0.0,Seasonal Naive
163034,0.0,Seasonal Naive
525225,30151.309999999998,Seasonal Naive
51054,90783.92000000001,Seasonal Naive
501111,18.920000000000005,Seasonal Naive
37488,0.0,Seasonal Naive
86180,117.28,Seasonal Naive
316908,0.0,Seasonal Naive
501155,55.379999999999995,Seasonal Naive
171323,0.0,Seasonal Naive
95105,0.0,Seasonal Naive
86275,0.0,Seasonal Naive
326683,302.66,Seasonal Naive
170666,0.0,Seasonal Naive
66129,0.0,Seasonal Naive
105136,51.769999999999996,Seasonal Naive
485403,1052.6100000000001,Seasonal Naive
308544,247.43,Seasonal Naive
501096,30.950000000000003,Seasonal Naive
199315,0.0,Seasonal Naive
161429,0.0,Seasonal Naive
327103,0.0,Seasonal Naive
26679,0.0,Seasonal Naive
86013,0.0,Seasonal Naive
145654,0.0,Seasonal Naive
40593,0.0,Seasonal Naive
7969,0.0,Seasonal Naive
389545,6.130000000000001,Seasonal Naive
12732,0.0,Seasonal Naive
31751,2305.8,Seasonal Naive
174245,0.0,Seasonal Naive
128666,0.0,Seasonal Naive
568641,0.0,Seasonal Naive
5991,0.0,Seasonal Naive
501091,1050.81,Seasonal Naive
169234,0.0,Seasonal Naive
136847,0.0,Seasonal Naive
500633,11715.56,Seasonal Naive
137374,0.0,Seasonal Naive
421654,1.3199999999999998,Seasonal Naive
55034,0.0,Seasonal Naive
283702,0.0,Seasonal Naive
119830,23.499999999999996,Seasonal Naive
555936,3806.0600000000004,Seasonal Naive
117829,0.0,Seasonal Naive
511187,0.0,Seasonal Naive
547021,161326.61,Seasonal Naive
4238,0.0,Seasonal Naive
187992,0.63,Seasonal Naive
85767,0.0,Seasonal Naive
108276,21.2,Seasonal Naive
174246,0.0,Seasonal Naive
565738,0.0,Seasonal Naive
114646,0.0,Seasonal Naive
421655,0.0,Seasonal Naive
310116,0.0,Seasonal Naive
117828,0.0,Seasonal Naive
501100,11.979999999999999,Seasonal Naive
153087,103610.64,Seasonal Naive
85682,0.0,Seasonal Naive
327544,0.0,Seasonal Naive
124916,0.0,Seasonal Naive
547023,143290.76,Seasonal Naive
130990,0.0,Seasonal Naive
180317,0.0,Seasonal Naive
27735,0.0,Seasonal Naive
494200,0.0,Seasonal Naive
177596,25815.530000000002,Seasonal Naive
352942,9561.59,Seasonal Naive
555924,26442.149999999998,Seasonal Naive
26908,0.0,Seasonal Naive
6510,0.0,Seasonal Naive
56074,0.0,Seasonal Naive
130254,0.0,Seasonal Naive
60409,0.0,Seasonal Naive
391338,92.75000000000001,Seasonal Naive
558750,0.0,Seasonal Naive
411912,0.0,Seasonal Naive
77769,0.0,Seasonal Naive
230181,2813.89,Seasonal Naive
410526,21308.370000000003,Seasonal Naive
43782,0.0,Seasonal Naive
501761,0.0,Seasonal Naive
75645,0.0,Seasonal Naive
146027,0.0,Seasonal Naive
449537,43441.07,Seasonal Naive
501762,142634.31,Seasonal Naive
421653,10.17,Seasonal Naive
22847,0.0,Seasonal Naive
9616,0.0,Seasonal Naive
221386,0.0,Seasonal Naive
547090,24201.479999999996,Seasonal Naive
283794,27580.350000000002,Seasonal Naive
506214,116022.6,Seasonal Naive
410765,18116.530000000002,Seasonal Naive
541638,55196.12,Seasonal Naive
421652,19.65,Seasonal Naive
449676,0.0,Seasonal Naive
431384,62903.9,Seasonal Naive
431383,42243.93,Seasonal Naive
387983,0.0,Seasonal Naive
13893,0.0,Seasonal Naive
485293,0.0,Seasonal Naive
390167,12837.630000000003,Seasonal Naive
390170,10644.54,Seasonal Naive
390169,32140.68,Seasonal Naive
136166,81876.29000000001,Seasonal Naive
94983,0.0,Seasonal Naive
67683,9015.949999999999,Seasonal Naive
76563,266893.56000000006,Seasonal Naive
70809,0.0,Seasonal Naive
124579,65.86,Seasonal Naive
37768,0.0,Seasonal Naive
122193,38.71,Seasonal Naive
82104,0.0,Seasonal Naive
91411,94.32000000000001,Seasonal Naive
103514,2.65,Seasonal Naive
7943,0.0,Seasonal Naive
317876,3492.0099999999998,Seasonal Naive
165461,0.0,Seasonal Naive
354253,0.0,Seasonal Naive
506256,918.72,Seasonal Naive
74314,0.0,Seasonal Naive
105140,12.82,Seasonal Naive
111008,0.0,Seasonal Naive
234885,1.7599999999999998,Seasonal Naive
139414,0.0,Seasonal Naive
64107,0.0,Seasonal Naive
354252,0.0,Seasonal Naive
189203,0.0,Seasonal Naive
524906,520.44,Seasonal Naive
29455,0.0,Seasonal Naive
188755,0.0,Seasonal Naive
88889,0.0,Seasonal Naive
88584,0.0,Seasonal Naive
289700,0.0,Seasonal Naive
174251,0.0,Seasonal Naive
31791,0.0,Seasonal Naive
112607,0.0,Seasonal Naive
86246,0.0,Seasonal Naive
49725,0.0,Seasonal Naive
230063,0.0,Seasonal Naive
330903,10.17,Seasonal Naive
199521,0.0,Seasonal Naive
326687,242.91,Seasonal Naive
485012,0.0,Seasonal Naive
584476,1705.6999999999998,Seasonal Naive
511565,0.0,Seasonal Naive
88623,0.0,Seasonal Naive
183255,257.95,Seasonal Naive
306975,0.0,Seasonal Naive
511383,43675.15000000001,Seasonal Naive
130307,3.41,Seasonal Naive
183752,0.0,Seasonal Naive
127334,0.0,Seasonal Naive
485575,0.0,Seasonal Naive
549313,1028.4900000000002,Seasonal Naive
448025,0.0,Seasonal Naive
75127,0.0,Seasonal Naive
459472,0.0,Seasonal Naive
128867,0.0,Seasonal Naive
500413,0.0,Seasonal Naive
137354,0.0,Seasonal Naive
549309,2339.71,Seasonal Naive
174248,0.0,Seasonal Naive
523778,0.0,Seasonal Naive
301729,0.0,Seasonal Naive
404881,48347.86,Seasonal Naive
103149,0.0,Seasonal Naive
508965,0.0,Seasonal Naive
110927,0.0,Seasonal Naive
195295,0.0,Seasonal Naive
434923,0.81,Seasonal Naive
146525,0.0,Seasonal Naive
500464,269.08000000000004,Seasonal Naive
358841,0.0,Seasonal Naive
54299,0.0,Seasonal Naive
31749,352.34999999999997,Seasonal Naive
230573,0.25,Seasonal Naive
142305,3389.3399999999997,Seasonal Naive
174250,0.0,Seasonal Naive
149233,0.0,Seasonal Naive
501430,32838.41,Seasonal Naive
500624,3929.59,Seasonal Naive
26276,0.0,Seasonal Naive
505338,0.0,Seasonal Naive
588842,48508.99,Seasonal Naive
117696,0.0,Seasonal Naive
507818,0.0,Seasonal Naive
305396,0.0,Seasonal Naive
485579,5.76,Seasonal Naive
421323,187051.37999999998,Seasonal Naive
555932,23431.510000000002,Seasonal Naive
501433,53580.55000000001,Seasonal Naive
581734,47912.24,Seasonal Naive
514612,0.0,Seasonal Naive
431262,53921.99,Seasonal Naive
303540,2167.2599999999998,Seasonal Naive
299213,0.0,Seasonal Naive
562812,15158.54,Seasonal Naive
487785,52682.71000000001,Seasonal Naive
229238,666.8799999999999,Seasonal Naive
583730,196289.34000000003,Seasonal Naive
558747,0.0,Seasonal Naive
512055,92953.91,Seasonal Naive
515712,389227.33,Seasonal Naive
583729,567034.97,Seasonal Naive
515721,3411515.7100000004,Seasonal Naive
88806,0.0,Seasonal Naive
26435,0.0,Seasonal Naive
360311,0.0,Seasonal Naive
138890,0.0,Seasonal Naive
67838,9.270000000000001,Seasonal Naive
9017,0.0,Seasonal Naive
336609,11.81,Seasonal Naive
377036,0.0,Seasonal Naive
6549,0.0,Seasonal Naive
492681,87.78999999999999,Seasonal Naive
330836,0.0,Seasonal Naive
406669,3921.7500000000005,Seasonal Naive
11456,0.0,Seasonal Naive
189204,0.0,Seasonal Naive
234886,0.81,Seasonal Naive
175805,122887.54000000001,Seasonal Naive
412544,0.0,Seasonal Naive
4375,0.0,Seasonal Naive
172499,161.39,Seasonal Naive
446264,6171.889999999999,Seasonal Naive
404533,0.0,Seasonal Naive
102783,75.08,Seasonal Naive
94720,0.0,Seasonal Naive
404536,0.0,Seasonal Naive
553354,3.18,Seasonal Naive
493301,177.11,Seasonal Naive
508950,11.14,Seasonal Naive
143864,0.0,Seasonal Naive
446251,5941.22,Seasonal Naive
353039,0.0,Seasonal Naive
406666,16217.130000000001,Seasonal Naive
284969,0.0,Seasonal Naive
444026,11660.91,Seasonal Naive
94721,0.0,Seasonal Naive
410935,0.0,Seasonal Naive
315839,0.0,Seasonal Naive
246606,117.76,Seasonal Naive
524908,2092.4,Seasonal Naive
91618,0.0,Seasonal Naive
105638,0.0,Seasonal Naive
374337,0.0,Seasonal Naive
519407,4984.38,Seasonal Naive
69942,0.0,Seasonal Naive
133400,0.0,Seasonal Naive
18774,0.0,Seasonal Naive
374336,0.0,Seasonal Naive
488266,364.8299999999999,Seasonal Naive
145692,0.0,Seasonal Naive
153529,0.0,Seasonal Naive
434861,666.7199999999999,Seasonal Naive
530476,129722.83,Seasonal Naive
327580,38.21,Seasonal Naive
505341,1453.64,Seasonal Naive
500082,4058.2200000000003,Seasonal Naive
77397,0.0,Seasonal Naive
512472,1663.3600000000001,Seasonal Naive
501743,1034.2,Seasonal Naive
500299,388521.68,Seasonal Naive
404963,16068.28,Seasonal Naive
485523,0.0,Seasonal Naive
100144,0.0,Seasonal Naive
523716,4580.75,Seasonal Naive
429406,35040.14000000001,Seasonal Naive
530477,160977.72,Seasonal Naive
515563,27757.379999999997,Seasonal Naive
505263,40334.31999999999,Seasonal Naive
275435,5096.62,Seasonal Naive
485275,82584.48000000001,Seasonal Naive
583731,0.0,Seasonal Naive
275436,1.01,Seasonal Naive
40326,6983.549999999999,Seasonal Naive
523715,28.25,Seasonal Naive
559856,1211523.4500000002,Seasonal Naive
506216,66817.09000000001,Seasonal Naive
501756,93866.92,Seasonal Naive
40325,75953.26000000001,Seasonal Naive
407186,124075.54,Seasonal Naive
552947,34955.86,Seasonal Naive
505289,79735.96,Seasonal Naive
546285,70951.02,Seasonal Naive
281341,8679.28,Seasonal Naive
558749,0.0,Seasonal Naive
558748,0.0,Seasonal Naive
316598,0.0,Seasonal Naive
110068,0.0,Seasonal Naive
105538,3.75,Seasonal Naive
442304,0.0,Seasonal Naive
404537,0.0,Seasonal Naive
175506,0.0,Seasonal Naive
404534,0.0,Seasonal Naive
284005,178.85999999999999,Seasonal Naive
127641,0.4,Seasonal Naive
324196,79431.1,Seasonal Naive
94704,0.0,Seasonal Naive
121202,0.0,Seasonal Naive
410519,102.66,Seasonal Naive
390263,0.0,Seasonal Naive
561064,41.43,Seasonal Naive
378806,35.699999999999996,Seasonal Naive
84455,0.0,Seasonal Naive
139646,0.0,Seasonal Naive
410937,0.0,Seasonal Naive
492424,0.0,Seasonal Naive
562130,28366.36,Seasonal Naive
99409,9.34,Seasonal Naive
529599,4880.9800000000005,Seasonal Naive
484893,0.0,Seasonal Naive
493295,0.0,Seasonal Naive
71103,0.0,Seasonal Naive
407132,7140.8,Seasonal Naive
562128,10096.7,Seasonal Naive
562131,13652.340000000002,Seasonal Naive
529591,1963.42,Seasonal Naive
20003,0.0,Seasonal Naive
404917,6560.51,Seasonal Naive
78713,1.01,Seasonal Naive
27737,0.0,Seasonal Naive
167647,0.0,Seasonal Naive
177948,0.0,Seasonal Naive
3772,0.0,Seasonal Naive
552606,76770.06,Seasonal Naive
529602,1966.38,Seasonal Naive
31435,0.0,Seasonal Naive
74248,0.0,Seasonal Naive
404961,0.0,Seasonal Naive
484846,1728.38,Seasonal Naive
404524,0.0,Seasonal Naive
130500,1271.61,Seasonal Naive
81307,0.0,Seasonal Naive
404914,7442.870000000001,Seasonal Naive
35626,0.0,Seasonal Naive
189059,0.0,Seasonal Naive
144097,243.32000000000002,Seasonal Naive
554368,12134.910000000002,Seasonal Naive
174132,0.0,Seasonal Naive
81301,0.0,Seasonal Naive
404523,213.76,Seasonal Naive
525129,1625.8899999999999,Seasonal Naive
93886,21.720000000000002,Seasonal Naive
501753,26030.089999999997,Seasonal Naive
1988,1.52,Seasonal Naive
44974,0.0,Seasonal Naive
81696,0.0,Seasonal Naive
485520,0.0,Seasonal Naive
129351,0.0,Seasonal Naive
135034,0.0,Seasonal Naive
51000,0.0,Seasonal Naive
533821,73994.67,Seasonal Naive
505264,497.48,Seasonal Naive
529585,8178.24,Seasonal Naive
539413,17641.22,Seasonal Naive
196575,0.0,Seasonal Naive
104329,0.0,Seasonal Naive
6119,0.0,Seasonal Naive
233820,0.0,Seasonal Naive
555931,0.0,Seasonal Naive
20645,0.0,Seasonal Naive
581733,32955.06999999999,Seasonal Naive
407240,124897.39,Seasonal Naive
519411,0.0,Seasonal Naive
535031,33702.56,Seasonal Naive
519408,58.97,Seasonal Naive
336128,56075.36,Seasonal Naive
109081,124.77999999999999,Seasonal Naive
539085,84260.62000000001,Seasonal Naive
519412,4820.409999999999,Seasonal Naive
552596,10.66,Seasonal Naive
519410,208.08,Seasonal Naive
519405,3771.8100000000004,Seasonal Naive
378787,0.0,Seasonal Naive
553256,50452.490000000005,Seasonal Naive
562273,2433.4999999999995,Seasonal Naive
407130,44668.86,Seasonal Naive
552668,80661.01,Seasonal Naive
553255,58328.15,Seasonal Naive
562276,7068.550000000001,Seasonal Naive
446294,255803.13999999998,Seasonal Naive
562275,12840.33,Seasonal Naive
552938,0.0,Seasonal Naive
562277,18206.04,Seasonal Naive
36002,15032.110000000002,Seasonal Naive
579261,6831.849999999999,Seasonal Naive
589874,532178.87,Seasonal Naive
560196,0.0,Seasonal Naive
258498,8.96,Seasonal Naive
37687,0.0,Seasonal Naive
525247,49.269999999999996,Seasonal Naive
410521,0.0,Seasonal Naive
95646,0.0,Seasonal Naive
86358,3.7199999999999998,Seasonal Naive
324704,165.22,Seasonal Naive
48194,0.0,Seasonal Naive
106229,0.0,Seasonal Naive
524896,0.0,Seasonal Naive
128583,8071.36,Seasonal Naive
167630,0.0,Seasonal Naive
372751,0.0,Seasonal Naive
562079,7577.499999999999,Seasonal Naive
352834,0.0,Seasonal Naive
314700,0.0,Seasonal Naive
390748,0.0,Seasonal Naive
327148,0.0,Seasonal Naive
404882,0.0,Seasonal Naive
111240,0.0,Seasonal Naive
391320,0.0,Seasonal Naive
102709,0.0,Seasonal Naive
389685,0.0,Seasonal Naive
123653,0.0,Seasonal Naive
378124,4584.879999999999,Seasonal Naive
122493,0.0,Seasonal Naive
94914,0.0,Seasonal Naive
554530,4884.63,Seasonal Naive
54798,0.0,Seasonal Naive
171169,0.0,Seasonal Naive
63595,0.0,Seasonal Naive
307570,0.0,Seasonal Naive
317425,107.10999999999999,Seasonal Naive
524899,0.0,Seasonal Naive
485525,0.0,Seasonal Naive
328045,0.0,Seasonal Naive
505337,0.0,Seasonal Naive
526818,2868.89,Seasonal Naive
315838,0.0,Seasonal Naive
526956,10.3,Seasonal Naive
539091,6.98,Seasonal Naive
257705,0.0,Seasonal Naive
594630,1.12,Seasonal Naive
136056,0.0,Seasonal Naive
138477,0.0,Seasonal Naive
135594,0.0,Seasonal Naive
169139,0.0,Seasonal Naive
183252,313.45,Seasonal Naive
86104,0.0,Seasonal Naive
110305,0.0,Seasonal Naive
3762,0.0,Seasonal Naive
398148,0.0,Seasonal Naive
196883,117.51999999999998,Seasonal Naive
77882,0.0,Seasonal Naive
554776,16640.25,Seasonal Naive
146956,0.0,Seasonal Naive
192809,27230.799999999996,Seasonal Naive
168102,0.0,Seasonal Naive
175889,0.0,Seasonal Naive
63138,0.0,Seasonal Naive
605003,29526.11,Seasonal Naive
310424,0.0,Seasonal Naive
193448,0.0,Seasonal Naive
196573,3.18,Seasonal Naive
111284,0.0,Seasonal Naive
126917,0.0,Seasonal Naive
519688,21918.7,Seasonal Naive
186882,0.0,Seasonal Naive
317891,33851.82,Seasonal Naive
594647,39132.39,Seasonal Naive
31436,0.0,Seasonal Naive
602989,29171.929999999997,Seasonal Naive
352955,0.0,Seasonal Naive
485646,17680.679999999997,Seasonal Naive
389584,0.0,Seasonal Naive
594650,174565.03000000003,Seasonal Naive
414447,1419.64,Seasonal Naive
562127,21976.27,Seasonal Naive
414445,96882.42000000001,Seasonal Naive
500856,73069.26000000001,Seasonal Naive
352929,3815.2800000000007,Seasonal Naive
568642,6349.29,Seasonal Naive
586545,71652.1,Seasonal Naive
485647,30581.82,Seasonal Naive
515698,51646.259999999995,Seasonal Naive
554529,25442.309999999998,Seasonal Naive
35768,0.0,Seasonal Naive
87790,30049.0,Seasonal Naive
614422,40047.09,Seasonal Naive
233180,0.0,Seasonal Naive
327744,8.649999999999999,Seasonal Naive
525254,20.58,Seasonal Naive
154992,7.320000000000001,Seasonal Naive
446371,2717.6600000000003,Seasonal Naive
236836,0.0,Seasonal Naive
533918,0.0,Seasonal Naive
379522,0.0,Seasonal Naive
344147,0.0,Seasonal Naive
153124,0.0,Seasonal Naive
524900,0.0,Seasonal Naive
285177,0.0,Seasonal Naive
316962,2.92,Seasonal Naive
173703,0.0,Seasonal Naive
4229,427.06,Seasonal Naive
88592,0.0,Seasonal Naive
88590,0.0,Seasonal Naive
3858,0.0,Seasonal Naive
124044,0.0,Seasonal Naive
90578,0.0,Seasonal Naive
600930,1283.5500000000002,Seasonal Naive
604706,232070.16000000003,Seasonal Naive
107696,0.0,Seasonal Naive
454132,1566.3,Seasonal Naive
358641,0.0,Seasonal Naive
20220,39621.03,Seasonal Naive
298424,0.0,Seasonal Naive
519661,0.0,Seasonal Naive
507869,11.98,Seasonal Naive
116631,0.0,Seasonal Naive
601933,106307.27999999998,Seasonal Naive
501768,1498.78,Seasonal Naive
113610,0.0,Seasonal Naive
107861,0.0,Seasonal Naive
119796,61.25,Seasonal Naive
501739,2864.96,Seasonal Naive
105119,0.0,Seasonal Naive
500388,0.0,Seasonal Naive
83324,0.0,Seasonal Naive
116629,0.0,Seasonal Naive
52468,0.0,Seasonal Naive
603731,35053.65,Seasonal Naive
540922,38549.61,Seasonal Naive
378565,382.76,Seasonal Naive
149313,0.0,Seasonal Naive
556288,25430.629999999997,Seasonal Naive
45803,0.0,Seasonal Naive
117878,0.0,Seasonal Naive
347537,0.0,Seasonal Naive
530193,0.05,Seasonal Naive
153362,0.0,Seasonal Naive
454204,261.32,Seasonal Naive
285135,0.0,Seasonal Naive
108148,0.0,Seasonal Naive
344148,5.19,Seasonal Naive
149170,0.0,Seasonal Naive
14000,168.65999999999997,Seasonal Naive
554146,252.67,Seasonal Naive
570063,380.63,Seasonal Naive
134941,0.0,Seasonal Naive
429382,4158.780000000001,Seasonal Naive
317389,45195.8,Seasonal Naive
541162,166623.69,Seasonal Naive
581728,49557.719999999994,Seasonal Naive
556321,85489.25,Seasonal Naive
317388,21627.940000000002,Seasonal Naive
501700,68687.72,Seasonal Naive
539243,176462.26,Seasonal Naive
485521,0.0,Seasonal Naive
556202,103336.23,Seasonal Naive
529025,58111.09,Seasonal Naive
285568,0.0,Seasonal Naive
143751,0.0,Seasonal Naive
378750,4.37,Seasonal Naive
554528,37434.119999999995,Seasonal Naive
501774,3841.45,Seasonal Naive
349455,11.17,Seasonal Naive
358633,0.0,Seasonal Naive
552924,41954.36,Seasonal Naive
378747,0.0,Seasonal Naive
539240,172902.78,Seasonal Naive
500488,7209.929999999999,Seasonal Naive
541154,145677.58000000002,Seasonal Naive
589561,184658.39000000004,Seasonal Naive
500557,35754.95,Seasonal Naive
562282,121.04999999999998,Seasonal Naive
137327,3351.9900000000007,Seasonal Naive
317304,186.69,Seasonal Naive
143752,0.0,Seasonal Naive
372868,28292.73,Seasonal Naive
165429,16401.899999999998,Seasonal Naive
108539,4019.7299999999996,Seasonal Naive
589554,557410.5499999999,Seasonal Naive
372867,48220.36,Seasonal Naive
159878,27368.07,Seasonal Naive
183800,64448.439999999995,Seasonal Naive
222162,0.0,Seasonal Naive
495111,103017.38,Seasonal Naive
495110,139075.93,Seasonal Naive
556280,80.32000000000001,Seasonal Naive
47988,139.13,Seasonal Naive
95658,0.0,Seasonal Naive
120986,0.0,Seasonal Naive
84881,0.0,Seasonal Naive
60930,0.0,Seasonal Naive
54529,14405.88,Seasonal Naive
85983,0.0,Seasonal Naive
342963,3403.6600000000003,Seasonal Naive
539248,1973.0000000000002,Seasonal Naive
103512,1.0,Seasonal Naive
331715,0.0,Seasonal Naive
507638,5521.58,Seasonal Naive
91256,0.0,Seasonal Naive
404911,8105.7,Seasonal Naive
290990,0.0,Seasonal Naive
539419,0.0,Seasonal Naive
530607,16881.660000000003,Seasonal Naive
404800,4940.900000000001,Seasonal Naive
161630,231.99999999999997,Seasonal Naive
452062,5201.8,Seasonal Naive
417254,607.91,Seasonal Naive
35215,0.0,Seasonal Naive
570068,891.48,Seasonal Naive
95895,21.06,Seasonal Naive
545303,14.77,Seasonal Naive
6205,1525.46,Seasonal Naive
459674,0.0,Seasonal Naive
459943,16970.37,Seasonal Naive
174873,90716.52,Seasonal Naive
343057,14.409999999999998,Seasonal Naive
545304,19.659999999999997,Seasonal Naive
46933,0.0,Seasonal Naive
505318,956.4800000000001,Seasonal Naive
423456,8166.199999999999,Seasonal Naive
581729,38154.85,Seasonal Naive
233758,0.0,Seasonal Naive
577612,0.0,Seasonal Naive
328379,0.0,Seasonal Naive
545413,4195.88,Seasonal Naive
26439,0.0,Seasonal Naive
160789,10.16,Seasonal Naive
454206,61723.91999999999,Seasonal Naive
88606,0.0,Seasonal Naive
505314,641.4399999999999,Seasonal Naive
317950,12303.079999999998,Seasonal Naive
97002,0.0,Seasonal Naive
586160,961.3800000000001,Seasonal Naive
360318,0.0,Seasonal Naive
530291,0.0,Seasonal Naive
530290,0.0,Seasonal Naive
240706,0.0,Seasonal Naive
173708,0.0,Seasonal Naive
91368,10499.67,Seasonal Naive
138011,0.0,Seasonal Naive
378614,59383.880000000005,Seasonal Naive
485422,21989.0,Seasonal Naive
606837,63767.09,Seasonal Naive
174549,0.0,Seasonal Naive
539354,22461.539999999997,Seasonal Naive
600927,1727.2099999999998,Seasonal Naive
132802,50316.4,Seasonal Naive
156645,0.0,Seasonal Naive
600933,127200.76,Seasonal Naive
562112,2.0,Seasonal Naive
600929,1748.2499999999998,Seasonal Naive
570074,4374.900000000001,Seasonal Naive
175333,0.0,Seasonal Naive
553319,44602.619999999995,Seasonal Naive
545228,6494.110000000001,Seasonal Naive
175341,0.0,Seasonal Naive
343064,1381.15,Seasonal Naive
175340,0.0,Seasonal Naive
504206,47933.90000000001,Seasonal Naive
342961,11490.36,Seasonal Naive
602757,72452.91,Seasonal Naive
317301,7.54,Seasonal Naive
317373,72177.51000000001,Seasonal Naive
601808,51479.88,Seasonal Naive
230101,15.06,Seasonal Naive
317377,149911.16,Seasonal Naive
620122,102073.68,Seasonal Naive
285173,3056.86,Seasonal Naive
622636,35856.06,Seasonal Naive
593488,184575.34999999998,Seasonal Naive
586157,229.2,Seasonal Naive
542844,30119.629999999997,Seasonal Naive
599522,81072.68000000001,Seasonal Naive
285172,5777.169999999999,Seasonal Naive
504747,37478.15,Seasonal Naive
504746,25611.329999999994,Seasonal Naive
622631,27767.25,Seasonal Naive
620835,22099.52,Seasonal Naive
502261,0.0,Seasonal Naive
502262,0.0,Seasonal Naive
620833,32303.809999999998,Seasonal Naive
620831,43510.78999999999,Seasonal Naive
502264,0.0,Seasonal Naive
445164,776349.38,Seasonal Naive
502265,0.0,Seasonal Naive
378911,3.8200000000000003,Seasonal Naive
190514,0.0,Seasonal Naive
103173,0.0,Seasonal Naive
111153,0.0,Seasonal Naive
443257,62.919999999999995,Seasonal Naive
606756,149859.05000000002,Seasonal Naive
525211,91945.67,Seasonal Naive
111101,0.0,Seasonal Naive
484746,35.739999999999995,Seasonal Naive
410501,0.0,Seasonal Naive
12200,0.0,Seasonal Naive
187991,12.77,Seasonal Naive
85838,0.0,Seasonal Naive
5096,0.0,Seasonal Naive
529974,199913.53999999998,Seasonal Naive
311806,0.0,Seasonal Naive
149078,0.0,Seasonal Naive
410500,0.0,Seasonal Naive
525215,104509.56999999998,Seasonal Naive
109784,0.0,Seasonal Naive
22170,0.0,Seasonal Naive
109364,1169.84,Seasonal Naive
530474,560.2800000000001,Seasonal Naive
93249,44.47,Seasonal Naive
93251,161.02,Seasonal Naive
587760,2420.46,Seasonal Naive
530230,4094.96,Seasonal Naive
539258,10992.08,Seasonal Naive
49833,763.5799999999999,Seasonal Naive
105243,0.0,Seasonal Naive
602933,17693.079999999998,Seasonal Naive
539251,3690.91,Seasonal Naive
174867,79090.13999999998,Seasonal Naive
105245,0.0,Seasonal Naive
530217,9718.53,Seasonal Naive
451330,0.0,Seasonal Naive
601917,36287.11,Seasonal Naive
594652,226.61999999999998,Seasonal Naive
601923,27347.51,Seasonal Naive
570070,0.0,Seasonal Naive
546937,2228.35,Seasonal Naive
431329,299.93000000000006,Seasonal Naive
586833,18305.53,Seasonal Naive
601921,10573.539999999999,Seasonal Naive
49813,0.0,Seasonal Naive
598226,29222.230000000003,Seasonal Naive
500760,23986.440000000002,Seasonal Naive
326032,41.56,Seasonal Naive
124076,42.32,Seasonal Naive
31625,0.0,Seasonal Naive
586832,9758.24,Seasonal Naive
530475,931.43,Seasonal Naive
606835,76019.48,Seasonal Naive
514371,2855.3300000000004,Seasonal Naive
514370,2570.29,Seasonal Naive
562146,56315.1,Seasonal Naive
626189,119012.06,Seasonal Naive
563702,457420.31999999983,Seasonal Naive
545411,30447.979999999996,Seasonal Naive
23413,0.0,Seasonal Naive
190984,0.0,Seasonal Naive
607314,113368.08,Seasonal Naive
626330,1059363.47,Seasonal Naive
626329,782957.17,Seasonal Naive
626333,980404.8400000001,Seasonal Naive
626332,1633403.47,Seasonal Naive
109089,312578.75,Seasonal Naive
434938,63.029999999999994,Seasonal Naive
188047,0.0,Seasonal Naive
127517,1.69,Seasonal Naive
443256,20.500000000000004,Seasonal Naive
108574,357.68,Seasonal Naive
443252,65.57,Seasonal Naive
94634,0.0,Seasonal Naive
12655,35418.06,Seasonal Naive
450326,0.0,Seasonal Naive
98277,0.0,Seasonal Naive
562228,48670.57,Seasonal Naive
30581,0.0,Seasonal Naive
545298,0.0,Seasonal Naive
121033,0.0,Seasonal Naive
71000,0.0,Seasonal Naive
622971,17412.92,Seasonal Naive
622972,24.21,Seasonal Naive
539330,3817.1600000000008,Seasonal Naive
526955,0.0,Seasonal Naive
410498,0.0,Seasonal Naive
289553,0.0,Seasonal Naive
541798,10986.95,Seasonal Naive
597069,0.0,Seasonal Naive
539327,25153.01,Seasonal Naive
623331,1683155.3099999998,Seasonal Naive
512056,8.49,Seasonal Naive
546941,2847.71,Seasonal Naive
545299,0.0,Seasonal Naive
585892,2085.4199999999996,Seasonal Naive
597068,0.65,Seasonal Naive
223524,0.0,Seasonal Naive
449953,10.42,Seasonal Naive
421651,0.0,Seasonal Naive
530219,1911.6499999999999,Seasonal Naive
530223,6520.24,Seasonal Naive
552870,5481.320000000001,Seasonal Naive
602722,1695.24,Seasonal Naive
535711,15137.3,Seasonal Naive
546945,3911.25,Seasonal Naive
449934,16412.35,Seasonal Naive
587007,281313.27999999997,Seasonal Naive
515714,0.0,Seasonal Naive
272208,387.56,Seasonal Naive
463499,71397.76,Seasonal Naive
20980,0.0,Seasonal Naive
326898,33552.06,Seasonal Naive
500187,67767.49999999997,Seasonal Naive
410503,0.0,Seasonal Naive
445146,0.0,Seasonal Naive
587159,60395.93999999999,Seasonal Naive
604766,64192.68,Seasonal Naive
168128,0.0,Seasonal Naive
604763,56817.490000000005,Seasonal Naive
530249,165320.49999999997,Seasonal Naive
125392,286418.52,Seasonal Naive
620430,409556.19,Seasonal Naive
620429,1135683.45,Seasonal Naive
620432,1770614.8699999999,Seasonal Naive
620428,2956518.14,Seasonal Naive
539132,436.81999999999994,Seasonal Naive
511242,0.0,Seasonal Naive
499942,58.900000000000006,Seasonal Naive
174578,0.0,Seasonal Naive
502993,44.0,Seasonal Naive
178185,0.0,Seasonal Naive
552604,5255.74,Seasonal Naive
525035,3611.2800000000007,Seasonal Naive
553309,2904.63,Seasonal Naive
92162,21.16,Seasonal Naive
236988,1160.0099999999998,Seasonal Naive
173939,0.0,Seasonal Naive
522372,7576.699999999999,Seasonal Naive
92385,0.0,Seasonal Naive
171408,741.4399999999999,Seasonal Naive
122392,0.0,Seasonal Naive
74225,252.96,Seasonal Naive
524903,0.0,Seasonal Naive
484526,8872.84,Seasonal Naive
402785,0.0,Seasonal Naive
82844,0.0,Seasonal Naive
617960,42445.560000000005,Seasonal Naive
522367,2939.0199999999995,Seasonal Naive
327268,78.91000000000001,Seasonal Naive
512058,65964.98000000001,Seasonal Naive
74227,466.56999999999994,Seasonal Naive
484585,0.0,Seasonal Naive
427470,48.89,Seasonal Naive
327057,66.8,Seasonal Naive
530745,3953.2000000000003,Seasonal Naive
326096,43.5,Seasonal Naive
406667,0.0,Seasonal Naive
56364,0.0,Seasonal Naive
530422,426.36,Seasonal Naive
553307,19461.500000000004,Seasonal Naive
579265,144.01,Seasonal Naive
90063,0.0,Seasonal Naive
595706,2010.27,Seasonal Naive
586244,29012.17,Seasonal Naive
602667,1172300.04,Seasonal Naive
552858,8720.63,Seasonal Naive
622890,96131.45,Seasonal Naive
431327,797.21,Seasonal Naive
587183,12352.75,Seasonal Naive
636192,132857.72,Seasonal Naive
150578,188.86000000000004,Seasonal Naive
546637,19426.03,Seasonal Naive
586246,18457.289999999997,Seasonal Naive
602692,80305.16,Seasonal Naive
632957,4343.720000000001,Seasonal Naive
587181,20716.199999999997,Seasonal Naive
602688,113706.59999999999,Seasonal Naive
406670,602.17,Seasonal Naive
565527,4033.1400000000003,Seasonal Naive
84215,10933.67,Seasonal Naive
640839,27848.760000000002,Seasonal Naive
565531,59129.369999999995,Seasonal Naive
640837,0.0,Seasonal Naive
587667,20187.820000000003,Seasonal Naive
519681,306541.37,Seasonal Naive
190511,35485.46,Seasonal Naive
549356,8271.71,Seasonal Naive
541794,66500.88,Seasonal Naive
625952,8.12,Seasonal Naive
592654,35269.09,Seasonal Naive
554423,5111.73,Seasonal Naive
640841,16751.760000000002,Seasonal Naive
640838,6696.04,Seasonal Naive
602897,29192.2,Seasonal Naive
190510,82882.47,Seasonal Naive
568529,110010.98,Seasonal Naive
539130,57253.83,Seasonal Naive
602611,33427.939999999995,Seasonal Naive
606721,227400.41999999998,Seasonal Naive
500084,0.0,Seasonal Naive
415093,87849.37000000001,Seasonal Naive
71422,1.46,Seasonal Naive
485537,1560.88,Seasonal Naive
159564,0.0,Seasonal Naive
328213,135.81,Seasonal Naive
515723,0.0,Seasonal Naive
499955,926.01,Seasonal Naive
55965,0.0,Seasonal Naive
30431,0.0,Seasonal Naive
94855,0.0,Seasonal Naive
501103,6.869999999999999,Seasonal Naive
166652,0.0,Seasonal Naive
427474,0.0,Seasonal Naive
308543,263.96,Seasonal Naive
540924,2339.18,Seasonal Naive
553261,24488.73,Seasonal Naive
88133,343.72,Seasonal Naive
553265,21067.719999999998,Seasonal Naive
512052,0.0,Seasonal Naive
2345,0.0,Seasonal Naive
442296,1688.46,Seasonal Naive
562202,16896.53,Seasonal Naive
384497,128.71,Seasonal Naive
174511,0.0,Seasonal Naive
525149,1749.7099999999996,Seasonal Naive
410514,0.0,Seasonal Naive
530426,23.52,Seasonal Naive
431177,5785.5599999999995,Seasonal Naive
315835,0.0,Seasonal Naive
629955,42751.16,Seasonal Naive
76436,3577.86,Seasonal Naive
562193,15022.28,Seasonal Naive
389564,18985.880000000005,Seasonal Naive
500331,668.3299999999999,Seasonal Naive
190889,0.0,Seasonal Naive
83574,0.0,Seasonal Naive
586813,4200.97,Seasonal Naive
586774,75757.07,Seasonal Naive
601919,2557.1,Seasonal Naive
562195,27217.73,Seasonal Naive
516958,0.0,Seasonal Naive
617962,48750.03,Seasonal Naive
603724,32977.77,Seasonal Naive
285008,0.0,Seasonal Naive
408891,86369.05000000002,Seasonal Naive
596012,15721.000000000002,Seasonal Naive
443687,80.66,Seasonal Naive
581724,7526.180000000001,Seasonal Naive
118818,26144.43,Seasonal Naive
519417,151344.81999999998,Seasonal Naive
118817,201370.78999999998,Seasonal Naive
507747,15547.77,Seasonal Naive
446273,154313.66,Seasonal Naive
604732,100895.49,Seasonal Naive
602993,10863.400000000001,Seasonal Naive
562329,1377406.6400000001,Seasonal Naive
530248,42.540000000000006,Seasonal Naive
561833,0.0,Seasonal Naive
561813,0.0,Seasonal Naive
500923,5.279999999999999,Seasonal Naive
511355,0.0,Seasonal Naive
561810,0.0,Seasonal Naive
108575,366.76,Seasonal Naive
499958,28.93,Seasonal Naive
581731,0.0,Seasonal Naive
108573,956.3299999999999,Seasonal Naive
533771,6476.37,Seasonal Naive
91716,9126.42,Seasonal Naive
414460,0.0,Seasonal Naive
511353,0.0,Seasonal Naive
427660,0.0,Seasonal Naive
135685,1130.81,Seasonal Naive
404750,24.08,Seasonal Naive
18250,0.0,Seasonal Naive
188586,181605.23,Seasonal Naive
142211,0.0,Seasonal Naive
505075,347.61,Seasonal Naive
49607,0.0,Seasonal Naive
406969,182.39,Seasonal Naive
596989,0.0,Seasonal Naive
324207,4737.73,Seasonal Naive
505067,844.5600000000001,Seasonal Naive
91714,5008.9,Seasonal Naive
505080,627.37,Seasonal Naive
651549,2616.59,Seasonal Naive
525153,574.26,Seasonal Naive
268114,0.0,Seasonal Naive
586944,94184.93,Seasonal Naive
414458,212.12,Seasonal Naive
553263,4005.86,Seasonal Naive
525145,585.49,Seasonal Naive
622857,42409.3,Seasonal Naive
553267,30762.73,Seasonal Naive
586946,61710.85,Seasonal Naive
135687,822.1599999999999,Seasonal Naive
609975,1126.23,Seasonal Naive
161819,0.0,Seasonal Naive
184842,483.26000000000005,Seasonal Naive
597381,11459.570000000002,Seasonal Naive
338979,2009.3000000000002,Seasonal Naive
545261,104545.14000000001,Seasonal Naive
414349,235697.79,Seasonal Naive
562149,110990.26999999999,Seasonal Naive
623327,1312.75,Seasonal Naive
597014,185959.07999999996,Seasonal Naive
562148,101410.97,Seasonal Naive
652441,1572250.2799999998,Seasonal Naive
154626,0.0,Seasonal Naive
594595,25149.329999999998,Seasonal Naive
110493,0.0,Seasonal Naive
111239,0.0,Seasonal Naive
90978,0.0,Seasonal Naive
553303,946.8400000000001,Seasonal Naive
630064,9407.78,Seasonal Naive
525119,48.529999999999994,Seasonal Naive
597303,331248.12999999995,Seasonal Naive
525231,5773.039999999999,Seasonal Naive
553302,748.81,Seasonal Naive
240672,0.0,Seasonal Naive
587658,0.0,Seasonal Naive
439949,0.0,Seasonal Naive
72019,0.0,Seasonal Naive
587657,710.0699999999999,Seasonal Naive
501113,0.0,Seasonal Naive
562179,1567.05,Seasonal Naive
501625,12565.21,Seasonal Naive
163857,0.0,Seasonal Naive
545355,1188.4299999999998,Seasonal Naive
156467,787.6300000000001,Seasonal Naive
128869,0.0,Seasonal Naive
378245,4244.660000000001,Seasonal Naive
404747,44.71,Seasonal Naive
435531,3426.04,Seasonal Naive
96912,0.0,Seasonal Naive
602110,16332.750000000002,Seasonal Naive
545351,2077.19,Seasonal Naive
402790,2442.9100000000003,Seasonal Naive
603680,13242.91,Seasonal Naive
563809,85037.04999999999,Seasonal Naive
404744,233.8,Seasonal Naive
507867,0.0,Seasonal Naive
630068,17562.890000000003,Seasonal Naive
525230,11376.96,Seasonal Naive
394499,9.77,Seasonal Naive
519718,17935.850000000002,Seasonal Naive
707,0.0,Seasonal Naive
174471,0.0,Seasonal Naive
484496,25018.939999999995,Seasonal Naive
10538,0.0,Seasonal Naive
533769,4223.34,Seasonal Naive
484881,5370.999999999998,Seasonal Naive
579167,30014.96,Seasonal Naive
562087,15527.480000000001,Seasonal Naive
511339,44845.86000000001,Seasonal Naive
622856,20158.65,Seasonal Naive
541966,106827.19,Seasonal Naive
600037,35609.49,Seasonal Naive
625892,41686.049999999996,Seasonal Naive
500756,0.0,Seasonal Naive
543374,3077.13,Seasonal Naive
597278,0.0,Seasonal Naive
330781,0.0,Seasonal Naive
553304,353.6,Seasonal Naive
515571,0.0,Seasonal Naive
512074,24.42,Seasonal Naive
596474,2461.94,Seasonal Naive
596478,3816.63,Seasonal Naive
670499,127.86,Seasonal Naive
597246,19091.260000000002,Seasonal Naive
407123,726.23,Seasonal Naive
399174,63.82,Seasonal Naive
639738,13475.18,Seasonal Naive
328810,182.73999999999998,Seasonal Naive
614096,0.0,Seasonal Naive
509994,0.0,Seasonal Naive
519618,0.0,Seasonal Naive
362198,116096.6,Seasonal Naive
543376,9321.11,Seasonal Naive
543377,7674.62,Seasonal Naive
485655,11628.75,Seasonal Naive
327176,9997.19,Seasonal Naive
533782,5924.27,Seasonal Naive
234006,0.0,Seasonal Naive
530268,0.0,Seasonal Naive
602652,12335.75,Seasonal Naive
390895,513.71,Seasonal Naive
325187,39044.28,Seasonal Naive
586492,18600.43,Seasonal Naive
620168,203.95000000000002,Seasonal Naive
643744,22818.06,Seasonal Naive
459305,36468.79,Seasonal Naive
529906,3322.56,Seasonal Naive
539379,20535.360000000004,Seasonal Naive
20588,0.0,Seasonal Naive
586850,0.0,Seasonal Naive
190599,354.18,Seasonal Naive
410528,1513.01,Seasonal Naive
648247,315555.77,Seasonal Naive
522353,460.16,Seasonal Naive
522296,1647.12,Seasonal Naive
504137,12764.29,Seasonal Naive
519746,0.0,Seasonal Naive
562211,54557.229999999996,Seasonal Naive
600038,22836.16,Seasonal Naive
539401,12383.710000000001,Seasonal Naive
614386,33396.41,Seasonal Naive
439154,2041484.6500000001,Seasonal Naive
414360,1241183.53,Seasonal Naive
193135,0.0,Seasonal Naive
485798,7.620000000000001,Seasonal Naive
87135,0.0,Seasonal Naive
618196,360.02,Seasonal Naive
530461,37303.15000000001,Seasonal Naive
352952,2974.33,Seasonal Naive
530431,162.12,Seasonal Naive
624984,51181.05,Seasonal Naive
587655,1001.4200000000001,Seasonal Naive
519912,10989.01,Seasonal Naive
623334,7893.24,Seasonal Naive
539377,5261.9800000000005,Seasonal Naive
113055,0.0,Seasonal Naive
326768,22.16,Seasonal Naive
91721,891.3700000000001,Seasonal Naive
530232,11184.02,Seasonal Naive
586215,65656.75,Seasonal Naive
429719,14540.770000000002,Seasonal Naive
189546,0.0,Seasonal Naive
533897,8294.44,Seasonal Naive
596481,4633.7,Seasonal Naive
539092,22.490000000000002,Seasonal Naive
543373,5741.2300000000005,Seasonal Naive
91722,1494.2400000000002,Seasonal Naive
500064,0.0,Seasonal Naive
454165,19599.48,Seasonal Naive
273178,31494.550000000003,Seasonal Naive
486700,20.83,Seasonal Naive
263089,2643.38,Seasonal Naive
597075,5437.49,Seasonal Naive
317322,0.0,Seasonal Naive
519906,23298.04,Seasonal Naive
519707,99150.59,Seasonal Naive
565722,90.66000000000001,Seasonal Naive
611625,60968.04,Seasonal Naive
501788,6316.22,Seasonal Naive
659016,24988.390000000003,Seasonal Naive
42493,0.0,Seasonal Naive
511384,340.26,Seasonal Naive
552957,5463.8,Seasonal Naive
597285,5241.86,Seasonal Naive
659019,3613.9500000000003,Seasonal Naive
117887,0.0,Seasonal Naive
639788,73126.43,Seasonal Naive
530421,233.58000000000004,Seasonal Naive
597238,76439.95,Seasonal Naive
639519,82.42999999999999,Seasonal Naive
326896,16101.75,Seasonal Naive
627315,89476.58,Seasonal Naive
587118,60334.56,Seasonal Naive
608191,65238.84000000001,Seasonal Naive
408917,789.7299999999999,Seasonal Naive
182532,85643.93,Seasonal Naive
608192,296439.09,Seasonal Naive
275342,0.0,Seasonal Naive
484741,0.07,Seasonal Naive
484745,0.09,Seasonal Naive
645141,82.82000000000001,Seasonal Naive
442162,0.0,Seasonal Naive
62412,108.41000000000001,Seasonal Naive
553252,1.69,Seasonal Naive
620169,13.45,Seasonal Naive
538822,448.30000000000007,Seasonal Naive
623357,8933.45,Seasonal Naive
600636,5135.910000000001,Seasonal Naive
598788,34132.630000000005,Seasonal Naive
586219,33840.520000000004,Seasonal Naive
625001,75577.29,Seasonal Naive
530452,10662.11,Seasonal Naive
530456,7397.169999999999,Seasonal Naive
326772,8.690000000000001,Seasonal Naive
530432,14.549999999999999,Seasonal Naive
316750,0.0,Seasonal Naive
586562,38425.85,Seasonal Naive
542896,44.199999999999996,Seasonal Naive
577675,9300.52,Seasonal Naive
40909,0.0,Seasonal Naive
325057,0.0,Seasonal Naive
515616,847.3299999999999,Seasonal Naive
533925,0.0,Seasonal Naive
670471,202575.48,Seasonal Naive
434706,1894.6699999999998,Seasonal Naive
586535,1801.9700000000003,Seasonal Naive
119425,0.0,Seasonal Naive
664740,116325.25000000001,Seasonal Naive
618424,14257.73,Seasonal Naive
511381,609.1999999999999,Seasonal Naive
654842,255872.49999999997,Seasonal Naive
666703,7556.24,Seasonal Naive
586493,3846.5600000000004,Seasonal Naive
597397,29134.28,Seasonal Naive
615004,40316.23,Seasonal Naive
174437,0.0,Seasonal Naive
500062,15.17,Seasonal Naive
74808,14091.32,Seasonal Naive
659218,710392.4099999999,Seasonal Naive
605165,94518.73999999999,Seasonal Naive
533898,4021.4800000000005,Seasonal Naive
511441,0.0,Seasonal Naive
639786,25758.050000000003,Seasonal Naive
449836,222678.81,Seasonal Naive
182533,111543.24,Seasonal Naive
5398,122744.18,Seasonal Naive
603850,117360.62000000001,Seasonal Naive
605167,15128.69,Seasonal Naive
630640,116567.37999999999,Seasonal Naive
150192,18332.01,Seasonal Naive
129462,105947.43,Seasonal Naive
468391,0.0,Seasonal Naive
127632,0.0,Seasonal Naive
554601,0.0,Seasonal Naive
175909,0.0,Seasonal Naive
485381,0.0,Seasonal Naive
46421,0.0,Seasonal Naive
108963,0.0,Seasonal Naive
117532,0.0,Seasonal Naive
598740,3200.4100000000003,Seasonal Naive
446993,3043.84,Seasonal Naive
30579,0.0,Seasonal Naive
404901,0.0,Seasonal Naive
484587,0.0,Seasonal Naive
407000,1751.42,Seasonal Naive
652391,6795.590000000001,Seasonal Naive
618113,27013.2,Seasonal Naive
448936,1238.2600000000002,Seasonal Naive
389552,0.0,Seasonal Naive
615535,902.44,Seasonal Naive
410649,52.489999999999995,Seasonal Naive
225375,0.0,Seasonal Naive
630906,0.0,Seasonal Naive
598836,3557.4999999999995,Seasonal Naive
643408,57733.46000000001,Seasonal Naive
315625,128.24,Seasonal Naive
501085,1330.76,Seasonal Naive
620950,514116.80000000005,Seasonal Naive
138363,1514.91,Seasonal Naive
505279,35802.66,Seasonal Naive
425098,49435.43,Seasonal Naive
325918,918.72,Seasonal Naive
136044,108.13000000000001,Seasonal Naive
410650,0.0,Seasonal Naive
352796,0.0,Seasonal Naive
540210,13301.179999999998,Seasonal Naive
600846,40.93,Seasonal Naive
501086,5777.290000000001,Seasonal Naive
196811,24718.289999999997,Seasonal Naive
614190,2762.31,Seasonal Naive
667835,73.42,Seasonal Naive
449152,240.86999999999998,Seasonal Naive
656430,6712.65,Seasonal Naive
614194,6330.02,Seasonal Naive
586222,8900.869999999999,Seasonal Naive
577678,12421.490000000002,Seasonal Naive
515737,7039.44,Seasonal Naive
577671,18006.77,Seasonal Naive
464636,28571.65,Seasonal Naive
552966,752.3499999999999,Seasonal Naive
511190,135258.73,Seasonal Naive
533907,3239.5,Seasonal Naive
507621,22099.26,Seasonal Naive
630901,34163.5,Seasonal Naive
392611,18615.28,Seasonal Naive
601964,15.4,Seasonal Naive
642809,12235.690000000002,Seasonal Naive
586494,3741.54,Seasonal Naive
674979,70015.88,Seasonal Naive
676020,50376.03,Seasonal Naive
606737,412331.14,Seasonal Naive
545533,16.04,Seasonal Naive
643137,781458.12,Seasonal Naive
188048,0.0,Seasonal Naive
138910,0.0,Seasonal Naive
586928,112.54,Seasonal Naive
153393,0.0,Seasonal Naive
485535,69.61,Seasonal Naive
586842,1320.6,Seasonal Naive
161655,5.06,Seasonal Naive
438567,0.0,Seasonal Naive
530381,1339.5900000000001,Seasonal Naive
639600,8067.0599999999995,Seasonal Naive
625194,15967.73,Seasonal Naive
485653,0.0,Seasonal Naive
171401,33937.74,Seasonal Naive
171402,20678.32,Seasonal Naive
265208,176.11,Seasonal Naive
126329,37371.740000000005,Seasonal Naive
615827,52.400000000000006,Seasonal Naive
408035,9.41,Seasonal Naive
8834,0.0,Seasonal Naive
672702,25653.309999999998,Seasonal Naive
629919,16638.86,Seasonal Naive
484622,0.0,Seasonal Naive
586817,53892.52,Seasonal Naive
553305,262.09999999999997,Seasonal Naive
553399,0.0,Seasonal Naive
529905,3695.19,Seasonal Naive
664735,39.260000000000005,Seasonal Naive
670473,9251.07,Seasonal Naive
88036,0.0,Seasonal Naive
603910,1942.97,Seasonal Naive
666809,2095.16,Seasonal Naive
579336,16352.210000000001,Seasonal Naive
623574,29209.4,Seasonal Naive
488776,100.2,Seasonal Naive
684229,2437.12,Seasonal Naive
630203,356367.86,Seasonal Naive
664955,77125.12,Seasonal Naive
630197,77115.2,Seasonal Naive
630196,30267.15,Seasonal Naive
630199,28137.729999999996,Seasonal Naive
643322,19674.95,Seasonal Naive
556220,199.76,Seasonal Naive
529902,23175.469999999998,Seasonal Naive
618104,10315.460000000001,Seasonal Naive
597174,155.7,Seasonal Naive
643323,21609.699999999997,Seasonal Naive
624962,520.14,Seasonal Naive
450614,3628.2699999999995,Seasonal Naive
645311,34513.07,Seasonal Naive
506746,84409.06,Seasonal Naive
620945,252107.21,Seasonal Naive
519396,12.0,Seasonal Naive
553326,31549.619999999995,Seasonal Naive
501055,94129.02,Seasonal Naive
530252,35774.13,Seasonal Naive
501648,55861.98999999999,Seasonal Naive
586630,165141.4,Seasonal Naive
596448,52552.19000000001,Seasonal Naive
645309,52664.950000000004,Seasonal Naive
597234,22353.84,Seasonal Naive
530246,8.2,Seasonal Naive
501052,158829.45,Seasonal Naive
429329,33492.39000000001,Seasonal Naive
625949,68207.91,Seasonal Naive
660131,22204.07,Seasonal Naive
189173,6753.540000000001,Seasonal Naive
702760,268341.58999999997,Seasonal Naive
624906,8803.480000000001,Seasonal Naive
552972,5884.990000000001,Seasonal Naive
587647,9513.589999999998,Seasonal Naive
153389,0.0,Seasonal Naive
614958,1021.5300000000001,Seasonal Naive
46806,0.0,Seasonal Naive
614957,524.66,Seasonal Naive
161193,0.0,Seasonal Naive
664695,73743.72,Seasonal Naive
406901,8348.22,Seasonal Naive
587649,5551.3099999999995,Seasonal Naive
330988,842.93,Seasonal Naive
485675,1243.96,Seasonal Naive
532166,2785.5200000000004,Seasonal Naive
519639,5198.540000000001,Seasonal Naive
391361,9789.22,Seasonal Naive
533846,17118.34,Seasonal Naive
598749,3110.19,Seasonal Naive
354287,10.24,Seasonal Naive
516865,11497.39,Seasonal Naive
553459,6965.870000000001,Seasonal Naive
501064,7698.290000000002,Seasonal Naive
597264,11231.28,Seasonal Naive
701706,5992.889999999999,Seasonal Naive
552762,41775.329999999994,Seasonal Naive
663579,15520.77,Seasonal Naive
597148,1213.51,Seasonal Naive
587089,13.49,Seasonal Naive
606056,46600.22,Seasonal Naive
516849,6.78,Seasonal Naive
625885,10596.63,Seasonal Naive
697011,5.26,Seasonal Naive
421321,7052.56,Seasonal Naive
284993,8461.66,Seasonal Naive
701710,2626.8199999999997,Seasonal Naive
647276,26229.05,Seasonal Naive
639187,1182.8,Seasonal Naive
625192,1325.3199999999997,Seasonal Naive
647274,24557.08,Seasonal Naive
625879,23698.820000000003,Seasonal Naive
639815,2558.6499999999996,Seasonal Naive
597185,949.84,Seasonal Naive
691077,13501.170000000002,Seasonal Naive
111918,15531.53,Seasonal Naive
602785,35794.33000000001,Seasonal Naive
624904,13550.46,Seasonal Naive
138481,6770.180000000001,Seasonal Naive
586418,216844.91999999998,Seasonal Naive
326996,1421.9,Seasonal Naive
711033,58727.479999999996,Seasonal Naive
598784,133.57999999999998,Seasonal Naive
519748,0.0,Seasonal Naive
530460,3245.5400000000004,Seasonal Naive
603848,6787.98,Seasonal Naive
438572,0.0,Seasonal Naive
666678,2913.37,Seasonal Naive
671174,6936.38,Seasonal Naive
671175,23047.359999999997,Seasonal Naive
485315,0.0,Seasonal Naive
586629,9250.82,Seasonal Naive
647437,88136.20999999999,Seasonal Naive
500183,4811.46,Seasonal Naive
674968,40806.57000000001,Seasonal Naive
630562,3357.3100000000004,Seasonal Naive
395245,307249.67,Seasonal Naive
639739,1274.77,Seasonal Naive
80039,0.0,Seasonal Naive
79589,0.0,Seasonal Naive
226448,0.0,Seasonal Naive
639561,20477.08,Seasonal Naive
109774,0.0,Seasonal Naive
605395,1195.53,Seasonal Naive
485596,417.02,Seasonal Naive
639559,39060.62,Seasonal Naive
501109,401.54999999999995,Seasonal Naive
402610,0.0,Seasonal Naive
539264,293.9,Seasonal Naive
395246,74.53,Seasonal Naive
597077,1364.42,Seasonal Naive
545185,25562.14,Seasonal Naive
325738,25587.32,Seasonal Naive
657565,40749.86,Seasonal Naive
283720,6094.530000000001,Seasonal Naive
485602,3233.09,Seasonal Naive
504115,35.809999999999995,Seasonal Naive
594653,2354.7900000000004,Seasonal Naive
647277,2439.9,Seasonal Naive
608183,2410.19,Seasonal Naive
552631,5501.530000000001,Seasonal Naive
597149,30310.1,Seasonal Naive
712192,3637.35,Seasonal Naive
666674,10065.27,Seasonal Naive
485538,23039.78,Seasonal Naive
597008,2343.9100000000003,Seasonal Naive
519640,5529.85,Seasonal Naive
519424,58767.619999999995,Seasonal Naive
641139,58990.75,Seasonal Naive
575857,0.0,Seasonal Naive
552850,21005.69,Seasonal Naive
500115,29445.329999999998,Seasonal Naive
504150,14.1,Seasonal Naive
689397,140159.47,Seasonal Naive
690687,95712.43999999999,Seasonal Naive
525089,2555.57,Seasonal Naive
139415,0.0,Seasonal Naive
85975,0.0,Seasonal Naive
585652,3238.38,Seasonal Naive
592467,0.0,Seasonal Naive
621815,1110.49,Seasonal Naive
711099,953.8800000000001,Seasonal Naive
552603,1345.13,Seasonal Naive
193431,36872.52,Seasonal Naive
55069,0.0,Seasonal Naive
569016,61.029999999999994,Seasonal Naive
625188,12104.119999999999,Seasonal Naive
191611,844.1600000000002,Seasonal Naive
193437,17358.27,Seasonal Naive
605971,13868.110000000002,Seasonal Naive
597172,18.08,Seasonal Naive
603691,9085.49,Seasonal Naive
603693,77957.99999999999,Seasonal Naive
630854,2743.7799999999997,Seasonal Naive
363839,0.0,Seasonal Naive
142218,3.52,Seasonal Naive
596391,51721.159999999996,Seasonal Naive
111983,40.42,Seasonal Naive
605969,22769.800000000003,Seasonal Naive
712162,3173.46,Seasonal Naive
66268,0.0,Seasonal Naive
597354,13860.51,Seasonal Naive
643139,15992.66,Seasonal Naive
636734,72806.42,Seasonal Naive
106176,16.32,Seasonal Naive
702762,132019.76,Seasonal Naive
150806,49283.840000000004,Seasonal Naive
623550,20000.04,Seasonal Naive
686002,64006.19,Seasonal Naive
597396,2744.06,Seasonal Naive
656243,1786.5599999999997,Seasonal Naive
51951,0.0,Seasonal Naive
587161,8590.05,Seasonal Naive
196813,30244.09,Seasonal Naive
378745,0.0,Seasonal Naive
614848,74846.62999999999,Seasonal Naive
30168,0.0,Seasonal Naive
596396,48383.71,Seasonal Naive
661193,67576.48000000001,Seasonal Naive
636736,249542.43,Seasonal Naive
600694,3799.0299999999997,Seasonal Naive
562219,14789.400000000001,Seasonal Naive
615547,29291.579999999998,Seasonal Naive
676703,475334.48,Seasonal Naive
600692,7124.629999999999,Seasonal Naive
642343,0.0,Seasonal Naive
71014,1831.3400000000004,Seasonal Naive
676706,62535.420000000006,Seasonal Naive
601937,33747.07,Seasonal Naive
693252,417398.6700000001,Seasonal Naive
511246,49486.11000000001,Seasonal Naive
-427318,176675.13,Seasonal Naive
530254,44172.060000000005,Seasonal Naive
697006,76767.55000000002,Seasonal Naive
-427319,54283.899999999994,Seasonal Naive
-331989,6269.980000000001,Seasonal Naive
71016,33069.51,Seasonal Naive
17777,0.0,Seasonal Naive
540657,0.11,Seasonal Naive
596521,1901.9399999999996,Seasonal Naive
620211,1005.5500000000001,Seasonal Naive
451396,435.07000000000005,Seasonal Naive
562106,743.7800000000001,Seasonal Naive
562101,8964.380000000001,Seasonal Naive
622883,4425.32,Seasonal Naive
689529,232.24,Seasonal Naive
525102,538.33,Seasonal Naive
622969,6755.94,Seasonal Naive
163914,1748.07,Seasonal Naive
666704,458.78000000000003,Seasonal Naive
615620,4294.78,Seasonal Naive
539153,1173.02,Seasonal Naive
630862,6826.31,Seasonal Naive
596515,5995.17,Seasonal Naive
530622,32.47,Seasonal Naive
363808,0.0,Seasonal Naive
562177,9095.779999999999,Seasonal Naive
504272,812.28,Seasonal Naive
684271,4993.82,Seasonal Naive
485810,1466.78,Seasonal Naive
596518,1354.8600000000001,Seasonal Naive
441486,16.62,Seasonal Naive
485804,12.24,Seasonal Naive
17444,194.01,Seasonal Naive
434231,83.57000000000001,Seasonal Naive
182539,13983.130000000003,Seasonal Naive
662935,150007.01,Seasonal Naive
91371,350.52000000000004,Seasonal Naive
501643,1675.95,Seasonal Naive
553502,1907.8,Seasonal Naive
500091,52365.08000000001,Seasonal Naive
596975,3394.46,Seasonal Naive
113366,9.63,Seasonal Naive
630864,39123.780000000006,Seasonal Naive
503034,28718.59,Seasonal Naive
684701,556.6200000000001,Seasonal Naive
630863,50093.95999999999,Seasonal Naive
189019,1.01,Seasonal Naive
605013,159.79000000000002,Seasonal Naive
410725,11531.92,Seasonal Naive
451392,3662.61,Seasonal Naive
643358,46181.06,Seasonal Naive
533931,3777.4399999999996,Seasonal Naive
95429,8331.989999999998,Seasonal Naive
712934,193461.30000000002,Seasonal Naive
620921,189.75,Seasonal Naive
699439,838012.19,Seasonal Naive
686004,189455.02,Seasonal Naive
643140,50850.01,Seasonal Naive
538775,19939.980000000003,Seasonal Naive
141032,9543.48,Seasonal Naive
285007,5569.509999999999,Seasonal Naive
509817,23.62,Seasonal Naive
72696,0.0,Seasonal Naive
634961,220.67000000000002,Seasonal Naive
651432,11202.22,Seasonal Naive
667843,17483.86,Seasonal Naive
188119,11458.179999999998,Seasonal Naive
662390,6115.95,Seasonal Naive
597384,760.4499999999999,Seasonal Naive
326773,4.859999999999999,Seasonal Naive
605980,1834.94,Seasonal Naive
399178,55.57,Seasonal Naive
402025,3530.55,Seasonal Naive
18562,0.0,Seasonal Naive
673753,51698.33999999999,Seasonal Naive
327601,0.0,Seasonal Naive
606004,16271.14,Seasonal Naive
440113,0.0,Seasonal Naive
292993,193.79000000000002,Seasonal Naive
439951,0.0,Seasonal Naive
511181,1.97,Seasonal Naive
568322,7845.92,Seasonal Naive
486641,450.53,Seasonal Naive
679197,0.95,Seasonal Naive
745224,52494.880000000005,Seasonal Naive
434573,3405.2799999999997,Seasonal Naive
407035,12.22,Seasonal Naive
622983,18546.32,Seasonal Naive
581716,0.0,Seasonal Naive
679195,0.0,Seasonal Naive
587167,2250.41,Seasonal Naive
651431,36260.1,Seasonal Naive
598866,126.38,Seasonal Naive
706042,0.0,Seasonal Naive
562236,2229.2999999999997,Seasonal Naive
684268,3342.7200000000003,Seasonal Naive
622876,3607.7799999999997,Seasonal Naive
519505,4410.55,Seasonal Naive
662852,189.67000000000002,Seasonal Naive
618224,852.5900000000001,Seasonal Naive
649678,2977.83,Seasonal Naive
662851,34.74,Seasonal Naive
175976,0.0,Seasonal Naive
605409,123.36,Seasonal Naive
586919,172279.89,Seasonal Naive
586879,1241.23,Seasonal Naive
539152,206.64000000000001,Seasonal Naive
530602,95.85,Seasonal Naive
600965,861.83,Seasonal Naive
662388,7424.15,Seasonal Naive
486647,7550.66,Seasonal Naive
402565,7893.990000000001,Seasonal Naive
623103,3082.1800000000003,Seasonal Naive
618209,11035.089999999998,Seasonal Naive
707813,4842.09,Seasonal Naive
586881,950.6599999999999,Seasonal Naive
676324,5621.120000000001,Seasonal Naive
402566,5993.0199999999995,Seasonal Naive
650512,195703.34999999998,Seasonal Naive
662938,123633.87,Seasonal Naive
188413,458.14,Seasonal Naive
525105,1424.24,Seasonal Naive
618220,2080.2799999999997,Seasonal Naive
597403,72504.29000000001,Seasonal Naive
624980,39310.159999999996,Seasonal Naive
618218,18447.59,Seasonal Naive
680584,228.99,Seasonal Naive
154004,0.0,Seasonal Naive
562014,146422.94,Seasonal Naive
670382,7838.120000000001,Seasonal Naive
562239,12510.410000000002,Seasonal Naive
711190,4545.49,Seasonal Naive
717499,9294.35,Seasonal Naive
611642,1337.02,Seasonal Naive
606738,73405.79999999999,Seasonal Naive
717495,21698.48,Seasonal Naive
717497,5483.050000000001,Seasonal Naive
399145,2971.5299999999997,Seasonal Naive
717490,39056.17,Seasonal Naive
717493,65147.47,Seasonal Naive
717488,52129.38000000001,Seasonal Naive
696277,12641.810000000001,Seasonal Naive
95134,177903.44,Seasonal Naive
407402,173362.29000000004,Seasonal Naive
689765,406.99,Seasonal Naive
636733,2457.2899999999995,Seasonal Naive
553329,0.21,Seasonal Naive
110066,0.0,Seasonal Naive
519737,39.32,Seasonal Naive
515702,59905.02,Seasonal Naive
633025,1.76,Seasonal Naive
649676,36.43,Seasonal Naive
292995,0.0,Seasonal Naive
38370,5.409999999999999,Seasonal Naive
552986,0.65,Seasonal Naive
552988,0.12,Seasonal Naive
606460,0.0,Seasonal Naive
525163,2193.17,Seasonal Naive
716756,19128.32,Seasonal Naive
729458,138.86999999999998,Seasonal Naive
342966,0.0,Seasonal Naive
292994,614.34,Seasonal Naive
502228,5730.669999999999,Seasonal Naive
116937,230.65000000000003,Seasonal Naive
552989,2.12,Seasonal Naive
525167,2321.11,Seasonal Naive
220711,0.0,Seasonal Naive
603696,731.6,Seasonal Naive
732516,249.18,Seasonal Naive
643321,6347.600000000001,Seasonal Naive
553403,7.61,Seasonal Naive
608184,1191.82,Seasonal Naive
552987,3.46,Seasonal Naive
622974,8912.099999999999,Seasonal Naive
678588,12928.46,Seasonal Naive
27561,0.0,Seasonal Naive
175722,0.0,Seasonal Naive
662333,551.7,Seasonal Naive
716751,162.31000000000003,Seasonal Naive
603913,30093.85,Seasonal Naive
502244,10051.14,Seasonal Naive
525223,73205.43,Seasonal Naive
502239,3520.9900000000002,Seasonal Naive
586818,7400.05,Seasonal Naive
606464,0.0,Seasonal Naive
97008,4155.639999999999,Seasonal Naive
643355,14207.880000000003,Seasonal Naive
622980,13185.409999999998,Seasonal Naive
614849,15932.24,Seasonal Naive
640125,0.0,Seasonal Naive
597373,16009.25,Seasonal Naive
706039,0.0,Seasonal Naive
662328,65385.259999999995,Seasonal Naive
662172,7422.760000000001,Seasonal Naive
622977,19421.75,Seasonal Naive
675547,3283.6499999999996,Seasonal Naive
684691,74547.45,Seasonal Naive
316559,0.0,Seasonal Naive
737587,8810.199999999999,Seasonal Naive
714653,4242.85,Seasonal Naive
668689,132169.18999999997,Seasonal Naive
47227,23618.850000000002,Seasonal Naive
182538,16428.920000000002,Seasonal Naive
568320,48122.28,Seasonal Naive
447006,28043.750000000004,Seasonal Naive
718960,13275.509999999998,Seasonal Naive
434796,84170.31,Seasonal Naive
227754,15391.229999999998,Seasonal Naive
711034,68253.79999999999,Seasonal Naive
-52065,296491.33,Seasonal Naive
-54300,468012.0,Seasonal Naive
84186,84.72999999999999,Seasonal Naive
723474,14.56,Seasonal Naive
63160,0.0,Seasonal Naive
325864,2500.0099999999998,Seasonal Naive
525297,47898.259999999995,Seasonal Naive
608069,940.8299999999999,Seasonal Naive
670496,380.84000000000003,Seasonal Naive
557228,0.0,Seasonal Naive
663242,606.5500000000001,Seasonal Naive
108307,0.0,Seasonal Naive
460991,5506.119999999999,Seasonal Naive
562096,21871.92,Seasonal Naive
460997,4060.57,Seasonal Naive
506257,0.0,Seasonal Naive
598929,23395.27,Seasonal Naive
608066,2966.42,Seasonal Naive
641189,0.0,Seasonal Naive
676981,22.689999999999998,Seasonal Naive
597204,11.24,Seasonal Naive
539353,47418.16,Seasonal Naive
600637,81770.98000000001,Seasonal Naive
51955,0.0,Seasonal Naive
670463,2947.36,Seasonal Naive
198614,19651.73,Seasonal Naive
716755,929.13,Seasonal Naive
699994,12.02,Seasonal Naive
598780,137043.27000000002,Seasonal Naive
154475,3591.46,Seasonal Naive
197587,21768.940000000002,Seasonal Naive
754014,15767.93,Seasonal Naive
749550,52046.139999999985,Seasonal Naive
712082,265.46999999999997,Seasonal Naive
688488,372.7,Seasonal Naive
117773,55725.340000000004,Seasonal Naive
427875,61495.340000000004,Seasonal Naive
635198,0.0,Seasonal Naive
364280,0.0,Seasonal Naive
686644,129.20999999999998,Seasonal Naive
421634,0.0,Seasonal Naive
598839,208.60999999999999,Seasonal Naive
630840,22.97,Seasonal Naive
678626,421.42,Seasonal Naive
586739,0.29,Seasonal Naive
653761,6310.28,Seasonal Naive
404672,5873.35,Seasonal Naive
341690,0.0,Seasonal Naive
356589,0.0,Seasonal Naive
331735,2.84,Seasonal Naive
716896,12549.92,Seasonal Naive
110968,0.0,Seasonal Naive
6766,0.0,Seasonal Naive
709749,3459.6400000000003,Seasonal Naive
167895,307.54,Seasonal Naive
676544,17955.870000000003,Seasonal Naive
608071,430.96000000000004,Seasonal Naive
728300,11762.189999999999,Seasonal Naive
402860,26387.439999999995,Seasonal Naive
614387,1.38,Seasonal Naive
706026,25280.51,Seasonal Naive
747964,897.3200000000002,Seasonal Naive
747965,637.16,Seasonal Naive
598807,16637.02,Seasonal Naive
679184,67596.40000000001,Seasonal Naive
684665,1358.02,Seasonal Naive
747963,714.82,Seasonal Naive
624964,36.71,Seasonal Naive
615030,13977.27,Seasonal Naive
486178,1317.51,Seasonal Naive
109823,2752.37,Seasonal Naive
194156,3382.9700000000003,Seasonal Naive
596761,22800.93,Seasonal Naive
522271,49464.810000000005,Seasonal Naive
562095,46619.619999999995,Seasonal Naive
429336,13504.96,Seasonal Naive
624878,103.71,Seasonal Naive
673643,71265.55,Seasonal Naive
681925,11372.42,Seasonal Naive
690686,23984.36,Seasonal Naive
660135,56813.03000000001,Seasonal Naive
739610,53427.310000000005,Seasonal Naive
296815,5060.200000000001,Seasonal Naive
5015,8248.199999999999,Seasonal Naive
670365,10.469999999999999,Seasonal Naive
686642,14.94,Seasonal Naive
158251,35.769999999999996,Seasonal Naive
72181,0.0,Seasonal Naive
384460,3.97,Seasonal Naive
634993,5199.99,Seasonal Naive
132593,0.0,Seasonal Naive
331487,5.91,Seasonal Naive
442160,0.0,Seasonal Naive
608083,7415.469999999999,Seasonal Naive
525298,7393.11,Seasonal Naive
635190,3785.85,Seasonal Naive
605459,43418.09,Seasonal Naive
577686,0.0,Seasonal Naive
747688,24282.52,Seasonal Naive
390891,241.32,Seasonal Naive
763233,0.0,Seasonal Naive
331737,6.92,Seasonal Naive
643118,841.36,Seasonal Naive
605979,6.8,Seasonal Naive
597241,2778.2400000000002,Seasonal Naive
725961,1717.52,Seasonal Naive
683213,10744.949999999999,Seasonal Naive
683215,40380.15,Seasonal Naive
690825,11368.210000000001,Seasonal Naive
630200,56381.880000000005,Seasonal Naive
503021,1639.0400000000004,Seasonal Naive
630202,28082.809999999998,Seasonal Naive
630188,0.0,Seasonal Naive
714764,3105.0499999999997,Seasonal Naive
187583,0.0,Seasonal Naive
421691,4461.530000000001,Seasonal Naive
643720,32287.94,Seasonal Naive
700860,112.71999999999998,Seasonal Naive
661363,35651.67,Seasonal Naive
84985,6500.7,Seasonal Naive
608081,6042.13,Seasonal Naive
598919,401.41999999999996,Seasonal Naive
753269,20960.82,Seasonal Naive
70073,1976.15,Seasonal Naive
309747,167.2,Seasonal Naive
745689,2052.42,Seasonal Naive
233111,1412.79,Seasonal Naive
71015,2.44,Seasonal Naive
615006,4096.59,Seasonal Naive
437288,8937.35,Seasonal Naive
597186,353.0,Seasonal Naive
747968,34546.770000000004,Seasonal Naive
20765,197.31,Seasonal Naive
686645,158.52,Seasonal Naive
504391,139.92000000000002,Seasonal Naive
634830,7601.87,Seasonal Naive
177766,881.38,Seasonal Naive
726064,294.11,Seasonal Naive
747966,16034.74,Seasonal Naive
747967,68098.23000000001,Seasonal Naive
670885,183152.15,Seasonal Naive
731357,145256.69,Seasonal Naive
97899,134.9,Seasonal Naive
631003,165401.74000000002,Seasonal Naive
97902,4112.75,Seasonal Naive
761200,85812.68,Seasonal Naive
446986,53384.77000000001,Seasonal Naive
57189,5434.8099999999995,Seasonal Naive
580579,50686.95,Seasonal Naive
371466,61608.74,Seasonal Naive
351573,376.35999999999996,Seasonal Naive
598739,17997.87,Seasonal Naive
624998,0.16,Seasonal Naive
545263,15390.86,Seasonal Naive
742751,6.000000000000001,Seasonal Naive
509818,9.72,Seasonal Naive
676318,498.28,Seasonal Naive
634822,1191.2,Seasonal Naive
709643,22.61,Seasonal Naive
615481,658.72,Seasonal Naive
601976,138.33,Seasonal Naive
791549,1246.19,Seasonal Naive
601926,109491.9,Seasonal Naive
642476,6929.26,Seasonal Naive
642477,5826.47,Seasonal Naive
615033,8256.85,Seasonal Naive
586007,13208.670000000002,Seasonal Naive
605120,3597.68,Seasonal Naive
700856,52.54,Seasonal Naive
460985,284.92,Seasonal Naive
615488,1763.58,Seasonal Naive
606191,23686.760000000002,Seasonal Naive
586682,14132.5,Seasonal Naive
676314,492.01,Seasonal Naive
-411817,13650.039999999999,Seasonal Naive
615485,1250.3999999999996,Seasonal Naive
703346,32355.44,Seasonal Naive
492691,235.24,Seasonal Naive
614873,9229.21,Seasonal Naive
608077,2737.9799999999996,Seasonal Naive
597113,931.3000000000001,Seasonal Naive
601966,1542.6399999999999,Seasonal Naive
597080,2286.86,Seasonal Naive
762602,6232.97,Seasonal Naive
534041,84.92,Seasonal Naive
736224,74678.74,Seasonal Naive
597110,3032.54,Seasonal Naive
-70057,9300.42,Seasonal Naive
761253,1132.21,Seasonal Naive
670889,2337.2800000000007,Seasonal Naive
712284,66257.42,Seasonal Naive
-93424,355713.86999999994,Seasonal Naive
614863,3154.2499999999995,Seasonal Naive
736229,66714.04,Seasonal Naive
736234,148426.63,Seasonal Naive
19020,21351.85,Seasonal Naive
586548,135320.59,Seasonal Naive
654699,83724.20999999999,Seasonal Naive
-702760,350997.88999999996,Seasonal Naive
736219,18855.350000000002,Seasonal Naive
736220,23013.39,Seasonal Naive
723526,3851.5499999999997,Seasonal Naive
643121,1918.2300000000002,Seasonal Naive
460954,1370.64,Seasonal Naive
586547,260669.19000000003,Seasonal Naive
633008,10643.11,Seasonal Naive
633006,15209.170000000002,Seasonal Naive
725984,284389.48,Seasonal Naive
736236,54480.4,Seasonal Naive
648153,1851.56,Seasonal Naive
676533,96517.62999999999,Seasonal Naive
745738,8465.64,Seasonal Naive
606192,101628.24,Seasonal Naive
635189,4224.63,Seasonal Naive
676535,138227.05000000002,Seasonal Naive
530255,2653.7000000000003,Seasonal Naive
552855,93740.63999999998,Seasonal Naive
606190,36492.56,Seasonal Naive
745671,39514.59,Seasonal Naive
648154,3924.0299999999997,Seasonal Naive
540230,12143.97,Seasonal Naive
776718,17153.27,Seasonal Naive
741033,80336.92,Seasonal Naive
530243,10105.380000000001,Seasonal Naive
773212,455.52,Seasonal Naive
-356605,10058.72,Seasonal Naive
568327,148.73000000000002,Seasonal Naive
451391,264.77,Seasonal Naive
562283,297.37000000000006,Seasonal Naive
624996,0.41,Seasonal Naive
443673,130.78,Seasonal Naive
748103,4512.6,Seasonal Naive
709755,0.45,Seasonal Naive
635208,10097.140000000001,Seasonal Naive
434971,3.43,Seasonal Naive
568325,50.22,Seasonal Naive
587744,36321.49,Seasonal Naive
634914,26692.779999999995,Seasonal Naive
614788,546.2400000000001,Seasonal Naive
759394,326.08,Seasonal Naive
522247,312.93999999999994,Seasonal Naive
614874,380.23,Seasonal Naive
-20584,33016.340000000004,Seasonal Naive
-20576,35135.0,Seasonal Naive
799442,2412.0699999999997,Seasonal Naive
679019,22229.03,Seasonal Naive
618132,2686.3100000000004,Seasonal Naive
630409,13564.55,Seasonal Naive
744333,3584.7400000000002,Seasonal Naive
-49582,9121.66,Seasonal Naive
679025,28205.070000000003,Seasonal Naive
615036,3019.78,Seasonal Naive
691227,12.39,Seasonal Naive
-20549,24175.360000000004,Seasonal Naive
608079,1049.8600000000001,Seasonal Naive
714765,1482.33,Seasonal Naive
-138004,82458.45,Seasonal Naive
762608,6367.17,Seasonal Naive
298057,4.72,Seasonal Naive
-20592,9006.109999999999,Seasonal Naive
753940,0.0,Seasonal Naive
525005,43309.159999999996,Seasonal Naive
-20402,15790.779999999999,Seasonal Naive
-14101,76736.59,Seasonal Naive
587148,3000.08,Seasonal Naive
-139234,274047.91000000003,Seasonal Naive
618138,19556.969999999998,Seasonal Naive
-144109,53833.84000000001,Seasonal Naive
-139517,2105.02,Seasonal Naive
654610,3807.350000000001,Seasonal Naive
699920,8.83,Seasonal Naive
654607,4107.820000000001,Seasonal Naive
620306,7858.599999999999,Seasonal Naive
713256,39355.18,Seasonal Naive
317933,2260.56,Seasonal Naive
-17028,52168.99,Seasonal Naive
-155277,152.76000000000002,Seasonal Naive
664684,35407.52,Seasonal Naive
598753,14953.690000000002,Seasonal Naive
-84698,78199.29000000001,Seasonal Naive
611628,21739.209999999995,Seasonal Naive
568541,74211.29000000001,Seasonal Naive
779199,1365.75,Seasonal Naive
-19006,183125.43000000002,Seasonal Naive
759674,40181.469999999994,Seasonal Naive
437040,78673.56,Seasonal Naive
793670,4694.429999999999,Seasonal Naive
-17034,28227.21,Seasonal Naive
-13997,28186.84,Seasonal Naive
-14098,65384.77000000001,Seasonal Naive
-347413,252257.76,Seasonal Naive
684745,33270.49,Seasonal Naive
-304166,206186.08000000005,Seasonal Naive
-356609,149515.36000000002,Seasonal Naive
692234,0.01,Seasonal Naive
136631,0.0,Seasonal Naive
635064,19.59,Seasonal Naive
685535,3.14,Seasonal Naive
647418,26.16,Seasonal Naive
814724,11.679999999999998,Seasonal Naive
814716,52.35,Seasonal Naive
814677,13.35,Seasonal Naive
814656,49.44,Seasonal Naive
814751,25.349999999999998,Seasonal Naive
814703,1.79,Seasonal Naive
814675,16.490000000000002,Seasonal Naive
814726,14.240000000000002,Seasonal Naive
814666,87.30999999999999,Seasonal Naive
814707,0.0,Seasonal Naive
814673,32.099999999999994,Seasonal Naive
814676,90.37,Seasonal Naive
814758,0.86,Seasonal Naive
814910,0.0,Seasonal Naive
814749,50.9,Seasonal Naive
814661,25.08,Seasonal Naive
814759,58.64,Seasonal Naive
814761,76.63,Seasonal Naive
814692,6.35,Seasonal Naive
814709,39.04,Seasonal Naive
814907,77.69,Seasonal Naive
814672,147.35,Seasonal Naive
814680,153.89,Seasonal Naive
814645,102.78999999999999,Seasonal Naive
814745,134.96,Seasonal Naive
753280,244.00000000000003,Seasonal Naive
669296,429.21,Seasonal Naive
154925,0.0,Seasonal Naive
730585,55670.77,Seasonal Naive
189057,22.130000000000003,Seasonal Naive
758760,1430.83,Seasonal Naive
657542,55617.45999999999,Seasonal Naive
656710,45227.16,Seasonal Naive
614791,167.8,Seasonal Naive
752594,15413.64,Seasonal Naive
745620,8329.08,Seasonal Naive
486165,1219.0,Seasonal Naive
614789,547.8999999999999,Seasonal Naive
500836,3079.95,Seasonal Naive
597103,898.6800000000001,Seasonal Naive
814713,40076.329999999994,Seasonal Naive
758712,10671.369999999999,Seasonal Naive
673649,7819.32,Seasonal Naive
325109,0.0,Seasonal Naive
750965,12755.969999999998,Seasonal Naive
410813,167.82,Seasonal Naive
652392,429.61,Seasonal Naive
374016,8.22,Seasonal Naive
393963,7836.68,Seasonal Naive
654700,74476.07,Seasonal Naive
500835,8435.4,Seasonal Naive
799890,564.1400000000001,Seasonal Naive
752593,20748.65,Seasonal Naive
635210,2835.5099999999998,Seasonal Naive
515741,6219.620000000001,Seasonal Naive
484561,34.95,Seasonal Naive
735243,92864.73000000001,Seasonal Naive
639557,1844.7800000000002,Seasonal Naive
586510,441.06999999999994,Seasonal Naive
726178,940.1,Seasonal Naive
762575,13496.009999999998,Seasonal Naive
623456,227.03999999999996,Seasonal Naive
742759,14485.86,Seasonal Naive
634826,1956.9099999999999,Seasonal Naive
716655,4456.490000000001,Seasonal Naive
597181,0.0,Seasonal Naive
-175342,6.749999999999999,Seasonal Naive
-303603,1664.89,Seasonal Naive
641191,0.0,Seasonal Naive
630407,98.75999999999999,Seasonal Naive
794800,0.25,Seasonal Naive
716657,3375.5499999999993,Seasonal Naive
-175343,5466.110000000001,Seasonal Naive
736475,22093.240000000005,Seasonal Naive
747978,33346.4,Seasonal Naive
713371,103770.46,Seasonal Naive
686376,6692.5,Seasonal Naive
164833,201260.08,Seasonal Naive
164835,136503.31999999998,Seasonal Naive
747979,74043.98,Seasonal Naive
539073,1449.67,Seasonal Naive
630378,36764.55,Seasonal Naive
597363,41488.049999999996,Seasonal Naive
725968,111252.55,Seasonal Naive
363628,32731.489999999998,Seasonal Naive
500456,594.37,Seasonal Naive
649763,30884.089999999997,Seasonal Naive
757852,60112.200000000004,Seasonal Naive
753272,22069.02,Seasonal Naive
552740,32070.67,Seasonal Naive
598746,88932.56,Seasonal Naive
586005,1117.39,Seasonal Naive
52410,0.0,Seasonal Naive
634987,66290.62999999999,Seasonal Naive
667737,4.85,Seasonal Naive
742785,0.0,Seasonal Naive
331690,0.0,Seasonal Naive
814750,8.89,Seasonal Naive
814674,26.919999999999998,Seasonal Naive
814670,1.8199999999999998,Seasonal Naive
643707,10.73,Seasonal Naive
758719,2977.5699999999997,Seasonal Naive
725970,63205.0,Seasonal Naive
118652,2.75,Seasonal Naive
758717,4607.23,Seasonal Naive
692702,15938.289999999999,Seasonal Naive
660707,19579.25,Seasonal Naive
525280,0.76,Seasonal Naive
641221,0.0,Seasonal Naive
643680,2272.22,Seasonal Naive
642453,5697.339999999999,Seasonal Naive
642451,5298.66,Seasonal Naive
695819,1139.69,Seasonal Naive
326828,731.96,Seasonal Naive
758715,1707.7599999999998,Seasonal Naive
615824,0.0,Seasonal Naive
586646,47.42,Seasonal Naive
718932,27653.16,Seasonal Naive
500176,1646.57,Seasonal Naive
643678,2541.8100000000004,Seasonal Naive
-83891,477428.29000000004,Seasonal Naive
669890,32525.559999999998,Seasonal Naive
586392,37.71,Seasonal Naive
596014,26.92,Seasonal Naive
623380,11777.93,Seasonal Naive
562190,1910.28,Seasonal Naive
-83880,6119.69,Seasonal Naive
753273,474.03000000000003,Seasonal Naive
730565,14873.86,Seasonal Naive
716656,5899.39,Seasonal Naive
697009,0.0,Seasonal Naive
702758,10142.35,Seasonal Naive
-697567,271578.52999999997,Seasonal Naive
91356,65.25999999999999,Seasonal Naive
744608,46462.340000000004,Seasonal Naive
597265,183.95,Seasonal Naive
587171,10007.259999999998,Seasonal Naive
713864,8249.59,Seasonal Naive
40679,8786.429999999998,Seasonal Naive
600775,726.49,Seasonal Naive
614981,19553.960000000003,Seasonal Naive
621353,18653.22,Seasonal Naive
667862,1222.1,Seasonal Naive
762577,4612.2699999999995,Seasonal Naive
739587,64201.19,Seasonal Naive
657732,28953.44,Seasonal Naive
-684268,1269.5600000000002,Seasonal Naive
790751,44565.63,Seasonal Naive
775551,232.31,Seasonal Naive
748419,7005.929999999999,Seasonal Naive
-684271,1272.1600000000003,Seasonal Naive
-303602,14650.640000000001,Seasonal Naive
348820,31876.499999999996,Seasonal Naive
643361,16323.329999999998,Seasonal Naive
163869,105374.15000000001,Seasonal Naive
662543,18634.55,Seasonal Naive
-107811,2870.76,Seasonal Naive
-193865,7326.88,Seasonal Naive
-356760,8397.85,Seasonal Naive
-17035,20171.62,Seasonal Naive
-66922,9666.6,Seasonal Naive
-17478,10429.69,Seasonal Naive
-99879,8552.81,Seasonal Naive
-193866,13707.339999999998,Seasonal Naive
-356758,9450.779999999999,Seasonal Naive
-356759,9559.180000000002,Seasonal Naive
732028,210669.46000000002,Seasonal Naive
-586007,174389.11,Seasonal Naive
-99877,14538.01,Seasonal Naive
-108961,10196.130000000003,Seasonal Naive
-135817,30806.14,Seasonal Naive
-414262,80644.16,Seasonal Naive
-110924,13643.72,Seasonal Naive
-684745,148856.18,Seasonal Naive
-356761,24249.61,Seasonal Naive
-84227,54457.62,Seasonal Naive
-110921,32093.85,Seasonal Naive
-110731,163749.36000000002,Seasonal Naive
-643358,485775.87,Seasonal Naive
-190310,192017.11000000002,Seasonal Naive
-156929,76386.6,Seasonal Naive
-38299,355562.3300000001,Seasonal Naive
-38059,452848.00999999995,Seasonal Naive
647301,12.59,Seasonal Naive
647302,18.2,Seasonal Naive
814715,11.12,Seasonal Naive
647419,13.64,Seasonal Naive
647417,28.82,Seasonal Naive
121243,0.05,Seasonal Naive
519749,0.0,Seasonal Naive
814752,36.739999999999995,Seasonal Naive
179661,0.0,Seasonal Naive
647421,27.89,Seasonal Naive
615382,0.0,Seasonal Naive
60194,0.0,Seasonal Naive
579970,570.11,Seasonal Naive
600654,43.13,Seasonal Naive
647290,13.479999999999999,Seasonal Naive
443258,33.65,Seasonal Naive
691225,5.43,Seasonal Naive
586595,2258.38,Seasonal Naive
438244,312.74,Seasonal Naive
147583,965.01,Seasonal Naive
147582,263.77,Seasonal Naive
775520,41145.94,Seasonal Naive
745750,77.72000000000003,Seasonal Naive
438607,45.76,Seasonal Naive
437249,4787.91,Seasonal Naive
598978,51108.950000000004,Seasonal Naive
503224,7.21,Seasonal Naive
751034,63661.66000000001,Seasonal Naive
745748,134.69,Seasonal Naive
757899,379831.64,Seasonal Naive
711005,37886.630000000005,Seasonal Naive
295268,113.79,Seasonal Naive
645140,60.49999999999999,Seasonal Naive
716752,1398.7099999999998,Seasonal Naive
654620,25429.56,Seasonal Naive
669894,22073.86,Seasonal Naive
603038,17934.760000000002,Seasonal Naive
598936,2956.22,Seasonal Naive
699836,37603.06,Seasonal Naive
757851,33658.08,Seasonal Naive
-17027,96310.70000000001,Seasonal Naive
-21467,46818.9,Seasonal Naive
699833,72917.06,Seasonal Naive
621352,32812.17,Seasonal Naive
790750,15544.699999999999,Seasonal Naive
648148,2963.27,Seasonal Naive
813369,180013.55,Seasonal Naive
813371,107542.50000000001,Seasonal Naive
485271,3231.72,Seasonal Naive
540293,27539.48,Seasonal Naive
-17032,13045.72,Seasonal Naive
742786,4.039999999999999,Seasonal Naive
814714,5.67,Seasonal Naive
835678,2889.73,Seasonal Naive
187766,301.69,Seasonal Naive
647296,33.47,Seasonal Naive
673667,4836.34,Seasonal Naive
699844,1579.8099999999997,Seasonal Naive
679201,99.42999999999999,Seasonal Naive
-65776,42599.1,Seasonal Naive
553243,14086.879999999997,Seasonal Naive
693552,2608.83,Seasonal Naive
802823,26003.02,Seasonal Naive
780856,55789.54,Seasonal Naive
-199313,11843.470000000001,Seasonal Naive
676864,14734.910000000002,Seasonal Naive
82044,0.0,Seasonal Naive
813434,14377.3,Seasonal Naive
677432,1318.99,Seasonal Naive
785729,16427.18,Seasonal Naive
680597,3236.45,Seasonal Naive
684527,155.41,Seasonal Naive
586644,31294.65,Seasonal Naive
381898,0.0,Seasonal Naive
568428,3161.2999999999997,Seasonal Naive
568432,1350.96,Seasonal Naive
459393,1297.4899999999998,Seasonal Naive
809838,106960.62,Seasonal Naive
741294,12318.61,Seasonal Naive
598741,10351.460000000001,Seasonal Naive
406950,924.5000000000001,Seasonal Naive
431135,17.3,Seasonal Naive
378563,655.0100000000001,Seasonal Naive
667840,13.54,Seasonal Naive
-61954,359050.68999999994,Seasonal Naive
712088,9003.64,Seasonal Naive
-138829,13458.3,Seasonal Naive
568430,2724.79,Seasonal Naive
378561,84.92,Seasonal Naive
780858,64486.14,Seasonal Naive
-93512,9346.38,Seasonal Naive
641192,0.0,Seasonal Naive
-173007,6172.33,Seasonal Naive
779236,2380.04,Seasonal Naive
793212,2957.86,Seasonal Naive
741296,13864.9,Seasonal Naive
726158,6846.24,Seasonal Naive
725928,32710.67,Seasonal Naive
660698,263.40999999999997,Seasonal Naive
690795,5340.42,Seasonal Naive
726157,5809.51,Seasonal Naive
-404669,0.0,Seasonal Naive
690796,35984.700000000004,Seasonal Naive
832769,10042.74,Seasonal Naive
-841010,262489.81,Seasonal Naive
667425,6375.1900000000005,Seasonal Naive
786374,2017.6,Seasonal Naive
529028,55411.939999999995,Seasonal Naive
662858,136863.48,Seasonal Naive
529036,70151.15,Seasonal Naive
729803,880.24,Seasonal Naive
806214,200408.09,Seasonal Naive
699816,91466.62,Seasonal Naive
725929,31087.209999999995,Seasonal Naive
-410497,9941.439999999999,Seasonal Naive
743288,44187.920000000006,Seasonal Naive
-79626,5264.12,Seasonal Naive
830894,26853.050000000003,Seasonal Naive
-620950,590826.13,Seasonal Naive
-191611,10835.89,Seasonal Naive
-127716,43508.83,Seasonal Naive
-141579,8511.759999999998,Seasonal Naive
-110790,23311.77,Seasonal Naive
-19489,6105.010000000001,Seasonal Naive
-33077,14438.53,Seasonal Naive
-623331,886851.85,Seasonal Naive
362211,10179.68,Seasonal Naive
-86070,7.01,Seasonal Naive
363830,26787.500000000004,Seasonal Naive
-22281,39146.28,Seasonal Naive
-620945,114228.31999999998,Seasonal Naive
-823244,43887.83,Seasonal Naive
-46835,33068.45999999999,Seasonal Naive
-17031,20329.300000000003,Seasonal Naive
-414259,13820.97,Seasonal Naive
-171103,186933.28,Seasonal Naive
-547090,697.3399999999999,Seasonal Naive
-229227,130119.41999999998,Seasonal Naive
-29430,8.04,Seasonal Naive
-4954,72630.83,Seasonal Naive
-643355,202872.28,Seasonal Naive
-693252,101162.73999999999,Seasonal Naive
-39107,51.91,Seasonal Naive
-36159,84391.12999999999,Seasonal Naive
-29432,60.7,Seasonal Naive
-422190,12345.98,Seasonal Naive
-438749,63284.69,Seasonal Naive
67795,0.05,Seasonal Naive
556242,0.0,Seasonal Naive
799773,81.76,Seasonal Naive
678607,15570.52,Seasonal Naive
344077,354.61,Seasonal Naive
678604,9738.460000000001,Seasonal Naive
598977,30.23,Seasonal Naive
56182,1.25,Seasonal Naive
790752,742.27,Seasonal Naive
102710,0.0,Seasonal Naive
530173,45.86,Seasonal Naive
615522,0.0,Seasonal Naive
745674,6997.530000000001,Seasonal Naive
710609,1069.81,Seasonal Naive
670458,1132.85,Seasonal Naive
597142,31.14,Seasonal Naive
337443,47.86000000000001,Seasonal Naive
265260,44.61,Seasonal Naive
802849,6942.89,Seasonal Naive
678068,7500.41,Seasonal Naive
689531,846.25,Seasonal Naive
782284,2706.65,Seasonal Naive
-500299,22122.85,Seasonal Naive
-144096,9567.49,Seasonal Naive
-338982,856.0799999999999,Seasonal Naive
785806,9953.46,Seasonal Naive
85624,205.54000000000002,Seasonal Naive
782282,1080.77,Seasonal Naive
753236,6792.4,Seasonal Naive
431170,23858.49,Seasonal Naive
630529,11447.03,Seasonal Naive
427287,10231.019999999999,Seasonal Naive
695734,12483.099999999999,Seasonal Naive
725954,17701.42,Seasonal Naive
680599,1780.8999999999999,Seasonal Naive
791534,76811.09999999999,Seasonal Naive
743233,29748.46,Seasonal Naive
-105693,2241.96,Seasonal Naive
777162,15210.18,Seasonal Naive
-52128,3008.79,Seasonal Naive
164130,964.4000000000001,Seasonal Naive
636725,29643.08,Seasonal Naive
809839,46109.05,Seasonal Naive
-56332,38523.84,Seasonal Naive
423327,45174.76,Seasonal Naive
163860,7017.85,Seasonal Naive
820447,198995.73999999996,Seasonal Naive
752622,374293.97,Seasonal Naive
841010,123262.32999999999,Seasonal Naive
61955,10273.56,Seasonal Naive
716892,139758.85,Seasonal Naive
786427,65712.81,Seasonal Naive
758644,84190.45999999999,Seasonal Naive
297659,8338.23,Seasonal Naive
786431,43815.09999999999,Seasonal Naive
-174098,11112.42,Seasonal Naive
-126526,0.0,Seasonal Naive
828773,1890.0900000000001,Seasonal Naive
-670496,24525.09,Seasonal Naive
828778,2457.13,Seasonal Naive
-164069,0.0,Seasonal Naive
686104,3576.9700000000003,Seasonal Naive
-71426,0.0,Seasonal Naive
686099,16261.4,Seasonal Naive
306909,35391.43,Seasonal Naive
-529941,57.72,Seasonal Naive
-109089,140998.79,Seasonal Naive
438632,1.0,Seasonal Naive
648145,65.39,Seasonal Naive
105539,0.0,Seasonal Naive
600644,49.47,Seasonal Naive
62411,0.0,Seasonal Naive
697207,681.46,Seasonal Naive
-83518,3.01,Seasonal Naive
825645,3122.56,Seasonal Naive
790749,876.78,Seasonal Naive
127412,562.8399999999999,Seasonal Naive
102732,10902.49,Seasonal Naive
743232,3336.0000000000005,Seasonal Naive
325108,0.0,Seasonal Naive
777164,2296.73,Seasonal Naive
429356,0.0,Seasonal Naive
823246,11475.51,Seasonal Naive
9177,0.0,Seasonal Naive
529032,30962.93,Seasonal Naive
771244,4612.549999999999,Seasonal Naive
777166,4239.64,Seasonal Naive
-22159,445.99,Seasonal Naive
676866,1670.6299999999999,Seasonal Naive
698741,3679.330000000001,Seasonal Naive
590733,9100.779999999997,Seasonal Naive
699573,1484.27,Seasonal Naive
778851,1938.09,Seasonal Naive
778846,1970.0099999999998,Seasonal Naive
699813,8530.43,Seasonal Naive
782276,1811.61,Seasonal Naive
791529,22.86,Seasonal Naive
605159,10970.51,Seasonal Naive
605166,2336.69,Seasonal Naive
769484,334920.01999999996,Seasonal Naive
741578,51145.31,Seasonal Naive
745678,2084.8799999999997,Seasonal Naive
851142,1491.7599999999998,Seasonal Naive
410696,1990.07,Seasonal Naive
642468,30822.93,Seasonal Naive
552571,195.38,Seasonal Naive
786434,6043.07,Seasonal Naive
673747,13492.23,Seasonal Naive
696484,0.0,Seasonal Naive
448013,9364.36,Seasonal Naive
762604,4840.66,Seasonal Naive
-148698,30812.86,Seasonal Naive
606650,6349.89,Seasonal Naive
284126,7491.620000000001,Seasonal Naive
634988,0.0,Seasonal Naive
639481,19793.010000000002,Seasonal Naive
586966,81.56,Seasonal Naive
634872,1220.59,Seasonal Naive
756893,37661.939999999995,Seasonal Naive
449989,529.84,Seasonal Naive
741174,28.54,Seasonal Naive
786848,8328.78,Seasonal Naive
670461,1316.8600000000001,Seasonal Naive
832832,73046.5,Seasonal Naive
741172,33.37,Seasonal Naive
654600,309.99,Seasonal Naive
639471,36143.79000000001,Seasonal Naive
809815,18367.55,Seasonal Naive
686208,1011.23,Seasonal Naive
606656,18929.96,Seasonal Naive
686900,2745.68,Seasonal Naive
606648,16844.92,Seasonal Naive
828594,59874.29999999999,Seasonal Naive
529033,8303.53,Seasonal Naive
284124,8727.33,Seasonal Naive
793177,4831.589999999999,Seasonal Naive
793180,1922.6800000000003,Seasonal Naive
844556,3433.55,Seasonal Naive
726176,32352.66,Seasonal Naive
729785,2432.0,Seasonal Naive
786846,33383.37,Seasonal Naive
793178,6234.7,Seasonal Naive
742764,2854.4,Seasonal Naive
729783,1918.92,Seasonal Naive
786852,45398.060000000005,Seasonal Naive
832860,75356.44,Seasonal Naive
828600,64613.12999999999,Seasonal Naive
786850,48741.83,Seasonal Naive
844554,1313.41,Seasonal Naive
-530476,15827.96,Seasonal Naive
742762,18949.48,Seasonal Naive
326125,8641.67,Seasonal Naive
240818,218.39999999999998,Seasonal Naive
240817,228.50000000000003,Seasonal Naive
778951,52009.79999999999,Seasonal Naive
761569,32939.909999999996,Seasonal Naive
739825,1934.1699999999998,Seasonal Naive
221364,314.09,Seasonal Naive
221361,110.63,Seasonal Naive
697556,303339.62,Seasonal Naive
712065,127295.89,Seasonal Naive
605017,16381.879999999997,Seasonal Naive
187185,0.0,Seasonal Naive
814718,86.31,Seasonal Naive
806197,113.63,Seasonal Naive
485452,30.859999999999996,Seasonal Naive
-488729,0.5,Seasonal Naive
36917,0.0,Seasonal Naive
828601,32449.989999999998,Seasonal Naive
511362,1336.95,Seasonal Naive
741168,13.25,Seasonal Naive
166650,0.0,Seasonal Naive
-13656,830216.63,Seasonal Naive
678738,1504.81,Seasonal Naive
671868,42.19,Seasonal Naive
77898,418.96,Seasonal Naive
793184,1746.9099999999999,Seasonal Naive
745481,536.87,Seasonal Naive
598881,2792.3099999999995,Seasonal Naive
793185,5908.27,Seasonal Naive
110004,12959.69,Seasonal Naive
586677,12387.509999999998,Seasonal Naive
678734,6570.150000000001,Seasonal Naive
823244,209.93,Seasonal Naive
830884,2907.65,Seasonal Naive
529029,1548.2499999999998,Seasonal Naive
776824,0.0,Seasonal Naive
830885,2289.2299999999996,Seasonal Naive
597292,212.06999999999994,Seasonal Naive
828596,48638.14,Seasonal Naive
414459,0.0,Seasonal Naive
78881,2574.85,Seasonal Naive
811386,29815.719999999998,Seasonal Naive
38182,110691.52,Seasonal Naive
863320,1202.2400000000002,Seasonal Naive
865151,10842.34,Seasonal Naive
515251,339.32,Seasonal Naive
684458,459.19000000000005,Seasonal Naive
739325,19095.129999999997,Seasonal Naive
167166,7.32,Seasonal Naive
872331,8.85,Seasonal Naive
-38173,59109.15,Seasonal Naive
739327,22222.010000000002,Seasonal Naive
519734,4.75,Seasonal Naive
353042,203.45000000000002,Seasonal Naive
325088,14.64,Seasonal Naive
756860,2022.8,Seasonal Naive
50506,4.119999999999999,Seasonal Naive
721940,396.44000000000005,Seasonal Naive
552573,105.33,Seasonal Naive
597282,124.76,Seasonal Naive
865152,383226.99,Seasonal Naive
776597,15444.9,Seasonal Naive
873915,226.96999999999997,Seasonal Naive
776600,7168.780000000001,Seasonal Naive
712220,45171.2,Seasonal Naive
712271,15278.97,Seasonal Naive
831492,1125.1599999999999,Seasonal Naive
130427,587.18,Seasonal Naive
828599,14153.549999999996,Seasonal Naive
445199,18.7,Seasonal Naive
815505,4.27,Seasonal Naive
331003,42.11,Seasonal Naive
841018,51.27,Seasonal Naive
414351,6558.660000000001,Seasonal Naive
553477,5511.0599999999995,Seasonal Naive
586815,662.4200000000001,Seasonal Naive
60050,66.96000000000001,Seasonal Naive
184835,19465.570000000003,Seasonal Naive
826660,1264.02,Seasonal Naive
656245,975.31,Seasonal Naive
757948,11653.800000000001,Seasonal Naive
757947,2929.3199999999997,Seasonal Naive
772335,75587.29,Seasonal Naive
802918,40926.86,Seasonal Naive
797703,31389.5,Seasonal Naive
800266,4274.18,Seasonal Naive
800268,10085.890000000001,Seasonal Naive
854756,10228.92,Seasonal Naive
863321,2655.0,Seasonal Naive
671967,28110.160000000003,Seasonal Naive
614978,50396.89000000001,Seasonal Naive
823556,89815.51000000001,Seasonal Naive
828598,53277.33,Seasonal Naive
699578,10071.05,Seasonal Naive
816087,113098.95999999999,Seasonal Naive
-122420,28901.200000000004,Seasonal Naive
-36158,29400.599999999995,Seasonal Naive
-14088,9605.699999999999,Seasonal Naive
-41398,41223.06,Seasonal Naive
-91417,42177.07000000001,Seasonal Naive
-45751,69349.43999999999,Seasonal Naive
-23086,105617.54999999999,Seasonal Naive
741305,14205.91,Seasonal Naive
831486,4308.129999999999,Seasonal Naive
794782,21.400000000000002,Seasonal Naive
95863,70.3,Seasonal Naive
530262,48.669999999999995,Seasonal Naive
460943,0.0,Seasonal Naive
741309,4746.44,Seasonal Naive
735081,2901.7300000000005,Seasonal Naive
823228,2972.84,Seasonal Naive
449987,411.67,Seasonal Naive
522241,81.0,Seasonal Naive
824021,25958.12,Seasonal Naive
681814,0.0,Seasonal Naive
726075,753.1400000000001,Seasonal Naive
865196,584.68,Seasonal Naive
603706,354.25,Seasonal Naive
814025,29937.67,Seasonal Naive
815504,1503.75,Seasonal Naive
712102,412.77000000000004,Seasonal Naive
611604,1823.41,Seasonal Naive
699589,7308.700000000001,Seasonal Naive
598935,2652.5199999999995,Seasonal Naive
714014,9435.119999999999,Seasonal Naive
854838,352.23,Seasonal Naive
793181,2209.37,Seasonal Naive
44839,62.43,Seasonal Naive
735079,3110.09,Seasonal Naive
726167,1443.87,Seasonal Naive
865150,6030.7300000000005,Seasonal Naive
699587,4313.570000000001,Seasonal Naive
169147,0.0,Seasonal Naive
463493,3063.62,Seasonal Naive
835297,35713.32,Seasonal Naive
758347,24599.87,Seasonal Naive
713343,5657.75,Seasonal Naive
776621,68059.82,Seasonal Naive
758493,10760.949999999999,Seasonal Naive
765621,66417.55,Seasonal Naive
712071,63250.31,Seasonal Naive
-83867,110161.08,Seasonal Naive
872150,7390.79,Seasonal Naive
802789,85373.21999999999,Seasonal Naive
-166606,4847.589999999999,Seasonal Naive
-21475,9592.75,Seasonal Naive
414361,5305.929999999999,Seasonal Naive
586231,1.5,Seasonal Naive
814684,29.25,Seasonal Naive
141023,6.89,Seasonal Naive
118668,0.34,Seasonal Naive
227737,0.0,Seasonal Naive
482256,0.34,Seasonal Naive
702848,3295.3499999999995,Seasonal Naive
668421,34.82,Seasonal Naive
660695,1223.6,Seasonal Naive
519548,174.17,Seasonal Naive
265872,0.0,Seasonal Naive
97132,11748.720000000003,Seasonal Naive
741579,0.0,Seasonal Naive
598281,449.31,Seasonal Naive
668727,0.0,Seasonal Naive
519728,89.39,Seasonal Naive
771543,176.96,Seasonal Naive
620967,6.02,Seasonal Naive
581732,147.43000000000004,Seasonal Naive
783783,878.5,Seasonal Naive
500316,4038.27,Seasonal Naive
118290,0.0,Seasonal Naive
826655,11963.25,Seasonal Naive
865513,6336.8,Seasonal Naive
31709,839.0999999999999,Seasonal Naive
741016,7281.09,Seasonal Naive
813378,1529.3,Seasonal Naive
862812,2879.5099999999998,Seasonal Naive
791553,530.9699999999999,Seasonal Naive
783785,5103.709999999999,Seasonal Naive
325378,1584.02,Seasonal Naive
778746,22575.45,Seasonal Naive
779260,857.8100000000001,Seasonal Naive
402715,1230.31,Seasonal Naive
763796,4049.87,Seasonal Naive
97133,17854.39,Seasonal Naive
185300,568.8000000000001,Seasonal Naive
702851,13044.16,Seasonal Naive
762607,92.77,Seasonal Naive
630833,766.4799999999999,Seasonal Naive
851712,22751.08,Seasonal Naive
846508,3237.14,Seasonal Naive
789064,77694.67,Seasonal Naive
737083,11608.910000000002,Seasonal Naive
198615,2877.4300000000003,Seasonal Naive
877818,44166.03,Seasonal Naive
-165714,9134.39,Seasonal Naive
126469,2645.87,Seasonal Naive
789860,3496.78,Seasonal Naive
630024,0.0,Seasonal Naive
758495,5395.2,Seasonal Naive
852187,4314.95,Seasonal Naive
615486,903.38,Seasonal Naive
876751,138203.47999999998,Seasonal Naive
877780,5846.280000000001,Seasonal Naive
623458,0.44,Seasonal Naive
118669,0.0,Seasonal Naive
118657,2.14,Seasonal Naive
118686,0.42000000000000004,Seasonal Naive
98805,0.0,Seasonal Naive
83879,0.0,Seasonal Naive
91767,0.0,Seasonal Naive
111242,0.0,Seasonal Naive
729787,37.47999999999999,Seasonal Naive
831759,136.93,Seasonal Naive
771299,24002.46,Seasonal Naive
623552,8131.54,Seasonal Naive
796963,17613.78,Seasonal Naive
773516,1.01,Seasonal Naive
596600,3.23,Seasonal Naive
-512461,618.8000000000001,Seasonal Naive
-138820,4911.11,Seasonal Naive
-21283,544.41,Seasonal Naive
193462,1287.39,Seasonal Naive
-338981,248.83,Seasonal Naive
461047,0.0,Seasonal Naive
816101,14964.920000000002,Seasonal Naive
851973,9497.449999999999,Seasonal Naive
854837,215.51999999999998,Seasonal Naive
699977,10473.689999999999,Seasonal Naive
-876158,1507.1800000000003,Seasonal Naive
-84670,438.52000000000004,Seasonal Naive
-20318,17871.44,Seasonal Naive
414264,1.3,Seasonal Naive
562197,202.25,Seasonal Naive
823562,15647.36,Seasonal Naive
834525,16078.13,Seasonal Naive
769545,1795.9000000000003,Seasonal Naive
552960,21692.83,Seasonal Naive
768440,13924.690000000002,Seasonal Naive
-161004,7916.86,Seasonal Naive
-191693,6482.16,Seasonal Naive
727488,15588.73,Seasonal Naive
729775,14698.080000000002,Seasonal Naive
846382,12139.49,Seasonal Naive
778743,13052.25,Seasonal Naive
778745,33434.14,Seasonal Naive
808831,33911.340000000004,Seasonal Naive
877763,9615.099999999999,Seasonal Naive
860817,11369.810000000001,Seasonal Naive
851975,468365.63,Seasonal Naive
851974,626723.7799999999,Seasonal Naive
662544,19995.75,Seasonal Naive
882659,443113.15,Seasonal Naive
860816,157539.09,Seasonal Naive
879023,290004.56,Seasonal Naive
726230,46648.92,Seasonal Naive
-137995,183375.03999999998,Seasonal Naive
814928,9.22,Seasonal Naive
758351,3113.2,Seasonal Naive
697559,4043.18,Seasonal Naive
799892,202.68,Seasonal Naive
389765,0.78,Seasonal Naive
831474,41.83,Seasonal Naive
-167713,379.63000000000005,Seasonal Naive
647426,10965.89,Seasonal Naive
410747,2004.6799999999998,Seasonal Naive
852184,4206.599999999999,Seasonal Naive
530466,798.48,Seasonal Naive
802836,1226.11,Seasonal Naive
802835,496.24,Seasonal Naive
676863,8763.210000000001,Seasonal Naive
780971,8556.859999999999,Seasonal Naive
684512,8034.359999999999,Seasonal Naive
862809,76304.2,Seasonal Naive
783787,669.6999999999999,Seasonal Naive
137362,0.0,Seasonal Naive
762621,7123.04,Seasonal Naive
554773,0.0,Seasonal Naive
-179885,859.0999999999999,Seasonal Naive
832824,2547.62,Seasonal Naive
684510,7288.460000000001,Seasonal Naive
684511,15448.279999999999,Seasonal Naive
-13998,621.82,Seasonal Naive
802837,1262.1000000000001,Seasonal Naive
46931,11290.77,Seasonal Naive
721196,2513.1,Seasonal Naive
178710,32.42,Seasonal Naive
832862,201.92000000000002,Seasonal Naive
803975,94.03999999999999,Seasonal Naive
364403,468.3,Seasonal Naive
771297,8549.349999999999,Seasonal Naive
862803,22938.230000000003,Seasonal Naive
771301,4248.13,Seasonal Naive
834364,5162.770000000001,Seasonal Naive
796965,2810.06,Seasonal Naive
863393,135.84,Seasonal Naive
414461,0.0,Seasonal Naive
336144,397.3999999999999,Seasonal Naive
773380,58601.85999999999,Seasonal Naive
834361,15336.650000000001,Seasonal Naive
846595,16603.42,Seasonal Naive
773377,40954.6,Seasonal Naive
758543,33449.0,Seasonal Naive
831491,1234.91,Seasonal Naive
191520,2058.17,Seasonal Naive
410493,6982.44,Seasonal Naive
736196,3371.2400000000002,Seasonal Naive
818666,4977.5,Seasonal Naive
818668,10805.05,Seasonal Naive
717062,8019.4800000000005,Seasonal Naive
716685,11438.960000000001,Seasonal Naive
832883,82705.03,Seasonal Naive
799897,1135.3200000000002,Seasonal Naive
47423,16547.86,Seasonal Naive
614297,38393.92,Seasonal Naive
596495,25036.260000000006,Seasonal Naive
735034,26252.91,Seasonal Naive
716687,10805.76,Seasonal Naive
741619,88853.96,Seasonal Naive
786420,658230.7200000001,Seasonal Naive
816028,789227.15,Seasonal Naive
81723,1.34,Seasonal Naive
629961,0.0,Seasonal Naive
615386,0.18,Seasonal Naive
236977,1.37,Seasonal Naive
586232,0.0,Seasonal Naive
596647,10.18,Seasonal Naive
861372,817.36,Seasonal Naive
825572,3737.6900000000005,Seasonal Naive
553375,70.21,Seasonal Naive
657051,5279.97,Seasonal Naive
46926,12366.66,Seasonal Naive
99713,378.19999999999993,Seasonal Naive
197585,146.45000000000002,Seasonal Naive
808836,5919.52,Seasonal Naive
711019,838.5699999999999,Seasonal Naive
774081,1048.75,Seasonal Naive
76893,0.0,Seasonal Naive
-84695,8278.06,Seasonal Naive
819886,156.73000000000002,Seasonal Naive
64266,0.0,Seasonal Naive
706331,250.22,Seasonal Naive
774080,4670.95,Seasonal Naive
844470,491.82,Seasonal Naive
825568,6984.360000000001,Seasonal Naive
706301,2048.86,Seasonal Naive
835680,1318.77,Seasonal Naive
486168,4622.889999999999,Seasonal Naive
666166,12534.240000000002,Seasonal Naive
437248,545.3499999999999,Seasonal Naive
646022,23618.25,Seasonal Naive
121316,453.82000000000005,Seasonal Naive
828764,921.7400000000001,Seasonal Naive
611599,1783.2499999999998,Seasonal Naive
861375,1943.48,Seasonal Naive
549230,404.38000000000005,Seasonal Naive
618212,44.34,Seasonal Naive
825650,1273.71,Seasonal Naive
884852,5327.62,Seasonal Naive
153344,2173.5899999999997,Seasonal Naive
647429,6430.59,Seasonal Naive
-38426,16490.170000000002,Seasonal Naive
646016,43107.01,Seasonal Naive
765566,9167.6,Seasonal Naive
765605,3646.5,Seasonal Naive
646019,75664.38999999998,Seasonal Naive
-876242,3324.79,Seasonal Naive
501110,5735.92,Seasonal Naive
-831150,115925.05,Seasonal Naive
852182,15409.65,Seasonal Naive
-69881,1345.41,Seasonal Naive
706582,38758.229999999996,Seasonal Naive
826798,36702.71,Seasonal Naive
654596,8105.04,Seasonal Naive
-835678,23773.739999999998,Seasonal Naive
-184835,172782.82999999996,Seasonal Naive
-603848,96753.87999999999,Seasonal Naive
863327,115327.83000000002,Seasonal Naive
83919,0.54,Seasonal Naive
662790,0.19,Seasonal Naive
99378,0.25,Seasonal Naive
325998,0.39,Seasonal Naive
407033,8710.17,Seasonal Naive
109085,1.73,Seasonal Naive
598963,1765.8500000000004,Seasonal Naive
861380,892.4899999999999,Seasonal Naive
877144,1330.11,Seasonal Naive
549232,206.66,Seasonal Naive
889818,2464.6800000000003,Seasonal Naive
630834,70.49000000000001,Seasonal Naive
735182,5299.49,Seasonal Naive
390242,2.04,Seasonal Naive
877030,202.91,Seasonal Naive
841001,10003.25,Seasonal Naive
840997,8303.52,Seasonal Naive
894448,491.37,Seasonal Naive
726217,60.2,Seasonal Naive
877140,548.03,Seasonal Naive
860718,19589.649999999998,Seasonal Naive
803041,90971.28000000001,Seasonal Naive
841003,4415.5199999999995,Seasonal Naive
407024,6492.18,Seasonal Naive
878579,2357.71,Seasonal Naive
883339,57573.57,Seasonal Naive
844025,13580.99,Seasonal Naive
809835,34296.5,Seasonal Naive
809833,22425.549999999996,Seasonal Naive
791536,329.45,Seasonal Naive
889820,3044.3299999999995,Seasonal Naive
831423,18990.12,Seasonal Naive
511570,25855.019999999997,Seasonal Naive
746868,11017.199999999999,Seasonal Naive
684639,20876.87,Seasonal Naive
511569,28976.83,Seasonal Naive
774798,2470.1699999999996,Seasonal Naive
762617,3819.3499999999995,Seasonal Naive
-69015,1966.0199999999998,Seasonal Naive
410777,6469.5599999999995,Seasonal Naive
761814,30018.97,Seasonal Naive
819127,53104.76,Seasonal Naive
-68599,3416.25,Seasonal Naive
-22157,2198.74,Seasonal Naive
-84694,5578.07,Seasonal Naive
-137999,17414.72,Seasonal Naive
861763,41326.200000000004,Seasonal Naive
-51037,13104.279999999997,Seasonal Naive
861762,71783.88,Seasonal Naive
695713,13713.489999999998,Seasonal Naive
695711,22191.97,Seasonal Naive
874382,3687.3799999999997,Seasonal Naive
-706297,254302.10000000003,Seasonal Naive
552872,38725.63,Seasonal Naive
668418,2.73,Seasonal Naive
99503,10.050000000000002,Seasonal Naive
597291,3.22,Seasonal Naive
727511,25004.33,Seasonal Naive
485450,0.63,Seasonal Naive
86065,5.93,Seasonal Naive
110186,1.2999999999999998,Seasonal Naive
272207,121.52000000000001,Seasonal Naive
783293,68.93,Seasonal Naive
789077,455.18999999999994,Seasonal Naive
48362,20.85,Seasonal Naive
815481,857.3100000000001,Seasonal Naive
325731,41.260000000000005,Seasonal Naive
815478,10969.67,Seasonal Naive
761602,6898.259999999999,Seasonal Naive
786372,27.03,Seasonal Naive
676540,26801.55,Seasonal Naive
870109,960.2,Seasonal Naive
602896,2555.75,Seasonal Naive
824780,2124.9100000000003,Seasonal Naive
851710,664.1,Seasonal Naive
729781,32633.440000000002,Seasonal Naive
765616,889.28,Seasonal Naive
893516,5495.469999999999,Seasonal Naive
883338,10581.139999999998,Seasonal Naive
748035,65353.009999999995,Seasonal Naive
552929,2680.96,Seasonal Naive
706311,20969.049999999996,Seasonal Naive
824772,4168.41,Seasonal Naive
726169,640.25,Seasonal Naive
144101,37.540000000000006,Seasonal Naive
646026,3852.6,Seasonal Naive
726215,271186.48,Seasonal Naive
823550,60149.31,Seasonal Naive
806271,7376.74,Seasonal Naive
646029,11368.130000000001,Seasonal Naive
679220,4004.2500000000005,Seasonal Naive
822327,16818.49,Seasonal Naive
857844,5129.77,Seasonal Naive
765617,7076.45,Seasonal Naive
-830885,15217.79,Seasonal Naive
679219,15529.04,Seasonal Naive
-161002,6649.58,Seasonal Naive
761709,28596.03,Seasonal Naive
903466,9614.479999999998,Seasonal Naive
867138,321930.66000000003,Seasonal Naive
-845051,41450.49,Seasonal Naive
772340,7120.199999999999,Seasonal Naive
-586005,32398.989999999998,Seasonal Naive
-844657,165057.00999999998,Seasonal Naive
463494,118.61,Seasonal Naive
596660,0.22,Seasonal Naive
596654,3.65,Seasonal Naive
863830,0.34,Seasonal Naive
858358,2.74,Seasonal Naive
726091,2328.54,Seasonal Naive
549237,4.45,Seasonal Naive
735074,1918.3000000000002,Seasonal Naive
893424,386.4,Seasonal Naive
894290,49.089999999999996,Seasonal Naive
799839,9033.09,Seasonal Naive
726094,2256.29,Seasonal Naive
819890,3456.25,Seasonal Naive
769539,8057.6500000000015,Seasonal Naive
861248,1526.2600000000002,Seasonal Naive
761702,14853.89,Seasonal Naive
864147,858.5999999999999,Seasonal Naive
21883,5.869999999999999,Seasonal Naive
762600,1.45,Seasonal Naive
726097,1036.08,Seasonal Naive
711013,1186.37,Seasonal Naive
795629,100.39000000000001,Seasonal Naive
391323,9.95,Seasonal Naive
857845,2620.0299999999997,Seasonal Naive
895311,2898.94,Seasonal Naive
761204,20623.53,Seasonal Naive
693467,15458.11,Seasonal Naive
117533,6.72,Seasonal Naive
795632,854.69,Seasonal Naive
414261,1570.38,Seasonal Naive
726556,9613.43,Seasonal Naive
693466,23020.88,Seasonal Naive
828782,811.7,Seasonal Naive
189621,20.59,Seasonal Naive
899143,9755.59,Seasonal Naive
899144,6808.099999999999,Seasonal Naive
905262,107.78,Seasonal Naive
861249,3877.92,Seasonal Naive
753267,14384.720000000001,Seasonal Naive
-171108,496.24,Seasonal Naive
762622,8031.8,Seasonal Naive
841023,3540.7,Seasonal Naive
905297,4110.53,Seasonal Naive
763066,11333.13,Seasonal Naive
769338,32905.45,Seasonal Naive
690794,10651.15,Seasonal Naive
-830884,14694.480000000001,Seasonal Naive
430439,3291.4700000000003,Seasonal Naive
-188586,27595.359999999997,Seasonal Naive
-414261,1977.9200000000003,Seasonal Naive
407029,15629.62,Seasonal Naive
126544,5268.05,Seasonal Naive
869774,17867.350000000002,Seasonal Naive
686720,39062.08,Seasonal Naive
430435,11108.84,Seasonal Naive
126542,11151.43,Seasonal Naive
111136,16246.269999999999,Seasonal Naive
842285,15580.589999999998,Seasonal Naive
-421663,20720.879999999997,Seasonal Naive
-19171,43691.49,Seasonal Naive
111133,39106.97,Seasonal Naive
-530039,39307.5,Seasonal Naive
-877763,83212.55,Seasonal Naive
-415093,51513.31999999999,Seasonal Naive
-414359,42972.700000000004,Seasonal Naive
-89601,41871.87999999999,Seasonal Naive
-867119,227089.72,Seasonal Naive
-317809,77689.11,Seasonal Naive
-88817,84067.05000000002,Seasonal Naive
-794800,79541.5,Seasonal Naive
-112596,93665.29999999999,Seasonal Naive
-46844,93428.94,Seasonal Naive
-751034,100762.90000000001,Seasonal Naive
-63184,82802.34,Seasonal Naive
-410495,115893.29000000002,Seasonal Naive
-88722,118275.87999999999,Seasonal Naive
-13660,51559.229999999996,Seasonal Naive
-588842,159214.24000000002,Seasonal Naive
851734,310454.07999999996,Seasonal Naive
-623574,125916.87000000001,Seasonal Naive
713702,17.69,Seasonal Naive
678401,1.9499999999999997,Seasonal Naive
72020,0.18,Seasonal Naive
741623,8.020000000000001,Seasonal Naive
118656,0.23,Seasonal Naive
864148,0.94,Seasonal Naive
83933,8.48,Seasonal Naive
895627,194.64,Seasonal Naive
897779,3592.2999999999997,Seasonal Naive
-69847,1.01,Seasonal Naive
894244,34.22,Seasonal Naive
519711,3.85,Seasonal Naive
818239,596.05,Seasonal Naive
787476,1.92,Seasonal Naive
336125,1466.09,Seasonal Naive
541658,3628.0299999999997,Seasonal Naive
867946,624.29,Seasonal Naive
909351,95.03,Seasonal Naive
49953,4.61,Seasonal Naive
541653,2517.1,Seasonal Naive
97005,15.030000000000001,Seasonal Naive
-200595,428.34000000000003,Seasonal Naive
834528,585.51,Seasonal Naive
706326,3382.25,Seasonal Naive
895640,315.23,Seasonal Naive
846879,2369.86,Seasonal Naive
818241,663.9499999999999,Seasonal Naive
630070,368.12,Seasonal Naive
841031,4468.18,Seasonal Naive
765798,5404.8,Seasonal Naive
-630086,11541.3,Seasonal Naive
673670,61792.259999999995,Seasonal Naive
799835,2706.94,Seasonal Naive
673647,7327.13,Seasonal Naive
908922,2435.62,Seasonal Naive
874865,66127.31,Seasonal Naive
-630082,33960.5,Seasonal Naive
49820,15641.000000000002,Seasonal Naive
743177,21949.04,Seasonal Naive
900690,421217.86,Seasonal Naive
726529,64004.13,Seasonal Naive
-851923,75721.07,Seasonal Naive
-896668,48730.96000000001,Seasonal Naive
614295,412018.01000000007,Seasonal Naive
-296819,102371.83000000002,Seasonal Naive
-504761,218960.56,Seasonal Naive
-880112,326810.47,Seasonal Naive
-596495,83468.13,Seasonal Naive
-87308,121185.87999999999,Seasonal Naive
795228,73591.82,Seasonal Naive
-674968,162086.08000000002,Seasonal Naive
-519688,400365.79000000004,Seasonal Naive
731697,2.29,Seasonal Naive
528391,1.22,Seasonal Naive
866111,570.15,Seasonal Naive
605097,468.17,Seasonal Naive
758344,641.08,Seasonal Naive
338987,0.61,Seasonal Naive
893446,28.410000000000004,Seasonal Naive
676537,8018.71,Seasonal Naive
777157,168.58999999999997,Seasonal Naive
769540,1880.21,Seasonal Naive
660619,973.57,Seasonal Naive
883564,22603.15,Seasonal Naive
741379,48.69,Seasonal Naive
679191,1.05,Seasonal Naive
823194,15.79,Seasonal Naive
535349,6305.0199999999995,Seasonal Naive
852032,24704.93,Seasonal Naive
754592,4093.69,Seasonal Naive
874559,3274.3599999999997,Seasonal Naive
634947,22.69,Seasonal Naive
909352,151.92,Seasonal Naive
778738,13.92,Seasonal Naive
623533,117.1,Seasonal Naive
741380,34.67,Seasonal Naive
183253,35.43,Seasonal Naive
869780,930.1999999999999,Seasonal Naive
857847,2826.4200000000005,Seasonal Naive
869778,1513.4399999999998,Seasonal Naive
652390,3754.2400000000002,Seasonal Naive
727436,9.22,Seasonal Naive
756901,92.75,Seasonal Naive
726238,37.16,Seasonal Naive
126258,11.959999999999999,Seasonal Naive
869782,119.67999999999999,Seasonal Naive
-725928,20065.660000000003,Seasonal Naive
872000,72.26,Seasonal Naive
653762,586.4300000000001,Seasonal Naive
841017,85.96000000000001,Seasonal Naive
889740,2140.43,Seasonal Naive
653759,907.09,Seasonal Naive
668693,463.9,Seasonal Naive
852036,6448.5,Seasonal Naive
337360,7450.95,Seasonal Naive
352945,156.28,Seasonal Naive
352947,171.07,Seasonal Naive
352948,391.44000000000005,Seasonal Naive
868058,3416.5600000000004,Seasonal Naive
-525223,28072.64,Seasonal Naive
-725929,10093.31,Seasonal Naive
352946,470.5,Seasonal Naive
662386,10658.57,Seasonal Naive
802912,4406.73,Seasonal Naive
662933,8056.789999999999,Seasonal Naive
-907963,32827.75,Seasonal Naive
-881903,18152.68,Seasonal Naive
118397,11633.089999999998,Seasonal Naive
896713,19081.18,Seasonal Naive
-909831,29273.87,Seasonal Naive
484755,47483.01,Seasonal Naive
895297,8563.57,Seasonal Naive
562647,11375.710000000001,Seasonal Naive
-876882,37431.27,Seasonal Naive
89600,35640.93,Seasonal Naive
100110,0.37,Seasonal Naive
830075,1380.9299999999998,Seasonal Naive
905816,4145.15,Seasonal Naive
832847,100.72999999999999,Seasonal Naive
643108,8311.95,Seasonal Naive
525213,2489.97,Seasonal Naive
811316,2.02,Seasonal Naive
873634,1.46,Seasonal Naive
905267,30.71,Seasonal Naive
371468,3.0200000000000005,Seasonal Naive
486722,4.87,Seasonal Naive
58498,1.94,Seasonal Naive
800137,228.20000000000002,Seasonal Naive
851968,4.58,Seasonal Naive
109525,4.34,Seasonal Naive
449718,521.44,Seasonal Naive
741377,11.75,Seasonal Naive
900683,910.02,Seasonal Naive
862823,1815.67,Seasonal Naive
803420,665.4300000000001,Seasonal Naive
900679,1039.5900000000001,Seasonal Naive
735073,1322.02,Seasonal Naive
743173,2842.17,Seasonal Naive
862824,2467.7799999999997,Seasonal Naive
867141,28348.93,Seasonal Naive
860742,936.9500000000002,Seasonal Naive
586834,1895.63,Seasonal Naive
900694,686.0400000000001,Seasonal Naive
874864,2405.0299999999997,Seasonal Naive
709766,3062.2,Seasonal Naive
900687,1617.73,Seasonal Naive
907957,7175.070000000001,Seasonal Naive
862825,4576.25,Seasonal Naive
907953,11875.6,Seasonal Naive
743175,14820.41,Seasonal Naive
-830072,26292.450000000004,Seasonal Naive
886327,324.41999999999996,Seasonal Naive
886397,33677.39,Seasonal Naive
867353,6601.79,Seasonal Naive
878580,4957.54,Seasonal Naive
-834529,21843.1,Seasonal Naive
683160,8289.87,Seasonal Naive
870087,11803.21,Seasonal Naive
920828,24.509999999999998,Seasonal Naive
783308,57.0,Seasonal Naive
199276,25.47,Seasonal Naive
783313,121.75999999999999,Seasonal Naive
93253,211.66,Seasonal Naive
519731,10.92,Seasonal Naive
607542,2.63,Seasonal Naive
525249,1.94,Seasonal Naive
659646,7293.85,Seasonal Naive
893624,217.56,Seasonal Naive
890765,233.99,Seasonal Naive
783291,3.01,Seasonal Naive
183256,3.01,Seasonal Naive
39958,5.88,Seasonal Naive
-167712,195.17,Seasonal Naive
867215,2500.67,Seasonal Naive
846476,296.39,Seasonal Naive
758345,977.68,Seasonal Naive
816248,1649.95,Seasonal Naive
791559,1357.61,Seasonal Naive
861932,1635.5700000000002,Seasonal Naive
762614,94.75,Seasonal Naive
754560,1805.26,Seasonal Naive
898593,2754.8599999999997,Seasonal Naive
892911,24705.61,Seasonal Naive
919774,16318.84,Seasonal Naive
851980,1801.4,Seasonal Naive
762616,99.21000000000001,Seasonal Naive
-597397,1467.18,Seasonal Naive
-89600,155208.59,Seasonal Naive
872341,129.29,Seasonal Naive
754566,79.42,Seasonal Naive
876863,1244.89,Seasonal Naive
886380,5063.49,Seasonal Naive
876864,7058.75,Seasonal Naive
876866,11668.18,Seasonal Naive
887849,42668.979999999996,Seasonal Naive
743330,12581.099999999999,Seasonal Naive
876862,13058.939999999999,Seasonal Naive
-92873,3409.2799999999997,Seasonal Naive
876860,9612.939999999999,Seasonal Naive
889180,7845.74,Seasonal Naive
-905267,13588.029999999999,Seasonal Naive
-109796,17107.48,Seasonal Naive
-903247,13703.66,Seasonal Naive
-825643,50162.36,Seasonal Naive
-908921,32318.29,Seasonal Naive
-903248,87365.31,Seasonal Naive
-883192,34775.259999999995,Seasonal Naive
-648148,37645.47,Seasonal Naive
69582,18011.79,Seasonal Naive
-112636,199740.6,Seasonal Naive
-327561,60182.950000000004,Seasonal Naive
-876866,458526.14,Seasonal Naive
-9848,42173.25,Seasonal Naive
-27533,124395.88,Seasonal Naive
-659218,362424.38,Seasonal Naive
894291,812.14,Seasonal Naive
870093,0.5900000000000001,Seasonal Naive
485797,0.89,Seasonal Naive
338988,0.85,Seasonal Naive
876235,2364.75,Seasonal Naive
697697,259.09,Seasonal Naive
814747,24.31,Seasonal Naive
726001,583.85,Seasonal Naive
325720,4.17,Seasonal Naive
895313,45.97,Seasonal Naive
118653,5.09,Seasonal Naive
800135,155.27,Seasonal Naive
621351,2.68,Seasonal Naive
876230,12889.64,Seasonal Naive
-446273,72.3,Seasonal Naive
426959,89.89,Seasonal Naive
95871,3.38,Seasonal Naive
836619,320.69,Seasonal Naive
-68601,260.07,Seasonal Naive
325993,4.18,Seasonal Naive
844020,151.06,Seasonal Naive
426957,531.23,Seasonal Naive
-769545,45.87,Seasonal Naive
903465,384.65,Seasonal Naive
196812,2106.2,Seasonal Naive
897775,1682.15,Seasonal Naive
841005,6014.65,Seasonal Naive
826811,476.5,Seasonal Naive
-878407,5432.34,Seasonal Naive
897774,2166.55,Seasonal Naive
872311,286.94,Seasonal Naive
851528,1395.75,Seasonal Naive
706329,48638.020000000004,Seasonal Naive
836745,1671.94,Seasonal Naive
826809,1087.92,Seasonal Naive
-127391,11879.75,Seasonal Naive
886236,5652.51,Seasonal Naive
913804,5646.280000000001,Seasonal Naive
-484753,5175.46,Seasonal Naive
746027,9611.95,Seasonal Naive
679004,884.11,Seasonal Naive
872006,152.8,Seasonal Naive
716695,2004.74,Seasonal Naive
756902,17.31,Seasonal Naive
814699,8.48,Seasonal Naive
327783,1.0,Seasonal Naive
97904,18.84,Seasonal Naive
586978,16.93,Seasonal Naive
839506,346.15999999999997,Seasonal Naive
889084,254.61,Seasonal Naive
851531,4.01,Seasonal Naive
294751,5.11,Seasonal Naive
678998,696.55,Seasonal Naive
867660,9152.32,Seasonal Naive
894292,525.1600000000001,Seasonal Naive
170549,538.1,Seasonal Naive
883190,303.56,Seasonal Naive
754724,8.74,Seasonal Naive
897744,39130.96000000001,Seasonal Naive
726198,19.17,Seasonal Naive
110919,52.71,Seasonal Naive
794307,125.96000000000001,Seasonal Naive
905815,51.38,Seasonal Naive
890756,1788.58,Seasonal Naive
851969,60.73,Seasonal Naive
822325,9933.57,Seasonal Naive
844014,417.46000000000004,Seasonal Naive
865510,384.57,Seasonal Naive
112263,2171.87,Seasonal Naive
879391,401.12000000000006,Seasonal Naive
851532,1591.6999999999998,Seasonal Naive
712274,5080.139999999999,Seasonal Naive
822324,14225.91,Seasonal Naive
866126,183.46999999999997,Seasonal Naive
866113,351.0,Seasonal Naive
99581,1510.94,Seasonal Naive
-193137,17095.82,Seasonal Naive
876237,6473.83,Seasonal Naive
838061,7584.32,Seasonal Naive
876236,31465.120000000003,Seasonal Naive
909843,14854.32,Seasonal Naive
-825642,53039.71,Seasonal Naive
909840,128240.4,Seasonal Naive
25360,0.26,Seasonal Naive
870092,0.7399999999999999,Seasonal Naive
686381,28.16,Seasonal Naive
830071,1893.78,Seasonal Naive
615384,25.21,Seasonal Naive
899714,144.07999999999998,Seasonal Naive
758192,16.5,Seasonal Naive
867659,2076.2400000000002,Seasonal Naive
181573,6.23,Seasonal Naive
872004,24.42,Seasonal Naive
834596,31.88,Seasonal Naive
923955,203.66,Seasonal Naive
598928,1631.33,Seasonal Naive
793526,501.46000000000004,Seasonal Naive
587126,45.22,Seasonal Naive
892701,747.61,Seasonal Naive
71841,624.3900000000001,Seasonal Naive
587128,53.32000000000001,Seasonal Naive
877415,55.12,Seasonal Naive
905819,78.24,Seasonal Naive
854788,665.65,Seasonal Naive
-440446,34991.96,Seasonal Naive
713384,129.01,Seasonal Naive
-187578,145.04000000000002,Seasonal Naive
-702762,448.13,Seasonal Naive
898730,2274.36,Seasonal Naive
819126,593.8199999999999,Seasonal Naive
930464,4092.5599999999995,Seasonal Naive
643702,362.25,Seasonal Naive
750966,873.06,Seasonal Naive
913734,2692.33,Seasonal Naive
892702,3569.12,Seasonal Naive
-103455,1248.96,Seasonal Naive
377047,2779.2300000000005,Seasonal Naive
602992,3965.2400000000002,Seasonal Naive
602987,4332.65,Seasonal Naive
898257,4388.58,Seasonal Naive
-124063,5238.84,Seasonal Naive
-503227,65293.9,Seasonal Naive
-19020,19996.84,Seasonal Naive
-17176,31956.219999999998,Seasonal Naive
886836,69497.69,Seasonal Naive
886834,373383.57999999996,Seasonal Naive
667417,1.7999999999999998,Seasonal Naive
-301648,0.8,Seasonal Naive
81724,0.72,Seasonal Naive
-84672,1.0,Seasonal Naive
758196,3.0,Seasonal Naive
874933,111.14,Seasonal Naive
925350,2.0,Seasonal Naive
222205,31.96,Seasonal Naive
183452,3.5,Seasonal Naive
684452,119.03,Seasonal Naive
-98557,7.43,Seasonal Naive
42579,4.01,Seasonal Naive
893449,37.5,Seasonal Naive
-110918,11.57,Seasonal Naive
845048,30.05,Seasonal Naive
118654,4.43,Seasonal Naive
890771,116.76,Seasonal Naive
-180403,28.07,Seasonal Naive
877737,178.38,Seasonal Naive
871337,9.42,Seasonal Naive
500831,21.7,Seasonal Naive
890770,102.88,Seasonal Naive
144004,10.0,Seasonal Naive
568337,168.7,Seasonal Naive
890794,76.91,Seasonal Naive
451141,504.31,Seasonal Naive
851754,551.3199999999999,Seasonal Naive
568348,282.54,Seasonal Naive
929513,199.4,Seasonal Naive
-44761,95.85,Seasonal Naive
684450,400.26,Seasonal Naive
758507,114.07,Seasonal Naive
757926,427.94,Seasonal Naive
758485,182.44,Seasonal Naive
836746,164.58,Seasonal Naive
891717,284.98,Seasonal Naive
929515,127.3,Seasonal Naive
76567,62.08,Seasonal Naive
752596,306.78000000000003,Seasonal Naive
758511,214.56,Seasonal Naive
930497,309.65999999999997,Seasonal Naive
500921,1452.88,Seasonal Naive
752600,918.38,Seasonal Naive
900730,965.33,Seasonal Naive
896667,980.41,Seasonal Naive
-440450,21601.56,Seasonal Naive
-30761,10637.03,Seasonal Naive
851917,1298.62,Seasonal Naive
935956,3227.24,Seasonal Naive
283644,1948.92,Seasonal Naive
-896667,9978.84,Seasonal Naive
872008,12811.420000000002,Seasonal Naive
-73436,24853.059999999998,Seasonal Naive
316916,0.74,Seasonal Naive
907955,1.0,Seasonal Naive
407238,1.0,Seasonal Naive
661031,1.0,Seasonal Naive
222206,1.2,Seasonal Naive
874017,2.0,Seasonal Naive
710978,2.0,Seasonal Naive
443682,2.0,Seasonal Naive
679238,2.5,Seasonal Naive
895220,3.01,Seasonal Naive
904120,3.01,Seasonal Naive
893060,4.01,Seasonal Naive
758194,5.0,Seasonal Naive
164821,6.56,Seasonal Naive
402761,8.32,Seasonal Naive
752598,9.2,Seasonal Naive
897021,10.52,Seasonal Naive
726220,10.58,Seasonal Naive
860659,13.76,Seasonal Naive
426955,14.56,Seasonal Naive
810214,15.24,Seasonal Naive
803023,17.84,Seasonal Naive
600690,17.86,Seasonal Naive
741568,18.62,Seasonal Naive
-533907,20.0,Seasonal Naive
837626,21.94,Seasonal Naive
611632,31.58,Seasonal Naive
803021,32.14,Seasonal Naive
428801,34.16,Seasonal Naive
936480,37.12,Seasonal Naive
-600636,79.68,Seasonal Naive
917790,141.54,Seasonal Naive
898727,212.06,Seasonal Naive
899549,249.24,Seasonal Naive
716654,252.14,Seasonal Naive
296820,407.14,Seasonal Naive
-823246,1701.08,Seasonal Naive
-587161,2793.36,Seasonal Naive
-598788,2951.72,Seasonal Naive
