Morion ID,ATC Code (1),ATC Code (2),ATC Code (3),ATC Code (4),ATC Code (5),Brand,INN,NFC (1),Description,strength_value,strength_unit,pack_size,form_category,market_level,market_name,sales_2019,sales_2020,sales_2021,sales_2022,sales_2023
386946,N NERVOUS SYSTEM,N06 PSYCHOANALEPTICS,"N06B PSYCHOSTIMULANTS, AGENTS USED FOR ADHD AND NOOTROPICS",N06B X Other psychostimulants and nootropics,N06B X06 Citicoline,38213,CITICOLINUM,Parenteral Ordinary," sol.  for inj. 500 mg amp. 2 ml, contour cell wrap, pack, #10",500.0,mg,10.0,Parenteral,No sampled peer,No sampled peer,17.3,22.95,6.51,18.55,12.78
74519,C CARDIOVASCULAR SYSTEM,C10 LIPID MODIFYING AGENTS,"C10A LIPID MODIFYING AGENTS, PLAIN",C10A A HMG CoA reductase inhibitors,C10A A05 Atorvastatin,34727,ATORVASTATINUM,Oral Solid Ordinary," tabs coated w/film 20 mg blister, #30",20.0,mg,30.0,Oral solid,ATC4,C10A A HMG CoA reductase inhibitors,184.97,136.48,0.0,1949.1499999999999,2007.9599999999998
410903,M MUSCULO-SCELETAL SYSTEM,M01 ANTIINFLAMMATORY AND ANTIRHEUMATIC PRODUCTS,"M01A ANTIINFLAMMATORY AND ANTIRHEUMATIC PRODUCTS, NON-STEROIDS",M01A B Acetic acid derivatives and related substances,M01A B05 Diclofenac,3419,DICLOFENACUM,Parenteral Ordinary," sol.  for inj. 25 mg/ml amp. 3 ml, #5",25.0,mg,5.0,Parenteral,ATC3,"M01A ANTIINFLAMMATORY AND ANTIRHEUMATIC PRODUCTS, NON-STEROIDS",21532.54,30196.500000000004,31485.04,26910.660000000003,28171.440000000006
299212,N NERVOUS SYSTEM,N02 ANALGESICS,N02B OTHER ANALGESICS AND ANTIPYRETICS,N02B F Gabapentinoids,N02B F02 Pregabalin,4705,PREGABALINUM,Oral Solid Ordinary," caps. 150 mg blister, #84",150.0,mg,84.0,Oral solid,ATC3,N02B OTHER ANALGESICS AND ANTIPYRETICS,1.29,0.0,0.0,0.0,0.0
198282,C CARDIOVASCULAR SYSTEM,C08 CALCIUM CHANNEL BLOCKERS,C08C SELECTIVE CALCIUM CHANNEL BLOCKERS WITH MAINLY VASCULAR EFFECTS,C08C A Dihydropyridine derivatives,C08C A01 Amlodipine,35222,AMLODIPINUM,Oral Solid Ordinary," tabs 5 mg blister, #60",5.0,mg,60.0,Oral solid,No sampled peer,No sampled peer,6.960000000000001,0.0,0.0,0.0,0.0
485156,N NERVOUS SYSTEM,N06 PSYCHOANALEPTICS,"N06B PSYCHOSTIMULANTS, AGENTS USED FOR ADHD AND NOOTROPICS",N06B X Other psychostimulants and nootropics,N06B X06 Citicoline,23481,CITICOLINUM,Parenteral Ordinary," sol.  for inj. 500 mg/4 ml amp. 4 ml, blister in the box, #5",500.0,mg,5.0,Parenteral,No sampled peer,No sampled peer,30.259999999999998,24.499999999999996,8.280000000000001,0.0,0.0
85813,J GENERAL ANTIINFECTIVES FOR SYSTEMIC USE,J01 ANTIBACTERIALS FOR SYSTEMIC USE,"J01F MACROLIDES, LINCOSAMIDES AND STREPTOGRAMINS",J01F A Macrolides,J01F A10 Azithromycin,45901,AZITHROMYCINUM,Oral Solid Ordinary," tablets coated 250 mg, #6",250.0,mg,6.0,Oral solid,No sampled peer,No sampled peer,0.67,0.0,0.0,0.0,0.0
171324,C CARDIOVASCULAR SYSTEM,C10 LIPID MODIFYING AGENTS,"C10A LIPID MODIFYING AGENTS, PLAIN",C10A A HMG CoA reductase inhibitors,C10A A05 Atorvastatin,15766,ATORVASTATINUM,Oral Solid Ordinary," tabs coated w/film 20 mg blister, #30",20.0,mg,30.0,Oral solid,ATC4,C10A A HMG CoA reductase inhibitors,3.62,0.0,0.0,0.0,0.0
327027,A ALIMENTARY TRACT AND METABOLISM,A10 DRUGS USED IN DIABETS,"A10B BLOOD GLUCOSE LOWERING DRUGS, EXCL. INSULINS",A10B A Biguanides,A10B A02 Metformin,49947,METFORMINUM,Oral Solid Ordinary," tabs coated w/film 850 mg blister, in box, #30",850.0,mg,30.0,Oral solid,No sampled peer,No sampled peer,66.07,0.0,0.0,0.0,0.0
299208,N NERVOUS SYSTEM,N02 ANALGESICS,N02B OTHER ANALGESICS AND ANTIPYRETICS,N02B F Gabapentinoids,N02B F02 Pregabalin,4705,PREGABALINUM,Oral Solid Ordinary," caps. 75 mg blister, #84",75.0,mg,84.0,Oral solid,ATC3,N02B OTHER ANALGESICS AND ANTIPYRETICS,2.3800000000000003,26.89,0.98,0.0,0.0
190958,M MUSCULO-SCELETAL SYSTEM,M01 ANTIINFLAMMATORY AND ANTIRHEUMATIC PRODUCTS,"M01A ANTIINFLAMMATORY AND ANTIRHEUMATIC PRODUCTS, NON-STEROIDS",M01A E Propionic acid derivatives,M01A E01 Ibuprofen,3654,IBUPROFENUM,Oral Liquid Ordinary," oral suspens. 100 mg/5 ml flask 200 ml, with orange taste, #1",100.0,mg,1.0,Oral liquid,ATC3,"M01A ANTIINFLAMMATORY AND ANTIRHEUMATIC PRODUCTS, NON-STEROIDS",7.14,0.0,0.0,0.0,0.0
51878,G GENITO URINARY SYSTEM AND SEX HORMONES,G04 UROLOGICALS,G04B UROLOGICALS,G04B E Drugs used in erectile dysfunction,G04B E03 Sildenafilum,42778,SILDENAFILUM,Oral Solid Ordinary," tabs coated w/film 50 mg blister, #4",50.0,mg,4.0,Oral solid,No sampled peer,No sampled peer,143.0,0.0,0.0,0.0,0.0
142227,C CARDIOVASCULAR SYSTEM,C10 LIPID MODIFYING AGENTS,"C10A LIPID MODIFYING AGENTS, PLAIN",C10A A HMG CoA reductase inhibitors,C10A A07 Rosuvastatin,9998,ROSUVASTATINUM,Oral Solid Ordinary," tabs coated w/film 20 mg blister, #60",20.0,mg,60.0,Oral solid,ATC4,C10A A HMG CoA reductase inhibitors,37.31,28.78,0.0,0.0,0.0
171158,G GENITO URINARY SYSTEM AND SEX HORMONES,G04 UROLOGICALS,G04B UROLOGICALS,G04B E Drugs used in erectile dysfunction,G04B E03 Sildenafilum,41144,SILDENAFILUM,Oral Solid Ordinary," tablets coated 50 mg blister, #4",50.0,mg,4.0,Oral solid,No sampled peer,No sampled peer,1267.6299999999999,511.87999999999994,174.35,123.3,12.26
118324,G GENITO URINARY SYSTEM AND SEX HORMONES,G04 UROLOGICALS,G04B UROLOGICALS,G04B E Drugs used in erectile dysfunction,G04B E03 Sildenafilum,49343,SILDENAFILUM,Oral Solid Ordinary," tabs coated w/film 100 mg blister, #4",100.0,mg,4.0,Oral solid,No sampled peer,No sampled peer,1.27,0.0,0.0,0.0,0.0
126274,G GENITO URINARY SYSTEM AND SEX HORMONES,G04 UROLOGICALS,G04B UROLOGICALS,G04B E Drugs used in erectile dysfunction,G04B E03 Sildenafilum,9045,SILDENAFILUM,Oral Solid Ordinary," tablets coated 25 mg, #1",25.0,mg,1.0,Oral solid,No sampled peer,No sampled peer,54.0,52.5,0.0,0.0,0.0
303612,C CARDIOVASCULAR SYSTEM,C10 LIPID MODIFYING AGENTS,"C10A LIPID MODIFYING AGENTS, PLAIN",C10A A HMG CoA reductase inhibitors,C10A A07 Rosuvastatin,10638,ROSUVASTATINUM,Oral Solid Ordinary," tabs coated w/film 10 mg blister, #28",10.0,mg,28.0,Oral solid,ATC4,C10A A HMG CoA reductase inhibitors,13.54,0.0,0.0,0.0,0.0
230182,J GENERAL ANTIINFECTIVES FOR SYSTEMIC USE,J02 ANTIMYCOTICS FOR SYSTEMIC USE,J02A ANTIMYCOTICS FOR SYSTEMIC USE,J02A C Triazole and tetrazole derivatives,J02A C01 Fluconazole,4728,FLUCONAZOLUM,Oral Solid Ordinary," caps. 100 mg blister, in cardboard packing, #10",100.0,mg,10.0,Oral solid,No sampled peer,No sampled peer,118.76,231.79,80.37,0.0,0.0
33457,N NERVOUS SYSTEM,N02 ANALGESICS,N02B OTHER ANALGESICS AND ANTIPYRETICS,N02B E Anilides,N02B E01 Paracetamol,24698,PARACETAMOLUM,Oral Liquid Ordinary," syrup 120 mg/5 ml flask 100 ml, #1",120.0,mg,1.0,Oral liquid,ATC3,N02B OTHER ANALGESICS AND ANTIPYRETICS,5.48,0.0,0.0,0.0,0.0
485160,N NERVOUS SYSTEM,N06 PSYCHOANALEPTICS,"N06B PSYCHOSTIMULANTS, AGENTS USED FOR ADHD AND NOOTROPICS",N06B X Other psychostimulants and nootropics,N06B X06 Citicoline,23481,CITICOLINUM,Parenteral Ordinary," sol.  for inj. 1000 mg/4 ml amp. 4 ml, blister in the box, #5",1000.0,mg,5.0,Parenteral,No sampled peer,No sampled peer,49.33,19.480000000000004,0.0,0.0,0.0
82431,R RESPIRATORY SYSTEM,R05 COUGH AND COLD PREPARATIONS,"R05C EXPECTORANTS, EXCL. COMBINATIONS WITH COUGH SUPRESSANTS",R05C B Mucolytics,R05C B06 Ambroxol,13454,AMBROXOLUM,Oral Solid Ordinary," pastilles 15 mg blister, #20",15.0,mg,20.0,Oral solid,ATC4,R05C B Mucolytics,9.92,0.0,0.0,0.0,0.0
61784,M MUSCULO-SCELETAL SYSTEM,M01 ANTIINFLAMMATORY AND ANTIRHEUMATIC PRODUCTS,"M01A ANTIINFLAMMATORY AND ANTIRHEUMATIC PRODUCTS, NON-STEROIDS",M01A C Oxicams,M01A C06 Meloxicam,45359,MELOXICAMUM,Oral Solid Ordinary," tabs 15 mg, #20",15.0,mg,20.0,Oral solid,ATC3,"M01A ANTIINFLAMMATORY AND ANTIRHEUMATIC PRODUCTS, NON-STEROIDS",6.85,0.0,0.0,0.0,0.0
29984,J GENERAL ANTIINFECTIVES FOR SYSTEMIC USE,J02 ANTIMYCOTICS FOR SYSTEMIC USE,J02A ANTIMYCOTICS FOR SYSTEMIC USE,J02A C Triazole and tetrazole derivatives,J02A C01 Fluconazole,44063,FLUCONAZOLUM,Parenteral Ordinary," sol. f/infus. 200 mg flask 100 ml, #1",200.0,mg,1.0,Parenteral,No sampled peer,No sampled peer,11.82,0.0,0.0,0.0,0.0
485159,N NERVOUS SYSTEM,N06 PSYCHOANALEPTICS,"N06B PSYCHOSTIMULANTS, AGENTS USED FOR ADHD AND NOOTROPICS",N06B X Other psychostimulants and nootropics,N06B X06 Citicoline,23481,CITICOLINUM,Parenteral Ordinary," sol.  for inj. 500 mg/4 ml amp. 4 ml, blister in the box, #10",500.0,mg,10.0,Parenteral,No sampled peer,No sampled peer,32.029999999999994,47.25,53.07999999999999,4.28,0.0
173087,G GENITO URINARY SYSTEM AND SEX HORMONES,G04 UROLOGICALS,G04B UROLOGICALS,G04B E Drugs used in erectile dysfunction,G04B E03 Sildenafilum,13128,SILDENAFILUM,Oral Solid Ordinary," tabs, 100 mg #1 + 100 mg #1 action",100.0,mg,1.0,Oral solid,No sampled peer,No sampled peer,10.8,0.0,0.0,0.0,0.0
145005,R RESPIRATORY SYSTEM,R05 COUGH AND COLD PREPARATIONS,"R05C EXPECTORANTS, EXCL. COMBINATIONS WITH COUGH SUPRESSANTS",R05C B Mucolytics,R05C B01 Acetylcysteine,16933,ACETYLCYSTEINUM,Oral Liquid Ordinary," gran.f/prep. sol. f/use per os 200 mg pack 1 g, #20",200.0,mg,20.0,Oral liquid,ATC4,R05C B Mucolytics,1.72,0.0,0.0,0.0,0.0
71341,J GENERAL ANTIINFECTIVES FOR SYSTEMIC USE,J02 ANTIMYCOTICS FOR SYSTEMIC USE,J02A ANTIMYCOTICS FOR SYSTEMIC USE,J02A C Triazole and tetrazole derivatives,J02A C01 Fluconazole,14259,FLUCONAZOLUM,Parenteral Ordinary," sol. f/infus. 2 mg/ml flask 100 ml, #1",2.0,mg,1.0,Parenteral,No sampled peer,No sampled peer,21.699999999999996,30.59,52.56999999999999,7.52,12.67
299054,G GENITO URINARY SYSTEM AND SEX HORMONES,G04 UROLOGICALS,G04B UROLOGICALS,G04B E Drugs used in erectile dysfunction,G04B E03 Sildenafilum,44917,SILDENAFILUM,Oral Solid Ordinary," tabs coated w/film 100 mg blister, #1",100.0,mg,1.0,Oral solid,No sampled peer,No sampled peer,3.3899999999999997,0.0,0.0,0.0,0.0
327233,B BLOOD AND BLOOD FORMING ORGANS,B01 ANTITHROMBOTIC AGENTS,B01A ANTITHROMBOTIC AGENTS,B01A C Platelet aggregation inhibitors excl. heparin,B01A C06 Acetylsalicylic acid,5866,ACIDUM ACETYLSALICYLICUM*,Oral Solid Ordinary," tabs coated w/film 150 mg blister in pack, #50",150.0,mg,50.0,Oral solid,No sampled peer,No sampled peer,15.39,10.969999999999999,7.5,0.0,0.0
303615,C CARDIOVASCULAR SYSTEM,C10 LIPID MODIFYING AGENTS,"C10A LIPID MODIFYING AGENTS, PLAIN",C10A A HMG CoA reductase inhibitors,C10A A07 Rosuvastatin,10638,ROSUVASTATINUM,Oral Solid Ordinary," tabs coated w/film 20 mg blister, #28",20.0,mg,28.0,Oral solid,ATC4,C10A A HMG CoA reductase inhibitors,7.08,0.0,0.0,0.0,0.0
484871,N NERVOUS SYSTEM,N02 ANALGESICS,N02B OTHER ANALGESICS AND ANTIPYRETICS,N02B F Gabapentinoids,N02B F02 Pregabalin,49971,PREGABALINUM,Oral Solid Ordinary," caps. solid 150 mg blister, #20",150.0,mg,20.0,Oral solid,ATC3,N02B OTHER ANALGESICS AND ANTIPYRETICS,488.37,1551.81,3239.4,2101.13,6265.070000000001
485161,N NERVOUS SYSTEM,N06 PSYCHOANALEPTICS,"N06B PSYCHOSTIMULANTS, AGENTS USED FOR ADHD AND NOOTROPICS",N06B X Other psychostimulants and nootropics,N06B X06 Citicoline,23481,CITICOLINUM,Parenteral Ordinary," sol.  for inj. 1000 mg/4 ml amp. 4 ml, blister in the box, #10",1000.0,mg,10.0,Parenteral,No sampled peer,No sampled peer,29.4,73.81,90.86,34.14,13.98
182808,G GENITO URINARY SYSTEM AND SEX HORMONES,G04 UROLOGICALS,G04B UROLOGICALS,G04B E Drugs used in erectile dysfunction,G04B E03 Sildenafilum,42400,SILDENAFILUM,Oral Solid Ordinary," chewable tabs 100 mg, #4",100.0,mg,4.0,Oral solid,No sampled peer,No sampled peer,10.420000000000002,0.0,0.0,0.0,0.0
167736,C CARDIOVASCULAR SYSTEM,C10 LIPID MODIFYING AGENTS,"C10A LIPID MODIFYING AGENTS, PLAIN",C10A A HMG CoA reductase inhibitors,C10A A07 Rosuvastatin,33901,ROSUVASTATINUM,Oral Solid Ordinary," tabs coated w/film 5 mg blister, #28",5.0,mg,28.0,Oral solid,ATC4,C10A A HMG CoA reductase inhibitors,5.8,0.0,0.0,0.0,0.0
44967,C CARDIOVASCULAR SYSTEM,C08 CALCIUM CHANNEL BLOCKERS,C08C SELECTIVE CALCIUM CHANNEL BLOCKERS WITH MAINLY VASCULAR EFFECTS,C08C A Dihydropyridine derivatives,C08C A01 Amlodipine,41639,AMLODIPINUM,Oral Solid Ordinary," tabs 10 mg blister, #30",10.0,mg,30.0,Oral solid,No sampled peer,No sampled peer,3.14,0.0,0.0,0.0,0.0
402633,J GENERAL ANTIINFECTIVES FOR SYSTEMIC USE,J01 ANTIBACTERIALS FOR SYSTEMIC USE,J01M QUINOLONE ANTIBACTERIALS,J01M A Fluoroquinolones,J01M A12 Levofloxacin,17413,LEVOFLOXACINUM,Parenteral Ordinary," sol. f/infus. 5 mg/ml cont. 100 ml, #1",5.0,mg,1.0,Parenteral,No sampled peer,No sampled peer,39.230000000000004,0.0,0.0,0.0,0.0
28581,J GENERAL ANTIINFECTIVES FOR SYSTEMIC USE,J02 ANTIMYCOTICS FOR SYSTEMIC USE,J02A ANTIMYCOTICS FOR SYSTEMIC USE,J02A C Triazole and tetrazole derivatives,J02A C01 Fluconazole,14259,FLUCONAZOLUM,Oral Solid Ordinary," caps. 100 mg, #28",100.0,mg,28.0,Oral solid,No sampled peer,No sampled peer,158.87,95.02,106.14000000000001,51.790000000000006,73.36000000000001
92638,M MUSCULO-SCELETAL SYSTEM,M01 ANTIINFLAMMATORY AND ANTIRHEUMATIC PRODUCTS,"M01A ANTIINFLAMMATORY AND ANTIRHEUMATIC PRODUCTS, NON-STEROIDS",M01A C Oxicams,M01A C06 Meloxicam,38577,MELOXICAMUM,Oral Solid Ordinary," tabs 15 mg blister, #10",15.0,mg,10.0,Oral solid,ATC3,"M01A ANTIINFLAMMATORY AND ANTIRHEUMATIC PRODUCTS, NON-STEROIDS",80.94999999999999,53.04999999999999,94.49,281.48,309.35999999999996
174592,N NERVOUS SYSTEM,N02 ANALGESICS,N02B OTHER ANALGESICS AND ANTIPYRETICS,N02B F Gabapentinoids,N02B F02 Pregabalin,4705,PREGABALINUM,Oral Solid Ordinary," caps. 75 mg blister, #56",75.0,mg,56.0,Oral solid,ATC3,N02B OTHER ANALGESICS AND ANTIPYRETICS,49.43,31.459999999999997,0.0,0.0,0.0
44968,C CARDIOVASCULAR SYSTEM,C08 CALCIUM CHANNEL BLOCKERS,C08C SELECTIVE CALCIUM CHANNEL BLOCKERS WITH MAINLY VASCULAR EFFECTS,C08C A Dihydropyridine derivatives,C08C A01 Amlodipine,41639,AMLODIPINUM,Oral Solid Ordinary," tabs 5 mg blister, #30",5.0,mg,30.0,Oral solid,No sampled peer,No sampled peer,3.47,0.0,0.0,0.0,0.0
250607,J GENERAL ANTIINFECTIVES FOR SYSTEMIC USE,J01 ANTIBACTERIALS FOR SYSTEMIC USE,J01M QUINOLONE ANTIBACTERIALS,J01M A Fluoroquinolones,J01M A12 Levofloxacin,19995,LEVOFLOXACINUM,Parenteral Ordinary," sol. f/infus. 5 mg/ml pack 100 ml, #1",5.0,mg,1.0,Parenteral,No sampled peer,No sampled peer,27.939999999999998,0.0,0.0,0.0,0.0
108286,B BLOOD AND BLOOD FORMING ORGANS,B01 ANTITHROMBOTIC AGENTS,B01A ANTITHROMBOTIC AGENTS,B01A C Platelet aggregation inhibitors excl. heparin,B01A C06 Acetylsalicylic acid,15624,ACIDUM ACETYLSALICYLICUM*,Oral Solid Ordinary," tabs 100 mg, #50",100.0,mg,50.0,Oral solid,No sampled peer,No sampled peer,24.57,4.68,0.0,0.0,0.0
276856,N NERVOUS SYSTEM,N06 PSYCHOANALEPTICS,"N06B PSYCHOSTIMULANTS, AGENTS USED FOR ADHD AND NOOTROPICS",N06B X Other psychostimulants and nootropics,N06B X06 Citicoline,6539,CITICOLINUM,Parenteral Ordinary," sol.  for inj. 500 mg/4 ml amp. 4 ml, #5",500.0,mg,5.0,Parenteral,No sampled peer,No sampled peer,67.83999999999999,45.01,679.58,782.6699999999998,712.3
55995,G GENITO URINARY SYSTEM AND SEX HORMONES,G04 UROLOGICALS,G04B UROLOGICALS,G04B E Drugs used in erectile dysfunction,G04B E03 Sildenafilum,5565,SILDENAFILUM,Oral Solid Ordinary," tabs coated w/film 100 mg, #4",100.0,mg,4.0,Oral solid,No sampled peer,No sampled peer,3.98,0.0,0.0,0.0,0.0
136706,J GENERAL ANTIINFECTIVES FOR SYSTEMIC USE,J02 ANTIMYCOTICS FOR SYSTEMIC USE,J02A ANTIMYCOTICS FOR SYSTEMIC USE,J02A C Triazole and tetrazole derivatives,J02A C01 Fluconazole,49884,FLUCONAZOLUM,Oral Solid Ordinary," caps. solid 200 mg blister, #7",200.0,mg,7.0,Oral solid,No sampled peer,No sampled peer,183.25,71.4,11.64,9.450000000000001,0.0
136589,G GENITO URINARY SYSTEM AND SEX HORMONES,G04 UROLOGICALS,G04B UROLOGICALS,G04B E Drugs used in erectile dysfunction,G04B E03 Sildenafilum,40994,SILDENAFILUM,Oral Solid Ordinary," tablets coated 25 mg, in a pack, #2",25.0,mg,2.0,Oral solid,No sampled peer,No sampled peer,84.83000000000001,53.25000000000001,48.970000000000006,37.129999999999995,65.47
166138,N NERVOUS SYSTEM,N02 ANALGESICS,N02B OTHER ANALGESICS AND ANTIPYRETICS,N02B E Anilides,N02B E01 Paracetamol,30510,PARACETAMOLUM,Parenteral Ordinary, sol. f/infus. 10 mg/ml bot. 50 ml,10.0,mg,,Parenteral,ATC3,N02B OTHER ANALGESICS AND ANTIPYRETICS,29.6,13.48,0.0,0.0,0.0
439080,R RESPIRATORY SYSTEM,R05 COUGH AND COLD PREPARATIONS,"R05C EXPECTORANTS, EXCL. COMBINATIONS WITH COUGH SUPRESSANTS",R05C B Mucolytics,R05C B06 Ambroxol,21463,AMBROXOLUM,Oral Liquid Ordinary," oral solution 7,5 mg/ml flask with dropper 100 ml, with dosing cups, #1",7.5,mg,1.0,Oral liquid,ATC4,R05C B Mucolytics,6737.889999999999,9899.400000000001,10118.63,6901.19,5661.860000000001
118323,G GENITO URINARY SYSTEM AND SEX HORMONES,G04 UROLOGICALS,G04B UROLOGICALS,G04B E Drugs used in erectile dysfunction,G04B E03 Sildenafilum,49343,SILDENAFILUM,Oral Solid Ordinary," tabs coated w/film 100 mg blister, #2",100.0,mg,2.0,Oral solid,No sampled peer,No sampled peer,78.87999999999998,0.0,0.0,0.0,0.0
276859,N NERVOUS SYSTEM,N06 PSYCHOANALEPTICS,"N06B PSYCHOSTIMULANTS, AGENTS USED FOR ADHD AND NOOTROPICS",N06B X Other psychostimulants and nootropics,N06B X06 Citicoline,6539,CITICOLINUM,Parenteral Ordinary," sol.  for inj. 1000 mg/4 ml amp. 4 ml, #3",1000.0,mg,3.0,Parenteral,No sampled peer,No sampled peer,255.99,241.46000000000004,962.1600000000001,1129.05,4258.98
389675,J GENERAL ANTIINFECTIVES FOR SYSTEMIC USE,J01 ANTIBACTERIALS FOR SYSTEMIC USE,J01M QUINOLONE ANTIBACTERIALS,J01M A Fluoroquinolones,J01M A12 Levofloxacin,39905,LEVOFLOXACINUM,Parenteral Ordinary," sol. f/infus. 500 mg/100 ml cont. 150 ml, #1",500.0,mg,1.0,Parenteral,No sampled peer,No sampled peer,1787.98,0.0,0.0,0.0,0.0
315837,C CARDIOVASCULAR SYSTEM,C10 LIPID MODIFYING AGENTS,"C10A LIPID MODIFYING AGENTS, PLAIN",C10A A HMG CoA reductase inhibitors,C10A A07 Rosuvastatin,33901,ROSUVASTATINUM,Oral Solid Ordinary," tabs coated w/film 10 mg blister, #100",10.0,mg,100.0,Oral solid,ATC4,C10A A HMG CoA reductase inhibitors,73.64,227.11,6.66,0.0,0.0
309721,M MUSCULO-SCELETAL SYSTEM,M01 ANTIINFLAMMATORY AND ANTIRHEUMATIC PRODUCTS,"M01A ANTIINFLAMMATORY AND ANTIRHEUMATIC PRODUCTS, NON-STEROIDS",M01A C Oxicams,M01A C06 Meloxicam,45359,MELOXICAMUM,Oral Solid Ordinary," tabs 15 mg blister, #10",15.0,mg,10.0,Oral solid,ATC3,"M01A ANTIINFLAMMATORY AND ANTIRHEUMATIC PRODUCTS, NON-STEROIDS",9.97,0.0,0.0,0.0,0.0
93919,J GENERAL ANTIINFECTIVES FOR SYSTEMIC USE,J01 ANTIBACTERIALS FOR SYSTEMIC USE,J01D OTHER BETA-LACTAM ANTIBACTERIALS,J01D D Third-generation cephalosporins,J01D D04 Ceftriaxone,21539,CEFTRIAXONUM,Parenteral Ordinary," powder for prep. of inj. sol. 1000 mg flask, #5",1000.0,mg,5.0,Parenteral,No sampled peer,No sampled peer,1357.1200000000001,151.67000000000004,155149.52000000002,7145.439999999999,417.91999999999996
363812,N NERVOUS SYSTEM,N02 ANALGESICS,N02B OTHER ANALGESICS AND ANTIPYRETICS,N02B E Anilides,N02B E01 Paracetamol,16969,PARACETAMOLUM,Parenteral Ordinary," sol. f/infus. 1000 mg/100 ml flask 100 ml, #1",1000.0,mg,1.0,Parenteral,ATC3,N02B OTHER ANALGESICS AND ANTIPYRETICS,86.78,26.3,0.0,0.0,0.0
233975,J GENERAL ANTIINFECTIVES FOR SYSTEMIC USE,J01 ANTIBACTERIALS FOR SYSTEMIC USE,J01D OTHER BETA-LACTAM ANTIBACTERIALS,J01D D Third-generation cephalosporins,J01D D04 Ceftriaxone,25612,CEFTRIAXONUM,Parenteral Ordinary," powd.f/pr. sol. f/inj. & inf. 1000 mg flask, #1",1000.0,mg,1.0,Parenteral,No sampled peer,No sampled peer,237.61999999999998,128.70000000000002,18.12,0.0,0.0
174158,C CARDIOVASCULAR SYSTEM,C07 BETA BLOCKING AGENTS,C07A BETA-BLOCKING AGENTS,"C07A B Beta blocking agents, selective",C07A B07 Bisoprolol,34942,BISOPROLOLUM,Oral Solid Ordinary," tabs coated w/film 10 mg, #30",10.0,mg,30.0,Oral solid,No sampled peer,No sampled peer,23.08,0.0,0.0,0.0,0.0
136708,J GENERAL ANTIINFECTIVES FOR SYSTEMIC USE,J02 ANTIMYCOTICS FOR SYSTEMIC USE,J02A ANTIMYCOTICS FOR SYSTEMIC USE,J02A C Triazole and tetrazole derivatives,J02A C01 Fluconazole,49884,FLUCONAZOLUM,Oral Solid Ordinary," caps. solid 200 mg blister, #3",200.0,mg,3.0,Oral solid,No sampled peer,No sampled peer,13.41,0.0,0.0,0.0,0.0
265861,C CARDIOVASCULAR SYSTEM,C10 LIPID MODIFYING AGENTS,"C10A LIPID MODIFYING AGENTS, PLAIN",C10A A HMG CoA reductase inhibitors,C10A A05 Atorvastatin,49167,ATORVASTATINUM,Oral Solid Ordinary," tabs coated w/film 10 mg, #30",10.0,mg,30.0,Oral solid,ATC4,C10A A HMG CoA reductase inhibitors,28.740000000000002,70.03,0.0,0.0,0.0
117386,R RESPIRATORY SYSTEM,R05 COUGH AND COLD PREPARATIONS,"R05C EXPECTORANTS, EXCL. COMBINATIONS WITH COUGH SUPRESSANTS",R05C B Mucolytics,R05C B01 Acetylcysteine,12816,ACETYLCYSTEINUM,Oral Liquid Ordinary," powder f/oral solution 100 mg sachet, #10",100.0,mg,10.0,Oral liquid,ATC4,R05C B Mucolytics,18.74,0.0,0.0,0.0,0.0
414421,R RESPIRATORY SYSTEM,R05 COUGH AND COLD PREPARATIONS,"R05C EXPECTORANTS, EXCL. COMBINATIONS WITH COUGH SUPRESSANTS",R05C B Mucolytics,R05C B01 Acetylcysteine,46537,ACETYLCYSTEINUM,Oral Liquid Ordinary," powder f/oral solution 200 mg sachet 3 g, #20",200.0,mg,20.0,Oral liquid,ATC4,R05C B Mucolytics,4187.17,20742.78,15734.029999999997,10292.960000000001,11691.779999999999
326709,C CARDIOVASCULAR SYSTEM,C10 LIPID MODIFYING AGENTS,"C10A LIPID MODIFYING AGENTS, PLAIN",C10A A HMG CoA reductase inhibitors,C10A A07 Rosuvastatin,1363,ROSUVASTATINUM,Oral Solid Ordinary," tabs coated w/film 10 mg blister, #30",10.0,mg,30.0,Oral solid,ATC4,C10A A HMG CoA reductase inhibitors,16.59,0.0,0.0,0.0,0.0
55211,J GENERAL ANTIINFECTIVES FOR SYSTEMIC USE,J01 ANTIBACTERIALS FOR SYSTEMIC USE,J01D OTHER BETA-LACTAM ANTIBACTERIALS,J01D D Third-generation cephalosporins,J01D D04 Ceftriaxone,478,CEFTRIAXONUM,Parenteral Ordinary," powd.fr-dr., f/sol. f/in. 500 mg flask, #12",500.0,mg,12.0,Parenteral,No sampled peer,No sampled peer,127.21,161.82000000000002,3.21,0.0,0.12
3677,M MUSCULO-SCELETAL SYSTEM,M01 ANTIINFLAMMATORY AND ANTIRHEUMATIC PRODUCTS,"M01A ANTIINFLAMMATORY AND ANTIRHEUMATIC PRODUCTS, NON-STEROIDS",M01A B Acetic acid derivatives and related substances,M01A B05 Diclofenac,26652,DICLOFENACUM,Oral Solid Ordinary," tabs coated w/sugar 25 mg blister, #30",25.0,mg,30.0,Oral solid,ATC3,"M01A ANTIINFLAMMATORY AND ANTIRHEUMATIC PRODUCTS, NON-STEROIDS",79.30999999999999,31.019999999999996,25.11,7.84,25.85
185315,R RESPIRATORY SYSTEM,R05 COUGH AND COLD PREPARATIONS,"R05C EXPECTORANTS, EXCL. COMBINATIONS WITH COUGH SUPRESSANTS",R05C B Mucolytics,R05C B01 Acetylcysteine,45790,ACETYLCYSTEINUM,Oral Solid Ordinary," tabs 600 mg blister, #20",600.0,mg,20.0,Oral solid,ATC4,R05C B Mucolytics,29.64,0.0,0.0,0.0,0.0
182803,G GENITO URINARY SYSTEM AND SEX HORMONES,G04 UROLOGICALS,G04B UROLOGICALS,G04B E Drugs used in erectile dysfunction,G04B E03 Sildenafilum,42400,SILDENAFILUM,Oral Solid Ordinary," chewable tabs 50 mg, #1",50.0,mg,1.0,Oral solid,No sampled peer,No sampled peer,61.769999999999996,0.0,0.0,0.0,0.0
135246,M MUSCULO-SCELETAL SYSTEM,M01 ANTIINFLAMMATORY AND ANTIRHEUMATIC PRODUCTS,"M01A ANTIINFLAMMATORY AND ANTIRHEUMATIC PRODUCTS, NON-STEROIDS",M01A B Acetic acid derivatives and related substances,M01A B05 Diclofenac,34028,DICLOFENACUM,Parenteral Ordinary," sol.  for inj. 25 mg/ml amp. 3 ml, #10",25.0,mg,10.0,Parenteral,ATC3,"M01A ANTIINFLAMMATORY AND ANTIRHEUMATIC PRODUCTS, NON-STEROIDS",70.0,0.0,0.0,0.0,0.0
50904,N NERVOUS SYSTEM,N02 ANALGESICS,N02B OTHER ANALGESICS AND ANTIPYRETICS,N02B E Anilides,N02B E01 Paracetamol,34411,PARACETAMOLUM,Rectal systemic," rectal suppository 50 mg, #10",50.0,mg,10.0,Rectal/vaginal,ATC3,N02B OTHER ANALGESICS AND ANTIPYRETICS,13.399999999999999,0.0,0.0,0.0,0.0
327024,A ALIMENTARY TRACT AND METABOLISM,A10 DRUGS USED IN DIABETS,"A10B BLOOD GLUCOSE LOWERING DRUGS, EXCL. INSULINS",A10B A Biguanides,A10B A02 Metformin,49947,METFORMINUM,Oral Solid Ordinary," tabs coated w/film 500 mg blister, in box, #30",500.0,mg,30.0,Oral solid,No sampled peer,No sampled peer,21.9,32.65,0.0,0.0,0.0
153614,A ALIMENTARY TRACT AND METABOLISM,A10 DRUGS USED IN DIABETS,"A10B BLOOD GLUCOSE LOWERING DRUGS, EXCL. INSULINS",A10B A Biguanides,A10B A02 Metformin,21673,METFORMINUM,Oral Solid Retard," tabs, prolong. action 500 mg blister, #28",500.0,mg,28.0,Oral solid,No sampled peer,No sampled peer,15.889999999999999,9.05,0.0,0.0,0.0
99406,G GENITO URINARY SYSTEM AND SEX HORMONES,G04 UROLOGICALS,G04B UROLOGICALS,G04B E Drugs used in erectile dysfunction,G04B E03 Sildenafilum,42778,SILDENAFILUM,Oral Solid Ordinary," tabs coated w/film 50 mg blister, #1",50.0,mg,1.0,Oral solid,No sampled peer,No sampled peer,35.22,0.0,0.0,0.0,0.0
138407,C CARDIOVASCULAR SYSTEM,C07 BETA BLOCKING AGENTS,C07A BETA-BLOCKING AGENTS,"C07A B Beta blocking agents, selective",C07A B07 Bisoprolol,13032,BISOPROLOLUM,Oral Solid Ordinary," tabs coated w/film 10 mg blister in box, #30",10.0,mg,30.0,Oral solid,No sampled peer,No sampled peer,404.34000000000003,230.13,0.0,0.0,0.0
74517,C CARDIOVASCULAR SYSTEM,C10 LIPID MODIFYING AGENTS,"C10A LIPID MODIFYING AGENTS, PLAIN",C10A A HMG CoA reductase inhibitors,C10A A05 Atorvastatin,34727,ATORVASTATINUM,Oral Solid Ordinary," tabs coated w/film 10 mg blister, #30",10.0,mg,30.0,Oral solid,ATC4,C10A A HMG CoA reductase inhibitors,118.57,102.99,11.21,902.0699999999999,505.92999999999995
309768,A ALIMENTARY TRACT AND METABOLISM,A02 DRUGS FOR ACID RELATED DISORDERS,A02B DRUGS FOR TREATMENT OF PEPTIC ULCER AND GASTRO-OESOPHAGEAL REFLUX DISEASE,A02B C Proton pump inhibitors,A02B C02 Pantoprazole,9041,PANTOPRAZOLUM,Parenteral Ordinary," powd.fr-dr., f/prep.s of sol. 40 mg flask, #1",40.0,mg,1.0,Parenteral,No sampled peer,No sampled peer,1175.3799999999999,0.0,0.0,0.0,0.0
182807,G GENITO URINARY SYSTEM AND SEX HORMONES,G04 UROLOGICALS,G04B UROLOGICALS,G04B E Drugs used in erectile dysfunction,G04B E03 Sildenafilum,42400,SILDENAFILUM,Oral Solid Ordinary," chewable tabs 100 mg, #1",100.0,mg,1.0,Oral solid,No sampled peer,No sampled peer,56.44999999999999,0.0,0.0,0.0,0.0
105639,G GENITO URINARY SYSTEM AND SEX HORMONES,G04 UROLOGICALS,G04B UROLOGICALS,G04B E Drugs used in erectile dysfunction,G04B E03 Sildenafilum,29041,SILDENAFILUM,Oral Solid Ordinary," tabs coated w/film 100 mg blister, #4",100.0,mg,4.0,Oral solid,No sampled peer,No sampled peer,19.029999999999998,0.0,0.0,0.0,0.0
308563,N NERVOUS SYSTEM,N06 PSYCHOANALEPTICS,"N06B PSYCHOSTIMULANTS, AGENTS USED FOR ADHD AND NOOTROPICS",N06B X Other psychostimulants and nootropics,N06B X06 Citicoline,23481,CITICOLINUM,Parenteral Ordinary," sol.  for inj. 250 mg/ml flask 4 ml, #5",250.0,mg,5.0,Parenteral,No sampled peer,No sampled peer,102.22999999999999,0.0,0.0,0.0,0.0
315840,C CARDIOVASCULAR SYSTEM,C10 LIPID MODIFYING AGENTS,"C10A LIPID MODIFYING AGENTS, PLAIN",C10A A HMG CoA reductase inhibitors,C10A A07 Rosuvastatin,33901,ROSUVASTATINUM,Oral Solid Ordinary," tabs coated w/film 20 mg blister, #100",20.0,mg,100.0,Oral solid,ATC4,C10A A HMG CoA reductase inhibitors,75.89000000000001,164.33999999999997,0.38,0.0,0.0
410832,C CARDIOVASCULAR SYSTEM,C10 LIPID MODIFYING AGENTS,"C10A LIPID MODIFYING AGENTS, PLAIN",C10A A HMG CoA reductase inhibitors,C10A A07 Rosuvastatin,33901,ROSUVASTATINUM,Oral Solid Ordinary," tabs coated w/film 5 mg blister, #10",5.0,mg,10.0,Oral solid,ATC4,C10A A HMG CoA reductase inhibitors,9.83,0.0,0.0,0.0,0.0
450150,M MUSCULO-SCELETAL SYSTEM,M01 ANTIINFLAMMATORY AND ANTIRHEUMATIC PRODUCTS,"M01A ANTIINFLAMMATORY AND ANTIRHEUMATIC PRODUCTS, NON-STEROIDS",M01A C Oxicams,M01A C06 Meloxicam,45359,MELOXICAMUM,Parenteral Ordinary," sol.  for inj. 10 mg/ml amp. 1,5 ml, blister in a pack, #5",10.0,mg,5.0,Parenteral,ATC3,"M01A ANTIINFLAMMATORY AND ANTIRHEUMATIC PRODUCTS, NON-STEROIDS",84.33,0.0,0.0,0.0,0.0
29988,J GENERAL ANTIINFECTIVES FOR SYSTEMIC USE,J02 ANTIMYCOTICS FOR SYSTEMIC USE,J02A ANTIMYCOTICS FOR SYSTEMIC USE,J02A C Triazole and tetrazole derivatives,J02A C01 Fluconazole,44063,FLUCONAZOLUM,Oral Solid Ordinary," caps. 150 mg blister, #1",150.0,mg,1.0,Oral solid,No sampled peer,No sampled peer,69.63,0.0,0.0,0.0,0.0
143881,N NERVOUS SYSTEM,N02 ANALGESICS,N02B OTHER ANALGESICS AND ANTIPYRETICS,N02B E Anilides,N02B E01 Paracetamol,36052,PARACETAMOLUM,Parenteral Ordinary," sol. f/infus. 10 mg/ml flask 100 ml, #1",10.0,mg,1.0,Parenteral,ATC3,N02B OTHER ANALGESICS AND ANTIPYRETICS,10.32,0.0,0.0,0.0,0.0
66126,C CARDIOVASCULAR SYSTEM,C08 CALCIUM CHANNEL BLOCKERS,C08C SELECTIVE CALCIUM CHANNEL BLOCKERS WITH MAINLY VASCULAR EFFECTS,C08C A Dihydropyridine derivatives,C08C A01 Amlodipine,36909,AMLODIPINUM,Oral Solid Ordinary," caps. solid 5 mg blister, #20",5.0,mg,20.0,Oral solid,No sampled peer,No sampled peer,10.34,0.0,14.38,0.5,0.0
93053,J GENERAL ANTIINFECTIVES FOR SYSTEMIC USE,J02 ANTIMYCOTICS FOR SYSTEMIC USE,J02A ANTIMYCOTICS FOR SYSTEMIC USE,J02A C Triazole and tetrazole derivatives,J02A C01 Fluconazole,4728,FLUCONAZOLUM,Parenteral Ordinary," sol. f/infus. 2 mg/ml flask 100 ml, #1",2.0,mg,1.0,Parenteral,No sampled peer,No sampled peer,411.72,705.6600000000001,725.1700000000001,229.64000000000001,116.39000000000001
500143,N NERVOUS SYSTEM,N06 PSYCHOANALEPTICS,"N06B PSYCHOSTIMULANTS, AGENTS USED FOR ADHD AND NOOTROPICS",N06B X Other psychostimulants and nootropics,N06B X06 Citicoline,38213,CITICOLINUM,Parenteral Ordinary," sol. f/infus. 10 mg/ml flask 100 ml, in a pack, #1",10.0,mg,1.0,Parenteral,No sampled peer,No sampled peer,39579.479999999996,20647.600000000002,35549.630000000005,28194.44,25692.270000000004
308699,M MUSCULO-SCELETAL SYSTEM,M01 ANTIINFLAMMATORY AND ANTIRHEUMATIC PRODUCTS,"M01A ANTIINFLAMMATORY AND ANTIRHEUMATIC PRODUCTS, NON-STEROIDS",M01A C Oxicams,M01A C06 Meloxicam,45359,MELOXICAMUM,Parenteral Ordinary," sol.  for inj. 15 mg/1,5 ml amp. 1,5 ml, #5",15.0,mg,5.0,Parenteral,ATC3,"M01A ANTIINFLAMMATORY AND ANTIRHEUMATIC PRODUCTS, NON-STEROIDS",63.480000000000004,0.0,0.0,0.0,0.0
295213,M MUSCULO-SCELETAL SYSTEM,M01 ANTIINFLAMMATORY AND ANTIRHEUMATIC PRODUCTS,"M01A ANTIINFLAMMATORY AND ANTIRHEUMATIC PRODUCTS, NON-STEROIDS",M01A E Propionic acid derivatives,M01A E01 Ibuprofen,10059,IBUPROFENUM,Oral Liquid Ordinary," oral suspens. 100 mg/5 ml flask plastic w/dosing syringe 120 ml, #1",100.0,mg,1.0,Oral liquid,ATC3,"M01A ANTIINFLAMMATORY AND ANTIRHEUMATIC PRODUCTS, NON-STEROIDS",57.63,0.0,0.0,0.0,0.0
325418,N NERVOUS SYSTEM,N02 ANALGESICS,N02B OTHER ANALGESICS AND ANTIPYRETICS,N02B E Anilides,N02B E01 Paracetamol,24698,PARACETAMOLUM,Parenteral Ordinary," sol. f/infus. 10 mg/ml cont. 100 ml, in box, #12",10.0,mg,12.0,Parenteral,ATC3,N02B OTHER ANALGESICS AND ANTIPYRETICS,1454.8,4363.620000000001,5026.38,138.78,9.530000000000001
377043,J GENERAL ANTIINFECTIVES FOR SYSTEMIC USE,J01 ANTIBACTERIALS FOR SYSTEMIC USE,J01D OTHER BETA-LACTAM ANTIBACTERIALS,J01D D Third-generation cephalosporins,J01D D04 Ceftriaxone,21696,CEFTRIAXONUM,Parenteral Ordinary," powd.fr-dr., f/sol. f/in. 1 g flask, #1",1.0,g,1.0,Parenteral,No sampled peer,No sampled peer,1798.73,328.08000000000004,20.63,0.0,0.0
350791,M MUSCULO-SCELETAL SYSTEM,M01 ANTIINFLAMMATORY AND ANTIRHEUMATIC PRODUCTS,"M01A ANTIINFLAMMATORY AND ANTIRHEUMATIC PRODUCTS, NON-STEROIDS",M01A C Oxicams,M01A C06 Meloxicam,28481,MELOXICAMUM,Parenteral Ordinary," sol.  for inj. 10 mg/ml amp. 1,5 ml, blister in a pack, #5",10.0,mg,5.0,Parenteral,ATC3,"M01A ANTIINFLAMMATORY AND ANTIRHEUMATIC PRODUCTS, NON-STEROIDS",1208.3600000000001,0.0,0.0,0.0,0.0
112562,J GENERAL ANTIINFECTIVES FOR SYSTEMIC USE,J01 ANTIBACTERIALS FOR SYSTEMIC USE,J01D OTHER BETA-LACTAM ANTIBACTERIALS,J01D D Third-generation cephalosporins,J01D D04 Ceftriaxone,45159,CEFTRIAXONUM,Parenteral Ordinary," powder for prep. of inj. sol. 1000 mg flask, #1",1000.0,mg,1.0,Parenteral,No sampled peer,No sampled peer,11.74,0.0,0.0,0.0,0.0
167739,C CARDIOVASCULAR SYSTEM,C10 LIPID MODIFYING AGENTS,"C10A LIPID MODIFYING AGENTS, PLAIN",C10A A HMG CoA reductase inhibitors,C10A A07 Rosuvastatin,33901,ROSUVASTATINUM,Oral Solid Ordinary," tabs coated w/film 20 mg blister, #28",20.0,mg,28.0,Oral solid,ATC4,C10A A HMG CoA reductase inhibitors,1245.29,22058.88,53831.69,69838.8,1198.7699999999995
291003,N NERVOUS SYSTEM,N06 PSYCHOANALEPTICS,"N06B PSYCHOSTIMULANTS, AGENTS USED FOR ADHD AND NOOTROPICS",N06B X Other psychostimulants and nootropics,N06B X06 Citicoline,27086,CITICOLINUM,Parenteral Ordinary," sol.  for inj. 125 mg/ml amp. 4 ml, #5",125.0,mg,5.0,Parenteral,No sampled peer,No sampled peer,171.77,75.59,23.750000000000004,18.240000000000002,35.42
160899,B BLOOD AND BLOOD FORMING ORGANS,B01 ANTITHROMBOTIC AGENTS,B01A ANTITHROMBOTIC AGENTS,B01A C Platelet aggregation inhibitors excl. heparin,B01A C06 Acetylsalicylic acid,35344,ACIDUM ACETYLSALICYLICUM*,Oral Solid Ordinary," tabs coat.intest.-soluble 100 mg blister, #20",100.0,mg,20.0,Oral solid,No sampled peer,No sampled peer,17.759999999999998,0.0,0.0,0.0,0.0
484867,N NERVOUS SYSTEM,N02 ANALGESICS,N02B OTHER ANALGESICS AND ANTIPYRETICS,N02B F Gabapentinoids,N02B F02 Pregabalin,49971,PREGABALINUM,Oral Solid Ordinary," caps. solid 75 mg blister, #20",75.0,mg,20.0,Oral solid,ATC3,N02B OTHER ANALGESICS AND ANTIPYRETICS,709.7199999999999,826.7499999999999,718.86,1228.04,4695.78
56653,J GENERAL ANTIINFECTIVES FOR SYSTEMIC USE,J01 ANTIBACTERIALS FOR SYSTEMIC USE,J01D OTHER BETA-LACTAM ANTIBACTERIALS,J01D D Third-generation cephalosporins,J01D D04 Ceftriaxone,13923,CEFTRIAXONUM,Parenteral Ordinary," powder for prep. of inj. sol. 1 g flask, #1",1.0,g,1.0,Parenteral,No sampled peer,No sampled peer,55.72,433.48,115.92,0.0,0.0
118321,G GENITO URINARY SYSTEM AND SEX HORMONES,G04 UROLOGICALS,G04B UROLOGICALS,G04B E Drugs used in erectile dysfunction,G04B E03 Sildenafilum,49343,SILDENAFILUM,Oral Solid Ordinary," tabs coated w/film 50 mg blister, #4",50.0,mg,4.0,Oral solid,No sampled peer,No sampled peer,39.96,0.0,0.0,0.0,0.0
198281,C CARDIOVASCULAR SYSTEM,C08 CALCIUM CHANNEL BLOCKERS,C08C SELECTIVE CALCIUM CHANNEL BLOCKERS WITH MAINLY VASCULAR EFFECTS,C08C A Dihydropyridine derivatives,C08C A01 Amlodipine,35222,AMLODIPINUM,Oral Solid Ordinary," tabs 10 mg blister, #60",10.0,mg,60.0,Oral solid,No sampled peer,No sampled peer,23.86,3.31,2.4299999999999997,0.0,0.0
183115,N NERVOUS SYSTEM,N06 PSYCHOANALEPTICS,"N06B PSYCHOSTIMULANTS, AGENTS USED FOR ADHD AND NOOTROPICS",N06B X Other psychostimulants and nootropics,N06B X06 Citicoline,14234,CITICOLINUM,Parenteral Ordinary," sol.  for inj. 500 mg/4 ml amp. 4 ml, #5",500.0,mg,5.0,Parenteral,No sampled peer,No sampled peer,303.52000000000004,239.82000000000002,89.03000000000002,0.0,0.0
414277,A ALIMENTARY TRACT AND METABOLISM,A10 DRUGS USED IN DIABETS,"A10B BLOOD GLUCOSE LOWERING DRUGS, EXCL. INSULINS",A10B A Biguanides,A10B A02 Metformin,39461,METFORMINUM,Oral Solid Ordinary," tabs coated w/film 500 mg blister, #60",500.0,mg,60.0,Oral solid,No sampled peer,No sampled peer,678.1,1673.63,11.260000000000002,956.62,21.77
87850,A ALIMENTARY TRACT AND METABOLISM,A10 DRUGS USED IN DIABETS,"A10B BLOOD GLUCOSE LOWERING DRUGS, EXCL. INSULINS",A10B A Biguanides,A10B A02 Metformin,5396,METFORMINUM,Oral Solid Ordinary," tabs coated w/film 1000 mg blister, #30",1000.0,mg,30.0,Oral solid,No sampled peer,No sampled peer,2698.35,1223.63,17237.59,33956.189999999995,3223.42
127145,R RESPIRATORY SYSTEM,R05 COUGH AND COLD PREPARATIONS,"R05C EXPECTORANTS, EXCL. COMBINATIONS WITH COUGH SUPRESSANTS",R05C B Mucolytics,R05C B06 Ambroxol,7585,AMBROXOLUM,Oral Solid Ordinary," pastilles 15 mg, #20",15.0,mg,20.0,Oral solid,ATC4,R05C B Mucolytics,79.19,0.0,0.0,0.0,0.0
308561,N NERVOUS SYSTEM,N06 PSYCHOANALEPTICS,"N06B PSYCHOSTIMULANTS, AGENTS USED FOR ADHD AND NOOTROPICS",N06B X Other psychostimulants and nootropics,N06B X06 Citicoline,23481,CITICOLINUM,Parenteral Ordinary," sol.  for inj. 125 mg/ml flask 4 ml, #5",125.0,mg,5.0,Parenteral,No sampled peer,No sampled peer,52.32,0.0,0.0,0.0,0.0
51877,G GENITO URINARY SYSTEM AND SEX HORMONES,G04 UROLOGICALS,G04B UROLOGICALS,G04B E Drugs used in erectile dysfunction,G04B E03 Sildenafilum,42778,SILDENAFILUM,Oral Solid Ordinary," tabs coated w/film 100 mg blister, #4",100.0,mg,4.0,Oral solid,No sampled peer,No sampled peer,318.51,0.0,0.0,0.0,0.0
528407,R RESPIRATORY SYSTEM,R05 COUGH AND COLD PREPARATIONS,"R05C EXPECTORANTS, EXCL. COMBINATIONS WITH COUGH SUPRESSANTS",R05C B Mucolytics,R05C B01 Acetylcysteine,46537,ACETYLCYSTEINUM,Oral Liquid Ordinary," powder f/oral solution 600 mg sachet 3 g, #10",600.0,mg,10.0,Oral liquid,ATC4,R05C B Mucolytics,53173.990000000005,18743.82,5725.61,11.5,0.0
439079,R RESPIRATORY SYSTEM,R05 COUGH AND COLD PREPARATIONS,"R05C EXPECTORANTS, EXCL. COMBINATIONS WITH COUGH SUPRESSANTS",R05C B Mucolytics,R05C B06 Ambroxol,21463,AMBROXOLUM,Oral Liquid Ordinary," oral solution 7,5 mg/ml flask with dropper 40 ml, with dosing cups, #1",7.5,mg,1.0,Oral liquid,ATC4,R05C B Mucolytics,6468.61,8567.32,10918.900000000001,6138.929999999999,4511.37
410841,C CARDIOVASCULAR SYSTEM,C10 LIPID MODIFYING AGENTS,"C10A LIPID MODIFYING AGENTS, PLAIN",C10A A HMG CoA reductase inhibitors,C10A A07 Rosuvastatin,33901,ROSUVASTATINUM,Oral Solid Ordinary," tabs coated w/film 40 mg blister, #30",40.0,mg,30.0,Oral solid,ATC4,C10A A HMG CoA reductase inhibitors,281.98,1387.85,2524.3399999999997,2278.54,4192.549999999999
181330,J GENERAL ANTIINFECTIVES FOR SYSTEMIC USE,J01 ANTIBACTERIALS FOR SYSTEMIC USE,J01D OTHER BETA-LACTAM ANTIBACTERIALS,J01D D Third-generation cephalosporins,J01D D04 Ceftriaxone,21539,CEFTRIAXONUM,Parenteral Ordinary," powd.fr-dr., f/sol. f/in. 1000 mg vial in a pack with partition, with solvent in amp, #1",1000.0,mg,1.0,Parenteral,No sampled peer,No sampled peer,167.61,0.0,0.0,0.0,0.0
93050,J GENERAL ANTIINFECTIVES FOR SYSTEMIC USE,J02 ANTIMYCOTICS FOR SYSTEMIC USE,J02A ANTIMYCOTICS FOR SYSTEMIC USE,J02A C Triazole and tetrazole derivatives,J02A C01 Fluconazole,4728,FLUCONAZOLUM,Parenteral Ordinary," sol. f/infus. 2 mg/ml flask 50 ml, #1",2.0,mg,1.0,Parenteral,No sampled peer,No sampled peer,119.08000000000001,79.46,158.71,28.56,20.88
157655,C CARDIOVASCULAR SYSTEM,C08 CALCIUM CHANNEL BLOCKERS,C08C SELECTIVE CALCIUM CHANNEL BLOCKERS WITH MAINLY VASCULAR EFFECTS,C08C A Dihydropyridine derivatives,C08C A01 Amlodipine,15047,AMLODIPINUM,Oral Solid Ordinary," tabs 5 mg blister, #30",5.0,mg,30.0,Oral solid,No sampled peer,No sampled peer,17.76,0.0,0.0,0.0,0.0
484300,A ALIMENTARY TRACT AND METABOLISM,A10 DRUGS USED IN DIABETS,"A10B BLOOD GLUCOSE LOWERING DRUGS, EXCL. INSULINS",A10B A Biguanides,A10B A02 Metformin,39461,METFORMINUM,Oral Solid Ordinary," tabs coated w/film 850 mg blister, #60",850.0,mg,60.0,Oral solid,No sampled peer,No sampled peer,1897.6799999999998,8031.99,11206.099999999999,14498.849999999999,5982.4800000000005
5084,N NERVOUS SYSTEM,N02 ANALGESICS,N02B OTHER ANALGESICS AND ANTIPYRETICS,N02B E Anilides,N02B E01 Paracetamol,24698,PARACETAMOLUM,Oral Solid Ordinary," tabs 200 mg cont. cell-fr. pack, #10",200.0,mg,10.0,Oral solid,ATC3,N02B OTHER ANALGESICS AND ANTIPYRETICS,18.38,0.0,0.0,0.0,0.0
504759,J GENERAL ANTIINFECTIVES FOR SYSTEMIC USE,J01 ANTIBACTERIALS FOR SYSTEMIC USE,"J01F MACROLIDES, LINCOSAMIDES AND STREPTOGRAMINS",J01F A Macrolides,J01F A10 Azithromycin,477,AZITHROMYCINUM,Oral Solid Ordinary," tablets coated 250 mg blister, #6",250.0,mg,6.0,Oral solid,No sampled peer,No sampled peer,8219.56,11905.07,2854.44,44731.15,37465.729999999996
298416,A ALIMENTARY TRACT AND METABOLISM,A02 DRUGS FOR ACID RELATED DISORDERS,A02B DRUGS FOR TREATMENT OF PEPTIC ULCER AND GASTRO-OESOPHAGEAL REFLUX DISEASE,A02B C Proton pump inhibitors,A02B C02 Pantoprazole,15598,PANTOPRAZOLUM,Oral Solid Ordinary," tabs intest. solub. 40 mg blister, #28",40.0,mg,28.0,Oral solid,No sampled peer,No sampled peer,72.07000000000001,0.0,0.0,0.0,0.0
336101,G GENITO URINARY SYSTEM AND SEX HORMONES,G04 UROLOGICALS,G04B UROLOGICALS,G04B E Drugs used in erectile dysfunction,G04B E03 Sildenafilum,45455,SILDENAFILUM,Oral Solid Ordinary," tablets coated 50 mg blister, #1",50.0,mg,1.0,Oral solid,No sampled peer,No sampled peer,852.91,20.91,0.0,0.0,0.0
118320,G GENITO URINARY SYSTEM AND SEX HORMONES,G04 UROLOGICALS,G04B UROLOGICALS,G04B E Drugs used in erectile dysfunction,G04B E03 Sildenafilum,49343,SILDENAFILUM,Oral Solid Ordinary," tabs coated w/film 50 mg blister, #2",50.0,mg,2.0,Oral solid,No sampled peer,No sampled peer,71.16,0.0,0.0,0.0,0.0
258487,M MUSCULO-SCELETAL SYSTEM,M02 TOPICAL PRODUCTS FOR JOINT AND MUSCULAR PAIN,M02A TOPICAL PRODUCTS FOR JOINT AND MUSCULAR PAIN,"M02A A Antiinflammatory preparations, non-steroids for topical use",M02A A15 Diclofenac,34028,DICLOFENACUM,"Topical Dermatological, Haemorrhoidal, External"," cutaneous spray 40 mg/ml bottle glass w/valve-pump 50 ml, with nozzle-spray & prot.",40.0,mg,,Topical,ATC4,"M02A A Antiinflammatory preparations, non-steroids for topical use",536.0799999999999,641.35,557.8000000000001,533.2600000000001,922.2600000000002
87851,A ALIMENTARY TRACT AND METABOLISM,A10 DRUGS USED IN DIABETS,"A10B BLOOD GLUCOSE LOWERING DRUGS, EXCL. INSULINS",A10B A Biguanides,A10B A02 Metformin,5396,METFORMINUM,Oral Solid Ordinary," tabs coated w/film 1000 mg blister, #120",1000.0,mg,120.0,Oral solid,No sampled peer,No sampled peer,5240.01,2371.4799999999996,9210.51,26939.01,21282.18
374332,G GENITO URINARY SYSTEM AND SEX HORMONES,G04 UROLOGICALS,G04B UROLOGICALS,G04B E Drugs used in erectile dysfunction,G04B E03 Sildenafilum,29041,SILDENAFILUM,Oral Solid Ordinary," chewable tabs 50 mg blister, #1",50.0,mg,1.0,Oral solid,No sampled peer,No sampled peer,25.97,0.0,0.0,0.0,0.0
374333,G GENITO URINARY SYSTEM AND SEX HORMONES,G04 UROLOGICALS,G04B UROLOGICALS,G04B E Drugs used in erectile dysfunction,G04B E03 Sildenafilum,29041,SILDENAFILUM,Oral Solid Ordinary," chewable tabs 50 mg blister, #2",50.0,mg,2.0,Oral solid,No sampled peer,No sampled peer,25.66,0.0,0.0,0.0,0.0
374334,G GENITO URINARY SYSTEM AND SEX HORMONES,G04 UROLOGICALS,G04B UROLOGICALS,G04B E Drugs used in erectile dysfunction,G04B E03 Sildenafilum,29041,SILDENAFILUM,Oral Solid Ordinary," chewable tabs 50 mg blister, #4",50.0,mg,4.0,Oral solid,No sampled peer,No sampled peer,25.97,0.0,0.0,0.0,0.0
79750,C CARDIOVASCULAR SYSTEM,C07 BETA BLOCKING AGENTS,C07A BETA-BLOCKING AGENTS,"C07A B Beta blocking agents, selective",C07A B07 Bisoprolol,21008,BISOPROLOLUM,Oral Solid Ordinary," tabs coated w/film 10 mg blister, in cardboard box, #30",10.0,mg,30.0,Oral solid,No sampled peer,No sampled peer,20.21,0.0,0.0,0.0,0.0
410833,C CARDIOVASCULAR SYSTEM,C10 LIPID MODIFYING AGENTS,"C10A LIPID MODIFYING AGENTS, PLAIN",C10A A HMG CoA reductase inhibitors,C10A A07 Rosuvastatin,33901,ROSUVASTATINUM,Oral Solid Ordinary," tabs coated w/film 5 mg blister, #30",5.0,mg,30.0,Oral solid,ATC4,C10A A HMG CoA reductase inhibitors,238.13,919.27,1143.23,1081.6699999999998,1948.8300000000004
504761,J GENERAL ANTIINFECTIVES FOR SYSTEMIC USE,J01 ANTIBACTERIALS FOR SYSTEMIC USE,"J01F MACROLIDES, LINCOSAMIDES AND STREPTOGRAMINS",J01F A Macrolides,J01F A10 Azithromycin,477,AZITHROMYCINUM,Oral Solid Ordinary," tablets coated 500 mg blister, #3",500.0,mg,3.0,Oral solid,No sampled peer,No sampled peer,36663.86,80155.34,270768.5,511603.36,595766.5800000001
404718,C CARDIOVASCULAR SYSTEM,C10 LIPID MODIFYING AGENTS,"C10A LIPID MODIFYING AGENTS, PLAIN",C10A A HMG CoA reductase inhibitors,C10A A05 Atorvastatin,30989,ATORVASTATINUM,Oral Solid Ordinary," tabs coated w/film 80 mg blister, #30",80.0,mg,30.0,Oral solid,ATC4,C10A A HMG CoA reductase inhibitors,351.74,1954.9299999999998,4045.5600000000004,2544.3199999999997,3611.44
504752,J GENERAL ANTIINFECTIVES FOR SYSTEMIC USE,J01 ANTIBACTERIALS FOR SYSTEMIC USE,J01D OTHER BETA-LACTAM ANTIBACTERIALS,J01D D Third-generation cephalosporins,J01D D04 Ceftriaxone,21539,CEFTRIAXONUM,Parenteral Ordinary," powd.fr-dr., f/sol. f/in. 1 g flask, 1% sol of lidocain amp 3,5 ml, #1",1.0,g,1.0,Parenteral,No sampled peer,No sampled peer,112.18,1323.23,593.88,105.65,179.72000000000003
541645,C CARDIOVASCULAR SYSTEM,C08 CALCIUM CHANNEL BLOCKERS,C08C SELECTIVE CALCIUM CHANNEL BLOCKERS WITH MAINLY VASCULAR EFFECTS,C08C A Dihydropyridine derivatives,C08C A01 Amlodipine,13380,AMLODIPINUM,Oral Solid Ordinary," tabs 10 mg blister in pack, #50",10.0,mg,50.0,Oral solid,No sampled peer,No sampled peer,49194.04,75811.14,42227.39,44011.89000000001,51748.46
109301,R RESPIRATORY SYSTEM,R05 COUGH AND COLD PREPARATIONS,"R05C EXPECTORANTS, EXCL. COMBINATIONS WITH COUGH SUPRESSANTS",R05C B Mucolytics,R05C B06 Ambroxol,21463,AMBROXOLUM,Oral Solid Ordinary," tabs 30 mg, #20",30.0,mg,20.0,Oral solid,ATC4,R05C B Mucolytics,165.25,112.64,0.0,0.0,0.0
446652,J GENERAL ANTIINFECTIVES FOR SYSTEMIC USE,J01 ANTIBACTERIALS FOR SYSTEMIC USE,J01D OTHER BETA-LACTAM ANTIBACTERIALS,J01D D Third-generation cephalosporins,J01D D04 Ceftriaxone,28685,CEFTRIAXONUM,Parenteral Ordinary," powder for prep. of inj. sol. 2 g flask, #1",2.0,g,1.0,Parenteral,No sampled peer,No sampled peer,624.4200000000001,6.9,0.0,0.0,0.0
138614,G GENITO URINARY SYSTEM AND SEX HORMONES,G04 UROLOGICALS,G04B UROLOGICALS,G04B E Drugs used in erectile dysfunction,G04B E03 Sildenafilum,38775,SILDENAFILUM,Oral Solid Ordinary," tabs 50 mg blister, #8",50.0,mg,8.0,Oral solid,No sampled peer,No sampled peer,284.43999999999994,384.72,508.13,0.0,0.0
258484,M MUSCULO-SCELETAL SYSTEM,M02 TOPICAL PRODUCTS FOR JOINT AND MUSCULAR PAIN,M02A TOPICAL PRODUCTS FOR JOINT AND MUSCULAR PAIN,"M02A A Antiinflammatory preparations, non-steroids for topical use",M02A A15 Diclofenac,34028,DICLOFENACUM,"Topical Dermatological, Haemorrhoidal, External"," cutaneous spray 40 mg/ml bottle glass w/valve-pump 30 ml, with nozzle-spray & prot.",40.0,mg,,Topical,ATC4,"M02A A Antiinflammatory preparations, non-steroids for topical use",302.01,40.61,0.0,0.0,0.0
49996,J GENERAL ANTIINFECTIVES FOR SYSTEMIC USE,J02 ANTIMYCOTICS FOR SYSTEMIC USE,J02A ANTIMYCOTICS FOR SYSTEMIC USE,J02A C Triazole and tetrazole derivatives,J02A C01 Fluconazole,22793,FLUCONAZOLUM,Parenteral Ordinary," sol. f/infus. 200 mg bot. 100 ml, #1",200.0,mg,1.0,Parenteral,No sampled peer,No sampled peer,26.09,0.0,0.0,0.0,0.0
336103,G GENITO URINARY SYSTEM AND SEX HORMONES,G04 UROLOGICALS,G04B UROLOGICALS,G04B E Drugs used in erectile dysfunction,G04B E03 Sildenafilum,45455,SILDENAFILUM,Oral Solid Ordinary," tablets coated 50 mg blister, #4",50.0,mg,4.0,Oral solid,No sampled peer,No sampled peer,1083.95,4.0200000000000005,0.0,0.0,0.0
327030,A ALIMENTARY TRACT AND METABOLISM,A10 DRUGS USED IN DIABETS,"A10B BLOOD GLUCOSE LOWERING DRUGS, EXCL. INSULINS",A10B A Biguanides,A10B A02 Metformin,49947,METFORMINUM,Oral Solid Ordinary," tabs coated w/film 1000 mg blister, in box, #30",1000.0,mg,30.0,Oral solid,No sampled peer,No sampled peer,53.53,0.0,0.0,0.0,0.0
8251,M MUSCULO-SCELETAL SYSTEM,M01 ANTIINFLAMMATORY AND ANTIRHEUMATIC PRODUCTS,"M01A ANTIINFLAMMATORY AND ANTIRHEUMATIC PRODUCTS, NON-STEROIDS",M01A B Acetic acid derivatives and related substances,M01A B05 Diclofenac,32177,DICLOFENACUM,Rectal systemic," rectal caps. 100 mg blister, #5",100.0,mg,5.0,Rectal/vaginal,ATC3,"M01A ANTIINFLAMMATORY AND ANTIRHEUMATIC PRODUCTS, NON-STEROIDS",28.89,0.0,0.0,0.0,0.0
145001,R RESPIRATORY SYSTEM,R05 COUGH AND COLD PREPARATIONS,"R05C EXPECTORANTS, EXCL. COMBINATIONS WITH COUGH SUPRESSANTS",R05C B Mucolytics,R05C B01 Acetylcysteine,16933,ACETYLCYSTEINUM,Oral Solid Ordinary," tabs spark.f/sol.use per os 600 mg blister, #10",600.0,mg,10.0,Oral solid,ATC4,R05C B Mucolytics,133.79,472.28000000000003,253.45000000000002,0.67,16053.56
144160,C CARDIOVASCULAR SYSTEM,C10 LIPID MODIFYING AGENTS,"C10A LIPID MODIFYING AGENTS, PLAIN",C10A A HMG CoA reductase inhibitors,C10A A07 Rosuvastatin,33135,ROSUVASTATINUM,Oral Solid Ordinary," tablets coated 40 mg blister, by box, #30",40.0,mg,30.0,Oral solid,ATC4,C10A A HMG CoA reductase inhibitors,642.5600000000001,551.35,174.43,0.0,0.0
169268,C CARDIOVASCULAR SYSTEM,C10 LIPID MODIFYING AGENTS,"C10A LIPID MODIFYING AGENTS, PLAIN",C10A A HMG CoA reductase inhibitors,C10A A07 Rosuvastatin,38677,ROSUVASTATINUM,Oral Solid Ordinary," tabs coated w/film 40 mg blister, #30",40.0,mg,30.0,Oral solid,ATC4,C10A A HMG CoA reductase inhibitors,79.89999999999998,19.39,7.96,0.0,0.0
174237,A ALIMENTARY TRACT AND METABOLISM,A02 DRUGS FOR ACID RELATED DISORDERS,A02B DRUGS FOR TREATMENT OF PEPTIC ULCER AND GASTRO-OESOPHAGEAL REFLUX DISEASE,A02B C Proton pump inhibitors,A02B C02 Pantoprazole,18901,PANTOPRAZOLUM,Oral Solid Ordinary," tablets gastroresistant 20 mg blister, #7",20.0,mg,7.0,Oral solid,No sampled peer,No sampled peer,73.75999999999999,0.0,0.0,0.0,0.0
410837,C CARDIOVASCULAR SYSTEM,C10 LIPID MODIFYING AGENTS,"C10A LIPID MODIFYING AGENTS, PLAIN",C10A A HMG CoA reductase inhibitors,C10A A07 Rosuvastatin,33901,ROSUVASTATINUM,Oral Solid Ordinary," tabs coated w/film 20 mg blister, #10",20.0,mg,10.0,Oral solid,ATC4,C10A A HMG CoA reductase inhibitors,686.0,0.0,0.0,0.0,0.0
246707,C CARDIOVASCULAR SYSTEM,C08 CALCIUM CHANNEL BLOCKERS,C08C SELECTIVE CALCIUM CHANNEL BLOCKERS WITH MAINLY VASCULAR EFFECTS,C08C A Dihydropyridine derivatives,C08C A01 Amlodipine,15047,AMLODIPINUM,Oral Solid Ordinary," tabs 5 mg blister, #30",5.0,mg,30.0,Oral solid,No sampled peer,No sampled peer,119.81000000000002,0.69,0.0,0.0,0.0
136595,G GENITO URINARY SYSTEM AND SEX HORMONES,G04 UROLOGICALS,G04B UROLOGICALS,G04B E Drugs used in erectile dysfunction,G04B E03 Sildenafilum,40994,SILDENAFILUM,Oral Solid Ordinary," tablets coated 100 mg, in a pack, #2",100.0,mg,2.0,Oral solid,No sampled peer,No sampled peer,454.2699999999999,169.76,71.92999999999999,21.47,30.35
298414,A ALIMENTARY TRACT AND METABOLISM,A02 DRUGS FOR ACID RELATED DISORDERS,A02B DRUGS FOR TREATMENT OF PEPTIC ULCER AND GASTRO-OESOPHAGEAL REFLUX DISEASE,A02B C Proton pump inhibitors,A02B C02 Pantoprazole,15598,PANTOPRAZOLUM,Oral Solid Ordinary," tabs intest. solub. 20 mg blister, #28",20.0,mg,28.0,Oral solid,No sampled peer,No sampled peer,389.07,0.0,0.0,0.0,0.0
110940,M MUSCULO-SCELETAL SYSTEM,M01 ANTIINFLAMMATORY AND ANTIRHEUMATIC PRODUCTS,"M01A ANTIINFLAMMATORY AND ANTIRHEUMATIC PRODUCTS, NON-STEROIDS",M01A B Acetic acid derivatives and related substances,M01A B05 Diclofenac,26652,DICLOFENACUM,Oral Solid Retard," coat. tabs, prolong. action 75 mg, #20",75.0,mg,20.0,Oral solid,ATC3,"M01A ANTIINFLAMMATORY AND ANTIRHEUMATIC PRODUCTS, NON-STEROIDS",69.41999999999999,9.61,0.0,0.0,0.0
299067,N NERVOUS SYSTEM,N06 PSYCHOANALEPTICS,"N06B PSYCHOSTIMULANTS, AGENTS USED FOR ADHD AND NOOTROPICS",N06B X Other psychostimulants and nootropics,N06B X06 Citicoline,5285,CITICOLINUM,Parenteral Ordinary," sol.  for inj. 250 mg/ml amp. 4 ml, #5",250.0,mg,5.0,Parenteral,No sampled peer,No sampled peer,2201.63,29917.91,53818.48,38284.53,40945.91
126275,G GENITO URINARY SYSTEM AND SEX HORMONES,G04 UROLOGICALS,G04B UROLOGICALS,G04B E Drugs used in erectile dysfunction,G04B E03 Sildenafilum,9045,SILDENAFILUM,Oral Solid Ordinary," tablets coated 25 mg, #4",25.0,mg,4.0,Oral solid,No sampled peer,No sampled peer,528.5,299.8,707.14,519.6700000000001,421.14
82973,A ALIMENTARY TRACT AND METABOLISM,A02 DRUGS FOR ACID RELATED DISORDERS,A02B DRUGS FOR TREATMENT OF PEPTIC ULCER AND GASTRO-OESOPHAGEAL REFLUX DISEASE,A02B C Proton pump inhibitors,A02B C02 Pantoprazole,47525,PANTOPRAZOLUM,Oral Solid Ordinary," tabs coat.intest.-soluble 40 mg blister, #30",40.0,mg,30.0,Oral solid,No sampled peer,No sampled peer,279.9,324.06,11.69,0.0,0.0
327327,N NERVOUS SYSTEM,N02 ANALGESICS,N02B OTHER ANALGESICS AND ANTIPYRETICS,N02B F Gabapentinoids,N02B F02 Pregabalin,49971,PREGABALINUM,Oral Solid Ordinary," caps. 150 mg blister, #14",150.0,mg,14.0,Oral solid,ATC3,N02B OTHER ANALGESICS AND ANTIPYRETICS,426.99,35.45,0.0,0.0,0.0
112252,J GENERAL ANTIINFECTIVES FOR SYSTEMIC USE,J01 ANTIBACTERIALS FOR SYSTEMIC USE,J01M QUINOLONE ANTIBACTERIALS,J01M A Fluoroquinolones,J01M A12 Levofloxacin,3554,LEVOFLOXACINUM,Oral Solid Ordinary," tabs coated w/film 500 mg blister, #10",500.0,mg,10.0,Oral solid,No sampled peer,No sampled peer,93.48999999999998,0.0,0.0,0.0,0.0
395251,C CARDIOVASCULAR SYSTEM,C10 LIPID MODIFYING AGENTS,"C10A LIPID MODIFYING AGENTS, PLAIN",C10A A HMG CoA reductase inhibitors,C10A A05 Atorvastatin,12453,ATORVASTATINUM,Oral Solid Ordinary," tabs coated w/film 40 mg blister, #30",40.0,mg,30.0,Oral solid,ATC4,C10A A HMG CoA reductase inhibitors,65.63,0.0,0.0,0.0,0.0
326849,N NERVOUS SYSTEM,N06 PSYCHOANALEPTICS,"N06B PSYCHOSTIMULANTS, AGENTS USED FOR ADHD AND NOOTROPICS",N06B X Other psychostimulants and nootropics,N06B X06 Citicoline,45513,CITICOLINUM,Parenteral Ordinary," sol.  for inj. 1000 mg/4 ml amp. 4 ml, #5",1000.0,mg,5.0,Parenteral,No sampled peer,No sampled peer,142.29000000000005,8.7,0.0,0.0,0.0
246710,C CARDIOVASCULAR SYSTEM,C08 CALCIUM CHANNEL BLOCKERS,C08C SELECTIVE CALCIUM CHANNEL BLOCKERS WITH MAINLY VASCULAR EFFECTS,C08C A Dihydropyridine derivatives,C08C A01 Amlodipine,15047,AMLODIPINUM,Oral Solid Ordinary," tabs 10 mg blister, #30",10.0,mg,30.0,Oral solid,No sampled peer,No sampled peer,287.46,78.28000000000002,0.01,0.0,0.0
138406,C CARDIOVASCULAR SYSTEM,C07 BETA BLOCKING AGENTS,C07A BETA-BLOCKING AGENTS,"C07A B Beta blocking agents, selective",C07A B07 Bisoprolol,13032,BISOPROLOLUM,Oral Solid Ordinary," tabs coated w/film 5 mg blister in box, #30",5.0,mg,30.0,Oral solid,No sampled peer,No sampled peer,357.28,63.01999999999999,0.0,0.0,0.0
174155,C CARDIOVASCULAR SYSTEM,C07 BETA BLOCKING AGENTS,C07A BETA-BLOCKING AGENTS,"C07A B Beta blocking agents, selective",C07A B07 Bisoprolol,34942,BISOPROLOLUM,Oral Solid Ordinary," tabs coated w/film 5 mg, #30",5.0,mg,30.0,Oral solid,No sampled peer,No sampled peer,69.47999999999999,0.0,0.0,0.0,0.0
117530,J GENERAL ANTIINFECTIVES FOR SYSTEMIC USE,J01 ANTIBACTERIALS FOR SYSTEMIC USE,"J01F MACROLIDES, LINCOSAMIDES AND STREPTOGRAMINS",J01F A Macrolides,J01F A10 Azithromycin,36539,AZITHROMYCINUM,Oral Solid Ordinary," tablets coated 250 mg blister, #6",250.0,mg,6.0,Oral solid,No sampled peer,No sampled peer,351.97999999999996,1860.85,1327.15,657.8200000000002,419.43
336696,J GENERAL ANTIINFECTIVES FOR SYSTEMIC USE,J01 ANTIBACTERIALS FOR SYSTEMIC USE,"J01F MACROLIDES, LINCOSAMIDES AND STREPTOGRAMINS",J01F A Macrolides,J01F A10 Azithromycin,9938,AZITHROMYCINUM,Oral Solid Ordinary," tabs coated w/film 250 mg blister, #6",250.0,mg,6.0,Oral solid,No sampled peer,No sampled peer,52.870000000000005,0.0,0.0,0.0,0.0
336105,G GENITO URINARY SYSTEM AND SEX HORMONES,G04 UROLOGICALS,G04B UROLOGICALS,G04B E Drugs used in erectile dysfunction,G04B E03 Sildenafilum,45455,SILDENAFILUM,Oral Solid Ordinary," tablets coated 100 mg blister, #1",100.0,mg,1.0,Oral solid,No sampled peer,No sampled peer,859.8000000000001,36.67,0.0,0.0,0.0
29403,M MUSCULO-SCELETAL SYSTEM,M01 ANTIINFLAMMATORY AND ANTIRHEUMATIC PRODUCTS,"M01A ANTIINFLAMMATORY AND ANTIRHEUMATIC PRODUCTS, NON-STEROIDS",M01A B Acetic acid derivatives and related substances,M01A B05 Diclofenac,47498,DICLOFENACUM,Oral Solid Ordinary," tabs coat.w/film, int.-sol. 50 mg blister, #50",50.0,mg,50.0,Oral solid,ATC3,"M01A ANTIINFLAMMATORY AND ANTIRHEUMATIC PRODUCTS, NON-STEROIDS",937.53,84.63,0.0,0.0,0.0
390917,J GENERAL ANTIINFECTIVES FOR SYSTEMIC USE,J02 ANTIMYCOTICS FOR SYSTEMIC USE,J02A ANTIMYCOTICS FOR SYSTEMIC USE,J02A C Triazole and tetrazole derivatives,J02A C01 Fluconazole,35583,FLUCONAZOLUM,Parenteral Ordinary," sol. f/infus. 2 mg/ml bot. 100 ml, in a pack, #1",2.0,mg,1.0,Parenteral,No sampled peer,No sampled peer,972.4200000000001,3758.23,8686.32,2559.879999999999,1985.39
327232,B BLOOD AND BLOOD FORMING ORGANS,B01 ANTITHROMBOTIC AGENTS,B01A ANTITHROMBOTIC AGENTS,B01A C Platelet aggregation inhibitors excl. heparin,B01A C06 Acetylsalicylic acid,5866,ACIDUM ACETYLSALICYLICUM*,Oral Solid Ordinary," tabs coated w/film 150 mg blister in pack, #30",150.0,mg,30.0,Oral solid,No sampled peer,No sampled peer,540.3900000000001,684.1999999999999,0.0,0.0,0.0
137684,B BLOOD AND BLOOD FORMING ORGANS,B01 ANTITHROMBOTIC AGENTS,B01A ANTITHROMBOTIC AGENTS,B01A C Platelet aggregation inhibitors excl. heparin,B01A C06 Acetylsalicylic acid,25023,ACIDUM ACETYLSALICYLICUM*,Oral Solid Ordinary," tabs coat.intest.-soluble 75 mg strip, #100",75.0,mg,100.0,Oral solid,No sampled peer,No sampled peer,672.77,611.35,0.0,0.0,0.0
326609,J GENERAL ANTIINFECTIVES FOR SYSTEMIC USE,J01 ANTIBACTERIALS FOR SYSTEMIC USE,"J01F MACROLIDES, LINCOSAMIDES AND STREPTOGRAMINS",J01F A Macrolides,J01F A10 Azithromycin,477,AZITHROMYCINUM,Parenteral Ordinary," lyophil. f/solut. f/inf. 500 mg flask, #1",500.0,mg,1.0,Parenteral,No sampled peer,No sampled peer,713.9699999999999,2421.1500000000005,1273.31,772.73,701.1299999999999
152411,C CARDIOVASCULAR SYSTEM,C10 LIPID MODIFYING AGENTS,"C10A LIPID MODIFYING AGENTS, PLAIN",C10A A HMG CoA reductase inhibitors,C10A A05 Atorvastatin,41834,ATORVASTATINUM,Oral Solid Ordinary," tabs coated w/film 10 mg blister, #30",10.0,mg,30.0,Oral solid,ATC4,C10A A HMG CoA reductase inhibitors,128.45999999999998,0.0,0.0,0.0,0.0
325811,M MUSCULO-SCELETAL SYSTEM,M02 TOPICAL PRODUCTS FOR JOINT AND MUSCULAR PAIN,M02A TOPICAL PRODUCTS FOR JOINT AND MUSCULAR PAIN,"M02A A Antiinflammatory preparations, non-steroids for topical use",M02A A13 Ibuprofen,23128,IBUPROFENUM,"Topical Dermatological, Haemorrhoidal, External"," spray f/ext.applic. 50 mg/g fl., PET w/ spray 50 ml",50.0,mg,,Topical,ATC4,"M02A A Antiinflammatory preparations, non-steroids for topical use",1443.7400000000002,932.6899999999999,515.77,11.37,0.0
410835,C CARDIOVASCULAR SYSTEM,C10 LIPID MODIFYING AGENTS,"C10A LIPID MODIFYING AGENTS, PLAIN",C10A A HMG CoA reductase inhibitors,C10A A07 Rosuvastatin,33901,ROSUVASTATINUM,Oral Solid Ordinary," tabs coated w/film 10 mg blister, #10",10.0,mg,10.0,Oral solid,ATC4,C10A A HMG CoA reductase inhibitors,1170.3400000000001,0.0,0.0,0.0,0.0
167737,C CARDIOVASCULAR SYSTEM,C10 LIPID MODIFYING AGENTS,"C10A LIPID MODIFYING AGENTS, PLAIN",C10A A HMG CoA reductase inhibitors,C10A A07 Rosuvastatin,33901,ROSUVASTATINUM,Oral Solid Ordinary," tabs coated w/film 10 mg blister, #28",10.0,mg,28.0,Oral solid,ATC4,C10A A HMG CoA reductase inhibitors,1889.85,26332.16,65729.18000000001,80662.34,23652.940000000002
41200,J GENERAL ANTIINFECTIVES FOR SYSTEMIC USE,J02 ANTIMYCOTICS FOR SYSTEMIC USE,J02A ANTIMYCOTICS FOR SYSTEMIC USE,J02A C Triazole and tetrazole derivatives,J02A C01 Fluconazole,49884,FLUCONAZOLUM,Parenteral Ordinary, sol. f/infus. 2 mg/ml bot. 50 ml,2.0,mg,,Parenteral,No sampled peer,No sampled peer,645.9300000000001,1012.01,402.3500000000001,127.12,50.31999999999999
44550,J GENERAL ANTIINFECTIVES FOR SYSTEMIC USE,J01 ANTIBACTERIALS FOR SYSTEMIC USE,"J01F MACROLIDES, LINCOSAMIDES AND STREPTOGRAMINS",J01F A Macrolides,J01F A10 Azithromycin,9159,AZITHROMYCINUM,Oral Solid Ordinary," tabs coated w/film 500 mg blister, #3",500.0,mg,3.0,Oral solid,No sampled peer,No sampled peer,561.01,0.0,0.0,0.0,0.0
141434,G GENITO URINARY SYSTEM AND SEX HORMONES,G04 UROLOGICALS,G04B UROLOGICALS,G04B E Drugs used in erectile dysfunction,G04B E03 Sildenafilum,43990,SILDENAFILUM,Oral Solid Ordinary," tabs coated w/film 100 mg blister, #1",100.0,mg,1.0,Oral solid,No sampled peer,No sampled peer,647.42,822.29,678.92,0.0,0.0
141433,G GENITO URINARY SYSTEM AND SEX HORMONES,G04 UROLOGICALS,G04B UROLOGICALS,G04B E Drugs used in erectile dysfunction,G04B E03 Sildenafilum,43990,SILDENAFILUM,Oral Solid Ordinary," tabs coated w/film 50 mg blister, #1",50.0,mg,1.0,Oral solid,No sampled peer,No sampled peer,1059.79,1065.55,944.3699999999998,0.0,0.0
511564,G GENITO URINARY SYSTEM AND SEX HORMONES,G04 UROLOGICALS,G04B UROLOGICALS,G04B E Drugs used in erectile dysfunction,G04B E03 Sildenafilum,42778,SILDENAFILUM,Oral Solid Ordinary," tabs coated w/film 50 mg blister, in cardboard box, #4",50.0,mg,4.0,Oral solid,No sampled peer,No sampled peer,2046.89,995.3299999999998,0.0,0.0,0.0
336523,A ALIMENTARY TRACT AND METABOLISM,A02 DRUGS FOR ACID RELATED DISORDERS,A02B DRUGS FOR TREATMENT OF PEPTIC ULCER AND GASTRO-OESOPHAGEAL REFLUX DISEASE,A02B C Proton pump inhibitors,A02B C02 Pantoprazole,14838,PANTOPRAZOLUM,Parenteral Ordinary," liophylizate f/solution f/inj. 40 mg flask, #5",40.0,mg,5.0,Parenteral,No sampled peer,No sampled peer,931.2500000000001,515.24,871.3899999999999,1399.47,2907.32
511568,G GENITO URINARY SYSTEM AND SEX HORMONES,G04 UROLOGICALS,G04B UROLOGICALS,G04B E Drugs used in erectile dysfunction,G04B E03 Sildenafilum,42778,SILDENAFILUM,Oral Solid Ordinary," tabs coated w/film 100 mg blister, in cardboard box, #4",100.0,mg,4.0,Oral solid,No sampled peer,No sampled peer,1866.7300000000002,556.8399999999999,5.02,0.0,0.0
152407,C CARDIOVASCULAR SYSTEM,C10 LIPID MODIFYING AGENTS,"C10A LIPID MODIFYING AGENTS, PLAIN",C10A A HMG CoA reductase inhibitors,C10A A05 Atorvastatin,41834,ATORVASTATINUM,Oral Solid Ordinary," tabs coated w/film 20 mg blister, #30",20.0,mg,30.0,Oral solid,ATC4,C10A A HMG CoA reductase inhibitors,207.41,0.0,0.0,0.0,0.0
336535,S SENSORY ORGANS,S01 OPHTALMOLOGICALS,S01B ANTIINFLAMMATORY AGENTS,"S01B C Antiinflammatory agents, non-steroids",S01B C03 Diclofenac,3419,DICLOFENACUM,Ophthalmic," eye drops, solution 1 mg/ml drop fl. 5 ml, #1",1.0,mg,1.0,Ophthalmic,No sampled peer,No sampled peer,65.78,0.0,0.0,18205.949999999997,30992.840000000004
309769,A ALIMENTARY TRACT AND METABOLISM,A02 DRUGS FOR ACID RELATED DISORDERS,A02B DRUGS FOR TREATMENT OF PEPTIC ULCER AND GASTRO-OESOPHAGEAL REFLUX DISEASE,A02B C Proton pump inhibitors,A02B C02 Pantoprazole,9041,PANTOPRAZOLUM,Parenteral Ordinary," powd.fr-dr., f/prep.s of sol. 40 mg flask, #10",40.0,mg,10.0,Parenteral,No sampled peer,No sampled peer,1495.1200000000001,0.0,0.0,0.0,0.0
106028,J GENERAL ANTIINFECTIVES FOR SYSTEMIC USE,J02 ANTIMYCOTICS FOR SYSTEMIC USE,J02A ANTIMYCOTICS FOR SYSTEMIC USE,J02A C Triazole and tetrazole derivatives,J02A C01 Fluconazole,34654,FLUCONAZOLUM,Oral Solid Ordinary," tablets dispersible 50 mg, #4",50.0,mg,4.0,Oral solid,No sampled peer,No sampled peer,368.11,0.0,0.0,0.0,0.0
326812,J GENERAL ANTIINFECTIVES FOR SYSTEMIC USE,J01 ANTIBACTERIALS FOR SYSTEMIC USE,"J01F MACROLIDES, LINCOSAMIDES AND STREPTOGRAMINS",J01F A Macrolides,J01F A10 Azithromycin,477,AZITHROMYCINUM,Oral Liquid Ordinary," gran powder f/oral susp 200 mg/5 ml jar, can 25,4 g, #1",200.0,mg,1.0,Oral liquid,No sampled peer,No sampled peer,1053.81,261.84999999999997,190.72999999999996,69.89,142.63
291004,N NERVOUS SYSTEM,N06 PSYCHOANALEPTICS,"N06B PSYCHOSTIMULANTS, AGENTS USED FOR ADHD AND NOOTROPICS",N06B X Other psychostimulants and nootropics,N06B X06 Citicoline,27086,CITICOLINUM,Parenteral Ordinary," sol.  for inj. 250 mg/ml amp. 4 ml, #5",250.0,mg,5.0,Parenteral,No sampled peer,No sampled peer,978.6200000000001,588.22,256.10999999999996,205.64999999999998,1489.0900000000001
49220,A ALIMENTARY TRACT AND METABOLISM,A10 DRUGS USED IN DIABETS,"A10B BLOOD GLUCOSE LOWERING DRUGS, EXCL. INSULINS",A10B A Biguanides,A10B A02 Metformin,5396,METFORMINUM,Oral Solid Ordinary," tabs coated w/film 850 mg, #120",850.0,mg,120.0,Oral solid,No sampled peer,No sampled peer,2957.33,5019.91,241.62,13847.500000000002,10262.66
126348,M MUSCULO-SCELETAL SYSTEM,M01 ANTIINFLAMMATORY AND ANTIRHEUMATIC PRODUCTS,"M01A ANTIINFLAMMATORY AND ANTIRHEUMATIC PRODUCTS, NON-STEROIDS",M01A E Propionic acid derivatives,M01A E01 Ibuprofen,21024,IBUPROFENUM,Oral Solid Ordinary," tablets coated 400 mg flask, #24",400.0,mg,24.0,Oral solid,ATC3,"M01A ANTIINFLAMMATORY AND ANTIRHEUMATIC PRODUCTS, NON-STEROIDS",350.71,0.0,0.0,0.0,0.0
45473,M MUSCULO-SCELETAL SYSTEM,M01 ANTIINFLAMMATORY AND ANTIRHEUMATIC PRODUCTS,"M01A ANTIINFLAMMATORY AND ANTIRHEUMATIC PRODUCTS, NON-STEROIDS",M01A B Acetic acid derivatives and related substances,M01A B05 Diclofenac,34428,DICLOFENACUM,Oral Solid Ordinary," tabs coat.intest.-soluble 25 mg blister, #10",25.0,mg,10.0,Oral solid,ATC3,"M01A ANTIINFLAMMATORY AND ANTIRHEUMATIC PRODUCTS, NON-STEROIDS",87.42,0.0,0.0,0.0,0.0
29989,J GENERAL ANTIINFECTIVES FOR SYSTEMIC USE,J02 ANTIMYCOTICS FOR SYSTEMIC USE,J02A ANTIMYCOTICS FOR SYSTEMIC USE,J02A C Triazole and tetrazole derivatives,J02A C01 Fluconazole,44063,FLUCONAZOLUM,Oral Solid Ordinary," caps. 150 mg blister, #2",150.0,mg,2.0,Oral solid,No sampled peer,No sampled peer,174.89,0.0,0.0,0.0,0.0
189046,M MUSCULO-SCELETAL SYSTEM,M02 TOPICAL PRODUCTS FOR JOINT AND MUSCULAR PAIN,M02A TOPICAL PRODUCTS FOR JOINT AND MUSCULAR PAIN,"M02A A Antiinflammatory preparations, non-steroids for topical use",M02A A15 Diclofenac,3419,DICLOFENACUM,"Topical Dermatological, Haemorrhoidal, External", gel 10 mg/g tube 45 g,10.0,mg,,Topical,ATC4,"M02A A Antiinflammatory preparations, non-steroids for topical use",897.0300000000001,838.8699999999999,76.11,0.0,0.0
104972,M MUSCULO-SCELETAL SYSTEM,M01 ANTIINFLAMMATORY AND ANTIRHEUMATIC PRODUCTS,"M01A ANTIINFLAMMATORY AND ANTIRHEUMATIC PRODUCTS, NON-STEROIDS",M01A C Oxicams,M01A C06 Meloxicam,45359,MELOXICAMUM,Oral Solid Ordinary," tabs 0,015 g blister, in a pack, #10",0.015,g,10.0,Oral solid,ATC3,"M01A ANTIINFLAMMATORY AND ANTIRHEUMATIC PRODUCTS, NON-STEROIDS",3007.04,7100.110000000001,3833.86,0.0,0.0
484303,A ALIMENTARY TRACT AND METABOLISM,A10 DRUGS USED IN DIABETS,"A10B BLOOD GLUCOSE LOWERING DRUGS, EXCL. INSULINS",A10B A Biguanides,A10B A02 Metformin,39461,METFORMINUM,Oral Solid Ordinary," tabs coated w/film 1000 mg blister, #60",1000.0,mg,60.0,Oral solid,No sampled peer,No sampled peer,6152.750000000001,14301.219999999998,40799.369999999995,23459.789999999997,16790.23
11460,J GENERAL ANTIINFECTIVES FOR SYSTEMIC USE,J02 ANTIMYCOTICS FOR SYSTEMIC USE,J02A ANTIMYCOTICS FOR SYSTEMIC USE,J02A C Triazole and tetrazole derivatives,J02A C01 Fluconazole,33920,FLUCONAZOLUM,Oral Solid Ordinary," caps. 50 mg, #7",50.0,mg,7.0,Oral solid,No sampled peer,No sampled peer,879.6800000000002,517.3000000000001,290.72,92.17999999999999,66.2
136590,G GENITO URINARY SYSTEM AND SEX HORMONES,G04 UROLOGICALS,G04B UROLOGICALS,G04B E Drugs used in erectile dysfunction,G04B E03 Sildenafilum,40994,SILDENAFILUM,Oral Solid Ordinary," tablets coated 25 mg, in a pack, #4",25.0,mg,4.0,Oral solid,No sampled peer,No sampled peer,875.9799999999999,677.54,732.0899999999999,399.08000000000004,542.09
414276,A ALIMENTARY TRACT AND METABOLISM,A10 DRUGS USED IN DIABETS,"A10B BLOOD GLUCOSE LOWERING DRUGS, EXCL. INSULINS",A10B A Biguanides,A10B A02 Metformin,39461,METFORMINUM,Oral Solid Ordinary," tabs coated w/film 500 mg blister, #30",500.0,mg,30.0,Oral solid,No sampled peer,No sampled peer,5612.75,8316.060000000001,20.72,0.0,0.0
411929,J GENERAL ANTIINFECTIVES FOR SYSTEMIC USE,J01 ANTIBACTERIALS FOR SYSTEMIC USE,J01M QUINOLONE ANTIBACTERIALS,J01M A Fluoroquinolones,J01M A12 Levofloxacin,17413,LEVOFLOXACINUM,Parenteral Ordinary," sol. f/infus. 0,5 % bot. 150 ml, #1",,,1.0,Parenteral,No sampled peer,No sampled peer,1990.31,16205.329999999998,23864.390000000003,5549.92,2975.5099999999993
136592,G GENITO URINARY SYSTEM AND SEX HORMONES,G04 UROLOGICALS,G04B UROLOGICALS,G04B E Drugs used in erectile dysfunction,G04B E03 Sildenafilum,40994,SILDENAFILUM,Oral Solid Ordinary," tablets coated 50 mg, in a pack, #2",50.0,mg,2.0,Oral solid,No sampled peer,No sampled peer,728.25,250.60999999999996,149.83,6.61,52.73
414271,A ALIMENTARY TRACT AND METABOLISM,A10 DRUGS USED IN DIABETS,"A10B BLOOD GLUCOSE LOWERING DRUGS, EXCL. INSULINS",A10B A Biguanides,A10B A02 Metformin,39461,METFORMINUM,Oral Solid Ordinary," tabs coated w/film 1000 mg blister, #60",1000.0,mg,60.0,Oral solid,No sampled peer,No sampled peer,4729.599999999999,410.18999999999994,0.48,619.69,2.26
438603,R RESPIRATORY SYSTEM,R05 COUGH AND COLD PREPARATIONS,"R05C EXPECTORANTS, EXCL. COMBINATIONS WITH COUGH SUPRESSANTS",R05C B Mucolytics,R05C B01 Acetylcysteine,23665,ACETYLCYSTEINUM,Oral Liquid Ordinary," powder f/oral solution 100 мг/0,5 г sachet, #20",,,20.0,Oral liquid,ATC4,R05C B Mucolytics,593.7100000000002,0.0,0.0,0.0,0.0
141444,G GENITO URINARY SYSTEM AND SEX HORMONES,G04 UROLOGICALS,G04B UROLOGICALS,G04B E Drugs used in erectile dysfunction,G04B E03 Sildenafilum,43990,SILDENAFILUM,Oral Solid Ordinary," tabs coated w/film 100 mg blister, #4",100.0,mg,4.0,Oral solid,No sampled peer,No sampled peer,99.45,0.0,0.0,0.0,0.0
326016,N NERVOUS SYSTEM,N02 ANALGESICS,N02B OTHER ANALGESICS AND ANTIPYRETICS,N02B F Gabapentinoids,N02B F02 Pregabalin,18890,PREGABALINUM,Oral Solid Ordinary," caps. 150 mg blister, #14",150.0,mg,14.0,Oral solid,ATC3,N02B OTHER ANALGESICS AND ANTIPYRETICS,464.5800000000001,5.45,0.0,0.0,0.0
75906,J GENERAL ANTIINFECTIVES FOR SYSTEMIC USE,J01 ANTIBACTERIALS FOR SYSTEMIC USE,"J01F MACROLIDES, LINCOSAMIDES AND STREPTOGRAMINS",J01F A Macrolides,J01F A10 Azithromycin,3410,AZITHROMYCINUM,Oral Solid Ordinary," tablets coated 250 mg strip, #6",250.0,mg,6.0,Oral solid,No sampled peer,No sampled peer,1408.9399999999998,1647.7399999999998,969.79,746.5800000000002,99.91
412491,C CARDIOVASCULAR SYSTEM,C10 LIPID MODIFYING AGENTS,"C10A LIPID MODIFYING AGENTS, PLAIN",C10A A HMG CoA reductase inhibitors,C10A A05 Atorvastatin,41834,ATORVASTATINUM,Oral Solid Ordinary," tabs coated w/film 10 mg blister, #90",10.0,mg,90.0,Oral solid,ATC4,C10A A HMG CoA reductase inhibitors,1554.7200000000003,843.5400000000001,6.64,1.83,0.14
79251,C CARDIOVASCULAR SYSTEM,C10 LIPID MODIFYING AGENTS,"C10A LIPID MODIFYING AGENTS, PLAIN",C10A A HMG CoA reductase inhibitors,C10A A05 Atorvastatin,9750,ATORVASTATINUM,Oral Solid Ordinary," tablets coated 40 mg, #30",40.0,mg,30.0,Oral solid,ATC4,C10A A HMG CoA reductase inhibitors,547.2199999999999,0.0,0.0,0.0,0.0
11465,M MUSCULO-SCELETAL SYSTEM,M01 ANTIINFLAMMATORY AND ANTIRHEUMATIC PRODUCTS,"M01A ANTIINFLAMMATORY AND ANTIRHEUMATIC PRODUCTS, NON-STEROIDS",M01A B Acetic acid derivatives and related substances,M01A B05 Diclofenac,34028,DICLOFENACUM,Rectal systemic," suppository 100 mg blister, in box, #10",100.0,mg,10.0,Rectal/vaginal,ATC3,"M01A ANTIINFLAMMATORY AND ANTIRHEUMATIC PRODUCTS, NON-STEROIDS",398.32,0.0,0.0,0.0,0.0
503144,J GENERAL ANTIINFECTIVES FOR SYSTEMIC USE,J01 ANTIBACTERIALS FOR SYSTEMIC USE,J01M QUINOLONE ANTIBACTERIALS,J01M A Fluoroquinolones,J01M A12 Levofloxacin,25703,LEVOFLOXACINUM,Parenteral Ordinary," sol. f/infus. 500 mg/100 ml cont. 150 ml, package polyethylene, box, #1",500.0,mg,1.0,Parenteral,No sampled peer,No sampled peer,3557.49,22073.23,36793.47,10338.180000000002,6375.449999999999
273095,C CARDIOVASCULAR SYSTEM,C10 LIPID MODIFYING AGENTS,"C10A LIPID MODIFYING AGENTS, PLAIN",C10A A HMG CoA reductase inhibitors,C10A A05 Atorvastatin,12453,ATORVASTATINUM,Oral Solid Ordinary," tabs coated w/film 10 mg blister, #30",10.0,mg,30.0,Oral solid,ATC4,C10A A HMG CoA reductase inhibitors,1907.9199999999998,150.01,0.0,0.0,0.0
187700,M MUSCULO-SCELETAL SYSTEM,M01 ANTIINFLAMMATORY AND ANTIRHEUMATIC PRODUCTS,"M01A ANTIINFLAMMATORY AND ANTIRHEUMATIC PRODUCTS, NON-STEROIDS",M01A C Oxicams,M01A C06 Meloxicam,45359,MELOXICAMUM,Parenteral Ordinary," sol.  for inj. 10 mg/ml flask 1,5 ml, #5",10.0,mg,5.0,Parenteral,ATC3,"M01A ANTIINFLAMMATORY AND ANTIRHEUMATIC PRODUCTS, NON-STEROIDS",263.8,0.0,0.0,0.0,0.0
336522,A ALIMENTARY TRACT AND METABOLISM,A02 DRUGS FOR ACID RELATED DISORDERS,A02B DRUGS FOR TREATMENT OF PEPTIC ULCER AND GASTRO-OESOPHAGEAL REFLUX DISEASE,A02B C Proton pump inhibitors,A02B C02 Pantoprazole,14838,PANTOPRAZOLUM,Parenteral Ordinary," liophylizate f/solution f/inj. 40 mg flask, #1",40.0,mg,1.0,Parenteral,No sampled peer,No sampled peer,3282.06,6693.579999999999,11154.630000000001,10540.619999999999,14496.539999999997
136588,G GENITO URINARY SYSTEM AND SEX HORMONES,G04 UROLOGICALS,G04B UROLOGICALS,G04B E Drugs used in erectile dysfunction,G04B E03 Sildenafilum,40994,SILDENAFILUM,Oral Solid Ordinary," tablets coated 25 mg, in a pack, #1",25.0,mg,1.0,Oral solid,No sampled peer,No sampled peer,290.09000000000003,174.71999999999997,0.0,0.0,0.0
136596,G GENITO URINARY SYSTEM AND SEX HORMONES,G04 UROLOGICALS,G04B UROLOGICALS,G04B E Drugs used in erectile dysfunction,G04B E03 Sildenafilum,40994,SILDENAFILUM,Oral Solid Ordinary," tablets coated 100 mg, in a pack, #4",100.0,mg,4.0,Oral solid,No sampled peer,No sampled peer,1033.09,577.1400000000001,378.98,107.78999999999998,105.17
283801,M MUSCULO-SCELETAL SYSTEM,M01 ANTIINFLAMMATORY AND ANTIRHEUMATIC PRODUCTS,"M01A ANTIINFLAMMATORY AND ANTIRHEUMATIC PRODUCTS, NON-STEROIDS",M01A C Oxicams,M01A C06 Meloxicam,34405,MELOXICAMUM,Oral Solid Ordinary," tablets dispersible 15 mg blister, #10",15.0,mg,10.0,Oral solid,ATC3,"M01A ANTIINFLAMMATORY AND ANTIRHEUMATIC PRODUCTS, NON-STEROIDS",546.84,0.0,0.0,0.0,0.0
391343,J GENERAL ANTIINFECTIVES FOR SYSTEMIC USE,J01 ANTIBACTERIALS FOR SYSTEMIC USE,"J01F MACROLIDES, LINCOSAMIDES AND STREPTOGRAMINS",J01F A Macrolides,J01F A10 Azithromycin,6669,AZITHROMYCINUM,Oral Solid Ordinary," tablets dispersible 1000 mg blister, #3",1000.0,mg,3.0,Oral solid,No sampled peer,No sampled peer,1360.1299999999997,3360.18,914.48,2934.59,826.4100000000001
141440,G GENITO URINARY SYSTEM AND SEX HORMONES,G04 UROLOGICALS,G04B UROLOGICALS,G04B E Drugs used in erectile dysfunction,G04B E03 Sildenafilum,43990,SILDENAFILUM,Oral Solid Ordinary," tabs coated w/film 50 mg blister, #4",50.0,mg,4.0,Oral solid,No sampled peer,No sampled peer,119.08,0.0,0.0,0.0,0.0
79241,C CARDIOVASCULAR SYSTEM,C10 LIPID MODIFYING AGENTS,"C10A LIPID MODIFYING AGENTS, PLAIN",C10A A HMG CoA reductase inhibitors,C10A A05 Atorvastatin,9750,ATORVASTATINUM,Oral Solid Ordinary," tablets coated 10 mg, #30",10.0,mg,30.0,Oral solid,ATC4,C10A A HMG CoA reductase inhibitors,754.04,0.0,0.0,0.0,0.0
389677,J GENERAL ANTIINFECTIVES FOR SYSTEMIC USE,J01 ANTIBACTERIALS FOR SYSTEMIC USE,J01M QUINOLONE ANTIBACTERIALS,J01M A Fluoroquinolones,J01M A12 Levofloxacin,39905,LEVOFLOXACINUM,Parenteral Ordinary," sol. f/infus. 500 mg/100 ml cont. 100 ml, #1",500.0,mg,1.0,Parenteral,No sampled peer,No sampled peer,4707.250000000001,121.32999999999998,0.0,0.0,0.0
136593,G GENITO URINARY SYSTEM AND SEX HORMONES,G04 UROLOGICALS,G04B UROLOGICALS,G04B E Drugs used in erectile dysfunction,G04B E03 Sildenafilum,40994,SILDENAFILUM,Oral Solid Ordinary," tablets coated 50 mg, in a pack, #4",50.0,mg,4.0,Oral solid,No sampled peer,No sampled peer,1029.7,531.3199999999999,414.54999999999995,9.75,45.769999999999996
105986,J GENERAL ANTIINFECTIVES FOR SYSTEMIC USE,J01 ANTIBACTERIALS FOR SYSTEMIC USE,J01M QUINOLONE ANTIBACTERIALS,J01M A Fluoroquinolones,J01M A12 Levofloxacin,39905,LEVOFLOXACINUM,Oral Solid Ordinary," tabs coated w/film 750 mg, #5",750.0,mg,5.0,Oral solid,No sampled peer,No sampled peer,3911.4300000000003,6784.21,46.370000000000005,0.0,0.0
98235,G GENITO URINARY SYSTEM AND SEX HORMONES,G04 UROLOGICALS,G04B UROLOGICALS,G04B E Drugs used in erectile dysfunction,G04B E03 Sildenafilum,9045,SILDENAFILUM,Oral Solid Ordinary," tablets coated 50 mg, #1",50.0,mg,1.0,Oral solid,No sampled peer,No sampled peer,1231.53,517.2800000000001,297.09999999999997,96.04000000000002,65.75
198136,R RESPIRATORY SYSTEM,R05 COUGH AND COLD PREPARATIONS,"R05C EXPECTORANTS, EXCL. COMBINATIONS WITH COUGH SUPRESSANTS",R05C B Mucolytics,R05C B06 Ambroxol,47302,AMBROXOLUM,Parenteral Ordinary," sol.  for inj. 7,5 mg/ml amp. 2 ml, #5",7.5,mg,5.0,Parenteral,ATC4,R05C B Mucolytics,20371.86,52127.8,61578.25,19157.96,10837.630000000001
434914,J GENERAL ANTIINFECTIVES FOR SYSTEMIC USE,J01 ANTIBACTERIALS FOR SYSTEMIC USE,J01M QUINOLONE ANTIBACTERIALS,J01M A Fluoroquinolones,J01M A12 Levofloxacin,26703,LEVOFLOXACINUM,Oral Solid Ordinary," tabs coated w/film 750 mg blister, #10",750.0,mg,10.0,Oral solid,No sampled peer,No sampled peer,1267.83,1557.88,0.98,0.0,0.0
327214,C CARDIOVASCULAR SYSTEM,C10 LIPID MODIFYING AGENTS,"C10A LIPID MODIFYING AGENTS, PLAIN",C10A A HMG CoA reductase inhibitors,C10A A05 Atorvastatin,3572,ATORVASTATINUM,Oral Solid Ordinary," tablets coated 80 mg blister, #28",80.0,mg,28.0,Oral solid,ATC4,C10A A HMG CoA reductase inhibitors,2271.05,2356.42,3008.3799999999997,1729.8,1906.9
88295,B BLOOD AND BLOOD FORMING ORGANS,B01 ANTITHROMBOTIC AGENTS,B01A ANTITHROMBOTIC AGENTS,B01A C Platelet aggregation inhibitors excl. heparin,B01A C06 Acetylsalicylic acid,44791,ACIDUM ACETYLSALICYLICUM*,Oral Solid Ordinary," tabs coat.w/film, int.-sol. 100 mg blister, #30",100.0,mg,30.0,Oral solid,No sampled peer,No sampled peer,3955.0299999999997,3211.48,6940.09,3710.55,3124.09
336106,G GENITO URINARY SYSTEM AND SEX HORMONES,G04 UROLOGICALS,G04B UROLOGICALS,G04B E Drugs used in erectile dysfunction,G04B E03 Sildenafilum,45455,SILDENAFILUM,Oral Solid Ordinary," tablets coated 100 mg blister, #4",100.0,mg,4.0,Oral solid,No sampled peer,No sampled peer,1670.3500000000001,10.0,0.0,0.0,0.0
98565,C CARDIOVASCULAR SYSTEM,C08 CALCIUM CHANNEL BLOCKERS,C08C SELECTIVE CALCIUM CHANNEL BLOCKERS WITH MAINLY VASCULAR EFFECTS,C08C A Dihydropyridine derivatives,C08C A01 Amlodipine,15047,AMLODIPINUM,Oral Solid Ordinary," tabs 5 mg blister, #30",5.0,mg,30.0,Oral solid,No sampled peer,No sampled peer,1343.23,704.0799999999999,102.57000000000002,0.0,0.0
434862,N NERVOUS SYSTEM,N02 ANALGESICS,N02B OTHER ANALGESICS AND ANTIPYRETICS,N02B F Gabapentinoids,N02B F02 Pregabalin,30929,PREGABALINUM,Oral Solid Ordinary," caps. 150 mg blister, #14",150.0,mg,14.0,Oral solid,ATC3,N02B OTHER ANALGESICS AND ANTIPYRETICS,935.4699999999999,453.87,929.08,361.23,284.46000000000004
70296,C CARDIOVASCULAR SYSTEM,C10 LIPID MODIFYING AGENTS,"C10A LIPID MODIFYING AGENTS, PLAIN",C10A A HMG CoA reductase inhibitors,C10A A05 Atorvastatin,46835,ATORVASTATINUM,Oral Solid Ordinary," tabs coated w/film 80 mg blister, #30",80.0,mg,30.0,Oral solid,ATC4,C10A A HMG CoA reductase inhibitors,144.23,0.0,0.0,0.0,0.0
98234,G GENITO URINARY SYSTEM AND SEX HORMONES,G04 UROLOGICALS,G04B UROLOGICALS,G04B E Drugs used in erectile dysfunction,G04B E03 Sildenafilum,9045,SILDENAFILUM,Oral Solid Ordinary," tablets coated 100 mg, #1",100.0,mg,1.0,Oral solid,No sampled peer,No sampled peer,2169.7400000000002,951.48,292.81,77.80999999999999,196.8
139502,A ALIMENTARY TRACT AND METABOLISM,A10 DRUGS USED IN DIABETS,"A10B BLOOD GLUCOSE LOWERING DRUGS, EXCL. INSULINS",A10B A Biguanides,A10B A02 Metformin,39461,METFORMINUM,Oral Solid Ordinary," tabs coated w/film 500 mg blister, #120",500.0,mg,120.0,Oral solid,No sampled peer,No sampled peer,1584.74,6512.29,102901.45999999999,146618.33999999997,144679.43000000002
431464,G GENITO URINARY SYSTEM AND SEX HORMONES,G04 UROLOGICALS,G04B UROLOGICALS,G04B E Drugs used in erectile dysfunction,G04B E03 Sildenafilum,10802,SILDENAFILUM,Oral Solid Ordinary," tabs coated w/film 50 mg blister, #8",50.0,mg,8.0,Oral solid,No sampled peer,No sampled peer,1653.2100000000003,379.63000000000005,0.0,0.0,0.0
446735,M MUSCULO-SCELETAL SYSTEM,M01 ANTIINFLAMMATORY AND ANTIRHEUMATIC PRODUCTS,"M01A ANTIINFLAMMATORY AND ANTIRHEUMATIC PRODUCTS, NON-STEROIDS",M01A E Propionic acid derivatives,M01A E01 Ibuprofen,4624,IBUPROFENUM,Oral Liquid Ordinary," oral suspens. 100 mg/5 ml flask 200 ml, #1",100.0,mg,1.0,Oral liquid,ATC3,"M01A ANTIINFLAMMATORY AND ANTIRHEUMATIC PRODUCTS, NON-STEROIDS",1202.71,681.84,825.44,38.36,0.0
79242,C CARDIOVASCULAR SYSTEM,C10 LIPID MODIFYING AGENTS,"C10A LIPID MODIFYING AGENTS, PLAIN",C10A A HMG CoA reductase inhibitors,C10A A05 Atorvastatin,9750,ATORVASTATINUM,Oral Solid Ordinary," tablets coated 10 mg, #90",10.0,mg,90.0,Oral solid,ATC4,C10A A HMG CoA reductase inhibitors,841.1700000000001,0.0,0.0,0.0,0.0
512470,R RESPIRATORY SYSTEM,R05 COUGH AND COLD PREPARATIONS,"R05C EXPECTORANTS, EXCL. COMBINATIONS WITH COUGH SUPRESSANTS",R05C B Mucolytics,R05C B06 Ambroxol,5861,AMBROXOLUM,Oral Liquid Ordinary," oral solution 10 mg/0,2 ml flask 13 ml, with dosing device, #1",10.0,mg,1.0,Oral liquid,ATC4,R05C B Mucolytics,14980.26,31323.81,32525.949999999997,22533.84,30942.77
390234,G GENITO URINARY SYSTEM AND SEX HORMONES,G04 UROLOGICALS,G04B UROLOGICALS,G04B E Drugs used in erectile dysfunction,G04B E03 Sildenafilum,10911,SILDENAFILUM,Oral Solid Ordinary," tabs coated w/film 100 mg blister, #4",100.0,mg,4.0,Oral solid,No sampled peer,No sampled peer,3515.35,2168.8399999999997,2092.41,2447.7599999999998,2722.580000000001
188176,C CARDIOVASCULAR SYSTEM,C07 BETA BLOCKING AGENTS,C07A BETA-BLOCKING AGENTS,"C07A B Beta blocking agents, selective",C07A B07 Bisoprolol,34942,BISOPROLOLUM,Oral Solid Ordinary," tabs 2,5 mg blister, #30",2.5,mg,30.0,Oral solid,No sampled peer,No sampled peer,270.51,0.0,0.0,0.0,0.0
486199,G GENITO URINARY SYSTEM AND SEX HORMONES,G04 UROLOGICALS,G04B UROLOGICALS,G04B E Drugs used in erectile dysfunction,G04B E03 Sildenafilum,7296,SILDENAFILUM,Oral Solid Ordinary," chewable tabs 100 mg blister, #4",100.0,mg,4.0,Oral solid,No sampled peer,No sampled peer,2564.85,2342.3599999999997,285.01,0.0,0.0
183116,N NERVOUS SYSTEM,N06 PSYCHOANALEPTICS,"N06B PSYCHOSTIMULANTS, AGENTS USED FOR ADHD AND NOOTROPICS",N06B X Other psychostimulants and nootropics,N06B X06 Citicoline,14234,CITICOLINUM,Parenteral Ordinary," sol.  for inj. 1000 mg/4 ml amp. 4 ml, #3",1000.0,mg,3.0,Parenteral,No sampled peer,No sampled peer,2620.75,1537.8700000000001,1264.4899999999998,346.00000000000006,370.31
28580,J GENERAL ANTIINFECTIVES FOR SYSTEMIC USE,J02 ANTIMYCOTICS FOR SYSTEMIC USE,J02A ANTIMYCOTICS FOR SYSTEMIC USE,J02A C Triazole and tetrazole derivatives,J02A C01 Fluconazole,14259,FLUCONAZOLUM,Oral Solid Ordinary," caps. 50 mg, #7",50.0,mg,7.0,Oral solid,No sampled peer,No sampled peer,1812.4300000000003,795.3800000000001,800.24,449.71999999999997,381.88000000000005
93054,J GENERAL ANTIINFECTIVES FOR SYSTEMIC USE,J02 ANTIMYCOTICS FOR SYSTEMIC USE,J02A ANTIMYCOTICS FOR SYSTEMIC USE,J02A C Triazole and tetrazole derivatives,J02A C01 Fluconazole,4728,FLUCONAZOLUM,Oral Solid Ordinary," caps. 50 mg blister, in cardboard packing, #7",50.0,mg,7.0,Oral solid,No sampled peer,No sampled peer,1805.25,1722.42,2038.2,1232.52,1052.09
136591,G GENITO URINARY SYSTEM AND SEX HORMONES,G04 UROLOGICALS,G04B UROLOGICALS,G04B E Drugs used in erectile dysfunction,G04B E03 Sildenafilum,40994,SILDENAFILUM,Oral Solid Ordinary," tablets coated 50 mg, in a pack, #1",50.0,mg,1.0,Oral solid,No sampled peer,No sampled peer,1390.1699999999998,654.5999999999999,263.59,0.83,72.44999999999999
98237,G GENITO URINARY SYSTEM AND SEX HORMONES,G04 UROLOGICALS,G04B UROLOGICALS,G04B E Drugs used in erectile dysfunction,G04B E03 Sildenafilum,9045,SILDENAFILUM,Oral Solid Ordinary," tablets coated 50 mg, #4",50.0,mg,4.0,Oral solid,No sampled peer,No sampled peer,2018.84,1314.5,1059.6100000000001,777.03,974.8100000000001
438181,R RESPIRATORY SYSTEM,R05 COUGH AND COLD PREPARATIONS,"R05C EXPECTORANTS, EXCL. COMBINATIONS WITH COUGH SUPRESSANTS",R05C B Mucolytics,R05C B06 Ambroxol,21463,AMBROXOLUM,Oral Liquid Ordinary," syrup 15 mg/5 ml flask 100 ml, with a measuring glass, #1",15.0,mg,1.0,Oral liquid,ATC4,R05C B Mucolytics,82544.62,89778.63000000002,127971.89,1496.47,8115.89
174238,A ALIMENTARY TRACT AND METABOLISM,A02 DRUGS FOR ACID RELATED DISORDERS,A02B DRUGS FOR TREATMENT OF PEPTIC ULCER AND GASTRO-OESOPHAGEAL REFLUX DISEASE,A02B C Proton pump inhibitors,A02B C02 Pantoprazole,18901,PANTOPRAZOLUM,Oral Solid Ordinary," tablets gastroresistant 20 mg blister, #14",20.0,mg,14.0,Oral solid,No sampled peer,No sampled peer,5557.17,5832.71,4706.040000000002,3959.3899999999994,19069.13
438105,A ALIMENTARY TRACT AND METABOLISM,A10 DRUGS USED IN DIABETS,"A10B BLOOD GLUCOSE LOWERING DRUGS, EXCL. INSULINS",A10B A Biguanides,A10B A02 Metformin,39461,METFORMINUM,Oral Solid Ordinary," tabs coated w/film 500 mg blister, #60",500.0,mg,60.0,Oral solid,No sampled peer,No sampled peer,3081.77,29700.71,33316.280000000006,24745.77,14147.41
188029,G GENITO URINARY SYSTEM AND SEX HORMONES,G04 UROLOGICALS,G04B UROLOGICALS,G04B E Drugs used in erectile dysfunction,G04B E03 Sildenafilum,43990,SILDENAFILUM,Oral Solid Ordinary," tablets dispersible 100 mg, #1",100.0,mg,1.0,Oral solid,No sampled peer,No sampled peer,2872.24,1427.78,1235.3400000000001,994.4100000000001,1510.56
443334,G GENITO URINARY SYSTEM AND SEX HORMONES,G04 UROLOGICALS,G04B UROLOGICALS,G04B E Drugs used in erectile dysfunction,G04B E03 Sildenafilum,49450,SILDENAFILUM,Oral Liquid Ordinary," spray f/mouth cavity 12,5 mg/dose glass fl. 5 ml",12.5,mg,,Oral liquid,No sampled peer,No sampled peer,2373.71,3286.2999999999997,3911.34,4296.39,31.180000000000003
71342,J GENERAL ANTIINFECTIVES FOR SYSTEMIC USE,J02 ANTIMYCOTICS FOR SYSTEMIC USE,J02A ANTIMYCOTICS FOR SYSTEMIC USE,J02A C Triazole and tetrazole derivatives,J02A C01 Fluconazole,14259,FLUCONAZOLUM,Oral Solid Ordinary," caps. 150 mg, #2",150.0,mg,2.0,Oral solid,No sampled peer,No sampled peer,1689.73,2469.9100000000003,1219.79,0.0,0.0
486200,G GENITO URINARY SYSTEM AND SEX HORMONES,G04 UROLOGICALS,G04B UROLOGICALS,G04B E Drugs used in erectile dysfunction,G04B E03 Sildenafilum,7296,SILDENAFILUM,Oral Solid Ordinary," chewable tabs 50 mg blister, #1",50.0,mg,1.0,Oral solid,No sampled peer,No sampled peer,3282.39,2464.3300000000004,375.15,0.0,0.0
136594,G GENITO URINARY SYSTEM AND SEX HORMONES,G04 UROLOGICALS,G04B UROLOGICALS,G04B E Drugs used in erectile dysfunction,G04B E03 Sildenafilum,40994,SILDENAFILUM,Oral Solid Ordinary," tablets coated 100 mg, in a pack, #1",100.0,mg,1.0,Oral solid,No sampled peer,No sampled peer,1524.6299999999999,695.3200000000002,354.5399999999999,119.52,58.84
193463,A ALIMENTARY TRACT AND METABOLISM,A02 DRUGS FOR ACID RELATED DISORDERS,A02B DRUGS FOR TREATMENT OF PEPTIC ULCER AND GASTRO-OESOPHAGEAL REFLUX DISEASE,A02B C Proton pump inhibitors,A02B C02 Pantoprazole,45801,PANTOPRAZOLUM,Oral Solid Ordinary," tabs coat.intest.-soluble 40 mg, #10",40.0,mg,10.0,Oral solid,No sampled peer,No sampled peer,692.8299999999999,0.0,0.0,0.0,0.0
88305,B BLOOD AND BLOOD FORMING ORGANS,B01 ANTITHROMBOTIC AGENTS,B01A ANTITHROMBOTIC AGENTS,B01A C Platelet aggregation inhibitors excl. heparin,B01A C06 Acetylsalicylic acid,44791,ACIDUM ACETYLSALICYLICUM*,Oral Solid Ordinary," tabs coat.w/film, int.-sol. 75 mg, #30",75.0,mg,30.0,Oral solid,No sampled peer,No sampled peer,2455.7999999999997,1551.3899999999999,57.239999999999995,0.0,0.0
122362,R RESPIRATORY SYSTEM,R05 COUGH AND COLD PREPARATIONS,"R05C EXPECTORANTS, EXCL. COMBINATIONS WITH COUGH SUPRESSANTS",R05C B Mucolytics,R05C B06 Ambroxol,13675,AMBROXOLUM,Oral Solid Ordinary," tabs 30 mg, #20",30.0,mg,20.0,Oral solid,ATC4,R05C B Mucolytics,916.75,491.19,111.84,105.43,0.0
11464,M MUSCULO-SCELETAL SYSTEM,M01 ANTIINFLAMMATORY AND ANTIRHEUMATIC PRODUCTS,"M01A ANTIINFLAMMATORY AND ANTIRHEUMATIC PRODUCTS, NON-STEROIDS",M01A B Acetic acid derivatives and related substances,M01A B05 Diclofenac,34028,DICLOFENACUM,Rectal systemic," suppository 50 mg blister, in box, #10",50.0,mg,10.0,Rectal/vaginal,ATC3,"M01A ANTIINFLAMMATORY AND ANTIRHEUMATIC PRODUCTS, NON-STEROIDS",184.47,0.0,0.0,0.0,0.0
486197,G GENITO URINARY SYSTEM AND SEX HORMONES,G04 UROLOGICALS,G04B UROLOGICALS,G04B E Drugs used in erectile dysfunction,G04B E03 Sildenafilum,7296,SILDENAFILUM,Oral Solid Ordinary," chewable tabs 100 mg blister, #1",100.0,mg,1.0,Oral solid,No sampled peer,No sampled peer,2942.6400000000003,1850.2299999999998,182.57999999999998,0.94,0.0
486202,G GENITO URINARY SYSTEM AND SEX HORMONES,G04 UROLOGICALS,G04B UROLOGICALS,G04B E Drugs used in erectile dysfunction,G04B E03 Sildenafilum,7296,SILDENAFILUM,Oral Solid Ordinary," chewable tabs 50 mg blister, #4",50.0,mg,4.0,Oral solid,No sampled peer,No sampled peer,2916.5899999999997,2413.2500000000005,141.30999999999997,0.0,0.0
153595,C CARDIOVASCULAR SYSTEM,C10 LIPID MODIFYING AGENTS,"C10A LIPID MODIFYING AGENTS, PLAIN",C10A A HMG CoA reductase inhibitors,C10A A07 Rosuvastatin,23176,ROSUVASTATINUM,Oral Solid Ordinary," tabs coated w/film 5 mg blister, #30",5.0,mg,30.0,Oral solid,ATC4,C10A A HMG CoA reductase inhibitors,2962.8700000000003,3859.87,4814.29,2603.28,2492.48
407961,N NERVOUS SYSTEM,N06 PSYCHOANALEPTICS,"N06B PSYCHOSTIMULANTS, AGENTS USED FOR ADHD AND NOOTROPICS",N06B X Other psychostimulants and nootropics,N06B X06 Citicoline,23873,CITICOLINUM,Parenteral Ordinary," sol.  for inj. 500 mg/4 ml amp. 4 ml, cartridge in pack, #10",500.0,mg,10.0,Parenteral,No sampled peer,No sampled peer,6061.83,5910.07,3884.17,47.53000000000001,9.36
404343,S SENSORY ORGANS,S01 OPHTALMOLOGICALS,S01A ANTIINFECTIVES,S01A E Fluoroquinolones,S01A E05 Levofloxacin,5939,LEVOFLOXACINUM,Ophthalmic," drops, eye 5 mg/ml tube–drop. 0,3 ml, #10",5.0,mg,10.0,Ophthalmic,ATC3,S01A ANTIINFECTIVES,2782.72,1987.17,1704.3699999999997,848.38,594.21
139510,A ALIMENTARY TRACT AND METABOLISM,A10 DRUGS USED IN DIABETS,"A10B BLOOD GLUCOSE LOWERING DRUGS, EXCL. INSULINS",A10B A Biguanides,A10B A02 Metformin,39461,METFORMINUM,Oral Solid Ordinary," tabs coated w/film 850 mg blister, #120",850.0,mg,120.0,Oral solid,No sampled peer,No sampled peer,1651.3600000000001,5622.93,71460.96,104781.47,87540.4
169271,C CARDIOVASCULAR SYSTEM,C10 LIPID MODIFYING AGENTS,"C10A LIPID MODIFYING AGENTS, PLAIN",C10A A HMG CoA reductase inhibitors,C10A A07 Rosuvastatin,38677,ROSUVASTATINUM,Oral Solid Ordinary," tabs coated w/film 40 mg blister, #90",40.0,mg,90.0,Oral solid,ATC4,C10A A HMG CoA reductase inhibitors,1864.8799999999997,1700.43,1551.8,133.16000000000003,0.5
503390,G GENITO URINARY SYSTEM AND SEX HORMONES,G04 UROLOGICALS,G04B UROLOGICALS,G04B E Drugs used in erectile dysfunction,G04B E03 Sildenafilum,10802,SILDENAFILUM,Oral Solid Ordinary," tabs coated w/film 50 mg blister, #1",50.0,mg,1.0,Oral solid,No sampled peer,No sampled peer,1263.2899999999997,60.05,1.01,0.0,0.0
454151,R RESPIRATORY SYSTEM,R05 COUGH AND COLD PREPARATIONS,"R05C EXPECTORANTS, EXCL. COMBINATIONS WITH COUGH SUPRESSANTS",R05C B Mucolytics,R05C B06 Ambroxol,21463,AMBROXOLUM,Oral Liquid Ordinary," sol. f/ihhal. and peroral. use 15 mg/2 ml flask with dropper 100 ml, with a measurin, #1",15.0,mg,1.0,Oral liquid,ATC4,R05C B Mucolytics,1775.4,2786.6200000000003,3972.7699999999995,4316.539999999999,1871.12
390239,J GENERAL ANTIINFECTIVES FOR SYSTEMIC USE,J01 ANTIBACTERIALS FOR SYSTEMIC USE,J01M QUINOLONE ANTIBACTERIALS,J01M A Fluoroquinolones,J01M A12 Levofloxacin,47674,LEVOFLOXACINUM,Oral Solid Ordinary," tabs coated w/film 750 mg blister, #10",750.0,mg,10.0,Oral solid,No sampled peer,No sampled peer,553.61,8.91,2.86,0.0,0.0
234796,C CARDIOVASCULAR SYSTEM,C10 LIPID MODIFYING AGENTS,"C10A LIPID MODIFYING AGENTS, PLAIN",C10A A HMG CoA reductase inhibitors,C10A A07 Rosuvastatin,39735,ROSUVASTATINUM,Oral Solid Ordinary," tabs coated w/film 10 mg, #10",10.0,mg,10.0,Oral solid,ATC4,C10A A HMG CoA reductase inhibitors,2166.5299999999997,0.0,0.0,0.0,0.0
136707,J GENERAL ANTIINFECTIVES FOR SYSTEMIC USE,J02 ANTIMYCOTICS FOR SYSTEMIC USE,J02A ANTIMYCOTICS FOR SYSTEMIC USE,J02A C Triazole and tetrazole derivatives,J02A C01 Fluconazole,49884,FLUCONAZOLUM,Oral Solid Ordinary," caps. solid 200 mg blister, #2",200.0,mg,2.0,Oral solid,No sampled peer,No sampled peer,2730.2799999999997,1888.6800000000003,1608.39,1156.2400000000002,1001.74
305998,C CARDIOVASCULAR SYSTEM,C07 BETA BLOCKING AGENTS,C07A BETA-BLOCKING AGENTS,"C07A B Beta blocking agents, selective",C07A B07 Bisoprolol,18260,BISOPROLOLUM,Oral Solid Ordinary," tabs coated w/film 10 mg blister, #30",10.0,mg,30.0,Oral solid,No sampled peer,No sampled peer,3983.53,1392.1100000000004,15942.099999999999,21564.96,18440.359999999997
389723,N NERVOUS SYSTEM,N02 ANALGESICS,N02B OTHER ANALGESICS AND ANTIPYRETICS,N02B F Gabapentinoids,N02B F02 Pregabalin,39852,PREGABALINUM,Oral Solid Ordinary," caps. solid 150 mg blister, #28",150.0,mg,28.0,Oral solid,ATC3,N02B OTHER ANALGESICS AND ANTIPYRETICS,2701.21,1310.6599999999999,1389.87,1057.47,319.49
378735,C CARDIOVASCULAR SYSTEM,C10 LIPID MODIFYING AGENTS,"C10A LIPID MODIFYING AGENTS, PLAIN",C10A A HMG CoA reductase inhibitors,C10A A05 Atorvastatin,9750,ATORVASTATINUM,Oral Solid Ordinary," tabs coated w/film 10 mg blister, #30",10.0,mg,30.0,Oral solid,ATC4,C10A A HMG CoA reductase inhibitors,1862.6999999999998,2248.1199999999994,3691.8099999999995,1773.8600000000001,5.16
438268,R RESPIRATORY SYSTEM,R05 COUGH AND COLD PREPARATIONS,"R05C EXPECTORANTS, EXCL. COMBINATIONS WITH COUGH SUPRESSANTS",R05C B Mucolytics,R05C B01 Acetylcysteine,23665,ACETYLCYSTEINUM,Oral Liquid Ordinary," powder f/oral solution 600 mg sachet 3 g, #10",600.0,mg,10.0,Oral liquid,ATC4,R05C B Mucolytics,641.74,0.0,0.0,0.0,0.0
454149,R RESPIRATORY SYSTEM,R05 COUGH AND COLD PREPARATIONS,"R05C EXPECTORANTS, EXCL. COMBINATIONS WITH COUGH SUPRESSANTS",R05C B Mucolytics,R05C B06 Ambroxol,21463,AMBROXOLUM,Oral Liquid Ordinary," sol. f/ihhal. and peroral. use 15 mg/2 ml flask with dropper 50 ml, with a measuring, #1",15.0,mg,1.0,Oral liquid,ATC4,R05C B Mucolytics,1940.6800000000003,837.93,108.72999999999999,19.04,10.34
136709,J GENERAL ANTIINFECTIVES FOR SYSTEMIC USE,J02 ANTIMYCOTICS FOR SYSTEMIC USE,J02A ANTIMYCOTICS FOR SYSTEMIC USE,J02A C Triazole and tetrazole derivatives,J02A C01 Fluconazole,49884,FLUCONAZOLUM,Oral Solid Ordinary," caps. solid 200 mg blister, #4",200.0,mg,4.0,Oral solid,No sampled peer,No sampled peer,2010.2800000000002,2316.23,2779.46,2532.7,2543.9799999999996
77388,J GENERAL ANTIINFECTIVES FOR SYSTEMIC USE,J01 ANTIBACTERIALS FOR SYSTEMIC USE,"J01F MACROLIDES, LINCOSAMIDES AND STREPTOGRAMINS",J01F A Macrolides,J01F A10 Azithromycin,6669,AZITHROMYCINUM,Parenteral Ordinary," lyophil. f/solut. f/inf. 500 mg flask, #5",500.0,mg,5.0,Parenteral,No sampled peer,No sampled peer,729.1300000000001,2.87,10.52,12.3,0.0
503391,G GENITO URINARY SYSTEM AND SEX HORMONES,G04 UROLOGICALS,G04B UROLOGICALS,G04B E Drugs used in erectile dysfunction,G04B E03 Sildenafilum,10802,SILDENAFILUM,Oral Solid Ordinary," tabs coated w/film 100 mg blister, #1",100.0,mg,1.0,Oral solid,No sampled peer,No sampled peer,1543.0400000000002,130.92,23.25,0.0,0.0
378741,C CARDIOVASCULAR SYSTEM,C10 LIPID MODIFYING AGENTS,"C10A LIPID MODIFYING AGENTS, PLAIN",C10A A HMG CoA reductase inhibitors,C10A A05 Atorvastatin,9750,ATORVASTATINUM,Oral Solid Ordinary," tabs coated w/film 40 mg blister, #30",40.0,mg,30.0,Oral solid,ATC4,C10A A HMG CoA reductase inhibitors,1813.3999999999999,786.97,493.7200000000001,3.02,0.0
288316,M MUSCULO-SCELETAL SYSTEM,M01 ANTIINFLAMMATORY AND ANTIRHEUMATIC PRODUCTS,"M01A ANTIINFLAMMATORY AND ANTIRHEUMATIC PRODUCTS, NON-STEROIDS",M01A C Oxicams,M01A C06 Meloxicam,28481,MELOXICAMUM,Oral Solid Ordinary," tabs 7,5 mg, #20",7.5,mg,20.0,Oral solid,ATC3,"M01A ANTIINFLAMMATORY AND ANTIRHEUMATIC PRODUCTS, NON-STEROIDS",2222.27,1373.17,654.7899999999998,765.96,167.12999999999997
434912,J GENERAL ANTIINFECTIVES FOR SYSTEMIC USE,J01 ANTIBACTERIALS FOR SYSTEMIC USE,J01M QUINOLONE ANTIBACTERIALS,J01M A Fluoroquinolones,J01M A12 Levofloxacin,26703,LEVOFLOXACINUM,Oral Solid Ordinary," tabs coated w/film 500 mg blister, #10",500.0,mg,10.0,Oral solid,No sampled peer,No sampled peer,4316.88,2742.01,0.0,0.0,0.0
482526,N NERVOUS SYSTEM,N02 ANALGESICS,N02B OTHER ANALGESICS AND ANTIPYRETICS,N02B F Gabapentinoids,N02B F02 Pregabalin,27378,PREGABALINUM,Oral Solid Ordinary," caps. 150 mg blister in pack, #30",150.0,mg,30.0,Oral solid,ATC3,N02B OTHER ANALGESICS AND ANTIPYRETICS,10654.289999999999,16791.35,30148.030000000006,27870.339999999997,55285.33
79250,C CARDIOVASCULAR SYSTEM,C10 LIPID MODIFYING AGENTS,"C10A LIPID MODIFYING AGENTS, PLAIN",C10A A HMG CoA reductase inhibitors,C10A A05 Atorvastatin,9750,ATORVASTATINUM,Oral Solid Ordinary," tablets coated 20 mg, #90",20.0,mg,90.0,Oral solid,ATC4,C10A A HMG CoA reductase inhibitors,1230.1899999999998,0.0,0.0,0.0,0.0
71278,J GENERAL ANTIINFECTIVES FOR SYSTEMIC USE,J01 ANTIBACTERIALS FOR SYSTEMIC USE,J01M QUINOLONE ANTIBACTERIALS,J01M A Fluoroquinolones,J01M A12 Levofloxacin,17413,LEVOFLOXACINUM,Oral Solid Ordinary," tablets coated 250 mg blister, #10",250.0,mg,10.0,Oral solid,No sampled peer,No sampled peer,1733.5099999999998,2274.6,892.5500000000001,674.0,523.16
188039,G GENITO URINARY SYSTEM AND SEX HORMONES,G04 UROLOGICALS,G04B UROLOGICALS,G04B E Drugs used in erectile dysfunction,G04B E03 Sildenafilum,43990,SILDENAFILUM,Oral Solid Ordinary," tablets dispersible 50 mg, #1",50.0,mg,1.0,Oral solid,No sampled peer,No sampled peer,2944.36,2163.44,1468.3900000000003,472.63,694.5099999999999
402612,J GENERAL ANTIINFECTIVES FOR SYSTEMIC USE,J01 ANTIBACTERIALS FOR SYSTEMIC USE,J01D OTHER BETA-LACTAM ANTIBACTERIALS,J01D D Third-generation cephalosporins,J01D D04 Ceftriaxone,47521,CEFTRIAXONUM,Parenteral Ordinary," powd.fr-dr., f/sol. f/in. 1 g flask, #10",1.0,g,10.0,Parenteral,No sampled peer,No sampled peer,1009.59,15.360000000000001,0.23,0.0,0.0
427272,C CARDIOVASCULAR SYSTEM,C10 LIPID MODIFYING AGENTS,"C10A LIPID MODIFYING AGENTS, PLAIN",C10A A HMG CoA reductase inhibitors,C10A A07 Rosuvastatin,20216,ROSUVASTATINUM,Oral Solid Ordinary," tabs coated w/film 10 mg blister, #60",10.0,mg,60.0,Oral solid,ATC4,C10A A HMG CoA reductase inhibitors,2849.34,4781.01,6816.179999999999,398.14,1396.2400000000002
37679,J GENERAL ANTIINFECTIVES FOR SYSTEMIC USE,J02 ANTIMYCOTICS FOR SYSTEMIC USE,J02A ANTIMYCOTICS FOR SYSTEMIC USE,J02A C Triazole and tetrazole derivatives,J02A C01 Fluconazole,35583,FLUCONAZOLUM,Oral Solid Ordinary," caps. 100 mg blister, #7",100.0,mg,7.0,Oral solid,No sampled peer,No sampled peer,2836.96,2109.5099999999998,1637.96,1009.5899999999999,1006.72
402699,M MUSCULO-SCELETAL SYSTEM,M01 ANTIINFLAMMATORY AND ANTIRHEUMATIC PRODUCTS,"M01A ANTIINFLAMMATORY AND ANTIRHEUMATIC PRODUCTS, NON-STEROIDS",M01A E Propionic acid derivatives,M01A E01 Ibuprofen,5072,IBUPROFENUM,Rectal systemic," rectal suppository 60 mg strip, #10",60.0,mg,10.0,Rectal/vaginal,ATC3,"M01A ANTIINFLAMMATORY AND ANTIRHEUMATIC PRODUCTS, NON-STEROIDS",1995.43,1150.06,246.48,0.0,7.12
287269,N NERVOUS SYSTEM,N02 ANALGESICS,N02B OTHER ANALGESICS AND ANTIPYRETICS,N02B F Gabapentinoids,N02B F02 Pregabalin,13244,PREGABALINUM,Oral Solid Ordinary," caps. solid 150 mg blister, #28",150.0,mg,28.0,Oral solid,ATC3,N02B OTHER ANALGESICS AND ANTIPYRETICS,1505.3600000000001,168.40000000000003,8.459999999999999,0.0,0.0
410836,C CARDIOVASCULAR SYSTEM,C10 LIPID MODIFYING AGENTS,"C10A LIPID MODIFYING AGENTS, PLAIN",C10A A HMG CoA reductase inhibitors,C10A A07 Rosuvastatin,33901,ROSUVASTATINUM,Oral Solid Ordinary," tabs coated w/film 10 mg blister, #30",10.0,mg,30.0,Oral solid,ATC4,C10A A HMG CoA reductase inhibitors,4378.62,8948.46,9704.550000000001,6922.699999999999,8099.66
362341,N NERVOUS SYSTEM,N02 ANALGESICS,N02B OTHER ANALGESICS AND ANTIPYRETICS,N02B F Gabapentinoids,N02B F02 Pregabalin,23627,PREGABALINUM,Oral Solid Ordinary," caps. solid 150 mg blister, #14",150.0,mg,14.0,Oral solid,ATC3,N02B OTHER ANALGESICS AND ANTIPYRETICS,4028.65,4274.080000000001,146.67,0.0,0.0
491446,J GENERAL ANTIINFECTIVES FOR SYSTEMIC USE,J01 ANTIBACTERIALS FOR SYSTEMIC USE,J01M QUINOLONE ANTIBACTERIALS,J01M A Fluoroquinolones,J01M A12 Levofloxacin,17413,LEVOFLOXACINUM,Parenteral Ordinary, sol. f/infus. 500 mg/100 ml PVC cont. 100 ml,500.0,mg,,Parenteral,No sampled peer,No sampled peer,8602.329999999998,19348.4,93678.40999999999,5102.200000000002,41.02
412495,C CARDIOVASCULAR SYSTEM,C10 LIPID MODIFYING AGENTS,"C10A LIPID MODIFYING AGENTS, PLAIN",C10A A HMG CoA reductase inhibitors,C10A A05 Atorvastatin,41834,ATORVASTATINUM,Oral Solid Ordinary," tabs coated w/film 20 mg blister, #90",20.0,mg,90.0,Oral solid,ATC4,C10A A HMG CoA reductase inhibitors,3923.93,729.84,5.25,0.0,0.07
328699,B BLOOD AND BLOOD FORMING ORGANS,B01 ANTITHROMBOTIC AGENTS,B01A ANTITHROMBOTIC AGENTS,B01A C Platelet aggregation inhibitors excl. heparin,B01A C06 Acetylsalicylic acid,15371,ACIDUM ACETYLSALICYLICUM*,Oral Solid Ordinary," tabs intest. solub. 150 mg blister, in cardboard box, #50",150.0,mg,50.0,Oral solid,No sampled peer,No sampled peer,3742.62,2512.2699999999995,876.9300000000001,6.66,0.41
388077,G GENITO URINARY SYSTEM AND SEX HORMONES,G04 UROLOGICALS,G04B UROLOGICALS,G04B E Drugs used in erectile dysfunction,G04B E03 Sildenafilum,25230,SILDENAFILUM,Oral Solid Ordinary," tabl. oral.-disper. 50 mg blister, #2",50.0,mg,2.0,Oral solid,No sampled peer,No sampled peer,4888.47,4357.280000000001,6327.48,5549.419999999998,7513.91
79302,J GENERAL ANTIINFECTIVES FOR SYSTEMIC USE,J02 ANTIMYCOTICS FOR SYSTEMIC USE,J02A ANTIMYCOTICS FOR SYSTEMIC USE,J02A C Triazole and tetrazole derivatives,J02A C01 Fluconazole,11354,FLUCONAZOLUM,Oral Solid Ordinary," caps. 150 mg, #2",150.0,mg,2.0,Oral solid,No sampled peer,No sampled peer,3367.65,1916.32,2738.4399999999996,4826.360000000001,4505.960000000001
79249,C CARDIOVASCULAR SYSTEM,C10 LIPID MODIFYING AGENTS,"C10A LIPID MODIFYING AGENTS, PLAIN",C10A A HMG CoA reductase inhibitors,C10A A05 Atorvastatin,9750,ATORVASTATINUM,Oral Solid Ordinary," tablets coated 20 mg, #30",20.0,mg,30.0,Oral solid,ATC4,C10A A HMG CoA reductase inhibitors,1980.39,0.0,0.0,0.0,0.0
59334,M MUSCULO-SCELETAL SYSTEM,M01 ANTIINFLAMMATORY AND ANTIRHEUMATIC PRODUCTS,"M01A ANTIINFLAMMATORY AND ANTIRHEUMATIC PRODUCTS, NON-STEROIDS",M01A B Acetic acid derivatives and related substances,M01A B05 Diclofenac,26652,DICLOFENACUM,Rectal systemic," suppository 50 mg strip, #10",50.0,mg,10.0,Rectal/vaginal,ATC3,"M01A ANTIINFLAMMATORY AND ANTIRHEUMATIC PRODUCTS, NON-STEROIDS",2091.54,2364.5900000000006,2032.1799999999998,1477.88,1531.2
298397,C CARDIOVASCULAR SYSTEM,C07 BETA BLOCKING AGENTS,C07A BETA-BLOCKING AGENTS,"C07A B Beta blocking agents, selective",C07A B07 Bisoprolol,18260,BISOPROLOLUM,Oral Solid Ordinary," tabs coated w/film 10 mg blister, #90",10.0,mg,90.0,Oral solid,No sampled peer,No sampled peer,1510.8800000000003,249.98000000000002,11.85,0.0,0.0
435216,J GENERAL ANTIINFECTIVES FOR SYSTEMIC USE,J01 ANTIBACTERIALS FOR SYSTEMIC USE,J01M QUINOLONE ANTIBACTERIALS,J01M A Fluoroquinolones,J01M A12 Levofloxacin,145,LEVOFLOXACINUM,Oral Solid Ordinary," tabs coated w/film 750 mg, #10",750.0,mg,10.0,Oral solid,No sampled peer,No sampled peer,1007.15,24.46,5.32,0.0,0.0
462582,C CARDIOVASCULAR SYSTEM,C08 CALCIUM CHANNEL BLOCKERS,C08C SELECTIVE CALCIUM CHANNEL BLOCKERS WITH MAINLY VASCULAR EFFECTS,C08C A Dihydropyridine derivatives,C08C A01 Amlodipine,15047,AMLODIPINUM,Oral Solid Ordinary," tabs 5 mg blister, #60",5.0,mg,60.0,Oral solid,No sampled peer,No sampled peer,3903.0099999999998,3242.789999999999,2671.47,2426.52,1284.1499999999999
108401,R RESPIRATORY SYSTEM,R05 COUGH AND COLD PREPARATIONS,"R05C EXPECTORANTS, EXCL. COMBINATIONS WITH COUGH SUPRESSANTS",R05C B Mucolytics,R05C B06 Ambroxol,19356,AMBROXOLUM,Oral Solid Ordinary," tabs 30 mg, #10",30.0,mg,10.0,Oral solid,ATC4,R05C B Mucolytics,1008.53,0.0,0.0,0.0,0.0
193464,A ALIMENTARY TRACT AND METABOLISM,A02 DRUGS FOR ACID RELATED DISORDERS,A02B DRUGS FOR TREATMENT OF PEPTIC ULCER AND GASTRO-OESOPHAGEAL REFLUX DISEASE,A02B C Proton pump inhibitors,A02B C02 Pantoprazole,45801,PANTOPRAZOLUM,Oral Solid Ordinary," tabs coat.intest.-soluble 40 mg, #30",40.0,mg,30.0,Oral solid,No sampled peer,No sampled peer,4433.02,10095.960000000001,14936.789999999999,9404.710000000001,18407.61
66200,R RESPIRATORY SYSTEM,R05 COUGH AND COLD PREPARATIONS,"R05C EXPECTORANTS, EXCL. COMBINATIONS WITH COUGH SUPRESSANTS",R05C B Mucolytics,R05C B06 Ambroxol,26763,AMBROXOLUM,Oral Solid Retard," caps. solid prolong. act. 75 mg blister, #10",75.0,mg,10.0,Oral solid,ATC4,R05C B Mucolytics,1061.27,0.0,0.0,0.0,0.0
484299,A ALIMENTARY TRACT AND METABOLISM,A10 DRUGS USED IN DIABETS,"A10B BLOOD GLUCOSE LOWERING DRUGS, EXCL. INSULINS",A10B A Biguanides,A10B A02 Metformin,39461,METFORMINUM,Oral Solid Ordinary," tabs coated w/film 850 mg blister, #30",850.0,mg,30.0,Oral solid,No sampled peer,No sampled peer,7575.25,33314.3,30891.510000000002,26129.929999999997,10810.42
234798,C CARDIOVASCULAR SYSTEM,C10 LIPID MODIFYING AGENTS,"C10A LIPID MODIFYING AGENTS, PLAIN",C10A A HMG CoA reductase inhibitors,C10A A07 Rosuvastatin,39735,ROSUVASTATINUM,Oral Solid Ordinary," tabs coated w/film 20 mg, #10",20.0,mg,10.0,Oral solid,ATC4,C10A A HMG CoA reductase inhibitors,2458.91,0.0,0.0,0.0,0.0
431466,G GENITO URINARY SYSTEM AND SEX HORMONES,G04 UROLOGICALS,G04B UROLOGICALS,G04B E Drugs used in erectile dysfunction,G04B E03 Sildenafilum,10802,SILDENAFILUM,Oral Solid Ordinary," tabs coated w/film 50 mg blister, #12",50.0,mg,12.0,Oral solid,No sampled peer,No sampled peer,2791.7799999999997,883.5599999999998,31.250000000000004,0.0,0.0
324681,N NERVOUS SYSTEM,N06 PSYCHOANALEPTICS,"N06B PSYCHOSTIMULANTS, AGENTS USED FOR ADHD AND NOOTROPICS",N06B X Other psychostimulants and nootropics,N06B X06 Citicoline,23481,CITICOLINUM,Oral Solid Ordinary," tabs coated w/film 500 mg blister, #28",500.0,mg,28.0,Oral solid,No sampled peer,No sampled peer,5177.13,521.3199999999999,0.0,0.0,0.0
49626,C CARDIOVASCULAR SYSTEM,C08 CALCIUM CHANNEL BLOCKERS,C08C SELECTIVE CALCIUM CHANNEL BLOCKERS WITH MAINLY VASCULAR EFFECTS,C08C A Dihydropyridine derivatives,C08C A01 Amlodipine,5415,AMLODIPINUM,Oral Solid Ordinary," tabs 10 mg cont. cell pack, #20",10.0,mg,20.0,Oral solid,No sampled peer,No sampled peer,1159.43,0.0,0.0,0.0,0.0
72536,C CARDIOVASCULAR SYSTEM,C08 CALCIUM CHANNEL BLOCKERS,C08C SELECTIVE CALCIUM CHANNEL BLOCKERS WITH MAINLY VASCULAR EFFECTS,C08C A Dihydropyridine derivatives,C08C A01 Amlodipine,15047,AMLODIPINUM,Oral Solid Ordinary," tabs 5 mg blister, #20",5.0,mg,20.0,Oral solid,No sampled peer,No sampled peer,8179.57,3552.66,369.8,0.0,0.55
288317,M MUSCULO-SCELETAL SYSTEM,M01 ANTIINFLAMMATORY AND ANTIRHEUMATIC PRODUCTS,"M01A ANTIINFLAMMATORY AND ANTIRHEUMATIC PRODUCTS, NON-STEROIDS",M01A C Oxicams,M01A C06 Meloxicam,28481,MELOXICAMUM,Oral Solid Ordinary," tabs 15 mg, #20",15.0,mg,20.0,Oral solid,ATC3,"M01A ANTIINFLAMMATORY AND ANTIRHEUMATIC PRODUCTS, NON-STEROIDS",2745.3999999999996,1319.0100000000002,976.6499999999999,876.0500000000001,636.39
410838,C CARDIOVASCULAR SYSTEM,C10 LIPID MODIFYING AGENTS,"C10A LIPID MODIFYING AGENTS, PLAIN",C10A A HMG CoA reductase inhibitors,C10A A07 Rosuvastatin,33901,ROSUVASTATINUM,Oral Solid Ordinary," tabs coated w/film 20 mg blister, #30",20.0,mg,30.0,Oral solid,ATC4,C10A A HMG CoA reductase inhibitors,4515.13,8206.269999999999,10951.42,10857.660000000002,10220.970000000001
37678,J GENERAL ANTIINFECTIVES FOR SYSTEMIC USE,J02 ANTIMYCOTICS FOR SYSTEMIC USE,J02A ANTIMYCOTICS FOR SYSTEMIC USE,J02A C Triazole and tetrazole derivatives,J02A C01 Fluconazole,35583,FLUCONAZOLUM,Oral Solid Ordinary," caps. 50 mg blister, #7",50.0,mg,7.0,Oral solid,No sampled peer,No sampled peer,2890.16,2316.3900000000003,1490.6500000000003,856.9999999999999,378.82
412294,G GENITO URINARY SYSTEM AND SEX HORMONES,G04 UROLOGICALS,G04B UROLOGICALS,G04B E Drugs used in erectile dysfunction,G04B E03 Sildenafilum,25463,SILDENAFILUM,Oral Solid Ordinary," tabs coated w/film 100 mg blister, #4",100.0,mg,4.0,Oral solid,No sampled peer,No sampled peer,9733.0,5816.18,0.0,0.0,0.0
425110,M MUSCULO-SCELETAL SYSTEM,M01 ANTIINFLAMMATORY AND ANTIRHEUMATIC PRODUCTS,"M01A ANTIINFLAMMATORY AND ANTIRHEUMATIC PRODUCTS, NON-STEROIDS",M01A C Oxicams,M01A C06 Meloxicam,37853,MELOXICAMUM,Oral Solid Ordinary," tabs 15 mg blister, #60",15.0,mg,60.0,Oral solid,ATC3,"M01A ANTIINFLAMMATORY AND ANTIRHEUMATIC PRODUCTS, NON-STEROIDS",5141.2300000000005,1773.08,5333.57,9118.02,7042.3899999999985
288318,M MUSCULO-SCELETAL SYSTEM,M01 ANTIINFLAMMATORY AND ANTIRHEUMATIC PRODUCTS,"M01A ANTIINFLAMMATORY AND ANTIRHEUMATIC PRODUCTS, NON-STEROIDS",M01A C Oxicams,M01A C06 Meloxicam,28481,MELOXICAMUM,Oral Solid Ordinary," tabs 15 mg, #10",15.0,mg,10.0,Oral solid,ATC3,"M01A ANTIINFLAMMATORY AND ANTIRHEUMATIC PRODUCTS, NON-STEROIDS",3429.59,2227.7299999999996,2479.47,2013.4399999999998,456.74
265862,C CARDIOVASCULAR SYSTEM,C10 LIPID MODIFYING AGENTS,"C10A LIPID MODIFYING AGENTS, PLAIN",C10A A HMG CoA reductase inhibitors,C10A A05 Atorvastatin,49167,ATORVASTATINUM,Oral Solid Ordinary," tabs coated w/film 20 mg, #30",20.0,mg,30.0,Oral solid,ATC4,C10A A HMG CoA reductase inhibitors,31256.74,43507.82,54552.26,38338.37,46457.59
155885,C CARDIOVASCULAR SYSTEM,C10 LIPID MODIFYING AGENTS,"C10A LIPID MODIFYING AGENTS, PLAIN",C10A A HMG CoA reductase inhibitors,C10A A05 Atorvastatin,25312,ATORVASTATINUM,Oral Solid Ordinary," tablets coated 10 mg blister, #30",10.0,mg,30.0,Oral solid,ATC4,C10A A HMG CoA reductase inhibitors,4411.78,2042.32,1594.4399999999998,689.4700000000001,610.7
49219,A ALIMENTARY TRACT AND METABOLISM,A10 DRUGS USED IN DIABETS,"A10B BLOOD GLUCOSE LOWERING DRUGS, EXCL. INSULINS",A10B A Biguanides,A10B A02 Metformin,5396,METFORMINUM,Oral Solid Ordinary," tabs coated w/film 850 mg, #30",850.0,mg,30.0,Oral solid,No sampled peer,No sampled peer,3386.4700000000003,2661.9799999999996,24.23,6.01,1.12
378435,S SENSORY ORGANS,S01 OPHTALMOLOGICALS,S01A ANTIINFECTIVES,S01A E Fluoroquinolones,S01A E05 Levofloxacin,29903,LEVOFLOXACINUM,Ophthalmic," eye drops, solution 5 mg/ml flask 5 ml, #1",5.0,mg,1.0,Ophthalmic,ATC3,S01A ANTIINFECTIVES,12912.18,15849.67,17239.58,11093.9,15849.849999999999
49624,C CARDIOVASCULAR SYSTEM,C08 CALCIUM CHANNEL BLOCKERS,C08C SELECTIVE CALCIUM CHANNEL BLOCKERS WITH MAINLY VASCULAR EFFECTS,C08C A Dihydropyridine derivatives,C08C A01 Amlodipine,5415,AMLODIPINUM,Oral Solid Ordinary," tabs 5 mg cont. cell pack, #20",5.0,mg,20.0,Oral solid,No sampled peer,No sampled peer,1486.4199999999998,0.0,0.0,0.0,0.0
336404,G GENITO URINARY SYSTEM AND SEX HORMONES,G04 UROLOGICALS,G04B UROLOGICALS,G04B E Drugs used in erectile dysfunction,G04B E03 Sildenafilum,49204,SILDENAFILUM,Oral Solid Ordinary," tabs coated w/film 50 mg blister, #1",50.0,mg,1.0,Oral solid,No sampled peer,No sampled peer,3782.17,3839.3199999999997,2510.86,306.94000000000005,346.0
325110,J GENERAL ANTIINFECTIVES FOR SYSTEMIC USE,J02 ANTIMYCOTICS FOR SYSTEMIC USE,J02A ANTIMYCOTICS FOR SYSTEMIC USE,J02A C Triazole and tetrazole derivatives,J02A C01 Fluconazole,49884,FLUCONAZOLUM,Oral Solid Ordinary," caps. 50 mg blister, #7",50.0,mg,7.0,Oral solid,No sampled peer,No sampled peer,3009.12,2387.16,2065.8500000000004,223.11999999999998,0.0
305993,C CARDIOVASCULAR SYSTEM,C07 BETA BLOCKING AGENTS,C07A BETA-BLOCKING AGENTS,"C07A B Beta blocking agents, selective",C07A B07 Bisoprolol,18260,BISOPROLOLUM,Oral Solid Ordinary," tabs coated w/film 5 mg blister, #30",5.0,mg,30.0,Oral solid,No sampled peer,No sampled peer,5915.17,8086.249999999999,25849.789999999997,32000.619999999995,45307.65
51094,J GENERAL ANTIINFECTIVES FOR SYSTEMIC USE,J02 ANTIMYCOTICS FOR SYSTEMIC USE,J02A ANTIMYCOTICS FOR SYSTEMIC USE,J02A C Triazole and tetrazole derivatives,J02A C01 Fluconazole,14470,FLUCONAZOLUM,Oral Solid Ordinary," caps. 150 mg blister, #3",150.0,mg,3.0,Oral solid,No sampled peer,No sampled peer,3162.25,1648.67,821.0699999999998,0.0,0.0
145702,N NERVOUS SYSTEM,N06 PSYCHOANALEPTICS,"N06B PSYCHOSTIMULANTS, AGENTS USED FOR ADHD AND NOOTROPICS",N06B X Other psychostimulants and nootropics,N06B X06 Citicoline,22930,CITICOLINUM,Parenteral Ordinary," sol.  for inj. 1000 mg amp. 4 ml, #10",1000.0,mg,10.0,Parenteral,No sampled peer,No sampled peer,5447.450000000001,5824.420000000001,5439.2300000000005,2383.51,3192.09
381901,N NERVOUS SYSTEM,N06 PSYCHOANALEPTICS,"N06B PSYCHOSTIMULANTS, AGENTS USED FOR ADHD AND NOOTROPICS",N06B X Other psychostimulants and nootropics,N06B X06 Citicoline,23575,CITICOLINUM,Oral Liquid Ordinary," gran. 500 mg sachet 1,5 g, #30",500.0,mg,30.0,Oral liquid,No sampled peer,No sampled peer,962.89,7.24,11.42,0.0,0.0
287266,N NERVOUS SYSTEM,N02 ANALGESICS,N02B OTHER ANALGESICS AND ANTIPYRETICS,N02B F Gabapentinoids,N02B F02 Pregabalin,13244,PREGABALINUM,Oral Solid Ordinary," caps. solid 75 mg blister, #56",75.0,mg,56.0,Oral solid,ATC3,N02B OTHER ANALGESICS AND ANTIPYRETICS,3950.7500000000005,2418.16,1826.8100000000002,702.5799999999999,411.61000000000007
326019,N NERVOUS SYSTEM,N02 ANALGESICS,N02B OTHER ANALGESICS AND ANTIPYRETICS,N02B F Gabapentinoids,N02B F02 Pregabalin,18890,PREGABALINUM,Oral Solid Ordinary," caps. 75 mg blister, #14",75.0,mg,14.0,Oral solid,ATC3,N02B OTHER ANALGESICS AND ANTIPYRETICS,2060.22,42.48,0.0,0.0,0.0
184824,C CARDIOVASCULAR SYSTEM,C10 LIPID MODIFYING AGENTS,"C10A LIPID MODIFYING AGENTS, PLAIN",C10A A HMG CoA reductase inhibitors,C10A A07 Rosuvastatin,40034,ROSUVASTATINUM,Oral Solid Ordinary," tabs coated w/film 20 mg blister, #30",20.0,mg,30.0,Oral solid,ATC4,C10A A HMG CoA reductase inhibitors,6407.500000000001,0.0,0.0,0.0,0.0
438654,C CARDIOVASCULAR SYSTEM,C10 LIPID MODIFYING AGENTS,"C10A LIPID MODIFYING AGENTS, PLAIN",C10A A HMG CoA reductase inhibitors,C10A A05 Atorvastatin,31664,ATORVASTATINUM,Oral Solid Ordinary," tabs coated w/film 40 mg blister, in cardboard box, #30",40.0,mg,30.0,Oral solid,ATC4,C10A A HMG CoA reductase inhibitors,3324.98,29.98,7.359999999999999,0.0,0.0
76892,J GENERAL ANTIINFECTIVES FOR SYSTEMIC USE,J01 ANTIBACTERIALS FOR SYSTEMIC USE,"J01F MACROLIDES, LINCOSAMIDES AND STREPTOGRAMINS",J01F A Macrolides,J01F A10 Azithromycin,9268,AZITHROMYCINUM,Oral Solid Ordinary," tablets coated 500 mg, #3",500.0,mg,3.0,Oral solid,No sampled peer,No sampled peer,4120.8,3198.3699999999994,0.98,0.0,0.0
298392,C CARDIOVASCULAR SYSTEM,C07 BETA BLOCKING AGENTS,C07A BETA-BLOCKING AGENTS,"C07A B Beta blocking agents, selective",C07A B07 Bisoprolol,18260,BISOPROLOLUM,Oral Solid Ordinary," tabs coated w/film 10 mg blister, #30",10.0,mg,30.0,Oral solid,No sampled peer,No sampled peer,1623.39,184.04,18.93,0.0,0.0
56265,C CARDIOVASCULAR SYSTEM,C08 CALCIUM CHANNEL BLOCKERS,C08C SELECTIVE CALCIUM CHANNEL BLOCKERS WITH MAINLY VASCULAR EFFECTS,C08C A Dihydropyridine derivatives,C08C A01 Amlodipine,48957,AMLODIPINUM,Oral Solid Ordinary," tabs 5 mg, #30",5.0,mg,30.0,Oral solid,No sampled peer,No sampled peer,11461.75,34464.049999999996,42144.67,54756.17000000001,580.53
38415,J GENERAL ANTIINFECTIVES FOR SYSTEMIC USE,J02 ANTIMYCOTICS FOR SYSTEMIC USE,J02A ANTIMYCOTICS FOR SYSTEMIC USE,J02A C Triazole and tetrazole derivatives,J02A C01 Fluconazole,14470,FLUCONAZOLUM,Oral Solid Ordinary," caps. 150 mg blister, #1",150.0,mg,1.0,Oral solid,No sampled peer,No sampled peer,3363.4599999999996,2478.13,989.6199999999998,0.0,0.0
140829,C CARDIOVASCULAR SYSTEM,C10 LIPID MODIFYING AGENTS,"C10A LIPID MODIFYING AGENTS, PLAIN",C10A A HMG CoA reductase inhibitors,C10A A05 Atorvastatin,31664,ATORVASTATINUM,Oral Solid Ordinary," tabs coated w/film 10 mg, #30",10.0,mg,30.0,Oral solid,ATC4,C10A A HMG CoA reductase inhibitors,2668.1499999999996,135.62,0.0,0.0,0.0
438526,M MUSCULO-SCELETAL SYSTEM,M02 TOPICAL PRODUCTS FOR JOINT AND MUSCULAR PAIN,M02A TOPICAL PRODUCTS FOR JOINT AND MUSCULAR PAIN,"M02A A Antiinflammatory preparations, non-steroids for topical use",M02A A15 Diclofenac,6933,DICLOFENACUM,"Topical Dermatological, Haemorrhoidal, External"," cutan. spray, sol. 4 % flask with dosing device 25 g, with protect cap, #1",25.0,g,1.0,Topical,ATC4,"M02A A Antiinflammatory preparations, non-steroids for topical use",7431.149999999999,13581.86,13866.880000000001,6983.87,9126.300000000001
93463,M MUSCULO-SCELETAL SYSTEM,M01 ANTIINFLAMMATORY AND ANTIRHEUMATIC PRODUCTS,"M01A ANTIINFLAMMATORY AND ANTIRHEUMATIC PRODUCTS, NON-STEROIDS",M01A E Propionic acid derivatives,M01A E01 Ibuprofen,44989,IBUPROFENUM,Oral Solid Retard," caps. w/ prolong. action 300 mg blister, #20",300.0,mg,20.0,Oral solid,ATC3,"M01A ANTIINFLAMMATORY AND ANTIRHEUMATIC PRODUCTS, NON-STEROIDS",3635.12,2170.7,1126.41,332.67,0.0
438104,A ALIMENTARY TRACT AND METABOLISM,A10 DRUGS USED IN DIABETS,"A10B BLOOD GLUCOSE LOWERING DRUGS, EXCL. INSULINS",A10B A Biguanides,A10B A02 Metformin,39461,METFORMINUM,Oral Solid Ordinary," tabs coated w/film 500 mg blister, #30",500.0,mg,30.0,Oral solid,No sampled peer,No sampled peer,6850.64,8976.75,13131.34,13495.650000000001,9191.11
56263,C CARDIOVASCULAR SYSTEM,C08 CALCIUM CHANNEL BLOCKERS,C08C SELECTIVE CALCIUM CHANNEL BLOCKERS WITH MAINLY VASCULAR EFFECTS,C08C A Dihydropyridine derivatives,C08C A01 Amlodipine,48957,AMLODIPINUM,Oral Solid Ordinary," tabs 10 mg, #30",10.0,mg,30.0,Oral solid,No sampled peer,No sampled peer,12326.76,28176.67,26281.5,386.53,0.0
166137,N NERVOUS SYSTEM,N02 ANALGESICS,N02B OTHER ANALGESICS AND ANTIPYRETICS,N02B E Anilides,N02B E01 Paracetamol,30510,PARACETAMOLUM,Parenteral Ordinary, sol. f/infus. 10 mg/ml bot. 20 ml,10.0,mg,,Parenteral,ATC3,N02B OTHER ANALGESICS AND ANTIPYRETICS,6242.139999999999,3577.0399999999995,3799.32,1928.8000000000004,1388.5300000000002
49223,A ALIMENTARY TRACT AND METABOLISM,A10 DRUGS USED IN DIABETS,"A10B BLOOD GLUCOSE LOWERING DRUGS, EXCL. INSULINS",A10B A Biguanides,A10B A02 Metformin,5396,METFORMINUM,Oral Solid Ordinary," tabs coated w/film 500 mg, #120",500.0,mg,120.0,Oral solid,No sampled peer,No sampled peer,2867.39,2831.0499999999993,20.13,10.129999999999999,0.0
336407,G GENITO URINARY SYSTEM AND SEX HORMONES,G04 UROLOGICALS,G04B UROLOGICALS,G04B E Drugs used in erectile dysfunction,G04B E03 Sildenafilum,49204,SILDENAFILUM,Oral Solid Ordinary," tabs coated w/film 100 mg blister, #1",100.0,mg,1.0,Oral solid,No sampled peer,No sampled peer,4372.59,2857.09,567.27,1431.4699999999998,831.9200000000001
184823,C CARDIOVASCULAR SYSTEM,C10 LIPID MODIFYING AGENTS,"C10A LIPID MODIFYING AGENTS, PLAIN",C10A A HMG CoA reductase inhibitors,C10A A07 Rosuvastatin,40034,ROSUVASTATINUM,Oral Solid Ordinary," tabs coated w/film 10 mg blister, #30",10.0,mg,30.0,Oral solid,ATC4,C10A A HMG CoA reductase inhibitors,5363.73,0.0,0.0,0.0,0.0
305988,C CARDIOVASCULAR SYSTEM,C07 BETA BLOCKING AGENTS,C07A BETA-BLOCKING AGENTS,"C07A B Beta blocking agents, selective",C07A B07 Bisoprolol,18260,BISOPROLOLUM,Oral Solid Ordinary," tabs coated w/film 2,5 mg blister, #30",2.5,mg,30.0,Oral solid,No sampled peer,No sampled peer,21389.68,35091.48,38370.79,48783.14,120790.45000000003
325618,M MUSCULO-SCELETAL SYSTEM,M02 TOPICAL PRODUCTS FOR JOINT AND MUSCULAR PAIN,M02A TOPICAL PRODUCTS FOR JOINT AND MUSCULAR PAIN,"M02A A Antiinflammatory preparations, non-steroids for topical use",M02A A13 Ibuprofen,23128,IBUPROFENUM,"Topical Dermatological, Haemorrhoidal, External"," gel 50 mg/g tube 50 g, #1",50.0,mg,1.0,Topical,ATC4,"M02A A Antiinflammatory preparations, non-steroids for topical use",3082.1800000000003,5181.6,3405.24,3041.4,8792.46
431469,G GENITO URINARY SYSTEM AND SEX HORMONES,G04 UROLOGICALS,G04B UROLOGICALS,G04B E Drugs used in erectile dysfunction,G04B E03 Sildenafilum,10802,SILDENAFILUM,Oral Solid Ordinary," tabs coated w/film 100 mg blister, #8",100.0,mg,8.0,Oral solid,No sampled peer,No sampled peer,5049.88,1664.56,467.7299999999999,846.37,554.41
121279,R RESPIRATORY SYSTEM,R05 COUGH AND COLD PREPARATIONS,"R05C EXPECTORANTS, EXCL. COMBINATIONS WITH COUGH SUPRESSANTS",R05C B Mucolytics,R05C B06 Ambroxol,13675,AMBROXOLUM,Oral Liquid Ordinary," syrup 15 mg/5 ml flask 100 ml, #1",15.0,mg,1.0,Oral liquid,ATC4,R05C B Mucolytics,2288.3999999999996,408.82,29.449999999999996,0.0,0.0
56197,C CARDIOVASCULAR SYSTEM,C10 LIPID MODIFYING AGENTS,"C10A LIPID MODIFYING AGENTS, PLAIN",C10A A HMG CoA reductase inhibitors,C10A A05 Atorvastatin,46835,ATORVASTATINUM,Oral Solid Ordinary," tabs coated w/film 40 mg blister, #30",40.0,mg,30.0,Oral solid,ATC4,C10A A HMG CoA reductase inhibitors,425.16,0.0,0.0,0.0,0.0
26073,B BLOOD AND BLOOD FORMING ORGANS,B01 ANTITHROMBOTIC AGENTS,B01A ANTITHROMBOTIC AGENTS,B01A C Platelet aggregation inhibitors excl. heparin,B01A C06 Acetylsalicylic acid,20603,ACIDUM ACETYLSALICYLICUM*,Oral Solid Ordinary," chewable tabs 80 mg flask, #30",80.0,mg,30.0,Oral solid,No sampled peer,No sampled peer,5300.0599999999995,2564.1300000000006,79.31,266.84000000000003,512.88
289677,M MUSCULO-SCELETAL SYSTEM,M01 ANTIINFLAMMATORY AND ANTIRHEUMATIC PRODUCTS,"M01A ANTIINFLAMMATORY AND ANTIRHEUMATIC PRODUCTS, NON-STEROIDS",M01A C Oxicams,M01A C06 Meloxicam,28481,MELOXICAMUM,"Topical Dermatological, Haemorrhoidal, External"," rectal suppository 15 mg strip, #5",15.0,mg,5.0,Topical,ATC3,"M01A ANTIINFLAMMATORY AND ANTIRHEUMATIC PRODUCTS, NON-STEROIDS",5753.720000000001,6753.82,18732.98,7528.21,2174.43
462579,C CARDIOVASCULAR SYSTEM,C08 CALCIUM CHANNEL BLOCKERS,C08C SELECTIVE CALCIUM CHANNEL BLOCKERS WITH MAINLY VASCULAR EFFECTS,C08C A Dihydropyridine derivatives,C08C A01 Amlodipine,15047,AMLODIPINUM,Oral Solid Ordinary," tabs 10 mg blister, #60",10.0,mg,60.0,Oral solid,No sampled peer,No sampled peer,7799.679999999999,6318.509999999999,5389.420000000001,3472.66,2015.3000000000002
62198,J GENERAL ANTIINFECTIVES FOR SYSTEMIC USE,J01 ANTIBACTERIALS FOR SYSTEMIC USE,"J01F MACROLIDES, LINCOSAMIDES AND STREPTOGRAMINS",J01F A Macrolides,J01F A10 Azithromycin,477,AZITHROMYCINUM,Oral Solid Ordinary," caps. 125 mg blister, #6",125.0,mg,6.0,Oral solid,No sampled peer,No sampled peer,3117.65,1915.0100000000004,2140.72,930.0200000000001,107.99
328135,J GENERAL ANTIINFECTIVES FOR SYSTEMIC USE,J01 ANTIBACTERIALS FOR SYSTEMIC USE,J01D OTHER BETA-LACTAM ANTIBACTERIALS,J01D D Third-generation cephalosporins,J01D D04 Ceftriaxone,21521,CEFTRIAXONUM,Parenteral Ordinary," powder for prep. of inj. sol. 2 g flask, #10",2.0,g,10.0,Parenteral,No sampled peer,No sampled peer,2635.6600000000003,4639.929999999999,10446.46,3211.36,2169.9300000000003
298389,C CARDIOVASCULAR SYSTEM,C07 BETA BLOCKING AGENTS,C07A BETA-BLOCKING AGENTS,"C07A B Beta blocking agents, selective",C07A B07 Bisoprolol,18260,BISOPROLOLUM,Oral Solid Ordinary," tabs coated w/film 10 mg blister, #10",10.0,mg,10.0,Oral solid,No sampled peer,No sampled peer,1190.17,0.0,0.0,0.0,0.0
102047,J GENERAL ANTIINFECTIVES FOR SYSTEMIC USE,J01 ANTIBACTERIALS FOR SYSTEMIC USE,"J01F MACROLIDES, LINCOSAMIDES AND STREPTOGRAMINS",J01F A Macrolides,J01F A10 Azithromycin,6669,AZITHROMYCINUM,Oral Solid Ordinary," tabs coated w/film 500 mg, #2",500.0,mg,2.0,Oral solid,No sampled peer,No sampled peer,3103.71,5892.97,1453.7399999999998,1112.9199999999998,897.8499999999998
414423,R RESPIRATORY SYSTEM,R05 COUGH AND COLD PREPARATIONS,"R05C EXPECTORANTS, EXCL. COMBINATIONS WITH COUGH SUPRESSANTS",R05C B Mucolytics,R05C B01 Acetylcysteine,46537,ACETYLCYSTEINUM,Oral Liquid Ordinary," powder f/oral solution 600 mg sachet 3 g, #20",600.0,mg,20.0,Oral liquid,ATC4,R05C B Mucolytics,12253.869999999999,34090.75,20859.280000000002,29243.460000000003,30350.5
444293,B BLOOD AND BLOOD FORMING ORGANS,B01 ANTITHROMBOTIC AGENTS,B01A ANTITHROMBOTIC AGENTS,B01A C Platelet aggregation inhibitors excl. heparin,B01A C06 Acetylsalicylic acid,11119,ACIDUM ACETYLSALICYLICUM*,Oral Solid Ordinary," tabs coat.intest.-soluble 100 mg blister, #20",100.0,mg,20.0,Oral solid,No sampled peer,No sampled peer,6810.02,5090.7699999999995,20590.18,11755.52,9531.670000000002
141459,J GENERAL ANTIINFECTIVES FOR SYSTEMIC USE,J01 ANTIBACTERIALS FOR SYSTEMIC USE,J01M QUINOLONE ANTIBACTERIALS,J01M A Fluoroquinolones,J01M A12 Levofloxacin,17413,LEVOFLOXACINUM,Oral Solid Ordinary," tablets coated 250 mg, #10",250.0,mg,10.0,Oral solid,No sampled peer,No sampled peer,3966.41,10656.77,8467.380000000001,3760.84,3040.4399999999996
26074,B BLOOD AND BLOOD FORMING ORGANS,B01 ANTITHROMBOTIC AGENTS,B01A ANTITHROMBOTIC AGENTS,B01A C Platelet aggregation inhibitors excl. heparin,B01A C06 Acetylsalicylic acid,20603,ACIDUM ACETYLSALICYLICUM*,Oral Solid Ordinary," chewable tabs 80 mg flask, #90",80.0,mg,90.0,Oral solid,No sampled peer,No sampled peer,5927.399999999999,5526.24,7132.280000000001,4143.22,3347.0699999999997
378736,C CARDIOVASCULAR SYSTEM,C10 LIPID MODIFYING AGENTS,"C10A LIPID MODIFYING AGENTS, PLAIN",C10A A HMG CoA reductase inhibitors,C10A A05 Atorvastatin,9750,ATORVASTATINUM,Oral Solid Ordinary," tabs coated w/film 10 mg blister, #90",10.0,mg,90.0,Oral solid,ATC4,C10A A HMG CoA reductase inhibitors,5675.33,3841.4100000000008,1941.7800000000002,2198.4999999999995,1175.3899999999999
110947,M MUSCULO-SCELETAL SYSTEM,M01 ANTIINFLAMMATORY AND ANTIRHEUMATIC PRODUCTS,"M01A ANTIINFLAMMATORY AND ANTIRHEUMATIC PRODUCTS, NON-STEROIDS",M01A C Oxicams,M01A C06 Meloxicam,45359,MELOXICAMUM,Oral Solid Ordinary," tabs 15 mg blister, #20",15.0,mg,20.0,Oral solid,ATC3,"M01A ANTIINFLAMMATORY AND ANTIRHEUMATIC PRODUCTS, NON-STEROIDS",8861.17,11160.74,7447.92,321.10999999999996,0.0
412489,C CARDIOVASCULAR SYSTEM,C10 LIPID MODIFYING AGENTS,"C10A LIPID MODIFYING AGENTS, PLAIN",C10A A HMG CoA reductase inhibitors,C10A A05 Atorvastatin,41834,ATORVASTATINUM,Oral Solid Ordinary," tabs coated w/film 10 mg blister, #30",10.0,mg,30.0,Oral solid,ATC4,C10A A HMG CoA reductase inhibitors,17272.98,13840.760000000002,13527.119999999999,13130.050000000003,11299.59
13644,M MUSCULO-SCELETAL SYSTEM,M01 ANTIINFLAMMATORY AND ANTIRHEUMATIC PRODUCTS,"M01A ANTIINFLAMMATORY AND ANTIRHEUMATIC PRODUCTS, NON-STEROIDS",M01A B Acetic acid derivatives and related substances,M01A B05 Diclofenac,26652,DICLOFENACUM,Oral Solid Ordinary," tablets gastroresistant 25 mg blister, #30",25.0,mg,30.0,Oral solid,ATC3,"M01A ANTIINFLAMMATORY AND ANTIRHEUMATIC PRODUCTS, NON-STEROIDS",4314.1900000000005,3776.32,4402.289999999999,391.18,1924.4999999999998
443305,J GENERAL ANTIINFECTIVES FOR SYSTEMIC USE,J01 ANTIBACTERIALS FOR SYSTEMIC USE,"J01F MACROLIDES, LINCOSAMIDES AND STREPTOGRAMINS",J01F A Macrolides,J01F A10 Azithromycin,3919,AZITHROMYCINUM,Oral Solid Ordinary," tabs coated w/film 500 mg blister, #3",500.0,mg,3.0,Oral solid,No sampled peer,No sampled peer,1871.51,317.59,9674.35,7375.55,1349.6200000000001
438595,R RESPIRATORY SYSTEM,R05 COUGH AND COLD PREPARATIONS,"R05C EXPECTORANTS, EXCL. COMBINATIONS WITH COUGH SUPRESSANTS",R05C B Mucolytics,R05C B01 Acetylcysteine,23665,ACETYLCYSTEINUM,Oral Liquid Ordinary," powder f/oral solution 200 mg/g sachet, #20",200.0,mg,20.0,Oral liquid,ATC4,R05C B Mucolytics,2327.6600000000003,0.0,0.0,0.0,0.0
92583,J GENERAL ANTIINFECTIVES FOR SYSTEMIC USE,J01 ANTIBACTERIALS FOR SYSTEMIC USE,J01D OTHER BETA-LACTAM ANTIBACTERIALS,J01D D Third-generation cephalosporins,J01D D04 Ceftriaxone,21539,CEFTRIAXONUM,Parenteral Ordinary," powd.fr-dr., f/sol. f/in. 1 g flask, #50",1.0,g,50.0,Parenteral,No sampled peer,No sampled peer,1115.2099999999998,2815.8100000000004,2176.71,874.2499999999999,349.67
69552,J GENERAL ANTIINFECTIVES FOR SYSTEMIC USE,J01 ANTIBACTERIALS FOR SYSTEMIC USE,J01M QUINOLONE ANTIBACTERIALS,J01M A Fluoroquinolones,J01M A12 Levofloxacin,42693,LEVOFLOXACINUM,Oral Solid Ordinary," tablets coated 500 mg blister, #5",500.0,mg,5.0,Oral solid,No sampled peer,No sampled peer,3452.2299999999996,3552.640000000001,150.41,369.25,5294.5
79301,J GENERAL ANTIINFECTIVES FOR SYSTEMIC USE,J02 ANTIMYCOTICS FOR SYSTEMIC USE,J02A ANTIMYCOTICS FOR SYSTEMIC USE,J02A C Triazole and tetrazole derivatives,J02A C01 Fluconazole,11354,FLUCONAZOLUM,Oral Solid Ordinary," caps. 150 mg, #1",150.0,mg,1.0,Oral solid,No sampled peer,No sampled peer,5851.409999999999,2916.6,4988.009999999999,7131.07,5450.049999999999
108285,B BLOOD AND BLOOD FORMING ORGANS,B01 ANTITHROMBOTIC AGENTS,B01A ANTITHROMBOTIC AGENTS,B01A C Platelet aggregation inhibitors excl. heparin,B01A C06 Acetylsalicylic acid,15624,ACIDUM ACETYLSALICYLICUM*,Oral Solid Ordinary," tabs 100 mg, #20",100.0,mg,20.0,Oral solid,No sampled peer,No sampled peer,808.4600000000003,51.81,1.9,0.0,0.0
283838,M MUSCULO-SCELETAL SYSTEM,M01 ANTIINFLAMMATORY AND ANTIRHEUMATIC PRODUCTS,"M01A ANTIINFLAMMATORY AND ANTIRHEUMATIC PRODUCTS, NON-STEROIDS",M01A C Oxicams,M01A C06 Meloxicam,34405,MELOXICAMUM,Oral Solid Ordinary," tablets dispersible 7,5 mg blister, #20",7.5,mg,20.0,Oral solid,ATC3,"M01A ANTIINFLAMMATORY AND ANTIRHEUMATIC PRODUCTS, NON-STEROIDS",6250.710000000002,3380.65,2092.44,878.0500000000001,217.99999999999997
44857,C CARDIOVASCULAR SYSTEM,C08 CALCIUM CHANNEL BLOCKERS,C08C SELECTIVE CALCIUM CHANNEL BLOCKERS WITH MAINLY VASCULAR EFFECTS,C08C A Dihydropyridine derivatives,C08C A01 Amlodipine,35253,AMLODIPINUM,Oral Solid Ordinary," tabs 10 mg blister, #30",10.0,mg,30.0,Oral solid,No sampled peer,No sampled peer,4975.579999999999,4322.42,3292.5299999999993,3455.19,2239.21
454185,J GENERAL ANTIINFECTIVES FOR SYSTEMIC USE,J01 ANTIBACTERIALS FOR SYSTEMIC USE,J01D OTHER BETA-LACTAM ANTIBACTERIALS,J01D D Third-generation cephalosporins,J01D D04 Ceftriaxone,2493,CEFTRIAXONUM,Parenteral Ordinary," powd.fr-dr., f/sol. f/in. 2 g flask, #1",2.0,g,1.0,Parenteral,No sampled peer,No sampled peer,10998.14,9155.660000000002,5917.5599999999995,1623.5499999999997,2.87
412295,G GENITO URINARY SYSTEM AND SEX HORMONES,G04 UROLOGICALS,G04B UROLOGICALS,G04B E Drugs used in erectile dysfunction,G04B E03 Sildenafilum,25463,SILDENAFILUM,Oral Solid Ordinary," tabs coated w/film 50 mg blister, #4",50.0,mg,4.0,Oral solid,No sampled peer,No sampled peer,4028.58,778.75,0.0,0.0,0.0
391341,J GENERAL ANTIINFECTIVES FOR SYSTEMIC USE,J01 ANTIBACTERIALS FOR SYSTEMIC USE,"J01F MACROLIDES, LINCOSAMIDES AND STREPTOGRAMINS",J01F A Macrolides,J01F A10 Azithromycin,6669,AZITHROMYCINUM,Oral Solid Ordinary," tablets dispersible 500 mg blister, #6",500.0,mg,6.0,Oral solid,No sampled peer,No sampled peer,4725.45,13247.64,17101.8,8469.13,6476.880000000001
446654,J GENERAL ANTIINFECTIVES FOR SYSTEMIC USE,J01 ANTIBACTERIALS FOR SYSTEMIC USE,J01D OTHER BETA-LACTAM ANTIBACTERIALS,J01D D Third-generation cephalosporins,J01D D04 Ceftriaxone,28685,CEFTRIAXONUM,Parenteral Ordinary," powder for prep. of inj. sol. 1 g flask, #1",1.0,g,1.0,Parenteral,No sampled peer,No sampled peer,1626.27,84.75999999999999,0.0,0.0,0.0
427271,C CARDIOVASCULAR SYSTEM,C10 LIPID MODIFYING AGENTS,"C10A LIPID MODIFYING AGENTS, PLAIN",C10A A HMG CoA reductase inhibitors,C10A A07 Rosuvastatin,20216,ROSUVASTATINUM,Oral Solid Ordinary," tabs coated w/film 10 mg blister, #30",10.0,mg,30.0,Oral solid,ATC4,C10A A HMG CoA reductase inhibitors,4425.950000000001,5138.849999999999,7532.42,16459.75,19565.13
144159,C CARDIOVASCULAR SYSTEM,C10 LIPID MODIFYING AGENTS,"C10A LIPID MODIFYING AGENTS, PLAIN",C10A A HMG CoA reductase inhibitors,C10A A07 Rosuvastatin,33135,ROSUVASTATINUM,Oral Solid Ordinary," tablets coated 20 mg blister, #90",20.0,mg,90.0,Oral solid,ATC4,C10A A HMG CoA reductase inhibitors,6569.970000000001,6496.959999999999,8576.06,9396.080000000002,5824.66
174601,J GENERAL ANTIINFECTIVES FOR SYSTEMIC USE,J01 ANTIBACTERIALS FOR SYSTEMIC USE,J01D OTHER BETA-LACTAM ANTIBACTERIALS,J01D D Third-generation cephalosporins,J01D D04 Ceftriaxone,21539,CEFTRIAXONUM,Parenteral Ordinary," powd.fr-dr., f/sol. f/in. 1000 mg vial in a pack with partition, with solvent in amp, #1",1000.0,mg,1.0,Parenteral,No sampled peer,No sampled peer,1621.54,0.0,0.0,0.0,0.0
188031,G GENITO URINARY SYSTEM AND SEX HORMONES,G04 UROLOGICALS,G04B UROLOGICALS,G04B E Drugs used in erectile dysfunction,G04B E03 Sildenafilum,43990,SILDENAFILUM,Oral Solid Ordinary," tablets dispersible 100 mg, #4",100.0,mg,4.0,Oral solid,No sampled peer,No sampled peer,7900.07,6658.11,5022.490000000001,2813.4100000000003,4342.219999999999
283837,M MUSCULO-SCELETAL SYSTEM,M01 ANTIINFLAMMATORY AND ANTIRHEUMATIC PRODUCTS,"M01A ANTIINFLAMMATORY AND ANTIRHEUMATIC PRODUCTS, NON-STEROIDS",M01A C Oxicams,M01A C06 Meloxicam,34405,MELOXICAMUM,Oral Solid Ordinary," tablets dispersible 15 mg blister, #20",15.0,mg,20.0,Oral solid,ATC3,"M01A ANTIINFLAMMATORY AND ANTIRHEUMATIC PRODUCTS, NON-STEROIDS",6589.76,4114.67,2949.8500000000004,1621.1599999999999,533.8000000000001
49222,A ALIMENTARY TRACT AND METABOLISM,A10 DRUGS USED IN DIABETS,"A10B BLOOD GLUCOSE LOWERING DRUGS, EXCL. INSULINS",A10B A Biguanides,A10B A02 Metformin,5396,METFORMINUM,Oral Solid Ordinary," tabs coated w/film 500 mg, #30",500.0,mg,30.0,Oral solid,No sampled peer,No sampled peer,4611.32,3556.4999999999995,13.420000000000002,13.79,0.0
346379,C CARDIOVASCULAR SYSTEM,C10 LIPID MODIFYING AGENTS,"C10A LIPID MODIFYING AGENTS, PLAIN",C10A A HMG CoA reductase inhibitors,C10A A07 Rosuvastatin,33901,ROSUVASTATINUM,Oral Solid Ordinary," tabs coated w/film 5 mg blister, #30",5.0,mg,30.0,Oral solid,ATC4,C10A A HMG CoA reductase inhibitors,6846.729999999999,668.17,12641.159999999998,2750.7,0.0
76513,M MUSCULO-SCELETAL SYSTEM,M01 ANTIINFLAMMATORY AND ANTIRHEUMATIC PRODUCTS,"M01A ANTIINFLAMMATORY AND ANTIRHEUMATIC PRODUCTS, NON-STEROIDS",M01A B Acetic acid derivatives and related substances,M01A B05 Diclofenac,13082,DICLOFENACUM,Oral Solid Ordinary," tabs intest. solub. 50 mg, #20",50.0,mg,20.0,Oral solid,ATC3,"M01A ANTIINFLAMMATORY AND ANTIRHEUMATIC PRODUCTS, NON-STEROIDS",7914.5700000000015,8051.599999999999,1580.3500000000004,184.53,12.469999999999999
98239,G GENITO URINARY SYSTEM AND SEX HORMONES,G04 UROLOGICALS,G04B UROLOGICALS,G04B E Drugs used in erectile dysfunction,G04B E03 Sildenafilum,9045,SILDENAFILUM,Oral Solid Ordinary," tablets coated 100 mg, #4",100.0,mg,4.0,Oral solid,No sampled peer,No sampled peer,4302.95,2540.1000000000004,1995.8100000000002,1330.5300000000002,1800.0699999999997
404716,C CARDIOVASCULAR SYSTEM,C10 LIPID MODIFYING AGENTS,"C10A LIPID MODIFYING AGENTS, PLAIN",C10A A HMG CoA reductase inhibitors,C10A A05 Atorvastatin,30989,ATORVASTATINUM,Oral Solid Ordinary," tabs coated w/film 40 mg blister, #30",40.0,mg,30.0,Oral solid,ATC4,C10A A HMG CoA reductase inhibitors,8300.82,11222.39,15283.169999999998,14120.630000000003,22801.18
435302,J GENERAL ANTIINFECTIVES FOR SYSTEMIC USE,J01 ANTIBACTERIALS FOR SYSTEMIC USE,"J01F MACROLIDES, LINCOSAMIDES AND STREPTOGRAMINS",J01F A Macrolides,J01F A10 Azithromycin,6669,AZITHROMYCINUM,Oral Liquid Ordinary," powder f/susp. orale 600 mg flask 15 ml, with taste of banana, #1",600.0,mg,1.0,Oral liquid,No sampled peer,No sampled peer,7261.85,5243.5599999999995,10283.16,5474.55,18425.96
439149,N NERVOUS SYSTEM,N06 PSYCHOANALEPTICS,"N06B PSYCHOSTIMULANTS, AGENTS USED FOR ADHD AND NOOTROPICS",N06B X Other psychostimulants and nootropics,N06B X06 Citicoline,36791,CITICOLINUM,Parenteral Ordinary," sol.  for inj. 125 mg/ml flask 4 ml, #5",125.0,mg,5.0,Parenteral,No sampled peer,No sampled peer,6811.419999999999,4566.119999999999,3949.8900000000003,782.3899999999999,5.499999999999999
392633,C CARDIOVASCULAR SYSTEM,C10 LIPID MODIFYING AGENTS,"C10A LIPID MODIFYING AGENTS, PLAIN",C10A A HMG CoA reductase inhibitors,C10A A07 Rosuvastatin,347,ROSUVASTATINUM,Oral Solid Ordinary," tabs coated w/film 20 mg blister, #30",20.0,mg,30.0,Oral solid,ATC4,C10A A HMG CoA reductase inhibitors,6908.970000000001,4663.299999999999,932.25,8.55,0.0
235822,N NERVOUS SYSTEM,N06 PSYCHOANALEPTICS,"N06B PSYCHOSTIMULANTS, AGENTS USED FOR ADHD AND NOOTROPICS",N06B X Other psychostimulants and nootropics,N06B X06 Citicoline,44951,CITICOLINUM,Oral Liquid Ordinary," oral solution 100 mg/ml flask 30 ml, #1",100.0,mg,1.0,Oral liquid,No sampled peer,No sampled peer,8178.82,6652.64,7174.009999999998,2896.5499999999997,1363.43
275043,G GENITO URINARY SYSTEM AND SEX HORMONES,G04 UROLOGICALS,G04B UROLOGICALS,G04B E Drugs used in erectile dysfunction,G04B E03 Sildenafilum,25230,SILDENAFILUM,Oral Solid Ordinary," tabs coated w/film 100 mg blister, #8",100.0,mg,8.0,Oral solid,No sampled peer,No sampled peer,7884.450000000001,5996.570000000001,6810.210000000001,5192.53,5993.74
47832,J GENERAL ANTIINFECTIVES FOR SYSTEMIC USE,J01 ANTIBACTERIALS FOR SYSTEMIC USE,J01M QUINOLONE ANTIBACTERIALS,J01M A Fluoroquinolones,J01M A12 Levofloxacin,39024,LEVOFLOXACINUM,Oral Solid Ordinary," tabs coated w/film 500 mg blister, #5",500.0,mg,5.0,Oral solid,No sampled peer,No sampled peer,17793.39,25021.789999999997,18961.590000000004,8495.669999999998,4683.61
273096,C CARDIOVASCULAR SYSTEM,C10 LIPID MODIFYING AGENTS,"C10A LIPID MODIFYING AGENTS, PLAIN",C10A A HMG CoA reductase inhibitors,C10A A05 Atorvastatin,12453,ATORVASTATINUM,Oral Solid Ordinary," tabs coated w/film 20 mg blister, #30",20.0,mg,30.0,Oral solid,ATC4,C10A A HMG CoA reductase inhibitors,1754.5699999999997,48.160000000000004,0.0,0.0,0.0
287265,N NERVOUS SYSTEM,N02 ANALGESICS,N02B OTHER ANALGESICS AND ANTIPYRETICS,N02B F Gabapentinoids,N02B F02 Pregabalin,13244,PREGABALINUM,Oral Solid Ordinary," caps. solid 75 mg blister, #28",75.0,mg,28.0,Oral solid,ATC3,N02B OTHER ANALGESICS AND ANTIPYRETICS,6590.33,4052.4299999999994,3552.87,1464.1400000000003,830.8799999999999
44858,C CARDIOVASCULAR SYSTEM,C08 CALCIUM CHANNEL BLOCKERS,C08C SELECTIVE CALCIUM CHANNEL BLOCKERS WITH MAINLY VASCULAR EFFECTS,C08C A Dihydropyridine derivatives,C08C A01 Amlodipine,35253,AMLODIPINUM,Oral Solid Ordinary," tabs 5 mg blister, #30",5.0,mg,30.0,Oral solid,No sampled peer,No sampled peer,6672.61,7004.57,5618.040000000001,4949.989999999999,4190.15
144158,C CARDIOVASCULAR SYSTEM,C10 LIPID MODIFYING AGENTS,"C10A LIPID MODIFYING AGENTS, PLAIN",C10A A HMG CoA reductase inhibitors,C10A A07 Rosuvastatin,33135,ROSUVASTATINUM,Oral Solid Ordinary," tablets coated 20 mg blister, #30",20.0,mg,30.0,Oral solid,ATC4,C10A A HMG CoA reductase inhibitors,7926.910000000001,8322.24,4525.9299999999985,3.25,0.0
546948,A ALIMENTARY TRACT AND METABOLISM,A10 DRUGS USED IN DIABETS,"A10B BLOOD GLUCOSE LOWERING DRUGS, EXCL. INSULINS",A10B A Biguanides,A10B A02 Metformin,39461,METFORMINUM,Oral Solid Ordinary," tabs coated w/film 850 mg blister, #30",850.0,mg,30.0,Oral solid,No sampled peer,No sampled peer,5003.009999999999,8213.809999999998,149931.87,120227.55,5596.939999999999
289678,M MUSCULO-SCELETAL SYSTEM,M01 ANTIINFLAMMATORY AND ANTIRHEUMATIC PRODUCTS,"M01A ANTIINFLAMMATORY AND ANTIRHEUMATIC PRODUCTS, NON-STEROIDS",M01A C Oxicams,M01A C06 Meloxicam,28481,MELOXICAMUM,"Topical Dermatological, Haemorrhoidal, External"," rectal suppository 15 mg strip, #10",15.0,mg,10.0,Topical,ATC3,"M01A ANTIINFLAMMATORY AND ANTIRHEUMATIC PRODUCTS, NON-STEROIDS",7970.759999999999,10830.64,25258.2,14431.229999999996,11820.06
325112,J GENERAL ANTIINFECTIVES FOR SYSTEMIC USE,J02 ANTIMYCOTICS FOR SYSTEMIC USE,J02A ANTIMYCOTICS FOR SYSTEMIC USE,J02A C Triazole and tetrazole derivatives,J02A C01 Fluconazole,49884,FLUCONAZOLUM,Oral Solid Ordinary," caps. 100 mg blister, #7",100.0,mg,7.0,Oral solid,No sampled peer,No sampled peer,4040.0600000000004,7481.900000000001,16498.14,891.1199999999999,1456.05
3680,M MUSCULO-SCELETAL SYSTEM,M01 ANTIINFLAMMATORY AND ANTIRHEUMATIC PRODUCTS,"M01A ANTIINFLAMMATORY AND ANTIRHEUMATIC PRODUCTS, NON-STEROIDS",M01A B Acetic acid derivatives and related substances,M01A B05 Diclofenac,26652,DICLOFENACUM,Oral Solid Ordinary," tabs coated w/sugar 50 mg blister, #20",50.0,mg,20.0,Oral solid,ATC3,"M01A ANTIINFLAMMATORY AND ANTIRHEUMATIC PRODUCTS, NON-STEROIDS",10398.690000000002,12309.82,12513.950000000003,177.22,2180.0699999999997
223399,C CARDIOVASCULAR SYSTEM,C07 BETA BLOCKING AGENTS,C07A BETA-BLOCKING AGENTS,"C07A B Beta blocking agents, selective",C07A B07 Bisoprolol,38025,BISOPROLOLUM,Oral Solid Ordinary," tabs coated w/film 10 mg blister, #30",10.0,mg,30.0,Oral solid,No sampled peer,No sampled peer,4055.04,51.379999999999995,3.47,0.0,0.0
124061,G GENITO URINARY SYSTEM AND SEX HORMONES,G04 UROLOGICALS,G04B UROLOGICALS,G04B E Drugs used in erectile dysfunction,G04B E03 Sildenafilum,2547,SILDENAFILUM,Oral Solid Ordinary," tablets coated 50 mg blister, #1",50.0,mg,1.0,Oral solid,No sampled peer,No sampled peer,9306.58,8812.230000000001,6594.080000000001,3237.669999999999,3493.3299999999995
62196,J GENERAL ANTIINFECTIVES FOR SYSTEMIC USE,J01 ANTIBACTERIALS FOR SYSTEMIC USE,"J01F MACROLIDES, LINCOSAMIDES AND STREPTOGRAMINS",J01F A Macrolides,J01F A10 Azithromycin,477,AZITHROMYCINUM,Oral Solid Ordinary," caps. 250 mg blister, #6",250.0,mg,6.0,Oral solid,No sampled peer,No sampled peer,5352.57,4000.4900000000002,1538.7000000000003,1120.0,1140.48
431471,G GENITO URINARY SYSTEM AND SEX HORMONES,G04 UROLOGICALS,G04B UROLOGICALS,G04B E Drugs used in erectile dysfunction,G04B E03 Sildenafilum,10802,SILDENAFILUM,Oral Solid Ordinary," tabs coated w/film 100 mg blister, #12",100.0,mg,12.0,Oral solid,No sampled peer,No sampled peer,6241.54,4368.73,6037.43,7690.020000000001,11544.749999999998
392635,C CARDIOVASCULAR SYSTEM,C10 LIPID MODIFYING AGENTS,"C10A LIPID MODIFYING AGENTS, PLAIN",C10A A HMG CoA reductase inhibitors,C10A A07 Rosuvastatin,347,ROSUVASTATINUM,Oral Solid Ordinary," tabs coated w/film 10 mg blister, #30",10.0,mg,30.0,Oral solid,ATC4,C10A A HMG CoA reductase inhibitors,8969.730000000001,7914.49,1436.6299999999999,15.01,0.0
138887,C CARDIOVASCULAR SYSTEM,C10 LIPID MODIFYING AGENTS,"C10A LIPID MODIFYING AGENTS, PLAIN",C10A A HMG CoA reductase inhibitors,C10A A05 Atorvastatin,43778,ATORVASTATINUM,Oral Solid Ordinary," tablets coated 40 mg blister, #30",40.0,mg,30.0,Oral solid,ATC4,C10A A HMG CoA reductase inhibitors,8118.41,9851.160000000002,11840.580000000002,13009.569999999998,19556.590000000004
188041,G GENITO URINARY SYSTEM AND SEX HORMONES,G04 UROLOGICALS,G04B UROLOGICALS,G04B E Drugs used in erectile dysfunction,G04B E03 Sildenafilum,43990,SILDENAFILUM,Oral Solid Ordinary," tablets dispersible 50 mg, #4",50.0,mg,4.0,Oral solid,No sampled peer,No sampled peer,9273.869999999999,6867.470000000001,6096.820000000001,2813.8199999999997,4963.44
289683,C CARDIOVASCULAR SYSTEM,C10 LIPID MODIFYING AGENTS,"C10A LIPID MODIFYING AGENTS, PLAIN",C10A A HMG CoA reductase inhibitors,C10A A07 Rosuvastatin,9998,ROSUVASTATINUM,Oral Solid Ordinary," tabs coated w/film 30 mg blister, #90",30.0,mg,90.0,Oral solid,ATC4,C10A A HMG CoA reductase inhibitors,9035.35,11496.14,14060.050000000003,13749.040000000003,18275.109999999997
356760,G GENITO URINARY SYSTEM AND SEX HORMONES,G04 UROLOGICALS,G04B UROLOGICALS,G04B E Drugs used in erectile dysfunction,G04B E03 Sildenafilum,2686,SILDENAFILUM,Oral Solid Ordinary," tabs 100 mg blister, #2",100.0,mg,2.0,Oral solid,No sampled peer,No sampled peer,17561.100000000002,19480.27,17464.44,7253.500000000001,14037.18
462580,C CARDIOVASCULAR SYSTEM,C08 CALCIUM CHANNEL BLOCKERS,C08C SELECTIVE CALCIUM CHANNEL BLOCKERS WITH MAINLY VASCULAR EFFECTS,C08C A Dihydropyridine derivatives,C08C A01 Amlodipine,15047,AMLODIPINUM,Oral Solid Ordinary," tabs 10 mg blister, #90",10.0,mg,90.0,Oral solid,No sampled peer,No sampled peer,12539.359999999999,10956.559999999998,11697.37,6979.299999999999,6892.2
265868,G GENITO URINARY SYSTEM AND SEX HORMONES,G04 UROLOGICALS,G04B UROLOGICALS,G04B E Drugs used in erectile dysfunction,G04B E03 Sildenafilum,38544,SILDENAFILUM,Oral Solid Ordinary," tabs coated w/film 100 mg, #2",100.0,mg,2.0,Oral solid,No sampled peer,No sampled peer,1255.2500000000002,52.82,0.0,0.0,0.0
127244,M MUSCULO-SCELETAL SYSTEM,M01 ANTIINFLAMMATORY AND ANTIRHEUMATIC PRODUCTS,"M01A ANTIINFLAMMATORY AND ANTIRHEUMATIC PRODUCTS, NON-STEROIDS",M01A B Acetic acid derivatives and related substances,M01A B05 Diclofenac,34043,DICLOFENACUM,Oral Solid Retard," tabs w/modified release 150 mg blister, #100",150.0,mg,100.0,Oral solid,ATC3,"M01A ANTIINFLAMMATORY AND ANTIRHEUMATIC PRODUCTS, NON-STEROIDS",9409.9,10590.759999999998,12368.620000000003,14862.77,13932.97
155364,B BLOOD AND BLOOD FORMING ORGANS,B01 ANTITHROMBOTIC AGENTS,B01A ANTITHROMBOTIC AGENTS,B01A C Platelet aggregation inhibitors excl. heparin,B01A C06 Acetylsalicylic acid,24013,ACIDUM ACETYLSALICYLICUM*,Oral Solid Ordinary," tabs forte, coated w/film 150 mg blister, #30",150.0,mg,30.0,Oral solid,No sampled peer,No sampled peer,6582.690000000001,4012.4599999999996,40128.17999999999,52055.159999999996,34613.299999999996
11461,J GENERAL ANTIINFECTIVES FOR SYSTEMIC USE,J02 ANTIMYCOTICS FOR SYSTEMIC USE,J02A ANTIMYCOTICS FOR SYSTEMIC USE,J02A C Triazole and tetrazole derivatives,J02A C01 Fluconazole,33920,FLUCONAZOLUM,Oral Solid Ordinary," caps. 150 mg, #1",150.0,mg,1.0,Oral solid,No sampled peer,No sampled peer,10974.8,5106.660000000001,1995.3600000000001,1563.0400000000002,817.79
153593,C CARDIOVASCULAR SYSTEM,C10 LIPID MODIFYING AGENTS,"C10A LIPID MODIFYING AGENTS, PLAIN",C10A A HMG CoA reductase inhibitors,C10A A07 Rosuvastatin,23176,ROSUVASTATINUM,Oral Solid Ordinary," tabs coated w/film 20 mg blister, #30",20.0,mg,30.0,Oral solid,ATC4,C10A A HMG CoA reductase inhibitors,10029.25,12253.640000000003,14823.06,8789.859999999999,4497.6900000000005
155887,C CARDIOVASCULAR SYSTEM,C10 LIPID MODIFYING AGENTS,"C10A LIPID MODIFYING AGENTS, PLAIN",C10A A HMG CoA reductase inhibitors,C10A A05 Atorvastatin,25312,ATORVASTATINUM,Oral Solid Ordinary," tablets coated 20 mg blister, #30",20.0,mg,30.0,Oral solid,ATC4,C10A A HMG CoA reductase inhibitors,9239.25,6037.530000000001,3775.1700000000005,2205.05,2934.73
84655,R RESPIRATORY SYSTEM,R05 COUGH AND COLD PREPARATIONS,"R05C EXPECTORANTS, EXCL. COMBINATIONS WITH COUGH SUPRESSANTS",R05C B Mucolytics,R05C B01 Acetylcysteine,45790,ACETYLCYSTEINUM,Oral Liquid Ordinary," powder f/oral solution 100 mg pack 3 g, #10",100.0,mg,10.0,Oral liquid,ATC4,R05C B Mucolytics,5691.539999999999,2533.09,1024.64,359.49999999999994,620.65
88004,C CARDIOVASCULAR SYSTEM,C10 LIPID MODIFYING AGENTS,"C10A LIPID MODIFYING AGENTS, PLAIN",C10A A HMG CoA reductase inhibitors,C10A A05 Atorvastatin,36288,ATORVASTATINUM,Oral Solid Ordinary," tabs coated w/film 40 mg, #30",40.0,mg,30.0,Oral solid,ATC4,C10A A HMG CoA reductase inhibitors,22726.22,47295.280000000006,51350.71,39771.94999999999,39253.92
56191,C CARDIOVASCULAR SYSTEM,C10 LIPID MODIFYING AGENTS,"C10A LIPID MODIFYING AGENTS, PLAIN",C10A A HMG CoA reductase inhibitors,C10A A05 Atorvastatin,46835,ATORVASTATINUM,Oral Solid Ordinary," tabs coated w/film 10 mg blister, #30",10.0,mg,30.0,Oral solid,ATC4,C10A A HMG CoA reductase inhibitors,724.27,0.0,0.0,0.0,0.0
274962,C CARDIOVASCULAR SYSTEM,C10 LIPID MODIFYING AGENTS,"C10A LIPID MODIFYING AGENTS, PLAIN",C10A A HMG CoA reductase inhibitors,C10A A05 Atorvastatin,3572,ATORVASTATINUM,Oral Solid Ordinary," tablets coated 10 mg blister, #84",10.0,mg,84.0,Oral solid,ATC4,C10A A HMG CoA reductase inhibitors,10494.489999999998,7961.99,7027.520000000001,4815.610000000001,5584.830000000001
127242,M MUSCULO-SCELETAL SYSTEM,M01 ANTIINFLAMMATORY AND ANTIRHEUMATIC PRODUCTS,"M01A ANTIINFLAMMATORY AND ANTIRHEUMATIC PRODUCTS, NON-STEROIDS",M01A B Acetic acid derivatives and related substances,M01A B05 Diclofenac,34043,DICLOFENACUM,Oral Solid Retard," tabs w/modified release 75 mg blister, #100",75.0,mg,100.0,Oral solid,ATC3,"M01A ANTIINFLAMMATORY AND ANTIRHEUMATIC PRODUCTS, NON-STEROIDS",9192.43,10065.570000000002,10886.97,13954.689999999999,10212.050000000001
318108,R RESPIRATORY SYSTEM,R05 COUGH AND COLD PREPARATIONS,"R05C EXPECTORANTS, EXCL. COMBINATIONS WITH COUGH SUPRESSANTS",R05C B Mucolytics,R05C B01 Acetylcysteine,6103,ACETYLCYSTEINUM,Oral Liquid Ordinary," oral solution 20 mg/ml bottle with measured cap 200 ml, or measured applic. (syringe, #1",20.0,mg,1.0,Oral liquid,ATC4,R05C B Mucolytics,4195.389999999999,62.77,33.480000000000004,15.329999999999998,12.74
450167,N NERVOUS SYSTEM,N06 PSYCHOANALEPTICS,"N06B PSYCHOSTIMULANTS, AGENTS USED FOR ADHD AND NOOTROPICS",N06B X Other psychostimulants and nootropics,N06B X06 Citicoline,38509,CITICOLINUM,Parenteral Ordinary," sol.  for inj. 500 mg/4 ml amp. 4 ml, #5",500.0,mg,5.0,Parenteral,No sampled peer,No sampled peer,15637.25,14528.949999999999,24288.609999999997,5635.969999999999,261.69
153602,N NERVOUS SYSTEM,N02 ANALGESICS,N02B OTHER ANALGESICS AND ANTIPYRETICS,N02B E Anilides,"N02B E51 Paracetamol, combinations excl. psycholeptics",30087,PARACETAMOLUM,Oral Solid Ordinary," tabs coated w/film 500 mg blister, #12",500.0,mg,12.0,Oral solid,ATC3,N02B OTHER ANALGESICS AND ANTIPYRETICS,4573.299999999999,0.0,3.13,0.0,0.0
12485,M MUSCULO-SCELETAL SYSTEM,M02 TOPICAL PRODUCTS FOR JOINT AND MUSCULAR PAIN,M02A TOPICAL PRODUCTS FOR JOINT AND MUSCULAR PAIN,"M02A A Antiinflammatory preparations, non-steroids for topical use",M02A A15 Diclofenac,32177,DICLOFENACUM,"Topical Dermatological, Haemorrhoidal, External", gel 1 % tube 20 g,20.0,g,,Topical,ATC4,"M02A A Antiinflammatory preparations, non-steroids for topical use",9082.58,4813.160000000001,17.54,0.0,0.0
48495,J GENERAL ANTIINFECTIVES FOR SYSTEMIC USE,J01 ANTIBACTERIALS FOR SYSTEMIC USE,"J01F MACROLIDES, LINCOSAMIDES AND STREPTOGRAMINS",J01F A Macrolides,J01F A10 Azithromycin,14656,AZITHROMYCINUM,Oral Solid Ordinary," caps. solid 250 mg blister, #6",250.0,mg,6.0,Oral solid,No sampled peer,No sampled peer,2516.81,21.75,0.0,0.0,0.0
435307,J GENERAL ANTIINFECTIVES FOR SYSTEMIC USE,J01 ANTIBACTERIALS FOR SYSTEMIC USE,"J01F MACROLIDES, LINCOSAMIDES AND STREPTOGRAMINS",J01F A Macrolides,J01F A10 Azithromycin,6669,AZITHROMYCINUM,Oral Liquid Ordinary," powder f/susp. orale 1500 mg flask 37,5 ml, with taste of raspberry, #1",1500.0,mg,1.0,Oral liquid,No sampled peer,No sampled peer,8264.1,5959.650000000001,15461.16,4587.39,5953.0199999999995
139509,A ALIMENTARY TRACT AND METABOLISM,A10 DRUGS USED IN DIABETS,"A10B BLOOD GLUCOSE LOWERING DRUGS, EXCL. INSULINS",A10B A Biguanides,A10B A02 Metformin,39461,METFORMINUM,Oral Solid Ordinary," tabs coated w/film 850 mg blister, #30",850.0,mg,30.0,Oral solid,No sampled peer,No sampled peer,7621.229999999999,21704.35,8048.230000000001,8904.88,5361.88
273009,C CARDIOVASCULAR SYSTEM,C10 LIPID MODIFYING AGENTS,"C10A LIPID MODIFYING AGENTS, PLAIN",C10A A HMG CoA reductase inhibitors,C10A A07 Rosuvastatin,42032,ROSUVASTATINUM,Oral Solid Ordinary," tablets coated 10 mg blister, #28",10.0,mg,28.0,Oral solid,ATC4,C10A A HMG CoA reductase inhibitors,9381.710000000001,7011.580000000001,12067.989999999998,5754.750000000001,6245.889999999999
420724,B BLOOD AND BLOOD FORMING ORGANS,B01 ANTITHROMBOTIC AGENTS,B01A ANTITHROMBOTIC AGENTS,B01A C Platelet aggregation inhibitors excl. heparin,B01A C06 Acetylsalicylic acid,20912,ACIDUM ACETYLSALICYLICUM*,Oral Solid Ordinary," tabs intest. solub. 100 mg blister, #100",100.0,mg,100.0,Oral solid,No sampled peer,No sampled peer,31286.569999999996,26490.62,59057.689999999995,82673.90000000002,68786.83
295322,M MUSCULO-SCELETAL SYSTEM,M01 ANTIINFLAMMATORY AND ANTIRHEUMATIC PRODUCTS,"M01A ANTIINFLAMMATORY AND ANTIRHEUMATIC PRODUCTS, NON-STEROIDS",M01A C Oxicams,M01A C06 Meloxicam,28481,MELOXICAMUM,Parenteral Ordinary," sol.  for inj. 10 mg/ml flask 1,5 ml, contour cell wrap, pack, #5",10.0,mg,5.0,Parenteral,ATC3,"M01A ANTIINFLAMMATORY AND ANTIRHEUMATIC PRODUCTS, NON-STEROIDS",6709.700000000001,0.0,0.0,0.0,0.0
438398,J GENERAL ANTIINFECTIVES FOR SYSTEMIC USE,J02 ANTIMYCOTICS FOR SYSTEMIC USE,J02A ANTIMYCOTICS FOR SYSTEMIC USE,J02A C Triazole and tetrazole derivatives,J02A C01 Fluconazole,49884,FLUCONAZOLUM,Oral Solid Ordinary," caps. solid 100 mg blister in box, #10",100.0,mg,10.0,Oral solid,No sampled peer,No sampled peer,27452.520000000004,42902.92,59607.810000000005,56734.52,71416.36
462583,C CARDIOVASCULAR SYSTEM,C08 CALCIUM CHANNEL BLOCKERS,C08C SELECTIVE CALCIUM CHANNEL BLOCKERS WITH MAINLY VASCULAR EFFECTS,C08C A Dihydropyridine derivatives,C08C A01 Amlodipine,15047,AMLODIPINUM,Oral Solid Ordinary," tabs 5 mg blister, #90",5.0,mg,90.0,Oral solid,No sampled peer,No sampled peer,9447.220000000001,6911.84,6578.24,4208.12,4593.79
275042,G GENITO URINARY SYSTEM AND SEX HORMONES,G04 UROLOGICALS,G04B UROLOGICALS,G04B E Drugs used in erectile dysfunction,G04B E03 Sildenafilum,25230,SILDENAFILUM,Oral Solid Ordinary," tabs coated w/film 100 mg blister, #2",100.0,mg,2.0,Oral solid,No sampled peer,No sampled peer,4029.87,237.49,29.209999999999997,0.0,0.0
59853,J GENERAL ANTIINFECTIVES FOR SYSTEMIC USE,J01 ANTIBACTERIALS FOR SYSTEMIC USE,"J01F MACROLIDES, LINCOSAMIDES AND STREPTOGRAMINS",J01F A Macrolides,J01F A10 Azithromycin,38901,AZITHROMYCINUM,Oral Solid Ordinary," caps. 250 mg cont. cell pack, pack, #6",250.0,mg,6.0,Oral solid,No sampled peer,No sampled peer,6543.89,6498.7699999999995,2438.3700000000003,4317.12,3076.8800000000006
412493,C CARDIOVASCULAR SYSTEM,C10 LIPID MODIFYING AGENTS,"C10A LIPID MODIFYING AGENTS, PLAIN",C10A A HMG CoA reductase inhibitors,C10A A05 Atorvastatin,41834,ATORVASTATINUM,Oral Solid Ordinary," tabs coated w/film 20 mg blister, #30",20.0,mg,30.0,Oral solid,ATC4,C10A A HMG CoA reductase inhibitors,18341.54,18534.26,31194.800000000003,34982.420000000006,39451.81
78927,C CARDIOVASCULAR SYSTEM,C10 LIPID MODIFYING AGENTS,"C10A LIPID MODIFYING AGENTS, PLAIN",C10A A HMG CoA reductase inhibitors,C10A A07 Rosuvastatin,7859,ROSUVASTATINUM,Oral Solid Ordinary," tabs coated w/film 40 mg blister, #28",40.0,mg,28.0,Oral solid,ATC4,C10A A HMG CoA reductase inhibitors,11176.0,14558.670000000002,20758.63,20487.01,25251.48
142236,C CARDIOVASCULAR SYSTEM,C10 LIPID MODIFYING AGENTS,"C10A LIPID MODIFYING AGENTS, PLAIN",C10A A HMG CoA reductase inhibitors,C10A A07 Rosuvastatin,9998,ROSUVASTATINUM,Oral Solid Ordinary," tabs coated w/film 40 mg blister, #30",40.0,mg,30.0,Oral solid,ATC4,C10A A HMG CoA reductase inhibitors,19832.53,34393.92999999999,50995.74,64129.20000000001,86763.40000000001
239534,J GENERAL ANTIINFECTIVES FOR SYSTEMIC USE,J01 ANTIBACTERIALS FOR SYSTEMIC USE,J01M QUINOLONE ANTIBACTERIALS,J01M A Fluoroquinolones,J01M A12 Levofloxacin,23786,LEVOFLOXACINUM,Oral Solid Ordinary," tabs coated w/film 500 mg blister, #5",500.0,mg,5.0,Oral solid,No sampled peer,No sampled peer,5979.139999999999,1157.0700000000004,11.69,0.0,0.0
75945,C CARDIOVASCULAR SYSTEM,C07 BETA BLOCKING AGENTS,C07A BETA-BLOCKING AGENTS,"C07A B Beta blocking agents, selective",C07A B07 Bisoprolol,28528,BISOPROLOLUM,Oral Solid Ordinary," tabs 10 mg blister, #20",10.0,mg,20.0,Oral solid,No sampled peer,No sampled peer,18668.99,170657.05999999997,130891.88999999998,77819.24,26526.8
431459,G GENITO URINARY SYSTEM AND SEX HORMONES,G04 UROLOGICALS,G04B UROLOGICALS,G04B E Drugs used in erectile dysfunction,G04B E03 Sildenafilum,10802,SILDENAFILUM,Oral Solid Ordinary," tabs coated w/film 50 mg blister, #4",50.0,mg,4.0,Oral solid,No sampled peer,No sampled peer,6495.05,1290.24,13.76,0.0,0.0
416844,C CARDIOVASCULAR SYSTEM,C10 LIPID MODIFYING AGENTS,"C10A LIPID MODIFYING AGENTS, PLAIN",C10A A HMG CoA reductase inhibitors,C10A A05 Atorvastatin,48092,ATORVASTATINUM,Oral Solid Ordinary," tablets coated 10 mg cont. cell pack, #28",10.0,mg,28.0,Oral solid,ATC4,C10A A HMG CoA reductase inhibitors,9705.129999999997,5024.759999999999,3368.2299999999996,748.75,1451.43
287270,N NERVOUS SYSTEM,N02 ANALGESICS,N02B OTHER ANALGESICS AND ANTIPYRETICS,N02B F Gabapentinoids,N02B F02 Pregabalin,13244,PREGABALINUM,Oral Solid Ordinary," caps. solid 150 mg blister, #56",150.0,mg,56.0,Oral solid,ATC3,N02B OTHER ANALGESICS AND ANTIPYRETICS,6953.349999999999,5781.279999999999,3847.12,1573.9000000000003,287.80999999999995
12360,N NERVOUS SYSTEM,N02 ANALGESICS,N02B OTHER ANALGESICS AND ANTIPYRETICS,N02B A Salicylic acid and derivatives,N02B A01 Acetylsalicylic acid,46907,ACIDUM ACETYLSALICYLICUM*,Oral Solid Ordinary," tabs 500 mg, #10",500.0,mg,10.0,Oral solid,ATC3,N02B OTHER ANALGESICS AND ANTIPYRETICS,2154.05,0.0,0.0,0.0,0.0
425107,M MUSCULO-SCELETAL SYSTEM,M01 ANTIINFLAMMATORY AND ANTIRHEUMATIC PRODUCTS,"M01A ANTIINFLAMMATORY AND ANTIRHEUMATIC PRODUCTS, NON-STEROIDS",M01A C Oxicams,M01A C06 Meloxicam,37853,MELOXICAMUM,Oral Solid Ordinary," tabs 15 mg blister, #20",15.0,mg,20.0,Oral solid,ATC3,"M01A ANTIINFLAMMATORY AND ANTIRHEUMATIC PRODUCTS, NON-STEROIDS",17413.84,5404.650000000001,10591.89,6290.630000000001,5512.91
59335,M MUSCULO-SCELETAL SYSTEM,M01 ANTIINFLAMMATORY AND ANTIRHEUMATIC PRODUCTS,"M01A ANTIINFLAMMATORY AND ANTIRHEUMATIC PRODUCTS, NON-STEROIDS",M01A B Acetic acid derivatives and related substances,M01A B05 Diclofenac,26652,DICLOFENACUM,Rectal systemic," suppository 100 mg strip, #5",100.0,mg,5.0,Rectal/vaginal,ATC3,"M01A ANTIINFLAMMATORY AND ANTIRHEUMATIC PRODUCTS, NON-STEROIDS",4690.16,6370.050000000001,7334.959999999999,4711.56,6308.359999999999
482531,N NERVOUS SYSTEM,N02 ANALGESICS,N02B OTHER ANALGESICS AND ANTIPYRETICS,N02B F Gabapentinoids,N02B F02 Pregabalin,27378,PREGABALINUM,Oral Solid Ordinary," caps. 75 mg blister in pack, #30",75.0,mg,30.0,Oral solid,ATC3,N02B OTHER ANALGESICS AND ANTIPYRETICS,15199.07,19845.370000000003,31694.96,36901.15,60323.5
223398,C CARDIOVASCULAR SYSTEM,C07 BETA BLOCKING AGENTS,C07A BETA-BLOCKING AGENTS,"C07A B Beta blocking agents, selective",C07A B07 Bisoprolol,38025,BISOPROLOLUM,Oral Solid Ordinary," tabs coated w/film 5 mg blister, #30",5.0,mg,30.0,Oral solid,No sampled peer,No sampled peer,2911.7200000000003,35.39000000000001,0.0,0.0,0.0
438396,J GENERAL ANTIINFECTIVES FOR SYSTEMIC USE,J02 ANTIMYCOTICS FOR SYSTEMIC USE,J02A ANTIMYCOTICS FOR SYSTEMIC USE,J02A C Triazole and tetrazole derivatives,J02A C01 Fluconazole,49884,FLUCONAZOLUM,Oral Solid Ordinary," caps. solid 50 mg blister in box, #10",50.0,mg,10.0,Oral solid,No sampled peer,No sampled peer,25141.259999999995,35859.75,54733.689999999995,54258.71000000001,58529.04999999999
36013,A ALIMENTARY TRACT AND METABOLISM,A10 DRUGS USED IN DIABETS,"A10B BLOOD GLUCOSE LOWERING DRUGS, EXCL. INSULINS",A10B A Biguanides,A10B A02 Metformin,24019,METFORMINUM,Oral Solid Ordinary," tabs 850 mg, #30",850.0,mg,30.0,Oral solid,No sampled peer,No sampled peer,2223.0499999999997,149.55,11.63,0.0,0.0
31892,J GENERAL ANTIINFECTIVES FOR SYSTEMIC USE,J02 ANTIMYCOTICS FOR SYSTEMIC USE,J02A ANTIMYCOTICS FOR SYSTEMIC USE,J02A C Triazole and tetrazole derivatives,J02A C01 Fluconazole,49884,FLUCONAZOLUM,Oral Solid Ordinary," caps. 100 mg blister, #10",100.0,mg,10.0,Oral solid,No sampled peer,No sampled peer,27604.550000000003,38069.31,40312.079999999994,31327.170000000006,16552.91
328381,C CARDIOVASCULAR SYSTEM,C07 BETA BLOCKING AGENTS,C07A BETA-BLOCKING AGENTS,"C07A B Beta blocking agents, selective",C07A B07 Bisoprolol,18260,BISOPROLOLUM,Oral Solid Ordinary," tabs coated w/film 10 mg blister, #60",10.0,mg,60.0,Oral solid,No sampled peer,No sampled peer,24305.550000000003,55678.3,30768.03,0.0,0.0
233007,N NERVOUS SYSTEM,N02 ANALGESICS,N02B OTHER ANALGESICS AND ANTIPYRETICS,N02B E Anilides,N02B E01 Paracetamol,24698,PARACETAMOLUM,Rectal systemic," rectal suppository 80 mg strip, #10",80.0,mg,10.0,Rectal/vaginal,ATC3,N02B OTHER ANALGESICS AND ANTIPYRETICS,10563.589999999998,13350.29,11655.8,14985.75,8457.829999999998
328218,J GENERAL ANTIINFECTIVES FOR SYSTEMIC USE,J02 ANTIMYCOTICS FOR SYSTEMIC USE,J02A ANTIMYCOTICS FOR SYSTEMIC USE,J02A C Triazole and tetrazole derivatives,J02A C01 Fluconazole,49884,FLUCONAZOLUM,Parenteral Ordinary," sol. f/infus. 0,2 % bot. 100 ml, #1",,,1.0,Parenteral,No sampled peer,No sampled peer,11555.529999999999,21055.78,18358.3,10239.140000000003,6862.210000000001
6328,M MUSCULO-SCELETAL SYSTEM,M01 ANTIINFLAMMATORY AND ANTIRHEUMATIC PRODUCTS,"M01A ANTIINFLAMMATORY AND ANTIRHEUMATIC PRODUCTS, NON-STEROIDS",M01A B Acetic acid derivatives and related substances,M01A B05 Diclofenac,26652,DICLOFENACUM,Oral Solid Ordinary," tablets gastroresistant 50 mg blister, #20",50.0,mg,20.0,Oral solid,ATC3,"M01A ANTIINFLAMMATORY AND ANTIRHEUMATIC PRODUCTS, NON-STEROIDS",6308.61,8244.56,13289.210000000001,3409.13,9423.04
407963,N NERVOUS SYSTEM,N06 PSYCHOANALEPTICS,"N06B PSYCHOSTIMULANTS, AGENTS USED FOR ADHD AND NOOTROPICS",N06B X Other psychostimulants and nootropics,N06B X06 Citicoline,23873,CITICOLINUM,Parenteral Ordinary," sol.  for inj. 1000 mg/4 ml amp. 4 ml, cartridge in pack, #10",1000.0,mg,10.0,Parenteral,No sampled peer,No sampled peer,17693.09,15946.7,18194.18,11511.139999999998,10921.720000000001
449775,N NERVOUS SYSTEM,N02 ANALGESICS,N02B OTHER ANALGESICS AND ANTIPYRETICS,N02B F Gabapentinoids,N02B F02 Pregabalin,49971,PREGABALINUM,Oral Solid Ordinary," caps. 150 mg cont. cell pack, #21",150.0,mg,21.0,Oral solid,ATC3,N02B OTHER ANALGESICS AND ANTIPYRETICS,14939.280000000002,27453.920000000002,35495.45,33538.01,53569.51999999999
60417,C CARDIOVASCULAR SYSTEM,C08 CALCIUM CHANNEL BLOCKERS,C08C SELECTIVE CALCIUM CHANNEL BLOCKERS WITH MAINLY VASCULAR EFFECTS,C08C A Dihydropyridine derivatives,C08C A01 Amlodipine,35222,AMLODIPINUM,Oral Solid Ordinary," tabs 10 mg blister, #30",10.0,mg,30.0,Oral solid,No sampled peer,No sampled peer,12719.390000000003,13804.67,17076.739999999998,15342.329999999998,16033.64
336405,G GENITO URINARY SYSTEM AND SEX HORMONES,G04 UROLOGICALS,G04B UROLOGICALS,G04B E Drugs used in erectile dysfunction,G04B E03 Sildenafilum,49204,SILDENAFILUM,Oral Solid Ordinary," tabs coated w/film 50 mg blister, #4",50.0,mg,4.0,Oral solid,No sampled peer,No sampled peer,11764.14,3986.3899999999994,3918.139999999999,1641.8700000000001,930.4200000000001
140830,C CARDIOVASCULAR SYSTEM,C10 LIPID MODIFYING AGENTS,"C10A LIPID MODIFYING AGENTS, PLAIN",C10A A HMG CoA reductase inhibitors,C10A A05 Atorvastatin,31664,ATORVASTATINUM,Oral Solid Ordinary," tabs coated w/film 20 mg, #30",20.0,mg,30.0,Oral solid,ATC4,C10A A HMG CoA reductase inhibitors,11822.04,5420.470000000001,26.240000000000002,5.36,0.0
327234,B BLOOD AND BLOOD FORMING ORGANS,B01 ANTITHROMBOTIC AGENTS,B01A ANTITHROMBOTIC AGENTS,B01A C Platelet aggregation inhibitors excl. heparin,B01A C06 Acetylsalicylic acid,5866,ACIDUM ACETYLSALICYLICUM*,Oral Solid Ordinary," tabs coated w/film 75 mg blister in pack, #30",75.0,mg,30.0,Oral solid,No sampled peer,No sampled peer,9954.570000000002,12124.61,36255.8,34421.340000000004,12424.849999999999
289679,C CARDIOVASCULAR SYSTEM,C10 LIPID MODIFYING AGENTS,"C10A LIPID MODIFYING AGENTS, PLAIN",C10A A HMG CoA reductase inhibitors,C10A A07 Rosuvastatin,9998,ROSUVASTATINUM,Oral Solid Ordinary," tabs coated w/film 5 mg blister, #90",5.0,mg,90.0,Oral solid,ATC4,C10A A HMG CoA reductase inhibitors,13712.949999999999,16405.21,18997.02,18682.569999999996,27031.609999999997
156401,J GENERAL ANTIINFECTIVES FOR SYSTEMIC USE,J01 ANTIBACTERIALS FOR SYSTEMIC USE,J01M QUINOLONE ANTIBACTERIALS,J01M A Fluoroquinolones,J01M A12 Levofloxacin,19386,LEVOFLOXACINUM,Oral Solid Ordinary," tablets coated 500 mg blister, #5",500.0,mg,5.0,Oral solid,No sampled peer,No sampled peer,4951.48,12576.940000000002,35899.33,15123.340000000002,3588.26
138885,C CARDIOVASCULAR SYSTEM,C10 LIPID MODIFYING AGENTS,"C10A LIPID MODIFYING AGENTS, PLAIN",C10A A HMG CoA reductase inhibitors,C10A A05 Atorvastatin,43778,ATORVASTATINUM,Oral Solid Ordinary," tablets coated 10 mg blister, #30",10.0,mg,30.0,Oral solid,ATC4,C10A A HMG CoA reductase inhibitors,12998.83,12151.099999999999,11693.64,12893.15,13052.84
124060,G GENITO URINARY SYSTEM AND SEX HORMONES,G04 UROLOGICALS,G04B UROLOGICALS,G04B E Drugs used in erectile dysfunction,G04B E03 Sildenafilum,2547,SILDENAFILUM,Oral Solid Ordinary," tablets coated 100 mg blister, #1",100.0,mg,1.0,Oral solid,No sampled peer,No sampled peer,12589.39,11446.500000000002,9139.82,4814.099999999999,4744.090000000001
373793,C CARDIOVASCULAR SYSTEM,C08 CALCIUM CHANNEL BLOCKERS,C08C SELECTIVE CALCIUM CHANNEL BLOCKERS WITH MAINLY VASCULAR EFFECTS,C08C A Dihydropyridine derivatives,C08C A01 Amlodipine,34626,AMLODIPINUM,Oral Solid Ordinary," tabs 10 mg blister, #30",10.0,mg,30.0,Oral solid,No sampled peer,No sampled peer,9743.150000000001,5304.63,296.84999999999997,0.0,0.0
73965,S SENSORY ORGANS,S01 OPHTALMOLOGICALS,S01B ANTIINFLAMMATORY AGENTS,"S01B C Antiinflammatory agents, non-steroids",S01B C03 Diclofenac,34444,DICLOFENACUM,Ophthalmic," drops, eye 0,1 % drop fl. 5 ml, #1",,,1.0,Ophthalmic,No sampled peer,No sampled peer,20426.309999999998,13398.349999999999,12603.47,9341.53,8868.939999999999
139503,A ALIMENTARY TRACT AND METABOLISM,A10 DRUGS USED IN DIABETS,"A10B BLOOD GLUCOSE LOWERING DRUGS, EXCL. INSULINS",A10B A Biguanides,A10B A02 Metformin,39461,METFORMINUM,Oral Solid Ordinary," tabs coated w/film 500 mg blister, #30",500.0,mg,30.0,Oral solid,No sampled peer,No sampled peer,11186.039999999999,32373.629999999997,18575.639999999996,18022.350000000002,13824.1
389720,N NERVOUS SYSTEM,N02 ANALGESICS,N02B OTHER ANALGESICS AND ANTIPYRETICS,N02B F Gabapentinoids,N02B F02 Pregabalin,39852,PREGABALINUM,Oral Solid Ordinary," caps. solid 75 mg blister, #28",75.0,mg,28.0,Oral solid,ATC3,N02B OTHER ANALGESICS AND ANTIPYRETICS,11954.97,9813.95,6997.719999999999,3982.8100000000004,885.6899999999999
287263,N NERVOUS SYSTEM,N02 ANALGESICS,N02B OTHER ANALGESICS AND ANTIPYRETICS,N02B F Gabapentinoids,N02B F02 Pregabalin,13244,PREGABALINUM,Oral Solid Ordinary," caps. solid 75 mg blister, #14",75.0,mg,14.0,Oral solid,ATC3,N02B OTHER ANALGESICS AND ANTIPYRETICS,7560.54,585.14,231.81000000000003,41.18,0.0
484302,A ALIMENTARY TRACT AND METABOLISM,A10 DRUGS USED IN DIABETS,"A10B BLOOD GLUCOSE LOWERING DRUGS, EXCL. INSULINS",A10B A Biguanides,A10B A02 Metformin,39461,METFORMINUM,Oral Solid Ordinary," tabs coated w/film 1000 mg blister, #30",1000.0,mg,30.0,Oral solid,No sampled peer,No sampled peer,17871.039999999997,42304.39000000001,74508.3,40283.78999999999,16178.089999999998
143995,J GENERAL ANTIINFECTIVES FOR SYSTEMIC USE,J01 ANTIBACTERIALS FOR SYSTEMIC USE,J01M QUINOLONE ANTIBACTERIALS,J01M A Fluoroquinolones,J01M A12 Levofloxacin,27250,LEVOFLOXACINUM,Oral Solid Ordinary," tabs coated w/film 500 mg blister, #7",500.0,mg,7.0,Oral solid,No sampled peer,No sampled peer,33699.869999999995,72217.98000000001,104278.63999999998,51614.71000000001,43576.73
191403,M MUSCULO-SCELETAL SYSTEM,M02 TOPICAL PRODUCTS FOR JOINT AND MUSCULAR PAIN,M02A TOPICAL PRODUCTS FOR JOINT AND MUSCULAR PAIN,"M02A A Antiinflammatory preparations, non-steroids for topical use",M02A A15 Diclofenac,34028,DICLOFENACUM,"Topical Dermatological, Haemorrhoidal, External"," gel 1 % tube 40 g, in a pack",40.0,g,,Topical,ATC4,"M02A A Antiinflammatory preparations, non-steroids for topical use",12931.26,17114.7,46878.549999999996,49503.21,26243.799999999996
98521,M MUSCULO-SCELETAL SYSTEM,M02 TOPICAL PRODUCTS FOR JOINT AND MUSCULAR PAIN,M02A TOPICAL PRODUCTS FOR JOINT AND MUSCULAR PAIN,"M02A A Antiinflammatory preparations, non-steroids for topical use",M02A A15 Diclofenac,34043,DICLOFENACUM,"Topical Dermatological, Haemorrhoidal, External"," gel 1 % tube 50 g, #1",50.0,g,1.0,Topical,ATC4,"M02A A Antiinflammatory preparations, non-steroids for topical use",12137.19,9016.74,7063.290000000001,4908.150000000001,2729.41
431467,G GENITO URINARY SYSTEM AND SEX HORMONES,G04 UROLOGICALS,G04B UROLOGICALS,G04B E Drugs used in erectile dysfunction,G04B E03 Sildenafilum,10802,SILDENAFILUM,Oral Solid Ordinary," tabs coated w/film 100 mg blister, #4",100.0,mg,4.0,Oral solid,No sampled peer,No sampled peer,9299.900000000001,1834.85,197.49,96.57000000000002,294.32000000000005
111105,A ALIMENTARY TRACT AND METABOLISM,A10 DRUGS USED IN DIABETS,"A10B BLOOD GLUCOSE LOWERING DRUGS, EXCL. INSULINS",A10B A Biguanides,A10B A02 Metformin,5412,METFORMINUM,Oral Solid Retard," tabs, prolong. action 500 mg, #60",500.0,mg,60.0,Oral solid,No sampled peer,No sampled peer,21743.27,35140.96,58801.149999999994,58710.94,34906.64
391342,J GENERAL ANTIINFECTIVES FOR SYSTEMIC USE,J01 ANTIBACTERIALS FOR SYSTEMIC USE,"J01F MACROLIDES, LINCOSAMIDES AND STREPTOGRAMINS",J01F A Macrolides,J01F A10 Azithromycin,6669,AZITHROMYCINUM,Oral Solid Ordinary," tablets dispersible 1000 mg blister, #1",1000.0,mg,1.0,Oral solid,No sampled peer,No sampled peer,21012.43,9877.7,884.14,718.52,397.51
285409,C CARDIOVASCULAR SYSTEM,C10 LIPID MODIFYING AGENTS,"C10A LIPID MODIFYING AGENTS, PLAIN",C10A A HMG CoA reductase inhibitors,C10A A05 Atorvastatin,36288,ATORVASTATINUM,Oral Solid Ordinary," tabs coated w/film 30 mg, #90",30.0,mg,90.0,Oral solid,ATC4,C10A A HMG CoA reductase inhibitors,13487.480000000001,13651.44,14734.14,13316.28,16010.6
546952,A ALIMENTARY TRACT AND METABOLISM,A10 DRUGS USED IN DIABETS,"A10B BLOOD GLUCOSE LOWERING DRUGS, EXCL. INSULINS",A10B A Biguanides,A10B A02 Metformin,39461,METFORMINUM,Oral Solid Ordinary," tabs coated w/film 500 mg blister, #30",500.0,mg,30.0,Oral solid,No sampled peer,No sampled peer,8566.960000000001,15796.210000000001,69502.84,46475.02,16657.480000000003
28582,J GENERAL ANTIINFECTIVES FOR SYSTEMIC USE,J02 ANTIMYCOTICS FOR SYSTEMIC USE,J02A ANTIMYCOTICS FOR SYSTEMIC USE,J02A C Triazole and tetrazole derivatives,J02A C01 Fluconazole,14259,FLUCONAZOLUM,Oral Solid Ordinary," caps. 150 mg, #1",150.0,mg,1.0,Oral solid,No sampled peer,No sampled peer,6941.310000000002,4091.9000000000005,3711.2000000000007,2242.99,2006.72
346381,C CARDIOVASCULAR SYSTEM,C10 LIPID MODIFYING AGENTS,"C10A LIPID MODIFYING AGENTS, PLAIN",C10A A HMG CoA reductase inhibitors,C10A A07 Rosuvastatin,33901,ROSUVASTATINUM,Oral Solid Ordinary," tabs coated w/film 20 mg blister, #30",20.0,mg,30.0,Oral solid,ATC4,C10A A HMG CoA reductase inhibitors,20499.850000000002,415.98,25902.45,1348.4099999999999,0.0
306053,A ALIMENTARY TRACT AND METABOLISM,A10 DRUGS USED IN DIABETS,"A10B BLOOD GLUCOSE LOWERING DRUGS, EXCL. INSULINS",A10B A Biguanides,A10B A02 Metformin,9091,METFORMINUM,Oral Solid Ordinary," tabs coated w/film 500 mg blister, #30",500.0,mg,30.0,Oral solid,No sampled peer,No sampled peer,35646.009999999995,31750.64,8804.919999999998,1077.77,0.0
427273,C CARDIOVASCULAR SYSTEM,C10 LIPID MODIFYING AGENTS,"C10A LIPID MODIFYING AGENTS, PLAIN",C10A A HMG CoA reductase inhibitors,C10A A07 Rosuvastatin,20216,ROSUVASTATINUM,Oral Solid Ordinary," tabs coated w/film 20 mg blister, #30",20.0,mg,30.0,Oral solid,ATC4,C10A A HMG CoA reductase inhibitors,17619.73,22212.01,41676.189999999995,30085.05,38470.729999999996
106158,J GENERAL ANTIINFECTIVES FOR SYSTEMIC USE,J01 ANTIBACTERIALS FOR SYSTEMIC USE,J01M QUINOLONE ANTIBACTERIALS,J01M A Fluoroquinolones,J01M A12 Levofloxacin,145,LEVOFLOXACINUM,Oral Solid Ordinary," tabs coated w/film 500 mg, #10",500.0,mg,10.0,Oral solid,No sampled peer,No sampled peer,8991.8,1960.9600000000003,4.54,2.26,0.0
75075,N NERVOUS SYSTEM,N06 PSYCHOANALEPTICS,"N06B PSYCHOSTIMULANTS, AGENTS USED FOR ADHD AND NOOTROPICS",N06B X Other psychostimulants and nootropics,N06B X06 Citicoline,22930,CITICOLINUM,Oral Liquid Ordinary," sol. f/use per os 100 mg/ml flask 30 ml, #1",100.0,mg,1.0,Oral liquid,No sampled peer,No sampled peer,21040.45,23519.18,24047.149999999998,16604.93,16730.27
144156,C CARDIOVASCULAR SYSTEM,C10 LIPID MODIFYING AGENTS,"C10A LIPID MODIFYING AGENTS, PLAIN",C10A A HMG CoA reductase inhibitors,C10A A07 Rosuvastatin,33135,ROSUVASTATINUM,Oral Solid Ordinary," tablets coated 10 mg blister, #90",10.0,mg,90.0,Oral solid,ATC4,C10A A HMG CoA reductase inhibitors,12440.82,12026.53,16065.37,17047.99,12709.880000000001
378739,C CARDIOVASCULAR SYSTEM,C10 LIPID MODIFYING AGENTS,"C10A LIPID MODIFYING AGENTS, PLAIN",C10A A HMG CoA reductase inhibitors,C10A A05 Atorvastatin,9750,ATORVASTATINUM,Oral Solid Ordinary," tabs coated w/film 20 mg blister, #90",20.0,mg,90.0,Oral solid,ATC4,C10A A HMG CoA reductase inhibitors,13242.569999999998,10747.000000000002,9980.42,6448.16,30.27
110945,M MUSCULO-SCELETAL SYSTEM,M01 ANTIINFLAMMATORY AND ANTIRHEUMATIC PRODUCTS,"M01A ANTIINFLAMMATORY AND ANTIRHEUMATIC PRODUCTS, NON-STEROIDS",M01A C Oxicams,M01A C06 Meloxicam,45359,MELOXICAMUM,Oral Solid Ordinary," tabs 7,5 mg blister, #20",7.5,mg,20.0,Oral solid,ATC3,"M01A ANTIINFLAMMATORY AND ANTIRHEUMATIC PRODUCTS, NON-STEROIDS",16923.319999999996,10701.91,799.37,103.48000000000002,0.0
289682,C CARDIOVASCULAR SYSTEM,C10 LIPID MODIFYING AGENTS,"C10A LIPID MODIFYING AGENTS, PLAIN",C10A A HMG CoA reductase inhibitors,C10A A07 Rosuvastatin,9998,ROSUVASTATINUM,Oral Solid Ordinary," tabs coated w/film 15 mg blister, #90",15.0,mg,90.0,Oral solid,ATC4,C10A A HMG CoA reductase inhibitors,15398.06,17459.839999999997,20880.24,21535.03,24445.370000000003
546950,A ALIMENTARY TRACT AND METABOLISM,A10 DRUGS USED IN DIABETS,"A10B BLOOD GLUCOSE LOWERING DRUGS, EXCL. INSULINS",A10B A Biguanides,A10B A02 Metformin,39461,METFORMINUM,Oral Solid Ordinary," tabs coated w/film 1000 mg blister, #30",1000.0,mg,30.0,Oral solid,No sampled peer,No sampled peer,30625.11,35966.95,63051.85,136836.08000000002,87516.53
20601,G GENITO URINARY SYSTEM AND SEX HORMONES,G04 UROLOGICALS,G04B UROLOGICALS,G04B E Drugs used in erectile dysfunction,G04B E03 Sildenafilum,25230,SILDENAFILUM,Oral Solid Ordinary," tabs coated w/film 100 mg blister, #4",100.0,mg,4.0,Oral solid,No sampled peer,No sampled peer,17564.63,17899.72,22893.399999999998,21753.76,30371.33
155270,M MUSCULO-SCELETAL SYSTEM,M01 ANTIINFLAMMATORY AND ANTIRHEUMATIC PRODUCTS,"M01A ANTIINFLAMMATORY AND ANTIRHEUMATIC PRODUCTS, NON-STEROIDS",M01A E Propionic acid derivatives,M01A E01 Ibuprofen,4624,IBUPROFENUM,Oral Solid Ordinary," caps. 200 mg blister, #10",200.0,mg,10.0,Oral solid,ATC3,"M01A ANTIINFLAMMATORY AND ANTIRHEUMATIC PRODUCTS, NON-STEROIDS",8486.549999999997,4484.08,3145.01,44.58,0.0
295324,M MUSCULO-SCELETAL SYSTEM,M01 ANTIINFLAMMATORY AND ANTIRHEUMATIC PRODUCTS,"M01A ANTIINFLAMMATORY AND ANTIRHEUMATIC PRODUCTS, NON-STEROIDS",M01A C Oxicams,M01A C06 Meloxicam,28481,MELOXICAMUM,Parenteral Ordinary," sol.  for inj. 10 mg/ml amp. 1,5 ml, in a pack, #5",10.0,mg,5.0,Parenteral,ATC3,"M01A ANTIINFLAMMATORY AND ANTIRHEUMATIC PRODUCTS, NON-STEROIDS",14104.58,16923.6,17946.559999999998,10488.37,4208.410000000001
142346,J GENERAL ANTIINFECTIVES FOR SYSTEMIC USE,J01 ANTIBACTERIALS FOR SYSTEMIC USE,J01M QUINOLONE ANTIBACTERIALS,J01M A Fluoroquinolones,J01M A12 Levofloxacin,12951,LEVOFLOXACINUM,Oral Solid Ordinary," tablets coated 500 mg blister, #7",500.0,mg,7.0,Oral solid,No sampled peer,No sampled peer,9993.01,7791.469999999998,7703.0599999999995,3643.33,3495.88
171326,M MUSCULO-SCELETAL SYSTEM,M02 TOPICAL PRODUCTS FOR JOINT AND MUSCULAR PAIN,M02A TOPICAL PRODUCTS FOR JOINT AND MUSCULAR PAIN,"M02A A Antiinflammatory preparations, non-steroids for topical use",M02A A15 Diclofenac,34028,DICLOFENACUM,"Topical Dermatological, Haemorrhoidal, External"," gel 10 mg/g tube 40 g, #1",10.0,mg,1.0,Topical,ATC4,"M02A A Antiinflammatory preparations, non-steroids for topical use",1267.1,0.0,0.0,0.0,0.0
362338,N NERVOUS SYSTEM,N02 ANALGESICS,N02B OTHER ANALGESICS AND ANTIPYRETICS,N02B F Gabapentinoids,N02B F02 Pregabalin,23627,PREGABALINUM,Oral Solid Ordinary," caps. solid 75 mg blister, #14",75.0,mg,14.0,Oral solid,ATC3,N02B OTHER ANALGESICS AND ANTIPYRETICS,13687.570000000002,16716.730000000003,38446.659999999996,35649.45999999999,56224.78
142242,C CARDIOVASCULAR SYSTEM,C10 LIPID MODIFYING AGENTS,"C10A LIPID MODIFYING AGENTS, PLAIN",C10A A HMG CoA reductase inhibitors,C10A A07 Rosuvastatin,9998,ROSUVASTATINUM,Oral Solid Ordinary," tabs coated w/film 30 mg blister, #30",30.0,mg,30.0,Oral solid,ATC4,C10A A HMG CoA reductase inhibitors,17706.26,22584.99,29292.089999999997,26833.059999999998,29233.940000000002
153617,A ALIMENTARY TRACT AND METABOLISM,A10 DRUGS USED IN DIABETS,"A10B BLOOD GLUCOSE LOWERING DRUGS, EXCL. INSULINS",A10B A Biguanides,A10B A02 Metformin,21673,METFORMINUM,Oral Solid Retard," tabs, prolong. action 500 mg blister, #90",500.0,mg,90.0,Oral solid,No sampled peer,No sampled peer,15924.62,14987.639999999998,14760.279999999999,9271.67,10284.910000000002
373802,C CARDIOVASCULAR SYSTEM,C08 CALCIUM CHANNEL BLOCKERS,C08C SELECTIVE CALCIUM CHANNEL BLOCKERS WITH MAINLY VASCULAR EFFECTS,C08C A Dihydropyridine derivatives,C08C A01 Amlodipine,34626,AMLODIPINUM,Oral Solid Ordinary," tabs 5 mg blister, #30",5.0,mg,30.0,Oral solid,No sampled peer,No sampled peer,10343.350000000002,6155.68,6268.24,909.7199999999999,0.0
169353,C CARDIOVASCULAR SYSTEM,C10 LIPID MODIFYING AGENTS,"C10A LIPID MODIFYING AGENTS, PLAIN",C10A A HMG CoA reductase inhibitors,C10A A07 Rosuvastatin,18104,ROSUVASTATINUM,Oral Solid Ordinary," tabs coated w/film 20 mg blister, #28",20.0,mg,28.0,Oral solid,ATC4,C10A A HMG CoA reductase inhibitors,20185.86,32107.72,48782.590000000004,50360.299999999996,61774.74000000001
153592,C CARDIOVASCULAR SYSTEM,C10 LIPID MODIFYING AGENTS,"C10A LIPID MODIFYING AGENTS, PLAIN",C10A A HMG CoA reductase inhibitors,C10A A07 Rosuvastatin,23176,ROSUVASTATINUM,Oral Solid Ordinary," tabs coated w/film 10 mg blister, #30",10.0,mg,30.0,Oral solid,ATC4,C10A A HMG CoA reductase inhibitors,18596.95,19674.71,23326.6,13804.109999999997,6229.610000000001
306054,A ALIMENTARY TRACT AND METABOLISM,A10 DRUGS USED IN DIABETS,"A10B BLOOD GLUCOSE LOWERING DRUGS, EXCL. INSULINS",A10B A Biguanides,A10B A02 Metformin,9091,METFORMINUM,Oral Solid Ordinary," tabs coated w/film 850 mg blister, #30",850.0,mg,30.0,Oral solid,No sampled peer,No sampled peer,30326.769999999997,21819.800000000003,4015.9499999999994,200.39000000000001,0.0
175763,M MUSCULO-SCELETAL SYSTEM,M01 ANTIINFLAMMATORY AND ANTIRHEUMATIC PRODUCTS,"M01A ANTIINFLAMMATORY AND ANTIRHEUMATIC PRODUCTS, NON-STEROIDS",M01A E Propionic acid derivatives,M01A E01 Ibuprofen,30946,IBUPROFENUM,Oral Liquid Ordinary," efferv. gran., sparkling 600 mg sachet, #30",600.0,mg,30.0,Oral liquid,ATC3,"M01A ANTIINFLAMMATORY AND ANTIRHEUMATIC PRODUCTS, NON-STEROIDS",16904.64,16755.63,20387.160000000003,30462.870000000003,34892.14
451329,M MUSCULO-SCELETAL SYSTEM,M01 ANTIINFLAMMATORY AND ANTIRHEUMATIC PRODUCTS,"M01A ANTIINFLAMMATORY AND ANTIRHEUMATIC PRODUCTS, NON-STEROIDS",M01A C Oxicams,M01A C06 Meloxicam,36517,MELOXICAMUM,Parenteral Ordinary," sol.  for inj. 15 mg/1,5 ml amp. 1,5 ml, #5",15.0,mg,5.0,Parenteral,ATC3,"M01A ANTIINFLAMMATORY AND ANTIRHEUMATIC PRODUCTS, NON-STEROIDS",12527.5,6867.13,5296.76,3377.16,4028.9799999999996
356758,G GENITO URINARY SYSTEM AND SEX HORMONES,G04 UROLOGICALS,G04B UROLOGICALS,G04B E Drugs used in erectile dysfunction,G04B E03 Sildenafilum,2686,SILDENAFILUM,Oral Solid Ordinary," tabs 50 mg blister, #1",50.0,mg,1.0,Oral solid,No sampled peer,No sampled peer,23233.58,31640.799999999996,30625.09,7946.250000000002,6713.18
233008,N NERVOUS SYSTEM,N02 ANALGESICS,N02B OTHER ANALGESICS AND ANTIPYRETICS,N02B E Anilides,N02B E01 Paracetamol,24698,PARACETAMOLUM,Rectal systemic," rectal suppository 150 mg strip, #10",150.0,mg,10.0,Rectal/vaginal,ATC3,N02B OTHER ANALGESICS AND ANTIPYRETICS,18741.17,28228.079999999998,32780.52,28939.430000000004,26808.499999999996
29087,C CARDIOVASCULAR SYSTEM,C08 CALCIUM CHANNEL BLOCKERS,C08C SELECTIVE CALCIUM CHANNEL BLOCKERS WITH MAINLY VASCULAR EFFECTS,C08C A Dihydropyridine derivatives,C08C A01 Amlodipine,33707,AMLODIPINUM,Oral Solid Ordinary," tabs 10 mg, #30",10.0,mg,30.0,Oral solid,No sampled peer,No sampled peer,18101.61,15182.59,13014.739999999998,11156.89,5898.009999999999
5041,M MUSCULO-SCELETAL SYSTEM,M01 ANTIINFLAMMATORY AND ANTIRHEUMATIC PRODUCTS,"M01A ANTIINFLAMMATORY AND ANTIRHEUMATIC PRODUCTS, NON-STEROIDS",M01A B Acetic acid derivatives and related substances,M01A B05 Diclofenac,13082,DICLOFENACUM,Rectal systemic," suppository 50 mg strip, #10",50.0,mg,10.0,Rectal/vaginal,ATC3,"M01A ANTIINFLAMMATORY AND ANTIRHEUMATIC PRODUCTS, NON-STEROIDS",13960.3,10154.06,5977.51,569.8799999999999,14.879999999999999
155271,M MUSCULO-SCELETAL SYSTEM,M01 ANTIINFLAMMATORY AND ANTIRHEUMATIC PRODUCTS,"M01A ANTIINFLAMMATORY AND ANTIRHEUMATIC PRODUCTS, NON-STEROIDS",M01A E Propionic acid derivatives,M01A E01 Ibuprofen,4624,IBUPROFENUM,Oral Solid Ordinary," caps. 200 mg blister, #20",200.0,mg,20.0,Oral solid,ATC3,"M01A ANTIINFLAMMATORY AND ANTIRHEUMATIC PRODUCTS, NON-STEROIDS",10665.19,6030.6,7077.73,1576.7200000000003,0.0
79622,M MUSCULO-SCELETAL SYSTEM,M01 ANTIINFLAMMATORY AND ANTIRHEUMATIC PRODUCTS,"M01A ANTIINFLAMMATORY AND ANTIRHEUMATIC PRODUCTS, NON-STEROIDS",M01A C Oxicams,M01A C06 Meloxicam,44100,MELOXICAMUM,Oral Solid Ordinary," tabs 15 mg blister, #30",15.0,mg,30.0,Oral solid,ATC3,"M01A ANTIINFLAMMATORY AND ANTIRHEUMATIC PRODUCTS, NON-STEROIDS",15593.83,12046.359999999999,10978.680000000002,11365.150000000001,12180.779999999999
144157,C CARDIOVASCULAR SYSTEM,C10 LIPID MODIFYING AGENTS,"C10A LIPID MODIFYING AGENTS, PLAIN",C10A A HMG CoA reductase inhibitors,C10A A07 Rosuvastatin,33135,ROSUVASTATINUM,Oral Solid Ordinary," tablets coated 10 mg blister, #30",10.0,mg,30.0,Oral solid,ATC4,C10A A HMG CoA reductase inhibitors,16558.06,14041.17,6095.88,0.0,0.0
56194,C CARDIOVASCULAR SYSTEM,C10 LIPID MODIFYING AGENTS,"C10A LIPID MODIFYING AGENTS, PLAIN",C10A A HMG CoA reductase inhibitors,C10A A05 Atorvastatin,46835,ATORVASTATINUM,Oral Solid Ordinary," tabs coated w/film 20 mg blister, #30",20.0,mg,30.0,Oral solid,ATC4,C10A A HMG CoA reductase inhibitors,1400.54,0.0,0.0,0.0,0.0
310518,A ALIMENTARY TRACT AND METABOLISM,A02 DRUGS FOR ACID RELATED DISORDERS,A02B DRUGS FOR TREATMENT OF PEPTIC ULCER AND GASTRO-OESOPHAGEAL REFLUX DISEASE,A02B C Proton pump inhibitors,A02B C02 Pantoprazole,40260,PANTOPRAZOLUM,Parenteral Ordinary," powd.fr-dr., f/sol. f/in. 40 mg flask, #1",40.0,mg,1.0,Parenteral,No sampled peer,No sampled peer,22288.670000000002,29062.519999999997,10372.150000000001,5164.59,0.0
339312,J GENERAL ANTIINFECTIVES FOR SYSTEMIC USE,J01 ANTIBACTERIALS FOR SYSTEMIC USE,J01M QUINOLONE ANTIBACTERIALS,J01M A Fluoroquinolones,J01M A12 Levofloxacin,32949,LEVOFLOXACINUM,Parenteral Ordinary," sol. f/infus. 500 mg/100 ml flask 150 ml, in a pack, #1",500.0,mg,1.0,Parenteral,No sampled peer,No sampled peer,26707.370000000003,55413.8,58506.7,13275.869999999999,6716.61
99672,J GENERAL ANTIINFECTIVES FOR SYSTEMIC USE,J02 ANTIMYCOTICS FOR SYSTEMIC USE,J02A ANTIMYCOTICS FOR SYSTEMIC USE,J02A C Triazole and tetrazole derivatives,J02A C01 Fluconazole,49884,FLUCONAZOLUM,Oral Solid Ordinary," caps. 150 mg blister, #3",150.0,mg,3.0,Oral solid,No sampled peer,No sampled peer,14364.55,12108.35,14357.900000000001,14806.23,18517.64
75913,C CARDIOVASCULAR SYSTEM,C07 BETA BLOCKING AGENTS,C07A BETA-BLOCKING AGENTS,"C07A B Beta blocking agents, selective",C07A B07 Bisoprolol,5372,BISOPROLOLUM,Oral Solid Ordinary," tabs coated w/film 10 mg blister, #60",10.0,mg,60.0,Oral solid,No sampled peer,No sampled peer,14780.070000000003,11316.539999999997,11256.810000000001,10769.77,11234.900000000001
22254,M MUSCULO-SCELETAL SYSTEM,M01 ANTIINFLAMMATORY AND ANTIRHEUMATIC PRODUCTS,"M01A ANTIINFLAMMATORY AND ANTIRHEUMATIC PRODUCTS, NON-STEROIDS",M01A E Propionic acid derivatives,M01A E01 Ibuprofen,39013,IBUPROFENUM,Oral Solid Ordinary," tablets coated 200 mg blister, #10",200.0,mg,10.0,Oral solid,ATC3,"M01A ANTIINFLAMMATORY AND ANTIRHEUMATIC PRODUCTS, NON-STEROIDS",14735.45,7991.919999999999,36511.009999999995,0.0,0.0
327137,G GENITO URINARY SYSTEM AND SEX HORMONES,G04 UROLOGICALS,G04B UROLOGICALS,G04B E Drugs used in erectile dysfunction,G04B E03 Sildenafilum,42778,SILDENAFILUM,Oral Solid Ordinary," chewable tabs 100 mg blister, by box, #1",100.0,mg,1.0,Oral solid,No sampled peer,No sampled peer,26680.34,25914.71,19797.850000000002,13551.269999999999,11843.539999999997
110750,R RESPIRATORY SYSTEM,R05 COUGH AND COLD PREPARATIONS,"R05C EXPECTORANTS, EXCL. COMBINATIONS WITH COUGH SUPRESSANTS",R05C B Mucolytics,R05C B01 Acetylcysteine,6103,ACETYLCYSTEINUM,Oral Solid Ordinary," tab. sparkling 100 mg, #20",100.0,mg,20.0,Oral solid,ATC4,R05C B Mucolytics,11434.77,5524.45,45.31999999999999,0.0,0.0
437223,R RESPIRATORY SYSTEM,R05 COUGH AND COLD PREPARATIONS,"R05C EXPECTORANTS, EXCL. COMBINATIONS WITH COUGH SUPRESSANTS",R05C B Mucolytics,R05C B06 Ambroxol,21463,AMBROXOLUM,Oral Solid Ordinary," tabs 30 mg blister, #20",30.0,mg,20.0,Oral solid,ATC4,R05C B Mucolytics,167285.78000000003,338474.36,414414.16000000003,211836.83,245776.3
316958,G GENITO URINARY SYSTEM AND SEX HORMONES,G04 UROLOGICALS,G04B UROLOGICALS,G04B E Drugs used in erectile dysfunction,G04B E03 Sildenafilum,6797,SILDENAFILUM,Oral Solid Ordinary," tabs coated w/film 50 mg blister, #1",50.0,mg,1.0,Oral solid,No sampled peer,No sampled peer,21582.22,26875.809999999998,28274.699999999997,33779.54,35563.880000000005
161559,A ALIMENTARY TRACT AND METABOLISM,A10 DRUGS USED IN DIABETS,"A10B BLOOD GLUCOSE LOWERING DRUGS, EXCL. INSULINS",A10B A Biguanides,A10B A02 Metformin,46551,METFORMINUM,Oral Solid Retard," tabs, prolong. action 500 mg blister, #60",500.0,mg,60.0,Oral solid,No sampled peer,No sampled peer,15132.64,8444.76,11693.54,12066.849999999999,34218.659999999996
129206,B BLOOD AND BLOOD FORMING ORGANS,B01 ANTITHROMBOTIC AGENTS,B01A ANTITHROMBOTIC AGENTS,B01A C Platelet aggregation inhibitors excl. heparin,B01A C06 Acetylsalicylic acid,12227,ACIDUM ACETYLSALICYLICUM*,Oral Solid Ordinary," tabs coat.intest.-soluble 100 mg blister, #20",100.0,mg,20.0,Oral solid,No sampled peer,No sampled peer,19301.499999999996,10540.240000000002,28723.92,27920.909999999996,45322.049999999996
448345,C CARDIOVASCULAR SYSTEM,C10 LIPID MODIFYING AGENTS,"C10A LIPID MODIFYING AGENTS, PLAIN",C10A A HMG CoA reductase inhibitors,C10A A05 Atorvastatin,29322,ATORVASTATINUM,Oral Solid Ordinary," tabs coated w/film 20 mg blister, #70",20.0,mg,70.0,Oral solid,ATC4,C10A A HMG CoA reductase inhibitors,20596.93,22586.66,25835.13,20871.379999999997,23627.490000000005
450766,A ALIMENTARY TRACT AND METABOLISM,A10 DRUGS USED IN DIABETS,"A10B BLOOD GLUCOSE LOWERING DRUGS, EXCL. INSULINS",A10B A Biguanides,A10B A02 Metformin,9091,METFORMINUM,Oral Solid Ordinary," tabs coated w/film 500 mg blister, #60",500.0,mg,60.0,Oral solid,No sampled peer,No sampled peer,11814.960000000001,5822.2300000000005,8383.800000000001,1076.02,0.0
336409,G GENITO URINARY SYSTEM AND SEX HORMONES,G04 UROLOGICALS,G04B UROLOGICALS,G04B E Drugs used in erectile dysfunction,G04B E03 Sildenafilum,49204,SILDENAFILUM,Oral Solid Ordinary," tabs coated w/film 100 mg blister, #4",100.0,mg,4.0,Oral solid,No sampled peer,No sampled peer,15390.789999999999,13870.140000000001,4343.629999999999,3061.48,3315.4900000000002
79620,M MUSCULO-SCELETAL SYSTEM,M01 ANTIINFLAMMATORY AND ANTIRHEUMATIC PRODUCTS,"M01A ANTIINFLAMMATORY AND ANTIRHEUMATIC PRODUCTS, NON-STEROIDS",M01A C Oxicams,M01A C06 Meloxicam,44100,MELOXICAMUM,Oral Solid Ordinary," tabs 7,5 mg blister, #30",7.5,mg,30.0,Oral solid,ATC3,"M01A ANTIINFLAMMATORY AND ANTIRHEUMATIC PRODUCTS, NON-STEROIDS",14702.21,10068.47,11702.529999999999,8896.6,7829.13
415091,M MUSCULO-SCELETAL SYSTEM,M01 ANTIINFLAMMATORY AND ANTIRHEUMATIC PRODUCTS,"M01A ANTIINFLAMMATORY AND ANTIRHEUMATIC PRODUCTS, NON-STEROIDS",M01A C Oxicams,M01A C06 Meloxicam,45359,MELOXICAMUM,Parenteral Ordinary," sol.  for inj. 10 mg/ml amp. 1,5 ml, cardboard pack, #5",10.0,mg,5.0,Parenteral,ATC3,"M01A ANTIINFLAMMATORY AND ANTIRHEUMATIC PRODUCTS, NON-STEROIDS",47615.36,5764.85,0.0,0.0,0.0
136070,N NERVOUS SYSTEM,N06 PSYCHOANALEPTICS,"N06B PSYCHOSTIMULANTS, AGENTS USED FOR ADHD AND NOOTROPICS",N06B X Other psychostimulants and nootropics,N06B X06 Citicoline,13751,CITICOLINUM,Oral Liquid Ordinary," sol. f/use per os 100 mg/ml sachet 10 ml, #10",100.0,mg,10.0,Oral liquid,No sampled peer,No sampled peer,20263.699999999997,27464.649999999998,34341.4,27413.269999999997,29745.32
240891,R RESPIRATORY SYSTEM,R05 COUGH AND COLD PREPARATIONS,"R05C EXPECTORANTS, EXCL. COMBINATIONS WITH COUGH SUPRESSANTS",R05C B Mucolytics,R05C B06 Ambroxol,19722,AMBROXOLUM,Parenteral Ordinary," sol. f/infus. 7,5 mg/ml amp. 2 ml, blister in a pack, #10",7.5,mg,10.0,Parenteral,ATC4,R05C B Mucolytics,19384.389999999996,23772.98,25366.16,9410.63,5043.31
178911,N NERVOUS SYSTEM,N06 PSYCHOANALEPTICS,"N06B PSYCHOSTIMULANTS, AGENTS USED FOR ADHD AND NOOTROPICS",N06B X Other psychostimulants and nootropics,N06B X06 Citicoline,9720,CITICOLINUM,Parenteral Ordinary," sol.  for inj. 500 mg/4 ml amp. 4 ml, #5",500.0,mg,5.0,Parenteral,No sampled peer,No sampled peer,11454.15,42459.07,15970.890000000001,16967.24,16588.670000000002
127241,M MUSCULO-SCELETAL SYSTEM,M01 ANTIINFLAMMATORY AND ANTIRHEUMATIC PRODUCTS,"M01A ANTIINFLAMMATORY AND ANTIRHEUMATIC PRODUCTS, NON-STEROIDS",M01A B Acetic acid derivatives and related substances,M01A B05 Diclofenac,34043,DICLOFENACUM,Oral Solid Retard," tabs w/modified release 75 mg blister, #20",75.0,mg,20.0,Oral solid,ATC3,"M01A ANTIINFLAMMATORY AND ANTIRHEUMATIC PRODUCTS, NON-STEROIDS",20408.18,17727.579999999994,15847.33,13564.97,11483.380000000001
501766,G GENITO URINARY SYSTEM AND SEX HORMONES,G04 UROLOGICALS,G04B UROLOGICALS,G04B E Drugs used in erectile dysfunction,G04B E03 Sildenafilum,25463,SILDENAFILUM,Oral Solid Ordinary," tabs coated w/film 50 mg blister, #4",50.0,mg,4.0,Oral solid,No sampled peer,No sampled peer,31934.15,59308.4,88768.04000000001,96434.09999999999,121717.99999999999
8888,J GENERAL ANTIINFECTIVES FOR SYSTEMIC USE,J01 ANTIBACTERIALS FOR SYSTEMIC USE,"J01F MACROLIDES, LINCOSAMIDES AND STREPTOGRAMINS",J01F A Macrolides,J01F A10 Azithromycin,6669,AZITHROMYCINUM,Oral Solid Ordinary," tabs coated w/film 125 mg, #6",125.0,mg,6.0,Oral solid,No sampled peer,No sampled peer,17132.22,16199.62,12770.47,8610.740000000002,5086.169999999999
449769,N NERVOUS SYSTEM,N02 ANALGESICS,N02B OTHER ANALGESICS AND ANTIPYRETICS,N02B F Gabapentinoids,N02B F02 Pregabalin,49971,PREGABALINUM,Oral Solid Ordinary," caps. 75 mg cont. cell pack, #21",75.0,mg,21.0,Oral solid,ATC3,N02B OTHER ANALGESICS AND ANTIPYRETICS,21952.6,30694.220000000005,47904.009999999995,78395.90000000001,142683.24000000002
108599,M MUSCULO-SCELETAL SYSTEM,M01 ANTIINFLAMMATORY AND ANTIRHEUMATIC PRODUCTS,"M01A ANTIINFLAMMATORY AND ANTIRHEUMATIC PRODUCTS, NON-STEROIDS",M01A C Oxicams,M01A C06 Meloxicam,45359,MELOXICAMUM,Oral Solid Ordinary," tabs 7,5 mg, #20",7.5,mg,20.0,Oral solid,ATC3,"M01A ANTIINFLAMMATORY AND ANTIRHEUMATIC PRODUCTS, NON-STEROIDS",26066.510000000002,33356.93,38904.78999999999,53917.509999999995,67916.98999999999
391339,J GENERAL ANTIINFECTIVES FOR SYSTEMIC USE,J01 ANTIBACTERIALS FOR SYSTEMIC USE,"J01F MACROLIDES, LINCOSAMIDES AND STREPTOGRAMINS",J01F A Macrolides,J01F A10 Azithromycin,6669,AZITHROMYCINUM,Oral Solid Ordinary," tablets dispersible 250 mg blister, #6",250.0,mg,6.0,Oral solid,No sampled peer,No sampled peer,20312.73,44301.119999999995,29699.56,7781.16,5256.54
293489,N NERVOUS SYSTEM,N06 PSYCHOANALEPTICS,"N06B PSYCHOSTIMULANTS, AGENTS USED FOR ADHD AND NOOTROPICS",N06B X Other psychostimulants and nootropics,N06B X06 Citicoline,38213,CITICOLINUM,Parenteral Ordinary," sol.  for inj. 1000 mg amp. 4 ml, contour cell wrap, pack, #10",1000.0,mg,10.0,Parenteral,No sampled peer,No sampled peer,15914.71,7749.54,6524.4800000000005,3859.1800000000003,3174.0499999999997
104973,M MUSCULO-SCELETAL SYSTEM,M01 ANTIINFLAMMATORY AND ANTIRHEUMATIC PRODUCTS,"M01A ANTIINFLAMMATORY AND ANTIRHEUMATIC PRODUCTS, NON-STEROIDS",M01A C Oxicams,M01A C06 Meloxicam,45359,MELOXICAMUM,Oral Solid Ordinary," tabs 0,015 g blister, in a pack, #20",0.015,g,20.0,Oral solid,ATC3,"M01A ANTIINFLAMMATORY AND ANTIRHEUMATIC PRODUCTS, NON-STEROIDS",17992.59,14827.43,11938.79,9442.609999999997,24385.84
169355,C CARDIOVASCULAR SYSTEM,C10 LIPID MODIFYING AGENTS,"C10A LIPID MODIFYING AGENTS, PLAIN",C10A A HMG CoA reductase inhibitors,C10A A07 Rosuvastatin,18104,ROSUVASTATINUM,Oral Solid Ordinary," tabs coated w/film 10 mg blister, #28",10.0,mg,28.0,Oral solid,ATC4,C10A A HMG CoA reductase inhibitors,25316.77,42523.740000000005,63952.67,57839.38,75851.52
167147,C CARDIOVASCULAR SYSTEM,C10 LIPID MODIFYING AGENTS,"C10A LIPID MODIFYING AGENTS, PLAIN",C10A A HMG CoA reductase inhibitors,C10A A05 Atorvastatin,30989,ATORVASTATINUM,Oral Solid Ordinary," tabs coated w/film 10 mg blister, #60",10.0,mg,60.0,Oral solid,ATC4,C10A A HMG CoA reductase inhibitors,18177.04,15552.32,13190.5,9239.79,12972.349999999999
414270,A ALIMENTARY TRACT AND METABOLISM,A10 DRUGS USED IN DIABETS,"A10B BLOOD GLUCOSE LOWERING DRUGS, EXCL. INSULINS",A10B A Biguanides,A10B A02 Metformin,39461,METFORMINUM,Oral Solid Ordinary," tabs coated w/film 1000 mg blister, #30",1000.0,mg,30.0,Oral solid,No sampled peer,No sampled peer,42087.590000000004,5007.879999999999,8.63,0.0,0.0
31888,J GENERAL ANTIINFECTIVES FOR SYSTEMIC USE,J02 ANTIMYCOTICS FOR SYSTEMIC USE,J02A ANTIMYCOTICS FOR SYSTEMIC USE,J02A C Triazole and tetrazole derivatives,J02A C01 Fluconazole,49884,FLUCONAZOLUM,Oral Solid Ordinary," caps. 50 mg blister, #10",50.0,mg,10.0,Oral solid,No sampled peer,No sampled peer,35704.67,39909.1,42009.22,29792.66,5049.32
193865,G GENITO URINARY SYSTEM AND SEX HORMONES,G04 UROLOGICALS,G04B UROLOGICALS,G04B E Drugs used in erectile dysfunction,G04B E03 Sildenafilum,2686,SILDENAFILUM,Oral Solid Ordinary," tabs 50 mg blister, #2",50.0,mg,2.0,Oral solid,No sampled peer,No sampled peer,18320.660000000003,19581.899999999994,15256.43,4358.280000000001,9745.39
42575,R RESPIRATORY SYSTEM,R05 COUGH AND COLD PREPARATIONS,"R05C EXPECTORANTS, EXCL. COMBINATIONS WITH COUGH SUPRESSANTS",R05C B Mucolytics,R05C B06 Ambroxol,21463,AMBROXOLUM,Oral Liquid Ordinary," syrup 15 mg/5 ml flask 100 ml, #1",15.0,mg,1.0,Oral liquid,ATC4,R05C B Mucolytics,28506.47,33562.76,46498.340000000004,21810.0,4865.32
298387,C CARDIOVASCULAR SYSTEM,C07 BETA BLOCKING AGENTS,C07A BETA-BLOCKING AGENTS,"C07A B Beta blocking agents, selective",C07A B07 Bisoprolol,18260,BISOPROLOLUM,Oral Solid Ordinary," tabs coated w/film 5 mg blister, #90",5.0,mg,90.0,Oral solid,No sampled peer,No sampled peer,3579.21,120.89,5.52,0.0,0.0
127243,M MUSCULO-SCELETAL SYSTEM,M01 ANTIINFLAMMATORY AND ANTIRHEUMATIC PRODUCTS,"M01A ANTIINFLAMMATORY AND ANTIRHEUMATIC PRODUCTS, NON-STEROIDS",M01A B Acetic acid derivatives and related substances,M01A B05 Diclofenac,34043,DICLOFENACUM,Oral Solid Retard," tabs w/modified release 150 mg blister, #20",150.0,mg,20.0,Oral solid,ATC3,"M01A ANTIINFLAMMATORY AND ANTIRHEUMATIC PRODUCTS, NON-STEROIDS",22792.009999999995,19392.48,18464.379999999997,13221.070000000002,12613.820000000002
46325,M MUSCULO-SCELETAL SYSTEM,M01 ANTIINFLAMMATORY AND ANTIRHEUMATIC PRODUCTS,"M01A ANTIINFLAMMATORY AND ANTIRHEUMATIC PRODUCTS, NON-STEROIDS",M01A C Oxicams,M01A C06 Meloxicam,47874,MELOXICAMUM,Oral Solid Ordinary," tabs 15 mg, #10",15.0,mg,10.0,Oral solid,ATC3,"M01A ANTIINFLAMMATORY AND ANTIRHEUMATIC PRODUCTS, NON-STEROIDS",34730.1,39468.979999999996,50228.100000000006,74651.38999999998,111045.70000000001
346399,J GENERAL ANTIINFECTIVES FOR SYSTEMIC USE,J01 ANTIBACTERIALS FOR SYSTEMIC USE,"J01F MACROLIDES, LINCOSAMIDES AND STREPTOGRAMINS",J01F A Macrolides,J01F A10 Azithromycin,6669,AZITHROMYCINUM,Oral Liquid Ordinary," powder f/susp. orale 1500 mg flask 37,5 ml, with a dosing syringe, #1",1500.0,mg,1.0,Oral liquid,No sampled peer,No sampled peer,15826.079999999998,12499.710000000003,29285.510000000002,17489.22,21562.62
272941,J GENERAL ANTIINFECTIVES FOR SYSTEMIC USE,J01 ANTIBACTERIALS FOR SYSTEMIC USE,"J01F MACROLIDES, LINCOSAMIDES AND STREPTOGRAMINS",J01F A Macrolides,J01F A10 Azithromycin,477,AZITHROMYCINUM,Oral Solid Ordinary," tabs coated w/film 500 mg blister, #3",500.0,mg,3.0,Oral solid,No sampled peer,No sampled peer,21396.87,16646.71,19821.64,1512.6300000000003,25.950000000000003
88005,C CARDIOVASCULAR SYSTEM,C10 LIPID MODIFYING AGENTS,"C10A LIPID MODIFYING AGENTS, PLAIN",C10A A HMG CoA reductase inhibitors,C10A A05 Atorvastatin,36288,ATORVASTATINUM,Oral Solid Ordinary," tabs coated w/film 40 mg, #90",40.0,mg,90.0,Oral solid,ATC4,C10A A HMG CoA reductase inhibitors,24124.73,27198.71,31874.850000000006,31598.23,37818.22
343570,B BLOOD AND BLOOD FORMING ORGANS,B01 ANTITHROMBOTIC AGENTS,B01A ANTITHROMBOTIC AGENTS,B01A C Platelet aggregation inhibitors excl. heparin,B01A C06 Acetylsalicylic acid,20912,ACIDUM ACETYLSALICYLICUM*,Oral Solid Ordinary," tabs intest. solub. 100 mg jar, can, #100",100.0,mg,100.0,Oral solid,No sampled peer,No sampled peer,17060.73,9182.08,5491.27,0.0,0.0
327134,G GENITO URINARY SYSTEM AND SEX HORMONES,G04 UROLOGICALS,G04B UROLOGICALS,G04B E Drugs used in erectile dysfunction,G04B E03 Sildenafilum,42778,SILDENAFILUM,Oral Solid Ordinary," chewable tabs 50 mg blister, by box, #4",50.0,mg,4.0,Oral solid,No sampled peer,No sampled peer,22404.55,19096.97,16106.73,11669.59,9770.53
327135,G GENITO URINARY SYSTEM AND SEX HORMONES,G04 UROLOGICALS,G04B UROLOGICALS,G04B E Drugs used in erectile dysfunction,G04B E03 Sildenafilum,42778,SILDENAFILUM,Oral Solid Ordinary," chewable tabs 50 mg blister, by box, #1",50.0,mg,1.0,Oral solid,No sampled peer,No sampled peer,19456.280000000002,15178.25,11720.670000000002,9528.849999999999,7477.220000000001
449768,N NERVOUS SYSTEM,N02 ANALGESICS,N02B OTHER ANALGESICS AND ANTIPYRETICS,N02B F Gabapentinoids,N02B F02 Pregabalin,49971,PREGABALINUM,Oral Solid Ordinary," caps. 75 mg cont. cell pack, #14",75.0,mg,14.0,Oral solid,ATC3,N02B OTHER ANALGESICS AND ANTIPYRETICS,28135.210000000003,32017.020000000004,48206.409999999996,52893.46,51028.770000000004
459870,J GENERAL ANTIINFECTIVES FOR SYSTEMIC USE,J01 ANTIBACTERIALS FOR SYSTEMIC USE,J01D OTHER BETA-LACTAM ANTIBACTERIALS,J01D D Third-generation cephalosporins,J01D D04 Ceftriaxone,32031,CEFTRIAXONUM,Parenteral Ordinary," powd.fr-dr., f/sol. f/in. 2 g flask, #1",2.0,g,1.0,Parenteral,No sampled peer,No sampled peer,9371.48,3645.2,0.0,0.0,0.0
450771,A ALIMENTARY TRACT AND METABOLISM,A10 DRUGS USED IN DIABETS,"A10B BLOOD GLUCOSE LOWERING DRUGS, EXCL. INSULINS",A10B A Biguanides,A10B A02 Metformin,9091,METFORMINUM,Oral Solid Ordinary," tabs coated w/film 1000 mg blister, #60",1000.0,mg,60.0,Oral solid,No sampled peer,No sampled peer,10603.300000000001,5251.56,12333.26,6266.360000000001,0.0
488263,G GENITO URINARY SYSTEM AND SEX HORMONES,G04 UROLOGICALS,G04B UROLOGICALS,G04B E Drugs used in erectile dysfunction,G04B E03 Sildenafilum,38544,SILDENAFILUM,Oral Solid Ordinary," tabs coated w/film 100 mg, #8",100.0,mg,8.0,Oral solid,No sampled peer,No sampled peer,25804.43,15149.439999999999,21309.969999999998,6871.45,649.1300000000001
327136,G GENITO URINARY SYSTEM AND SEX HORMONES,G04 UROLOGICALS,G04B UROLOGICALS,G04B E Drugs used in erectile dysfunction,G04B E03 Sildenafilum,42778,SILDENAFILUM,Oral Solid Ordinary," chewable tabs 100 mg blister, by box, #4",100.0,mg,4.0,Oral solid,No sampled peer,No sampled peer,31497.230000000003,29046.36,23027.27,17471.5,15358.989999999998
86184,A ALIMENTARY TRACT AND METABOLISM,A02 DRUGS FOR ACID RELATED DISORDERS,A02B DRUGS FOR TREATMENT OF PEPTIC ULCER AND GASTRO-OESOPHAGEAL REFLUX DISEASE,A02B C Proton pump inhibitors,A02B C02 Pantoprazole,49229,PANTOPRAZOLUM,Oral Solid Ordinary," tabs coat.intest.-soluble 40 mg, #28",40.0,mg,28.0,Oral solid,No sampled peer,No sampled peer,19895.32,15212.83,14455.63,8903.490000000002,13445.950000000003
20599,G GENITO URINARY SYSTEM AND SEX HORMONES,G04 UROLOGICALS,G04B UROLOGICALS,G04B E Drugs used in erectile dysfunction,G04B E03 Sildenafilum,25230,SILDENAFILUM,Oral Solid Ordinary," tabs coated w/film 50 mg blister, #4",50.0,mg,4.0,Oral solid,No sampled peer,No sampled peer,30785.26,34011.76,45929.43,39220.149999999994,38675.780000000006
137686,N NERVOUS SYSTEM,N02 ANALGESICS,N02B OTHER ANALGESICS AND ANTIPYRETICS,N02B E Anilides,N02B E01 Paracetamol,40567,PARACETAMOLUM,Oral Solid Ordinary," tablets coated 500 mg, #10",500.0,mg,10.0,Oral solid,ATC3,N02B OTHER ANALGESICS AND ANTIPYRETICS,4798.7300000000005,3213.330000000001,39713.57,149430.38999999998,165141.21000000002
84242,N NERVOUS SYSTEM,N06 PSYCHOANALEPTICS,"N06B PSYCHOSTIMULANTS, AGENTS USED FOR ADHD AND NOOTROPICS",N06B X Other psychostimulants and nootropics,N06B X06 Citicoline,13751,CITICOLINUM,Oral Liquid Ordinary," sol. f/use per os 100 mg/ml flask 30 ml, #1",100.0,mg,1.0,Oral liquid,No sampled peer,No sampled peer,21476.44,19745.079999999998,19716.74,13019.439999999999,12457.71
223323,A ALIMENTARY TRACT AND METABOLISM,A10 DRUGS USED IN DIABETS,"A10B BLOOD GLUCOSE LOWERING DRUGS, EXCL. INSULINS",A10B A Biguanides,A10B A02 Metformin,5412,METFORMINUM,Oral Solid Retard," tabs, prolong. action 1000 mg, #60",1000.0,mg,60.0,Oral solid,No sampled peer,No sampled peer,81461.07,103949.01000000002,138955.51,168619.92000000004,216992.31000000003
153308,M MUSCULO-SCELETAL SYSTEM,M01 ANTIINFLAMMATORY AND ANTIRHEUMATIC PRODUCTS,"M01A ANTIINFLAMMATORY AND ANTIRHEUMATIC PRODUCTS, NON-STEROIDS",M01A E Propionic acid derivatives,M01A E01 Ibuprofen,4624,IBUPROFENUM,Oral Liquid Ordinary," oral suspens. 100 mg/5 ml flask 100 ml, #1",100.0,mg,1.0,Oral liquid,ATC3,"M01A ANTIINFLAMMATORY AND ANTIRHEUMATIC PRODUCTS, NON-STEROIDS",13779.780000000002,5037.3099999999995,3800.54,250.15999999999997,0.0
501764,G GENITO URINARY SYSTEM AND SEX HORMONES,G04 UROLOGICALS,G04B UROLOGICALS,G04B E Drugs used in erectile dysfunction,G04B E03 Sildenafilum,25463,SILDENAFILUM,Oral Solid Ordinary," tabs coated w/film 100 mg blister, #4",100.0,mg,4.0,Oral solid,No sampled peer,No sampled peer,44283.56,105176.5,149386.01,172075.8,201008.79
8249,M MUSCULO-SCELETAL SYSTEM,M01 ANTIINFLAMMATORY AND ANTIRHEUMATIC PRODUCTS,"M01A ANTIINFLAMMATORY AND ANTIRHEUMATIC PRODUCTS, NON-STEROIDS",M01A B Acetic acid derivatives and related substances,M01A B05 Diclofenac,32177,DICLOFENACUM,Oral Solid Ordinary," tabs intest. solub. 50 mg, #20",50.0,mg,20.0,Oral solid,ATC3,"M01A ANTIINFLAMMATORY AND ANTIRHEUMATIC PRODUCTS, NON-STEROIDS",21836.590000000004,17957.13,16653.700000000004,13805.589999999998,9742.140000000001
51047,A ALIMENTARY TRACT AND METABOLISM,A02 DRUGS FOR ACID RELATED DISORDERS,A02B DRUGS FOR TREATMENT OF PEPTIC ULCER AND GASTRO-OESOPHAGEAL REFLUX DISEASE,A02B C Proton pump inhibitors,A02B C02 Pantoprazole,43501,PANTOPRAZOLUM,Oral Solid Ordinary," tabs coat.intest.-soluble 40 mg strip, #30",40.0,mg,30.0,Oral solid,No sampled peer,No sampled peer,18958.979999999996,586.14,0.0,0.0,0.0
398134,M MUSCULO-SCELETAL SYSTEM,M01 ANTIINFLAMMATORY AND ANTIRHEUMATIC PRODUCTS,"M01A ANTIINFLAMMATORY AND ANTIRHEUMATIC PRODUCTS, NON-STEROIDS",M01A C Oxicams,M01A C06 Meloxicam,34405,MELOXICAMUM,Oral Solid Ordinary," tabl. oral.-disper. 15 mg blister, #20",15.0,mg,20.0,Oral solid,ATC3,"M01A ANTIINFLAMMATORY AND ANTIRHEUMATIC PRODUCTS, NON-STEROIDS",25673.789999999997,23790.800000000003,27741.3,24774.440000000002,30711.170000000006
356730,R RESPIRATORY SYSTEM,R05 COUGH AND COLD PREPARATIONS,"R05C EXPECTORANTS, EXCL. COMBINATIONS WITH COUGH SUPRESSANTS",R05C B Mucolytics,R05C B01 Acetylcysteine,12816,ACETYLCYSTEINUM,Oral Liquid Ordinary," powder f/oral solution 200 mg sachet, #10",200.0,mg,10.0,Oral liquid,ATC4,R05C B Mucolytics,9168.95,4059.74,2949.52,168.12,25.759999999999998
398136,M MUSCULO-SCELETAL SYSTEM,M01 ANTIINFLAMMATORY AND ANTIRHEUMATIC PRODUCTS,"M01A ANTIINFLAMMATORY AND ANTIRHEUMATIC PRODUCTS, NON-STEROIDS",M01A C Oxicams,M01A C06 Meloxicam,34405,MELOXICAMUM,Oral Solid Ordinary," tabl. oral.-disper. 7,5 mg blister, #20",7.5,mg,20.0,Oral solid,ATC3,"M01A ANTIINFLAMMATORY AND ANTIRHEUMATIC PRODUCTS, NON-STEROIDS",31960.519999999997,38093.91,38613.23,29118.66,26229.35
494909,M MUSCULO-SCELETAL SYSTEM,M01 ANTIINFLAMMATORY AND ANTIRHEUMATIC PRODUCTS,"M01A ANTIINFLAMMATORY AND ANTIRHEUMATIC PRODUCTS, NON-STEROIDS",M01A E Propionic acid derivatives,M01A E01 Ibuprofen,16252,IBUPROFENUM,Oral Solid Ordinary," tabs coated w/film 400 mg blister, #20",400.0,mg,20.0,Oral solid,ATC3,"M01A ANTIINFLAMMATORY AND ANTIRHEUMATIC PRODUCTS, NON-STEROIDS",51895.97,56148.649999999994,76886.79000000001,10795.51,0.0
155272,M MUSCULO-SCELETAL SYSTEM,M01 ANTIINFLAMMATORY AND ANTIRHEUMATIC PRODUCTS,"M01A ANTIINFLAMMATORY AND ANTIRHEUMATIC PRODUCTS, NON-STEROIDS",M01A E Propionic acid derivatives,M01A E01 Ibuprofen,4624,IBUPROFENUM,Oral Solid Ordinary," caps. 400 mg blister, #10",400.0,mg,10.0,Oral solid,ATC3,"M01A ANTIINFLAMMATORY AND ANTIRHEUMATIC PRODUCTS, NON-STEROIDS",16181.810000000001,9680.75,4797.9400000000005,33.61,0.0
416846,C CARDIOVASCULAR SYSTEM,C10 LIPID MODIFYING AGENTS,"C10A LIPID MODIFYING AGENTS, PLAIN",C10A A HMG CoA reductase inhibitors,C10A A05 Atorvastatin,48092,ATORVASTATINUM,Oral Solid Ordinary," tablets coated 20 mg cont. cell pack, #28",20.0,mg,28.0,Oral solid,ATC4,C10A A HMG CoA reductase inhibitors,28616.32,17957.54,13452.07,7191.169999999999,406.23
136008,N NERVOUS SYSTEM,N06 PSYCHOANALEPTICS,"N06B PSYCHOSTIMULANTS, AGENTS USED FOR ADHD AND NOOTROPICS",N06B X Other psychostimulants and nootropics,N06B X06 Citicoline,9720,CITICOLINUM,Oral Solid Ordinary," tablets coated 500 mg, #30",500.0,mg,30.0,Oral solid,No sampled peer,No sampled peer,36346.600000000006,69245.1,103101.17000000001,69428.11,93588.29000000001
346335,M MUSCULO-SCELETAL SYSTEM,M01 ANTIINFLAMMATORY AND ANTIRHEUMATIC PRODUCTS,"M01A ANTIINFLAMMATORY AND ANTIRHEUMATIC PRODUCTS, NON-STEROIDS",M01A C Oxicams,M01A C06 Meloxicam,45359,MELOXICAMUM,Parenteral Ordinary," sol.  for inj. 10 mg/ml amp. 1,5 ml, in a pack, #5",10.0,mg,5.0,Parenteral,ATC3,"M01A ANTIINFLAMMATORY AND ANTIRHEUMATIC PRODUCTS, NON-STEROIDS",5294.640000000001,0.0,0.0,0.0,0.0
389549,N NERVOUS SYSTEM,N06 PSYCHOANALEPTICS,"N06B PSYCHOSTIMULANTS, AGENTS USED FOR ADHD AND NOOTROPICS",N06B X Other psychostimulants and nootropics,N06B X06 Citicoline,44951,CITICOLINUM,Oral Solid Ordinary," tabs coated w/film 500 mg blister, #30",500.0,mg,30.0,Oral solid,No sampled peer,No sampled peer,25340.090000000004,31087.370000000003,41451.57,35056.46,39532.09
421342,J GENERAL ANTIINFECTIVES FOR SYSTEMIC USE,J01 ANTIBACTERIALS FOR SYSTEMIC USE,J01M QUINOLONE ANTIBACTERIALS,J01M A Fluoroquinolones,J01M A12 Levofloxacin,23445,LEVOFLOXACINUM,Parenteral Ordinary," sol. f/infus. 0,5 % bot. 100 ml, in a pack, #1",,,1.0,Parenteral,No sampled peer,No sampled peer,24144.699999999997,11872.350000000002,5573.59,2380.3199999999997,6509.75
221828,C CARDIOVASCULAR SYSTEM,C10 LIPID MODIFYING AGENTS,"C10A LIPID MODIFYING AGENTS, PLAIN",C10A A HMG CoA reductase inhibitors,C10A A07 Rosuvastatin,9998,ROSUVASTATINUM,Oral Solid Ordinary," tabs coated w/film 15 mg blister, #30",15.0,mg,30.0,Oral solid,ATC4,C10A A HMG CoA reductase inhibitors,23741.61,27945.300000000003,35929.22,34381.81,38932.990000000005
234799,C CARDIOVASCULAR SYSTEM,C10 LIPID MODIFYING AGENTS,"C10A LIPID MODIFYING AGENTS, PLAIN",C10A A HMG CoA reductase inhibitors,C10A A07 Rosuvastatin,39735,ROSUVASTATINUM,Oral Solid Ordinary," tabs coated w/film 20 mg, #30",20.0,mg,30.0,Oral solid,ATC4,C10A A HMG CoA reductase inhibitors,29200.6,39153.4,56529.86000000001,73923.54000000001,102740.75
59395,J GENERAL ANTIINFECTIVES FOR SYSTEMIC USE,J02 ANTIMYCOTICS FOR SYSTEMIC USE,J02A ANTIMYCOTICS FOR SYSTEMIC USE,J02A C Triazole and tetrazole derivatives,J02A C01 Fluconazole,49884,FLUCONAZOLUM,Oral Solid Ordinary," tablets coated 100 mg blister, #10",100.0,mg,10.0,Oral solid,No sampled peer,No sampled peer,23513.3,20595.66,12347.959999999997,5420.36,5013.92
142209,C CARDIOVASCULAR SYSTEM,C10 LIPID MODIFYING AGENTS,"C10A LIPID MODIFYING AGENTS, PLAIN",C10A A HMG CoA reductase inhibitors,C10A A07 Rosuvastatin,9998,ROSUVASTATINUM,Oral Solid Ordinary," tabs coated w/film 5 mg blister, #30",5.0,mg,30.0,Oral solid,ATC4,C10A A HMG CoA reductase inhibitors,26144.53,32715.28,40842.19,39601.030000000006,30461.15
59396,J GENERAL ANTIINFECTIVES FOR SYSTEMIC USE,J02 ANTIMYCOTICS FOR SYSTEMIC USE,J02A ANTIMYCOTICS FOR SYSTEMIC USE,J02A C Triazole and tetrazole derivatives,J02A C01 Fluconazole,49884,FLUCONAZOLUM,Oral Solid Ordinary," tablets coated 50 mg blister, #10",50.0,mg,10.0,Oral solid,No sampled peer,No sampled peer,20919.71,18225.07,10096.800000000001,5644.169999999999,3756.5899999999997
378738,C CARDIOVASCULAR SYSTEM,C10 LIPID MODIFYING AGENTS,"C10A LIPID MODIFYING AGENTS, PLAIN",C10A A HMG CoA reductase inhibitors,C10A A05 Atorvastatin,9750,ATORVASTATINUM,Oral Solid Ordinary," tabs coated w/film 20 mg blister, #30",20.0,mg,30.0,Oral solid,ATC4,C10A A HMG CoA reductase inhibitors,14534.3,9381.44,6996.049999999998,2325.2200000000003,16.79
482204,J GENERAL ANTIINFECTIVES FOR SYSTEMIC USE,J01 ANTIBACTERIALS FOR SYSTEMIC USE,J01M QUINOLONE ANTIBACTERIALS,J01M A Fluoroquinolones,J01M A12 Levofloxacin,17413,LEVOFLOXACINUM,Oral Solid Ordinary," tabs coated w/film 500 mg blister, #10",500.0,mg,10.0,Oral solid,No sampled peer,No sampled peer,47787.97,85579.01,120130.86000000002,108629.29,141464.18
356759,G GENITO URINARY SYSTEM AND SEX HORMONES,G04 UROLOGICALS,G04B UROLOGICALS,G04B E Drugs used in erectile dysfunction,G04B E03 Sildenafilum,2686,SILDENAFILUM,Oral Solid Ordinary," tabs 100 mg blister, #1",100.0,mg,1.0,Oral solid,No sampled peer,No sampled peer,27530.57,37822.840000000004,31685.43,7613.33,8500.54
306879,N NERVOUS SYSTEM,N06 PSYCHOANALEPTICS,"N06B PSYCHOSTIMULANTS, AGENTS USED FOR ADHD AND NOOTROPICS",N06B X Other psychostimulants and nootropics,N06B X06 Citicoline,44951,CITICOLINUM,Parenteral Ordinary," sol.  for inj. 1000 mg/4 ml amp. 4 ml, in a pack, #10",1000.0,mg,10.0,Parenteral,No sampled peer,No sampled peer,21081.73,14918.87,19262.25,14021.46,17560.370000000003
327235,B BLOOD AND BLOOD FORMING ORGANS,B01 ANTITHROMBOTIC AGENTS,B01A ANTITHROMBOTIC AGENTS,B01A C Platelet aggregation inhibitors excl. heparin,B01A C06 Acetylsalicylic acid,5866,ACIDUM ACETYLSALICYLICUM*,Oral Solid Ordinary," tabs coated w/film 75 mg blister in pack, #50",75.0,mg,50.0,Oral solid,No sampled peer,No sampled peer,20214.49,14150.91,31942.87,27196.170000000002,11535.59
273010,C CARDIOVASCULAR SYSTEM,C10 LIPID MODIFYING AGENTS,"C10A LIPID MODIFYING AGENTS, PLAIN",C10A A HMG CoA reductase inhibitors,C10A A07 Rosuvastatin,42032,ROSUVASTATINUM,Oral Solid Ordinary," tablets coated 20 mg blister, #28",20.0,mg,28.0,Oral solid,ATC4,C10A A HMG CoA reductase inhibitors,21385.870000000003,18665.429999999997,16852.93,10022.539999999999,14445.63
435310,J GENERAL ANTIINFECTIVES FOR SYSTEMIC USE,J01 ANTIBACTERIALS FOR SYSTEMIC USE,"J01F MACROLIDES, LINCOSAMIDES AND STREPTOGRAMINS",J01F A Macrolides,J01F A10 Azithromycin,6669,AZITHROMYCINUM,Oral Liquid Ordinary," powder f/susp. orale 1200 mg flask 30 ml, with taste of strawberries, #1",1200.0,mg,1.0,Oral liquid,No sampled peer,No sampled peer,22037.410000000003,13961.389999999998,16383.58,5531.8,28599.29
285549,N NERVOUS SYSTEM,N06 PSYCHOANALEPTICS,"N06B PSYCHOSTIMULANTS, AGENTS USED FOR ADHD AND NOOTROPICS",N06B X Other psychostimulants and nootropics,N06B X06 Citicoline,23575,CITICOLINUM,Oral Liquid Ordinary," oral solution 100 mg/ml flask 30 ml, #1",100.0,mg,1.0,Oral liquid,No sampled peer,No sampled peer,25712.68,22808.68,27887.129999999997,20233.789999999997,20899.62
246612,N NERVOUS SYSTEM,N06 PSYCHOANALEPTICS,"N06B PSYCHOSTIMULANTS, AGENTS USED FOR ADHD AND NOOTROPICS",N06B X Other psychostimulants and nootropics,N06B X06 Citicoline,44951,CITICOLINUM,Parenteral Ordinary," sol.  for inj. 500 mg/4 ml amp. 4 ml, blister in the box, #5",500.0,mg,5.0,Parenteral,No sampled peer,No sampled peer,24164.199999999997,16499.88,18802.66,11291.02,10796.009999999998
246468,M MUSCULO-SCELETAL SYSTEM,M01 ANTIINFLAMMATORY AND ANTIRHEUMATIC PRODUCTS,"M01A ANTIINFLAMMATORY AND ANTIRHEUMATIC PRODUCTS, NON-STEROIDS",M01A B Acetic acid derivatives and related substances,M01A B05 Diclofenac,34028,DICLOFENACUM,Parenteral Ordinary," sol.  for inj. 25 mg/ml amp. 3 ml, blister in the box, #5",25.0,mg,5.0,Parenteral,ATC3,"M01A ANTIINFLAMMATORY AND ANTIRHEUMATIC PRODUCTS, NON-STEROIDS",25731.339999999997,37118.73999999999,32184.87,20836.69,10300.220000000001
60419,C CARDIOVASCULAR SYSTEM,C08 CALCIUM CHANNEL BLOCKERS,C08C SELECTIVE CALCIUM CHANNEL BLOCKERS WITH MAINLY VASCULAR EFFECTS,C08C A Dihydropyridine derivatives,C08C A01 Amlodipine,35222,AMLODIPINUM,Oral Solid Ordinary," tabs 5 mg blister, #30",5.0,mg,30.0,Oral solid,No sampled peer,No sampled peer,18877.28,28739.75,35687.99,40494.840000000004,32557.469999999998
60241,R RESPIRATORY SYSTEM,R05 COUGH AND COLD PREPARATIONS,"R05C EXPECTORANTS, EXCL. COMBINATIONS WITH COUGH SUPRESSANTS",R05C B Mucolytics,R05C B06 Ambroxol,21463,AMBROXOLUM,Oral Liquid Ordinary," syrup 15 mg/5 ml polymer.can 100 ml, with doser-spoon, in a pack, #1",15.0,mg,1.0,Oral liquid,ATC4,R05C B Mucolytics,1951.29,0.0,0.0,0.0,0.0
71569,C CARDIOVASCULAR SYSTEM,C07 BETA BLOCKING AGENTS,C07A BETA-BLOCKING AGENTS,"C07A B Beta blocking agents, selective",C07A B07 Bisoprolol,11958,BISOPROLOLUM,Oral Solid Ordinary," tabs coated w/film 10 mg, #30",10.0,mg,30.0,Oral solid,No sampled peer,No sampled peer,35310.82000000001,41956.04,25862.380000000005,30865.93,24981.059999999998
110675,J GENERAL ANTIINFECTIVES FOR SYSTEMIC USE,J01 ANTIBACTERIALS FOR SYSTEMIC USE,J01M QUINOLONE ANTIBACTERIALS,J01M A Fluoroquinolones,J01M A12 Levofloxacin,34684,LEVOFLOXACINUM,Oral Solid Ordinary," tabs coated w/film 500 mg blister, in a pack, #5",500.0,mg,5.0,Oral solid,No sampled peer,No sampled peer,14147.770000000002,21095.25,16884.170000000002,7237.81,5654.249999999999
435296,J GENERAL ANTIINFECTIVES FOR SYSTEMIC USE,J01 ANTIBACTERIALS FOR SYSTEMIC USE,"J01F MACROLIDES, LINCOSAMIDES AND STREPTOGRAMINS",J01F A Macrolides,J01F A10 Azithromycin,6669,AZITHROMYCINUM,Oral Liquid Ordinary," powder f/susp. orale 400 mg flask 20 ml, with taste of strawberries, #1",400.0,mg,1.0,Oral liquid,No sampled peer,No sampled peer,15149.889999999998,11604.65,24269.510000000002,9252.45,19249.32
155273,M MUSCULO-SCELETAL SYSTEM,M01 ANTIINFLAMMATORY AND ANTIRHEUMATIC PRODUCTS,"M01A ANTIINFLAMMATORY AND ANTIRHEUMATIC PRODUCTS, NON-STEROIDS",M01A E Propionic acid derivatives,M01A E01 Ibuprofen,4624,IBUPROFENUM,Oral Solid Ordinary," caps. 400 mg blister, #20",400.0,mg,20.0,Oral solid,ATC3,"M01A ANTIINFLAMMATORY AND ANTIRHEUMATIC PRODUCTS, NON-STEROIDS",19832.989999999998,14711.65,7512.020000000001,54.89,0.0
327211,C CARDIOVASCULAR SYSTEM,C10 LIPID MODIFYING AGENTS,"C10A LIPID MODIFYING AGENTS, PLAIN",C10A A HMG CoA reductase inhibitors,C10A A05 Atorvastatin,3572,ATORVASTATINUM,Oral Solid Ordinary," tablets coated 40 mg blister, #28",40.0,mg,28.0,Oral solid,ATC4,C10A A HMG CoA reductase inhibitors,27272.629999999994,30034.889999999996,35440.74999999999,25644.67,26700.269999999997
154582,C CARDIOVASCULAR SYSTEM,C10 LIPID MODIFYING AGENTS,"C10A LIPID MODIFYING AGENTS, PLAIN",C10A A HMG CoA reductase inhibitors,C10A A07 Rosuvastatin,7859,ROSUVASTATINUM,Oral Solid Ordinary," tabs coated w/film 5 mg blister, #28",5.0,mg,28.0,Oral solid,ATC4,C10A A HMG CoA reductase inhibitors,27209.409999999996,32616.09,44018.09,40499.170000000006,46056.390000000014
41550,J GENERAL ANTIINFECTIVES FOR SYSTEMIC USE,J01 ANTIBACTERIALS FOR SYSTEMIC USE,J01D OTHER BETA-LACTAM ANTIBACTERIALS,J01D D Third-generation cephalosporins,J01D D04 Ceftriaxone,21539,CEFTRIAXONUM,Parenteral Ordinary," powd.fr-dr., f/sol. f/in. 1 g flask, #40",1.0,g,40.0,Parenteral,No sampled peer,No sampled peer,18083.85,18505.75,12732.369999999999,9094.990000000002,8316.060000000001
503902,N NERVOUS SYSTEM,N02 ANALGESICS,N02B OTHER ANALGESICS AND ANTIPYRETICS,N02B E Anilides,N02B E01 Paracetamol,11440,PARACETAMOLUM,Parenteral Ordinary," sol. f/infus. 10 mg/ml flask 100 ml, #1",10.0,mg,1.0,Parenteral,ATC3,N02B OTHER ANALGESICS AND ANTIPYRETICS,47658.030000000006,72659.51999999999,62449.84,24915.800000000003,12603.130000000003
442263,N NERVOUS SYSTEM,N02 ANALGESICS,N02B OTHER ANALGESICS AND ANTIPYRETICS,N02B F Gabapentinoids,N02B F02 Pregabalin,49797,PREGABALINUM,Oral Solid Ordinary," caps. solid 150 mg blister, #28",150.0,mg,28.0,Oral solid,ATC3,N02B OTHER ANALGESICS AND ANTIPYRETICS,23296.97,22082.93,37292.88,40352.6,64019.380000000005
84241,N NERVOUS SYSTEM,N06 PSYCHOANALEPTICS,"N06B PSYCHOSTIMULANTS, AGENTS USED FOR ADHD AND NOOTROPICS",N06B X Other psychostimulants and nootropics,N06B X06 Citicoline,13751,CITICOLINUM,Parenteral Ordinary," sol.  for inj. 1000 mg amp. 4 ml, #5",1000.0,mg,5.0,Parenteral,No sampled peer,No sampled peer,25068.01,23017.86,25813.89,18330.530000000002,11376.429999999998
64152,J GENERAL ANTIINFECTIVES FOR SYSTEMIC USE,J02 ANTIMYCOTICS FOR SYSTEMIC USE,J02A ANTIMYCOTICS FOR SYSTEMIC USE,J02A C Triazole and tetrazole derivatives,J02A C01 Fluconazole,49884,FLUCONAZOLUM,Oral Solid Ordinary," caps. 150 mg blister, #2",150.0,mg,2.0,Oral solid,No sampled peer,No sampled peer,55064.68,62804.43,27502.360000000004,10027.66,7952.5
76514,M MUSCULO-SCELETAL SYSTEM,M01 ANTIINFLAMMATORY AND ANTIRHEUMATIC PRODUCTS,"M01A ANTIINFLAMMATORY AND ANTIRHEUMATIC PRODUCTS, NON-STEROIDS",M01A B Acetic acid derivatives and related substances,M01A B05 Diclofenac,13082,DICLOFENACUM,Oral Solid Retard," tabs, prolong. action 100 mg, #20",100.0,mg,20.0,Oral solid,ATC3,"M01A ANTIINFLAMMATORY AND ANTIRHEUMATIC PRODUCTS, NON-STEROIDS",27404.049999999996,9951.65,6732.080000000001,2006.58,8.18
426308,S SENSORY ORGANS,S01 OPHTALMOLOGICALS,S01B ANTIINFLAMMATORY AGENTS,"S01B C Antiinflammatory agents, non-steroids",S01B C03 Diclofenac,3419,DICLOFENACUM,Ophthalmic," drops, eye 0,1 % drop fl. 5 ml, #1",,,1.0,Ophthalmic,No sampled peer,No sampled peer,38426.97,32991.259999999995,33994.469999999994,10562.02,0.0
398133,M MUSCULO-SCELETAL SYSTEM,M01 ANTIINFLAMMATORY AND ANTIRHEUMATIC PRODUCTS,"M01A ANTIINFLAMMATORY AND ANTIRHEUMATIC PRODUCTS, NON-STEROIDS",M01A C Oxicams,M01A C06 Meloxicam,34405,MELOXICAMUM,Oral Solid Ordinary," tabl. oral.-disper. 15 mg blister, #10",15.0,mg,10.0,Oral solid,ATC3,"M01A ANTIINFLAMMATORY AND ANTIRHEUMATIC PRODUCTS, NON-STEROIDS",50606.02,80538.80000000002,97674.63,59782.14,48915.14000000001
185313,R RESPIRATORY SYSTEM,R05 COUGH AND COLD PREPARATIONS,"R05C EXPECTORANTS, EXCL. COMBINATIONS WITH COUGH SUPRESSANTS",R05C B Mucolytics,R05C B01 Acetylcysteine,45790,ACETYLCYSTEINUM,Oral Solid Ordinary," tabs 200 mg blister, #20",200.0,mg,20.0,Oral solid,ATC4,R05C B Mucolytics,12964.429999999998,7789.590000000001,4614.02,2181.5,1408.4900000000002
187578,R RESPIRATORY SYSTEM,R05 COUGH AND COLD PREPARATIONS,"R05C EXPECTORANTS, EXCL. COMBINATIONS WITH COUGH SUPRESSANTS",R05C B Mucolytics,R05C B06 Ambroxol,21463,AMBROXOLUM,Oral Solid Ordinary," tabs 0,03 g blister, in a pack, #20",0.03,g,20.0,Oral solid,ATC4,R05C B Mucolytics,5490.9400000000005,34238.24,8758.12,10575.36,4656.78
310519,A ALIMENTARY TRACT AND METABOLISM,A02 DRUGS FOR ACID RELATED DISORDERS,A02B DRUGS FOR TREATMENT OF PEPTIC ULCER AND GASTRO-OESOPHAGEAL REFLUX DISEASE,A02B C Proton pump inhibitors,A02B C02 Pantoprazole,40260,PANTOPRAZOLUM,Parenteral Ordinary," powd.fr-dr., f/sol. f/in. 40 mg flask, #5",40.0,mg,5.0,Parenteral,No sampled peer,No sampled peer,19308.29,7490.93,8099.58,3480.74,0.0
429412,N NERVOUS SYSTEM,N02 ANALGESICS,N02B OTHER ANALGESICS AND ANTIPYRETICS,N02B F Gabapentinoids,N02B F02 Pregabalin,27057,PREGABALINUM,Oral Solid Ordinary," caps. solid 150 mg blister in box, #30",150.0,mg,30.0,Oral solid,ATC3,N02B OTHER ANALGESICS AND ANTIPYRETICS,37915.59,40053.729999999996,15529.44,38165.86,549.18
135585,R RESPIRATORY SYSTEM,R05 COUGH AND COLD PREPARATIONS,"R05C EXPECTORANTS, EXCL. COMBINATIONS WITH COUGH SUPRESSANTS",R05C B Mucolytics,R05C B06 Ambroxol,21463,AMBROXOLUM,Oral Liquid Ordinary," syrup 30 mg/5 ml flask 100 ml, with cochleare volume, #1",30.0,mg,1.0,Oral liquid,ATC4,R05C B Mucolytics,22308.6,42542.119999999995,64386.31999999999,32258.36,5937.460000000001
346380,C CARDIOVASCULAR SYSTEM,C10 LIPID MODIFYING AGENTS,"C10A LIPID MODIFYING AGENTS, PLAIN",C10A A HMG CoA reductase inhibitors,C10A A07 Rosuvastatin,33901,ROSUVASTATINUM,Oral Solid Ordinary," tabs coated w/film 10 mg blister, #30",10.0,mg,30.0,Oral solid,ATC4,C10A A HMG CoA reductase inhibitors,24599.840000000004,12180.67,14231.740000000002,78.19999999999999,0.0
285406,C CARDIOVASCULAR SYSTEM,C10 LIPID MODIFYING AGENTS,"C10A LIPID MODIFYING AGENTS, PLAIN",C10A A HMG CoA reductase inhibitors,C10A A05 Atorvastatin,36288,ATORVASTATINUM,Oral Solid Ordinary," tabs coated w/film 30 mg, #30",30.0,mg,30.0,Oral solid,ATC4,C10A A HMG CoA reductase inhibitors,30023.84,34810.189999999995,38222.43,33339.97,28732.070000000003
73997,R RESPIRATORY SYSTEM,R05 COUGH AND COLD PREPARATIONS,"R05C EXPECTORANTS, EXCL. COMBINATIONS WITH COUGH SUPRESSANTS",R05C B Mucolytics,R05C B06 Ambroxol,26763,AMBROXOLUM,Oral Liquid Ordinary," oral solution 7,5 mg/ml flask with dropper 100 ml, with dosing cups, #1",7.5,mg,1.0,Oral liquid,ATC4,R05C B Mucolytics,13398.31,10929.27,7581.11,52.510000000000005,0.0
44559,N NERVOUS SYSTEM,N02 ANALGESICS,N02B OTHER ANALGESICS AND ANTIPYRETICS,N02B E Anilides,N02B E01 Paracetamol,24698,PARACETAMOLUM,Oral Liquid Ordinary," syrup flask 50 ml, #1",,,1.0,Oral liquid,ATC3,N02B OTHER ANALGESICS AND ANTIPYRETICS,17391.960000000003,23236.3,18163.399999999998,13300.39,5780.04
504396,J GENERAL ANTIINFECTIVES FOR SYSTEMIC USE,J01 ANTIBACTERIALS FOR SYSTEMIC USE,J01M QUINOLONE ANTIBACTERIALS,J01M A Fluoroquinolones,J01M A12 Levofloxacin,17413,LEVOFLOXACINUM,Parenteral Ordinary," sol. f/infus. 5 mg/ml bot. 100 ml, in a pack, #1",5.0,mg,1.0,Parenteral,No sampled peer,No sampled peer,41696.41,71206.5,79247.01000000001,22594.779999999995,14957.480000000001
234797,C CARDIOVASCULAR SYSTEM,C10 LIPID MODIFYING AGENTS,"C10A LIPID MODIFYING AGENTS, PLAIN",C10A A HMG CoA reductase inhibitors,C10A A07 Rosuvastatin,39735,ROSUVASTATINUM,Oral Solid Ordinary," tabs coated w/film 10 mg, #30",10.0,mg,30.0,Oral solid,ATC4,C10A A HMG CoA reductase inhibitors,33379.66,42993.34,66410.27,75402.20000000001,101784.03
429408,N NERVOUS SYSTEM,N02 ANALGESICS,N02B OTHER ANALGESICS AND ANTIPYRETICS,N02B F Gabapentinoids,N02B F02 Pregabalin,27057,PREGABALINUM,Oral Solid Ordinary," caps. solid 75 mg blister in box, #30",75.0,mg,30.0,Oral solid,ATC3,N02B OTHER ANALGESICS AND ANTIPYRETICS,39084.84,60376.0,58501.74000000001,60860.14,9795.480000000003
450169,N NERVOUS SYSTEM,N06 PSYCHOANALEPTICS,"N06B PSYCHOSTIMULANTS, AGENTS USED FOR ADHD AND NOOTROPICS",N06B X Other psychostimulants and nootropics,N06B X06 Citicoline,38509,CITICOLINUM,Parenteral Ordinary," sol.  for inj. 1000 mg/4 ml amp. 4 ml, #5",1000.0,mg,5.0,Parenteral,No sampled peer,No sampled peer,54624.189999999995,61746.06,98171.44,31829.679999999997,53195.23999999999
112598,R RESPIRATORY SYSTEM,R05 COUGH AND COLD PREPARATIONS,"R05C EXPECTORANTS, EXCL. COMBINATIONS WITH COUGH SUPRESSANTS",R05C B Mucolytics,R05C B06 Ambroxol,21463,AMBROXOLUM,Oral Liquid Ordinary," syrup 15 mg/5 ml flask 100 ml, #1",15.0,mg,1.0,Oral liquid,ATC4,R05C B Mucolytics,21156.329999999998,12230.419999999998,7946.68,1907.1100000000001,2843.85
292558,N NERVOUS SYSTEM,N02 ANALGESICS,N02B OTHER ANALGESICS AND ANTIPYRETICS,N02B F Gabapentinoids,N02B F02 Pregabalin,23594,PREGABALINUM,Oral Solid Ordinary," caps. 150 mg blister, #30",150.0,mg,30.0,Oral solid,ATC3,N02B OTHER ANALGESICS AND ANTIPYRETICS,16896.37,10516.06,10392.769999999999,9315.05,10429.96
138350,R RESPIRATORY SYSTEM,R05 COUGH AND COLD PREPARATIONS,"R05C EXPECTORANTS, EXCL. COMBINATIONS WITH COUGH SUPRESSANTS",R05C B Mucolytics,R05C B06 Ambroxol,20118,AMBROXOLUM,Oral Liquid Ordinary," syrup 15 mg/5 ml bot. 100 ml, with cochleare volume, #1",15.0,mg,1.0,Oral liquid,ATC4,R05C B Mucolytics,9281.91,2042.83,270.34,5.67,0.0
98544,M MUSCULO-SCELETAL SYSTEM,M01 ANTIINFLAMMATORY AND ANTIRHEUMATIC PRODUCTS,"M01A ANTIINFLAMMATORY AND ANTIRHEUMATIC PRODUCTS, NON-STEROIDS",M01A B Acetic acid derivatives and related substances,M01A B05 Diclofenac,33947,DICLOFENACUM,Oral Solid Retard," tabs prolong act, coat.w/film 100 mg blister, #20",100.0,mg,20.0,Oral solid,ATC3,"M01A ANTIINFLAMMATORY AND ANTIRHEUMATIC PRODUCTS, NON-STEROIDS",28323.950000000004,21274.45,16121.869999999999,11733.409999999998,11381.679999999998
265880,C CARDIOVASCULAR SYSTEM,C10 LIPID MODIFYING AGENTS,"C10A LIPID MODIFYING AGENTS, PLAIN",C10A A HMG CoA reductase inhibitors,C10A A05 Atorvastatin,49167,ATORVASTATINUM,Oral Solid Ordinary," tabs coated w/film 40 mg, #30",40.0,mg,30.0,Oral solid,ATC4,C10A A HMG CoA reductase inhibitors,11579.12,13355.089999999998,19707.71,13097.470000000001,17223.66
74821,C CARDIOVASCULAR SYSTEM,C07 BETA BLOCKING AGENTS,C07A BETA-BLOCKING AGENTS,"C07A B Beta blocking agents, selective",C07A B07 Bisoprolol,28528,BISOPROLOLUM,Oral Solid Ordinary," tabs 5 mg blister, #20",5.0,mg,20.0,Oral solid,No sampled peer,No sampled peer,45601.91,397500.38,324638.03,199113.91000000003,58494.87
450768,A ALIMENTARY TRACT AND METABOLISM,A10 DRUGS USED IN DIABETS,"A10B BLOOD GLUCOSE LOWERING DRUGS, EXCL. INSULINS",A10B A Biguanides,A10B A02 Metformin,9091,METFORMINUM,Oral Solid Ordinary," tabs coated w/film 850 mg blister, #60",850.0,mg,60.0,Oral solid,No sampled peer,No sampled peer,17571.199999999997,13024.449999999999,8992.25,837.1800000000001,0.0
429479,C CARDIOVASCULAR SYSTEM,C10 LIPID MODIFYING AGENTS,"C10A LIPID MODIFYING AGENTS, PLAIN",C10A A HMG CoA reductase inhibitors,C10A A07 Rosuvastatin,12091,ROSUVASTATINUM,Oral Solid Ordinary," tabs coated w/film 20 mg blister, #30",20.0,mg,30.0,Oral solid,ATC4,C10A A HMG CoA reductase inhibitors,30557.32,33690.21,42766.73999999999,34649.59,43834.92
39969,M MUSCULO-SCELETAL SYSTEM,M01 ANTIINFLAMMATORY AND ANTIRHEUMATIC PRODUCTS,"M01A ANTIINFLAMMATORY AND ANTIRHEUMATIC PRODUCTS, NON-STEROIDS",M01A C Oxicams,M01A C06 Meloxicam,47932,MELOXICAMUM,Oral Solid Ordinary," tabs 15 mg blister, #10",15.0,mg,10.0,Oral solid,ATC3,"M01A ANTIINFLAMMATORY AND ANTIRHEUMATIC PRODUCTS, NON-STEROIDS",26312.369999999995,23361.510000000002,33503.67,29765.280000000006,36429.69
246620,N NERVOUS SYSTEM,N06 PSYCHOANALEPTICS,"N06B PSYCHOSTIMULANTS, AGENTS USED FOR ADHD AND NOOTROPICS",N06B X Other psychostimulants and nootropics,N06B X06 Citicoline,44951,CITICOLINUM,Parenteral Ordinary," sol.  for inj. 1000 mg/4 ml amp. 4 ml, blister in the box, #5",1000.0,mg,5.0,Parenteral,No sampled peer,No sampled peer,28052.579999999998,21113.280000000002,20487.940000000002,13487.1,11046.470000000001
108600,M MUSCULO-SCELETAL SYSTEM,M01 ANTIINFLAMMATORY AND ANTIRHEUMATIC PRODUCTS,"M01A ANTIINFLAMMATORY AND ANTIRHEUMATIC PRODUCTS, NON-STEROIDS",M01A C Oxicams,M01A C06 Meloxicam,45359,MELOXICAMUM,Oral Solid Ordinary," tabs 15 mg, #20",15.0,mg,20.0,Oral solid,ATC3,"M01A ANTIINFLAMMATORY AND ANTIRHEUMATIC PRODUCTS, NON-STEROIDS",44820.21,74385.28,84584.76000000001,133338.11,219509.2
105985,J GENERAL ANTIINFECTIVES FOR SYSTEMIC USE,J01 ANTIBACTERIALS FOR SYSTEMIC USE,J01M QUINOLONE ANTIBACTERIALS,J01M A Fluoroquinolones,J01M A12 Levofloxacin,39905,LEVOFLOXACINUM,Oral Solid Ordinary," tabs coated w/film 500 mg, #5",500.0,mg,5.0,Oral solid,No sampled peer,No sampled peer,29735.469999999998,21825.070000000003,3.08,0.0,0.0
174591,N NERVOUS SYSTEM,N02 ANALGESICS,N02B OTHER ANALGESICS AND ANTIPYRETICS,N02B F Gabapentinoids,N02B F02 Pregabalin,4705,PREGABALINUM,Oral Solid Ordinary," caps. 150 mg blister, #56",150.0,mg,56.0,Oral solid,ATC3,N02B OTHER ANALGESICS AND ANTIPYRETICS,28805.86,28001.2,30234.389999999996,34303.47,32181.920000000002
124341,M MUSCULO-SCELETAL SYSTEM,M02 TOPICAL PRODUCTS FOR JOINT AND MUSCULAR PAIN,M02A TOPICAL PRODUCTS FOR JOINT AND MUSCULAR PAIN,"M02A A Antiinflammatory preparations, non-steroids for topical use",M02A A13 Ibuprofen,37050,IBUPROFENUM,"Topical Dermatological, Haemorrhoidal, External", gel tube 100 g,100.0,g,,Topical,ATC4,"M02A A Antiinflammatory preparations, non-steroids for topical use",32375.3,21708.31,31682.599999999995,17262.170000000002,19119.96
299066,N NERVOUS SYSTEM,N06 PSYCHOANALEPTICS,"N06B PSYCHOSTIMULANTS, AGENTS USED FOR ADHD AND NOOTROPICS",N06B X Other psychostimulants and nootropics,N06B X06 Citicoline,5285,CITICOLINUM,Parenteral Ordinary," sol.  for inj. 250 mg/ml amp. 2 ml, #5",250.0,mg,5.0,Parenteral,No sampled peer,No sampled peer,25454.0,825.21,42.05,1.78,5.25
59394,J GENERAL ANTIINFECTIVES FOR SYSTEMIC USE,J02 ANTIMYCOTICS FOR SYSTEMIC USE,J02A ANTIMYCOTICS FOR SYSTEMIC USE,J02A C Triazole and tetrazole derivatives,J02A C01 Fluconazole,49884,FLUCONAZOLUM,Oral Solid Ordinary," tablets coated 150 mg blister, #2",150.0,mg,2.0,Oral solid,No sampled peer,No sampled peer,27937.77,19379.520000000004,16152.81,9549.089999999998,5770.550000000001
169267,C CARDIOVASCULAR SYSTEM,C10 LIPID MODIFYING AGENTS,"C10A LIPID MODIFYING AGENTS, PLAIN",C10A A HMG CoA reductase inhibitors,C10A A07 Rosuvastatin,38677,ROSUVASTATINUM,Oral Solid Ordinary," tabs coated w/film 20 mg blister, #30",20.0,mg,30.0,Oral solid,ATC4,C10A A HMG CoA reductase inhibitors,27797.81,20323.84,18949.89,14540.95,11755.880000000001
105632,M MUSCULO-SCELETAL SYSTEM,M01 ANTIINFLAMMATORY AND ANTIRHEUMATIC PRODUCTS,"M01A ANTIINFLAMMATORY AND ANTIRHEUMATIC PRODUCTS, NON-STEROIDS",M01A B Acetic acid derivatives and related substances,M01A B05 Diclofenac,34028,DICLOFENACUM,Parenteral Ordinary," sol.  for inj. 25 mg/ml amp. 3 ml, in a pack with dividers, #5",25.0,mg,5.0,Parenteral,ATC3,"M01A ANTIINFLAMMATORY AND ANTIRHEUMATIC PRODUCTS, NON-STEROIDS",23574.16,2564.6800000000003,0.0,0.0,0.0
306307,J GENERAL ANTIINFECTIVES FOR SYSTEMIC USE,J01 ANTIBACTERIALS FOR SYSTEMIC USE,J01M QUINOLONE ANTIBACTERIALS,J01M A Fluoroquinolones,J01M A12 Levofloxacin,49224,LEVOFLOXACINUM,Parenteral Ordinary," sol. f/infus. 500 mg/100 ml bot. 100 ml, #1",500.0,mg,1.0,Parenteral,No sampled peer,No sampled peer,11515.42,4433.94,1992.96,0.0,0.0
90378,J GENERAL ANTIINFECTIVES FOR SYSTEMIC USE,J02 ANTIMYCOTICS FOR SYSTEMIC USE,J02A ANTIMYCOTICS FOR SYSTEMIC USE,J02A C Triazole and tetrazole derivatives,J02A C01 Fluconazole,17735,FLUCONAZOLUM,Oral Solid Ordinary," caps. 150 mg, #1",150.0,mg,1.0,Oral solid,No sampled peer,No sampled peer,20917.05,11356.58,7325.1,6521.87,8299.16
429475,C CARDIOVASCULAR SYSTEM,C10 LIPID MODIFYING AGENTS,"C10A LIPID MODIFYING AGENTS, PLAIN",C10A A HMG CoA reductase inhibitors,C10A A07 Rosuvastatin,12091,ROSUVASTATINUM,Oral Solid Ordinary," tabs coated w/film 10 mg blister, #30",10.0,mg,30.0,Oral solid,ATC4,C10A A HMG CoA reductase inhibitors,35320.15,38750.780000000006,47929.759999999995,37703.26,46012.87
411652,J GENERAL ANTIINFECTIVES FOR SYSTEMIC USE,J01 ANTIBACTERIALS FOR SYSTEMIC USE,J01D OTHER BETA-LACTAM ANTIBACTERIALS,J01D D Third-generation cephalosporins,J01D D04 Ceftriaxone,28305,CEFTRIAXONUM,Parenteral Ordinary," powd.fr-dr., f/sol. f/in. 1 g flask, #5",1.0,g,5.0,Parenteral,No sampled peer,No sampled peer,22058.07,22635.010000000002,16503.239999999998,7899.549999999999,6218.6900000000005
29086,C CARDIOVASCULAR SYSTEM,C08 CALCIUM CHANNEL BLOCKERS,C08C SELECTIVE CALCIUM CHANNEL BLOCKERS WITH MAINLY VASCULAR EFFECTS,C08C A Dihydropyridine derivatives,C08C A01 Amlodipine,33707,AMLODIPINUM,Oral Solid Ordinary," tabs 5 mg, #30",5.0,mg,30.0,Oral solid,No sampled peer,No sampled peer,24146.82,25310.77,23392.12,18331.77,9662.86
47822,C CARDIOVASCULAR SYSTEM,C08 CALCIUM CHANNEL BLOCKERS,C08C SELECTIVE CALCIUM CHANNEL BLOCKERS WITH MAINLY VASCULAR EFFECTS,C08C A Dihydropyridine derivatives,C08C A01 Amlodipine,15047,AMLODIPINUM,Oral Solid Ordinary," tabs 5 mg blister, #30",5.0,mg,30.0,Oral solid,No sampled peer,No sampled peer,32616.289999999997,40853.18,43234.93,38691.78,56376.33
107771,C CARDIOVASCULAR SYSTEM,C10 LIPID MODIFYING AGENTS,"C10A LIPID MODIFYING AGENTS, PLAIN",C10A A HMG CoA reductase inhibitors,C10A A05 Atorvastatin,30989,ATORVASTATINUM,Oral Solid Ordinary," tabs coated w/film 10 mg blister, #30",10.0,mg,30.0,Oral solid,ATC4,C10A A HMG CoA reductase inhibitors,32357.54,28886.469999999998,27055.36,18016.65,12146.73
167719,S SENSORY ORGANS,S01 OPHTALMOLOGICALS,S01A ANTIINFECTIVES,S01A E Fluoroquinolones,S01A E05 Levofloxacin,30820,LEVOFLOXACINUM,Ophthalmic," drops, eye 0,5 % fl.-dropp. plast. 5 ml, #1",,,1.0,Ophthalmic,ATC3,S01A ANTIINFECTIVES,50045.72000000001,48381.39,48916.87,28307.820000000003,28321.170000000002
274964,C CARDIOVASCULAR SYSTEM,C10 LIPID MODIFYING AGENTS,"C10A LIPID MODIFYING AGENTS, PLAIN",C10A A HMG CoA reductase inhibitors,C10A A05 Atorvastatin,3572,ATORVASTATINUM,Oral Solid Ordinary," tablets coated 20 mg blister, #84",20.0,mg,84.0,Oral solid,ATC4,C10A A HMG CoA reductase inhibitors,30370.840000000004,26916.129999999997,24501.379999999997,17395.61,26052.25
144150,N NERVOUS SYSTEM,N06 PSYCHOANALEPTICS,"N06B PSYCHOSTIMULANTS, AGENTS USED FOR ADHD AND NOOTROPICS",N06B X Other psychostimulants and nootropics,N06B X06 Citicoline,29551,CITICOLINUM,Oral Liquid Ordinary," sol. f/use per os 100 mg/ml flask 45 ml, with dosing device in pack, #1",100.0,mg,1.0,Oral liquid,No sampled peer,No sampled peer,31924.46,25664.960000000003,26377.980000000003,19286.79,17774.95
316960,G GENITO URINARY SYSTEM AND SEX HORMONES,G04 UROLOGICALS,G04B UROLOGICALS,G04B E Drugs used in erectile dysfunction,G04B E03 Sildenafilum,6797,SILDENAFILUM,Oral Solid Ordinary," tabs coated w/film 100 mg blister, #1",100.0,mg,1.0,Oral solid,No sampled peer,No sampled peer,32452.929999999997,34988.990000000005,35167.45,44077.840000000004,47945.59
149395,B BLOOD AND BLOOD FORMING ORGANS,B01 ANTITHROMBOTIC AGENTS,B01A ANTITHROMBOTIC AGENTS,B01A C Platelet aggregation inhibitors excl. heparin,B01A C06 Acetylsalicylic acid,49421,ACIDUM ACETYLSALICYLICUM*,Oral Solid Ordinary," tabs coat.intest.-soluble 300 mg blister, #28",300.0,mg,28.0,Oral solid,No sampled peer,No sampled peer,7824.629999999999,5735.34,11302.23,520.35,50.06
292562,N NERVOUS SYSTEM,N02 ANALGESICS,N02B OTHER ANALGESICS AND ANTIPYRETICS,N02B F Gabapentinoids,N02B F02 Pregabalin,23594,PREGABALINUM,Oral Solid Ordinary," caps. 75 mg blister, #60",75.0,mg,60.0,Oral solid,ATC3,N02B OTHER ANALGESICS AND ANTIPYRETICS,34061.780000000006,34895.19,39564.71999999999,32954.99,36751.87
24239,M MUSCULO-SCELETAL SYSTEM,M01 ANTIINFLAMMATORY AND ANTIRHEUMATIC PRODUCTS,"M01A ANTIINFLAMMATORY AND ANTIRHEUMATIC PRODUCTS, NON-STEROIDS",M01A B Acetic acid derivatives and related substances,M01A B05 Diclofenac,48005,DICLOFENACUM,Parenteral Ordinary," sol.  for inj. 25 mg/ml amp. 3 ml, #5",25.0,mg,5.0,Parenteral,ATC3,"M01A ANTIINFLAMMATORY AND ANTIRHEUMATIC PRODUCTS, NON-STEROIDS",36758.82000000001,10223.460000000001,365.37,2420.0800000000004,270.87999999999994
292561,N NERVOUS SYSTEM,N02 ANALGESICS,N02B OTHER ANALGESICS AND ANTIPYRETICS,N02B F Gabapentinoids,N02B F02 Pregabalin,23594,PREGABALINUM,Oral Solid Ordinary," caps. 75 mg blister, #30",75.0,mg,30.0,Oral solid,ATC3,N02B OTHER ANALGESICS AND ANTIPYRETICS,30392.050000000003,30306.36,46190.47,50188.97,60218.07000000001
331972,A ALIMENTARY TRACT AND METABOLISM,A02 DRUGS FOR ACID RELATED DISORDERS,A02B DRUGS FOR TREATMENT OF PEPTIC ULCER AND GASTRO-OESOPHAGEAL REFLUX DISEASE,A02B C Proton pump inhibitors,A02B C02 Pantoprazole,40260,PANTOPRAZOLUM,Oral Solid Ordinary," tablets gastroresistant 20 mg blister, #28",20.0,mg,28.0,Oral solid,No sampled peer,No sampled peer,13223.210000000001,14439.23,23324.38,20030.88,4353.68
38378,M MUSCULO-SCELETAL SYSTEM,M01 ANTIINFLAMMATORY AND ANTIRHEUMATIC PRODUCTS,"M01A ANTIINFLAMMATORY AND ANTIRHEUMATIC PRODUCTS, NON-STEROIDS",M01A B Acetic acid derivatives and related substances,M01A B05 Diclofenac,33947,DICLOFENACUM,Oral Solid Ordinary," tablets coated 50 mg blister, #10",50.0,mg,10.0,Oral solid,ATC3,"M01A ANTIINFLAMMATORY AND ANTIRHEUMATIC PRODUCTS, NON-STEROIDS",29397.21,11751.640000000001,4972.4400000000005,2141.27,64.46999999999998
425105,M MUSCULO-SCELETAL SYSTEM,M01 ANTIINFLAMMATORY AND ANTIRHEUMATIC PRODUCTS,"M01A ANTIINFLAMMATORY AND ANTIRHEUMATIC PRODUCTS, NON-STEROIDS",M01A C Oxicams,M01A C06 Meloxicam,37853,MELOXICAMUM,Oral Solid Ordinary," tabs 15 mg blister, #10",15.0,mg,10.0,Oral solid,ATC3,"M01A ANTIINFLAMMATORY AND ANTIRHEUMATIC PRODUCTS, NON-STEROIDS",29167.03,7043.05,13093.970000000001,9724.369999999999,1400.65
325111,J GENERAL ANTIINFECTIVES FOR SYSTEMIC USE,J02 ANTIMYCOTICS FOR SYSTEMIC USE,J02A ANTIMYCOTICS FOR SYSTEMIC USE,J02A C Triazole and tetrazole derivatives,J02A C01 Fluconazole,49884,FLUCONAZOLUM,Oral Solid Ordinary," caps. 50 mg blister, #10",50.0,mg,10.0,Oral solid,No sampled peer,No sampled peer,24726.030000000002,17257.79,8888.11,3239.28,194.96
293488,N NERVOUS SYSTEM,N06 PSYCHOANALEPTICS,"N06B PSYCHOSTIMULANTS, AGENTS USED FOR ADHD AND NOOTROPICS",N06B X Other psychostimulants and nootropics,N06B X06 Citicoline,38213,CITICOLINUM,Parenteral Ordinary," sol.  for inj. 1000 mg amp. 4 ml, contour cell wrap, pack, #5",1000.0,mg,5.0,Parenteral,No sampled peer,No sampled peer,29495.149999999998,19543.73,18281.38,8324.419999999998,7517.52
429706,M MUSCULO-SCELETAL SYSTEM,M02 TOPICAL PRODUCTS FOR JOINT AND MUSCULAR PAIN,M02A TOPICAL PRODUCTS FOR JOINT AND MUSCULAR PAIN,"M02A A Antiinflammatory preparations, non-steroids for topical use",M02A A15 Diclofenac,34028,DICLOFENACUM,"Topical Dermatological, Haemorrhoidal, External"," gel 50 mg/g tube 100 g, #1",50.0,mg,1.0,Topical,ATC4,"M02A A Antiinflammatory preparations, non-steroids for topical use",38023.4,32898.6,28504.13,33964.79,44493.63
123745,N NERVOUS SYSTEM,N02 ANALGESICS,N02B OTHER ANALGESICS AND ANTIPYRETICS,N02B A Salicylic acid and derivatives,N02B A01 Acetylsalicylic acid,19943,ACIDUM ACETYLSALICYLICUM*,Oral Solid Ordinary," tabs 500 mg blister, #10",500.0,mg,10.0,Oral solid,ATC3,N02B OTHER ANALGESICS AND ANTIPYRETICS,44188.01,28759.64,30687.309999999998,17248.019999999997,13481.3
112261,J GENERAL ANTIINFECTIVES FOR SYSTEMIC USE,J02 ANTIMYCOTICS FOR SYSTEMIC USE,J02A ANTIMYCOTICS FOR SYSTEMIC USE,J02A C Triazole and tetrazole derivatives,J02A C01 Fluconazole,49884,FLUCONAZOLUM,Parenteral Ordinary," sol. f/infus. 200 mg/100 ml cont. 100 ml, #1",200.0,mg,1.0,Parenteral,No sampled peer,No sampled peer,29344.269999999997,30509.39,42884.15,6598.99,8812.869999999999
331974,A ALIMENTARY TRACT AND METABOLISM,A02 DRUGS FOR ACID RELATED DISORDERS,A02B DRUGS FOR TREATMENT OF PEPTIC ULCER AND GASTRO-OESOPHAGEAL REFLUX DISEASE,A02B C Proton pump inhibitors,A02B C02 Pantoprazole,40260,PANTOPRAZOLUM,Oral Solid Ordinary," tablets gastroresistant 40 mg blister, #14",40.0,mg,14.0,Oral solid,No sampled peer,No sampled peer,26077.009999999995,10276.54,24849.66,16251.48,8418.050000000001
147085,C CARDIOVASCULAR SYSTEM,C10 LIPID MODIFYING AGENTS,"C10A LIPID MODIFYING AGENTS, PLAIN",C10A A HMG CoA reductase inhibitors,C10A A05 Atorvastatin,29322,ATORVASTATINUM,Oral Solid Ordinary," tabs coated w/film 40 mg blister, #30",40.0,mg,30.0,Oral solid,ATC4,C10A A HMG CoA reductase inhibitors,35529.68,38459.350000000006,50198.159999999996,39349.94,41845.81
115215,C CARDIOVASCULAR SYSTEM,C07 BETA BLOCKING AGENTS,C07A BETA-BLOCKING AGENTS,"C07A B Beta blocking agents, selective",C07A B07 Bisoprolol,18260,BISOPROLOLUM,Oral Solid Ordinary," tabs 10 mg blister, #20",10.0,mg,20.0,Oral solid,No sampled peer,No sampled peer,24572.370000000006,7543.14,8520.039999999999,14284.820000000003,6438.990000000001
449655,M MUSCULO-SCELETAL SYSTEM,M01 ANTIINFLAMMATORY AND ANTIRHEUMATIC PRODUCTS,"M01A ANTIINFLAMMATORY AND ANTIRHEUMATIC PRODUCTS, NON-STEROIDS",M01A B Acetic acid derivatives and related substances,M01A B05 Diclofenac,34028,DICLOFENACUM,Parenteral Ordinary," sol.  for inj. 75 mg/3 ml amp. 3 ml, #5",75.0,mg,5.0,Parenteral,ATC3,"M01A ANTIINFLAMMATORY AND ANTIRHEUMATIC PRODUCTS, NON-STEROIDS",60087.200000000004,145984.78,211028.9,240233.98,255314.72999999998
98543,M MUSCULO-SCELETAL SYSTEM,M02 TOPICAL PRODUCTS FOR JOINT AND MUSCULAR PAIN,M02A TOPICAL PRODUCTS FOR JOINT AND MUSCULAR PAIN,"M02A A Antiinflammatory preparations, non-steroids for topical use",M02A A15 Diclofenac,33947,DICLOFENACUM,"Topical Dermatological, Haemorrhoidal, External", gel f/ext.applic. 1 % tube 40 g,40.0,g,,Topical,ATC4,"M02A A Antiinflammatory preparations, non-steroids for topical use",27085.9,12972.78,4726.29,2110.9900000000002,1987.1000000000001
108403,R RESPIRATORY SYSTEM,R05 COUGH AND COLD PREPARATIONS,"R05C EXPECTORANTS, EXCL. COMBINATIONS WITH COUGH SUPRESSANTS",R05C B Mucolytics,R05C B06 Ambroxol,19356,AMBROXOLUM,Oral Solid Ordinary," tabs 30 mg, #50",30.0,mg,50.0,Oral solid,ATC4,R05C B Mucolytics,23851.050000000003,16219.880000000001,9522.599999999999,7692.480000000001,5581.629999999999
450147,M MUSCULO-SCELETAL SYSTEM,M01 ANTIINFLAMMATORY AND ANTIRHEUMATIC PRODUCTS,"M01A ANTIINFLAMMATORY AND ANTIRHEUMATIC PRODUCTS, NON-STEROIDS",M01A C Oxicams,M01A C06 Meloxicam,45359,MELOXICAMUM,Parenteral Ordinary," sol.  for inj. 10 mg/ml amp. 1,5 ml, in a pack, #5",10.0,mg,5.0,Parenteral,ATC3,"M01A ANTIINFLAMMATORY AND ANTIRHEUMATIC PRODUCTS, NON-STEROIDS",24207.89,8691.380000000001,4811.49,0.0,0.0
86183,A ALIMENTARY TRACT AND METABOLISM,A02 DRUGS FOR ACID RELATED DISORDERS,A02B DRUGS FOR TREATMENT OF PEPTIC ULCER AND GASTRO-OESOPHAGEAL REFLUX DISEASE,A02B C Proton pump inhibitors,A02B C02 Pantoprazole,49229,PANTOPRAZOLUM,Oral Solid Ordinary," tabs coat.intest.-soluble 40 mg, #14",40.0,mg,14.0,Oral solid,No sampled peer,No sampled peer,33495.08,25952.579999999998,30154.300000000003,22525.04,30595.54
21144,M MUSCULO-SCELETAL SYSTEM,M02 TOPICAL PRODUCTS FOR JOINT AND MUSCULAR PAIN,M02A TOPICAL PRODUCTS FOR JOINT AND MUSCULAR PAIN,"M02A A Antiinflammatory preparations, non-steroids for topical use",M02A A15 Diclofenac,32177,DICLOFENACUM,"Topical Dermatological, Haemorrhoidal, External", gel 1 % tube 50 g,50.0,g,,Topical,ATC4,"M02A A Antiinflammatory preparations, non-steroids for topical use",30214.2,7771.819999999999,8585.119999999999,5418.49,2032.38
275444,C CARDIOVASCULAR SYSTEM,C10 LIPID MODIFYING AGENTS,"C10A LIPID MODIFYING AGENTS, PLAIN",C10A A HMG CoA reductase inhibitors,C10A A05 Atorvastatin,41834,ATORVASTATINUM,Oral Solid Ordinary," tabs coated w/film 10 mg blister, #30",10.0,mg,30.0,Oral solid,ATC4,C10A A HMG CoA reductase inhibitors,23432.47,25707.010000000002,28625.04,24929.83,27059.579999999998
193866,G GENITO URINARY SYSTEM AND SEX HORMONES,G04 UROLOGICALS,G04B UROLOGICALS,G04B E Drugs used in erectile dysfunction,G04B E03 Sildenafilum,2686,SILDENAFILUM,Oral Solid Ordinary," tabs 50 mg blister, #4",50.0,mg,4.0,Oral solid,No sampled peer,No sampled peer,44945.2,57899.32000000001,61626.61,34672.17,54803.82
429422,N NERVOUS SYSTEM,N02 ANALGESICS,N02B OTHER ANALGESICS AND ANTIPYRETICS,N02B F Gabapentinoids,N02B F02 Pregabalin,27057,PREGABALINUM,Oral Solid Ordinary," caps. solid 300 mg blister in box, #14",300.0,mg,14.0,Oral solid,ATC3,N02B OTHER ANALGESICS AND ANTIPYRETICS,26308.17,10424.65,7959.77,3942.01,5386.2300000000005
306055,A ALIMENTARY TRACT AND METABOLISM,A10 DRUGS USED IN DIABETS,"A10B BLOOD GLUCOSE LOWERING DRUGS, EXCL. INSULINS",A10B A Biguanides,A10B A02 Metformin,9091,METFORMINUM,Oral Solid Ordinary," tabs coated w/film 1000 mg blister, #30",1000.0,mg,30.0,Oral solid,No sampled peer,No sampled peer,14908.359999999999,10663.73,19425.230000000003,7399.710000000001,0.0
12358,N NERVOUS SYSTEM,N02 ANALGESICS,N02B OTHER ANALGESICS AND ANTIPYRETICS,N02B A Salicylic acid and derivatives,N02B A01 Acetylsalicylic acid,46907,ACIDUM ACETYLSALICYLICUM*,Oral Solid Ordinary," tabs 500 mg, #20",500.0,mg,20.0,Oral solid,ATC3,N02B OTHER ANALGESICS AND ANTIPYRETICS,39861.85,93663.09,12079.219999999998,18684.75,32770.130000000005
44381,M MUSCULO-SCELETAL SYSTEM,M02 TOPICAL PRODUCTS FOR JOINT AND MUSCULAR PAIN,M02A TOPICAL PRODUCTS FOR JOINT AND MUSCULAR PAIN,"M02A A Antiinflammatory preparations, non-steroids for topical use",M02A A15 Diclofenac,34028,DICLOFENACUM,"Topical Dermatological, Haemorrhoidal, External"," gel 10 mg/g tube 40 g, in a pack, #1",10.0,mg,1.0,Topical,ATC4,"M02A A Antiinflammatory preparations, non-steroids for topical use",52000.46,32694.309999999998,17818.609999999997,5205.749999999999,1212.48
121196,J GENERAL ANTIINFECTIVES FOR SYSTEMIC USE,J01 ANTIBACTERIALS FOR SYSTEMIC USE,"J01F MACROLIDES, LINCOSAMIDES AND STREPTOGRAMINS",J01F A Macrolides,J01F A10 Azithromycin,31229,AZITHROMYCINUM,Oral Solid Ordinary," tabs coated w/film 500 mg blister, #3",500.0,mg,3.0,Oral solid,No sampled peer,No sampled peer,24838.15,79356.65999999999,230437.34,92764.47999999998,37637.85
78925,C CARDIOVASCULAR SYSTEM,C10 LIPID MODIFYING AGENTS,"C10A LIPID MODIFYING AGENTS, PLAIN",C10A A HMG CoA reductase inhibitors,C10A A07 Rosuvastatin,7859,ROSUVASTATINUM,Oral Solid Ordinary," tabs coated w/film 20 mg blister, #28",20.0,mg,28.0,Oral solid,ATC4,C10A A HMG CoA reductase inhibitors,40671.229999999996,48633.85999999999,69552.98999999999,65889.38,77422.29000000001
377133,M MUSCULO-SCELETAL SYSTEM,M01 ANTIINFLAMMATORY AND ANTIRHEUMATIC PRODUCTS,"M01A ANTIINFLAMMATORY AND ANTIRHEUMATIC PRODUCTS, NON-STEROIDS",M01A C Oxicams,M01A C06 Meloxicam,45359,MELOXICAMUM,Oral Solid Ordinary," tabs 7,5 mg blister, #20",7.5,mg,20.0,Oral solid,ATC3,"M01A ANTIINFLAMMATORY AND ANTIRHEUMATIC PRODUCTS, NON-STEROIDS",31074.52,28191.86,29727.739999999998,15346.02,0.0
237950,R RESPIRATORY SYSTEM,R05 COUGH AND COLD PREPARATIONS,"R05C EXPECTORANTS, EXCL. COMBINATIONS WITH COUGH SUPRESSANTS",R05C B Mucolytics,R05C B06 Ambroxol,21463,AMBROXOLUM,Oral Liquid Ordinary," syrup 15 mg/5 ml glass fl. 100 ml, with doser-spoon, in a pack, #1",15.0,mg,1.0,Oral liquid,ATC4,R05C B Mucolytics,2969.81,0.0,0.0,0.0,0.0
307012,R RESPIRATORY SYSTEM,R05 COUGH AND COLD PREPARATIONS,"R05C EXPECTORANTS, EXCL. COMBINATIONS WITH COUGH SUPRESSANTS",R05C B Mucolytics,R05C B01 Acetylcysteine,8136,ACETYLCYSTEINUM,Parenteral Ordinary," sol.  for inj. 100 mg/ml amp. 3 ml, #10",100.0,mg,10.0,Parenteral,ATC4,R05C B Mucolytics,28137.010000000002,31858.36,47208.60999999999,19689.160000000003,17411.829999999998
63931,N NERVOUS SYSTEM,N02 ANALGESICS,N02B OTHER ANALGESICS AND ANTIPYRETICS,N02B E Anilides,N02B E01 Paracetamol,22673,PARACETAMOLUM,Rectal systemic," rectal suppository 80 mg blister, #10",80.0,mg,10.0,Rectal/vaginal,ATC3,N02B OTHER ANALGESICS AND ANTIPYRETICS,30827.89,28976.68,27965.73,27896.12,26140.67
92582,J GENERAL ANTIINFECTIVES FOR SYSTEMIC USE,J01 ANTIBACTERIALS FOR SYSTEMIC USE,J01D OTHER BETA-LACTAM ANTIBACTERIALS,J01D D Third-generation cephalosporins,J01D D04 Ceftriaxone,21539,CEFTRIAXONUM,Parenteral Ordinary," powd.fr-dr., f/sol. f/in. 1 g flask, #5",1.0,g,5.0,Parenteral,No sampled peer,No sampled peer,14770.560000000003,28029.97,16825.739999999998,4948.35,1720.7499999999998
20600,G GENITO URINARY SYSTEM AND SEX HORMONES,G04 UROLOGICALS,G04B UROLOGICALS,G04B E Drugs used in erectile dysfunction,G04B E03 Sildenafilum,25230,SILDENAFILUM,Oral Solid Ordinary," tabs coated w/film 100 mg blister, #1",100.0,mg,1.0,Oral solid,No sampled peer,No sampled peer,43960.14000000001,43379.21,53986.35999999999,43430.770000000004,53633.26999999999
136601,N NERVOUS SYSTEM,N02 ANALGESICS,N02B OTHER ANALGESICS AND ANTIPYRETICS,N02B E Anilides,N02B E01 Paracetamol,40567,PARACETAMOLUM,Oral Liquid Ordinary," oral suspens. 120 mg/5 ml flask 100 ml, #1",120.0,mg,1.0,Oral liquid,ATC3,N02B OTHER ANALGESICS AND ANTIPYRETICS,25071.199999999997,25410.05,20052.33,15346.16,19356.58
5237,N NERVOUS SYSTEM,N02 ANALGESICS,N02B OTHER ANALGESICS AND ANTIPYRETICS,N02B E Anilides,N02B E01 Paracetamol,30087,PARACETAMOLUM,Oral Solid Ordinary," tab. sparkling 500 mg, #12",500.0,mg,12.0,Oral solid,ATC3,N02B OTHER ANALGESICS AND ANTIPYRETICS,7425.530000000001,628.51,0.0,0.0,0.0
325117,J GENERAL ANTIINFECTIVES FOR SYSTEMIC USE,J02 ANTIMYCOTICS FOR SYSTEMIC USE,J02A ANTIMYCOTICS FOR SYSTEMIC USE,J02A C Triazole and tetrazole derivatives,J02A C01 Fluconazole,49884,FLUCONAZOLUM,Oral Solid Ordinary," caps. 150 mg blister, #4",150.0,mg,4.0,Oral solid,No sampled peer,No sampled peer,13918.489999999998,3778.9500000000007,676.46,1458.0100000000002,1175.15
108744,G GENITO URINARY SYSTEM AND SEX HORMONES,G04 UROLOGICALS,G04B UROLOGICALS,G04B E Drugs used in erectile dysfunction,G04B E03 Sildenafilum,38775,SILDENAFILUM,Oral Solid Ordinary," tabs 50 mg blister, #1",50.0,mg,1.0,Oral solid,No sampled peer,No sampled peer,39400.56999999999,25675.979999999996,27261.18,18508.69,12179.54
325116,J GENERAL ANTIINFECTIVES FOR SYSTEMIC USE,J02 ANTIMYCOTICS FOR SYSTEMIC USE,J02A ANTIMYCOTICS FOR SYSTEMIC USE,J02A C Triazole and tetrazole derivatives,J02A C01 Fluconazole,49884,FLUCONAZOLUM,Oral Solid Ordinary," caps. 150 mg blister, #2",150.0,mg,2.0,Oral solid,No sampled peer,No sampled peer,27245.72,7467.03,3197.68,598.5799999999999,3424.8999999999996
330107,J GENERAL ANTIINFECTIVES FOR SYSTEMIC USE,J01 ANTIBACTERIALS FOR SYSTEMIC USE,"J01F MACROLIDES, LINCOSAMIDES AND STREPTOGRAMINS",J01F A Macrolides,J01F A10 Azithromycin,12153,AZITHROMYCINUM,Oral Solid Ordinary," tabs coated w/film 500 mg blister, #6",500.0,mg,6.0,Oral solid,No sampled peer,No sampled peer,16795.8,48145.159999999996,40709.979999999996,23587.1,14575.9
377138,M MUSCULO-SCELETAL SYSTEM,M01 ANTIINFLAMMATORY AND ANTIRHEUMATIC PRODUCTS,"M01A ANTIINFLAMMATORY AND ANTIRHEUMATIC PRODUCTS, NON-STEROIDS",M01A C Oxicams,M01A C06 Meloxicam,45359,MELOXICAMUM,Oral Solid Ordinary," tabs 15 mg blister, #20",15.0,mg,20.0,Oral solid,ATC3,"M01A ANTIINFLAMMATORY AND ANTIRHEUMATIC PRODUCTS, NON-STEROIDS",34418.479999999996,14873.81,30270.76,14458.330000000002,0.0
62409,C CARDIOVASCULAR SYSTEM,C10 LIPID MODIFYING AGENTS,"C10A LIPID MODIFYING AGENTS, PLAIN",C10A A HMG CoA reductase inhibitors,C10A A05 Atorvastatin,36288,ATORVASTATINUM,Oral Solid Ordinary," tabs coated w/film 10 mg, #90",10.0,mg,90.0,Oral solid,ATC4,C10A A HMG CoA reductase inhibitors,42227.24000000001,39519.54,37236.56,33823.95,38606.34
169269,C CARDIOVASCULAR SYSTEM,C10 LIPID MODIFYING AGENTS,"C10A LIPID MODIFYING AGENTS, PLAIN",C10A A HMG CoA reductase inhibitors,C10A A07 Rosuvastatin,38677,ROSUVASTATINUM,Oral Solid Ordinary," tabs coated w/film 10 mg blister, #90",10.0,mg,90.0,Oral solid,ATC4,C10A A HMG CoA reductase inhibitors,35321.53,18985.37,27349.789999999997,21964.02,16026.439999999999
188779,J GENERAL ANTIINFECTIVES FOR SYSTEMIC USE,J01 ANTIBACTERIALS FOR SYSTEMIC USE,"J01F MACROLIDES, LINCOSAMIDES AND STREPTOGRAMINS",J01F A Macrolides,J01F A10 Azithromycin,12153,AZITHROMYCINUM,Oral Liquid Ordinary," powder f/susp. orale 100 mg/5 ml flask 17,1 g, f/prep. 20 ml susp., #1",100.0,mg,1.0,Oral liquid,No sampled peer,No sampled peer,28903.370000000003,15409.1,18213.760000000002,7916.700000000002,8864.300000000001
86070,R RESPIRATORY SYSTEM,R05 COUGH AND COLD PREPARATIONS,"R05C EXPECTORANTS, EXCL. COMBINATIONS WITH COUGH SUPRESSANTS",R05C B Mucolytics,R05C B06 Ambroxol,21463,AMBROXOLUM,Oral Solid Ordinary," tabs 30 mg blister in pack, #20",30.0,mg,20.0,Oral solid,ATC4,R05C B Mucolytics,11246.72,42700.68,57429.049999999996,4961.41,17625.7
331971,A ALIMENTARY TRACT AND METABOLISM,A02 DRUGS FOR ACID RELATED DISORDERS,A02B DRUGS FOR TREATMENT OF PEPTIC ULCER AND GASTRO-OESOPHAGEAL REFLUX DISEASE,A02B C Proton pump inhibitors,A02B C02 Pantoprazole,40260,PANTOPRAZOLUM,Oral Solid Ordinary," tablets gastroresistant 20 mg blister, #14",20.0,mg,14.0,Oral solid,No sampled peer,No sampled peer,29424.299999999996,16953.46,24817.040000000008,16752.55,3609.9300000000003
292559,N NERVOUS SYSTEM,N02 ANALGESICS,N02B OTHER ANALGESICS AND ANTIPYRETICS,N02B F Gabapentinoids,N02B F02 Pregabalin,23594,PREGABALINUM,Oral Solid Ordinary," caps. 150 mg blister, #60",150.0,mg,60.0,Oral solid,ATC3,N02B OTHER ANALGESICS AND ANTIPYRETICS,27556.579999999998,24411.770000000004,27090.18,25520.55,28007.12
106174,J GENERAL ANTIINFECTIVES FOR SYSTEMIC USE,J01 ANTIBACTERIALS FOR SYSTEMIC USE,J01M QUINOLONE ANTIBACTERIALS,J01M A Fluoroquinolones,J01M A12 Levofloxacin,43901,LEVOFLOXACINUM,Oral Solid Ordinary," tablets coated 500 mg, #5",500.0,mg,5.0,Oral solid,No sampled peer,No sampled peer,36542.32,68246.29,37832.16999999999,605.7099999999999,22.98
86066,N NERVOUS SYSTEM,N06 PSYCHOANALEPTICS,"N06B PSYCHOSTIMULANTS, AGENTS USED FOR ADHD AND NOOTROPICS",N06B X Other psychostimulants and nootropics,N06B X06 Citicoline,13751,CITICOLINUM,Parenteral Ordinary," sol.  for inj. 1000 mg amp. 4 ml, #10",1000.0,mg,10.0,Parenteral,No sampled peer,No sampled peer,35912.31,29112.03,32747.010000000002,23730.71,11517.119999999999
29982,J GENERAL ANTIINFECTIVES FOR SYSTEMIC USE,J02 ANTIMYCOTICS FOR SYSTEMIC USE,J02A ANTIMYCOTICS FOR SYSTEMIC USE,J02A C Triazole and tetrazole derivatives,J02A C01 Fluconazole,49884,FLUCONAZOLUM,Parenteral Ordinary, sol. f/infus. 2 mg/ml bot. 100 ml,2.0,mg,,Parenteral,No sampled peer,No sampled peer,33537.54,23434.73,29150.79,12797.13,8382.36
80018,A ALIMENTARY TRACT AND METABOLISM,A10 DRUGS USED IN DIABETS,"A10B BLOOD GLUCOSE LOWERING DRUGS, EXCL. INSULINS",A10B A Biguanides,A10B A02 Metformin,5412,METFORMINUM,Oral Solid Ordinary," tabs coated w/film 850 mg, #30",850.0,mg,30.0,Oral solid,No sampled peer,No sampled peer,42206.61000000001,47722.18,52899.93,44846.810000000005,40582.600000000006
289681,C CARDIOVASCULAR SYSTEM,C10 LIPID MODIFYING AGENTS,"C10A LIPID MODIFYING AGENTS, PLAIN",C10A A HMG CoA reductase inhibitors,C10A A07 Rosuvastatin,9998,ROSUVASTATINUM,Oral Solid Ordinary," tabs coated w/film 20 mg blister, #90",20.0,mg,90.0,Oral solid,ATC4,C10A A HMG CoA reductase inhibitors,44154.19,50795.92,65512.77,70677.13999999998,107726.22
449774,N NERVOUS SYSTEM,N02 ANALGESICS,N02B OTHER ANALGESICS AND ANTIPYRETICS,N02B F Gabapentinoids,N02B F02 Pregabalin,49971,PREGABALINUM,Oral Solid Ordinary," caps. 150 mg cont. cell pack, #14",150.0,mg,14.0,Oral solid,ATC3,N02B OTHER ANALGESICS AND ANTIPYRETICS,26180.780000000002,21084.25,32878.270000000004,40915.96,47240.2
141038,C CARDIOVASCULAR SYSTEM,C08 CALCIUM CHANNEL BLOCKERS,C08C SELECTIVE CALCIUM CHANNEL BLOCKERS WITH MAINLY VASCULAR EFFECTS,C08C A Dihydropyridine derivatives,C08C A01 Amlodipine,20221,AMLODIPINUM,Oral Solid Ordinary," tabs 5 mg strip, #30",5.0,mg,30.0,Oral solid,No sampled peer,No sampled peer,34016.00000000001,30681.429999999997,14297.799999999997,74.5,5.960000000000001
185314,R RESPIRATORY SYSTEM,R05 COUGH AND COLD PREPARATIONS,"R05C EXPECTORANTS, EXCL. COMBINATIONS WITH COUGH SUPRESSANTS",R05C B Mucolytics,R05C B01 Acetylcysteine,45790,ACETYLCYSTEINUM,Oral Solid Ordinary," tabs 600 mg blister, #10",600.0,mg,10.0,Oral solid,ATC4,R05C B Mucolytics,17361.170000000006,10745.099999999999,9097.919999999998,5513.759999999999,7196.899999999999
62311,J GENERAL ANTIINFECTIVES FOR SYSTEMIC USE,J01 ANTIBACTERIALS FOR SYSTEMIC USE,J01M QUINOLONE ANTIBACTERIALS,J01M A Fluoroquinolones,J01M A12 Levofloxacin,34684,LEVOFLOXACINUM,Oral Solid Ordinary," tabs coated w/film 500 mg blister, in a pack, #10",500.0,mg,10.0,Oral solid,No sampled peer,No sampled peer,30869.4,59733.32000000001,56896.56999999999,23846.94,17782.64
43913,G GENITO URINARY SYSTEM AND SEX HORMONES,G04 UROLOGICALS,G04B UROLOGICALS,G04B E Drugs used in erectile dysfunction,G04B E03 Sildenafilum,2547,SILDENAFILUM,Oral Solid Ordinary," tablets coated 100 mg blister, #2",100.0,mg,2.0,Oral solid,No sampled peer,No sampled peer,44201.45,43424.46,43676.04,25541.600000000002,31117.409999999993
412476,J GENERAL ANTIINFECTIVES FOR SYSTEMIC USE,J01 ANTIBACTERIALS FOR SYSTEMIC USE,J01M QUINOLONE ANTIBACTERIALS,J01M A Fluoroquinolones,J01M A12 Levofloxacin,44219,LEVOFLOXACINUM,Oral Solid Ordinary," tabs coated w/film 750 mg blister, #5",750.0,mg,5.0,Oral solid,No sampled peer,No sampled peer,35939.35,53188.28999999999,50849.54,24209.24,26699.440000000002
230220,J GENERAL ANTIINFECTIVES FOR SYSTEMIC USE,J01 ANTIBACTERIALS FOR SYSTEMIC USE,J01D OTHER BETA-LACTAM ANTIBACTERIALS,J01D D Third-generation cephalosporins,J01D D04 Ceftriaxone,34488,CEFTRIAXONUM,Parenteral Ordinary," powd.fr-dr., f/sol. f/in. 1 g flask, #1",1.0,g,1.0,Parenteral,No sampled peer,No sampled peer,44059.14,76772.31,191393.89,122009.6,86896.33
169270,C CARDIOVASCULAR SYSTEM,C10 LIPID MODIFYING AGENTS,"C10A LIPID MODIFYING AGENTS, PLAIN",C10A A HMG CoA reductase inhibitors,C10A A07 Rosuvastatin,38677,ROSUVASTATINUM,Oral Solid Ordinary," tabs coated w/film 20 mg blister, #90",20.0,mg,90.0,Oral solid,ATC4,C10A A HMG CoA reductase inhibitors,30744.73,28147.64,29313.179999999997,23986.17,17040.969999999998
25511,M MUSCULO-SCELETAL SYSTEM,M01 ANTIINFLAMMATORY AND ANTIRHEUMATIC PRODUCTS,"M01A ANTIINFLAMMATORY AND ANTIRHEUMATIC PRODUCTS, NON-STEROIDS",M01A B Acetic acid derivatives and related substances,M01A B05 Diclofenac,38986,DICLOFENACUM,Parenteral Ordinary," sol.  for inj. 75 mg amp. 3 ml, #10",75.0,mg,10.0,Parenteral,ATC3,"M01A ANTIINFLAMMATORY AND ANTIRHEUMATIC PRODUCTS, NON-STEROIDS",39585.42,69106.41,80367.89,85100.63000000002,61648.85
84239,N NERVOUS SYSTEM,N06 PSYCHOANALEPTICS,"N06B PSYCHOSTIMULANTS, AGENTS USED FOR ADHD AND NOOTROPICS",N06B X Other psychostimulants and nootropics,N06B X06 Citicoline,13751,CITICOLINUM,Parenteral Ordinary," sol.  for inj. 500 mg amp. 4 ml, #5",500.0,mg,5.0,Parenteral,No sampled peer,No sampled peer,41995.46000000001,34704.47,40304.81999999999,26806.31,24208.129999999997
133663,C CARDIOVASCULAR SYSTEM,C10 LIPID MODIFYING AGENTS,"C10A LIPID MODIFYING AGENTS, PLAIN",C10A A HMG CoA reductase inhibitors,C10A A05 Atorvastatin,3572,ATORVASTATINUM,Oral Solid Ordinary," tablets coated 10 mg blister, #28",10.0,mg,28.0,Oral solid,ATC4,C10A A HMG CoA reductase inhibitors,32307.16,37660.08,37077.3,28251.020000000004,26508.29
295211,M MUSCULO-SCELETAL SYSTEM,M01 ANTIINFLAMMATORY AND ANTIRHEUMATIC PRODUCTS,"M01A ANTIINFLAMMATORY AND ANTIRHEUMATIC PRODUCTS, NON-STEROIDS",M01A E Propionic acid derivatives,M01A E01 Ibuprofen,10059,IBUPROFENUM,Oral Liquid Ordinary," oral suspens. 100 mg/5 ml flask plastic w/dosing syringe 100 ml, #1",100.0,mg,1.0,Oral liquid,ATC3,"M01A ANTIINFLAMMATORY AND ANTIRHEUMATIC PRODUCTS, NON-STEROIDS",31924.55,20391.899999999998,12079.26,6080.290000000001,18251.89
90538,M MUSCULO-SCELETAL SYSTEM,M02 TOPICAL PRODUCTS FOR JOINT AND MUSCULAR PAIN,M02A TOPICAL PRODUCTS FOR JOINT AND MUSCULAR PAIN,"M02A A Antiinflammatory preparations, non-steroids for topical use",M02A A15 Diclofenac,34028,DICLOFENACUM,"Topical Dermatological, Haemorrhoidal, External", gel 1 % tube 40 g,40.0,g,,Topical,ATC4,"M02A A Antiinflammatory preparations, non-steroids for topical use",34699.280000000006,18316.57,0.0,0.0,0.0
265876,G GENITO URINARY SYSTEM AND SEX HORMONES,G04 UROLOGICALS,G04B UROLOGICALS,G04B E Drugs used in erectile dysfunction,G04B E03 Sildenafilum,38544,SILDENAFILUM,Oral Solid Ordinary," tabs coated w/film 50 mg, #2",50.0,mg,2.0,Oral solid,No sampled peer,No sampled peer,22587.45,436.29,5.93,0.0,0.0
38172,M MUSCULO-SCELETAL SYSTEM,M01 ANTIINFLAMMATORY AND ANTIRHEUMATIC PRODUCTS,"M01A ANTIINFLAMMATORY AND ANTIRHEUMATIC PRODUCTS, NON-STEROIDS",M01A B Acetic acid derivatives and related substances,M01A B05 Diclofenac,34028,DICLOFENACUM,Parenteral Ordinary," sol.  for inj. 2,5 % amp. 3 ml, blister, #5",,,5.0,Parenteral,ATC3,"M01A ANTIINFLAMMATORY AND ANTIRHEUMATIC PRODUCTS, NON-STEROIDS",33408.600000000006,28208.97,20550.14,10468.9,40605.49
39970,M MUSCULO-SCELETAL SYSTEM,M01 ANTIINFLAMMATORY AND ANTIRHEUMATIC PRODUCTS,"M01A ANTIINFLAMMATORY AND ANTIRHEUMATIC PRODUCTS, NON-STEROIDS",M01A C Oxicams,M01A C06 Meloxicam,47932,MELOXICAMUM,Oral Solid Ordinary," tabs 15 mg blister, #20",15.0,mg,20.0,Oral solid,ATC3,"M01A ANTIINFLAMMATORY AND ANTIRHEUMATIC PRODUCTS, NON-STEROIDS",53093.58,62495.259999999995,68618.14,68079.75,72542.52
149167,N NERVOUS SYSTEM,N02 ANALGESICS,N02B OTHER ANALGESICS AND ANTIPYRETICS,N02B F Gabapentinoids,N02B F02 Pregabalin,4705,PREGABALINUM,Oral Solid Ordinary," caps. 150 mg blister, #14",150.0,mg,14.0,Oral solid,ATC3,N02B OTHER ANALGESICS AND ANTIPYRETICS,36330.57000000001,33765.149999999994,42968.91,55133.340000000004,70696.76
75917,C CARDIOVASCULAR SYSTEM,C07 BETA BLOCKING AGENTS,C07A BETA-BLOCKING AGENTS,"C07A B Beta blocking agents, selective",C07A B07 Bisoprolol,5372,BISOPROLOLUM,Oral Solid Ordinary," tabs coated w/film 5 mg blister, #60",5.0,mg,60.0,Oral solid,No sampled peer,No sampled peer,37199.63,31369.36,33037.45,36253.53,38403.84
60243,R RESPIRATORY SYSTEM,R05 COUGH AND COLD PREPARATIONS,"R05C EXPECTORANTS, EXCL. COMBINATIONS WITH COUGH SUPRESSANTS",R05C B Mucolytics,R05C B06 Ambroxol,21463,AMBROXOLUM,Oral Liquid Ordinary," syrup 30 mg/5 ml polymer.can 100 ml, with doser-spoon, in a pack, #1",30.0,mg,1.0,Oral liquid,ATC4,R05C B Mucolytics,3558.46,0.0,0.0,0.0,0.0
358764,M MUSCULO-SCELETAL SYSTEM,M01 ANTIINFLAMMATORY AND ANTIRHEUMATIC PRODUCTS,"M01A ANTIINFLAMMATORY AND ANTIRHEUMATIC PRODUCTS, NON-STEROIDS",M01A B Acetic acid derivatives and related substances,M01A B05 Diclofenac,6933,DICLOFENACUM,Oral Solid Retard," caps. solid w/modif.release 75 mg blister, #20",75.0,mg,20.0,Oral solid,ATC3,"M01A ANTIINFLAMMATORY AND ANTIRHEUMATIC PRODUCTS, NON-STEROIDS",48275.66,33094.37,79652.04,89599.96999999999,81925.53
374731,J GENERAL ANTIINFECTIVES FOR SYSTEMIC USE,J01 ANTIBACTERIALS FOR SYSTEMIC USE,"J01F MACROLIDES, LINCOSAMIDES AND STREPTOGRAMINS",J01F A Macrolides,J01F A10 Azithromycin,12153,AZITHROMYCINUM,Oral Liquid Ordinary," powder f/susp. orale 200 mg/5 ml flask 24,8 g, f/prep. 30 ml susp., #1",200.0,mg,1.0,Oral liquid,No sampled peer,No sampled peer,40870.74,24121.83,34017.14000000001,16765.379999999997,26735.5
31893,J GENERAL ANTIINFECTIVES FOR SYSTEMIC USE,J02 ANTIMYCOTICS FOR SYSTEMIC USE,J02A ANTIMYCOTICS FOR SYSTEMIC USE,J02A C Triazole and tetrazole derivatives,J02A C01 Fluconazole,49884,FLUCONAZOLUM,Oral Solid Ordinary," caps. 150 mg blister, #1",150.0,mg,1.0,Oral solid,No sampled peer,No sampled peer,80793.85,87197.75999999998,73436.36,131851.24,23236.340000000004
87308,M MUSCULO-SCELETAL SYSTEM,M01 ANTIINFLAMMATORY AND ANTIRHEUMATIC PRODUCTS,"M01A ANTIINFLAMMATORY AND ANTIRHEUMATIC PRODUCTS, NON-STEROIDS",M01A B Acetic acid derivatives and related substances,M01A B05 Diclofenac,34428,DICLOFENACUM,Oral Solid Ordinary," tabs coat.intest.-soluble 25 mg blister, #30",25.0,mg,30.0,Oral solid,ATC3,"M01A ANTIINFLAMMATORY AND ANTIRHEUMATIC PRODUCTS, NON-STEROIDS",38275.76,31917.38,29286.22,17393.120000000003,32637.0
141039,C CARDIOVASCULAR SYSTEM,C08 CALCIUM CHANNEL BLOCKERS,C08C SELECTIVE CALCIUM CHANNEL BLOCKERS WITH MAINLY VASCULAR EFFECTS,C08C A Dihydropyridine derivatives,C08C A01 Amlodipine,20221,AMLODIPINUM,Oral Solid Ordinary," tabs 10 mg strip, #30",10.0,mg,30.0,Oral solid,No sampled peer,No sampled peer,42323.87,36557.81,18459.559999999998,61.83,11.56
127692,N NERVOUS SYSTEM,N06 PSYCHOANALEPTICS,"N06B PSYCHOSTIMULANTS, AGENTS USED FOR ADHD AND NOOTROPICS",N06B X Other psychostimulants and nootropics,N06B X06 Citicoline,13751,CITICOLINUM,Oral Solid Ordinary," tabs coated w/film 500 mg blister, #20",500.0,mg,20.0,Oral solid,No sampled peer,No sampled peer,47870.04999999999,41632.32000000001,63893.55,46958.44000000001,46219.979999999996
377137,M MUSCULO-SCELETAL SYSTEM,M01 ANTIINFLAMMATORY AND ANTIRHEUMATIC PRODUCTS,"M01A ANTIINFLAMMATORY AND ANTIRHEUMATIC PRODUCTS, NON-STEROIDS",M01A C Oxicams,M01A C06 Meloxicam,45359,MELOXICAMUM,Oral Solid Ordinary," tabs 15 mg blister, #10",15.0,mg,10.0,Oral solid,ATC3,"M01A ANTIINFLAMMATORY AND ANTIRHEUMATIC PRODUCTS, NON-STEROIDS",43394.87999999999,19483.96,42787.85,16370.630000000003,0.0
138886,C CARDIOVASCULAR SYSTEM,C10 LIPID MODIFYING AGENTS,"C10A LIPID MODIFYING AGENTS, PLAIN",C10A A HMG CoA reductase inhibitors,C10A A05 Atorvastatin,43778,ATORVASTATINUM,Oral Solid Ordinary," tablets coated 20 mg blister, #30",20.0,mg,30.0,Oral solid,ATC4,C10A A HMG CoA reductase inhibitors,46473.18000000001,49347.35,60129.73999999999,55897.34999999999,61519.770000000004
326592,J GENERAL ANTIINFECTIVES FOR SYSTEMIC USE,J02 ANTIMYCOTICS FOR SYSTEMIC USE,J02A ANTIMYCOTICS FOR SYSTEMIC USE,J02A C Triazole and tetrazole derivatives,J02A C01 Fluconazole,49884,FLUCONAZOLUM,Parenteral Ordinary," sol. f/infus. 2 mg/ml flask 100 ml, #1",2.0,mg,1.0,Parenteral,No sampled peer,No sampled peer,45068.86,54085.630000000005,57801.87,25771.67,16556.84
124340,M MUSCULO-SCELETAL SYSTEM,M02 TOPICAL PRODUCTS FOR JOINT AND MUSCULAR PAIN,M02A TOPICAL PRODUCTS FOR JOINT AND MUSCULAR PAIN,"M02A A Antiinflammatory preparations, non-steroids for topical use",M02A A13 Ibuprofen,37050,IBUPROFENUM,"Topical Dermatological, Haemorrhoidal, External", gel tube 50 g,50.0,g,,Topical,ATC4,"M02A A Antiinflammatory preparations, non-steroids for topical use",55328.49,38728.52,35245.92,24243.21,19342.5
145586,N NERVOUS SYSTEM,N06 PSYCHOANALEPTICS,"N06B PSYCHOSTIMULANTS, AGENTS USED FOR ADHD AND NOOTROPICS",N06B X Other psychostimulants and nootropics,N06B X06 Citicoline,29551,CITICOLINUM,Parenteral Ordinary," sol.  for inj. 500 mg/4 ml amp. 4 ml, blister in the box, #10",500.0,mg,10.0,Parenteral,No sampled peer,No sampled peer,42863.83,34410.94,37835.63,31630.71,31984.41
39968,M MUSCULO-SCELETAL SYSTEM,M01 ANTIINFLAMMATORY AND ANTIRHEUMATIC PRODUCTS,"M01A ANTIINFLAMMATORY AND ANTIRHEUMATIC PRODUCTS, NON-STEROIDS",M01A C Oxicams,M01A C06 Meloxicam,47932,MELOXICAMUM,Oral Solid Ordinary," tabs 7,5 mg blister, #20",7.5,mg,20.0,Oral solid,ATC3,"M01A ANTIINFLAMMATORY AND ANTIRHEUMATIC PRODUCTS, NON-STEROIDS",50677.950000000004,54006.08,55479.689999999995,50663.73,50669.23
91283,J GENERAL ANTIINFECTIVES FOR SYSTEMIC USE,J01 ANTIBACTERIALS FOR SYSTEMIC USE,"J01F MACROLIDES, LINCOSAMIDES AND STREPTOGRAMINS",J01F A Macrolides,J01F A10 Azithromycin,5049,AZITHROMYCINUM,Oral Solid Ordinary," tablets coated 500 mg blister, #3",500.0,mg,3.0,Oral solid,No sampled peer,No sampled peer,20547.75,21675.15,9349.23,4992.49,3025.2
359468,N NERVOUS SYSTEM,N02 ANALGESICS,N02B OTHER ANALGESICS AND ANTIPYRETICS,N02B F Gabapentinoids,N02B F02 Pregabalin,22071,PREGABALINUM,Oral Solid Ordinary," caps. 300 mg blister, #30",300.0,mg,30.0,Oral solid,ATC3,N02B OTHER ANALGESICS AND ANTIPYRETICS,27706.929999999997,15736.779999999999,18429.51,15780.14,38194.149999999994
407062,J GENERAL ANTIINFECTIVES FOR SYSTEMIC USE,J01 ANTIBACTERIALS FOR SYSTEMIC USE,J01M QUINOLONE ANTIBACTERIALS,J01M A Fluoroquinolones,J01M A12 Levofloxacin,17413,LEVOFLOXACINUM,Parenteral Ordinary," sol. f/infus. 5 mg/ml flask in box 100 ml, #1",5.0,mg,1.0,Parenteral,No sampled peer,No sampled peer,58452.560000000005,106527.08000000002,139721.65,69602.37,51981.030000000006
167148,C CARDIOVASCULAR SYSTEM,C10 LIPID MODIFYING AGENTS,"C10A LIPID MODIFYING AGENTS, PLAIN",C10A A HMG CoA reductase inhibitors,C10A A05 Atorvastatin,30989,ATORVASTATINUM,Oral Solid Ordinary," tabs coated w/film 20 mg blister, #40",20.0,mg,40.0,Oral solid,ATC4,C10A A HMG CoA reductase inhibitors,40250.45,34767.48,31456.700000000004,25967.8,2395.67
326894,R RESPIRATORY SYSTEM,R05 COUGH AND COLD PREPARATIONS,"R05C EXPECTORANTS, EXCL. COMBINATIONS WITH COUGH SUPRESSANTS",R05C B Mucolytics,R05C B06 Ambroxol,19356,AMBROXOLUM,Oral Solid Ordinary," tab. sparkling 60 mg tube, #10",60.0,mg,10.0,Oral solid,ATC4,R05C B Mucolytics,21666.57,19128.359999999997,6398.009999999999,2431.79,2959.0
337234,J GENERAL ANTIINFECTIVES FOR SYSTEMIC USE,J01 ANTIBACTERIALS FOR SYSTEMIC USE,J01M QUINOLONE ANTIBACTERIALS,J01M A Fluoroquinolones,J01M A12 Levofloxacin,25703,LEVOFLOXACINUM,Parenteral Ordinary," sol. f/infus. 500 mg/100 ml bot. 100 ml, in a pack, #1",500.0,mg,1.0,Parenteral,No sampled peer,No sampled peer,37225.25,35855.219999999994,8177.450000000001,3116.23,987.17
138337,M MUSCULO-SCELETAL SYSTEM,M01 ANTIINFLAMMATORY AND ANTIRHEUMATIC PRODUCTS,"M01A ANTIINFLAMMATORY AND ANTIRHEUMATIC PRODUCTS, NON-STEROIDS",M01A E Propionic acid derivatives,M01A E01 Ibuprofen,43283,IBUPROFENUM,Oral Solid Ordinary," caps. soft 200 mg blister, #60",200.0,mg,60.0,Oral solid,ATC3,"M01A ANTIINFLAMMATORY AND ANTIRHEUMATIC PRODUCTS, NON-STEROIDS",41480.44,40795.77,21754.21,26823.220000000005,20331.39
153616,A ALIMENTARY TRACT AND METABOLISM,A10 DRUGS USED IN DIABETS,"A10B BLOOD GLUCOSE LOWERING DRUGS, EXCL. INSULINS",A10B A Biguanides,A10B A02 Metformin,21673,METFORMINUM,Oral Solid Retard," tabs, prolong. action 500 mg blister, #30",500.0,mg,30.0,Oral solid,No sampled peer,No sampled peer,45412.15,45535.090000000004,53603.179999999986,42516.10999999999,32277.300000000003
494908,M MUSCULO-SCELETAL SYSTEM,M01 ANTIINFLAMMATORY AND ANTIRHEUMATIC PRODUCTS,"M01A ANTIINFLAMMATORY AND ANTIRHEUMATIC PRODUCTS, NON-STEROIDS",M01A E Propionic acid derivatives,M01A E01 Ibuprofen,16252,IBUPROFENUM,Oral Solid Ordinary," tabs coated w/film 400 mg blister, #10",400.0,mg,10.0,Oral solid,ATC3,"M01A ANTIINFLAMMATORY AND ANTIRHEUMATIC PRODUCTS, NON-STEROIDS",54148.61,95913.37999999999,131798.64,10709.85,0.0
159319,J GENERAL ANTIINFECTIVES FOR SYSTEMIC USE,J01 ANTIBACTERIALS FOR SYSTEMIC USE,"J01F MACROLIDES, LINCOSAMIDES AND STREPTOGRAMINS",J01F A Macrolides,J01F A10 Azithromycin,12153,AZITHROMYCINUM,Oral Solid Ordinary," tabs coated w/film 250 mg blister, #6",250.0,mg,6.0,Oral solid,No sampled peer,No sampled peer,31225.03,43765.399999999994,23660.0,16631.98,15185.109999999999
289680,C CARDIOVASCULAR SYSTEM,C10 LIPID MODIFYING AGENTS,"C10A LIPID MODIFYING AGENTS, PLAIN",C10A A HMG CoA reductase inhibitors,C10A A07 Rosuvastatin,9998,ROSUVASTATINUM,Oral Solid Ordinary," tabs coated w/film 10 mg blister, #90",10.0,mg,90.0,Oral solid,ATC4,C10A A HMG CoA reductase inhibitors,52634.43,65626.45999999999,75101.44,86319.12999999999,108883.62
99971,M MUSCULO-SCELETAL SYSTEM,M01 ANTIINFLAMMATORY AND ANTIRHEUMATIC PRODUCTS,"M01A ANTIINFLAMMATORY AND ANTIRHEUMATIC PRODUCTS, NON-STEROIDS",M01A E Propionic acid derivatives,M01A E01 Ibuprofen,21024,IBUPROFENUM,Oral Solid Ordinary," caps. soft 200 mg blister, #6",200.0,mg,6.0,Oral solid,ATC3,"M01A ANTIINFLAMMATORY AND ANTIRHEUMATIC PRODUCTS, NON-STEROIDS",52625.87,59361.6,28113.120000000003,25827.05,12256.300000000003
83513,J GENERAL ANTIINFECTIVES FOR SYSTEMIC USE,J01 ANTIBACTERIALS FOR SYSTEMIC USE,J01M QUINOLONE ANTIBACTERIALS,J01M A Fluoroquinolones,J01M A12 Levofloxacin,26340,LEVOFLOXACINUM,Oral Solid Ordinary," tabs coated w/film 500 mg cont. cell pack, #5",500.0,mg,5.0,Oral solid,No sampled peer,No sampled peer,28401.729999999996,27430.369999999995,27684.16,13778.31,6289.820000000001
48050,J GENERAL ANTIINFECTIVES FOR SYSTEMIC USE,J01 ANTIBACTERIALS FOR SYSTEMIC USE,J01M QUINOLONE ANTIBACTERIALS,J01M A Fluoroquinolones,J01M A12 Levofloxacin,23786,LEVOFLOXACINUM,Parenteral Ordinary," sol.  infusional 500 mg flask 100 ml, #1",500.0,mg,1.0,Parenteral,No sampled peer,No sampled peer,17612.62,0.0,0.0,0.0,0.0
76546,J GENERAL ANTIINFECTIVES FOR SYSTEMIC USE,J02 ANTIMYCOTICS FOR SYSTEMIC USE,J02A ANTIMYCOTICS FOR SYSTEMIC USE,J02A C Triazole and tetrazole derivatives,J02A C01 Fluconazole,49884,FLUCONAZOLUM,Oral Solid Ordinary," caps. 50 mg blister, #10",50.0,mg,10.0,Oral solid,No sampled peer,No sampled peer,31424.67,27735.73,21498.140000000003,10647.56,10062.05
156497,N NERVOUS SYSTEM,N02 ANALGESICS,N02B OTHER ANALGESICS AND ANTIPYRETICS,N02B E Anilides,N02B E01 Paracetamol,24698,PARACETAMOLUM,Oral Liquid Ordinary," oral suspens. 120 mg/5 ml flask 100 ml, #1",120.0,mg,1.0,Oral liquid,ATC3,N02B OTHER ANALGESICS AND ANTIPYRETICS,44523.34,63706.689999999995,72305.42,48137.55,10050.84
184833,J GENERAL ANTIINFECTIVES FOR SYSTEMIC USE,J01 ANTIBACTERIALS FOR SYSTEMIC USE,"J01F MACROLIDES, LINCOSAMIDES AND STREPTOGRAMINS",J01F A Macrolides,J01F A10 Azithromycin,2228,AZITHROMYCINUM,Oral Liquid Ordinary," powder f/susp. orale 100 mg/5 ml flask 20 ml, w/gauge syringe & measure sp., #1",100.0,mg,1.0,Oral liquid,No sampled peer,No sampled peer,40560.16,20823.780000000002,20721.77,10500.590000000002,12572.380000000001
50905,N NERVOUS SYSTEM,N02 ANALGESICS,N02B OTHER ANALGESICS AND ANTIPYRETICS,N02B E Anilides,N02B E01 Paracetamol,34411,PARACETAMOLUM,Rectal systemic," rectal suppository 250 mg, #10",250.0,mg,10.0,Rectal/vaginal,ATC3,N02B OTHER ANALGESICS AND ANTIPYRETICS,10957.97,0.0,0.0,0.0,0.0
356761,G GENITO URINARY SYSTEM AND SEX HORMONES,G04 UROLOGICALS,G04B UROLOGICALS,G04B E Drugs used in erectile dysfunction,G04B E03 Sildenafilum,2686,SILDENAFILUM,Oral Solid Ordinary," tabs 100 mg blister, #4",100.0,mg,4.0,Oral solid,No sampled peer,No sampled peer,58605.729999999996,96507.37,118894.65,66519.61,103930.77000000002
38173,M MUSCULO-SCELETAL SYSTEM,M01 ANTIINFLAMMATORY AND ANTIRHEUMATIC PRODUCTS,"M01A ANTIINFLAMMATORY AND ANTIRHEUMATIC PRODUCTS, NON-STEROIDS",M01A B Acetic acid derivatives and related substances,M01A B05 Diclofenac,34028,DICLOFENACUM,Parenteral Ordinary," sol.  for inj. 2,5 % amp. 3 ml, blister, #10",,,10.0,Parenteral,ATC3,"M01A ANTIINFLAMMATORY AND ANTIRHEUMATIC PRODUCTS, NON-STEROIDS",48347.729999999996,70064.04999999999,92867.43000000001,76184.39,22566.7
97031,B BLOOD AND BLOOD FORMING ORGANS,B01 ANTITHROMBOTIC AGENTS,B01A ANTITHROMBOTIC AGENTS,B01A C Platelet aggregation inhibitors excl. heparin,B01A C06 Acetylsalicylic acid,20912,ACIDUM ACETYLSALICYLICUM*,Oral Solid Ordinary," tabs intest. solub. 100 mg jar, can, #50",100.0,mg,50.0,Oral solid,No sampled peer,No sampled peer,48738.79,33328.57,31742.829999999998,0.0,0.0
93056,J GENERAL ANTIINFECTIVES FOR SYSTEMIC USE,J02 ANTIMYCOTICS FOR SYSTEMIC USE,J02A ANTIMYCOTICS FOR SYSTEMIC USE,J02A C Triazole and tetrazole derivatives,J02A C01 Fluconazole,4728,FLUCONAZOLUM,Oral Solid Ordinary," caps. 150 mg blister, in cardboard packing, #1",150.0,mg,1.0,Oral solid,No sampled peer,No sampled peer,58376.31,60533.53,65361.670000000006,43164.53999999999,42586.53
325113,J GENERAL ANTIINFECTIVES FOR SYSTEMIC USE,J02 ANTIMYCOTICS FOR SYSTEMIC USE,J02A ANTIMYCOTICS FOR SYSTEMIC USE,J02A C Triazole and tetrazole derivatives,J02A C01 Fluconazole,49884,FLUCONAZOLUM,Oral Solid Ordinary," caps. 100 mg blister, #10",100.0,mg,10.0,Oral solid,No sampled peer,No sampled peer,30262.339999999997,22113.72,2306.2699999999995,2205.9999999999995,775.5
155365,B BLOOD AND BLOOD FORMING ORGANS,B01 ANTITHROMBOTIC AGENTS,B01A ANTITHROMBOTIC AGENTS,B01A C Platelet aggregation inhibitors excl. heparin,B01A C06 Acetylsalicylic acid,24013,ACIDUM ACETYLSALICYLICUM*,Oral Solid Ordinary," tabs forte, coated w/film 150 mg blister, #100",150.0,mg,100.0,Oral solid,No sampled peer,No sampled peer,44468.06,46392.07,199617.09,216438.64000000004,168162.9
78923,C CARDIOVASCULAR SYSTEM,C10 LIPID MODIFYING AGENTS,"C10A LIPID MODIFYING AGENTS, PLAIN",C10A A HMG CoA reductase inhibitors,C10A A07 Rosuvastatin,7859,ROSUVASTATINUM,Oral Solid Ordinary," tabs coated w/film 10 mg blister, #28",10.0,mg,28.0,Oral solid,ATC4,C10A A HMG CoA reductase inhibitors,55780.39,63994.619999999995,86644.17,79246.57,87836.44999999998
189050,J GENERAL ANTIINFECTIVES FOR SYSTEMIC USE,J01 ANTIBACTERIALS FOR SYSTEMIC USE,"J01F MACROLIDES, LINCOSAMIDES AND STREPTOGRAMINS",J01F A Macrolides,J01F A10 Azithromycin,28543,AZITHROMYCINUM,Oral Solid Ordinary," tabs coated w/film 500 mg blister, #3",500.0,mg,3.0,Oral solid,No sampled peer,No sampled peer,49479.399999999994,93906.72,50965.98,26941.989999999998,98972.4
429399,J GENERAL ANTIINFECTIVES FOR SYSTEMIC USE,J01 ANTIBACTERIALS FOR SYSTEMIC USE,J01M QUINOLONE ANTIBACTERIALS,J01M A Fluoroquinolones,J01M A12 Levofloxacin,511,LEVOFLOXACINUM,Oral Solid Ordinary," tabs coated w/film 500 mg blister, #7",500.0,mg,7.0,Oral solid,No sampled peer,No sampled peer,37519.23,75593.25,92286.08000000002,47899.520000000004,25928.67
74477,A ALIMENTARY TRACT AND METABOLISM,A02 DRUGS FOR ACID RELATED DISORDERS,A02B DRUGS FOR TREATMENT OF PEPTIC ULCER AND GASTRO-OESOPHAGEAL REFLUX DISEASE,A02B C Proton pump inhibitors,A02B C02 Pantoprazole,19060,PANTOPRAZOLUM,Oral Solid Ordinary," tabs coat.intest.-soluble 40 mg, #30",40.0,mg,30.0,Oral solid,No sampled peer,No sampled peer,33112.520000000004,72797.53,116175.12000000001,99270.65,110865.80999999998
336701,J GENERAL ANTIINFECTIVES FOR SYSTEMIC USE,J01 ANTIBACTERIALS FOR SYSTEMIC USE,"J01F MACROLIDES, LINCOSAMIDES AND STREPTOGRAMINS",J01F A Macrolides,J01F A10 Azithromycin,9938,AZITHROMYCINUM,Oral Solid Ordinary," tabs coated w/film 500 mg blister, #3",500.0,mg,3.0,Oral solid,No sampled peer,No sampled peer,112340.56999999999,91086.66000000002,180859.03,105801.72,28340.3
124816,M MUSCULO-SCELETAL SYSTEM,M01 ANTIINFLAMMATORY AND ANTIRHEUMATIC PRODUCTS,"M01A ANTIINFLAMMATORY AND ANTIRHEUMATIC PRODUCTS, NON-STEROIDS",M01A E Propionic acid derivatives,M01A E01 Ibuprofen,46244,IBUPROFENUM,Oral Solid Ordinary," tabs coated w/film 200 mg, #10",200.0,mg,10.0,Oral solid,ATC3,"M01A ANTIINFLAMMATORY AND ANTIRHEUMATIC PRODUCTS, NON-STEROIDS",28106.710000000003,4400.219999999999,10.620000000000001,3.58,42.58
343448,B BLOOD AND BLOOD FORMING ORGANS,B01 ANTITHROMBOTIC AGENTS,B01A ANTITHROMBOTIC AGENTS,B01A C Platelet aggregation inhibitors excl. heparin,B01A C06 Acetylsalicylic acid,20912,ACIDUM ACETYLSALICYLICUM*,Oral Solid Ordinary," tabs intest. solub. 100 mg blister, #50",100.0,mg,50.0,Oral solid,No sampled peer,No sampled peer,87046.94999999998,56733.93000000001,127245.94,97210.85000000002,6858.879999999999
80019,A ALIMENTARY TRACT AND METABOLISM,A10 DRUGS USED IN DIABETS,"A10B BLOOD GLUCOSE LOWERING DRUGS, EXCL. INSULINS",A10B A Biguanides,A10B A02 Metformin,5412,METFORMINUM,Oral Solid Ordinary," tabs coated w/film 850 mg, #60",850.0,mg,60.0,Oral solid,No sampled peer,No sampled peer,52955.92,55494.82,58093.28,55882.560000000005,47373.56
84657,R RESPIRATORY SYSTEM,R05 COUGH AND COLD PREPARATIONS,"R05C EXPECTORANTS, EXCL. COMBINATIONS WITH COUGH SUPRESSANTS",R05C B Mucolytics,R05C B01 Acetylcysteine,45790,ACETYLCYSTEINUM,Oral Liquid Ordinary," powder f/oral solution 200 mg pack 3 g, #10",200.0,mg,10.0,Oral liquid,ATC4,R05C B Mucolytics,24839.47,12905.349999999999,7304.759999999999,3680.45,3858.9299999999994
64137,C CARDIOVASCULAR SYSTEM,C08 CALCIUM CHANNEL BLOCKERS,C08C SELECTIVE CALCIUM CHANNEL BLOCKERS WITH MAINLY VASCULAR EFFECTS,C08C A Dihydropyridine derivatives,C08C A01 Amlodipine,15047,AMLODIPINUM,Oral Solid Ordinary," tabs 10 mg blister, #30",10.0,mg,30.0,Oral solid,No sampled peer,No sampled peer,78415.99999999999,143261.32,96785.56000000001,82250.68000000002,89414.39
174052,N NERVOUS SYSTEM,N02 ANALGESICS,N02B OTHER ANALGESICS AND ANTIPYRETICS,N02B E Anilides,N02B E01 Paracetamol,22673,PARACETAMOLUM,Oral Solid Ordinary," tab. sparkling 500 mg strip, #16",500.0,mg,16.0,Oral solid,ATC3,N02B OTHER ANALGESICS AND ANTIPYRETICS,37829.67,70761.76000000001,49347.11,46335.869999999995,48872.09000000001
166671,J GENERAL ANTIINFECTIVES FOR SYSTEMIC USE,J01 ANTIBACTERIALS FOR SYSTEMIC USE,"J01F MACROLIDES, LINCOSAMIDES AND STREPTOGRAMINS",J01F A Macrolides,J01F A10 Azithromycin,41973,AZITHROMYCINUM,Oral Liquid Ordinary," powder f/susp. orale 100 mg/5 ml cont. 11,34 g, f/prep. 20 ml susp., #1",100.0,mg,1.0,Oral liquid,No sampled peer,No sampled peer,46058.59,21661.49,13412.02,7078.83,7393.49
178912,N NERVOUS SYSTEM,N06 PSYCHOANALEPTICS,"N06B PSYCHOSTIMULANTS, AGENTS USED FOR ADHD AND NOOTROPICS",N06B X Other psychostimulants and nootropics,N06B X06 Citicoline,9720,CITICOLINUM,Parenteral Ordinary," sol.  for inj. 1000 mg/4 ml amp. 4 ml, #5",1000.0,mg,5.0,Parenteral,No sampled peer,No sampled peer,43759.46,67914.65999999999,55467.770000000004,81830.84000000001,97284.93999999999
39714,N NERVOUS SYSTEM,N02 ANALGESICS,N02B OTHER ANALGESICS AND ANTIPYRETICS,N02B E Anilides,N02B E01 Paracetamol,24698,PARACETAMOLUM,Rectal systemic," rectal suppository 0,08 g strip, #10",0.08,g,10.0,Rectal/vaginal,ATC3,N02B OTHER ANALGESICS AND ANTIPYRETICS,37683.49999999999,27373.779999999995,22544.06,16475.41,15296.380000000001
287569,M MUSCULO-SCELETAL SYSTEM,M01 ANTIINFLAMMATORY AND ANTIRHEUMATIC PRODUCTS,"M01A ANTIINFLAMMATORY AND ANTIRHEUMATIC PRODUCTS, NON-STEROIDS",M01A E Propionic acid derivatives,M01A E01 Ibuprofen,10059,IBUPROFENUM,Oral Liquid Ordinary," oral suspens. 100 mg/5 ml flask 100 ml, #1",100.0,mg,1.0,Oral liquid,ATC3,"M01A ANTIINFLAMMATORY AND ANTIRHEUMATIC PRODUCTS, NON-STEROIDS",31998.44,18567.539999999997,7208.149999999999,5443.129999999999,6771.619999999999
317303,R RESPIRATORY SYSTEM,R05 COUGH AND COLD PREPARATIONS,"R05C EXPECTORANTS, EXCL. COMBINATIONS WITH COUGH SUPRESSANTS",R05C B Mucolytics,R05C B01 Acetylcysteine,1952,ACETYLCYSTEINUM,Oral Solid Ordinary," tab. sparkling 200 mg strip, #20",200.0,mg,20.0,Oral solid,ATC4,R05C B Mucolytics,35426.549999999996,19005.4,16241.28,13272.26,6302.469999999999
54527,J GENERAL ANTIINFECTIVES FOR SYSTEMIC USE,J01 ANTIBACTERIALS FOR SYSTEMIC USE,"J01F MACROLIDES, LINCOSAMIDES AND STREPTOGRAMINS",J01F A Macrolides,J01F A10 Azithromycin,477,AZITHROMYCINUM,Oral Solid Ordinary," caps. 0,25 g blister, #6",0.25,g,6.0,Oral solid,No sampled peer,No sampled peer,35558.369999999995,30304.440000000002,8638.320000000002,4431.15,3881.2799999999997
75912,C CARDIOVASCULAR SYSTEM,C07 BETA BLOCKING AGENTS,C07A BETA-BLOCKING AGENTS,"C07A B Beta blocking agents, selective",C07A B07 Bisoprolol,5372,BISOPROLOLUM,Oral Solid Ordinary," tabs coated w/film 10 mg blister, #30",10.0,mg,30.0,Oral solid,No sampled peer,No sampled peer,47915.799999999996,44372.630000000005,38577.39,38467.829999999994,23977.600000000002
426310,S SENSORY ORGANS,S01 OPHTALMOLOGICALS,S01A ANTIINFECTIVES,S01A E Fluoroquinolones,S01A E05 Levofloxacin,27250,LEVOFLOXACINUM,Ophthalmic," eye drops, solution 5 mg/ml drop fl. 5 ml, #1",5.0,mg,1.0,Ophthalmic,ATC3,S01A ANTIINFECTIVES,70446.66,66443.36,68570.89,61705.11,82014.74
158383,C CARDIOVASCULAR SYSTEM,C08 CALCIUM CHANNEL BLOCKERS,C08C SELECTIVE CALCIUM CHANNEL BLOCKERS WITH MAINLY VASCULAR EFFECTS,C08C A Dihydropyridine derivatives,C08C A01 Amlodipine,13380,AMLODIPINUM,Oral Solid Ordinary," tabs 5 mg blister, #30",5.0,mg,30.0,Oral solid,No sampled peer,No sampled peer,75603.75,68337.06,78957.82999999999,0.0,0.0
43911,G GENITO URINARY SYSTEM AND SEX HORMONES,G04 UROLOGICALS,G04B UROLOGICALS,G04B E Drugs used in erectile dysfunction,G04B E03 Sildenafilum,2547,SILDENAFILUM,Oral Solid Ordinary," tablets coated 50 mg blister, #2",50.0,mg,2.0,Oral solid,No sampled peer,No sampled peer,56795.98,56745.020000000004,51813.560000000005,22711.43,27532.43
330834,N NERVOUS SYSTEM,N02 ANALGESICS,N02B OTHER ANALGESICS AND ANTIPYRETICS,N02B F Gabapentinoids,N02B F02 Pregabalin,4705,PREGABALINUM,Oral Solid Ordinary," caps. 300 mg blister, #21",300.0,mg,21.0,Oral solid,ATC3,N02B OTHER ANALGESICS AND ANTIPYRETICS,56615.38999999999,51358.009999999995,80751.20999999999,85552.87,135532.07
439151,N NERVOUS SYSTEM,N06 PSYCHOANALEPTICS,"N06B PSYCHOSTIMULANTS, AGENTS USED FOR ADHD AND NOOTROPICS",N06B X Other psychostimulants and nootropics,N06B X06 Citicoline,36791,CITICOLINUM,Parenteral Ordinary," sol.  for inj. 250 mg/ml flask 4 ml, #5",250.0,mg,5.0,Parenteral,No sampled peer,No sampled peer,63412.59,42142.33,32470.890000000003,13903.840000000002,19154.2
141088,S SENSORY ORGANS,S01 OPHTALMOLOGICALS,S01B ANTIINFLAMMATORY AGENTS,"S01B C Antiinflammatory agents, non-steroids",S01B C03 Diclofenac,39917,DICLOFENACUM,Ophthalmic," drops, eye 0,1 % flask 10 ml, #1",,,1.0,Ophthalmic,No sampled peer,No sampled peer,74997.01,56788.14000000001,53812.27000000001,37817.52,36274.79
329974,M MUSCULO-SCELETAL SYSTEM,M01 ANTIINFLAMMATORY AND ANTIRHEUMATIC PRODUCTS,"M01A ANTIINFLAMMATORY AND ANTIRHEUMATIC PRODUCTS, NON-STEROIDS",M01A E Propionic acid derivatives,M01A E01 Ibuprofen,10059,IBUPROFENUM,Oral Liquid Ordinary," oral suspens. 200 mg/5 ml flask 40 ml, with aroma of strawberry, #1",200.0,mg,1.0,Oral liquid,ATC3,"M01A ANTIINFLAMMATORY AND ANTIRHEUMATIC PRODUCTS, NON-STEROIDS",26694.86,19126.5,8773.449999999999,4515.3,23344.490000000005
50883,S SENSORY ORGANS,S01 OPHTALMOLOGICALS,S01B ANTIINFLAMMATORY AGENTS,"S01B C Antiinflammatory agents, non-steroids",S01B C03 Diclofenac,41690,DICLOFENACUM,Ophthalmic," eye drops, solution 0,1 % container-dropper 5 ml",,,,Ophthalmic,No sampled peer,No sampled peer,27360.129999999994,33803.94,28334.799999999996,6834.450000000001,982.8900000000001
227394,J GENERAL ANTIINFECTIVES FOR SYSTEMIC USE,J01 ANTIBACTERIALS FOR SYSTEMIC USE,J01M QUINOLONE ANTIBACTERIALS,J01M A Fluoroquinolones,J01M A12 Levofloxacin,6116,LEVOFLOXACINUM,Oral Solid Ordinary," tabs coated w/film 500 mg blister in box, #5",500.0,mg,5.0,Oral solid,No sampled peer,No sampled peer,43516.310000000005,60035.3,15791.51,10803.689999999999,5883.630000000001
160195,C CARDIOVASCULAR SYSTEM,C07 BETA BLOCKING AGENTS,C07A BETA-BLOCKING AGENTS,"C07A B Beta blocking agents, selective",C07A B07 Bisoprolol,18260,BISOPROLOLUM,Oral Solid Ordinary," tabs coated w/film 10 mg blister, #30",10.0,mg,30.0,Oral solid,No sampled peer,No sampled peer,102621.32,115005.73000000003,101424.29000000001,124539.09000000003,84148.76999999999
145665,D DERMATOLOGICAL,D01 ANTIFUNGALS FOR DERMATOLOGICAL USE,D01A ANTIFUNGALS FOR TOPICAL USE,D01A C Imidazole and triazole derivatives,D01A C15 Fluconazole,16714,FLUCONAZOLUM,"Topical Dermatological, Haemorrhoidal, External"," gel 5 mg/g tube 30 g, #1",5.0,mg,1.0,Topical,No sampled peer,No sampled peer,57885.350000000006,47960.12,48373.119999999995,42526.560000000005,45444.99
434749,M MUSCULO-SCELETAL SYSTEM,M01 ANTIINFLAMMATORY AND ANTIRHEUMATIC PRODUCTS,"M01A ANTIINFLAMMATORY AND ANTIRHEUMATIC PRODUCTS, NON-STEROIDS",M01A C Oxicams,M01A C06 Meloxicam,19867,MELOXICAMUM,Rectal systemic," rectal suppository 0,015 g blister, in a pack, #10",0.015,g,10.0,Rectal/vaginal,ATC3,"M01A ANTIINFLAMMATORY AND ANTIRHEUMATIC PRODUCTS, NON-STEROIDS",64302.659999999996,75350.23000000001,54613.070000000014,54125.19,60307.31999999999
71279,J GENERAL ANTIINFECTIVES FOR SYSTEMIC USE,J01 ANTIBACTERIALS FOR SYSTEMIC USE,J01M QUINOLONE ANTIBACTERIALS,J01M A Fluoroquinolones,J01M A12 Levofloxacin,17413,LEVOFLOXACINUM,Oral Solid Ordinary," tablets coated 500 mg blister, #10",500.0,mg,10.0,Oral solid,No sampled peer,No sampled peer,42559.39,59040.68,54007.049999999996,22152.75,8097.349999999999
41543,J GENERAL ANTIINFECTIVES FOR SYSTEMIC USE,J01 ANTIBACTERIALS FOR SYSTEMIC USE,J01D OTHER BETA-LACTAM ANTIBACTERIALS,J01D D Third-generation cephalosporins,J01D D04 Ceftriaxone,21539,CEFTRIAXONUM,Parenteral Ordinary," powd.fr-dr., f/sol. f/in. 0,5 g flask, #5",0.5,g,5.0,Parenteral,No sampled peer,No sampled peer,51567.09,42017.090000000004,38888.4,21014.640000000007,19051.219999999998
316959,G GENITO URINARY SYSTEM AND SEX HORMONES,G04 UROLOGICALS,G04B UROLOGICALS,G04B E Drugs used in erectile dysfunction,G04B E03 Sildenafilum,6797,SILDENAFILUM,Oral Solid Ordinary," tabs coated w/film 50 mg blister, #4",50.0,mg,4.0,Oral solid,No sampled peer,No sampled peer,69299.79,67641.12,61533.35,64326.14,90021.57
78972,S SENSORY ORGANS,S01 OPHTALMOLOGICALS,S01A ANTIINFECTIVES,S01A E Fluoroquinolones,S01A E05 Levofloxacin,5939,LEVOFLOXACINUM,Ophthalmic," drops, eye 5 mg/ml flask with dropper 5 ml, #1",5.0,mg,1.0,Ophthalmic,ATC3,S01A ANTIINFECTIVES,76307.98,55149.689999999995,58540.28,44479.00000000001,60384.740000000005
50906,N NERVOUS SYSTEM,N02 ANALGESICS,N02B OTHER ANALGESICS AND ANTIPYRETICS,N02B E Anilides,N02B E01 Paracetamol,34411,PARACETAMOLUM,Rectal systemic," rectal suppository 100 mg, #10",100.0,mg,10.0,Rectal/vaginal,ATC3,N02B OTHER ANALGESICS AND ANTIPYRETICS,37395.32,2215.94,14.48,0.0,0.0
287268,N NERVOUS SYSTEM,N02 ANALGESICS,N02B OTHER ANALGESICS AND ANTIPYRETICS,N02B F Gabapentinoids,N02B F02 Pregabalin,13244,PREGABALINUM,Oral Solid Ordinary," caps. solid 150 mg blister, #14",150.0,mg,14.0,Oral solid,ATC3,N02B OTHER ANALGESICS AND ANTIPYRETICS,20607.05,3907.4799999999996,1331.5900000000001,642.2599999999998,225.02
298382,C CARDIOVASCULAR SYSTEM,C07 BETA BLOCKING AGENTS,C07A BETA-BLOCKING AGENTS,"C07A B Beta blocking agents, selective",C07A B07 Bisoprolol,18260,BISOPROLOLUM,Oral Solid Ordinary," tabs coated w/film 5 mg blister, #30",5.0,mg,30.0,Oral solid,No sampled peer,No sampled peer,8761.239999999998,145.04,26.849999999999998,13.120000000000001,23.32
77307,C CARDIOVASCULAR SYSTEM,C08 CALCIUM CHANNEL BLOCKERS,C08C SELECTIVE CALCIUM CHANNEL BLOCKERS WITH MAINLY VASCULAR EFFECTS,C08C A Dihydropyridine derivatives,C08C A01 Amlodipine,15047,AMLODIPINUM,Oral Solid Ordinary," tabs 5 mg blister, #20",5.0,mg,20.0,Oral solid,No sampled peer,No sampled peer,45172.92,3243.0499999999997,7.7700000000000005,0.0,0.0
74476,A ALIMENTARY TRACT AND METABOLISM,A02 DRUGS FOR ACID RELATED DISORDERS,A02B DRUGS FOR TREATMENT OF PEPTIC ULCER AND GASTRO-OESOPHAGEAL REFLUX DISEASE,A02B C Proton pump inhibitors,A02B C02 Pantoprazole,19060,PANTOPRAZOLUM,Oral Solid Ordinary," tabs coat.intest.-soluble 40 mg, #10",40.0,mg,10.0,Oral solid,No sampled peer,No sampled peer,39998.630000000005,89477.23999999999,134103.57,114209.8,138206.87
73995,R RESPIRATORY SYSTEM,R05 COUGH AND COLD PREPARATIONS,"R05C EXPECTORANTS, EXCL. COMBINATIONS WITH COUGH SUPRESSANTS",R05C B Mucolytics,R05C B06 Ambroxol,26763,AMBROXOLUM,Oral Liquid Ordinary," syrup 15 mg/5 ml flask 100 ml, with a measuring glass, #1",15.0,mg,1.0,Oral liquid,ATC4,R05C B Mucolytics,27654.54,3206.17,712.48,204.05,0.0
112596,R RESPIRATORY SYSTEM,R05 COUGH AND COLD PREPARATIONS,"R05C EXPECTORANTS, EXCL. COMBINATIONS WITH COUGH SUPRESSANTS",R05C B Mucolytics,R05C B06 Ambroxol,21463,AMBROXOLUM,Oral Solid Ordinary," tabs 30 mg blister, #20",30.0,mg,20.0,Oral solid,ATC4,R05C B Mucolytics,36790.19,36635.2,25803.45,9732.76,4085.3900000000003
338981,J GENERAL ANTIINFECTIVES FOR SYSTEMIC USE,J01 ANTIBACTERIALS FOR SYSTEMIC USE,J01M QUINOLONE ANTIBACTERIALS,J01M A Fluoroquinolones,J01M A12 Levofloxacin,17413,LEVOFLOXACINUM,Oral Solid Ordinary," tablets coated 500 mg blister, #7",500.0,mg,7.0,Oral solid,No sampled peer,No sampled peer,42836.729999999996,85709.3,92376.81,83071.64999999998,55724.74
76545,J GENERAL ANTIINFECTIVES FOR SYSTEMIC USE,J02 ANTIMYCOTICS FOR SYSTEMIC USE,J02A ANTIMYCOTICS FOR SYSTEMIC USE,J02A C Triazole and tetrazole derivatives,J02A C01 Fluconazole,49884,FLUCONAZOLUM,Oral Solid Ordinary," caps. 100 mg blister, #10",100.0,mg,10.0,Oral solid,No sampled peer,No sampled peer,40855.92,27801.949999999997,54557.490000000005,58203.88999999999,49917.5
359474,N NERVOUS SYSTEM,N02 ANALGESICS,N02B OTHER ANALGESICS AND ANTIPYRETICS,N02B F Gabapentinoids,N02B F02 Pregabalin,22071,PREGABALINUM,Oral Solid Ordinary," caps. 150 mg blister, #30",150.0,mg,30.0,Oral solid,ATC3,N02B OTHER ANALGESICS AND ANTIPYRETICS,44972.950000000004,43392.97,45646.579999999994,30947.24,30671.700000000004
111104,A ALIMENTARY TRACT AND METABOLISM,A10 DRUGS USED IN DIABETS,"A10B BLOOD GLUCOSE LOWERING DRUGS, EXCL. INSULINS",A10B A Biguanides,A10B A02 Metformin,5412,METFORMINUM,Oral Solid Retard," tabs, prolong. action 500 mg, #30",500.0,mg,30.0,Oral solid,No sampled peer,No sampled peer,66331.85,47324.46,87398.82000000002,66062.37,116957.27
108402,R RESPIRATORY SYSTEM,R05 COUGH AND COLD PREPARATIONS,"R05C EXPECTORANTS, EXCL. COMBINATIONS WITH COUGH SUPRESSANTS",R05C B Mucolytics,R05C B06 Ambroxol,19356,AMBROXOLUM,Oral Solid Ordinary," tabs 30 mg, #20",30.0,mg,20.0,Oral solid,ATC4,R05C B Mucolytics,30320.14,18885.340000000004,14099.83,7347.52,3287.1000000000004
169265,C CARDIOVASCULAR SYSTEM,C10 LIPID MODIFYING AGENTS,"C10A LIPID MODIFYING AGENTS, PLAIN",C10A A HMG CoA reductase inhibitors,C10A A07 Rosuvastatin,38677,ROSUVASTATINUM,Oral Solid Ordinary," tabs coated w/film 10 mg blister, #30",10.0,mg,30.0,Oral solid,ATC4,C10A A HMG CoA reductase inhibitors,52546.560000000005,42639.12,39099.0,30554.850000000002,27318.629999999997
124339,M MUSCULO-SCELETAL SYSTEM,M02 TOPICAL PRODUCTS FOR JOINT AND MUSCULAR PAIN,M02A TOPICAL PRODUCTS FOR JOINT AND MUSCULAR PAIN,"M02A A Antiinflammatory preparations, non-steroids for topical use",M02A A13 Ibuprofen,37050,IBUPROFENUM,"Topical Dermatological, Haemorrhoidal, External", gel tube 20 g,20.0,g,,Topical,ATC4,"M02A A Antiinflammatory preparations, non-steroids for topical use",49245.06,24954.190000000002,22702.239999999998,10956.910000000002,1606.7600000000002
80016,A ALIMENTARY TRACT AND METABOLISM,A10 DRUGS USED IN DIABETS,"A10B BLOOD GLUCOSE LOWERING DRUGS, EXCL. INSULINS",A10B A Biguanides,A10B A02 Metformin,5412,METFORMINUM,Oral Solid Ordinary," tabs coated w/film 500 mg, #60",500.0,mg,60.0,Oral solid,No sampled peer,No sampled peer,59855.57,80383.79,85616.5,75291.57,78720.84
43912,G GENITO URINARY SYSTEM AND SEX HORMONES,G04 UROLOGICALS,G04B UROLOGICALS,G04B E Drugs used in erectile dysfunction,G04B E03 Sildenafilum,2547,SILDENAFILUM,Oral Solid Ordinary," tablets coated 50 mg blister, #4",50.0,mg,4.0,Oral solid,No sampled peer,No sampled peer,61657.829999999994,53887.47,63787.95,53781.29999999999,53968.520000000004
166673,J GENERAL ANTIINFECTIVES FOR SYSTEMIC USE,J01 ANTIBACTERIALS FOR SYSTEMIC USE,"J01F MACROLIDES, LINCOSAMIDES AND STREPTOGRAMINS",J01F A Macrolides,J01F A10 Azithromycin,41973,AZITHROMYCINUM,Oral Liquid Ordinary," powder f/susp. orale 200 mg/5 ml cont. 17,6 g, f/prep. 30 ml susp., #1",200.0,mg,1.0,Oral liquid,No sampled peer,No sampled peer,57432.49,37978.18000000001,46570.939999999995,18389.18,17776.69
127716,N NERVOUS SYSTEM,N02 ANALGESICS,N02B OTHER ANALGESICS AND ANTIPYRETICS,N02B E Anilides,N02B E01 Paracetamol,24698,PARACETAMOLUM,Oral Liquid Ordinary," syrup 120 mg/5 ml jar, can 90 ml, with dosing cups, #1",120.0,mg,1.0,Oral liquid,ATC3,N02B OTHER ANALGESICS AND ANTIPYRETICS,36875.74,29874.729999999996,18167.08,14061.609999999999,36717.899999999994
285423,R RESPIRATORY SYSTEM,R05 COUGH AND COLD PREPARATIONS,"R05C EXPECTORANTS, EXCL. COMBINATIONS WITH COUGH SUPRESSANTS",R05C B Mucolytics,R05C B01 Acetylcysteine,6103,ACETYLCYSTEINUM,Oral Liquid Ordinary," oral solution 20 mg/ml bottle with measured cap 100 ml, or measured applic. (syringe, #1",20.0,mg,1.0,Oral liquid,ATC4,R05C B Mucolytics,54049.659999999996,28174.6,30996.809999999998,10826.65,10616.080000000002
121024,M MUSCULO-SCELETAL SYSTEM,M01 ANTIINFLAMMATORY AND ANTIRHEUMATIC PRODUCTS,"M01A ANTIINFLAMMATORY AND ANTIRHEUMATIC PRODUCTS, NON-STEROIDS",M01A B Acetic acid derivatives and related substances,M01A B05 Diclofenac,34028,DICLOFENACUM,Parenteral Ordinary," sol.  for inj. 2,5 % amp. 3 ml, in a box with dividers, #5",,,5.0,Parenteral,ATC3,"M01A ANTIINFLAMMATORY AND ANTIRHEUMATIC PRODUCTS, NON-STEROIDS",131795.26,183296.12,122384.99,34760.58,9573.7
88003,C CARDIOVASCULAR SYSTEM,C10 LIPID MODIFYING AGENTS,"C10A LIPID MODIFYING AGENTS, PLAIN",C10A A HMG CoA reductase inhibitors,C10A A05 Atorvastatin,36288,ATORVASTATINUM,Oral Solid Ordinary," tabs coated w/film 40 mg, #10",40.0,mg,10.0,Oral solid,ATC4,C10A A HMG CoA reductase inhibitors,49720.63,0.0,0.0,0.0,0.0
61933,M MUSCULO-SCELETAL SYSTEM,M01 ANTIINFLAMMATORY AND ANTIRHEUMATIC PRODUCTS,"M01A ANTIINFLAMMATORY AND ANTIRHEUMATIC PRODUCTS, NON-STEROIDS",M01A C Oxicams,M01A C06 Meloxicam,40955,MELOXICAMUM,Oral Solid Ordinary," tabs 15 mg blister, #10",15.0,mg,10.0,Oral solid,ATC3,"M01A ANTIINFLAMMATORY AND ANTIRHEUMATIC PRODUCTS, NON-STEROIDS",137457.40000000002,150715.52999999997,160176.0,103531.67999999998,49996.16
20598,G GENITO URINARY SYSTEM AND SEX HORMONES,G04 UROLOGICALS,G04B UROLOGICALS,G04B E Drugs used in erectile dysfunction,G04B E03 Sildenafilum,25230,SILDENAFILUM,Oral Solid Ordinary," tabs coated w/film 50 mg blister, #1",50.0,mg,1.0,Oral solid,No sampled peer,No sampled peer,74838.22999999998,71885.37,62828.53999999999,62917.79999999999,92561.9
74540,R RESPIRATORY SYSTEM,R05 COUGH AND COLD PREPARATIONS,"R05C EXPECTORANTS, EXCL. COMBINATIONS WITH COUGH SUPRESSANTS",R05C B Mucolytics,R05C B06 Ambroxol,44111,AMBROXOLUM,Oral Solid Retard," caps. w/ prolong. action 75 mg blister, in a pack, #10",75.0,mg,10.0,Oral solid,ATC4,R05C B Mucolytics,30688.7,18457.94,14006.509999999998,2117.9,6.7
126633,J GENERAL ANTIINFECTIVES FOR SYSTEMIC USE,J01 ANTIBACTERIALS FOR SYSTEMIC USE,"J01F MACROLIDES, LINCOSAMIDES AND STREPTOGRAMINS",J01F A Macrolides,J01F A10 Azithromycin,841,AZITHROMYCINUM,Oral Solid Ordinary," tablets coated 250 mg blister, #6",250.0,mg,6.0,Oral solid,No sampled peer,No sampled peer,38220.25,27260.44,14314.419999999998,10112.260000000002,6211.719999999999
73996,R RESPIRATORY SYSTEM,R05 COUGH AND COLD PREPARATIONS,"R05C EXPECTORANTS, EXCL. COMBINATIONS WITH COUGH SUPRESSANTS",R05C B Mucolytics,R05C B06 Ambroxol,26763,AMBROXOLUM,Oral Liquid Ordinary," oral solution 7,5 mg/ml flask with dropper 40 ml, with dosing cups, #1",7.5,mg,1.0,Oral liquid,ATC4,R05C B Mucolytics,29430.179999999997,17576.68,13123.07,691.78,0.0
153459,A ALIMENTARY TRACT AND METABOLISM,A10 DRUGS USED IN DIABETS,"A10B BLOOD GLUCOSE LOWERING DRUGS, EXCL. INSULINS",A10B A Biguanides,A10B A02 Metformin,21673,METFORMINUM,Oral Solid Ordinary," tablets coated 850 mg, #30",850.0,mg,30.0,Oral solid,No sampled peer,No sampled peer,133611.01,213377.6,171873.72,160210.91,87452.06
189045,M MUSCULO-SCELETAL SYSTEM,M02 TOPICAL PRODUCTS FOR JOINT AND MUSCULAR PAIN,M02A TOPICAL PRODUCTS FOR JOINT AND MUSCULAR PAIN,"M02A A Antiinflammatory preparations, non-steroids for topical use",M02A A15 Diclofenac,3419,DICLOFENACUM,"Topical Dermatological, Haemorrhoidal, External", gel 50 mg/g tube 45 g,50.0,mg,,Topical,ATC4,"M02A A Antiinflammatory preparations, non-steroids for topical use",62061.35,57202.829999999994,61764.76,40486.600000000006,45399.72000000001
80015,A ALIMENTARY TRACT AND METABOLISM,A10 DRUGS USED IN DIABETS,"A10B BLOOD GLUCOSE LOWERING DRUGS, EXCL. INSULINS",A10B A Biguanides,A10B A02 Metformin,5412,METFORMINUM,Oral Solid Ordinary," tabs coated w/film 500 mg, #30",500.0,mg,30.0,Oral solid,No sampled peer,No sampled peer,81448.46,101521.07,130439.26999999999,117108.01000000002,106456.37000000001
99781,A ALIMENTARY TRACT AND METABOLISM,A02 DRUGS FOR ACID RELATED DISORDERS,A02B DRUGS FOR TREATMENT OF PEPTIC ULCER AND GASTRO-OESOPHAGEAL REFLUX DISEASE,A02B C Proton pump inhibitors,A02B C02 Pantoprazole,37256,PANTOPRAZOLUM,Oral Solid Ordinary," tablets gastroresistant 20 mg, #14",20.0,mg,14.0,Oral solid,No sampled peer,No sampled peer,65055.52,71076.00000000001,70921.87,42655.100000000006,47299.98000000001
193148,M MUSCULO-SCELETAL SYSTEM,M02 TOPICAL PRODUCTS FOR JOINT AND MUSCULAR PAIN,M02A TOPICAL PRODUCTS FOR JOINT AND MUSCULAR PAIN,"M02A A Antiinflammatory preparations, non-steroids for topical use",M02A A15 Diclofenac,26652,DICLOFENACUM,"Topical Dermatological, Haemorrhoidal, External"," emulgel f/ext. applic. 1 % tube 100 g, #1",100.0,g,1.0,Topical,ATC4,"M02A A Antiinflammatory preparations, non-steroids for topical use",76947.23000000001,62493.329999999994,50028.41,43032.20999999999,36188.44
346388,J GENERAL ANTIINFECTIVES FOR SYSTEMIC USE,J01 ANTIBACTERIALS FOR SYSTEMIC USE,"J01F MACROLIDES, LINCOSAMIDES AND STREPTOGRAMINS",J01F A Macrolides,J01F A10 Azithromycin,6669,AZITHROMYCINUM,Oral Liquid Ordinary," powder f/susp. orale 400 mg flask 20 ml, with a dosing syringe, #1",400.0,mg,1.0,Oral liquid,No sampled peer,No sampled peer,83462.29000000001,48732.22000000001,88729.91,47210.08,40749.06
107309,R RESPIRATORY SYSTEM,R05 COUGH AND COLD PREPARATIONS,"R05C EXPECTORANTS, EXCL. COMBINATIONS WITH COUGH SUPRESSANTS",R05C B Mucolytics,R05C B06 Ambroxol,19356,AMBROXOLUM,Oral Liquid Ordinary," oral solution 30 mg/5 ml flask 100 ml, #1",30.0,mg,1.0,Oral liquid,ATC4,R05C B Mucolytics,43052.590000000004,29763.010000000002,22766.45,12432.19,9080.849999999999
391340,J GENERAL ANTIINFECTIVES FOR SYSTEMIC USE,J01 ANTIBACTERIALS FOR SYSTEMIC USE,"J01F MACROLIDES, LINCOSAMIDES AND STREPTOGRAMINS",J01F A Macrolides,J01F A10 Azithromycin,6669,AZITHROMYCINUM,Oral Solid Ordinary," tablets dispersible 500 mg blister, #3",500.0,mg,3.0,Oral solid,No sampled peer,No sampled peer,64801.17,70134.97,53697.71,32078.18,37444.310000000005
265874,G GENITO URINARY SYSTEM AND SEX HORMONES,G04 UROLOGICALS,G04B UROLOGICALS,G04B E Drugs used in erectile dysfunction,G04B E03 Sildenafilum,38544,SILDENAFILUM,Oral Solid Ordinary," tabs coated w/film 50 mg, #1",50.0,mg,1.0,Oral solid,No sampled peer,No sampled peer,61940.280000000006,62854.80999999999,27403.329999999998,18389.670000000002,531.3699999999999
238021,A ALIMENTARY TRACT AND METABOLISM,A02 DRUGS FOR ACID RELATED DISORDERS,A02B DRUGS FOR TREATMENT OF PEPTIC ULCER AND GASTRO-OESOPHAGEAL REFLUX DISEASE,A02B C Proton pump inhibitors,A02B C02 Pantoprazole,18132,PANTOPRAZOLUM,Parenteral Ordinary," liophylizate f/solution f/inj. 40 mg flask, with solvent in ampoules 10 ml, #1",40.0,mg,1.0,Parenteral,No sampled peer,No sampled peer,44879.8,0.0,0.0,0.0,0.0
359472,N NERVOUS SYSTEM,N02 ANALGESICS,N02B OTHER ANALGESICS AND ANTIPYRETICS,N02B F Gabapentinoids,N02B F02 Pregabalin,22071,PREGABALINUM,Oral Solid Ordinary," caps. 75 mg blister, #14",75.0,mg,14.0,Oral solid,ATC3,N02B OTHER ANALGESICS AND ANTIPYRETICS,72496.21,67338.81,72900.26000000001,50141.95,54645.18000000001
331975,A ALIMENTARY TRACT AND METABOLISM,A02 DRUGS FOR ACID RELATED DISORDERS,A02B DRUGS FOR TREATMENT OF PEPTIC ULCER AND GASTRO-OESOPHAGEAL REFLUX DISEASE,A02B C Proton pump inhibitors,A02B C02 Pantoprazole,40260,PANTOPRAZOLUM,Oral Solid Ordinary," tablets gastroresistant 40 mg blister, #28",40.0,mg,28.0,Oral solid,No sampled peer,No sampled peer,50055.03,34561.3,48895.33,33714.35999999999,13270.37
102556,J GENERAL ANTIINFECTIVES FOR SYSTEMIC USE,J01 ANTIBACTERIALS FOR SYSTEMIC USE,"J01F MACROLIDES, LINCOSAMIDES AND STREPTOGRAMINS",J01F A Macrolides,J01F A10 Azithromycin,14656,AZITHROMYCINUM,Oral Solid Ordinary," tabs coated w/film 500 mg blister, #3",500.0,mg,3.0,Oral solid,No sampled peer,No sampled peer,37372.66,64972.98,33998.25,19772.580000000005,5932.009999999999
188780,J GENERAL ANTIINFECTIVES FOR SYSTEMIC USE,J01 ANTIBACTERIALS FOR SYSTEMIC USE,"J01F MACROLIDES, LINCOSAMIDES AND STREPTOGRAMINS",J01F A Macrolides,J01F A10 Azithromycin,12153,AZITHROMYCINUM,Oral Liquid Ordinary," powder f/susp. orale 200 mg/5 ml flask 17,1 g, f/prep. 20 ml susp., #1",200.0,mg,1.0,Oral liquid,No sampled peer,No sampled peer,51021.53999999999,31897.28,46102.24,22463.01,25775.42
62408,C CARDIOVASCULAR SYSTEM,C10 LIPID MODIFYING AGENTS,"C10A LIPID MODIFYING AGENTS, PLAIN",C10A A HMG CoA reductase inhibitors,C10A A05 Atorvastatin,36288,ATORVASTATINUM,Oral Solid Ordinary," tabs coated w/film 20 mg, #90",20.0,mg,90.0,Oral solid,ATC4,C10A A HMG CoA reductase inhibitors,83105.38,80484.19,81375.69,75038.42,88491.81999999999
303599,A ALIMENTARY TRACT AND METABOLISM,A02 DRUGS FOR ACID RELATED DISORDERS,A02B DRUGS FOR TREATMENT OF PEPTIC ULCER AND GASTRO-OESOPHAGEAL REFLUX DISEASE,A02B C Proton pump inhibitors,A02B C02 Pantoprazole,18132,PANTOPRAZOLUM,Oral Solid Ordinary," tabs coat.intest.-soluble 40 mg blister, #32",40.0,mg,32.0,Oral solid,No sampled peer,No sampled peer,75823.56,77136.52999999998,89577.37000000001,75286.59,68742.92
458311,B BLOOD AND BLOOD FORMING ORGANS,B01 ANTITHROMBOTIC AGENTS,B01A ANTITHROMBOTIC AGENTS,B01A C Platelet aggregation inhibitors excl. heparin,B01A C06 Acetylsalicylic acid,15371,ACIDUM ACETYLSALICYLICUM*,Oral Solid Ordinary," tabs intest. solub. 75 mg blister, in box, #100",75.0,mg,100.0,Oral solid,No sampled peer,No sampled peer,95426.69,98806.26000000001,127206.39999999998,108814.4,110096.70999999999
347471,J GENERAL ANTIINFECTIVES FOR SYSTEMIC USE,J01 ANTIBACTERIALS FOR SYSTEMIC USE,J01M QUINOLONE ANTIBACTERIALS,J01M A Fluoroquinolones,J01M A12 Levofloxacin,34409,LEVOFLOXACINUM,Oral Solid Ordinary," tabs coated w/film 500 mg blister, #10",500.0,mg,10.0,Oral solid,No sampled peer,No sampled peer,67325.31999999999,107703.81999999998,91608.27,56886.280000000006,42374.770000000004
339878,M MUSCULO-SCELETAL SYSTEM,M01 ANTIINFLAMMATORY AND ANTIRHEUMATIC PRODUCTS,"M01A ANTIINFLAMMATORY AND ANTIRHEUMATIC PRODUCTS, NON-STEROIDS",M01A C Oxicams,M01A C06 Meloxicam,31913,MELOXICAMUM,Parenteral Ordinary," sol.  for inj. 15 mg/1,5 ml amp. 1,5 ml, #5",15.0,mg,5.0,Parenteral,ATC3,"M01A ANTIINFLAMMATORY AND ANTIRHEUMATIC PRODUCTS, NON-STEROIDS",97204.23999999999,94519.99999999999,94036.25,79539.50999999998,86555.07
115657,J GENERAL ANTIINFECTIVES FOR SYSTEMIC USE,J01 ANTIBACTERIALS FOR SYSTEMIC USE,J01M QUINOLONE ANTIBACTERIALS,J01M A Fluoroquinolones,J01M A12 Levofloxacin,12478,LEVOFLOXACINUM,Oral Solid Ordinary," tablets coated 500 mg blister, #10",500.0,mg,10.0,Oral solid,No sampled peer,No sampled peer,46281.280000000006,67669.04,81688.32,63477.039999999986,59017.509999999995
282123,G GENITO URINARY SYSTEM AND SEX HORMONES,G04 UROLOGICALS,G04B UROLOGICALS,G04B E Drugs used in erectile dysfunction,G04B E03 Sildenafilum,13128,SILDENAFILUM,Oral Solid Ordinary," tabs 100 mg blister, #2",100.0,mg,2.0,Oral solid,No sampled peer,No sampled peer,70446.79999999999,51621.979999999996,53963.39,34052.50000000001,45650.13
275451,C CARDIOVASCULAR SYSTEM,C10 LIPID MODIFYING AGENTS,"C10A LIPID MODIFYING AGENTS, PLAIN",C10A A HMG CoA reductase inhibitors,C10A A05 Atorvastatin,41834,ATORVASTATINUM,Oral Solid Ordinary," tabs coated w/film 20 mg blister, #30",20.0,mg,30.0,Oral solid,ATC4,C10A A HMG CoA reductase inhibitors,78910.41,66212.87,78698.2,76564.48999999999,93331.09999999999
44558,N NERVOUS SYSTEM,N02 ANALGESICS,N02B OTHER ANALGESICS AND ANTIPYRETICS,N02B E Anilides,N02B E01 Paracetamol,24698,PARACETAMOLUM,Oral Liquid Ordinary," syrup polymer.can 100 ml, #1",,,1.0,Oral liquid,ATC3,N02B OTHER ANALGESICS AND ANTIPYRETICS,24048.909999999996,0.0,0.0,0.0,0.0
27414,M MUSCULO-SCELETAL SYSTEM,M01 ANTIINFLAMMATORY AND ANTIRHEUMATIC PRODUCTS,"M01A ANTIINFLAMMATORY AND ANTIRHEUMATIC PRODUCTS, NON-STEROIDS",M01A B Acetic acid derivatives and related substances,M01A B05 Diclofenac,34028,DICLOFENACUM,Rectal systemic," rectal suppository 0,05 g strip, #10",0.05,g,10.0,Rectal/vaginal,ATC3,"M01A ANTIINFLAMMATORY AND ANTIRHEUMATIC PRODUCTS, NON-STEROIDS",64950.62999999999,47134.28999999999,40621.64,36746.299999999996,38373.86
99972,M MUSCULO-SCELETAL SYSTEM,M01 ANTIINFLAMMATORY AND ANTIRHEUMATIC PRODUCTS,"M01A ANTIINFLAMMATORY AND ANTIRHEUMATIC PRODUCTS, NON-STEROIDS",M01A E Propionic acid derivatives,M01A E01 Ibuprofen,21024,IBUPROFENUM,Oral Solid Ordinary," caps. soft 200 mg blister, #10",200.0,mg,10.0,Oral solid,ATC3,"M01A ANTIINFLAMMATORY AND ANTIRHEUMATIC PRODUCTS, NON-STEROIDS",85510.75000000001,103670.68999999999,82250.2,80353.10999999999,70855.25
85814,J GENERAL ANTIINFECTIVES FOR SYSTEMIC USE,J01 ANTIBACTERIALS FOR SYSTEMIC USE,"J01F MACROLIDES, LINCOSAMIDES AND STREPTOGRAMINS",J01F A Macrolides,J01F A10 Azithromycin,45901,AZITHROMYCINUM,Oral Solid Ordinary," tabs coated w/film 500 mg, #3",500.0,mg,3.0,Oral solid,No sampled peer,No sampled peer,44412.13,76264.14,50703.28,33073.420000000006,13986.999999999998
161560,A ALIMENTARY TRACT AND METABOLISM,A10 DRUGS USED IN DIABETS,"A10B BLOOD GLUCOSE LOWERING DRUGS, EXCL. INSULINS",A10B A Biguanides,A10B A02 Metformin,46551,METFORMINUM,Oral Solid Retard," tabs, prolong. action 1000 mg blister, #60",1000.0,mg,60.0,Oral solid,No sampled peer,No sampled peer,75183.78,64919.70999999999,58892.02999999999,47594.51,91771.43
158384,C CARDIOVASCULAR SYSTEM,C08 CALCIUM CHANNEL BLOCKERS,C08C SELECTIVE CALCIUM CHANNEL BLOCKERS WITH MAINLY VASCULAR EFFECTS,C08C A Dihydropyridine derivatives,C08C A01 Amlodipine,13380,AMLODIPINUM,Oral Solid Ordinary," tabs 5 mg blister, #50",5.0,mg,50.0,Oral solid,No sampled peer,No sampled peer,75208.68,36328.130000000005,13744.060000000001,0.0,0.0
107773,C CARDIOVASCULAR SYSTEM,C10 LIPID MODIFYING AGENTS,"C10A LIPID MODIFYING AGENTS, PLAIN",C10A A HMG CoA reductase inhibitors,C10A A05 Atorvastatin,30989,ATORVASTATINUM,Oral Solid Ordinary," tabs coated w/film 20 mg blister, #30",20.0,mg,30.0,Oral solid,ATC4,C10A A HMG CoA reductase inhibitors,72491.31999999999,76295.40000000001,73900.60999999999,46706.56,65574.93000000001
55946,C CARDIOVASCULAR SYSTEM,C10 LIPID MODIFYING AGENTS,"C10A LIPID MODIFYING AGENTS, PLAIN",C10A A HMG CoA reductase inhibitors,C10A A05 Atorvastatin,36288,ATORVASTATINUM,Oral Solid Ordinary," tabs coated w/film 10 mg, #30",10.0,mg,30.0,Oral solid,ATC4,C10A A HMG CoA reductase inhibitors,87790.41,106936.93999999997,125241.80000000002,115628.24000000002,100164.65000000001
226438,C CARDIOVASCULAR SYSTEM,C10 LIPID MODIFYING AGENTS,"C10A LIPID MODIFYING AGENTS, PLAIN",C10A A HMG CoA reductase inhibitors,C10A A07 Rosuvastatin,46856,ROSUVASTATINUM,Oral Solid Ordinary," tabs coated w/film 20 mg blister, #10",20.0,mg,10.0,Oral solid,ATC4,C10A A HMG CoA reductase inhibitors,118707.19999999998,168344.58000000002,213958.59000000003,192417.21,182670.58000000002
429389,J GENERAL ANTIINFECTIVES FOR SYSTEMIC USE,J01 ANTIBACTERIALS FOR SYSTEMIC USE,J01M QUINOLONE ANTIBACTERIALS,J01M A Fluoroquinolones,J01M A12 Levofloxacin,511,LEVOFLOXACINUM,Parenteral Ordinary," sol. f/infus. 5 mg/ml flask 100 ml, #1",5.0,mg,1.0,Parenteral,No sampled peer,No sampled peer,55590.9,61777.74999999999,60021.74,13617.03,6382.17
328698,B BLOOD AND BLOOD FORMING ORGANS,B01 ANTITHROMBOTIC AGENTS,B01A ANTITHROMBOTIC AGENTS,B01A C Platelet aggregation inhibitors excl. heparin,B01A C06 Acetylsalicylic acid,15371,ACIDUM ACETYLSALICYLICUM*,Oral Solid Ordinary," tabs intest. solub. 75 mg blister, in box, #50",75.0,mg,50.0,Oral solid,No sampled peer,No sampled peer,63736.22,70010.9,61688.82000000001,55597.83,50620.259999999995
229237,A ALIMENTARY TRACT AND METABOLISM,A02 DRUGS FOR ACID RELATED DISORDERS,A02B DRUGS FOR TREATMENT OF PEPTIC ULCER AND GASTRO-OESOPHAGEAL REFLUX DISEASE,A02B C Proton pump inhibitors,A02B C02 Pantoprazole,43501,PANTOPRAZOLUM,Parenteral Ordinary," powd.fr-dr., f/prep.s of sol. 40 mg flask, #1",40.0,mg,1.0,Parenteral,No sampled peer,No sampled peer,107021.78,86297.63,59416.58,22227.69,6315.82
282121,G GENITO URINARY SYSTEM AND SEX HORMONES,G04 UROLOGICALS,G04B UROLOGICALS,G04B E Drugs used in erectile dysfunction,G04B E03 Sildenafilum,13128,SILDENAFILUM,Oral Solid Ordinary," tabs 50 mg blister, #2",50.0,mg,2.0,Oral solid,No sampled peer,No sampled peer,79029.68,62038.86000000001,61531.43,38727.71000000001,35663.58
87571,J GENERAL ANTIINFECTIVES FOR SYSTEMIC USE,J02 ANTIMYCOTICS FOR SYSTEMIC USE,J02A ANTIMYCOTICS FOR SYSTEMIC USE,J02A C Triazole and tetrazole derivatives,J02A C01 Fluconazole,35583,FLUCONAZOLUM,Oral Solid Ordinary," caps. 150 mg blister, #2",150.0,mg,2.0,Oral solid,No sampled peer,No sampled peer,64571.729999999996,41954.42,36896.4,34423.979999999996,21228.329999999998
338982,J GENERAL ANTIINFECTIVES FOR SYSTEMIC USE,J01 ANTIBACTERIALS FOR SYSTEMIC USE,J01M QUINOLONE ANTIBACTERIALS,J01M A Fluoroquinolones,J01M A12 Levofloxacin,17413,LEVOFLOXACINUM,Oral Solid Ordinary," tablets coated 500 mg blister, #14",500.0,mg,14.0,Oral solid,No sampled peer,No sampled peer,52539.54,105902.37,139626.16999999998,85352.93,77288.89
133665,A ALIMENTARY TRACT AND METABOLISM,A02 DRUGS FOR ACID RELATED DISORDERS,A02B DRUGS FOR TREATMENT OF PEPTIC ULCER AND GASTRO-OESOPHAGEAL REFLUX DISEASE,A02B C Proton pump inhibitors,A02B C02 Pantoprazole,1098,PANTOPRAZOLUM,Oral Solid Ordinary," tabs coat.intest.-soluble 40 mg blister, #14",40.0,mg,14.0,Oral solid,No sampled peer,No sampled peer,223923.41,111341.06,136485.46,110362.07,173824.00999999998
395519,M MUSCULO-SCELETAL SYSTEM,M01 ANTIINFLAMMATORY AND ANTIRHEUMATIC PRODUCTS,"M01A ANTIINFLAMMATORY AND ANTIRHEUMATIC PRODUCTS, NON-STEROIDS",M01A C Oxicams,M01A C06 Meloxicam,23655,MELOXICAMUM,Parenteral Ordinary," sol.  for inj. 10 mg/ml flask 1,5 ml, contour cell wrap, pack, #5",10.0,mg,5.0,Parenteral,ATC3,"M01A ANTIINFLAMMATORY AND ANTIRHEUMATIC PRODUCTS, NON-STEROIDS",96870.15,72552.47,53906.08,28142.129999999997,35239.89
160829,M MUSCULO-SCELETAL SYSTEM,M01 ANTIINFLAMMATORY AND ANTIRHEUMATIC PRODUCTS,"M01A ANTIINFLAMMATORY AND ANTIRHEUMATIC PRODUCTS, NON-STEROIDS",M01A B Acetic acid derivatives and related substances,M01A B05 Diclofenac,34028,DICLOFENACUM,Rectal systemic," rectal suppository 100 mg strip, #10",100.0,mg,10.0,Rectal/vaginal,ATC3,"M01A ANTIINFLAMMATORY AND ANTIRHEUMATIC PRODUCTS, NON-STEROIDS",100841.1,107430.08,112636.18,115115.58,69360.46999999999
294522,J GENERAL ANTIINFECTIVES FOR SYSTEMIC USE,J01 ANTIBACTERIALS FOR SYSTEMIC USE,J01M QUINOLONE ANTIBACTERIALS,J01M A Fluoroquinolones,J01M A12 Levofloxacin,32949,LEVOFLOXACINUM,Parenteral Ordinary," sol. f/infus. 500 mg/100 ml flask 100 ml, in a pack, #1",500.0,mg,1.0,Parenteral,No sampled peer,No sampled peer,81340.35999999999,131552.11000000002,120678.01,28011.64,9576.890000000001
75273,G GENITO URINARY SYSTEM AND SEX HORMONES,G04 UROLOGICALS,G04B UROLOGICALS,G04B E Drugs used in erectile dysfunction,G04B E03 Sildenafilum,38775,SILDENAFILUM,Oral Solid Ordinary," tabs 50 mg blister, #2",50.0,mg,2.0,Oral solid,No sampled peer,No sampled peer,72800.39,72239.59999999999,109831.39000000001,63715.600000000006,83970.31
379546,M MUSCULO-SCELETAL SYSTEM,M02 TOPICAL PRODUCTS FOR JOINT AND MUSCULAR PAIN,M02A TOPICAL PRODUCTS FOR JOINT AND MUSCULAR PAIN,"M02A A Antiinflammatory preparations, non-steroids for topical use",M02A A15 Diclofenac,32177,DICLOFENACUM,Other systemic," medicinal plaster 140 mg/12 hour pack, #10",140.0,mg,10.0,Other,ATC4,"M02A A Antiinflammatory preparations, non-steroids for topical use",72311.88,75986.87,78830.96,65629.97,52024.96
412509,C CARDIOVASCULAR SYSTEM,C08 CALCIUM CHANNEL BLOCKERS,C08C SELECTIVE CALCIUM CHANNEL BLOCKERS WITH MAINLY VASCULAR EFFECTS,C08C A Dihydropyridine derivatives,C08C A01 Amlodipine,15047,AMLODIPINUM,Oral Solid Ordinary," tabs 10 mg blister, #30",10.0,mg,30.0,Oral solid,No sampled peer,No sampled peer,192429.88999999998,392735.85,494476.57000000007,430753.7699999999,448055.41
43914,G GENITO URINARY SYSTEM AND SEX HORMONES,G04 UROLOGICALS,G04B UROLOGICALS,G04B E Drugs used in erectile dysfunction,G04B E03 Sildenafilum,2547,SILDENAFILUM,Oral Solid Ordinary," tablets coated 100 mg blister, #4",100.0,mg,4.0,Oral solid,No sampled peer,No sampled peer,83570.68000000001,80348.04000000001,92463.84,75778.62,74580.09999999999
503138,J GENERAL ANTIINFECTIVES FOR SYSTEMIC USE,J01 ANTIBACTERIALS FOR SYSTEMIC USE,J01M QUINOLONE ANTIBACTERIALS,J01M A Fluoroquinolones,J01M A12 Levofloxacin,25703,LEVOFLOXACINUM,Parenteral Ordinary," sol. f/infus. 500 mg/100 ml cont. 100 ml, package polyethylene, box, #1",500.0,mg,1.0,Parenteral,No sampled peer,No sampled peer,96223.37000000001,142217.18000000002,124690.13000000002,35082.549999999996,20433.86
142225,C CARDIOVASCULAR SYSTEM,C10 LIPID MODIFYING AGENTS,"C10A LIPID MODIFYING AGENTS, PLAIN",C10A A HMG CoA reductase inhibitors,C10A A07 Rosuvastatin,9998,ROSUVASTATINUM,Oral Solid Ordinary," tabs coated w/film 20 mg blister, #30",20.0,mg,30.0,Oral solid,ATC4,C10A A HMG CoA reductase inhibitors,102627.19,128135.22,171835.38,189395.69999999998,202372.85
379544,M MUSCULO-SCELETAL SYSTEM,M02 TOPICAL PRODUCTS FOR JOINT AND MUSCULAR PAIN,M02A TOPICAL PRODUCTS FOR JOINT AND MUSCULAR PAIN,"M02A A Antiinflammatory preparations, non-steroids for topical use",M02A A15 Diclofenac,32177,DICLOFENACUM,Other systemic," medicinal plaster 140 mg/12 hour pack, #2",140.0,mg,2.0,Other,ATC4,"M02A A Antiinflammatory preparations, non-steroids for topical use",100637.09999999999,102390.23999999999,132465.38999999998,90875.56,79613.51
328378,C CARDIOVASCULAR SYSTEM,C07 BETA BLOCKING AGENTS,C07A BETA-BLOCKING AGENTS,"C07A B Beta blocking agents, selective",C07A B07 Bisoprolol,18260,BISOPROLOLUM,Oral Solid Ordinary," tabs coated w/film 5 mg blister, #90",5.0,mg,90.0,Oral solid,No sampled peer,No sampled peer,96942.84999999999,124868.22,162160.08,166019.38,219408.90999999997
166672,J GENERAL ANTIINFECTIVES FOR SYSTEMIC USE,J01 ANTIBACTERIALS FOR SYSTEMIC USE,"J01F MACROLIDES, LINCOSAMIDES AND STREPTOGRAMINS",J01F A Macrolides,J01F A10 Azithromycin,41973,AZITHROMYCINUM,Oral Liquid Ordinary," powder f/susp. orale 200 mg/5 ml cont. 11,74 g, f/prep. 20 ml susp., #1",200.0,mg,1.0,Oral liquid,No sampled peer,No sampled peer,77611.72,38745.78,35136.24,13535.480000000001,7838.059999999999
96896,N NERVOUS SYSTEM,N02 ANALGESICS,N02B OTHER ANALGESICS AND ANTIPYRETICS,N02B A Salicylic acid and derivatives,N02B A01 Acetylsalicylic acid,19943,ACIDUM ACETYLSALICYLICUM*,Oral Solid Ordinary," tabs 0,5 g blister, in a pack, #10",0.5,g,10.0,Oral solid,ATC3,N02B OTHER ANALGESICS AND ANTIPYRETICS,2001206.4400000002,2029039.4000000001,1501518.31,276592.19999999995,52780.700000000004
265869,G GENITO URINARY SYSTEM AND SEX HORMONES,G04 UROLOGICALS,G04B UROLOGICALS,G04B E Drugs used in erectile dysfunction,G04B E03 Sildenafilum,38544,SILDENAFILUM,Oral Solid Ordinary," tabs coated w/film 100 mg, #1",100.0,mg,1.0,Oral solid,No sampled peer,No sampled peer,95731.65000000001,54645.170000000006,65196.5,16525.100000000002,565.02
129471,J GENERAL ANTIINFECTIVES FOR SYSTEMIC USE,J01 ANTIBACTERIALS FOR SYSTEMIC USE,J01M QUINOLONE ANTIBACTERIALS,J01M A Fluoroquinolones,J01M A12 Levofloxacin,44439,LEVOFLOXACINUM,Parenteral Ordinary," sol. f/infus. 5 mg/ml bot. 150 ml, #1",5.0,mg,1.0,Parenteral,No sampled peer,No sampled peer,53548.5,81037.3,66198.74,16396.969999999998,8826.13
175046,M MUSCULO-SCELETAL SYSTEM,M01 ANTIINFLAMMATORY AND ANTIRHEUMATIC PRODUCTS,"M01A ANTIINFLAMMATORY AND ANTIRHEUMATIC PRODUCTS, NON-STEROIDS",M01A B Acetic acid derivatives and related substances,M01A B05 Diclofenac,38986,DICLOFENACUM,Parenteral Ordinary," sol.  for inj. 75 mg amp. 3 ml, #5",75.0,mg,5.0,Parenteral,ATC3,"M01A ANTIINFLAMMATORY AND ANTIRHEUMATIC PRODUCTS, NON-STEROIDS",92901.36,48897.11,55074.04999999999,50905.71,36066.270000000004
412507,C CARDIOVASCULAR SYSTEM,C08 CALCIUM CHANNEL BLOCKERS,C08C SELECTIVE CALCIUM CHANNEL BLOCKERS WITH MAINLY VASCULAR EFFECTS,C08C A Dihydropyridine derivatives,C08C A01 Amlodipine,15047,AMLODIPINUM,Oral Solid Ordinary," tabs 5 mg blister, #30",5.0,mg,30.0,Oral solid,No sampled peer,No sampled peer,177730.09999999998,364212.94,483712.94999999995,581446.1,421629.27
226432,C CARDIOVASCULAR SYSTEM,C10 LIPID MODIFYING AGENTS,"C10A LIPID MODIFYING AGENTS, PLAIN",C10A A HMG CoA reductase inhibitors,C10A A07 Rosuvastatin,46856,ROSUVASTATINUM,Oral Solid Ordinary," tabs coated w/film 10 mg blister, #10",10.0,mg,10.0,Oral solid,ATC4,C10A A HMG CoA reductase inhibitors,133842.44,177996.52000000002,203064.03,182181.37,166864.83
111467,M MUSCULO-SCELETAL SYSTEM,M01 ANTIINFLAMMATORY AND ANTIRHEUMATIC PRODUCTS,"M01A ANTIINFLAMMATORY AND ANTIRHEUMATIC PRODUCTS, NON-STEROIDS",M01A E Propionic acid derivatives,M01A E01 Ibuprofen,38669,IBUPROFENUM,Oral Solid Ordinary," tablets coated 200 mg, #24",200.0,mg,24.0,Oral solid,ATC3,"M01A ANTIINFLAMMATORY AND ANTIRHEUMATIC PRODUCTS, NON-STEROIDS",30803.289999999997,236.73,0.0,0.0,0.0
167894,J GENERAL ANTIINFECTIVES FOR SYSTEMIC USE,J01 ANTIBACTERIALS FOR SYSTEMIC USE,"J01F MACROLIDES, LINCOSAMIDES AND STREPTOGRAMINS",J01F A Macrolides,J01F A10 Azithromycin,41973,AZITHROMYCINUM,Oral Solid Ordinary," caps. 250 mg cont., #6",250.0,mg,6.0,Oral solid,No sampled peer,No sampled peer,65353.2,68377.74999999999,45738.04000000001,17819.280000000002,6045.37
358332,J GENERAL ANTIINFECTIVES FOR SYSTEMIC USE,J01 ANTIBACTERIALS FOR SYSTEMIC USE,J01M QUINOLONE ANTIBACTERIALS,J01M A Fluoroquinolones,J01M A12 Levofloxacin,27250,LEVOFLOXACINUM,Parenteral Ordinary," sol. f/infus. 500 mg/100 ml flask 100 ml, #1",500.0,mg,1.0,Parenteral,No sampled peer,No sampled peer,102997.09000000001,150441.09,155990.56,38664.189999999995,18998.510000000002
187616,J GENERAL ANTIINFECTIVES FOR SYSTEMIC USE,J01 ANTIBACTERIALS FOR SYSTEMIC USE,J01D OTHER BETA-LACTAM ANTIBACTERIALS,J01D D Third-generation cephalosporins,J01D D04 Ceftriaxone,12555,CEFTRIAXONUM,Parenteral Ordinary," powd.fr-dr., f/sol. f/in. 1000 mg flask, #1",1000.0,mg,1.0,Parenteral,No sampled peer,No sampled peer,36053.59,0.0,0.0,0.0,0.0
429398,J GENERAL ANTIINFECTIVES FOR SYSTEMIC USE,J01 ANTIBACTERIALS FOR SYSTEMIC USE,J01M QUINOLONE ANTIBACTERIALS,J01M A Fluoroquinolones,J01M A12 Levofloxacin,511,LEVOFLOXACINUM,Oral Solid Ordinary," tabs coated w/film 500 mg blister, #5",500.0,mg,5.0,Oral solid,No sampled peer,No sampled peer,64657.70000000001,131297.31,163958.27000000002,64479.05,41123.950000000004
365097,J GENERAL ANTIINFECTIVES FOR SYSTEMIC USE,J02 ANTIMYCOTICS FOR SYSTEMIC USE,J02A ANTIMYCOTICS FOR SYSTEMIC USE,J02A C Triazole and tetrazole derivatives,J02A C01 Fluconazole,16714,FLUCONAZOLUM,Oral Solid Ordinary," tabs 50 mg blister, #10",50.0,mg,10.0,Oral solid,No sampled peer,No sampled peer,83746.76,87037.87,81135.57,59455.200000000004,46420.56999999999
98159,C CARDIOVASCULAR SYSTEM,C10 LIPID MODIFYING AGENTS,"C10A LIPID MODIFYING AGENTS, PLAIN",C10A A HMG CoA reductase inhibitors,C10A A05 Atorvastatin,29322,ATORVASTATINUM,Oral Solid Ordinary," tabs coated w/film 10 mg blister, #30",10.0,mg,30.0,Oral solid,ATC4,C10A A HMG CoA reductase inhibitors,97450.59000000001,95546.31999999999,99118.48000000001,79475.96,78543.53000000001
149166,N NERVOUS SYSTEM,N02 ANALGESICS,N02B OTHER ANALGESICS AND ANTIPYRETICS,N02B F Gabapentinoids,N02B F02 Pregabalin,4705,PREGABALINUM,Oral Solid Ordinary," caps. 75 mg blister, #14",75.0,mg,14.0,Oral solid,ATC3,N02B OTHER ANALGESICS AND ANTIPYRETICS,104684.01999999999,135409.97,159178.21000000002,190190.90000000002,237417.35
173922,B BLOOD AND BLOOD FORMING ORGANS,B01 ANTITHROMBOTIC AGENTS,B01A ANTITHROMBOTIC AGENTS,B01A C Platelet aggregation inhibitors excl. heparin,B01A C06 Acetylsalicylic acid,9584,ACIDUM ACETYLSALICYLICUM*,Oral Solid Ordinary," tabs coated w/film 150 mg flask, #30",150.0,mg,30.0,Oral solid,No sampled peer,No sampled peer,86970.09999999999,107562.28,172513.06,95838.38,92711.58
145587,N NERVOUS SYSTEM,N06 PSYCHOANALEPTICS,"N06B PSYCHOSTIMULANTS, AGENTS USED FOR ADHD AND NOOTROPICS",N06B X Other psychostimulants and nootropics,N06B X06 Citicoline,29551,CITICOLINUM,Parenteral Ordinary," sol.  for inj. 1000 mg/4 ml amp. 4 ml, blister in the box, #10",1000.0,mg,10.0,Parenteral,No sampled peer,No sampled peer,94558.15999999999,75382.27,84581.64,72336.3,69378.23
37680,J GENERAL ANTIINFECTIVES FOR SYSTEMIC USE,J02 ANTIMYCOTICS FOR SYSTEMIC USE,J02A ANTIMYCOTICS FOR SYSTEMIC USE,J02A C Triazole and tetrazole derivatives,J02A C01 Fluconazole,35583,FLUCONAZOLUM,Oral Solid Ordinary," caps. 150 mg blister, #1",150.0,mg,1.0,Oral solid,No sampled peer,No sampled peer,91435.19,66547.83,52347.28,113086.83000000002,123757.98
174220,A ALIMENTARY TRACT AND METABOLISM,A10 DRUGS USED IN DIABETS,"A10B BLOOD GLUCOSE LOWERING DRUGS, EXCL. INSULINS",A10B A Biguanides,A10B A02 Metformin,46551,METFORMINUM,Oral Solid Ordinary," tabs coated w/film 1000 mg blister, #30",1000.0,mg,30.0,Oral solid,No sampled peer,No sampled peer,14160.749999999998,451.28000000000003,52.279999999999994,21.18,1.5
298005,M MUSCULO-SCELETAL SYSTEM,M01 ANTIINFLAMMATORY AND ANTIRHEUMATIC PRODUCTS,"M01A ANTIINFLAMMATORY AND ANTIRHEUMATIC PRODUCTS, NON-STEROIDS",M01A E Propionic acid derivatives,M01A E01 Ibuprofen,21024,IBUPROFENUM,Oral Solid Ordinary," caps. soft 400 mg blister, #6",400.0,mg,6.0,Oral solid,ATC3,"M01A ANTIINFLAMMATORY AND ANTIRHEUMATIC PRODUCTS, NON-STEROIDS",132023.63,11949.149999999998,219.71999999999997,0.0,0.0
149388,B BLOOD AND BLOOD FORMING ORGANS,B01 ANTITHROMBOTIC AGENTS,B01A ANTITHROMBOTIC AGENTS,B01A C Platelet aggregation inhibitors excl. heparin,B01A C06 Acetylsalicylic acid,49421,ACIDUM ACETYLSALICYLICUM*,Oral Solid Ordinary," tabs coat.intest.-soluble 100 mg blister, #56",100.0,mg,56.0,Oral solid,No sampled peer,No sampled peer,326141.62,849804.4,1226041.0899999999,894744.2299999999,64363.42999999999
44557,N NERVOUS SYSTEM,N02 ANALGESICS,N02B OTHER ANALGESICS AND ANTIPYRETICS,N02B E Anilides,N02B E01 Paracetamol,24698,PARACETAMOLUM,Oral Liquid Ordinary," syrup flask 100 ml, #1",,,1.0,Oral liquid,ATC3,N02B OTHER ANALGESICS AND ANTIPYRETICS,102169.93999999999,113006.68000000002,102238.4,76408.42,113221.00999999998
346396,J GENERAL ANTIINFECTIVES FOR SYSTEMIC USE,J01 ANTIBACTERIALS FOR SYSTEMIC USE,"J01F MACROLIDES, LINCOSAMIDES AND STREPTOGRAMINS",J01F A Macrolides,J01F A10 Azithromycin,6669,AZITHROMYCINUM,Oral Liquid Ordinary," powder f/susp. orale 600 mg flask 15 ml, with a dosing syringe, #1",600.0,mg,1.0,Oral liquid,No sampled peer,No sampled peer,71672.45999999999,40334.86,27167.36,16828.249999999996,23655.319999999996
198142,A ALIMENTARY TRACT AND METABOLISM,A02 DRUGS FOR ACID RELATED DISORDERS,A02B DRUGS FOR TREATMENT OF PEPTIC ULCER AND GASTRO-OESOPHAGEAL REFLUX DISEASE,A02B C Proton pump inhibitors,A02B C02 Pantoprazole,1673,PANTOPRAZOLUM,Oral Solid Ordinary," tabs intest. solub. 40 mg, #14",40.0,mg,14.0,Oral solid,No sampled peer,No sampled peer,73744.68999999999,31914.03,63250.6,48830.740000000005,55328.42999999999
80191,C CARDIOVASCULAR SYSTEM,C07 BETA BLOCKING AGENTS,C07A BETA-BLOCKING AGENTS,"C07A B Beta blocking agents, selective",C07A B07 Bisoprolol,15061,BISOPROLOLUM,Oral Solid Ordinary," tabs 10 mg blister, pack, #30",10.0,mg,30.0,Oral solid,No sampled peer,No sampled peer,88569.33,90937.98999999999,96308.45999999998,119267.06999999999,135161.56
316961,G GENITO URINARY SYSTEM AND SEX HORMONES,G04 UROLOGICALS,G04B UROLOGICALS,G04B E Drugs used in erectile dysfunction,G04B E03 Sildenafilum,6797,SILDENAFILUM,Oral Solid Ordinary," tabs coated w/film 100 mg blister, #4",100.0,mg,4.0,Oral solid,No sampled peer,No sampled peer,106421.31,100028.61,82515.98000000001,84137.06000000001,108577.9
153461,A ALIMENTARY TRACT AND METABOLISM,A10 DRUGS USED IN DIABETS,"A10B BLOOD GLUCOSE LOWERING DRUGS, EXCL. INSULINS",A10B A Biguanides,A10B A02 Metformin,21673,METFORMINUM,Oral Solid Ordinary," tablets coated 850 mg, #100",850.0,mg,100.0,Oral solid,No sampled peer,No sampled peer,83720.00999999998,68962.35,59249.909999999996,46871.08999999999,36433.87
426013,J GENERAL ANTIINFECTIVES FOR SYSTEMIC USE,J01 ANTIBACTERIALS FOR SYSTEMIC USE,J01D OTHER BETA-LACTAM ANTIBACTERIALS,J01D D Third-generation cephalosporins,J01D D04 Ceftriaxone,12555,CEFTRIAXONUM,Parenteral Ordinary," powd.fr-dr., f/sol. f/in. 1000 mg flask, #10",1000.0,mg,10.0,Parenteral,No sampled peer,No sampled peer,79983.09,95085.76000000001,83405.59999999999,22914.689999999995,20630.56
375231,N NERVOUS SYSTEM,N02 ANALGESICS,N02B OTHER ANALGESICS AND ANTIPYRETICS,N02B F Gabapentinoids,N02B F02 Pregabalin,19443,PREGABALINUM,Oral Solid Ordinary," caps. 75 mg blister in pack, #20",75.0,mg,20.0,Oral solid,ATC3,N02B OTHER ANALGESICS AND ANTIPYRETICS,96811.19000000002,92042.27000000002,114907.56,130275.31000000001,163049.00999999998
154846,C CARDIOVASCULAR SYSTEM,C08 CALCIUM CHANNEL BLOCKERS,C08C SELECTIVE CALCIUM CHANNEL BLOCKERS WITH MAINLY VASCULAR EFFECTS,C08C A Dihydropyridine derivatives,C08C A01 Amlodipine,15047,AMLODIPINUM,Oral Solid Ordinary," tabs 5 mg, #30",5.0,mg,30.0,Oral solid,No sampled peer,No sampled peer,151109.47,0.0,0.0,0.0,0.0
111468,M MUSCULO-SCELETAL SYSTEM,M01 ANTIINFLAMMATORY AND ANTIRHEUMATIC PRODUCTS,"M01A ANTIINFLAMMATORY AND ANTIRHEUMATIC PRODUCTS, NON-STEROIDS",M01A E Propionic acid derivatives,M01A E01 Ibuprofen,38669,IBUPROFENUM,Oral Solid Ordinary," tablets coated 200 mg, #12",200.0,mg,12.0,Oral solid,ATC3,"M01A ANTIINFLAMMATORY AND ANTIRHEUMATIC PRODUCTS, NON-STEROIDS",26697.950000000004,456.50999999999993,0.0,0.0,0.0
46781,J GENERAL ANTIINFECTIVES FOR SYSTEMIC USE,J01 ANTIBACTERIALS FOR SYSTEMIC USE,"J01F MACROLIDES, LINCOSAMIDES AND STREPTOGRAMINS",J01F A Macrolides,J01F A10 Azithromycin,2228,AZITHROMYCINUM,Oral Solid Ordinary," caps. 250 mg blister, #6",250.0,mg,6.0,Oral solid,No sampled peer,No sampled peer,57568.81,55971.18,45697.68000000001,33880.340000000004,22175.950000000004
440792,M MUSCULO-SCELETAL SYSTEM,M01 ANTIINFLAMMATORY AND ANTIRHEUMATIC PRODUCTS,"M01A ANTIINFLAMMATORY AND ANTIRHEUMATIC PRODUCTS, NON-STEROIDS",M01A B Acetic acid derivatives and related substances,M01A B05 Diclofenac,15823,DICLOFENACUM,Rectal systemic," suppository 100 mg strip, in cardboard packing, #10",100.0,mg,10.0,Rectal/vaginal,ATC3,"M01A ANTIINFLAMMATORY AND ANTIRHEUMATIC PRODUCTS, NON-STEROIDS",93082.68,92350.34,103889.54999999999,65734.20999999999,59515.08
21184,M MUSCULO-SCELETAL SYSTEM,M02 TOPICAL PRODUCTS FOR JOINT AND MUSCULAR PAIN,M02A TOPICAL PRODUCTS FOR JOINT AND MUSCULAR PAIN,"M02A A Antiinflammatory preparations, non-steroids for topical use",M02A A15 Diclofenac,26652,DICLOFENACUM,"Topical Dermatological, Haemorrhoidal, External"," emulgel f/ext. applic. 1 % tube 20 g, #1",20.0,g,1.0,Topical,ATC4,"M02A A Antiinflammatory preparations, non-steroids for topical use",112523.51999999999,89019.75,95427.98000000001,59303.14,48139.670000000006
77310,C CARDIOVASCULAR SYSTEM,C08 CALCIUM CHANNEL BLOCKERS,C08C SELECTIVE CALCIUM CHANNEL BLOCKERS WITH MAINLY VASCULAR EFFECTS,C08C A Dihydropyridine derivatives,C08C A01 Amlodipine,15047,AMLODIPINUM,Oral Solid Ordinary," tabs 10 mg blister, #20",10.0,mg,20.0,Oral solid,No sampled peer,No sampled peer,86202.27,24745.170000000002,26983.140000000007,11069.210000000001,3745.6300000000006
75274,G GENITO URINARY SYSTEM AND SEX HORMONES,G04 UROLOGICALS,G04B UROLOGICALS,G04B E Drugs used in erectile dysfunction,G04B E03 Sildenafilum,38775,SILDENAFILUM,Oral Solid Ordinary," tabs 50 mg blister, #4",50.0,mg,4.0,Oral solid,No sampled peer,No sampled peer,87771.9,90173.10999999999,123681.95999999999,128263.09000000001,211157.06
39718,N NERVOUS SYSTEM,N02 ANALGESICS,N02B OTHER ANALGESICS AND ANTIPYRETICS,N02B E Anilides,N02B E01 Paracetamol,24698,PARACETAMOLUM,Rectal systemic," rectal suppository 0,33 g strip, #10",0.33,g,10.0,Rectal/vaginal,ATC3,N02B OTHER ANALGESICS AND ANTIPYRETICS,70725.16,72557.99,73352.26000000001,65851.16,90696.14
4073,J GENERAL ANTIINFECTIVES FOR SYSTEMIC USE,J01 ANTIBACTERIALS FOR SYSTEMIC USE,"J01F MACROLIDES, LINCOSAMIDES AND STREPTOGRAMINS",J01F A Macrolides,J01F A10 Azithromycin,6669,AZITHROMYCINUM,Oral Solid Ordinary," caps. 250 mg, #6",250.0,mg,6.0,Oral solid,No sampled peer,No sampled peer,69906.48999999999,102665.40000000001,89389.82,73768.07,73489.89
156975,M MUSCULO-SCELETAL SYSTEM,M02 TOPICAL PRODUCTS FOR JOINT AND MUSCULAR PAIN,M02A TOPICAL PRODUCTS FOR JOINT AND MUSCULAR PAIN,"M02A A Antiinflammatory preparations, non-steroids for topical use",M02A A15 Diclofenac,34043,DICLOFENACUM,"Topical Dermatological, Haemorrhoidal, External"," gel 5 % tube 100 g, #1",100.0,g,1.0,Topical,ATC4,"M02A A Antiinflammatory preparations, non-steroids for topical use",93299.19999999998,89568.22,98496.25999999998,78958.95999999999,75724.75000000001
20731,C CARDIOVASCULAR SYSTEM,C07 BETA BLOCKING AGENTS,C07A BETA-BLOCKING AGENTS,"C07A B Beta blocking agents, selective",C07A B07 Bisoprolol,11958,BISOPROLOLUM,Oral Solid Ordinary," tabs coated w/film 10 mg, #50",10.0,mg,50.0,Oral solid,No sampled peer,No sampled peer,125829.45,91517.36,110085.52999999998,113921.58999999998,101633.43999999999
61934,M MUSCULO-SCELETAL SYSTEM,M01 ANTIINFLAMMATORY AND ANTIRHEUMATIC PRODUCTS,"M01A ANTIINFLAMMATORY AND ANTIRHEUMATIC PRODUCTS, NON-STEROIDS",M01A C Oxicams,M01A C06 Meloxicam,40955,MELOXICAMUM,Oral Solid Ordinary," tabs 15 mg blister, #20",15.0,mg,20.0,Oral solid,ATC3,"M01A ANTIINFLAMMATORY AND ANTIRHEUMATIC PRODUCTS, NON-STEROIDS",123502.38,121253.68000000001,117723.5,114036.82,180262.03
240890,R RESPIRATORY SYSTEM,R05 COUGH AND COLD PREPARATIONS,"R05C EXPECTORANTS, EXCL. COMBINATIONS WITH COUGH SUPRESSANTS",R05C B Mucolytics,R05C B06 Ambroxol,19722,AMBROXOLUM,Parenteral Ordinary," sol. f/infus. 7,5 mg/ml amp. 2 ml, in a pack, #10",7.5,mg,10.0,Parenteral,ATC4,R05C B Mucolytics,41867.209999999985,23982.89,17018.190000000002,6139.219999999999,2868.949999999999
142216,C CARDIOVASCULAR SYSTEM,C10 LIPID MODIFYING AGENTS,"C10A LIPID MODIFYING AGENTS, PLAIN",C10A A HMG CoA reductase inhibitors,C10A A07 Rosuvastatin,9998,ROSUVASTATINUM,Oral Solid Ordinary," tabs coated w/film 10 mg blister, #30",10.0,mg,30.0,Oral solid,ATC4,C10A A HMG CoA reductase inhibitors,116069.93,147054.58,183022.62,160651.16,182664.97
189499,R RESPIRATORY SYSTEM,R05 COUGH AND COLD PREPARATIONS,"R05C EXPECTORANTS, EXCL. COMBINATIONS WITH COUGH SUPRESSANTS",R05C B Mucolytics,R05C B06 Ambroxol,10170,AMBROXOLUM,Oral Liquid Ordinary, syrup 15 mg/5 ml flask 100 ml,15.0,mg,,Oral liquid,ATC4,R05C B Mucolytics,137689.80000000002,108959.67999999998,68569.72,16907.04,6379.839999999998
295143,R RESPIRATORY SYSTEM,R05 COUGH AND COLD PREPARATIONS,"R05C EXPECTORANTS, EXCL. COMBINATIONS WITH COUGH SUPRESSANTS",R05C B Mucolytics,R05C B06 Ambroxol,7585,AMBROXOLUM,Oral Liquid Ordinary," syrup 30 mg/5 ml flask 200 ml, #1",30.0,mg,1.0,Oral liquid,ATC4,R05C B Mucolytics,44499.030000000006,42351.73,58296.74999999999,51530.39,42246.35
128560,R RESPIRATORY SYSTEM,R05 COUGH AND COLD PREPARATIONS,"R05C EXPECTORANTS, EXCL. COMBINATIONS WITH COUGH SUPRESSANTS",R05C B Mucolytics,R05C B06 Ambroxol,7585,AMBROXOLUM,Oral Liquid Ordinary," syrup 15 mg/5 ml flask 200 ml, with measuring cap, #1",15.0,mg,1.0,Oral liquid,ATC4,R05C B Mucolytics,85706.22,60356.95999999999,80816.89,54509.149999999994,57326.90999999999
158387,C CARDIOVASCULAR SYSTEM,C08 CALCIUM CHANNEL BLOCKERS,C08C SELECTIVE CALCIUM CHANNEL BLOCKERS WITH MAINLY VASCULAR EFFECTS,C08C A Dihydropyridine derivatives,C08C A01 Amlodipine,13380,AMLODIPINUM,Oral Solid Ordinary," tabs 10 mg blister, #30",10.0,mg,30.0,Oral solid,No sampled peer,No sampled peer,101312.73,144815.27,210845.7,0.0,0.0
137687,N NERVOUS SYSTEM,N02 ANALGESICS,N02B OTHER ANALGESICS AND ANTIPYRETICS,N02B E Anilides,N02B E01 Paracetamol,40567,PARACETAMOLUM,Oral Solid Ordinary," tablets coated 500 mg, #20",500.0,mg,20.0,Oral solid,ATC3,N02B OTHER ANALGESICS AND ANTIPYRETICS,53534.50000000001,93352.17999999996,66157.65,32530.909999999996,2638.4500000000003
289658,C CARDIOVASCULAR SYSTEM,C07 BETA BLOCKING AGENTS,C07A BETA-BLOCKING AGENTS,"C07A B Beta blocking agents, selective",C07A B07 Bisoprolol,28528,BISOPROLOLUM,Oral Solid Ordinary," tabs 2,5 mg blister, #50",2.5,mg,50.0,Oral solid,No sampled peer,No sampled peer,94161.48,79170.84,86373.2,66985.68000000001,97190.77
71570,C CARDIOVASCULAR SYSTEM,C07 BETA BLOCKING AGENTS,C07A BETA-BLOCKING AGENTS,"C07A B Beta blocking agents, selective",C07A B07 Bisoprolol,11958,BISOPROLOLUM,Oral Solid Ordinary," tabs coated w/film 5 mg, #30",5.0,mg,30.0,Oral solid,No sampled peer,No sampled peer,142138.35,123382.58000000002,160147.88,156436.06999999998,191011.23
153460,A ALIMENTARY TRACT AND METABOLISM,A10 DRUGS USED IN DIABETS,"A10B BLOOD GLUCOSE LOWERING DRUGS, EXCL. INSULINS",A10B A Biguanides,A10B A02 Metformin,21673,METFORMINUM,Oral Solid Ordinary," tablets coated 500 mg, #100",500.0,mg,100.0,Oral solid,No sampled peer,No sampled peer,91969.77999999998,84692.57,82981.42000000001,45746.64,46679.310000000005
153457,A ALIMENTARY TRACT AND METABOLISM,A10 DRUGS USED IN DIABETS,"A10B BLOOD GLUCOSE LOWERING DRUGS, EXCL. INSULINS",A10B A Biguanides,A10B A02 Metformin,21673,METFORMINUM,Oral Solid Ordinary," tablets coated 500 mg, #30",500.0,mg,30.0,Oral solid,No sampled peer,No sampled peer,190686.91,287968.06999999995,266302.39999999997,157557.81,118414.93999999999
150197,R RESPIRATORY SYSTEM,R05 COUGH AND COLD PREPARATIONS,"R05C EXPECTORANTS, EXCL. COMBINATIONS WITH COUGH SUPRESSANTS",R05C B Mucolytics,R05C B06 Ambroxol,44262,AMBROXOLUM,Oral Solid Retard," tabs, prolong. action 75 mg blister, #20",75.0,mg,20.0,Oral solid,ATC4,R05C B Mucolytics,74348.75000000001,37579.950000000004,14540.48,3786.8199999999993,209.91
166220,M MUSCULO-SCELETAL SYSTEM,M01 ANTIINFLAMMATORY AND ANTIRHEUMATIC PRODUCTS,"M01A ANTIINFLAMMATORY AND ANTIRHEUMATIC PRODUCTS, NON-STEROIDS",M01A E Propionic acid derivatives,M01A E01 Ibuprofen,10059,IBUPROFENUM,Oral Solid Ordinary," caps. soft 200 mg blister, #10",200.0,mg,10.0,Oral solid,ATC3,"M01A ANTIINFLAMMATORY AND ANTIRHEUMATIC PRODUCTS, NON-STEROIDS",86701.79000000001,68923.11,50214.490000000005,45960.78999999999,34605.82
297709,J GENERAL ANTIINFECTIVES FOR SYSTEMIC USE,J02 ANTIMYCOTICS FOR SYSTEMIC USE,J02A ANTIMYCOTICS FOR SYSTEMIC USE,J02A C Triazole and tetrazole derivatives,J02A C01 Fluconazole,36007,FLUCONAZOLUM,Oral Solid Ordinary," caps. solid 150 mg blister, #1",150.0,mg,1.0,Oral solid,No sampled peer,No sampled peer,98443.94000000002,87108.78,79472.56999999999,20898.25,30796.7
265877,G GENITO URINARY SYSTEM AND SEX HORMONES,G04 UROLOGICALS,G04B UROLOGICALS,G04B E Drugs used in erectile dysfunction,G04B E03 Sildenafilum,38544,SILDENAFILUM,Oral Solid Ordinary," tabs coated w/film 50 mg, #4",50.0,mg,4.0,Oral solid,No sampled peer,No sampled peer,104354.73,110120.01999999999,72459.43000000001,53155.369999999995,1462.9800000000002
412475,J GENERAL ANTIINFECTIVES FOR SYSTEMIC USE,J01 ANTIBACTERIALS FOR SYSTEMIC USE,J01M QUINOLONE ANTIBACTERIALS,J01M A Fluoroquinolones,J01M A12 Levofloxacin,44219,LEVOFLOXACINUM,Oral Solid Ordinary," tabs coated w/film 500 mg blister, #5",500.0,mg,5.0,Oral solid,No sampled peer,No sampled peer,92102.83999999998,95414.28000000001,87710.75,49523.84999999999,66295.39
62890,N NERVOUS SYSTEM,N02 ANALGESICS,N02B OTHER ANALGESICS AND ANTIPYRETICS,N02B A Salicylic acid and derivatives,N02B A01 Acetylsalicylic acid,8959,ACIDUM ACETYLSALICYLICUM*,Oral Solid Ordinary," tab. sparkling 500 mg strip, in box, #16",500.0,mg,16.0,Oral solid,ATC3,N02B OTHER ANALGESICS AND ANTIPYRETICS,92654.15999999999,112500.84000000001,108290.59,95334.86000000002,87875.37
390966,J GENERAL ANTIINFECTIVES FOR SYSTEMIC USE,J01 ANTIBACTERIALS FOR SYSTEMIC USE,J01M QUINOLONE ANTIBACTERIALS,J01M A Fluoroquinolones,J01M A12 Levofloxacin,34684,LEVOFLOXACINUM,Parenteral Ordinary," sol. f/infus. 500 mg bot. 100 ml, in a pack, #1",500.0,mg,1.0,Parenteral,No sampled peer,No sampled peer,74821.3,80172.06999999999,58476.06999999999,14966.65,7897.660000000002
337563,J GENERAL ANTIINFECTIVES FOR SYSTEMIC USE,J02 ANTIMYCOTICS FOR SYSTEMIC USE,J02A ANTIMYCOTICS FOR SYSTEMIC USE,J02A C Triazole and tetrazole derivatives,J02A C01 Fluconazole,16714,FLUCONAZOLUM,Oral Solid Ordinary," tabs 100 mg blister, #10",100.0,mg,10.0,Oral solid,No sampled peer,No sampled peer,112109.28,130228.51000000001,148333.06,108692.52,92966.2
229235,N NERVOUS SYSTEM,N06 PSYCHOANALEPTICS,"N06B PSYCHOSTIMULANTS, AGENTS USED FOR ADHD AND NOOTROPICS",N06B X Other psychostimulants and nootropics,N06B X06 Citicoline,23575,CITICOLINUM,Oral Solid Ordinary," tablets coated 500 mg blister, #30",500.0,mg,30.0,Oral solid,No sampled peer,No sampled peer,120937.78,115953.29999999999,135734.06,110884.45,137799.45999999996
140706,M MUSCULO-SCELETAL SYSTEM,M01 ANTIINFLAMMATORY AND ANTIRHEUMATIC PRODUCTS,"M01A ANTIINFLAMMATORY AND ANTIRHEUMATIC PRODUCTS, NON-STEROIDS",M01A B Acetic acid derivatives and related substances,M01A B05 Diclofenac,34043,DICLOFENACUM,Parenteral Ordinary," sol.  for inj. 75 mg amp. 3 ml, #5",75.0,mg,5.0,Parenteral,ATC3,"M01A ANTIINFLAMMATORY AND ANTIRHEUMATIC PRODUCTS, NON-STEROIDS",102702.43999999999,89673.85,71449.3,54620.19000000001,41621.21
75916,C CARDIOVASCULAR SYSTEM,C07 BETA BLOCKING AGENTS,C07A BETA-BLOCKING AGENTS,"C07A B Beta blocking agents, selective",C07A B07 Bisoprolol,5372,BISOPROLOLUM,Oral Solid Ordinary," tabs coated w/film 5 mg blister, #30",5.0,mg,30.0,Oral solid,No sampled peer,No sampled peer,103518.2,99357.78,93383.73999999999,82521.42,52783.89
33003,J GENERAL ANTIINFECTIVES FOR SYSTEMIC USE,J01 ANTIBACTERIALS FOR SYSTEMIC USE,J01D OTHER BETA-LACTAM ANTIBACTERIALS,J01D D Third-generation cephalosporins,J01D D04 Ceftriaxone,21539,CEFTRIAXONUM,Parenteral Ordinary," powd.fr-dr., f/sol. f/in. 500 mg flask, #1",500.0,mg,1.0,Parenteral,No sampled peer,No sampled peer,77535.84999999999,49519.36,31915.69,15613.25,12067.23
63512,M MUSCULO-SCELETAL SYSTEM,M01 ANTIINFLAMMATORY AND ANTIRHEUMATIC PRODUCTS,"M01A ANTIINFLAMMATORY AND ANTIRHEUMATIC PRODUCTS, NON-STEROIDS",M01A E Propionic acid derivatives,M01A E01 Ibuprofen,21024,IBUPROFENUM,Oral Solid Ordinary," tablets coated 400 mg blister, #24",400.0,mg,24.0,Oral solid,ATC3,"M01A ANTIINFLAMMATORY AND ANTIRHEUMATIC PRODUCTS, NON-STEROIDS",74698.67,2939.0000000000005,23084.82,53905.5,44543.04
64112,C CARDIOVASCULAR SYSTEM,C08 CALCIUM CHANNEL BLOCKERS,C08C SELECTIVE CALCIUM CHANNEL BLOCKERS WITH MAINLY VASCULAR EFFECTS,C08C A Dihydropyridine derivatives,C08C A01 Amlodipine,15047,AMLODIPINUM,Oral Solid Ordinary," tabs 5 mg blister, #30",5.0,mg,30.0,Oral solid,No sampled peer,No sampled peer,156889.52,138643.95,71609.79000000001,41304.020000000004,19121.66
25402,N NERVOUS SYSTEM,N02 ANALGESICS,N02B OTHER ANALGESICS AND ANTIPYRETICS,N02B E Anilides,N02B E01 Paracetamol,24698,PARACETAMOLUM,Oral Solid Ordinary," tabs 200 mg blister, #10",200.0,mg,10.0,Oral solid,ATC3,N02B OTHER ANALGESICS AND ANTIPYRETICS,61608.39,337458.53,151920.81000000003,77111.91,19100.690000000002
84659,R RESPIRATORY SYSTEM,R05 COUGH AND COLD PREPARATIONS,"R05C EXPECTORANTS, EXCL. COMBINATIONS WITH COUGH SUPRESSANTS",R05C B Mucolytics,R05C B01 Acetylcysteine,45790,ACETYLCYSTEINUM,Oral Liquid Ordinary," powder f/oral solution 600 mg pack 3 g, #10",600.0,mg,10.0,Oral liquid,ATC4,R05C B Mucolytics,58431.27,42223.6,34545.32,23349.409999999996,23670.1
85398,M MUSCULO-SCELETAL SYSTEM,M02 TOPICAL PRODUCTS FOR JOINT AND MUSCULAR PAIN,M02A TOPICAL PRODUCTS FOR JOINT AND MUSCULAR PAIN,"M02A A Antiinflammatory preparations, non-steroids for topical use",M02A A15 Diclofenac,34028,DICLOFENACUM,"Topical Dermatological, Haemorrhoidal, External"," gel 10 mg/g tube 40 g, #1",10.0,mg,1.0,Topical,ATC4,"M02A A Antiinflammatory preparations, non-steroids for topical use",131544.59,85498.05,47764.16000000001,13469.679999999997,20760.97
77283,R RESPIRATORY SYSTEM,R05 COUGH AND COLD PREPARATIONS,"R05C EXPECTORANTS, EXCL. COMBINATIONS WITH COUGH SUPRESSANTS",R05C B Mucolytics,R05C B06 Ambroxol,19356,AMBROXOLUM,Oral Liquid Ordinary, oral solution 15 mg/5 ml flask 100 ml,15.0,mg,,Oral liquid,ATC4,R05C B Mucolytics,77259.38999999998,14464.460000000001,31393.309999999998,17160.960000000003,17847.63
174137,J GENERAL ANTIINFECTIVES FOR SYSTEMIC USE,J01 ANTIBACTERIALS FOR SYSTEMIC USE,"J01F MACROLIDES, LINCOSAMIDES AND STREPTOGRAMINS",J01F A Macrolides,J01F A10 Azithromycin,2228,AZITHROMYCINUM,Oral Liquid Ordinary," powder f/susp. orale 200 mg/5 ml flask 30 ml, w/gauge syringe & measure sp., #1",200.0,mg,1.0,Oral liquid,No sampled peer,No sampled peer,98069.29000000001,51914.450000000004,65501.73999999999,36869.7,48146.67
77308,C CARDIOVASCULAR SYSTEM,C08 CALCIUM CHANNEL BLOCKERS,C08C SELECTIVE CALCIUM CHANNEL BLOCKERS WITH MAINLY VASCULAR EFFECTS,C08C A Dihydropyridine derivatives,C08C A01 Amlodipine,15047,AMLODIPINUM,Oral Solid Ordinary," tabs 5 mg blister, #30",5.0,mg,30.0,Oral solid,No sampled peer,No sampled peer,111317.94999999998,115250.18,72367.27999999998,77034.03,56786.14
314746,M MUSCULO-SCELETAL SYSTEM,M01 ANTIINFLAMMATORY AND ANTIRHEUMATIC PRODUCTS,"M01A ANTIINFLAMMATORY AND ANTIRHEUMATIC PRODUCTS, NON-STEROIDS",M01A E Propionic acid derivatives,M01A E01 Ibuprofen,38669,IBUPROFENUM,Oral Liquid Ordinary," oral suspens. 100 mg/5 ml flask 200 ml, with orange taste",100.0,mg,,Oral liquid,ATC3,"M01A ANTIINFLAMMATORY AND ANTIRHEUMATIC PRODUCTS, NON-STEROIDS",84484.47,70696.87999999999,69780.29,80674.34000000001,92612.11
305387,J GENERAL ANTIINFECTIVES FOR SYSTEMIC USE,J01 ANTIBACTERIALS FOR SYSTEMIC USE,J01M QUINOLONE ANTIBACTERIALS,J01M A Fluoroquinolones,J01M A12 Levofloxacin,26340,LEVOFLOXACINUM,Parenteral Ordinary," sol. f/infus. 5 mg/ml flask 100 ml, #1",5.0,mg,1.0,Parenteral,No sampled peer,No sampled peer,73291.36,63265.880000000005,38105.27,8523.45,7218.89
39298,R RESPIRATORY SYSTEM,R05 COUGH AND COLD PREPARATIONS,"R05C EXPECTORANTS, EXCL. COMBINATIONS WITH COUGH SUPRESSANTS",R05C B Mucolytics,R05C B06 Ambroxol,21463,AMBROXOLUM,Oral Solid Ordinary," tabs 30 mg blister, #20",30.0,mg,20.0,Oral solid,ATC4,R05C B Mucolytics,68536.19,29387.750000000004,11228.220000000001,2267.15,6564.91
84713,G GENITO URINARY SYSTEM AND SEX HORMONES,G04 UROLOGICALS,G04B UROLOGICALS,G04B E Drugs used in erectile dysfunction,G04B E03 Sildenafilum,13128,SILDENAFILUM,Oral Solid Ordinary," tabs 50 mg blister, #1",50.0,mg,1.0,Oral solid,No sampled peer,No sampled peer,146030.36,145847.22999999998,134553.82,85503.72,73942.72
330018,M MUSCULO-SCELETAL SYSTEM,M01 ANTIINFLAMMATORY AND ANTIRHEUMATIC PRODUCTS,"M01A ANTIINFLAMMATORY AND ANTIRHEUMATIC PRODUCTS, NON-STEROIDS",M01A E Propionic acid derivatives,M01A E01 Ibuprofen,38669,IBUPROFENUM,Oral Liquid Ordinary," oral suspens. 100 mg/5 ml flask 200 ml, with strawberry taste",100.0,mg,,Oral liquid,ATC3,"M01A ANTIINFLAMMATORY AND ANTIRHEUMATIC PRODUCTS, NON-STEROIDS",90753.87,73140.09999999998,79068.88999999998,81922.64,54377.0
125394,C CARDIOVASCULAR SYSTEM,C08 CALCIUM CHANNEL BLOCKERS,C08C SELECTIVE CALCIUM CHANNEL BLOCKERS WITH MAINLY VASCULAR EFFECTS,C08C A Dihydropyridine derivatives,C08C A01 Amlodipine,15047,AMLODIPINUM,Oral Solid Ordinary," tabs 10 mg blister, #30",10.0,mg,30.0,Oral solid,No sampled peer,No sampled peer,110571.79000000001,126104.64000000001,149283.77,161234.69999999998,173090.61
55947,C CARDIOVASCULAR SYSTEM,C10 LIPID MODIFYING AGENTS,"C10A LIPID MODIFYING AGENTS, PLAIN",C10A A HMG CoA reductase inhibitors,C10A A05 Atorvastatin,36288,ATORVASTATINUM,Oral Solid Ordinary," tabs coated w/film 20 mg, #30",20.0,mg,30.0,Oral solid,ATC4,C10A A HMG CoA reductase inhibitors,145074.35,148388.27,202687.78000000003,182880.78000000003,178641.93
325115,J GENERAL ANTIINFECTIVES FOR SYSTEMIC USE,J02 ANTIMYCOTICS FOR SYSTEMIC USE,J02A ANTIMYCOTICS FOR SYSTEMIC USE,J02A C Triazole and tetrazole derivatives,J02A C01 Fluconazole,49884,FLUCONAZOLUM,Oral Solid Ordinary," caps. 150 mg blister, #1",150.0,mg,1.0,Oral solid,No sampled peer,No sampled peer,58962.75,20505.91,14293.949999999999,5488.580000000002,2888.7400000000002
459867,J GENERAL ANTIINFECTIVES FOR SYSTEMIC USE,J01 ANTIBACTERIALS FOR SYSTEMIC USE,J01D OTHER BETA-LACTAM ANTIBACTERIALS,J01D D Third-generation cephalosporins,J01D D04 Ceftriaxone,32031,CEFTRIAXONUM,Parenteral Ordinary," powd.fr-dr., f/sol. f/in. 1 g flask, #1",1.0,g,1.0,Parenteral,No sampled peer,No sampled peer,105413.85999999999,8038.19,0.0,0.0,0.0
5949,M MUSCULO-SCELETAL SYSTEM,M01 ANTIINFLAMMATORY AND ANTIRHEUMATIC PRODUCTS,"M01A ANTIINFLAMMATORY AND ANTIRHEUMATIC PRODUCTS, NON-STEROIDS",M01A B Acetic acid derivatives and related substances,M01A B05 Diclofenac,26652,DICLOFENACUM,Parenteral Ordinary," sol.  for inj. 75 mg amp. 3 ml, #5",75.0,mg,5.0,Parenteral,ATC3,"M01A ANTIINFLAMMATORY AND ANTIRHEUMATIC PRODUCTS, NON-STEROIDS",134849.77999999997,139375.62000000002,142175.02000000002,95132.86,117046.13999999998
63930,N NERVOUS SYSTEM,N02 ANALGESICS,N02B OTHER ANALGESICS AND ANTIPYRETICS,N02B E Anilides,N02B E01 Paracetamol,22673,PARACETAMOLUM,Rectal systemic," rectal suppository 150 mg blister, #10",150.0,mg,10.0,Rectal/vaginal,ATC3,N02B OTHER ANALGESICS AND ANTIPYRETICS,95126.33,81008.76999999999,87106.54,77643.73999999999,78353.78
75148,M MUSCULO-SCELETAL SYSTEM,M01 ANTIINFLAMMATORY AND ANTIRHEUMATIC PRODUCTS,"M01A ANTIINFLAMMATORY AND ANTIRHEUMATIC PRODUCTS, NON-STEROIDS",M01A B Acetic acid derivatives and related substances,M01A B05 Diclofenac,32177,DICLOFENACUM,Oral Solid Retard," caps. w/ prolong. action 100 mg, #20",100.0,mg,20.0,Oral solid,ATC3,"M01A ANTIINFLAMMATORY AND ANTIRHEUMATIC PRODUCTS, NON-STEROIDS",144301.27,131233.79000000004,127140.75000000001,102970.64000000001,96065.20000000001
237957,R RESPIRATORY SYSTEM,R05 COUGH AND COLD PREPARATIONS,"R05C EXPECTORANTS, EXCL. COMBINATIONS WITH COUGH SUPRESSANTS",R05C B Mucolytics,R05C B06 Ambroxol,21463,AMBROXOLUM,Oral Liquid Ordinary," syrup 30 mg/5 ml glass fl. 100 ml, with doser-spoon, in a pack, #1",30.0,mg,1.0,Oral liquid,ATC4,R05C B Mucolytics,10487.05,0.0,0.0,0.0,0.0
141461,J GENERAL ANTIINFECTIVES FOR SYSTEMIC USE,J01 ANTIBACTERIALS FOR SYSTEMIC USE,J01M QUINOLONE ANTIBACTERIALS,J01M A Fluoroquinolones,J01M A12 Levofloxacin,17413,LEVOFLOXACINUM,Oral Solid Ordinary," tablets coated 500 mg, #10",500.0,mg,10.0,Oral solid,No sampled peer,No sampled peer,85351.31999999999,150916.0,173338.36000000002,59362.26,30273.170000000002
346397,J GENERAL ANTIINFECTIVES FOR SYSTEMIC USE,J01 ANTIBACTERIALS FOR SYSTEMIC USE,"J01F MACROLIDES, LINCOSAMIDES AND STREPTOGRAMINS",J01F A Macrolides,J01F A10 Azithromycin,6669,AZITHROMYCINUM,Oral Liquid Ordinary," powder f/susp. orale 1200 mg flask 30 ml, with a dosing syringe, #1",1200.0,mg,1.0,Oral liquid,No sampled peer,No sampled peer,108261.70999999999,87172.7,121384.42000000001,75019.93,61742.35
379545,M MUSCULO-SCELETAL SYSTEM,M02 TOPICAL PRODUCTS FOR JOINT AND MUSCULAR PAIN,M02A TOPICAL PRODUCTS FOR JOINT AND MUSCULAR PAIN,"M02A A Antiinflammatory preparations, non-steroids for topical use",M02A A15 Diclofenac,32177,DICLOFENACUM,Other systemic," medicinal plaster 140 mg/12 hour pack, #5",140.0,mg,5.0,Other,ATC4,"M02A A Antiinflammatory preparations, non-steroids for topical use",122362.49,132852.07,159288.90000000002,96305.34,123290.17
99782,A ALIMENTARY TRACT AND METABOLISM,A02 DRUGS FOR ACID RELATED DISORDERS,A02B DRUGS FOR TREATMENT OF PEPTIC ULCER AND GASTRO-OESOPHAGEAL REFLUX DISEASE,A02B C Proton pump inhibitors,A02B C02 Pantoprazole,37256,PANTOPRAZOLUM,Oral Solid Ordinary," tablets gastroresistant 40 mg, #14",40.0,mg,14.0,Oral solid,No sampled peer,No sampled peer,126942.79999999999,131821.09,138148.37999999998,92236.38,81816.01000000001
84715,G GENITO URINARY SYSTEM AND SEX HORMONES,G04 UROLOGICALS,G04B UROLOGICALS,G04B E Drugs used in erectile dysfunction,G04B E03 Sildenafilum,13128,SILDENAFILUM,Oral Solid Ordinary," tabs 100 mg blister, #1",100.0,mg,1.0,Oral solid,No sampled peer,No sampled peer,145324.91999999998,148398.21,147729.38,92025.64000000001,98158.18999999999
68731,J GENERAL ANTIINFECTIVES FOR SYSTEMIC USE,J01 ANTIBACTERIALS FOR SYSTEMIC USE,J01D OTHER BETA-LACTAM ANTIBACTERIALS,J01D D Third-generation cephalosporins,J01D D04 Ceftriaxone,21539,CEFTRIAXONUM,Parenteral Ordinary," powd.fr-dr., f/sol. f/in. 0,5 g flask, #1",0.5,g,1.0,Parenteral,No sampled peer,No sampled peer,127167.94,129091.33,139231.76,87883.15,92055.79000000001
92551,R RESPIRATORY SYSTEM,R05 COUGH AND COLD PREPARATIONS,"R05C EXPECTORANTS, EXCL. COMBINATIONS WITH COUGH SUPRESSANTS",R05C B Mucolytics,R05C B06 Ambroxol,21463,AMBROXOLUM,Oral Solid Ordinary," tabs 30 mg blister, #20",30.0,mg,20.0,Oral solid,ATC4,R05C B Mucolytics,88181.57999999999,76655.89,96498.84000000001,64137.13,45985.56
485057,C CARDIOVASCULAR SYSTEM,C08 CALCIUM CHANNEL BLOCKERS,C08C SELECTIVE CALCIUM CHANNEL BLOCKERS WITH MAINLY VASCULAR EFFECTS,C08C A Dihydropyridine derivatives,C08C A01 Amlodipine,15047,AMLODIPINUM,Oral Solid Ordinary," tabs 5 mg cont. cell pack, in a pack, #20",5.0,mg,20.0,Oral solid,No sampled peer,No sampled peer,97840.69,77969.09,63767.32000000001,111050.23,158956.59999999998
273079,M MUSCULO-SCELETAL SYSTEM,M02 TOPICAL PRODUCTS FOR JOINT AND MUSCULAR PAIN,M02A TOPICAL PRODUCTS FOR JOINT AND MUSCULAR PAIN,"M02A A Antiinflammatory preparations, non-steroids for topical use",M02A A15 Diclofenac,26652,DICLOFENACUM,"Topical Dermatological, Haemorrhoidal, External"," emulgel f/ext. applic. 2,32 % tube 100 g, #1",100.0,g,1.0,Topical,ATC4,"M02A A Antiinflammatory preparations, non-steroids for topical use",181045.78,186017.58,214743.23,127209.12,131253.55
189623,J GENERAL ANTIINFECTIVES FOR SYSTEMIC USE,J01 ANTIBACTERIALS FOR SYSTEMIC USE,J01D OTHER BETA-LACTAM ANTIBACTERIALS,J01D D Third-generation cephalosporins,J01D D04 Ceftriaxone,17550,CEFTRIAXONUM,Parenteral Ordinary," powder for prep. of inj. sol. 1 g flask, #1",1.0,g,1.0,Parenteral,No sampled peer,No sampled peer,72875.09999999999,29236.35,3933.7000000000003,244.59,7.5
80025,A ALIMENTARY TRACT AND METABOLISM,A10 DRUGS USED IN DIABETS,"A10B BLOOD GLUCOSE LOWERING DRUGS, EXCL. INSULINS",A10B A Biguanides,A10B A02 Metformin,5412,METFORMINUM,Oral Solid Ordinary," tabs coated w/film 1000 mg, #30",1000.0,mg,30.0,Oral solid,No sampled peer,No sampled peer,133011.3,157263.01000000004,190854.37,167211.7,209929.48
156357,J GENERAL ANTIINFECTIVES FOR SYSTEMIC USE,J01 ANTIBACTERIALS FOR SYSTEMIC USE,J01M QUINOLONE ANTIBACTERIALS,J01M A Fluoroquinolones,J01M A12 Levofloxacin,17413,LEVOFLOXACINUM,Parenteral Ordinary," sol. f/infus. 0,5 % bot. 100 ml, #1",,,1.0,Parenteral,No sampled peer,No sampled peer,87868.52,244572.37,184185.0,36573.62,16159.810000000001
404627,A ALIMENTARY TRACT AND METABOLISM,A02 DRUGS FOR ACID RELATED DISORDERS,A02B DRUGS FOR TREATMENT OF PEPTIC ULCER AND GASTRO-OESOPHAGEAL REFLUX DISEASE,A02B C Proton pump inhibitors,A02B C02 Pantoprazole,1673,PANTOPRAZOLUM,Parenteral Ordinary," liophylizate f/solution f/inj. 40 mg flask, #1",40.0,mg,1.0,Parenteral,No sampled peer,No sampled peer,221267.85,302292.02999999997,325570.33,200427.45999999996,76929.73999999999
174154,M MUSCULO-SCELETAL SYSTEM,M01 ANTIINFLAMMATORY AND ANTIRHEUMATIC PRODUCTS,"M01A ANTIINFLAMMATORY AND ANTIRHEUMATIC PRODUCTS, NON-STEROIDS",M01A E Propionic acid derivatives,M01A E01 Ibuprofen,10059,IBUPROFENUM,Oral Liquid Ordinary," oral suspens. 200 mg/5 ml flask 100 ml, with aroma of strawberry, #1",200.0,mg,1.0,Oral liquid,ATC3,"M01A ANTIINFLAMMATORY AND ANTIRHEUMATIC PRODUCTS, NON-STEROIDS",115554.94,95346.61999999998,93904.66,82842.23999999999,118825.59999999999
274965,R RESPIRATORY SYSTEM,R05 COUGH AND COLD PREPARATIONS,"R05C EXPECTORANTS, EXCL. COMBINATIONS WITH COUGH SUPRESSANTS",R05C B Mucolytics,R05C B06 Ambroxol,24010,AMBROXOLUM,Parenteral Ordinary," sol.  for inj. 7,5 mg/ml amp. 2 ml, blister in a pack, #5",7.5,mg,5.0,Parenteral,ATC4,R05C B Mucolytics,39768.53999999999,0.0,0.0,0.0,0.0
66199,R RESPIRATORY SYSTEM,R05 COUGH AND COLD PREPARATIONS,"R05C EXPECTORANTS, EXCL. COMBINATIONS WITH COUGH SUPRESSANTS",R05C B Mucolytics,R05C B06 Ambroxol,26763,AMBROXOLUM,Oral Solid Ordinary," tabs 30 mg blister, #20",30.0,mg,20.0,Oral solid,ATC4,R05C B Mucolytics,54875.18,13169.300000000001,1927.6800000000003,30.869999999999997,0.0
32495,A ALIMENTARY TRACT AND METABOLISM,A10 DRUGS USED IN DIABETS,"A10B BLOOD GLUCOSE LOWERING DRUGS, EXCL. INSULINS",A10B A Biguanides,A10B A02 Metformin,10747,METFORMINUM,Oral Solid Ordinary," tabs coated w/film 850 mg, #60",850.0,mg,60.0,Oral solid,No sampled peer,No sampled peer,143029.52000000002,149452.21000000002,142839.25999999998,121101.17,97097.79
328377,C CARDIOVASCULAR SYSTEM,C07 BETA BLOCKING AGENTS,C07A BETA-BLOCKING AGENTS,"C07A B Beta blocking agents, selective",C07A B07 Bisoprolol,18260,BISOPROLOLUM,Oral Solid Ordinary," tabs coated w/film 10 mg blister, #90",10.0,mg,90.0,Oral solid,No sampled peer,No sampled peer,177366.0,164014.22,224330.5,158158.15,169227.94
61936,M MUSCULO-SCELETAL SYSTEM,M01 ANTIINFLAMMATORY AND ANTIRHEUMATIC PRODUCTS,"M01A ANTIINFLAMMATORY AND ANTIRHEUMATIC PRODUCTS, NON-STEROIDS",M01A C Oxicams,M01A C06 Meloxicam,40955,MELOXICAMUM,Oral Solid Ordinary," tabs 7,5 mg blister, #20",7.5,mg,20.0,Oral solid,ATC3,"M01A ANTIINFLAMMATORY AND ANTIRHEUMATIC PRODUCTS, NON-STEROIDS",124727.37999999999,113301.83,108457.65,92590.40999999999,96618.99000000002
42556,J GENERAL ANTIINFECTIVES FOR SYSTEMIC USE,J01 ANTIBACTERIALS FOR SYSTEMIC USE,"J01F MACROLIDES, LINCOSAMIDES AND STREPTOGRAMINS",J01F A Macrolides,J01F A10 Azithromycin,477,AZITHROMYCINUM,Oral Solid Ordinary," caps. 250 mg blister, in a pack, #6",250.0,mg,6.0,Oral solid,No sampled peer,No sampled peer,72523.94,70785.78,41943.81,27744.42,5072.410000000001
13656,M MUSCULO-SCELETAL SYSTEM,M01 ANTIINFLAMMATORY AND ANTIRHEUMATIC PRODUCTS,"M01A ANTIINFLAMMATORY AND ANTIRHEUMATIC PRODUCTS, NON-STEROIDS",M01A E Propionic acid derivatives,M01A E01 Ibuprofen,39013,IBUPROFENUM,Oral Solid Ordinary," tablets coated 200 mg blister in pack, #50",200.0,mg,50.0,Oral solid,ATC3,"M01A ANTIINFLAMMATORY AND ANTIRHEUMATIC PRODUCTS, NON-STEROIDS",342141.92999999993,368632.57,537519.82,392326.4600000001,258112.82000000004
80193,C CARDIOVASCULAR SYSTEM,C07 BETA BLOCKING AGENTS,C07A BETA-BLOCKING AGENTS,"C07A B Beta blocking agents, selective",C07A B07 Bisoprolol,15061,BISOPROLOLUM,Oral Solid Ordinary," tabs 5 mg blister, pack, #30",5.0,mg,30.0,Oral solid,No sampled peer,No sampled peer,133508.73,108759.02,125317.48000000001,127638.06999999998,136380.27
10918,M MUSCULO-SCELETAL SYSTEM,M01 ANTIINFLAMMATORY AND ANTIRHEUMATIC PRODUCTS,"M01A ANTIINFLAMMATORY AND ANTIRHEUMATIC PRODUCTS, NON-STEROIDS",M01A B Acetic acid derivatives and related substances,M01A B05 Diclofenac,13082,DICLOFENACUM,Oral Solid Ordinary," caps. 75 mg blister, #20",75.0,mg,20.0,Oral solid,ATC3,"M01A ANTIINFLAMMATORY AND ANTIRHEUMATIC PRODUCTS, NON-STEROIDS",156685.05,160359.86000000002,150846.7,144459.67,132803.00999999998
83849,C CARDIOVASCULAR SYSTEM,C08 CALCIUM CHANNEL BLOCKERS,C08C SELECTIVE CALCIUM CHANNEL BLOCKERS WITH MAINLY VASCULAR EFFECTS,C08C A Dihydropyridine derivatives,C08C A01 Amlodipine,15047,AMLODIPINUM,Oral Solid Ordinary," tabs 5 mg blister, #10",5.0,mg,10.0,Oral solid,No sampled peer,No sampled peer,121881.32,96488.89,20574.36,20562.999999999996,5984.58
8721,A ALIMENTARY TRACT AND METABOLISM,A10 DRUGS USED IN DIABETS,"A10B BLOOD GLUCOSE LOWERING DRUGS, EXCL. INSULINS",A10B A Biguanides,A10B A02 Metformin,10747,METFORMINUM,Oral Solid Ordinary," tabs coated w/film 500 mg, #60",500.0,mg,60.0,Oral solid,No sampled peer,No sampled peer,149322.4,160401.66999999998,168559.37,145203.90999999997,121931.4
47457,J GENERAL ANTIINFECTIVES FOR SYSTEMIC USE,J01 ANTIBACTERIALS FOR SYSTEMIC USE,J01D OTHER BETA-LACTAM ANTIBACTERIALS,J01D D Third-generation cephalosporins,J01D D04 Ceftriaxone,21521,CEFTRIAXONUM,Parenteral Ordinary," powder for prep. of inj. sol. 1 g flask, #10",1.0,g,10.0,Parenteral,No sampled peer,No sampled peer,89715.34999999998,142647.13,135640.21,49095.73,31195.290000000008
75908,J GENERAL ANTIINFECTIVES FOR SYSTEMIC USE,J01 ANTIBACTERIALS FOR SYSTEMIC USE,"J01F MACROLIDES, LINCOSAMIDES AND STREPTOGRAMINS",J01F A Macrolides,J01F A10 Azithromycin,3410,AZITHROMYCINUM,Oral Solid Ordinary," tablets coated 500 mg strip, #3",500.0,mg,3.0,Oral solid,No sampled peer,No sampled peer,78308.19,83741.79999999999,79918.9,70974.57999999999,42723.63
362332,M MUSCULO-SCELETAL SYSTEM,M01 ANTIINFLAMMATORY AND ANTIRHEUMATIC PRODUCTS,"M01A ANTIINFLAMMATORY AND ANTIRHEUMATIC PRODUCTS, NON-STEROIDS",M01A C Oxicams,M01A C06 Meloxicam,34405,MELOXICAMUM,Parenteral Ordinary," sol.  for inj. 15 mg/1,5 ml amp., #5",15.0,mg,5.0,Parenteral,ATC3,"M01A ANTIINFLAMMATORY AND ANTIRHEUMATIC PRODUCTS, NON-STEROIDS",185796.25,196378.51,221068.26,141137.59,151956.8
98542,M MUSCULO-SCELETAL SYSTEM,M01 ANTIINFLAMMATORY AND ANTIRHEUMATIC PRODUCTS,"M01A ANTIINFLAMMATORY AND ANTIRHEUMATIC PRODUCTS, NON-STEROIDS",M01A B Acetic acid derivatives and related substances,M01A B05 Diclofenac,33947,DICLOFENACUM,Parenteral Ordinary," sol.  for inj. 75 mg amp. 3 ml, #5",75.0,mg,5.0,Parenteral,ATC3,"M01A ANTIINFLAMMATORY AND ANTIRHEUMATIC PRODUCTS, NON-STEROIDS",136014.67,85834.23000000001,60050.229999999996,39069.75000000001,34066.04
9196,J GENERAL ANTIINFECTIVES FOR SYSTEMIC USE,J01 ANTIBACTERIALS FOR SYSTEMIC USE,J01D OTHER BETA-LACTAM ANTIBACTERIALS,J01D D Third-generation cephalosporins,J01D D04 Ceftriaxone,21539,CEFTRIAXONUM,Parenteral Ordinary," powd.fr-dr., f/sol. f/in. 0,5 g flask, #1",0.5,g,1.0,Parenteral,No sampled peer,No sampled peer,119935.93,123516.42,167502.31,48912.78999999999,38230.32
226439,C CARDIOVASCULAR SYSTEM,C10 LIPID MODIFYING AGENTS,"C10A LIPID MODIFYING AGENTS, PLAIN",C10A A HMG CoA reductase inhibitors,C10A A07 Rosuvastatin,46856,ROSUVASTATINUM,Oral Solid Ordinary," tabs coated w/film 20 mg blister, #30",20.0,mg,30.0,Oral solid,ATC4,C10A A HMG CoA reductase inhibitors,155985.19,132958.53,155425.54,132222.27,135156.18
241301,N NERVOUS SYSTEM,N06 PSYCHOANALEPTICS,"N06B PSYCHOSTIMULANTS, AGENTS USED FOR ADHD AND NOOTROPICS",N06B X Other psychostimulants and nootropics,N06B X06 Citicoline,29551,CITICOLINUM,Oral Solid Ordinary," tabs coated w/film 500 mg blister, #20",500.0,mg,20.0,Oral solid,No sampled peer,No sampled peer,159331.41999999998,157356.02,186421.27000000002,194396.43,218576.93999999997
115212,C CARDIOVASCULAR SYSTEM,C07 BETA BLOCKING AGENTS,C07A BETA-BLOCKING AGENTS,"C07A B Beta blocking agents, selective",C07A B07 Bisoprolol,18260,BISOPROLOLUM,Oral Solid Ordinary," tabs 5 mg blister, #20",5.0,mg,20.0,Oral solid,No sampled peer,No sampled peer,123698.72,66450.47,48114.55999999999,27144.280000000002,14826.369999999999
183657,N NERVOUS SYSTEM,N02 ANALGESICS,N02B OTHER ANALGESICS AND ANTIPYRETICS,N02B E Anilides,N02B E01 Paracetamol,22673,PARACETAMOLUM,Oral Liquid Ordinary," oral solution 3 % flask 90 ml, with cochleare volume, #1",,,1.0,Oral liquid,ATC3,N02B OTHER ANALGESICS AND ANTIPYRETICS,122044.81000000001,142546.56,130147.06999999999,124274.06,135073.97999999998
223322,A ALIMENTARY TRACT AND METABOLISM,A10 DRUGS USED IN DIABETS,"A10B BLOOD GLUCOSE LOWERING DRUGS, EXCL. INSULINS",A10B A Biguanides,A10B A02 Metformin,5412,METFORMINUM,Oral Solid Retard," tabs, prolong. action 1000 mg, #30",1000.0,mg,30.0,Oral solid,No sampled peer,No sampled peer,91289.88,56170.649999999994,54361.079999999994,62755.86,62028.54
404546,J GENERAL ANTIINFECTIVES FOR SYSTEMIC USE,J01 ANTIBACTERIALS FOR SYSTEMIC USE,J01D OTHER BETA-LACTAM ANTIBACTERIALS,J01D D Third-generation cephalosporins,J01D D04 Ceftriaxone,32031,CEFTRIAXONUM,Parenteral Ordinary," powd.fr-dr., f/sol. f/in. 1000 mg flask, #1",1000.0,mg,1.0,Parenteral,No sampled peer,No sampled peer,114315.31999999999,39632.0,0.0,0.0,0.0
109796,R RESPIRATORY SYSTEM,R05 COUGH AND COLD PREPARATIONS,"R05C EXPECTORANTS, EXCL. COMBINATIONS WITH COUGH SUPRESSANTS",R05C B Mucolytics,R05C B06 Ambroxol,21463,AMBROXOLUM,Oral Liquid Ordinary," syrup 15 mg/5 ml jar, can 100 ml, with dosing cups",15.0,mg,,Oral liquid,ATC4,R05C B Mucolytics,96514.42000000001,35633.50000000001,42285.65,19514.92,21348.86
56043,M MUSCULO-SCELETAL SYSTEM,M01 ANTIINFLAMMATORY AND ANTIRHEUMATIC PRODUCTS,"M01A ANTIINFLAMMATORY AND ANTIRHEUMATIC PRODUCTS, NON-STEROIDS",M01A B Acetic acid derivatives and related substances,M01A B05 Diclofenac,34028,DICLOFENACUM,Oral Solid Ordinary," caps. 25 mg blister, #30",25.0,mg,30.0,Oral solid,ATC3,"M01A ANTIINFLAMMATORY AND ANTIRHEUMATIC PRODUCTS, NON-STEROIDS",195645.91999999995,229145.77999999997,218747.9,163930.07000000004,40966.840000000004
160194,C CARDIOVASCULAR SYSTEM,C07 BETA BLOCKING AGENTS,C07A BETA-BLOCKING AGENTS,"C07A B Beta blocking agents, selective",C07A B07 Bisoprolol,18260,BISOPROLOLUM,Oral Solid Ordinary," tabs coated w/film 5 mg blister, #30",5.0,mg,30.0,Oral solid,No sampled peer,No sampled peer,255275.36,245672.01,238161.41999999998,236596.08,252576.48000000004
265867,G GENITO URINARY SYSTEM AND SEX HORMONES,G04 UROLOGICALS,G04B UROLOGICALS,G04B E Drugs used in erectile dysfunction,G04B E03 Sildenafilum,38544,SILDENAFILUM,Oral Solid Ordinary," tabs coated w/film 100 mg, #4",100.0,mg,4.0,Oral solid,No sampled peer,No sampled peer,158770.39,132336.4,119649.36000000002,26575.270000000004,151.76
115658,J GENERAL ANTIINFECTIVES FOR SYSTEMIC USE,J01 ANTIBACTERIALS FOR SYSTEMIC USE,J01M QUINOLONE ANTIBACTERIALS,J01M A Fluoroquinolones,J01M A12 Levofloxacin,12478,LEVOFLOXACINUM,Oral Solid Ordinary," tablets coated 750 mg blister, #5",750.0,mg,5.0,Oral solid,No sampled peer,No sampled peer,110829.52,174619.54,150095.2,95786.27999999998,75163.5
407990,M MUSCULO-SCELETAL SYSTEM,M01 ANTIINFLAMMATORY AND ANTIRHEUMATIC PRODUCTS,"M01A ANTIINFLAMMATORY AND ANTIRHEUMATIC PRODUCTS, NON-STEROIDS",M01A B Acetic acid derivatives and related substances,M01A B05 Diclofenac,15081,DICLOFENACUM,Parenteral Ordinary," sol.  for inj. 25 mg/ml amp. 3 ml, #5",25.0,mg,5.0,Parenteral,ATC3,"M01A ANTIINFLAMMATORY AND ANTIRHEUMATIC PRODUCTS, NON-STEROIDS",147291.56,120623.93000000001,134401.30000000002,52865.78,57244.78
317305,R RESPIRATORY SYSTEM,R05 COUGH AND COLD PREPARATIONS,"R05C EXPECTORANTS, EXCL. COMBINATIONS WITH COUGH SUPRESSANTS",R05C B Mucolytics,R05C B01 Acetylcysteine,1952,ACETYLCYSTEINUM,Oral Solid Ordinary," tab. sparkling 600 mg strip, #10",600.0,mg,10.0,Oral solid,ATC4,R05C B Mucolytics,54140.86000000001,12458.970000000001,33972.34,60371.69,32600.82
484420,M MUSCULO-SCELETAL SYSTEM,M02 TOPICAL PRODUCTS FOR JOINT AND MUSCULAR PAIN,M02A TOPICAL PRODUCTS FOR JOINT AND MUSCULAR PAIN,"M02A A Antiinflammatory preparations, non-steroids for topical use",M02A A15 Diclofenac,34028,DICLOFENACUM,"Topical Dermatological, Haemorrhoidal, External"," gel 5 % tube 50 g, in a pack",50.0,g,,Topical,ATC4,"M02A A Antiinflammatory preparations, non-steroids for topical use",228388.1,317040.79000000004,0.0,0.0,0.0
226433,C CARDIOVASCULAR SYSTEM,C10 LIPID MODIFYING AGENTS,"C10A LIPID MODIFYING AGENTS, PLAIN",C10A A HMG CoA reductase inhibitors,C10A A07 Rosuvastatin,46856,ROSUVASTATINUM,Oral Solid Ordinary," tabs coated w/film 10 mg blister, #30",10.0,mg,30.0,Oral solid,ATC4,C10A A HMG CoA reductase inhibitors,174211.38999999998,146465.5,156633.72000000003,121905.15999999999,141643.47
110516,R RESPIRATORY SYSTEM,R05 COUGH AND COLD PREPARATIONS,"R05C EXPECTORANTS, EXCL. COMBINATIONS WITH COUGH SUPRESSANTS",R05C B Mucolytics,R05C B01 Acetylcysteine,6103,ACETYLCYSTEINUM,Oral Liquid Ordinary," powder f/oral solution 200 mg bag, #20",200.0,mg,20.0,Oral liquid,ATC4,R05C B Mucolytics,102068.26,108077.73999999999,104816.85,84780.94,67952.67
80027,A ALIMENTARY TRACT AND METABOLISM,A10 DRUGS USED IN DIABETS,"A10B BLOOD GLUCOSE LOWERING DRUGS, EXCL. INSULINS",A10B A Biguanides,A10B A02 Metformin,5412,METFORMINUM,Oral Solid Ordinary," tabs coated w/film 1000 mg, #60",1000.0,mg,60.0,Oral solid,No sampled peer,No sampled peer,169524.66999999998,193108.97999999998,214811.1,196553.99000000002,176422.95
39716,N NERVOUS SYSTEM,N02 ANALGESICS,N02B OTHER ANALGESICS AND ANTIPYRETICS,N02B E Anilides,N02B E01 Paracetamol,24698,PARACETAMOLUM,Rectal systemic," rectal suppository 0,17 g strip, #10",0.17,g,10.0,Rectal/vaginal,ATC3,N02B OTHER ANALGESICS AND ANTIPYRETICS,113774.95,79742.29999999999,84054.95999999999,60664.719999999994,69867.45000000001
289656,C CARDIOVASCULAR SYSTEM,C07 BETA BLOCKING AGENTS,C07A BETA-BLOCKING AGENTS,"C07A B Beta blocking agents, selective",C07A B07 Bisoprolol,28528,BISOPROLOLUM,Oral Solid Ordinary," tabs 10 mg blister, #30",10.0,mg,30.0,Oral solid,No sampled peer,No sampled peer,208885.66,156200.01000000004,149356.60999999996,65119.039999999986,76398.84
134646,M MUSCULO-SCELETAL SYSTEM,M01 ANTIINFLAMMATORY AND ANTIRHEUMATIC PRODUCTS,"M01A ANTIINFLAMMATORY AND ANTIRHEUMATIC PRODUCTS, NON-STEROIDS",M01A E Propionic acid derivatives,M01A E01 Ibuprofen,47415,IBUPROFENUM,Oral Liquid Ordinary, oral suspens. 100 mg/5 ml polymer.can 100 ml,100.0,mg,,Oral liquid,ATC3,"M01A ANTIINFLAMMATORY AND ANTIRHEUMATIC PRODUCTS, NON-STEROIDS",121547.27999999998,74928.4,64926.26999999999,45804.67,46166.43
111995,J GENERAL ANTIINFECTIVES FOR SYSTEMIC USE,J01 ANTIBACTERIALS FOR SYSTEMIC USE,J01M QUINOLONE ANTIBACTERIALS,J01M A Fluoroquinolones,J01M A12 Levofloxacin,47674,LEVOFLOXACINUM,Oral Solid Ordinary," tablets coated 500 mg blister, #5",500.0,mg,5.0,Oral solid,No sampled peer,No sampled peer,127507.95,184498.27,219820.4,134870.11,97479.4
404569,J GENERAL ANTIINFECTIVES FOR SYSTEMIC USE,J01 ANTIBACTERIALS FOR SYSTEMIC USE,J01D OTHER BETA-LACTAM ANTIBACTERIALS,J01D D Third-generation cephalosporins,J01D D04 Ceftriaxone,34693,CEFTRIAXONUM,Parenteral Ordinary," powd.fr-dr., f/sol. f/in. 2 g flask, #1",2.0,g,1.0,Parenteral,No sampled peer,No sampled peer,148585.34,130451.77,165667.32,49878.33,28815.72
200616,R RESPIRATORY SYSTEM,R05 COUGH AND COLD PREPARATIONS,"R05C EXPECTORANTS, EXCL. COMBINATIONS WITH COUGH SUPRESSANTS",R05C B Mucolytics,R05C B06 Ambroxol,7585,AMBROXOLUM,Oral Solid Retard," caps. w/ prolong. action 75 mg blister, #10",75.0,mg,10.0,Oral solid,ATC4,R05C B Mucolytics,113225.51999999999,105234.29999999999,105427.4,86773.47999999998,66568.18000000001
103309,M MUSCULO-SCELETAL SYSTEM,M01 ANTIINFLAMMATORY AND ANTIRHEUMATIC PRODUCTS,"M01A ANTIINFLAMMATORY AND ANTIRHEUMATIC PRODUCTS, NON-STEROIDS",M01A B Acetic acid derivatives and related substances,M01A B05 Diclofenac,34028,DICLOFENACUM,Rectal systemic," rectal suppository 0,1 g, #10",0.1,g,10.0,Rectal/vaginal,ATC3,"M01A ANTIINFLAMMATORY AND ANTIRHEUMATIC PRODUCTS, NON-STEROIDS",165426.94,150220.39,138952.60000000003,106323.36,178383.53999999998
193885,M MUSCULO-SCELETAL SYSTEM,M01 ANTIINFLAMMATORY AND ANTIRHEUMATIC PRODUCTS,"M01A ANTIINFLAMMATORY AND ANTIRHEUMATIC PRODUCTS, NON-STEROIDS",M01A C Oxicams,M01A C06 Meloxicam,40955,MELOXICAMUM,Parenteral Ordinary," sol.  for inj. 1 % amp. 1,5 ml, blister, #3",,,3.0,Parenteral,ATC3,"M01A ANTIINFLAMMATORY AND ANTIRHEUMATIC PRODUCTS, NON-STEROIDS",181720.88999999998,11549.329999999996,11131.28,2758.94,18.14
106167,R RESPIRATORY SYSTEM,R05 COUGH AND COLD PREPARATIONS,"R05C EXPECTORANTS, EXCL. COMBINATIONS WITH COUGH SUPRESSANTS",R05C B Mucolytics,R05C B01 Acetylcysteine,44844,ACETYLCYSTEINUM,Oral Solid Ordinary," tab. sparkling 200 mg tube, #20",200.0,mg,20.0,Oral solid,ATC4,R05C B Mucolytics,87081.76999999999,37759.439999999995,3496.16,1921.5600000000002,823.76
86493,M MUSCULO-SCELETAL SYSTEM,M01 ANTIINFLAMMATORY AND ANTIRHEUMATIC PRODUCTS,"M01A ANTIINFLAMMATORY AND ANTIRHEUMATIC PRODUCTS, NON-STEROIDS",M01A C Oxicams,M01A C06 Meloxicam,44100,MELOXICAMUM,Parenteral Ordinary," sol.  for inj. 15 mg amp. 1,5 ml, #3",15.0,mg,3.0,Parenteral,ATC3,"M01A ANTIINFLAMMATORY AND ANTIRHEUMATIC PRODUCTS, NON-STEROIDS",162486.16,102142.05,90531.82,76463.33,83186.22
147084,C CARDIOVASCULAR SYSTEM,C10 LIPID MODIFYING AGENTS,"C10A LIPID MODIFYING AGENTS, PLAIN",C10A A HMG CoA reductase inhibitors,C10A A05 Atorvastatin,29322,ATORVASTATINUM,Oral Solid Ordinary," tabs coated w/film 20 mg blister, #30",20.0,mg,30.0,Oral solid,ATC4,C10A A HMG CoA reductase inhibitors,180595.95,186715.02000000002,207335.25,170408.88999999998,165558.45
55212,J GENERAL ANTIINFECTIVES FOR SYSTEMIC USE,J01 ANTIBACTERIALS FOR SYSTEMIC USE,J01D OTHER BETA-LACTAM ANTIBACTERIALS,J01D D Third-generation cephalosporins,J01D D04 Ceftriaxone,478,CEFTRIAXONUM,Parenteral Ordinary," powd.fr-dr., f/sol. f/in. 1000 mg flask, #12",1000.0,mg,12.0,Parenteral,No sampled peer,No sampled peer,142099.86000000002,163092.96,105696.28000000003,46050.18,23500.239999999998
12028,M MUSCULO-SCELETAL SYSTEM,M02 TOPICAL PRODUCTS FOR JOINT AND MUSCULAR PAIN,M02A TOPICAL PRODUCTS FOR JOINT AND MUSCULAR PAIN,"M02A A Antiinflammatory preparations, non-steroids for topical use",M02A A15 Diclofenac,26652,DICLOFENACUM,"Topical Dermatological, Haemorrhoidal, External"," emulgel f/ext. applic. 1 % tube 50 g, #1",50.0,g,1.0,Topical,ATC4,"M02A A Antiinflammatory preparations, non-steroids for topical use",196726.51000000004,138930.38,121144.23000000001,89491.14000000001,67756.82
444536,C CARDIOVASCULAR SYSTEM,C07 BETA BLOCKING AGENTS,C07A BETA-BLOCKING AGENTS,"C07A B Beta blocking agents, selective",C07A B07 Bisoprolol,18260,BISOPROLOLUM,Oral Solid Ordinary," tabs 10 mg blister, #50",10.0,mg,50.0,Oral solid,No sampled peer,No sampled peer,182639.58000000002,169528.00999999998,166571.82,205596.06,188756.62999999998
99779,A ALIMENTARY TRACT AND METABOLISM,A02 DRUGS FOR ACID RELATED DISORDERS,A02B DRUGS FOR TREATMENT OF PEPTIC ULCER AND GASTRO-OESOPHAGEAL REFLUX DISEASE,A02B C Proton pump inhibitors,A02B C02 Pantoprazole,37256,PANTOPRAZOLUM,Parenteral Ordinary," powd.fr-dr., f/sol. f/in. 40 mg flask, #1",40.0,mg,1.0,Parenteral,No sampled peer,No sampled peer,165334.02,109995.23000000001,82231.54999999999,47168.66999999999,45945.23
110753,R RESPIRATORY SYSTEM,R05 COUGH AND COLD PREPARATIONS,"R05C EXPECTORANTS, EXCL. COMBINATIONS WITH COUGH SUPRESSANTS",R05C B Mucolytics,R05C B01 Acetylcysteine,6103,ACETYLCYSTEINUM,Oral Solid Ordinary," tab. sparkling 200 mg tube, #20",200.0,mg,20.0,Oral solid,ATC4,R05C B Mucolytics,91057.26999999999,62091.909999999996,70555.78,34577.200000000004,32985.340000000004
84714,G GENITO URINARY SYSTEM AND SEX HORMONES,G04 UROLOGICALS,G04B UROLOGICALS,G04B E Drugs used in erectile dysfunction,G04B E03 Sildenafilum,13128,SILDENAFILUM,Oral Solid Ordinary," tabs 50 mg blister, #4",50.0,mg,4.0,Oral solid,No sampled peer,No sampled peer,187726.05000000002,162372.04,167491.68,110468.5,99454.41
448549,A ALIMENTARY TRACT AND METABOLISM,A10 DRUGS USED IN DIABETS,"A10B BLOOD GLUCOSE LOWERING DRUGS, EXCL. INSULINS",A10B A Biguanides,A10B A02 Metformin,39461,METFORMINUM,Oral Solid Ordinary," tabs coated w/film 1000 mg blister, #30",1000.0,mg,30.0,Oral solid,No sampled peer,No sampled peer,692475.77,1781982.0700000003,2088690.8799999997,1690623.68,1968284.96
382998,M MUSCULO-SCELETAL SYSTEM,M01 ANTIINFLAMMATORY AND ANTIRHEUMATIC PRODUCTS,"M01A ANTIINFLAMMATORY AND ANTIRHEUMATIC PRODUCTS, NON-STEROIDS",M01A C Oxicams,M01A C06 Meloxicam,45359,MELOXICAMUM,Parenteral Ordinary," sol.  for inj. 15 mg/1,5 ml amp. 1,5 ml, in container plastik, #5",15.0,mg,5.0,Parenteral,ATC3,"M01A ANTIINFLAMMATORY AND ANTIRHEUMATIC PRODUCTS, NON-STEROIDS",179781.54,164434.22000000003,181391.99,187103.58,190118.84999999998
64114,C CARDIOVASCULAR SYSTEM,C08 CALCIUM CHANNEL BLOCKERS,C08C SELECTIVE CALCIUM CHANNEL BLOCKERS WITH MAINLY VASCULAR EFFECTS,C08C A Dihydropyridine derivatives,C08C A01 Amlodipine,15047,AMLODIPINUM,Oral Solid Ordinary," tabs 10 mg blister, #30",10.0,mg,30.0,Oral solid,No sampled peer,No sampled peer,254485.72000000003,193847.02,93237.72999999998,75227.5,35935.87
138340,M MUSCULO-SCELETAL SYSTEM,M01 ANTIINFLAMMATORY AND ANTIRHEUMATIC PRODUCTS,"M01A ANTIINFLAMMATORY AND ANTIRHEUMATIC PRODUCTS, NON-STEROIDS",M01A E Propionic acid derivatives,M01A E01 Ibuprofen,43283,IBUPROFENUM,Oral Solid Ordinary," caps. soft 400 mg blister, #60",400.0,mg,60.0,Oral solid,ATC3,"M01A ANTIINFLAMMATORY AND ANTIRHEUMATIC PRODUCTS, NON-STEROIDS",166481.53999999998,181972.62,177194.65999999997,148440.47999999998,136416.82
30976,M MUSCULO-SCELETAL SYSTEM,M02 TOPICAL PRODUCTS FOR JOINT AND MUSCULAR PAIN,M02A TOPICAL PRODUCTS FOR JOINT AND MUSCULAR PAIN,"M02A A Antiinflammatory preparations, non-steroids for topical use",M02A A13 Ibuprofen,37050,IBUPROFENUM,"Topical Dermatological, Haemorrhoidal, External"," cream tube 20 g, #1",20.0,g,1.0,Topical,ATC4,"M02A A Antiinflammatory preparations, non-steroids for topical use",134352.13,102024.60000000002,117094.98999999999,61170.26,66858.09
347502,J GENERAL ANTIINFECTIVES FOR SYSTEMIC USE,J01 ANTIBACTERIALS FOR SYSTEMIC USE,J01M QUINOLONE ANTIBACTERIALS,J01M A Fluoroquinolones,J01M A12 Levofloxacin,34409,LEVOFLOXACINUM,Parenteral Ordinary," sol. f/infus. 500 mg/100 ml flask 100 ml, #1",500.0,mg,1.0,Parenteral,No sampled peer,No sampled peer,134946.71,191872.02000000002,163073.16,38351.44,22997.12
122431,M MUSCULO-SCELETAL SYSTEM,M01 ANTIINFLAMMATORY AND ANTIRHEUMATIC PRODUCTS,"M01A ANTIINFLAMMATORY AND ANTIRHEUMATIC PRODUCTS, NON-STEROIDS",M01A E Propionic acid derivatives,M01A E01 Ibuprofen,38669,IBUPROFENUM,Oral Solid Ordinary," caps. soft 200 mg, #10",200.0,mg,10.0,Oral solid,ATC3,"M01A ANTIINFLAMMATORY AND ANTIRHEUMATIC PRODUCTS, NON-STEROIDS",191432.81999999998,214906.4,251128.24,235884.21000000005,253468.66999999998
115213,C CARDIOVASCULAR SYSTEM,C07 BETA BLOCKING AGENTS,C07A BETA-BLOCKING AGENTS,"C07A B Beta blocking agents, selective",C07A B07 Bisoprolol,18260,BISOPROLOLUM,Oral Solid Ordinary," tabs 5 mg blister, #30",5.0,mg,30.0,Oral solid,No sampled peer,No sampled peer,179650.03000000003,110071.21999999999,53567.69,71007.98000000001,54074.11
411651,J GENERAL ANTIINFECTIVES FOR SYSTEMIC USE,J01 ANTIBACTERIALS FOR SYSTEMIC USE,J01D OTHER BETA-LACTAM ANTIBACTERIALS,J01D D Third-generation cephalosporins,J01D D04 Ceftriaxone,28305,CEFTRIAXONUM,Parenteral Ordinary," powd.fr-dr., f/sol. f/in. 1 g flask, #1",1.0,g,1.0,Parenteral,No sampled peer,No sampled peer,192641.72999999998,238293.36,213844.54,71362.93,27748.510000000002
27403,M MUSCULO-SCELETAL SYSTEM,M02 TOPICAL PRODUCTS FOR JOINT AND MUSCULAR PAIN,M02A TOPICAL PRODUCTS FOR JOINT AND MUSCULAR PAIN,"M02A A Antiinflammatory preparations, non-steroids for topical use",M02A A15 Diclofenac,34028,DICLOFENACUM,"Topical Dermatological, Haemorrhoidal, External"," gel 1 % tube 50 g, #1",50.0,g,1.0,Topical,ATC4,"M02A A Antiinflammatory preparations, non-steroids for topical use",176430.05000000002,112303.17000000001,67136.75,38223.100000000006,35056.9
133664,C CARDIOVASCULAR SYSTEM,C10 LIPID MODIFYING AGENTS,"C10A LIPID MODIFYING AGENTS, PLAIN",C10A A HMG CoA reductase inhibitors,C10A A05 Atorvastatin,3572,ATORVASTATINUM,Oral Solid Ordinary," tablets coated 20 mg blister, #28",20.0,mg,28.0,Oral solid,ATC4,C10A A HMG CoA reductase inhibitors,195294.68000000002,183447.18,194869.00999999998,148672.43,138677.32
163873,A ALIMENTARY TRACT AND METABOLISM,A10 DRUGS USED IN DIABETS,"A10B BLOOD GLUCOSE LOWERING DRUGS, EXCL. INSULINS",A10B A Biguanides,A10B A02 Metformin,21673,METFORMINUM,Oral Solid Ordinary," tablets coated 1000 mg, #30",1000.0,mg,30.0,Oral solid,No sampled peer,No sampled peer,380651.4099999999,409139.04,363512.85,308915.69000000006,158098.25000000003
29401,M MUSCULO-SCELETAL SYSTEM,M01 ANTIINFLAMMATORY AND ANTIRHEUMATIC PRODUCTS,"M01A ANTIINFLAMMATORY AND ANTIRHEUMATIC PRODUCTS, NON-STEROIDS",M01A B Acetic acid derivatives and related substances,M01A B05 Diclofenac,47498,DICLOFENACUM,Rectal systemic," suppository 50 mg blister, #10",50.0,mg,10.0,Rectal/vaginal,ATC3,"M01A ANTIINFLAMMATORY AND ANTIRHEUMATIC PRODUCTS, NON-STEROIDS",157486.30000000002,144512.47,151260.46,128434.16,138444.07
108283,J GENERAL ANTIINFECTIVES FOR SYSTEMIC USE,J02 ANTIMYCOTICS FOR SYSTEMIC USE,J02A ANTIMYCOTICS FOR SYSTEMIC USE,J02A C Triazole and tetrazole derivatives,J02A C01 Fluconazole,16714,FLUCONAZOLUM,Oral Solid Ordinary," tabs 200 mg blister, #4",200.0,mg,4.0,Oral solid,No sampled peer,No sampled peer,201133.21000000002,186809.73,206821.72999999995,150725.94999999998,172815.46
6573,M MUSCULO-SCELETAL SYSTEM,M02 TOPICAL PRODUCTS FOR JOINT AND MUSCULAR PAIN,M02A TOPICAL PRODUCTS FOR JOINT AND MUSCULAR PAIN,"M02A A Antiinflammatory preparations, non-steroids for topical use",M02A A13 Ibuprofen,37050,IBUPROFENUM,"Topical Dermatological, Haemorrhoidal, External"," cream tube 100 g, #1",100.0,g,1.0,Topical,ATC4,"M02A A Antiinflammatory preparations, non-steroids for topical use",162801.74999999997,169887.69,195670.47999999995,165056.03,175574.37000000002
273078,M MUSCULO-SCELETAL SYSTEM,M02 TOPICAL PRODUCTS FOR JOINT AND MUSCULAR PAIN,M02A TOPICAL PRODUCTS FOR JOINT AND MUSCULAR PAIN,"M02A A Antiinflammatory preparations, non-steroids for topical use",M02A A15 Diclofenac,26652,DICLOFENACUM,"Topical Dermatological, Haemorrhoidal, External"," emulgel f/ext. applic. 2,32 % tube 50 g, #1",50.0,g,1.0,Topical,ATC4,"M02A A Antiinflammatory preparations, non-steroids for topical use",248373.76,240494.57,206977.70999999996,145864.29,127702.99000000002
95127,M MUSCULO-SCELETAL SYSTEM,M01 ANTIINFLAMMATORY AND ANTIRHEUMATIC PRODUCTS,"M01A ANTIINFLAMMATORY AND ANTIRHEUMATIC PRODUCTS, NON-STEROIDS",M01A E Propionic acid derivatives,M01A E01 Ibuprofen,38669,IBUPROFENUM,Rectal systemic," rectal suppository 60 mg, #10",60.0,mg,10.0,Rectal/vaginal,ATC3,"M01A ANTIINFLAMMATORY AND ANTIRHEUMATIC PRODUCTS, NON-STEROIDS",163116.49000000002,115823.23000000001,130414.81999999999,108569.79000000001,94580.12999999999
55203,J GENERAL ANTIINFECTIVES FOR SYSTEMIC USE,J01 ANTIBACTERIALS FOR SYSTEMIC USE,J01M QUINOLONE ANTIBACTERIALS,J01M A Fluoroquinolones,J01M A12 Levofloxacin,44439,LEVOFLOXACINUM,Parenteral Ordinary," sol. f/infus. 5 mg/ml bot. 100 ml, #1",5.0,mg,1.0,Parenteral,No sampled peer,No sampled peer,135415.36,183341.06999999998,118914.61,35063.97,30320.71
62200,J GENERAL ANTIINFECTIVES FOR SYSTEMIC USE,J01 ANTIBACTERIALS FOR SYSTEMIC USE,"J01F MACROLIDES, LINCOSAMIDES AND STREPTOGRAMINS",J01F A Macrolides,J01F A10 Azithromycin,477,AZITHROMYCINUM,Oral Solid Ordinary," caps. 500 mg blister, #3",500.0,mg,3.0,Oral solid,No sampled peer,No sampled peer,105880.23999999999,136979.46000000002,58600.799999999996,20357.319999999996,15960.34
99300,R RESPIRATORY SYSTEM,R05 COUGH AND COLD PREPARATIONS,"R05C EXPECTORANTS, EXCL. COMBINATIONS WITH COUGH SUPRESSANTS",R05C B Mucolytics,R05C B01 Acetylcysteine,6103,ACETYLCYSTEINUM,Oral Liquid Ordinary," powder f/oral solution 100 mg bag, #20",100.0,mg,20.0,Oral liquid,ATC4,R05C B Mucolytics,150779.64999999997,78196.15,119436.01999999999,59395.880000000005,64903.479999999996
326737,A ALIMENTARY TRACT AND METABOLISM,A02 DRUGS FOR ACID RELATED DISORDERS,A02B DRUGS FOR TREATMENT OF PEPTIC ULCER AND GASTRO-OESOPHAGEAL REFLUX DISEASE,A02B C Proton pump inhibitors,A02B C02 Pantoprazole,1098,PANTOPRAZOLUM,Oral Solid Ordinary," tabs coat.intest.-soluble 20 mg blister, #14",20.0,mg,14.0,Oral solid,No sampled peer,No sampled peer,217066.84,243671.91,298716.71,253161.97000000003,327718.83
115656,J GENERAL ANTIINFECTIVES FOR SYSTEMIC USE,J01 ANTIBACTERIALS FOR SYSTEMIC USE,J01M QUINOLONE ANTIBACTERIALS,J01M A Fluoroquinolones,J01M A12 Levofloxacin,12478,LEVOFLOXACINUM,Oral Solid Ordinary," tablets coated 500 mg blister, #5",500.0,mg,5.0,Oral solid,No sampled peer,No sampled peer,144769.11,225233.81,232507.03,100897.86,64444.0
307537,M MUSCULO-SCELETAL SYSTEM,M01 ANTIINFLAMMATORY AND ANTIRHEUMATIC PRODUCTS,"M01A ANTIINFLAMMATORY AND ANTIRHEUMATIC PRODUCTS, NON-STEROIDS",M01A E Propionic acid derivatives,M01A E01 Ibuprofen,13291,IBUPROFENUM,Oral Solid Ordinary," caps. soft gelatinous 200 mg blister in box, #10",200.0,mg,10.0,Oral solid,ATC3,"M01A ANTIINFLAMMATORY AND ANTIRHEUMATIC PRODUCTS, NON-STEROIDS",138761.53999999998,78508.43,39419.770000000004,60550.59999999999,16505.46
115216,C CARDIOVASCULAR SYSTEM,C07 BETA BLOCKING AGENTS,C07A BETA-BLOCKING AGENTS,"C07A B Beta blocking agents, selective",C07A B07 Bisoprolol,18260,BISOPROLOLUM,Oral Solid Ordinary," tabs 10 mg blister, #30",10.0,mg,30.0,Oral solid,No sampled peer,No sampled peer,202123.54999999996,124468.09,57024.079999999994,50203.67,47267.43
65950,C CARDIOVASCULAR SYSTEM,C08 CALCIUM CHANNEL BLOCKERS,C08C SELECTIVE CALCIUM CHANNEL BLOCKERS WITH MAINLY VASCULAR EFFECTS,C08C A Dihydropyridine derivatives,C08C A01 Amlodipine,15047,AMLODIPINUM,Oral Solid Ordinary," tabs 10 mg blister, #10",10.0,mg,10.0,Oral solid,No sampled peer,No sampled peer,202139.62999999998,169767.53,37234.06999999999,4592.7300000000005,5301.710000000001
63511,M MUSCULO-SCELETAL SYSTEM,M01 ANTIINFLAMMATORY AND ANTIRHEUMATIC PRODUCTS,"M01A ANTIINFLAMMATORY AND ANTIRHEUMATIC PRODUCTS, NON-STEROIDS",M01A E Propionic acid derivatives,M01A E01 Ibuprofen,21024,IBUPROFENUM,Oral Solid Ordinary," tablets coated 400 mg blister, #12",400.0,mg,12.0,Oral solid,ATC3,"M01A ANTIINFLAMMATORY AND ANTIRHEUMATIC PRODUCTS, NON-STEROIDS",157821.62,4820.36,77443.04999999999,81575.73999999999,113011.14
84716,G GENITO URINARY SYSTEM AND SEX HORMONES,G04 UROLOGICALS,G04B UROLOGICALS,G04B E Drugs used in erectile dysfunction,G04B E03 Sildenafilum,13128,SILDENAFILUM,Oral Solid Ordinary," tabs 100 mg blister, #4",100.0,mg,4.0,Oral solid,No sampled peer,No sampled peer,220189.56,181904.59,164813.75999999998,119869.71000000002,142212.62999999998
105737,M MUSCULO-SCELETAL SYSTEM,M01 ANTIINFLAMMATORY AND ANTIRHEUMATIC PRODUCTS,"M01A ANTIINFLAMMATORY AND ANTIRHEUMATIC PRODUCTS, NON-STEROIDS",M01A C Oxicams,M01A C06 Meloxicam,40955,MELOXICAMUM,Rectal systemic," rectal suppository 15 mg blister, #5",15.0,mg,5.0,Rectal/vaginal,ATC3,"M01A ANTIINFLAMMATORY AND ANTIRHEUMATIC PRODUCTS, NON-STEROIDS",224669.33,221814.03000000003,260685.73,189122.81,238777.71000000002
92581,J GENERAL ANTIINFECTIVES FOR SYSTEMIC USE,J01 ANTIBACTERIALS FOR SYSTEMIC USE,J01D OTHER BETA-LACTAM ANTIBACTERIALS,J01D D Third-generation cephalosporins,J01D D04 Ceftriaxone,21539,CEFTRIAXONUM,Parenteral Ordinary," powd.fr-dr., f/sol. f/in. 1 g flask, #1",1.0,g,1.0,Parenteral,No sampled peer,No sampled peer,65472.54000000001,213260.00000000003,135912.31,45402.369999999995,6965.110000000001
158388,C CARDIOVASCULAR SYSTEM,C08 CALCIUM CHANNEL BLOCKERS,C08C SELECTIVE CALCIUM CHANNEL BLOCKERS WITH MAINLY VASCULAR EFFECTS,C08C A Dihydropyridine derivatives,C08C A01 Amlodipine,13380,AMLODIPINUM,Oral Solid Ordinary," tabs 10 mg blister, #50",10.0,mg,50.0,Oral solid,No sampled peer,No sampled peer,133029.75999999998,57447.420000000006,26535.940000000002,0.0,0.0
62795,A ALIMENTARY TRACT AND METABOLISM,A10 DRUGS USED IN DIABETS,"A10B BLOOD GLUCOSE LOWERING DRUGS, EXCL. INSULINS",A10B A Biguanides,A10B A02 Metformin,46551,METFORMINUM,Oral Solid Ordinary," tabs 500 mg blister, #30",500.0,mg,30.0,Oral solid,No sampled peer,No sampled peer,275100.6,405798.95,395820.89999999997,225506.66000000003,104326.31999999999
118086,R RESPIRATORY SYSTEM,R05 COUGH AND COLD PREPARATIONS,"R05C EXPECTORANTS, EXCL. COMBINATIONS WITH COUGH SUPRESSANTS",R05C B Mucolytics,R05C B06 Ambroxol,7585,AMBROXOLUM,Parenteral Ordinary," sol. f/infus. 15 mg/2 ml amp. 2 ml, #10",15.0,mg,10.0,Parenteral,ATC4,R05C B Mucolytics,116825.72999999998,118332.97999999998,102418.28,42458.15000000001,41273.049999999996
69485,J GENERAL ANTIINFECTIVES FOR SYSTEMIC USE,J01 ANTIBACTERIALS FOR SYSTEMIC USE,"J01F MACROLIDES, LINCOSAMIDES AND STREPTOGRAMINS",J01F A Macrolides,J01F A10 Azithromycin,477,AZITHROMYCINUM,Oral Solid Ordinary," caps. 250 mg, #6",250.0,mg,6.0,Oral solid,No sampled peer,No sampled peer,157085.43,200174.82,167157.91999999998,113939.07999999997,66153.2
22862,R RESPIRATORY SYSTEM,R05 COUGH AND COLD PREPARATIONS,"R05C EXPECTORANTS, EXCL. COMBINATIONS WITH COUGH SUPRESSANTS",R05C B Mucolytics,R05C B06 Ambroxol,7585,AMBROXOLUM,Oral Solid Ordinary," tabs 30 mg, #50",30.0,mg,50.0,Oral solid,ATC4,R05C B Mucolytics,114137.26999999999,170606.04,172035.6,135420.46999999997,78307.56000000003
389778,J GENERAL ANTIINFECTIVES FOR SYSTEMIC USE,J01 ANTIBACTERIALS FOR SYSTEMIC USE,J01D OTHER BETA-LACTAM ANTIBACTERIALS,J01D D Third-generation cephalosporins,J01D D04 Ceftriaxone,18712,CEFTRIAXONUM,Parenteral Ordinary," powd.fr-dr., f/sol. f/in. 1 g flask, #1",1.0,g,1.0,Parenteral,No sampled peer,No sampled peer,143984.94000000003,89789.62,190539.58,47360.600000000006,62405.709999999985
411903,M MUSCULO-SCELETAL SYSTEM,M01 ANTIINFLAMMATORY AND ANTIRHEUMATIC PRODUCTS,"M01A ANTIINFLAMMATORY AND ANTIRHEUMATIC PRODUCTS, NON-STEROIDS",M01A E Propionic acid derivatives,M01A E01 Ibuprofen,39013,IBUPROFENUM,Oral Solid Ordinary," tabs 200 mg cont. cell pack, #20",200.0,mg,20.0,Oral solid,ATC3,"M01A ANTIINFLAMMATORY AND ANTIRHEUMATIC PRODUCTS, NON-STEROIDS",240713.63,223200.51,251020.14,350079.49,216672.54000000004
60383,J GENERAL ANTIINFECTIVES FOR SYSTEMIC USE,J01 ANTIBACTERIALS FOR SYSTEMIC USE,"J01F MACROLIDES, LINCOSAMIDES AND STREPTOGRAMINS",J01F A Macrolides,J01F A10 Azithromycin,38901,AZITHROMYCINUM,Oral Solid Ordinary," tablets coated 500 mg cont. cell pack, pack, #3",500.0,mg,3.0,Oral solid,No sampled peer,No sampled peer,140065.64,234788.23,143821.53,136759.7,63435.99
191598,A ALIMENTARY TRACT AND METABOLISM,A02 DRUGS FOR ACID RELATED DISORDERS,A02B DRUGS FOR TREATMENT OF PEPTIC ULCER AND GASTRO-OESOPHAGEAL REFLUX DISEASE,A02B C Proton pump inhibitors,A02B C02 Pantoprazole,18901,PANTOPRAZOLUM,Parenteral Ordinary," lyophil. f/p sol. f/in. 40 mg flask, #1",40.0,mg,1.0,Parenteral,No sampled peer,No sampled peer,240323.86999999997,190174.96,199504.66999999998,102639.33,112279.63
163874,A ALIMENTARY TRACT AND METABOLISM,A10 DRUGS USED IN DIABETS,"A10B BLOOD GLUCOSE LOWERING DRUGS, EXCL. INSULINS",A10B A Biguanides,A10B A02 Metformin,21673,METFORMINUM,Oral Solid Ordinary," tablets coated 1000 mg, #90",1000.0,mg,90.0,Oral solid,No sampled peer,No sampled peer,268274.12,229898.05000000002,216320.16999999998,214513.4,166535.15000000002
62990,J GENERAL ANTIINFECTIVES FOR SYSTEMIC USE,J02 ANTIMYCOTICS FOR SYSTEMIC USE,J02A ANTIMYCOTICS FOR SYSTEMIC USE,J02A C Triazole and tetrazole derivatives,J02A C01 Fluconazole,49884,FLUCONAZOLUM,Oral Solid Ordinary," caps. 50 mg, #10",50.0,mg,10.0,Oral solid,No sampled peer,No sampled peer,213950.0,186560.32,156166.33000000002,82904.26,98761.39
62797,A ALIMENTARY TRACT AND METABOLISM,A10 DRUGS USED IN DIABETS,"A10B BLOOD GLUCOSE LOWERING DRUGS, EXCL. INSULINS",A10B A Biguanides,A10B A02 Metformin,46551,METFORMINUM,Oral Solid Ordinary," tabs 850 mg blister, #30",850.0,mg,30.0,Oral solid,No sampled peer,No sampled peer,340992.52999999997,499559.95,478916.30999999994,203453.45000000004,88847.59
62991,J GENERAL ANTIINFECTIVES FOR SYSTEMIC USE,J02 ANTIMYCOTICS FOR SYSTEMIC USE,J02A ANTIMYCOTICS FOR SYSTEMIC USE,J02A C Triazole and tetrazole derivatives,J02A C01 Fluconazole,49884,FLUCONAZOLUM,Oral Solid Ordinary," caps. 100 mg, #10",100.0,mg,10.0,Oral solid,No sampled peer,No sampled peer,237010.72,227851.53999999998,234382.48000000004,196550.15999999997,203016.89
166227,M MUSCULO-SCELETAL SYSTEM,M01 ANTIINFLAMMATORY AND ANTIRHEUMATIC PRODUCTS,"M01A ANTIINFLAMMATORY AND ANTIRHEUMATIC PRODUCTS, NON-STEROIDS",M01A C Oxicams,M01A C06 Meloxicam,44988,MELOXICAMUM,Parenteral Ordinary," sol.  for inj. 15 mg/1,5 ml amp. 1,5 ml, #3",15.0,mg,3.0,Parenteral,ATC3,"M01A ANTIINFLAMMATORY AND ANTIRHEUMATIC PRODUCTS, NON-STEROIDS",265831.17,218998.37,236655.00999999995,149167.75,115116.82000000002
109820,A ALIMENTARY TRACT AND METABOLISM,A02 DRUGS FOR ACID RELATED DISORDERS,A02B DRUGS FOR TREATMENT OF PEPTIC ULCER AND GASTRO-OESOPHAGEAL REFLUX DISEASE,A02B C Proton pump inhibitors,A02B C02 Pantoprazole,18901,PANTOPRAZOLUM,Oral Solid Ordinary," tablets gastroresistant 40 mg, #14",40.0,mg,14.0,Oral solid,No sampled peer,No sampled peer,279617.02,338852.89,459851.48,353047.24999999994,484797.51
375230,N NERVOUS SYSTEM,N02 ANALGESICS,N02B OTHER ANALGESICS AND ANTIPYRETICS,N02B F Gabapentinoids,N02B F02 Pregabalin,19443,PREGABALINUM,Oral Solid Ordinary," caps. 150 mg blister in pack, #20",150.0,mg,20.0,Oral solid,ATC3,N02B OTHER ANALGESICS AND ANTIPYRETICS,211269.58,191430.49,231071.67,320916.19999999995,403910.23000000004
428179,A ALIMENTARY TRACT AND METABOLISM,A10 DRUGS USED IN DIABETS,"A10B BLOOD GLUCOSE LOWERING DRUGS, EXCL. INSULINS",A10B A Biguanides,A10B A02 Metformin,39461,METFORMINUM,Oral Solid Ordinary," tabs 850 mg blister, #30",850.0,mg,30.0,Oral solid,No sampled peer,No sampled peer,504716.20999999996,167918.38999999998,110.94999999999999,7406.51,12643.770000000002
109818,A ALIMENTARY TRACT AND METABOLISM,A02 DRUGS FOR ACID RELATED DISORDERS,A02B DRUGS FOR TREATMENT OF PEPTIC ULCER AND GASTRO-OESOPHAGEAL REFLUX DISEASE,A02B C Proton pump inhibitors,A02B C02 Pantoprazole,18901,PANTOPRAZOLUM,Oral Solid Ordinary," tablets gastroresistant 20 mg, #14",20.0,mg,14.0,Oral solid,No sampled peer,No sampled peer,278816.62,326956.42,422439.55000000005,310508.6,356860.25
44761,M MUSCULO-SCELETAL SYSTEM,M01 ANTIINFLAMMATORY AND ANTIRHEUMATIC PRODUCTS,"M01A ANTIINFLAMMATORY AND ANTIRHEUMATIC PRODUCTS, NON-STEROIDS",M01A E Propionic acid derivatives,M01A E01 Ibuprofen,39013,IBUPROFENUM,Oral Solid Ordinary," tablets coated 200 mg blister, #50",200.0,mg,50.0,Oral solid,ATC3,"M01A ANTIINFLAMMATORY AND ANTIRHEUMATIC PRODUCTS, NON-STEROIDS",189862.41999999998,132766.41,128541.42000000001,110287.69,58752.350000000006
29400,M MUSCULO-SCELETAL SYSTEM,M01 ANTIINFLAMMATORY AND ANTIRHEUMATIC PRODUCTS,"M01A ANTIINFLAMMATORY AND ANTIRHEUMATIC PRODUCTS, NON-STEROIDS",M01A B Acetic acid derivatives and related substances,M01A B05 Diclofenac,47498,DICLOFENACUM,Rectal systemic," suppository 100 mg, #10",100.0,mg,10.0,Rectal/vaginal,ATC3,"M01A ANTIINFLAMMATORY AND ANTIRHEUMATIC PRODUCTS, NON-STEROIDS",307980.55,293991.74000000005,327985.52,310292.16,318573.54
4863,N NERVOUS SYSTEM,N02 ANALGESICS,N02B OTHER ANALGESICS AND ANTIPYRETICS,N02B A Salicylic acid and derivatives,N02B A01 Acetylsalicylic acid,19943,ACIDUM ACETYLSALICYLICUM*,Oral Solid Ordinary," tabs 0,5 g strip, #10",0.5,g,10.0,Oral solid,ATC3,N02B OTHER ANALGESICS AND ANTIPYRETICS,459918.56999999995,363519.98,53656.719999999994,0.0,0.0
112256,J GENERAL ANTIINFECTIVES FOR SYSTEMIC USE,J01 ANTIBACTERIALS FOR SYSTEMIC USE,J01M QUINOLONE ANTIBACTERIALS,J01M A Fluoroquinolones,J01M A12 Levofloxacin,17413,LEVOFLOXACINUM,Parenteral Ordinary," sol. f/infus. 500 mg/100 ml cont. 100 ml, #1",500.0,mg,1.0,Parenteral,No sampled peer,No sampled peer,118568.09,170601.22999999998,152184.69999999995,48784.939999999995,27383.770000000004
135202,R RESPIRATORY SYSTEM,R05 COUGH AND COLD PREPARATIONS,"R05C EXPECTORANTS, EXCL. COMBINATIONS WITH COUGH SUPRESSANTS",R05C B Mucolytics,R05C B01 Acetylcysteine,13583,ACETYLCYSTEINUM,Oral Solid Ordinary," tabs coated w/film 200 mg blister, #20",200.0,mg,20.0,Oral solid,ATC4,R05C B Mucolytics,111399.15999999999,56644.130000000005,25296.47,11414.769999999997,9394.73
98564,C CARDIOVASCULAR SYSTEM,C08 CALCIUM CHANNEL BLOCKERS,C08C SELECTIVE CALCIUM CHANNEL BLOCKERS WITH MAINLY VASCULAR EFFECTS,C08C A Dihydropyridine derivatives,C08C A01 Amlodipine,15047,AMLODIPINUM,Oral Solid Ordinary," tabs 5 mg, #30",5.0,mg,30.0,Oral solid,No sampled peer,No sampled peer,186589.45999999996,98257.85999999999,63772.46,65009.189999999995,32276.839999999997
84844,M MUSCULO-SCELETAL SYSTEM,M02 TOPICAL PRODUCTS FOR JOINT AND MUSCULAR PAIN,M02A TOPICAL PRODUCTS FOR JOINT AND MUSCULAR PAIN,"M02A A Antiinflammatory preparations, non-steroids for topical use",M02A A15 Diclofenac,34028,DICLOFENACUM,"Topical Dermatological, Haemorrhoidal, External"," gel 30 mg/g tube 50 g, #1",30.0,mg,1.0,Topical,ATC4,"M02A A Antiinflammatory preparations, non-steroids for topical use",216200.91,133727.62,102276.85999999999,94421.58,52005.729999999996
107620,J GENERAL ANTIINFECTIVES FOR SYSTEMIC USE,J02 ANTIMYCOTICS FOR SYSTEMIC USE,J02A ANTIMYCOTICS FOR SYSTEMIC USE,J02A C Triazole and tetrazole derivatives,J02A C01 Fluconazole,16714,FLUCONAZOLUM,Oral Solid Ordinary," tablets dispersible 50 mg, #4",50.0,mg,4.0,Oral solid,No sampled peer,No sampled peer,276274.14,212054.75,225065.43999999994,156508.96000000002,179913.09
25463,M MUSCULO-SCELETAL SYSTEM,M01 ANTIINFLAMMATORY AND ANTIRHEUMATIC PRODUCTS,"M01A ANTIINFLAMMATORY AND ANTIRHEUMATIC PRODUCTS, NON-STEROIDS",M01A B Acetic acid derivatives and related substances,M01A B05 Diclofenac,34028,DICLOFENACUM,Oral Solid Ordinary," tabs 0,05 g blister, in a pack, #10",0.05,g,10.0,Oral solid,ATC3,"M01A ANTIINFLAMMATORY AND ANTIRHEUMATIC PRODUCTS, NON-STEROIDS",555933.68,0.0,0.0,0.0,0.0
41633,M MUSCULO-SCELETAL SYSTEM,M01 ANTIINFLAMMATORY AND ANTIRHEUMATIC PRODUCTS,"M01A ANTIINFLAMMATORY AND ANTIRHEUMATIC PRODUCTS, NON-STEROIDS",M01A E Propionic acid derivatives,M01A E01 Ibuprofen,21024,IBUPROFENUM,Oral Solid Ordinary," tablets coated 200 mg blister, #10",200.0,mg,10.0,Oral solid,ATC3,"M01A ANTIINFLAMMATORY AND ANTIRHEUMATIC PRODUCTS, NON-STEROIDS",302951.43,274422.74,214305.84999999998,175013.36000000002,86807.01
155362,B BLOOD AND BLOOD FORMING ORGANS,B01 ANTITHROMBOTIC AGENTS,B01A ANTITHROMBOTIC AGENTS,B01A C Platelet aggregation inhibitors excl. heparin,B01A C06 Acetylsalicylic acid,24013,ACIDUM ACETYLSALICYLICUM*,Oral Solid Ordinary," tabs coated w/film 75 mg blister, #30",75.0,mg,30.0,Oral solid,No sampled peer,No sampled peer,394073.09,450796.49999999994,1458837.94,1796528.0399999998,2280849.5999999996
116958,A ALIMENTARY TRACT AND METABOLISM,A02 DRUGS FOR ACID RELATED DISORDERS,A02B DRUGS FOR TREATMENT OF PEPTIC ULCER AND GASTRO-OESOPHAGEAL REFLUX DISEASE,A02B C Proton pump inhibitors,A02B C02 Pantoprazole,18901,PANTOPRAZOLUM,Oral Solid Ordinary," tablets gastroresistant 40 mg, #28",40.0,mg,28.0,Oral solid,No sampled peer,No sampled peer,325489.8,380112.8300000001,451004.05999999994,438083.25,448193.66
159320,J GENERAL ANTIINFECTIVES FOR SYSTEMIC USE,J01 ANTIBACTERIALS FOR SYSTEMIC USE,"J01F MACROLIDES, LINCOSAMIDES AND STREPTOGRAMINS",J01F A Macrolides,J01F A10 Azithromycin,12153,AZITHROMYCINUM,Oral Solid Ordinary," tabs coated w/film 500 mg blister, #3",500.0,mg,3.0,Oral solid,No sampled peer,No sampled peer,176522.98,351503.73,254526.65999999997,134668.68000000002,90341.17000000001
149058,R RESPIRATORY SYSTEM,R05 COUGH AND COLD PREPARATIONS,"R05C EXPECTORANTS, EXCL. COMBINATIONS WITH COUGH SUPRESSANTS",R05C B Mucolytics,R05C B01 Acetylcysteine,44844,ACETYLCYSTEINUM,Oral Solid Ordinary," tab. sparkling 600 mg tube, #10",600.0,mg,10.0,Oral solid,ATC4,R05C B Mucolytics,136647.08,78239.51000000001,12571.349999999997,981.83,1081.51
116957,A ALIMENTARY TRACT AND METABOLISM,A02 DRUGS FOR ACID RELATED DISORDERS,A02B DRUGS FOR TREATMENT OF PEPTIC ULCER AND GASTRO-OESOPHAGEAL REFLUX DISEASE,A02B C Proton pump inhibitors,A02B C02 Pantoprazole,18901,PANTOPRAZOLUM,Oral Solid Ordinary," tablets gastroresistant 20 mg, #28",20.0,mg,28.0,Oral solid,No sampled peer,No sampled peer,309556.31999999995,353605.08999999997,401233.88,380357.0800000001,413324.88999999996
36782,M MUSCULO-SCELETAL SYSTEM,M01 ANTIINFLAMMATORY AND ANTIRHEUMATIC PRODUCTS,"M01A ANTIINFLAMMATORY AND ANTIRHEUMATIC PRODUCTS, NON-STEROIDS",M01A B Acetic acid derivatives and related substances,M01A B05 Diclofenac,34028,DICLOFENACUM,Oral Solid Ordinary," caps. solid 25 mg blister, #30",25.0,mg,30.0,Oral solid,ATC3,"M01A ANTIINFLAMMATORY AND ANTIRHEUMATIC PRODUCTS, NON-STEROIDS",333028.05,267338.99999999994,245533.62,241350.48000000004,286720.84
83850,C CARDIOVASCULAR SYSTEM,C08 CALCIUM CHANNEL BLOCKERS,C08C SELECTIVE CALCIUM CHANNEL BLOCKERS WITH MAINLY VASCULAR EFFECTS,C08C A Dihydropyridine derivatives,C08C A01 Amlodipine,15047,AMLODIPINUM,Oral Solid Ordinary," tabs 5 mg blister, #20",5.0,mg,20.0,Oral solid,No sampled peer,No sampled peer,231035.11000000002,149974.10000000003,113764.90999999999,70732.46000000002,59408.799999999996
485054,C CARDIOVASCULAR SYSTEM,C08 CALCIUM CHANNEL BLOCKERS,C08C SELECTIVE CALCIUM CHANNEL BLOCKERS WITH MAINLY VASCULAR EFFECTS,C08C A Dihydropyridine derivatives,C08C A01 Amlodipine,15047,AMLODIPINUM,Oral Solid Ordinary," tabs 10 mg cont. cell pack, in a pack, #20",10.0,mg,20.0,Oral solid,No sampled peer,No sampled peer,234019.63999999998,94995.01000000001,76573.76000000001,160587.05,173440.74999999997
50178,M MUSCULO-SCELETAL SYSTEM,M01 ANTIINFLAMMATORY AND ANTIRHEUMATIC PRODUCTS,"M01A ANTIINFLAMMATORY AND ANTIRHEUMATIC PRODUCTS, NON-STEROIDS",M01A B Acetic acid derivatives and related substances,M01A B05 Diclofenac,34028,DICLOFENACUM,Oral Solid Ordinary," tabs coat.intest.-soluble 25 mg cont. cell pack, #30",25.0,mg,30.0,Oral solid,ATC3,"M01A ANTIINFLAMMATORY AND ANTIRHEUMATIC PRODUCTS, NON-STEROIDS",321187.63,375322.26,328221.61000000004,371715.70999999996,246916.38
444532,C CARDIOVASCULAR SYSTEM,C07 BETA BLOCKING AGENTS,C07A BETA-BLOCKING AGENTS,"C07A B Beta blocking agents, selective",C07A B07 Bisoprolol,18260,BISOPROLOLUM,Oral Solid Ordinary," tabs 5 mg blister, #50",5.0,mg,50.0,Oral solid,No sampled peer,No sampled peer,327479.91,306237.69,345204.88999999996,387527.1499999999,429387.11
141382,C CARDIOVASCULAR SYSTEM,C07 BETA BLOCKING AGENTS,C07A BETA-BLOCKING AGENTS,"C07A B Beta blocking agents, selective",C07A B07 Bisoprolol,28528,BISOPROLOLUM,Oral Solid Ordinary," tabs 10 mg blister, #50",10.0,mg,50.0,Oral solid,No sampled peer,No sampled peer,212593.53,130196.68000000001,103032.43000000001,62284.81,79164.31
289655,C CARDIOVASCULAR SYSTEM,C07 BETA BLOCKING AGENTS,C07A BETA-BLOCKING AGENTS,"C07A B Beta blocking agents, selective",C07A B07 Bisoprolol,28528,BISOPROLOLUM,Oral Solid Ordinary," tabs 5 mg blister, #30",5.0,mg,30.0,Oral solid,No sampled peer,No sampled peer,434073.57,359692.69,379821.48000000004,253840.65,262008.33000000002
5050,M MUSCULO-SCELETAL SYSTEM,M01 ANTIINFLAMMATORY AND ANTIRHEUMATIC PRODUCTS,"M01A ANTIINFLAMMATORY AND ANTIRHEUMATIC PRODUCTS, NON-STEROIDS",M01A B Acetic acid derivatives and related substances,M01A B05 Diclofenac,13082,DICLOFENACUM,Parenteral Ordinary," sol.  for inj. 75 mg amp. 3 ml, #5",75.0,mg,5.0,Parenteral,ATC3,"M01A ANTIINFLAMMATORY AND ANTIRHEUMATIC PRODUCTS, NON-STEROIDS",325264.32,312976.10000000003,298610.68000000005,251233.4,208575.41
295142,R RESPIRATORY SYSTEM,R05 COUGH AND COLD PREPARATIONS,"R05C EXPECTORANTS, EXCL. COMBINATIONS WITH COUGH SUPRESSANTS",R05C B Mucolytics,R05C B06 Ambroxol,7585,AMBROXOLUM,Oral Liquid Ordinary," syrup 30 mg/5 ml flask 100 ml, #1",30.0,mg,1.0,Oral liquid,ATC4,R05C B Mucolytics,161689.37000000002,151509.48000000004,187245.62,136093.40000000002,107605.13999999998
438399,J GENERAL ANTIINFECTIVES FOR SYSTEMIC USE,J02 ANTIMYCOTICS FOR SYSTEMIC USE,J02A ANTIMYCOTICS FOR SYSTEMIC USE,J02A C Triazole and tetrazole derivatives,J02A C01 Fluconazole,49884,FLUCONAZOLUM,Oral Solid Ordinary," caps. solid 150 mg blister in box, #1",150.0,mg,1.0,Oral solid,No sampled peer,No sampled peer,568837.94,657996.06,413267.70000000007,338872.91,303407.87
114638,M MUSCULO-SCELETAL SYSTEM,M02 TOPICAL PRODUCTS FOR JOINT AND MUSCULAR PAIN,M02A TOPICAL PRODUCTS FOR JOINT AND MUSCULAR PAIN,"M02A A Antiinflammatory preparations, non-steroids for topical use",M02A A15 Diclofenac,34043,DICLOFENACUM,"Topical Dermatological, Haemorrhoidal, External"," gel 5 % tube 50 g, #1",50.0,g,1.0,Topical,ATC4,"M02A A Antiinflammatory preparations, non-steroids for topical use",300839.02,254038.47,253323.75999999998,178536.37,160826.74000000002
60242,R RESPIRATORY SYSTEM,R05 COUGH AND COLD PREPARATIONS,"R05C EXPECTORANTS, EXCL. COMBINATIONS WITH COUGH SUPRESSANTS",R05C B Mucolytics,R05C B06 Ambroxol,21463,AMBROXOLUM,Oral Liquid Ordinary," syrup 30 mg/5 ml polymer.fl. 100 ml, with doser-spoon, in a pack, #1",30.0,mg,1.0,Oral liquid,ATC4,R05C B Mucolytics,250271.21000000002,166974.31000000003,175174.99,122962.11999999997,110016.18
136597,R RESPIRATORY SYSTEM,R05 COUGH AND COLD PREPARATIONS,"R05C EXPECTORANTS, EXCL. COMBINATIONS WITH COUGH SUPRESSANTS",R05C B Mucolytics,R05C B06 Ambroxol,44262,AMBROXOLUM,Oral Liquid Ordinary," syrup 15 mg/5 ml flask 100 ml, #1",15.0,mg,1.0,Oral liquid,ATC4,R05C B Mucolytics,297249.83,165011.41999999998,224986.88,109283.01999999999,117517.82999999999
29404,M MUSCULO-SCELETAL SYSTEM,M01 ANTIINFLAMMATORY AND ANTIRHEUMATIC PRODUCTS,"M01A ANTIINFLAMMATORY AND ANTIRHEUMATIC PRODUCTS, NON-STEROIDS",M01A B Acetic acid derivatives and related substances,M01A B05 Diclofenac,47498,DICLOFENACUM,Oral Solid Retard," caps. solid prolong act 100 mg, #20",100.0,mg,20.0,Oral solid,ATC3,"M01A ANTIINFLAMMATORY AND ANTIRHEUMATIC PRODUCTS, NON-STEROIDS",398662.58,406546.11,477510.31999999995,470673.37000000005,532892.9
137690,J GENERAL ANTIINFECTIVES FOR SYSTEMIC USE,J02 ANTIMYCOTICS FOR SYSTEMIC USE,J02A ANTIMYCOTICS FOR SYSTEMIC USE,J02A C Triazole and tetrazole derivatives,J02A C01 Fluconazole,49884,FLUCONAZOLUM,Oral Solid Ordinary," caps. 150 mg, #3",150.0,mg,3.0,Oral solid,No sampled peer,No sampled peer,296831.38,250202.23000000004,268629.89999999997,207406.59,239722.62
398089,A ALIMENTARY TRACT AND METABOLISM,A02 DRUGS FOR ACID RELATED DISORDERS,A02B DRUGS FOR TREATMENT OF PEPTIC ULCER AND GASTRO-OESOPHAGEAL REFLUX DISEASE,A02B C Proton pump inhibitors,A02B C02 Pantoprazole,18132,PANTOPRAZOLUM,Parenteral Ordinary," powd.fr-dr., f/sol. f/in. 40 mg flask, #1",40.0,mg,1.0,Parenteral,No sampled peer,No sampled peer,391900.29,361854.3399999999,382576.81,243085.46999999997,152912.59000000003
6572,M MUSCULO-SCELETAL SYSTEM,M02 TOPICAL PRODUCTS FOR JOINT AND MUSCULAR PAIN,M02A TOPICAL PRODUCTS FOR JOINT AND MUSCULAR PAIN,"M02A A Antiinflammatory preparations, non-steroids for topical use",M02A A13 Ibuprofen,37050,IBUPROFENUM,"Topical Dermatological, Haemorrhoidal, External"," cream tube 50 g, #1",50.0,g,1.0,Topical,ATC4,"M02A A Antiinflammatory preparations, non-steroids for topical use",264923.38,254312.03999999998,219541.6,135181.61,131314.5
82448,M MUSCULO-SCELETAL SYSTEM,M01 ANTIINFLAMMATORY AND ANTIRHEUMATIC PRODUCTS,"M01A ANTIINFLAMMATORY AND ANTIRHEUMATIC PRODUCTS, NON-STEROIDS",M01A E Propionic acid derivatives,M01A E01 Ibuprofen,46864,IBUPROFENUM,Oral Solid Ordinary," tabs coated w/film 400 mg, #20",400.0,mg,20.0,Oral solid,ATC3,"M01A ANTIINFLAMMATORY AND ANTIRHEUMATIC PRODUCTS, NON-STEROIDS",310237.20999999996,311434.43,385643.13000000006,240151.06000000003,298267.74
124138,R RESPIRATORY SYSTEM,R05 COUGH AND COLD PREPARATIONS,"R05C EXPECTORANTS, EXCL. COMBINATIONS WITH COUGH SUPRESSANTS",R05C B Mucolytics,R05C B06 Ambroxol,7585,AMBROXOLUM,Oral Liquid Ordinary," sol. f/ihhal. and peroral. use 15 mg/2 ml flask 100 ml, with measuring cap",15.0,mg,,Oral liquid,ATC4,R05C B Mucolytics,229295.91999999998,105213.2,177184.58000000002,95468.13,105155.45000000001
99351,M MUSCULO-SCELETAL SYSTEM,M01 ANTIINFLAMMATORY AND ANTIRHEUMATIC PRODUCTS,"M01A ANTIINFLAMMATORY AND ANTIRHEUMATIC PRODUCTS, NON-STEROIDS",M01A E Propionic acid derivatives,M01A E01 Ibuprofen,38669,IBUPROFENUM,Oral Solid Ordinary," tablets coated 200 mg blister, #6",200.0,mg,6.0,Oral solid,ATC3,"M01A ANTIINFLAMMATORY AND ANTIRHEUMATIC PRODUCTS, NON-STEROIDS",289116.88,230110.04,212233.23000000004,156554.49000000002,105853.51999999999
136598,R RESPIRATORY SYSTEM,R05 COUGH AND COLD PREPARATIONS,"R05C EXPECTORANTS, EXCL. COMBINATIONS WITH COUGH SUPRESSANTS",R05C B Mucolytics,R05C B06 Ambroxol,44262,AMBROXOLUM,Oral Liquid Ordinary," syrup 30 mg/5 ml flask 100 ml, #1",30.0,mg,1.0,Oral liquid,ATC4,R05C B Mucolytics,204547.44999999995,183046.3,194522.97,116071.84000000001,82952.04999999999
5912,M MUSCULO-SCELETAL SYSTEM,M01 ANTIINFLAMMATORY AND ANTIRHEUMATIC PRODUCTS,"M01A ANTIINFLAMMATORY AND ANTIRHEUMATIC PRODUCTS, NON-STEROIDS",M01A B Acetic acid derivatives and related substances,M01A B05 Diclofenac,34428,DICLOFENACUM,Oral Solid Ordinary," tabs coat.intest.-soluble 0,025 g blister, #10",0.025,g,10.0,Oral solid,ATC3,"M01A ANTIINFLAMMATORY AND ANTIRHEUMATIC PRODUCTS, NON-STEROIDS",56543.35,0.0,0.0,0.0,0.0
101789,C CARDIOVASCULAR SYSTEM,C07 BETA BLOCKING AGENTS,C07A BETA-BLOCKING AGENTS,"C07A B Beta blocking agents, selective",C07A B07 Bisoprolol,28528,BISOPROLOLUM,Oral Solid Ordinary," tabs 2,5 mg blister, #20",2.5,mg,20.0,Oral solid,No sampled peer,No sampled peer,356721.78,392178.75,488758.96,368457.06,391461.01999999996
126963,J GENERAL ANTIINFECTIVES FOR SYSTEMIC USE,J02 ANTIMYCOTICS FOR SYSTEMIC USE,J02A ANTIMYCOTICS FOR SYSTEMIC USE,J02A C Triazole and tetrazole derivatives,J02A C01 Fluconazole,16714,FLUCONAZOLUM,Oral Solid Ordinary," tabs 150 mg blister, #4",150.0,mg,4.0,Oral solid,No sampled peer,No sampled peer,335496.05,345538.86,319810.41,143955.95,329499.43999999994
311761,M MUSCULO-SCELETAL SYSTEM,M01 ANTIINFLAMMATORY AND ANTIRHEUMATIC PRODUCTS,"M01A ANTIINFLAMMATORY AND ANTIRHEUMATIC PRODUCTS, NON-STEROIDS",M01A E Propionic acid derivatives,M01A E01 Ibuprofen,38669,IBUPROFENUM,Oral Solid Ordinary," caps. soft 400 mg, #10",400.0,mg,10.0,Oral solid,ATC3,"M01A ANTIINFLAMMATORY AND ANTIRHEUMATIC PRODUCTS, NON-STEROIDS",382053.1,572871.83,636798.5000000001,638183.16,819709.1000000001
60240,R RESPIRATORY SYSTEM,R05 COUGH AND COLD PREPARATIONS,"R05C EXPECTORANTS, EXCL. COMBINATIONS WITH COUGH SUPRESSANTS",R05C B Mucolytics,R05C B06 Ambroxol,21463,AMBROXOLUM,Oral Liquid Ordinary," syrup 15 mg/5 ml polymer.fl. 100 ml, with doser-spoon, in a pack, #1",15.0,mg,1.0,Oral liquid,ATC4,R05C B Mucolytics,297082.0,122874.48,157853.43,112782.8,161919.47
99353,M MUSCULO-SCELETAL SYSTEM,M01 ANTIINFLAMMATORY AND ANTIRHEUMATIC PRODUCTS,"M01A ANTIINFLAMMATORY AND ANTIRHEUMATIC PRODUCTS, NON-STEROIDS",M01A E Propionic acid derivatives,M01A E01 Ibuprofen,38669,IBUPROFENUM,Oral Solid Ordinary," tablets coated 200 mg blister, #24",200.0,mg,24.0,Oral solid,ATC3,"M01A ANTIINFLAMMATORY AND ANTIRHEUMATIC PRODUCTS, NON-STEROIDS",300632.66,304885.23,305830.69,306761.49,310760.76
392600,N NERVOUS SYSTEM,N02 ANALGESICS,N02B OTHER ANALGESICS AND ANTIPYRETICS,N02B E Anilides,N02B E01 Paracetamol,18723,PARACETAMOLUM,Parenteral Ordinary," sol. f/infus. 10 mg/ml flask 100 ml, #1",10.0,mg,1.0,Parenteral,ATC3,N02B OTHER ANALGESICS AND ANTIPYRETICS,414849.05999999994,347189.86,304056.16000000003,135622.52,121659.41
199386,N NERVOUS SYSTEM,N02 ANALGESICS,N02B OTHER ANALGESICS AND ANTIPYRETICS,N02B E Anilides,N02B E01 Paracetamol,24698,PARACETAMOLUM,Oral Solid Ordinary," tabs 200 mg cont. cell pack, #10",200.0,mg,10.0,Oral solid,ATC3,N02B OTHER ANALGESICS AND ANTIPYRETICS,230407.02,315185.52999999997,152162.51,219526.19999999995,224502.97
52065,R RESPIRATORY SYSTEM,R05 COUGH AND COLD PREPARATIONS,"R05C EXPECTORANTS, EXCL. COMBINATIONS WITH COUGH SUPRESSANTS",R05C B Mucolytics,R05C B06 Ambroxol,21463,AMBROXOLUM,Oral Solid Ordinary," tabs 30 mg blister, #20",30.0,mg,20.0,Oral solid,ATC4,R05C B Mucolytics,308774.43999999994,392497.43,236161.59,21009.409999999996,37317.22
108174,A ALIMENTARY TRACT AND METABOLISM,A10 DRUGS USED IN DIABETS,"A10B BLOOD GLUCOSE LOWERING DRUGS, EXCL. INSULINS",A10B A Biguanides,A10B A02 Metformin,39461,METFORMINUM,Oral Solid Ordinary," tabs 500 mg blister, #30",500.0,mg,30.0,Oral solid,No sampled peer,No sampled peer,624899.4200000002,154713.7199999999,257.58,43.370000000000005,73.99999999999999
429354,R RESPIRATORY SYSTEM,R05 COUGH AND COLD PREPARATIONS,"R05C EXPECTORANTS, EXCL. COMBINATIONS WITH COUGH SUPRESSANTS",R05C B Mucolytics,R05C B01 Acetylcysteine,6103,ACETYLCYSTEINUM,Oral Solid Ordinary," tab. sparkling 600 mg sachet, #6",600.0,mg,6.0,Oral solid,ATC4,R05C B Mucolytics,173174.52000000002,219131.07,244279.81,182064.08999999997,136043.36
31881,M MUSCULO-SCELETAL SYSTEM,M01 ANTIINFLAMMATORY AND ANTIRHEUMATIC PRODUCTS,"M01A ANTIINFLAMMATORY AND ANTIRHEUMATIC PRODUCTS, NON-STEROIDS",M01A B Acetic acid derivatives and related substances,M01A B05 Diclofenac,34028,DICLOFENACUM,Parenteral Ordinary," sol.  for inj. 25 mg/ml amp. 3 ml, contour cell wrap, pack, #10",25.0,mg,10.0,Parenteral,ATC3,"M01A ANTIINFLAMMATORY AND ANTIRHEUMATIC PRODUCTS, NON-STEROIDS",404417.31000000006,382978.75999999995,377008.9199999999,359221.98,351664.98000000004
5726,N NERVOUS SYSTEM,N02 ANALGESICS,N02B OTHER ANALGESICS AND ANTIPYRETICS,N02B E Anilides,N02B E01 Paracetamol,30087,PARACETAMOLUM,Oral Solid Ordinary," tablets coated 500 mg, #12",500.0,mg,12.0,Oral solid,ATC3,N02B OTHER ANALGESICS AND ANTIPYRETICS,374486.56999999995,466188.35000000003,390262.71,289851.08999999997,199698.59999999998
83956,M MUSCULO-SCELETAL SYSTEM,M01 ANTIINFLAMMATORY AND ANTIRHEUMATIC PRODUCTS,"M01A ANTIINFLAMMATORY AND ANTIRHEUMATIC PRODUCTS, NON-STEROIDS",M01A C Oxicams,M01A C06 Meloxicam,47932,MELOXICAMUM,Parenteral Ordinary," sol.  for inj. 15 mg/1,5 ml amp. 1,5 ml, #5",15.0,mg,5.0,Parenteral,ATC3,"M01A ANTIINFLAMMATORY AND ANTIRHEUMATIC PRODUCTS, NON-STEROIDS",463948.88000000006,444912.6299999999,470332.13,396317.24,395152.99
62796,A ALIMENTARY TRACT AND METABOLISM,A10 DRUGS USED IN DIABETS,"A10B BLOOD GLUCOSE LOWERING DRUGS, EXCL. INSULINS",A10B A Biguanides,A10B A02 Metformin,46551,METFORMINUM,Oral Solid Ordinary," tabs 500 mg blister, #60",500.0,mg,60.0,Oral solid,No sampled peer,No sampled peer,468422.95,483339.75,413653.13,308134.54000000004,331870.8
173923,B BLOOD AND BLOOD FORMING ORGANS,B01 ANTITHROMBOTIC AGENTS,B01A ANTITHROMBOTIC AGENTS,B01A C Platelet aggregation inhibitors excl. heparin,B01A C06 Acetylsalicylic acid,9584,ACIDUM ACETYLSALICYLICUM*,Oral Solid Ordinary," tabs coated w/film 150 mg flask, #100",150.0,mg,100.0,Oral solid,No sampled peer,No sampled peer,415106.87999999995,396069.64999999997,529901.26,349027.20999999996,366708.91
1479,C CARDIOVASCULAR SYSTEM,C07 BETA BLOCKING AGENTS,C07A BETA-BLOCKING AGENTS,"C07A B Beta blocking agents, selective",C07A B07 Bisoprolol,11958,BISOPROLOLUM,Oral Solid Ordinary," tabs coated w/film 5 mg, #50",5.0,mg,50.0,Oral solid,No sampled peer,No sampled peer,320532.75,425099.73999999993,508961.23999999993,456846.64,461886.13
77311,C CARDIOVASCULAR SYSTEM,C08 CALCIUM CHANNEL BLOCKERS,C08C SELECTIVE CALCIUM CHANNEL BLOCKERS WITH MAINLY VASCULAR EFFECTS,C08C A Dihydropyridine derivatives,C08C A01 Amlodipine,15047,AMLODIPINUM,Oral Solid Ordinary," tabs 10 mg blister, #30",10.0,mg,30.0,Oral solid,No sampled peer,No sampled peer,359557.70999999996,265100.98,125990.66999999998,100329.09999999999,75503.19999999998
439135,J GENERAL ANTIINFECTIVES FOR SYSTEMIC USE,J01 ANTIBACTERIALS FOR SYSTEMIC USE,J01M QUINOLONE ANTIBACTERIALS,J01M A Fluoroquinolones,J01M A12 Levofloxacin,47674,LEVOFLOXACINUM,Parenteral Ordinary," sol. f/infus. 500 mg/100 ml PVC cont. 100 ml, #1",500.0,mg,1.0,Parenteral,No sampled peer,No sampled peer,359197.77999999997,506075.34,387573.3900000001,121805.48,77965.58000000002
134908,J GENERAL ANTIINFECTIVES FOR SYSTEMIC USE,J01 ANTIBACTERIALS FOR SYSTEMIC USE,"J01F MACROLIDES, LINCOSAMIDES AND STREPTOGRAMINS",J01F A Macrolides,J01F A10 Azithromycin,477,AZITHROMYCINUM,Oral Solid Ordinary," tabs coated w/film 500 mg blister, #3",500.0,mg,3.0,Oral solid,No sampled peer,No sampled peer,629537.3400000001,900491.92,549836.2800000001,480344.59,229719.81000000003
126635,J GENERAL ANTIINFECTIVES FOR SYSTEMIC USE,J01 ANTIBACTERIALS FOR SYSTEMIC USE,"J01F MACROLIDES, LINCOSAMIDES AND STREPTOGRAMINS",J01F A Macrolides,J01F A10 Azithromycin,841,AZITHROMYCINUM,Oral Solid Ordinary," tablets coated 500 mg blister, #3",500.0,mg,3.0,Oral solid,No sampled peer,No sampled peer,234943.93000000005,321161.67000000004,206713.03000000006,155350.83,109086.62
41547,J GENERAL ANTIINFECTIVES FOR SYSTEMIC USE,J01 ANTIBACTERIALS FOR SYSTEMIC USE,J01D OTHER BETA-LACTAM ANTIBACTERIALS,J01D D Third-generation cephalosporins,J01D D04 Ceftriaxone,21539,CEFTRIAXONUM,Parenteral Ordinary," powd.fr-dr., f/sol. f/in. 1 g flask, #5",1.0,g,5.0,Parenteral,No sampled peer,No sampled peer,275623.63,252601.63999999998,210338.81000000003,218244.16,227721.08
62632,M MUSCULO-SCELETAL SYSTEM,M01 ANTIINFLAMMATORY AND ANTIRHEUMATIC PRODUCTS,"M01A ANTIINFLAMMATORY AND ANTIRHEUMATIC PRODUCTS, NON-STEROIDS",M01A B Acetic acid derivatives and related substances,M01A B05 Diclofenac,34428,DICLOFENACUM,Oral Solid Ordinary," tabs coat.intest.-soluble 0,025 g blister, #30",0.025,g,30.0,Oral solid,ATC3,"M01A ANTIINFLAMMATORY AND ANTIRHEUMATIC PRODUCTS, NON-STEROIDS",644922.1,632318.7300000001,635789.72,578978.21,343698.29
62798,A ALIMENTARY TRACT AND METABOLISM,A10 DRUGS USED IN DIABETS,"A10B BLOOD GLUCOSE LOWERING DRUGS, EXCL. INSULINS",A10B A Biguanides,A10B A02 Metformin,46551,METFORMINUM,Oral Solid Ordinary," tabs 850 mg blister, #60",850.0,mg,60.0,Oral solid,No sampled peer,No sampled peer,542084.37,551245.45,475961.75999999995,264803.44,355031.88999999996
289670,B BLOOD AND BLOOD FORMING ORGANS,B01 ANTITHROMBOTIC AGENTS,B01A ANTITHROMBOTIC AGENTS,B01A C Platelet aggregation inhibitors excl. heparin,B01A C06 Acetylsalicylic acid,25023,ACIDUM ACETYLSALICYLICUM*,Oral Solid Ordinary," tabs coat.intest.-soluble 75 mg strip, #120",75.0,mg,120.0,Oral solid,No sampled peer,No sampled peer,398592.49,377037.92,472500.62,377024.57999999996,301907.60000000003
82447,M MUSCULO-SCELETAL SYSTEM,M01 ANTIINFLAMMATORY AND ANTIRHEUMATIC PRODUCTS,"M01A ANTIINFLAMMATORY AND ANTIRHEUMATIC PRODUCTS, NON-STEROIDS",M01A E Propionic acid derivatives,M01A E01 Ibuprofen,46864,IBUPROFENUM,Oral Solid Ordinary," tabs coated w/film 400 mg, #10",400.0,mg,10.0,Oral solid,ATC3,"M01A ANTIINFLAMMATORY AND ANTIRHEUMATIC PRODUCTS, NON-STEROIDS",419299.72,416852.49,447330.2,395954.85000000003,412170.23
31880,M MUSCULO-SCELETAL SYSTEM,M01 ANTIINFLAMMATORY AND ANTIRHEUMATIC PRODUCTS,"M01A ANTIINFLAMMATORY AND ANTIRHEUMATIC PRODUCTS, NON-STEROIDS",M01A B Acetic acid derivatives and related substances,M01A B05 Diclofenac,34028,DICLOFENACUM,Parenteral Ordinary," sol.  for inj. 25 mg/ml amp. 3 ml, contour cell wrap, pack, #5",25.0,mg,5.0,Parenteral,ATC3,"M01A ANTIINFLAMMATORY AND ANTIRHEUMATIC PRODUCTS, NON-STEROIDS",397899.67000000004,205587.87999999998,172636.33000000002,148682.27,110102.6
75666,C CARDIOVASCULAR SYSTEM,C07 BETA BLOCKING AGENTS,C07A BETA-BLOCKING AGENTS,"C07A B Beta blocking agents, selective",C07A B07 Bisoprolol,11958,BISOPROLOLUM,Oral Solid Ordinary," tabs coated w/film 2,5 mg blister, #30",2.5,mg,30.0,Oral solid,No sampled peer,No sampled peer,585428.15,579906.56,613642.17,599215.2200000001,677982.03
22281,R RESPIRATORY SYSTEM,R05 COUGH AND COLD PREPARATIONS,"R05C EXPECTORANTS, EXCL. COMBINATIONS WITH COUGH SUPRESSANTS",R05C B Mucolytics,R05C B06 Ambroxol,21463,AMBROXOLUM,Oral Solid Ordinary," tabs 30 mg blister, #20",30.0,mg,20.0,Oral solid,ATC4,R05C B Mucolytics,165647.67,97417.62,89781.76,47598.700000000004,25037.89
133666,A ALIMENTARY TRACT AND METABOLISM,A02 DRUGS FOR ACID RELATED DISORDERS,A02B DRUGS FOR TREATMENT OF PEPTIC ULCER AND GASTRO-OESOPHAGEAL REFLUX DISEASE,A02B C Proton pump inhibitors,A02B C02 Pantoprazole,1098,PANTOPRAZOLUM,Oral Solid Ordinary," tabs coat.intest.-soluble 40 mg blister, #30",40.0,mg,30.0,Oral solid,No sampled peer,No sampled peer,389916.46,434206.83,484731.55000000005,411783.67000000004,478962.07
444535,C CARDIOVASCULAR SYSTEM,C07 BETA BLOCKING AGENTS,C07A BETA-BLOCKING AGENTS,"C07A B Beta blocking agents, selective",C07A B07 Bisoprolol,18260,BISOPROLOLUM,Oral Solid Ordinary," tabs 10 mg blister, #30",10.0,mg,30.0,Oral solid,No sampled peer,No sampled peer,542743.0599999999,659958.86,752023.2500000002,693105.39,619289.0900000001
137689,J GENERAL ANTIINFECTIVES FOR SYSTEMIC USE,J02 ANTIMYCOTICS FOR SYSTEMIC USE,J02A ANTIMYCOTICS FOR SYSTEMIC USE,J02A C Triazole and tetrazole derivatives,J02A C01 Fluconazole,49884,FLUCONAZOLUM,Oral Solid Ordinary," caps. 150 mg, #2",150.0,mg,2.0,Oral solid,No sampled peer,No sampled peer,376996.31999999995,313164.24,438035.88999999996,380900.99,403284.99
145621,M MUSCULO-SCELETAL SYSTEM,M02 TOPICAL PRODUCTS FOR JOINT AND MUSCULAR PAIN,M02A TOPICAL PRODUCTS FOR JOINT AND MUSCULAR PAIN,"M02A A Antiinflammatory preparations, non-steroids for topical use",M02A A15 Diclofenac,34028,DICLOFENACUM,"Topical Dermatological, Haemorrhoidal, External"," gel 50 mg/g tube 40 g, #1",50.0,mg,1.0,Topical,ATC4,"M02A A Antiinflammatory preparations, non-steroids for topical use",477536.2200000001,282235.67000000004,54365.92,32264.98,12787.029999999999
112612,M MUSCULO-SCELETAL SYSTEM,M02 TOPICAL PRODUCTS FOR JOINT AND MUSCULAR PAIN,M02A TOPICAL PRODUCTS FOR JOINT AND MUSCULAR PAIN,"M02A A Antiinflammatory preparations, non-steroids for topical use",M02A A15 Diclofenac,34028,DICLOFENACUM,"Topical Dermatological, Haemorrhoidal, External"," gel 50 mg/g tube 50 g, #1",50.0,mg,1.0,Topical,ATC4,"M02A A Antiinflammatory preparations, non-steroids for topical use",513399.57,390180.89,385635.29000000004,217581.65000000002,102133.3
65951,C CARDIOVASCULAR SYSTEM,C08 CALCIUM CHANNEL BLOCKERS,C08C SELECTIVE CALCIUM CHANNEL BLOCKERS WITH MAINLY VASCULAR EFFECTS,C08C A Dihydropyridine derivatives,C08C A01 Amlodipine,15047,AMLODIPINUM,Oral Solid Ordinary," tabs 10 mg blister, #20",10.0,mg,20.0,Oral solid,No sampled peer,No sampled peer,410836.86999999994,263450.11,217016.5,132595.44999999998,96245.94
174221,A ALIMENTARY TRACT AND METABOLISM,A10 DRUGS USED IN DIABETS,"A10B BLOOD GLUCOSE LOWERING DRUGS, EXCL. INSULINS",A10B A Biguanides,A10B A02 Metformin,46551,METFORMINUM,Oral Solid Ordinary," tabs coated w/film 1000 mg blister, #60",1000.0,mg,60.0,Oral solid,No sampled peer,No sampled peer,682050.6100000001,715041.53,701251.46,556114.87,460200.95
365100,J GENERAL ANTIINFECTIVES FOR SYSTEMIC USE,J02 ANTIMYCOTICS FOR SYSTEMIC USE,J02A ANTIMYCOTICS FOR SYSTEMIC USE,J02A C Triazole and tetrazole derivatives,J02A C01 Fluconazole,16714,FLUCONAZOLUM,Oral Solid Ordinary," tabs 150 mg blister, #2",150.0,mg,2.0,Oral solid,No sampled peer,No sampled peer,480072.94,579491.8,563626.34,316988.74,434458.12
79001,A ALIMENTARY TRACT AND METABOLISM,A10 DRUGS USED IN DIABETS,"A10B BLOOD GLUCOSE LOWERING DRUGS, EXCL. INSULINS",A10B A Biguanides,A10B A02 Metformin,10747,METFORMINUM,Oral Solid Ordinary," tabs coated w/film 1000 mg, #30",1000.0,mg,30.0,Oral solid,No sampled peer,No sampled peer,564529.6699999999,594768.54,625390.51,523414.74999999994,497257.53
54300,J GENERAL ANTIINFECTIVES FOR SYSTEMIC USE,J02 ANTIMYCOTICS FOR SYSTEMIC USE,J02A ANTIMYCOTICS FOR SYSTEMIC USE,J02A C Triazole and tetrazole derivatives,J02A C01 Fluconazole,49884,FLUCONAZOLUM,Oral Solid Ordinary," caps. 150 mg blister in box, #1",150.0,mg,1.0,Oral solid,No sampled peer,No sampled peer,449607.38999999996,566152.5800000001,486351.22000000003,85693.22,53914.30000000001
85989,M MUSCULO-SCELETAL SYSTEM,M01 ANTIINFLAMMATORY AND ANTIRHEUMATIC PRODUCTS,"M01A ANTIINFLAMMATORY AND ANTIRHEUMATIC PRODUCTS, NON-STEROIDS",M01A C Oxicams,M01A C06 Meloxicam,40955,MELOXICAMUM,Parenteral Ordinary," sol.  for inj. 1 % amp. 1,5 ml, blister, #5",,,5.0,Parenteral,ATC3,"M01A ANTIINFLAMMATORY AND ANTIRHEUMATIC PRODUCTS, NON-STEROIDS",523641.32999999996,522697.1100000001,482863.08999999997,373739.63999999996,336016.06
166139,N NERVOUS SYSTEM,N02 ANALGESICS,N02B OTHER ANALGESICS AND ANTIPYRETICS,N02B E Anilides,N02B E01 Paracetamol,30510,PARACETAMOLUM,Parenteral Ordinary, sol. f/infus. 10 mg/ml bottle glass 100 ml,10.0,mg,,Parenteral,ATC3,N02B OTHER ANALGESICS AND ANTIPYRETICS,532279.5,532124.37,538972.8300000001,267227.41000000003,272733.35
111002,N NERVOUS SYSTEM,N02 ANALGESICS,N02B OTHER ANALGESICS AND ANTIPYRETICS,N02B E Anilides,N02B E01 Paracetamol,24698,PARACETAMOLUM,Oral Solid Ordinary," tabs 200 mg blister, #10",200.0,mg,10.0,Oral solid,ATC3,N02B OTHER ANALGESICS AND ANTIPYRETICS,410243.20999999996,312203.83999999997,84556.89000000001,88400.50000000001,48612.53
141381,C CARDIOVASCULAR SYSTEM,C07 BETA BLOCKING AGENTS,C07A BETA-BLOCKING AGENTS,"C07A B Beta blocking agents, selective",C07A B07 Bisoprolol,28528,BISOPROLOLUM,Oral Solid Ordinary," tabs 5 mg blister, #50",5.0,mg,50.0,Oral solid,No sampled peer,No sampled peer,412094.19999999995,258998.18,215176.88,136962.69,167431.59000000003
5080,M MUSCULO-SCELETAL SYSTEM,M01 ANTIINFLAMMATORY AND ANTIRHEUMATIC PRODUCTS,"M01A ANTIINFLAMMATORY AND ANTIRHEUMATIC PRODUCTS, NON-STEROIDS",M01A B Acetic acid derivatives and related substances,M01A B05 Diclofenac,34428,DICLOFENACUM,Oral Solid Ordinary," tabs coat.intest.-soluble 25 mg blister, #30",25.0,mg,30.0,Oral solid,ATC3,"M01A ANTIINFLAMMATORY AND ANTIRHEUMATIC PRODUCTS, NON-STEROIDS",608937.71,398772.38000000006,226596.17,144396.33000000002,92471.87
128559,R RESPIRATORY SYSTEM,R05 COUGH AND COLD PREPARATIONS,"R05C EXPECTORANTS, EXCL. COMBINATIONS WITH COUGH SUPRESSANTS",R05C B Mucolytics,R05C B06 Ambroxol,7585,AMBROXOLUM,Oral Liquid Ordinary," syrup 15 mg/5 ml flask 100 ml, with measuring cap, #1",15.0,mg,1.0,Oral liquid,ATC4,R05C B Mucolytics,444048.62000000005,242027.28000000003,355589.22,189547.1,208963.02
62992,J GENERAL ANTIINFECTIVES FOR SYSTEMIC USE,J02 ANTIMYCOTICS FOR SYSTEMIC USE,J02A ANTIMYCOTICS FOR SYSTEMIC USE,J02A C Triazole and tetrazole derivatives,J02A C01 Fluconazole,49884,FLUCONAZOLUM,Oral Solid Ordinary," caps. 150 mg, #1",150.0,mg,1.0,Oral solid,No sampled peer,No sampled peer,469978.79999999993,355149.67000000004,298350.57000000007,231494.87,238252.86
110517,R RESPIRATORY SYSTEM,R05 COUGH AND COLD PREPARATIONS,"R05C EXPECTORANTS, EXCL. COMBINATIONS WITH COUGH SUPRESSANTS",R05C B Mucolytics,R05C B01 Acetylcysteine,6103,ACETYLCYSTEINUM,Oral Liquid Ordinary," powder f/oral solution 600 mg bag, #6",600.0,mg,6.0,Oral liquid,ATC4,R05C B Mucolytics,319376.45,369945.17,420778.35,298869.61,266776.74000000005
94658,M MUSCULO-SCELETAL SYSTEM,M01 ANTIINFLAMMATORY AND ANTIRHEUMATIC PRODUCTS,"M01A ANTIINFLAMMATORY AND ANTIRHEUMATIC PRODUCTS, NON-STEROIDS",M01A E Propionic acid derivatives,M01A E01 Ibuprofen,38669,IBUPROFENUM,Oral Solid Ordinary," tablets coated 400 mg, #12",400.0,mg,12.0,Oral solid,ATC3,"M01A ANTIINFLAMMATORY AND ANTIRHEUMATIC PRODUCTS, NON-STEROIDS",502728.1899999999,696744.8599999999,863265.95,870420.53,817904.7300000001
9863,N NERVOUS SYSTEM,N02 ANALGESICS,N02B OTHER ANALGESICS AND ANTIPYRETICS,N02B E Anilides,N02B E01 Paracetamol,30087,PARACETAMOLUM,Oral Liquid Ordinary," oral suspens. 120 mg/5 ml flask 100 ml, #1",120.0,mg,1.0,Oral liquid,ATC3,N02B OTHER ANALGESICS AND ANTIPYRETICS,457489.3999999999,377337.44999999995,411030.91000000003,314949.69000000006,347383.41
221839,M MUSCULO-SCELETAL SYSTEM,M01 ANTIINFLAMMATORY AND ANTIRHEUMATIC PRODUCTS,"M01A ANTIINFLAMMATORY AND ANTIRHEUMATIC PRODUCTS, NON-STEROIDS",M01A E Propionic acid derivatives,M01A E01 Ibuprofen,38669,IBUPROFENUM,Oral Solid Ordinary," tablets coated 200 mg blister, #8",200.0,mg,8.0,Oral solid,ATC3,"M01A ANTIINFLAMMATORY AND ANTIRHEUMATIC PRODUCTS, NON-STEROIDS",557135.42,393505.63999999996,424062.10000000003,373969.9099999999,336755.67
22861,R RESPIRATORY SYSTEM,R05 COUGH AND COLD PREPARATIONS,"R05C EXPECTORANTS, EXCL. COMBINATIONS WITH COUGH SUPRESSANTS",R05C B Mucolytics,R05C B06 Ambroxol,7585,AMBROXOLUM,Oral Solid Ordinary," tabs 30 mg, #20",30.0,mg,20.0,Oral solid,ATC4,R05C B Mucolytics,235367.65,151263.82,162455.47999999998,87740.05999999998,144645.26
108531,C CARDIOVASCULAR SYSTEM,C08 CALCIUM CHANNEL BLOCKERS,C08C SELECTIVE CALCIUM CHANNEL BLOCKERS WITH MAINLY VASCULAR EFFECTS,C08C A Dihydropyridine derivatives,C08C A01 Amlodipine,15047,AMLODIPINUM,Oral Solid Ordinary," tabs 5 mg blister, #30",5.0,mg,30.0,Oral solid,No sampled peer,No sampled peer,823823.44,891379.7499999999,992175.25,770386.6200000001,831732.3200000001
381950,J GENERAL ANTIINFECTIVES FOR SYSTEMIC USE,J01 ANTIBACTERIALS FOR SYSTEMIC USE,J01D OTHER BETA-LACTAM ANTIBACTERIALS,J01D D Third-generation cephalosporins,J01D D04 Ceftriaxone,32233,CEFTRIAXONUM,Parenteral Ordinary," powd.fr-dr., f/sol. f/in. 1 g flask, 1% lidocain amp. 3,5 ml, #1",1.0,g,1.0,Parenteral,No sampled peer,No sampled peer,506660.99000000005,685971.0,935108.95,279923.33,169778.19999999998
4074,J GENERAL ANTIINFECTIVES FOR SYSTEMIC USE,J01 ANTIBACTERIALS FOR SYSTEMIC USE,"J01F MACROLIDES, LINCOSAMIDES AND STREPTOGRAMINS",J01F A Macrolides,J01F A10 Azithromycin,6669,AZITHROMYCINUM,Oral Solid Ordinary," tabs coated w/film 500 mg, #3",500.0,mg,3.0,Oral solid,No sampled peer,No sampled peer,398476.47,843224.4,580019.44,429110.07999999996,328086.8
129473,B BLOOD AND BLOOD FORMING ORGANS,B01 ANTITHROMBOTIC AGENTS,B01A ANTITHROMBOTIC AGENTS,B01A C Platelet aggregation inhibitors excl. heparin,B01A C06 Acetylsalicylic acid,25023,ACIDUM ACETYLSALICYLICUM*,Oral Solid Ordinary," tabs coat.intest.-soluble 75 mg strip, #30",75.0,mg,30.0,Oral solid,No sampled peer,No sampled peer,589213.39,617213.34,1150839.2100000002,851473.11,678338.0800000001
350492,M MUSCULO-SCELETAL SYSTEM,M01 ANTIINFLAMMATORY AND ANTIRHEUMATIC PRODUCTS,"M01A ANTIINFLAMMATORY AND ANTIRHEUMATIC PRODUCTS, NON-STEROIDS",M01A E Propionic acid derivatives,M01A E01 Ibuprofen,38669,IBUPROFENUM,Oral Liquid Ordinary," oral suspens. 200 mg/5 ml flask 100 ml, with strawberry taste",200.0,mg,,Oral liquid,ATC3,"M01A ANTIINFLAMMATORY AND ANTIRHEUMATIC PRODUCTS, NON-STEROIDS",601496.99,497225.06,744206.4,433604.1599999999,561949.0199999999
233116,J GENERAL ANTIINFECTIVES FOR SYSTEMIC USE,J01 ANTIBACTERIALS FOR SYSTEMIC USE,J01M QUINOLONE ANTIBACTERIALS,J01M A Fluoroquinolones,J01M A12 Levofloxacin,17568,LEVOFLOXACINUM,Parenteral Ordinary," sol. f/infus. 500 mg/100 ml cont. 100 ml, #1",500.0,mg,1.0,Parenteral,No sampled peer,No sampled peer,587899.71,579997.1299999999,488504.66000000003,133458.17999999996,82108.22
389775,M MUSCULO-SCELETAL SYSTEM,M01 ANTIINFLAMMATORY AND ANTIRHEUMATIC PRODUCTS,"M01A ANTIINFLAMMATORY AND ANTIRHEUMATIC PRODUCTS, NON-STEROIDS",M01A E Propionic acid derivatives,M01A E01 Ibuprofen,38669,IBUPROFENUM,Oral Liquid Ordinary," oral suspens. 200 mg/5 ml flask 100 ml, with orange taste",200.0,mg,,Oral liquid,ATC3,"M01A ANTIINFLAMMATORY AND ANTIRHEUMATIC PRODUCTS, NON-STEROIDS",573428.33,458289.54999999993,636969.5199999999,653483.9,750125.79
307538,M MUSCULO-SCELETAL SYSTEM,M01 ANTIINFLAMMATORY AND ANTIRHEUMATIC PRODUCTS,"M01A ANTIINFLAMMATORY AND ANTIRHEUMATIC PRODUCTS, NON-STEROIDS",M01A E Propionic acid derivatives,M01A E01 Ibuprofen,13291,IBUPROFENUM,Oral Solid Ordinary," caps. soft gelatinous 400 mg blister in box, #10",400.0,mg,10.0,Oral solid,ATC3,"M01A ANTIINFLAMMATORY AND ANTIRHEUMATIC PRODUCTS, NON-STEROIDS",582543.2000000001,290447.69,420870.7300000001,323933.95999999996,102463.28
69824,B BLOOD AND BLOOD FORMING ORGANS,B01 ANTITHROMBOTIC AGENTS,B01A ANTITHROMBOTIC AGENTS,B01A C Platelet aggregation inhibitors excl. heparin,B01A C06 Acetylsalicylic acid,9584,ACIDUM ACETYLSALICYLICUM*,Oral Solid Ordinary," tabs coated w/film 75 mg flask, #30",75.0,mg,30.0,Oral solid,No sampled peer,No sampled peer,663073.2000000001,901672.2,1165403.27,766149.98,607074.81
122361,J GENERAL ANTIINFECTIVES FOR SYSTEMIC USE,J01 ANTIBACTERIALS FOR SYSTEMIC USE,"J01F MACROLIDES, LINCOSAMIDES AND STREPTOGRAMINS",J01F A Macrolides,J01F A10 Azithromycin,477,AZITHROMYCINUM,Oral Solid Ordinary," caps. 0,5 g blister, #3",0.5,g,3.0,Oral solid,No sampled peer,No sampled peer,432148.51,808067.74,285963.77,124744.14000000001,72854.77000000002
112506,C CARDIOVASCULAR SYSTEM,C07 BETA BLOCKING AGENTS,C07A BETA-BLOCKING AGENTS,"C07A B Beta blocking agents, selective",C07A B07 Bisoprolol,18260,BISOPROLOLUM,Oral Solid Ordinary," tabs 10 mg blister, in a pack, #30",10.0,mg,30.0,Oral solid,No sampled peer,No sampled peer,1027425.6800000002,1131984.31,1185763.5,1202663.6,1168349.52
128420,J GENERAL ANTIINFECTIVES FOR SYSTEMIC USE,J01 ANTIBACTERIALS FOR SYSTEMIC USE,"J01F MACROLIDES, LINCOSAMIDES AND STREPTOGRAMINS",J01F A Macrolides,J01F A10 Azithromycin,2228,AZITHROMYCINUM,Oral Solid Ordinary," tabs coated w/film 500 mg blister, #3",500.0,mg,3.0,Oral solid,No sampled peer,No sampled peer,408117.94,703856.29,462944.16,344360.36,263498.85
99302,R RESPIRATORY SYSTEM,R05 COUGH AND COLD PREPARATIONS,"R05C EXPECTORANTS, EXCL. COMBINATIONS WITH COUGH SUPRESSANTS",R05C B Mucolytics,R05C B01 Acetylcysteine,6103,ACETYLCYSTEINUM,Oral Liquid Ordinary," powder f/oral solution 200 mg bag, #20",200.0,mg,20.0,Oral liquid,ATC4,R05C B Mucolytics,339039.48000000004,293011.28,308139.05,197155.68000000002,173178.36000000002
99352,M MUSCULO-SCELETAL SYSTEM,M01 ANTIINFLAMMATORY AND ANTIRHEUMATIC PRODUCTS,"M01A ANTIINFLAMMATORY AND ANTIRHEUMATIC PRODUCTS, NON-STEROIDS",M01A E Propionic acid derivatives,M01A E01 Ibuprofen,38669,IBUPROFENUM,Oral Solid Ordinary," tablets coated 200 mg blister, #12",200.0,mg,12.0,Oral solid,ATC3,"M01A ANTIINFLAMMATORY AND ANTIRHEUMATIC PRODUCTS, NON-STEROIDS",649831.2999999999,627328.81,686552.5700000001,630825.02,600347.7699999999
109181,M MUSCULO-SCELETAL SYSTEM,M01 ANTIINFLAMMATORY AND ANTIRHEUMATIC PRODUCTS,"M01A ANTIINFLAMMATORY AND ANTIRHEUMATIC PRODUCTS, NON-STEROIDS",M01A E Propionic acid derivatives,M01A E01 Ibuprofen,38669,IBUPROFENUM,Oral Liquid Ordinary," oral suspens. 100 mg/5 ml flask 100 ml, with orange taste",100.0,mg,,Oral liquid,ATC3,"M01A ANTIINFLAMMATORY AND ANTIRHEUMATIC PRODUCTS, NON-STEROIDS",596473.65,416544.49999999994,479609.74,407261.86000000004,477963.31999999995
109182,M MUSCULO-SCELETAL SYSTEM,M01 ANTIINFLAMMATORY AND ANTIRHEUMATIC PRODUCTS,"M01A ANTIINFLAMMATORY AND ANTIRHEUMATIC PRODUCTS, NON-STEROIDS",M01A E Propionic acid derivatives,M01A E01 Ibuprofen,38669,IBUPROFENUM,Oral Liquid Ordinary," oral suspens. 100 mg/5 ml flask 100 ml, with strawberry taste",100.0,mg,,Oral liquid,ATC3,"M01A ANTIINFLAMMATORY AND ANTIRHEUMATIC PRODUCTS, NON-STEROIDS",578342.7,418524.36,480056.82000000007,359668.26,324079.80999999994
222179,N NERVOUS SYSTEM,N02 ANALGESICS,N02B OTHER ANALGESICS AND ANTIPYRETICS,N02B A Salicylic acid and derivatives,N02B A01 Acetylsalicylic acid,19943,ACIDUM ACETYLSALICYLICUM*,Oral Solid Ordinary," tabs 0,5 g blister, #10",0.5,g,10.0,Oral solid,ATC3,N02B OTHER ANALGESICS AND ANTIPYRETICS,432838.5899999999,526636.63,361192.25,186651.28999999998,274695.23999999993
99305,R RESPIRATORY SYSTEM,R05 COUGH AND COLD PREPARATIONS,"R05C EXPECTORANTS, EXCL. COMBINATIONS WITH COUGH SUPRESSANTS",R05C B Mucolytics,R05C B01 Acetylcysteine,6103,ACETYLCYSTEINUM,Oral Solid Ordinary," tab. sparkling 600 mg tube, #10",600.0,mg,10.0,Oral solid,ATC4,R05C B Mucolytics,414047.92999999993,569266.7000000001,664172.62,552292.37,435307.92000000004
39296,R RESPIRATORY SYSTEM,R05 COUGH AND COLD PREPARATIONS,"R05C EXPECTORANTS, EXCL. COMBINATIONS WITH COUGH SUPRESSANTS",R05C B Mucolytics,R05C B06 Ambroxol,21463,AMBROXOLUM,Oral Solid Ordinary," tabs 30 mg cont. cell pack, pack, #20",30.0,mg,20.0,Oral solid,ATC4,R05C B Mucolytics,320684.22000000003,365145.8,470759.3,438233.26,630201.99
4954,M MUSCULO-SCELETAL SYSTEM,M01 ANTIINFLAMMATORY AND ANTIRHEUMATIC PRODUCTS,"M01A ANTIINFLAMMATORY AND ANTIRHEUMATIC PRODUCTS, NON-STEROIDS",M01A E Propionic acid derivatives,M01A E01 Ibuprofen,39013,IBUPROFENUM,Oral Solid Ordinary," tabs coated w/film 200 mg, #50",200.0,mg,50.0,Oral solid,ATC3,"M01A ANTIINFLAMMATORY AND ANTIRHEUMATIC PRODUCTS, NON-STEROIDS",873203.1100000001,1298760.77,998959.73,990137.47,603724.1600000001
107615,J GENERAL ANTIINFECTIVES FOR SYSTEMIC USE,J02 ANTIMYCOTICS FOR SYSTEMIC USE,J02A ANTIMYCOTICS FOR SYSTEMIC USE,J02A C Triazole and tetrazole derivatives,J02A C01 Fluconazole,16714,FLUCONAZOLUM,Oral Solid Ordinary," tabs 150 mg blister, #1",150.0,mg,1.0,Oral solid,No sampled peer,No sampled peer,864047.9199999997,763397.84,746395.39,562881.1399999999,544319.6900000001
136698,M MUSCULO-SCELETAL SYSTEM,M01 ANTIINFLAMMATORY AND ANTIRHEUMATIC PRODUCTS,"M01A ANTIINFLAMMATORY AND ANTIRHEUMATIC PRODUCTS, NON-STEROIDS",M01A B Acetic acid derivatives and related substances,M01A B05 Diclofenac,34428,DICLOFENACUM,Oral Solid Ordinary," tabs coat.intest.-soluble 50 mg blister, #30",50.0,mg,30.0,Oral solid,ATC3,"M01A ANTIINFLAMMATORY AND ANTIRHEUMATIC PRODUCTS, NON-STEROIDS",1173751.57,1217885.82,1381043.7600000002,1258681.0699999998,1617401.7
404568,J GENERAL ANTIINFECTIVES FOR SYSTEMIC USE,J01 ANTIBACTERIALS FOR SYSTEMIC USE,J01D OTHER BETA-LACTAM ANTIBACTERIALS,J01D D Third-generation cephalosporins,J01D D04 Ceftriaxone,34693,CEFTRIAXONUM,Parenteral Ordinary," powd.fr-dr., f/sol. f/in. 1 g flask, #1",1.0,g,1.0,Parenteral,No sampled peer,No sampled peer,802626.5299999999,558690.29,533080.11,152106.65000000002,144111.23
136696,M MUSCULO-SCELETAL SYSTEM,M01 ANTIINFLAMMATORY AND ANTIRHEUMATIC PRODUCTS,"M01A ANTIINFLAMMATORY AND ANTIRHEUMATIC PRODUCTS, NON-STEROIDS",M01A B Acetic acid derivatives and related substances,M01A B05 Diclofenac,34428,DICLOFENACUM,Oral Solid Ordinary," tabs coat.intest.-soluble 50 mg blister, #10",50.0,mg,10.0,Oral solid,ATC3,"M01A ANTIINFLAMMATORY AND ANTIRHEUMATIC PRODUCTS, NON-STEROIDS",1157159.8699999999,1179267.7499999998,951764.06,1216789.5299999998,792303.09
27533,N NERVOUS SYSTEM,N02 ANALGESICS,N02B OTHER ANALGESICS AND ANTIPYRETICS,N02B A Salicylic acid and derivatives,N02B A01 Acetylsalicylic acid,19943,ACIDUM ACETYLSALICYLICUM*,Oral Solid Ordinary," tabs 500 mg blister, #10",500.0,mg,10.0,Oral solid,ATC3,N02B OTHER ANALGESICS AND ANTIPYRETICS,1181378.76,806905.7100000001,293112.1099999999,116396.19,165473.84999999998
129411,R RESPIRATORY SYSTEM,R05 COUGH AND COLD PREPARATIONS,"R05C EXPECTORANTS, EXCL. COMBINATIONS WITH COUGH SUPRESSANTS",R05C B Mucolytics,R05C B06 Ambroxol,44262,AMBROXOLUM,Oral Solid Ordinary," tabs 30 mg blister, #20",30.0,mg,20.0,Oral solid,ATC4,R05C B Mucolytics,456503.62999999995,356099.05999999994,275189.39,194354.2,160294.72000000003
149387,B BLOOD AND BLOOD FORMING ORGANS,B01 ANTITHROMBOTIC AGENTS,B01A ANTITHROMBOTIC AGENTS,B01A C Platelet aggregation inhibitors excl. heparin,B01A C06 Acetylsalicylic acid,49421,ACIDUM ACETYLSALICYLICUM*,Oral Solid Ordinary," tabs coat.intest.-soluble 100 mg blister, #28",100.0,mg,28.0,Oral solid,No sampled peer,No sampled peer,356417.93999999994,536673.7000000001,675589.16,520335.31,599234.4700000001
444531,C CARDIOVASCULAR SYSTEM,C07 BETA BLOCKING AGENTS,C07A BETA-BLOCKING AGENTS,"C07A B Beta blocking agents, selective",C07A B07 Bisoprolol,18260,BISOPROLOLUM,Oral Solid Ordinary," tabs 5 mg blister, #30",5.0,mg,30.0,Oral solid,No sampled peer,No sampled peer,1070411.5799999998,1304625.9300000002,1621017.5400000003,1413247.6700000002,1390384.5999999996
108532,C CARDIOVASCULAR SYSTEM,C08 CALCIUM CHANNEL BLOCKERS,C08C SELECTIVE CALCIUM CHANNEL BLOCKERS WITH MAINLY VASCULAR EFFECTS,C08C A Dihydropyridine derivatives,C08C A01 Amlodipine,15047,AMLODIPINUM,Oral Solid Ordinary," tabs 10 mg blister, #30",10.0,mg,30.0,Oral solid,No sampled peer,No sampled peer,1291830.23,1332732.98,1497146.8700000003,1314513.4400000002,1231616.28
112504,C CARDIOVASCULAR SYSTEM,C07 BETA BLOCKING AGENTS,C07A BETA-BLOCKING AGENTS,"C07A B Beta blocking agents, selective",C07A B07 Bisoprolol,18260,BISOPROLOLUM,Oral Solid Ordinary," tabs 5 mg blister, in a pack, #30",5.0,mg,30.0,Oral solid,No sampled peer,No sampled peer,1433808.68,1697000.3800000001,1946295.7399999998,1977275.0999999996,2249966.9
153057,N NERVOUS SYSTEM,N02 ANALGESICS,N02B OTHER ANALGESICS AND ANTIPYRETICS,N02B E Anilides,N02B E01 Paracetamol,24698,PARACETAMOLUM,Oral Solid Ordinary," caps. 325 mg blister, #10",325.0,mg,10.0,Oral solid,ATC3,N02B OTHER ANALGESICS AND ANTIPYRETICS,737991.7200000001,814312.9300000002,451257.77,352127.17,156279.38999999998
282637,M MUSCULO-SCELETAL SYSTEM,M01 ANTIINFLAMMATORY AND ANTIRHEUMATIC PRODUCTS,"M01A ANTIINFLAMMATORY AND ANTIRHEUMATIC PRODUCTS, NON-STEROIDS",M01A B Acetic acid derivatives and related substances,M01A B05 Diclofenac,34028,DICLOFENACUM,Oral Solid Ordinary," tabs 0,05 g blister, #10",0.05,g,10.0,Oral solid,ATC3,"M01A ANTIINFLAMMATORY AND ANTIRHEUMATIC PRODUCTS, NON-STEROIDS",1146399.2000000002,1179831.8099999996,538010.6900000001,392557.23000000004,193708.57
230189,J GENERAL ANTIINFECTIVES FOR SYSTEMIC USE,J01 ANTIBACTERIALS FOR SYSTEMIC USE,J01D OTHER BETA-LACTAM ANTIBACTERIALS,J01D D Third-generation cephalosporins,J01D D04 Ceftriaxone,22819,CEFTRIAXONUM,Parenteral Ordinary," powd.fr-dr., f/sol. f/in. 1000 mg flask, #1",1000.0,mg,1.0,Parenteral,No sampled peer,No sampled peer,905248.87,1045510.8,821340.0599999999,196886.81999999998,110299.56999999999
70279,M MUSCULO-SCELETAL SYSTEM,M01 ANTIINFLAMMATORY AND ANTIRHEUMATIC PRODUCTS,"M01A ANTIINFLAMMATORY AND ANTIRHEUMATIC PRODUCTS, NON-STEROIDS",M01A B Acetic acid derivatives and related substances,M01A B05 Diclofenac,47498,DICLOFENACUM,Parenteral Ordinary," sol.  for inj. 75 mg amp. 3 ml, #5",75.0,mg,5.0,Parenteral,ATC3,"M01A ANTIINFLAMMATORY AND ANTIRHEUMATIC PRODUCTS, NON-STEROIDS",1310947.36,1245757.82,1371018.09,1209066.6600000001,1242636.61
25464,M MUSCULO-SCELETAL SYSTEM,M01 ANTIINFLAMMATORY AND ANTIRHEUMATIC PRODUCTS,"M01A ANTIINFLAMMATORY AND ANTIRHEUMATIC PRODUCTS, NON-STEROIDS",M01A B Acetic acid derivatives and related substances,M01A B05 Diclofenac,34028,DICLOFENACUM,Oral Solid Ordinary," tabs 0,05 g blister, in a pack, #30",0.05,g,30.0,Oral solid,ATC3,"M01A ANTIINFLAMMATORY AND ANTIRHEUMATIC PRODUCTS, NON-STEROIDS",1455625.33,1273076.76,1059551.3199999998,621184.6299999999,740182.6
25192,R RESPIRATORY SYSTEM,R05 COUGH AND COLD PREPARATIONS,"R05C EXPECTORANTS, EXCL. COMBINATIONS WITH COUGH SUPRESSANTS",R05C B Mucolytics,R05C B06 Ambroxol,24010,AMBROXOLUM,Parenteral Ordinary," sol.  for inj. 7,5 mg/ml amp. 2 ml, in a pack, #5",7.5,mg,5.0,Parenteral,ATC4,R05C B Mucolytics,778334.96,720048.0000000001,636224.7100000001,272945.36,279711.83999999997
88461,J GENERAL ANTIINFECTIVES FOR SYSTEMIC USE,J01 ANTIBACTERIALS FOR SYSTEMIC USE,J01D OTHER BETA-LACTAM ANTIBACTERIALS,J01D D Third-generation cephalosporins,J01D D04 Ceftriaxone,22819,CEFTRIAXONUM,Parenteral Ordinary," powder for prep. of inj. sol. 1000 mg flask, #1",1000.0,mg,1.0,Parenteral,No sampled peer,No sampled peer,782362.8500000001,871064.76,1150507.15,494378.52999999985,340055.36000000004
69784,M MUSCULO-SCELETAL SYSTEM,M01 ANTIINFLAMMATORY AND ANTIRHEUMATIC PRODUCTS,"M01A ANTIINFLAMMATORY AND ANTIRHEUMATIC PRODUCTS, NON-STEROIDS",M01A E Propionic acid derivatives,M01A E01 Ibuprofen,39013,IBUPROFENUM,Oral Solid Ordinary," tabs 200 mg cont. cell pack, #50",200.0,mg,50.0,Oral solid,ATC3,"M01A ANTIINFLAMMATORY AND ANTIRHEUMATIC PRODUCTS, NON-STEROIDS",1094164.55,823701.34,1234927.47,1015205.8300000001,1090749.57
55932,J GENERAL ANTIINFECTIVES FOR SYSTEMIC USE,J01 ANTIBACTERIALS FOR SYSTEMIC USE,J01D OTHER BETA-LACTAM ANTIBACTERIALS,J01D D Third-generation cephalosporins,J01D D04 Ceftriaxone,21539,CEFTRIAXONUM,Parenteral Ordinary," powd.fr-dr., f/sol. f/in. 1 g flask, #1",1.0,g,1.0,Parenteral,No sampled peer,No sampled peer,1031811.43,2081042.2299999997,2500210.82,1344874.73,1083352.39
28183,R RESPIRATORY SYSTEM,R05 COUGH AND COLD PREPARATIONS,"R05C EXPECTORANTS, EXCL. COMBINATIONS WITH COUGH SUPRESSANTS",R05C B Mucolytics,R05C B06 Ambroxol,21463,AMBROXOLUM,Oral Solid Ordinary," tabs 30 mg blister, #20",30.0,mg,20.0,Oral solid,ATC4,R05C B Mucolytics,969957.06,615235.5,401381.35000000003,353940.39999999997,195688.93
69828,B BLOOD AND BLOOD FORMING ORGANS,B01 ANTITHROMBOTIC AGENTS,B01A ANTITHROMBOTIC AGENTS,B01A C Platelet aggregation inhibitors excl. heparin,B01A C06 Acetylsalicylic acid,9584,ACIDUM ACETYLSALICYLICUM*,Oral Solid Ordinary," tabs coated w/film 75 mg flask, #100",75.0,mg,100.0,Oral solid,No sampled peer,No sampled peer,1701544.9,1833699.01,2391520.11,1732150.8699999999,1451746.13
155363,B BLOOD AND BLOOD FORMING ORGANS,B01 ANTITHROMBOTIC AGENTS,B01A ANTITHROMBOTIC AGENTS,B01A C Platelet aggregation inhibitors excl. heparin,B01A C06 Acetylsalicylic acid,24013,ACIDUM ACETYLSALICYLICUM*,Oral Solid Ordinary," tabs coated w/film 75 mg blister, #100",75.0,mg,100.0,Oral solid,No sampled peer,No sampled peer,2117291.65,2162432.4499999997,2596831.47,1936038.27,1700495.0499999998
33004,J GENERAL ANTIINFECTIVES FOR SYSTEMIC USE,J01 ANTIBACTERIALS FOR SYSTEMIC USE,J01D OTHER BETA-LACTAM ANTIBACTERIALS,J01D D Third-generation cephalosporins,J01D D04 Ceftriaxone,21539,CEFTRIAXONUM,Parenteral Ordinary," powd.fr-dr., f/sol. f/in. 1000 mg flask, #1",1000.0,mg,1.0,Parenteral,No sampled peer,No sampled peer,1782696.03,1600136.5900000003,767402.1299999999,467167.33999999997,175829.03
156929,J GENERAL ANTIINFECTIVES FOR SYSTEMIC USE,J01 ANTIBACTERIALS FOR SYSTEMIC USE,"J01F MACROLIDES, LINCOSAMIDES AND STREPTOGRAMINS",J01F A Macrolides,J01F A10 Azithromycin,477,AZITHROMYCINUM,Oral Solid Ordinary," caps. 500 mg, #3",500.0,mg,3.0,Oral solid,No sampled peer,No sampled peer,1264071.8699999999,2089978.3199999998,1708648.6,964856.0699999997,660723.9500000002
153062,N NERVOUS SYSTEM,N02 ANALGESICS,N02B OTHER ANALGESICS AND ANTIPYRETICS,N02B E Anilides,N02B E01 Paracetamol,24698,PARACETAMOLUM,Oral Solid Ordinary," caps. 500 mg blister, #10",500.0,mg,10.0,Oral solid,ATC3,N02B OTHER ANALGESICS AND ANTIPYRETICS,2337249.9699999997,4418722.62,2970586.38,2848428.95,2337929.06
114619,N NERVOUS SYSTEM,N02 ANALGESICS,N02B OTHER ANALGESICS AND ANTIPYRETICS,N02B A Salicylic acid and derivatives,N02B A01 Acetylsalicylic acid,19943,ACIDUM ACETYLSALICYLICUM*,Oral Solid Ordinary," tabs 0,5 g blister, #10",0.5,g,10.0,Oral solid,ATC3,N02B OTHER ANALGESICS AND ANTIPYRETICS,5628139.91,5348924.5200000005,4929311.600000001,2891487.83,2356145.42
5558,N NERVOUS SYSTEM,N02 ANALGESICS,N02B OTHER ANALGESICS AND ANTIPYRETICS,N02B A Salicylic acid and derivatives,N02B A01 Acetylsalicylic acid,19943,ACIDUM ACETYLSALICYLICUM*,Oral Solid Ordinary," tabs 500 mg cont. cell pack, #10",500.0,mg,10.0,Oral solid,ATC3,N02B OTHER ANALGESICS AND ANTIPYRETICS,6021467.98,7650722.819999999,8188891.489999999,9000416.74,9001990.53
194013,N NERVOUS SYSTEM,N02 ANALGESICS,N02B OTHER ANALGESICS AND ANTIPYRETICS,N02B E Anilides,N02B E01 Paracetamol,24698,PARACETAMOLUM,Oral Solid Ordinary," tabs 500 mg cont. cell pack, pack, #10",500.0,mg,10.0,Oral solid,ATC3,N02B OTHER ANALGESICS AND ANTIPYRETICS,5618438.4,10678477.68,9835732.56,8180781.910000001,6770791.79
13405,J GENERAL ANTIINFECTIVES FOR SYSTEMIC USE,J01 ANTIBACTERIALS FOR SYSTEMIC USE,J01D OTHER BETA-LACTAM ANTIBACTERIALS,J01D D Third-generation cephalosporins,J01D D04 Ceftriaxone,21539,CEFTRIAXONUM,Parenteral Ordinary," powd.fr-dr., f/sol. f/in. 1 g flask, #1",1.0,g,1.0,Parenteral,No sampled peer,No sampled peer,7301497.210000001,6083553.029999999,4915061.71,2345534.38,1527972.28
99752,G GENITO URINARY SYSTEM AND SEX HORMONES,G04 UROLOGICALS,G04B UROLOGICALS,G04B E Drugs used in erectile dysfunction,G04B E03 Sildenafilum,31044,SILDENAFILUM,Oral Solid Ordinary," tabs coated w/film 20 mg blister in box, #90",20.0,mg,90.0,Oral solid,No sampled peer,No sampled peer,0.33,29.19,30.189999999999998,12.34,35.269999999999996
101668,B BLOOD AND BLOOD FORMING ORGANS,B01 ANTITHROMBOTIC AGENTS,B01A ANTITHROMBOTIC AGENTS,B01A C Platelet aggregation inhibitors excl. heparin,B01A C06 Acetylsalicylic acid,42476,ACIDUM ACETYLSALICYLICUM*,Oral Solid Ordinary," tabs 100 mg blister, #120",100.0,mg,120.0,Oral solid,No sampled peer,No sampled peer,0.16,0.0,0.0,0.0,0.0
171325,C CARDIOVASCULAR SYSTEM,C10 LIPID MODIFYING AGENTS,"C10A LIPID MODIFYING AGENTS, PLAIN",C10A A HMG CoA reductase inhibitors,C10A A05 Atorvastatin,15766,ATORVASTATINUM,Oral Solid Ordinary," tabs coated w/film 40 mg blister, #30",40.0,mg,30.0,Oral solid,ATC4,C10A A HMG CoA reductase inhibitors,2.1999999999999997,0.32,0.0,0.0,0.0
111854,R RESPIRATORY SYSTEM,R05 COUGH AND COLD PREPARATIONS,"R05C EXPECTORANTS, EXCL. COMBINATIONS WITH COUGH SUPRESSANTS",R05C B Mucolytics,R05C B01 Acetylcysteine,16933,ACETYLCYSTEINUM,Parenteral Ordinary," sol.  for inj. 100 mg/ml amp. 3 ml, #5",100.0,mg,5.0,Parenteral,ATC4,R05C B Mucolytics,20.939999999999998,158.23,823.24,587.8200000000002,1157.52
161557,A ALIMENTARY TRACT AND METABOLISM,A10 DRUGS USED IN DIABETS,"A10B BLOOD GLUCOSE LOWERING DRUGS, EXCL. INSULINS",A10B A Biguanides,A10B A02 Metformin,46551,METFORMINUM,Oral Solid Retard," tabs, prolong. action 1000 mg blister, #30",1000.0,mg,30.0,Oral solid,No sampled peer,No sampled peer,1.03,0.0,0.0,0.0,0.0
137324,S SENSORY ORGANS,S01 OPHTALMOLOGICALS,S01A ANTIINFECTIVES,S01A E Fluoroquinolones,S01A E05 Levofloxacin,5939,LEVOFLOXACINUM,Ophthalmic," drops, eye 5 mg/ml tube–drop. 0,5 ml, #10",5.0,mg,10.0,Ophthalmic,ATC3,S01A ANTIINFECTIVES,11.84,0.0,0.0,0.0,0.0
500414,N NERVOUS SYSTEM,N02 ANALGESICS,N02B OTHER ANALGESICS AND ANTIPYRETICS,N02B F Gabapentinoids,N02B F02 Pregabalin,49971,PREGABALINUM,Oral Liquid Ordinary," oral solution 20 mg/ml flask 200 ml, with dosing device, #1",20.0,mg,1.0,Oral liquid,ATC3,N02B OTHER ANALGESICS AND ANTIPYRETICS,40.0,63.78999999999999,0.0,0.0,0.0
327585,J GENERAL ANTIINFECTIVES FOR SYSTEMIC USE,J01 ANTIBACTERIALS FOR SYSTEMIC USE,J01D OTHER BETA-LACTAM ANTIBACTERIALS,J01D D Third-generation cephalosporins,J01D D04 Ceftriaxone,32233,CEFTRIAXONUM,Parenteral Ordinary," powd.fr-dr., f/sol. f/in. 1 g flask, +solvent (water f/in) amp 10ml, #1",1.0,g,1.0,Parenteral,No sampled peer,No sampled peer,4.01,0.0,0.0,0.0,0.0
410839,C CARDIOVASCULAR SYSTEM,C10 LIPID MODIFYING AGENTS,"C10A LIPID MODIFYING AGENTS, PLAIN",C10A A HMG CoA reductase inhibitors,C10A A07 Rosuvastatin,33901,ROSUVASTATINUM,Oral Solid Ordinary," tabs coated w/film 40 mg blister, #10",40.0,mg,10.0,Oral solid,ATC4,C10A A HMG CoA reductase inhibitors,4.85,0.0,0.0,0.0,0.0
26462,B BLOOD AND BLOOD FORMING ORGANS,B01 ANTITHROMBOTIC AGENTS,B01A ANTITHROMBOTIC AGENTS,B01A C Platelet aggregation inhibitors excl. heparin,B01A C06 Acetylsalicylic acid,42476,ACIDUM ACETYLSALICYLICUM*,Oral Solid Ordinary," tabs 100 mg cont., #100",100.0,mg,100.0,Oral solid,No sampled peer,No sampled peer,11.01,0.0,0.0,0.0,0.0
105637,G GENITO URINARY SYSTEM AND SEX HORMONES,G04 UROLOGICALS,G04B UROLOGICALS,G04B E Drugs used in erectile dysfunction,G04B E03 Sildenafilum,29041,SILDENAFILUM,Oral Solid Ordinary," tabs coated w/film 100 mg blister, #1",100.0,mg,1.0,Oral solid,No sampled peer,No sampled peer,5.81,0.0,0.0,0.0,0.0
488204,A ALIMENTARY TRACT AND METABOLISM,A10 DRUGS USED IN DIABETS,"A10B BLOOD GLUCOSE LOWERING DRUGS, EXCL. INSULINS",A10B A Biguanides,A10B A02 Metformin,23106,METFORMINUM,Oral Solid Retard," tabs, prolong. action 1000 mg, #30",1000.0,mg,30.0,Oral solid,No sampled peer,No sampled peer,50.14,20.11,0.0,0.0,0.0
111996,J GENERAL ANTIINFECTIVES FOR SYSTEMIC USE,J01 ANTIBACTERIALS FOR SYSTEMIC USE,J01M QUINOLONE ANTIBACTERIALS,J01M A Fluoroquinolones,J01M A12 Levofloxacin,47674,LEVOFLOXACINUM,Oral Solid Ordinary," tablets coated 500 mg blister, #10",500.0,mg,10.0,Oral solid,No sampled peer,No sampled peer,13.760000000000002,0.0,0.0,0.0,0.0
179737,J GENERAL ANTIINFECTIVES FOR SYSTEMIC USE,J01 ANTIBACTERIALS FOR SYSTEMIC USE,J01M QUINOLONE ANTIBACTERIALS,J01M A Fluoroquinolones,J01M A12 Levofloxacin,17413,LEVOFLOXACINUM,Parenteral Ordinary," sol. f/infus. 5 mg/ml flask 100 ml, #1",5.0,mg,1.0,Parenteral,No sampled peer,No sampled peer,6.96,0.0,0.0,0.0,0.0
327325,N NERVOUS SYSTEM,N02 ANALGESICS,N02B OTHER ANALGESICS AND ANTIPYRETICS,N02B F Gabapentinoids,N02B F02 Pregabalin,49971,PREGABALINUM,Oral Solid Ordinary," caps. 75 mg blister, #14",75.0,mg,14.0,Oral solid,ATC3,N02B OTHER ANALGESICS AND ANTIPYRETICS,32.64,0.36,0.0,0.0,0.0
500751,M MUSCULO-SCELETAL SYSTEM,M01 ANTIINFLAMMATORY AND ANTIRHEUMATIC PRODUCTS,"M01A ANTIINFLAMMATORY AND ANTIRHEUMATIC PRODUCTS, NON-STEROIDS",M01A C Oxicams,M01A C06 Meloxicam,46360,MELOXICAMUM,Parenteral Ordinary," sol.  for inj. 10 mg/ml amp. 1,5 ml, #5",10.0,mg,5.0,Parenteral,ATC3,"M01A ANTIINFLAMMATORY AND ANTIRHEUMATIC PRODUCTS, NON-STEROIDS",2571.15,8610.84,6698.999999999999,2342.4400000000005,5784.52
233976,J GENERAL ANTIINFECTIVES FOR SYSTEMIC USE,J01 ANTIBACTERIALS FOR SYSTEMIC USE,J01D OTHER BETA-LACTAM ANTIBACTERIALS,J01D D Third-generation cephalosporins,J01D D04 Ceftriaxone,25612,CEFTRIAXONUM,Parenteral Ordinary," powd.f/pr. sol. f/inj. & inf. 2000 mg flask, #1",2000.0,mg,1.0,Parenteral,No sampled peer,No sampled peer,35.74,0.0,0.0,0.0,0.0
146524,C CARDIOVASCULAR SYSTEM,C10 LIPID MODIFYING AGENTS,"C10A LIPID MODIFYING AGENTS, PLAIN",C10A A HMG CoA reductase inhibitors,C10A A05 Atorvastatin,48092,ATORVASTATINUM,Oral Solid Ordinary," tablets coated 10 mg cont. cell pack, #30",10.0,mg,30.0,Oral solid,ATC4,C10A A HMG CoA reductase inhibitors,14.89,4.97,0.0,0.0,105.89000000000003
61320,C CARDIOVASCULAR SYSTEM,C10 LIPID MODIFYING AGENTS,"C10A LIPID MODIFYING AGENTS, PLAIN",C10A A HMG CoA reductase inhibitors,C10A A05 Atorvastatin,6866,ATORVASTATINUM,Oral Solid Ordinary," tabs coated w/film 20 mg blister, #30",20.0,mg,30.0,Oral solid,ATC4,C10A A HMG CoA reductase inhibitors,16.83,0.0,0.0,0.0,0.0
77764,M MUSCULO-SCELETAL SYSTEM,M01 ANTIINFLAMMATORY AND ANTIRHEUMATIC PRODUCTS,"M01A ANTIINFLAMMATORY AND ANTIRHEUMATIC PRODUCTS, NON-STEROIDS",M01A C Oxicams,M01A C06 Meloxicam,13269,MELOXICAMUM,Oral Solid Ordinary," tabs 15 mg, #10",15.0,mg,10.0,Oral solid,ATC3,"M01A ANTIINFLAMMATORY AND ANTIRHEUMATIC PRODUCTS, NON-STEROIDS",18.56,0.0,0.0,0.0,0.0
111585,M MUSCULO-SCELETAL SYSTEM,M01 ANTIINFLAMMATORY AND ANTIRHEUMATIC PRODUCTS,"M01A ANTIINFLAMMATORY AND ANTIRHEUMATIC PRODUCTS, NON-STEROIDS",M01A B Acetic acid derivatives and related substances,M01A B05 Diclofenac,34028,DICLOFENACUM,Parenteral Ordinary," sol.  for inj. 25 mg/ml amp. 3 ml, #5",25.0,mg,5.0,Parenteral,ATC3,"M01A ANTIINFLAMMATORY AND ANTIRHEUMATIC PRODUCTS, NON-STEROIDS",19.23,0.0,0.0,0.0,0.0
541639,C CARDIOVASCULAR SYSTEM,C08 CALCIUM CHANNEL BLOCKERS,C08C SELECTIVE CALCIUM CHANNEL BLOCKERS WITH MAINLY VASCULAR EFFECTS,C08C A Dihydropyridine derivatives,C08C A01 Amlodipine,13380,AMLODIPINUM,Oral Solid Ordinary," tabs 5 mg blister in pack, #50",5.0,mg,50.0,Oral solid,No sampled peer,No sampled peer,9302.550000000001,38613.56,32656.689999999995,30759.819999999996,35045.87
504116,J GENERAL ANTIINFECTIVES FOR SYSTEMIC USE,J01 ANTIBACTERIALS FOR SYSTEMIC USE,J01M QUINOLONE ANTIBACTERIALS,J01M A Fluoroquinolones,J01M A12 Levofloxacin,39905,LEVOFLOXACINUM,Parenteral Ordinary," sol. f/infus. 5 mg/ml flask 100 ml, #1",5.0,mg,1.0,Parenteral,No sampled peer,No sampled peer,415.72999999999996,0.0,0.0,0.0,0.0
541644,C CARDIOVASCULAR SYSTEM,C08 CALCIUM CHANNEL BLOCKERS,C08C SELECTIVE CALCIUM CHANNEL BLOCKERS WITH MAINLY VASCULAR EFFECTS,C08C A Dihydropyridine derivatives,C08C A01 Amlodipine,13380,AMLODIPINUM,Oral Solid Ordinary," tabs 10 mg blister in pack, #30",10.0,mg,30.0,Oral solid,No sampled peer,No sampled peer,31404.129999999997,41314.98,61279.18,127528.43000000001,86754.54000000001
537752,C CARDIOVASCULAR SYSTEM,C10 LIPID MODIFYING AGENTS,"C10A LIPID MODIFYING AGENTS, PLAIN",C10A A HMG CoA reductase inhibitors,C10A A07 Rosuvastatin,11651,ROSUVASTATINUM,Oral Solid Ordinary," tabs coated w/film 20 mg blister, #28",20.0,mg,28.0,Oral solid,ATC4,C10A A HMG CoA reductase inhibitors,37623.62,58239.159999999996,84995.12,79561.5,118395.31
537742,C CARDIOVASCULAR SYSTEM,C10 LIPID MODIFYING AGENTS,"C10A LIPID MODIFYING AGENTS, PLAIN",C10A A HMG CoA reductase inhibitors,C10A A07 Rosuvastatin,11651,ROSUVASTATINUM,Oral Solid Ordinary," tabs coated w/film 10 mg blister, #28",10.0,mg,28.0,Oral solid,ATC4,C10A A HMG CoA reductase inhibitors,41363.229999999996,67064.56,103452.04000000001,121555.57,170276.44
155348,C CARDIOVASCULAR SYSTEM,C10 LIPID MODIFYING AGENTS,"C10A LIPID MODIFYING AGENTS, PLAIN",C10A A HMG CoA reductase inhibitors,C10A A05 Atorvastatin,46835,ATORVASTATINUM,Oral Solid Ordinary," tabs coated w/film 80 mg blister, #30",80.0,mg,30.0,Oral solid,ATC4,C10A A HMG CoA reductase inhibitors,1686.8200000000002,1639.31,1470.07,1156.6299999999999,1103.13
155346,C CARDIOVASCULAR SYSTEM,C10 LIPID MODIFYING AGENTS,"C10A LIPID MODIFYING AGENTS, PLAIN",C10A A HMG CoA reductase inhibitors,C10A A05 Atorvastatin,46835,ATORVASTATINUM,Oral Solid Ordinary," tabs coated w/film 40 mg blister, #30",40.0,mg,30.0,Oral solid,ATC4,C10A A HMG CoA reductase inhibitors,5281.92,7468.719999999999,9294.470000000001,8285.72,6964.61
155341,C CARDIOVASCULAR SYSTEM,C10 LIPID MODIFYING AGENTS,"C10A LIPID MODIFYING AGENTS, PLAIN",C10A A HMG CoA reductase inhibitors,C10A A05 Atorvastatin,46835,ATORVASTATINUM,Oral Solid Ordinary," tabs coated w/film 10 mg blister, #30",10.0,mg,30.0,Oral solid,ATC4,C10A A HMG CoA reductase inhibitors,9100.640000000001,11312.95,14183.08,10663.32,11040.550000000001
155344,C CARDIOVASCULAR SYSTEM,C10 LIPID MODIFYING AGENTS,"C10A LIPID MODIFYING AGENTS, PLAIN",C10A A HMG CoA reductase inhibitors,C10A A05 Atorvastatin,46835,ATORVASTATINUM,Oral Solid Ordinary," tabs coated w/film 20 mg blister, #30",20.0,mg,30.0,Oral solid,ATC4,C10A A HMG CoA reductase inhibitors,13928.26,15176.330000000002,18058.45,15078.41,18470.0
190970,M MUSCULO-SCELETAL SYSTEM,M01 ANTIINFLAMMATORY AND ANTIRHEUMATIC PRODUCTS,"M01A ANTIINFLAMMATORY AND ANTIRHEUMATIC PRODUCTS, NON-STEROIDS",M01A B Acetic acid derivatives and related substances,M01A B05 Diclofenac,34028,DICLOFENACUM,Parenteral Ordinary," sol.  for inj. 2,5 % amp. 3 ml, blister, #100",,,100.0,Parenteral,ATC3,"M01A ANTIINFLAMMATORY AND ANTIRHEUMATIC PRODUCTS, NON-STEROIDS",0.14,0.0,0.0,0.0,0.0
112253,J GENERAL ANTIINFECTIVES FOR SYSTEMIC USE,J01 ANTIBACTERIALS FOR SYSTEMIC USE,J01M QUINOLONE ANTIBACTERIALS,J01M A Fluoroquinolones,J01M A12 Levofloxacin,3554,LEVOFLOXACINUM,Oral Solid Ordinary," tabs coated w/film 750 mg blister, #10",750.0,mg,10.0,Oral solid,No sampled peer,No sampled peer,12.13,0.0,0.0,0.0,0.0
77765,M MUSCULO-SCELETAL SYSTEM,M01 ANTIINFLAMMATORY AND ANTIRHEUMATIC PRODUCTS,"M01A ANTIINFLAMMATORY AND ANTIRHEUMATIC PRODUCTS, NON-STEROIDS",M01A C Oxicams,M01A C06 Meloxicam,13269,MELOXICAMUM,Oral Solid Ordinary," tabs 15 mg, #20",15.0,mg,20.0,Oral solid,ATC3,"M01A ANTIINFLAMMATORY AND ANTIRHEUMATIC PRODUCTS, NON-STEROIDS",0.27,640.42,1698.7299999999996,1200.2800000000002,0.34
536982,M MUSCULO-SCELETAL SYSTEM,M01 ANTIINFLAMMATORY AND ANTIRHEUMATIC PRODUCTS,"M01A ANTIINFLAMMATORY AND ANTIRHEUMATIC PRODUCTS, NON-STEROIDS",M01A C Oxicams,M01A C06 Meloxicam,19867,MELOXICAMUM,Parenteral Ordinary," sol.  for inj. 10 mg/ml amp. 1,5 ml, in a pack, #5",10.0,mg,5.0,Parenteral,ATC3,"M01A ANTIINFLAMMATORY AND ANTIRHEUMATIC PRODUCTS, NON-STEROIDS",20838.0,52212.01,78077.97,44478.170000000006,47928.22
138405,C CARDIOVASCULAR SYSTEM,C07 BETA BLOCKING AGENTS,C07A BETA-BLOCKING AGENTS,"C07A B Beta blocking agents, selective",C07A B07 Bisoprolol,13032,BISOPROLOLUM,Oral Solid Ordinary," tabs coated w/film 2,5 mg blister in box, #30",2.5,mg,30.0,Oral solid,No sampled peer,No sampled peer,21.26,0.0,0.0,0.0,0.0
175804,M MUSCULO-SCELETAL SYSTEM,M01 ANTIINFLAMMATORY AND ANTIRHEUMATIC PRODUCTS,"M01A ANTIINFLAMMATORY AND ANTIRHEUMATIC PRODUCTS, NON-STEROIDS",M01A E Propionic acid derivatives,M01A E01 Ibuprofen,13291,IBUPROFENUM,Oral Solid Ordinary," caps. soft gelatinous 200 mg blister in box, #20",200.0,mg,20.0,Oral solid,ATC3,"M01A ANTIINFLAMMATORY AND ANTIRHEUMATIC PRODUCTS, NON-STEROIDS",8476.619999999999,37875.8,20774.19,16895.43,4234.869999999999
327289,M MUSCULO-SCELETAL SYSTEM,M01 ANTIINFLAMMATORY AND ANTIRHEUMATIC PRODUCTS,"M01A ANTIINFLAMMATORY AND ANTIRHEUMATIC PRODUCTS, NON-STEROIDS",M01A E Propionic acid derivatives,M01A E01 Ibuprofen,21024,IBUPROFENUM,Oral Liquid Ordinary," oral suspens. 100 mg/5 ml flask 100 ml, complete with a dosing syringe, #1",100.0,mg,1.0,Oral liquid,ATC3,"M01A ANTIINFLAMMATORY AND ANTIRHEUMATIC PRODUCTS, NON-STEROIDS",12575.02,10084.94,10028.940000000002,3424.4700000000007,25.03
173705,N NERVOUS SYSTEM,N02 ANALGESICS,N02B OTHER ANALGESICS AND ANTIPYRETICS,N02B E Anilides,N02B E01 Paracetamol,25836,PARACETAMOLUM,Oral Solid Ordinary," tabl. oral.-disper. 250 mg blister, #12",250.0,mg,12.0,Oral solid,ATC3,N02B OTHER ANALGESICS AND ANTIPYRETICS,1.41,19.1,0.0,0.0,0.0
104975,M MUSCULO-SCELETAL SYSTEM,M01 ANTIINFLAMMATORY AND ANTIRHEUMATIC PRODUCTS,"M01A ANTIINFLAMMATORY AND ANTIRHEUMATIC PRODUCTS, NON-STEROIDS",M01A C Oxicams,M01A C06 Meloxicam,45359,MELOXICAMUM,Oral Solid Ordinary," tabs 0,0075 g blister, in a pack, #20",0.0075,g,20.0,Oral solid,ATC3,"M01A ANTIINFLAMMATORY AND ANTIRHEUMATIC PRODUCTS, NON-STEROIDS",16.41,1500.8000000000002,2624.95,2696.2599999999998,2692.63
163806,J GENERAL ANTIINFECTIVES FOR SYSTEMIC USE,J01 ANTIBACTERIALS FOR SYSTEMIC USE,J01M QUINOLONE ANTIBACTERIALS,J01M A Fluoroquinolones,J01M A12 Levofloxacin,43653,LEVOFLOXACINUM,Oral Solid Ordinary," tabs coated w/film 500 mg blister, #10",500.0,mg,10.0,Oral solid,No sampled peer,No sampled peer,22.31,0.0,0.0,0.0,0.0
117729,J GENERAL ANTIINFECTIVES FOR SYSTEMIC USE,J01 ANTIBACTERIALS FOR SYSTEMIC USE,J01M QUINOLONE ANTIBACTERIALS,J01M A Fluoroquinolones,J01M A12 Levofloxacin,4936,LEVOFLOXACINUM,Parenteral Ordinary," sol. f/infus. 5 mg/ml flask 100 ml, #1",5.0,mg,1.0,Parenteral,No sampled peer,No sampled peer,1.74,0.0,0.0,0.0,0.0
88298,B BLOOD AND BLOOD FORMING ORGANS,B01 ANTITHROMBOTIC AGENTS,B01A ANTITHROMBOTIC AGENTS,B01A C Platelet aggregation inhibitors excl. heparin,B01A C06 Acetylsalicylic acid,44791,ACIDUM ACETYLSALICYLICUM*,Oral Solid Ordinary," tabs coat.w/film, int.-sol. 50 mg, #30",50.0,mg,30.0,Oral solid,No sampled peer,No sampled peer,6.300000000000001,9.81,0.0,0.0,0.0
485023,N NERVOUS SYSTEM,N06 PSYCHOANALEPTICS,"N06B PSYCHOSTIMULANTS, AGENTS USED FOR ADHD AND NOOTROPICS",N06B X Other psychostimulants and nootropics,N06B X06 Citicoline,23481,CITICOLINUM,Oral Liquid Ordinary," oral solution 100 mg/ml polymer.fl. 50 ml, with a dosing syringe, #1",100.0,mg,1.0,Oral liquid,No sampled peer,No sampled peer,8.83,57.13000000000001,0.0,0.0,0.0
331965,A ALIMENTARY TRACT AND METABOLISM,A10 DRUGS USED IN DIABETS,"A10B BLOOD GLUCOSE LOWERING DRUGS, EXCL. INSULINS",A10B A Biguanides,A10B A02 Metformin,45895,METFORMINUM,Oral Solid Ordinary," tabs coated w/film 850 mg blister, #30",850.0,mg,30.0,Oral solid,No sampled peer,No sampled peer,6.29,0.0,0.0,0.0,0.0
429241,J GENERAL ANTIINFECTIVES FOR SYSTEMIC USE,J01 ANTIBACTERIALS FOR SYSTEMIC USE,J01D OTHER BETA-LACTAM ANTIBACTERIALS,J01D D Third-generation cephalosporins,J01D D04 Ceftriaxone,21539,CEFTRIAXONUM,Parenteral Ordinary," powder for prep. of inj. sol. 1000 mg flask, #10",1000.0,mg,10.0,Parenteral,No sampled peer,No sampled peer,378.97,141.56,318.63,2936.5099999999998,2641.94
59863,M MUSCULO-SCELETAL SYSTEM,M01 ANTIINFLAMMATORY AND ANTIRHEUMATIC PRODUCTS,"M01A ANTIINFLAMMATORY AND ANTIRHEUMATIC PRODUCTS, NON-STEROIDS",M01A B Acetic acid derivatives and related substances,M01A B05 Diclofenac,22535,DICLOFENACUM,Oral Solid Retard," coat. tabs, prolong. action 100 mg blister, #20",100.0,mg,20.0,Oral solid,ATC3,"M01A ANTIINFLAMMATORY AND ANTIRHEUMATIC PRODUCTS, NON-STEROIDS",13.509999999999998,0.0,0.0,0.0,0.0
453882,M MUSCULO-SCELETAL SYSTEM,M01 ANTIINFLAMMATORY AND ANTIRHEUMATIC PRODUCTS,"M01A ANTIINFLAMMATORY AND ANTIRHEUMATIC PRODUCTS, NON-STEROIDS",M01A E Propionic acid derivatives,M01A E01 Ibuprofen,21024,IBUPROFENUM,Oral Liquid Ordinary," oral suspens. 200 mg/5 ml flask 100 ml, complete with a dosing syringe, #1",200.0,mg,1.0,Oral liquid,ATC3,"M01A ANTIINFLAMMATORY AND ANTIRHEUMATIC PRODUCTS, NON-STEROIDS",26469.469999999998,22934.599999999995,23634.73,10239.18,26.59
331963,A ALIMENTARY TRACT AND METABOLISM,A10 DRUGS USED IN DIABETS,"A10B BLOOD GLUCOSE LOWERING DRUGS, EXCL. INSULINS",A10B A Biguanides,A10B A02 Metformin,45895,METFORMINUM,Oral Solid Ordinary," tabs coated w/film 1000 mg blister, #30",1000.0,mg,30.0,Oral solid,No sampled peer,No sampled peer,9.819999999999999,0.0,0.0,0.0,0.0
134910,J GENERAL ANTIINFECTIVES FOR SYSTEMIC USE,J01 ANTIBACTERIALS FOR SYSTEMIC USE,"J01F MACROLIDES, LINCOSAMIDES AND STREPTOGRAMINS",J01F A Macrolides,J01F A10 Azithromycin,477,AZITHROMYCINUM,Oral Solid Ordinary," tabs coated w/film 1000 mg blister, #4",1000.0,mg,4.0,Oral solid,No sampled peer,No sampled peer,59.769999999999996,73.1,0.0,0.0,0.0
386945,N NERVOUS SYSTEM,N06 PSYCHOANALEPTICS,"N06B PSYCHOSTIMULANTS, AGENTS USED FOR ADHD AND NOOTROPICS",N06B X Other psychostimulants and nootropics,N06B X06 Citicoline,38213,CITICOLINUM,Parenteral Ordinary," sol.  for inj. 500 mg amp. 2 ml, contour cell wrap, pack, #5",500.0,mg,5.0,Parenteral,No sampled peer,No sampled peer,28.350000000000005,0.0,0.0,0.0,0.0
127715,N NERVOUS SYSTEM,N02 ANALGESICS,N02B OTHER ANALGESICS AND ANTIPYRETICS,N02B E Anilides,N02B E01 Paracetamol,24698,PARACETAMOLUM,Oral Liquid Ordinary," syrup 120 mg/5 ml jar, can 60 ml, with dosing cups, #1",120.0,mg,1.0,Oral liquid,ATC3,N02B OTHER ANALGESICS AND ANTIPYRETICS,7.47,0.0,0.0,0.0,0.0
109023,M MUSCULO-SCELETAL SYSTEM,M02 TOPICAL PRODUCTS FOR JOINT AND MUSCULAR PAIN,M02A TOPICAL PRODUCTS FOR JOINT AND MUSCULAR PAIN,"M02A A Antiinflammatory preparations, non-steroids for topical use",M02A A15 Diclofenac,24367,DICLOFENACUM,"Topical Dermatological, Haemorrhoidal, External"," transderm. plaster 140 mg pack, #10",140.0,mg,10.0,Topical,ATC4,"M02A A Antiinflammatory preparations, non-steroids for topical use",12.4,0.0,0.0,0.0,0.0
556342,G GENITO URINARY SYSTEM AND SEX HORMONES,G04 UROLOGICALS,G04B UROLOGICALS,G04B E Drugs used in erectile dysfunction,G04B E03 Sildenafilum,10911,SILDENAFILUM,Oral Solid Ordinary," tabs coated w/film 100 mg blister, #1",100.0,mg,1.0,Oral solid,No sampled peer,No sampled peer,383.63000000000005,430.3300000000001,327.23,504.06000000000006,1367.83
134731,J GENERAL ANTIINFECTIVES FOR SYSTEMIC USE,J01 ANTIBACTERIALS FOR SYSTEMIC USE,"J01F MACROLIDES, LINCOSAMIDES AND STREPTOGRAMINS",J01F A Macrolides,J01F A10 Azithromycin,477,AZITHROMYCINUM,Oral Solid Ordinary," tabs coated w/film 250 mg blister, #6",250.0,mg,6.0,Oral solid,No sampled peer,No sampled peer,6073.069999999999,8937.18,14.23,0.0,0.0
528262,A ALIMENTARY TRACT AND METABOLISM,A02 DRUGS FOR ACID RELATED DISORDERS,A02B DRUGS FOR TREATMENT OF PEPTIC ULCER AND GASTRO-OESOPHAGEAL REFLUX DISEASE,A02B C Proton pump inhibitors,A02B C02 Pantoprazole,14838,PANTOPRAZOLUM,Oral Solid Ordinary," tablets gastroresistant 40 mg blister, #28",40.0,mg,28.0,Oral solid,No sampled peer,No sampled peer,11282.48,44047.92,96060.59999999999,118887.85999999999,184333.93
313595,G GENITO URINARY SYSTEM AND SEX HORMONES,G04 UROLOGICALS,G04B UROLOGICALS,G04B E Drugs used in erectile dysfunction,G04B E03 Sildenafilum,31312,SILDENAFILUM,Oral Solid Ordinary," chewable tabs 100 mg blister, #4",100.0,mg,4.0,Oral solid,No sampled peer,No sampled peer,78.0,0.0,0.0,0.0,0.0
313588,G GENITO URINARY SYSTEM AND SEX HORMONES,G04 UROLOGICALS,G04B UROLOGICALS,G04B E Drugs used in erectile dysfunction,G04B E03 Sildenafilum,31312,SILDENAFILUM,Oral Solid Ordinary," chewable tabs 50 mg blister, #1",50.0,mg,1.0,Oral solid,No sampled peer,No sampled peer,96.34,0.0,0.0,0.0,0.0
313589,G GENITO URINARY SYSTEM AND SEX HORMONES,G04 UROLOGICALS,G04B UROLOGICALS,G04B E Drugs used in erectile dysfunction,G04B E03 Sildenafilum,31312,SILDENAFILUM,Oral Solid Ordinary," chewable tabs 50 mg blister, #2",50.0,mg,2.0,Oral solid,No sampled peer,No sampled peer,98.64,0.0,0.0,0.0,0.0
313590,G GENITO URINARY SYSTEM AND SEX HORMONES,G04 UROLOGICALS,G04B UROLOGICALS,G04B E Drugs used in erectile dysfunction,G04B E03 Sildenafilum,31312,SILDENAFILUM,Oral Solid Ordinary," chewable tabs 50 mg blister, #4",50.0,mg,4.0,Oral solid,No sampled peer,No sampled peer,137.65,0.0,0.0,0.0,0.0
76424,J GENERAL ANTIINFECTIVES FOR SYSTEMIC USE,J01 ANTIBACTERIALS FOR SYSTEMIC USE,J01D OTHER BETA-LACTAM ANTIBACTERIALS,J01D D Third-generation cephalosporins,J01D D04 Ceftriaxone,21539,CEFTRIAXONUM,Parenteral Ordinary," powd.fr-dr., f/sol. f/in. 0,5 g flask, with solvent in ampoules 5 ml, #1",0.5,g,1.0,Parenteral,No sampled peer,No sampled peer,1344.35,357.63,0.0,0.0,0.0
313594,G GENITO URINARY SYSTEM AND SEX HORMONES,G04 UROLOGICALS,G04B UROLOGICALS,G04B E Drugs used in erectile dysfunction,G04B E03 Sildenafilum,31312,SILDENAFILUM,Oral Solid Ordinary," chewable tabs 100 mg blister, #2",100.0,mg,2.0,Oral solid,No sampled peer,No sampled peer,211.05,0.0,0.0,0.0,0.0
313593,G GENITO URINARY SYSTEM AND SEX HORMONES,G04 UROLOGICALS,G04B UROLOGICALS,G04B E Drugs used in erectile dysfunction,G04B E03 Sildenafilum,31312,SILDENAFILUM,Oral Solid Ordinary," chewable tabs 100 mg blister, #1",100.0,mg,1.0,Oral solid,No sampled peer,No sampled peer,215.65,0.0,0.0,0.0,0.0
76425,J GENERAL ANTIINFECTIVES FOR SYSTEMIC USE,J01 ANTIBACTERIALS FOR SYSTEMIC USE,J01D OTHER BETA-LACTAM ANTIBACTERIALS,J01D D Third-generation cephalosporins,J01D D04 Ceftriaxone,21539,CEFTRIAXONUM,Parenteral Ordinary," powd.fr-dr., f/sol. f/in. 1 g flask, with solvent in ampoules 10 ml, #1",1.0,g,1.0,Parenteral,No sampled peer,No sampled peer,23780.679999999997,3138.26,0.0,0.0,0.0
92194,M MUSCULO-SCELETAL SYSTEM,M01 ANTIINFLAMMATORY AND ANTIRHEUMATIC PRODUCTS,"M01A ANTIINFLAMMATORY AND ANTIRHEUMATIC PRODUCTS, NON-STEROIDS",M01A C Oxicams,M01A C06 Meloxicam,45359,MELOXICAMUM,Parenteral Ordinary," sol.  for inj. 15 mg amp. 1,5 ml, #5",15.0,mg,5.0,Parenteral,ATC3,"M01A ANTIINFLAMMATORY AND ANTIRHEUMATIC PRODUCTS, NON-STEROIDS",2.67,1.69,5.96,0.0,0.0
90066,M MUSCULO-SCELETAL SYSTEM,M02 TOPICAL PRODUCTS FOR JOINT AND MUSCULAR PAIN,M02A TOPICAL PRODUCTS FOR JOINT AND MUSCULAR PAIN,"M02A A Antiinflammatory preparations, non-steroids for topical use",M02A A15 Diclofenac,13082,DICLOFENACUM,"Topical Dermatological, Haemorrhoidal, External"," gel 10 mg/g tube 60 g, #1",10.0,mg,1.0,Topical,ATC4,"M02A A Antiinflammatory preparations, non-steroids for topical use",1.14,0.0,0.0,0.0,0.0
107880,N NERVOUS SYSTEM,N06 PSYCHOANALEPTICS,"N06B PSYCHOSTIMULANTS, AGENTS USED FOR ADHD AND NOOTROPICS",N06B X Other psychostimulants and nootropics,N06B X06 Citicoline,22930,CITICOLINUM,Parenteral Ordinary," sol.  for inj. 1000 mg amp. 4 ml, #5",1000.0,mg,5.0,Parenteral,No sampled peer,No sampled peer,61.55,1.63,2.0300000000000002,0.0,0.0
170723,C CARDIOVASCULAR SYSTEM,C07 BETA BLOCKING AGENTS,C07A BETA-BLOCKING AGENTS,"C07A B Beta blocking agents, selective",C07A B07 Bisoprolol,16288,BISOPROLOLUM,Oral Solid Ordinary," tabs coated w/film 10 mg blister, in a pack, #20",10.0,mg,20.0,Oral solid,No sampled peer,No sampled peer,1.45,0.0,0.0,0.0,0.0
170719,C CARDIOVASCULAR SYSTEM,C07 BETA BLOCKING AGENTS,C07A BETA-BLOCKING AGENTS,"C07A B Beta blocking agents, selective",C07A B07 Bisoprolol,16288,BISOPROLOLUM,Oral Solid Ordinary," tabs coated w/film 5 mg blister, in a pack, #20",5.0,mg,20.0,Oral solid,No sampled peer,No sampled peer,13.22,0.0,0.0,0.0,0.0
439152,N NERVOUS SYSTEM,N06 PSYCHOANALEPTICS,"N06B PSYCHOSTIMULANTS, AGENTS USED FOR ADHD AND NOOTROPICS",N06B X Other psychostimulants and nootropics,N06B X06 Citicoline,36791,CITICOLINUM,Parenteral Ordinary," sol.  for inj. 250 mg/ml flask 4 ml, #10",250.0,mg,10.0,Parenteral,No sampled peer,No sampled peer,3.05,0.0,0.0,0.0,0.0
500036,M MUSCULO-SCELETAL SYSTEM,M02 TOPICAL PRODUCTS FOR JOINT AND MUSCULAR PAIN,M02A TOPICAL PRODUCTS FOR JOINT AND MUSCULAR PAIN,"M02A A Antiinflammatory preparations, non-steroids for topical use",M02A A15 Diclofenac,15823,DICLOFENACUM,"Topical Dermatological, Haemorrhoidal, External"," gel. emuls. f/exterern applic 1,16 % tube 30 g, #1",30.0,g,1.0,Topical,ATC4,"M02A A Antiinflammatory preparations, non-steroids for topical use",20561.77,61960.060000000005,87760.96,62943.350000000006,65265.5
105636,G GENITO URINARY SYSTEM AND SEX HORMONES,G04 UROLOGICALS,G04B UROLOGICALS,G04B E Drugs used in erectile dysfunction,G04B E03 Sildenafilum,29041,SILDENAFILUM,Oral Solid Ordinary," tabs coated w/film 50 mg blister, #4",50.0,mg,4.0,Oral solid,No sampled peer,No sampled peer,3.41,0.0,0.0,0.0,0.0
92635,M MUSCULO-SCELETAL SYSTEM,M01 ANTIINFLAMMATORY AND ANTIRHEUMATIC PRODUCTS,"M01A ANTIINFLAMMATORY AND ANTIRHEUMATIC PRODUCTS, NON-STEROIDS",M01A C Oxicams,M01A C06 Meloxicam,38577,MELOXICAMUM,Oral Solid Ordinary," tabs 7,5 mg blister, #10",7.5,mg,10.0,Oral solid,ATC3,"M01A ANTIINFLAMMATORY AND ANTIRHEUMATIC PRODUCTS, NON-STEROIDS",3.63,0.0,0.0,0.0,0.0
547091,J GENERAL ANTIINFECTIVES FOR SYSTEMIC USE,J02 ANTIMYCOTICS FOR SYSTEMIC USE,J02A ANTIMYCOTICS FOR SYSTEMIC USE,J02A C Triazole and tetrazole derivatives,J02A C01 Fluconazole,49884,FLUCONAZOLUM,Oral Solid Ordinary," caps. 150 mg blister in box, #3",150.0,mg,3.0,Oral solid,No sampled peer,No sampled peer,46.3,0.0,0.0,0.0,0.0
149059,M MUSCULO-SCELETAL SYSTEM,M01 ANTIINFLAMMATORY AND ANTIRHEUMATIC PRODUCTS,"M01A ANTIINFLAMMATORY AND ANTIRHEUMATIC PRODUCTS, NON-STEROIDS",M01A B Acetic acid derivatives and related substances,M01A B05 Diclofenac,34028,DICLOFENACUM,Parenteral Ordinary," sol.  for inj. 25 mg/ml amp. 3 ml, #5",25.0,mg,5.0,Parenteral,ATC3,"M01A ANTIINFLAMMATORY AND ANTIRHEUMATIC PRODUCTS, NON-STEROIDS",42.45,3.62,0.0,0.0,0.0
174249,C CARDIOVASCULAR SYSTEM,C10 LIPID MODIFYING AGENTS,"C10A LIPID MODIFYING AGENTS, PLAIN",C10A A HMG CoA reductase inhibitors,C10A A05 Atorvastatin,39591,ATORVASTATINUM,Oral Solid Ordinary," tabs coated w/film 40 mg blister, #30",40.0,mg,30.0,Oral solid,ATC4,C10A A HMG CoA reductase inhibitors,191.48000000000002,181.46,2.88,0.0,0.0
524923,R RESPIRATORY SYSTEM,R05 COUGH AND COLD PREPARATIONS,"R05C EXPECTORANTS, EXCL. COMBINATIONS WITH COUGH SUPRESSANTS",R05C B Mucolytics,R05C B01 Acetylcysteine,6524,ACETYLCYSTEINUM,Oral Solid Ordinary," tab. sparkling 200 mg tube, in a pack, #20",200.0,mg,20.0,Oral solid,ATC4,R05C B Mucolytics,108.19,250.60999999999999,32.87,12.22,2.0
500032,M MUSCULO-SCELETAL SYSTEM,M02 TOPICAL PRODUCTS FOR JOINT AND MUSCULAR PAIN,M02A TOPICAL PRODUCTS FOR JOINT AND MUSCULAR PAIN,"M02A A Antiinflammatory preparations, non-steroids for topical use",M02A A15 Diclofenac,15823,DICLOFENACUM,"Topical Dermatological, Haemorrhoidal, External"," gel. emuls. f/exterern applic 2,32 % tube 30 g, #1",30.0,g,1.0,Topical,ATC4,"M02A A Antiinflammatory preparations, non-steroids for topical use",23756.65,82031.59000000001,118557.01000000001,91554.59,69385.12
444003,R RESPIRATORY SYSTEM,R05 COUGH AND COLD PREPARATIONS,"R05C EXPECTORANTS, EXCL. COMBINATIONS WITH COUGH SUPRESSANTS",R05C B Mucolytics,R05C B01 Acetylcysteine,6524,ACETYLCYSTEINUM,Oral Solid Ordinary," tab. sparkling 200 mg tube, in a pack, #10",200.0,mg,10.0,Oral solid,ATC4,R05C B Mucolytics,276.16999999999996,130.89,13.68,0.0,0.0
377045,J GENERAL ANTIINFECTIVES FOR SYSTEMIC USE,J01 ANTIBACTERIALS FOR SYSTEMIC USE,J01D OTHER BETA-LACTAM ANTIBACTERIALS,J01D D Third-generation cephalosporins,J01D D04 Ceftriaxone,21696,CEFTRIAXONUM,Parenteral Ordinary," powd.fr-dr., f/sol. f/in. 2 g flask, #1",2.0,g,1.0,Parenteral,No sampled peer,No sampled peer,764.0599999999998,113.94999999999999,0.0,0.0,0.0
110983,J GENERAL ANTIINFECTIVES FOR SYSTEMIC USE,J01 ANTIBACTERIALS FOR SYSTEMIC USE,J01M QUINOLONE ANTIBACTERIALS,J01M A Fluoroquinolones,J01M A12 Levofloxacin,39905,LEVOFLOXACINUM,Parenteral Ordinary," sol. f/infus. 500 mg/100 ml polymer.bot. 100 ml, #1",500.0,mg,1.0,Parenteral,No sampled peer,No sampled peer,284.89,0.0,0.0,0.0,0.0
171323,C CARDIOVASCULAR SYSTEM,C10 LIPID MODIFYING AGENTS,"C10A LIPID MODIFYING AGENTS, PLAIN",C10A A HMG CoA reductase inhibitors,C10A A05 Atorvastatin,15766,ATORVASTATINUM,Oral Solid Ordinary," tabs coated w/film 10 mg blister, #30",10.0,mg,30.0,Oral solid,ATC4,C10A A HMG CoA reductase inhibitors,0.29,0.0,0.0,0.0,0.0
326683,N NERVOUS SYSTEM,N02 ANALGESICS,N02B OTHER ANALGESICS AND ANTIPYRETICS,N02B F Gabapentinoids,N02B F02 Pregabalin,4153,PREGABALINUM,Oral Solid Ordinary," caps. 75 mg strip, #60",75.0,mg,60.0,Oral solid,ATC3,N02B OTHER ANALGESICS AND ANTIPYRETICS,166.99,303.69,826.41,354.52000000000004,302.65999999999997
199315,C CARDIOVASCULAR SYSTEM,C10 LIPID MODIFYING AGENTS,"C10A LIPID MODIFYING AGENTS, PLAIN",C10A A HMG CoA reductase inhibitors,C10A A05 Atorvastatin,46835,ATORVASTATINUM,Oral Solid Ordinary," tabs coated w/film 20 mg blister, #100",20.0,mg,100.0,Oral solid,ATC4,C10A A HMG CoA reductase inhibitors,1.7,2.21,0.0,0.0,0.0
327103,M MUSCULO-SCELETAL SYSTEM,M01 ANTIINFLAMMATORY AND ANTIRHEUMATIC PRODUCTS,"M01A ANTIINFLAMMATORY AND ANTIRHEUMATIC PRODUCTS, NON-STEROIDS",M01A B Acetic acid derivatives and related substances,M01A B05 Diclofenac,32177,DICLOFENACUM,Rectal systemic," rectal caps. 100 mg blister, #5",100.0,mg,5.0,Rectal/vaginal,ATC3,"M01A ANTIINFLAMMATORY AND ANTIRHEUMATIC PRODUCTS, NON-STEROIDS",7.55,0.0,0.0,0.0,0.0
174245,C CARDIOVASCULAR SYSTEM,C10 LIPID MODIFYING AGENTS,"C10A LIPID MODIFYING AGENTS, PLAIN",C10A A HMG CoA reductase inhibitors,C10A A05 Atorvastatin,39591,ATORVASTATINUM,Oral Solid Ordinary," tabs coated w/film 10 mg blister, #30",10.0,mg,30.0,Oral solid,ATC4,C10A A HMG CoA reductase inhibitors,290.63,217.02,0.0,0.0,0.0
500633,M MUSCULO-SCELETAL SYSTEM,M01 ANTIINFLAMMATORY AND ANTIRHEUMATIC PRODUCTS,"M01A ANTIINFLAMMATORY AND ANTIRHEUMATIC PRODUCTS, NON-STEROIDS",M01A B Acetic acid derivatives and related substances,M01A B05 Diclofenac,15823,DICLOFENACUM,Rectal systemic," suppository 50 mg strip, in cardboard packing, #10",50.0,mg,10.0,Rectal/vaginal,ATC3,"M01A ANTIINFLAMMATORY AND ANTIRHEUMATIC PRODUCTS, NON-STEROIDS",3229.86,7736.030000000002,3785.4999999999995,6806.11,11715.56
174246,C CARDIOVASCULAR SYSTEM,C10 LIPID MODIFYING AGENTS,"C10A LIPID MODIFYING AGENTS, PLAIN",C10A A HMG CoA reductase inhibitors,C10A A05 Atorvastatin,39591,ATORVASTATINUM,Oral Solid Ordinary," tabs coated w/film 20 mg blister, #30",20.0,mg,30.0,Oral solid,ATC4,C10A A HMG CoA reductase inhibitors,535.45,213.81,2.42,0.0,0.0
565738,J GENERAL ANTIINFECTIVES FOR SYSTEMIC USE,J01 ANTIBACTERIALS FOR SYSTEMIC USE,J01D OTHER BETA-LACTAM ANTIBACTERIALS,J01D D Third-generation cephalosporins,J01D D04 Ceftriaxone,32031,CEFTRIAXONUM,Parenteral Ordinary," powd.fr-dr., f/sol. f/in. 2 g flask, #10",2.0,g,10.0,Parenteral,No sampled peer,No sampled peer,173.89000000000001,148.30999999999997,0.0,0.0,0.0
153087,A ALIMENTARY TRACT AND METABOLISM,A02 DRUGS FOR ACID RELATED DISORDERS,A02B DRUGS FOR TREATMENT OF PEPTIC ULCER AND GASTRO-OESOPHAGEAL REFLUX DISEASE,A02B C Proton pump inhibitors,A02B C02 Pantoprazole,1673,PANTOPRAZOLUM,Oral Solid Ordinary," tabs intest. solub. 40 mg, #28",40.0,mg,28.0,Oral solid,No sampled peer,No sampled peer,18623.08,57708.57000000001,89491.82999999999,80617.84000000001,103610.64
391338,J GENERAL ANTIINFECTIVES FOR SYSTEMIC USE,J01 ANTIBACTERIALS FOR SYSTEMIC USE,"J01F MACROLIDES, LINCOSAMIDES AND STREPTOGRAMINS",J01F A Macrolides,J01F A10 Azithromycin,6669,AZITHROMYCINUM,Oral Solid Ordinary," tablets dispersible 125 mg blister, #6",125.0,mg,6.0,Oral solid,No sampled peer,No sampled peer,830.52,4217.47,3022.7900000000004,103.46000000000001,92.75000000000001
501761,N NERVOUS SYSTEM,N02 ANALGESICS,N02B OTHER ANALGESICS AND ANTIPYRETICS,N02B F Gabapentinoids,N02B F02 Pregabalin,49797,PREGABALINUM,Oral Solid Ordinary," caps. solid 75 mg blister, #14",75.0,mg,14.0,Oral solid,ATC3,N02B OTHER ANALGESICS AND ANTIPYRETICS,782.79,0.0,0.0,0.0,0.0
501762,N NERVOUS SYSTEM,N02 ANALGESICS,N02B OTHER ANALGESICS AND ANTIPYRETICS,N02B F Gabapentinoids,N02B F02 Pregabalin,49797,PREGABALINUM,Oral Solid Ordinary," caps. solid 75 mg blister, #28",75.0,mg,28.0,Oral solid,ATC3,N02B OTHER ANALGESICS AND ANTIPYRETICS,9255.390000000001,41797.420000000006,72650.70999999999,63227.219999999994,142634.31
547090,J GENERAL ANTIINFECTIVES FOR SYSTEMIC USE,J02 ANTIMYCOTICS FOR SYSTEMIC USE,J02A ANTIMYCOTICS FOR SYSTEMIC USE,J02A C Triazole and tetrazole derivatives,J02A C01 Fluconazole,49884,FLUCONAZOLUM,Oral Solid Ordinary," caps. 150 mg blister in box, #2",150.0,mg,2.0,Oral solid,No sampled peer,No sampled peer,6220.8099999999995,23015.32,21847.749999999996,20591.1,24201.479999999996
283794,M MUSCULO-SCELETAL SYSTEM,M01 ANTIINFLAMMATORY AND ANTIRHEUMATIC PRODUCTS,"M01A ANTIINFLAMMATORY AND ANTIRHEUMATIC PRODUCTS, NON-STEROIDS",M01A C Oxicams,M01A C06 Meloxicam,8356,MELOXICAMUM,Parenteral Ordinary," sol.  for inj. 15 mg/1,5 ml amp. 1,5 ml, #5",15.0,mg,5.0,Parenteral,ATC3,"M01A ANTIINFLAMMATORY AND ANTIRHEUMATIC PRODUCTS, NON-STEROIDS",11606.29,22165.83,28824.34,32788.55,27580.350000000002
541638,C CARDIOVASCULAR SYSTEM,C08 CALCIUM CHANNEL BLOCKERS,C08C SELECTIVE CALCIUM CHANNEL BLOCKERS WITH MAINLY VASCULAR EFFECTS,C08C A Dihydropyridine derivatives,C08C A01 Amlodipine,13380,AMLODIPINUM,Oral Solid Ordinary," tabs 5 mg blister in pack, #30",5.0,mg,30.0,Oral solid,No sampled peer,No sampled peer,9994.689999999999,22973.65,32372.46,76853.83,55196.12
289700,J GENERAL ANTIINFECTIVES FOR SYSTEMIC USE,J01 ANTIBACTERIALS FOR SYSTEMIC USE,"J01F MACROLIDES, LINCOSAMIDES AND STREPTOGRAMINS",J01F A Macrolides,J01F A10 Azithromycin,36539,AZITHROMYCINUM,Oral Liquid Ordinary," powder f/susp. orale 200 mg/5 ml flask 600 mg, with dosing device, #1",200.0,mg,1.0,Oral liquid,No sampled peer,No sampled peer,1.36,0.0,0.0,0.0,0.0
174251,C CARDIOVASCULAR SYSTEM,C10 LIPID MODIFYING AGENTS,"C10A LIPID MODIFYING AGENTS, PLAIN",C10A A HMG CoA reductase inhibitors,C10A A05 Atorvastatin,39591,ATORVASTATINUM,Oral Solid Ordinary," tabs coated w/film 20 mg blister, #10",20.0,mg,10.0,Oral solid,ATC4,C10A A HMG CoA reductase inhibitors,1.43,0.0,0.0,0.0,0.0
326687,N NERVOUS SYSTEM,N02 ANALGESICS,N02B OTHER ANALGESICS AND ANTIPYRETICS,N02B F Gabapentinoids,N02B F02 Pregabalin,4153,PREGABALINUM,Oral Solid Ordinary," caps. 150 mg strip, #60",150.0,mg,60.0,Oral solid,ATC3,N02B OTHER ANALGESICS AND ANTIPYRETICS,32.93,34.980000000000004,149.59,201.28,242.91
485012,N NERVOUS SYSTEM,N06 PSYCHOANALEPTICS,"N06B PSYCHOSTIMULANTS, AGENTS USED FOR ADHD AND NOOTROPICS",N06B X Other psychostimulants and nootropics,N06B X06 Citicoline,23481,CITICOLINUM,Oral Liquid Ordinary," oral solution 100 mg/ml glass fl. 30 ml, with a measuring glass, #1",100.0,mg,1.0,Oral liquid,No sampled peer,No sampled peer,2.24,3.25,0.0,0.0,0.0
511565,G GENITO URINARY SYSTEM AND SEX HORMONES,G04 UROLOGICALS,G04B UROLOGICALS,G04B E Drugs used in erectile dysfunction,G04B E03 Sildenafilum,42778,SILDENAFILUM,Oral Solid Ordinary," tabs coated w/film 25 mg blister, in cardboard box, #1",25.0,mg,1.0,Oral solid,No sampled peer,No sampled peer,4.9399999999999995,0.0,0.0,0.0,0.0
500413,N NERVOUS SYSTEM,N02 ANALGESICS,N02B OTHER ANALGESICS AND ANTIPYRETICS,N02B F Gabapentinoids,N02B F02 Pregabalin,49971,PREGABALINUM,Oral Liquid Ordinary," oral solution 20 mg/ml flask 100 ml, with dosing device, #1",20.0,mg,1.0,Oral liquid,ATC3,N02B OTHER ANALGESICS AND ANTIPYRETICS,5.41,5.95,0.0,0.0,0.0
174248,C CARDIOVASCULAR SYSTEM,C10 LIPID MODIFYING AGENTS,"C10A LIPID MODIFYING AGENTS, PLAIN",C10A A HMG CoA reductase inhibitors,C10A A05 Atorvastatin,39591,ATORVASTATINUM,Oral Solid Ordinary," tabs coated w/film 40 mg blister, #15",40.0,mg,15.0,Oral solid,ATC4,C10A A HMG CoA reductase inhibitors,5.74,0.0,0.0,0.0,0.0
508965,J GENERAL ANTIINFECTIVES FOR SYSTEMIC USE,J01 ANTIBACTERIALS FOR SYSTEMIC USE,J01M QUINOLONE ANTIBACTERIALS,J01M A Fluoroquinolones,J01M A12 Levofloxacin,17413,LEVOFLOXACINUM,Parenteral Ordinary," sol. f/infus. 500 mg/100 ml PVC cont. 100 ml, package p/e, carton pack., #1",500.0,mg,1.0,Parenteral,No sampled peer,No sampled peer,1894.3600000000001,11499.06,143.26,45.3,0.0
146525,C CARDIOVASCULAR SYSTEM,C10 LIPID MODIFYING AGENTS,"C10A LIPID MODIFYING AGENTS, PLAIN",C10A A HMG CoA reductase inhibitors,C10A A05 Atorvastatin,48092,ATORVASTATINUM,Oral Solid Ordinary," tablets coated 20 mg cont. cell pack, #30",20.0,mg,30.0,Oral solid,ATC4,C10A A HMG CoA reductase inhibitors,18.16,4.11,0.0,0.0,0.0
500464,R RESPIRATORY SYSTEM,R05 COUGH AND COLD PREPARATIONS,"R05C EXPECTORANTS, EXCL. COMBINATIONS WITH COUGH SUPRESSANTS",R05C B Mucolytics,R05C B06 Ambroxol,21463,AMBROXOLUM,Oral Liquid Ordinary," syrup 15 mg/5 ml glass jar 100 ml, in a pack, #1",15.0,mg,1.0,Oral liquid,ATC4,R05C B Mucolytics,129.17,650.42,328.01,37.24,269.08000000000004
54299,J GENERAL ANTIINFECTIVES FOR SYSTEMIC USE,J02 ANTIMYCOTICS FOR SYSTEMIC USE,J02A ANTIMYCOTICS FOR SYSTEMIC USE,J02A C Triazole and tetrazole derivatives,J02A C01 Fluconazole,49884,FLUCONAZOLUM,Oral Solid Ordinary," caps. 50 mg blister, #7",50.0,mg,7.0,Oral solid,No sampled peer,No sampled peer,15.06,0.0,0.0,0.0,0.0
174250,C CARDIOVASCULAR SYSTEM,C10 LIPID MODIFYING AGENTS,"C10A LIPID MODIFYING AGENTS, PLAIN",C10A A HMG CoA reductase inhibitors,C10A A05 Atorvastatin,39591,ATORVASTATINUM,Oral Solid Ordinary," tabs coated w/film 10 mg blister, #10",10.0,mg,10.0,Oral solid,ATC4,C10A A HMG CoA reductase inhibitors,13.27,0.0,0.0,0.0,0.0
501430,C CARDIOVASCULAR SYSTEM,C08 CALCIUM CHANNEL BLOCKERS,C08C SELECTIVE CALCIUM CHANNEL BLOCKERS WITH MAINLY VASCULAR EFFECTS,C08C A Dihydropyridine derivatives,C08C A01 Amlodipine,15047,AMLODIPINUM,Oral Solid Ordinary," tabs 5 mg cont. cell pack, box, #30",5.0,mg,30.0,Oral solid,No sampled peer,No sampled peer,7717.79,35979.78,30548.5,43295.71000000001,32838.409999999996
501433,C CARDIOVASCULAR SYSTEM,C08 CALCIUM CHANNEL BLOCKERS,C08C SELECTIVE CALCIUM CHANNEL BLOCKERS WITH MAINLY VASCULAR EFFECTS,C08C A Dihydropyridine derivatives,C08C A01 Amlodipine,15047,AMLODIPINUM,Oral Solid Ordinary," tabs 10 mg cont. cell pack, box, #30",10.0,mg,30.0,Oral solid,No sampled peer,No sampled peer,10531.71,47654.240000000005,53320.05,78104.93999999999,53580.55000000001
514612,A ALIMENTARY TRACT AND METABOLISM,A02 DRUGS FOR ACID RELATED DISORDERS,A02B DRUGS FOR TREATMENT OF PEPTIC ULCER AND GASTRO-OESOPHAGEAL REFLUX DISEASE,A02B C Proton pump inhibitors,A02B C02 Pantoprazole,14838,PANTOPRAZOLUM,Oral Solid Ordinary," tabs coat.intest.-soluble 40 mg blister, #30",40.0,mg,30.0,Oral solid,No sampled peer,No sampled peer,8246.06,29860.989999999998,6445.46,75.5,0.0
299213,N NERVOUS SYSTEM,N02 ANALGESICS,N02B OTHER ANALGESICS AND ANTIPYRETICS,N02B F Gabapentinoids,N02B F02 Pregabalin,4705,PREGABALINUM,Oral Solid Ordinary," caps. 150 mg blister, #21",150.0,mg,21.0,Oral solid,ATC3,N02B OTHER ANALGESICS AND ANTIPYRETICS,775.73,5.72,0.0,0.0,0.0
330836,N NERVOUS SYSTEM,N02 ANALGESICS,N02B OTHER ANALGESICS AND ANTIPYRETICS,N02B F Gabapentinoids,N02B F02 Pregabalin,4705,PREGABALINUM,Oral Solid Ordinary," caps. 300 mg blister, #84",300.0,mg,84.0,Oral solid,ATC3,N02B OTHER ANALGESICS AND ANTIPYRETICS,0.74,0.0,0.0,0.0,0.0
175805,M MUSCULO-SCELETAL SYSTEM,M01 ANTIINFLAMMATORY AND ANTIRHEUMATIC PRODUCTS,"M01A ANTIINFLAMMATORY AND ANTIRHEUMATIC PRODUCTS, NON-STEROIDS",M01A E Propionic acid derivatives,M01A E01 Ibuprofen,13291,IBUPROFENUM,Oral Solid Ordinary," caps. soft gelatinous 400 mg blister in box, #20",400.0,mg,20.0,Oral solid,ATC3,"M01A ANTIINFLAMMATORY AND ANTIRHEUMATIC PRODUCTS, NON-STEROIDS",11426.8,158445.71,218777.7,156098.37999999998,122887.54000000001
315839,C CARDIOVASCULAR SYSTEM,C10 LIPID MODIFYING AGENTS,"C10A LIPID MODIFYING AGENTS, PLAIN",C10A A HMG CoA reductase inhibitors,C10A A07 Rosuvastatin,33901,ROSUVASTATINUM,Oral Solid Ordinary," tabs coated w/film 20 mg blister, #60",20.0,mg,60.0,Oral solid,ATC4,C10A A HMG CoA reductase inhibitors,3.81,0.0,0.0,0.0,0.0
105638,G GENITO URINARY SYSTEM AND SEX HORMONES,G04 UROLOGICALS,G04B UROLOGICALS,G04B E Drugs used in erectile dysfunction,G04B E03 Sildenafilum,29041,SILDENAFILUM,Oral Solid Ordinary," tabs coated w/film 100 mg blister, #2",100.0,mg,2.0,Oral solid,No sampled peer,No sampled peer,4.18,0.0,0.0,0.0,0.0
374337,G GENITO URINARY SYSTEM AND SEX HORMONES,G04 UROLOGICALS,G04B UROLOGICALS,G04B E Drugs used in erectile dysfunction,G04B E03 Sildenafilum,29041,SILDENAFILUM,Oral Solid Ordinary," chewable tabs 100 mg blister, #2",100.0,mg,2.0,Oral solid,No sampled peer,No sampled peer,4.27,0.0,0.0,0.0,0.0
519407,G GENITO URINARY SYSTEM AND SEX HORMONES,G04 UROLOGICALS,G04B UROLOGICALS,G04B E Drugs used in erectile dysfunction,G04B E03 Sildenafilum,9295,SILDENAFILUM,Oral Solid Ordinary," tabs coated w/film 100 mg blister, #4",100.0,mg,4.0,Oral solid,No sampled peer,No sampled peer,2685.8,8122.929999999999,8068.63,4788.72,4984.38
374336,G GENITO URINARY SYSTEM AND SEX HORMONES,G04 UROLOGICALS,G04B UROLOGICALS,G04B E Drugs used in erectile dysfunction,G04B E03 Sildenafilum,29041,SILDENAFILUM,Oral Solid Ordinary," chewable tabs 100 mg blister, #1",100.0,mg,1.0,Oral solid,No sampled peer,No sampled peer,5.85,0.0,0.0,0.0,0.0
488266,G GENITO URINARY SYSTEM AND SEX HORMONES,G04 UROLOGICALS,G04B UROLOGICALS,G04B E Drugs used in erectile dysfunction,G04B E03 Sildenafilum,38544,SILDENAFILUM,Oral Solid Ordinary," tabs coated w/film 50 mg, #8",50.0,mg,8.0,Oral solid,No sampled peer,No sampled peer,7655.07,10249.900000000001,8908.609999999999,5624.54,364.82999999999987
434861,N NERVOUS SYSTEM,N02 ANALGESICS,N02B OTHER ANALGESICS AND ANTIPYRETICS,N02B F Gabapentinoids,N02B F02 Pregabalin,30929,PREGABALINUM,Oral Solid Ordinary," caps. 75 mg blister, #14",75.0,mg,14.0,Oral solid,ATC3,N02B OTHER ANALGESICS AND ANTIPYRETICS,388.09999999999997,1047.79,2066.1800000000003,1039.4,666.72
327580,J GENERAL ANTIINFECTIVES FOR SYSTEMIC USE,J01 ANTIBACTERIALS FOR SYSTEMIC USE,J01D OTHER BETA-LACTAM ANTIBACTERIALS,J01D D Third-generation cephalosporins,J01D D04 Ceftriaxone,32233,CEFTRIAXONUM,Parenteral Ordinary," powd.fr-dr., f/sol. f/in. 1 g flask, #10",1.0,g,10.0,Parenteral,No sampled peer,No sampled peer,8.64,0.0,0.0,0.0,38.21
500082,N NERVOUS SYSTEM,N02 ANALGESICS,N02B OTHER ANALGESICS AND ANTIPYRETICS,N02B E Anilides,N02B E01 Paracetamol,24698,PARACETAMOLUM,Parenteral Ordinary," sol. f/infus. 10 mg/ml flask 100 ml, by box, #10",10.0,mg,10.0,Parenteral,ATC3,N02B OTHER ANALGESICS AND ANTIPYRETICS,697.5699999999999,3201.63,9334.619999999999,4693.070000000001,4058.2199999999993
77397,J GENERAL ANTIINFECTIVES FOR SYSTEMIC USE,J02 ANTIMYCOTICS FOR SYSTEMIC USE,J02A ANTIMYCOTICS FOR SYSTEMIC USE,J02A C Triazole and tetrazole derivatives,J02A C01 Fluconazole,49884,FLUCONAZOLUM,Oral Solid Ordinary," caps. 50 mg blister, #7",50.0,mg,7.0,Oral solid,No sampled peer,No sampled peer,10.25,0.0,0.0,0.0,0.0
429406,N NERVOUS SYSTEM,N02 ANALGESICS,N02B OTHER ANALGESICS AND ANTIPYRETICS,N02B F Gabapentinoids,N02B F02 Pregabalin,27057,PREGABALINUM,Oral Solid Ordinary," caps. solid 50 mg blister in box, #30",50.0,mg,30.0,Oral solid,ATC3,N02B OTHER ANALGESICS AND ANTIPYRETICS,4464.900000000001,10486.43,23083.82,19964.87,35040.14000000001
40326,J GENERAL ANTIINFECTIVES FOR SYSTEMIC USE,J02 ANTIMYCOTICS FOR SYSTEMIC USE,J02A ANTIMYCOTICS FOR SYSTEMIC USE,J02A C Triazole and tetrazole derivatives,J02A C01 Fluconazole,34654,FLUCONAZOLUM,Oral Solid Ordinary," tabs 200 mg blister, #2",200.0,mg,2.0,Oral solid,No sampled peer,No sampled peer,3051.2599999999998,7739.27,9307.65,7625.78,6983.549999999999
40325,J GENERAL ANTIINFECTIVES FOR SYSTEMIC USE,J02 ANTIMYCOTICS FOR SYSTEMIC USE,J02A ANTIMYCOTICS FOR SYSTEMIC USE,J02A C Triazole and tetrazole derivatives,J02A C01 Fluconazole,34654,FLUCONAZOLUM,Oral Solid Ordinary," tabs 150 mg blister, #1",150.0,mg,1.0,Oral solid,No sampled peer,No sampled peer,8263.429999999998,23005.7,43421.049999999996,26680.039999999997,75953.26000000001
562130,C CARDIOVASCULAR SYSTEM,C10 LIPID MODIFYING AGENTS,"C10A LIPID MODIFYING AGENTS, PLAIN",C10A A HMG CoA reductase inhibitors,C10A A07 Rosuvastatin,33729,ROSUVASTATINUM,Oral Solid Ordinary," tabs coated w/film 20 mg cont. cell pack, #30",20.0,mg,30.0,Oral solid,ATC4,C10A A HMG CoA reductase inhibitors,723.78,6622.93,16885.59,22074.909999999996,28366.36
562128,C CARDIOVASCULAR SYSTEM,C10 LIPID MODIFYING AGENTS,"C10A LIPID MODIFYING AGENTS, PLAIN",C10A A HMG CoA reductase inhibitors,C10A A07 Rosuvastatin,33729,ROSUVASTATINUM,Oral Solid Ordinary," tabs coated w/film 10 mg cont. cell pack, #90",10.0,mg,90.0,Oral solid,ATC4,C10A A HMG CoA reductase inhibitors,450.32000000000005,3387.1600000000003,6577.68,9200.369999999999,10096.699999999997
562131,C CARDIOVASCULAR SYSTEM,C10 LIPID MODIFYING AGENTS,"C10A LIPID MODIFYING AGENTS, PLAIN",C10A A HMG CoA reductase inhibitors,C10A A07 Rosuvastatin,33729,ROSUVASTATINUM,Oral Solid Ordinary," tabs coated w/film 20 mg cont. cell pack, #90",20.0,mg,90.0,Oral solid,ATC4,C10A A HMG CoA reductase inhibitors,570.16,4975.43,10584.349999999999,12254.58,13652.34
177948,C CARDIOVASCULAR SYSTEM,C08 CALCIUM CHANNEL BLOCKERS,C08C SELECTIVE CALCIUM CHANNEL BLOCKERS WITH MAINLY VASCULAR EFFECTS,C08C A Dihydropyridine derivatives,C08C A01 Amlodipine,15047,AMLODIPINUM,Oral Solid Ordinary," tabs 5 mg blister, #30",5.0,mg,30.0,Oral solid,No sampled peer,No sampled peer,5.97,0.0,0.0,0.0,0.0
519411,G GENITO URINARY SYSTEM AND SEX HORMONES,G04 UROLOGICALS,G04B UROLOGICALS,G04B E Drugs used in erectile dysfunction,G04B E03 Sildenafilum,9295,SILDENAFILUM,Oral Solid Ordinary," tabs coated w/film 50 mg blister, #2",50.0,mg,2.0,Oral solid,No sampled peer,No sampled peer,673.1099999999999,3623.4300000000003,3153.0400000000004,215.61999999999998,0.0
519408,G GENITO URINARY SYSTEM AND SEX HORMONES,G04 UROLOGICALS,G04B UROLOGICALS,G04B E Drugs used in erectile dysfunction,G04B E03 Sildenafilum,9295,SILDENAFILUM,Oral Solid Ordinary," tabs coated w/film 100 mg blister, #2",100.0,mg,2.0,Oral solid,No sampled peer,No sampled peer,706.0,4946.17,3512.21,179.04,58.97
519412,G GENITO URINARY SYSTEM AND SEX HORMONES,G04 UROLOGICALS,G04B UROLOGICALS,G04B E Drugs used in erectile dysfunction,G04B E03 Sildenafilum,9295,SILDENAFILUM,Oral Solid Ordinary," tabs coated w/film 50 mg blister, #4",50.0,mg,4.0,Oral solid,No sampled peer,No sampled peer,2592.6299999999997,7048.57,7460.949999999999,4819.169999999999,4820.409999999999
519410,G GENITO URINARY SYSTEM AND SEX HORMONES,G04 UROLOGICALS,G04B UROLOGICALS,G04B E Drugs used in erectile dysfunction,G04B E03 Sildenafilum,9295,SILDENAFILUM,Oral Solid Ordinary," tabs coated w/film 50 mg blister, #1",50.0,mg,1.0,Oral solid,No sampled peer,No sampled peer,1987.9,7975.560000000001,7505.699999999999,678.4599999999999,208.08
519405,G GENITO URINARY SYSTEM AND SEX HORMONES,G04 UROLOGICALS,G04B UROLOGICALS,G04B E Drugs used in erectile dysfunction,G04B E03 Sildenafilum,9295,SILDENAFILUM,Oral Solid Ordinary," tabs coated w/film 100 mg blister, #1",100.0,mg,1.0,Oral solid,No sampled peer,No sampled peer,2373.09,9659.23,9195.539999999999,4341.599999999999,3771.8100000000004
579261,J GENERAL ANTIINFECTIVES FOR SYSTEMIC USE,J01 ANTIBACTERIALS FOR SYSTEMIC USE,J01D OTHER BETA-LACTAM ANTIBACTERIALS,J01D D Third-generation cephalosporins,J01D D04 Ceftriaxone,32031,CEFTRIAXONUM,Parenteral Ordinary," powd.fr-dr., f/sol. f/in. 1000 mg flask, in cardboard packing, #1",1000.0,mg,1.0,Parenteral,No sampled peer,No sampled peer,63527.33,182045.77000000002,160160.25,41038.99999999999,6831.85
315838,C CARDIOVASCULAR SYSTEM,C10 LIPID MODIFYING AGENTS,"C10A LIPID MODIFYING AGENTS, PLAIN",C10A A HMG CoA reductase inhibitors,C10A A07 Rosuvastatin,33901,ROSUVASTATINUM,Oral Solid Ordinary," tabs coated w/film 20 mg blister, #30",20.0,mg,30.0,Oral solid,ATC4,C10A A HMG CoA reductase inhibitors,2.32,0.0,0.0,0.0,0.0
594630,R RESPIRATORY SYSTEM,R05 COUGH AND COLD PREPARATIONS,"R05C EXPECTORANTS, EXCL. COMBINATIONS WITH COUGH SUPRESSANTS",R05C B Mucolytics,R05C B01 Acetylcysteine,34151,ACETYLCYSTEINUM,Oral Liquid Ordinary," powder f/oral solution 100 мг/0,5 г sachet 0,5 g, #20",0.5,g,20.0,Oral liquid,ATC4,R05C B Mucolytics,636.8199999999999,1607.13,2753.1399999999994,27.760000000000005,1.12
126917,M MUSCULO-SCELETAL SYSTEM,M01 ANTIINFLAMMATORY AND ANTIRHEUMATIC PRODUCTS,"M01A ANTIINFLAMMATORY AND ANTIRHEUMATIC PRODUCTS, NON-STEROIDS",M01A E Propionic acid derivatives,M01A E01 Ibuprofen,2973,IBUPROFENUM,Oral Solid Ordinary," tablets coated 400 mg, #6",400.0,mg,6.0,Oral solid,ATC3,"M01A ANTIINFLAMMATORY AND ANTIRHEUMATIC PRODUCTS, NON-STEROIDS",11.41,0.0,0.0,0.0,0.0
317891,M MUSCULO-SCELETAL SYSTEM,M01 ANTIINFLAMMATORY AND ANTIRHEUMATIC PRODUCTS,"M01A ANTIINFLAMMATORY AND ANTIRHEUMATIC PRODUCTS, NON-STEROIDS",M01A C Oxicams,M01A C06 Meloxicam,47874,MELOXICAMUM,Parenteral Ordinary," sol.  for inj. 15 mg/1,5 ml amp. 1,5 ml, #5",15.0,mg,5.0,Parenteral,ATC3,"M01A ANTIINFLAMMATORY AND ANTIRHEUMATIC PRODUCTS, NON-STEROIDS",239.89000000000001,7741.339999999999,25278.510000000002,20686.850000000002,33851.82
594647,R RESPIRATORY SYSTEM,R05 COUGH AND COLD PREPARATIONS,"R05C EXPECTORANTS, EXCL. COMBINATIONS WITH COUGH SUPRESSANTS",R05C B Mucolytics,R05C B01 Acetylcysteine,34151,ACETYLCYSTEINUM,Oral Liquid Ordinary," powder f/oral solution 200 mg/g sachet 1 g, #20",200.0,mg,20.0,Oral liquid,ATC4,R05C B Mucolytics,2240.63,11488.679999999998,24275.340000000004,21764.570000000003,39132.39
594650,R RESPIRATORY SYSTEM,R05 COUGH AND COLD PREPARATIONS,"R05C EXPECTORANTS, EXCL. COMBINATIONS WITH COUGH SUPRESSANTS",R05C B Mucolytics,R05C B01 Acetylcysteine,34151,ACETYLCYSTEINUM,Oral Liquid Ordinary," powder f/oral solution 600 mg sachet 3 g, #10",600.0,mg,10.0,Oral liquid,ATC4,R05C B Mucolytics,3359.0,45172.67999999999,209641.89000000004,125183.88000000002,174565.03000000003
414447,J GENERAL ANTIINFECTIVES FOR SYSTEMIC USE,J01 ANTIBACTERIALS FOR SYSTEMIC USE,J01D OTHER BETA-LACTAM ANTIBACTERIALS,J01D D Third-generation cephalosporins,J01D D04 Ceftriaxone,21539,CEFTRIAXONUM,Parenteral Ordinary," powd.fr-dr., f/sol. f/in. 2 g flask, #1",2.0,g,1.0,Parenteral,No sampled peer,No sampled peer,231.51,1663.95,9663.800000000001,1390.0600000000002,1419.64
562127,C CARDIOVASCULAR SYSTEM,C10 LIPID MODIFYING AGENTS,"C10A LIPID MODIFYING AGENTS, PLAIN",C10A A HMG CoA reductase inhibitors,C10A A07 Rosuvastatin,33729,ROSUVASTATINUM,Oral Solid Ordinary," tabs coated w/film 10 mg cont. cell pack, #30",10.0,mg,30.0,Oral solid,ATC4,C10A A HMG CoA reductase inhibitors,641.09,5110.029999999999,10443.740000000002,17005.779999999995,21976.27
414445,J GENERAL ANTIINFECTIVES FOR SYSTEMIC USE,J01 ANTIBACTERIALS FOR SYSTEMIC USE,J01D OTHER BETA-LACTAM ANTIBACTERIALS,J01D D Third-generation cephalosporins,J01D D04 Ceftriaxone,21539,CEFTRIAXONUM,Parenteral Ordinary," powd.fr-dr., f/sol. f/in. 1 g flask, #1",1.0,g,1.0,Parenteral,No sampled peer,No sampled peer,13457.810000000001,312892.19,189993.34,35388.030000000006,96882.42000000001
500856,J GENERAL ANTIINFECTIVES FOR SYSTEMIC USE,J01 ANTIBACTERIALS FOR SYSTEMIC USE,J01D OTHER BETA-LACTAM ANTIBACTERIALS,J01D D Third-generation cephalosporins,J01D D04 Ceftriaxone,39369,CEFTRIAXONUM,Parenteral Ordinary," powd.fr-dr., f/sol. f/in. 1000 mg flask, #1",1000.0,mg,1.0,Parenteral,No sampled peer,No sampled peer,21277.1,272106.62,369721.02999999997,162310.11,73069.26000000001
173703,N NERVOUS SYSTEM,N02 ANALGESICS,N02B OTHER ANALGESICS AND ANTIPYRETICS,N02B E Anilides,N02B E01 Paracetamol,25836,PARACETAMOLUM,Oral Solid Ordinary," tabl. oral.-disper. 125 mg blister, #12",125.0,mg,12.0,Oral solid,ATC3,N02B OTHER ANALGESICS AND ANTIPYRETICS,15.19,0.0,0.0,0.0,0.0
378565,C CARDIOVASCULAR SYSTEM,C07 BETA BLOCKING AGENTS,C07A BETA-BLOCKING AGENTS,"C07A B Beta blocking agents, selective",C07A B07 Bisoprolol,18260,BISOPROLOLUM,Oral Solid Ordinary," tabs coated w/film 10 mg blister, #28",10.0,mg,28.0,Oral solid,No sampled peer,No sampled peer,983.3799999999999,4437.78,175.83000000000004,1357.99,382.76
153362,A ALIMENTARY TRACT AND METABOLISM,A02 DRUGS FOR ACID RELATED DISORDERS,A02B DRUGS FOR TREATMENT OF PEPTIC ULCER AND GASTRO-OESOPHAGEAL REFLUX DISEASE,A02B C Proton pump inhibitors,A02B C02 Pantoprazole,37243,PANTOPRAZOLUM,Oral Solid Ordinary," tablets gastroresistant 20 mg blister, #14",20.0,mg,14.0,Oral solid,No sampled peer,No sampled peer,8.7,0.0,0.0,0.0,0.0
108148,A ALIMENTARY TRACT AND METABOLISM,A10 DRUGS USED IN DIABETS,"A10B BLOOD GLUCOSE LOWERING DRUGS, EXCL. INSULINS",A10B A Biguanides,A10B A02 Metformin,24019,METFORMINUM,Oral Solid Ordinary," tabs 500 mg, #30",500.0,mg,30.0,Oral solid,No sampled peer,No sampled peer,10.65,0.0,0.0,0.0,0.0
570063,R RESPIRATORY SYSTEM,R05 COUGH AND COLD PREPARATIONS,"R05C EXPECTORANTS, EXCL. COMBINATIONS WITH COUGH SUPRESSANTS",R05C B Mucolytics,R05C B06 Ambroxol,21463,AMBROXOLUM,Oral Liquid Ordinary," syrup 15 mg/5 ml sachet 5 ml, #20",15.0,mg,20.0,Oral liquid,ATC4,R05C B Mucolytics,99.19,777.5,1039.36,502.65000000000003,380.63
529025,M MUSCULO-SCELETAL SYSTEM,M02 TOPICAL PRODUCTS FOR JOINT AND MUSCULAR PAIN,M02A TOPICAL PRODUCTS FOR JOINT AND MUSCULAR PAIN,"M02A A Antiinflammatory preparations, non-steroids for topical use",M02A A15 Diclofenac,32177,DICLOFENACUM,"Topical Dermatological, Haemorrhoidal, External", gel 1 % tube 50 g,50.0,g,,Topical,ATC4,"M02A A Antiinflammatory preparations, non-steroids for topical use",1354.5700000000002,20083.67,47336.26,66095.15,58111.09
317304,R RESPIRATORY SYSTEM,R05 COUGH AND COLD PREPARATIONS,"R05C EXPECTORANTS, EXCL. COMBINATIONS WITH COUGH SUPRESSANTS",R05C B Mucolytics,R05C B01 Acetylcysteine,1952,ACETYLCYSTEINUM,Oral Solid Ordinary," tab. sparkling 600 mg case, #12",600.0,mg,12.0,Oral solid,ATC4,R05C B Mucolytics,6406.2699999999995,75285.06999999999,71255.28,2659.56,186.69
507638,N NERVOUS SYSTEM,N02 ANALGESICS,N02B OTHER ANALGESICS AND ANTIPYRETICS,N02B E Anilides,N02B E01 Paracetamol,24698,PARACETAMOLUM,Oral Solid Ordinary," tab. sparkling 500 mg strip, #12",500.0,mg,12.0,Oral solid,ATC3,N02B OTHER ANALGESICS AND ANTIPYRETICS,10.28,7206.75,16749.83,14919.61,5521.58
570068,R RESPIRATORY SYSTEM,R05 COUGH AND COLD PREPARATIONS,"R05C EXPECTORANTS, EXCL. COMBINATIONS WITH COUGH SUPRESSANTS",R05C B Mucolytics,R05C B06 Ambroxol,21463,AMBROXOLUM,Oral Liquid Ordinary," syrup 30 mg/5 ml sachet 5 ml, #20",30.0,mg,20.0,Oral liquid,ATC4,R05C B Mucolytics,15.48,604.7699999999999,947.7300000000001,1019.4300000000001,891.48
545303,N NERVOUS SYSTEM,N06 PSYCHOANALEPTICS,"N06B PSYCHOSTIMULANTS, AGENTS USED FOR ADHD AND NOOTROPICS",N06B X Other psychostimulants and nootropics,N06B X06 Citicoline,23481,CITICOLINUM,Parenteral Ordinary," sol.  for inj. 250 mg/ml amp. 4 ml, blister in a pack, #5",250.0,mg,5.0,Parenteral,No sampled peer,No sampled peer,4.76,9178.039999999999,19619.92,4010.42,14.77
459943,A ALIMENTARY TRACT AND METABOLISM,A02 DRUGS FOR ACID RELATED DISORDERS,A02B DRUGS FOR TREATMENT OF PEPTIC ULCER AND GASTRO-OESOPHAGEAL REFLUX DISEASE,A02B C Proton pump inhibitors,A02B C02 Pantoprazole,14838,PANTOPRAZOLUM,Oral Solid Ordinary," tablets gastroresistant 40 mg blister, #30",40.0,mg,30.0,Oral solid,No sampled peer,No sampled peer,2.59,5460.33,14881.620000000003,18074.86,16970.37
545304,N NERVOUS SYSTEM,N06 PSYCHOANALEPTICS,"N06B PSYCHOSTIMULANTS, AGENTS USED FOR ADHD AND NOOTROPICS",N06B X Other psychostimulants and nootropics,N06B X06 Citicoline,23481,CITICOLINUM,Parenteral Ordinary," sol.  for inj. 250 mg/ml amp. 4 ml, blister in a pack, #10",250.0,mg,10.0,Parenteral,No sampled peer,No sampled peer,2.56,4432.03,8039.859999999999,1443.95,19.66
328379,C CARDIOVASCULAR SYSTEM,C07 BETA BLOCKING AGENTS,C07A BETA-BLOCKING AGENTS,"C07A B Beta blocking agents, selective",C07A B07 Bisoprolol,18260,BISOPROLOLUM,Oral Solid Ordinary," tabs coated w/film 5 mg blister, #60",5.0,mg,60.0,Oral solid,No sampled peer,No sampled peer,3.79,20.33,40.89,0.0,0.0
173708,N NERVOUS SYSTEM,N02 ANALGESICS,N02B OTHER ANALGESICS AND ANTIPYRETICS,N02B E Anilides,N02B E01 Paracetamol,25836,PARACETAMOLUM,Oral Solid Ordinary," tabl. oral.-disper. 500 mg blister, #12",500.0,mg,12.0,Oral solid,ATC3,N02B OTHER ANALGESICS AND ANTIPYRETICS,7.29,6.5,0.0,2.84,0.0
606837,A ALIMENTARY TRACT AND METABOLISM,A10 DRUGS USED IN DIABETS,"A10B BLOOD GLUCOSE LOWERING DRUGS, EXCL. INSULINS",A10B A Biguanides,A10B A02 Metformin,21673,METFORMINUM,Oral Solid Ordinary," tablets coated 850 mg, #60",850.0,mg,60.0,Oral solid,No sampled peer,No sampled peer,20.82,35468.1,70734.71,71696.67,63767.09
132802,M MUSCULO-SCELETAL SYSTEM,M01 ANTIINFLAMMATORY AND ANTIRHEUMATIC PRODUCTS,"M01A ANTIINFLAMMATORY AND ANTIRHEUMATIC PRODUCTS, NON-STEROIDS",M01A C Oxicams,M01A C06 Meloxicam,44988,MELOXICAMUM,Oral Solid Ordinary," tabs 15 mg blister, #10",15.0,mg,10.0,Oral solid,ATC3,"M01A ANTIINFLAMMATORY AND ANTIRHEUMATIC PRODUCTS, NON-STEROIDS",392.03000000000003,16892.47,33630.68,36038.990000000005,50316.4
317301,R RESPIRATORY SYSTEM,R05 COUGH AND COLD PREPARATIONS,"R05C EXPECTORANTS, EXCL. COMBINATIONS WITH COUGH SUPRESSANTS",R05C B Mucolytics,R05C B01 Acetylcysteine,1952,ACETYLCYSTEINUM,Oral Solid Ordinary," tab. sparkling 200 mg case, #24",200.0,mg,24.0,Oral solid,ATC4,R05C B Mucolytics,515.9300000000001,11506.029999999999,10728.560000000001,2030.8500000000006,7.54
599522,A ALIMENTARY TRACT AND METABOLISM,A10 DRUGS USED IN DIABETS,"A10B BLOOD GLUCOSE LOWERING DRUGS, EXCL. INSULINS",A10B A Biguanides,A10B A02 Metformin,21673,METFORMINUM,Oral Solid Ordinary," tablets coated 1000 mg, #60",1000.0,mg,60.0,Oral solid,No sampled peer,No sampled peer,2572.86,76947.59,88749.06,93864.46,81072.68000000001
504747,C CARDIOVASCULAR SYSTEM,C10 LIPID MODIFYING AGENTS,"C10A LIPID MODIFYING AGENTS, PLAIN",C10A A HMG CoA reductase inhibitors,C10A A07 Rosuvastatin,40034,ROSUVASTATINUM,Oral Solid Ordinary," tabs coated w/film 20 mg blister, #30",20.0,mg,30.0,Oral solid,ATC4,C10A A HMG CoA reductase inhibitors,2106.2400000000002,11966.410000000002,18396.83,24793.58,37478.149999999994
504746,C CARDIOVASCULAR SYSTEM,C10 LIPID MODIFYING AGENTS,"C10A LIPID MODIFYING AGENTS, PLAIN",C10A A HMG CoA reductase inhibitors,C10A A07 Rosuvastatin,40034,ROSUVASTATINUM,Oral Solid Ordinary," tabs coated w/film 10 mg blister, #30",10.0,mg,30.0,Oral solid,ATC4,C10A A HMG CoA reductase inhibitors,2075.86,10640.889999999998,16585.42,18922.300000000003,25611.329999999994
530474,G GENITO URINARY SYSTEM AND SEX HORMONES,G04 UROLOGICALS,G04B UROLOGICALS,G04B E Drugs used in erectile dysfunction,G04B E03 Sildenafilum,42778,SILDENAFILUM,Oral Solid Ordinary," chewable tabs 50 mg blister, by box, #8",50.0,mg,8.0,Oral solid,No sampled peer,No sampled peer,1.7,794.0799999999999,766.4599999999998,709.78,560.28
587760,A ALIMENTARY TRACT AND METABOLISM,A02 DRUGS FOR ACID RELATED DISORDERS,A02B DRUGS FOR TREATMENT OF PEPTIC ULCER AND GASTRO-OESOPHAGEAL REFLUX DISEASE,A02B C Proton pump inhibitors,A02B C02 Pantoprazole,2323,PANTOPRAZOLUM,Parenteral Ordinary," liophylizate f/solution f/inj. 40 mg flask, #1",40.0,mg,1.0,Parenteral,No sampled peer,No sampled peer,1.74,17440.55,14463.500000000002,7925.130000000001,2420.46
602933,N NERVOUS SYSTEM,N06 PSYCHOANALEPTICS,"N06B PSYCHOSTIMULANTS, AGENTS USED FOR ADHD AND NOOTROPICS",N06B X Other psychostimulants and nootropics,N06B X06 Citicoline,44744,CITICOLINUM,Oral Solid Ordinary," tabs coated w/film 500 mg blister, #28",500.0,mg,28.0,Oral solid,No sampled peer,No sampled peer,2.5,3276.8999999999996,6698.099999999999,10256.779999999999,17693.079999999998
601923,M MUSCULO-SCELETAL SYSTEM,M01 ANTIINFLAMMATORY AND ANTIRHEUMATIC PRODUCTS,"M01A ANTIINFLAMMATORY AND ANTIRHEUMATIC PRODUCTS, NON-STEROIDS",M01A C Oxicams,M01A C06 Meloxicam,16834,MELOXICAMUM,Oral Solid Ordinary," tabs 15 mg blister, by box, #20",15.0,mg,20.0,Oral solid,ATC3,"M01A ANTIINFLAMMATORY AND ANTIRHEUMATIC PRODUCTS, NON-STEROIDS",5.65,3521.45,10465.86,17622.86,27347.51
601921,M MUSCULO-SCELETAL SYSTEM,M01 ANTIINFLAMMATORY AND ANTIRHEUMATIC PRODUCTS,"M01A ANTIINFLAMMATORY AND ANTIRHEUMATIC PRODUCTS, NON-STEROIDS",M01A C Oxicams,M01A C06 Meloxicam,16834,MELOXICAMUM,Oral Solid Ordinary," tabs 7,5 mg blister, by box, #20",7.5,mg,20.0,Oral solid,ATC3,"M01A ANTIINFLAMMATORY AND ANTIRHEUMATIC PRODUCTS, NON-STEROIDS",14.52,3285.52,7401.41,9923.85,10573.539999999999
530475,G GENITO URINARY SYSTEM AND SEX HORMONES,G04 UROLOGICALS,G04B UROLOGICALS,G04B E Drugs used in erectile dysfunction,G04B E03 Sildenafilum,42778,SILDENAFILUM,Oral Solid Ordinary," chewable tabs 100 mg blister, by box, #8",100.0,mg,8.0,Oral solid,No sampled peer,No sampled peer,25.07,1091.3899999999999,1301.08,1382.2599999999998,931.4299999999998
606835,A ALIMENTARY TRACT AND METABOLISM,A10 DRUGS USED IN DIABETS,"A10B BLOOD GLUCOSE LOWERING DRUGS, EXCL. INSULINS",A10B A Biguanides,A10B A02 Metformin,21673,METFORMINUM,Oral Solid Ordinary," tablets coated 500 mg, #60",500.0,mg,60.0,Oral solid,No sampled peer,No sampled peer,27.16,40969.08,72759.56,51312.11000000001,76019.48
607314,M MUSCULO-SCELETAL SYSTEM,M01 ANTIINFLAMMATORY AND ANTIRHEUMATIC PRODUCTS,"M01A ANTIINFLAMMATORY AND ANTIRHEUMATIC PRODUCTS, NON-STEROIDS",M01A E Propionic acid derivatives,M01A E01 Ibuprofen,38669,IBUPROFENUM,Oral Solid Ordinary," tablets coated 200 mg blister, #12",200.0,mg,12.0,Oral solid,ATC3,"M01A ANTIINFLAMMATORY AND ANTIRHEUMATIC PRODUCTS, NON-STEROIDS",1422.98,90871.3,114658.82,98891.23999999999,113368.08
545298,N NERVOUS SYSTEM,N06 PSYCHOANALEPTICS,"N06B PSYCHOSTIMULANTS, AGENTS USED FOR ADHD AND NOOTROPICS",N06B X Other psychostimulants and nootropics,N06B X06 Citicoline,23481,CITICOLINUM,Parenteral Ordinary," sol.  for inj. 125 mg/ml amp. 4 ml, blister in a pack, #5",125.0,mg,5.0,Parenteral,No sampled peer,No sampled peer,0.0,583.37,525.08,47.73,0.0
622971,R RESPIRATORY SYSTEM,R05 COUGH AND COLD PREPARATIONS,"R05C EXPECTORANTS, EXCL. COMBINATIONS WITH COUGH SUPRESSANTS",R05C B Mucolytics,R05C B06 Ambroxol,21799,AMBROXOLUM,Oral Liquid Ordinary," syrup 15 mg/5 ml flask 100 ml, #1",15.0,mg,1.0,Oral liquid,ATC4,R05C B Mucolytics,0.0,7896.78,15810.399999999998,3443.229999999999,17412.92
622972,R RESPIRATORY SYSTEM,R05 COUGH AND COLD PREPARATIONS,"R05C EXPECTORANTS, EXCL. COMBINATIONS WITH COUGH SUPRESSANTS",R05C B Mucolytics,R05C B06 Ambroxol,21799,AMBROXOLUM,Oral Liquid Ordinary," syrup 30 mg/5 ml flask 100 ml, #1",30.0,mg,1.0,Oral liquid,ATC4,R05C B Mucolytics,0.0,8197.88,10711.64,4545.760000000001,24.21
545299,N NERVOUS SYSTEM,N06 PSYCHOANALEPTICS,"N06B PSYCHOSTIMULANTS, AGENTS USED FOR ADHD AND NOOTROPICS",N06B X Other psychostimulants and nootropics,N06B X06 Citicoline,23481,CITICOLINUM,Parenteral Ordinary," sol.  for inj. 125 mg/ml amp. 4 ml, blister in a pack, #10",125.0,mg,10.0,Parenteral,No sampled peer,No sampled peer,0.0,488.44000000000005,1360.6700000000003,53.59,0.0
585892,N NERVOUS SYSTEM,N02 ANALGESICS,N02B OTHER ANALGESICS AND ANTIPYRETICS,N02B E Anilides,N02B E01 Paracetamol,24698,PARACETAMOLUM,Oral Liquid Ordinary," oral suspens. 120 mg/5 ml sachet 10 ml, #20",120.0,mg,20.0,Oral liquid,ATC3,N02B OTHER ANALGESICS AND ANTIPYRETICS,0.0,519.22,608.4100000000001,2171.03,2085.4199999999996
552870,N NERVOUS SYSTEM,N02 ANALGESICS,N02B OTHER ANALGESICS AND ANTIPYRETICS,N02B E Anilides,N02B E01 Paracetamol,24698,PARACETAMOLUM,Oral Solid Ordinary," tabs 325 mg blister, in a pack, #100",325.0,mg,100.0,Oral solid,ATC3,N02B OTHER ANALGESICS AND ANTIPYRETICS,0.0,54239.34,19878.989999999998,22999.08,5481.320000000001
445146,A ALIMENTARY TRACT AND METABOLISM,A02 DRUGS FOR ACID RELATED DISORDERS,A02B DRUGS FOR TREATMENT OF PEPTIC ULCER AND GASTRO-OESOPHAGEAL REFLUX DISEASE,A02B C Proton pump inhibitors,A02B C02 Pantoprazole,9041,PANTOPRAZOLUM,Parenteral Ordinary," powd.fr-dr., f/prep.s of sol. 40 mg flask, #10",40.0,mg,10.0,Parenteral,No sampled peer,No sampled peer,0.0,440.31000000000006,1.3900000000000001,0.0,0.0
125392,C CARDIOVASCULAR SYSTEM,C08 CALCIUM CHANNEL BLOCKERS,C08C SELECTIVE CALCIUM CHANNEL BLOCKERS WITH MAINLY VASCULAR EFFECTS,C08C A Dihydropyridine derivatives,C08C A01 Amlodipine,15047,AMLODIPINUM,Oral Solid Ordinary," tabs 5 mg blister, #30",5.0,mg,30.0,Oral solid,No sampled peer,No sampled peer,0.0,174216.71000000002,218148.30000000005,167335.04000000004,286418.52
82844,M MUSCULO-SCELETAL SYSTEM,M01 ANTIINFLAMMATORY AND ANTIRHEUMATIC PRODUCTS,"M01A ANTIINFLAMMATORY AND ANTIRHEUMATIC PRODUCTS, NON-STEROIDS",M01A B Acetic acid derivatives and related substances,M01A B05 Diclofenac,34471,DICLOFENACUM,Oral Liquid Ordinary," powder f/oral solution 50 mg sachet, #3",50.0,mg,3.0,Oral liquid,ATC3,"M01A ANTIINFLAMMATORY AND ANTIRHEUMATIC PRODUCTS, NON-STEROIDS",0.0,14.030000000000001,0.0,0.0,0.0
327057,N NERVOUS SYSTEM,N02 ANALGESICS,N02B OTHER ANALGESICS AND ANTIPYRETICS,N02B F Gabapentinoids,N02B F02 Pregabalin,7280,PREGABALINUM,Oral Solid Ordinary," caps. solid 75 mg blister, #30",75.0,mg,30.0,Oral solid,ATC3,N02B OTHER ANALGESICS AND ANTIPYRETICS,0.0,75.67,960.7,419.90000000000003,66.8
530422,N NERVOUS SYSTEM,N02 ANALGESICS,N02B OTHER ANALGESICS AND ANTIPYRETICS,N02B E Anilides,N02B E01 Paracetamol,32299,PARACETAMOLUM,Parenteral Ordinary," sol. f/infus. 10 mg/ml flask 100 ml, #10",10.0,mg,10.0,Parenteral,ATC3,N02B OTHER ANALGESICS AND ANTIPYRETICS,0.0,58.74,573.75,659.9399999999999,426.35999999999996
579265,J GENERAL ANTIINFECTIVES FOR SYSTEMIC USE,J01 ANTIBACTERIALS FOR SYSTEMIC USE,J01D OTHER BETA-LACTAM ANTIBACTERIALS,J01D D Third-generation cephalosporins,J01D D04 Ceftriaxone,32031,CEFTRIAXONUM,Parenteral Ordinary," powd.fr-dr., f/sol. f/in. 2000 mg flask, in cardboard packing, #1",2000.0,mg,1.0,Parenteral,No sampled peer,No sampled peer,0.0,896.79,7157.530000000001,1416.8700000000001,144.01
565527,J GENERAL ANTIINFECTIVES FOR SYSTEMIC USE,J01 ANTIBACTERIALS FOR SYSTEMIC USE,"J01F MACROLIDES, LINCOSAMIDES AND STREPTOGRAMINS",J01F A Macrolides,J01F A10 Azithromycin,867,AZITHROMYCINUM,Oral Solid Ordinary," tabs coated w/film 250 mg blister, #6",250.0,mg,6.0,Oral solid,No sampled peer,No sampled peer,0.0,2494.8900000000003,1922.5100000000002,4186.6,4033.1400000000003
565531,J GENERAL ANTIINFECTIVES FOR SYSTEMIC USE,J01 ANTIBACTERIALS FOR SYSTEMIC USE,"J01F MACROLIDES, LINCOSAMIDES AND STREPTOGRAMINS",J01F A Macrolides,J01F A10 Azithromycin,867,AZITHROMYCINUM,Oral Solid Ordinary," tabs coated w/film 500 mg blister, #3",500.0,mg,3.0,Oral solid,No sampled peer,No sampled peer,0.0,53406.479999999996,60435.490000000005,112454.15,59129.369999999995
190511,M MUSCULO-SCELETAL SYSTEM,M01 ANTIINFLAMMATORY AND ANTIRHEUMATIC PRODUCTS,"M01A ANTIINFLAMMATORY AND ANTIRHEUMATIC PRODUCTS, NON-STEROIDS",M01A E Propionic acid derivatives,M01A E01 Ibuprofen,21024,IBUPROFENUM,Oral Solid Ordinary," caps. soft 400 mg blister, #20",400.0,mg,20.0,Oral solid,ATC3,"M01A ANTIINFLAMMATORY AND ANTIRHEUMATIC PRODUCTS, NON-STEROIDS",0.0,42553.58,52881.34999999999,31440.99,35485.46
190510,M MUSCULO-SCELETAL SYSTEM,M01 ANTIINFLAMMATORY AND ANTIRHEUMATIC PRODUCTS,"M01A ANTIINFLAMMATORY AND ANTIRHEUMATIC PRODUCTS, NON-STEROIDS",M01A E Propionic acid derivatives,M01A E01 Ibuprofen,21024,IBUPROFENUM,Oral Solid Ordinary," caps. soft 400 mg blister, #10",400.0,mg,10.0,Oral solid,ATC3,"M01A ANTIINFLAMMATORY AND ANTIRHEUMATIC PRODUCTS, NON-STEROIDS",0.0,84500.25,113571.6,118509.12999999998,82882.47000000002
415093,M MUSCULO-SCELETAL SYSTEM,M01 ANTIINFLAMMATORY AND ANTIRHEUMATIC PRODUCTS,"M01A ANTIINFLAMMATORY AND ANTIRHEUMATIC PRODUCTS, NON-STEROIDS",M01A C Oxicams,M01A C06 Meloxicam,45359,MELOXICAMUM,Parenteral Ordinary," sol.  for inj. 10 mg/ml amp. 1,5 ml, blister in a pack, #5",10.0,mg,5.0,Parenteral,ATC3,"M01A ANTIINFLAMMATORY AND ANTIRHEUMATIC PRODUCTS, NON-STEROIDS",0.0,58950.61,97456.45,91132.37,87849.37000000001
315835,C CARDIOVASCULAR SYSTEM,C10 LIPID MODIFYING AGENTS,"C10A LIPID MODIFYING AGENTS, PLAIN",C10A A HMG CoA reductase inhibitors,C10A A07 Rosuvastatin,33901,ROSUVASTATINUM,Oral Solid Ordinary," tabs coated w/film 10 mg blister, #30",10.0,mg,30.0,Oral solid,ATC4,C10A A HMG CoA reductase inhibitors,0.0,10.370000000000001,2.04,0.0,0.0
562193,C CARDIOVASCULAR SYSTEM,C10 LIPID MODIFYING AGENTS,"C10A LIPID MODIFYING AGENTS, PLAIN",C10A A HMG CoA reductase inhibitors,C10A A07 Rosuvastatin,33901,ROSUVASTATINUM,Oral Solid Ordinary," tabs coated w/film 10 mg blister, #30",10.0,mg,30.0,Oral solid,ATC4,C10A A HMG CoA reductase inhibitors,0.0,523.67,3337.2000000000003,7411.47,15022.28
586813,M MUSCULO-SCELETAL SYSTEM,M01 ANTIINFLAMMATORY AND ANTIRHEUMATIC PRODUCTS,"M01A ANTIINFLAMMATORY AND ANTIRHEUMATIC PRODUCTS, NON-STEROIDS",M01A C Oxicams,M01A C06 Meloxicam,45359,MELOXICAMUM,Parenteral Ordinary," sol.  for inj. 10 mg/ml amp. 1,5 ml, blister in a pack, #5",10.0,mg,5.0,Parenteral,ATC3,"M01A ANTIINFLAMMATORY AND ANTIRHEUMATIC PRODUCTS, NON-STEROIDS",0.0,1276.82,2808.5699999999997,3278.84,4200.97
601919,J GENERAL ANTIINFECTIVES FOR SYSTEMIC USE,J01 ANTIBACTERIALS FOR SYSTEMIC USE,J01M QUINOLONE ANTIBACTERIALS,J01M A Fluoroquinolones,J01M A12 Levofloxacin,17413,LEVOFLOXACINUM,Parenteral Ordinary," sol. f/infus. 5 mg/ml flask 100 ml, #1",5.0,mg,1.0,Parenteral,No sampled peer,No sampled peer,0.0,5268.55,12621.45,4258.45,2557.1
562195,C CARDIOVASCULAR SYSTEM,C10 LIPID MODIFYING AGENTS,"C10A LIPID MODIFYING AGENTS, PLAIN",C10A A HMG CoA reductase inhibitors,C10A A07 Rosuvastatin,33901,ROSUVASTATINUM,Oral Solid Ordinary," tabs coated w/film 20 mg blister, #30",20.0,mg,30.0,Oral solid,ATC4,C10A A HMG CoA reductase inhibitors,0.0,770.74,2605.28,9124.15,27217.729999999996
516958,M MUSCULO-SCELETAL SYSTEM,M01 ANTIINFLAMMATORY AND ANTIRHEUMATIC PRODUCTS,"M01A ANTIINFLAMMATORY AND ANTIRHEUMATIC PRODUCTS, NON-STEROIDS",M01A C Oxicams,M01A C06 Meloxicam,46360,MELOXICAMUM,Oral Solid Ordinary," tabs 15 mg blister, #20",15.0,mg,20.0,Oral solid,ATC3,"M01A ANTIINFLAMMATORY AND ANTIRHEUMATIC PRODUCTS, NON-STEROIDS",0.0,1188.39,1610.72,0.0,0.0
188586,M MUSCULO-SCELETAL SYSTEM,M01 ANTIINFLAMMATORY AND ANTIRHEUMATIC PRODUCTS,"M01A ANTIINFLAMMATORY AND ANTIRHEUMATIC PRODUCTS, NON-STEROIDS",M01A B Acetic acid derivatives and related substances,M01A B05 Diclofenac,34028,DICLOFENACUM,Oral Solid Ordinary," tabs coat.intest.-soluble 50 mg blister, #100",50.0,mg,100.0,Oral solid,ATC3,"M01A ANTIINFLAMMATORY AND ANTIRHEUMATIC PRODUCTS, NON-STEROIDS",0.0,50971.869999999995,181850.49,169723.09000000003,181605.23
142211,C CARDIOVASCULAR SYSTEM,C10 LIPID MODIFYING AGENTS,"C10A LIPID MODIFYING AGENTS, PLAIN",C10A A HMG CoA reductase inhibitors,C10A A07 Rosuvastatin,9998,ROSUVASTATINUM,Oral Solid Ordinary," tabs coated w/film 5 mg blister, #60",5.0,mg,60.0,Oral solid,ATC4,C10A A HMG CoA reductase inhibitors,0.0,1.43,0.0,0.0,0.0
651549,M MUSCULO-SCELETAL SYSTEM,M02 TOPICAL PRODUCTS FOR JOINT AND MUSCULAR PAIN,M02A TOPICAL PRODUCTS FOR JOINT AND MUSCULAR PAIN,"M02A A Antiinflammatory preparations, non-steroids for topical use",M02A A15 Diclofenac,34028,DICLOFENACUM,"Topical Dermatological, Haemorrhoidal, External"," gel 50 mg/g tube 100 g, #1",50.0,mg,1.0,Topical,ATC4,"M02A A Antiinflammatory preparations, non-steroids for topical use",0.0,967.67,2779.75,1682.7999999999997,2616.59
597381,R RESPIRATORY SYSTEM,R05 COUGH AND COLD PREPARATIONS,"R05C EXPECTORANTS, EXCL. COMBINATIONS WITH COUGH SUPRESSANTS",R05C B Mucolytics,R05C B01 Acetylcysteine,12366,ACETYLCYSTEINUM,Oral Liquid Ordinary," powder f/oral solution 200 mg sachet 3 g, #10",200.0,mg,10.0,Oral liquid,ATC4,R05C B Mucolytics,0.0,3927.3999999999996,18737.340000000004,13940.300000000001,11459.570000000003
525119,N NERVOUS SYSTEM,N02 ANALGESICS,N02B OTHER ANALGESICS AND ANTIPYRETICS,N02B A Salicylic acid and derivatives,N02B A01 Acetylsalicylic acid,35880,ACIDUM ACETYLSALICYLICUM*,Oral Solid Ordinary," tab. sparkling 500 mg strip, #16",500.0,mg,16.0,Oral solid,ATC3,N02B OTHER ANALGESICS AND ANTIPYRETICS,0.0,197.65,1570.63,1908.25,48.529999999999994
597303,N NERVOUS SYSTEM,N02 ANALGESICS,N02B OTHER ANALGESICS AND ANTIPYRETICS,N02B F Gabapentinoids,N02B F02 Pregabalin,19443,PREGABALINUM,Oral Solid Ordinary," caps. 300 mg blister in pack, #20",300.0,mg,20.0,Oral solid,ATC3,N02B OTHER ANALGESICS AND ANTIPYRETICS,0.0,1686.58,20979.530000000002,80672.09000000001,331248.13
543374,N NERVOUS SYSTEM,N02 ANALGESICS,N02B OTHER ANALGESICS AND ANTIPYRETICS,N02B F Gabapentinoids,N02B F02 Pregabalin,15452,PREGABALINUM,Oral Solid Ordinary," caps. solid 75 mg blister, #56",75.0,mg,56.0,Oral solid,ATC3,N02B OTHER ANALGESICS AND ANTIPYRETICS,0.0,255.17000000000002,1778.51,1866.0,3077.13
543376,N NERVOUS SYSTEM,N02 ANALGESICS,N02B OTHER ANALGESICS AND ANTIPYRETICS,N02B F Gabapentinoids,N02B F02 Pregabalin,15452,PREGABALINUM,Oral Solid Ordinary," caps. solid 150 mg blister, #28",150.0,mg,28.0,Oral solid,ATC3,N02B OTHER ANALGESICS AND ANTIPYRETICS,0.0,585.85,4436.3,4110.97,9321.11
543377,N NERVOUS SYSTEM,N02 ANALGESICS,N02B OTHER ANALGESICS AND ANTIPYRETICS,N02B F Gabapentinoids,N02B F02 Pregabalin,15452,PREGABALINUM,Oral Solid Ordinary," caps. solid 150 mg blister, #56",150.0,mg,56.0,Oral solid,ATC3,N02B OTHER ANALGESICS AND ANTIPYRETICS,0.0,603.97,2357.29,2675.53,7674.62
530268,S SENSORY ORGANS,S01 OPHTALMOLOGICALS,S01A ANTIINFECTIVES,S01A E Fluoroquinolones,S01A E05 Levofloxacin,22670,LEVOFLOXACINUM,Ophthalmic," eye drops, solution 5 mg/ml drop fl. 5 ml, #1",5.0,mg,1.0,Ophthalmic,ATC3,S01A ANTIINFECTIVES,0.0,1018.26,2509.51,935.3599999999999,0.0
190599,J GENERAL ANTIINFECTIVES FOR SYSTEMIC USE,J01 ANTIBACTERIALS FOR SYSTEMIC USE,J01M QUINOLONE ANTIBACTERIALS,J01M A Fluoroquinolones,J01M A12 Levofloxacin,1188,LEVOFLOXACINUM,Oral Solid Ordinary," tabs coated w/film 500 mg blister, #5",500.0,mg,5.0,Oral solid,No sampled peer,No sampled peer,0.0,2848.79,578.9100000000001,283.09,354.18
189546,B BLOOD AND BLOOD FORMING ORGANS,B01 ANTITHROMBOTIC AGENTS,B01A ANTITHROMBOTIC AGENTS,B01A C Platelet aggregation inhibitors excl. heparin,B01A C06 Acetylsalicylic acid,35344,ACIDUM ACETYLSALICYLICUM*,Oral Solid Ordinary," tabs coat.intest.-soluble 300 mg blister, #20",300.0,mg,20.0,Oral solid,No sampled peer,No sampled peer,0.0,2.66,0.0,0.0,0.0
543373,N NERVOUS SYSTEM,N02 ANALGESICS,N02B OTHER ANALGESICS AND ANTIPYRETICS,N02B F Gabapentinoids,N02B F02 Pregabalin,15452,PREGABALINUM,Oral Solid Ordinary," caps. solid 75 mg blister, #28",75.0,mg,28.0,Oral solid,ATC3,N02B OTHER ANALGESICS AND ANTIPYRETICS,0.0,807.0900000000001,4739.0199999999995,4756.96,5741.2300000000005
639788,M MUSCULO-SCELETAL SYSTEM,M02 TOPICAL PRODUCTS FOR JOINT AND MUSCULAR PAIN,M02A TOPICAL PRODUCTS FOR JOINT AND MUSCULAR PAIN,"M02A A Antiinflammatory preparations, non-steroids for topical use",M02A A15 Diclofenac,15823,DICLOFENACUM,"Topical Dermatological, Haemorrhoidal, External"," gel. emuls. f/exterern applic 2,32 % tube 100 g, #1",100.0,g,1.0,Topical,ATC4,"M02A A Antiinflammatory preparations, non-steroids for topical use",0.0,8546.380000000001,48521.84,55715.6,73126.43000000001
530421,N NERVOUS SYSTEM,N02 ANALGESICS,N02B OTHER ANALGESICS AND ANTIPYRETICS,N02B E Anilides,N02B E01 Paracetamol,32299,PARACETAMOLUM,Parenteral Ordinary," sol. f/infus. 10 mg/ml flask 100 ml, #1",10.0,mg,1.0,Parenteral,ATC3,N02B OTHER ANALGESICS AND ANTIPYRETICS,0.0,676.22,431.54,335.53,233.58
542896,N NERVOUS SYSTEM,N02 ANALGESICS,N02B OTHER ANALGESICS AND ANTIPYRETICS,N02B F Gabapentinoids,N02B F02 Pregabalin,7280,PREGABALINUM,Oral Solid Ordinary," caps. solid 150 mg blister, #30",150.0,mg,30.0,Oral solid,ATC3,N02B OTHER ANALGESICS AND ANTIPYRETICS,0.0,54.050000000000004,508.78,388.29999999999995,44.199999999999996
670471,J GENERAL ANTIINFECTIVES FOR SYSTEMIC USE,J01 ANTIBACTERIALS FOR SYSTEMIC USE,J01D OTHER BETA-LACTAM ANTIBACTERIALS,J01D D Third-generation cephalosporins,J01D D04 Ceftriaxone,21539,CEFTRIAXONUM,Parenteral Ordinary," powder f/prepare sol f/ inject 1000 mg flask, #1",1000.0,mg,1.0,Parenteral,No sampled peer,No sampled peer,0.0,45.45,7772.2,83198.76000000001,202575.48
511381,N NERVOUS SYSTEM,N06 PSYCHOANALEPTICS,"N06B PSYCHOSTIMULANTS, AGENTS USED FOR ADHD AND NOOTROPICS",N06B X Other psychostimulants and nootropics,N06B X06 Citicoline,23873,CITICOLINUM,Oral Liquid Ordinary," oral solution 100 mg/ml flask with dosing device 50 ml, #1",100.0,mg,1.0,Oral liquid,No sampled peer,No sampled peer,0.0,1244.64,8366.32,1645.66,609.1999999999999
654842,M MUSCULO-SCELETAL SYSTEM,M01 ANTIINFLAMMATORY AND ANTIRHEUMATIC PRODUCTS,"M01A ANTIINFLAMMATORY AND ANTIRHEUMATIC PRODUCTS, NON-STEROIDS",M01A E Propionic acid derivatives,M01A E01 Ibuprofen,38669,IBUPROFENUM,Oral Solid Ordinary," caps. soft 400 mg, #20",400.0,mg,20.0,Oral solid,ATC3,"M01A ANTIINFLAMMATORY AND ANTIRHEUMATIC PRODUCTS, NON-STEROIDS",0.0,16673.9,130079.87000000001,180478.89000000004,255872.49999999997
639786,M MUSCULO-SCELETAL SYSTEM,M02 TOPICAL PRODUCTS FOR JOINT AND MUSCULAR PAIN,M02A TOPICAL PRODUCTS FOR JOINT AND MUSCULAR PAIN,"M02A A Antiinflammatory preparations, non-steroids for topical use",M02A A15 Diclofenac,15823,DICLOFENACUM,"Topical Dermatological, Haemorrhoidal, External"," gel. emuls. f/exterern applic 1,16 % tube 100 g, #1",100.0,g,1.0,Topical,ATC4,"M02A A Antiinflammatory preparations, non-steroids for topical use",0.0,3759.6500000000005,32331.350000000002,29660.63,25758.050000000003
603850,M MUSCULO-SCELETAL SYSTEM,M01 ANTIINFLAMMATORY AND ANTIRHEUMATIC PRODUCTS,"M01A ANTIINFLAMMATORY AND ANTIRHEUMATIC PRODUCTS, NON-STEROIDS",M01A C Oxicams,M01A C06 Meloxicam,3757,MELOXICAMUM,Parenteral Ordinary," sol.  for inj. 10 mg/ml amp. 1,5 ml, #5",10.0,mg,5.0,Parenteral,ATC3,"M01A ANTIINFLAMMATORY AND ANTIRHEUMATIC PRODUCTS, NON-STEROIDS",0.0,19976.86,64650.869999999995,76412.39,117360.62
150192,R RESPIRATORY SYSTEM,R05 COUGH AND COLD PREPARATIONS,"R05C EXPECTORANTS, EXCL. COMBINATIONS WITH COUGH SUPRESSANTS",R05C B Mucolytics,R05C B06 Ambroxol,44262,AMBROXOLUM,Oral Solid Retard," tabs, prolong. action 75 mg blister, #10",75.0,mg,10.0,Oral solid,ATC4,R05C B Mucolytics,0.0,51394.3,109493.08,62363.77000000001,18332.009999999995
117532,J GENERAL ANTIINFECTIVES FOR SYSTEMIC USE,J01 ANTIBACTERIALS FOR SYSTEMIC USE,"J01F MACROLIDES, LINCOSAMIDES AND STREPTOGRAMINS",J01F A Macrolides,J01F A10 Azithromycin,36539,AZITHROMYCINUM,Oral Solid Ordinary," tablets coated 600 mg flask, #30",600.0,mg,30.0,Oral solid,No sampled peer,No sampled peer,0.0,3.04,15.12,0.0,0.0
425098,S SENSORY ORGANS,S01 OPHTALMOLOGICALS,S01A ANTIINFECTIVES,S01A A Antibiotics,S01A A26 Azithromycin,48967,AZITHROMYCINUM,Ophthalmic," eye drops, solution 15 mg/g unidose conteiner 250 mg, #6",15.0,mg,6.0,Ophthalmic,ATC3,S01A ANTIINFECTIVES,0.0,2461.04,23753.89,22799.2,49435.43
614190,C CARDIOVASCULAR SYSTEM,C07 BETA BLOCKING AGENTS,C07A BETA-BLOCKING AGENTS,"C07A B Beta blocking agents, selective",C07A B07 Bisoprolol,18260,BISOPROLOLUM,Oral Solid Ordinary," tabs 10 mg blister, #60",10.0,mg,60.0,Oral solid,No sampled peer,No sampled peer,0.0,185.27,3472.8999999999996,7335.9400000000005,2762.31
614194,C CARDIOVASCULAR SYSTEM,C07 BETA BLOCKING AGENTS,C07A BETA-BLOCKING AGENTS,"C07A B Beta blocking agents, selective",C07A B07 Bisoprolol,18260,BISOPROLOLUM,Oral Solid Ordinary," tabs 5 mg blister, #60",5.0,mg,60.0,Oral solid,No sampled peer,No sampled peer,0.0,273.53,5455.51,8583.26,6330.019999999999
552966,S SENSORY ORGANS,S01 OPHTALMOLOGICALS,S01A ANTIINFECTIVES,S01A A Antibiotics,S01A A26 Azithromycin,14332,AZITHROMYCINUM,Ophthalmic," eye drops, solution 15 mg/g unidose conteiner 250 mg, #6",15.0,mg,6.0,Ophthalmic,ATC3,S01A ANTIINFECTIVES,0.0,761.5,2477.31,1070.73,752.3499999999999
392611,M MUSCULO-SCELETAL SYSTEM,M01 ANTIINFLAMMATORY AND ANTIRHEUMATIC PRODUCTS,"M01A ANTIINFLAMMATORY AND ANTIRHEUMATIC PRODUCTS, NON-STEROIDS",M01A E Propionic acid derivatives,M01A E01 Ibuprofen,46864,IBUPROFENUM,Oral Liquid Ordinary," oral suspens. 100 mg/5 ml flask 100 ml, #1",100.0,mg,1.0,Oral liquid,ATC3,"M01A ANTIINFLAMMATORY AND ANTIRHEUMATIC PRODUCTS, NON-STEROIDS",0.0,3382.17,14694.240000000002,15369.15,18615.28
601964,J GENERAL ANTIINFECTIVES FOR SYSTEMIC USE,J01 ANTIBACTERIALS FOR SYSTEMIC USE,"J01F MACROLIDES, LINCOSAMIDES AND STREPTOGRAMINS",J01F A Macrolides,J01F A10 Azithromycin,3410,AZITHROMYCINUM,Parenteral Ordinary," lyophil. f/solut. f/inf. 500 mg flask, #1",500.0,mg,1.0,Parenteral,No sampled peer,No sampled peer,0.0,7863.110000000001,16591.53,1906.24,15.4
676020,N NERVOUS SYSTEM,N02 ANALGESICS,N02B OTHER ANALGESICS AND ANTIPYRETICS,N02B E Anilides,N02B E01 Paracetamol,30788,PARACETAMOLUM,Parenteral Ordinary," sol. f/infus. 1000 mg/100 ml PET cont. 100 ml, #1",1000.0,mg,1.0,Parenteral,ATC3,N02B OTHER ANALGESICS AND ANTIPYRETICS,0.0,13614.51,86356.16,51372.21000000001,50376.03
625194,N NERVOUS SYSTEM,N06 PSYCHOANALEPTICS,"N06B PSYCHOSTIMULANTS, AGENTS USED FOR ADHD AND NOOTROPICS",N06B X Other psychostimulants and nootropics,N06B X06 Citicoline,44744,CITICOLINUM,Parenteral Ordinary," sol.  for inj. 1000 mg/4 ml amp. 4 ml, #5",1000.0,mg,5.0,Parenteral,No sampled peer,No sampled peer,0.0,159.47,5247.1900000000005,6392.52,15967.73
670473,J GENERAL ANTIINFECTIVES FOR SYSTEMIC USE,J01 ANTIBACTERIALS FOR SYSTEMIC USE,J01D OTHER BETA-LACTAM ANTIBACTERIALS,J01D D Third-generation cephalosporins,J01D D04 Ceftriaxone,21539,CEFTRIAXONUM,Parenteral Ordinary," powder f/prepare sol f/ inject 1000 mg flask, #10",1000.0,mg,10.0,Parenteral,No sampled peer,No sampled peer,0.0,77.01,1125.5,2588.76,9251.07
603910,J GENERAL ANTIINFECTIVES FOR SYSTEMIC USE,J01 ANTIBACTERIALS FOR SYSTEMIC USE,J01D OTHER BETA-LACTAM ANTIBACTERIALS,J01D D Third-generation cephalosporins,J01D D04 Ceftriaxone,21539,CEFTRIAXONUM,Parenteral Ordinary," powd.fr-dr., f/sol. f/in. 1 g flask, #1",1.0,g,1.0,Parenteral,No sampled peer,No sampled peer,0.0,9342.75,61870.11999999999,8751.36,1942.97
579336,M MUSCULO-SCELETAL SYSTEM,M01 ANTIINFLAMMATORY AND ANTIRHEUMATIC PRODUCTS,"M01A ANTIINFLAMMATORY AND ANTIRHEUMATIC PRODUCTS, NON-STEROIDS",M01A B Acetic acid derivatives and related substances,M01A B05 Diclofenac,31626,DICLOFENACUM,Oral Solid Retard," tabs prolong act, coat.w/film 100 mg blister, #20",100.0,mg,20.0,Oral solid,ATC3,"M01A ANTIINFLAMMATORY AND ANTIRHEUMATIC PRODUCTS, NON-STEROIDS",0.0,381.93,5562.169999999999,10830.630000000001,16352.210000000001
630203,A ALIMENTARY TRACT AND METABOLISM,A10 DRUGS USED IN DIABETS,"A10B BLOOD GLUCOSE LOWERING DRUGS, EXCL. INSULINS",A10B A Biguanides,A10B A02 Metformin,26172,METFORMINUM,Oral Solid Ordinary," tabs coated w/film 1000 mg blister, #60",1000.0,mg,60.0,Oral solid,No sampled peer,No sampled peer,0.0,496.39,152729.34000000003,255652.27000000002,356367.86
630197,A ALIMENTARY TRACT AND METABOLISM,A10 DRUGS USED IN DIABETS,"A10B BLOOD GLUCOSE LOWERING DRUGS, EXCL. INSULINS",A10B A Biguanides,A10B A02 Metformin,26172,METFORMINUM,Oral Solid Ordinary," tabs coated w/film 500 mg blister, #60",500.0,mg,60.0,Oral solid,No sampled peer,No sampled peer,0.0,322.13,38122.34,71078.0,77115.2
630196,A ALIMENTARY TRACT AND METABOLISM,A10 DRUGS USED IN DIABETS,"A10B BLOOD GLUCOSE LOWERING DRUGS, EXCL. INSULINS",A10B A Biguanides,A10B A02 Metformin,26172,METFORMINUM,Oral Solid Ordinary," tabs coated w/film 500 mg blister, #30",500.0,mg,30.0,Oral solid,No sampled peer,No sampled peer,0.0,318.97,23093.82,34172.299999999996,30267.15
630199,A ALIMENTARY TRACT AND METABOLISM,A10 DRUGS USED IN DIABETS,"A10B BLOOD GLUCOSE LOWERING DRUGS, EXCL. INSULINS",A10B A Biguanides,A10B A02 Metformin,26172,METFORMINUM,Oral Solid Ordinary," tabs coated w/film 850 mg blister, #30",850.0,mg,30.0,Oral solid,No sampled peer,No sampled peer,0.0,284.6,51264.21,49292.05000000001,28137.729999999996
643322,G GENITO URINARY SYSTEM AND SEX HORMONES,G04 UROLOGICALS,G04B UROLOGICALS,G04B E Drugs used in erectile dysfunction,G04B E03 Sildenafilum,13128,SILDENAFILUM,Oral Solid Ordinary," tabs 50 mg blister, #8",50.0,mg,8.0,Oral solid,No sampled peer,No sampled peer,0.0,1383.99,21742.36,20573.550000000003,19674.95
643323,G GENITO URINARY SYSTEM AND SEX HORMONES,G04 UROLOGICALS,G04B UROLOGICALS,G04B E Drugs used in erectile dysfunction,G04B E03 Sildenafilum,13128,SILDENAFILUM,Oral Solid Ordinary," tabs 100 mg blister, #8",100.0,mg,8.0,Oral solid,No sampled peer,No sampled peer,0.0,1783.83,30045.74,24365.899999999998,21609.7
625949,A ALIMENTARY TRACT AND METABOLISM,A02 DRUGS FOR ACID RELATED DISORDERS,A02B DRUGS FOR TREATMENT OF PEPTIC ULCER AND GASTRO-OESOPHAGEAL REFLUX DISEASE,A02B C Proton pump inhibitors,A02B C02 Pantoprazole,19060,PANTOPRAZOLUM,Parenteral Ordinary," powd.fr-dr., f/sol. f/in. 40 mg flask, in cardboard packing, #1",40.0,mg,1.0,Parenteral,No sampled peer,No sampled peer,0.0,8606.82,95801.59999999999,38840.39000000001,68207.90999999999
702760,M MUSCULO-SCELETAL SYSTEM,M02 TOPICAL PRODUCTS FOR JOINT AND MUSCULAR PAIN,M02A TOPICAL PRODUCTS FOR JOINT AND MUSCULAR PAIN,"M02A A Antiinflammatory preparations, non-steroids for topical use",M02A A15 Diclofenac,34028,DICLOFENACUM,"Topical Dermatological, Haemorrhoidal, External"," gel 5 % tube aluminum 50 g, in a pack",50.0,g,,Topical,ATC4,"M02A A Antiinflammatory preparations, non-steroids for topical use",0.0,127449.77,502286.95,324459.27,268341.59
391361,M MUSCULO-SCELETAL SYSTEM,M01 ANTIINFLAMMATORY AND ANTIRHEUMATIC PRODUCTS,"M01A ANTIINFLAMMATORY AND ANTIRHEUMATIC PRODUCTS, NON-STEROIDS",M01A E Propionic acid derivatives,M01A E01 Ibuprofen,46864,IBUPROFENUM,Oral Liquid Ordinary, oral suspens. 200 mg/5 ml flask 100 ml,200.0,mg,,Oral liquid,ATC3,"M01A ANTIINFLAMMATORY AND ANTIRHEUMATIC PRODUCTS, NON-STEROIDS",0.0,142.58,7426.529999999999,11872.159999999998,9789.220000000001
516865,C CARDIOVASCULAR SYSTEM,C10 LIPID MODIFYING AGENTS,"C10A LIPID MODIFYING AGENTS, PLAIN",C10A A HMG CoA reductase inhibitors,C10A A07 Rosuvastatin,10742,ROSUVASTATINUM,Oral Solid Ordinary," tabs coated w/film 10 mg blister, #30",10.0,mg,30.0,Oral solid,ATC4,C10A A HMG CoA reductase inhibitors,0.0,6.12,18.26,25.919999999999998,11497.39
516849,C CARDIOVASCULAR SYSTEM,C10 LIPID MODIFYING AGENTS,"C10A LIPID MODIFYING AGENTS, PLAIN",C10A A HMG CoA reductase inhibitors,C10A A07 Rosuvastatin,10742,ROSUVASTATINUM,Oral Solid Ordinary," tabs coated w/film 20 mg blister, #30",20.0,mg,30.0,Oral solid,ATC4,C10A A HMG CoA reductase inhibitors,0.0,11.99,71.19,47.59,6.78
625192,N NERVOUS SYSTEM,N06 PSYCHOANALEPTICS,"N06B PSYCHOSTIMULANTS, AGENTS USED FOR ADHD AND NOOTROPICS",N06B X Other psychostimulants and nootropics,N06B X06 Citicoline,44744,CITICOLINUM,Parenteral Ordinary," sol.  for inj. 500 mg/4 ml amp. 4 ml, #5",500.0,mg,5.0,Parenteral,No sampled peer,No sampled peer,0.0,85.26,3383.4700000000003,2383.4999999999995,1325.3199999999997
639815,M MUSCULO-SCELETAL SYSTEM,M01 ANTIINFLAMMATORY AND ANTIRHEUMATIC PRODUCTS,"M01A ANTIINFLAMMATORY AND ANTIRHEUMATIC PRODUCTS, NON-STEROIDS",M01A E Propionic acid derivatives,M01A E01 Ibuprofen,43283,IBUPROFENUM,Oral Solid Ordinary," caps. soft 200 mg blister, #50",200.0,mg,50.0,Oral solid,ATC3,"M01A ANTIINFLAMMATORY AND ANTIRHEUMATIC PRODUCTS, NON-STEROIDS",0.0,208.23000000000002,3670.8900000000003,5518.62,2558.649999999999
603848,M MUSCULO-SCELETAL SYSTEM,M01 ANTIINFLAMMATORY AND ANTIRHEUMATIC PRODUCTS,"M01A ANTIINFLAMMATORY AND ANTIRHEUMATIC PRODUCTS, NON-STEROIDS",M01A C Oxicams,M01A C06 Meloxicam,16834,MELOXICAMUM,Parenteral Ordinary," sol.  for inj. 10 mg/ml flask 1,5 ml, #5",10.0,mg,5.0,Parenteral,ATC3,"M01A ANTIINFLAMMATORY AND ANTIRHEUMATIC PRODUCTS, NON-STEROIDS",0.0,0.54,11287.109999999999,34323.92,6787.98
666678,N NERVOUS SYSTEM,N02 ANALGESICS,N02B OTHER ANALGESICS AND ANTIPYRETICS,N02B F Gabapentinoids,N02B F02 Pregabalin,32236,PREGABALINUM,Oral Solid Ordinary," caps. solid 150 mg blister, #21",150.0,mg,21.0,Oral solid,ATC3,N02B OTHER ANALGESICS AND ANTIPYRETICS,0.0,0.67,786.83,1257.02,2913.37
539264,M MUSCULO-SCELETAL SYSTEM,M01 ANTIINFLAMMATORY AND ANTIRHEUMATIC PRODUCTS,"M01A ANTIINFLAMMATORY AND ANTIRHEUMATIC PRODUCTS, NON-STEROIDS",M01A E Propionic acid derivatives,M01A E01 Ibuprofen,6173,IBUPROFENUM,Oral Liquid Ordinary," oral suspens. 100 mg/5 ml flask 100 ml, with mesaure syringe, #1",100.0,mg,1.0,Oral liquid,ATC3,"M01A ANTIINFLAMMATORY AND ANTIRHEUMATIC PRODUCTS, NON-STEROIDS",0.0,7.7,1232.36,1381.5,293.9
545185,A ALIMENTARY TRACT AND METABOLISM,A02 DRUGS FOR ACID RELATED DISORDERS,A02B DRUGS FOR TREATMENT OF PEPTIC ULCER AND GASTRO-OESOPHAGEAL REFLUX DISEASE,A02B C Proton pump inhibitors,A02B C02 Pantoprazole,21806,PANTOPRAZOLUM,Oral Solid Ordinary," tabs coat.intest.-soluble 40 mg blister, #30",40.0,mg,30.0,Oral solid,No sampled peer,No sampled peer,0.0,12.52,158.75,2624.3,25562.14
666674,N NERVOUS SYSTEM,N02 ANALGESICS,N02B OTHER ANALGESICS AND ANTIPYRETICS,N02B F Gabapentinoids,N02B F02 Pregabalin,32236,PREGABALINUM,Oral Solid Ordinary," caps. solid 75 mg blister, #21",75.0,mg,21.0,Oral solid,ATC3,N02B OTHER ANALGESICS AND ANTIPYRETICS,0.0,49.58,5429.37,6693.55,10065.269999999999
525089,J GENERAL ANTIINFECTIVES FOR SYSTEMIC USE,J01 ANTIBACTERIALS FOR SYSTEMIC USE,J01D OTHER BETA-LACTAM ANTIBACTERIALS,J01D D Third-generation cephalosporins,J01D D04 Ceftriaxone,21539,CEFTRIAXONUM,Parenteral Ordinary," powd.fr-dr., f/sol. f/in. 1 g flask, #1",1.0,g,1.0,Parenteral,No sampled peer,No sampled peer,0.0,15523.25,45630.47000000001,6338.28,2555.57
603691,A ALIMENTARY TRACT AND METABOLISM,A02 DRUGS FOR ACID RELATED DISORDERS,A02B DRUGS FOR TREATMENT OF PEPTIC ULCER AND GASTRO-OESOPHAGEAL REFLUX DISEASE,A02B C Proton pump inhibitors,A02B C02 Pantoprazole,48166,PANTOPRAZOLUM,Oral Solid Ordinary," tablets gastroresistant 20 mg blister, #28",20.0,mg,28.0,Oral solid,No sampled peer,No sampled peer,0.0,0.0,7331.11,11414.24,9085.49
603693,A ALIMENTARY TRACT AND METABOLISM,A02 DRUGS FOR ACID RELATED DISORDERS,A02B DRUGS FOR TREATMENT OF PEPTIC ULCER AND GASTRO-OESOPHAGEAL REFLUX DISEASE,A02B C Proton pump inhibitors,A02B C02 Pantoprazole,48166,PANTOPRAZOLUM,Oral Solid Ordinary," tablets gastroresistant 40 mg blister, #28",40.0,mg,28.0,Oral solid,No sampled peer,No sampled peer,0.0,0.0,19812.029999999995,31094.030000000002,77958.0
142218,C CARDIOVASCULAR SYSTEM,C10 LIPID MODIFYING AGENTS,"C10A LIPID MODIFYING AGENTS, PLAIN",C10A A HMG CoA reductase inhibitors,C10A A07 Rosuvastatin,9998,ROSUVASTATINUM,Oral Solid Ordinary," tabs coated w/film 10 mg blister, #60",10.0,mg,60.0,Oral solid,ATC4,C10A A HMG CoA reductase inhibitors,0.0,0.0,3.65,2.67,3.52
636734,M MUSCULO-SCELETAL SYSTEM,M01 ANTIINFLAMMATORY AND ANTIRHEUMATIC PRODUCTS,"M01A ANTIINFLAMMATORY AND ANTIRHEUMATIC PRODUCTS, NON-STEROIDS",M01A E Propionic acid derivatives,M01A E01 Ibuprofen,48993,IBUPROFENUM,Oral Solid Ordinary," caps. soft 200 mg blister, #10",200.0,mg,10.0,Oral solid,ATC3,"M01A ANTIINFLAMMATORY AND ANTIRHEUMATIC PRODUCTS, NON-STEROIDS",0.0,0.0,47539.850000000006,71397.04000000001,72806.42
702762,M MUSCULO-SCELETAL SYSTEM,M02 TOPICAL PRODUCTS FOR JOINT AND MUSCULAR PAIN,M02A TOPICAL PRODUCTS FOR JOINT AND MUSCULAR PAIN,"M02A A Antiinflammatory preparations, non-steroids for topical use",M02A A15 Diclofenac,34028,DICLOFENACUM,"Topical Dermatological, Haemorrhoidal, External"," gel 5 % tube aluminum 100 g, in a pack",100.0,g,,Topical,ATC4,"M02A A Antiinflammatory preparations, non-steroids for topical use",0.0,0.0,88641.48,125162.23999999999,132019.76
150806,M MUSCULO-SCELETAL SYSTEM,M01 ANTIINFLAMMATORY AND ANTIRHEUMATIC PRODUCTS,"M01A ANTIINFLAMMATORY AND ANTIRHEUMATIC PRODUCTS, NON-STEROIDS",M01A E Propionic acid derivatives,M01A E01 Ibuprofen,30946,IBUPROFENUM,Oral Liquid Ordinary," syrup 100 mg/5 ml flask 100 ml, with mesaure syringe, #1",100.0,mg,1.0,Oral liquid,ATC3,"M01A ANTIINFLAMMATORY AND ANTIRHEUMATIC PRODUCTS, NON-STEROIDS",0.0,0.0,16238.029999999999,34221.61,49283.840000000004
656243,J GENERAL ANTIINFECTIVES FOR SYSTEMIC USE,J01 ANTIBACTERIALS FOR SYSTEMIC USE,J01M QUINOLONE ANTIBACTERIALS,J01M A Fluoroquinolones,J01M A12 Levofloxacin,17413,LEVOFLOXACINUM,Parenteral Ordinary," sol. f/infus. 5 mg/ml cont. 100 ml, #1",5.0,mg,1.0,Parenteral,No sampled peer,No sampled peer,0.0,0.0,38042.200000000004,9738.48,1786.5599999999997
614848,R RESPIRATORY SYSTEM,R05 COUGH AND COLD PREPARATIONS,"R05C EXPECTORANTS, EXCL. COMBINATIONS WITH COUGH SUPRESSANTS",R05C B Mucolytics,R05C B01 Acetylcysteine,3638,ACETYLCYSTEINUM,Oral Solid Ordinary," tab. sparkling 600 mg tube, #10",600.0,mg,10.0,Oral solid,ATC4,R05C B Mucolytics,0.0,0.0,42751.8,92547.82,74846.62999999999
596396,R RESPIRATORY SYSTEM,R05 COUGH AND COLD PREPARATIONS,"R05C EXPECTORANTS, EXCL. COMBINATIONS WITH COUGH SUPRESSANTS",R05C B Mucolytics,R05C B01 Acetylcysteine,3638,ACETYLCYSTEINUM,Oral Solid Ordinary," tab. sparkling 200 mg tube, #20",200.0,mg,20.0,Oral solid,ATC4,R05C B Mucolytics,0.0,0.0,27069.6,41010.86,48383.71
636736,M MUSCULO-SCELETAL SYSTEM,M01 ANTIINFLAMMATORY AND ANTIRHEUMATIC PRODUCTS,"M01A ANTIINFLAMMATORY AND ANTIRHEUMATIC PRODUCTS, NON-STEROIDS",M01A E Propionic acid derivatives,M01A E01 Ibuprofen,48993,IBUPROFENUM,Oral Solid Ordinary," caps. soft 400 mg blister, #10",400.0,mg,10.0,Oral solid,ATC3,"M01A ANTIINFLAMMATORY AND ANTIRHEUMATIC PRODUCTS, NON-STEROIDS",0.0,0.0,74627.38,237213.37,249542.43
676703,B BLOOD AND BLOOD FORMING ORGANS,B01 ANTITHROMBOTIC AGENTS,B01A ANTITHROMBOTIC AGENTS,B01A C Platelet aggregation inhibitors excl. heparin,B01A C06 Acetylsalicylic acid,542,ACIDUM ACETYLSALICYLICUM*,Oral Solid Ordinary," tabs intest. solub. 75 mg blister, #30",75.0,mg,30.0,Oral solid,No sampled peer,No sampled peer,0.0,0.0,168249.84000000003,414013.13,475334.48
676706,B BLOOD AND BLOOD FORMING ORGANS,B01 ANTITHROMBOTIC AGENTS,B01A ANTITHROMBOTIC AGENTS,B01A C Platelet aggregation inhibitors excl. heparin,B01A C06 Acetylsalicylic acid,542,ACIDUM ACETYLSALICYLICUM*,Oral Solid Ordinary," tabs intest. solub. 100 mg blister, #30",100.0,mg,30.0,Oral solid,No sampled peer,No sampled peer,0.0,0.0,22389.339999999997,126669.06999999999,62535.420000000006
622883,C CARDIOVASCULAR SYSTEM,C08 CALCIUM CHANNEL BLOCKERS,C08C SELECTIVE CALCIUM CHANNEL BLOCKERS WITH MAINLY VASCULAR EFFECTS,C08C A Dihydropyridine derivatives,C08C A01 Amlodipine,15047,AMLODIPINUM,Oral Solid Ordinary," tabs 10 mg blister, #60",10.0,mg,60.0,Oral solid,No sampled peer,No sampled peer,0.0,0.0,2748.78,8706.56,4425.32
525102,R RESPIRATORY SYSTEM,R05 COUGH AND COLD PREPARATIONS,"R05C EXPECTORANTS, EXCL. COMBINATIONS WITH COUGH SUPRESSANTS",R05C B Mucolytics,R05C B01 Acetylcysteine,45790,ACETYLCYSTEINUM,Oral Solid Ordinary," tab. sparkling 200 mg strip, #20",200.0,mg,20.0,Oral solid,ATC4,R05C B Mucolytics,0.0,0.0,1407.7199999999998,1288.7999999999997,538.3299999999999
630862,M MUSCULO-SCELETAL SYSTEM,M01 ANTIINFLAMMATORY AND ANTIRHEUMATIC PRODUCTS,"M01A ANTIINFLAMMATORY AND ANTIRHEUMATIC PRODUCTS, NON-STEROIDS",M01A E Propionic acid derivatives,M01A E01 Ibuprofen,39013,IBUPROFENUM,Oral Solid Ordinary," tabs coated w/film 400 mg blister, #10",400.0,mg,10.0,Oral solid,ATC3,"M01A ANTIINFLAMMATORY AND ANTIRHEUMATIC PRODUCTS, NON-STEROIDS",0.0,0.0,1128.9699999999998,4157.68,6826.31
504272,J GENERAL ANTIINFECTIVES FOR SYSTEMIC USE,J02 ANTIMYCOTICS FOR SYSTEMIC USE,J02A ANTIMYCOTICS FOR SYSTEMIC USE,J02A C Triazole and tetrazole derivatives,J02A C01 Fluconazole,49884,FLUCONAZOLUM,Parenteral Ordinary," sol. f/infus. 2 mg/ml PET cont. 100 ml, #1",2.0,mg,1.0,Parenteral,No sampled peer,No sampled peer,0.0,0.0,419.67,145.97,812.2800000000001
485810,J GENERAL ANTIINFECTIVES FOR SYSTEMIC USE,J01 ANTIBACTERIALS FOR SYSTEMIC USE,J01D OTHER BETA-LACTAM ANTIBACTERIALS,J01D D Third-generation cephalosporins,J01D D04 Ceftriaxone,17414,CEFTRIAXONUM,Parenteral Ordinary," powd.fr-dr., f/sol. f/in. 2000 mg flask, #1",2000.0,mg,1.0,Parenteral,No sampled peer,No sampled peer,0.0,0.0,9469.95,5572.600000000001,1466.78
485804,J GENERAL ANTIINFECTIVES FOR SYSTEMIC USE,J01 ANTIBACTERIALS FOR SYSTEMIC USE,J01D OTHER BETA-LACTAM ANTIBACTERIALS,J01D D Third-generation cephalosporins,J01D D04 Ceftriaxone,17414,CEFTRIAXONUM,Parenteral Ordinary," powd.fr-dr., f/sol. f/in. 1000 mg flask, #1",1000.0,mg,1.0,Parenteral,No sampled peer,No sampled peer,0.0,0.0,32750.73,16292.970000000001,12.24
182539,N NERVOUS SYSTEM,N02 ANALGESICS,N02B OTHER ANALGESICS AND ANTIPYRETICS,N02B A Salicylic acid and derivatives,N02B A01 Acetylsalicylic acid,19943,ACIDUM ACETYLSALICYLICUM*,Oral Solid Ordinary," tabs 0,5 g blister, in a pack, #100",0.5,g,100.0,Oral solid,ATC3,N02B OTHER ANALGESICS AND ANTIPYRETICS,0.0,0.0,1412.01,3496.81,13983.130000000003
662935,C CARDIOVASCULAR SYSTEM,C10 LIPID MODIFYING AGENTS,"C10A LIPID MODIFYING AGENTS, PLAIN",C10A A HMG CoA reductase inhibitors,C10A A07 Rosuvastatin,33901,ROSUVASTATINUM,Oral Solid Ordinary," tabs coated w/film 10 mg cont. cell pack, #30",10.0,mg,30.0,Oral solid,ATC4,C10A A HMG CoA reductase inhibitors,0.0,0.0,10339.11,41837.66,150007.01
630864,M MUSCULO-SCELETAL SYSTEM,M01 ANTIINFLAMMATORY AND ANTIRHEUMATIC PRODUCTS,"M01A ANTIINFLAMMATORY AND ANTIRHEUMATIC PRODUCTS, NON-STEROIDS",M01A E Propionic acid derivatives,M01A E01 Ibuprofen,39013,IBUPROFENUM,Oral Solid Ordinary," tabs coated w/film 400 mg blister, #50",400.0,mg,50.0,Oral solid,ATC3,"M01A ANTIINFLAMMATORY AND ANTIRHEUMATIC PRODUCTS, NON-STEROIDS",0.0,0.0,3101.8999999999996,14305.220000000001,39123.780000000006
630863,M MUSCULO-SCELETAL SYSTEM,M01 ANTIINFLAMMATORY AND ANTIRHEUMATIC PRODUCTS,"M01A ANTIINFLAMMATORY AND ANTIRHEUMATIC PRODUCTS, NON-STEROIDS",M01A E Propionic acid derivatives,M01A E01 Ibuprofen,39013,IBUPROFENUM,Oral Solid Ordinary," tabs coated w/film 400 mg blister, #20",400.0,mg,20.0,Oral solid,ATC3,"M01A ANTIINFLAMMATORY AND ANTIRHEUMATIC PRODUCTS, NON-STEROIDS",0.0,0.0,2399.1,7402.67,50093.95999999999
538775,M MUSCULO-SCELETAL SYSTEM,M01 ANTIINFLAMMATORY AND ANTIRHEUMATIC PRODUCTS,"M01A ANTIINFLAMMATORY AND ANTIRHEUMATIC PRODUCTS, NON-STEROIDS",M01A C Oxicams,M01A C06 Meloxicam,25745,MELOXICAMUM,Parenteral Ordinary," sol.  for inj. 10 mg/ml amp. 1,5 ml, #5",10.0,mg,5.0,Parenteral,ATC3,"M01A ANTIINFLAMMATORY AND ANTIRHEUMATIC PRODUCTS, NON-STEROIDS",0.0,0.0,18146.22,13423.91,19939.979999999996
667843,R RESPIRATORY SYSTEM,R05 COUGH AND COLD PREPARATIONS,"R05C EXPECTORANTS, EXCL. COMBINATIONS WITH COUGH SUPRESSANTS",R05C B Mucolytics,R05C B01 Acetylcysteine,14398,ACETYLCYSTEINUM,Oral Liquid Ordinary," powder f/oral solution 600 mg sachet 3 g, #10",600.0,mg,10.0,Oral liquid,ATC4,R05C B Mucolytics,0.0,0.0,6878.49,12948.49,17483.86
706042,C CARDIOVASCULAR SYSTEM,C10 LIPID MODIFYING AGENTS,"C10A LIPID MODIFYING AGENTS, PLAIN",C10A A HMG CoA reductase inhibitors,C10A A07 Rosuvastatin,33901,ROSUVASTATINUM,Oral Solid Ordinary," tabs coated w/film 20 mg blister, #30",20.0,mg,30.0,Oral solid,ATC4,C10A A HMG CoA reductase inhibitors,0.0,0.0,3765.4199999999996,2928.5100000000007,0.0
622876,C CARDIOVASCULAR SYSTEM,C08 CALCIUM CHANNEL BLOCKERS,C08C SELECTIVE CALCIUM CHANNEL BLOCKERS WITH MAINLY VASCULAR EFFECTS,C08C A Dihydropyridine derivatives,C08C A01 Amlodipine,15047,AMLODIPINUM,Oral Solid Ordinary," tabs 5 mg blister, #60",5.0,mg,60.0,Oral solid,No sampled peer,No sampled peer,0.0,0.0,1517.29,5137.21,3607.7799999999997
618224,N NERVOUS SYSTEM,N02 ANALGESICS,N02B OTHER ANALGESICS AND ANTIPYRETICS,N02B F Gabapentinoids,N02B F02 Pregabalin,37555,PREGABALINUM,Oral Solid Ordinary," caps. solid 300 mg blister, #56",300.0,mg,56.0,Oral solid,ATC3,N02B OTHER ANALGESICS AND ANTIPYRETICS,0.0,0.0,353.37,593.56,852.5900000000001
650512,M MUSCULO-SCELETAL SYSTEM,M01 ANTIINFLAMMATORY AND ANTIRHEUMATIC PRODUCTS,"M01A ANTIINFLAMMATORY AND ANTIRHEUMATIC PRODUCTS, NON-STEROIDS",M01A E Propionic acid derivatives,M01A E01 Ibuprofen,30946,IBUPROFENUM,Oral Solid Ordinary," caps. soft 400 mg blister, #10",400.0,mg,10.0,Oral solid,ATC3,"M01A ANTIINFLAMMATORY AND ANTIRHEUMATIC PRODUCTS, NON-STEROIDS",0.0,0.0,55560.85,168704.75,195703.34999999998
662938,C CARDIOVASCULAR SYSTEM,C10 LIPID MODIFYING AGENTS,"C10A LIPID MODIFYING AGENTS, PLAIN",C10A A HMG CoA reductase inhibitors,C10A A07 Rosuvastatin,33901,ROSUVASTATINUM,Oral Solid Ordinary," tabs coated w/film 20 mg cont. cell pack, #30",20.0,mg,30.0,Oral solid,ATC4,C10A A HMG CoA reductase inhibitors,0.0,0.0,11475.98,32850.130000000005,123633.87
525105,R RESPIRATORY SYSTEM,R05 COUGH AND COLD PREPARATIONS,"R05C EXPECTORANTS, EXCL. COMBINATIONS WITH COUGH SUPRESSANTS",R05C B Mucolytics,R05C B01 Acetylcysteine,45790,ACETYLCYSTEINUM,Oral Solid Ordinary," tab. sparkling 600 mg strip, #10",600.0,mg,10.0,Oral solid,ATC4,R05C B Mucolytics,0.0,0.0,2393.56,3013.27,1424.2399999999998
618220,N NERVOUS SYSTEM,N02 ANALGESICS,N02B OTHER ANALGESICS AND ANTIPYRETICS,N02B F Gabapentinoids,N02B F02 Pregabalin,37555,PREGABALINUM,Oral Solid Ordinary," caps. solid 150 mg blister, #56",150.0,mg,56.0,Oral solid,ATC3,N02B OTHER ANALGESICS AND ANTIPYRETICS,0.0,0.0,633.3400000000001,1721.17,2080.2799999999997
618218,N NERVOUS SYSTEM,N02 ANALGESICS,N02B OTHER ANALGESICS AND ANTIPYRETICS,N02B F Gabapentinoids,N02B F02 Pregabalin,37555,PREGABALINUM,Oral Solid Ordinary," caps. solid 75 mg blister, #56",75.0,mg,56.0,Oral solid,ATC3,N02B OTHER ANALGESICS AND ANTIPYRETICS,0.0,0.0,5259.3,12415.57,18447.59
562014,J GENERAL ANTIINFECTIVES FOR SYSTEMIC USE,J01 ANTIBACTERIALS FOR SYSTEMIC USE,"J01F MACROLIDES, LINCOSAMIDES AND STREPTOGRAMINS",J01F A Macrolides,J01F A10 Azithromycin,33346,AZITHROMYCINUM,Oral Solid Ordinary," tabs coated w/film 500 mg blister, #3",500.0,mg,3.0,Oral solid,No sampled peer,No sampled peer,0.0,0.0,12461.13,68789.13,146422.94
716756,M MUSCULO-SCELETAL SYSTEM,M01 ANTIINFLAMMATORY AND ANTIRHEUMATIC PRODUCTS,"M01A ANTIINFLAMMATORY AND ANTIRHEUMATIC PRODUCTS, NON-STEROIDS",M01A E Propionic acid derivatives,M01A E01 Ibuprofen,39013,IBUPROFENUM,Oral Solid Ordinary," caps. 400 mg blister, #20",400.0,mg,20.0,Oral solid,ATC3,"M01A ANTIINFLAMMATORY AND ANTIRHEUMATIC PRODUCTS, NON-STEROIDS",0.0,0.0,1093.4,4556.3099999999995,19128.32
716751,M MUSCULO-SCELETAL SYSTEM,M01 ANTIINFLAMMATORY AND ANTIRHEUMATIC PRODUCTS,"M01A ANTIINFLAMMATORY AND ANTIRHEUMATIC PRODUCTS, NON-STEROIDS",M01A E Propionic acid derivatives,M01A E01 Ibuprofen,39013,IBUPROFENUM,Oral Solid Ordinary," caps. 200 mg blister, #10",200.0,mg,10.0,Oral solid,ATC3,"M01A ANTIINFLAMMATORY AND ANTIRHEUMATIC PRODUCTS, NON-STEROIDS",0.0,0.0,123.54,485.1499999999999,162.31000000000003
706039,C CARDIOVASCULAR SYSTEM,C10 LIPID MODIFYING AGENTS,"C10A LIPID MODIFYING AGENTS, PLAIN",C10A A HMG CoA reductase inhibitors,C10A A07 Rosuvastatin,33901,ROSUVASTATINUM,Oral Solid Ordinary," tabs coated w/film 10 mg blister, #30",10.0,mg,30.0,Oral solid,ATC4,C10A A HMG CoA reductase inhibitors,0.0,0.0,3307.71,2286.66,0.0
675547,J GENERAL ANTIINFECTIVES FOR SYSTEMIC USE,J01 ANTIBACTERIALS FOR SYSTEMIC USE,J01M QUINOLONE ANTIBACTERIALS,J01M A Fluoroquinolones,J01M A12 Levofloxacin,43901,LEVOFLOXACINUM,Oral Solid Ordinary," tablets coated 500 mg, #10",500.0,mg,10.0,Oral solid,No sampled peer,No sampled peer,0.0,0.0,26089.4,32422.990000000005,3283.65
684691,M MUSCULO-SCELETAL SYSTEM,M01 ANTIINFLAMMATORY AND ANTIRHEUMATIC PRODUCTS,"M01A ANTIINFLAMMATORY AND ANTIRHEUMATIC PRODUCTS, NON-STEROIDS",M01A E Propionic acid derivatives,M01A E01 Ibuprofen,30946,IBUPROFENUM,Oral Solid Retard," tabs prolong act, coat.w/film 800 mg blister, #14",800.0,mg,14.0,Oral solid,ATC3,"M01A ANTIINFLAMMATORY AND ANTIRHEUMATIC PRODUCTS, NON-STEROIDS",0.0,0.0,5971.070000000001,28475.0,74547.45
316559,D DERMATOLOGICAL,D11 OTHER DERMATOLOGICAL PREPARATIONS,D11A OTHER DERMATOLOGICAL PREPARATIONS,D11A X Other dermatologicals,D11A X18 Diclofenac,26652,DICLOFENACUM,"Topical Dermatological, Haemorrhoidal, External"," transderm. plaster 30 mg bag, #2",30.0,mg,2.0,Topical,No sampled peer,No sampled peer,0.0,0.0,3148.35,0.0,0.0
182538,N NERVOUS SYSTEM,N02 ANALGESICS,N02B OTHER ANALGESICS AND ANTIPYRETICS,N02B A Salicylic acid and derivatives,N02B A01 Acetylsalicylic acid,19943,ACIDUM ACETYLSALICYLICUM*,Oral Solid Ordinary," tabs 0,5 g blister, in a pack, #20",0.5,g,20.0,Oral solid,ATC3,N02B OTHER ANALGESICS AND ANTIPYRETICS,0.0,0.0,20096.460000000003,16913.0,16428.920000000002
-52065,R RESPIRATORY SYSTEM,R05 COUGH AND COLD PREPARATIONS,"R05C EXPECTORANTS, EXCL. COMBINATIONS WITH COUGH SUPRESSANTS",R05C B Mucolytics,R05C B06 Ambroxol,21463,AMBROXOLUM,Oral Solid Ordinary," tabs 30 mg blister, #20",30.0,mg,20.0,Oral solid,ATC4,R05C B Mucolytics,0.0,0.0,318398.54000000004,328916.87000000005,296491.32999999996
-54300,J GENERAL ANTIINFECTIVES FOR SYSTEMIC USE,J02 ANTIMYCOTICS FOR SYSTEMIC USE,J02A ANTIMYCOTICS FOR SYSTEMIC USE,J02A C Triazole and tetrazole derivatives,J02A C01 Fluconazole,49884,FLUCONAZOLUM,Oral Solid Ordinary," caps. 150 mg blister in box, #1",150.0,mg,1.0,Oral solid,No sampled peer,No sampled peer,0.0,0.0,414702.93999999994,482703.39,468012.00000000006
723474,J GENERAL ANTIINFECTIVES FOR SYSTEMIC USE,J01 ANTIBACTERIALS FOR SYSTEMIC USE,J01M QUINOLONE ANTIBACTERIALS,J01M A Fluoroquinolones,J01M A12 Levofloxacin,17413,LEVOFLOXACINUM,Parenteral Ordinary," sol. f/infus. 5 mg/ml cont. 100 ml, #24",5.0,mg,24.0,Parenteral,No sampled peer,No sampled peer,0.0,0.0,298.5,84.08000000000003,14.559999999999999
539353,J GENERAL ANTIINFECTIVES FOR SYSTEMIC USE,J02 ANTIMYCOTICS FOR SYSTEMIC USE,J02A ANTIMYCOTICS FOR SYSTEMIC USE,J02A C Triazole and tetrazole derivatives,J02A C01 Fluconazole,36007,FLUCONAZOLUM,Oral Solid Ordinary," caps. solid 150 mg blister, #1",150.0,mg,1.0,Oral solid,No sampled peer,No sampled peer,0.0,0.0,19976.38,39759.84,47418.16
716755,M MUSCULO-SCELETAL SYSTEM,M01 ANTIINFLAMMATORY AND ANTIRHEUMATIC PRODUCTS,"M01A ANTIINFLAMMATORY AND ANTIRHEUMATIC PRODUCTS, NON-STEROIDS",M01A E Propionic acid derivatives,M01A E01 Ibuprofen,39013,IBUPROFENUM,Oral Solid Ordinary," caps. 400 mg blister, #10",400.0,mg,10.0,Oral solid,ATC3,"M01A ANTIINFLAMMATORY AND ANTIRHEUMATIC PRODUCTS, NON-STEROIDS",0.0,0.0,216.26000000000002,2611.37,929.13
699994,J GENERAL ANTIINFECTIVES FOR SYSTEMIC USE,J01 ANTIBACTERIALS FOR SYSTEMIC USE,J01D OTHER BETA-LACTAM ANTIBACTERIALS,J01D D Third-generation cephalosporins,J01D D04 Ceftriaxone,21539,CEFTRIAXONUM,Parenteral Ordinary," powd.fr-dr., f/sol. f/in. 0,5 g flask, #1",0.5,g,1.0,Parenteral,No sampled peer,No sampled peer,0.0,0.0,99.47,139.20999999999998,12.02
716896,J GENERAL ANTIINFECTIVES FOR SYSTEMIC USE,J01 ANTIBACTERIALS FOR SYSTEMIC USE,J01D OTHER BETA-LACTAM ANTIBACTERIALS,J01D D Third-generation cephalosporins,J01D D04 Ceftriaxone,21539,CEFTRIAXONUM,Parenteral Ordinary," powd.fr-dr., f/sol. f/in. 1 g flask, #10",1.0,g,10.0,Parenteral,No sampled peer,No sampled peer,0.0,0.0,6967.4800000000005,15263.46,12549.920000000002
167895,J GENERAL ANTIINFECTIVES FOR SYSTEMIC USE,J01 ANTIBACTERIALS FOR SYSTEMIC USE,"J01F MACROLIDES, LINCOSAMIDES AND STREPTOGRAMINS",J01F A Macrolides,J01F A10 Azithromycin,41973,AZITHROMYCINUM,Oral Solid Ordinary," caps. 250 mg cont., #10",250.0,mg,10.0,Oral solid,No sampled peer,No sampled peer,0.0,0.0,2016.6599999999999,3012.4400000000005,307.54
706026,J GENERAL ANTIINFECTIVES FOR SYSTEMIC USE,J01 ANTIBACTERIALS FOR SYSTEMIC USE,J01M QUINOLONE ANTIBACTERIALS,J01M A Fluoroquinolones,J01M A12 Levofloxacin,17568,LEVOFLOXACINUM,Oral Solid Ordinary," tabs coated w/film 500 mg blister, #5",500.0,mg,5.0,Oral solid,No sampled peer,No sampled peer,0.0,0.0,25429.42,8674.140000000001,25280.51
596761,C CARDIOVASCULAR SYSTEM,C10 LIPID MODIFYING AGENTS,"C10A LIPID MODIFYING AGENTS, PLAIN",C10A A HMG CoA reductase inhibitors,C10A A07 Rosuvastatin,7835,ROSUVASTATINUM,Oral Solid Ordinary," tabs coated w/film 20 mg blister, #30",20.0,mg,30.0,Oral solid,ATC4,C10A A HMG CoA reductase inhibitors,0.0,0.0,3567.23,9655.37,22800.93
690686,N NERVOUS SYSTEM,N02 ANALGESICS,N02B OTHER ANALGESICS AND ANTIPYRETICS,N02B A Salicylic acid and derivatives,N02B A01 Acetylsalicylic acid,19943,ACIDUM ACETYLSALICYLICUM*,Oral Solid Ordinary," tabs 500 mg blister, #100",500.0,mg,100.0,Oral solid,ATC3,N02B OTHER ANALGESICS AND ANTIPYRETICS,0.0,0.0,7072.18,17885.920000000002,23984.36
608083,C CARDIOVASCULAR SYSTEM,C10 LIPID MODIFYING AGENTS,"C10A LIPID MODIFYING AGENTS, PLAIN",C10A A HMG CoA reductase inhibitors,C10A A07 Rosuvastatin,6844,ROSUVASTATINUM,Oral Solid Ordinary," tabs coated w/film 20 mg blister, #30",20.0,mg,30.0,Oral solid,ATC4,C10A A HMG CoA reductase inhibitors,0.0,0.0,626.0600000000001,5694.3,7415.469999999999
605459,M MUSCULO-SCELETAL SYSTEM,M01 ANTIINFLAMMATORY AND ANTIRHEUMATIC PRODUCTS,"M01A ANTIINFLAMMATORY AND ANTIRHEUMATIC PRODUCTS, NON-STEROIDS",M01A E Propionic acid derivatives,M01A E01 Ibuprofen,16252,IBUPROFENUM,Oral Solid Ordinary," caps. soft 200 mg blister, #10",200.0,mg,10.0,Oral solid,ATC3,"M01A ANTIINFLAMMATORY AND ANTIRHEUMATIC PRODUCTS, NON-STEROIDS",0.0,0.0,5291.790000000001,36098.50000000001,43418.09
630200,A ALIMENTARY TRACT AND METABOLISM,A10 DRUGS USED IN DIABETS,"A10B BLOOD GLUCOSE LOWERING DRUGS, EXCL. INSULINS",A10B A Biguanides,A10B A02 Metformin,26172,METFORMINUM,Oral Solid Ordinary," tabs coated w/film 850 mg blister, #60",850.0,mg,60.0,Oral solid,No sampled peer,No sampled peer,0.0,0.0,1663.1399999999999,34850.270000000004,56381.880000000005
630202,A ALIMENTARY TRACT AND METABOLISM,A10 DRUGS USED IN DIABETS,"A10B BLOOD GLUCOSE LOWERING DRUGS, EXCL. INSULINS",A10B A Biguanides,A10B A02 Metformin,26172,METFORMINUM,Oral Solid Ordinary," tabs coated w/film 1000 mg blister, #30",1000.0,mg,30.0,Oral solid,No sampled peer,No sampled peer,0.0,0.0,2960.41,31610.55,28082.809999999998
714764,M MUSCULO-SCELETAL SYSTEM,M01 ANTIINFLAMMATORY AND ANTIRHEUMATIC PRODUCTS,"M01A ANTIINFLAMMATORY AND ANTIRHEUMATIC PRODUCTS, NON-STEROIDS",M01A E Propionic acid derivatives,M01A E01 Ibuprofen,39013,IBUPROFENUM,Oral Liquid Ordinary," oral suspens. 100 mg/5 ml flask 100 ml, #1",100.0,mg,1.0,Oral liquid,ATC3,"M01A ANTIINFLAMMATORY AND ANTIRHEUMATIC PRODUCTS, NON-STEROIDS",0.0,0.0,180.39999999999998,3358.08,3105.0499999999997
608081,C CARDIOVASCULAR SYSTEM,C10 LIPID MODIFYING AGENTS,"C10A LIPID MODIFYING AGENTS, PLAIN",C10A A HMG CoA reductase inhibitors,C10A A07 Rosuvastatin,6844,ROSUVASTATINUM,Oral Solid Ordinary," tabs coated w/film 10 mg blister, #30",10.0,mg,30.0,Oral solid,ATC4,C10A A HMG CoA reductase inhibitors,0.0,0.0,526.35,4912.37,6042.13
615481,G GENITO URINARY SYSTEM AND SEX HORMONES,G04 UROLOGICALS,G04B UROLOGICALS,G04B E Drugs used in erectile dysfunction,G04B E03 Sildenafilum,43370,SILDENAFILUM,Oral Solid Ordinary," tabs coated w/film 50 mg blister, #1",50.0,mg,1.0,Oral solid,No sampled peer,No sampled peer,0.0,0.0,1038.48,1851.7700000000002,658.7199999999999
601926,A ALIMENTARY TRACT AND METABOLISM,A02 DRUGS FOR ACID RELATED DISORDERS,A02B DRUGS FOR TREATMENT OF PEPTIC ULCER AND GASTRO-OESOPHAGEAL REFLUX DISEASE,A02B C Proton pump inhibitors,A02B C02 Pantoprazole,26793,PANTOPRAZOLUM,Oral Solid Ordinary," tabs coat.intest.-soluble 40 mg blister, #30",40.0,mg,30.0,Oral solid,No sampled peer,No sampled peer,0.0,0.0,291.52,12380.47,109491.9
615488,G GENITO URINARY SYSTEM AND SEX HORMONES,G04 UROLOGICALS,G04B UROLOGICALS,G04B E Drugs used in erectile dysfunction,G04B E03 Sildenafilum,43370,SILDENAFILUM,Oral Solid Ordinary," tabs coated w/film 100 mg blister, #4",100.0,mg,4.0,Oral solid,No sampled peer,No sampled peer,0.0,0.0,1450.09,2924.0099999999998,1763.58
606191,M MUSCULO-SCELETAL SYSTEM,M01 ANTIINFLAMMATORY AND ANTIRHEUMATIC PRODUCTS,"M01A ANTIINFLAMMATORY AND ANTIRHEUMATIC PRODUCTS, NON-STEROIDS",M01A E Propionic acid derivatives,M01A E01 Ibuprofen,16593,IBUPROFENUM,Oral Liquid Ordinary," oral suspens. 100 mg/5 ml flask 200 ml, complete with a dosing syringe, #1",100.0,mg,1.0,Oral liquid,ATC3,"M01A ANTIINFLAMMATORY AND ANTIRHEUMATIC PRODUCTS, NON-STEROIDS",0.0,0.0,634.0,11798.02,23686.760000000002
615485,G GENITO URINARY SYSTEM AND SEX HORMONES,G04 UROLOGICALS,G04B UROLOGICALS,G04B E Drugs used in erectile dysfunction,G04B E03 Sildenafilum,43370,SILDENAFILUM,Oral Solid Ordinary," tabs coated w/film 50 mg blister, #4",50.0,mg,4.0,Oral solid,No sampled peer,No sampled peer,0.0,0.0,1652.67,2686.47,1250.3999999999996
608077,C CARDIOVASCULAR SYSTEM,C10 LIPID MODIFYING AGENTS,"C10A LIPID MODIFYING AGENTS, PLAIN",C10A A HMG CoA reductase inhibitors,C10A A07 Rosuvastatin,6844,ROSUVASTATINUM,Oral Solid Ordinary," tabs coated w/film 40 mg blister, #30",40.0,mg,30.0,Oral solid,ATC4,C10A A HMG CoA reductase inhibitors,0.0,0.0,46.21,845.5799999999999,2737.9799999999996
736224,A ALIMENTARY TRACT AND METABOLISM,A10 DRUGS USED IN DIABETS,"A10B BLOOD GLUCOSE LOWERING DRUGS, EXCL. INSULINS",A10B A Biguanides,A10B A02 Metformin,39461,METFORMINUM,Oral Solid Ordinary," tabs coated w/film 500 mg blister, #60",500.0,mg,60.0,Oral solid,No sampled peer,No sampled peer,0.0,0.0,906.73,49414.219999999994,74678.74
736229,A ALIMENTARY TRACT AND METABOLISM,A10 DRUGS USED IN DIABETS,"A10B BLOOD GLUCOSE LOWERING DRUGS, EXCL. INSULINS",A10B A Biguanides,A10B A02 Metformin,39461,METFORMINUM,Oral Solid Ordinary," tabs coated w/film 850 mg blister, #60",850.0,mg,60.0,Oral solid,No sampled peer,No sampled peer,0.0,0.0,431.8,38513.10999999999,66714.04
736234,A ALIMENTARY TRACT AND METABOLISM,A10 DRUGS USED IN DIABETS,"A10B BLOOD GLUCOSE LOWERING DRUGS, EXCL. INSULINS",A10B A Biguanides,A10B A02 Metformin,39461,METFORMINUM,Oral Solid Ordinary," tabs coated w/film 1000 mg blister, #60",1000.0,mg,60.0,Oral solid,No sampled peer,No sampled peer,0.0,0.0,627.83,47792.66,148426.63
586548,M MUSCULO-SCELETAL SYSTEM,M01 ANTIINFLAMMATORY AND ANTIRHEUMATIC PRODUCTS,"M01A ANTIINFLAMMATORY AND ANTIRHEUMATIC PRODUCTS, NON-STEROIDS",M01A E Propionic acid derivatives,M01A E01 Ibuprofen,16252,IBUPROFENUM,Oral Solid Ordinary," caps. soft 400 mg blister, #20",400.0,mg,20.0,Oral solid,ATC3,"M01A ANTIINFLAMMATORY AND ANTIRHEUMATIC PRODUCTS, NON-STEROIDS",0.0,0.0,5292.5599999999995,51528.32,135320.59
654699,A ALIMENTARY TRACT AND METABOLISM,A10 DRUGS USED IN DIABETS,"A10B BLOOD GLUCOSE LOWERING DRUGS, EXCL. INSULINS",A10B A Biguanides,A10B A02 Metformin,26172,METFORMINUM,Oral Solid Retard," tabs, prolong. action 1000 mg blister, #30",1000.0,mg,30.0,Oral solid,No sampled peer,No sampled peer,0.0,0.0,1058.76,11357.22,83724.21000000002
-702760,M MUSCULO-SCELETAL SYSTEM,M02 TOPICAL PRODUCTS FOR JOINT AND MUSCULAR PAIN,M02A TOPICAL PRODUCTS FOR JOINT AND MUSCULAR PAIN,"M02A A Antiinflammatory preparations, non-steroids for topical use",M02A A15 Diclofenac,34028,DICLOFENACUM,"Topical Dermatological, Haemorrhoidal, External"," gel 5 % tube aluminum 50 g, in a pack",50.0,g,,Topical,ATC4,"M02A A Antiinflammatory preparations, non-steroids for topical use",0.0,0.0,34555.939999999995,214156.64,350997.88999999996
736219,C CARDIOVASCULAR SYSTEM,C10 LIPID MODIFYING AGENTS,"C10A LIPID MODIFYING AGENTS, PLAIN",C10A A HMG CoA reductase inhibitors,C10A A07 Rosuvastatin,46856,ROSUVASTATINUM,Oral Solid Ordinary," tabs coated w/film 10 mg blister, #90",10.0,mg,90.0,Oral solid,ATC4,C10A A HMG CoA reductase inhibitors,0.0,0.0,2527.06,12310.16,18855.35
736220,C CARDIOVASCULAR SYSTEM,C10 LIPID MODIFYING AGENTS,"C10A LIPID MODIFYING AGENTS, PLAIN",C10A A HMG CoA reductase inhibitors,C10A A07 Rosuvastatin,46856,ROSUVASTATINUM,Oral Solid Ordinary," tabs coated w/film 20 mg blister, #90",20.0,mg,90.0,Oral solid,ATC4,C10A A HMG CoA reductase inhibitors,0.0,0.0,2688.7,12100.35,23013.39
586547,M MUSCULO-SCELETAL SYSTEM,M01 ANTIINFLAMMATORY AND ANTIRHEUMATIC PRODUCTS,"M01A ANTIINFLAMMATORY AND ANTIRHEUMATIC PRODUCTS, NON-STEROIDS",M01A E Propionic acid derivatives,M01A E01 Ibuprofen,16252,IBUPROFENUM,Oral Solid Ordinary," caps. soft 400 mg blister, #10",400.0,mg,10.0,Oral solid,ATC3,"M01A ANTIINFLAMMATORY AND ANTIRHEUMATIC PRODUCTS, NON-STEROIDS",0.0,0.0,13779.27,114154.18999999999,260669.19000000003
633008,G GENITO URINARY SYSTEM AND SEX HORMONES,G04 UROLOGICALS,G04B UROLOGICALS,G04B E Drugs used in erectile dysfunction,G04B E03 Sildenafilum,37942,SILDENAFILUM,Oral Solid Ordinary," tabs coated w/film 50 mg blister, cardboard pack, #4",50.0,mg,4.0,Oral solid,No sampled peer,No sampled peer,0.0,0.0,397.38,5655.950000000001,10643.11
633006,G GENITO URINARY SYSTEM AND SEX HORMONES,G04 UROLOGICALS,G04B UROLOGICALS,G04B E Drugs used in erectile dysfunction,G04B E03 Sildenafilum,37942,SILDENAFILUM,Oral Solid Ordinary," tabs coated w/film 100 mg blister, cardboard pack, #4",100.0,mg,4.0,Oral solid,No sampled peer,No sampled peer,0.0,0.0,459.21000000000004,7443.529999999999,15209.169999999998
676533,C CARDIOVASCULAR SYSTEM,C10 LIPID MODIFYING AGENTS,"C10A LIPID MODIFYING AGENTS, PLAIN",C10A A HMG CoA reductase inhibitors,C10A A07 Rosuvastatin,33195,ROSUVASTATINUM,Oral Solid Ordinary," tabs coated w/film 10 mg blister, #30",10.0,mg,30.0,Oral solid,ATC4,C10A A HMG CoA reductase inhibitors,0.0,0.0,6635.52,38852.39000000001,96517.62999999999
606192,M MUSCULO-SCELETAL SYSTEM,M01 ANTIINFLAMMATORY AND ANTIRHEUMATIC PRODUCTS,"M01A ANTIINFLAMMATORY AND ANTIRHEUMATIC PRODUCTS, NON-STEROIDS",M01A E Propionic acid derivatives,M01A E01 Ibuprofen,16593,IBUPROFENUM,Oral Liquid Ordinary," oral suspens. 200 mg/5 ml flask 100 ml, complete with a dosing syringe, #1",200.0,mg,1.0,Oral liquid,ATC3,"M01A ANTIINFLAMMATORY AND ANTIRHEUMATIC PRODUCTS, NON-STEROIDS",0.0,0.0,1997.37,32584.280000000006,101628.23999999999
676535,C CARDIOVASCULAR SYSTEM,C10 LIPID MODIFYING AGENTS,"C10A LIPID MODIFYING AGENTS, PLAIN",C10A A HMG CoA reductase inhibitors,C10A A07 Rosuvastatin,33195,ROSUVASTATINUM,Oral Solid Ordinary," tabs coated w/film 20 mg blister, #30",20.0,mg,30.0,Oral solid,ATC4,C10A A HMG CoA reductase inhibitors,0.0,0.0,7920.74,46198.979999999996,138227.05000000002
606190,M MUSCULO-SCELETAL SYSTEM,M01 ANTIINFLAMMATORY AND ANTIRHEUMATIC PRODUCTS,"M01A ANTIINFLAMMATORY AND ANTIRHEUMATIC PRODUCTS, NON-STEROIDS",M01A E Propionic acid derivatives,M01A E01 Ibuprofen,16593,IBUPROFENUM,Oral Liquid Ordinary," oral suspens. 100 mg/5 ml flask 100 ml, complete with a dosing syringe, #1",100.0,mg,1.0,Oral liquid,ATC3,"M01A ANTIINFLAMMATORY AND ANTIRHEUMATIC PRODUCTS, NON-STEROIDS",0.0,0.0,1958.69,19651.41,36492.560000000005
741033,M MUSCULO-SCELETAL SYSTEM,M01 ANTIINFLAMMATORY AND ANTIRHEUMATIC PRODUCTS,"M01A ANTIINFLAMMATORY AND ANTIRHEUMATIC PRODUCTS, NON-STEROIDS",M01A E Propionic acid derivatives,M01A E01 Ibuprofen,38669,IBUPROFENUM,Oral Solid Ordinary," caps. soft 200 mg, #16",200.0,mg,16.0,Oral solid,ATC3,"M01A ANTIINFLAMMATORY AND ANTIRHEUMATIC PRODUCTS, NON-STEROIDS",0.0,0.0,16995.99,78968.75999999998,80336.91999999998
618132,N NERVOUS SYSTEM,N06 PSYCHOANALEPTICS,"N06B PSYCHOSTIMULANTS, AGENTS USED FOR ADHD AND NOOTROPICS",N06B X Other psychostimulants and nootropics,N06B X06 Citicoline,19853,CITICOLINUM,Parenteral Ordinary," sol.  for inj. 125 mg/ml amp. 4 ml, #10",125.0,mg,10.0,Parenteral,No sampled peer,No sampled peer,0.0,0.0,351.74,1783.8799999999999,2686.31
630409,N NERVOUS SYSTEM,N06 PSYCHOANALEPTICS,"N06B PSYCHOSTIMULANTS, AGENTS USED FOR ADHD AND NOOTROPICS",N06B X Other psychostimulants and nootropics,N06B X06 Citicoline,19853,CITICOLINUM,Oral Solid Ordinary," tabs coated w/film 500 mg blister, #28",500.0,mg,28.0,Oral solid,No sampled peer,No sampled peer,0.0,0.0,1421.03,6643.9,13564.55
608079,C CARDIOVASCULAR SYSTEM,C10 LIPID MODIFYING AGENTS,"C10A LIPID MODIFYING AGENTS, PLAIN",C10A A HMG CoA reductase inhibitors,C10A A07 Rosuvastatin,6844,ROSUVASTATINUM,Oral Solid Ordinary," tabs coated w/film 5 mg blister, #30",5.0,mg,30.0,Oral solid,ATC4,C10A A HMG CoA reductase inhibitors,0.0,0.0,15.59,615.98,1049.8600000000001
714765,M MUSCULO-SCELETAL SYSTEM,M01 ANTIINFLAMMATORY AND ANTIRHEUMATIC PRODUCTS,"M01A ANTIINFLAMMATORY AND ANTIRHEUMATIC PRODUCTS, NON-STEROIDS",M01A E Propionic acid derivatives,M01A E01 Ibuprofen,39013,IBUPROFENUM,Oral Liquid Ordinary," oral suspens. 100 mg/5 ml flask 200 ml, #1",100.0,mg,1.0,Oral liquid,ATC3,"M01A ANTIINFLAMMATORY AND ANTIRHEUMATIC PRODUCTS, NON-STEROIDS",0.0,0.0,17.73,767.26,1482.33
618138,N NERVOUS SYSTEM,N06 PSYCHOANALEPTICS,"N06B PSYCHOSTIMULANTS, AGENTS USED FOR ADHD AND NOOTROPICS",N06B X Other psychostimulants and nootropics,N06B X06 Citicoline,19853,CITICOLINUM,Parenteral Ordinary," sol.  for inj. 250 mg/ml amp. 4 ml, #10",250.0,mg,10.0,Parenteral,No sampled peer,No sampled peer,0.0,0.0,1932.11,10541.699999999999,19556.97
317933,J GENERAL ANTIINFECTIVES FOR SYSTEMIC USE,J01 ANTIBACTERIALS FOR SYSTEMIC USE,J01M QUINOLONE ANTIBACTERIALS,J01M A Fluoroquinolones,J01M A12 Levofloxacin,21570,LEVOFLOXACINUM,Oral Solid Ordinary," tabs coated w/film 500 mg blister, #5",500.0,mg,5.0,Oral solid,No sampled peer,No sampled peer,0.0,0.0,690.4,2475.44,2260.56
656710,R RESPIRATORY SYSTEM,R05 COUGH AND COLD PREPARATIONS,"R05C EXPECTORANTS, EXCL. COMBINATIONS WITH COUGH SUPRESSANTS",R05C B Mucolytics,R05C B01 Acetylcysteine,12816,ACETYLCYSTEINUM,Oral Solid Ordinary," tab. sparkling 600 mg tube, #10",600.0,mg,10.0,Oral solid,ATC4,R05C B Mucolytics,0.0,0.0,267.54,11498.949999999999,45227.16
750965,B BLOOD AND BLOOD FORMING ORGANS,B01 ANTITHROMBOTIC AGENTS,B01A ANTITHROMBOTIC AGENTS,B01A C Platelet aggregation inhibitors excl. heparin,B01A C06 Acetylsalicylic acid,40371,ACIDUM ACETYLSALICYLICUM*,Oral Solid Ordinary," tabs coated w/film 150 mg cont., #100",150.0,mg,100.0,Oral solid,No sampled peer,No sampled peer,0.0,0.0,155.48000000000002,4932.49,12755.969999999998
654700,A ALIMENTARY TRACT AND METABOLISM,A10 DRUGS USED IN DIABETS,"A10B BLOOD GLUCOSE LOWERING DRUGS, EXCL. INSULINS",A10B A Biguanides,A10B A02 Metformin,26172,METFORMINUM,Oral Solid Retard," tabs, prolong. action 1000 mg blister, #60",1000.0,mg,60.0,Oral solid,No sampled peer,No sampled peer,0.0,0.0,230.98000000000002,8985.98,74476.07
735243,M MUSCULO-SCELETAL SYSTEM,M01 ANTIINFLAMMATORY AND ANTIRHEUMATIC PRODUCTS,"M01A ANTIINFLAMMATORY AND ANTIRHEUMATIC PRODUCTS, NON-STEROIDS",M01A C Oxicams,M01A C06 Meloxicam,7551,MELOXICAMUM,Parenteral Ordinary," sol.  for inj. 10 mg/ml flask 1,5 ml, #5",10.0,mg,5.0,Parenteral,ATC3,"M01A ANTIINFLAMMATORY AND ANTIRHEUMATIC PRODUCTS, NON-STEROIDS",0.0,0.0,2003.13,50923.130000000005,92864.73000000001
630407,J GENERAL ANTIINFECTIVES FOR SYSTEMIC USE,J01 ANTIBACTERIALS FOR SYSTEMIC USE,J01M QUINOLONE ANTIBACTERIALS,J01M A Fluoroquinolones,J01M A12 Levofloxacin,38939,LEVOFLOXACINUM,Parenteral Ordinary," sol. f/infus. 500 mg/100 ml cont. 100 ml, #1",500.0,mg,1.0,Parenteral,No sampled peer,No sampled peer,0.0,0.0,14.87,13.74,98.75999999999999
713371,B BLOOD AND BLOOD FORMING ORGANS,B01 ANTITHROMBOTIC AGENTS,B01A ANTITHROMBOTIC AGENTS,B01A C Platelet aggregation inhibitors excl. heparin,B01A C06 Acetylsalicylic acid,40371,ACIDUM ACETYLSALICYLICUM*,Oral Solid Ordinary," tabs coated w/film 75 mg cont., #100",75.0,mg,100.0,Oral solid,No sampled peer,No sampled peer,0.0,0.0,960.6899999999999,23718.129999999997,103770.46
500456,J GENERAL ANTIINFECTIVES FOR SYSTEMIC USE,J01 ANTIBACTERIALS FOR SYSTEMIC USE,J01D OTHER BETA-LACTAM ANTIBACTERIALS,J01D D Third-generation cephalosporins,J01D D04 Ceftriaxone,8671,CEFTRIAXONUM,Parenteral Ordinary," powd.fr-dr., f/sol. f/in. 1000 mg flask, #1",1000.0,mg,1.0,Parenteral,No sampled peer,No sampled peer,0.0,0.0,377.63,3255.51,594.3700000000001
649763,R RESPIRATORY SYSTEM,R05 COUGH AND COLD PREPARATIONS,"R05C EXPECTORANTS, EXCL. COMBINATIONS WITH COUGH SUPRESSANTS",R05C B Mucolytics,R05C B01 Acetylcysteine,14398,ACETYLCYSTEINUM,Oral Solid Ordinary," tab. sparkling 600 mg tube, #10",600.0,mg,10.0,Oral solid,ATC4,R05C B Mucolytics,0.0,0.0,204.31,4606.35,30884.089999999997
641221,C CARDIOVASCULAR SYSTEM,C10 LIPID MODIFYING AGENTS,"C10A LIPID MODIFYING AGENTS, PLAIN",C10A A HMG CoA reductase inhibitors,C10A A07 Rosuvastatin,7065,ROSUVASTATINUM,Oral Solid Ordinary," tabs coated w/film 10 mg blister, #28",10.0,mg,28.0,Oral solid,ATC4,C10A A HMG CoA reductase inhibitors,0.0,0.0,0.94,1.09,0.0
586646,N NERVOUS SYSTEM,N06 PSYCHOANALEPTICS,"N06B PSYCHOSTIMULANTS, AGENTS USED FOR ADHD AND NOOTROPICS",N06B X Other psychostimulants and nootropics,N06B X06 Citicoline,38509,CITICOLINUM,Parenteral Ordinary," sol.  for inj. 500 mg/4 ml amp. 4 ml, contour cell packing, #5",500.0,mg,5.0,Parenteral,No sampled peer,No sampled peer,0.0,0.0,5.09,166.38,47.42
744608,M MUSCULO-SCELETAL SYSTEM,M01 ANTIINFLAMMATORY AND ANTIRHEUMATIC PRODUCTS,"M01A ANTIINFLAMMATORY AND ANTIRHEUMATIC PRODUCTS, NON-STEROIDS",M01A E Propionic acid derivatives,M01A E01 Ibuprofen,16252,IBUPROFENUM,Oral Liquid Ordinary," granules f/oral solution 400 mg sachet, #20",400.0,mg,20.0,Oral liquid,ATC3,"M01A ANTIINFLAMMATORY AND ANTIRHEUMATIC PRODUCTS, NON-STEROIDS",0.0,0.0,365.12,20324.28,46462.340000000004
748419,J GENERAL ANTIINFECTIVES FOR SYSTEMIC USE,J01 ANTIBACTERIALS FOR SYSTEMIC USE,"J01F MACROLIDES, LINCOSAMIDES AND STREPTOGRAMINS",J01F A Macrolides,J01F A10 Azithromycin,2228,AZITHROMYCINUM,Oral Liquid Ordinary," powder f/susp. orale 200 mg/5 ml flask 15 ml, w/gauge syringe & measure sp., #1",200.0,mg,1.0,Oral liquid,No sampled peer,No sampled peer,0.0,0.0,714.96,3592.1399999999994,7005.93
662543,R RESPIRATORY SYSTEM,R05 COUGH AND COLD PREPARATIONS,"R05C EXPECTORANTS, EXCL. COMBINATIONS WITH COUGH SUPRESSANTS",R05C B Mucolytics,R05C B06 Ambroxol,44262,AMBROXOLUM,Oral Liquid Ordinary," sol. f/ihhal. and peroral. use 15 mg/2 ml flask 100 ml, with dosing syringe 5 ml, #1",15.0,mg,1.0,Oral liquid,ATC4,R05C B Mucolytics,0.0,0.0,3191.94,13194.59,18634.55
-193865,G GENITO URINARY SYSTEM AND SEX HORMONES,G04 UROLOGICALS,G04B UROLOGICALS,G04B E Drugs used in erectile dysfunction,G04B E03 Sildenafilum,2686,SILDENAFILUM,Oral Solid Ordinary," tabs 50 mg blister, #2",50.0,mg,2.0,Oral solid,No sampled peer,No sampled peer,0.0,0.0,1617.6,5763.31,7326.88
-356760,G GENITO URINARY SYSTEM AND SEX HORMONES,G04 UROLOGICALS,G04B UROLOGICALS,G04B E Drugs used in erectile dysfunction,G04B E03 Sildenafilum,2686,SILDENAFILUM,Oral Solid Ordinary," tabs 100 mg blister, #2",100.0,mg,2.0,Oral solid,No sampled peer,No sampled peer,0.0,0.0,1794.17,6901.25,8397.85
-193866,G GENITO URINARY SYSTEM AND SEX HORMONES,G04 UROLOGICALS,G04B UROLOGICALS,G04B E Drugs used in erectile dysfunction,G04B E03 Sildenafilum,2686,SILDENAFILUM,Oral Solid Ordinary," tabs 50 mg blister, #4",50.0,mg,4.0,Oral solid,No sampled peer,No sampled peer,0.0,0.0,2763.12,10450.279999999999,13707.339999999998
-356758,G GENITO URINARY SYSTEM AND SEX HORMONES,G04 UROLOGICALS,G04B UROLOGICALS,G04B E Drugs used in erectile dysfunction,G04B E03 Sildenafilum,2686,SILDENAFILUM,Oral Solid Ordinary," tabs 50 mg blister, #1",50.0,mg,1.0,Oral solid,No sampled peer,No sampled peer,0.0,0.0,3029.44,7235.77,9450.779999999999
-356759,G GENITO URINARY SYSTEM AND SEX HORMONES,G04 UROLOGICALS,G04B UROLOGICALS,G04B E Drugs used in erectile dysfunction,G04B E03 Sildenafilum,2686,SILDENAFILUM,Oral Solid Ordinary," tabs 100 mg blister, #1",100.0,mg,1.0,Oral solid,No sampled peer,No sampled peer,0.0,0.0,3669.86,7338.540000000001,9559.180000000002
-356761,G GENITO URINARY SYSTEM AND SEX HORMONES,G04 UROLOGICALS,G04B UROLOGICALS,G04B E Drugs used in erectile dysfunction,G04B E03 Sildenafilum,2686,SILDENAFILUM,Oral Solid Ordinary," tabs 100 mg blister, #4",100.0,mg,4.0,Oral solid,No sampled peer,No sampled peer,0.0,0.0,11822.66,23678.61,24249.61
-156929,J GENERAL ANTIINFECTIVES FOR SYSTEMIC USE,J01 ANTIBACTERIALS FOR SYSTEMIC USE,"J01F MACROLIDES, LINCOSAMIDES AND STREPTOGRAMINS",J01F A Macrolides,J01F A10 Azithromycin,477,AZITHROMYCINUM,Oral Solid Ordinary," caps. 500 mg, #3",500.0,mg,3.0,Oral solid,No sampled peer,No sampled peer,0.0,0.0,43660.5,79620.78,76386.6
775520,M MUSCULO-SCELETAL SYSTEM,M01 ANTIINFLAMMATORY AND ANTIRHEUMATIC PRODUCTS,"M01A ANTIINFLAMMATORY AND ANTIRHEUMATIC PRODUCTS, NON-STEROIDS",M01A E Propionic acid derivatives,M01A E01 Ibuprofen,16593,IBUPROFENUM,Oral Liquid Ordinary," oral suspens. 200 mg/10 ml sachet 10 ml, #10",200.0,mg,10.0,Oral liquid,ATC3,"M01A ANTIINFLAMMATORY AND ANTIRHEUMATIC PRODUCTS, NON-STEROIDS",0.0,0.0,1.89,15466.26,41145.94000000001
438607,A ALIMENTARY TRACT AND METABOLISM,A02 DRUGS FOR ACID RELATED DISORDERS,A02B DRUGS FOR TREATMENT OF PEPTIC ULCER AND GASTRO-OESOPHAGEAL REFLUX DISEASE,A02B C Proton pump inhibitors,A02B C02 Pantoprazole,46441,PANTOPRAZOLUM,Oral Solid Ordinary," tablets gastroresistant 40 mg blister, #30",40.0,mg,30.0,Oral solid,No sampled peer,No sampled peer,0.0,0.0,2.62,116.19,45.76
437249,J GENERAL ANTIINFECTIVES FOR SYSTEMIC USE,J01 ANTIBACTERIALS FOR SYSTEMIC USE,J01M QUINOLONE ANTIBACTERIALS,J01M A Fluoroquinolones,J01M A12 Levofloxacin,7731,LEVOFLOXACINUM,Oral Solid Ordinary," tabs coated w/film 500 mg blister, #10",500.0,mg,10.0,Oral solid,No sampled peer,No sampled peer,0.0,0.0,2.62,127.25,4787.91
503224,J GENERAL ANTIINFECTIVES FOR SYSTEMIC USE,J01 ANTIBACTERIALS FOR SYSTEMIC USE,"J01F MACROLIDES, LINCOSAMIDES AND STREPTOGRAMINS",J01F A Macrolides,J01F A10 Azithromycin,477,AZITHROMYCINUM,Oral Solid Ordinary," tabs coated w/film 250 mg blister, #6",250.0,mg,6.0,Oral solid,No sampled peer,No sampled peer,0.0,0.0,3.65,0.0,7.21
711005,J GENERAL ANTIINFECTIVES FOR SYSTEMIC USE,J01 ANTIBACTERIALS FOR SYSTEMIC USE,J01M QUINOLONE ANTIBACTERIALS,J01M A Fluoroquinolones,J01M A12 Levofloxacin,35044,LEVOFLOXACINUM,Parenteral Ordinary," sol. f/infus. 5 mg/ml flask 100 ml, #1",5.0,mg,1.0,Parenteral,No sampled peer,No sampled peer,0.0,0.0,6.52,38490.23,37886.630000000005
716752,M MUSCULO-SCELETAL SYSTEM,M01 ANTIINFLAMMATORY AND ANTIRHEUMATIC PRODUCTS,"M01A ANTIINFLAMMATORY AND ANTIRHEUMATIC PRODUCTS, NON-STEROIDS",M01A E Propionic acid derivatives,M01A E01 Ibuprofen,39013,IBUPROFENUM,Oral Solid Ordinary," caps. 200 mg blister, #20",200.0,mg,20.0,Oral solid,ATC3,"M01A ANTIINFLAMMATORY AND ANTIRHEUMATIC PRODUCTS, NON-STEROIDS",0.0,0.0,7.76,1702.6799999999998,1398.7099999999998
677432,A ALIMENTARY TRACT AND METABOLISM,A02 DRUGS FOR ACID RELATED DISORDERS,A02B DRUGS FOR TREATMENT OF PEPTIC ULCER AND GASTRO-OESOPHAGEAL REFLUX DISEASE,A02B C Proton pump inhibitors,A02B C02 Pantoprazole,43501,PANTOPRAZOLUM,Oral Solid Ordinary," tabs coat.intest.-soluble 40 mg blister, #30",40.0,mg,30.0,Oral solid,No sampled peer,No sampled peer,0.0,0.0,0.0,2763.02,1318.99
684527,A ALIMENTARY TRACT AND METABOLISM,A02 DRUGS FOR ACID RELATED DISORDERS,A02B DRUGS FOR TREATMENT OF PEPTIC ULCER AND GASTRO-OESOPHAGEAL REFLUX DISEASE,A02B C Proton pump inhibitors,A02B C02 Pantoprazole,48107,PANTOPRAZOLUM,Parenteral Ordinary," powd.fr-dr., f/prep.s of sol. 40 mg flask, #1",40.0,mg,1.0,Parenteral,No sampled peer,No sampled peer,0.0,0.0,0.0,1137.49,155.41
586644,N NERVOUS SYSTEM,N06 PSYCHOANALEPTICS,"N06B PSYCHOSTIMULANTS, AGENTS USED FOR ADHD AND NOOTROPICS",N06B X Other psychostimulants and nootropics,N06B X06 Citicoline,38509,CITICOLINUM,Parenteral Ordinary," sol.  for inj. 1000 mg/4 ml amp. 4 ml, contour cell packing, #5",1000.0,mg,5.0,Parenteral,No sampled peer,No sampled peer,0.0,0.0,0.0,21464.6,31294.649999999994
406950,M MUSCULO-SCELETAL SYSTEM,M01 ANTIINFLAMMATORY AND ANTIRHEUMATIC PRODUCTS,"M01A ANTIINFLAMMATORY AND ANTIRHEUMATIC PRODUCTS, NON-STEROIDS",M01A E Propionic acid derivatives,M01A E01 Ibuprofen,39013,IBUPROFENUM,Oral Solid Ordinary," caps. 200 mg blister, #20",200.0,mg,20.0,Oral solid,ATC3,"M01A ANTIINFLAMMATORY AND ANTIRHEUMATIC PRODUCTS, NON-STEROIDS",0.0,0.0,0.0,65.78999999999999,924.5000000000001
431135,R RESPIRATORY SYSTEM,R05 COUGH AND COLD PREPARATIONS,"R05C EXPECTORANTS, EXCL. COMBINATIONS WITH COUGH SUPRESSANTS",R05C B Mucolytics,R05C B01 Acetylcysteine,12816,ACETYLCYSTEINUM,Oral Solid Ordinary," tabs 200 mg blister, #20",200.0,mg,20.0,Oral solid,ATC4,R05C B Mucolytics,0.0,0.0,0.0,65.09,17.3
378563,C CARDIOVASCULAR SYSTEM,C07 BETA BLOCKING AGENTS,C07A BETA-BLOCKING AGENTS,"C07A B Beta blocking agents, selective",C07A B07 Bisoprolol,18260,BISOPROLOLUM,Oral Solid Ordinary," tabs coated w/film 5 mg blister, #28",5.0,mg,28.0,Oral solid,No sampled peer,No sampled peer,0.0,0.0,0.0,1642.5700000000002,655.0100000000001
667840,J GENERAL ANTIINFECTIVES FOR SYSTEMIC USE,J01 ANTIBACTERIALS FOR SYSTEMIC USE,"J01F MACROLIDES, LINCOSAMIDES AND STREPTOGRAMINS",J01F A Macrolides,J01F A10 Azithromycin,782,AZITHROMYCINUM,Parenteral Ordinary," lyophil. f/solut. f/inf. 500 mg flask, #1",500.0,mg,1.0,Parenteral,No sampled peer,No sampled peer,0.0,0.0,0.0,14.3,13.54
378561,C CARDIOVASCULAR SYSTEM,C07 BETA BLOCKING AGENTS,C07A BETA-BLOCKING AGENTS,"C07A B Beta blocking agents, selective",C07A B07 Bisoprolol,18260,BISOPROLOLUM,Oral Solid Ordinary," tabs coated w/film 2,5 mg blister, #28",2.5,mg,28.0,Oral solid,No sampled peer,No sampled peer,0.0,0.0,0.0,2860.57,84.92
660698,J GENERAL ANTIINFECTIVES FOR SYSTEMIC USE,J01 ANTIBACTERIALS FOR SYSTEMIC USE,J01D OTHER BETA-LACTAM ANTIBACTERIALS,J01D D Third-generation cephalosporins,J01D D04 Ceftriaxone,13003,CEFTRIAXONUM,Parenteral Ordinary," powd.fr-dr., f/sol. f/in. 1000 mg flask, #1",1000.0,mg,1.0,Parenteral,No sampled peer,No sampled peer,0.0,0.0,0.0,838.28,263.40999999999997
699816,M MUSCULO-SCELETAL SYSTEM,M01 ANTIINFLAMMATORY AND ANTIRHEUMATIC PRODUCTS,"M01A ANTIINFLAMMATORY AND ANTIRHEUMATIC PRODUCTS, NON-STEROIDS",M01A E Propionic acid derivatives,M01A E01 Ibuprofen,47805,IBUPROFENUM,Parenteral Ordinary," sol. f/infus. 4 mg/ml cont. 100 ml, #1",4.0,mg,1.0,Parenteral,ATC3,"M01A ANTIINFLAMMATORY AND ANTIRHEUMATIC PRODUCTS, NON-STEROIDS",0.0,0.0,0.0,39489.44,91466.62
-127716,N NERVOUS SYSTEM,N02 ANALGESICS,N02B OTHER ANALGESICS AND ANTIPYRETICS,N02B E Anilides,N02B E01 Paracetamol,24698,PARACETAMOLUM,Oral Liquid Ordinary," syrup 120 mg/5 ml jar, can 90 ml, with dosing cups, #1",120.0,mg,1.0,Oral liquid,ATC3,N02B OTHER ANALGESICS AND ANTIPYRETICS,0.0,0.0,0.0,29743.28,43508.83
-86070,R RESPIRATORY SYSTEM,R05 COUGH AND COLD PREPARATIONS,"R05C EXPECTORANTS, EXCL. COMBINATIONS WITH COUGH SUPRESSANTS",R05C B Mucolytics,R05C B06 Ambroxol,21463,AMBROXOLUM,Oral Solid Ordinary," tabs 30 mg blister in pack, #20",30.0,mg,20.0,Oral solid,ATC4,R05C B Mucolytics,0.0,0.0,0.0,2614.240000000001,7.01
-22281,R RESPIRATORY SYSTEM,R05 COUGH AND COLD PREPARATIONS,"R05C EXPECTORANTS, EXCL. COMBINATIONS WITH COUGH SUPRESSANTS",R05C B Mucolytics,R05C B06 Ambroxol,21463,AMBROXOLUM,Oral Solid Ordinary," tabs 30 mg blister, #20",30.0,mg,20.0,Oral solid,ATC4,R05C B Mucolytics,0.0,0.0,0.0,46353.77000000001,39146.28
-547090,J GENERAL ANTIINFECTIVES FOR SYSTEMIC USE,J02 ANTIMYCOTICS FOR SYSTEMIC USE,J02A ANTIMYCOTICS FOR SYSTEMIC USE,J02A C Triazole and tetrazole derivatives,J02A C01 Fluconazole,49884,FLUCONAZOLUM,Oral Solid Ordinary," caps. 150 mg blister in box, #2",150.0,mg,2.0,Oral solid,No sampled peer,No sampled peer,0.0,0.0,0.0,11016.67,697.3399999999999
-4954,M MUSCULO-SCELETAL SYSTEM,M01 ANTIINFLAMMATORY AND ANTIRHEUMATIC PRODUCTS,"M01A ANTIINFLAMMATORY AND ANTIRHEUMATIC PRODUCTS, NON-STEROIDS",M01A E Propionic acid derivatives,M01A E01 Ibuprofen,39013,IBUPROFENUM,Oral Solid Ordinary," tabs coated w/film 200 mg, #50",200.0,mg,50.0,Oral solid,ATC3,"M01A ANTIINFLAMMATORY AND ANTIRHEUMATIC PRODUCTS, NON-STEROIDS",0.0,0.0,0.0,83294.90999999999,72630.83
799773,R RESPIRATORY SYSTEM,R05 COUGH AND COLD PREPARATIONS,"R05C EXPECTORANTS, EXCL. COMBINATIONS WITH COUGH SUPRESSANTS",R05C B Mucolytics,R05C B06 Ambroxol,21463,AMBROXOLUM,Parenteral Ordinary," sol. f/infus. 7,5 mg/ml amp. 2 ml, in a pack with dividers, #10",7.5,mg,10.0,Parenteral,ATC4,R05C B Mucolytics,0.0,0.0,0.0,19.8,81.76
-338982,J GENERAL ANTIINFECTIVES FOR SYSTEMIC USE,J01 ANTIBACTERIALS FOR SYSTEMIC USE,J01M QUINOLONE ANTIBACTERIALS,J01M A Fluoroquinolones,J01M A12 Levofloxacin,17413,LEVOFLOXACINUM,Oral Solid Ordinary," tablets coated 500 mg blister, #14",500.0,mg,14.0,Oral solid,No sampled peer,No sampled peer,0.0,0.0,0.0,53.55,856.0799999999999
431170,N NERVOUS SYSTEM,N06 PSYCHOANALEPTICS,"N06B PSYCHOSTIMULANTS, AGENTS USED FOR ADHD AND NOOTROPICS",N06B X Other psychostimulants and nootropics,N06B X06 Citicoline,38509,CITICOLINUM,Oral Liquid Ordinary," oral solution 100 mg/ml flask 10 ml, #10",100.0,mg,10.0,Oral liquid,No sampled peer,No sampled peer,0.0,0.0,0.0,5782.17,23858.49
791534,B BLOOD AND BLOOD FORMING ORGANS,B01 ANTITHROMBOTIC AGENTS,B01A ANTITHROMBOTIC AGENTS,B01A C Platelet aggregation inhibitors excl. heparin,B01A C06 Acetylsalicylic acid,25023,ACIDUM ACETYLSALICYLICUM*,Oral Solid Ordinary," tabs coat.intest.-soluble 75 mg strip, #80",75.0,mg,80.0,Oral solid,No sampled peer,No sampled peer,0.0,0.0,0.0,9032.740000000002,76811.09999999999
743233,N NERVOUS SYSTEM,N02 ANALGESICS,N02B OTHER ANALGESICS AND ANTIPYRETICS,N02B F Gabapentinoids,N02B F02 Pregabalin,49971,PREGABALINUM,Oral Solid Ordinary," caps. 300 mg blister, #21",300.0,mg,21.0,Oral solid,ATC3,N02B OTHER ANALGESICS AND ANTIPYRETICS,0.0,0.0,0.0,6927.93,29748.46
297659,N NERVOUS SYSTEM,N02 ANALGESICS,N02B OTHER ANALGESICS AND ANTIPYRETICS,N02B F Gabapentinoids,N02B F02 Pregabalin,23594,PREGABALINUM,Oral Solid Ordinary," caps. 150 mg blister, #10",150.0,mg,10.0,Oral solid,ATC3,N02B OTHER ANALGESICS AND ANTIPYRETICS,0.0,0.0,0.0,3983.4100000000003,8338.23
306909,N NERVOUS SYSTEM,N02 ANALGESICS,N02B OTHER ANALGESICS AND ANTIPYRETICS,N02B F Gabapentinoids,N02B F02 Pregabalin,23594,PREGABALINUM,Oral Solid Ordinary," caps. 75 mg blister, #10",75.0,mg,10.0,Oral solid,ATC3,N02B OTHER ANALGESICS AND ANTIPYRETICS,0.0,0.0,0.0,14255.91,35391.43
825645,M MUSCULO-SCELETAL SYSTEM,M02 TOPICAL PRODUCTS FOR JOINT AND MUSCULAR PAIN,M02A TOPICAL PRODUCTS FOR JOINT AND MUSCULAR PAIN,"M02A A Antiinflammatory preparations, non-steroids for topical use",M02A A15 Diclofenac,34028,DICLOFENACUM,"Topical Dermatological, Haemorrhoidal, External"," gel 5 % laminated tube 100 g, in a pack",100.0,g,,Topical,ATC4,"M02A A Antiinflammatory preparations, non-steroids for topical use",0.0,0.0,0.0,434.30999999999995,3122.56
102732,M MUSCULO-SCELETAL SYSTEM,M01 ANTIINFLAMMATORY AND ANTIRHEUMATIC PRODUCTS,"M01A ANTIINFLAMMATORY AND ANTIRHEUMATIC PRODUCTS, NON-STEROIDS",M01A C Oxicams,M01A C06 Meloxicam,42225,MELOXICAMUM,Oral Solid Ordinary," tabs 15 mg blister, #30",15.0,mg,30.0,Oral solid,ATC3,"M01A ANTIINFLAMMATORY AND ANTIRHEUMATIC PRODUCTS, NON-STEROIDS",0.0,0.0,0.0,1379.45,10902.49
743232,N NERVOUS SYSTEM,N02 ANALGESICS,N02B OTHER ANALGESICS AND ANTIPYRETICS,N02B F Gabapentinoids,N02B F02 Pregabalin,49971,PREGABALINUM,Oral Solid Ordinary," caps. 300 mg blister, #14",300.0,mg,14.0,Oral solid,ATC3,N02B OTHER ANALGESICS AND ANTIPYRETICS,0.0,0.0,0.0,1044.2,3336.0000000000005
429356,R RESPIRATORY SYSTEM,R05 COUGH AND COLD PREPARATIONS,"R05C EXPECTORANTS, EXCL. COMBINATIONS WITH COUGH SUPRESSANTS",R05C B Mucolytics,R05C B01 Acetylcysteine,6103,ACETYLCYSTEINUM,Oral Solid Ordinary," tab. sparkling 600 mg sachet, #20",600.0,mg,20.0,Oral solid,ATC4,R05C B Mucolytics,0.0,0.0,0.0,5.92,0.0
699813,A ALIMENTARY TRACT AND METABOLISM,A10 DRUGS USED IN DIABETS,"A10B BLOOD GLUCOSE LOWERING DRUGS, EXCL. INSULINS",A10B A Biguanides,A10B A02 Metformin,39461,METFORMINUM,Oral Solid Ordinary," tabs coated w/film 1000 mg blister, #60",1000.0,mg,60.0,Oral solid,No sampled peer,No sampled peer,0.0,0.0,0.0,1341.22,8530.43
741578,R RESPIRATORY SYSTEM,R05 COUGH AND COLD PREPARATIONS,"R05C EXPECTORANTS, EXCL. COMBINATIONS WITH COUGH SUPRESSANTS",R05C B Mucolytics,R05C B06 Ambroxol,44262,AMBROXOLUM,Oral Solid Retard," caps. w/ prolong. action 75 mg blister, #10",75.0,mg,10.0,Oral solid,ATC4,R05C B Mucolytics,0.0,0.0,0.0,16665.539999999997,51145.31
696484,J GENERAL ANTIINFECTIVES FOR SYSTEMIC USE,J01 ANTIBACTERIALS FOR SYSTEMIC USE,J01D OTHER BETA-LACTAM ANTIBACTERIALS,J01D D Third-generation cephalosporins,J01D D04 Ceftriaxone,21539,CEFTRIAXONUM,Parenteral Ordinary," powd.fr-dr., f/sol. f/in. 1000 mg flask, #1",1000.0,mg,1.0,Parenteral,No sampled peer,No sampled peer,0.0,0.0,0.0,7.58,0.0
634872,C CARDIOVASCULAR SYSTEM,C10 LIPID MODIFYING AGENTS,"C10A LIPID MODIFYING AGENTS, PLAIN",C10A A HMG CoA reductase inhibitors,C10A A05 Atorvastatin,34727,ATORVASTATINUM,Oral Solid Ordinary," tabs coated w/film 40 mg blister, #30",40.0,mg,30.0,Oral solid,ATC4,C10A A HMG CoA reductase inhibitors,0.0,0.0,0.0,1363.74,1220.5899999999997
828594,G GENITO URINARY SYSTEM AND SEX HORMONES,G04 UROLOGICALS,G04B UROLOGICALS,G04B E Drugs used in erectile dysfunction,G04B E03 Sildenafilum,38544,SILDENAFILUM,Oral Solid Ordinary," tabs coated w/film 100 mg blister, in cardboard box, #1",100.0,mg,1.0,Oral solid,No sampled peer,No sampled peer,0.0,0.0,0.0,14839.419999999998,59874.29999999999
793177,N NERVOUS SYSTEM,N02 ANALGESICS,N02B OTHER ANALGESICS AND ANTIPYRETICS,N02B F Gabapentinoids,N02B F02 Pregabalin,40325,PREGABALINUM,Oral Solid Ordinary," caps. solid 75 mg blister, #14",75.0,mg,14.0,Oral solid,ATC3,N02B OTHER ANALGESICS AND ANTIPYRETICS,0.0,0.0,0.0,1201.24,4831.59
793180,N NERVOUS SYSTEM,N02 ANALGESICS,N02B OTHER ANALGESICS AND ANTIPYRETICS,N02B F Gabapentinoids,N02B F02 Pregabalin,40325,PREGABALINUM,Oral Solid Ordinary," caps. solid 150 mg blister, #14",150.0,mg,14.0,Oral solid,ATC3,N02B OTHER ANALGESICS AND ANTIPYRETICS,0.0,0.0,0.0,728.6300000000001,1922.6799999999998
793178,N NERVOUS SYSTEM,N02 ANALGESICS,N02B OTHER ANALGESICS AND ANTIPYRETICS,N02B F Gabapentinoids,N02B F02 Pregabalin,40325,PREGABALINUM,Oral Solid Ordinary," caps. solid 75 mg blister, #21",75.0,mg,21.0,Oral solid,ATC3,N02B OTHER ANALGESICS AND ANTIPYRETICS,0.0,0.0,0.0,1812.12,6234.7
828600,G GENITO URINARY SYSTEM AND SEX HORMONES,G04 UROLOGICALS,G04B UROLOGICALS,G04B E Drugs used in erectile dysfunction,G04B E03 Sildenafilum,38544,SILDENAFILUM,Oral Solid Ordinary," tabs coated w/film 100 mg blister, in cardboard box, #4",100.0,mg,4.0,Oral solid,No sampled peer,No sampled peer,0.0,0.0,0.0,28713.920000000002,64613.12999999999
828601,G GENITO URINARY SYSTEM AND SEX HORMONES,G04 UROLOGICALS,G04B UROLOGICALS,G04B E Drugs used in erectile dysfunction,G04B E03 Sildenafilum,38544,SILDENAFILUM,Oral Solid Ordinary," tabs coated w/film 100 mg blister, in cardboard box, #8",100.0,mg,8.0,Oral solid,No sampled peer,No sampled peer,0.0,0.0,0.0,5174.849999999999,32449.99
-13656,M MUSCULO-SCELETAL SYSTEM,M01 ANTIINFLAMMATORY AND ANTIRHEUMATIC PRODUCTS,"M01A ANTIINFLAMMATORY AND ANTIRHEUMATIC PRODUCTS, NON-STEROIDS",M01A E Propionic acid derivatives,M01A E01 Ibuprofen,39013,IBUPROFENUM,Oral Solid Ordinary," tablets coated 200 mg blister in pack, #50",200.0,mg,50.0,Oral solid,ATC3,"M01A ANTIINFLAMMATORY AND ANTIRHEUMATIC PRODUCTS, NON-STEROIDS",0.0,0.0,0.0,172343.74000000002,830216.6300000001
793184,N NERVOUS SYSTEM,N02 ANALGESICS,N02B OTHER ANALGESICS AND ANTIPYRETICS,N02B F Gabapentinoids,N02B F02 Pregabalin,40325,PREGABALINUM,Oral Solid Ordinary," caps. solid 300 mg blister, #14",300.0,mg,14.0,Oral solid,ATC3,N02B OTHER ANALGESICS AND ANTIPYRETICS,0.0,0.0,0.0,924.44,1746.9099999999999
793185,N NERVOUS SYSTEM,N02 ANALGESICS,N02B OTHER ANALGESICS AND ANTIPYRETICS,N02B F Gabapentinoids,N02B F02 Pregabalin,40325,PREGABALINUM,Oral Solid Ordinary," caps. solid 300 mg blister, #21",300.0,mg,21.0,Oral solid,ATC3,N02B OTHER ANALGESICS AND ANTIPYRETICS,0.0,0.0,0.0,899.22,5908.27
828596,G GENITO URINARY SYSTEM AND SEX HORMONES,G04 UROLOGICALS,G04B UROLOGICALS,G04B E Drugs used in erectile dysfunction,G04B E03 Sildenafilum,38544,SILDENAFILUM,Oral Solid Ordinary," tabs coated w/film 50 mg blister, in cardboard box, #1",50.0,mg,1.0,Oral solid,No sampled peer,No sampled peer,0.0,0.0,0.0,10493.66,48638.14
515251,M MUSCULO-SCELETAL SYSTEM,M01 ANTIINFLAMMATORY AND ANTIRHEUMATIC PRODUCTS,"M01A ANTIINFLAMMATORY AND ANTIRHEUMATIC PRODUCTS, NON-STEROIDS",M01A B Acetic acid derivatives and related substances,M01A B05 Diclofenac,34028,DICLOFENACUM,Parenteral Ordinary," sol.  for inj. 2,5 % amp. 3 ml, in a pack with dividers, #10",,,10.0,Parenteral,ATC3,"M01A ANTIINFLAMMATORY AND ANTIRHEUMATIC PRODUCTS, NON-STEROIDS",0.0,0.0,0.0,80.03,339.32
872331,J GENERAL ANTIINFECTIVES FOR SYSTEMIC USE,J01 ANTIBACTERIALS FOR SYSTEMIC USE,J01D OTHER BETA-LACTAM ANTIBACTERIALS,J01D D Third-generation cephalosporins,J01D D04 Ceftriaxone,21539,CEFTRIAXONUM,Parenteral Ordinary," powd.fr-dr., f/sol. f/in. 1 g flask, #10",1.0,g,10.0,Parenteral,No sampled peer,No sampled peer,0.0,0.0,0.0,2.42,8.85
-38173,M MUSCULO-SCELETAL SYSTEM,M01 ANTIINFLAMMATORY AND ANTIRHEUMATIC PRODUCTS,"M01A ANTIINFLAMMATORY AND ANTIRHEUMATIC PRODUCTS, NON-STEROIDS",M01A B Acetic acid derivatives and related substances,M01A B05 Diclofenac,34028,DICLOFENACUM,Parenteral Ordinary," sol.  for inj. 2,5 % amp. 3 ml, blister, #10",,,10.0,Parenteral,ATC3,"M01A ANTIINFLAMMATORY AND ANTIRHEUMATIC PRODUCTS, NON-STEROIDS",0.0,0.0,0.0,0.41,59109.15
721940,N NERVOUS SYSTEM,N02 ANALGESICS,N02B OTHER ANALGESICS AND ANTIPYRETICS,N02B E Anilides,N02B E01 Paracetamol,30170,PARACETAMOLUM,Parenteral Ordinary," sol.  for inj. 10 mg/ml cont. 100 ml, in box, #12",10.0,mg,12.0,Parenteral,ATC3,N02B OTHER ANALGESICS AND ANTIPYRETICS,0.0,0.0,0.0,179.96,396.44000000000005
828599,G GENITO URINARY SYSTEM AND SEX HORMONES,G04 UROLOGICALS,G04B UROLOGICALS,G04B E Drugs used in erectile dysfunction,G04B E03 Sildenafilum,38544,SILDENAFILUM,Oral Solid Ordinary," tabs coated w/film 50 mg blister, in cardboard box, #8",50.0,mg,8.0,Oral solid,No sampled peer,No sampled peer,0.0,0.0,0.0,1841.12,14153.549999999996
586815,M MUSCULO-SCELETAL SYSTEM,M01 ANTIINFLAMMATORY AND ANTIRHEUMATIC PRODUCTS,"M01A ANTIINFLAMMATORY AND ANTIRHEUMATIC PRODUCTS, NON-STEROIDS",M01A C Oxicams,M01A C06 Meloxicam,45359,MELOXICAMUM,Parenteral Ordinary," sol.  for inj. 10 mg/ml flask 1,5 ml, #5",10.0,mg,5.0,Parenteral,ATC3,"M01A ANTIINFLAMMATORY AND ANTIRHEUMATIC PRODUCTS, NON-STEROIDS",0.0,0.0,0.0,438.26,662.42
757948,N NERVOUS SYSTEM,N06 PSYCHOANALEPTICS,"N06B PSYCHOSTIMULANTS, AGENTS USED FOR ADHD AND NOOTROPICS",N06B X Other psychostimulants and nootropics,N06B X06 Citicoline,14692,CITICOLINUM,Parenteral Ordinary," sol.  for inj. 250 mg/ml amp. 4 ml, blister in a pack, #10",250.0,mg,10.0,Parenteral,No sampled peer,No sampled peer,0.0,0.0,0.0,1737.8000000000002,11653.800000000001
757947,N NERVOUS SYSTEM,N06 PSYCHOANALEPTICS,"N06B PSYCHOSTIMULANTS, AGENTS USED FOR ADHD AND NOOTROPICS",N06B X Other psychostimulants and nootropics,N06B X06 Citicoline,14692,CITICOLINUM,Parenteral Ordinary," sol.  for inj. 250 mg/ml amp. 4 ml, blister in a pack, #5",250.0,mg,5.0,Parenteral,No sampled peer,No sampled peer,0.0,0.0,0.0,1069.12,2929.3199999999997
772335,A ALIMENTARY TRACT AND METABOLISM,A10 DRUGS USED IN DIABETS,"A10B BLOOD GLUCOSE LOWERING DRUGS, EXCL. INSULINS",A10B A Biguanides,A10B A02 Metformin,39461,METFORMINUM,Oral Solid Ordinary," tabs coated w/film 500 mg blister, #50",500.0,mg,50.0,Oral solid,No sampled peer,No sampled peer,0.0,0.0,0.0,8471.099999999999,75587.29
802918,R RESPIRATORY SYSTEM,R05 COUGH AND COLD PREPARATIONS,"R05C EXPECTORANTS, EXCL. COMBINATIONS WITH COUGH SUPRESSANTS",R05C B Mucolytics,R05C B01 Acetylcysteine,3638,ACETYLCYSTEINUM,Oral Liquid Ordinary," granules f/oral solution 600 mg sachet 3 g, #6",600.0,mg,6.0,Oral liquid,ATC4,R05C B Mucolytics,0.0,0.0,0.0,9853.880000000001,40926.86
797703,R RESPIRATORY SYSTEM,R05 COUGH AND COLD PREPARATIONS,"R05C EXPECTORANTS, EXCL. COMBINATIONS WITH COUGH SUPRESSANTS",R05C B Mucolytics,R05C B01 Acetylcysteine,3638,ACETYLCYSTEINUM,Oral Liquid Ordinary," granules for oral use 600 mg sachet 3 g, #10",600.0,mg,10.0,Oral liquid,ATC4,R05C B Mucolytics,0.0,0.0,0.0,9117.12,31389.5
800266,R RESPIRATORY SYSTEM,R05 COUGH AND COLD PREPARATIONS,"R05C EXPECTORANTS, EXCL. COMBINATIONS WITH COUGH SUPRESSANTS",R05C B Mucolytics,R05C B01 Acetylcysteine,3638,ACETYLCYSTEINUM,Oral Liquid Ordinary," granules f/oral solution 100 мг/0,5 г sachet, #20",,,20.0,Oral liquid,ATC4,R05C B Mucolytics,0.0,0.0,0.0,915.3700000000001,4274.18
800268,R RESPIRATORY SYSTEM,R05 COUGH AND COLD PREPARATIONS,"R05C EXPECTORANTS, EXCL. COMBINATIONS WITH COUGH SUPRESSANTS",R05C B Mucolytics,R05C B01 Acetylcysteine,3638,ACETYLCYSTEINUM,Oral Liquid Ordinary," granules f/oral solution 200 mg/g sachet, #20",200.0,mg,20.0,Oral liquid,ATC4,R05C B Mucolytics,0.0,0.0,0.0,4108.82,10085.89
854756,R RESPIRATORY SYSTEM,R05 COUGH AND COLD PREPARATIONS,"R05C EXPECTORANTS, EXCL. COMBINATIONS WITH COUGH SUPRESSANTS",R05C B Mucolytics,R05C B01 Acetylcysteine,3638,ACETYLCYSTEINUM,Oral Liquid Ordinary," granules f/oral solution 200 mg/g sachet, #20",200.0,mg,20.0,Oral liquid,ATC4,R05C B Mucolytics,0.0,0.0,0.0,3237.8100000000004,10228.92
828598,G GENITO URINARY SYSTEM AND SEX HORMONES,G04 UROLOGICALS,G04B UROLOGICALS,G04B E Drugs used in erectile dysfunction,G04B E03 Sildenafilum,38544,SILDENAFILUM,Oral Solid Ordinary," tabs coated w/film 50 mg blister, in cardboard box, #4",50.0,mg,4.0,Oral solid,No sampled peer,No sampled peer,0.0,0.0,0.0,13960.01,53277.33
794782,R RESPIRATORY SYSTEM,R05 COUGH AND COLD PREPARATIONS,"R05C EXPECTORANTS, EXCL. COMBINATIONS WITH COUGH SUPRESSANTS",R05C B Mucolytics,R05C B01 Acetylcysteine,12816,ACETYLCYSTEINUM,Parenteral Ordinary," sol.  for inj. 100 mg/ml amp. 3 ml, #10",100.0,mg,10.0,Parenteral,ATC4,R05C B Mucolytics,0.0,0.0,0.0,4.61,21.400000000000002
824021,J GENERAL ANTIINFECTIVES FOR SYSTEMIC USE,J01 ANTIBACTERIALS FOR SYSTEMIC USE,J01D OTHER BETA-LACTAM ANTIBACTERIALS,J01D D Third-generation cephalosporins,J01D D04 Ceftriaxone,21539,CEFTRIAXONUM,Parenteral Ordinary," powd.fr-dr., f/sol. f/in. 1000 mg flask, #1",1000.0,mg,1.0,Parenteral,No sampled peer,No sampled peer,0.0,0.0,0.0,559.57,25958.12
814025,M MUSCULO-SCELETAL SYSTEM,M02 TOPICAL PRODUCTS FOR JOINT AND MUSCULAR PAIN,M02A TOPICAL PRODUCTS FOR JOINT AND MUSCULAR PAIN,"M02A A Antiinflammatory preparations, non-steroids for topical use",M02A A15 Diclofenac,32177,DICLOFENACUM,"Topical Dermatological, Haemorrhoidal, External", gel 1 % tube 100 g,100.0,g,,Topical,ATC4,"M02A A Antiinflammatory preparations, non-steroids for topical use",0.0,0.0,0.0,5740.1,29937.67
712102,J GENERAL ANTIINFECTIVES FOR SYSTEMIC USE,J01 ANTIBACTERIALS FOR SYSTEMIC USE,J01D OTHER BETA-LACTAM ANTIBACTERIALS,J01D D Third-generation cephalosporins,J01D D04 Ceftriaxone,21521,CEFTRIAXONUM,Parenteral Ordinary," powd. and solv. f/sol. f/in. 1 g flask, 1% sol of lidocain amp 3,5 ml, #1",1.0,g,1.0,Parenteral,No sampled peer,No sampled peer,0.0,0.0,0.0,5.36,412.77000000000004
714014,J GENERAL ANTIINFECTIVES FOR SYSTEMIC USE,J01 ANTIBACTERIALS FOR SYSTEMIC USE,J01M QUINOLONE ANTIBACTERIALS,J01M A Fluoroquinolones,J01M A12 Levofloxacin,12885,LEVOFLOXACINUM,Parenteral Ordinary," sol. f/infus. 500 mg/100 ml cont. 100 ml, #1",500.0,mg,1.0,Parenteral,No sampled peer,No sampled peer,0.0,0.0,0.0,1677.58,9435.12
793181,N NERVOUS SYSTEM,N02 ANALGESICS,N02B OTHER ANALGESICS AND ANTIPYRETICS,N02B F Gabapentinoids,N02B F02 Pregabalin,40325,PREGABALINUM,Oral Solid Ordinary," caps. solid 150 mg blister, #21",150.0,mg,21.0,Oral solid,ATC3,N02B OTHER ANALGESICS AND ANTIPYRETICS,0.0,0.0,0.0,490.12,2209.37
726167,R RESPIRATORY SYSTEM,R05 COUGH AND COLD PREPARATIONS,"R05C EXPECTORANTS, EXCL. COMBINATIONS WITH COUGH SUPRESSANTS",R05C B Mucolytics,R05C B01 Acetylcysteine,12816,ACETYLCYSTEINUM,Oral Liquid Ordinary," powder f/oral solution 200 mg sachet 3 g, #20",200.0,mg,20.0,Oral liquid,ATC4,R05C B Mucolytics,0.0,0.0,0.0,395.38,1443.87
463493,J GENERAL ANTIINFECTIVES FOR SYSTEMIC USE,J01 ANTIBACTERIALS FOR SYSTEMIC USE,J01D OTHER BETA-LACTAM ANTIBACTERIALS,J01D D Third-generation cephalosporins,J01D D04 Ceftriaxone,21539,CEFTRIAXONUM,Parenteral Ordinary," powd.fr-dr., f/sol. f/in. 1 g flask, #1",1.0,g,1.0,Parenteral,No sampled peer,No sampled peer,0.0,0.0,0.0,27.759999999999998,3063.62
586231,J GENERAL ANTIINFECTIVES FOR SYSTEMIC USE,J01 ANTIBACTERIALS FOR SYSTEMIC USE,J01M QUINOLONE ANTIBACTERIALS,J01M A Fluoroquinolones,J01M A12 Levofloxacin,17413,LEVOFLOXACINUM,Oral Solid Ordinary," tabs coated w/film 500 mg blister, #7",500.0,mg,7.0,Oral solid,No sampled peer,No sampled peer,0.0,0.0,0.0,0.19,1.5
141023,J GENERAL ANTIINFECTIVES FOR SYSTEMIC USE,J01 ANTIBACTERIALS FOR SYSTEMIC USE,J01M QUINOLONE ANTIBACTERIALS,J01M A Fluoroquinolones,J01M A12 Levofloxacin,17413,LEVOFLOXACINUM,Oral Solid Ordinary," tablets coated 500 mg blister, #7",500.0,mg,7.0,Oral solid,No sampled peer,No sampled peer,0.0,0.0,0.0,3.14,6.89
265872,G GENITO URINARY SYSTEM AND SEX HORMONES,G04 UROLOGICALS,G04B UROLOGICALS,G04B E Drugs used in erectile dysfunction,G04B E03 Sildenafilum,38544,SILDENAFILUM,Oral Solid Ordinary," tabs coated w/film 25 mg, #4",25.0,mg,4.0,Oral solid,No sampled peer,No sampled peer,0.0,0.0,0.0,0.74,0.0
741579,R RESPIRATORY SYSTEM,R05 COUGH AND COLD PREPARATIONS,"R05C EXPECTORANTS, EXCL. COMBINATIONS WITH COUGH SUPRESSANTS",R05C B Mucolytics,R05C B06 Ambroxol,44262,AMBROXOLUM,Oral Solid Retard," caps. w/ prolong. action 75 mg blister, #20",75.0,mg,20.0,Oral solid,ATC4,R05C B Mucolytics,0.0,0.0,0.0,0.78,0.0
620967,J GENERAL ANTIINFECTIVES FOR SYSTEMIC USE,J01 ANTIBACTERIALS FOR SYSTEMIC USE,J01D OTHER BETA-LACTAM ANTIBACTERIALS,J01D D Third-generation cephalosporins,J01D D04 Ceftriaxone,16440,CEFTRIAXONUM,Parenteral Ordinary," powder for solution for inject 1 g flask, #10",1.0,g,10.0,Parenteral,No sampled peer,No sampled peer,0.0,0.0,0.0,1.47,6.02
581732,J GENERAL ANTIINFECTIVES FOR SYSTEMIC USE,J01 ANTIBACTERIALS FOR SYSTEMIC USE,J01M QUINOLONE ANTIBACTERIALS,J01M A Fluoroquinolones,J01M A12 Levofloxacin,25703,LEVOFLOXACINUM,Parenteral Ordinary," sol. f/infus. 500 mg/100 ml bot. 150 ml, in a pack, #1",500.0,mg,1.0,Parenteral,No sampled peer,No sampled peer,0.0,0.0,0.0,1.58,147.43000000000004
402715,A ALIMENTARY TRACT AND METABOLISM,A02 DRUGS FOR ACID RELATED DISORDERS,A02B DRUGS FOR TREATMENT OF PEPTIC ULCER AND GASTRO-OESOPHAGEAL REFLUX DISEASE,A02B C Proton pump inhibitors,A02B C02 Pantoprazole,2323,PANTOPRAZOLUM,Parenteral Ordinary," powd.fr-dr., f/sol. f/in. 40 mg flask, #1",40.0,mg,1.0,Parenteral,No sampled peer,No sampled peer,0.0,0.0,0.0,66.11000000000001,1230.31
737083,N NERVOUS SYSTEM,N06 PSYCHOANALEPTICS,"N06B PSYCHOSTIMULANTS, AGENTS USED FOR ADHD AND NOOTROPICS",N06B X Other psychostimulants and nootropics,N06B X06 Citicoline,16848,CITICOLINUM,Oral Liquid Ordinary," oral solution 100 mg/ml flask 200 ml, with a dosing syringe, #1",100.0,mg,1.0,Oral liquid,No sampled peer,No sampled peer,0.0,0.0,0.0,1115.05,11608.910000000002
630024,R RESPIRATORY SYSTEM,R05 COUGH AND COLD PREPARATIONS,"R05C EXPECTORANTS, EXCL. COMBINATIONS WITH COUGH SUPRESSANTS",R05C B Mucolytics,R05C B01 Acetylcysteine,6103,ACETYLCYSTEINUM,Oral Solid Ordinary," tab. sparkling 200 mg sachet, cardboard box, #20",200.0,mg,20.0,Oral solid,ATC4,R05C B Mucolytics,0.0,0.0,0.0,590.5300000000001,0.0
615486,G GENITO URINARY SYSTEM AND SEX HORMONES,G04 UROLOGICALS,G04B UROLOGICALS,G04B E Drugs used in erectile dysfunction,G04B E03 Sildenafilum,43370,SILDENAFILUM,Oral Solid Ordinary," tabs coated w/film 100 mg blister, #1",100.0,mg,1.0,Oral solid,No sampled peer,No sampled peer,0.0,0.0,0.0,428.22999999999996,903.38
193462,A ALIMENTARY TRACT AND METABOLISM,A02 DRUGS FOR ACID RELATED DISORDERS,A02B DRUGS FOR TREATMENT OF PEPTIC ULCER AND GASTRO-OESOPHAGEAL REFLUX DISEASE,A02B C Proton pump inhibitors,A02B C02 Pantoprazole,45801,PANTOPRAZOLUM,Oral Solid Ordinary," tabs coat.intest.-soluble 20 mg blister, #30",20.0,mg,30.0,Oral solid,No sampled peer,No sampled peer,0.0,0.0,0.0,10.62,1287.39
-338981,J GENERAL ANTIINFECTIVES FOR SYSTEMIC USE,J01 ANTIBACTERIALS FOR SYSTEMIC USE,J01M QUINOLONE ANTIBACTERIALS,J01M A Fluoroquinolones,J01M A12 Levofloxacin,17413,LEVOFLOXACINUM,Oral Solid Ordinary," tablets coated 500 mg blister, #7",500.0,mg,7.0,Oral solid,No sampled peer,No sampled peer,0.0,0.0,0.0,12.17,248.83
699977,S SENSORY ORGANS,S01 OPHTALMOLOGICALS,S01B ANTIINFLAMMATORY AGENTS,"S01B C Antiinflammatory agents, non-steroids",S01B C03 Diclofenac,41690,DICLOFENACUM,Ophthalmic," eye drops, solution 0,1 % container-dropper 10 ml",,,,Ophthalmic,No sampled peer,No sampled peer,0.0,0.0,0.0,264.99,10473.69
662544,A ALIMENTARY TRACT AND METABOLISM,A02 DRUGS FOR ACID RELATED DISORDERS,A02B DRUGS FOR TREATMENT OF PEPTIC ULCER AND GASTRO-OESOPHAGEAL REFLUX DISEASE,A02B C Proton pump inhibitors,A02B C02 Pantoprazole,7284,PANTOPRAZOLUM,Parenteral Ordinary," powd.fr-dr., f/sol. f/in. 40 mg flask, #1",40.0,mg,1.0,Parenteral,No sampled peer,No sampled peer,0.0,0.0,0.0,5966.950000000001,19995.750000000004
726230,R RESPIRATORY SYSTEM,R05 COUGH AND COLD PREPARATIONS,"R05C EXPECTORANTS, EXCL. COMBINATIONS WITH COUGH SUPRESSANTS",R05C B Mucolytics,R05C B01 Acetylcysteine,34999,ACETYLCYSTEINUM,Oral Solid Ordinary," tab. sparkling 600 mg tube, #10",600.0,mg,10.0,Oral solid,ATC4,R05C B Mucolytics,0.0,0.0,0.0,35715.7,46648.92
389765,J GENERAL ANTIINFECTIVES FOR SYSTEMIC USE,J01 ANTIBACTERIALS FOR SYSTEMIC USE,J01D OTHER BETA-LACTAM ANTIBACTERIALS,J01D D Third-generation cephalosporins,J01D D04 Ceftriaxone,21539,CEFTRIAXONUM,Parenteral Ordinary," powd.fr-dr., f/sol. f/in. 1 g flask, #1",1.0,g,1.0,Parenteral,No sampled peer,No sampled peer,0.0,0.0,0.0,0.78,0.78
862809,C CARDIOVASCULAR SYSTEM,C10 LIPID MODIFYING AGENTS,"C10A LIPID MODIFYING AGENTS, PLAIN",C10A A HMG CoA reductase inhibitors,C10A A05 Atorvastatin,41834,ATORVASTATINUM,Oral Solid Ordinary," tablets coated 20 mg cont. cell pack, #28",20.0,mg,28.0,Oral solid,ATC4,C10A A HMG CoA reductase inhibitors,0.0,0.0,0.0,256.05,76304.2
46931,G GENITO URINARY SYSTEM AND SEX HORMONES,G04 UROLOGICALS,G04B UROLOGICALS,G04B E Drugs used in erectile dysfunction,G04B E03 Sildenafilum,43005,SILDENAFILUM,Oral Solid Ordinary," tabs coated w/film 50 mg, #4",50.0,mg,4.0,Oral solid,No sampled peer,No sampled peer,0.0,0.0,0.0,7.25,11290.77
862803,C CARDIOVASCULAR SYSTEM,C10 LIPID MODIFYING AGENTS,"C10A LIPID MODIFYING AGENTS, PLAIN",C10A A HMG CoA reductase inhibitors,C10A A05 Atorvastatin,41834,ATORVASTATINUM,Oral Solid Ordinary," tablets coated 10 mg cont. cell pack, #28",10.0,mg,28.0,Oral solid,ATC4,C10A A HMG CoA reductase inhibitors,0.0,0.0,0.0,174.32999999999998,22938.230000000003
773380,N NERVOUS SYSTEM,N02 ANALGESICS,N02B OTHER ANALGESICS AND ANTIPYRETICS,N02B F Gabapentinoids,N02B F02 Pregabalin,49797,PREGABALINUM,Oral Solid Ordinary," caps. solid 50 mg blister, #28",50.0,mg,28.0,Oral solid,ATC3,N02B OTHER ANALGESICS AND ANTIPYRETICS,0.0,0.0,0.0,356.68,58601.85999999999
773377,N NERVOUS SYSTEM,N02 ANALGESICS,N02B OTHER ANALGESICS AND ANTIPYRETICS,N02B F Gabapentinoids,N02B F02 Pregabalin,49797,PREGABALINUM,Oral Solid Ordinary," caps. solid 25 mg blister, #28",25.0,mg,28.0,Oral solid,ATC3,N02B OTHER ANALGESICS AND ANTIPYRETICS,0.0,0.0,0.0,571.8,40954.6
832883,M MUSCULO-SCELETAL SYSTEM,M02 TOPICAL PRODUCTS FOR JOINT AND MUSCULAR PAIN,M02A TOPICAL PRODUCTS FOR JOINT AND MUSCULAR PAIN,"M02A A Antiinflammatory preparations, non-steroids for topical use",M02A A13 Ibuprofen,37050,IBUPROFENUM,"Topical Dermatological, Haemorrhoidal, External"," cream tube 150 g, #1",150.0,g,1.0,Topical,ATC4,"M02A A Antiinflammatory preparations, non-steroids for topical use",0.0,0.0,0.0,1685.57,82705.03
596495,M MUSCULO-SCELETAL SYSTEM,M01 ANTIINFLAMMATORY AND ANTIRHEUMATIC PRODUCTS,"M01A ANTIINFLAMMATORY AND ANTIRHEUMATIC PRODUCTS, NON-STEROIDS",M01A E Propionic acid derivatives,M01A E01 Ibuprofen,13291,IBUPROFENUM,Oral Solid Ordinary," caps. soft 400 mg blister, #20",400.0,mg,20.0,Oral solid,ATC3,"M01A ANTIINFLAMMATORY AND ANTIRHEUMATIC PRODUCTS, NON-STEROIDS",0.0,0.0,0.0,1555.41,25036.260000000006
816028,B BLOOD AND BLOOD FORMING ORGANS,B01 ANTITHROMBOTIC AGENTS,B01A ANTITHROMBOTIC AGENTS,B01A C Platelet aggregation inhibitors excl. heparin,B01A C06 Acetylsalicylic acid,49421,ACIDUM ACETYLSALICYLICUM*,Oral Solid Ordinary," tabs coat.intest.-soluble 100 mg blister, #98",100.0,mg,98.0,Oral solid,No sampled peer,No sampled peer,0.0,0.0,0.0,44040.67999999999,789227.15
586232,J GENERAL ANTIINFECTIVES FOR SYSTEMIC USE,J01 ANTIBACTERIALS FOR SYSTEMIC USE,J01M QUINOLONE ANTIBACTERIALS,J01M A Fluoroquinolones,J01M A12 Levofloxacin,17413,LEVOFLOXACINUM,Oral Solid Ordinary," tabs coated w/film 500 mg blister, #10",500.0,mg,10.0,Oral solid,No sampled peer,No sampled peer,0.0,0.0,0.0,0.18,0.0
825572,N NERVOUS SYSTEM,N02 ANALGESICS,N02B OTHER ANALGESICS AND ANTIPYRETICS,N02B F Gabapentinoids,N02B F02 Pregabalin,49971,PREGABALINUM,Oral Solid Ordinary," caps. solid 150 mg blister, #28",150.0,mg,28.0,Oral solid,ATC3,N02B OTHER ANALGESICS AND ANTIPYRETICS,0.0,0.0,0.0,0.74,3737.6900000000005
657051,S SENSORY ORGANS,S01 OPHTALMOLOGICALS,S01A ANTIINFECTIVES,S01A E Fluoroquinolones,S01A E05 Levofloxacin,5609,LEVOFLOXACINUM,Ophthalmic," eye drops, solution 5 mg/ml drop fl. 5 ml, #1",5.0,mg,1.0,Ophthalmic,ATC3,S01A ANTIINFECTIVES,0.0,0.0,0.0,0.81,5279.97
46926,G GENITO URINARY SYSTEM AND SEX HORMONES,G04 UROLOGICALS,G04B UROLOGICALS,G04B E Drugs used in erectile dysfunction,G04B E03 Sildenafilum,43005,SILDENAFILUM,Oral Solid Ordinary," tabs coated w/film 100 mg, #4",100.0,mg,4.0,Oral solid,No sampled peer,No sampled peer,0.0,0.0,0.0,0.89,12366.66
808836,N NERVOUS SYSTEM,N06 PSYCHOANALEPTICS,"N06B PSYCHOSTIMULANTS, AGENTS USED FOR ADHD AND NOOTROPICS",N06B X Other psychostimulants and nootropics,N06B X06 Citicoline,23873,CITICOLINUM,Oral Solid Ordinary," tabs coated w/film 500 mg blister, #30",500.0,mg,30.0,Oral solid,No sampled peer,No sampled peer,0.0,0.0,0.0,1.58,5919.52
819886,M MUSCULO-SCELETAL SYSTEM,M01 ANTIINFLAMMATORY AND ANTIRHEUMATIC PRODUCTS,"M01A ANTIINFLAMMATORY AND ANTIRHEUMATIC PRODUCTS, NON-STEROIDS",M01A E Propionic acid derivatives,M01A E01 Ibuprofen,47415,IBUPROFENUM,Oral Solid Ordinary," tabs coated w/film 600 mg blister, #20",600.0,mg,20.0,Oral solid,ATC3,"M01A ANTIINFLAMMATORY AND ANTIRHEUMATIC PRODUCTS, NON-STEROIDS",0.0,0.0,0.0,2.66,156.73000000000002
825568,N NERVOUS SYSTEM,N02 ANALGESICS,N02B OTHER ANALGESICS AND ANTIPYRETICS,N02B F Gabapentinoids,N02B F02 Pregabalin,49971,PREGABALINUM,Oral Solid Ordinary," caps. solid 75 mg blister, #28",75.0,mg,28.0,Oral solid,ATC3,N02B OTHER ANALGESICS AND ANTIPYRETICS,0.0,0.0,0.0,3.7,6984.360000000001
437248,J GENERAL ANTIINFECTIVES FOR SYSTEMIC USE,J01 ANTIBACTERIALS FOR SYSTEMIC USE,J01M QUINOLONE ANTIBACTERIALS,J01M A Fluoroquinolones,J01M A12 Levofloxacin,7731,LEVOFLOXACINUM,Oral Solid Ordinary," tabs coated w/film 250 mg blister, #10",250.0,mg,10.0,Oral solid,No sampled peer,No sampled peer,0.0,0.0,0.0,5.25,545.3499999999999
884852,M MUSCULO-SCELETAL SYSTEM,M02 TOPICAL PRODUCTS FOR JOINT AND MUSCULAR PAIN,M02A TOPICAL PRODUCTS FOR JOINT AND MUSCULAR PAIN,"M02A A Antiinflammatory preparations, non-steroids for topical use",M02A A15 Diclofenac,34028,DICLOFENACUM,"Topical Dermatological, Haemorrhoidal, External"," gel 50 mg/g tube 40 g, in a pack, #1",50.0,mg,1.0,Topical,ATC4,"M02A A Antiinflammatory preparations, non-steroids for topical use",0.0,0.0,0.0,14.36,5327.62
-603848,M MUSCULO-SCELETAL SYSTEM,M01 ANTIINFLAMMATORY AND ANTIRHEUMATIC PRODUCTS,"M01A ANTIINFLAMMATORY AND ANTIRHEUMATIC PRODUCTS, NON-STEROIDS",M01A C Oxicams,M01A C06 Meloxicam,16834,MELOXICAMUM,Parenteral Ordinary," sol.  for inj. 10 mg/ml flask 1,5 ml, #5",10.0,mg,5.0,Parenteral,ATC3,"M01A ANTIINFLAMMATORY AND ANTIRHEUMATIC PRODUCTS, NON-STEROIDS",0.0,0.0,0.0,1292.66,96753.87999999999
735182,M MUSCULO-SCELETAL SYSTEM,M01 ANTIINFLAMMATORY AND ANTIRHEUMATIC PRODUCTS,"M01A ANTIINFLAMMATORY AND ANTIRHEUMATIC PRODUCTS, NON-STEROIDS",M01A C Oxicams,M01A C06 Meloxicam,30833,MELOXICAMUM,Parenteral Ordinary," sol.  for inj. 10 mg/ml amp. 1,5 ml, #5",10.0,mg,5.0,Parenteral,ATC3,"M01A ANTIINFLAMMATORY AND ANTIRHEUMATIC PRODUCTS, NON-STEROIDS",0.0,0.0,0.0,0.0,5299.49
860718,N NERVOUS SYSTEM,N02 ANALGESICS,N02B OTHER ANALGESICS AND ANTIPYRETICS,N02B E Anilides,N02B E01 Paracetamol,40002,PARACETAMOLUM,Parenteral Ordinary," sol. f/infus. 10 mg/ml flask 100 ml, #1",10.0,mg,1.0,Parenteral,ATC3,N02B OTHER ANALGESICS AND ANTIPYRETICS,0.0,0.0,0.0,0.0,19589.649999999998
803041,A ALIMENTARY TRACT AND METABOLISM,A02 DRUGS FOR ACID RELATED DISORDERS,A02B DRUGS FOR TREATMENT OF PEPTIC ULCER AND GASTRO-OESOPHAGEAL REFLUX DISEASE,A02B C Proton pump inhibitors,A02B C02 Pantoprazole,44736,PANTOPRAZOLUM,Parenteral Ordinary," liophylizate f/solution f/inj. 40 mg flask, #1",40.0,mg,1.0,Parenteral,No sampled peer,No sampled peer,0.0,0.0,0.0,0.0,90971.28000000001
746868,M MUSCULO-SCELETAL SYSTEM,M02 TOPICAL PRODUCTS FOR JOINT AND MUSCULAR PAIN,M02A TOPICAL PRODUCTS FOR JOINT AND MUSCULAR PAIN,"M02A A Antiinflammatory preparations, non-steroids for topical use",M02A A15 Diclofenac,34028,DICLOFENACUM,"Topical Dermatological, Haemorrhoidal, External"," gel 2 % tube 50 g, #1",50.0,g,1.0,Topical,ATC4,"M02A A Antiinflammatory preparations, non-steroids for topical use",0.0,0.0,0.0,0.0,11017.199999999999
761814,N NERVOUS SYSTEM,N02 ANALGESICS,N02B OTHER ANALGESICS AND ANTIPYRETICS,N02B E Anilides,N02B E01 Paracetamol,24698,PARACETAMOLUM,Parenteral Ordinary," sol. f/infus. 10 mg/ml flask 100 ml, #1",10.0,mg,1.0,Parenteral,ATC3,N02B OTHER ANALGESICS AND ANTIPYRETICS,0.0,0.0,0.0,0.0,30018.969999999998
86065,N NERVOUS SYSTEM,N06 PSYCHOANALEPTICS,"N06B PSYCHOSTIMULANTS, AGENTS USED FOR ADHD AND NOOTROPICS",N06B X Other psychostimulants and nootropics,N06B X06 Citicoline,13751,CITICOLINUM,Parenteral Ordinary," sol.  for inj. 500 mg amp. 4 ml, #10",500.0,mg,10.0,Parenteral,No sampled peer,No sampled peer,0.0,0.0,0.0,0.0,5.930000000000001
726169,R RESPIRATORY SYSTEM,R05 COUGH AND COLD PREPARATIONS,"R05C EXPECTORANTS, EXCL. COMBINATIONS WITH COUGH SUPRESSANTS",R05C B Mucolytics,R05C B01 Acetylcysteine,12816,ACETYLCYSTEINUM,Oral Liquid Ordinary," powder f/oral solution 600 mg sachet 3 g, #20",600.0,mg,20.0,Oral liquid,ATC4,R05C B Mucolytics,0.0,0.0,0.0,0.0,640.25
646026,N NERVOUS SYSTEM,N06 PSYCHOANALEPTICS,"N06B PSYCHOSTIMULANTS, AGENTS USED FOR ADHD AND NOOTROPICS",N06B X Other psychostimulants and nootropics,N06B X06 Citicoline,23575,CITICOLINUM,Parenteral Ordinary," sol.  for inj. 500 mg/4 ml amp. 4 ml, #10",500.0,mg,10.0,Parenteral,No sampled peer,No sampled peer,0.0,0.0,0.0,0.0,3852.6
646029,N NERVOUS SYSTEM,N06 PSYCHOANALEPTICS,"N06B PSYCHOSTIMULANTS, AGENTS USED FOR ADHD AND NOOTROPICS",N06B X Other psychostimulants and nootropics,N06B X06 Citicoline,23575,CITICOLINUM,Parenteral Ordinary," sol.  for inj. 1000 mg/4 ml amp. 4 ml, #10",1000.0,mg,10.0,Parenteral,No sampled peer,No sampled peer,0.0,0.0,0.0,0.0,11368.130000000001
822327,M MUSCULO-SCELETAL SYSTEM,M01 ANTIINFLAMMATORY AND ANTIRHEUMATIC PRODUCTS,"M01A ANTIINFLAMMATORY AND ANTIRHEUMATIC PRODUCTS, NON-STEROIDS",M01A C Oxicams,M01A C06 Meloxicam,38532,MELOXICAMUM,Parenteral Ordinary," sol.  for inj. 15 mg/1,5 ml amp. 1,5 ml, #5",15.0,mg,5.0,Parenteral,ATC3,"M01A ANTIINFLAMMATORY AND ANTIRHEUMATIC PRODUCTS, NON-STEROIDS",0.0,0.0,0.0,0.0,16818.49
857844,G GENITO URINARY SYSTEM AND SEX HORMONES,G04 UROLOGICALS,G04B UROLOGICALS,G04B E Drugs used in erectile dysfunction,G04B E03 Sildenafilum,25463,SILDENAFILUM,Oral Solid Ordinary," tabs coated w/film 100 mg blister, #1",100.0,mg,1.0,Oral solid,No sampled peer,No sampled peer,0.0,0.0,0.0,0.0,5129.77
772340,A ALIMENTARY TRACT AND METABOLISM,A10 DRUGS USED IN DIABETS,"A10B BLOOD GLUCOSE LOWERING DRUGS, EXCL. INSULINS",A10B A Biguanides,A10B A02 Metformin,39461,METFORMINUM,Oral Solid Ordinary," tabs coated w/film 850 mg blister, #30",850.0,mg,30.0,Oral solid,No sampled peer,No sampled peer,0.0,0.0,0.0,0.0,7120.199999999998
463494,J GENERAL ANTIINFECTIVES FOR SYSTEMIC USE,J01 ANTIBACTERIALS FOR SYSTEMIC USE,J01D OTHER BETA-LACTAM ANTIBACTERIALS,J01D D Third-generation cephalosporins,J01D D04 Ceftriaxone,21539,CEFTRIAXONUM,Parenteral Ordinary," powd.fr-dr., f/sol. f/in. 1 g flask, #10",1.0,g,10.0,Parenteral,No sampled peer,No sampled peer,0.0,0.0,0.0,0.0,118.61
861248,G GENITO URINARY SYSTEM AND SEX HORMONES,G04 UROLOGICALS,G04B UROLOGICALS,G04B E Drugs used in erectile dysfunction,G04B E03 Sildenafilum,2686,SILDENAFILUM,Oral Solid Ordinary," tabs 50 mg blister, #8",50.0,mg,8.0,Oral solid,No sampled peer,No sampled peer,0.0,0.0,0.0,0.0,1526.2600000000002
761702,N NERVOUS SYSTEM,N02 ANALGESICS,N02B OTHER ANALGESICS AND ANTIPYRETICS,N02B E Anilides,N02B E01 Paracetamol,31916,PARACETAMOLUM,Oral Solid Ordinary," caps. soft 500 mg blister, #10",500.0,mg,10.0,Oral solid,ATC3,N02B OTHER ANALGESICS AND ANTIPYRETICS,0.0,0.0,0.0,0.0,14853.89
795629,M MUSCULO-SCELETAL SYSTEM,M01 ANTIINFLAMMATORY AND ANTIRHEUMATIC PRODUCTS,"M01A ANTIINFLAMMATORY AND ANTIRHEUMATIC PRODUCTS, NON-STEROIDS",M01A E Propionic acid derivatives,M01A E01 Ibuprofen,39013,IBUPROFENUM,Oral Solid Ordinary," caps. 200 mg blister, #20",200.0,mg,20.0,Oral solid,ATC3,"M01A ANTIINFLAMMATORY AND ANTIRHEUMATIC PRODUCTS, NON-STEROIDS",0.0,0.0,0.0,0.0,100.39000000000001
857845,G GENITO URINARY SYSTEM AND SEX HORMONES,G04 UROLOGICALS,G04B UROLOGICALS,G04B E Drugs used in erectile dysfunction,G04B E03 Sildenafilum,25463,SILDENAFILUM,Oral Solid Ordinary," tabs coated w/film 50 mg blister, #1",50.0,mg,1.0,Oral solid,No sampled peer,No sampled peer,0.0,0.0,0.0,0.0,2620.0299999999997
117533,J GENERAL ANTIINFECTIVES FOR SYSTEMIC USE,J01 ANTIBACTERIALS FOR SYSTEMIC USE,"J01F MACROLIDES, LINCOSAMIDES AND STREPTOGRAMINS",J01F A Macrolides,J01F A10 Azithromycin,36539,AZITHROMYCINUM,Oral Solid Ordinary," tablets coated 250 mg flask, #30",250.0,mg,30.0,Oral solid,No sampled peer,No sampled peer,0.0,0.0,0.0,0.0,6.72
795632,M MUSCULO-SCELETAL SYSTEM,M01 ANTIINFLAMMATORY AND ANTIRHEUMATIC PRODUCTS,"M01A ANTIINFLAMMATORY AND ANTIRHEUMATIC PRODUCTS, NON-STEROIDS",M01A E Propionic acid derivatives,M01A E01 Ibuprofen,39013,IBUPROFENUM,Oral Solid Ordinary," caps. 400 mg blister, #20",400.0,mg,20.0,Oral solid,ATC3,"M01A ANTIINFLAMMATORY AND ANTIRHEUMATIC PRODUCTS, NON-STEROIDS",0.0,0.0,0.0,0.0,854.69
899143,M MUSCULO-SCELETAL SYSTEM,M02 TOPICAL PRODUCTS FOR JOINT AND MUSCULAR PAIN,M02A TOPICAL PRODUCTS FOR JOINT AND MUSCULAR PAIN,"M02A A Antiinflammatory preparations, non-steroids for topical use",M02A A15 Diclofenac,12144,DICLOFENACUM,"Topical Dermatological, Haemorrhoidal, External"," gel 50 mg/g tube 100 g, #1",50.0,mg,1.0,Topical,ATC4,"M02A A Antiinflammatory preparations, non-steroids for topical use",0.0,0.0,0.0,0.0,9755.59
899144,M MUSCULO-SCELETAL SYSTEM,M02 TOPICAL PRODUCTS FOR JOINT AND MUSCULAR PAIN,M02A TOPICAL PRODUCTS FOR JOINT AND MUSCULAR PAIN,"M02A A Antiinflammatory preparations, non-steroids for topical use",M02A A15 Diclofenac,12144,DICLOFENACUM,"Topical Dermatological, Haemorrhoidal, External"," gel 50 mg/g tube 40 g, #1",50.0,mg,1.0,Topical,ATC4,"M02A A Antiinflammatory preparations, non-steroids for topical use",0.0,0.0,0.0,0.0,6808.099999999999
861249,G GENITO URINARY SYSTEM AND SEX HORMONES,G04 UROLOGICALS,G04B UROLOGICALS,G04B E Drugs used in erectile dysfunction,G04B E03 Sildenafilum,2686,SILDENAFILUM,Oral Solid Ordinary," tabs 100 mg blister, #8",100.0,mg,8.0,Oral solid,No sampled peer,No sampled peer,0.0,0.0,0.0,0.0,3877.92
769338,R RESPIRATORY SYSTEM,R05 COUGH AND COLD PREPARATIONS,"R05C EXPECTORANTS, EXCL. COMBINATIONS WITH COUGH SUPRESSANTS",R05C B Mucolytics,R05C B01 Acetylcysteine,34151,ACETYLCYSTEINUM,Oral Solid Ordinary," tab. sparkling 600 mg tube, #10",600.0,mg,10.0,Oral solid,ATC4,R05C B Mucolytics,0.0,0.0,0.0,0.0,32905.45
-188586,M MUSCULO-SCELETAL SYSTEM,M01 ANTIINFLAMMATORY AND ANTIRHEUMATIC PRODUCTS,"M01A ANTIINFLAMMATORY AND ANTIRHEUMATIC PRODUCTS, NON-STEROIDS",M01A B Acetic acid derivatives and related substances,M01A B05 Diclofenac,34028,DICLOFENACUM,Oral Solid Ordinary," tabs coat.intest.-soluble 50 mg blister, #100",50.0,mg,100.0,Oral solid,ATC3,"M01A ANTIINFLAMMATORY AND ANTIRHEUMATIC PRODUCTS, NON-STEROIDS",0.0,0.0,0.0,0.0,27595.359999999997
-415093,M MUSCULO-SCELETAL SYSTEM,M01 ANTIINFLAMMATORY AND ANTIRHEUMATIC PRODUCTS,"M01A ANTIINFLAMMATORY AND ANTIRHEUMATIC PRODUCTS, NON-STEROIDS",M01A C Oxicams,M01A C06 Meloxicam,45359,MELOXICAMUM,Parenteral Ordinary," sol.  for inj. 10 mg/ml amp. 1,5 ml, blister in a pack, #5",10.0,mg,5.0,Parenteral,ATC3,"M01A ANTIINFLAMMATORY AND ANTIRHEUMATIC PRODUCTS, NON-STEROIDS",0.0,0.0,0.0,0.0,51513.31999999999
-112596,R RESPIRATORY SYSTEM,R05 COUGH AND COLD PREPARATIONS,"R05C EXPECTORANTS, EXCL. COMBINATIONS WITH COUGH SUPRESSANTS",R05C B Mucolytics,R05C B06 Ambroxol,21463,AMBROXOLUM,Oral Solid Ordinary," tabs 30 mg blister, #20",30.0,mg,20.0,Oral solid,ATC4,R05C B Mucolytics,0.0,0.0,0.0,0.0,93665.29999999999
897779,N NERVOUS SYSTEM,N06 PSYCHOANALEPTICS,"N06B PSYCHOSTIMULANTS, AGENTS USED FOR ADHD AND NOOTROPICS",N06B X Other psychostimulants and nootropics,N06B X06 Citicoline,14692,CITICOLINUM,Oral Liquid Ordinary," oral solution 100 mg/ml flask 30 ml, with a dosing syringe, #1",100.0,mg,1.0,Oral liquid,No sampled peer,No sampled peer,0.0,0.0,0.0,0.0,3592.2999999999997
-630086,J GENERAL ANTIINFECTIVES FOR SYSTEMIC USE,J02 ANTIMYCOTICS FOR SYSTEMIC USE,J02A ANTIMYCOTICS FOR SYSTEMIC USE,J02A C Triazole and tetrazole derivatives,J02A C01 Fluconazole,34654,FLUCONAZOLUM,Oral Solid Ordinary," tabs 200 mg blister, #4",200.0,mg,4.0,Oral solid,No sampled peer,No sampled peer,0.0,0.0,0.0,0.0,11541.3
-630082,J GENERAL ANTIINFECTIVES FOR SYSTEMIC USE,J02 ANTIMYCOTICS FOR SYSTEMIC USE,J02A ANTIMYCOTICS FOR SYSTEMIC USE,J02A C Triazole and tetrazole derivatives,J02A C01 Fluconazole,34654,FLUCONAZOLUM,Oral Solid Ordinary," tabs 150 mg blister, #3",150.0,mg,3.0,Oral solid,No sampled peer,No sampled peer,0.0,0.0,0.0,0.0,33960.5
743177,C CARDIOVASCULAR SYSTEM,C10 LIPID MODIFYING AGENTS,"C10A LIPID MODIFYING AGENTS, PLAIN",C10A A HMG CoA reductase inhibitors,C10A A07 Rosuvastatin,33901,ROSUVASTATINUM,Oral Solid Ordinary," tabs coated w/film 20 mg blister, #30",20.0,mg,30.0,Oral solid,ATC4,C10A A HMG CoA reductase inhibitors,0.0,0.0,0.0,0.0,21949.039999999997
-504761,J GENERAL ANTIINFECTIVES FOR SYSTEMIC USE,J01 ANTIBACTERIALS FOR SYSTEMIC USE,"J01F MACROLIDES, LINCOSAMIDES AND STREPTOGRAMINS",J01F A Macrolides,J01F A10 Azithromycin,477,AZITHROMYCINUM,Oral Solid Ordinary," tablets coated 500 mg blister, #3",500.0,mg,3.0,Oral solid,No sampled peer,No sampled peer,0.0,0.0,0.0,0.0,218960.56
-596495,M MUSCULO-SCELETAL SYSTEM,M01 ANTIINFLAMMATORY AND ANTIRHEUMATIC PRODUCTS,"M01A ANTIINFLAMMATORY AND ANTIRHEUMATIC PRODUCTS, NON-STEROIDS",M01A E Propionic acid derivatives,M01A E01 Ibuprofen,13291,IBUPROFENUM,Oral Solid Ordinary," caps. soft 400 mg blister, #20",400.0,mg,20.0,Oral solid,ATC3,"M01A ANTIINFLAMMATORY AND ANTIRHEUMATIC PRODUCTS, NON-STEROIDS",0.0,0.0,0.0,0.0,83468.13
-87308,M MUSCULO-SCELETAL SYSTEM,M01 ANTIINFLAMMATORY AND ANTIRHEUMATIC PRODUCTS,"M01A ANTIINFLAMMATORY AND ANTIRHEUMATIC PRODUCTS, NON-STEROIDS",M01A B Acetic acid derivatives and related substances,M01A B05 Diclofenac,34428,DICLOFENACUM,Oral Solid Ordinary," tabs coat.intest.-soluble 25 mg blister, #30",25.0,mg,30.0,Oral solid,ATC3,"M01A ANTIINFLAMMATORY AND ANTIRHEUMATIC PRODUCTS, NON-STEROIDS",0.0,0.0,0.0,0.0,121185.87999999999
338987,J GENERAL ANTIINFECTIVES FOR SYSTEMIC USE,J01 ANTIBACTERIALS FOR SYSTEMIC USE,J01M QUINOLONE ANTIBACTERIALS,J01M A Fluoroquinolones,J01M A12 Levofloxacin,17413,LEVOFLOXACINUM,Oral Solid Ordinary," tablets coated 250 mg blister, #7",250.0,mg,7.0,Oral solid,No sampled peer,No sampled peer,0.0,0.0,0.0,0.0,0.61
660619,N NERVOUS SYSTEM,N02 ANALGESICS,N02B OTHER ANALGESICS AND ANTIPYRETICS,N02B F Gabapentinoids,N02B F02 Pregabalin,27378,PREGABALINUM,Oral Solid Ordinary," caps. 300 mg blister in pack, #30",300.0,mg,30.0,Oral solid,ATC3,N02B OTHER ANALGESICS AND ANTIPYRETICS,0.0,0.0,0.0,0.0,973.57
874559,N NERVOUS SYSTEM,N02 ANALGESICS,N02B OTHER ANALGESICS AND ANTIPYRETICS,N02B F Gabapentinoids,N02B F02 Pregabalin,49971,PREGABALINUM,Oral Liquid Ordinary," oral solution 20 mg/ml bottle with adapter 200 ml, with a dosing syringe, #1",20.0,mg,1.0,Oral liquid,ATC3,N02B OTHER ANALGESICS AND ANTIPYRETICS,0.0,0.0,0.0,0.0,3274.3599999999997
778738,J GENERAL ANTIINFECTIVES FOR SYSTEMIC USE,J01 ANTIBACTERIALS FOR SYSTEMIC USE,"J01F MACROLIDES, LINCOSAMIDES AND STREPTOGRAMINS",J01F A Macrolides,J01F A10 Azithromycin,477,AZITHROMYCINUM,Parenteral Ordinary," powder for infusion solution 500 mg flask, #1",500.0,mg,1.0,Parenteral,No sampled peer,No sampled peer,0.0,0.0,0.0,0.0,13.92
352945,G GENITO URINARY SYSTEM AND SEX HORMONES,G04 UROLOGICALS,G04B UROLOGICALS,G04B E Drugs used in erectile dysfunction,G04B E03 Sildenafilum,3670,SILDENAFILUM,Oral Solid Ordinary," chewable tabs 50 mg blister, #1",50.0,mg,1.0,Oral solid,No sampled peer,No sampled peer,0.0,0.0,0.0,0.0,156.28
352947,G GENITO URINARY SYSTEM AND SEX HORMONES,G04 UROLOGICALS,G04B UROLOGICALS,G04B E Drugs used in erectile dysfunction,G04B E03 Sildenafilum,3670,SILDENAFILUM,Oral Solid Ordinary," chewable tabs 100 mg blister, #1",100.0,mg,1.0,Oral solid,No sampled peer,No sampled peer,0.0,0.0,0.0,0.0,171.07
352948,G GENITO URINARY SYSTEM AND SEX HORMONES,G04 UROLOGICALS,G04B UROLOGICALS,G04B E Drugs used in erectile dysfunction,G04B E03 Sildenafilum,3670,SILDENAFILUM,Oral Solid Ordinary," chewable tabs 100 mg blister, #4",100.0,mg,4.0,Oral solid,No sampled peer,No sampled peer,0.0,0.0,0.0,0.0,391.44000000000005
352946,G GENITO URINARY SYSTEM AND SEX HORMONES,G04 UROLOGICALS,G04B UROLOGICALS,G04B E Drugs used in erectile dysfunction,G04B E03 Sildenafilum,3670,SILDENAFILUM,Oral Solid Ordinary," chewable tabs 50 mg blister, #4",50.0,mg,4.0,Oral solid,No sampled peer,No sampled peer,0.0,0.0,0.0,0.0,470.5
743173,C CARDIOVASCULAR SYSTEM,C10 LIPID MODIFYING AGENTS,"C10A LIPID MODIFYING AGENTS, PLAIN",C10A A HMG CoA reductase inhibitors,C10A A07 Rosuvastatin,33901,ROSUVASTATINUM,Oral Solid Ordinary," tabs coated w/film 5 mg blister, #30",5.0,mg,30.0,Oral solid,ATC4,C10A A HMG CoA reductase inhibitors,0.0,0.0,0.0,0.0,2842.17
874864,J GENERAL ANTIINFECTIVES FOR SYSTEMIC USE,J01 ANTIBACTERIALS FOR SYSTEMIC USE,J01M QUINOLONE ANTIBACTERIALS,J01M A Fluoroquinolones,J01M A12 Levofloxacin,29794,LEVOFLOXACINUM,Parenteral Ordinary," sol. f/infus. 500 mg/100 ml PVC cont. 100 ml, package p/e, carton pack.",500.0,mg,,Parenteral,No sampled peer,No sampled peer,0.0,0.0,0.0,0.0,2405.0299999999997
743175,C CARDIOVASCULAR SYSTEM,C10 LIPID MODIFYING AGENTS,"C10A LIPID MODIFYING AGENTS, PLAIN",C10A A HMG CoA reductase inhibitors,C10A A07 Rosuvastatin,33901,ROSUVASTATINUM,Oral Solid Ordinary," tabs coated w/film 10 mg blister, #30",10.0,mg,30.0,Oral solid,ATC4,C10A A HMG CoA reductase inhibitors,0.0,0.0,0.0,0.0,14820.41
892911,A ALIMENTARY TRACT AND METABOLISM,A10 DRUGS USED IN DIABETS,"A10B BLOOD GLUCOSE LOWERING DRUGS, EXCL. INSULINS",A10B A Biguanides,A10B A02 Metformin,39461,METFORMINUM,Oral Solid Ordinary," tabs coated w/film 1000 mg blister, #90",1000.0,mg,90.0,Oral solid,No sampled peer,No sampled peer,0.0,0.0,0.0,0.0,24705.61
872341,J GENERAL ANTIINFECTIVES FOR SYSTEMIC USE,J01 ANTIBACTERIALS FOR SYSTEMIC USE,J01D OTHER BETA-LACTAM ANTIBACTERIALS,J01D D Third-generation cephalosporins,J01D D04 Ceftriaxone,21539,CEFTRIAXONUM,Parenteral Ordinary," powd.fr-dr., f/sol. f/in. 1 g flask, #1",1.0,g,1.0,Parenteral,No sampled peer,No sampled peer,0.0,0.0,0.0,0.0,129.29
754566,M MUSCULO-SCELETAL SYSTEM,M01 ANTIINFLAMMATORY AND ANTIRHEUMATIC PRODUCTS,"M01A ANTIINFLAMMATORY AND ANTIRHEUMATIC PRODUCTS, NON-STEROIDS",M01A E Propionic acid derivatives,M01A E01 Ibuprofen,39013,IBUPROFENUM,Non-Human Use and Others," tabs coated w/film 200 mg blister, #50",200.0,mg,50.0,Other,ATC3,"M01A ANTIINFLAMMATORY AND ANTIRHEUMATIC PRODUCTS, NON-STEROIDS",0.0,0.0,0.0,0.0,79.42
876866,N NERVOUS SYSTEM,N02 ANALGESICS,N02B OTHER ANALGESICS AND ANTIPYRETICS,N02B E Anilides,N02B E01 Paracetamol,24698,PARACETAMOLUM,Oral Solid Ordinary," tablets coated 500 mg blister, #10",500.0,mg,10.0,Oral solid,ATC3,N02B OTHER ANALGESICS AND ANTIPYRETICS,0.0,0.0,0.0,0.0,11668.18
-109796,R RESPIRATORY SYSTEM,R05 COUGH AND COLD PREPARATIONS,"R05C EXPECTORANTS, EXCL. COMBINATIONS WITH COUGH SUPRESSANTS",R05C B Mucolytics,R05C B06 Ambroxol,21463,AMBROXOLUM,Oral Liquid Ordinary," syrup 15 mg/5 ml jar, can 100 ml, with dosing cups",15.0,mg,,Oral liquid,ATC4,R05C B Mucolytics,0.0,0.0,0.0,0.0,17107.48
-825643,M MUSCULO-SCELETAL SYSTEM,M02 TOPICAL PRODUCTS FOR JOINT AND MUSCULAR PAIN,M02A TOPICAL PRODUCTS FOR JOINT AND MUSCULAR PAIN,"M02A A Antiinflammatory preparations, non-steroids for topical use",M02A A15 Diclofenac,34028,DICLOFENACUM,"Topical Dermatological, Haemorrhoidal, External"," gel 5 % laminated tube 50 g, in a pack",50.0,g,,Topical,ATC4,"M02A A Antiinflammatory preparations, non-steroids for topical use",0.0,0.0,0.0,0.0,50162.36
-876866,N NERVOUS SYSTEM,N02 ANALGESICS,N02B OTHER ANALGESICS AND ANTIPYRETICS,N02B E Anilides,N02B E01 Paracetamol,24698,PARACETAMOLUM,Oral Solid Ordinary," tablets coated 500 mg blister, #10",500.0,mg,10.0,Oral solid,ATC3,N02B OTHER ANALGESICS AND ANTIPYRETICS,0.0,0.0,0.0,0.0,458526.14
-27533,N NERVOUS SYSTEM,N02 ANALGESICS,N02B OTHER ANALGESICS AND ANTIPYRETICS,N02B A Salicylic acid and derivatives,N02B A01 Acetylsalicylic acid,19943,ACIDUM ACETYLSALICYLICUM*,Oral Solid Ordinary," tabs 500 mg blister, #10",500.0,mg,10.0,Oral solid,ATC3,N02B OTHER ANALGESICS AND ANTIPYRETICS,0.0,0.0,0.0,0.0,124395.88
338988,J GENERAL ANTIINFECTIVES FOR SYSTEMIC USE,J01 ANTIBACTERIALS FOR SYSTEMIC USE,J01M QUINOLONE ANTIBACTERIALS,J01M A Fluoroquinolones,J01M A12 Levofloxacin,17413,LEVOFLOXACINUM,Oral Solid Ordinary," tablets coated 250 mg blister, #14",250.0,mg,14.0,Oral solid,No sampled peer,No sampled peer,0.0,0.0,0.0,0.0,0.85
876235,M MUSCULO-SCELETAL SYSTEM,M01 ANTIINFLAMMATORY AND ANTIRHEUMATIC PRODUCTS,"M01A ANTIINFLAMMATORY AND ANTIRHEUMATIC PRODUCTS, NON-STEROIDS",M01A E Propionic acid derivatives,M01A E01 Ibuprofen,16593,IBUPROFENUM,Oral Solid Ordinary," tablets coated 200 mg blister, #14",200.0,mg,14.0,Oral solid,ATC3,"M01A ANTIINFLAMMATORY AND ANTIRHEUMATIC PRODUCTS, NON-STEROIDS",0.0,0.0,0.0,0.0,2364.75
876230,M MUSCULO-SCELETAL SYSTEM,M01 ANTIINFLAMMATORY AND ANTIRHEUMATIC PRODUCTS,"M01A ANTIINFLAMMATORY AND ANTIRHEUMATIC PRODUCTS, NON-STEROIDS",M01A E Propionic acid derivatives,M01A E01 Ibuprofen,16593,IBUPROFENUM,Oral Solid Ordinary," tablets coated 200 mg blister, #7",200.0,mg,7.0,Oral solid,ATC3,"M01A ANTIINFLAMMATORY AND ANTIRHEUMATIC PRODUCTS, NON-STEROIDS",0.0,0.0,0.0,0.0,12889.64
872311,N NERVOUS SYSTEM,N02 ANALGESICS,N02B OTHER ANALGESICS AND ANTIPYRETICS,N02B E Anilides,N02B E01 Paracetamol,24698,PARACETAMOLUM,Parenteral Ordinary," sol. f/infus. 10 mg/ml flask 100 ml, #1",10.0,mg,1.0,Parenteral,ATC3,N02B OTHER ANALGESICS AND ANTIPYRETICS,0.0,0.0,0.0,0.0,286.94
867660,M MUSCULO-SCELETAL SYSTEM,M02 TOPICAL PRODUCTS FOR JOINT AND MUSCULAR PAIN,M02A TOPICAL PRODUCTS FOR JOINT AND MUSCULAR PAIN,"M02A A Antiinflammatory preparations, non-steroids for topical use",M02A A15 Diclofenac,15823,DICLOFENACUM,"Topical Dermatological, Haemorrhoidal, External"," gel. emuls. f/exterern applic 2,32 % tube 50 g, #1",50.0,g,1.0,Topical,ATC4,"M02A A Antiinflammatory preparations, non-steroids for topical use",0.0,0.0,0.0,0.0,9152.32
822325,M MUSCULO-SCELETAL SYSTEM,M02 TOPICAL PRODUCTS FOR JOINT AND MUSCULAR PAIN,M02A TOPICAL PRODUCTS FOR JOINT AND MUSCULAR PAIN,"M02A A Antiinflammatory preparations, non-steroids for topical use",M02A A15 Diclofenac,32177,DICLOFENACUM,"Topical Dermatological, Haemorrhoidal, External"," gel 2 % tube 100 g, #1",100.0,g,1.0,Topical,ATC4,"M02A A Antiinflammatory preparations, non-steroids for topical use",0.0,0.0,0.0,0.0,9933.57
879391,J GENERAL ANTIINFECTIVES FOR SYSTEMIC USE,J01 ANTIBACTERIALS FOR SYSTEMIC USE,J01M QUINOLONE ANTIBACTERIALS,J01M A Fluoroquinolones,J01M A12 Levofloxacin,17413,LEVOFLOXACINUM,Oral Solid Ordinary," tabs coated w/film 500 mg blister, in a pack, #10",500.0,mg,10.0,Oral solid,No sampled peer,No sampled peer,0.0,0.0,0.0,0.0,401.12000000000006
822324,M MUSCULO-SCELETAL SYSTEM,M02 TOPICAL PRODUCTS FOR JOINT AND MUSCULAR PAIN,M02A TOPICAL PRODUCTS FOR JOINT AND MUSCULAR PAIN,"M02A A Antiinflammatory preparations, non-steroids for topical use",M02A A15 Diclofenac,32177,DICLOFENACUM,"Topical Dermatological, Haemorrhoidal, External"," gel 2 % tube 50 g, #1",50.0,g,1.0,Topical,ATC4,"M02A A Antiinflammatory preparations, non-steroids for topical use",0.0,0.0,0.0,0.0,14225.91
876237,M MUSCULO-SCELETAL SYSTEM,M01 ANTIINFLAMMATORY AND ANTIRHEUMATIC PRODUCTS,"M01A ANTIINFLAMMATORY AND ANTIRHEUMATIC PRODUCTS, NON-STEROIDS",M01A E Propionic acid derivatives,M01A E01 Ibuprofen,16593,IBUPROFENUM,Oral Solid Ordinary," tablets coated 400 mg blister, #14",400.0,mg,14.0,Oral solid,ATC3,"M01A ANTIINFLAMMATORY AND ANTIRHEUMATIC PRODUCTS, NON-STEROIDS",0.0,0.0,0.0,0.0,6473.83
876236,M MUSCULO-SCELETAL SYSTEM,M01 ANTIINFLAMMATORY AND ANTIRHEUMATIC PRODUCTS,"M01A ANTIINFLAMMATORY AND ANTIRHEUMATIC PRODUCTS, NON-STEROIDS",M01A E Propionic acid derivatives,M01A E01 Ibuprofen,16593,IBUPROFENUM,Oral Solid Ordinary," tablets coated 400 mg blister, #7",400.0,mg,7.0,Oral solid,ATC3,"M01A ANTIINFLAMMATORY AND ANTIRHEUMATIC PRODUCTS, NON-STEROIDS",0.0,0.0,0.0,0.0,31465.120000000003
909843,M MUSCULO-SCELETAL SYSTEM,M01 ANTIINFLAMMATORY AND ANTIRHEUMATIC PRODUCTS,"M01A ANTIINFLAMMATORY AND ANTIRHEUMATIC PRODUCTS, NON-STEROIDS",M01A E Propionic acid derivatives,M01A E01 Ibuprofen,13291,IBUPROFENUM,Oral Solid Ordinary," caps. soft 200 mg blister, in box, #20",200.0,mg,20.0,Oral solid,ATC3,"M01A ANTIINFLAMMATORY AND ANTIRHEUMATIC PRODUCTS, NON-STEROIDS",0.0,0.0,0.0,0.0,14854.32
-825642,M MUSCULO-SCELETAL SYSTEM,M02 TOPICAL PRODUCTS FOR JOINT AND MUSCULAR PAIN,M02A TOPICAL PRODUCTS FOR JOINT AND MUSCULAR PAIN,"M02A A Antiinflammatory preparations, non-steroids for topical use",M02A A15 Diclofenac,34028,DICLOFENACUM,"Topical Dermatological, Haemorrhoidal, External", gel 5 % laminated tube 50 g,50.0,g,,Topical,ATC4,"M02A A Antiinflammatory preparations, non-steroids for topical use",0.0,0.0,0.0,0.0,53039.71
909840,M MUSCULO-SCELETAL SYSTEM,M01 ANTIINFLAMMATORY AND ANTIRHEUMATIC PRODUCTS,"M01A ANTIINFLAMMATORY AND ANTIRHEUMATIC PRODUCTS, NON-STEROIDS",M01A E Propionic acid derivatives,M01A E01 Ibuprofen,13291,IBUPROFENUM,Oral Solid Ordinary," caps. soft 400 mg blister, in box, #20",400.0,mg,20.0,Oral solid,ATC3,"M01A ANTIINFLAMMATORY AND ANTIRHEUMATIC PRODUCTS, NON-STEROIDS",0.0,0.0,0.0,0.0,128240.4
899714,J GENERAL ANTIINFECTIVES FOR SYSTEMIC USE,J01 ANTIBACTERIALS FOR SYSTEMIC USE,J01D OTHER BETA-LACTAM ANTIBACTERIALS,J01D D Third-generation cephalosporins,J01D D04 Ceftriaxone,21539,CEFTRIAXONUM,Parenteral Ordinary," powd.fr-dr., f/sol. f/in. 1 g flask, #20",1.0,g,20.0,Parenteral,No sampled peer,No sampled peer,0.0,0.0,0.0,0.0,144.07999999999998
867659,M MUSCULO-SCELETAL SYSTEM,M02 TOPICAL PRODUCTS FOR JOINT AND MUSCULAR PAIN,M02A TOPICAL PRODUCTS FOR JOINT AND MUSCULAR PAIN,"M02A A Antiinflammatory preparations, non-steroids for topical use",M02A A15 Diclofenac,15823,DICLOFENACUM,"Topical Dermatological, Haemorrhoidal, External"," gel. emuls. f/exterern applic 1,16 % tube 50 g, #1",50.0,g,1.0,Topical,ATC4,"M02A A Antiinflammatory preparations, non-steroids for topical use",0.0,0.0,0.0,0.0,2076.2400000000002
-187578,R RESPIRATORY SYSTEM,R05 COUGH AND COLD PREPARATIONS,"R05C EXPECTORANTS, EXCL. COMBINATIONS WITH COUGH SUPRESSANTS",R05C B Mucolytics,R05C B06 Ambroxol,21463,AMBROXOLUM,Oral Solid Ordinary," tabs 0,03 g blister, in a pack, #20",0.03,g,20.0,Oral solid,ATC4,R05C B Mucolytics,0.0,0.0,0.0,0.0,145.04000000000002
-702762,M MUSCULO-SCELETAL SYSTEM,M02 TOPICAL PRODUCTS FOR JOINT AND MUSCULAR PAIN,M02A TOPICAL PRODUCTS FOR JOINT AND MUSCULAR PAIN,"M02A A Antiinflammatory preparations, non-steroids for topical use",M02A A15 Diclofenac,34028,DICLOFENACUM,"Topical Dermatological, Haemorrhoidal, External"," gel 5 % tube aluminum 100 g, in a pack",100.0,g,,Topical,ATC4,"M02A A Antiinflammatory preparations, non-steroids for topical use",0.0,0.0,0.0,0.0,448.13
930464,M MUSCULO-SCELETAL SYSTEM,M01 ANTIINFLAMMATORY AND ANTIRHEUMATIC PRODUCTS,"M01A ANTIINFLAMMATORY AND ANTIRHEUMATIC PRODUCTS, NON-STEROIDS",M01A E Propionic acid derivatives,M01A E01 Ibuprofen,48993,IBUPROFENUM,Oral Solid Ordinary," caps. soft 400 mg blister, #36",400.0,mg,36.0,Oral solid,ATC3,"M01A ANTIINFLAMMATORY AND ANTIRHEUMATIC PRODUCTS, NON-STEROIDS",0.0,0.0,0.0,0.0,4092.5599999999995
643702,D DERMATOLOGICAL,D11 OTHER DERMATOLOGICAL PREPARATIONS,D11A OTHER DERMATOLOGICAL PREPARATIONS,D11A X Other dermatologicals,D11A X18 Diclofenac,41895,DICLOFENACUM,"Topical Dermatological, Haemorrhoidal, External"," gel 30 mg/g tube 25 g, #1",30.0,mg,1.0,Topical,No sampled peer,No sampled peer,0.0,0.0,0.0,0.0,362.25
-503227,J GENERAL ANTIINFECTIVES FOR SYSTEMIC USE,J01 ANTIBACTERIALS FOR SYSTEMIC USE,"J01F MACROLIDES, LINCOSAMIDES AND STREPTOGRAMINS",J01F A Macrolides,J01F A10 Azithromycin,477,AZITHROMYCINUM,Oral Solid Ordinary," tabs coated w/film 500 mg blister, #3",500.0,mg,3.0,Oral solid,No sampled peer,No sampled peer,0.0,0.0,0.0,0.0,65293.9
684452,N NERVOUS SYSTEM,N02 ANALGESICS,N02B OTHER ANALGESICS AND ANTIPYRETICS,N02B F Gabapentinoids,N02B F02 Pregabalin,49517,PREGABALINUM,Oral Solid Ordinary," caps. solid 150 mg blister, #20",150.0,mg,20.0,Oral solid,ATC3,N02B OTHER ANALGESICS AND ANTIPYRETICS,0.0,0.0,0.0,0.0,119.03
890771,C CARDIOVASCULAR SYSTEM,C08 CALCIUM CHANNEL BLOCKERS,C08C SELECTIVE CALCIUM CHANNEL BLOCKERS WITH MAINLY VASCULAR EFFECTS,C08C A Dihydropyridine derivatives,C08C A01 Amlodipine,15047,AMLODIPINUM,Oral Solid Ordinary," tabs 5 mg blister, #90",5.0,mg,90.0,Oral solid,No sampled peer,No sampled peer,0.0,0.0,0.0,0.0,116.76
871337,J GENERAL ANTIINFECTIVES FOR SYSTEMIC USE,J01 ANTIBACTERIALS FOR SYSTEMIC USE,J01M QUINOLONE ANTIBACTERIALS,J01M A Fluoroquinolones,J01M A12 Levofloxacin,47469,LEVOFLOXACINUM,Parenteral Ordinary," sol. f/infus. 5 mg/ml pack 100 ml, #10",5.0,mg,10.0,Parenteral,No sampled peer,No sampled peer,0.0,0.0,0.0,0.0,9.42
890770,C CARDIOVASCULAR SYSTEM,C08 CALCIUM CHANNEL BLOCKERS,C08C SELECTIVE CALCIUM CHANNEL BLOCKERS WITH MAINLY VASCULAR EFFECTS,C08C A Dihydropyridine derivatives,C08C A01 Amlodipine,15047,AMLODIPINUM,Oral Solid Ordinary," tabs 10 mg blister, #90",10.0,mg,90.0,Oral solid,No sampled peer,No sampled peer,0.0,0.0,0.0,0.0,102.88
-44761,M MUSCULO-SCELETAL SYSTEM,M01 ANTIINFLAMMATORY AND ANTIRHEUMATIC PRODUCTS,"M01A ANTIINFLAMMATORY AND ANTIRHEUMATIC PRODUCTS, NON-STEROIDS",M01A E Propionic acid derivatives,M01A E01 Ibuprofen,39013,IBUPROFENUM,Oral Solid Ordinary," tablets coated 200 mg blister, #50",200.0,mg,50.0,Oral solid,ATC3,"M01A ANTIINFLAMMATORY AND ANTIRHEUMATIC PRODUCTS, NON-STEROIDS",0.0,0.0,0.0,0.0,95.85
684450,N NERVOUS SYSTEM,N02 ANALGESICS,N02B OTHER ANALGESICS AND ANTIPYRETICS,N02B F Gabapentinoids,N02B F02 Pregabalin,49517,PREGABALINUM,Oral Solid Ordinary," caps. solid 75 mg blister, #20",75.0,mg,20.0,Oral solid,ATC3,N02B OTHER ANALGESICS AND ANTIPYRETICS,0.0,0.0,0.0,0.0,400.26
930497,A ALIMENTARY TRACT AND METABOLISM,A02 DRUGS FOR ACID RELATED DISORDERS,A02B DRUGS FOR TREATMENT OF PEPTIC ULCER AND GASTRO-OESOPHAGEAL REFLUX DISEASE,A02B C Proton pump inhibitors,A02B C02 Pantoprazole,7284,PANTOPRAZOLUM,Parenteral Ordinary," powd.fr-dr., f/sol. f/in. 40 mg flask, #5",40.0,mg,5.0,Parenteral,No sampled peer,No sampled peer,0.0,0.0,0.0,0.0,309.65999999999997
900730,N NERVOUS SYSTEM,N06 PSYCHOANALEPTICS,"N06B PSYCHOSTIMULANTS, AGENTS USED FOR ADHD AND NOOTROPICS",N06B X Other psychostimulants and nootropics,N06B X06 Citicoline,19853,CITICOLINUM,Oral Solid Ordinary," tabs coated w/film 500 mg blister, #30",500.0,mg,30.0,Oral solid,No sampled peer,No sampled peer,0.0,0.0,0.0,0.0,965.33
935956,N NERVOUS SYSTEM,N02 ANALGESICS,N02B OTHER ANALGESICS AND ANTIPYRETICS,N02B E Anilides,N02B E01 Paracetamol,30510,PARACETAMOLUM,Parenteral Ordinary, sol. f/infus. 10 mg/ml polymer.bot. 100 ml,10.0,mg,,Parenteral,ATC3,N02B OTHER ANALGESICS AND ANTIPYRETICS,0.0,0.0,0.0,0.0,3227.24
860659,M MUSCULO-SCELETAL SYSTEM,M01 ANTIINFLAMMATORY AND ANTIRHEUMATIC PRODUCTS,"M01A ANTIINFLAMMATORY AND ANTIRHEUMATIC PRODUCTS, NON-STEROIDS",M01A C Oxicams,M01A C06 Meloxicam,45359,MELOXICAMUM,Parenteral Ordinary," sol.  for inj. 15 mg/1,5 ml amp. 1,5 ml, in cassette, #5",15.0,mg,5.0,Parenteral,ATC3,"M01A ANTIINFLAMMATORY AND ANTIRHEUMATIC PRODUCTS, NON-STEROIDS",0.0,0.0,0.0,0.0,13.76
